arch,condition,seed,rho,wd,lesion,side,D50_rule,D50_exc,max_overreg,overreg_at_rule_intact,SI_q0.5,d_test_q0.5,d_exc_q0.5,SI_k64,d_test_k64,d_exc_k64,SI_k256,d_test_k256,d_exc_k256
kimi,kimi_add_rho0.02_wd0.1_tiersNone,1000,0.02,0.1,ebottom,in,0.6637274059595957,0.4531249999998157,0.3918918918918919,,0.587481770573384,0.04765336456175118,0.6351351351351352,,,,,,
kimi,kimi_add_rho0.02_wd0.1_tiersNone,1000,0.02,0.1,erand,in,0.41471468016555685,0.4797872340422705,0.08708708708708703,,0.20213407714533735,0.3549229799117197,0.5570570570570571,,,,,,
kimi,kimi_add_rho0.02_wd0.1_tiersNone,1000,0.02,0.1,etop,in,0.14832073887444466,0.6189189189188622,0.0225225225225225,,-0.29445768622419377,0.519682911449419,0.22522522522522526,,,,,,
kimi,kimi_add_rho0.02_wd0.1_tiersNone,1000,0.02,0.1,lowpass,in,53.9323630137622,40.955223880608685,0.0405405405405405,,,,,,,,,,
kimi,kimi_add_rho0.02_wd0.1_tiersNone,1000,0.02,0.1,neurons,units,,,0.0135135135135135,,,,,0.005224754526619191,-0.005224754526619191,0.0,0.01612507922750228,-0.011620574722997934,0.0045045045045043475
kimi,kimi_add_rho0.02_wd0.1_tiersNone,1000,0.02,0.1,randk,both,,,0.0045045045045045,,,,,,,,,,
kimi,kimi_add_rho0.02_wd0.1_tiersNone,1000,0.02,0.1,randk,in,,,0.0,,,,,,,,,,
kimi,kimi_add_rho0.02_wd0.1_tiersNone,1000,0.02,0.1,randk,out,,,0.0045045045045045,,,,,,,,,,
kimi,kimi_add_rho0.02_wd0.1_tiersNone,1000,0.02,0.1,randunits,units,,,0.0,,,,,-0.008767978860763267,0.008767978860763267,0.0,-0.04498093264871036,0.04498093264871036,0.0
kimi,kimi_add_rho0.02_wd0.1_tiersNone,1000,0.02,0.1,residual,both,,,0.0045045045045045,,,,,,,,,,
kimi,kimi_add_rho0.02_wd0.1_tiersNone,1000,0.02,0.1,residual,in,,,0.0,,,,,,,,,,
kimi,kimi_add_rho0.02_wd0.1_tiersNone,1000,0.02,0.1,residual,out,,,0.0045045045045045,,,,,,,,,,
kimi,kimi_add_rho0.02_wd0.1_tiersNone,1000,0.02,0.1,topk,both,0.6043251736681581,0.8744131455397764,0.0225225225225225,,,,,,,,,,
kimi,kimi_add_rho0.02_wd0.1_tiersNone,1000,0.02,0.1,topk,in,0.7698155323449765,0.8738317757008062,0.009009009009009,,,,,,,,,,
kimi,kimi_add_rho0.02_wd0.1_tiersNone,1000,0.02,0.1,topk,out,0.6421726755212227,0.9933628318579291,0.0045045045045045,,,,,,,,,,
kimi,kimi_add_rho0.02_wd0.1_tiersNone,1001,0.02,0.1,ebottom,in,0.7269536095260979,0.3597402597400875,0.7162162162162162,0.7162162162162162,0.8559491840277355,0.03594270786415643,0.8918918918918919,,,,,,
kimi,kimi_add_rho0.02_wd0.1_tiersNone,1001,0.02,0.1,erand,in,0.6334544611100797,0.5101010101009421,0.10510510510510507,0.0165165165165165,0.21071539966234124,0.2742695853226437,0.484984984984985,,,,,,
kimi,kimi_add_rho0.02_wd0.1_tiersNone,1001,0.02,0.1,etop,in,0.6092652620204738,0.7390243902437967,0.018018018018018,0.018018018018018,-0.23266916136927862,0.3723088010089183,0.13963963963963966,,,,,,
kimi,kimi_add_rho0.02_wd0.1_tiersNone,1001,0.02,0.1,lowpass,in,17.11995386392052,40.00000000001287,0.3783783783783784,0.1081081081081081,,,,,,,,,
kimi,kimi_add_rho0.02_wd0.1_tiersNone,1001,0.02,0.1,neurons,units,,,0.018018018018018,0.018018018018018,,,,0.00045040987298439195,-0.00045040987298439195,0.0,0.0003603278983873581,-0.0003603278983873581,0.0
kimi,kimi_add_rho0.02_wd0.1_tiersNone,1001,0.02,0.1,randk,both,,,0.0,0.0,,,,,,,,,
kimi,kimi_add_rho0.02_wd0.1_tiersNone,1001,0.02,0.1,randk,in,,,0.0,0.0,,,,,,,,,
kimi,kimi_add_rho0.02_wd0.1_tiersNone,1001,0.02,0.1,randk,out,,,0.0,0.0,,,,,,,,,
kimi,kimi_add_rho0.02_wd0.1_tiersNone,1001,0.02,0.1,randunits,units,,,0.0,0.0,,,,-0.00012010929946260074,0.00012010929946260074,0.0,-0.0002702459237908054,0.0002702459237908054,0.0
kimi,kimi_add_rho0.02_wd0.1_tiersNone,1001,0.02,0.1,residual,both,,,0.0,0.0,,,,,,,,,
kimi,kimi_add_rho0.02_wd0.1_tiersNone,1001,0.02,0.1,residual,in,,,0.0,0.0,,,,,,,,,
kimi,kimi_add_rho0.02_wd0.1_tiersNone,1001,0.02,0.1,residual,out,,,0.0,0.0,,,,,,,,,
kimi,kimi_add_rho0.02_wd0.1_tiersNone,1001,0.02,0.1,topk,both,0.8719782527532803,0.8803827751194787,0.0045045045045045,0.0045045045045045,,,,,,,,,
kimi,kimi_add_rho0.02_wd0.1_tiersNone,1001,0.02,0.1,topk,in,0.8770630505330171,0.8791469194311438,0.0135135135135135,0.0045045045045045,,,,,,,,,
kimi,kimi_add_rho0.02_wd0.1_tiersNone,1001,0.02,0.1,topk,out,0.8724969871139928,,0.0,0.0,,,,,,,,,
kimi,kimi_add_rho0.02_wd0.1_tiersNone,1002,0.02,0.1,ebottom,in,0.6378773584904338,0.30215053763440347,0.7702702702702703,0.7702702702702703,0.7887557406970076,0.1887217367804701,0.9774774774774777,,,,,,
kimi,kimi_add_rho0.02_wd0.1_tiersNone,1002,0.02,0.1,erand,in,0.644526157928045,0.39306358381467066,0.41891891891891886,0.17567567567567563,0.6324717655228423,0.10326397021289357,0.7357357357357359,,,,,,
kimi,kimi_add_rho0.02_wd0.1_tiersNone,1002,0.02,0.1,etop,in,0.38272785898518524,0.7017241379310278,0.027027027027027,0.027027027027027,-0.2536367553933536,0.6320151337717321,0.3783783783783785,,,,,,
kimi,kimi_add_rho0.02_wd0.1_tiersNone,1002,0.02,0.1,lowpass,in,20.3515482695995,38.52229299364397,0.3648648648648648,0.3648648648648648,,,,,,,,,
kimi,kimi_add_rho0.02_wd0.1_tiersNone,1002,0.02,0.1,neurons,units,,,0.027027027027027,0.027027027027027,,,,0.0009008197459690059,-0.0009008197459690059,0.0,0.024234080039863604,-0.001711557517340978,0.022522522522522626
kimi,kimi_add_rho0.02_wd0.1_tiersNone,1002,0.02,0.1,randk,both,,,0.0135135135135135,0.0135135135135135,,,,,,,,,
kimi,kimi_add_rho0.02_wd0.1_tiersNone,1002,0.02,0.1,randk,in,,,0.009009009009009,0.009009009009009,,,,,,,,,
kimi,kimi_add_rho0.02_wd0.1_tiersNone,1002,0.02,0.1,randk,out,,,0.0,0.0,,,,,,,,,
kimi,kimi_add_rho0.02_wd0.1_tiersNone,1002,0.02,0.1,randunits,units,,,0.0015015015015015,0.0015015015015015,,,,0.00015013662432827868,-0.00015013662432827868,0.0,9.008197459703382e-05,-9.008197459703382e-05,0.0
kimi,kimi_add_rho0.02_wd0.1_tiersNone,1002,0.02,0.1,residual,both,,,0.0135135135135135,0.0135135135135135,,,,,,,,,
kimi,kimi_add_rho0.02_wd0.1_tiersNone,1002,0.02,0.1,residual,in,,,0.009009009009009,0.009009009009009,,,,,,,,,
kimi,kimi_add_rho0.02_wd0.1_tiersNone,1002,0.02,0.1,residual,out,,,0.0,0.0,,,,,,,,,
kimi,kimi_add_rho0.02_wd0.1_tiersNone,1002,0.02,0.1,topk,both,0.8721540543061159,0.8802816901407093,0.009009009009009,0.0,,,,,,,,,
kimi,kimi_add_rho0.02_wd0.1_tiersNone,1002,0.02,0.1,topk,in,0.8759903270381024,0.8797619047617675,0.0135135135135135,0.0,,,,,,,,,
kimi,kimi_add_rho0.02_wd0.1_tiersNone,1002,0.02,0.1,topk,out,0.8735284650049323,,0.0,0.0,,,,,,,,,
kimi,kimi_add_rho0.02_wd0.3_tiersNone,1000,0.02,0.3,ebottom,in,0.7434006086816464,0.24204545454534848,0.981981981981982,0.981981981981982,0.9775675594520743,-9.008197459681178e-05,0.9774774774774775,,,,,,
kimi,kimi_add_rho0.02_wd0.3_tiersNone,1000,0.02,0.3,erand,in,0.5166807254322602,0.34245810055850123,0.29729729729729726,0.29729729729729726,0.34325290068015946,0.4405308831036243,0.7837837837837838,,,,,,
kimi,kimi_add_rho0.02_wd0.3_tiersNone,1000,0.02,0.3,etop,in,0.21514461703262774,0.5199999999998519,0.0045045045045045,0.0,-0.5082907878601961,0.9722547518241601,0.463963963963964,,,,,,
kimi,kimi_add_rho0.02_wd0.3_tiersNone,1000,0.02,0.3,lowpass,in,39.601882012322335,48.92035398235015,0.1036036036036036,0.0,,,,,,,,,
kimi,kimi_add_rho0.02_wd0.3_tiersNone,1000,0.02,0.3,neurons,units,,,0.009009009009009,0.009009009009009,,,,0.0,0.0,0.0,0.0045045045045045695,0.0,0.0045045045045045695
kimi,kimi_add_rho0.02_wd0.3_tiersNone,1000,0.02,0.3,randk,both,,,0.081081081081081,0.081081081081081,,,,,,,,,
kimi,kimi_add_rho0.02_wd0.3_tiersNone,1000,0.02,0.3,randk,in,,,0.0405405405405405,0.0405405405405405,,,,,,,,,
kimi,kimi_add_rho0.02_wd0.3_tiersNone,1000,0.02,0.3,randk,out,,,0.009009009009009,0.009009009009009,,,,,,,,,
kimi,kimi_add_rho0.02_wd0.3_tiersNone,1000,0.02,0.3,randunits,units,,,0.0,0.0,,,,-0.0015015015015015603,0.0,-0.0015015015015015603,-0.001531528826367164,3.0027324865603926e-05,-0.0015015015015015603
kimi,kimi_add_rho0.02_wd0.3_tiersNone,1000,0.02,0.3,residual,both,,,0.081081081081081,0.081081081081081,,,,,,,,,
kimi,kimi_add_rho0.02_wd0.3_tiersNone,1000,0.02,0.3,residual,in,,,0.0405405405405405,0.0405405405405405,,,,,,,,,
kimi,kimi_add_rho0.02_wd0.3_tiersNone,1000,0.02,0.3,residual,out,,,0.009009009009009,0.009009009009009,,,,,,,,,
kimi,kimi_add_rho0.02_wd0.3_tiersNone,1000,0.02,0.3,topk,both,0.8728382147836947,0.8737745098037869,0.0225225225225225,0.0225225225225225,,,,,,,,,
kimi,kimi_add_rho0.02_wd0.3_tiersNone,1000,0.02,0.3,topk,in,0.8747825887951863,0.8674242424241108,0.0495495495495495,0.0495495495495495,,,,,,,,,
kimi,kimi_add_rho0.02_wd0.3_tiersNone,1000,0.02,0.3,topk,out,0.8832022580332453,,0.0,0.0,,,,,,,,,
kimi,kimi_add_rho0.02_wd0.3_tiersNone,1001,0.02,0.3,ebottom,in,0.6777048655567021,0.29687499999966394,0.7387387387387387,0.7387387387387387,0.7636115080939874,0.08773984325736406,0.8513513513513514,,,,,,
kimi,kimi_add_rho0.02_wd0.3_tiersNone,1001,0.02,0.3,erand,in,0.4883585920309285,0.39489051094844385,0.07957957957957953,0.0075075075075075005,0.2139514525786033,0.5277902891631384,0.7417417417417417,,,,,,
kimi,kimi_add_rho0.02_wd0.3_tiersNone,1001,0.02,0.3,etop,in,0.31521617852157074,0.3039999999999644,0.045045045045045,0.009009009009009,-0.2580304834155839,0.8616340870191875,0.6036036036036037,,,,,,
kimi,kimi_add_rho0.02_wd0.3_tiersNone,1001,0.02,0.3,lowpass,in,23.747357293869662,36.190476190496994,0.3873873873873873,0.3873873873873873,,,,,,,,,
kimi,kimi_add_rho0.02_wd0.3_tiersNone,1001,0.02,0.3,neurons,units,,,0.036036036036036,0.036036036036036,,,,0.00018016394919373457,-0.00018016394919373457,0.0,0.013873841411901178,-0.00036032789838758017,0.013513513513513598
kimi,kimi_add_rho0.02_wd0.3_tiersNone,1001,0.02,0.3,randk,both,,,0.0855855855855855,0.0855855855855855,,,,,,,,,
kimi,kimi_add_rho0.02_wd0.3_tiersNone,1001,0.02,0.3,randk,in,,,0.0315315315315315,0.0315315315315315,,,,,,,,,
kimi,kimi_add_rho0.02_wd0.3_tiersNone,1001,0.02,0.3,randk,out,,,0.0045045045045045,0.0045045045045045,,,,,,,,,
kimi,kimi_add_rho0.02_wd0.3_tiersNone,1001,0.02,0.3,randunits,units,,,0.0,0.0,,,,6.005464973128186e-05,-6.005464973128186e-05,0.0,7.401486830834377e-17,-7.401486830834377e-17,0.0
kimi,kimi_add_rho0.02_wd0.3_tiersNone,1001,0.02,0.3,residual,both,,,0.0855855855855855,0.0855855855855855,,,,,,,,,
kimi,kimi_add_rho0.02_wd0.3_tiersNone,1001,0.02,0.3,residual,in,,,0.0315315315315315,0.0315315315315315,,,,,,,,,
kimi,kimi_add_rho0.02_wd0.3_tiersNone,1001,0.02,0.3,residual,out,,,0.0045045045045045,0.0045045045045045,,,,,,,,,
kimi,kimi_add_rho0.02_wd0.3_tiersNone,1001,0.02,0.3,topk,both,0.870205544479129,0.8761574074072778,0.0045045045045045,0.0045045045045045,,,,,,,,,
kimi,kimi_add_rho0.02_wd0.3_tiersNone,1001,0.02,0.3,topk,in,0.8745188342038877,0.8761682242989346,0.0045045045045045,0.0045045045045045,,,,,,,,,
kimi,kimi_add_rho0.02_wd0.3_tiersNone,1001,0.02,0.3,topk,out,0.8834007012757883,,0.0,0.0,,,,,,,,,
kimi,kimi_add_rho0.02_wd0.3_tiersNone,1002,0.02,0.3,ebottom,in,0.6130234297108313,0.25617977528075875,0.8603603603603603,0.8603603603603603,0.8517193889682854,0.08521754796865166,0.936936936936937,,,,,,
kimi,kimi_add_rho0.02_wd0.3_tiersNone,1002,0.02,0.3,erand,in,0.5151108099489394,0.44178082191761764,0.12012012012012009,0.045045045045045,0.18598573350397496,0.4416418941236527,0.6276276276276277,,,,,,
kimi,kimi_add_rho0.02_wd0.3_tiersNone,1002,0.02,0.3,etop,in,0.24108361774731057,0.5567567567564162,0.0135135135135135,0.0135135135135135,-0.544328852769534,0.9497342581749394,0.4054054054054054,,,,,,
kimi,kimi_add_rho0.02_wd0.3_tiersNone,1002,0.02,0.3,lowpass,in,41.18335901398408,40.11940298510074,0.0945945945945946,0.0,,,,,,,,,
kimi,kimi_add_rho0.02_wd0.3_tiersNone,1002,0.02,0.3,neurons,units,,,0.0045045045045045,0.0045045045045045,,,,9.008197459681178e-05,-9.008197459681178e-05,0.0,0.003964012656922922,0.0005404918475814258,0.0045045045045043475
kimi,kimi_add_rho0.02_wd0.3_tiersNone,1002,0.02,0.3,randk,both,,,0.036036036036036,0.036036036036036,,,,,,,,,
kimi,kimi_add_rho0.02_wd0.3_tiersNone,1002,0.02,0.3,randk,in,,,0.0225225225225225,0.0225225225225225,,,,,,,,,
kimi,kimi_add_rho0.02_wd0.3_tiersNone,1002,0.02,0.3,randk,out,,,0.0,0.0,,,,,,,,,
kimi,kimi_add_rho0.02_wd0.3_tiersNone,1002,0.02,0.3,randunits,units,,,0.0,0.0,,,,-0.0001501366243283897,0.0001501366243283897,0.0,-0.0011110110200282335,0.0011110110200282335,0.0
kimi,kimi_add_rho0.02_wd0.3_tiersNone,1002,0.02,0.3,residual,both,,,0.036036036036036,0.036036036036036,,,,,,,,,
kimi,kimi_add_rho0.02_wd0.3_tiersNone,1002,0.02,0.3,residual,in,,,0.0225225225225225,0.0225225225225225,,,,,,,,,
kimi,kimi_add_rho0.02_wd0.3_tiersNone,1002,0.02,0.3,residual,out,,,0.0,0.0,,,,,,,,,
kimi,kimi_add_rho0.02_wd0.3_tiersNone,1002,0.02,0.3,topk,both,0.8713183566268318,0.8708920187792167,0.0315315315315315,0.0315315315315315,,,,,,,,,
kimi,kimi_add_rho0.02_wd0.3_tiersNone,1002,0.02,0.3,topk,in,0.8738037176772454,0.8695121951218219,0.0495495495495495,0.0495495495495495,,,,,,,,,
kimi,kimi_add_rho0.02_wd0.3_tiersNone,1002,0.02,0.3,topk,out,0.8738550148037217,,0.0,0.0,,,,,,,,,
kimi,kimi_add_rho0.05_wd0.1_tiersNone,1000,0.05,0.1,ebottom,in,0.7482914923290246,0.47162921348292275,0.5621621621621622,0.4324324324324324,0.5437880363022242,0.047202954688766785,0.590990990990991,,,,,,
kimi,kimi_add_rho0.05_wd0.1_tiersNone,1000,0.05,0.1,erand,in,0.5674531192545353,0.5516274864374575,0.07267267267267263,0.019219219219219198,0.00864743673499635,0.3198810917935322,0.32852852852852854,,,,,,
kimi,kimi_add_rho0.05_wd0.1_tiersNone,1000,0.05,0.1,etop,in,0.4814228110593871,0.6596446700505934,0.0126126126126126,0.0,-0.42950322631432447,0.5141879109990093,0.08468468468468482,,,,,,
kimi,kimi_add_rho0.05_wd0.1_tiersNone,1000,0.05,0.1,lowpass,in,29.736856442393112,36.38871473356252,0.1369369369369369,0.0324324324324324,,,,,,,,,
kimi,kimi_add_rho0.05_wd0.1_tiersNone,1000,0.05,0.1,neurons,units,,,0.036036036036036,0.036036036036036,,,,0.0014413115935499876,-0.0014413115935499876,0.0,0.01522482756605803,-0.004414016755247219,0.010810810810810811
kimi,kimi_add_rho0.05_wd0.1_tiersNone,1000,0.05,0.1,randk,both,,,0.0018018018018018,0.0018018018018018,,,,,,,,,
kimi,kimi_add_rho0.05_wd0.1_tiersNone,1000,0.05,0.1,randk,in,,,0.0,0.0,,,,,,,,,
kimi,kimi_add_rho0.05_wd0.1_tiersNone,1000,0.05,0.1,randk,out,,,0.0,0.0,,,,,,,,,
kimi,kimi_add_rho0.05_wd0.1_tiersNone,1000,0.05,0.1,randunits,units,,,0.0,0.0,,,,-0.002191994715190937,0.002191994715190937,0.0,-0.00657582183570841,0.008377623637510193,0.0018018018018017834
kimi,kimi_add_rho0.05_wd0.1_tiersNone,1000,0.05,0.1,residual,both,,,0.0018018018018018,0.0018018018018018,,,,,,,,,
kimi,kimi_add_rho0.05_wd0.1_tiersNone,1000,0.05,0.1,residual,in,,,0.0,0.0,,,,,,,,,
kimi,kimi_add_rho0.05_wd0.1_tiersNone,1000,0.05,0.1,residual,out,,,0.0,0.0,,,,,,,,,
kimi,kimi_add_rho0.05_wd0.1_tiersNone,1000,0.05,0.1,topk,both,0.8410346632545062,0.8759276437846569,0.0054054054054054,0.0,,,,,,,,,
kimi,kimi_add_rho0.05_wd0.1_tiersNone,1000,0.05,0.1,topk,in,0.8667148032111518,0.8768761726077479,0.0072072072072072,0.0072072072072072,,,,,,,,,
kimi,kimi_add_rho0.05_wd0.1_tiersNone,1000,0.05,0.1,topk,out,0.8484902650972288,,0.0018018018018018,0.0,,,,,,,,,
kimi,kimi_add_rho0.05_wd0.1_tiersNone,1001,0.05,0.1,ebottom,in,0.7451355851568742,0.48774834437053843,0.5117117117117117,,0.4673032459538179,0.06603008737951543,0.5333333333333333,,,,,,
kimi,kimi_add_rho0.05_wd0.1_tiersNone,1001,0.05,0.1,erand,in,0.5368527820708603,0.5280249110319455,0.1417417417417417,,0.09077909546335812,0.31462630994204727,0.40540540540540543,,,,,,
kimi,kimi_add_rho0.05_wd0.1_tiersNone,1001,0.05,0.1,etop,in,0.3003289473684176,0.651886792452649,0.0234234234234234,,-0.4798584008745257,0.5717502927664175,0.09189189189189184,,,,,,
kimi,kimi_add_rho0.05_wd0.1_tiersNone,1001,0.05,0.1,lowpass,in,46.96693272520281,40.18658892129544,0.1099099099099099,,,,,,,,,,
kimi,kimi_add_rho0.05_wd0.1_tiersNone,1001,0.05,0.1,neurons,units,,,0.018018018018018,,,,,0.006125574272587975,-0.006125574272587975,0.0,0.021079668985263034,-0.015674263579857683,0.00540540540540535
kimi,kimi_add_rho0.05_wd0.1_tiersNone,1001,0.05,0.1,randk,both,,,0.0018018018018018,,,,,,,,,,
kimi,kimi_add_rho0.05_wd0.1_tiersNone,1001,0.05,0.1,randk,in,,,0.0,,,,,,,,,,
kimi,kimi_add_rho0.05_wd0.1_tiersNone,1001,0.05,0.1,randk,out,,,0.0,0.0,,,,,,,,,
kimi,kimi_add_rho0.05_wd0.1_tiersNone,1001,0.05,0.1,randunits,units,,,0.0012012012012012,,,,,-0.010419481728372851,0.010419481728372851,0.0,-0.04305918385731015,0.04305918385731015,0.0
kimi,kimi_add_rho0.05_wd0.1_tiersNone,1001,0.05,0.1,residual,both,,,0.0018018018018018,,,,,,,,,,
kimi,kimi_add_rho0.05_wd0.1_tiersNone,1001,0.05,0.1,residual,in,,,0.0,,,,,,,,,,
kimi,kimi_add_rho0.05_wd0.1_tiersNone,1001,0.05,0.1,residual,out,,,0.0,0.0,,,,,,,,,
kimi,kimi_add_rho0.05_wd0.1_tiersNone,1001,0.05,0.1,topk,both,0.7546113010617147,0.8763914656770498,0.0126126126126126,,,,,,,,,,
kimi,kimi_add_rho0.05_wd0.1_tiersNone,1001,0.05,0.1,topk,in,0.8307771279242289,0.8747685185183903,0.009009009009009,,,,,,,,,,
kimi,kimi_add_rho0.05_wd0.1_tiersNone,1001,0.05,0.1,topk,out,0.7583347917395707,0.9782072368416886,0.0,,,,,,,,,,
kimi,kimi_add_rho0.05_wd0.1_tiersNone,1002,0.05,0.1,ebottom,in,0.7441778523488287,0.4517156862743691,0.6144144144144145,0.1945945945945946,0.620815915456038,0.05666156202143946,0.6774774774774774,,,,,,
kimi,kimi_add_rho0.05_wd0.1_tiersNone,1002,0.05,0.1,erand,in,0.5898319892469097,0.49566532258032403,0.17117117117117112,0.004204204204204199,0.26773980538506265,0.2451731075278503,0.512912912912913,,,,,,
kimi,kimi_add_rho0.05_wd0.1_tiersNone,1002,0.05,0.1,etop,in,0.3961927582528925,0.676553672316144,0.009009009009009,0.0,-0.5514773038059229,0.6019277542563732,0.05045045045045038,,,,,,
kimi,kimi_add_rho0.05_wd0.1_tiersNone,1002,0.05,0.1,lowpass,in,41.53613445379156,37.60000000001649,0.0198198198198198,0.0,,,,,,,,,
kimi,kimi_add_rho0.05_wd0.1_tiersNone,1002,0.05,0.1,neurons,units,,,0.0252252252252252,0.0252252252252252,,,,0.006125574272588086,-0.006125574272588086,0.0,0.018467291721953383,-0.013061886316548033,0.00540540540540535
kimi,kimi_add_rho0.05_wd0.1_tiersNone,1002,0.05,0.1,randk,both,,,0.0054054054054054,0.0054054054054054,,,,,,,,,
kimi,kimi_add_rho0.05_wd0.1_tiersNone,1002,0.05,0.1,randk,in,,,0.0,0.0,,,,,,,,,
kimi,kimi_add_rho0.05_wd0.1_tiersNone,1002,0.05,0.1,randk,out,,,0.0,0.0,,,,,,,,,
kimi,kimi_add_rho0.05_wd0.1_tiersNone,1002,0.05,0.1,randunits,units,,,0.0006006006006006,0.0006006006006006,,,,-0.005194727201753513,0.005194727201753513,0.0,-0.028255712698555535,0.028255712698555535,0.0
kimi,kimi_add_rho0.05_wd0.1_tiersNone,1002,0.05,0.1,residual,both,,,0.0054054054054054,0.0054054054054054,,,,,,,,,
kimi,kimi_add_rho0.05_wd0.1_tiersNone,1002,0.05,0.1,residual,in,,,0.0,0.0,,,,,,,,,
kimi,kimi_add_rho0.05_wd0.1_tiersNone,1002,0.05,0.1,residual,out,,,0.0,0.0,,,,,,,,,
kimi,kimi_add_rho0.05_wd0.1_tiersNone,1002,0.05,0.1,topk,both,0.8074827780120009,0.8749999999998718,0.0054054054054054,0.0,,,,,,,,,
kimi,kimi_add_rho0.05_wd0.1_tiersNone,1002,0.05,0.1,topk,in,0.8526385438045653,0.8764124293783989,0.0036036036036036,0.0,,,,,,,,,
kimi,kimi_add_rho0.05_wd0.1_tiersNone,1002,0.05,0.1,topk,out,0.8165461660917035,,0.0,0.0,,,,,,,,,
kimi,kimi_add_rho0.05_wd0.3_tiersNone,1000,0.05,0.3,ebottom,in,0.6798418024926676,0.33732876712314575,0.7765765765765765,0.7765765765765765,0.7848647674789464,-0.0010809836951625185,0.7837837837837839,,,,,,
kimi,kimi_add_rho0.05_wd0.3_tiersNone,1000,0.05,0.3,erand,in,0.6171989354623323,0.3954379562037996,0.41021021021021015,0.35435435435435436,0.5397390544314246,0.10350418881181873,0.6432432432432433,,,,,,
kimi,kimi_add_rho0.05_wd0.3_tiersNone,1000,0.05,0.3,etop,in,0.41874485596699257,0.614462809917289,0.1117117117117117,0.1117117117117117,-0.3446237697926734,0.676155301324205,0.3315315315315316,,,,,,
kimi,kimi_add_rho0.05_wd0.3_tiersNone,1000,0.05,0.3,lowpass,in,38.90464781984918,41.637305699491016,0.0954954954954954,0.0954954954954954,,,,,,,,,
kimi,kimi_add_rho0.05_wd0.3_tiersNone,1000,0.05,0.3,neurons,units,,,0.0954954954954954,0.0954954954954954,,,,0.007567535105594825,-0.00036032789838758017,0.007207207207207245,0.03999996753802726,-0.00036032789838758017,0.03963963963963968
kimi,kimi_add_rho0.05_wd0.3_tiersNone,1000,0.05,0.3,randk,both,,,0.0684684684684684,0.0684684684684684,,,,,,,,,
kimi,kimi_add_rho0.05_wd0.3_tiersNone,1000,0.05,0.3,randk,in,,,0.0342342342342342,0.0342342342342342,,,,,,,,,
kimi,kimi_add_rho0.05_wd0.3_tiersNone,1000,0.05,0.3,randk,out,,,0.0252252252252252,0.0252252252252252,,,,,,,,,
kimi,kimi_add_rho0.05_wd0.3_tiersNone,1000,0.05,0.3,randunits,units,,,0.006606606606606599,0.006606606606606599,,,,-0.0006306279254662354,3.002732486564093e-05,-0.0006006006006005945,-0.0009309011741224967,0.00033030057352190223,-0.0006006006006005945
kimi,kimi_add_rho0.05_wd0.3_tiersNone,1000,0.05,0.3,residual,both,,,0.0684684684684684,0.0684684684684684,,,,,,,,,
kimi,kimi_add_rho0.05_wd0.3_tiersNone,1000,0.05,0.3,residual,in,,,0.0342342342342342,0.0342342342342342,,,,,,,,,
kimi,kimi_add_rho0.05_wd0.3_tiersNone,1000,0.05,0.3,residual,out,,,0.0252252252252252,0.0252252252252252,,,,,,,,,
kimi,kimi_add_rho0.05_wd0.3_tiersNone,1000,0.05,0.3,topk,both,0.870245792526259,0.8745361781074784,0.009009009009009,0.009009009009009,,,,,,,,,
kimi,kimi_add_rho0.05_wd0.3_tiersNone,1000,0.05,0.3,topk,in,0.8751044568243835,0.8711464354526643,0.0342342342342342,0.0342342342342342,,,,,,,,,
kimi,kimi_add_rho0.05_wd0.3_tiersNone,1000,0.05,0.3,topk,out,0.8749175772417683,,0.0054054054054054,0.0054054054054054,,,,,,,,,
kimi,kimi_add_rho0.05_wd0.3_tiersNone,1001,0.05,0.3,ebottom,in,0.675839526561954,0.3948818897633649,0.8522522522522522,0.8522522522522522,0.6524322538915819,-0.0019818034411314134,0.6504504504504505,,,,,,
kimi,kimi_add_rho0.05_wd0.3_tiersNone,1001,0.05,0.3,erand,in,0.5873106484588533,0.5041899441340393,0.23243243243243242,0.14054054054054052,0.34646955756765685,0.14542233432423504,0.4918918918918919,,,,,,
kimi,kimi_add_rho0.05_wd0.3_tiersNone,1001,0.05,0.3,etop,in,0.4102728047739863,0.6898496240597753,0.009009009009009,0.009009009009009,-0.4546313902407949,0.5915683271777319,0.13693693693693698,,,,,,
kimi,kimi_add_rho0.05_wd0.3_tiersNone,1001,0.05,0.3,lowpass,in,25.10672645743342,39.16923076924962,0.2306306306306306,0.2198198198198198,,,,,,,,,
kimi,kimi_add_rho0.05_wd0.3_tiersNone,1001,0.05,0.3,neurons,units,,,0.0252252252252252,0.0252252252252252,,,,0.004504423349572462,-0.0009008197459687839,0.003603603603603678,0.014144006180759616,-0.0015313935681470214,0.012612612612612595
kimi,kimi_add_rho0.05_wd0.3_tiersNone,1001,0.05,0.3,randk,both,,,0.027027027027027,0.027027027027027,,,,,,,,,
kimi,kimi_add_rho0.05_wd0.3_tiersNone,1001,0.05,0.3,randk,in,,,0.0126126126126126,0.0126126126126126,,,,,,,,,
kimi,kimi_add_rho0.05_wd0.3_tiersNone,1001,0.05,0.3,randk,out,,,0.0126126126126126,0.0126126126126126,,,,,,,,,
kimi,kimi_add_rho0.05_wd0.3_tiersNone,1001,0.05,0.3,randunits,units,,,0.004804804804804799,0.004804804804804799,,,,-0.00015013662432816766,0.00015013662432816766,0.0,0.0012012553044891499,0.0006005464973126337,0.0018018018018017834
kimi,kimi_add_rho0.05_wd0.3_tiersNone,1001,0.05,0.3,residual,both,,,0.027027027027027,0.027027027027027,,,,,,,,,
kimi,kimi_add_rho0.05_wd0.3_tiersNone,1001,0.05,0.3,residual,in,,,0.0126126126126126,0.0126126126126126,,,,,,,,,
kimi,kimi_add_rho0.05_wd0.3_tiersNone,1001,0.05,0.3,residual,out,,,0.0126126126126126,0.0126126126126126,,,,,,,,,
kimi,kimi_add_rho0.05_wd0.3_tiersNone,1001,0.05,0.3,topk,both,0.8719731675391404,0.8761792452828867,0.0162162162162162,0.0162162162162162,,,,,,,,,
kimi,kimi_add_rho0.05_wd0.3_tiersNone,1001,0.05,0.3,topk,in,0.8760188015188108,0.874514563106662,0.036036036036036,0.036036036036036,,,,,,,,,
kimi,kimi_add_rho0.05_wd0.3_tiersNone,1001,0.05,0.3,topk,out,0.8735655349012357,,0.0036036036036036,0.0036036036036036,,,,,,,,,
kimi,kimi_add_rho0.05_wd0.3_tiersNone,1002,0.05,0.3,ebottom,in,0.6960269426003385,0.34281045751618455,0.8882882882882883,0.8882882882882883,0.9141437627159634,-0.004233852806053373,0.90990990990991,,,,,,
kimi,kimi_add_rho0.05_wd0.3_tiersNone,1002,0.05,0.3,erand,in,0.6385461517760169,0.39740437158425634,0.39579579579579577,0.32192192192192187,0.6370965686883172,0.10524577365402525,0.7423423423423424,,,,,,
kimi,kimi_add_rho0.05_wd0.3_tiersNone,1002,0.05,0.3,etop,in,0.3698110862538466,0.7305369127515641,0.027027027027027,0.027027027027027,-0.4531824500836301,0.6748040717052518,0.2216216216216217,,,,,,
kimi,kimi_add_rho0.05_wd0.3_tiersNone,1002,0.05,0.3,lowpass,in,30.98913043478538,41.640449438212165,0.2162162162162162,0.1783783783783784,,,,,,,,,
kimi,kimi_add_rho0.05_wd0.3_tiersNone,1002,0.05,0.3,neurons,units,,,0.0414414414414414,0.0414414414414414,,,,0.0031530314207549592,-0.0013512296189531758,0.0018018018018017834,0.01873851150492889,-0.002522295288712617,0.016216216216216273
kimi,kimi_add_rho0.05_wd0.3_tiersNone,1002,0.05,0.3,randk,both,,,0.0216216216216216,0.0216216216216216,,,,,,,,,
kimi,kimi_add_rho0.05_wd0.3_tiersNone,1002,0.05,0.3,randk,in,,,0.0162162162162162,0.0162162162162162,,,,,,,,,
kimi,kimi_add_rho0.05_wd0.3_tiersNone,1002,0.05,0.3,randk,out,,,0.0072072072072072,0.0072072072072072,,,,,,,,,
kimi,kimi_add_rho0.05_wd0.3_tiersNone,1002,0.05,0.3,randunits,units,,,0.004804804804804799,0.004804804804804799,,,,-0.00048049130113810473,-0.00012010929946248972,-0.0006006006006005945,-0.0006306279254662724,3.002732486567794e-05,-0.0006006006006005945
kimi,kimi_add_rho0.05_wd0.3_tiersNone,1002,0.05,0.3,residual,both,,,0.0216216216216216,0.0216216216216216,,,,,,,,,
kimi,kimi_add_rho0.05_wd0.3_tiersNone,1002,0.05,0.3,residual,in,,,0.0162162162162162,0.0162162162162162,,,,,,,,,
kimi,kimi_add_rho0.05_wd0.3_tiersNone,1002,0.05,0.3,residual,out,,,0.0072072072072072,0.0072072072072072,,,,,,,,,
kimi,kimi_add_rho0.05_wd0.3_tiersNone,1002,0.05,0.3,topk,both,0.8682536252759712,0.8773629489601689,0.009009009009009,0.0036036036036036,,,,,,,,,
kimi,kimi_add_rho0.05_wd0.3_tiersNone,1002,0.05,0.3,topk,in,0.8749999999998683,0.8828277886495621,0.0144144144144144,0.009009009009009,,,,,,,,,
kimi,kimi_add_rho0.05_wd0.3_tiersNone,1002,0.05,0.3,topk,out,0.8698856085056644,,0.0036036036036036,0.0036036036036036,,,,,,,,,
kimi,kimi_add_rho0_wd0.1_tiersNone,1000,0.0,0.1,ebottom,in,0.6904098165353815,,,,,0.10548599225295019,,,,,,,
kimi,kimi_add_rho0_wd0.1_tiersNone,1000,0.0,0.1,erand,in,0.5137569316080908,,,,,0.45143080202984714,,,,,,,
kimi,kimi_add_rho0_wd0.1_tiersNone,1000,0.0,0.1,etop,in,0.36828665568244134,,,,,0.7092153860012611,,,,,,,
kimi,kimi_add_rho0_wd0.1_tiersNone,1000,0.0,0.1,lowpass,in,46.18916857361177,,,,,,,,,,,,
kimi,kimi_add_rho0_wd0.1_tiersNone,1000,0.0,0.1,randk,both,,,,,,,,,,,,,
kimi,kimi_add_rho0_wd0.1_tiersNone,1000,0.0,0.1,randk,in,,,,,,,,,,,,,
kimi,kimi_add_rho0_wd0.1_tiersNone,1000,0.0,0.1,randk,out,,,,,,,,,,,,,
kimi,kimi_add_rho0_wd0.1_tiersNone,1000,0.0,0.1,residual,both,,,,,,,,,,,,,
kimi,kimi_add_rho0_wd0.1_tiersNone,1000,0.0,0.1,residual,in,,,,,,,,,,,,,
kimi,kimi_add_rho0_wd0.1_tiersNone,1000,0.0,0.1,residual,out,,,,,,,,,,,,,
kimi,kimi_add_rho0_wd0.1_tiersNone,1000,0.0,0.1,topk,both,0.8547229285864417,,,,,,,,,,,,
kimi,kimi_add_rho0_wd0.1_tiersNone,1000,0.0,0.1,topk,in,0.8702227793017373,,,,,,,,,,,,
kimi,kimi_add_rho0_wd0.1_tiersNone,1000,0.0,0.1,topk,out,0.8673221334359004,,,,,,,,,,,,
kimi,kimi_add_rho0_wd0.1_tiersNone,1001,0.0,0.1,ebottom,in,0.618381449631387,,,,,0.11206197639852256,,,,,,,
kimi,kimi_add_rho0_wd0.1_tiersNone,1001,0.0,0.1,erand,in,0.5011026579352815,,,,,0.49593129748070736,,,,,,,
kimi,kimi_add_rho0_wd0.1_tiersNone,1001,0.0,0.1,etop,in,0.27254783657976117,,,,,0.8437077740744077,,,,,,,
kimi,kimi_add_rho0_wd0.1_tiersNone,1001,0.0,0.1,lowpass,in,45.44524203939414,,,,,,,,,,,,
kimi,kimi_add_rho0_wd0.1_tiersNone,1001,0.0,0.1,randk,both,,,,,,,,,,,,,
kimi,kimi_add_rho0_wd0.1_tiersNone,1001,0.0,0.1,randk,in,,,,,,,,,,,,,
kimi,kimi_add_rho0_wd0.1_tiersNone,1001,0.0,0.1,randk,out,,,,,,,,,,,,,
kimi,kimi_add_rho0_wd0.1_tiersNone,1001,0.0,0.1,residual,both,,,,,,,,,,,,,
kimi,kimi_add_rho0_wd0.1_tiersNone,1001,0.0,0.1,residual,in,,,,,,,,,,,,,
kimi,kimi_add_rho0_wd0.1_tiersNone,1001,0.0,0.1,residual,out,,,,,,,,,,,,,
kimi,kimi_add_rho0_wd0.1_tiersNone,1001,0.0,0.1,topk,both,0.8645216232226233,,,,,,,,,,,,
kimi,kimi_add_rho0_wd0.1_tiersNone,1001,0.0,0.1,topk,in,0.8731358836604884,,,,,,,,,,,,
kimi,kimi_add_rho0_wd0.1_tiersNone,1001,0.0,0.1,topk,out,0.8731444772265013,,,,,,,,,,,,
kimi,kimi_add_rho0_wd0.1_tiersNone,1002,0.0,0.1,ebottom,in,0.5680790960449466,,,,,0.3128546977749752,,,,,,,
kimi,kimi_add_rho0_wd0.1_tiersNone,1002,0.0,0.1,erand,in,0.4613346590242084,,,,,0.5966429450800228,,,,,,,
kimi,kimi_add_rho0_wd0.1_tiersNone,1002,0.0,0.1,etop,in,0.3359140859139531,,,,,0.776416539050536,,,,,,,
kimi,kimi_add_rho0_wd0.1_tiersNone,1002,0.0,0.1,lowpass,in,45.33847231955668,,,,,,,,,,,,
kimi,kimi_add_rho0_wd0.1_tiersNone,1002,0.0,0.1,randk,both,,,,,,,,,,,,,
kimi,kimi_add_rho0_wd0.1_tiersNone,1002,0.0,0.1,randk,in,,,,,,,,,,,,,
kimi,kimi_add_rho0_wd0.1_tiersNone,1002,0.0,0.1,randk,out,,,,,,,,,,,,,
kimi,kimi_add_rho0_wd0.1_tiersNone,1002,0.0,0.1,residual,both,,,,,,,,,,,,,
kimi,kimi_add_rho0_wd0.1_tiersNone,1002,0.0,0.1,residual,in,,,,,,,,,,,,,
kimi,kimi_add_rho0_wd0.1_tiersNone,1002,0.0,0.1,residual,out,,,,,,,,,,,,,
kimi,kimi_add_rho0_wd0.1_tiersNone,1002,0.0,0.1,topk,both,0.8510699117934093,,,,,,,,,,,,
kimi,kimi_add_rho0_wd0.1_tiersNone,1002,0.0,0.1,topk,in,0.8667520741824015,,,,,,,,,,,,
kimi,kimi_add_rho0_wd0.1_tiersNone,1002,0.0,0.1,topk,out,0.8672718942899978,,,,,,,,,,,,
kimi,kimi_add_rho0_wd0.3_tiersNone,1000,0.0,0.3,ebottom,in,0.5552646356871243,,,,,0.14503197910098187,,,,,,,
kimi,kimi_add_rho0_wd0.3_tiersNone,1000,0.0,0.3,erand,in,0.4821790483858307,,,,,0.5793772332822869,,,,,,,
kimi,kimi_add_rho0_wd0.3_tiersNone,1000,0.0,0.3,etop,in,0.380502995900206,,,,,0.6920097288532564,,,,,,,
kimi,kimi_add_rho0_wd0.3_tiersNone,1000,0.0,0.3,lowpass,in,13.717358490570819,,,,,,,,,,,,
kimi,kimi_add_rho0_wd0.3_tiersNone,1000,0.0,0.3,randk,both,,,,,,,,,,,,,
kimi,kimi_add_rho0_wd0.3_tiersNone,1000,0.0,0.3,randk,in,,,,,,,,,,,,,
kimi,kimi_add_rho0_wd0.3_tiersNone,1000,0.0,0.3,randk,out,,,,,,,,,,,,,
kimi,kimi_add_rho0_wd0.3_tiersNone,1000,0.0,0.3,residual,both,,,,,,,,,,,,,
kimi,kimi_add_rho0_wd0.3_tiersNone,1000,0.0,0.3,residual,in,,,,,,,,,,,,,
kimi,kimi_add_rho0_wd0.3_tiersNone,1000,0.0,0.3,residual,out,,,,,,,,,,,,,
kimi,kimi_add_rho0_wd0.3_tiersNone,1000,0.0,0.3,topk,both,0.8735074972231237,,,,,,,,,,,,
kimi,kimi_add_rho0_wd0.3_tiersNone,1000,0.0,0.3,topk,in,0.876707744853558,,,,,,,,,,,,
kimi,kimi_add_rho0_wd0.3_tiersNone,1000,0.0,0.3,topk,out,0.8771746134019319,,,,,,,,,,,,
kimi,kimi_add_rho0_wd0.3_tiersNone,1001,0.0,0.3,ebottom,in,0.5102343749999746,,,,,0.4585172506981354,,,,,,,
kimi,kimi_add_rho0_wd0.3_tiersNone,1001,0.0,0.3,erand,in,0.5041219576027098,,,,,0.48563192505179725,,,,,,,
kimi,kimi_add_rho0_wd0.3_tiersNone,1001,0.0,0.3,etop,in,0.33362494853841634,,,,,0.8795603999639674,,,,,,,
kimi,kimi_add_rho0_wd0.3_tiersNone,1001,0.0,0.3,lowpass,in,33.46149974839145,,,,,,,,,,,,
kimi,kimi_add_rho0_wd0.3_tiersNone,1001,0.0,0.3,randk,both,,,,,,,,,,,,,
kimi,kimi_add_rho0_wd0.3_tiersNone,1001,0.0,0.3,randk,in,,,,,,,,,,,,,
kimi,kimi_add_rho0_wd0.3_tiersNone,1001,0.0,0.3,randk,out,,,,,,,,,,,,,
kimi,kimi_add_rho0_wd0.3_tiersNone,1001,0.0,0.3,residual,both,,,,,,,,,,,,,
kimi,kimi_add_rho0_wd0.3_tiersNone,1001,0.0,0.3,residual,in,,,,,,,,,,,,,
kimi,kimi_add_rho0_wd0.3_tiersNone,1001,0.0,0.3,residual,out,,,,,,,,,,,,,
kimi,kimi_add_rho0_wd0.3_tiersNone,1001,0.0,0.3,topk,both,0.873046513778309,,,,,,,,,,,,
kimi,kimi_add_rho0_wd0.3_tiersNone,1001,0.0,0.3,topk,in,0.877172506240047,,,,,,,,,,,,
kimi,kimi_add_rho0_wd0.3_tiersNone,1001,0.0,0.3,topk,out,0.8768925490914472,,,,,,,,,,,,
kimi,kimi_add_rho0_wd0.3_tiersNone,1002,0.0,0.3,ebottom,in,0.5135057471263914,,,,,0.45959823439329806,,,,,,,
kimi,kimi_add_rho0_wd0.3_tiersNone,1002,0.0,0.3,erand,in,0.4933578037004114,,,,,0.5196528841245535,,,,,,,
kimi,kimi_add_rho0_wd0.3_tiersNone,1002,0.0,0.3,etop,in,0.3589831565812737,,,,,0.7638050626069725,,,,,,,
kimi,kimi_add_rho0_wd0.3_tiersNone,1002,0.0,0.3,lowpass,in,57.91918403747391,,,,,,,,,,,,
kimi,kimi_add_rho0_wd0.3_tiersNone,1002,0.0,0.3,randk,both,,,,,,,,,,,,,
kimi,kimi_add_rho0_wd0.3_tiersNone,1002,0.0,0.3,randk,in,,,,,,,,,,,,,
kimi,kimi_add_rho0_wd0.3_tiersNone,1002,0.0,0.3,randk,out,,,,,,,,,,,,,
kimi,kimi_add_rho0_wd0.3_tiersNone,1002,0.0,0.3,residual,both,,,,,,,,,,,,,
kimi,kimi_add_rho0_wd0.3_tiersNone,1002,0.0,0.3,residual,in,,,,,,,,,,,,,
kimi,kimi_add_rho0_wd0.3_tiersNone,1002,0.0,0.3,residual,out,,,,,,,,,,,,,
kimi,kimi_add_rho0_wd0.3_tiersNone,1002,0.0,0.3,topk,both,0.8739883196908511,,,,,,,,,,,,
kimi,kimi_add_rho0_wd0.3_tiersNone,1002,0.0,0.3,topk,in,0.8783219880640223,,,,,,,,,,,,
kimi,kimi_add_rho0_wd0.3_tiersNone,1002,0.0,0.3,topk,out,0.877204059142124,,,,,,,,,,,,
mamba,mamba_add_rho0.02_wd0.1_tiersNone,1000,0.02,0.1,ebottom,in,0.7386250296840587,0.23980582524263266,0.963963963963964,0.963963963963964,0.9787386251218338,-0.001261147644356364,0.9774774774774775,,,,,,
mamba,mamba_add_rho0.02_wd0.1_tiersNone,1000,0.02,0.1,erand,in,0.5478123935986393,0.3216216216215243,0.1486486486486486,0.13963963963963957,0.4129202168567992,0.4144071104705282,0.8273273273273274,,,,,,
mamba,mamba_add_rho0.02_wd0.1_tiersNone,1000,0.02,0.1,etop,in,0.3423162014975375,0.8057142857142676,0.0135135135135135,0.009009009009009,-0.7472084732241475,0.9859472119628863,0.23873873873873874,,,,,,
mamba,mamba_add_rho0.02_wd0.1_tiersNone,1000,0.02,0.1,lowpass,in,55.699847444724526,55.96250000002503,0.0135135135135135,0.0,,,,,,,,,
mamba,mamba_add_rho0.02_wd0.1_tiersNone,1000,0.02,0.1,neurons,units,,,0.0945945945945946,0.0945945945945946,,,,0.0045045045045043475,0.0,0.0045045045045043475,0.04891897572737136,0.0006305738221782375,0.0495495495495496
mamba,mamba_add_rho0.02_wd0.1_tiersNone,1000,0.02,0.1,randk,both,,,0.036036036036036,0.036036036036036,,,,,,,,,
mamba,mamba_add_rho0.02_wd0.1_tiersNone,1000,0.02,0.1,randk,in,,,0.0315315315315315,0.0315315315315315,,,,,,,,,
mamba,mamba_add_rho0.02_wd0.1_tiersNone,1000,0.02,0.1,randk,out,,,0.009009009009009,0.009009009009009,,,,,,,,,
mamba,mamba_add_rho0.02_wd0.1_tiersNone,1000,0.02,0.1,randunits,units,,,0.006006006006006,0.006006006006006,,,,0.0026727024294809962,0.00033030057352190223,0.0030030030030028985,0.00423439383893387,0.001771612167072038,0.006006006006005908
mamba,mamba_add_rho0.02_wd0.1_tiersNone,1000,0.02,0.1,residual,both,,,0.036036036036036,0.036036036036036,,,,,,,,,
mamba,mamba_add_rho0.02_wd0.1_tiersNone,1000,0.02,0.1,residual,in,,,0.0315315315315315,0.0315315315315315,,,,,,,,,
mamba,mamba_add_rho0.02_wd0.1_tiersNone,1000,0.02,0.1,residual,out,,,0.009009009009009,0.009009009009009,,,,,,,,,
mamba,mamba_add_rho0.02_wd0.1_tiersNone,1000,0.02,0.1,topk,both,0.8624057315232531,0.8738425925924653,0.0,0.0,,,,,,,,,
mamba,mamba_add_rho0.02_wd0.1_tiersNone,1000,0.02,0.1,topk,in,0.8695502141835957,0.9062499999998029,0.0,0.0,,,,,,,,,
mamba,mamba_add_rho0.02_wd0.1_tiersNone,1000,0.02,0.1,topk,out,0.8722380863213784,0.9088235294115573,0.0,0.0,,,,,,,,,
mamba,mamba_add_rho0.02_wd0.1_tiersNone,1001,0.02,0.1,ebottom,in,0.7376006755000757,0.2435294117645922,0.9234234234234234,0.9234234234234234,0.9299097313690592,-0.0019818034411311913,0.927927927927928,,,,,,
mamba,mamba_add_rho0.02_wd0.1_tiersNone,1001,0.02,0.1,erand,in,0.5356283314487815,0.29875776397474674,0.10210210210210206,0.08708708708708703,0.46955242784447354,0.36528240699036135,0.8348348348348349,,,,,,
mamba,mamba_add_rho0.02_wd0.1_tiersNone,1001,0.02,0.1,etop,in,0.2896895213451499,0.7441176470585354,0.0045045045045045,0.0,-0.6094629896990047,0.960814341050356,0.3513513513513513,,,,,,
mamba,mamba_add_rho0.02_wd0.1_tiersNone,1001,0.02,0.1,lowpass,in,17.244050549823566,46.52873563218766,0.6261261261261262,0.6261261261261262,,,,,,,,,
mamba,mamba_add_rho0.02_wd0.1_tiersNone,1001,0.02,0.1,neurons,units,,,0.1576576576576576,0.1576576576576576,,,,0.022972932395506795,-0.00045040987298439195,0.022522522522522403,0.11351343235858136,-0.0009008197459687839,0.11261261261261257
mamba,mamba_add_rho0.02_wd0.1_tiersNone,1001,0.02,0.1,randk,both,,,0.0765765765765765,0.0765765765765765,,,,,,,,,
mamba,mamba_add_rho0.02_wd0.1_tiersNone,1001,0.02,0.1,randk,in,,,0.0315315315315315,0.0315315315315315,,,,,,,,,
mamba,mamba_add_rho0.02_wd0.1_tiersNone,1001,0.02,0.1,randk,out,,,0.0,0.0,,,,,,,,,
mamba,mamba_add_rho0.02_wd0.1_tiersNone,1001,0.02,0.1,randunits,units,,,0.012012012012012,0.012012012012012,,,,-0.0007506831216409123,0.0007506831216409123,0.0,-0.0007205205385550917,0.0022220220400565407,0.0015015015015014492
mamba,mamba_add_rho0.02_wd0.1_tiersNone,1001,0.02,0.1,residual,both,,,0.0765765765765765,0.0765765765765765,,,,,,,,,
mamba,mamba_add_rho0.02_wd0.1_tiersNone,1001,0.02,0.1,residual,in,,,0.0315315315315315,0.0315315315315315,,,,,,,,,
mamba,mamba_add_rho0.02_wd0.1_tiersNone,1001,0.02,0.1,residual,out,,,0.0,0.0,,,,,,,,,
mamba,mamba_add_rho0.02_wd0.1_tiersNone,1001,0.02,0.1,topk,both,0.8607197355034355,0.8761467889906973,0.0045045045045045,0.0,,,,,,,,,
mamba,mamba_add_rho0.02_wd0.1_tiersNone,1001,0.02,0.1,topk,in,0.8707453328303469,0.9002732240435336,0.0,0.0,,,,,,,,,
mamba,mamba_add_rho0.02_wd0.1_tiersNone,1001,0.02,0.1,topk,out,0.8713348585300824,,0.0,0.0,,,,,,,,,
mamba,mamba_add_rho0.02_wd0.1_tiersNone,1002,0.02,0.1,ebottom,in,0.7538713519951166,0.2929577464785826,0.8783783783783784,0.8783783783783784,0.9158557260079647,-0.0014413115935502097,0.9144144144144145,,,,,,
mamba,mamba_add_rho0.02_wd0.1_tiersNone,1002,0.02,0.1,erand,in,0.5367650297288649,0.3420792079206533,0.09759759759759756,0.07657657657657653,0.4183887066960665,0.44797765967029995,0.8663663663663664,,,,,,
mamba,mamba_add_rho0.02_wd0.1_tiersNone,1002,0.02,0.1,etop,in,0.19281051517271874,0.36666666666568004,0.0135135135135135,0.0045045045045045,-0.6362169303796185,0.9920727862354743,0.3558558558558559,,,,,,
mamba,mamba_add_rho0.02_wd0.1_tiersNone,1002,0.02,0.1,lowpass,in,22.443575964830796,53.53191489364925,0.1531531531531531,0.0,,,,,,,,,
mamba,mamba_add_rho0.02_wd0.1_tiersNone,1002,0.02,0.1,neurons,units,,,0.2432432432432432,0.2432432432432432,,,,0.02306301437010383,-0.0005404918475814258,0.022522522522522403,0.12225219544379984,-0.0006305738221782375,0.1216216216216216
mamba,mamba_add_rho0.02_wd0.1_tiersNone,1002,0.02,0.1,randk,both,,,0.0315315315315315,0.0315315315315315,,,,,,,,,
mamba,mamba_add_rho0.02_wd0.1_tiersNone,1002,0.02,0.1,randk,in,,,0.0135135135135135,0.0135135135135135,,,,,,,,,
mamba,mamba_add_rho0.02_wd0.1_tiersNone,1002,0.02,0.1,randk,out,,,0.0045045045045045,0.0045045045045045,,,,,,,,,
mamba,mamba_add_rho0.02_wd0.1_tiersNone,1002,0.02,0.1,randunits,units,,,0.0075075075075075005,0.0075075075075075005,,,,0.0014114195269045633,9.008197459688579e-05,0.0015015015015014492,0.00309322023581989,0.0014112842686844578,0.0045045045045043475
mamba,mamba_add_rho0.02_wd0.1_tiersNone,1002,0.02,0.1,residual,both,,,0.0315315315315315,0.0315315315315315,,,,,,,,,
mamba,mamba_add_rho0.02_wd0.1_tiersNone,1002,0.02,0.1,residual,in,,,0.0135135135135135,0.0135135135135135,,,,,,,,,
mamba,mamba_add_rho0.02_wd0.1_tiersNone,1002,0.02,0.1,residual,out,,,0.0045045045045045,0.0045045045045045,,,,,,,,,
mamba,mamba_add_rho0.02_wd0.1_tiersNone,1002,0.02,0.1,topk,both,0.8633631011772841,0.8785046728970629,0.0,0.0,,,,,,,,,
mamba,mamba_add_rho0.02_wd0.1_tiersNone,1002,0.02,0.1,topk,in,0.8715782319301257,0.8841463414632693,0.0045045045045045,0.0045045045045045,,,,,,,,,
mamba,mamba_add_rho0.02_wd0.1_tiersNone,1002,0.02,0.1,topk,out,0.8715216173310908,0.9955752212384555,0.0,0.0,,,,,,,,,
mamba,mamba_add_rho0.02_wd0.3_tiersNone,1000,0.02,0.3,ebottom,in,0.7420187282228949,0.18217821782160157,0.9594594594594594,0.9594594594594594,0.9796394448678029,-0.002161967390325148,0.9774774774774777,,,,,,
mamba,mamba_add_rho0.02_wd0.3_tiersNone,1000,0.02,0.3,erand,in,0.5242948257275594,0.2603092783503084,0.2237237237237237,0.14414414414414414,0.4167042008227489,0.41662913251058464,0.8333333333333336,,,,,,
mamba,mamba_add_rho0.02_wd0.3_tiersNone,1000,0.02,0.3,etop,in,0.2405309364546614,0.8103896103895805,0.027027027027027,0.027027027027027,-0.67504794227612,0.9678407350689129,0.2927927927927929,,,,,,
mamba,mamba_add_rho0.02_wd0.3_tiersNone,1000,0.02,0.3,lowpass,in,59.19128104711578,56.01257861637731,0.0135135135135135,0.0045045045045045,,,,,,,,,
mamba,mamba_add_rho0.02_wd0.3_tiersNone,1000,0.02,0.3,neurons,units,,,0.0765765765765765,0.0765765765765765,,,,0.022882850420910206,-0.00036032789838758017,0.022522522522522626,0.07531542893222021,0.001261147644356475,0.07657657657657668
mamba,mamba_add_rho0.02_wd0.3_tiersNone,1000,0.02,0.3,randk,both,,,0.1261261261261261,0.1261261261261261,,,,,,,,,
mamba,mamba_add_rho0.02_wd0.3_tiersNone,1000,0.02,0.3,randk,in,,,0.0855855855855855,0.0855855855855855,,,,,,,,,
mamba,mamba_add_rho0.02_wd0.3_tiersNone,1000,0.02,0.3,randk,out,,,0.009009009009009,0.009009009009009,,,,,,,,,
mamba,mamba_add_rho0.02_wd0.3_tiersNone,1000,0.02,0.3,randunits,units,,,0.0225225225225225,0.0225225225225225,,,,0.0056456781076186235,0.00036032789838758017,0.006006006006006204,0.012732938325227408,0.0022820766897876745,0.015015015015015084
mamba,mamba_add_rho0.02_wd0.3_tiersNone,1000,0.02,0.3,residual,both,,,0.1261261261261261,0.1261261261261261,,,,,,,,,
mamba,mamba_add_rho0.02_wd0.3_tiersNone,1000,0.02,0.3,residual,in,,,0.0855855855855855,0.0855855855855855,,,,,,,,,
mamba,mamba_add_rho0.02_wd0.3_tiersNone,1000,0.02,0.3,residual,out,,,0.018018018018018,0.018018018018018,,,,,,,,,
mamba,mamba_add_rho0.02_wd0.3_tiersNone,1000,0.02,0.3,topk,both,0.8488234321612369,0.8744186046510343,0.0045045045045045,0.0045045045045045,,,,,,,,,
mamba,mamba_add_rho0.02_wd0.3_tiersNone,1000,0.02,0.3,topk,in,0.8608703365773286,0.9036312849160106,0.0045045045045045,0.0045045045045045,,,,,,,,,
mamba,mamba_add_rho0.02_wd0.3_tiersNone,1000,0.02,0.3,topk,out,0.8669229649751335,0.9084302325579351,0.0045045045045045,0.0045045045045045,,,,,,,,,
mamba,mamba_add_rho0.02_wd0.3_tiersNone,1001,0.02,0.3,ebottom,in,0.70827860352572,0.22236842105256624,0.9234234234234234,0.9234234234234234,0.9351348916703389,-0.0027024592379064627,0.9324324324324325,,,,,,
mamba,mamba_add_rho0.02_wd0.3_tiersNone,1001,0.02,0.3,erand,in,0.6611252204584102,0.27890295358627615,0.2537537537537537,0.11111111111111105,0.5968950664023179,0.20190373239648077,0.7987987987987988,,,,,,
mamba,mamba_add_rho0.02_wd0.3_tiersNone,1001,0.02,0.3,etop,in,0.41810290734151834,0.494915254236931,0.0045045045045045,0.0,-0.33613967088428853,0.849653184397802,0.5135135135135135,,,,,,
mamba,mamba_add_rho0.02_wd0.3_tiersNone,1001,0.02,0.3,lowpass,in,19.875253843928892,51.09523809527845,0.3648648648648648,0.2612612612612612,,,,,,,,,
mamba,mamba_add_rho0.02_wd0.3_tiersNone,1001,0.02,0.3,neurons,units,,0.29651162790664154,0.3198198198198198,0.3198198198198198,,,,0.009279254932799685,-0.00027024592379065737,0.009009009009009028,0.19675688660464818,0.0014413115935499876,0.19819819819819817
mamba,mamba_add_rho0.02_wd0.3_tiersNone,1001,0.02,0.3,randk,both,,,0.072072072072072,0.072072072072072,,,,,,,,,
mamba,mamba_add_rho0.02_wd0.3_tiersNone,1001,0.02,0.3,randk,in,,,0.054054054054054,0.054054054054054,,,,,,,,,
mamba,mamba_add_rho0.02_wd0.3_tiersNone,1001,0.02,0.3,randk,out,,,0.0,0.0,,,,,,,,,
mamba,mamba_add_rho0.02_wd0.3_tiersNone,1001,0.02,0.3,randunits,units,,,0.0015015015015015,0.0015015015015015,,,,0.0012913102274420367,0.00021019127405941251,0.0015015015015014492,0.00303316558608883,0.0014713389184157026,0.004504504504504532
mamba,mamba_add_rho0.02_wd0.3_tiersNone,1001,0.02,0.3,residual,both,,,0.072072072072072,0.072072072072072,,,,,,,,,
mamba,mamba_add_rho0.02_wd0.3_tiersNone,1001,0.02,0.3,residual,in,,,0.054054054054054,0.054054054054054,,,,,,,,,
mamba,mamba_add_rho0.02_wd0.3_tiersNone,1001,0.02,0.3,residual,out,,,0.009009009009009,0.009009009009009,,,,,,,,,
mamba,mamba_add_rho0.02_wd0.3_tiersNone,1001,0.02,0.3,topk,both,0.8532824222935534,0.8755656108596024,0.009009009009009,0.0,,,,,,,,,
mamba,mamba_add_rho0.02_wd0.3_tiersNone,1001,0.02,0.3,topk,in,0.863605797967597,0.9016393442621111,0.0,0.0,,,,,,,,,
mamba,mamba_add_rho0.02_wd0.3_tiersNone,1001,0.02,0.3,topk,out,0.8690652111734845,0.9405594405591446,0.0,0.0,,,,,,,,,
mamba,mamba_add_rho0.02_wd0.3_tiersNone,1002,0.02,0.3,ebottom,in,0.7026802884615313,0.2236842105262466,0.9054054054054054,0.9054054054054054,0.9289188296484937,-0.0009909017205655957,0.9279279279279281,,,,,,
mamba,mamba_add_rho0.02_wd0.3_tiersNone,1002,0.02,0.3,erand,in,0.6496055354369307,0.3120300751879097,0.2447447447447447,0.2447447447447447,0.6567742862220838,0.19457706512926778,0.8513513513513516,,,,,,
mamba,mamba_add_rho0.02_wd0.3_tiersNone,1002,0.02,0.3,etop,in,0.37333631751691615,0.36923076923047365,0.0135135135135135,0.009009009009009,-0.3552281224563001,0.9678407350689129,0.6126126126126128,,,,,,
mamba,mamba_add_rho0.02_wd0.3_tiersNone,1002,0.02,0.3,lowpass,in,22.550930996718535,54.275862068995714,0.2657657657657657,0.1846846846846846,,,,,,,,,
mamba,mamba_add_rho0.02_wd0.3_tiersNone,1002,0.02,0.3,neurons,units,,,0.2477477477477477,0.2477477477477477,,,,0.009279254932799796,-0.00027024592379054635,0.00900900900900925,0.17468477395511006,0.0009909017205658177,0.17567567567567588
mamba,mamba_add_rho0.02_wd0.3_tiersNone,1002,0.02,0.3,randk,both,,,0.0855855855855855,0.0855855855855855,,,,,,,,,
mamba,mamba_add_rho0.02_wd0.3_tiersNone,1002,0.02,0.3,randk,in,,,0.058558558558558495,0.058558558558558495,,,,,,,,,
mamba,mamba_add_rho0.02_wd0.3_tiersNone,1002,0.02,0.3,randk,out,,,0.009009009009009,0.009009009009009,,,,,,,,,
mamba,mamba_add_rho0.02_wd0.3_tiersNone,1002,0.02,0.3,randunits,units,,,0.0165165165165165,0.0165165165165165,,,,0.002582620454884147,0.0004203825481189731,0.0030030030030031205,0.006516605786941798,0.0009909017205658177,0.007507507507507616
mamba,mamba_add_rho0.02_wd0.3_tiersNone,1002,0.02,0.3,residual,both,,,0.0855855855855855,0.0855855855855855,,,,,,,,,
mamba,mamba_add_rho0.02_wd0.3_tiersNone,1002,0.02,0.3,residual,in,,,0.0585585585585585,0.0585585585585585,,,,,,,,,
mamba,mamba_add_rho0.02_wd0.3_tiersNone,1002,0.02,0.3,residual,out,,,0.009009009009009,0.009009009009009,,,,,,,,,
mamba,mamba_add_rho0.02_wd0.3_tiersNone,1002,0.02,0.3,topk,both,0.8553333685543989,0.8732227488150363,0.0045045045045045,0.0045045045045045,,,,,,,,,
mamba,mamba_add_rho0.02_wd0.3_tiersNone,1002,0.02,0.3,topk,in,0.8658647243475293,0.9005524861876606,0.0045045045045045,0.0045045045045045,,,,,,,,,
mamba,mamba_add_rho0.02_wd0.3_tiersNone,1002,0.02,0.3,topk,out,0.870540324852001,0.9460431654673128,0.0045045045045045,0.0045045045045045,,,,,,,,,
mamba,mamba_add_rho0.05_wd0.1_tiersNone,1000,0.05,0.1,ebottom,in,0.7639228845899843,0.2536016949151282,0.9873873873873874,0.9873873873873874,0.9923417336803521,-0.006756148094766434,0.9855855855855856,,,,,,
mamba,mamba_add_rho0.05_wd0.1_tiersNone,1000,0.05,0.1,erand,in,0.5305532165711504,0.3520533880901711,0.20480480480480479,0.05405405405405403,0.41099557353948873,0.3841996216557065,0.7951951951951952,,,,,,
mamba,mamba_add_rho0.05_wd0.1_tiersNone,1000,0.05,0.1,etop,in,0.23165760869557872,0.7615107913666609,0.009009009009009,0.0018018018018018,-0.8600913317605506,0.9862174578866768,0.12612612612612617,,,,,,
mamba,mamba_add_rho0.05_wd0.1_tiersNone,1000,0.05,0.1,lowpass,in,38.45300034687929,49.71283783788337,0.09009009009009,0.0018018018018018,,,,,,,,,
mamba,mamba_add_rho0.05_wd0.1_tiersNone,1000,0.05,0.1,neurons,units,,,0.0486486486486486,0.0486486486486486,,,,0.009909666445113707,-0.0027024592379064627,0.007207207207207245,0.05324299166295421,-0.0027925412125036075,0.0504504504504506
mamba,mamba_add_rho0.05_wd0.1_tiersNone,1000,0.05,0.1,randk,both,,,0.0216216216216216,0.0216216216216216,,,,,,,,,
mamba,mamba_add_rho0.05_wd0.1_tiersNone,1000,0.05,0.1,randk,in,,,0.0144144144144144,0.0144144144144144,,,,,,,,,
mamba,mamba_add_rho0.05_wd0.1_tiersNone,1000,0.05,0.1,randk,out,,,0.0018018018018018,0.0018018018018018,,,,,,,,,
mamba,mamba_add_rho0.05_wd0.1_tiersNone,1000,0.05,0.1,randunits,units,,,0.012012012012012,0.012012012012012,,,,-0.0018016935952256026,0.0012010929946250082,-0.0006006006006005945,-0.006786067213055709,0.007987268414256898,0.001201201201201189
mamba,mamba_add_rho0.05_wd0.1_tiersNone,1000,0.05,0.1,residual,both,,,0.0216216216216216,0.0216216216216216,,,,,,,,,
mamba,mamba_add_rho0.05_wd0.1_tiersNone,1000,0.05,0.1,residual,in,,,0.0144144144144144,0.0144144144144144,,,,,,,,,
mamba,mamba_add_rho0.05_wd0.1_tiersNone,1000,0.05,0.1,residual,out,,,0.0018018018018018,0.0018018018018018,,,,,,,,,
mamba,mamba_add_rho0.05_wd0.1_tiersNone,1000,0.05,0.1,topk,both,0.8365005966585967,0.8766084558822238,0.0144144144144144,0.0018018018018018,,,,,,,,,
mamba,mamba_add_rho0.05_wd0.1_tiersNone,1000,0.05,0.1,topk,in,0.8559645337822378,0.8899291497974137,0.0018018018018018,0.0018018018018018,,,,,,,,,
mamba,mamba_add_rho0.05_wd0.1_tiersNone,1000,0.05,0.1,topk,out,0.8661314686676456,0.9234374999997593,0.0018018018018018,0.0018018018018018,,,,,,,,,
mamba,mamba_add_rho0.05_wd0.1_tiersNone,1001,0.05,0.1,ebottom,in,0.8265560471975967,0.27057522123876476,0.954954954954955,0.954954954954955,0.9668464248412002,-0.004684262679037987,0.9621621621621622,,,,,,
mamba,mamba_add_rho0.05_wd0.1_tiersNone,1001,0.05,0.1,erand,in,0.6682383808092545,0.3600877192979531,0.3501501501501501,0.18918918918918914,0.6289936274442175,0.16259796414737407,0.7915915915915916,,,,,,
mamba,mamba_add_rho0.05_wd0.1_tiersNone,1001,0.05,0.1,etop,in,0.3346996386629663,0.7383333333331915,0.0072072072072072,0.0018018018018018,-0.7039685573331191,0.9490136023781642,0.2450450450450451,,,,,,
mamba,mamba_add_rho0.05_wd0.1_tiersNone,1001,0.05,0.1,lowpass,in,33.32331902721083,46.94915254237535,0.1639639639639639,0.1639639639639639,,,,,,,,,
mamba,mamba_add_rho0.05_wd0.1_tiersNone,1001,0.05,0.1,neurons,units,,,0.1387387387387387,0.1387387387387387,,,,0.007657454770327421,-0.0022520493649219597,0.005405405405405461,0.07378346727954865,-0.003513197009278435,0.07027027027027022
mamba,mamba_add_rho0.05_wd0.1_tiersNone,1001,0.05,0.1,randk,both,,,0.0306306306306306,0.0306306306306306,,,,,,,,,
mamba,mamba_add_rho0.05_wd0.1_tiersNone,1001,0.05,0.1,randk,in,,,0.018018018018018,0.018018018018018,,,,,,,,,
mamba,mamba_add_rho0.05_wd0.1_tiersNone,1001,0.05,0.1,randk,out,,,0.0018018018018018,0.0018018018018018,,,,,,,,,
mamba,mamba_add_rho0.05_wd0.1_tiersNone,1001,0.05,0.1,randunits,units,,,0.0084084084084084,0.0084084084084084,,,,-0.0006305738221780895,0.0006305738221780895,0.0,-0.0028525958622345935,0.0028525958622345935,0.0
mamba,mamba_add_rho0.05_wd0.1_tiersNone,1001,0.05,0.1,residual,both,,,0.0306306306306306,0.0306306306306306,,,,,,,,,
mamba,mamba_add_rho0.05_wd0.1_tiersNone,1001,0.05,0.1,residual,in,,,0.018018018018018,0.018018018018018,,,,,,,,,
mamba,mamba_add_rho0.05_wd0.1_tiersNone,1001,0.05,0.1,residual,out,,,0.0018018018018018,0.0018018018018018,,,,,,,,,
mamba,mamba_add_rho0.05_wd0.1_tiersNone,1001,0.05,0.1,topk,both,0.8380200308165252,0.8749999999998722,0.0054054054054054,0.0018018018018018,,,,,,,,,
mamba,mamba_add_rho0.05_wd0.1_tiersNone,1001,0.05,0.1,topk,in,0.8575088431126515,0.8876262626261083,0.0054054054054054,0.0018018018018018,,,,,,,,,
mamba,mamba_add_rho0.05_wd0.1_tiersNone,1001,0.05,0.1,topk,out,0.8695502795942255,0.936824324324044,0.0018018018018018,0.0018018018018018,,,,,,,,,
mamba,mamba_add_rho0.05_wd0.1_tiersNone,1002,0.05,0.1,ebottom,in,0.8141838487972238,0.31887417218536107,0.8918918918918919,0.8918918918918919,0.8652248681435242,-0.003963606882262827,0.8612612612612613,,,,,,
mamba,mamba_add_rho0.05_wd0.1_tiersNone,1002,0.05,0.1,erand,in,0.5447135997254768,0.35068681318658135,0.12492492492492487,0.10990990990990986,0.45828871840942814,0.3381076779869683,0.7963963963963964,,,,,,
mamba,mamba_add_rho0.05_wd0.1_tiersNone,1002,0.05,0.1,etop,in,0.33502288329510554,0.6729885057466607,0.0126126126126126,0.0036036036036036,-0.5431551901419482,0.9773894243761825,0.43423423423423424,,,,,,
mamba,mamba_add_rho0.05_wd0.1_tiersNone,1002,0.05,0.1,lowpass,in,49.199062011512126,53.84636871511505,0.0342342342342342,0.0,,,,,,,,,
mamba,mamba_add_rho0.05_wd0.1_tiersNone,1002,0.05,0.1,neurons,units,,,0.1243243243243243,0.1243243243243243,,,,0.003333195369948583,-0.0015313935681467994,0.0018018018018017834,0.036756529522946835,-0.002522295288712617,0.03423423423423422
mamba,mamba_add_rho0.05_wd0.1_tiersNone,1002,0.05,0.1,randk,both,,,0.0108108108108108,0.0108108108108108,,,,,,,,,
mamba,mamba_add_rho0.05_wd0.1_tiersNone,1002,0.05,0.1,randk,in,,,0.0036036036036036,0.0036036036036036,,,,,,,,,
mamba,mamba_add_rho0.05_wd0.1_tiersNone,1002,0.05,0.1,randk,out,,,0.0,0.0,,,,,,,,,
mamba,mamba_add_rho0.05_wd0.1_tiersNone,1002,0.05,0.1,randunits,units,,,0.0024024024024024,0.0024024024024024,,,,-0.0005404918475813517,0.0005404918475813517,0.0,-0.0002999486289280891,0.003903552232531693,0.0036036036036036037
mamba,mamba_add_rho0.05_wd0.1_tiersNone,1002,0.05,0.1,residual,both,,,0.0108108108108108,0.0108108108108108,,,,,,,,,
mamba,mamba_add_rho0.05_wd0.1_tiersNone,1002,0.05,0.1,residual,in,,,0.0036036036036036,0.0036036036036036,,,,,,,,,
mamba,mamba_add_rho0.05_wd0.1_tiersNone,1002,0.05,0.1,residual,out,,,0.0,0.0,,,,,,,,,
mamba,mamba_add_rho0.05_wd0.1_tiersNone,1002,0.05,0.1,topk,both,0.8444573996131215,0.8761405109487774,0.0054054054054054,0.0,,,,,,,,,
mamba,mamba_add_rho0.05_wd0.1_tiersNone,1002,0.05,0.1,topk,in,0.8623354105939042,0.8816666666665275,0.0036036036036036,0.0,,,,,,,,,
mamba,mamba_add_rho0.05_wd0.1_tiersNone,1002,0.05,0.1,topk,out,0.867392874337862,0.9595921450147543,0.0018018018018018,0.0,,,,,,,,,
mamba,mamba_add_rho0.05_wd0.3_tiersNone,1000,0.05,0.3,ebottom,in,0.7932284694330578,0.22362385321094905,0.9855855855855856,0.9855855855855856,0.9884680464628218,-0.004684262679037987,0.9837837837837838,,,,,,
mamba,mamba_add_rho0.05_wd0.3_tiersNone,1000,0.05,0.3,erand,in,0.6187476962771263,0.32627314814804687,0.2852852852852853,0.21741741741741738,0.4819207100082697,0.31988109179353225,0.8018018018018019,,,,,,
mamba,mamba_add_rho0.05_wd0.3_tiersNone,1000,0.05,0.3,etop,in,0.26039741219942375,0.7486206896549863,0.009009009009009,0.009009009009009,-0.7936064521417192,0.9683812269164941,0.17477477477477488,,,,,,
mamba,mamba_add_rho0.05_wd0.3_tiersNone,1000,0.05,0.3,lowpass,in,38.87536656893352,53.550143266508165,0.1045045045045045,0.0036036036036036,,,,,,,,,
mamba,mamba_add_rho0.05_wd0.3_tiersNone,1000,0.05,0.3,neurons,units,,,0.0594594594594594,0.0594594594594594,,,,0.005765733303793041,-0.00036032789838758017,0.005405405405405461,0.04027037577168191,0.0011710656697595523,0.04144144144144146
mamba,mamba_add_rho0.05_wd0.3_tiersNone,1000,0.05,0.3,randk,both,,,0.04684684684684679,0.04684684684684679,,,,,,,,,
mamba,mamba_add_rho0.05_wd0.3_tiersNone,1000,0.05,0.3,randk,in,,,0.045045045045045,0.045045045045045,,,,,,,,,
mamba,mamba_add_rho0.05_wd0.3_tiersNone,1000,0.05,0.3,randk,out,,,0.0054054054054054,0.0054054054054054,,,,,,,,,
mamba,mamba_add_rho0.05_wd0.3_tiersNone,1000,0.05,0.3,randunits,units,,,0.009009009009009,0.009009009009009,,,,-0.0002401103923489837,0.0014413115935502097,0.0012012012012012259,0.0018022346281061734,0.004804371978500477,0.0066066066066066504
mamba,mamba_add_rho0.05_wd0.3_tiersNone,1000,0.05,0.3,residual,both,,,0.0468468468468468,0.0468468468468468,,,,,,,,,
mamba,mamba_add_rho0.05_wd0.3_tiersNone,1000,0.05,0.3,residual,in,,,0.045045045045045,0.045045045045045,,,,,,,,,
mamba,mamba_add_rho0.05_wd0.3_tiersNone,1000,0.05,0.3,residual,out,,,0.0126126126126126,0.0126126126126126,,,,,,,,,
mamba,mamba_add_rho0.05_wd0.3_tiersNone,1000,0.05,0.3,topk,both,0.8314740420270823,0.8752297794116369,0.0054054054054054,0.0036036036036036,,,,,,,,,
mamba,mamba_add_rho0.05_wd0.3_tiersNone,1000,0.05,0.3,topk,in,0.8493096050169323,0.8891414141412581,0.0036036036036036,0.0036036036036036,,,,,,,,,
mamba,mamba_add_rho0.05_wd0.3_tiersNone,1000,0.05,0.3,topk,out,0.8587384851585254,0.9013888888887022,0.0036036036036036,0.0036036036036036,,,,,,,,,
mamba,mamba_add_rho0.05_wd0.3_tiersNone,1001,0.05,0.3,ebottom,in,0.8092350915352361,0.2276119402984312,0.9693693693693692,0.9693693693693692,0.9763960880076547,-0.003423115034681623,0.972972972972973,,,,,,
mamba,mamba_add_rho0.05_wd0.3_tiersNone,1001,0.05,0.3,erand,in,0.6681983511148711,0.3582964601767764,0.19099099099099096,0.1099099099099099,0.5544636970994958,0.21370447106867238,0.7681681681681681,,,,,,
mamba,mamba_add_rho0.05_wd0.3_tiersNone,1001,0.05,0.3,etop,in,0.34704317897355375,0.7417857142855486,0.009009009009009,0.009009009009009,-0.7053197869520722,0.9503648319971173,0.2450450450450451,,,,,,
mamba,mamba_add_rho0.05_wd0.3_tiersNone,1001,0.05,0.3,lowpass,in,24.032713754712603,48.140287769835794,0.1711711711711711,0.1603603603603603,,,,,,,,,
mamba,mamba_add_rho0.05_wd0.3_tiersNone,1001,0.05,0.3,neurons,units,,,0.1783783783783784,0.1783783783783784,,,,0.0018918837763988172,-9.008197459703382e-05,0.0018018018018017834,0.02801792874759279,-0.0009909017205658177,0.027027027027026973
mamba,mamba_add_rho0.05_wd0.3_tiersNone,1001,0.05,0.3,randk,both,,,0.0612612612612612,0.0612612612612612,,,,,,,,,
mamba,mamba_add_rho0.05_wd0.3_tiersNone,1001,0.05,0.3,randk,in,,,0.0378378378378378,0.0378378378378378,,,,,,,,,
mamba,mamba_add_rho0.05_wd0.3_tiersNone,1001,0.05,0.3,randk,out,,,0.006006006006006,0.006006006006006,,,,,,,,,
mamba,mamba_add_rho0.05_wd0.3_tiersNone,1001,0.05,0.3,randunits,units,,,0.006606606606606599,0.006606606606606599,,,,0.0011412006547580529,0.0006606011470437304,0.0018018018018017834,-0.0019816952345551955,0.0031828964357563847,0.001201201201201189
mamba,mamba_add_rho0.05_wd0.3_tiersNone,1001,0.05,0.3,residual,both,,,0.0612612612612612,0.0612612612612612,,,,,,,,,
mamba,mamba_add_rho0.05_wd0.3_tiersNone,1001,0.05,0.3,residual,in,,,0.0378378378378378,0.0378378378378378,,,,,,,,,
mamba,mamba_add_rho0.05_wd0.3_tiersNone,1001,0.05,0.3,residual,out,,,0.0072072072072072,0.0072072072072072,,,,,,,,,
mamba,mamba_add_rho0.05_wd0.3_tiersNone,1001,0.05,0.3,topk,both,0.8267438173746542,0.8754553734060663,0.0054054054054054,0.0018018018018018,,,,,,,,,
mamba,mamba_add_rho0.05_wd0.3_tiersNone,1001,0.05,0.3,topk,in,0.8454537758210792,0.8871047430828536,0.0018018018018018,0.0018018018018018,,,,,,,,,
mamba,mamba_add_rho0.05_wd0.3_tiersNone,1001,0.05,0.3,topk,out,0.8615201005023881,0.9253205128202633,0.0018018018018018,0.0018018018018018,,,,,,,,,
mamba,mamba_add_rho0.05_wd0.3_tiersNone,1002,0.05,0.3,ebottom,in,0.7402070442645297,0.24852216748755207,0.9693693693693692,0.9693693693693692,0.9850444444985478,-0.0066660661201694005,0.9783783783783784,,,,,,
mamba,mamba_add_rho0.05_wd0.3_tiersNone,1002,0.05,0.3,erand,in,0.42172295363438833,0.28258426966261235,0.07027027027027023,0.0168168168168168,0.3195976446674582,0.5338558087859954,0.8534534534534535,,,,,,
mamba,mamba_add_rho0.05_wd0.3_tiersNone,1002,0.05,0.3,etop,in,0.17633838383795583,0.6255434782607154,0.009009009009009,0.0036036036036036,-0.6651362469577046,0.9876587694802271,0.32252252252252256,,,,,,
mamba,mamba_add_rho0.05_wd0.3_tiersNone,1002,0.05,0.3,lowpass,in,56.56948529414136,57.73529411766748,0.0702702702702702,0.0,,,,,,,,,
mamba,mamba_add_rho0.05_wd0.3_tiersNone,1002,0.05,0.3,neurons,units,,,0.1621621621621621,0.1621621621621621,,,,0.008288190902369874,-0.0010809836951626295,0.007207207207207245,0.07108100804164197,-0.0008107377713717501,0.07027027027027022
mamba,mamba_add_rho0.05_wd0.3_tiersNone,1002,0.05,0.3,randk,both,,,0.055855855855855806,0.055855855855855806,,,,,,,,,
mamba,mamba_add_rho0.05_wd0.3_tiersNone,1002,0.05,0.3,randk,in,,,0.0342342342342342,0.0342342342342342,,,,,,,,,
mamba,mamba_add_rho0.05_wd0.3_tiersNone,1002,0.05,0.3,randk,out,,,0.0018018018018018,0.0018018018018018,,,,,,,,,
mamba,mamba_add_rho0.05_wd0.3_tiersNone,1002,0.05,0.3,randunits,units,,,0.004804804804804799,0.004804804804804799,,,,0.0016216378526079007,0.0001801639491938826,0.0018018018018017834,0.0022225089696488545,0.0031828964357565326,0.0054054054054053875
mamba,mamba_add_rho0.05_wd0.3_tiersNone,1002,0.05,0.3,residual,both,,,0.0558558558558558,0.0558558558558558,,,,,,,,,
mamba,mamba_add_rho0.05_wd0.3_tiersNone,1002,0.05,0.3,residual,in,,,0.0342342342342342,0.0342342342342342,,,,,,,,,
mamba,mamba_add_rho0.05_wd0.3_tiersNone,1002,0.05,0.3,residual,out,,,0.0018018018018018,0.0018018018018018,,,,,,,,,
mamba,mamba_add_rho0.05_wd0.3_tiersNone,1002,0.05,0.3,topk,both,0.8391997416626362,0.8743081180810536,0.0018018018018018,0.0,,,,,,,,,
mamba,mamba_add_rho0.05_wd0.3_tiersNone,1002,0.05,0.3,topk,in,0.8550396825395592,0.8856060606059086,0.0036036036036036,0.0,,,,,,,,,
mamba,mamba_add_rho0.05_wd0.3_tiersNone,1002,0.05,0.3,topk,out,0.8669104071517542,0.9690514469449467,0.0018018018018018,0.0018018018018018,,,,,,,,,
mamba,mamba_add_rho0_wd0.1_tiersNone,1000,0.0,0.1,ebottom,in,0.6428323334384353,,,,,0.040987298441582,,,,,,,
mamba,mamba_add_rho0_wd0.1_tiersNone,1000,0.0,0.1,erand,in,0.5392377420682896,,,,,0.3570248926523136,,,,,,,
mamba,mamba_add_rho0_wd0.1_tiersNone,1000,0.0,0.1,etop,in,0.34694362689596536,,,,,0.9315376993063688,,,,,,,
mamba,mamba_add_rho0_wd0.1_tiersNone,1000,0.0,0.1,lowpass,in,56.1813804173599,,,,,,,,,,,,
mamba,mamba_add_rho0_wd0.1_tiersNone,1000,0.0,0.1,randk,both,,,,,,,,,,,,,
mamba,mamba_add_rho0_wd0.1_tiersNone,1000,0.0,0.1,randk,in,,,,,,,,,,,,,
mamba,mamba_add_rho0_wd0.1_tiersNone,1000,0.0,0.1,randk,out,,,,,,,,,,,,,
mamba,mamba_add_rho0_wd0.1_tiersNone,1000,0.0,0.1,residual,both,,,,,,,,,,,,,
mamba,mamba_add_rho0_wd0.1_tiersNone,1000,0.0,0.1,residual,in,,,,,,,,,,,,,
mamba,mamba_add_rho0_wd0.1_tiersNone,1000,0.0,0.1,residual,out,,,,,,,,,,,,,
mamba,mamba_add_rho0_wd0.1_tiersNone,1000,0.0,0.1,topk,both,0.8706575096760748,,,,,,,,,,,,
mamba,mamba_add_rho0_wd0.1_tiersNone,1000,0.0,0.1,topk,in,0.8746692518246912,,,,,,,,,,,,
mamba,mamba_add_rho0_wd0.1_tiersNone,1000,0.0,0.1,topk,out,0.8749196658096413,,,,,,,,,,,,
mamba,mamba_add_rho0_wd0.1_tiersNone,1001,0.0,0.1,ebottom,in,0.7166741121286162,,,,,0.0018016394919377898,,,,,,,
mamba,mamba_add_rho0_wd0.1_tiersNone,1001,0.0,0.1,erand,in,0.6532607342872714,,,,,0.19971173768129014,,,,,,,
mamba,mamba_add_rho0_wd0.1_tiersNone,1001,0.0,0.1,etop,in,0.363077816492288,,,,,0.878299252319611,,,,,,,
mamba,mamba_add_rho0_wd0.1_tiersNone,1001,0.0,0.1,lowpass,in,40.0694237288255,,,,,,,,,,,,
mamba,mamba_add_rho0_wd0.1_tiersNone,1001,0.0,0.1,randk,both,,,,,,,,,,,,,
mamba,mamba_add_rho0_wd0.1_tiersNone,1001,0.0,0.1,randk,in,,,,,,,,,,,,,
mamba,mamba_add_rho0_wd0.1_tiersNone,1001,0.0,0.1,randk,out,,,,,,,,,,,,,
mamba,mamba_add_rho0_wd0.1_tiersNone,1001,0.0,0.1,residual,both,,,,,,,,,,,,,
mamba,mamba_add_rho0_wd0.1_tiersNone,1001,0.0,0.1,residual,in,,,,,,,,,,,,,
mamba,mamba_add_rho0_wd0.1_tiersNone,1001,0.0,0.1,residual,out,,,,,,,,,,,,,
mamba,mamba_add_rho0_wd0.1_tiersNone,1001,0.0,0.1,topk,both,0.8681859770777894,,,,,,,,,,,,
mamba,mamba_add_rho0_wd0.1_tiersNone,1001,0.0,0.1,topk,in,0.8738275862067701,,,,,,,,,,,,
mamba,mamba_add_rho0_wd0.1_tiersNone,1001,0.0,0.1,topk,out,0.875354204753072,,,,,,,,,,,,
mamba,mamba_add_rho0_wd0.1_tiersNone,1002,0.0,0.1,ebottom,in,0.7347520184543516,,,,,0.004323934780650407,,,,,,,
mamba,mamba_add_rho0_wd0.1_tiersNone,1002,0.0,0.1,erand,in,0.651717923153484,,,,,0.11131129327688212,,,,,,,
mamba,mamba_add_rho0_wd0.1_tiersNone,1002,0.0,0.1,etop,in,0.43043566775230546,,,,,0.6537248896495813,,,,,,,
mamba,mamba_add_rho0_wd0.1_tiersNone,1002,0.0,0.1,lowpass,in,17.07717934485111,,,,,,,,,,,,
mamba,mamba_add_rho0_wd0.1_tiersNone,1002,0.0,0.1,randk,both,,,,,,,,,,,,,
mamba,mamba_add_rho0_wd0.1_tiersNone,1002,0.0,0.1,randk,in,,,,,,,,,,,,,
mamba,mamba_add_rho0_wd0.1_tiersNone,1002,0.0,0.1,randk,out,,,,,,,,,,,,,
mamba,mamba_add_rho0_wd0.1_tiersNone,1002,0.0,0.1,residual,both,,,,,,,,,,,,,
mamba,mamba_add_rho0_wd0.1_tiersNone,1002,0.0,0.1,residual,in,,,,,,,,,,,,,
mamba,mamba_add_rho0_wd0.1_tiersNone,1002,0.0,0.1,residual,out,,,,,,,,,,,,,
mamba,mamba_add_rho0_wd0.1_tiersNone,1002,0.0,0.1,topk,both,0.8706078209123134,,,,,,,,,,,,
mamba,mamba_add_rho0_wd0.1_tiersNone,1002,0.0,0.1,topk,in,0.874507242390779,,,,,,,,,,,,
mamba,mamba_add_rho0_wd0.1_tiersNone,1002,0.0,0.1,topk,out,0.8763397764747707,,,,,,,,,,,,
mamba,mamba_add_rho0_wd0.3_tiersNone,1000,0.0,0.3,ebottom,in,0.6506990044480909,,,,,0.001711557517340756,,,,,,,
mamba,mamba_add_rho0_wd0.3_tiersNone,1000,0.0,0.3,erand,in,0.620993094675568,,,,,0.22817764165390506,,,,,,,
mamba,mamba_add_rho0_wd0.3_tiersNone,1000,0.0,0.3,etop,in,0.37846793349147956,,,,,0.7992973605981444,,,,,,,
mamba,mamba_add_rho0_wd0.3_tiersNone,1000,0.0,0.3,lowpass,in,44.62513426424207,,,,,,,,,,,,
mamba,mamba_add_rho0_wd0.3_tiersNone,1000,0.0,0.3,randk,both,,,,,,,,,,,,,
mamba,mamba_add_rho0_wd0.3_tiersNone,1000,0.0,0.3,randk,in,,,,,,,,,,,,,
mamba,mamba_add_rho0_wd0.3_tiersNone,1000,0.0,0.3,randk,out,,,,,,,,,,,,,
mamba,mamba_add_rho0_wd0.3_tiersNone,1000,0.0,0.3,residual,both,,,,,,,,,,,,,
mamba,mamba_add_rho0_wd0.3_tiersNone,1000,0.0,0.3,residual,in,,,,,,,,,,,,,
mamba,mamba_add_rho0_wd0.3_tiersNone,1000,0.0,0.3,residual,out,,,,,,,,,,,,,
mamba,mamba_add_rho0_wd0.3_tiersNone,1000,0.0,0.3,topk,both,0.873651079136564,,,,,,,,,,,,
mamba,mamba_add_rho0_wd0.3_tiersNone,1000,0.0,0.3,topk,in,0.8755916082641855,,,,,,,,,,,,
mamba,mamba_add_rho0_wd0.3_tiersNone,1000,0.0,0.3,topk,out,0.8775885180732721,,,,,,,,,,,,
mamba,mamba_add_rho0_wd0.3_tiersNone,1001,0.0,0.3,ebottom,in,0.6424070148389919,,,,,0.046482298891991625,,,,,,,
mamba,mamba_add_rho0_wd0.3_tiersNone,1001,0.0,0.3,erand,in,0.6076893746822355,,,,,0.3454643725790469,,,,,,,
mamba,mamba_add_rho0_wd0.3_tiersNone,1001,0.0,0.3,etop,in,0.41421207658316417,,,,,0.7620935050896316,,,,,,,
mamba,mamba_add_rho0_wd0.3_tiersNone,1001,0.0,0.3,lowpass,in,39.412122889578654,,,,,,,,,,,,
mamba,mamba_add_rho0_wd0.3_tiersNone,1001,0.0,0.3,randk,both,,,,,,,,,,,,,
mamba,mamba_add_rho0_wd0.3_tiersNone,1001,0.0,0.3,randk,in,,,,,,,,,,,,,
mamba,mamba_add_rho0_wd0.3_tiersNone,1001,0.0,0.3,randk,out,,,,,,,,,,,,,
mamba,mamba_add_rho0_wd0.3_tiersNone,1001,0.0,0.3,residual,both,,,,,,,,,,,,,
mamba,mamba_add_rho0_wd0.3_tiersNone,1001,0.0,0.3,residual,in,,,,,,,,,,,,,
mamba,mamba_add_rho0_wd0.3_tiersNone,1001,0.0,0.3,residual,out,,,,,,,,,,,,,
mamba,mamba_add_rho0_wd0.3_tiersNone,1001,0.0,0.3,topk,both,0.8589872309750581,,,,,,,,,,,,
mamba,mamba_add_rho0_wd0.3_tiersNone,1001,0.0,0.3,topk,in,0.8706884298302531,,,,,,,,,,,,
mamba,mamba_add_rho0_wd0.3_tiersNone,1001,0.0,0.3,topk,out,0.8753605321919062,,,,,,,,,,,,
mamba,mamba_add_rho0_wd0.3_tiersNone,1002,0.0,0.3,ebottom,in,0.8005298150841459,,,,,9.008197459681178e-05,,,,,,,
mamba,mamba_add_rho0_wd0.3_tiersNone,1002,0.0,0.3,erand,in,0.7517152957577314,,,,,0.00927844338347894,,,,,,,
mamba,mamba_add_rho0_wd0.3_tiersNone,1002,0.0,0.3,etop,in,0.5608816521047377,,,,,0.1547608323574453,,,,,,,
mamba,mamba_add_rho0_wd0.3_tiersNone,1002,0.0,0.3,lowpass,in,19.3147335423279,,,,,,,,,,,,
mamba,mamba_add_rho0_wd0.3_tiersNone,1002,0.0,0.3,randk,both,,,,,,,,,,,,,
mamba,mamba_add_rho0_wd0.3_tiersNone,1002,0.0,0.3,randk,in,,,,,,,,,,,,,
mamba,mamba_add_rho0_wd0.3_tiersNone,1002,0.0,0.3,randk,out,,,,,,,,,,,,,
mamba,mamba_add_rho0_wd0.3_tiersNone,1002,0.0,0.3,residual,both,,,,,,,,,,,,,
mamba,mamba_add_rho0_wd0.3_tiersNone,1002,0.0,0.3,residual,in,,,,,,,,,,,,,
mamba,mamba_add_rho0_wd0.3_tiersNone,1002,0.0,0.3,residual,out,,,,,,,,,,,,,
mamba,mamba_add_rho0_wd0.3_tiersNone,1002,0.0,0.3,topk,both,0.8757262823421339,,,,,,,,,,,,
mamba,mamba_add_rho0_wd0.3_tiersNone,1002,0.0,0.3,topk,in,0.8757142209322152,,,,,,,,,,,,
mamba,mamba_add_rho0_wd0.3_tiersNone,1002,0.0,0.3,topk,out,0.8757704160245268,,,,,,,,,,,,
transformer,transformer_add_rho0.02_wd0.1_tiersNone,1000,0.02,0.1,ebottom,in,0.62468297101441,0.2849999999996855,0.4774774774774775,0.4774774774774775,0.6312835220591277,0.24709485631925066,0.8783783783783784,,,,,,
transformer,transformer_add_rho0.02_wd0.1_tiersNone,1000,0.02,0.1,erand,in,0.4495313313657959,0.22710280373814906,0.15465465465465458,0.08708708708708703,0.27608799683387547,0.5767648560189774,0.8528528528528528,,,,,,
transformer,transformer_add_rho0.02_wd0.1_tiersNone,1000,0.02,0.1,etop,in,0.3239683301342293,0.19102564102538194,0.0765765765765765,0.018018018018018,0.07691620996728632,0.7699306368795606,0.846846846846847,,,,,,
transformer,transformer_add_rho0.02_wd0.1_tiersNone,1000,0.02,0.1,lowpass,in,32.12109181145813,51.98387096778135,0.1666666666666666,0.018018018018018,,,,,,,,,
transformer,transformer_add_rho0.02_wd0.1_tiersNone,1000,0.02,0.1,neurons,units,,,0.3828828828828828,0.3828828828828828,,,,0.032072023379112635,-0.0005404918475812037,0.03153153153153143,0.19207181237628923,-0.0028826231870999752,0.18918918918918926
transformer,transformer_add_rho0.02_wd0.1_tiersNone,1000,0.02,0.1,randk,both,,,0.3828828828828828,0.3828828828828828,,,,,,,,,
transformer,transformer_add_rho0.02_wd0.1_tiersNone,1000,0.02,0.1,randk,in,,,0.069069069069069,0.069069069069069,,,,,,,,,
transformer,transformer_add_rho0.02_wd0.1_tiersNone,1000,0.02,0.1,randk,out,,,0.1171171171171171,0.1171171171171171,,,,,,,,,
transformer,transformer_add_rho0.02_wd0.1_tiersNone,1000,0.02,0.1,randunits,units,,,0.024024024024024,0.024024024024024,,,,-0.0008407650962376501,0.000840765096237687,3.700743415417188e-17,-0.0042338528060536324,0.004233852806053669,3.700743415417188e-17
transformer,transformer_add_rho0.02_wd0.1_tiersNone,1000,0.02,0.1,residual,both,,0.9519230769222148,0.481981981981982,0.481981981981982,,,,,,,,,
transformer,transformer_add_rho0.02_wd0.1_tiersNone,1000,0.02,0.1,residual,in,,,0.0855855855855855,0.0855855855855855,,,,,,,,,
transformer,transformer_add_rho0.02_wd0.1_tiersNone,1000,0.02,0.1,residual,out,,,0.1171171171171171,0.1171171171171171,,,,,,,,,
transformer,transformer_add_rho0.02_wd0.1_tiersNone,1000,0.02,0.1,topk,both,0.7160752979410621,0.8725728155338485,0.018018018018018,0.018018018018018,,,,,,,,,
transformer,transformer_add_rho0.02_wd0.1_tiersNone,1000,0.02,0.1,topk,in,0.8406945088043319,0.8596938775508962,0.018018018018018,0.018018018018018,,,,,,,,,
transformer,transformer_add_rho0.02_wd0.1_tiersNone,1000,0.02,0.1,topk,out,0.8595944433135339,,0.018018018018018,0.018018018018018,,,,,,,,,
transformer,transformer_add_rho0.02_wd0.1_tiersNone,1001,0.02,0.1,ebottom,in,0.6157011289363713,0.2899999999995005,0.4549549549549549,0.4504504504504504,0.6066919545434997,0.28069543284388787,0.8873873873873875,,,,,,
transformer,transformer_add_rho0.02_wd0.1_tiersNone,1001,0.02,0.1,erand,in,0.40180659983290307,0.24751381215452128,0.1561561561561561,0.08408408408408408,0.22864549983728447,0.6317148605230759,0.8603603603603603,,,,,,
transformer,transformer_add_rho0.02_wd0.1_tiersNone,1001,0.02,0.1,etop,in,0.24665479018190106,0.15940594059392885,0.0990990990990991,0.018018018018018,-0.0027154440270374947,0.8585712998828934,0.8558558558558559,,,,,,
transformer,transformer_add_rho0.02_wd0.1_tiersNone,1001,0.02,0.1,lowpass,in,30.3492633848398,43.42857142858049,0.1756756756756756,0.1756756756756756,,,,,,,,,
transformer,transformer_add_rho0.02_wd0.1_tiersNone,1001,0.02,0.1,neurons,units,,0.2831050228306961,0.5315315315315315,0.5315315315315315,,,,0.032792679175887796,-0.001261147644356364,0.03153153153153143,0.24720685012550625,-0.003963606882262938,0.2432432432432433
transformer,transformer_add_rho0.02_wd0.1_tiersNone,1001,0.02,0.1,randk,both,,,0.3288288288288288,0.3288288288288288,,,,,,,,,
transformer,transformer_add_rho0.02_wd0.1_tiersNone,1001,0.02,0.1,randk,in,,,0.0405405405405405,0.0405405405405405,,,,,,,,,
transformer,transformer_add_rho0.02_wd0.1_tiersNone,1001,0.02,0.1,randk,out,,,0.0990990990990991,0.0990990990990991,,,,,,,,,
transformer,transformer_add_rho0.02_wd0.1_tiersNone,1001,0.02,0.1,randunits,units,,,0.033033033033033,0.033033033033033,,,,0.002672702429481255,0.0003303005735218652,0.0030030030030031205,-0.0034833049426328624,0.0019818034411313392,-0.0015015015015015232
transformer,transformer_add_rho0.02_wd0.1_tiersNone,1001,0.02,0.1,residual,both,,0.8719512195115348,0.5720720720720721,0.5720720720720721,,,,,,,,,
transformer,transformer_add_rho0.02_wd0.1_tiersNone,1001,0.02,0.1,residual,in,,,0.0675675675675675,0.0675675675675675,,,,,,,,,
transformer,transformer_add_rho0.02_wd0.1_tiersNone,1001,0.02,0.1,residual,out,,,0.0990990990990991,0.0990990990990991,,,,,,,,,
transformer,transformer_add_rho0.02_wd0.1_tiersNone,1001,0.02,0.1,topk,both,0.7248640072524939,0.8744131455397764,0.018018018018018,0.018018018018018,,,,,,,,,
transformer,transformer_add_rho0.02_wd0.1_tiersNone,1001,0.02,0.1,topk,in,0.8463941499494486,0.8663366336632385,0.018018018018018,0.018018018018018,,,,,,,,,
transformer,transformer_add_rho0.02_wd0.1_tiersNone,1001,0.02,0.1,topk,out,0.8635114390411746,,0.018018018018018,0.018018018018018,,,,,,,,,
transformer,transformer_add_rho0.02_wd0.1_tiersNone,1002,0.02,0.1,ebottom,in,0.5888817148757782,0.2749999999997551,0.5540540540540541,0.5540540540540541,0.597493448768109,0.17728132600666602,0.774774774774775,,,,,,
transformer,transformer_add_rho0.02_wd0.1_tiersNone,1002,0.02,0.1,erand,in,0.5312805944055033,0.263829787233741,0.33483483483483484,0.15165165165165165,0.3754095957050649,0.3798456595501906,0.7552552552552555,,,,,,
transformer,transformer_add_rho0.02_wd0.1_tiersNone,1002,0.02,0.1,etop,in,0.28123229461713795,0.21632653061217091,0.1126126126126126,0.054054054054054,-0.004879440290664339,0.8382127736239978,0.8333333333333335,,,,,,
transformer,transformer_add_rho0.02_wd0.1_tiersNone,1002,0.02,0.1,lowpass,in,44.74986609534978,57.87341772154164,0.2162162162162162,0.054054054054054,,,,,,,,,
transformer,transformer_add_rho0.02_wd0.1_tiersNone,1002,0.02,0.1,neurons,units,,0.2559523809520269,0.5945945945945946,0.5945945945945946,,,,0.06909896113571468,-0.0015313935681469104,0.06756756756756777,0.3119814707059103,-0.005675164399603805,0.3063063063063065
transformer,transformer_add_rho0.02_wd0.1_tiersNone,1002,0.02,0.1,randk,both,,,0.3108108108108108,0.3108108108108108,,,,,,,,,
transformer,transformer_add_rho0.02_wd0.1_tiersNone,1002,0.02,0.1,randk,in,,,0.08858858858858853,0.08858858858858853,,,,,,,,,
transformer,transformer_add_rho0.02_wd0.1_tiersNone,1002,0.02,0.1,randk,out,,,0.2117117117117117,0.2117117117117117,,,,,,,,,
transformer,transformer_add_rho0.02_wd0.1_tiersNone,1002,0.02,0.1,randunits,units,,,0.058558558558558495,0.058558558558558495,,,,0.0010811189533828831,0.000420382548118714,0.0015015015015015971,-0.0005103292644953831,0.0020118307659969803,0.0015015015015015971
transformer,transformer_add_rho0.02_wd0.1_tiersNone,1002,0.02,0.1,residual,both,,0.7453703703693616,0.7207207207207207,0.7207207207207207,,,,,,,,,
transformer,transformer_add_rho0.02_wd0.1_tiersNone,1002,0.02,0.1,residual,in,,,0.1261261261261261,0.1261261261261261,,,,,,,,,
transformer,transformer_add_rho0.02_wd0.1_tiersNone,1002,0.02,0.1,residual,out,,,0.2117117117117117,0.2117117117117117,,,,,,,,,
transformer,transformer_add_rho0.02_wd0.1_tiersNone,1002,0.02,0.1,topk,both,0.6911819817115692,0.8577127659573196,0.054054054054054,0.054054054054054,,,,,,,,,
transformer,transformer_add_rho0.02_wd0.1_tiersNone,1002,0.02,0.1,topk,in,0.7833795562598462,0.8343373493974776,0.054054054054054,0.054054054054054,,,,,,,,,
transformer,transformer_add_rho0.02_wd0.1_tiersNone,1002,0.02,0.1,topk,out,0.8693060928431988,,0.054054054054054,0.054054054054054,,,,,,,,,
transformer,transformer_add_rho0.02_wd0.3_tiersNone,1000,0.02,0.3,ebottom,in,0.5653530895329599,0.2024999999999861,0.6171171171171171,0.6171171171171171,0.4647203279308493,0.39564003242951107,0.8603603603603603,,,,,,
transformer,transformer_add_rho0.02_wd0.3_tiersNone,1000,0.02,0.3,erand,in,0.4651361621276543,0.2313513513512385,0.3048048048048047,0.27777777777777773,0.23614759701598712,0.5716602107918207,0.8078078078078078,,,,,,
transformer,transformer_add_rho0.02_wd0.3_tiersNone,1000,0.02,0.3,etop,in,0.39336212411995,0.24716981132055713,0.2027027027027027,0.2027027027027027,0.03294809087080042,0.7238086658859564,0.7567567567567568,,,,,,
transformer,transformer_add_rho0.02_wd0.3_tiersNone,1000,0.02,0.3,lowpass,in,15.015367316343877,41.60000000001236,0.4099099099099099,0.2567567567567567,,,,,,,,,
transformer,transformer_add_rho0.02_wd0.3_tiersNone,1000,0.02,0.3,neurons,units,,0.26851851851809977,0.5495495495495496,0.5495495495495496,,,,0.051261107066890244,-0.001711557517340756,0.04954954954954949,0.2617112653595851,-0.004954508602828422,0.2567567567567567
transformer,transformer_add_rho0.02_wd0.3_tiersNone,1000,0.02,0.3,randk,both,,,0.26426426426426425,0.26426426426426425,,,,,,,,,
transformer,transformer_add_rho0.02_wd0.3_tiersNone,1000,0.02,0.3,randk,in,,,0.10210210210210209,0.10210210210210209,,,,,,,,,
transformer,transformer_add_rho0.02_wd0.3_tiersNone,1000,0.02,0.3,randk,out,,,0.2207207207207207,0.2207207207207207,,,,,,,,,
transformer,transformer_add_rho0.02_wd0.3_tiersNone,1000,0.02,0.3,randunits,units,,,0.1216216216216216,0.1216216216216216,,,,0.006006006006005944,7.401486830834377e-17,0.006006006006006019,0.005315377534096499,0.0006906284719095194,0.006006006006006019
transformer,transformer_add_rho0.02_wd0.3_tiersNone,1000,0.02,0.3,residual,both,,0.8245614035084815,0.6666666666666666,0.6666666666666666,,,,,,,,,
transformer,transformer_add_rho0.02_wd0.3_tiersNone,1000,0.02,0.3,residual,in,,,0.1261261261261261,0.1261261261261261,,,,,,,,,
transformer,transformer_add_rho0.02_wd0.3_tiersNone,1000,0.02,0.3,residual,out,,,0.2207207207207207,0.2207207207207207,,,,,,,,,
transformer,transformer_add_rho0.02_wd0.3_tiersNone,1000,0.02,0.3,topk,both,0.8206486096536222,0.8731884057969693,0.09009009009009,0.09009009009009,,,,,,,,,
transformer,transformer_add_rho0.02_wd0.3_tiersNone,1000,0.02,0.3,topk,in,0.8601321024175026,0.8638743455496058,0.09009009009009,0.09009009009009,,,,,,,,,
transformer,transformer_add_rho0.02_wd0.3_tiersNone,1000,0.02,0.3,topk,out,0.8723401694587563,,0.09009009009009,0.09009009009009,,,,,,,,,
transformer,transformer_add_rho0.02_wd0.3_tiersNone,1001,0.02,0.3,ebottom,in,0.5499999999998502,0.30847457627115454,0.6036036036036037,0.6036036036036037,0.49732635076297804,0.32249346905684173,0.8198198198198198,,,,,,
transformer,transformer_add_rho0.02_wd0.3_tiersNone,1001,0.02,0.3,erand,in,0.4802619589971132,0.2851562499995569,0.2237237237237237,0.18018018018018014,0.27440078579615557,0.5153890039936342,0.7897897897897899,,,,,,
transformer,transformer_add_rho0.02_wd0.3_tiersNone,1001,0.02,0.3,etop,in,0.3556639877533035,0.2710526315785322,0.0945945945945946,0.0495495495495495,0.09303520257488374,0.6907485812089,0.7837837837837838,,,,,,
transformer,transformer_add_rho0.02_wd0.3_tiersNone,1001,0.02,0.3,lowpass,in,28.57737556561659,41.185185185199195,0.2252252252252252,0.2252252252252252,,,,,,,,,
transformer,transformer_add_rho0.02_wd0.3_tiersNone,1001,0.02,0.3,neurons,units,,0.26553672316346977,0.5765765765765766,0.5765765765765766,,,,0.04738717638456402,-0.0023421313395189935,0.04504504504504503,0.29729689152263694,-0.0045040987298442525,0.2927927927927927
transformer,transformer_add_rho0.02_wd0.3_tiersNone,1001,0.02,0.3,randk,both,,,0.2087087087087087,0.2087087087087087,,,,,,,,,
transformer,transformer_add_rho0.02_wd0.3_tiersNone,1001,0.02,0.3,randk,in,,,0.0645645645645645,0.0645645645645645,,,,,,,,,
transformer,transformer_add_rho0.02_wd0.3_tiersNone,1001,0.02,0.3,randk,out,,,0.20270270270270271,0.20270270270270271,,,,,,,,,
transformer,transformer_add_rho0.02_wd0.3_tiersNone,1001,0.02,0.3,randunits,units,,,0.09759759759759752,0.09759759759759752,,,,-0.0003002732486561503,0.0003002732486561503,0.0,0.014534577817164903,0.00048043719784995886,0.015015015015014862
transformer,transformer_add_rho0.02_wd0.3_tiersNone,1001,0.02,0.3,residual,both,,0.9099999999992896,0.5630630630630631,0.5630630630630631,,,,,,,,,
transformer,transformer_add_rho0.02_wd0.3_tiersNone,1001,0.02,0.3,residual,in,,,0.0990990990990991,0.0990990990990991,,,,,,,,,
transformer,transformer_add_rho0.02_wd0.3_tiersNone,1001,0.02,0.3,residual,out,,,0.2027027027027027,0.2027027027027027,,,,,,,,,
transformer,transformer_add_rho0.02_wd0.3_tiersNone,1001,0.02,0.3,topk,both,0.7602886977886778,0.8785046728970629,0.0495495495495495,0.0495495495495495,,,,,,,,,
transformer,transformer_add_rho0.02_wd0.3_tiersNone,1001,0.02,0.3,topk,in,0.8492279371358279,0.8643216080400735,0.0495495495495495,0.0495495495495495,,,,,,,,,
transformer,transformer_add_rho0.02_wd0.3_tiersNone,1001,0.02,0.3,topk,out,0.8668376191850817,,0.0495495495495495,0.0495495495495495,,,,,,,,,
transformer,transformer_add_rho0.02_wd0.3_tiersNone,1002,0.02,0.3,ebottom,in,0.5975247524749727,0.19253731343252922,0.7387387387387387,0.7387387387387387,0.6370398413908007,0.1422394378884786,0.7792792792792793,,,,,,
transformer,transformer_add_rho0.02_wd0.3_tiersNone,1002,0.02,0.3,erand,in,0.4881573796159551,0.21301369863007763,0.37237237237237236,0.2147147147147147,0.24422061914179738,0.5155391406179625,0.7597597597597598,,,,,,
transformer,transformer_add_rho0.02_wd0.3_tiersNone,1002,0.02,0.3,etop,in,0.19447604790387762,0.14923076923060108,0.1261261261261261,0.1081081081081081,-0.11127031003618715,0.8995585983244754,0.7882882882882882,,,,,,
transformer,transformer_add_rho0.02_wd0.3_tiersNone,1002,0.02,0.3,lowpass,in,48.29168186798347,59.500000000020634,0.1981981981981982,0.1081081081081081,,,,,,,,,
transformer,transformer_add_rho0.02_wd0.3_tiersNone,1002,0.02,0.3,neurons,units,,0.18992248062003486,0.6621621621621622,0.6621621621621622,,,,0.10081065661643984,-0.001711557517340756,0.09909909909909909,0.3690987176709185,-0.004233852806053595,0.3648648648648649
transformer,transformer_add_rho0.02_wd0.3_tiersNone,1002,0.02,0.3,randk,both,,,0.4099099099099099,0.4099099099099099,,,,,,,,,
transformer,transformer_add_rho0.02_wd0.3_tiersNone,1002,0.02,0.3,randk,in,,,0.1576576576576576,0.1576576576576576,,,,,,,,,
transformer,transformer_add_rho0.02_wd0.3_tiersNone,1002,0.02,0.3,randk,out,,,0.3378378378378378,0.3378378378378378,,,,,,,,,
transformer,transformer_add_rho0.02_wd0.3_tiersNone,1002,0.02,0.3,randunits,units,,,0.1081081081081081,0.1081081081081081,,,,-0.01822820929207743,0.00021019127405937552,-0.018018018018018056,-0.011621386272318604,0.002612377263309614,-0.009009009009008992
transformer,transformer_add_rho0.02_wd0.3_tiersNone,1002,0.02,0.3,residual,both,,0.6555555555547881,0.7837837837837838,0.7837837837837838,,,,,,,,,
transformer,transformer_add_rho0.02_wd0.3_tiersNone,1002,0.02,0.3,residual,in,,,0.2207207207207207,0.2207207207207207,,,,,,,,,
transformer,transformer_add_rho0.02_wd0.3_tiersNone,1002,0.02,0.3,residual,out,,,0.3378378378378378,0.3378378378378378,,,,,,,,,
transformer,transformer_add_rho0.02_wd0.3_tiersNone,1002,0.02,0.3,topk,both,0.7825767212592842,0.8611111111109865,0.1081081081081081,0.1081081081081081,,,,,,,,,
transformer,transformer_add_rho0.02_wd0.3_tiersNone,1002,0.02,0.3,topk,in,0.8329010009764501,0.8453757225432302,0.1081081081081081,0.1081081081081081,,,,,,,,,
transformer,transformer_add_rho0.02_wd0.3_tiersNone,1002,0.02,0.3,topk,out,0.8699431099872283,,0.1081081081081081,0.1081081081081081,,,,,,,,,
transformer,transformer_add_rho0.05_wd0.1_tiersNone,1000,0.05,0.1,ebottom,in,0.6786613715612411,0.37283464566897306,0.5297297297297298,0.5297297297297298,0.7915378129232737,0.0697234483379876,0.8612612612612613,,,,,,
transformer,transformer_add_rho0.05_wd0.1_tiersNone,1000,0.05,0.1,erand,in,0.5475340909087311,0.32945619335332615,0.11771771771771766,0.10990990990990983,0.4197984490210418,0.4294508002282076,0.8492492492492493,,,,,,
transformer,transformer_add_rho0.05_wd0.1_tiersNone,1000,0.05,0.1,etop,in,0.3766976744183407,0.28999999999963,0.0504504504504504,0.0234234234234234,-0.024885348369719007,0.7726330961174669,0.7477477477477479,,,,,,
transformer,transformer_add_rho0.05_wd0.1_tiersNone,1000,0.05,0.1,lowpass,in,37.398316349153404,45.887323943666104,0.1279279279279279,0.1279279279279279,,,,,,,,,
transformer,transformer_add_rho0.05_wd0.1_tiersNone,1000,0.05,0.1,neurons,units,,,0.3297297297297297,0.3297297297297297,,,,0.00855843682616042,-0.0013512296189531758,0.007207207207207245,0.13756734844925123,-0.0024322133141160274,0.1351351351351352
transformer,transformer_add_rho0.05_wd0.1_tiersNone,1000,0.05,0.1,randk,both,,,0.3063063063063063,0.3063063063063063,,,,,,,,,
transformer,transformer_add_rho0.05_wd0.1_tiersNone,1000,0.05,0.1,randk,in,,,0.009009009009009,0.009009009009009,,,,,,,,,
transformer,transformer_add_rho0.05_wd0.1_tiersNone,1000,0.05,0.1,randk,out,,,0.0216216216216216,0.0216216216216216,,,,,,,,,
transformer,transformer_add_rho0.05_wd0.1_tiersNone,1000,0.05,0.1,randunits,units,,,0.0036036036036036,0.0036036036036036,,,,-0.0015313935681469104,0.0015313935681469104,0.0,-0.007987160207680755,0.009188361408881943,0.001201201201201189
transformer,transformer_add_rho0.05_wd0.1_tiersNone,1000,0.05,0.1,residual,both,,,0.3063063063063063,0.3063063063063063,,,,,,,,,
transformer,transformer_add_rho0.05_wd0.1_tiersNone,1000,0.05,0.1,residual,in,,,0.009009009009009,0.009009009009009,,,,,,,,,
transformer,transformer_add_rho0.05_wd0.1_tiersNone,1000,0.05,0.1,residual,out,,,0.0216216216216216,0.0216216216216216,,,,,,,,,
transformer,transformer_add_rho0.05_wd0.1_tiersNone,1000,0.05,0.1,topk,both,0.7177546296291819,0.877327746741023,0.0018018018018018,0.0018018018018018,,,,,,,,,
transformer,transformer_add_rho0.05_wd0.1_tiersNone,1000,0.05,0.1,topk,in,0.8619566311127749,0.8754708097927125,0.0036036036036036,0.0018018018018018,,,,,,,,,
transformer,transformer_add_rho0.05_wd0.1_tiersNone,1000,0.05,0.1,topk,out,0.8526590058790872,,0.0018018018018018,0.0018018018018018,,,,,,,,,
transformer,transformer_add_rho0.05_wd0.1_tiersNone,1001,0.05,0.1,ebottom,in,0.5146125116712847,0.28412322274859386,0.5207207207207207,0.5207207207207207,0.46724676212109784,0.43905954418520854,0.9063063063063064,,,,,,
transformer,transformer_add_rho0.05_wd0.1_tiersNone,1001,0.05,0.1,erand,in,0.3874883213947503,0.2746719160101724,0.11231231231231227,0.022822822822822803,0.21924756934215547,0.6480196979251119,0.8672672672672673,,,,,,
transformer,transformer_add_rho0.05_wd0.1_tiersNone,1001,0.05,0.1,etop,in,0.23269489247287437,0.16871345029217466,0.0504504504504504,0.0252252252252252,0.005932263224399104,0.848121790829655,0.8540540540540541,,,,,,
transformer,transformer_add_rho0.05_wd0.1_tiersNone,1001,0.05,0.1,lowpass,in,27.17170953102375,38.11764705884835,0.1891891891891892,0.09009009009009,,,,,,,,,
transformer,transformer_add_rho0.05_wd0.1_tiersNone,1001,0.05,0.1,neurons,units,,,0.4018018018018018,0.4018018018018018,,,,0.015315071850518946,-0.0027024592379063517,0.012612612612612595,0.16792740853636257,-0.0057652463742003945,0.16216216216216217
transformer,transformer_add_rho0.05_wd0.1_tiersNone,1001,0.05,0.1,randk,both,,,0.3903903903903904,0.3903903903903904,,,,,,,,,
transformer,transformer_add_rho0.05_wd0.1_tiersNone,1001,0.05,0.1,randk,in,,,0.0222222222222222,0.0222222222222222,,,,,,,,,
transformer,transformer_add_rho0.05_wd0.1_tiersNone,1001,0.05,0.1,randk,out,,,0.0486486486486486,0.0486486486486486,,,,,,,,,
transformer,transformer_add_rho0.05_wd0.1_tiersNone,1001,0.05,0.1,randunits,units,,,0.015015015015015001,0.015015015015015001,,,,0.00021029948063559326,0.0009909017205655957,0.001201201201201189,-0.0044736926819622935,0.008677896886166455,0.004204204204204161
transformer,transformer_add_rho0.05_wd0.1_tiersNone,1001,0.05,0.1,residual,both,,,0.4396396396396396,0.4396396396396396,,,,,,,,,
transformer,transformer_add_rho0.05_wd0.1_tiersNone,1001,0.05,0.1,residual,in,,,0.0324324324324324,0.0324324324324324,,,,,,,,,
transformer,transformer_add_rho0.05_wd0.1_tiersNone,1001,0.05,0.1,residual,out,,,0.0486486486486486,0.0486486486486486,,,,,,,,,
transformer,transformer_add_rho0.05_wd0.1_tiersNone,1001,0.05,0.1,topk,both,0.6402879064111885,0.8712197580643805,0.0036036036036036,0.0036036036036036,,,,,,,,,
transformer,transformer_add_rho0.05_wd0.1_tiersNone,1001,0.05,0.1,topk,in,0.8147227856658934,0.8618972746329935,0.0054054054054054,0.0036036036036036,,,,,,,,,
transformer,transformer_add_rho0.05_wd0.1_tiersNone,1001,0.05,0.1,topk,out,0.8481769687636285,,0.0036036036036036,0.0036036036036036,,,,,,,,,
transformer,transformer_add_rho0.05_wd0.1_tiersNone,1002,0.05,0.1,ebottom,in,0.5366968325790626,0.3165760869564717,0.390990990990991,0.3765765765765765,0.5208442385273303,0.3710476533645617,0.891891891891892,,,,,,
transformer,transformer_add_rho0.05_wd0.1_tiersNone,1002,0.05,0.1,erand,in,0.4492462570984368,0.28040685224810735,0.19219219219219216,0.10690690690690689,0.2738704112634391,0.6282316908386631,0.9021021021021022,,,,,,
transformer,transformer_add_rho0.05_wd0.1_tiersNone,1002,0.05,0.1,etop,in,0.18865241804003186,0.1702095808382067,0.0702702702702702,0.0288288288288288,0.04277741393316581,0.8292946581389063,0.8720720720720722,,,,,,
transformer,transformer_add_rho0.05_wd0.1_tiersNone,1002,0.05,0.1,lowpass,in,58.66979776772794,59.895256917011515,0.018018018018018,0.0018018018018018,,,,,,,,,
transformer,transformer_add_rho0.05_wd0.1_tiersNone,1002,0.05,0.1,neurons,units,,0.3211050724633023,0.463063063063063,0.463063063063063,,,,0.027477274590147593,-0.0022520493649221818,0.02522522522522541,0.19288238783779743,-0.005495000450409959,0.18738738738738747
transformer,transformer_add_rho0.05_wd0.1_tiersNone,1002,0.05,0.1,randk,both,,,0.36456456456456454,0.36456456456456454,,,,,,,,,
transformer,transformer_add_rho0.05_wd0.1_tiersNone,1002,0.05,0.1,randk,in,,,0.0216216216216216,0.0216216216216216,,,,,,,,,
transformer,transformer_add_rho0.05_wd0.1_tiersNone,1002,0.05,0.1,randk,out,,,0.0576576576576576,0.0576576576576576,,,,,,,,,
transformer,transformer_add_rho0.05_wd0.1_tiersNone,1002,0.05,0.1,randunits,units,,,0.0396396396396396,0.0396396396396396,,,,0.0012013094077775177,0.001201092994624971,0.002402402402402489,0.0020125882120298755,0.006395820196378558,0.008408408408408433
transformer,transformer_add_rho0.05_wd0.1_tiersNone,1002,0.05,0.1,residual,both,,0.978860294116713,0.5063063063063064,0.5063063063063064,,,,,,,,,
transformer,transformer_add_rho0.05_wd0.1_tiersNone,1002,0.05,0.1,residual,in,,,0.027027027027027,0.027027027027027,,,,,,,,,
transformer,transformer_add_rho0.05_wd0.1_tiersNone,1002,0.05,0.1,residual,out,,,0.0576576576576576,0.0576576576576576,,,,,,,,,
transformer,transformer_add_rho0.05_wd0.1_tiersNone,1002,0.05,0.1,topk,both,0.6508819589160948,0.868330039525562,0.0054054054054054,0.0018018018018018,,,,,,,,,
transformer,transformer_add_rho0.05_wd0.1_tiersNone,1002,0.05,0.1,topk,in,0.816161650093962,0.8561681222706137,0.0054054054054054,0.0036036036036036,,,,,,,,,
transformer,transformer_add_rho0.05_wd0.1_tiersNone,1002,0.05,0.1,topk,out,0.8555850783961726,,0.0018018018018018,0.0018018018018018,,,,,,,,,
transformer,transformer_add_rho0.05_wd0.3_tiersNone,1000,0.05,0.3,ebottom,in,0.5496832473016069,0.2739583333330483,0.6198198198198198,0.6198198198198198,0.6127289887852002,0.2917755157193045,0.9045045045045047,,,,,,
transformer,transformer_add_rho0.05_wd0.3_tiersNone,1000,0.05,0.3,erand,in,0.4425492074550238,0.29840116279022144,0.19759759759759757,0.07927927927927919,0.16264389783892538,0.680599345404318,0.8432432432432434,,,,,,
transformer,transformer_add_rho0.05_wd0.3_tiersNone,1000,0.05,0.3,etop,in,0.3003629376601178,0.2960526315784797,0.045045045045045,0.018018018018018,0.027461530533325895,0.8229889199171246,0.8504504504504505,,,,,,
transformer,transformer_add_rho0.05_wd0.3_tiersNone,1000,0.05,0.3,lowpass,in,44.80242751180639,51.77955271569435,0.1225225225225225,0.018018018018018,,,,,,,,,
transformer,transformer_add_rho0.05_wd0.3_tiersNone,1000,0.05,0.3,neurons,units,,0.3106060606056334,0.5225225225225225,0.5225225225225225,,,,0.03180153399052599,-0.00297270516169712,0.028828828828828867,0.19819754895874175,-0.007206557967750715,0.19099099099099104
transformer,transformer_add_rho0.05_wd0.3_tiersNone,1000,0.05,0.3,randk,both,,,0.409009009009009,0.409009009009009,,,,,,,,,
transformer,transformer_add_rho0.05_wd0.3_tiersNone,1000,0.05,0.3,randk,in,,,0.08528528528528519,0.08528528528528519,,,,,,,,,
transformer,transformer_add_rho0.05_wd0.3_tiersNone,1000,0.05,0.3,randk,out,,,0.0882882882882882,0.0882882882882882,,,,,,,,,
transformer,transformer_add_rho0.05_wd0.3_tiersNone,1000,0.05,0.3,randunits,units,,,0.039039039039039,0.039039039039039,,,,-0.0011110651233163054,0.0005104645227157478,-0.0006006006006005574,-0.00020986665433094429,0.0038134702579346222,0.003603603603603678
transformer,transformer_add_rho0.05_wd0.3_tiersNone,1000,0.05,0.3,residual,both,,,0.4306306306306306,0.4306306306306306,,,,,,,,,
transformer,transformer_add_rho0.05_wd0.3_tiersNone,1000,0.05,0.3,residual,in,,,0.09009009009009,0.09009009009009,,,,,,,,,
transformer,transformer_add_rho0.05_wd0.3_tiersNone,1000,0.05,0.3,residual,out,,,0.0882882882882882,0.0882882882882882,,,,,,,,,
transformer,transformer_add_rho0.05_wd0.3_tiersNone,1000,0.05,0.3,topk,both,0.6825498908634197,0.8749999999998653,0.018018018018018,0.018018018018018,,,,,,,,,
transformer,transformer_add_rho0.05_wd0.3_tiersNone,1000,0.05,0.3,topk,in,0.8260587041966725,0.8720873786406451,0.018018018018018,0.018018018018018,,,,,,,,,
transformer,transformer_add_rho0.05_wd0.3_tiersNone,1000,0.05,0.3,topk,out,0.8615402032805436,,0.018018018018018,0.018018018018018,,,,,,,,,
transformer,transformer_add_rho0.05_wd0.3_tiersNone,1001,0.05,0.3,ebottom,in,0.5431120414672092,0.2650234741782343,0.5891891891891892,0.5891891891891892,0.5608365775017428,0.2860102693451042,0.846846846846847,,,,,,
transformer,transformer_add_rho0.05_wd0.3_tiersNone,1001,0.05,0.3,erand,in,0.44077861499804355,0.24764851485128878,0.18258258258258253,0.11891891891891886,0.20894559995541892,0.6294928384830197,0.8384384384384386,,,,,,
transformer,transformer_add_rho0.05_wd0.3_tiersNone,1001,0.05,0.3,etop,in,0.35280294450702937,0.24519230769214692,0.1171171171171171,0.0756756756756756,0.021066846505995995,0.8419962165570671,0.8630630630630631,,,,,,
transformer,transformer_add_rho0.05_wd0.3_tiersNone,1001,0.05,0.3,lowpass,in,25.751574127088222,35.3333333333678,0.2918918918918919,0.1405405405405405,,,,,,,,,
transformer,transformer_add_rho0.05_wd0.3_tiersNone,1001,0.05,0.3,neurons,units,,0.30931372548973035,0.5081081081081081,0.5081081081081081,,,,0.023062770905307395,-0.0032429510854875554,0.01981981981981984,0.21738663264651914,-0.008377623637510045,0.2090090090090091
transformer,transformer_add_rho0.05_wd0.3_tiersNone,1001,0.05,0.3,randk,both,,,0.29429429429429427,0.29429429429429427,,,,,,,,,
transformer,transformer_add_rho0.05_wd0.3_tiersNone,1001,0.05,0.3,randk,in,,,0.0534534534534534,0.0534534534534534,,,,,,,,,
transformer,transformer_add_rho0.05_wd0.3_tiersNone,1001,0.05,0.3,randk,out,,,0.1081081081081081,0.1081081081081081,,,,,,,,,
transformer,transformer_add_rho0.05_wd0.3_tiersNone,1001,0.05,0.3,randunits,units,,,0.060060060060060004,0.060060060060060004,,,,-0.00042038254811875103,0.00042038254811886205,1.1102230246251565e-16,0.003904309678564218,0.004504098729844215,0.008408408408408433
transformer,transformer_add_rho0.05_wd0.3_tiersNone,1001,0.05,0.3,residual,both,,0.93895348837128,0.5423423423423424,0.5423423423423424,,,,,,,,,
transformer,transformer_add_rho0.05_wd0.3_tiersNone,1001,0.05,0.3,residual,in,,,0.0702702702702702,0.0702702702702702,,,,,,,,,
transformer,transformer_add_rho0.05_wd0.3_tiersNone,1001,0.05,0.3,residual,out,,,0.1081081081081081,0.1081081081081081,,,,,,,,,
transformer,transformer_add_rho0.05_wd0.3_tiersNone,1001,0.05,0.3,topk,both,0.6858167681946036,0.8699127906975455,0.027027027027027,0.027027027027027,,,,,,,,,
transformer,transformer_add_rho0.05_wd0.3_tiersNone,1001,0.05,0.3,topk,in,0.8316047026959368,0.8660536779322775,0.027027027027027,0.027027027027027,,,,,,,,,
transformer,transformer_add_rho0.05_wd0.3_tiersNone,1001,0.05,0.3,topk,out,0.861465691220864,,0.027027027027027,0.027027027027027,,,,,,,,,
transformer,transformer_add_rho0.05_wd0.3_tiersNone,1002,0.05,0.3,ebottom,in,0.6437214611870915,0.2706818181816399,0.6144144144144145,0.6144144144144145,0.727759612598816,0.1316998468606433,0.8594594594594593,,,,,,
transformer,transformer_add_rho0.05_wd0.3_tiersNone,1002,0.05,0.3,erand,in,0.5047960618846246,0.2939429928737377,0.33993993993993993,0.18618618618618613,0.3940367355915502,0.4744317328769181,0.8684684684684684,,,,,,
transformer,transformer_add_rho0.05_wd0.3_tiersNone,1002,0.05,0.3,etop,in,0.2561371527776696,0.2292727272726682,0.0882882882882882,0.0846846846846846,0.03710078874478451,0.8187550671110713,0.8558558558558558,,,,,,
transformer,transformer_add_rho0.05_wd0.3_tiersNone,1002,0.05,0.3,lowpass,in,57.35205677173259,60.42685370742993,0.0882882882882882,0.0306306306306306,,,,,,,,,
transformer,transformer_add_rho0.05_wd0.3_tiersNone,1002,0.05,0.3,neurons,units,,0.28501773049610446,0.5657657657657658,0.5657657657657658,,,,0.03324300789393997,-0.00261237726330954,0.03063063063063043,0.23810727221230743,-0.009278443383478718,0.2288288288288287
transformer,transformer_add_rho0.05_wd0.3_tiersNone,1002,0.05,0.3,randk,both,,,0.2966966966966967,0.2966966966966967,,,,,,,,,
transformer,transformer_add_rho0.05_wd0.3_tiersNone,1002,0.05,0.3,randk,in,,,0.048048048048048,0.048048048048048,,,,,,,,,
transformer,transformer_add_rho0.05_wd0.3_tiersNone,1002,0.05,0.3,randk,out,,,0.11891891891891888,0.11891891891891888,,,,,,,,,
transformer,transformer_add_rho0.05_wd0.3_tiersNone,1002,0.05,0.3,randunits,units,,,0.0546546546546546,0.0546546546546546,,,,0.0008408733028134238,0.0003603278983876172,0.001201201201201041,0.0016820712253553898,0.004323934780650518,0.006006006006005908
transformer,transformer_add_rho0.05_wd0.3_tiersNone,1002,0.05,0.3,residual,both,,0.966304347825043,0.5135135135135135,0.5135135135135135,,,,,,,,,
transformer,transformer_add_rho0.05_wd0.3_tiersNone,1002,0.05,0.3,residual,in,,,0.0612612612612612,0.0612612612612612,,,,,,,,,
transformer,transformer_add_rho0.05_wd0.3_tiersNone,1002,0.05,0.3,residual,out,,,0.1189189189189189,0.1189189189189189,,,,,,,,,
transformer,transformer_add_rho0.05_wd0.3_tiersNone,1002,0.05,0.3,topk,both,0.7246447934188645,0.8703972868215759,0.0306306306306306,0.0306306306306306,,,,,,,,,
transformer,transformer_add_rho0.05_wd0.3_tiersNone,1002,0.05,0.3,topk,in,0.8414976825027791,0.8663087934559007,0.0306306306306306,0.0306306306306306,,,,,,,,,
transformer,transformer_add_rho0.05_wd0.3_tiersNone,1002,0.05,0.3,topk,out,0.8641826923075641,,0.0306306306306306,0.0306306306306306,,,,,,,,,
transformer,transformer_add_rho0_wd0.1_tiersNone,1000,0.0,0.1,ebottom,in,0.6397391679240264,,,,,0.33366363390685516,,,,,,,
transformer,transformer_add_rho0_wd0.1_tiersNone,1000,0.0,0.1,erand,in,0.3410063976374592,,,,,0.7729333693661231,,,,,,,
transformer,transformer_add_rho0_wd0.1_tiersNone,1000,0.0,0.1,etop,in,0.19826910515931362,,,,,0.8321772813260067,,,,,,,
transformer,transformer_add_rho0_wd0.1_tiersNone,1000,0.0,0.1,lowpass,in,24.88612542193622,,,,,,,,,,,,
transformer,transformer_add_rho0_wd0.1_tiersNone,1000,0.0,0.1,randk,both,,,,,,,,,,,,,
transformer,transformer_add_rho0_wd0.1_tiersNone,1000,0.0,0.1,randk,in,,,,,,,,,,,,,
transformer,transformer_add_rho0_wd0.1_tiersNone,1000,0.0,0.1,randk,out,,,,,,,,,,,,,
transformer,transformer_add_rho0_wd0.1_tiersNone,1000,0.0,0.1,residual,both,,,,,,,,,,,,,
transformer,transformer_add_rho0_wd0.1_tiersNone,1000,0.0,0.1,residual,in,,,,,,,,,,,,,
transformer,transformer_add_rho0_wd0.1_tiersNone,1000,0.0,0.1,residual,out,,,,,,,,,,,,,
transformer,transformer_add_rho0_wd0.1_tiersNone,1000,0.0,0.1,topk,both,0.8449587197465445,,,,,,,,,,,,
transformer,transformer_add_rho0_wd0.1_tiersNone,1000,0.0,0.1,topk,in,0.8644380132580123,,,,,,,,,,,,
transformer,transformer_add_rho0_wd0.1_tiersNone,1000,0.0,0.1,topk,out,0.8738822824482508,,,,,,,,,,,,
transformer,transformer_add_rho0_wd0.1_tiersNone,1001,0.0,0.1,ebottom,in,0.5997863950045653,,,,,0.2224123952797047,,,,,,,
transformer,transformer_add_rho0_wd0.1_tiersNone,1001,0.0,0.1,erand,in,0.3838475296215532,,,,,0.638501035942708,,,,,,,
transformer,transformer_add_rho0_wd0.1_tiersNone,1001,0.0,0.1,etop,in,0.31830054274077235,,,,,0.8793802360147736,,,,,,,
transformer,transformer_add_rho0_wd0.1_tiersNone,1001,0.0,0.1,lowpass,in,27.524469067416824,,,,,,,,,,,,
transformer,transformer_add_rho0_wd0.1_tiersNone,1001,0.0,0.1,randk,both,,,,,,,,,,,,,
transformer,transformer_add_rho0_wd0.1_tiersNone,1001,0.0,0.1,randk,in,,,,,,,,,,,,,
transformer,transformer_add_rho0_wd0.1_tiersNone,1001,0.0,0.1,randk,out,,,,,,,,,,,,,
transformer,transformer_add_rho0_wd0.1_tiersNone,1001,0.0,0.1,residual,both,,,,,,,,,,,,,
transformer,transformer_add_rho0_wd0.1_tiersNone,1001,0.0,0.1,residual,in,,,,,,,,,,,,,
transformer,transformer_add_rho0_wd0.1_tiersNone,1001,0.0,0.1,residual,out,,,,,,,,,,,,,
transformer,transformer_add_rho0_wd0.1_tiersNone,1001,0.0,0.1,topk,both,0.7962708209398404,,,,,,,,,,,,
transformer,transformer_add_rho0_wd0.1_tiersNone,1001,0.0,0.1,topk,in,0.8225530126712173,,,,,,,,,,,,
transformer,transformer_add_rho0_wd0.1_tiersNone,1001,0.0,0.1,topk,out,0.8793549458893644,,,,,,,,,,,,
transformer,transformer_add_rho0_wd0.1_tiersNone,1002,0.0,0.1,ebottom,in,0.6112510860121272,,,,,0.46482298891991725,,,,,,,
transformer,transformer_add_rho0_wd0.1_tiersNone,1002,0.0,0.1,erand,in,0.42059977578462515,,,,,0.6274209530672914,,,,,,,
transformer,transformer_add_rho0_wd0.1_tiersNone,1002,0.0,0.1,etop,in,0.14006493506474255,,,,,0.8078551481848484,,,,,,,
transformer,transformer_add_rho0_wd0.1_tiersNone,1002,0.0,0.1,lowpass,in,59.834544383361866,,,,,,,,,,,,
transformer,transformer_add_rho0_wd0.1_tiersNone,1002,0.0,0.1,randk,both,,,,,,,,,,,,,
transformer,transformer_add_rho0_wd0.1_tiersNone,1002,0.0,0.1,randk,in,,,,,,,,,,,,,
transformer,transformer_add_rho0_wd0.1_tiersNone,1002,0.0,0.1,randk,out,,,,,,,,,,,,,
transformer,transformer_add_rho0_wd0.1_tiersNone,1002,0.0,0.1,residual,both,,,,,,,,,,,,,
transformer,transformer_add_rho0_wd0.1_tiersNone,1002,0.0,0.1,residual,in,,,,,,,,,,,,,
transformer,transformer_add_rho0_wd0.1_tiersNone,1002,0.0,0.1,residual,out,,,,,,,,,,,,,
transformer,transformer_add_rho0_wd0.1_tiersNone,1002,0.0,0.1,topk,both,0.8548588260268375,,,,,,,,,,,,
transformer,transformer_add_rho0_wd0.1_tiersNone,1002,0.0,0.1,topk,in,0.8686966733773063,,,,,,,,,,,,
transformer,transformer_add_rho0_wd0.1_tiersNone,1002,0.0,0.1,topk,out,0.8748632260416352,,,,,,,,,,,,
transformer,transformer_add_rho0_wd0.3_tiersNone,1000,0.0,0.3,ebottom,in,0.5506097560974555,,,,,0.25673362760111684,,,,,,,
transformer,transformer_add_rho0_wd0.3_tiersNone,1000,0.0,0.3,erand,in,0.34681029906197497,,,,,0.7021889919827041,,,,,,,
transformer,transformer_add_rho0_wd0.3_tiersNone,1000,0.0,0.3,etop,in,0.04951356658326497,,,,,0.884334744617602,,,,,,,
transformer,transformer_add_rho0_wd0.3_tiersNone,1000,0.0,0.3,lowpass,in,30.032410135536512,,,,,,,,,,,,
transformer,transformer_add_rho0_wd0.3_tiersNone,1000,0.0,0.3,randk,both,,,,,,,,,,,,,
transformer,transformer_add_rho0_wd0.3_tiersNone,1000,0.0,0.3,randk,in,,,,,,,,,,,,,
transformer,transformer_add_rho0_wd0.3_tiersNone,1000,0.0,0.3,randk,out,,,,,,,,,,,,,
transformer,transformer_add_rho0_wd0.3_tiersNone,1000,0.0,0.3,residual,both,,,,,,,,,,,,,
transformer,transformer_add_rho0_wd0.3_tiersNone,1000,0.0,0.3,residual,in,,,,,,,,,,,,,
transformer,transformer_add_rho0_wd0.3_tiersNone,1000,0.0,0.3,residual,out,,,,,,,,,,,,,
transformer,transformer_add_rho0_wd0.3_tiersNone,1000,0.0,0.3,topk,both,0.8517240446031039,,,,,,,,,,,,
transformer,transformer_add_rho0_wd0.3_tiersNone,1000,0.0,0.3,topk,in,0.8669734796967846,,,,,,,,,,,,
transformer,transformer_add_rho0_wd0.3_tiersNone,1000,0.0,0.3,topk,out,0.8748490338162964,,,,,,,,,,,,
transformer,transformer_add_rho0_wd0.3_tiersNone,1001,0.0,0.3,ebottom,in,0.6051860064055044,,,,,0.2693451040446806,,,,,,,
transformer,transformer_add_rho0_wd0.3_tiersNone,1001,0.0,0.3,erand,in,0.3357895727458701,,,,,0.695432843887938,,,,,,,
transformer,transformer_add_rho0_wd0.3_tiersNone,1001,0.0,0.3,etop,in,0.24911883182248473,,,,,0.9066750743176291,,,,,,,
transformer,transformer_add_rho0_wd0.3_tiersNone,1001,0.0,0.3,lowpass,in,27.621017328129852,,,,,,,,,,,,
transformer,transformer_add_rho0_wd0.3_tiersNone,1001,0.0,0.3,randk,both,,,,,,,,,,,,,
transformer,transformer_add_rho0_wd0.3_tiersNone,1001,0.0,0.3,randk,in,,,,,,,,,,,,,
transformer,transformer_add_rho0_wd0.3_tiersNone,1001,0.0,0.3,randk,out,,,,,,,,,,,,,
transformer,transformer_add_rho0_wd0.3_tiersNone,1001,0.0,0.3,residual,both,,,,,,,,,,,,,
transformer,transformer_add_rho0_wd0.3_tiersNone,1001,0.0,0.3,residual,in,,,,,,,,,,,,,
transformer,transformer_add_rho0_wd0.3_tiersNone,1001,0.0,0.3,residual,out,,,,,,,,,,,,,
transformer,transformer_add_rho0_wd0.3_tiersNone,1001,0.0,0.3,topk,both,0.743799963662299,,,,,,,,,,,,
transformer,transformer_add_rho0_wd0.3_tiersNone,1001,0.0,0.3,topk,in,0.7731160138819606,,,,,,,,,,,,
transformer,transformer_add_rho0_wd0.3_tiersNone,1001,0.0,0.3,topk,out,0.8888706417380958,,,,,,,,,,,,
transformer,transformer_add_rho0_wd0.3_tiersNone,1002,0.0,0.3,ebottom,in,0.6243290864732257,,,,,0.41906134582470056,,,,,,,
transformer,transformer_add_rho0_wd0.3_tiersNone,1002,0.0,0.3,erand,in,0.4139457523027307,,,,,0.5504008647869562,,,,,,,
transformer,transformer_add_rho0_wd0.3_tiersNone,1002,0.0,0.3,etop,in,0.16775561097219344,,,,,0.7648860463021351,,,,,,,
transformer,transformer_add_rho0_wd0.3_tiersNone,1002,0.0,0.3,lowpass,in,59.12658488817288,,,,,,,,,,,,
transformer,transformer_add_rho0_wd0.3_tiersNone,1002,0.0,0.3,randk,both,,,,,,,,,,,,,
transformer,transformer_add_rho0_wd0.3_tiersNone,1002,0.0,0.3,randk,in,,,,,,,,,,,,,
transformer,transformer_add_rho0_wd0.3_tiersNone,1002,0.0,0.3,randk,out,,,,,,,,,,,,,
transformer,transformer_add_rho0_wd0.3_tiersNone,1002,0.0,0.3,residual,both,,,,,,,,,,,,,
transformer,transformer_add_rho0_wd0.3_tiersNone,1002,0.0,0.3,residual,in,,,,,,,,,,,,,
transformer,transformer_add_rho0_wd0.3_tiersNone,1002,0.0,0.3,residual,out,,,,,,,,,,,,,
transformer,transformer_add_rho0_wd0.3_tiersNone,1002,0.0,0.3,topk,both,0.8445121951218322,,,,,,,,,,,,
transformer,transformer_add_rho0_wd0.3_tiersNone,1002,0.0,0.3,topk,in,0.8623690308280025,,,,,,,,,,,,
transformer,transformer_add_rho0_wd0.3_tiersNone,1002,0.0,0.3,topk,out,0.8779094421408387,,,,,,,,,,,,
