arch,condition,seed,rho,wd,lesion,side,D50_rule,D50_exc,max_overreg,overreg_at_rule_intact,SI_q0.5,d_test_q0.5,d_exc_q0.5,SI_k64,d_test_k64,d_exc_k64,SI_k256,d_test_k256,d_exc_k256,tag
kimi,kimi_add_rho0.02_wd0.1_tiersNone,1001,0.02,0.1,ebottom,in,,0.456666666666457,0.0495495495495495,,0.6245939210086585,-0.0074768038915413,0.6171171171171173,,,,,,,0.25g
kimi,kimi_add_rho0.02_wd0.1_tiersNone,1001,0.02,0.1,erand,in,,0.4666666666664115,0.0135135135135135,,0.587987906833056,-0.0009008197459688666,0.5870870870870871,,,,,,,0.25g
kimi,kimi_add_rho0.02_wd0.1_tiersNone,1001,0.02,0.1,etop,in,,0.4681818181815889,0.018018018018018,,0.5945045126199977,9.008197459689981e-05,0.5945945945945946,,,,,,,0.25g
kimi,kimi_add_rho0.02_wd0.1_tiersNone,1001,0.02,0.1,lowpass,in,,40.56692913387126,0.072072072072072,,,,,,,,,,,0.25g
kimi,kimi_add_rho0.02_wd0.1_tiersNone,1001,0.02,0.1,neurons,units,,,0.0,,,,,-0.0002702459237905997,0.0002702459237905997,0.0,0.004324340555310547,0.00018016394919380006,0.0045045045045043475,0.25g
kimi,kimi_add_rho0.02_wd0.1_tiersNone,1001,0.02,0.1,randk,in,,,0.0,,,,,,,,,,,0.25g
kimi,kimi_add_rho0.02_wd0.1_tiersNone,1001,0.02,0.1,randunits,units,,,0.0,,,,,6.005464973126683e-05,-6.005464973126683e-05,0.0,0.0002402185989250335,-0.0002402185989250335,0.0,0.25g
kimi,kimi_add_rho0.02_wd0.1_tiersNone,1001,0.02,0.1,residual,in,,,0.0,,,,,,,,,,,0.25g
kimi,kimi_add_rho0.02_wd0.1_tiersNone,1001,0.02,0.1,topk,in,,0.8573298429318125,0.018018018018018,,,,,,,,,,,0.25g
kimi,kimi_add_rho0.02_wd0.1_tiersNone,1002,0.02,0.1,ebottom,in,,0.4524590163932517,0.054054054054054,,0.6418007954806442,-0.0111701648500135,0.6306306306306306,,,,,,,0.25g
kimi,kimi_add_rho0.02_wd0.1_tiersNone,1002,0.02,0.1,erand,in,,0.46851851851823684,0.0165165165165165,,0.5790688445404237,-0.0024922679638471,0.5765765765765766,,,,,,,0.25g
kimi,kimi_add_rho0.02_wd0.1_tiersNone,1002,0.02,0.1,etop,in,,0.48124999999962426,0.009009009009009,,0.5405405405405406,0.0,0.5405405405405406,,,,,,,0.25g
kimi,kimi_add_rho0.02_wd0.1_tiersNone,1002,0.02,0.1,lowpass,in,,41.20000000001258,0.0495495495495495,,,,,,,,,,,0.25g
kimi,kimi_add_rho0.02_wd0.1_tiersNone,1002,0.02,0.1,neurons,units,,,0.0,,,,,0.00036032789838749994,-0.00036032789838749994,0.0,0.004594586479101248,-9.008197459690025e-05,0.0045045045045043475,0.25g
kimi,kimi_add_rho0.02_wd0.1_tiersNone,1002,0.02,0.1,randk,in,,,0.0,,,,,,,,,,,0.25g
kimi,kimi_add_rho0.02_wd0.1_tiersNone,1002,0.02,0.1,randunits,units,,,0.0,,,,,9.00819745969001e-05,-9.00819745969001e-05,0.0,0.00012010929946253352,-0.00012010929946253352,0.0,0.25g
kimi,kimi_add_rho0.02_wd0.1_tiersNone,1002,0.02,0.1,residual,in,,,0.0,,,,,,,,,,,0.25g
kimi,kimi_add_rho0.02_wd0.1_tiersNone,1002,0.02,0.1,topk,in,,0.8612565445024885,0.009009009009009,,,,,,,,,,,0.25g
kimi,kimi_add_rho0.02_wd0.3_tiersNone,1000,0.02,0.3,ebottom,in,,0.44090909090888447,0.036036036036036,,0.6239633471864805,-0.006846230069363199,0.6171171171171173,,,,,,,0.25g
kimi,kimi_add_rho0.02_wd0.3_tiersNone,1000,0.02,0.3,erand,in,,0.4173913043477542,0.0135135135135135,,0.7023721316127406,-0.0026724319130408997,0.6996996996996997,,,,,,,0.25g
kimi,kimi_add_rho0.02_wd0.3_tiersNone,1000,0.02,0.3,etop,in,,0.4083333333332948,0.0135135135135135,,0.6998196737409421,-0.0016214755427438998,0.6981981981981982,,,,,,,0.25g
kimi,kimi_add_rho0.02_wd0.3_tiersNone,1000,0.02,0.3,lowpass,in,,44.29629629630391,0.027027027027027,,,,,,,,,,,0.25g
kimi,kimi_add_rho0.02_wd0.3_tiersNone,1000,0.02,0.3,neurons,units,,,0.0,,,,,-0.0001801639491937001,0.0001801639491937001,0.0,0.0003603278983875999,-0.0003603278983875999,0.0,0.25g
kimi,kimi_add_rho0.02_wd0.3_tiersNone,1000,0.02,0.3,randk,in,,,0.0,,,,,,,,,,,0.25g
kimi,kimi_add_rho0.02_wd0.3_tiersNone,1000,0.02,0.3,randunits,units,,,0.0,,,,,9.008197459693327e-05,-9.008197459693327e-05,0.0,0.0028828937035404317,0.00012010929946246673,0.0030030030030028985,0.25g
kimi,kimi_add_rho0.02_wd0.3_tiersNone,1000,0.02,0.3,residual,in,,,0.0,,,,,,,,,,,0.25g
kimi,kimi_add_rho0.02_wd0.3_tiersNone,1000,0.02,0.3,topk,in,,0.8483606557375856,0.0135135135135135,,,,,,,,,,,0.25g
kimi,kimi_add_rho0.02_wd0.3_tiersNone,1001,0.02,0.3,ebottom,in,,0.41923076923068714,0.036036036036036,,0.6937833698936303,-0.004594180704441101,0.6891891891891893,,,,,,,0.25g
kimi,kimi_add_rho0.02_wd0.3_tiersNone,1001,0.02,0.3,erand,in,,0.440828402366703,0.0135135135135135,,0.6523721721902066,-0.0022220220400564665,0.6501501501501502,,,,,,,0.25g
kimi,kimi_add_rho0.02_wd0.3_tiersNone,1001,0.02,0.3,etop,in,,0.44468085106361877,0.018018018018018,,0.6183782647614736,-0.0012611476443564,0.6171171171171173,,,,,,,0.25g
kimi,kimi_add_rho0.02_wd0.3_tiersNone,1001,0.02,0.3,lowpass,in,,42.20689655173523,0.027027027027027,,,,,,,,,,,0.25g
kimi,kimi_add_rho0.02_wd0.3_tiersNone,1001,0.02,0.3,neurons,units,,,0.0,,,,,0.00018016394919380006,-0.00018016394919380006,0.0,0.013333349564319898,0.00018016394919369993,0.013513513513513598,0.25g
kimi,kimi_add_rho0.02_wd0.3_tiersNone,1001,0.02,0.3,randk,in,,,0.0,,,,,,,,,,,0.25g
kimi,kimi_add_rho0.02_wd0.3_tiersNone,1001,0.02,0.3,randunits,units,,,0.0,,,,,6.0054649731266725e-05,-6.0054649731266725e-05,0.0,0.0029729756781372986,3.002732486559997e-05,0.0030030030030028985,0.25g
kimi,kimi_add_rho0.02_wd0.3_tiersNone,1001,0.02,0.3,residual,in,,,0.0,,,,,,,,,,,0.25g
kimi,kimi_add_rho0.02_wd0.3_tiersNone,1001,0.02,0.3,topk,in,,0.84999999999988,0.018018018018018,,,,,,,,,,,0.25g
kimi,kimi_add_rho0.02_wd0.3_tiersNone,1002,0.02,0.3,ebottom,in,,0.4163636363635703,0.054054054054054,,0.7110799205655525,-0.012881722367354301,0.6981981981981982,,,,,,,0.25g
kimi,kimi_add_rho0.02_wd0.3_tiersNone,1002,0.02,0.3,erand,in,,0.4211267605632812,0.012012012012012,,0.6626723561684377,-0.0035131970092784,0.6591591591591592,,,,,,,0.25g
kimi,kimi_add_rho0.02_wd0.3_tiersNone,1002,0.02,0.3,etop,in,,0.43199999999985794,0.018018018018018,,0.6437838162457568,0.00036032789838749994,0.6441441441441442,,,,,,,0.25g
kimi,kimi_add_rho0.02_wd0.3_tiersNone,1002,0.02,0.3,lowpass,in,,45.03092783505834,0.0405405405405405,,,,,,,,,,,0.25g
kimi,kimi_add_rho0.02_wd0.3_tiersNone,1002,0.02,0.3,neurons,units,,,0.0,,,,,0.00486483240289207,-0.00036032789838750016,0.0045045045045045695,0.013423431538916475,9.008197459689981e-05,0.013513513513513375,0.25g
kimi,kimi_add_rho0.02_wd0.3_tiersNone,1002,0.02,0.3,randk,in,,,0.0,,,,,,,,,,,0.25g
kimi,kimi_add_rho0.02_wd0.3_tiersNone,1002,0.02,0.3,randunits,units,,,0.0,,,,,0.00012010929946250006,-0.00012010929946250006,0.0,0.00027024592379063347,-0.00027024592379063347,0.0,0.25g
kimi,kimi_add_rho0.02_wd0.3_tiersNone,1002,0.02,0.3,residual,in,,,0.0,,,,,,,,,,,0.25g
kimi,kimi_add_rho0.02_wd0.3_tiersNone,1002,0.02,0.3,topk,in,,0.8464912280700502,0.018018018018018,,,,,,,,,,,0.25g
kimi,kimi_add_rho0.05_wd0.1_tiersNone,1000,0.05,0.1,ebottom,in,,0.4565624999998038,0.0306306306306306,,0.6287384222345037,-0.0035131970092783997,0.6252252252252253,,,,,,,0.25g
kimi,kimi_add_rho0.05_wd0.1_tiersNone,1000,0.05,0.1,erand,in,,0.4786041189928355,0.018018018018018,,0.5579878229729595,-0.0018316668168032665,0.5561561561561562,,,,,,,0.25g
kimi,kimi_add_rho0.05_wd0.1_tiersNone,1000,0.05,0.1,etop,in,,0.4981060606056481,0.0036036036036036,,0.5053152422758763,-0.0008107377713719,0.5045045045045045,,,,,,,0.25g
kimi,kimi_add_rho0.05_wd0.1_tiersNone,1000,0.05,0.1,lowpass,in,,40.11904761906064,0.027027027027027,,,,,,,,,,,0.25g
kimi,kimi_add_rho0.05_wd0.1_tiersNone,1000,0.05,0.1,neurons,units,,,0.0,,,,,-9.008197459690003e-05,9.008197459690003e-05,0.0,0.0,0.0,0.0,0.25g
kimi,kimi_add_rho0.05_wd0.1_tiersNone,1000,0.05,0.1,randk,in,,,0.0,,,,,,,,,,,0.25g
kimi,kimi_add_rho0.05_wd0.1_tiersNone,1000,0.05,0.1,randunits,units,,,0.0,,,,,-9.008197459690003e-05,9.008197459690003e-05,0.0,-9.008197459690007e-05,9.008197459690007e-05,0.0,0.25g
kimi,kimi_add_rho0.05_wd0.1_tiersNone,1000,0.05,0.1,residual,in,,,0.0,,,,,,,,,,,0.25g
kimi,kimi_add_rho0.05_wd0.1_tiersNone,1000,0.05,0.1,topk,in,,0.8658596837943393,0.0018018018018018,,,,,,,,,,,0.25g
kimi,kimi_add_rho0.05_wd0.1_tiersNone,1002,0.05,0.1,ebottom,in,,0.45738255033535674,0.063063063063063,,0.6327911372321785,-0.018376722817764198,0.6144144144144144,,,,,,,0.25g
kimi,kimi_add_rho0.05_wd0.1_tiersNone,1002,0.05,0.1,erand,in,,0.47093301435378443,0.024024024024024,,0.5793087385196204,-0.006335765546647501,0.572972972972973,,,,,,,0.25g
kimi,kimi_add_rho0.05_wd0.1_tiersNone,1002,0.05,0.1,etop,in,,0.5280645161289318,0.0072072072072072,,0.41900924435831205,0.0026123772633095997,0.42162162162162165,,,,,,,0.25g
kimi,kimi_add_rho0.05_wd0.1_tiersNone,1002,0.05,0.1,lowpass,in,,39.734939759049965,0.0216216216216216,,,,,,,,,,,0.25g
kimi,kimi_add_rho0.05_wd0.1_tiersNone,1002,0.05,0.1,neurons,units,,,0.0,,,,,-0.00027024592379059926,0.00027024592379059926,0.0,0.0021621297001893835,-0.0003603278983876001,0.0018018018018017834,0.25g
kimi,kimi_add_rho0.05_wd0.1_tiersNone,1002,0.05,0.1,randk,in,,,0.0,,,,,,,,,,,0.25g
kimi,kimi_add_rho0.05_wd0.1_tiersNone,1002,0.05,0.1,randunits,units,,,0.0,,,,,-6.005464973126625e-05,6.005464973126625e-05,0.0,9.008197459690025e-05,-9.008197459690025e-05,0.0,0.25g
kimi,kimi_add_rho0.05_wd0.1_tiersNone,1002,0.05,0.1,residual,in,,,0.0,,,,,,,,,,,0.25g
kimi,kimi_add_rho0.05_wd0.1_tiersNone,1002,0.05,0.1,topk,in,,0.870164410057898,0.0036036036036036,,,,,,,,,,,0.25g
kimi,kimi_add_rho0.05_wd0.3_tiersNone,1000,0.05,0.3,ebottom,in,,0.44343065693413064,0.0234234234234234,,0.6437834104710964,-0.0041437708314567,0.6396396396396398,,,,,,,0.25g
kimi,kimi_add_rho0.05_wd0.3_tiersNone,1000,0.05,0.3,erand,in,,0.46229698375846007,0.0138138138138138,,0.6008405486830855,-0.003242951085487833,0.5975975975975977,,,,,,,0.25g
kimi,kimi_add_rho0.05_wd0.3_tiersNone,1000,0.05,0.3,etop,in,,0.4676229508193645,0.0072072072072072,,0.5725224007901245,-0.0013512296189532999,0.5711711711711712,,,,,,,0.25g
kimi,kimi_add_rho0.05_wd0.3_tiersNone,1000,0.05,0.3,lowpass,in,,41.18694362018926,0.0234234234234234,,,,,,,,,,,0.25g
kimi,kimi_add_rho0.05_wd0.3_tiersNone,1000,0.05,0.3,neurons,units,,,0.0,,,,,0.0002702459237907,-0.0002702459237907,0.0,0.0003603278983876,-0.0003603278983876,0.0,0.25g
kimi,kimi_add_rho0.05_wd0.3_tiersNone,1000,0.05,0.3,randk,in,,,0.0,,,,,,,,,,,0.25g
kimi,kimi_add_rho0.05_wd0.3_tiersNone,1000,0.05,0.3,randunits,units,,,0.0,,,,,0.0002101912740594333,-0.0002101912740594333,0.0,0.0007807645497943943,-0.00018016394919379995,0.0006006006006005945,0.25g
kimi,kimi_add_rho0.05_wd0.3_tiersNone,1000,0.05,0.3,residual,in,,,0.0,,,,,,,,,,,0.25g
kimi,kimi_add_rho0.05_wd0.3_tiersNone,1000,0.05,0.3,topk,in,,0.8550764192138465,0.0072072072072072,,,,,,,,,,,0.25g
kimi,kimi_add_rho0.05_wd0.3_tiersNone,1001,0.05,0.3,ebottom,in,,0.4416129032256575,0.0252252252252252,,0.670900194852992,-0.0078371317899288,0.6630630630630632,,,,,,,0.25g
kimi,kimi_add_rho0.05_wd0.3_tiersNone,1001,0.05,0.3,erand,in,,0.44883990719238676,0.0138138138138138,,0.6355252468935921,-0.0030928144611596,0.6324324324324325,,,,,,,0.25g
kimi,kimi_add_rho0.05_wd0.3_tiersNone,1001,0.05,0.3,etop,in,,0.4562937062934878,0.0144144144144144,,0.6129729405110002,-0.00036032789838750016,0.6126126126126127,,,,,,,0.25g
kimi,kimi_add_rho0.05_wd0.3_tiersNone,1001,0.05,0.3,lowpass,in,,41.39805825243904,0.0216216216216216,,,,,,,,,,,0.25g
kimi,kimi_add_rho0.05_wd0.3_tiersNone,1001,0.05,0.3,neurons,units,,,0.0,,,,,0.0,0.0,0.0,0.0027026215477705833,-0.0009008197459687999,0.0018018018018017834,0.25g
kimi,kimi_add_rho0.05_wd0.3_tiersNone,1001,0.05,0.3,randk,in,,,0.0,,,,,,,,,,,0.25g
kimi,kimi_add_rho0.05_wd0.3_tiersNone,1001,0.05,0.3,randunits,units,,,0.0,,,,,0.0001201092994624668,-0.0001201092994624668,0.0,0.0018018018018017502,3.3248866622888805e-17,0.0018018018018017834,0.25g
kimi,kimi_add_rho0.05_wd0.3_tiersNone,1001,0.05,0.3,residual,in,,,0.0,,,,,,,,,,,0.25g
kimi,kimi_add_rho0.05_wd0.3_tiersNone,1001,0.05,0.3,topk,in,,0.8603862212942354,0.0036036036036036,,,,,,,,,,,0.25g
kimi,kimi_add_rho0.05_wd0.3_tiersNone,1002,0.05,0.3,ebottom,in,,0.4380434782607166,0.0306306306306306,,0.6615308579455953,-0.0074768038915413,0.654054054054054,,,,,,,0.25g
kimi,kimi_add_rho0.05_wd0.3_tiersNone,1002,0.05,0.3,erand,in,,0.43972772277211347,0.021021021021021002,,0.6500897438290466,-0.003843497582800367,0.6462462462462463,,,,,,,0.25g
kimi,kimi_add_rho0.05_wd0.3_tiersNone,1002,0.05,0.3,etop,in,,0.474180327868515,0.0072072072072072,,0.5574774125535319,-0.0007206557967750998,0.5567567567567568,,,,,,,0.25g
kimi,kimi_add_rho0.05_wd0.3_tiersNone,1002,0.05,0.3,lowpass,in,,42.000000000010814,0.0306306306306306,,,,,,,,,,,0.25g
kimi,kimi_add_rho0.05_wd0.3_tiersNone,1002,0.05,0.3,neurons,units,,,0.0,,,,,-0.00036032789838750005,0.00036032789838750005,0.0,0.0015315558780111833,0.0002702459237906001,0.0018018018018017834,0.25g
kimi,kimi_add_rho0.05_wd0.3_tiersNone,1002,0.05,0.3,randk,in,,,0.0,,,,,,,,,,,0.25g
kimi,kimi_add_rho0.05_wd0.3_tiersNone,1002,0.05,0.3,randunits,units,,,0.0,,,,,-0.00015013662432813337,0.00015013662432813337,0.0,-6.005464973126676e-05,6.005464973126676e-05,0.0,0.25g
kimi,kimi_add_rho0.05_wd0.3_tiersNone,1002,0.05,0.3,residual,in,,,0.0,,,,,,,,,,,0.25g
kimi,kimi_add_rho0.05_wd0.3_tiersNone,1002,0.05,0.3,topk,in,,0.8609118852457756,0.0036036036036036,,,,,,,,,,,0.25g
kimi,kimi_add_rho0_wd0.1_tiersNone,1000,0.0,0.1,ebottom,in,,,,,,-0.0112602468246104,,,,,,,,0.25g
kimi,kimi_add_rho0_wd0.1_tiersNone,1000,0.0,0.1,erand,in,,,,,,-0.005014563252559833,,,,,,,,0.25g
kimi,kimi_add_rho0_wd0.1_tiersNone,1000,0.0,0.1,etop,in,,,,,,0.00036032789838750016,,,,,,,,0.25g
kimi,kimi_add_rho0_wd0.1_tiersNone,1000,0.0,0.1,lowpass,in,,,,,,,,,,,,,,0.25g
kimi,kimi_add_rho0_wd0.1_tiersNone,1000,0.0,0.1,randk,in,,,,,,,,,,,,,,0.25g
kimi,kimi_add_rho0_wd0.1_tiersNone,1000,0.0,0.1,residual,in,,,,,,,,,,,,,,0.25g
kimi,kimi_add_rho0_wd0.1_tiersNone,1000,0.0,0.1,topk,in,,,,,,,,,,,,,,0.25g
kimi,kimi_add_rho0_wd0.1_tiersNone,1001,0.0,0.1,ebottom,in,,,,,,-0.0120709845959823,,,,,,,,0.25g
kimi,kimi_add_rho0_wd0.1_tiersNone,1001,0.0,0.1,erand,in,,,,,,-0.0037834429330691004,,,,,,,,0.25g
kimi,kimi_add_rho0_wd0.1_tiersNone,1001,0.0,0.1,etop,in,,,,,,0.0007206557967751001,,,,,,,,0.25g
kimi,kimi_add_rho0_wd0.1_tiersNone,1001,0.0,0.1,lowpass,in,,,,,,,,,,,,,,0.25g
kimi,kimi_add_rho0_wd0.1_tiersNone,1001,0.0,0.1,randk,in,,,,,,,,,,,,,,0.25g
kimi,kimi_add_rho0_wd0.1_tiersNone,1001,0.0,0.1,residual,in,,,,,,,,,,,,,,0.25g
kimi,kimi_add_rho0_wd0.1_tiersNone,1001,0.0,0.1,topk,in,,,,,,,,,,,,,,0.25g
kimi,kimi_add_rho0_wd0.1_tiersNone,1002,0.0,0.1,ebottom,in,,,,,,-0.0117106566975948,,,,,,,,0.25g
kimi,kimi_add_rho0_wd0.1_tiersNone,1002,0.0,0.1,erand,in,,,,,,-0.0032729784103534,,,,,,,,0.25g
kimi,kimi_add_rho0_wd0.1_tiersNone,1002,0.0,0.1,etop,in,,,,,,0.0008107377713720003,,,,,,,,0.25g
kimi,kimi_add_rho0_wd0.1_tiersNone,1002,0.0,0.1,lowpass,in,,,,,,,,,,,,,,0.25g
kimi,kimi_add_rho0_wd0.1_tiersNone,1002,0.0,0.1,randk,in,,,,,,,,,,,,,,0.25g
kimi,kimi_add_rho0_wd0.1_tiersNone,1002,0.0,0.1,residual,in,,,,,,,,,,,,,,0.25g
kimi,kimi_add_rho0_wd0.1_tiersNone,1002,0.0,0.1,topk,in,,,,,,,,,,,,,,0.25g
kimi,kimi_add_rho0_wd0.3_tiersNone,1000,0.0,0.3,ebottom,in,,,,,,-0.0086478695613008,,,,,,,,0.25g
kimi,kimi_add_rho0_wd0.3_tiersNone,1000,0.0,0.3,erand,in,,,,,,-0.0042338528060535665,,,,,,,,0.25g
kimi,kimi_add_rho0_wd0.3_tiersNone,1000,0.0,0.3,etop,in,,,,,,-0.0005404918475813,,,,,,,,0.25g
kimi,kimi_add_rho0_wd0.3_tiersNone,1000,0.0,0.3,lowpass,in,,,,,,,,,,,,,,0.25g
kimi,kimi_add_rho0_wd0.3_tiersNone,1000,0.0,0.3,randk,in,,,,,,,,,,,,,,0.25g
kimi,kimi_add_rho0_wd0.3_tiersNone,1000,0.0,0.3,residual,in,,,,,,,,,,,,,,0.25g
kimi,kimi_add_rho0_wd0.3_tiersNone,1000,0.0,0.3,topk,in,,,,,,,,,,,,,,0.25g
kimi,kimi_add_rho0_wd0.3_tiersNone,1001,0.0,0.3,ebottom,in,,,,,,-0.0081073777137195,,,,,,,,0.25g
kimi,kimi_add_rho0_wd0.3_tiersNone,1001,0.0,0.3,erand,in,,,,,,-0.0030027324865627664,,,,,,,,0.25g
kimi,kimi_add_rho0_wd0.3_tiersNone,1001,0.0,0.3,etop,in,,,,,,-0.0009909017205657002,,,,,,,,0.25g
kimi,kimi_add_rho0_wd0.3_tiersNone,1001,0.0,0.3,lowpass,in,,,,,,,,,,,,,,0.25g
kimi,kimi_add_rho0_wd0.3_tiersNone,1001,0.0,0.3,randk,in,,,,,,,,,,,,,,0.25g
kimi,kimi_add_rho0_wd0.3_tiersNone,1001,0.0,0.3,residual,in,,,,,,,,,,,,,,0.25g
kimi,kimi_add_rho0_wd0.3_tiersNone,1001,0.0,0.3,topk,in,,,,,,,,,,,,,,0.25g
kimi,kimi_add_rho0_wd0.3_tiersNone,1002,0.0,0.3,ebottom,in,,,,,,-0.0080172957391226,,,,,,,,0.25g
kimi,kimi_add_rho0_wd0.3_tiersNone,1002,0.0,0.3,erand,in,,,,,,-0.004323934780650434,,,,,,,,0.25g
kimi,kimi_add_rho0_wd0.3_tiersNone,1002,0.0,0.3,etop,in,,,,,,-0.00036032789838749994,,,,,,,,0.25g
kimi,kimi_add_rho0_wd0.3_tiersNone,1002,0.0,0.3,lowpass,in,,,,,,,,,,,,,,0.25g
kimi,kimi_add_rho0_wd0.3_tiersNone,1002,0.0,0.3,randk,in,,,,,,,,,,,,,,0.25g
kimi,kimi_add_rho0_wd0.3_tiersNone,1002,0.0,0.3,residual,in,,,,,,,,,,,,,,0.25g
kimi,kimi_add_rho0_wd0.3_tiersNone,1002,0.0,0.3,topk,in,,,,,,,,,,,,,,0.25g
mamba,mamba_add_rho0.02_wd0.1_tiersNone,1000,0.02,0.1,ebottom,in,,,0.0135135135135135,,0.0479276682321454,-0.0028826231871003,0.0450450450450451,,,,,,,0.25g
mamba,mamba_add_rho0.02_wd0.1_tiersNone,1000,0.02,0.1,erand,in,,,0.015015015015015001,,0.06837817008071946,-0.0023121040146533663,0.06606606606606609,,,,,,,0.25g
mamba,mamba_add_rho0.02_wd0.1_tiersNone,1000,0.02,0.1,etop,in,,,0.018018018018018,,0.060270116075899396,-0.0017115575173407998,0.0585585585585586,,,,,,,0.25g
mamba,mamba_add_rho0.02_wd0.1_tiersNone,1000,0.02,0.1,lowpass,in,,,0.018018018018018,,,,,,,,,,,0.25g
mamba,mamba_add_rho0.02_wd0.1_tiersNone,1000,0.02,0.1,neurons,units,,,0.0225225225225225,,,,,0.004864832402892114,-0.0003603278983876,0.004504504504504514,0.0460359467656108,-0.0009909017205657002,0.0450450450450451,0.25g
mamba,mamba_add_rho0.02_wd0.1_tiersNone,1000,0.02,0.1,randk,in,,,0.0045045045045045,,,,,,,,,,,0.25g
mamba,mamba_add_rho0.02_wd0.1_tiersNone,1000,0.02,0.1,randunits,units,,,0.0045045045045045,,,,,-0.007207234258851187,-0.0003002732486563,-0.007507507507507487,-0.0009910369787857955,-0.0005104645227157,-0.0015015015015014954,0.25g
mamba,mamba_add_rho0.02_wd0.1_tiersNone,1000,0.02,0.1,residual,in,,,0.0045045045045045,,,,,,,,,,,0.25g
mamba,mamba_add_rho0.02_wd0.1_tiersNone,1000,0.02,0.1,topk,in,,,0.018018018018018,,,,,,,,,,,0.25g
mamba,mamba_add_rho0.02_wd0.1_tiersNone,1001,0.02,0.1,ebottom,in,,,0.018018018018018,,0.0691890431103115,-0.0016214755427439,0.0675675675675676,,,,,,,0.25g
mamba,mamba_add_rho0.02_wd0.1_tiersNone,1001,0.02,0.1,erand,in,,,0.018018018018018,,0.0572671130728964,-0.0017115575173408,0.0555555555555556,,,,,,,0.25g
mamba,mamba_add_rho0.02_wd0.1_tiersNone,1001,0.02,0.1,etop,in,,,0.018018018018018,,0.046666520587789,-0.0016214755427439,0.0450450450450451,,,,,,,0.25g
mamba,mamba_add_rho0.02_wd0.1_tiersNone,1001,0.02,0.1,lowpass,in,,,0.0225225225225225,,,,,,,,,,,0.25g
mamba,mamba_add_rho0.02_wd0.1_tiersNone,1001,0.02,0.1,neurons,units,,,0.0045045045045045,,,,,0.050270205346324696,-0.0007206557967751,0.0495495495495496,0.0774773963225454,-0.0009008197459688,0.0765765765765766,0.25g
mamba,mamba_add_rho0.02_wd0.1_tiersNone,1001,0.02,0.1,randk,in,,,0.0,,,,,,,,,,,0.25g
mamba,mamba_add_rho0.02_wd0.1_tiersNone,1001,0.02,0.1,randunits,units,,,0.0,,,,,-0.0013513648771733618,-0.00015013662432813331,-0.0015015015015014954,0.015045042339880667,-3.0027324865633325e-05,0.015015015015015032,0.25g
mamba,mamba_add_rho0.02_wd0.1_tiersNone,1001,0.02,0.1,residual,in,,,0.0,,,,,,,,,,,0.25g
mamba,mamba_add_rho0.02_wd0.1_tiersNone,1001,0.02,0.1,topk,in,,,0.009009009009009,,,,,,,,,,,0.25g
mamba,mamba_add_rho0.02_wd0.1_tiersNone,1002,0.02,0.1,ebottom,in,,,0.0135135135135135,,0.09234213945501218,-0.0022520493649221,0.09009009009009009,,,,,,,0.25g
mamba,mamba_add_rho0.02_wd0.1_tiersNone,1002,0.02,0.1,erand,in,,,0.0135135135135135,,0.10354341369565224,-0.0014413115935501333,0.10210210210210212,,,,,,,0.25g
mamba,mamba_add_rho0.02_wd0.1_tiersNone,1002,0.02,0.1,etop,in,,,0.0045045045045045,,0.10504491519715368,-0.0014413115935501,0.10360360360360359,,,,,,,0.25g
mamba,mamba_add_rho0.02_wd0.1_tiersNone,1002,0.02,0.1,lowpass,in,,,0.018018018018018,,,,,,,,,,,0.25g
mamba,mamba_add_rho0.02_wd0.1_tiersNone,1002,0.02,0.1,neurons,units,,,0.0,,,,,0.049909877447937095,-0.00036032789838749994,0.0495495495495496,0.10396393150199108,-0.00036032789838749994,0.10360360360360359,0.25g
mamba,mamba_add_rho0.02_wd0.1_tiersNone,1002,0.02,0.1,randk,in,,,0.0,,,,,,,,,,,0.25g
mamba,mamba_add_rho0.02_wd0.1_tiersNone,1002,0.02,0.1,randunits,units,,,0.0,,,,,0.007717698781566886,-0.00021019127405939996,0.007507507507507487,0.027147136326489584,-0.0001201092994625,0.027027027027027084,0.25g
mamba,mamba_add_rho0.02_wd0.1_tiersNone,1002,0.02,0.1,residual,in,,,0.0,,,,,,,,,,,0.25g
mamba,mamba_add_rho0.02_wd0.1_tiersNone,1002,0.02,0.1,topk,in,,,0.0,,,,,,,,,,,0.25g
mamba,mamba_add_rho0.02_wd0.3_tiersNone,1001,0.02,0.3,ebottom,in,,,0.018018018018018,,0.0108106485009467,-0.0018016394919376998,0.009009009009009,,,,,,,0.25g
mamba,mamba_add_rho0.02_wd0.3_tiersNone,1001,0.02,0.3,erand,in,,,0.018018018018018,,0.0373872656549894,-0.0013512296189533,0.0360360360360361,,,,,,,0.25g
mamba,mamba_add_rho0.02_wd0.3_tiersNone,1001,0.02,0.3,etop,in,,,0.018018018018018,,0.0463061926894015,-0.0012611476443564,0.0450450450450451,,,,,,,0.25g
mamba,mamba_add_rho0.02_wd0.3_tiersNone,1001,0.02,0.3,lowpass,in,,,0.018018018018018,,,,,,,,,,,0.25g
mamba,mamba_add_rho0.02_wd0.3_tiersNone,1001,0.02,0.3,neurons,units,,,0.0135135135135135,,,,,0.0318918594299192,-0.0003603278983876,0.0315315315315316,0.0546846278762323,-0.0006305738221782,0.0540540540540541,0.25g
mamba,mamba_add_rho0.02_wd0.3_tiersNone,1001,0.02,0.3,randk,in,,,0.0,,,,,,,,,,,0.25g
mamba,mamba_add_rho0.02_wd0.3_tiersNone,1001,0.02,0.3,randunits,units,,,0.0,,,,,-0.005975978681140334,-3.002732486566661e-05,-0.006006006006006,0.002942948353271767,6.0054649731233365e-05,0.003003003003003,0.25g
mamba,mamba_add_rho0.02_wd0.3_tiersNone,1001,0.02,0.3,residual,in,,,0.0,,,,,,,,,,,0.25g
mamba,mamba_add_rho0.02_wd0.3_tiersNone,1001,0.02,0.3,topk,in,,,0.0135135135135135,,,,,,,,,,,0.25g
mamba,mamba_add_rho0.02_wd0.3_tiersNone,1002,0.02,0.3,ebottom,in,,,0.009009009009009,,0.09216197550581849,-0.0020718854157284004,0.09009009009009009,,,,,,,0.25g
mamba,mamba_add_rho0.02_wd0.3_tiersNone,1002,0.02,0.3,erand,in,,,0.015015015015015001,,0.08702689717913571,-0.0014413115935502001,0.08558558558558553,,,,,,,0.25g
mamba,mamba_add_rho0.02_wd0.3_tiersNone,1002,0.02,0.3,etop,in,,,0.009009009009009,,0.11882867463445788,-0.0017115575173408,0.11711711711711709,,,,,,,0.25g
mamba,mamba_add_rho0.02_wd0.3_tiersNone,1002,0.02,0.3,lowpass,in,,,0.018018018018018,,,,,,,,,,,0.25g
mamba,mamba_add_rho0.02_wd0.3_tiersNone,1002,0.02,0.3,neurons,units,,,0.0,,,,,0.031801777455322186,-0.0002702459237907,0.03153153153153149,0.09036033601388078,-0.0002702459237907,0.09009009009009009,0.25g
mamba,mamba_add_rho0.02_wd0.3_tiersNone,1002,0.02,0.3,randk,in,,,0.0,,,,,,,,,,,0.25g
mamba,mamba_add_rho0.02_wd0.3_tiersNone,1002,0.02,0.3,randunits,units,,,0.0015015015015015,,,,,0.004504504504504492,-3.330307673151308e-17,0.0045045045045044585,0.004594586479101392,-9.00819745969333e-05,0.0045045045045044585,0.25g
mamba,mamba_add_rho0.02_wd0.3_tiersNone,1002,0.02,0.3,residual,in,,,0.0,,,,,,,,,,,0.25g
mamba,mamba_add_rho0.02_wd0.3_tiersNone,1002,0.02,0.3,topk,in,,,0.0,,,,,,,,,,,0.25g
mamba,mamba_add_rho0.05_wd0.1_tiersNone,1000,0.05,0.1,ebottom,in,,,0.018018018018018,,0.0827926385984219,-0.0017115575173408,0.0810810810810811,,,,,,,0.25g
mamba,mamba_add_rho0.05_wd0.1_tiersNone,1000,0.05,0.1,erand,in,,,0.012012012012012,,0.10111092986509618,-0.0020118307659970666,0.0990990990990991,,,,,,,0.25g
mamba,mamba_add_rho0.05_wd0.1_tiersNone,1000,0.05,0.1,etop,in,,,0.0108108108108108,,0.0932431215108452,-0.0013512296189533,0.0918918918918919,,,,,,,0.25g
mamba,mamba_add_rho0.05_wd0.1_tiersNone,1000,0.05,0.1,lowpass,in,,,0.027027027027027,,,,,,,,,,,0.25g
mamba,mamba_add_rho0.05_wd0.1_tiersNone,1000,0.05,0.1,neurons,units,,,0.0018018018018018,,,,,0.0559459378304527,-9.008197459689981e-05,0.0558558558558558,0.0848648486338785,-0.00018016394919379984,0.0846846846846847,0.25g
mamba,mamba_add_rho0.05_wd0.1_tiersNone,1000,0.05,0.1,randk,in,,,0.0018018018018018,,,,,,,,,,,0.25g
mamba,mamba_add_rho0.05_wd0.1_tiersNone,1000,0.05,0.1,randunits,units,,,0.0018018018018018,,,,,0.000810791874660037,-0.0002101912740594332,0.0006006006006006037,0.01864864594348423,-3.00273248656332e-05,0.018618618618618594,0.25g
mamba,mamba_add_rho0.05_wd0.1_tiersNone,1000,0.05,0.1,residual,in,,,0.0018018018018018,,,,,,,,,,,0.25g
mamba,mamba_add_rho0.05_wd0.1_tiersNone,1000,0.05,0.1,topk,in,,,0.009009009009009,,,,,,,,,,,0.25g
mamba,mamba_add_rho0.05_wd0.1_tiersNone,1001,0.05,0.1,ebottom,in,,0.2011363636363493,0.0432432432432432,,0.476485601897727,-0.0098189352310603,0.4666666666666667,,,,,,,0.25g
mamba,mamba_add_rho0.05_wd0.1_tiersNone,1001,0.05,0.1,erand,in,,0.20086705202311306,0.0252252252252252,,0.47132084791755097,-0.005254781851484866,0.4660660660660661,,,,,,,0.25g
mamba,mamba_add_rho0.05_wd0.1_tiersNone,1001,0.05,0.1,etop,in,,0.19624999999866458,0.0108108108108108,,0.4321620241987777,-0.0015313935681469997,0.4306306306306307,,,,,,,0.25g
mamba,mamba_add_rho0.05_wd0.1_tiersNone,1001,0.05,0.1,lowpass,in,,61.35326086960336,0.0342342342342342,,,,,,,,,,,0.25g
mamba,mamba_add_rho0.05_wd0.1_tiersNone,1001,0.05,0.1,neurons,units,,0.08803763440856004,0.0036036036036036,,,,,0.10603606038251573,0.0002702459237906,0.10630630630630633,0.26630633876827914,0.00036032789838750005,0.26666666666666666,0.25g
mamba,mamba_add_rho0.05_wd0.1_tiersNone,1001,0.05,0.1,randk,in,,,0.0018018018018018,,,,,,,,,,,0.25g
mamba,mamba_add_rho0.05_wd0.1_tiersNone,1001,0.05,0.1,randunits,units,,0.24450904392714612,0.0006006006006006,,,,,0.031771777182100606,6.005464973123333e-05,0.03183183183183184,0.08921918946241088,-0.0003303005735219333,0.08888888888888895,0.25g
mamba,mamba_add_rho0.05_wd0.1_tiersNone,1001,0.05,0.1,residual,in,,,0.0018018018018018,,,,,,,,,,,0.25g
mamba,mamba_add_rho0.05_wd0.1_tiersNone,1001,0.05,0.1,topk,in,,0.6819306930683071,0.0108108108108108,,,,,,,,,,,0.25g
mamba,mamba_add_rho0.05_wd0.1_tiersNone,1002,0.05,0.1,ebottom,in,,0.19741379310251617,0.036036036036036,,0.512792208477282,-0.0064859021709756,0.5063063063063065,,,,,,,0.25g
mamba,mamba_add_rho0.05_wd0.1_tiersNone,1002,0.05,0.1,erand,in,,0.21031746031736942,0.015015015015015001,,0.4987384465809834,-0.0032429510854878004,0.49549549549549554,,,,,,,0.25g
mamba,mamba_add_rho0.05_wd0.1_tiersNone,1002,0.05,0.1,etop,in,,0.20283018867921562,0.018018018018018,,0.4826124746492282,-0.001531393568147,0.48108108108108116,,,,,,,0.25g
mamba,mamba_add_rho0.05_wd0.1_tiersNone,1002,0.05,0.1,lowpass,in,,60.93867924531721,0.0378378378378378,,,,,,,,,,,0.25g
mamba,mamba_add_rho0.05_wd0.1_tiersNone,1002,0.05,0.1,neurons,units,,0.10742187499979106,0.0018018018018018,,,,,0.10360352244867156,-0.0009008197459687997,0.10270270270270276,0.27396395584847083,-9.008197459689981e-05,0.2738738738738739,0.25g
mamba,mamba_add_rho0.05_wd0.1_tiersNone,1002,0.05,0.1,randk,in,,,0.0018018018018018,,,,,,,,,,,0.25g
mamba,mamba_add_rho0.05_wd0.1_tiersNone,1002,0.05,0.1,randunits,units,,0.26966666666598066,0.0024024024024024,,,,,0.026366371776695218,6.005464973123344e-05,0.026426426426426453,0.09909909909909916,-3.321272655047262e-17,0.09909909909909913,0.25g
mamba,mamba_add_rho0.05_wd0.1_tiersNone,1002,0.05,0.1,residual,in,,,0.0018018018018018,,,,,,,,,,,0.25g
mamba,mamba_add_rho0.05_wd0.1_tiersNone,1002,0.05,0.1,topk,in,,0.6885775862059944,0.0108108108108108,,,,,,,,,,,0.25g
mamba,mamba_add_rho0.05_wd0.3_tiersNone,1000,0.05,0.3,ebottom,in,,,0.0216216216216216,,0.1099097476000458,-0.0018016394919376998,0.1081081081081081,,,,,,,0.25g
mamba,mamba_add_rho0.05_wd0.3_tiersNone,1000,0.05,0.3,erand,in,,,0.0114114114114114,,0.09465445988281773,-0.0021619673903252334,0.09249249249249251,,,,,,,0.25g
mamba,mamba_add_rho0.05_wd0.3_tiersNone,1000,0.05,0.3,etop,in,,,0.009009009009009,,0.09567549713482519,-0.0019818034411315,0.0936936936936937,,,,,,,0.25g
mamba,mamba_add_rho0.05_wd0.3_tiersNone,1000,0.05,0.3,lowpass,in,,,0.018018018018018,,,,,,,,,,,0.25g
mamba,mamba_add_rho0.05_wd0.3_tiersNone,1000,0.05,0.3,neurons,units,,,0.0054054054054054,,,,,0.0452252089942388,-0.00018016394919380006,0.045045045045045,0.094234185541275,-0.0005404918475813,0.0936936936936937,0.25g
mamba,mamba_add_rho0.05_wd0.3_tiersNone,1000,0.05,0.3,randk,in,,,0.0054054054054054,,,,,,,,,,,0.25g
mamba,mamba_add_rho0.05_wd0.3_tiersNone,1000,0.05,0.3,randunits,units,,,0.0054054054054054,,,,,-0.0015615832028767352,-0.00024021859892506668,-0.0018018018018018018,0.023453450748289074,-3.00273248656667e-05,0.023423423423423406,0.25g
mamba,mamba_add_rho0.05_wd0.3_tiersNone,1000,0.05,0.3,residual,in,,,0.0054054054054054,,,,,,,,,,,0.25g
mamba,mamba_add_rho0.05_wd0.3_tiersNone,1000,0.05,0.3,topk,in,,,0.009009009009009,,,,,,,,,,,0.25g
mamba,mamba_add_rho0.05_wd0.3_tiersNone,1001,0.05,0.3,ebottom,in,,0.15258620689604852,0.0216216216216216,,0.48684616514541756,-0.007566885866138201,0.4792792792792794,,,,,,,0.25g
mamba,mamba_add_rho0.05_wd0.3_tiersNone,1001,0.05,0.3,erand,in,,0.17765151515053573,0.0246246246246246,,0.444053710498175,-0.0038134702579347337,0.4402402402402403,,,,,,,0.25g
mamba,mamba_add_rho0.05_wd0.3_tiersNone,1001,0.05,0.3,etop,in,,0.17211538461461487,0.018018018018018,,0.4167565457539334,-0.002342131339519,0.4144144144144144,,,,,,,0.25g
mamba,mamba_add_rho0.05_wd0.3_tiersNone,1001,0.05,0.3,lowpass,in,,62.06432748541886,0.027027027027027,,,,,,,,,,,0.25g
mamba,mamba_add_rho0.05_wd0.3_tiersNone,1001,0.05,0.3,neurons,units,,0.06760204081603273,0.0054054054054054,,,,,0.0866666504356803,-0.00018016394919380006,0.08648648648648649,0.2919819738664889,-9.008197459690003e-05,0.29189189189189196,0.25g
mamba,mamba_add_rho0.05_wd0.3_tiersNone,1001,0.05,0.3,randk,in,,,0.0,,,,,,,,,,,0.25g
mamba,mamba_add_rho0.05_wd0.3_tiersNone,1001,0.05,0.3,randunits,units,,0.23397435897387997,0.0006006006006006,,,,,0.030720712605227515,-9.008197459690007e-05,0.030630630630630613,0.08522517653226601,-0.0005404918475813334,0.08468468468468467,0.25g
mamba,mamba_add_rho0.05_wd0.3_tiersNone,1001,0.05,0.3,residual,in,,,0.0,,,,,,,,,,,0.25g
mamba,mamba_add_rho0.05_wd0.3_tiersNone,1001,0.05,0.3,topk,in,,0.6535714285706168,0.018018018018018,,,,,,,,,,,0.25g
mamba,mamba_add_rho0.05_wd0.3_tiersNone,1002,0.05,0.3,ebottom,in,,0.04391891891826015,0.7243243243243244,,0.9013178749418729,-0.37158814521214306,0.5297297297297298,,,,,,,0.25g
mamba,mamba_add_rho0.05_wd0.3_tiersNone,1002,0.05,0.3,erand,in,,0.038085937499504556,0.0828828828828828,,0.17834115531620257,0.25349067651562923,0.4318318318318319,,,,,,,0.25g
mamba,mamba_add_rho0.05_wd0.3_tiersNone,1002,0.05,0.3,etop,in,,0.04276315789411226,0.0828828828828828,,-0.07492986184995915,0.2785334654535628,0.20360360360360363,,,,,,,0.25g
mamba,mamba_add_rho0.05_wd0.3_tiersNone,1002,0.05,0.3,lowpass,in,,69.99526066351764,0.0828828828828828,,,,,,,,,,,0.25g
mamba,mamba_add_rho0.05_wd0.3_tiersNone,1002,0.05,0.3,neurons,units,,0.007812499999937108,0.3189189189189189,,,,,0.34521571386718664,-0.105576074227547,0.23963963963963963,0.5544909110533829,-0.1508873074497793,0.4036036036036036,0.25g
mamba,mamba_add_rho0.05_wd0.3_tiersNone,1002,0.05,0.3,randk,in,,0.4510869565168869,0.1153153153153153,,,,,,,,,,,0.25g
mamba,mamba_add_rho0.05_wd0.3_tiersNone,1002,0.05,0.3,randunits,units,,0.19335511982541762,0.08528528528528523,,,,,0.0004818438833391429,0.015133771732276424,0.015615615615615567,-0.034287255456519616,0.07813109930036338,0.043843843843843766,0.25g
mamba,mamba_add_rho0.05_wd0.3_tiersNone,1002,0.05,0.3,residual,in,,0.4510869565168869,0.1153153153153153,,,,,,,,,,,0.25g
mamba,mamba_add_rho0.05_wd0.3_tiersNone,1002,0.05,0.3,topk,in,,0.7681737588652124,0.0828828828828828,,,,,,,,,,,0.25g
mamba,mamba_add_rho0_wd0.1_tiersNone,1000,0.0,0.1,ebottom,in,,,,,,-0.0018917214665345001,,,,,,,,0.25g
mamba,mamba_add_rho0_wd0.1_tiersNone,1000,0.0,0.1,erand,in,,,,,,-0.0021019127405939,,,,,,,,0.25g
mamba,mamba_add_rho0_wd0.1_tiersNone,1000,0.0,0.1,etop,in,,,,,,-0.0018917214665345001,,,,,,,,0.25g
mamba,mamba_add_rho0_wd0.1_tiersNone,1000,0.0,0.1,lowpass,in,,,,,,,,,,,,,,0.25g
mamba,mamba_add_rho0_wd0.1_tiersNone,1000,0.0,0.1,randk,in,,,,,,,,,,,,,,0.25g
mamba,mamba_add_rho0_wd0.1_tiersNone,1000,0.0,0.1,residual,in,,,,,,,,,,,,,,0.25g
mamba,mamba_add_rho0_wd0.1_tiersNone,1000,0.0,0.1,topk,in,,,,,,,,,,,,,,0.25g
mamba,mamba_add_rho0_wd0.1_tiersNone,1001,0.0,0.1,ebottom,in,,,,,,-0.0015313935681470002,,,,,,,,0.25g
mamba,mamba_add_rho0_wd0.1_tiersNone,1001,0.0,0.1,erand,in,,,,,,-0.0017415848422064333,,,,,,,,0.25g
mamba,mamba_add_rho0_wd0.1_tiersNone,1001,0.0,0.1,etop,in,,,,,,-0.0016214755427439,,,,,,,,0.25g
mamba,mamba_add_rho0_wd0.1_tiersNone,1001,0.0,0.1,lowpass,in,,,,,,,,,,,,,,0.25g
mamba,mamba_add_rho0_wd0.1_tiersNone,1001,0.0,0.1,randk,in,,,,,,,,,,,,,,0.25g
mamba,mamba_add_rho0_wd0.1_tiersNone,1001,0.0,0.1,residual,in,,,,,,,,,,,,,,0.25g
mamba,mamba_add_rho0_wd0.1_tiersNone,1001,0.0,0.1,topk,in,,,,,,,,,,,,,,0.25g
mamba,mamba_add_rho0_wd0.1_tiersNone,1002,0.0,0.1,ebottom,in,,,,,,-0.0013512296189532168,,,,,,,,0.25g
mamba,mamba_add_rho0_wd0.1_tiersNone,1002,0.0,0.1,erand,in,,,,,,-0.0018917214665344836,,,,,,,,0.25g
mamba,mamba_add_rho0_wd0.1_tiersNone,1002,0.0,0.1,etop,in,,,,,,-0.0018016394919376168,,,,,,,,0.25g
mamba,mamba_add_rho0_wd0.1_tiersNone,1002,0.0,0.1,lowpass,in,,,,,,,,,,,,,,0.25g
mamba,mamba_add_rho0_wd0.1_tiersNone,1002,0.0,0.1,randk,in,,,,,,,,,,,,,,0.25g
mamba,mamba_add_rho0_wd0.1_tiersNone,1002,0.0,0.1,residual,in,,,,,,,,,,,,,,0.25g
mamba,mamba_add_rho0_wd0.1_tiersNone,1002,0.0,0.1,topk,in,,,,,,,,,,,,,,0.25g
mamba,mamba_add_rho0_wd0.3_tiersNone,1001,0.0,0.3,ebottom,in,,,,,,-0.0014413115935501,,,,,,,,0.25g
mamba,mamba_add_rho0_wd0.3_tiersNone,1001,0.0,0.3,erand,in,,,,,,-0.0020418580908627,,,,,,,,0.25g
mamba,mamba_add_rho0_wd0.3_tiersNone,1001,0.0,0.3,etop,in,,,,,,-0.0013512296189532001,,,,,,,,0.25g
mamba,mamba_add_rho0_wd0.3_tiersNone,1001,0.0,0.3,lowpass,in,,,,,,,,,,,,,,0.25g
mamba,mamba_add_rho0_wd0.3_tiersNone,1001,0.0,0.3,randk,in,,,,,,,,,,,,,,0.25g
mamba,mamba_add_rho0_wd0.3_tiersNone,1001,0.0,0.3,residual,in,,,,,,,,,,,,,,0.25g
mamba,mamba_add_rho0_wd0.3_tiersNone,1001,0.0,0.3,topk,in,,,,,,,,,,,,,,0.25g
mamba,mamba_add_rho0_wd0.3_tiersNone,1002,0.0,0.3,ebottom,in,,,,,,-0.0018917214665344997,,,,,,,,0.25g
mamba,mamba_add_rho0_wd0.3_tiersNone,1002,0.0,0.3,erand,in,,,,,,-0.0022820766897877,,,,,,,,0.25g
mamba,mamba_add_rho0_wd0.3_tiersNone,1002,0.0,0.3,etop,in,,,,,,-0.0018917214665344997,,,,,,,,0.25g
mamba,mamba_add_rho0_wd0.3_tiersNone,1002,0.0,0.3,lowpass,in,,,,,,,,,,,,,,0.25g
mamba,mamba_add_rho0_wd0.3_tiersNone,1002,0.0,0.3,randk,in,,,,,,,,,,,,,,0.25g
mamba,mamba_add_rho0_wd0.3_tiersNone,1002,0.0,0.3,residual,in,,,,,,,,,,,,,,0.25g
mamba,mamba_add_rho0_wd0.3_tiersNone,1002,0.0,0.3,topk,in,,,,,,,,,,,,,,0.25g
transformer,transformer_add_rho0.02_wd0.1_tiersNone,1000,0.02,0.1,ebottom,in,,,0.0135135135135135,,0.090990909836059,-0.0009008197459689001,0.0900900900900901,,,,,,,0.25g
transformer,transformer_add_rho0.02_wd0.1_tiersNone,1000,0.02,0.1,erand,in,,,0.009009009009009,,0.05741738495544466,-0.00036032789838756716,0.0570570570570571,,,,,,,0.25g
transformer,transformer_add_rho0.02_wd0.1_tiersNone,1000,0.02,0.1,etop,in,,,0.0135135135135135,,0.0808108351572905,0.00027024592379059926,0.0810810810810811,,,,,,,0.25g
transformer,transformer_add_rho0.02_wd0.1_tiersNone,1000,0.02,0.1,lowpass,in,,,0.0315315315315315,,,,,,,,,,,0.25g
transformer,transformer_add_rho0.02_wd0.1_tiersNone,1000,0.02,0.1,neurons,units,,,0.0045045045045045,,,,,0.013423431538916602,9.008197459689938e-05,0.0135135135135135,0.027027027027027,0.0,0.027027027027027,0.25g
transformer,transformer_add_rho0.02_wd0.1_tiersNone,1000,0.02,0.1,randk,in,,,0.0045045045045045,,,,,,,,,,,0.25g
transformer,transformer_add_rho0.02_wd0.1_tiersNone,1000,0.02,0.1,randunits,units,,,0.0045045045045045,,,,,0.00021019127405943363,-0.00021019127405943363,0.0,0.004774750428295167,-0.0002702459237906669,0.0045045045045045,0.25g
transformer,transformer_add_rho0.02_wd0.1_tiersNone,1000,0.02,0.1,residual,in,,,0.0045045045045045,,,,,,,,,,,0.25g
transformer,transformer_add_rho0.02_wd0.1_tiersNone,1000,0.02,0.1,topk,in,,,0.009009009009009,,,,,,,,,,,0.25g
transformer,transformer_add_rho0.02_wd0.1_tiersNone,1001,0.02,0.1,ebottom,in,,,0.0315315315315315,,0.0810814868557415,0.0045040987298441,0.0855855855855856,,,,,,,0.25g
transformer,transformer_add_rho0.02_wd0.1_tiersNone,1001,0.02,0.1,erand,in,,,0.018018018018018,,0.0793998214050462,0.0046842626790379,0.08408408408408409,,,,,,,0.25g
transformer,transformer_add_rho0.02_wd0.1_tiersNone,1001,0.02,0.1,etop,in,,,0.018018018018018,,0.0864872168808752,0.0081073777137194,0.0945945945945946,,,,,,,0.25g
transformer,transformer_add_rho0.02_wd0.1_tiersNone,1001,0.02,0.1,lowpass,in,,,0.0405405405405405,,,,,,,,,,,0.25g
transformer,transformer_add_rho0.02_wd0.1_tiersNone,1001,0.02,0.1,neurons,units,,,0.009009009009009,,,,,0.004324340555310814,0.00018016394919369988,0.004504504504504514,0.0290092362428188,0.0025222952887127004,0.0315315315315315,0.25g
transformer,transformer_add_rho0.02_wd0.1_tiersNone,1001,0.02,0.1,randk,in,,,0.018018018018018,,,,,,,,,,,0.25g
transformer,transformer_add_rho0.02_wd0.1_tiersNone,1001,0.02,0.1,randunits,units,,,0.009009009009009,,,,,0.0083183805370996,0.0006906284719094003,0.009009009009009,-0.0009907664623455617,0.0024922679638470662,0.0015015015015015047,0.25g
transformer,transformer_add_rho0.02_wd0.1_tiersNone,1001,0.02,0.1,residual,in,,,0.018018018018018,,,,,,,,,,,0.25g
transformer,transformer_add_rho0.02_wd0.1_tiersNone,1001,0.02,0.1,topk,in,,,0.0135135135135135,,,,,,,,,,,0.25g
transformer,transformer_add_rho0.02_wd0.3_tiersNone,1001,0.02,0.3,ebottom,in,,,0.027027027027027,,0.0771174741988183,0.003963606882262801,0.0810810810810811,,,,,,,0.25g
transformer,transformer_add_rho0.02_wd0.3_tiersNone,1001,0.02,0.3,erand,in,,,0.018018018018018,,0.0713516867917373,0.0037233882833378005,0.0750750750750751,,,,,,,0.25g
transformer,transformer_add_rho0.02_wd0.3_tiersNone,1001,0.02,0.3,etop,in,,,0.018018018018018,,0.0642349402821433,0.0078371317899288,0.0720720720720721,,,,,,,0.25g
transformer,transformer_add_rho0.02_wd0.3_tiersNone,1001,0.02,0.3,lowpass,in,,,0.0405405405405405,,,,,,,,,,,0.25g
transformer,transformer_add_rho0.02_wd0.3_tiersNone,1001,0.02,0.3,neurons,units,,,0.009009009009009,,,,,9.008197459690025e-05,-9.008197459690025e-05,0.0,0.0252253875350894,0.0018016394919376007,0.027027027027027,0.25g
transformer,transformer_add_rho0.02_wd0.3_tiersNone,1001,0.02,0.3,randk,in,,,0.018018018018018,,,,,,,,,,,0.25g
transformer,transformer_add_rho0.02_wd0.3_tiersNone,1001,0.02,0.3,randunits,units,,,0.009009009009009,,,,,-0.007867835405894953,0.0003603278983874668,-0.007507507507507487,-0.00015000136610800012,0.0016515028676095,0.0015015015015015,0.25g
transformer,transformer_add_rho0.02_wd0.3_tiersNone,1001,0.02,0.3,residual,in,,,0.018018018018018,,,,,,,,,,,0.25g
transformer,transformer_add_rho0.02_wd0.3_tiersNone,1001,0.02,0.3,topk,in,,,0.0135135135135135,,,,,,,,,,,0.25g
transformer,transformer_add_rho0.05_wd0.1_tiersNone,1000,0.05,0.1,ebottom,in,,,0.2468468468468468,,0.15468535827062094,0.007476803891541289,0.16216216216216223,,,,,,,0.25g
transformer,transformer_add_rho0.05_wd0.1_tiersNone,1000,0.05,0.1,erand,in,,,0.1981981981981982,,-0.002568932323008514,0.15151788127195753,0.14894894894894903,,,,,,,0.25g
transformer,transformer_add_rho0.05_wd0.1_tiersNone,1000,0.05,0.1,etop,in,,,0.1981981981981982,,-0.11007059667540707,0.2163769029817134,0.10630630630630632,,,,,,,0.25g
transformer,transformer_add_rho0.05_wd0.1_tiersNone,1000,0.05,0.1,lowpass,in,,,0.1981981981981982,,,,,,,,,,,0.25g
transformer,transformer_add_rho0.05_wd0.1_tiersNone,1000,0.05,0.1,neurons,units,,,0.2126126126126126,,,,,0.012793588111127047,0.008828033510494576,0.021621621621621623,0.030452901329399013,0.027204756328258695,0.05765765765765771,0.25g
transformer,transformer_add_rho0.05_wd0.1_tiersNone,1000,0.05,0.1,randk,in,,,0.20180180180180182,,,,,,,,,,,0.25g
transformer,transformer_add_rho0.05_wd0.1_tiersNone,1000,0.05,0.1,randunits,units,,,0.2024024024024024,,,,,-0.006635984692015678,0.007236585292616292,0.0006006006006006129,-0.029366453202143677,0.03236945620514669,0.0030030030030030095,0.25g
transformer,transformer_add_rho0.05_wd0.1_tiersNone,1000,0.05,0.1,residual,in,,,0.2018018018018018,,,,,,,,,,,0.25g
transformer,transformer_add_rho0.05_wd0.1_tiersNone,1000,0.05,0.1,topk,in,,,0.1981981981981982,,,,,,,,,,,0.25g
transformer,transformer_add_rho0.05_wd0.1_tiersNone,1001,0.05,0.1,ebottom,in,,,0.027027027027027,,0.1023426994240434,0.0039636068822629,0.1063063063063063,,,,,,,0.25g
transformer,transformer_add_rho0.05_wd0.1_tiersNone,1001,0.05,0.1,erand,in,,,0.013213213213213199,,0.11279329054304277,0.005525027775275533,0.1183183183183183,,,,,,,0.25g
transformer,transformer_add_rho0.05_wd0.1_tiersNone,1001,0.05,0.1,etop,in,,,0.0126126126126126,,0.1111718691035869,0.0077470498153320005,0.1189189189189189,,,,,,,0.25g
transformer,transformer_add_rho0.05_wd0.1_tiersNone,1001,0.05,0.1,lowpass,in,,,0.0234234234234234,,,,,,,,,,,0.25g
transformer,transformer_add_rho0.05_wd0.1_tiersNone,1001,0.05,0.1,neurons,units,,,0.0108108108108108,,,,,0.002973029781425312,0.0006305738221781994,0.0036036036036035113,0.027838089418127196,0.0027925412125033994,0.030630630630630595,0.25g
transformer,transformer_add_rho0.05_wd0.1_tiersNone,1001,0.05,0.1,randk,in,,,0.0054054054054054,,,,,,,,,,,0.25g
transformer,transformer_add_rho0.05_wd0.1_tiersNone,1001,0.05,0.1,randunits,units,,,0.0078078078078078,,,,,-0.002822784950521295,0.0004203825481188331,-0.0024024024024024613,-0.001861640038380961,0.0024622406389815,0.000600600600600539,0.25g
transformer,transformer_add_rho0.05_wd0.1_tiersNone,1001,0.05,0.1,residual,in,,,0.0054054054054054,,,,,,,,,,,0.25g
transformer,transformer_add_rho0.05_wd0.1_tiersNone,1001,0.05,0.1,topk,in,,,0.009009009009009,,,,,,,,,,,0.25g
transformer,transformer_add_rho0.05_wd0.1_tiersNone,1002,0.05,0.1,ebottom,in,,,0.018018018018018,,0.0943245921356002,0.002972705161697101,0.0972972972972973,,,,,,,0.25g
transformer,transformer_add_rho0.05_wd0.1_tiersNone,1002,0.05,0.1,erand,in,,,0.0174174174174174,,0.087688066410704,0.0042038254811879,0.0918918918918919,,,,,,,0.25g
transformer,transformer_add_rho0.05_wd0.1_tiersNone,1002,0.05,0.1,etop,in,,,0.0234234234234234,,0.10747802121552229,0.006035492297991201,0.11351351351351349,,,,,,,0.25g
transformer,transformer_add_rho0.05_wd0.1_tiersNone,1002,0.05,0.1,lowpass,in,,,0.027027027027027,,,,,,,,,,,0.25g
transformer,transformer_add_rho0.05_wd0.1_tiersNone,1002,0.05,0.1,neurons,units,,,0.018018018018018,,,,,0.0042343397356459055,0.0011710656697595002,0.005405405405405406,0.01630662281054141,0.0035131970092784,0.01981981981981981,0.25g
transformer,transformer_add_rho0.05_wd0.1_tiersNone,1002,0.05,0.1,randk,in,,,0.0126126126126126,,,,,,,,,,,0.25g
transformer,transformer_add_rho0.05_wd0.1_tiersNone,1002,0.05,0.1,randunits,units,,,0.0108108108108108,,,,,-0.0006906284719094286,0.0006906284719094009,-2.7755575615628914e-17,-0.003002732486562767,0.003002732486562767,0.0,0.25g
transformer,transformer_add_rho0.05_wd0.1_tiersNone,1002,0.05,0.1,residual,in,,,0.0126126126126126,,,,,,,,,,,0.25g
transformer,transformer_add_rho0.05_wd0.1_tiersNone,1002,0.05,0.1,topk,in,,,0.0162162162162162,,,,,,,,,,,0.25g
transformer,transformer_add_rho0.05_wd0.3_tiersNone,1000,0.05,0.3,ebottom,in,,,0.0126126126126126,,0.09936934502288981,-0.00027024592379070074,0.09909909909909911,,,,,,,0.25g
transformer,transformer_add_rho0.05_wd0.3_tiersNone,1000,0.05,0.3,erand,in,,,0.0144144144144144,,0.09765773340226093,0.0008407650962375662,0.09849849849849851,,,,,,,0.25g
transformer,transformer_add_rho0.05_wd0.3_tiersNone,1000,0.05,0.3,etop,in,,,0.0126126126126126,,0.0799100154113216,0.0011710656697594994,0.0810810810810811,,,,,,,0.25g
transformer,transformer_add_rho0.05_wd0.3_tiersNone,1000,0.05,0.3,lowpass,in,,,0.018018018018018,,,,,,,,,,,0.25g
transformer,transformer_add_rho0.05_wd0.3_tiersNone,1000,0.05,0.3,neurons,units,,,0.009009009009009,,,,,0.012162202739628196,0.00045040987298439975,0.012612612612612595,0.020720801875652797,0.0009008197459687995,0.021621621621621595,0.25g
transformer,transformer_add_rho0.05_wd0.3_tiersNone,1000,0.05,0.3,randk,in,,,0.0072072072072072,,,,,,,,,,,0.25g
transformer,transformer_add_rho0.05_wd0.3_tiersNone,1000,0.05,0.3,randunits,units,,,0.0078078078078078,,,,,-0.001351337825529298,0.0001501366243280997,-0.0012012012012011981,0.006426496760700898,0.0007807104465062997,0.007207207207207199,0.25g
transformer,transformer_add_rho0.05_wd0.3_tiersNone,1000,0.05,0.3,residual,in,,,0.0072072072072072,,,,,,,,,,,0.25g
transformer,transformer_add_rho0.05_wd0.3_tiersNone,1000,0.05,0.3,topk,in,,,0.0126126126126126,,,,,,,,,,,0.25g
transformer,transformer_add_rho0.05_wd0.3_tiersNone,1001,0.05,0.3,ebottom,in,,,0.0252252252252252,,0.1089191704992083,0.002792541212503401,0.1117117117117117,,,,,,,0.25g
transformer,transformer_add_rho0.05_wd0.3_tiersNone,1001,0.05,0.3,erand,in,,,0.012012012012012,,0.11087132533849041,0.0050445905774255005,0.11591591591591589,,,,,,,0.25g
transformer,transformer_add_rho0.05_wd0.3_tiersNone,1001,0.05,0.3,etop,in,,,0.009009009009009,,0.11594653837694999,0.0065759841455725,0.12252252252252249,,,,,,,0.25g
transformer,transformer_add_rho0.05_wd0.3_tiersNone,1001,0.05,0.3,lowpass,in,,,0.0234234234234234,,,,,,,,,,,0.25g
transformer,transformer_add_rho0.05_wd0.3_tiersNone,1001,0.05,0.3,neurons,units,,,0.0108108108108108,,,,,0.006126223512044589,0.0010809836951626,0.007207207207207189,0.026126369590922283,0.002702459237906501,0.028828828828828784,0.25g
transformer,transformer_add_rho0.05_wd0.3_tiersNone,1001,0.05,0.3,randk,in,,,0.0054054054054054,,,,,,,,,,,0.25g
transformer,transformer_add_rho0.05_wd0.3_tiersNone,1001,0.05,0.3,randunits,units,,,0.0072072072072072,,,,,0.004024094358298458,0.0007807104465063341,0.0048048048048047924,-0.0022520493649221007,0.0022520493649221007,0.0,0.25g
transformer,transformer_add_rho0.05_wd0.3_tiersNone,1001,0.05,0.3,residual,in,,,0.0054054054054054,,,,,,,,,,,0.25g
transformer,transformer_add_rho0.05_wd0.3_tiersNone,1001,0.05,0.3,topk,in,,,0.009009009009009,,,,,,,,,,,0.25g
transformer,transformer_add_rho0_wd0.1_tiersNone,1000,0.0,0.1,ebottom,in,,,,,,-0.00036032789838749994,,,,,,,,0.25g
transformer,transformer_add_rho0_wd0.1_tiersNone,1000,0.0,0.1,erand,in,,,,,,-0.0001501366243281334,,,,,,,,0.25g
transformer,transformer_add_rho0_wd0.1_tiersNone,1000,0.0,0.1,etop,in,,,,,,-0.00036032789838749994,,,,,,,,0.25g
transformer,transformer_add_rho0_wd0.1_tiersNone,1000,0.0,0.1,lowpass,in,,,,,,,,,,,,,,0.25g
transformer,transformer_add_rho0_wd0.1_tiersNone,1000,0.0,0.1,randk,in,,,,,,,,,,,,,,0.25g
transformer,transformer_add_rho0_wd0.1_tiersNone,1000,0.0,0.1,residual,in,,,,,,,,,,,,,,0.25g
transformer,transformer_add_rho0_wd0.1_tiersNone,1000,0.0,0.1,topk,in,,,,,,,,,,,,,,0.25g
transformer,transformer_add_rho0_wd0.1_tiersNone,1002,0.0,0.1,ebottom,in,,,,,,-0.00036032789838749864,,,,,,,,0.25g
transformer,transformer_add_rho0_wd0.1_tiersNone,1002,0.0,0.1,erand,in,,,,,,0.001111011020028234,,,,,,,,0.25g
transformer,transformer_add_rho0_wd0.1_tiersNone,1002,0.0,0.1,etop,in,,,,,,0.002161967390325201,,,,,,,,0.25g
transformer,transformer_add_rho0_wd0.1_tiersNone,1002,0.0,0.1,lowpass,in,,,,,,,,,,,,,,0.25g
transformer,transformer_add_rho0_wd0.1_tiersNone,1002,0.0,0.1,randk,in,,,,,,,,,,,,,,0.25g
transformer,transformer_add_rho0_wd0.1_tiersNone,1002,0.0,0.1,residual,in,,,,,,,,,,,,,,0.25g
transformer,transformer_add_rho0_wd0.1_tiersNone,1002,0.0,0.1,topk,in,,,,,,,,,,,,,,0.25g
transformer,transformer_add_rho0_wd0.3_tiersNone,1000,0.0,0.3,ebottom,in,,,,,,-0.0005404918475813,,,,,,,,0.25g
transformer,transformer_add_rho0_wd0.3_tiersNone,1000,0.0,0.3,erand,in,,,,,,-0.0003002732486562665,,,,,,,,0.25g
transformer,transformer_add_rho0_wd0.3_tiersNone,1000,0.0,0.3,etop,in,,,,,,-0.00018016394919380006,,,,,,,,0.25g
transformer,transformer_add_rho0_wd0.3_tiersNone,1000,0.0,0.3,lowpass,in,,,,,,,,,,,,,,0.25g
transformer,transformer_add_rho0_wd0.3_tiersNone,1000,0.0,0.3,randk,in,,,,,,,,,,,,,,0.25g
transformer,transformer_add_rho0_wd0.3_tiersNone,1000,0.0,0.3,residual,in,,,,,,,,,,,,,,0.25g
transformer,transformer_add_rho0_wd0.3_tiersNone,1000,0.0,0.3,topk,in,,,,,,,,,,,,,,0.25g
transformer,transformer_add_rho0_wd0.3_tiersNone,1002,0.0,0.3,ebottom,in,,,,,,-9.008197459690025e-05,,,,,,,,0.25g
transformer,transformer_add_rho0_wd0.3_tiersNone,1002,0.0,0.3,erand,in,,,,,,0.001080983695162567,,,,,,,,0.25g
transformer,transformer_add_rho0_wd0.3_tiersNone,1002,0.0,0.3,etop,in,,,,,,0.0023421313395189,,,,,,,,0.25g
transformer,transformer_add_rho0_wd0.3_tiersNone,1002,0.0,0.3,lowpass,in,,,,,,,,,,,,,,0.25g
transformer,transformer_add_rho0_wd0.3_tiersNone,1002,0.0,0.3,randk,in,,,,,,,,,,,,,,0.25g
transformer,transformer_add_rho0_wd0.3_tiersNone,1002,0.0,0.3,residual,in,,,,,,,,,,,,,,0.25g
transformer,transformer_add_rho0_wd0.3_tiersNone,1002,0.0,0.3,topk,in,,,,,,,,,,,,,,0.25g
kimi,kimi_add_rho0.02_wd0.1_tiersNone,1001,0.02,0.1,ebottom,in,,0.47230769230744535,0.1171171171171171,,0.5954941970165825,-0.014413115935501299,0.5810810810810811,,,,,,,0.5g
kimi,kimi_add_rho0.02_wd0.1_tiersNone,1001,0.02,0.1,erand,in,,0.5138728323698888,0.0195195195195195,,0.43480743151943946,0.029156532444524496,0.46396396396396394,,,,,,,0.5g
kimi,kimi_add_rho0.02_wd0.1_tiersNone,1001,0.02,0.1,etop,in,,0.5241379310343903,0.0135135135135135,,0.397571114038099,0.0393658228988379,0.4369369369369369,,,,,,,0.5g
kimi,kimi_add_rho0.02_wd0.1_tiersNone,1001,0.02,0.1,lowpass,in,,39.56164383562927,0.0675675675675675,,,,,,,,,,,0.5g
kimi,kimi_add_rho0.02_wd0.1_tiersNone,1001,0.02,0.1,neurons,units,,,0.0,,,,,9.008197459690198e-05,-9.008197459690198e-05,0.0,0.00891852125975165,-0.004414016755247302,0.0045045045045043475,0.5g
kimi,kimi_add_rho0.02_wd0.1_tiersNone,1001,0.02,0.1,randk,in,,,0.0,,,,,,,,,,,0.5g
kimi,kimi_add_rho0.02_wd0.1_tiersNone,1001,0.02,0.1,randunits,units,,,0.0,,,,,-0.001141038344893835,0.001141038344893835,0.0,-0.006906284719094334,0.006906284719094334,0.0,0.5g
kimi,kimi_add_rho0.02_wd0.1_tiersNone,1001,0.02,0.1,residual,in,,,0.0,,,,,,,,,,,0.5g
kimi,kimi_add_rho0.02_wd0.1_tiersNone,1001,0.02,0.1,topk,in,,0.8676470588234013,0.009009009009009,,,,,,,,,,,0.5g
kimi,kimi_add_rho0.02_wd0.1_tiersNone,1002,0.02,0.1,ebottom,in,,0.46025641025623876,0.1216216216216216,,0.6741410359102461,-0.034501396270606305,0.6396396396396398,,,,,,,0.5g
kimi,kimi_add_rho0.02_wd0.1_tiersNone,1002,0.02,0.1,erand,in,,0.49551282051241274,0.024024024024024,,0.4981692799907376,0.01234123051977297,0.5105105105105107,,,,,,,0.5g
kimi,kimi_add_rho0.02_wd0.1_tiersNone,1002,0.02,0.1,etop,in,,0.5399999999998519,0.0225225225225225,,0.3654077913604083,0.0264841005314836,0.3918918918918919,,,,,,,0.5g
kimi,kimi_add_rho0.02_wd0.1_tiersNone,1002,0.02,0.1,lowpass,in,,40.05673758866499,0.063063063063063,,,,,,,,,,,0.5g
kimi,kimi_add_rho0.02_wd0.1_tiersNone,1002,0.02,0.1,neurons,units,,,0.0,,,,,-0.0016214755427439026,0.0016214755427439026,0.0,0.0008107377713719964,-0.0008107377713719964,0.0,0.5g
kimi,kimi_add_rho0.02_wd0.1_tiersNone,1002,0.02,0.1,randk,in,,,0.0,,,,,,,,,,,0.5g
kimi,kimi_add_rho0.02_wd0.1_tiersNone,1002,0.02,0.1,randunits,units,,,0.0,,,,,-0.0006305738221781347,0.0006305738221781347,0.0,-0.004233852806053468,0.004233852806053468,0.0,0.5g
kimi,kimi_add_rho0.02_wd0.1_tiersNone,1002,0.02,0.1,residual,in,,,0.0,,,,,,,,,,,0.5g
kimi,kimi_add_rho0.02_wd0.1_tiersNone,1002,0.02,0.1,topk,in,,0.8712121212119853,0.009009009009009,,,,,,,,,,,0.5g
kimi,kimi_add_rho0.02_wd0.3_tiersNone,1000,0.02,0.3,ebottom,in,,0.44153846153831966,0.0495495495495495,,0.6846834673607037,-0.013512296189532499,0.6711711711711712,,,,,,,0.5g
kimi,kimi_add_rho0.02_wd0.3_tiersNone,1000,0.02,0.3,erand,in,,0.46277777777754553,0.0135135135135135,,0.6041438249347447,-0.0035432243341440663,0.6006006006006007,,,,,,,0.5g
kimi,kimi_add_rho0.02_wd0.3_tiersNone,1000,0.02,0.3,etop,in,,0.46785714285687385,0.0135135135135135,,0.5815314909540655,-0.00045040987298439975,0.5810810810810811,,,,,,,0.5g
kimi,kimi_add_rho0.02_wd0.3_tiersNone,1000,0.02,0.3,lowpass,in,,41.77099236642277,0.0405405405405405,,,,,,,,,,,0.5g
kimi,kimi_add_rho0.02_wd0.3_tiersNone,1000,0.02,0.3,neurons,units,,,0.0,,,,,0.0006305738221781998,-0.0006305738221781998,0.0,0.009549500856590329,-0.0005404918475813,0.009009009009009028,0.5g
kimi,kimi_add_rho0.02_wd0.3_tiersNone,1000,0.02,0.3,randk,in,,,0.0,,,,,,,,,,,0.5g
kimi,kimi_add_rho0.02_wd0.3_tiersNone,1000,0.02,0.3,randunits,units,,,0.0,,,,,0.0003002732486562665,-0.0003002732486562665,0.0,0.0020720206739483823,-0.0005705191724469333,0.0015015015015014492,0.5g
kimi,kimi_add_rho0.02_wd0.3_tiersNone,1000,0.02,0.3,residual,in,,,0.0,,,,,,,,,,,0.5g
kimi,kimi_add_rho0.02_wd0.3_tiersNone,1000,0.02,0.3,topk,in,,0.8643216080400735,0.009009009009009,,,,,,,,,,,0.5g
kimi,kimi_add_rho0.02_wd0.3_tiersNone,1001,0.02,0.3,ebottom,in,,0.4480769230767178,0.036036036036036,,0.6311703109288912,-0.0095486893072696,0.6216216216216216,,,,,,,0.5g
kimi,kimi_add_rho0.02_wd0.3_tiersNone,1001,0.02,0.3,erand,in,,0.47076023391785304,0.018018018018018,,0.5772970971151316,-0.0022220220400564665,0.575075075075075,,,,,,,0.5g
kimi,kimi_add_rho0.02_wd0.3_tiersNone,1001,0.02,0.3,etop,in,,0.4859649122803669,0.018018018018018,,0.536846773807408,-0.0008107377713718999,0.5360360360360361,,,,,,,0.5g
kimi,kimi_add_rho0.02_wd0.3_tiersNone,1001,0.02,0.3,lowpass,in,,40.314960629934696,0.0315315315315315,,,,,,,,,,,0.5g
kimi,kimi_add_rho0.02_wd0.3_tiersNone,1001,0.02,0.3,neurons,units,,,0.0,,,,,0.00018016394919380006,-0.00018016394919380006,0.0,0.0037838487077292474,0.0007206557967751,0.0045045045045043475,0.5g
kimi,kimi_add_rho0.02_wd0.3_tiersNone,1001,0.02,0.3,randk,in,,,0.0,,,,,,,,,,,0.5g
kimi,kimi_add_rho0.02_wd0.3_tiersNone,1001,0.02,0.3,randunits,units,,,0.0,,,,,0.00018016394919376675,-0.00018016394919376675,0.0,3.0027324865600166e-05,-3.0027324865600166e-05,0.0,0.5g
kimi,kimi_add_rho0.02_wd0.3_tiersNone,1001,0.02,0.3,residual,in,,,0.0,,,,,,,,,,,0.5g
kimi,kimi_add_rho0.02_wd0.3_tiersNone,1001,0.02,0.3,topk,in,,0.8599476439789298,0.0,,,,,,,,,,,0.5g
kimi,kimi_add_rho0.02_wd0.3_tiersNone,1002,0.02,0.3,ebottom,in,,0.4,0.1576576576576576,,0.8238694509300762,-0.0490946761553014,0.7747747747747749,,,,,,,0.5g
kimi,kimi_add_rho0.02_wd0.3_tiersNone,1002,0.02,0.3,erand,in,,0.4533834586463492,0.018018018018018,,0.5831540485625704,0.009939044530522733,0.5930930930930931,,,,,,,0.5g
kimi,kimi_add_rho0.02_wd0.3_tiersNone,1002,0.02,0.3,etop,in,,0.5175438596490545,0.009009009009009,,0.43387577289928436,0.0210791820556706,0.45495495495495497,,,,,,,0.5g
kimi,kimi_add_rho0.02_wd0.3_tiersNone,1002,0.02,0.3,lowpass,in,,42.94736842106247,0.081081081081081,,,,,,,,,,,0.5g
kimi,kimi_add_rho0.02_wd0.3_tiersNone,1002,0.02,0.3,neurons,units,,,0.0045045045045045,,,,,0.0011710656697595002,-0.0011710656697595002,0.0,0.009999910729574828,-0.0009909017205658004,0.009009009009009028,0.5g
kimi,kimi_add_rho0.02_wd0.3_tiersNone,1002,0.02,0.3,randk,in,,,0.0,,,,,,,,,,,0.5g
kimi,kimi_add_rho0.02_wd0.3_tiersNone,1002,0.02,0.3,randunits,units,,,0.0,,,,,0.00015013662432816766,-0.00015013662432816766,0.0,-0.00015000136610805043,0.0016515028676094997,0.0015015015015014492,0.5g
kimi,kimi_add_rho0.02_wd0.3_tiersNone,1002,0.02,0.3,residual,in,,,0.0,,,,,,,,,,,0.5g
kimi,kimi_add_rho0.02_wd0.3_tiersNone,1002,0.02,0.3,topk,in,,0.8651960784312471,0.0045045045045045,,,,,,,,,,,0.5g
kimi,kimi_add_rho0.05_wd0.1_tiersNone,1000,0.05,0.1,ebottom,in,,0.4745398773003597,0.0396396396396396,,0.5845036280312382,-0.0097288532564634,0.5747747747747748,,,,,,,0.5g
kimi,kimi_add_rho0.05_wd0.1_tiersNone,1000,0.05,0.1,erand,in,,0.49440639269370507,0.0174174174174174,,0.5177474745261431,-0.003032759811428433,0.5147147147147147,,,,,,,0.5g
kimi,kimi_add_rho0.05_wd0.1_tiersNone,1000,0.05,0.1,etop,in,,0.5336666666665421,0.0108108108108108,,0.40882884505981537,0.0001801639491937001,0.40900900900900905,,,,,,,0.5g
kimi,kimi_add_rho0.05_wd0.1_tiersNone,1000,0.05,0.1,lowpass,in,,38.847457627133,0.027027027027027,,,,,,,,,,,0.5g
kimi,kimi_add_rho0.05_wd0.1_tiersNone,1000,0.05,0.1,neurons,units,,,0.0,,,,,0.00018016394919380006,-0.00018016394919380006,0.0,-0.0001801639491937001,0.0001801639491937001,0.0,0.5g
kimi,kimi_add_rho0.05_wd0.1_tiersNone,1000,0.05,0.1,randk,in,,,0.0,,,,,,,,,,,0.5g
kimi,kimi_add_rho0.05_wd0.1_tiersNone,1000,0.05,0.1,randunits,units,,,0.0,,,,,-0.00021019127405933337,0.00021019127405933337,0.0,0.00027024592379070004,-0.00027024592379070004,0.0,0.5g
kimi,kimi_add_rho0.05_wd0.1_tiersNone,1000,0.05,0.1,residual,in,,,0.0,,,,,,,,,,,0.5g
kimi,kimi_add_rho0.05_wd0.1_tiersNone,1000,0.05,0.1,topk,in,,0.87187499999987,0.0054054054054054,,,,,,,,,,,0.5g
kimi,kimi_add_rho0.05_wd0.1_tiersNone,1002,0.05,0.1,ebottom,in,,0.4678124999997648,0.1675675675675675,,0.6255826315460582,-0.03278983875326549,0.5927927927927927,,,,,,,0.5g
kimi,kimi_add_rho0.05_wd0.1_tiersNone,1002,0.05,0.1,erand,in,,0.4901496259347878,0.05165165165165161,,0.49315590701051465,0.030567816713209035,0.5237237237237237,,,,,,,0.5g
kimi,kimi_add_rho0.05_wd0.1_tiersNone,1002,0.05,0.1,etop,in,,0.5824503311255247,0.0108108108108108,,0.16280296150578102,0.11287271416989461,0.27567567567567564,,,,,,,0.5g
kimi,kimi_add_rho0.05_wd0.1_tiersNone,1002,0.05,0.1,lowpass,in,,38.3465045592868,0.018018018018018,,,,,,,,,,,0.5g
kimi,kimi_add_rho0.05_wd0.1_tiersNone,1002,0.05,0.1,neurons,units,,,0.0,,,,,0.0034231150346815953,-0.0034231150346815953,0.0,0.01108024518528078,-0.009278443383478996,0.0018018018018017834,0.5g
kimi,kimi_add_rho0.05_wd0.1_tiersNone,1002,0.05,0.1,randk,in,,,0.0,,,,,,,,,,,0.5g
kimi,kimi_add_rho0.05_wd0.1_tiersNone,1002,0.05,0.1,randunits,units,,,0.0,,,,,-0.005705191724469302,0.005705191724469302,0.0,-0.019187460589136108,0.019187460589136108,0.0,0.5g
kimi,kimi_add_rho0.05_wd0.1_tiersNone,1002,0.05,0.1,residual,in,,,0.0,,,,,,,,,,,0.5g
kimi,kimi_add_rho0.05_wd0.1_tiersNone,1002,0.05,0.1,topk,in,,0.8731096408316289,0.009009009009009,,,,,,,,,,,0.5g
kimi,kimi_add_rho0.05_wd0.3_tiersNone,1000,0.05,0.3,ebottom,in,,0.4966417910443759,0.0648648648648648,,0.5268451588242598,-0.0187370507161517,0.508108108108108,,,,,,,0.5g
kimi,kimi_add_rho0.05_wd0.3_tiersNone,1000,0.05,0.3,erand,in,,0.4925115207369723,0.028228228228228198,,0.5260654763402264,-0.006545956820706834,0.5195195195195196,,,,,,,0.5g
kimi,kimi_add_rho0.05_wd0.3_tiersNone,1000,0.05,0.3,etop,in,,0.5186363636362696,0.0072072072072072,,0.4587391282824127,0.0043239347806504,0.4630630630630631,,,,,,,0.5g
kimi,kimi_add_rho0.05_wd0.3_tiersNone,1000,0.05,0.3,lowpass,in,,39.34246575343782,0.0234234234234234,,,,,,,,,,,0.5g
kimi,kimi_add_rho0.05_wd0.3_tiersNone,1000,0.05,0.3,neurons,units,,,0.0,,,,,0.0003603278983876001,-0.0003603278983876001,0.0,0.0009008197459689001,-0.0009008197459689001,0.0,0.5g
kimi,kimi_add_rho0.05_wd0.3_tiersNone,1000,0.05,0.3,randk,in,,,0.0,,,,,,,,,,,0.5g
kimi,kimi_add_rho0.05_wd0.3_tiersNone,1000,0.05,0.3,randunits,units,,,0.0,,,,,0.000570519172446934,-0.000570519172446934,0.0,-0.0005705191724468996,0.0005705191724468996,0.0,0.5g
kimi,kimi_add_rho0.05_wd0.3_tiersNone,1000,0.05,0.3,residual,in,,,0.0,,,,,,,,,,,0.5g
kimi,kimi_add_rho0.05_wd0.3_tiersNone,1000,0.05,0.3,topk,in,,0.8691520467834968,0.0072072072072072,,,,,,,,,,,0.5g
kimi,kimi_add_rho0.05_wd0.3_tiersNone,1001,0.05,0.3,ebottom,in,,0.46388888888867,0.0792792792792792,,0.6345918028649314,-0.0309881992613278,0.6036036036036037,,,,,,,0.5g
kimi,kimi_add_rho0.05_wd0.3_tiersNone,1001,0.05,0.3,erand,in,,0.4874390243898888,0.015015015015015001,,0.5279880907842353,0.0011410383448938674,0.5291291291291292,,,,,,,0.5g
kimi,kimi_add_rho0.05_wd0.3_tiersNone,1001,0.05,0.3,etop,in,,0.513414634146281,0.0108108108108108,,0.4523437950156264,0.0161246734528421,0.46846846846846846,,,,,,,0.5g
kimi,kimi_add_rho0.05_wd0.3_tiersNone,1001,0.05,0.3,lowpass,in,,40.23880597016211,0.0558558558558558,,,,,,,,,,,0.5g
kimi,kimi_add_rho0.05_wd0.3_tiersNone,1001,0.05,0.3,neurons,units,,,0.0,,,,,0.0002702459237905984,-0.0002702459237905984,0.0,0.0030629494461580815,-0.0012611476443562981,0.0018018018018017834,0.5g
kimi,kimi_add_rho0.05_wd0.3_tiersNone,1001,0.05,0.3,randk,in,,,0.0,,,,,,,,,,,0.5g
kimi,kimi_add_rho0.05_wd0.3_tiersNone,1001,0.05,0.3,randunits,units,,,0.0,,,,,-0.000750683121640733,0.000750683121640733,0.0,-0.00210185863730594,0.0027024592379065343,0.0006006006006005945,0.5g
kimi,kimi_add_rho0.05_wd0.3_tiersNone,1001,0.05,0.3,residual,in,,,0.0,,,,,,,,,,,0.5g
kimi,kimi_add_rho0.05_wd0.3_tiersNone,1001,0.05,0.3,topk,in,,0.8688241106718064,0.0108108108108108,,,,,,,,,,,0.5g
kimi,kimi_add_rho0.05_wd0.3_tiersNone,1002,0.05,0.3,ebottom,in,,0.47045454545429155,0.081081081081081,,0.595944688044499,-0.013962706062516901,0.581981981981982,,,,,,,0.5g
kimi,kimi_add_rho0.05_wd0.3_tiersNone,1002,0.05,0.3,erand,in,,0.46788079470173727,0.0252252252252252,,0.5924019506399473,-0.005014563252559834,0.5873873873873875,,,,,,,0.5g
kimi,kimi_add_rho0.05_wd0.3_tiersNone,1002,0.05,0.3,etop,in,,0.4951492537309492,0.0108108108108108,,0.5057663013883174,0.005945410323394301,0.5117117117117117,,,,,,,0.5g
kimi,kimi_add_rho0.05_wd0.3_tiersNone,1002,0.05,0.3,lowpass,in,,40.64553314122214,0.0306306306306306,,,,,,,,,,,0.5g
kimi,kimi_add_rho0.05_wd0.3_tiersNone,1002,0.05,0.3,neurons,units,,,0.0018018018018018,,,,,0.0013513919288173828,0.0004504098729844006,0.0018018018018017834,0.00459466763403345,0.0008107377713719001,0.00540540540540535,0.5g
kimi,kimi_add_rho0.05_wd0.3_tiersNone,1002,0.05,0.3,randk,in,,,0.0,,,,,,,,,,,0.5g
kimi,kimi_add_rho0.05_wd0.3_tiersNone,1002,0.05,0.3,randunits,units,,,0.0,,,,,-6.000054644317241e-05,0.0006606011470437668,0.0006006006006005945,0.0008709547309673493,0.0009308470708344341,0.0018018018018017834,0.5g
kimi,kimi_add_rho0.05_wd0.3_tiersNone,1002,0.05,0.3,residual,in,,,0.0,,,,,,,,,,,0.5g
kimi,kimi_add_rho0.05_wd0.3_tiersNone,1002,0.05,0.3,topk,in,,0.8650596421469904,0.0108108108108108,,,,,,,,,,,0.5g
kimi,kimi_add_rho0_wd0.1_tiersNone,1000,0.0,0.1,ebottom,in,,,,,,-0.04810377443473571,,,,,,,,0.5g
kimi,kimi_add_rho0_wd0.1_tiersNone,1000,0.0,0.1,erand,in,,,,,,0.002822568537368965,,,,,,,,0.5g
kimi,kimi_add_rho0_wd0.1_tiersNone,1000,0.0,0.1,etop,in,,,,,,0.019277542563733,,,,,,,,0.5g
kimi,kimi_add_rho0_wd0.1_tiersNone,1000,0.0,0.1,lowpass,in,,,,,,,,,,,,,,0.5g
kimi,kimi_add_rho0_wd0.1_tiersNone,1000,0.0,0.1,randk,in,,,,,,,,,,,,,,0.5g
kimi,kimi_add_rho0_wd0.1_tiersNone,1000,0.0,0.1,residual,in,,,,,,,,,,,,,,0.5g
kimi,kimi_add_rho0_wd0.1_tiersNone,1000,0.0,0.1,topk,in,,,,,,,,,,,,,,0.5g
kimi,kimi_add_rho0_wd0.1_tiersNone,1001,0.0,0.1,ebottom,in,,,,,,-0.0457616430952167,,,,,,,,0.5g
kimi,kimi_add_rho0_wd0.1_tiersNone,1001,0.0,0.1,erand,in,,,,,,0.0022220220400564327,,,,,,,,0.5g
kimi,kimi_add_rho0_wd0.1_tiersNone,1001,0.0,0.1,etop,in,,,,,,0.014052788037113798,,,,,,,,0.5g
kimi,kimi_add_rho0_wd0.1_tiersNone,1001,0.0,0.1,lowpass,in,,,,,,,,,,,,,,0.5g
kimi,kimi_add_rho0_wd0.1_tiersNone,1001,0.0,0.1,randk,in,,,,,,,,,,,,,,0.5g
kimi,kimi_add_rho0_wd0.1_tiersNone,1001,0.0,0.1,residual,in,,,,,,,,,,,,,,0.5g
kimi,kimi_add_rho0_wd0.1_tiersNone,1001,0.0,0.1,topk,in,,,,,,,,,,,,,,0.5g
kimi,kimi_add_rho0_wd0.1_tiersNone,1002,0.0,0.1,ebottom,in,,,,,,-0.043149265831906994,,,,,,,,0.5g
kimi,kimi_add_rho0_wd0.1_tiersNone,1002,0.0,0.1,erand,in,,,,,,0.036753445635528306,,,,,,,,0.5g
kimi,kimi_add_rho0_wd0.1_tiersNone,1002,0.0,0.1,etop,in,,,,,,0.058823529411764705,,,,,,,,0.5g
kimi,kimi_add_rho0_wd0.1_tiersNone,1002,0.0,0.1,lowpass,in,,,,,,,,,,,,,,0.5g
kimi,kimi_add_rho0_wd0.1_tiersNone,1002,0.0,0.1,randk,in,,,,,,,,,,,,,,0.5g
kimi,kimi_add_rho0_wd0.1_tiersNone,1002,0.0,0.1,residual,in,,,,,,,,,,,,,,0.5g
kimi,kimi_add_rho0_wd0.1_tiersNone,1002,0.0,0.1,topk,in,,,,,,,,,,,,,,0.5g
kimi,kimi_add_rho0_wd0.3_tiersNone,1000,0.0,0.3,ebottom,in,,,,,,-0.0406269705431943,,,,,,,,0.5g
kimi,kimi_add_rho0_wd0.3_tiersNone,1000,0.0,0.3,erand,in,,,,,,-0.0009008197459688007,,,,,,,,0.5g
kimi,kimi_add_rho0_wd0.3_tiersNone,1000,0.0,0.3,etop,in,,,,,,0.0096387712818665,,,,,,,,0.5g
kimi,kimi_add_rho0_wd0.3_tiersNone,1000,0.0,0.3,lowpass,in,,,,,,,,,,,,,,0.5g
kimi,kimi_add_rho0_wd0.3_tiersNone,1000,0.0,0.3,randk,in,,,,,,,,,,,,,,0.5g
kimi,kimi_add_rho0_wd0.3_tiersNone,1000,0.0,0.3,residual,in,,,,,,,,,,,,,,0.5g
kimi,kimi_add_rho0_wd0.3_tiersNone,1000,0.0,0.3,topk,in,,,,,,,,,,,,,,0.5g
kimi,kimi_add_rho0_wd0.3_tiersNone,1001,0.0,0.3,ebottom,in,,,,,,-0.0186469687415548,,,,,,,,0.5g
kimi,kimi_add_rho0_wd0.3_tiersNone,1001,0.0,0.3,erand,in,,,,,,-0.003212923760622133,,,,,,,,0.5g
kimi,kimi_add_rho0_wd0.3_tiersNone,1001,0.0,0.3,etop,in,,,,,,0.0007206557967750998,,,,,,,,0.5g
kimi,kimi_add_rho0_wd0.3_tiersNone,1001,0.0,0.3,lowpass,in,,,,,,,,,,,,,,0.5g
kimi,kimi_add_rho0_wd0.3_tiersNone,1001,0.0,0.3,randk,in,,,,,,,,,,,,,,0.5g
kimi,kimi_add_rho0_wd0.3_tiersNone,1001,0.0,0.3,residual,in,,,,,,,,,,,,,,0.5g
kimi,kimi_add_rho0_wd0.3_tiersNone,1001,0.0,0.3,topk,in,,,,,,,,,,,,,,0.5g
kimi,kimi_add_rho0_wd0.3_tiersNone,1002,0.0,0.3,ebottom,in,,,,,,-0.0182866408431673,,,,,,,,0.5g
kimi,kimi_add_rho0_wd0.3_tiersNone,1002,0.0,0.3,erand,in,,,,,,-0.004474071404978567,,,,,,,,0.5g
kimi,kimi_add_rho0_wd0.3_tiersNone,1002,0.0,0.3,etop,in,,,,,,0.0035131970092784,,,,,,,,0.5g
kimi,kimi_add_rho0_wd0.3_tiersNone,1002,0.0,0.3,lowpass,in,,,,,,,,,,,,,,0.5g
kimi,kimi_add_rho0_wd0.3_tiersNone,1002,0.0,0.3,randk,in,,,,,,,,,,,,,,0.5g
kimi,kimi_add_rho0_wd0.3_tiersNone,1002,0.0,0.3,residual,in,,,,,,,,,,,,,,0.5g
kimi,kimi_add_rho0_wd0.3_tiersNone,1002,0.0,0.3,topk,in,,,,,,,,,,,,,,0.5g
mamba,mamba_add_rho0.02_wd0.1_tiersNone,1000,0.02,0.1,ebottom,in,,,0.527027027027027,,0.5768232875700672,-0.2615079722547518,0.3153153153153153,,,,,,,0.5g
mamba,mamba_add_rho0.02_wd0.1_tiersNone,1000,0.02,0.1,erand,in,,,0.17867867867867862,,0.12322280843134825,0.10650692129838152,0.22972972972972974,,,,,,,0.5g
mamba,mamba_add_rho0.02_wd0.1_tiersNone,1000,0.02,0.1,etop,in,,,0.054054054054054,,-0.11322939009633906,0.15376993063687958,0.040540540540540515,,,,,,,0.5g
mamba,mamba_add_rho0.02_wd0.1_tiersNone,1000,0.02,0.1,lowpass,in,,,0.054054054054054,,,,,,,,,,,0.5g
mamba,mamba_add_rho0.02_wd0.1_tiersNone,1000,0.02,0.1,neurons,units,,,0.1666666666666666,,,,,0.14513139389276672,-0.04152779028916312,0.1036036036036036,0.27179638876783285,-0.06008467705612111,0.21171171171171171,0.5g
mamba,mamba_add_rho0.02_wd0.1_tiersNone,1000,0.02,0.1,randk,in,,,0.1036036036036036,,,,,,,,,,,0.5g
mamba,mamba_add_rho0.02_wd0.1_tiersNone,1000,0.02,0.1,randunits,units,,,0.0645645645645645,,,,,0.00030067902331662455,0.0042038254811878895,0.004504504504504514,-0.012189741313243704,0.027204756328258712,0.01501501501501501,0.5g
mamba,mamba_add_rho0.02_wd0.1_tiersNone,1000,0.02,0.1,residual,in,,,0.1036036036036036,,,,,,,,,,,0.5g
mamba,mamba_add_rho0.02_wd0.1_tiersNone,1000,0.02,0.1,topk,in,,,0.054054054054054,,,,,,,,,,,0.5g
mamba,mamba_add_rho0.02_wd0.1_tiersNone,1001,0.02,0.1,ebottom,in,,0.18846153846078317,0.036036036036036,,0.4841435435976469,-0.0066660661201694,0.4774774774774775,,,,,,,0.5g
mamba,mamba_add_rho0.02_wd0.1_tiersNone,1001,0.02,0.1,erand,in,,0.18769230769140918,0.021021021021021002,,0.4901197927952276,-0.0036333063087409996,0.48648648648648657,,,,,,,0.5g
mamba,mamba_add_rho0.02_wd0.1_tiersNone,1001,0.02,0.1,etop,in,,0.22631578947337672,0.0135135135135135,,0.4473872575394962,-0.0014413115935502,0.445945945945946,,,,,,,0.5g
mamba,mamba_add_rho0.02_wd0.1_tiersNone,1001,0.02,0.1,lowpass,in,,61.00000000003519,0.027027027027027,,,,,,,,,,,0.5g
mamba,mamba_add_rho0.02_wd0.1_tiersNone,1001,0.02,0.1,neurons,units,,0.04901960784304116,0.0045045045045045,,,,,0.1710810891965744,9.008197459680001e-05,0.1711711711711712,0.3423423423423424,0.0,0.3423423423423424,0.5g
mamba,mamba_add_rho0.02_wd0.1_tiersNone,1001,0.02,0.1,randk,in,,,0.0,,,,,,,,,,,0.5g
mamba,mamba_add_rho0.02_wd0.1_tiersNone,1001,0.02,0.1,randunits,units,,0.25999999999937834,0.003003003003003,,,,,0.04231228796583276,-0.0002702459237906999,0.04204204204204206,0.10111106512331632,-0.0005104645227157,0.10060060060060061,0.5g
mamba,mamba_add_rho0.02_wd0.1_tiersNone,1001,0.02,0.1,residual,in,,,0.0,,,,,,,,,,,0.5g
mamba,mamba_add_rho0.02_wd0.1_tiersNone,1001,0.02,0.1,topk,in,,0.6761363636354749,0.0135135135135135,,,,,,,,,,,0.5g
mamba,mamba_add_rho0.02_wd0.1_tiersNone,1002,0.02,0.1,ebottom,in,,0.1199999999998224,0.09009009009009,,0.46324087351922694,-0.0263039365822899,0.436936936936937,,,,,,,0.5g
mamba,mamba_add_rho0.02_wd0.1_tiersNone,1002,0.02,0.1,erand,in,,0.10468749999995129,0.024024024024024,,0.45552479783630134,-0.008077350388853866,0.44744744744744747,,,,,,,0.5g
mamba,mamba_add_rho0.02_wd0.1_tiersNone,1002,0.02,0.1,etop,in,,0.1899999999990009,0.0225225225225225,,0.36738756592823796,0.0019818034411314004,0.36936936936936937,,,,,,,0.5g
mamba,mamba_add_rho0.02_wd0.1_tiersNone,1002,0.02,0.1,lowpass,in,,66.94285714287952,0.0585585585585585,,,,,,,,,,,0.5g
mamba,mamba_add_rho0.02_wd0.1_tiersNone,1002,0.02,0.1,neurons,units,,0.02412280701750538,0.0405405405405405,,,,,0.1584683954290297,-0.0008107377713720003,0.1576576576576577,0.3185582664008031,-0.0032429510854877996,0.3153153153153153,0.5g
mamba,mamba_add_rho0.02_wd0.1_tiersNone,1002,0.02,0.1,randk,in,,,0.0045045045045045,,,,,,,,,,,0.5g
mamba,mamba_add_rho0.02_wd0.1_tiersNone,1002,0.02,0.1,randunits,units,,0.20202020201996412,0.0045045045045045,,,,,0.02396396937429277,6.0054649731266976e-05,0.024024024024024038,0.05390391742972595,0.00015013662432810014,0.05405405405405406,0.5g
mamba,mamba_add_rho0.02_wd0.1_tiersNone,1002,0.02,0.1,residual,in,,,0.0045045045045045,,,,,,,,,,,0.5g
mamba,mamba_add_rho0.02_wd0.1_tiersNone,1002,0.02,0.1,topk,in,,0.6770833333316952,0.018018018018018,,,,,,,,,,,0.5g
mamba,mamba_add_rho0.02_wd0.3_tiersNone,1000,0.02,0.3,ebottom,in,,,0.009009009009009,,0.0742340394623972,-0.0021619673903252,0.072072072072072,,,,,,,0.5g
mamba,mamba_add_rho0.02_wd0.3_tiersNone,1000,0.02,0.3,erand,in,,,0.010510510510510501,,0.1056754890193319,-0.0020718854157283,0.1036036036036036,,,,,,,0.5g
mamba,mamba_add_rho0.02_wd0.3_tiersNone,1000,0.02,0.3,etop,in,,,0.009009009009009,,0.1190088385836516,-0.0018917214665345001,0.1171171171171171,,,,,,,0.5g
mamba,mamba_add_rho0.02_wd0.3_tiersNone,1000,0.02,0.3,lowpass,in,,,0.0225225225225225,,,,,,,,,,,0.5g
mamba,mamba_add_rho0.02_wd0.3_tiersNone,1000,0.02,0.3,neurons,units,,,0.009009009009009,,,,,0.0496396315241464,-9.008197459689992e-05,0.0495495495495495,0.0906305819376714,-0.0005404918475812999,0.0900900900900901,0.5g
mamba,mamba_add_rho0.02_wd0.3_tiersNone,1000,0.02,0.3,randk,in,,,0.0,,,,,,,,,,,0.5g
mamba,mamba_add_rho0.02_wd0.3_tiersNone,1000,0.02,0.3,randunits,units,,,0.006006006006006,,,,,0.0031531396273311424,-0.00015013662432813326,0.0030030030030030095,0.0347747531334595,-0.00024021859892500003,0.0345345345345345,0.5g
mamba,mamba_add_rho0.02_wd0.3_tiersNone,1000,0.02,0.3,residual,in,,,0.0,,,,,,,,,,,0.5g
mamba,mamba_add_rho0.02_wd0.3_tiersNone,1000,0.02,0.3,topk,in,,,0.009009009009009,,,,,,,,,,,0.5g
mamba,mamba_add_rho0.02_wd0.3_tiersNone,1001,0.02,0.3,ebottom,in,,0.16249999999956638,0.063063063063063,,0.4838728918991958,-0.0108999189262228,0.472972972972973,,,,,,,0.5g
mamba,mamba_add_rho0.02_wd0.3_tiersNone,1001,0.02,0.3,erand,in,,0.17166666666587116,0.024024024024024,,0.4868764359350793,-0.0048944539530973,0.481981981981982,,,,,,,0.5g
mamba,mamba_add_rho0.02_wd0.3_tiersNone,1001,0.02,0.3,etop,in,,0.20499999999994445,0.018018018018018,,0.4650449476591265,-0.0010809836951626002,0.46396396396396394,,,,,,,0.5g
mamba,mamba_add_rho0.02_wd0.3_tiersNone,1001,0.02,0.3,lowpass,in,,61.89041095894093,0.0225225225225225,,,,,,,,,,,0.5g
mamba,mamba_add_rho0.02_wd0.3_tiersNone,1001,0.02,0.3,neurons,units,,0.0416666666666666,0.0135135135135135,,,,,0.15261266130557186,0.0005404918475813,0.15315315315315314,0.36072068825874787,-0.00036032789838749994,0.36036036036036034,0.5g
mamba,mamba_add_rho0.02_wd0.3_tiersNone,1001,0.02,0.3,randk,in,,,0.0,,,,,,,,,,,0.5g
mamba,mamba_add_rho0.02_wd0.3_tiersNone,1001,0.02,0.3,randunits,units,,0.2461240310071366,0.0,,,,,0.026816835752967574,0.00021019127405943325,0.02702702702702701,0.09180178286565092,-0.0002101912740593334,0.09159159159159158,0.5g
mamba,mamba_add_rho0.02_wd0.3_tiersNone,1001,0.02,0.3,residual,in,,,0.0,,,,,,,,,,,0.5g
mamba,mamba_add_rho0.02_wd0.3_tiersNone,1001,0.02,0.3,topk,in,,0.671052631577948,0.0135135135135135,,,,,,,,,,,0.5g
mamba,mamba_add_rho0.02_wd0.3_tiersNone,1002,0.02,0.3,ebottom,in,,0.11739130434765827,0.054054054054054,,0.5290068015948568,-0.0245022970903522,0.5045045045045046,,,,,,,0.5g
mamba,mamba_add_rho0.02_wd0.3_tiersNone,1002,0.02,0.3,erand,in,,0.09264705882269406,0.025525525525525502,,0.4155850743095136,-0.005675164399603634,0.40990990990991,,,,,,,0.5g
mamba,mamba_add_rho0.02_wd0.3_tiersNone,1002,0.02,0.3,etop,in,,0.15833333333279376,0.018018018018018,,0.36036036036036045,0.0,0.36036036036036045,,,,,,,0.5g
mamba,mamba_add_rho0.02_wd0.3_tiersNone,1002,0.02,0.3,lowpass,in,,65.45714285716994,0.054054054054054,,,,,,,,,,,0.5g
mamba,mamba_add_rho0.02_wd0.3_tiersNone,1002,0.02,0.3,neurons,units,,0.0208333333333333,0.0135135135135135,,,,,0.14918914049623003,-0.0005404918475813,0.14864864864864874,0.36234216380149187,-0.0019818034411314,0.36036036036036045,0.5g
mamba,mamba_add_rho0.02_wd0.3_tiersNone,1002,0.02,0.3,randk,in,,,0.0,,,,,,,,,,,0.5g
mamba,mamba_add_rho0.02_wd0.3_tiersNone,1002,0.02,0.3,randunits,units,,0.1819923371646335,0.0,,,,,0.03339336093142057,-0.0003603278983875001,0.033033033033033066,0.09204200146457604,-0.00045040987298436663,0.09159159159159168,0.5g
mamba,mamba_add_rho0.02_wd0.3_tiersNone,1002,0.02,0.3,residual,in,,,0.0,,,,,,,,,,,0.5g
mamba,mamba_add_rho0.02_wd0.3_tiersNone,1002,0.02,0.3,topk,in,,0.6418918918910406,0.0045045045045045,,,,,,,,,,,0.5g
mamba,mamba_add_rho0.05_wd0.1_tiersNone,1000,0.05,0.1,ebottom,in,,,0.5387387387387388,,0.6270893540148562,-0.30817043509593733,0.3189189189189189,,,,,,,0.5g
mamba,mamba_add_rho0.05_wd0.1_tiersNone,1000,0.05,0.1,erand,in,,,0.11171171171171167,,0.17913604082417703,0.07671981503167881,0.25585585585585585,,,,,,,0.5g
mamba,mamba_add_rho0.05_wd0.1_tiersNone,1000,0.05,0.1,etop,in,,,0.0792792792792792,,-0.03142854592273561,0.14314025763444732,0.11171171171171171,,,,,,,0.5g
mamba,mamba_add_rho0.05_wd0.1_tiersNone,1000,0.05,0.1,lowpass,in,,,0.0792792792792792,,,,,,,,,,,0.5g
mamba,mamba_add_rho0.05_wd0.1_tiersNone,1000,0.05,0.1,neurons,units,,,0.1423423423423423,,,,,0.1296367261775784,-0.0323394288802811,0.0972972972972973,0.2273826479393546,-0.052607873164579794,0.1747747747747748,0.5g
mamba,mamba_add_rho0.05_wd0.1_tiersNone,1000,0.05,0.1,randk,in,,,0.1045045045045045,,,,,,,,,,,0.5g
mamba,mamba_add_rho0.05_wd0.1_tiersNone,1000,0.05,0.1,randunits,units,,,0.07987987987987981,,,,,0.007688185437937765,0.005525027775275443,0.013213213213213207,0.021263349648179858,0.023181094796264578,0.04444444444444443,0.5g
mamba,mamba_add_rho0.05_wd0.1_tiersNone,1000,0.05,0.1,residual,in,,,0.1045045045045045,,,,,,,,,,,0.5g
mamba,mamba_add_rho0.05_wd0.1_tiersNone,1000,0.05,0.1,topk,in,,,0.0792792792792792,,,,,,,,,,,0.5g
mamba,mamba_add_rho0.05_wd0.1_tiersNone,1001,0.05,0.1,ebottom,in,0.7835109784692119,0.2238505747125676,0.9009009009009008,0.9009009009009008,1.3129389365944633,-0.377803801459328,0.9351351351351351,,,,,,,0.5g
mamba,mamba_add_rho0.05_wd0.1_tiersNone,1001,0.05,0.1,erand,in,0.19496281270915308,0.27995689655115025,0.1729729729729729,,0.5687003281093904,0.24030868089961868,0.8090090090090091,,,,,,,0.5g
mamba,mamba_add_rho0.05_wd0.1_tiersNone,1001,0.05,0.1,etop,in,0.0068712723657672605,0.6430327868850501,0.0198198198198198,,-0.32896200407235454,0.5217547968651474,0.19279279279279282,,,,,,,0.5g
mamba,mamba_add_rho0.05_wd0.1_tiersNone,1001,0.05,0.1,lowpass,in,71.85977969634527,51.66898954708151,0.0558558558558558,,,,,,,,,,,0.5g
mamba,mamba_add_rho0.05_wd0.1_tiersNone,1001,0.05,0.1,neurons,units,,0.13010204081579674,0.3135135135135135,,,,,0.32071017057955176,-0.11710656697594812,0.20360360360360363,0.648543634166551,-0.16566075128366808,0.48288288288288295,0.5g
mamba,mamba_add_rho0.05_wd0.1_tiersNone,1001,0.05,0.1,randk,in,,,0.0936936936936937,,,,,,,,,,,0.5g
mamba,mamba_add_rho0.05_wd0.1_tiersNone,1001,0.05,0.1,randunits,units,0.043920842824515714,,0.0312312312312312,,,,,-0.009667554231107192,0.02348136804492094,0.013813813813813747,-0.08920669160287216,0.13905654145272203,0.04984984984984986,0.5g
mamba,mamba_add_rho0.05_wd0.1_tiersNone,1001,0.05,0.1,residual,in,,,0.0936936936936937,,,,,,,,,,,0.5g
mamba,mamba_add_rho0.05_wd0.1_tiersNone,1001,0.05,0.1,topk,in,0.1649761336471803,0.869968220338842,0.0198198198198198,,,,,,,,,,,0.5g
mamba,mamba_add_rho0.05_wd0.1_tiersNone,1002,0.05,0.1,ebottom,in,,0.26223021582708966,0.7189189189189189,,1.258251874070269,-0.40419782001621474,0.8540540540540542,,,,,,,0.5g
mamba,mamba_add_rho0.05_wd0.1_tiersNone,1002,0.05,0.1,erand,in,,0.30347985347983225,0.04804804804804803,,0.5660514852299378,0.17148605230759992,0.7375375375375377,,,,,,,0.5g
mamba,mamba_add_rho0.05_wd0.1_tiersNone,1002,0.05,0.1,etop,in,,0.5665217391301137,0.018018018018018,,0.04290677489488409,0.2652013332132241,0.3081081081081082,,,,,,,0.5g
mamba,mamba_add_rho0.05_wd0.1_tiersNone,1002,0.05,0.1,lowpass,in,,44.69387755102977,0.0288288288288288,,,,,,,,,,,0.5g
mamba,mamba_add_rho0.05_wd0.1_tiersNone,1002,0.05,0.1,neurons,units,,0.193262411347413,0.1747747747747747,,,,,0.14594188819934256,-0.04504098729844158,0.10090090090090098,0.48602877266961597,-0.08062336726421049,0.4054054054054055,0.5g
mamba,mamba_add_rho0.05_wd0.1_tiersNone,1002,0.05,0.1,randk,in,,,0.0414414414414414,,,,,,,,,,,0.5g
mamba,mamba_add_rho0.05_wd0.1_tiersNone,1002,0.05,0.1,randunits,units,,,0.0246246246246246,,,,,0.0038150933565761305,0.014202924661441926,0.018018018018018056,-0.02581808905563508,0.08587814911569526,0.060060060060060184,0.5g
mamba,mamba_add_rho0.05_wd0.1_tiersNone,1002,0.05,0.1,residual,in,,,0.0414414414414414,,,,,,,,,,,0.5g
mamba,mamba_add_rho0.05_wd0.1_tiersNone,1002,0.05,0.1,topk,in,,0.8597103004290538,0.018018018018018,,,,,,,,,,,0.5g
mamba,mamba_add_rho0.05_wd0.3_tiersNone,1000,0.05,0.3,ebottom,in,,,0.3765765765765765,,0.6069148871418938,-0.2447527249797316,0.3621621621621622,,,,,,,0.5g
mamba,mamba_add_rho0.05_wd0.3_tiersNone,1000,0.05,0.3,erand,in,,,0.06546546546546543,,0.2627655490820972,0.03092814461159653,0.29369369369369375,,,,,,,0.5g
mamba,mamba_add_rho0.05_wd0.3_tiersNone,1000,0.05,0.3,etop,in,,,0.0396396396396396,,0.11532164540001667,0.0702639401855689,0.18558558558558558,,,,,,,0.5g
mamba,mamba_add_rho0.05_wd0.3_tiersNone,1000,0.05,0.3,lowpass,in,,,0.0504504504504504,,,,,,,,,,,0.5g
mamba,mamba_add_rho0.05_wd0.3_tiersNone,1000,0.05,0.3,neurons,units,,,0.0792792792792792,,,,,0.09927796456937975,-0.014593279884695096,0.08468468468468465,0.21954681462833878,-0.030357625439149605,0.18918918918918917,0.5g
mamba,mamba_add_rho0.05_wd0.3_tiersNone,1000,0.05,0.3,randk,in,,,0.0612612612612612,,,,,,,,,,,0.5g
mamba,mamba_add_rho0.05_wd0.3_tiersNone,1000,0.05,0.3,randunits,units,,,0.0396396396396396,,,,,-0.011230760532625181,0.0052247545266192,-0.006006006006005982,0.0242351891572683,0.010599645677566568,0.03483483483483487,0.5g
mamba,mamba_add_rho0.05_wd0.3_tiersNone,1000,0.05,0.3,residual,in,,,0.0612612612612612,,,,,,,,,,,0.5g
mamba,mamba_add_rho0.05_wd0.3_tiersNone,1000,0.05,0.3,topk,in,,,0.0396396396396396,,,,,,,,,,,0.5g
mamba,mamba_add_rho0.05_wd0.3_tiersNone,1001,0.05,0.3,ebottom,in,,0.2637323943659481,0.4234234234234234,,1.1539385705857197,-0.2818664985136474,0.8720720720720722,,,,,,,0.5g
mamba,mamba_add_rho0.05_wd0.3_tiersNone,1001,0.05,0.3,erand,in,,0.3182960893853898,0.0438438438438438,,0.6511136485553205,0.028165630723958834,0.6792792792792793,,,,,,,0.5g
mamba,mamba_add_rho0.05_wd0.3_tiersNone,1001,0.05,0.3,etop,in,,0.5227777777776372,0.0144144144144144,,0.3273934415453198,0.0672011530492749,0.39459459459459467,,,,,,,0.5g
mamba,mamba_add_rho0.05_wd0.3_tiersNone,1001,0.05,0.3,lowpass,in,,46.478048780491925,0.0342342342342342,,,,,,,,,,,0.5g
mamba,mamba_add_rho0.05_wd0.3_tiersNone,1001,0.05,0.3,neurons,units,,0.23257575757542498,0.0918918918918919,,,,,0.13603384485287018,-0.0243221331411584,0.11171171171171179,0.3942305335693319,-0.0410773804161787,0.3531531531531532,0.5g
mamba,mamba_add_rho0.05_wd0.3_tiersNone,1001,0.05,0.3,randk,in,,,0.0072072072072072,,,,,,,,,,,0.5g
mamba,mamba_add_rho0.05_wd0.3_tiersNone,1001,0.05,0.3,randunits,units,,,0.012012012012012,,,,,0.008769277339676454,0.005645137074738034,0.01441441441441449,0.048619811596120055,0.013242050265741837,0.0618618618618619,0.5g
mamba,mamba_add_rho0.05_wd0.3_tiersNone,1001,0.05,0.3,residual,in,,,0.0072072072072072,,,,,,,,,,,0.5g
mamba,mamba_add_rho0.05_wd0.3_tiersNone,1001,0.05,0.3,topk,in,,0.857259825327381,0.0108108108108108,,,,,,,,,,,0.5g
mamba,mamba_add_rho0.05_wd0.3_tiersNone,1002,0.05,0.3,ebottom,in,0.7684080233590505,0.21613924050627242,0.9837837837837838,0.9837837837837838,1.0762885577226626,-0.19700927844338356,0.8792792792792792,,,,,,,0.5g
mamba,mamba_add_rho0.05_wd0.3_tiersNone,1002,0.05,0.3,erand,in,0.05990234138052532,0.3120060790272948,0.0414414414414414,,-0.0023692370868301227,0.7014683361859291,0.6990990990990991,,,,,,,0.5g
mamba,mamba_add_rho0.05_wd0.3_tiersNone,1002,0.05,0.3,etop,in,0.03269710838353173,0.6477528089884662,0.0414414414414414,,-0.6141639702940489,0.7799297360598145,0.16576576576576563,,,,,,,0.5g
mamba,mamba_add_rho0.05_wd0.3_tiersNone,1002,0.05,0.3,lowpass,in,64.03523530847484,55.69303797471569,0.0594594594594594,,,,,,,,,,,0.5g
mamba,mamba_add_rho0.05_wd0.3_tiersNone,1002,0.05,0.3,neurons,units,,0.1482638888885885,0.4126126126126126,,,,,0.20170620129182415,-0.06116566075128371,0.14054054054054044,0.5422438202548102,-0.0935951716061616,0.4486486486486486,0.5g
mamba,mamba_add_rho0.05_wd0.3_tiersNone,1002,0.05,0.3,randk,in,,,0.1099099099099099,,,,,,,,,,,0.5g
mamba,mamba_add_rho0.05_wd0.3_tiersNone,1002,0.05,0.3,randunits,units,,,0.048048048048048,,,,,-0.012971479722223048,0.016575083325826506,0.0036036036036034558,-0.0809210976583286,0.10914932588655672,0.028228228228228125,0.5g
mamba,mamba_add_rho0.05_wd0.3_tiersNone,1002,0.05,0.3,residual,in,,,0.1099099099099099,,,,,,,,,,,0.5g
mamba,mamba_add_rho0.05_wd0.3_tiersNone,1002,0.05,0.3,topk,in,0.6427575579684224,0.8652426160336203,0.0414414414414414,,,,,,,,,,,0.5g
mamba,mamba_add_rho0_wd0.1_tiersNone,1000,0.0,0.1,ebottom,in,,,,,,-0.035582379965768796,,,,,,,,0.5g
mamba,mamba_add_rho0_wd0.1_tiersNone,1000,0.0,0.1,erand,in,,,,,,-0.012521394468966733,,,,,,,,0.5g
mamba,mamba_add_rho0_wd0.1_tiersNone,1000,0.0,0.1,etop,in,,,,,,0.0012611476443563998,,,,,,,,0.5g
mamba,mamba_add_rho0_wd0.1_tiersNone,1000,0.0,0.1,lowpass,in,,,,,,,,,,,,,,0.5g
mamba,mamba_add_rho0_wd0.1_tiersNone,1000,0.0,0.1,randk,in,,,,,,,,,,,,,,0.5g
mamba,mamba_add_rho0_wd0.1_tiersNone,1000,0.0,0.1,residual,in,,,,,,,,,,,,,,0.5g
mamba,mamba_add_rho0_wd0.1_tiersNone,1000,0.0,0.1,topk,in,,,,,,,,,,,,,,0.5g
mamba,mamba_add_rho0_wd0.1_tiersNone,1001,0.0,0.1,ebottom,in,,,,,,-0.0118007386721917,,,,,,,,0.5g
mamba,mamba_add_rho0_wd0.1_tiersNone,1001,0.0,0.1,erand,in,,,,,,-0.0036032789838753333,,,,,,,,0.5g
mamba,mamba_add_rho0_wd0.1_tiersNone,1001,0.0,0.1,etop,in,,,,,,-0.0009008197459689,,,,,,,,0.5g
mamba,mamba_add_rho0_wd0.1_tiersNone,1001,0.0,0.1,lowpass,in,,,,,,,,,,,,,,0.5g
mamba,mamba_add_rho0_wd0.1_tiersNone,1001,0.0,0.1,randk,in,,,,,,,,,,,,,,0.5g
mamba,mamba_add_rho0_wd0.1_tiersNone,1001,0.0,0.1,residual,in,,,,,,,,,,,,,,0.5g
mamba,mamba_add_rho0_wd0.1_tiersNone,1001,0.0,0.1,topk,in,,,,,,,,,,,,,,0.5g
mamba,mamba_add_rho0_wd0.1_tiersNone,1002,0.0,0.1,ebottom,in,,,,,,-0.0678317268714531,,,,,,,,0.5g
mamba,mamba_add_rho0_wd0.1_tiersNone,1002,0.0,0.1,erand,in,,,,,,-0.02321112212113027,,,,,,,,0.5g
mamba,mamba_add_rho0_wd0.1_tiersNone,1002,0.0,0.1,etop,in,,,,,,0.0064859021709756,,,,,,,,0.5g
mamba,mamba_add_rho0_wd0.1_tiersNone,1002,0.0,0.1,lowpass,in,,,,,,,,,,,,,,0.5g
mamba,mamba_add_rho0_wd0.1_tiersNone,1002,0.0,0.1,randk,in,,,,,,,,,,,,,,0.5g
mamba,mamba_add_rho0_wd0.1_tiersNone,1002,0.0,0.1,residual,in,,,,,,,,,,,,,,0.5g
mamba,mamba_add_rho0_wd0.1_tiersNone,1002,0.0,0.1,topk,in,,,,,,,,,,,,,,0.5g
mamba,mamba_add_rho0_wd0.3_tiersNone,1000,0.0,0.3,ebottom,in,,,,,,-0.002342131339519,,,,,,,,0.5g
mamba,mamba_add_rho0_wd0.3_tiersNone,1000,0.0,0.3,erand,in,,,,,,-0.0023721586643846,,,,,,,,0.5g
mamba,mamba_add_rho0_wd0.3_tiersNone,1000,0.0,0.3,etop,in,,,,,,-0.0018917214665344997,,,,,,,,0.5g
mamba,mamba_add_rho0_wd0.3_tiersNone,1000,0.0,0.3,lowpass,in,,,,,,,,,,,,,,0.5g
mamba,mamba_add_rho0_wd0.3_tiersNone,1000,0.0,0.3,randk,in,,,,,,,,,,,,,,0.5g
mamba,mamba_add_rho0_wd0.3_tiersNone,1000,0.0,0.3,residual,in,,,,,,,,,,,,,,0.5g
mamba,mamba_add_rho0_wd0.3_tiersNone,1000,0.0,0.3,topk,in,,,,,,,,,,,,,,0.5g
mamba,mamba_add_rho0_wd0.3_tiersNone,1001,0.0,0.3,ebottom,in,,,,,,-0.0203585262588956,,,,,,,,0.5g
mamba,mamba_add_rho0_wd0.3_tiersNone,1001,0.0,0.3,erand,in,,,,,,-0.0077770771401975665,,,,,,,,0.5g
mamba,mamba_add_rho0_wd0.3_tiersNone,1001,0.0,0.3,etop,in,,,,,,-9.008197459690025e-05,,,,,,,,0.5g
mamba,mamba_add_rho0_wd0.3_tiersNone,1001,0.0,0.3,lowpass,in,,,,,,,,,,,,,,0.5g
mamba,mamba_add_rho0_wd0.3_tiersNone,1001,0.0,0.3,randk,in,,,,,,,,,,,,,,0.5g
mamba,mamba_add_rho0_wd0.3_tiersNone,1001,0.0,0.3,residual,in,,,,,,,,,,,,,,0.5g
mamba,mamba_add_rho0_wd0.3_tiersNone,1001,0.0,0.3,topk,in,,,,,,,,,,,,,,0.5g
mamba,mamba_add_rho0_wd0.3_tiersNone,1002,0.0,0.3,ebottom,in,,,,,,-0.0853977119178453,,,,,,,,0.5g
mamba,mamba_add_rho0_wd0.3_tiersNone,1002,0.0,0.3,erand,in,,,,,,-0.0233312314205928,,,,,,,,0.5g
mamba,mamba_add_rho0_wd0.3_tiersNone,1002,0.0,0.3,etop,in,,,,,,0.0104495090532384,,,,,,,,0.5g
mamba,mamba_add_rho0_wd0.3_tiersNone,1002,0.0,0.3,lowpass,in,,,,,,,,,,,,,,0.5g
mamba,mamba_add_rho0_wd0.3_tiersNone,1002,0.0,0.3,randk,in,,,,,,,,,,,,,,0.5g
mamba,mamba_add_rho0_wd0.3_tiersNone,1002,0.0,0.3,residual,in,,,,,,,,,,,,,,0.5g
mamba,mamba_add_rho0_wd0.3_tiersNone,1002,0.0,0.3,topk,in,,,,,,,,,,,,,,0.5g
transformer,transformer_add_rho0.02_wd0.1_tiersNone,1000,0.02,0.1,ebottom,in,,,0.1711711711711711,,0.13450780751023972,0.036663363660931494,0.1711711711711712,,,,,,,0.5g
transformer,transformer_add_rho0.02_wd0.1_tiersNone,1000,0.02,0.1,erand,in,,,0.1711711711711711,,0.04034022311654961,0.1098099270336006,0.1501501501501502,,,,,,,0.5g
transformer,transformer_add_rho0.02_wd0.1_tiersNone,1000,0.02,0.1,etop,in,,,0.1711711711711711,,-0.037014358742131104,0.1406179623457347,0.1036036036036036,,,,,,,0.5g
transformer,transformer_add_rho0.02_wd0.1_tiersNone,1000,0.02,0.1,lowpass,in,,,0.1711711711711711,,,,,,,,,,,0.5g
transformer,transformer_add_rho0.02_wd0.1_tiersNone,1000,0.02,0.1,neurons,units,,,0.1711711711711711,,,,,0.004325152104631413,0.0091883614088821,0.013513513513513514,0.03648928633164292,0.031078281235924682,0.0675675675675676,0.5g
transformer,transformer_add_rho0.02_wd0.1_tiersNone,1000,0.02,0.1,randk,in,,,0.1711711711711711,,,,,,,,,,,0.5g
transformer,transformer_add_rho0.02_wd0.1_tiersNone,1000,0.02,0.1,randunits,units,,,0.1711711711711711,,,,,0.003333979867625412,0.007176530642885093,0.010510510510510504,-0.019847655961519616,0.02435216046602412,0.0045045045045045045,0.5g
transformer,transformer_add_rho0.02_wd0.1_tiersNone,1000,0.02,0.1,residual,in,,,0.1711711711711711,,,,,,,,,,,0.5g
transformer,transformer_add_rho0.02_wd0.1_tiersNone,1000,0.02,0.1,topk,in,,,0.1711711711711711,,,,,,,,,,,0.5g
transformer,transformer_add_rho0.02_wd0.1_tiersNone,1001,0.02,0.1,ebottom,in,,,0.1846846846846846,,0.18523126315217123,0.06702098910008111,0.25225225225225234,,,,,,,0.5g
transformer,transformer_add_rho0.02_wd0.1_tiersNone,1001,0.02,0.1,erand,in,,,0.1576576576576576,,0.08800102688040716,0.14473170585232564,0.2327327327327328,,,,,,,0.5g
transformer,transformer_add_rho0.02_wd0.1_tiersNone,1001,0.02,0.1,etop,in,,,0.1576576576576576,,0.0017298173770564085,0.2009728853256463,0.20270270270270271,,,,,,,0.5g
transformer,transformer_add_rho0.02_wd0.1_tiersNone,1001,0.02,0.1,lowpass,in,,,0.1576576576576576,,,,,,,,,,,0.5g
transformer,transformer_add_rho0.02_wd0.1_tiersNone,1001,0.02,0.1,neurons,units,,,0.1891891891891892,,,,,0.014775472707190512,0.007747049815332002,0.022522522522522515,0.0776608064690221,0.034951806143590614,0.11261261261261271,0.5g
transformer,transformer_add_rho0.02_wd0.1_tiersNone,1001,0.02,0.1,randk,in,,,0.17567567567567557,,,,,,,,,,,0.5g
transformer,transformer_add_rho0.02_wd0.1_tiersNone,1001,0.02,0.1,randunits,units,,,0.1696696696696696,,,,,-0.005614974491652232,0.007116475993153774,0.0015015015015015416,-0.013901028314144165,0.03191904633216224,0.018018018018018073,0.5g
transformer,transformer_add_rho0.02_wd0.1_tiersNone,1001,0.02,0.1,residual,in,,,0.1756756756756756,,,,,,,,,,,0.5g
transformer,transformer_add_rho0.02_wd0.1_tiersNone,1001,0.02,0.1,topk,in,,,0.1576576576576576,,,,,,,,,,,0.5g
transformer,transformer_add_rho0.02_wd0.1_tiersNone,1002,0.02,0.1,ebottom,in,,,0.0405405405405405,,0.08045050725890289,0.0006305738221781994,0.08108108108108109,,,,,,,0.5g
transformer,transformer_add_rho0.02_wd0.1_tiersNone,1002,0.02,0.1,erand,in,,,0.0165165165165165,,0.10855892375575286,0.004053688856859733,0.11261261261261259,,,,,,,0.5g
transformer,transformer_add_rho0.02_wd0.1_tiersNone,1002,0.02,0.1,etop,in,,,0.0135135135135135,,0.08864918427120029,0.005945410323394299,0.09459459459459459,,,,,,,0.5g
transformer,transformer_add_rho0.02_wd0.1_tiersNone,1002,0.02,0.1,lowpass,in,,,0.0225225225225225,,,,,,,,,,,0.5g
transformer,transformer_add_rho0.02_wd0.1_tiersNone,1002,0.02,0.1,neurons,units,,,0.009009009009009,,,,,0.026126207281058203,0.0009008197459687995,0.027027027027027,0.05612634524444269,0.0024322133141158,0.05855855855855849,0.5g
transformer,transformer_add_rho0.02_wd0.1_tiersNone,1002,0.02,0.1,randk,in,,,0.0045045045045045,,,,,,,,,,,0.5g
transformer,transformer_add_rho0.02_wd0.1_tiersNone,1002,0.02,0.1,randunits,units,,,0.0045045045045045,,,,,0.00423425858071383,0.00027024592379066605,0.004504504504504496,0.011982119945366453,0.001531393568147033,0.013513513513513487,0.5g
transformer,transformer_add_rho0.02_wd0.1_tiersNone,1002,0.02,0.1,residual,in,,,0.0045045045045045,,,,,,,,,,,0.5g
transformer,transformer_add_rho0.02_wd0.1_tiersNone,1002,0.02,0.1,topk,in,,,0.0135135135135135,,,,,,,,,,,0.5g
transformer,transformer_add_rho0.02_wd0.3_tiersNone,1000,0.02,0.3,ebottom,in,,,0.0135135135135135,,0.0736034656402192,-0.0015313935681470995,0.0720720720720721,,,,,,,0.5g
transformer,transformer_add_rho0.02_wd0.3_tiersNone,1000,0.02,0.3,erand,in,,,0.010510510510510501,,0.0425224792398922,-0.00048043719785009965,0.042042042042042094,,,,,,,0.5g
transformer,transformer_add_rho0.02_wd0.3_tiersNone,1000,0.02,0.3,etop,in,,,0.0135135135135135,,0.014144087335691797,-0.0006305738221781994,0.013513513513513598,,,,,,,0.5g
transformer,transformer_add_rho0.02_wd0.3_tiersNone,1000,0.02,0.3,lowpass,in,,,0.0225225225225225,,,,,,,,,,,0.5g
transformer,transformer_add_rho0.02_wd0.3_tiersNone,1000,0.02,0.3,neurons,units,,,0.0,,,,,-0.0005404918475813004,0.0005404918475813004,0.0,0.026666699128639598,0.00036032789838750037,0.027027027027027098,0.5g
transformer,transformer_add_rho0.02_wd0.3_tiersNone,1000,0.02,0.3,randk,in,,,0.0,,,,,,,,,,,0.5g
transformer,transformer_add_rho0.02_wd0.3_tiersNone,1000,0.02,0.3,randunits,units,,,0.0,,,,,-0.00033030057352186694,0.00033030057352186683,0.0,0.0009309823290546653,0.0005705191724468669,0.0015015015015015325,0.5g
transformer,transformer_add_rho0.02_wd0.3_tiersNone,1000,0.02,0.3,residual,in,,,0.0,,,,,,,,,,,0.5g
transformer,transformer_add_rho0.02_wd0.3_tiersNone,1000,0.02,0.3,topk,in,,,0.0135135135135135,,,,,,,,,,,0.5g
transformer,transformer_add_rho0.02_wd0.3_tiersNone,1001,0.02,0.3,ebottom,in,,,0.1846846846846846,,0.18414865635836727,0.05008557787586701,0.23423423423423428,,,,,,,0.5g
transformer,transformer_add_rho0.02_wd0.3_tiersNone,1001,0.02,0.3,erand,in,,,0.1576576576576576,,0.08043292369028796,0.13878629552893132,0.21921921921921927,,,,,,,0.5g
transformer,transformer_add_rho0.02_wd0.3_tiersNone,1001,0.02,0.3,etop,in,,,0.1576576576576576,,-0.04412637121402091,0.1972795243671741,0.1531531531531532,,,,,,,0.5g
transformer,transformer_add_rho0.02_wd0.3_tiersNone,1001,0.02,0.3,lowpass,in,,,0.1576576576576576,,,,,,,,,,,0.5g
transformer,transformer_add_rho0.02_wd0.3_tiersNone,1001,0.02,0.3,neurons,units,,,0.1891891891891892,,,,,0.0253158752843467,0.0062156562471848975,0.0315315315315316,0.06441753887929919,0.03468156021980001,0.0990990990990992,0.5g
transformer,transformer_add_rho0.02_wd0.3_tiersNone,1001,0.02,0.3,randk,in,,,0.1801801801801801,,,,,,,,,,,0.5g
transformer,transformer_add_rho0.02_wd0.3_tiersNone,1001,0.02,0.3,randunits,units,,,0.1621621621621621,,,,,-0.006936312043959975,0.006936312043960012,3.700743415417188e-17,-0.013060263217906598,0.0310782812359247,0.0180180180180181,0.5g
transformer,transformer_add_rho0.02_wd0.3_tiersNone,1001,0.02,0.3,residual,in,,,0.1801801801801801,,,,,,,,,,,0.5g
transformer,transformer_add_rho0.02_wd0.3_tiersNone,1001,0.02,0.3,topk,in,,,0.1576576576576576,,,,,,,,,,,0.5g
transformer,transformer_add_rho0.02_wd0.3_tiersNone,1002,0.02,0.3,ebottom,in,,,0.0315315315315315,,0.08450460189042298,0.0010809836951626,0.08558558558558559,,,,,,,0.5g
transformer,transformer_add_rho0.02_wd0.3_tiersNone,1002,0.02,0.3,erand,in,,,0.0165165165165165,,0.10510551087976545,0.004504098729844134,0.10960960960960958,,,,,,,0.5g
transformer,transformer_add_rho0.02_wd0.3_tiersNone,1002,0.02,0.3,etop,in,,,0.018018018018018,,0.08846902032200658,0.006125574272588001,0.09459459459459459,,,,,,,0.5g
transformer,transformer_add_rho0.02_wd0.3_tiersNone,1002,0.02,0.3,lowpass,in,,,0.0225225225225225,,,,,,,,,,,0.5g
transformer,transformer_add_rho0.02_wd0.3_tiersNone,1002,0.02,0.3,neurons,units,,,0.009009009009009,,,,,0.0358558720868423,0.00018016394919370161,0.036036036036036,0.051892086663728784,0.0021619673903252,0.05405405405405399,0.5g
transformer,transformer_add_rho0.02_wd0.3_tiersNone,1002,0.02,0.3,randk,in,,,0.0045045045045045,,,,,,,,,,,0.5g
transformer,transformer_add_rho0.02_wd0.3_tiersNone,1002,0.02,0.3,randunits,units,,,0.0045045045045045,,,,,0.010150182612122994,0.00036032789838750097,0.010510510510510496,0.014985122948369518,0.0015313935681469677,0.016516516516516488,0.5g
transformer,transformer_add_rho0.02_wd0.3_tiersNone,1002,0.02,0.3,residual,in,,,0.0045045045045045,,,,,,,,,,,0.5g
transformer,transformer_add_rho0.02_wd0.3_tiersNone,1002,0.02,0.3,topk,in,,,0.018018018018018,,,,,,,,,,,0.5g
transformer,transformer_add_rho0.05_wd0.1_tiersNone,1000,0.05,0.1,ebottom,in,0.6514121542655685,,0.736936936936937,,0.5004444855629433,-0.06621025132870917,0.4342342342342342,,,,,,,0.5g
transformer,transformer_add_rho0.05_wd0.1_tiersNone,1000,0.05,0.1,erand,in,0.23900266517024843,,0.415015015015015,,-0.17920036963366395,0.5425637329970273,0.36336336336336333,,,,,,,0.5g
transformer,transformer_add_rho0.05_wd0.1_tiersNone,1000,0.05,0.1,etop,in,0.10434253246751943,,0.4018018018018018,,-0.5362412768592392,0.7218268624448247,0.18558558558558558,,,,,,,0.5g
transformer,transformer_add_rho0.05_wd0.1_tiersNone,1000,0.05,0.1,lowpass,in,44.56712908536048,,0.4018018018018018,,,,,,,,,,,0.5g
transformer,transformer_add_rho0.05_wd0.1_tiersNone,1000,0.05,0.1,neurons,units,,,0.6018018018018018,,,,,0.04459431055233237,-0.0031528691108909657,0.04144144144144141,0.15342339907694375,-0.00027024592379065737,0.1531531531531531,0.5g
transformer,transformer_add_rho0.05_wd0.1_tiersNone,1000,0.05,0.1,randk,in,,,0.4828828828828829,,,,,,,,,,,0.5g
transformer,transformer_add_rho0.05_wd0.1_tiersNone,1000,0.05,0.1,randunits,units,,,0.4072072072072072,,,,,0.0037246326589629084,0.010089181154850876,0.013813813813813783,-0.03410887691583129,0.05813290093985527,0.024024024024023982,0.5g
transformer,transformer_add_rho0.05_wd0.1_tiersNone,1000,0.05,0.1,residual,in,,,0.4828828828828829,,,,,,,,,,,0.5g
transformer,transformer_add_rho0.05_wd0.1_tiersNone,1000,0.05,0.1,topk,in,0.6854944029843063,,0.4018018018018018,,,,,,,,,,,0.5g
transformer,transformer_add_rho0.05_wd0.1_tiersNone,1001,0.05,0.1,ebottom,in,,,0.3711711711711711,,0.24666376132009848,-0.032249346905684095,0.2144144144144144,,,,,,,0.5g
transformer,transformer_add_rho0.05_wd0.1_tiersNone,1001,0.05,0.1,erand,in,,,0.2810810810810811,,-0.08159711824246556,0.271987508632856,0.19039039039039038,,,,,,,0.5g
transformer,transformer_add_rho0.05_wd0.1_tiersNone,1001,0.05,0.1,etop,in,,,0.2810810810810811,,-0.24420216992057373,0.35591388163228543,0.11171171171171171,,,,,,,0.5g
transformer,transformer_add_rho0.05_wd0.1_tiersNone,1001,0.05,0.1,lowpass,in,,,0.2810810810810811,,,,,,,,,,,0.5g
transformer,transformer_add_rho0.05_wd0.1_tiersNone,1001,0.05,0.1,neurons,units,,,0.3117117117117117,,,,,0.030360871636432363,0.005675164399603638,0.036036036036036,0.05901164654430127,0.02927664174398703,0.0882882882882883,0.5g
transformer,transformer_add_rho0.05_wd0.1_tiersNone,1001,0.05,0.1,randk,in,,,0.3045045045045045,,,,,,,,,,,0.5g
transformer,transformer_add_rho0.05_wd0.1_tiersNone,1001,0.05,0.1,randunits,units,,,0.28408408408408403,,,,,-0.0042334199797491685,0.009038224784553961,0.0048048048048047924,-0.030116703497480052,0.037924511305287845,0.007807807807807793,0.5g
transformer,transformer_add_rho0.05_wd0.1_tiersNone,1001,0.05,0.1,residual,in,,,0.3045045045045045,,,,,,,,,,,0.5g
transformer,transformer_add_rho0.05_wd0.1_tiersNone,1001,0.05,0.1,topk,in,,,0.2810810810810811,,,,,,,,,,,0.5g
transformer,transformer_add_rho0.05_wd0.1_tiersNone,1002,0.05,0.1,ebottom,in,,,0.3423423423423423,,0.2366656359990293,-0.011440410773804088,0.2252252252252252,,,,,,,0.5g
transformer,transformer_add_rho0.05_wd0.1_tiersNone,1002,0.05,0.1,erand,in,,,0.24864864864864863,,0.02329000471510149,0.18571900429390753,0.209009009009009,,,,,,,0.5g
transformer,transformer_add_rho0.05_wd0.1_tiersNone,1002,0.05,0.1,etop,in,,,0.236036036036036,,-0.1633957171296151,0.3075398612737592,0.14414414414414412,,,,,,,0.5g
transformer,transformer_add_rho0.05_wd0.1_tiersNone,1002,0.05,0.1,lowpass,in,,,0.236036036036036,,,,,,,,,,,0.5g
transformer,transformer_add_rho0.05_wd0.1_tiersNone,1002,0.05,0.1,neurons,units,,,0.2558558558558558,,,,,0.018108749232071397,0.007116475993153792,0.02522522522522519,0.049462307997575145,0.03161877308350597,0.08108108108108111,0.5g
transformer,transformer_add_rho0.05_wd0.1_tiersNone,1002,0.05,0.1,randk,in,,,0.2504504504504504,,,,,,,,,,,0.5g
transformer,transformer_add_rho0.05_wd0.1_tiersNone,1002,0.05,0.1,randunits,units,,,0.2366366366366366,,,,,-0.007926943248085516,0.010929946251088526,0.0030030030030030095,-0.04248882699472747,0.04068702519292559,-0.001801801801801876,0.5g
transformer,transformer_add_rho0.05_wd0.1_tiersNone,1002,0.05,0.1,residual,in,,,0.2504504504504504,,,,,,,,,,,0.5g
transformer,transformer_add_rho0.05_wd0.1_tiersNone,1002,0.05,0.1,topk,in,,,0.236036036036036,,,,,,,,,,,0.5g
transformer,transformer_add_rho0.05_wd0.3_tiersNone,1000,0.05,0.3,ebottom,in,,,0.3693693693693693,,0.17855448458096856,-0.04522115124763526,0.1333333333333333,,,,,,,0.5g
transformer,transformer_add_rho0.05_wd0.3_tiersNone,1000,0.05,0.3,erand,in,,,0.2648648648648649,,-0.1155946505914978,0.2327117677086149,0.1171171171171171,,,,,,,0.5g
transformer,transformer_add_rho0.05_wd0.3_tiersNone,1000,0.05,0.3,etop,in,,,0.2648648648648649,,-0.23078368883251332,0.3010539591027836,0.07027027027027029,,,,,,,0.5g
transformer,transformer_add_rho0.05_wd0.3_tiersNone,1000,0.05,0.3,lowpass,in,,,0.2648648648648649,,,,,,,,,,,0.5g
transformer,transformer_add_rho0.05_wd0.3_tiersNone,1000,0.05,0.3,neurons,units,,,0.2864864864864865,,,,,0.029639891219928965,0.002792541212503441,0.032432432432432406,0.051623301528715484,0.018646968741554804,0.07027027027027029,0.5g
transformer,transformer_add_rho0.05_wd0.3_tiersNone,1000,0.05,0.3,randk,in,,,0.2756756756756757,,,,,,,,,,,0.5g
transformer,transformer_add_rho0.05_wd0.3_tiersNone,1000,0.05,0.3,randunits,units,,,0.2648648648648649,,,,,-0.0024918892408308337,0.006696093445035023,0.004204204204204189,-0.014321464965551117,0.031738882382968514,0.017417417417417397,0.5g
transformer,transformer_add_rho0.05_wd0.3_tiersNone,1000,0.05,0.3,residual,in,,,0.2756756756756757,,,,,,,,,,,0.5g
transformer,transformer_add_rho0.05_wd0.3_tiersNone,1000,0.05,0.3,topk,in,,,0.2648648648648649,,,,,,,,,,,0.5g
transformer,transformer_add_rho0.05_wd0.3_tiersNone,1001,0.05,0.3,ebottom,in,,,0.2594594594594595,,0.19558598324475274,0.004414016755247274,0.2,,,,,,,0.5g
transformer,transformer_add_rho0.05_wd0.3_tiersNone,1001,0.05,0.3,erand,in,,,0.2054054054054054,,-0.008901830395389554,0.18968261117617033,0.18078078078078078,,,,,,,0.5g
transformer,transformer_add_rho0.05_wd0.3_tiersNone,1001,0.05,0.3,etop,in,,,0.2054054054054054,,-0.1366438053223028,0.2537609224394199,0.1171171171171171,,,,,,,0.5g
transformer,transformer_add_rho0.05_wd0.3_tiersNone,1001,0.05,0.3,lowpass,in,,,0.2054054054054054,,,,,,,,,,,0.5g
transformer,transformer_add_rho0.05_wd0.3_tiersNone,1001,0.05,0.3,neurons,units,,,0.2144144144144144,,,,,0.03135209797672642,0.00828754166291329,0.03963963963963971,0.05549909877447942,0.0399963967210161,0.09549549549549552,0.5g
transformer,transformer_add_rho0.05_wd0.3_tiersNone,1001,0.05,0.3,randk,in,,,0.21441441441441436,,,,,,,,,,,0.5g
transformer,transformer_add_rho0.05_wd0.3_tiersNone,1001,0.05,0.3,randunits,units,,,0.2072072072072072,,,,,-0.0033025188056266344,0.00870792421103204,0.005405405405405406,-0.03014678492563369,0.0373539921328409,0.007207207207207207,0.5g
transformer,transformer_add_rho0.05_wd0.3_tiersNone,1001,0.05,0.3,residual,in,,,0.2144144144144144,,,,,,,,,,,0.5g
transformer,transformer_add_rho0.05_wd0.3_tiersNone,1001,0.05,0.3,topk,in,,,0.2054054054054054,,,,,,,,,,,0.5g
transformer,transformer_add_rho0.05_wd0.3_tiersNone,1002,0.05,0.3,ebottom,in,,,0.018018018018018,,0.0892795146285823,0.002612377263309599,0.0918918918918919,,,,,,,0.5g
transformer,transformer_add_rho0.05_wd0.3_tiersNone,1002,0.05,0.3,erand,in,,,0.0168168168168168,,0.08417449067840922,0.003513197009278466,0.0876876876876877,,,,,,,0.5g
transformer,transformer_add_rho0.05_wd0.3_tiersNone,1002,0.05,0.3,etop,in,,,0.0234234234234234,,0.10819867701229739,0.0053148365012161,0.11351351351351349,,,,,,,0.5g
transformer,transformer_add_rho0.05_wd0.3_tiersNone,1002,0.05,0.3,lowpass,in,,,0.027027027027027,,,,,,,,,,,0.5g
transformer,transformer_add_rho0.05_wd0.3_tiersNone,1002,0.05,0.3,neurons,units,,,0.0144144144144144,,,,,0.0005406541574453846,0.0012611476443563988,0.0018018018018017834,0.01270301920693779,0.0035131970092784,0.01621621621621619,0.5g
transformer,transformer_add_rho0.05_wd0.3_tiersNone,1002,0.05,0.3,randk,in,,,0.0126126126126126,,,,,,,,,,,0.5g
transformer,transformer_add_rho0.05_wd0.3_tiersNone,1002,0.05,0.3,randunits,units,,,0.0108108108108108,,,,,-0.006005951902717972,0.000600546497312566,-0.005405405405405406,-0.011951686845840541,0.0029426778368315328,-0.009009009009009009,0.5g
transformer,transformer_add_rho0.05_wd0.3_tiersNone,1002,0.05,0.3,residual,in,,,0.0126126126126126,,,,,,,,,,,0.5g
transformer,transformer_add_rho0.05_wd0.3_tiersNone,1002,0.05,0.3,topk,in,,,0.018018018018018,,,,,,,,,,,0.5g
transformer,transformer_add_rho0_wd0.1_tiersNone,1000,0.0,0.1,ebottom,in,,,,,,0.03306008467705619,,,,,,,,0.5g
transformer,transformer_add_rho0_wd0.1_tiersNone,1000,0.0,0.1,erand,in,,,,,,0.10044140167552479,,,,,,,,0.5g
transformer,transformer_add_rho0_wd0.1_tiersNone,1000,0.0,0.1,etop,in,,,,,,0.12809656787676788,,,,,,,,0.5g
transformer,transformer_add_rho0_wd0.1_tiersNone,1000,0.0,0.1,lowpass,in,,,,,,,,,,,,,,0.5g
transformer,transformer_add_rho0_wd0.1_tiersNone,1000,0.0,0.1,randk,in,,,,,,,,,,,,,,0.5g
transformer,transformer_add_rho0_wd0.1_tiersNone,1000,0.0,0.1,residual,in,,,,,,,,,,,,,,0.5g
transformer,transformer_add_rho0_wd0.1_tiersNone,1000,0.0,0.1,topk,in,,,,,,,,,,,,,,0.5g
transformer,transformer_add_rho0_wd0.1_tiersNone,1001,0.0,0.1,ebottom,in,,,,,,0.0016214755427438991,,,,,,,,0.5g
transformer,transformer_add_rho0_wd0.1_tiersNone,1001,0.0,0.1,erand,in,,,,,,0.004053688856859666,,,,,,,,0.5g
transformer,transformer_add_rho0_wd0.1_tiersNone,1001,0.0,0.1,etop,in,,,,,,0.0057652463742005,,,,,,,,0.5g
transformer,transformer_add_rho0_wd0.1_tiersNone,1001,0.0,0.1,lowpass,in,,,,,,,,,,,,,,0.5g
transformer,transformer_add_rho0_wd0.1_tiersNone,1001,0.0,0.1,randk,in,,,,,,,,,,,,,,0.5g
transformer,transformer_add_rho0_wd0.1_tiersNone,1001,0.0,0.1,residual,in,,,,,,,,,,,,,,0.5g
transformer,transformer_add_rho0_wd0.1_tiersNone,1001,0.0,0.1,topk,in,,,,,,,,,,,,,,0.5g
transformer,transformer_add_rho0_wd0.1_tiersNone,1002,0.0,0.1,ebottom,in,,,,,,0.056391316097648886,,,,,,,,0.5g
transformer,transformer_add_rho0_wd0.1_tiersNone,1002,0.0,0.1,erand,in,,,,,,0.16773263669939645,,,,,,,,0.5g
transformer,transformer_add_rho0_wd0.1_tiersNone,1002,0.0,0.1,etop,in,,,,,,0.1950274750022521,,,,,,,,0.5g
transformer,transformer_add_rho0_wd0.1_tiersNone,1002,0.0,0.1,lowpass,in,,,,,,,,,,,,,,0.5g
transformer,transformer_add_rho0_wd0.1_tiersNone,1002,0.0,0.1,randk,in,,,,,,,,,,,,,,0.5g
transformer,transformer_add_rho0_wd0.1_tiersNone,1002,0.0,0.1,residual,in,,,,,,,,,,,,,,0.5g
transformer,transformer_add_rho0_wd0.1_tiersNone,1002,0.0,0.1,topk,in,,,,,,,,,,,,,,0.5g
transformer,transformer_add_rho0_wd0.3_tiersNone,1000,0.0,0.3,ebottom,in,,,,,,0.005044590577425484,,,,,,,,0.5g
transformer,transformer_add_rho0_wd0.3_tiersNone,1000,0.0,0.3,erand,in,,,,,,0.11836771462030453,,,,,,,,0.5g
transformer,transformer_add_rho0_wd0.3_tiersNone,1000,0.0,0.3,etop,in,,,,,,0.13503287992072788,,,,,,,,0.5g
transformer,transformer_add_rho0_wd0.3_tiersNone,1000,0.0,0.3,lowpass,in,,,,,,,,,,,,,,0.5g
transformer,transformer_add_rho0_wd0.3_tiersNone,1000,0.0,0.3,randk,in,,,,,,,,,,,,,,0.5g
transformer,transformer_add_rho0_wd0.3_tiersNone,1000,0.0,0.3,residual,in,,,,,,,,,,,,,,0.5g
transformer,transformer_add_rho0_wd0.3_tiersNone,1000,0.0,0.3,topk,in,,,,,,,,,,,,,,0.5g
transformer,transformer_add_rho0_wd0.3_tiersNone,1001,0.0,0.3,ebottom,in,,,,,,0.0010809836951626,,,,,,,,0.5g
transformer,transformer_add_rho0_wd0.3_tiersNone,1001,0.0,0.3,erand,in,,,,,,0.0037534156082034992,,,,,,,,0.5g
transformer,transformer_add_rho0_wd0.3_tiersNone,1001,0.0,0.3,etop,in,,,,,,0.0051346725520224,,,,,,,,0.5g
transformer,transformer_add_rho0_wd0.3_tiersNone,1001,0.0,0.3,lowpass,in,,,,,,,,,,,,,,0.5g
transformer,transformer_add_rho0_wd0.3_tiersNone,1001,0.0,0.3,randk,in,,,,,,,,,,,,,,0.5g
transformer,transformer_add_rho0_wd0.3_tiersNone,1001,0.0,0.3,residual,in,,,,,,,,,,,,,,0.5g
transformer,transformer_add_rho0_wd0.3_tiersNone,1001,0.0,0.3,topk,in,,,,,,,,,,,,,,0.5g
transformer,transformer_add_rho0_wd0.3_tiersNone,1002,0.0,0.3,ebottom,in,,,,,,0.04062697054319428,,,,,,,,0.5g
transformer,transformer_add_rho0_wd0.3_tiersNone,1002,0.0,0.3,erand,in,,,,,,0.1685433744707684,,,,,,,,0.5g
transformer,transformer_add_rho0_wd0.3_tiersNone,1002,0.0,0.3,etop,in,,,,,,0.19736960634177098,,,,,,,,0.5g
transformer,transformer_add_rho0_wd0.3_tiersNone,1002,0.0,0.3,lowpass,in,,,,,,,,,,,,,,0.5g
transformer,transformer_add_rho0_wd0.3_tiersNone,1002,0.0,0.3,randk,in,,,,,,,,,,,,,,0.5g
transformer,transformer_add_rho0_wd0.3_tiersNone,1002,0.0,0.3,residual,in,,,,,,,,,,,,,,0.5g
transformer,transformer_add_rho0_wd0.3_tiersNone,1002,0.0,0.3,topk,in,,,,,,,,,,,,,,0.5g
kimi,kimi_add_rho0.02_wd0.1_tiersNone,1001,0.02,0.1,ebottom,in,0.7196065310491923,0.4533333333331755,0.4189189189189189,0.081081081081081,0.4485773946182918,0.2090802630393659,0.6576576576576577,,,,,,,1g
kimi,kimi_add_rho0.02_wd0.1_tiersNone,1001,0.02,0.1,erand,in,0.4397976828633364,0.5730263157891536,0.0375375375375375,0.0015015015015015,-0.22283277782782338,0.5561661111611568,0.3333333333333333,,,,,,,1g
kimi,kimi_add_rho0.02_wd0.1_tiersNone,1001,0.02,0.1,etop,in,0.3755035545018731,0.6194444444443845,0.0135135135135135,0.0,-0.4979613881064202,0.6285920187370508,0.13063063063063063,,,,,,,1g
kimi,kimi_add_rho0.02_wd0.1_tiersNone,1001,0.02,0.1,lowpass,in,36.38499907632162,39.209876543221924,0.1441441441441441,0.0,,,,,,,,,,1g
kimi,kimi_add_rho0.02_wd0.1_tiersNone,1001,0.02,0.1,neurons,units,,,0.0405405405405405,0.0405405405405405,,,,0.0019818034411314134,-0.0019818034411314134,0.0,0.02162129700189319,-0.0036032789838752466,0.018018018018017945,1g
kimi,kimi_add_rho0.02_wd0.1_tiersNone,1001,0.02,0.1,randk,in,,,0.0,0.0,,,,,,,,,,1g
kimi,kimi_add_rho0.02_wd0.1_tiersNone,1001,0.02,0.1,randunits,units,,,0.0015015015015015,0.0,,,,-0.005555055100141167,0.005555055100141167,0.0,-0.025793472059574236,0.025793472059574236,0.0,1g
kimi,kimi_add_rho0.02_wd0.1_tiersNone,1001,0.02,0.1,residual,in,,,0.0,0.0,,,,,,,,,,1g
kimi,kimi_add_rho0.02_wd0.1_tiersNone,1001,0.02,0.1,topk,in,0.8486885698507901,0.8767123287669949,0.0,0.0,,,,,,,,,,1g
kimi,kimi_add_rho0.02_wd0.1_tiersNone,1002,0.02,0.1,ebottom,in,0.7143898609241454,0.4328571428570387,0.4774774774774775,0.0945945945945946,0.5319080904163329,0.17980362129537886,0.7117117117117118,,,,,,,1g
kimi,kimi_add_rho0.02_wd0.1_tiersNone,1002,0.02,0.1,erand,in,0.4368448970928863,0.45317919075124036,0.10960960960960957,0.0015015015015015,0.07917799792405682,0.5424436236975648,0.6216216216216216,,,,,,,1g
kimi,kimi_add_rho0.02_wd0.1_tiersNone,1002,0.02,0.1,etop,in,0.25489608313324963,0.6144927536231417,0.009009009009009,0.0,-0.5608300851071774,0.7860553103324026,0.22522522522522526,,,,,,,1g
kimi,kimi_add_rho0.02_wd0.1_tiersNone,1002,0.02,0.1,lowpass,in,34.001292824855724,40.180451127832605,0.2252252252252252,0.0,,,,,,,,,,1g
kimi,kimi_add_rho0.02_wd0.1_tiersNone,1002,0.02,0.1,neurons,units,,,0.0585585585585585,0.0585585585585585,,,,0.008648681110621448,0.00036032789838758017,0.009009009009009028,0.036306281959826436,-0.00027024592379043533,0.036036036036036,1g
kimi,kimi_add_rho0.02_wd0.1_tiersNone,1002,0.02,0.1,randk,in,,,0.0,0.0,,,,,,,,,,1g
kimi,kimi_add_rho0.02_wd0.1_tiersNone,1002,0.02,0.1,randunits,units,,,0.003003003003003,0.0,,,,-0.0007202500221149544,0.005224754526619302,0.0045045045045043475,-0.02756494896842628,0.02906645046992773,0.0015015015015014492,1g
kimi,kimi_add_rho0.02_wd0.1_tiersNone,1002,0.02,0.1,residual,in,,,0.0,0.0,,,,,,,,,,1g
kimi,kimi_add_rho0.02_wd0.1_tiersNone,1002,0.02,0.1,topk,in,0.8433954154726605,0.8689320388348233,0.0135135135135135,0.0,,,,,,,,,,1g
kimi,kimi_add_rho0.02_wd0.3_tiersNone,1000,0.02,0.3,ebottom,in,0.6897715024787676,0.35263157894716346,0.7072072072072072,0.7027027027027027,0.8119818764805702,-0.0011710656697592192,0.810810810810811,,,,,,,1g
kimi,kimi_add_rho0.02_wd0.3_tiersNone,1000,0.02,0.3,erand,in,0.6051290199567597,0.409009009008955,0.2537537537537537,0.13963963963963963,0.29018109182058366,0.34345254181305007,0.6336336336336337,,,,,,,1g
kimi,kimi_add_rho0.02_wd0.3_tiersNone,1000,0.02,0.3,etop,in,0.41405440414487565,0.6159420289854559,0.036036036036036,0.009009009009009,-0.28247597205348773,0.516710206287722,0.23423423423423428,,,,,,,1g
kimi,kimi_add_rho0.02_wd0.3_tiersNone,1000,0.02,0.3,lowpass,in,38.26006762989673,44.22764227642957,0.1981981981981982,0.009009009009009,,,,,,,,,,1g
kimi,kimi_add_rho0.02_wd0.3_tiersNone,1000,0.02,0.3,neurons,units,,,0.0495495495495495,0.0495495495495495,,,,0.0015313935681467994,-0.0015313935681467994,0.0,0.0238737521414758,-0.0013512296189531758,0.022522522522522626,1g
kimi,kimi_add_rho0.02_wd0.3_tiersNone,1000,0.02,0.3,randk,in,,,0.0225225225225225,0.0225225225225225,,,,,,,,,,1g
kimi,kimi_add_rho0.02_wd0.3_tiersNone,1000,0.02,0.3,randunits,units,,,0.0135135135135135,0.0135135135135135,,,,-0.0009907664623457861,0.0024922679638472722,0.001501501501501486,-0.007296369425907501,0.010299372428910472,0.003003003003002972,1g
kimi,kimi_add_rho0.02_wd0.3_tiersNone,1000,0.02,0.3,residual,in,,,0.0225225225225225,0.0225225225225225,,,,,,,,,,1g
kimi,kimi_add_rho0.02_wd0.3_tiersNone,1000,0.02,0.3,topk,in,0.8492239157232879,0.8631578947367099,0.0405405405405405,0.009009009009009,,,,,,,,,,1g
kimi,kimi_add_rho0.02_wd0.3_tiersNone,1001,0.02,0.3,ebottom,in,0.7537552665322226,0.38888888888857565,0.7072072072072072,0.7072072072072072,0.7448643130113269,-0.006125574272587975,0.738738738738739,,,,,,,1g
kimi,kimi_add_rho0.02_wd0.3_tiersNone,1001,0.02,0.3,erand,in,0.46160042964510173,0.5351851851849683,0.08558558558558556,0.006006006006006,-0.06578040070518228,0.5042188391436209,0.43843843843843855,,,,,,,1g
kimi,kimi_add_rho0.02_wd0.3_tiersNone,1001,0.02,0.3,etop,in,0.2889391979297165,0.6684210526313791,0.0225225225225225,0.0045045045045045,-0.603000622458329,0.6930907125484193,0.09009009009009028,,,,,,,1g
kimi,kimi_add_rho0.02_wd0.3_tiersNone,1001,0.02,0.3,lowpass,in,29.402273560699978,41.660377358503844,0.2657657657657657,0.2297297297297297,,,,,,,,,,1g
kimi,kimi_add_rho0.02_wd0.3_tiersNone,1001,0.02,0.3,neurons,units,,,0.1081081081081081,0.1081081081081081,,,,0.007747455589992236,-0.0032429510854875554,0.0045045045045046805,0.034774076842359225,-0.007747049815331919,0.027027027027027306,1g
kimi,kimi_add_rho0.02_wd0.3_tiersNone,1001,0.02,0.3,randk,in,,,0.0135135135135135,0.0135135135135135,,,,,,,,,,1g
kimi,kimi_add_rho0.02_wd0.3_tiersNone,1001,0.02,0.3,randunits,units,,,0.009009009009009,0.0075075075075075005,,,,-0.004414016755247367,0.004414016755247367,0.0,-0.01765579650454892,0.020658799507552044,0.0030030030030031205,1g
kimi,kimi_add_rho0.02_wd0.3_tiersNone,1001,0.02,0.3,residual,in,,,0.0135135135135135,0.0135135135135135,,,,,,,,,,1g
kimi,kimi_add_rho0.02_wd0.3_tiersNone,1001,0.02,0.3,topk,in,0.845711118690193,0.874378109452599,0.0225225225225225,0.009009009009009,,,,,,,,,,1g
kimi,kimi_add_rho0.02_wd0.3_tiersNone,1002,0.02,0.3,ebottom,in,0.6997322384858595,0.3391304347824828,0.7657657657657657,0.7657657657657657,0.8970273759932349,0.003873524907666015,0.9009009009009009,,,,,,,1g
kimi,kimi_add_rho0.02_wd0.3_tiersNone,1002,0.02,0.3,erand,in,0.37050063738528827,0.4482142857140946,0.06606606606606603,0.0,-0.00916158028129919,0.6397922109119298,0.6306306306306307,,,,,,,1g
kimi,kimi_add_rho0.02_wd0.3_tiersNone,1002,0.02,0.3,etop,in,0.17659362549776603,0.6981132075467588,0.018018018018018,0.0,-0.7323559033314911,0.8494730204486083,0.11711711711711714,,,,,,,1g
kimi,kimi_add_rho0.02_wd0.3_tiersNone,1002,0.02,0.3,lowpass,in,44.882474226818395,45.44680851064433,0.1306306306306306,0.0,,,,,,,,,,1g
kimi,kimi_add_rho0.02_wd0.3_tiersNone,1002,0.02,0.3,neurons,units,,,0.1261261261261261,0.1261261261261261,,,,0.011621386272318568,-0.00261237726330954,0.009009009009009028,0.06801757166589162,-0.004954508602828422,0.0630630630630632,1g
kimi,kimi_add_rho0.02_wd0.3_tiersNone,1002,0.02,0.3,randk,in,,,0.027027027027027,0.027027027027027,,,,,,,,,,1g
kimi,kimi_add_rho0.02_wd0.3_tiersNone,1002,0.02,0.3,randunits,units,,,0.003003003003003,0.003003003003003,,,,-0.0023121040146533525,0.0023121040146533525,0.0,-0.011770305572665748,0.016274810077170205,0.0045045045045044585,1g
kimi,kimi_add_rho0.02_wd0.3_tiersNone,1002,0.02,0.3,residual,in,,,0.027027027027027,0.027027027027027,,,,,,,,,,1g
kimi,kimi_add_rho0.02_wd0.3_tiersNone,1002,0.02,0.3,topk,in,0.8394976498236201,0.8755980861242685,0.009009009009009,0.0,,,,,,,,,,1g
kimi,kimi_add_rho0.05_wd0.1_tiersNone,1000,0.05,0.1,ebottom,in,0.685748560460348,0.4620370370368245,0.4396396396396396,0.045045045045045,0.4938840831643281,0.11332312404287914,0.6072072072072072,,,,,,,1g
kimi,kimi_add_rho0.05_wd0.1_tiersNone,1000,0.05,0.1,erand,in,0.5010290731145605,0.5524999999998381,0.056456456456456396,0.0,-0.12398347360963345,0.4501095997357596,0.3261261261261262,,,,,,,1g
kimi,kimi_add_rho0.05_wd0.1_tiersNone,1000,0.05,0.1,etop,in,0.3543855302276493,0.6627717391302455,0.009009009009009,0.0,-0.5642645618323486,0.6633636609314477,0.09909909909909909,,,,,,,1g
kimi,kimi_add_rho0.05_wd0.1_tiersNone,1000,0.05,0.1,lowpass,in,34.34308869881846,36.67655786352013,0.1261261261261261,0.0,,,,,,,,,,1g
kimi,kimi_add_rho0.05_wd0.1_tiersNone,1000,0.05,0.1,neurons,units,,,0.0414414414414414,0.0414414414414414,,,,0.0025221329788486235,-0.004323934780650407,-0.0018018018018017834,0.012611963373156065,-0.007206557967750604,0.005405405405405461,1g
kimi,kimi_add_rho0.05_wd0.1_tiersNone,1000,0.05,0.1,randk,in,,,0.0,0.0,,,,,,,,,,1g
kimi,kimi_add_rho0.05_wd0.1_tiersNone,1000,0.05,0.1,randunits,units,,,0.0006006006006006,0.0,,,,-0.009128469069015063,0.007326667267213279,-0.0018018018018017834,-0.03366063117436876,0.03366063117436876,0.0,1g
kimi,kimi_add_rho0.05_wd0.1_tiersNone,1000,0.05,0.1,residual,in,,,0.0,0.0,,,,,,,,,,1g
kimi,kimi_add_rho0.05_wd0.1_tiersNone,1000,0.05,0.1,topk,in,0.845950902934417,0.8754725897919289,0.0036036036036036,0.0,,,,,,,,,,1g
kimi,kimi_add_rho0.05_wd0.1_tiersNone,1002,0.05,0.1,ebottom,in,0.7446248423705878,0.4589820359279477,0.5891891891891892,0.2,0.5626174413310707,0.05359877488514553,0.6162162162162163,,,,,,,1g
kimi,kimi_add_rho0.05_wd0.1_tiersNone,1002,0.05,0.1,erand,in,0.5899862353746735,0.48913043478230145,0.18018018018018014,0.030030030030030002,0.26918214494108544,0.25514217938323885,0.5243243243243243,,,,,,,1g
kimi,kimi_add_rho0.05_wd0.1_tiersNone,1002,0.05,0.1,etop,in,0.38569788797017845,0.6768156424578624,0.0054054054054054,0.0018018018018018,-0.554989040026424,0.6216557066930908,0.06666666666666676,,,,,,,1g
kimi,kimi_add_rho0.05_wd0.1_tiersNone,1002,0.05,0.1,lowpass,in,41.95492154066578,38.159090909106425,0.0198198198198198,0.0018018018018018,,,,,,,,,,1g
kimi,kimi_add_rho0.05_wd0.1_tiersNone,1002,0.05,0.1,neurons,units,,,0.0414414414414414,0.0414414414414414,,,,0.00297270516169712,-0.00297270516169712,0.0,0.014143356941302865,-0.008737951535897515,0.00540540540540535,1g
kimi,kimi_add_rho0.05_wd0.1_tiersNone,1002,0.05,0.1,randk,in,,,0.0018018018018018,0.0018018018018018,,,,,,,,,,1g
kimi,kimi_add_rho0.05_wd0.1_tiersNone,1002,0.05,0.1,randunits,units,,,0.0024024024024024,0.0018018018018018,,,,-0.004263880130919236,0.004263880130919236,0.0,-0.02441221511575542,0.024412215115755382,-3.700743415417188e-17,1g
kimi,kimi_add_rho0.05_wd0.1_tiersNone,1002,0.05,0.1,residual,in,,,0.0018018018018018,0.0018018018018018,,,,,,,,,,1g
kimi,kimi_add_rho0.05_wd0.1_tiersNone,1002,0.05,0.1,topk,in,0.8527199698079426,0.8747623574143171,0.0018018018018018,0.0018018018018018,,,,,,,,,,1g
kimi,kimi_add_rho0.05_wd0.3_tiersNone,1000,0.05,0.3,ebottom,in,0.7785740775077189,0.3843949044583004,0.8486486486486486,0.8486486486486486,0.8204477966841718,-0.029456805693180765,0.790990990990991,,,,,,,1g
kimi,kimi_add_rho0.05_wd0.3_tiersNone,1000,0.05,0.3,erand,in,0.6097622478385386,0.44701492537290066,0.2348348348348348,0.0348348348348348,0.33912319670359486,0.2674834099030118,0.6066066066066066,,,,,,,1g
kimi,kimi_add_rho0.05_wd0.3_tiersNone,1000,0.05,0.3,etop,in,0.29119812583600235,0.6829341317362513,0.0252252252252252,0.0,-0.5385038763653304,0.6069723448337988,0.06846846846846844,,,,,,,1g
kimi,kimi_add_rho0.05_wd0.3_tiersNone,1000,0.05,0.3,lowpass,in,42.17087775669121,39.72327044026602,0.0468468468468468,0.0,,,,,,,,,,1g
kimi,kimi_add_rho0.05_wd0.3_tiersNone,1000,0.05,0.3,neurons,units,,,0.0756756756756756,0.0756756756756756,,,,0.007026718638284968,-0.003423115034681401,0.003603603603603567,0.033962852141394606,-0.012341230519772983,0.021621621621621623,1g
kimi,kimi_add_rho0.05_wd0.3_tiersNone,1000,0.05,0.3,randk,in,,,0.0126126126126126,0.0126126126126126,,,,,,,,,,1g
kimi,kimi_add_rho0.05_wd0.3_tiersNone,1000,0.05,0.3,randunits,units,,,0.003003003003003,0.003003003003003,,,,-0.0007505208117766596,0.002552322613578443,0.0018018018018017834,-0.010779701420184288,0.011980902621385478,0.001201201201201189,1g
kimi,kimi_add_rho0.05_wd0.3_tiersNone,1000,0.05,0.3,residual,in,,,0.0126126126126126,0.0126126126126126,,,,,,,,,,1g
kimi,kimi_add_rho0.05_wd0.3_tiersNone,1000,0.05,0.3,topk,in,0.8582004253055607,0.8735604606524595,0.0162162162162162,0.0,,,,,,,,,,1g
kimi,kimi_add_rho0.05_wd0.3_tiersNone,1001,0.05,0.3,ebottom,in,0.7558410644530493,0.39154411764668523,0.8756756756756757,0.8756756756756757,0.7892774857552806,-0.019908116385911168,0.7693693693693694,,,,,,,1g
kimi,kimi_add_rho0.05_wd0.3_tiersNone,1001,0.05,0.3,erand,in,0.5505122185464003,0.4308593749998662,0.20240240240240237,0.0246246246246246,0.3414097098630023,0.31444614599285364,0.6558558558558559,,,,,,,1g
kimi,kimi_add_rho0.05_wd0.3_tiersNone,1001,0.05,0.3,etop,in,0.2689072327038011,0.6853896103893027,0.0162162162162162,0.0,-0.5954324381132778,0.6999369426177824,0.10450450450450455,,,,,,,1g
kimi,kimi_add_rho0.05_wd0.3_tiersNone,1001,0.05,0.3,lowpass,in,37.767584097888275,42.379084967330456,0.1531531531531531,0.0,,,,,,,,,,1g
kimi,kimi_add_rho0.05_wd0.3_tiersNone,1001,0.05,0.3,neurons,units,,,0.0558558558558558,0.0558558558558558,,,,0.005405080785676919,-0.0036032789838751356,0.0018018018018017834,0.028017117198272046,-0.00999909918025399,0.018018018018018056,1g
kimi,kimi_add_rho0.05_wd0.3_tiersNone,1001,0.05,0.3,randk,in,,,0.009009009009009,0.009009009009009,,,,,,,,,,1g
kimi,kimi_add_rho0.05_wd0.3_tiersNone,1001,0.05,0.3,randunits,units,,,0.004804804804804799,0.004804804804804799,,,,-0.001741638945494543,0.0011410383448939483,-0.0006006006006005945,-0.010599375161126376,0.013602378164129422,0.0030030030030030463,1g
kimi,kimi_add_rho0.05_wd0.3_tiersNone,1001,0.05,0.3,residual,in,,,0.009009009009009,0.009009009009009,,,,,,,,,,1g
kimi,kimi_add_rho0.05_wd0.3_tiersNone,1001,0.05,0.3,topk,in,0.854128563743824,0.8754798464490026,0.009009009009009,0.0018018018018018,,,,,,,,,,1g
kimi,kimi_add_rho0.05_wd0.3_tiersNone,1002,0.05,0.3,ebottom,in,0.7482815702348201,0.35264705882335756,0.8486486486486486,0.8486486486486486,0.8549527637717891,-0.024322133141158386,0.8306306306306307,,,,,,,1g
kimi,kimi_add_rho0.05_wd0.3_tiersNone,1002,0.05,0.3,erand,in,0.5854700428668281,0.41325757575752003,0.29609609609609605,0.0396396396396396,0.5127501702224699,0.19355613608383637,0.7063063063063063,,,,,,,1g
kimi,kimi_add_rho0.05_wd0.3_tiersNone,1002,0.05,0.3,etop,in,0.29286252354010134,0.6748447204966364,0.0054054054054054,0.0,-0.6857875802115061,0.7578596522835781,0.072072072072072,,,,,,,1g
kimi,kimi_add_rho0.05_wd0.3_tiersNone,1002,0.05,0.3,lowpass,in,39.77391783844656,42.658064516138595,0.1297297297297297,0.0,,,,,,,,,,1g
kimi,kimi_add_rho0.05_wd0.3_tiersNone,1002,0.05,0.3,neurons,units,,,0.072072072072072,0.072072072072072,,,,0.006395982506242737,-0.004594180704440953,0.0018018018018017834,0.03693604423268415,-0.009909017205657178,0.027027027027026973,1g
kimi,kimi_add_rho0.05_wd0.3_tiersNone,1002,0.05,0.3,randk,in,,,0.0054054054054054,0.0054054054054054,,,,,,,,,,1g
kimi,kimi_add_rho0.05_wd0.3_tiersNone,1002,0.05,0.3,randunits,units,,,0.0036036036036036,0.0036036036036036,,,,-0.0013811487372428581,0.002582349938444047,0.001201201201201189,-0.016725057640290603,0.018526859442092387,0.0018018018018017834,1g
kimi,kimi_add_rho0.05_wd0.3_tiersNone,1002,0.05,0.3,residual,in,,,0.0054054054054054,0.0054054054054054,,,,,,,,,,1g
kimi,kimi_add_rho0.05_wd0.3_tiersNone,1002,0.05,0.3,topk,in,0.84596345326985,0.8749999999998673,0.009009009009009,0.0,,,,,,,,,,1g
kimi,kimi_add_rho0_wd0.1_tiersNone,1000,0.0,0.1,ebottom,in,0.6772511185679928,,,,,0.17115575173407793,,,,,,,,1g
kimi,kimi_add_rho0_wd0.1_tiersNone,1000,0.0,0.1,erand,in,0.38629871805877364,,,,,0.5780860583130648,,,,,,,,1g
kimi,kimi_add_rho0_wd0.1_tiersNone,1000,0.0,0.1,etop,in,0.18852723915005415,,,,,0.8307359697324564,,,,,,,,1g
kimi,kimi_add_rho0_wd0.1_tiersNone,1000,0.0,0.1,lowpass,in,53.99615502925593,,,,,,,,,,,,,1g
kimi,kimi_add_rho0_wd0.1_tiersNone,1000,0.0,0.1,randk,in,,,,,,,,,,,,,,1g
kimi,kimi_add_rho0_wd0.1_tiersNone,1000,0.0,0.1,residual,in,,,,,,,,,,,,,,1g
kimi,kimi_add_rho0_wd0.1_tiersNone,1000,0.0,0.1,topk,in,0.8424513641071686,,,,,,,,,,,,,1g
kimi,kimi_add_rho0_wd0.1_tiersNone,1001,0.0,0.1,ebottom,in,0.6926066474742141,,,,,0.04224844608593814,,,,,,,,1g
kimi,kimi_add_rho0_wd0.1_tiersNone,1001,0.0,0.1,erand,in,0.3589707271006678,,,,,0.6884965318439781,,,,,,,,1g
kimi,kimi_add_rho0_wd0.1_tiersNone,1001,0.0,0.1,etop,in,0.10200220426156421,,,,,0.893613188001081,,,,,,,,1g
kimi,kimi_add_rho0_wd0.1_tiersNone,1001,0.0,0.1,lowpass,in,54.222879684451456,,,,,,,,,,,,,1g
kimi,kimi_add_rho0_wd0.1_tiersNone,1001,0.0,0.1,randk,in,,,,,,,,,,,,,,1g
kimi,kimi_add_rho0_wd0.1_tiersNone,1001,0.0,0.1,residual,in,,,,,,,,,,,,,,1g
kimi,kimi_add_rho0_wd0.1_tiersNone,1001,0.0,0.1,topk,in,0.8366231987613479,,,,,,,,,,,,,1g
kimi,kimi_add_rho0_wd0.1_tiersNone,1002,0.0,0.1,ebottom,in,0.624550581600186,,,,,0.30429691018827143,,,,,,,,1g
kimi,kimi_add_rho0_wd0.1_tiersNone,1002,0.0,0.1,erand,in,0.4156721674380638,,,,,0.7073236645347268,,,,,,,,1g
kimi,kimi_add_rho0_wd0.1_tiersNone,1002,0.0,0.1,etop,in,0.1604036620887763,,,,,0.8319971173768131,,,,,,,,1g
kimi,kimi_add_rho0_wd0.1_tiersNone,1002,0.0,0.1,lowpass,in,53.080483537495184,,,,,,,,,,,,,1g
kimi,kimi_add_rho0_wd0.1_tiersNone,1002,0.0,0.1,randk,in,,,,,,,,,,,,,,1g
kimi,kimi_add_rho0_wd0.1_tiersNone,1002,0.0,0.1,residual,in,,,,,,,,,,,,,,1g
kimi,kimi_add_rho0_wd0.1_tiersNone,1002,0.0,0.1,topk,in,0.8443307490592808,,,,,,,,,,,,,1g
kimi,kimi_add_rho0_wd0.3_tiersNone,1000,0.0,0.3,ebottom,in,0.7253691084610216,,,,,0.021259346004864454,,,,,,,,1g
kimi,kimi_add_rho0_wd0.3_tiersNone,1000,0.0,0.3,erand,in,0.39317512877001365,,,,,0.74527820316488,,,,,,,,1g
kimi,kimi_add_rho0_wd0.3_tiersNone,1000,0.0,0.3,etop,in,0.10541883577848551,,,,,0.853526709305468,,,,,,,,1g
kimi,kimi_add_rho0_wd0.3_tiersNone,1000,0.0,0.3,lowpass,in,48.11428013289458,,,,,,,,,,,,,1g
kimi,kimi_add_rho0_wd0.3_tiersNone,1000,0.0,0.3,randk,in,,,,,,,,,,,,,,1g
kimi,kimi_add_rho0_wd0.3_tiersNone,1000,0.0,0.3,residual,in,,,,,,,,,,,,,,1g
kimi,kimi_add_rho0_wd0.3_tiersNone,1000,0.0,0.3,topk,in,0.8375266714081352,,,,,,,,,,,,,1g
kimi,kimi_add_rho0_wd0.3_tiersNone,1001,0.0,0.3,ebottom,in,0.6223176962376926,,,,,0.05819295558958637,,,,,,,,1g
kimi,kimi_add_rho0_wd0.3_tiersNone,1001,0.0,0.3,erand,in,0.3525577659703756,,,,,0.6644746719514758,,,,,,,,1g
kimi,kimi_add_rho0_wd0.3_tiersNone,1001,0.0,0.3,etop,in,0.042642881015963675,,,,,0.9194667147103864,,,,,,,,1g
kimi,kimi_add_rho0_wd0.3_tiersNone,1001,0.0,0.3,lowpass,in,40.66505506313207,,,,,,,,,,,,,1g
kimi,kimi_add_rho0_wd0.3_tiersNone,1001,0.0,0.3,randk,in,,,,,,,,,,,,,,1g
kimi,kimi_add_rho0_wd0.3_tiersNone,1001,0.0,0.3,residual,in,,,,,,,,,,,,,,1g
kimi,kimi_add_rho0_wd0.3_tiersNone,1001,0.0,0.3,topk,in,0.8300242356449306,,,,,,,,,,,,,1g
kimi,kimi_add_rho0_wd0.3_tiersNone,1002,0.0,0.3,ebottom,in,0.6763864967272311,,,,,0.0920637780380148,,,,,,,,1g
kimi,kimi_add_rho0_wd0.3_tiersNone,1002,0.0,0.3,erand,in,0.4035797438882283,,,,,0.7056421343422516,,,,,,,,1g
kimi,kimi_add_rho0_wd0.3_tiersNone,1002,0.0,0.3,etop,in,0.16467937971485375,,,,,0.8082154760832359,,,,,,,,1g
kimi,kimi_add_rho0_wd0.3_tiersNone,1002,0.0,0.3,lowpass,in,58.133180943235814,,,,,,,,,,,,,1g
kimi,kimi_add_rho0_wd0.3_tiersNone,1002,0.0,0.3,randk,in,,,,,,,,,,,,,,1g
kimi,kimi_add_rho0_wd0.3_tiersNone,1002,0.0,0.3,residual,in,,,,,,,,,,,,,,1g
kimi,kimi_add_rho0_wd0.3_tiersNone,1002,0.0,0.3,topk,in,0.8395818630909204,,,,,,,,,,,,,1g
mamba,mamba_add_rho0.02_wd0.1_tiersNone,1000,0.02,0.1,ebottom,in,0.7582075271102177,0.17241379310317112,0.9774774774774776,0.9774774774774776,0.8588261263695909,-0.02999729754076208,0.8288288288288288,,,,,,,1g
mamba,mamba_add_rho0.02_wd0.1_tiersNone,1000,0.02,0.1,erand,in,0.4940972222205482,0.21734693877539235,0.2807807807807808,0.2807807807807808,0.2141266119736528,0.4720595742125335,0.6861861861861862,,,,,,,1g
mamba,mamba_add_rho0.02_wd0.1_tiersNone,1000,0.02,0.1,etop,in,0.11828530259360145,0.7241379310343904,0.09009009009009,0.09009009009009,-0.9072102910946259,0.9657688496531844,0.058558558558558516,,,,,,,1g
mamba,mamba_add_rho0.02_wd0.1_tiersNone,1000,0.02,0.1,lowpass,in,59.042454394711555,57.23966942151836,0.09009009009009,0.09009009009009,,,,,,,,,,1g
mamba,mamba_add_rho0.02_wd0.1_tiersNone,1000,0.02,0.1,neurons,units,,,0.2612612612612612,0.2612612612612612,,,,0.10342303387974949,-0.004323934780650407,0.09909909909909909,0.22081120846997782,0.00441401675524733,0.22522522522522515,1g
mamba,mamba_add_rho0.02_wd0.1_tiersNone,1000,0.02,0.1,randk,in,,,0.1981981981981982,0.1981981981981982,,,,,,,,,,1g
mamba,mamba_add_rho0.02_wd0.1_tiersNone,1000,0.02,0.1,randunits,units,,,0.10510510510510511,0.10210210210210206,,,,-0.00555464932548085,0.01005915382998531,0.0045045045045044585,0.00021370798778238184,0.038825331051256594,0.03903903903903897,1g
mamba,mamba_add_rho0.02_wd0.1_tiersNone,1000,0.02,0.1,residual,in,,,0.1981981981981982,0.1981981981981982,,,,,,,,,,1g
mamba,mamba_add_rho0.02_wd0.1_tiersNone,1000,0.02,0.1,topk,in,0.8038811639907399,0.8792613636362006,0.09009009009009,0.09009009009009,,,,,,,,,,1g
mamba,mamba_add_rho0.02_wd0.1_tiersNone,1001,0.02,0.1,ebottom,in,0.7662789203083887,0.2509090909088854,0.972972972972973,0.972972972972973,0.9140508403187442,-0.035672461940365774,0.8783783783783784,,,,,,,1g
mamba,mamba_add_rho0.02_wd0.1_tiersNone,1001,0.02,0.1,erand,in,0.43395076626027146,0.29848484848435153,0.1621621621621621,0.07807807807807804,0.1375340749271026,0.6282316908386633,0.7657657657657658,,,,,,,1g
mamba,mamba_add_rho0.02_wd0.1_tiersNone,1001,0.02,0.1,etop,in,0.046754131105771014,0.7206349206348479,0.0405405405405405,0.0405405405405405,-0.9371207528580737,0.9596432753805964,0.022522522522522626,,,,,,,1g
mamba,mamba_add_rho0.02_wd0.1_tiersNone,1001,0.02,0.1,lowpass,in,19.569433547787412,54.29032258068045,0.5225225225225225,0.4009009009009009,,,,,,,,,,1g
mamba,mamba_add_rho0.02_wd0.1_tiersNone,1001,0.02,0.1,neurons,units,,0.21985815602811748,0.4369369369369369,0.4369369369369369,,,,0.16044938732084046,-0.01180073867219178,0.14864864864864868,0.3678367584772413,-0.011980902621385403,0.3558558558558559,1g
mamba,mamba_add_rho0.02_wd0.1_tiersNone,1001,0.02,0.1,randk,in,,,0.09009009009009,0.09009009009009,,,,,,,,,,1g
mamba,mamba_add_rho0.02_wd0.1_tiersNone,1001,0.02,0.1,randunits,units,,,0.063063063063063,0.058558558558558495,,,,0.0010517679196176595,0.007957241089391295,0.009009009009008953,-0.02546046632164996,0.055490496351679984,0.03003003003003002,1g
mamba,mamba_add_rho0.02_wd0.1_tiersNone,1001,0.02,0.1,residual,in,,,0.09009009009009,0.09009009009009,,,,,,,,,,1g
mamba,mamba_add_rho0.02_wd0.1_tiersNone,1001,0.02,0.1,topk,in,0.8176292299492738,0.8749999999998569,0.0405405405405405,0.0405405405405405,,,,,,,,,,1g
mamba,mamba_add_rho0.02_wd0.1_tiersNone,1002,0.02,0.1,ebottom,in,0.8183421662801915,0.24999999999977796,0.9864864864864864,0.9864864864864864,0.8433299978656257,-0.03702369155931928,0.8063063063063064,,,,,,,1g
mamba,mamba_add_rho0.02_wd0.1_tiersNone,1002,0.02,0.1,erand,in,0.36610096976590595,0.30642201834858457,0.16666666666666663,0.16666666666666663,-0.044981744198030804,0.7026394018556884,0.6576576576576577,,,,,,,1g
mamba,mamba_add_rho0.02_wd0.1_tiersNone,1002,0.02,0.1,etop,in,0.08749204665950877,0.6923076923071668,0.1036036036036036,0.1036036036036036,-0.8982921756095342,0.9568507341680929,0.05855855855855863,,,,,,,1g
mamba,mamba_add_rho0.02_wd0.1_tiersNone,1002,0.02,0.1,lowpass,in,41.30097087382251,57.546875000028535,0.2477477477477477,0.1036036036036036,,,,,,,,,,1g
mamba,mamba_add_rho0.02_wd0.1_tiersNone,1002,0.02,0.1,neurons,units,,0.1358695652171377,0.5990990990990991,0.5990990990990991,,,,0.15432340727359228,-0.010179263129448057,0.14414414414414423,0.448918245332983,-0.007476803891541484,0.44144144144144154,1g
mamba,mamba_add_rho0.02_wd0.1_tiersNone,1002,0.02,0.1,randk,in,,,0.2072072072072072,0.2072072072072072,,,,,,,,,,1g
mamba,mamba_add_rho0.02_wd0.1_tiersNone,1002,0.02,0.1,randunits,units,,,0.11261261261261261,0.10510510510510511,,,,0.006006682297106806,0.007506831216406755,0.013513513513513561,-0.031585634819577546,0.06612016935411213,0.03453453453453459,1g
mamba,mamba_add_rho0.02_wd0.1_tiersNone,1002,0.02,0.1,residual,in,,,0.2072072072072072,0.2072072072072072,,,,,,,,,,1g
mamba,mamba_add_rho0.02_wd0.1_tiersNone,1002,0.02,0.1,topk,in,0.8221272585466267,0.8679775280897405,0.1036036036036036,0.1036036036036036,,,,,,,,,,1g
mamba,mamba_add_rho0.02_wd0.3_tiersNone,1000,0.02,0.3,ebottom,in,0.7461201797964249,0.08478260869531642,0.990990990990991,0.990990990990991,0.6668439901932383,-0.03170885505810306,0.6351351351351352,,,,,,,1g
mamba,mamba_add_rho0.02_wd0.3_tiersNone,1000,0.02,0.3,erand,in,0.4451462765954591,0.0953703703698108,0.39939939939939934,0.2552552552552552,-0.01901919936331246,0.553553733897847,0.5345345345345346,,,,,,,1g
mamba,mamba_add_rho0.02_wd0.3_tiersNone,1000,0.02,0.3,etop,in,0.09373228549330445,0.6633333333328646,0.2207207207207207,0.2207207207207207,-0.9639672101612468,0.9639672101612468,0.0,,,,,,,1g
mamba,mamba_add_rho0.02_wd0.3_tiersNone,1000,0.02,0.3,lowpass,in,59.7563424947313,67.11111111112419,0.2207207207207207,0.2207207207207207,,,,,,,,,,1g
mamba,mamba_add_rho0.02_wd0.3_tiersNone,1000,0.02,0.3,neurons,units,,0.039930555555202196,0.4324324324324324,0.4324324324324324,,,,0.15252176778165444,-0.008377623637510268,0.14414414414414417,0.2681074913306243,-0.006846230069363024,0.26126126126126126,1g
mamba,mamba_add_rho0.02_wd0.3_tiersNone,1000,0.02,0.3,randk,in,,0.8749999999965314,0.37837837837837834,0.37837837837837834,,,,,,,,,,1g
mamba,mamba_add_rho0.02_wd0.3_tiersNone,1000,0.02,0.3,randunits,units,,,0.2282282282282282,0.2282282282282282,,,,-0.013392186890069935,0.013392186890069935,0.0,-0.03323876078582858,0.049755277302345115,0.016516516516516533,1g
mamba,mamba_add_rho0.02_wd0.3_tiersNone,1000,0.02,0.3,residual,in,,0.8749999999965314,0.3783783783783784,0.3783783783783784,,,,,,,,,,1g
mamba,mamba_add_rho0.02_wd0.3_tiersNone,1000,0.02,0.3,topk,in,0.8243481890571763,0.8333333333332075,0.2207207207207207,0.2207207207207207,,,,,,,,,,1g
mamba,mamba_add_rho0.02_wd0.3_tiersNone,1001,0.02,0.3,ebottom,in,0.7651490683228915,0.2254545454544427,0.972972972972973,0.972972972972973,0.8981943839163908,-0.04233852806053495,0.8558558558558559,,,,,,,1g
mamba,mamba_add_rho0.02_wd0.3_tiersNone,1001,0.02,0.3,erand,in,0.5893012506789086,0.24709677419334602,0.29279279279279274,0.1306306306306306,0.37072289837806444,0.3575053298501638,0.7282282282282283,,,,,,,1g
mamba,mamba_add_rho0.02_wd0.3_tiersNone,1001,0.02,0.3,etop,in,0.10384185526682238,0.7166666666665982,0.0675675675675675,0.0675675675675675,-0.9251394444620282,0.9521664714890552,0.027027027027026973,,,,,,,1g
mamba,mamba_add_rho0.02_wd0.3_tiersNone,1001,0.02,0.3,lowpass,in,41.990686845188215,51.38000000005022,0.1261261261261261,0.0675675675675675,,,,,,,,,,1g
mamba,mamba_add_rho0.02_wd0.3_tiersNone,1001,0.02,0.3,neurons,units,,0.22649572649538585,0.4189189189189189,0.4189189189189189,,,,0.14243136930282219,-0.011800738672191557,0.13063063063063063,0.3402692396026328,-0.011440410773803977,0.3288288288288288,1g
mamba,mamba_add_rho0.02_wd0.3_tiersNone,1001,0.02,0.3,randk,in,,,0.1711711711711711,0.1711711711711711,,,,,,,,,,1g
mamba,mamba_add_rho0.02_wd0.3_tiersNone,1001,0.02,0.3,randunits,units,,,0.08858858858858858,0.08858858858858858,,,,0.006007088071766716,0.012010929946251267,0.018018018018017983,-0.041736493722801415,0.058253010239317914,0.016516516516516495,1g
mamba,mamba_add_rho0.02_wd0.3_tiersNone,1001,0.02,0.3,residual,in,,,0.1711711711711711,0.1711711711711711,,,,,,,,,,1g
mamba,mamba_add_rho0.02_wd0.3_tiersNone,1001,0.02,0.3,topk,in,0.8036663315138473,0.8749999999998599,0.0675675675675675,0.0675675675675675,,,,,,,,,,1g
mamba,mamba_add_rho0.02_wd0.3_tiersNone,1002,0.02,0.3,ebottom,in,0.8416974809336188,0.2277777777776636,0.9954954954954957,0.9954954954954957,0.8307168983234203,-0.042428610035131986,0.7882882882882883,,,,,,,1g
mamba,mamba_add_rho0.02_wd0.3_tiersNone,1002,0.02,0.3,erand,in,0.44919946068916844,0.2567796610166287,0.23873873873873871,0.1456456456456456,0.034832102618788476,0.6363390685523828,0.6711711711711712,,,,,,,1g
mamba,mamba_add_rho0.02_wd0.3_tiersNone,1002,0.02,0.3,etop,in,0.10447994234925542,0.6562499999996096,0.1261261261261261,0.1261261261261261,-0.8891934904005889,0.952256553463652,0.06306306306306309,,,,,,,1g
mamba,mamba_add_rho0.02_wd0.3_tiersNone,1002,0.02,0.3,lowpass,in,26.321967579671053,58.5762711864697,0.4459459459459459,0.1261261261261261,,,,,,,,,,1g
mamba,mamba_add_rho0.02_wd0.3_tiersNone,1002,0.02,0.3,neurons,units,,0.12592592592571578,0.6171171171171171,0.6171171171171171,,,,0.11207130921571062,-0.008467705612106968,0.10360360360360366,0.42081023461079314,-0.006395820196378743,0.4144144144144144,1g
mamba,mamba_add_rho0.02_wd0.3_tiersNone,1002,0.02,0.3,randk,in,,,0.2162162162162162,0.2162162162162162,,,,,,,,,,1g
mamba,mamba_add_rho0.02_wd0.3_tiersNone,1002,0.02,0.3,randunits,units,,,0.1306306306306306,0.1306306306306306,,,,-0.015254557322839571,0.007747049815332067,-0.007507507507507505,-0.04569969483040389,0.06672071585142487,0.02102102102102099,1g
mamba,mamba_add_rho0.02_wd0.3_tiersNone,1002,0.02,0.3,residual,in,,,0.2162162162162162,0.2162162162162162,,,,,,,,,,1g
mamba,mamba_add_rho0.02_wd0.3_tiersNone,1002,0.02,0.3,topk,in,0.8042257048804061,0.8625730994150586,0.1261261261261261,0.1261261261261261,,,,,,,,,,1g
mamba,mamba_add_rho0.05_wd0.1_tiersNone,1000,0.05,0.1,ebottom,in,0.7660837407545777,0.1876506024093455,0.9981981981981982,0.9981981981981982,0.9423384469056032,-0.04323934780650396,0.8990990990990992,,,,,,,1g
mamba,mamba_add_rho0.05_wd0.1_tiersNone,1000,0.05,0.1,erand,in,0.48353154084654504,0.24502074688765577,0.22222222222222218,0.13093093093093086,0.26505698564071695,0.46587394529021414,0.730930930930931,,,,,,,1g
mamba,mamba_add_rho0.05_wd0.1_tiersNone,1000,0.05,0.1,etop,in,0.11283593550034746,0.7059523809523547,0.0666666666666666,0.0666666666666666,-0.8591935959020004,0.9510854877938925,0.09189189189189206,,,,,,,1g
mamba,mamba_add_rho0.05_wd0.1_tiersNone,1000,0.05,0.1,lowpass,in,42.465483234724104,55.51562500003206,0.1585585585585585,0.0666666666666666,,,,,,,,,,1g
mamba,mamba_add_rho0.05_wd0.1_tiersNone,1000,0.05,0.1,neurons,units,,,0.2396396396396396,0.2396396396396396,,,,0.1325211347731844,-0.015404017656067137,0.11711711711711725,0.24008842641398298,-0.01846680479236118,0.2216216216216218,1g
mamba,mamba_add_rho0.05_wd0.1_tiersNone,1000,0.05,0.1,randk,in,,,0.1837837837837838,0.1837837837837838,,,,,,,,,,1g
mamba,mamba_add_rho0.05_wd0.1_tiersNone,1000,0.05,0.1,randunits,units,,,0.09009009009009002,0.0744744744744744,,,,-0.006124925033131372,0.01333213224033869,0.007207207207207318,-0.009635092258279188,0.050475933099120164,0.040840840840840976,1g
mamba,mamba_add_rho0.05_wd0.1_tiersNone,1000,0.05,0.1,residual,in,,,0.1837837837837838,0.1837837837837838,,,,,,,,,,1g
mamba,mamba_add_rho0.05_wd0.1_tiersNone,1000,0.05,0.1,topk,in,0.7875737119800719,0.878267973856054,0.0666666666666666,0.0666666666666666,,,,,,,,,,1g
mamba,mamba_add_rho0.05_wd0.1_tiersNone,1001,0.05,0.1,ebottom,in,0.7916168176378369,0.25236966824630774,0.9693693693693692,0.9693693693693692,1.006122003455577,-0.045761643095216464,0.9603603603603604,,,,,,,1g
mamba,mamba_add_rho0.05_wd0.1_tiersNone,1001,0.05,0.1,erand,in,0.6015811117413424,0.3551104972373156,0.2366366366366366,0.042042042042042004,0.39087461481840363,0.37489115094736225,0.7657657657657658,,,,,,,1g
mamba,mamba_add_rho0.05_wd0.1_tiersNone,1001,0.05,0.1,etop,in,0.14652103559858615,0.7420245398771576,0.0126126126126126,0.0108108108108108,-0.8720767790581324,0.947752454733808,0.07567567567567557,,,,,,,1g
mamba,mamba_add_rho0.05_wd0.1_tiersNone,1001,0.05,0.1,lowpass,in,42.94450261781084,46.49275362319245,0.1063063063063063,0.0108108108108108,,,,,,,,,,1g
mamba,mamba_add_rho0.05_wd0.1_tiersNone,1001,0.05,0.1,neurons,units,,,0.2882882882882883,0.2882882882882883,,,,0.09864674150774488,-0.02116926403026742,0.07747747747747746,0.3233306633360681,-0.02963696964237439,0.2936936936936937,1g
mamba,mamba_add_rho0.05_wd0.1_tiersNone,1001,0.05,0.1,randk,in,,,0.072072072072072,0.072072072072072,,,,,,,,,,1g
mamba,mamba_add_rho0.05_wd0.1_tiersNone,1001,0.05,0.1,randunits,units,,,0.0366366366366366,0.0228228228228228,,,,-0.0028521089326423907,0.008257514338047778,0.0054054054054053875,-0.022398166114948565,0.04702279073957316,0.024624624624624596,1g
mamba,mamba_add_rho0.05_wd0.1_tiersNone,1001,0.05,0.1,residual,in,,,0.072072072072072,0.072072072072072,,,,,,,,,,1g
mamba,mamba_add_rho0.05_wd0.1_tiersNone,1001,0.05,0.1,topk,in,0.8035560499496779,0.8864795918365801,0.0108108108108108,0.0108108108108108,,,,,,,,,,1g
mamba,mamba_add_rho0.05_wd0.1_tiersNone,1002,0.05,0.1,ebottom,in,0.824342105263118,0.27547770700610263,0.945945945945946,0.945945945945946,0.9540500774623828,-0.04414016755247274,0.90990990990991,,,,,,,1g
mamba,mamba_add_rho0.05_wd0.1_tiersNone,1002,0.05,0.1,erand,in,0.4157925138630948,0.346851851851563,0.09969969969969966,0.0498498498498498,0.17266339395877303,0.5636729423775635,0.7363363363363365,,,,,,,1g
mamba,mamba_add_rho0.05_wd0.1_tiersNone,1002,0.05,0.1,etop,in,0.1411922089040117,0.7003289473684198,0.0144144144144144,0.0108108108108108,-0.7904548815097413,0.9508152418701017,0.1603603603603604,,,,,,,1g
mamba,mamba_add_rho0.05_wd0.1_tiersNone,1002,0.05,0.1,lowpass,in,58.152665296769726,48.70909090914195,0.0162162162162162,0.0108108108108108,,,,,,,,,,1g
mamba,mamba_add_rho0.05_wd0.1_tiersNone,1002,0.05,0.1,neurons,units,,0.30200945626424264,0.4072072072072072,0.4072072072072072,,,,0.06684585675667609,-0.01099000090082003,0.05585585585585606,0.2881970701446426,-0.012521394468966829,0.27567567567567575,1g
mamba,mamba_add_rho0.05_wd0.1_tiersNone,1002,0.05,0.1,randk,in,,,0.0702702702702702,0.0702702702702702,,,,,,,,,,1g
mamba,mamba_add_rho0.05_wd0.1_tiersNone,1002,0.05,0.1,randunits,units,,,0.038438438438438395,0.023423423423423396,,,,0.0013523116847143541,0.010659700327297683,0.012012012012012038,-0.03170679913315696,0.0545296219559798,0.022822822822822848,1g
mamba,mamba_add_rho0.05_wd0.1_tiersNone,1002,0.05,0.1,residual,in,,,0.0702702702702702,0.0702702702702702,,,,,,,,,,1g
mamba,mamba_add_rho0.05_wd0.1_tiersNone,1002,0.05,0.1,topk,in,0.8117960164834223,0.8777610441765644,0.0108108108108108,0.0108108108108108,,,,,,,,,,1g
mamba,mamba_add_rho0.05_wd0.3_tiersNone,1000,0.05,0.3,ebottom,in,0.8238984601310771,0.18825301204789774,0.9945945945945946,0.9945945945945946,0.9424283665703358,-0.04513106927303845,0.8972972972972973,,,,,,,1g
mamba,mamba_add_rho0.05_wd0.3_tiersNone,1000,0.05,0.3,erand,in,0.47244817839158093,0.22780612244874343,0.23783783783783785,0.1381381381381381,0.22424990525161695,0.5072816262799147,0.7315315315315316,,,,,,,1g
mamba,mamba_add_rho0.05_wd0.3_tiersNone,1000,0.05,0.3,etop,in,0.12331367924522199,0.6967592592587619,0.072072072072072,0.072072072072072,-0.8281127177082495,0.9488334384289703,0.12072072072072082,,,,,,,1g
mamba,mamba_add_rho0.05_wd0.3_tiersNone,1000,0.05,0.3,lowpass,in,42.587820638351296,56.880813953516,0.1891891891891892,0.072072072072072,,,,,,,,,,1g
mamba,mamba_add_rho0.05_wd0.3_tiersNone,1000,0.05,0.3,neurons,units,,,0.2234234234234234,0.2234234234234234,,,,0.08477379280009689,-0.010899918926222996,0.0738738738738739,0.20207123617627187,-0.009278443383479051,0.19279279279279282,1g
mamba,mamba_add_rho0.05_wd0.3_tiersNone,1000,0.05,0.3,randk,in,,,0.1729729729729729,0.1729729729729729,,,,,,,,,,1g
mamba,mamba_add_rho0.05_wd0.3_tiersNone,1000,0.05,0.3,randunits,units,,,0.08468468468468464,0.0738738738738738,,,,0.007147801796932603,0.007266612617481849,0.014414414414414453,-0.017503495748698805,0.044530522775725855,0.027027027027027046,1g
mamba,mamba_add_rho0.05_wd0.3_tiersNone,1000,0.05,0.3,residual,in,,,0.1729729729729729,0.1729729729729729,,,,,,,,,,1g
mamba,mamba_add_rho0.05_wd0.3_tiersNone,1000,0.05,0.3,topk,in,0.7840712488203243,0.8778526970952885,0.072072072072072,0.072072072072072,,,,,,,,,,1g
mamba,mamba_add_rho0.05_wd0.3_tiersNone,1001,0.05,0.3,ebottom,in,0.8146236012207253,0.2667664670656464,0.963963963963964,0.963963963963964,0.9708069478360444,-0.04287901990811638,0.927927927927928,,,,,,,1g
mamba,mamba_add_rho0.05_wd0.3_tiersNone,1001,0.05,0.3,erand,in,0.4714130850653771,0.38817934782568797,0.1327327327327327,0.0534534534534534,0.1689660834602732,0.5235264090322195,0.6924924924924927,,,,,,,1g
mamba,mamba_add_rho0.05_wd0.3_tiersNone,1001,0.05,0.3,etop,in,0.1647529858847126,0.7336601307188322,0.0144144144144144,0.0144144144144144,-0.8209955924756394,0.9489235204035673,0.12792792792792795,,,,,,,1g
mamba,mamba_add_rho0.05_wd0.3_tiersNone,1001,0.05,0.3,lowpass,in,46.184505885579014,44.87128712872146,0.063063063063063,0.0144144144144144,,,,,,,,,,1g
mamba,mamba_add_rho0.05_wd0.3_tiersNone,1001,0.05,0.3,neurons,units,,,0.2756756756756757,0.2756756756756757,,,,0.07396249505969343,-0.01630483740203581,0.057657657657657624,0.2655837352531343,-0.020538690208089183,0.2450450450450451,1g
mamba,mamba_add_rho0.05_wd0.3_tiersNone,1001,0.05,0.3,randk,in,,,0.04684684684684679,0.04684684684684679,,,,,,,,,,1g
mamba,mamba_add_rho0.05_wd0.3_tiersNone,1001,0.05,0.3,randunits,units,,,0.0324324324324324,0.019219219219219198,,,,-0.012401285169504376,0.012401285169504376,0.0,-0.02870487819591505,0.04251869200972891,0.013813813813813858,1g
mamba,mamba_add_rho0.05_wd0.3_tiersNone,1001,0.05,0.3,residual,in,,,0.0468468468468468,0.0468468468468468,,,,,,,,,,1g
mamba,mamba_add_rho0.05_wd0.3_tiersNone,1001,0.05,0.3,topk,in,0.7958768656715658,0.8858366935482351,0.0144144144144144,0.0144144144144144,,,,,,,,,,1g
mamba,mamba_add_rho0.05_wd0.3_tiersNone,1002,0.05,0.3,ebottom,in,0.7613285186428148,0.21774193548380746,0.9927927927927928,0.9927927927927928,0.9827891489363428,-0.04044680659400046,0.9423423423423424,,,,,,,1g
mamba,mamba_add_rho0.05_wd0.3_tiersNone,1002,0.05,0.3,erand,in,0.1601001012257337,0.30531496062988644,0.0336336336336336,0.018018018018018,-0.07151632309726182,0.8354802870612259,0.763963963963964,,,,,,,1g
mamba,mamba_add_rho0.05_wd0.3_tiersNone,1002,0.05,0.3,etop,in,0.08283475783466343,0.7003937007873998,0.018018018018018,0.018018018018018,-0.7715357191260264,0.9535177011080084,0.181981981981982,,,,,,,1g
mamba,mamba_add_rho0.05_wd0.3_tiersNone,1002,0.05,0.3,lowpass,in,60.470798813557344,55.25000000002859,0.054054054054054,0.018018018018018,,,,,,,,,,1g
mamba,mamba_add_rho0.05_wd0.3_tiersNone,1002,0.05,0.3,neurons,units,,0.2368686868684507,0.4018018018018018,0.4018018018018018,,,,0.10549427005602119,-0.013602378164129236,0.09189189189189195,0.3671153722860776,-0.019367624538329853,0.34774774774774775,1g
mamba,mamba_add_rho0.05_wd0.3_tiersNone,1002,0.05,0.3,randk,in,,,0.09009009009009,0.09009009009009,,,,,,,,,,1g
mamba,mamba_add_rho0.05_wd0.3_tiersNone,1002,0.05,0.3,randunits,units,,,0.037837837837837805,0.0246246246246246,,,,-0.0064259557278204165,0.005224754526619228,-0.001201201201201189,0.0032464136959228598,0.035192024742515704,0.03843843843843856,1g
mamba,mamba_add_rho0.05_wd0.3_tiersNone,1002,0.05,0.3,residual,in,,,0.09009009009009,0.09009009009009,,,,,,,,,,1g
mamba,mamba_add_rho0.05_wd0.3_tiersNone,1002,0.05,0.3,topk,in,0.8181260771575294,0.8817771084335881,0.018018018018018,0.018018018018018,,,,,,,,,,1g
mamba,mamba_add_rho0_wd0.1_tiersNone,1000,0.0,0.1,ebottom,in,0.767037811986139,,,,,0.01369246013872627,,,,,,,,1g
mamba,mamba_add_rho0_wd0.1_tiersNone,1000,0.0,0.1,erand,in,0.4880790686386288,,,,,0.5043990030928145,,,,,,,,1g
mamba,mamba_add_rho0_wd0.1_tiersNone,1000,0.0,0.1,etop,in,0.07911557326783471,,,,,0.9863075398612738,,,,,,,,1g
mamba,mamba_add_rho0_wd0.1_tiersNone,1000,0.0,0.1,lowpass,in,60.29262851601864,,,,,,,,,,,,,1g
mamba,mamba_add_rho0_wd0.1_tiersNone,1000,0.0,0.1,randk,in,,,,,,,,,,,,,,1g
mamba,mamba_add_rho0_wd0.1_tiersNone,1000,0.0,0.1,residual,in,,,,,,,,,,,,,,1g
mamba,mamba_add_rho0_wd0.1_tiersNone,1000,0.0,0.1,topk,in,0.8392103411887689,,,,,,,,,,,,,1g
mamba,mamba_add_rho0_wd0.1_tiersNone,1001,0.0,0.1,ebottom,in,0.8325332795481564,,,,,-0.03071795333753702,,,,,,,,1g
mamba,mamba_add_rho0_wd0.1_tiersNone,1001,0.0,0.1,erand,in,0.375792663972253,,,,,0.5428339789208181,,,,,,,,1g
mamba,mamba_add_rho0_wd0.1_tiersNone,1001,0.0,0.1,etop,in,0.08162335143508492,,,,,0.9640572921358439,,,,,,,,1g
mamba,mamba_add_rho0_wd0.1_tiersNone,1001,0.0,0.1,lowpass,in,46.775527249950635,,,,,,,,,,,,,1g
mamba,mamba_add_rho0_wd0.1_tiersNone,1001,0.0,0.1,randk,in,,,,,,,,,,,,,,1g
mamba,mamba_add_rho0_wd0.1_tiersNone,1001,0.0,0.1,residual,in,,,,,,,,,,,,,,1g
mamba,mamba_add_rho0_wd0.1_tiersNone,1001,0.0,0.1,topk,in,0.8140289480836218,,,,,,,,,,,,,1g
mamba,mamba_add_rho0_wd0.1_tiersNone,1002,0.0,0.1,ebottom,in,0.7948992994741447,,,,,-0.041617872263760014,,,,,,,,1g
mamba,mamba_add_rho0_wd0.1_tiersNone,1002,0.0,0.1,erand,in,0.5038739588244336,,,,,0.4459358015794372,,,,,,,,1g
mamba,mamba_add_rho0_wd0.1_tiersNone,1002,0.0,0.1,etop,in,0.11798628428923533,,,,,0.9499144221241329,,,,,,,,1g
mamba,mamba_add_rho0_wd0.1_tiersNone,1002,0.0,0.1,lowpass,in,38.13974163079726,,,,,,,,,,,,,1g
mamba,mamba_add_rho0_wd0.1_tiersNone,1002,0.0,0.1,randk,in,,,,,,,,,,,,,,1g
mamba,mamba_add_rho0_wd0.1_tiersNone,1002,0.0,0.1,residual,in,,,,,,,,,,,,,,1g
mamba,mamba_add_rho0_wd0.1_tiersNone,1002,0.0,0.1,topk,in,0.7995869279133572,,,,,,,,,,,,,1g
mamba,mamba_add_rho0_wd0.3_tiersNone,1000,0.0,0.3,ebottom,in,0.7622761107233437,,,,,-0.03918565894964399,,,,,,,,1g
mamba,mamba_add_rho0_wd0.3_tiersNone,1000,0.0,0.3,erand,in,0.5352211097202393,,,,,0.40281656307239594,,,,,,,,1g
mamba,mamba_add_rho0_wd0.3_tiersNone,1000,0.0,0.3,etop,in,0.08266173548236641,,,,,0.9510854877938926,,,,,,,,1g
mamba,mamba_add_rho0_wd0.3_tiersNone,1000,0.0,0.3,lowpass,in,58.28607442979285,,,,,,,,,,,,,1g
mamba,mamba_add_rho0_wd0.3_tiersNone,1000,0.0,0.3,randk,in,,,,,,,,,,,,,,1g
mamba,mamba_add_rho0_wd0.3_tiersNone,1000,0.0,0.3,residual,in,,,,,,,,,,,,,,1g
mamba,mamba_add_rho0_wd0.3_tiersNone,1000,0.0,0.3,topk,in,0.8240497824416659,,,,,,,,,,,,,1g
mamba,mamba_add_rho0_wd0.3_tiersNone,1001,0.0,0.3,ebottom,in,0.7759498107387014,,,,,-0.01918746058913612,,,,,,,,1g
mamba,mamba_add_rho0_wd0.3_tiersNone,1001,0.0,0.3,erand,in,0.37837215888956954,,,,,0.5752634897756959,,,,,,,,1g
mamba,mamba_add_rho0_wd0.3_tiersNone,1001,0.0,0.3,etop,in,0.055681818181797856,,,,,0.9777497522745698,,,,,,,,1g
mamba,mamba_add_rho0_wd0.3_tiersNone,1001,0.0,0.3,lowpass,in,41.93206381884552,,,,,,,,,,,,,1g
mamba,mamba_add_rho0_wd0.3_tiersNone,1001,0.0,0.3,randk,in,,,,,,,,,,,,,,1g
mamba,mamba_add_rho0_wd0.3_tiersNone,1001,0.0,0.3,residual,in,,,,,,,,,,,,,,1g
mamba,mamba_add_rho0_wd0.3_tiersNone,1001,0.0,0.3,topk,in,0.8347265813615474,,,,,,,,,,,,,1g
mamba,mamba_add_rho0_wd0.3_tiersNone,1002,0.0,0.3,ebottom,in,0.7709826459317585,,,,,-0.04414016755247274,,,,,,,,1g
mamba,mamba_add_rho0_wd0.3_tiersNone,1002,0.0,0.3,erand,in,0.5272396056575623,,,,,0.434255172206708,,,,,,,,1g
mamba,mamba_add_rho0_wd0.3_tiersNone,1002,0.0,0.3,etop,in,0.11799904829878663,,,,,0.9484731105305828,,,,,,,,1g
mamba,mamba_add_rho0_wd0.3_tiersNone,1002,0.0,0.3,lowpass,in,41.0067035164151,,,,,,,,,,,,,1g
mamba,mamba_add_rho0_wd0.3_tiersNone,1002,0.0,0.3,randk,in,,,,,,,,,,,,,,1g
mamba,mamba_add_rho0_wd0.3_tiersNone,1002,0.0,0.3,residual,in,,,,,,,,,,,,,,1g
mamba,mamba_add_rho0_wd0.3_tiersNone,1002,0.0,0.3,topk,in,0.7975776627218154,,,,,,,,,,,,,1g
transformer,transformer_add_rho0.02_wd0.1_tiersNone,1000,0.02,0.1,ebottom,in,0.6769222577207978,,0.8603603603603603,0.8603603603603603,0.23693953389476308,0.02882623187100264,0.2657657657657657,,,,,,,1g
transformer,transformer_add_rho0.02_wd0.1_tiersNone,1000,0.02,0.1,erand,in,0.3072015896943621,,0.6621621621621622,0.6621621621621622,-0.5699886897076339,0.7922109119298563,0.22222222222222218,,,,,,,1g
transformer,transformer_add_rho0.02_wd0.1_tiersNone,1000,0.02,0.1,etop,in,0.13476584808669734,,0.6621621621621622,0.6621621621621622,-0.7656829877350552,0.9188361408882083,0.15315315315315312,,,,,,,1g
transformer,transformer_add_rho0.02_wd0.1_tiersNone,1000,0.02,0.1,lowpass,in,31.829689298044453,,0.6621621621621622,0.6621621621621622,,,,,,,,,,1g
transformer,transformer_add_rho0.02_wd0.1_tiersNone,1000,0.02,0.1,neurons,units,,,0.8333333333333334,0.8333333333333334,,,,0.0354955441884546,0.0005404918475814258,0.03603603603603603,0.13531570485898922,0.004323934780650407,0.13963963963963963,1g
transformer,transformer_add_rho0.02_wd0.1_tiersNone,1000,0.02,0.1,randk,in,,,0.7297297297297297,0.7297297297297297,,,,,,,,,,1g
transformer,transformer_add_rho0.02_wd0.1_tiersNone,1000,0.02,0.1,randunits,units,,,0.6636636636636637,0.6636636636636637,,,,-0.0040233910155539525,0.00702639401855687,0.0030030030030029167,-0.02681345429746479,0.03732396480797521,0.010510510510510421,1g
transformer,transformer_add_rho0.02_wd0.1_tiersNone,1000,0.02,0.1,residual,in,,,0.7297297297297297,0.7297297297297297,,,,,,,,,,1g
transformer,transformer_add_rho0.02_wd0.1_tiersNone,1000,0.02,0.1,topk,in,0.8058461428977199,,0.6621621621621622,0.6621621621621622,,,,,,,,,,1g
transformer,transformer_add_rho0.02_wd0.1_tiersNone,1001,0.02,0.1,ebottom,in,0.677587672688446,,0.90990990990991,0.90990990990991,0.32729784103534215,0.006035492297991163,0.3333333333333333,,,,,,,1g
transformer,transformer_add_rho0.02_wd0.1_tiersNone,1001,0.02,0.1,erand,in,0.3357080266384176,,0.6096096096096096,0.6096096096096096,-0.32736249446455745,0.6096447767468397,0.28228228228228225,,,,,,,1g
transformer,transformer_add_rho0.02_wd0.1_tiersNone,1001,0.02,0.1,etop,in,0.13781438631780188,,0.581081081081081,0.581081081081081,-0.7883860799814317,0.9145122061075579,0.12612612612612611,,,,,,,1g
transformer,transformer_add_rho0.02_wd0.1_tiersNone,1001,0.02,0.1,lowpass,in,39.55202212239675,,0.581081081081081,0.581081081081081,,,,,,,,,,1g
transformer,transformer_add_rho0.02_wd0.1_tiersNone,1001,0.02,0.1,neurons,units,,,0.8108108108108109,0.8108108108108109,,,,0.056756919066620726,0.0018016394919377898,0.058558558558558516,0.16585633466995497,0.005314836501216225,0.1711711711711712,1g
transformer,transformer_add_rho0.02_wd0.1_tiersNone,1001,0.02,0.1,randk,in,,,0.7072072072072072,0.7072072072072072,,,,,,,,,,1g
transformer,transformer_add_rho0.02_wd0.1_tiersNone,1001,0.02,0.1,randunits,units,,,0.6006006006006006,0.6006006006006006,,,,0.010240670361380174,0.004774344653634836,0.01501501501501501,0.0011743118670422548,0.03486172416899377,0.03603603603603602,1g
transformer,transformer_add_rho0.02_wd0.1_tiersNone,1001,0.02,0.1,residual,in,,,0.7072072072072072,0.7072072072072072,,,,,,,,,,1g
transformer,transformer_add_rho0.02_wd0.1_tiersNone,1001,0.02,0.1,topk,in,0.8181803060544568,,0.581081081081081,0.581081081081081,,,,,,,,,,1g
transformer,transformer_add_rho0.02_wd0.1_tiersNone,1002,0.02,0.1,ebottom,in,0.7091950861752654,,0.9504504504504504,0.9504504504504504,0.04450577052144465,0.01405278803711385,0.0585585585585585,,,,,,,1g
transformer,transformer_add_rho0.02_wd0.1_tiersNone,1002,0.02,0.1,erand,in,0.4902555910534401,,0.8813813813813814,0.8813813813813814,-0.43016739827837935,0.4752124433234243,0.045045045045045,,,,,,,1g
transformer,transformer_add_rho0.02_wd0.1_tiersNone,1002,0.02,0.1,etop,in,0.12929701230217042,,0.8603603603603603,0.8603603603603603,-0.9437892536262052,0.9392847491217008,-0.0045045045045045,,,,,,,1g
transformer,transformer_add_rho0.02_wd0.1_tiersNone,1002,0.02,0.1,lowpass,in,53.634253640810996,,0.8603603603603603,0.8603603603603603,,,,,,,,,,1g
transformer,transformer_add_rho0.02_wd0.1_tiersNone,1002,0.02,0.1,neurons,units,,,0.9324324324324323,0.9324324324324323,,,,0.019729575535358757,-0.001711557517340756,0.018018018018018,0.027658006623865708,0.003873524907665793,0.0315315315315315,1g
transformer,transformer_add_rho0.02_wd0.1_tiersNone,1002,0.02,0.1,randk,in,,,0.9144144144144143,0.9144144144144143,,,,,,,,,,1g
transformer,transformer_add_rho0.02_wd0.1_tiersNone,1002,0.02,0.1,randunits,units,,,0.8633633633633634,0.8633633633633634,,,,-0.009278984416359418,0.0032729784103534185,-0.006006006006006,-0.05155826937648388,0.03654325436146888,-0.015015015015015001,1g
transformer,transformer_add_rho0.02_wd0.1_tiersNone,1002,0.02,0.1,residual,in,,,0.9144144144144144,0.9144144144144144,,,,,,,,,,1g
transformer,transformer_add_rho0.02_wd0.1_tiersNone,1002,0.02,0.1,topk,in,0.8102096976451625,,0.8603603603603603,0.8603603603603603,,,,,,,,,,1g
transformer,transformer_add_rho0.02_wd0.3_tiersNone,1000,0.02,0.3,ebottom,in,0.688013698629889,,0.963963963963964,0.963963963963964,0.13711856167490794,0.016034591478245153,0.1531531531531531,,,,,,,1g
transformer,transformer_add_rho0.02_wd0.3_tiersNone,1000,0.02,0.3,erand,in,0.3246230184301044,,0.8018018018018017,0.8018018018018017,-0.6254288700014311,0.7395429841155451,0.11411411411411408,,,,,,,1g
transformer,transformer_add_rho0.02_wd0.3_tiersNone,1000,0.02,0.3,etop,in,0.16165395614838685,,0.8018018018018018,0.8018018018018018,-0.8776629976521878,0.9407260607152509,0.06306306306306309,,,,,,,1g
transformer,transformer_add_rho0.02_wd0.3_tiersNone,1000,0.02,0.3,lowpass,in,27.38980667840112,,0.8018018018018018,0.8018018018018018,,,,,,,,,,1g
transformer,transformer_add_rho0.02_wd0.3_tiersNone,1000,0.02,0.3,neurons,units,,,0.8828828828828829,0.8828828828828829,,,,0.026486535179445797,0.0005404918475812037,0.027027027027027,0.074595584684766,0.010990000900819585,0.08558558558558559,1g
transformer,transformer_add_rho0.02_wd0.3_tiersNone,1000,0.02,0.3,randk,in,,,0.8828828828828829,0.8828828828828829,,,,,,,,,,1g
transformer,transformer_add_rho0.02_wd0.3_tiersNone,1000,0.02,0.3,randunits,units,,,0.8078078078078078,0.8078078078078078,,,,-0.004954508602828506,0.004954508602828496,-9.25185853854297e-18,-0.030567681454988848,0.03206918295649034,0.0015015015015014954,1g
transformer,transformer_add_rho0.02_wd0.3_tiersNone,1000,0.02,0.3,residual,in,,,0.8828828828828829,0.8828828828828829,,,,,,,,,,1g
transformer,transformer_add_rho0.02_wd0.3_tiersNone,1000,0.02,0.3,topk,in,0.8178257100945789,,0.8018018018018018,0.8018018018018018,,,,,,,,,,1g
transformer,transformer_add_rho0.02_wd0.3_tiersNone,1001,0.02,0.3,ebottom,in,0.6889152007214734,,0.927927927927928,0.927927927927928,0.23297389813919844,0.010269345104044758,0.2432432432432432,,,,,,,1g
transformer,transformer_add_rho0.02_wd0.3_tiersNone,1001,0.02,0.3,erand,in,0.35847715119081824,,0.7132132132132133,0.7132132132132133,-0.3927985277413258,0.603008737951536,0.21021021021021016,,,,,,,1g
transformer,transformer_add_rho0.02_wd0.3_tiersNone,1001,0.02,0.3,etop,in,0.13149217809859215,,0.6891891891891891,0.6891891891891891,-0.7901865021493886,0.9298261417890281,0.1396396396396396,,,,,,,1g
transformer,transformer_add_rho0.02_wd0.3_tiersNone,1001,0.02,0.3,lowpass,in,40.5987765383527,,0.6891891891891891,0.6891891891891891,,,,,,,,,,1g
transformer,transformer_add_rho0.02_wd0.3_tiersNone,1001,0.02,0.3,neurons,units,,,0.8333333333333334,0.8333333333333334,,,,0.048378483879789824,0.0011710656697596633,0.04954954954954949,0.14477512374098256,0.003873524907666015,0.14864864864864857,1g
transformer,transformer_add_rho0.02_wd0.3_tiersNone,1001,0.02,0.3,randk,in,,,0.7927927927927928,0.7927927927927928,,,,,,,,,,1g
transformer,transformer_add_rho0.02_wd0.3_tiersNone,1001,0.02,0.3,randunits,units,,,0.6936936936936937,0.6936936936936937,,,,-0.007266612617481849,0.007266612617481849,0.0,-0.022850117931642166,0.03035762543914966,0.007507507507507495,1g
transformer,transformer_add_rho0.02_wd0.3_tiersNone,1001,0.02,0.3,residual,in,,,0.7927927927927928,0.7927927927927928,,,,,,,,,,1g
transformer,transformer_add_rho0.02_wd0.3_tiersNone,1001,0.02,0.3,topk,in,0.8248174013325436,,0.6891891891891891,0.6891891891891891,,,,,,,,,,1g
transformer,transformer_add_rho0.02_wd0.3_tiersNone,1002,0.02,0.3,ebottom,in,0.6554611242005022,,0.963963963963964,0.963963963963964,0.0047779966255779155,0.035762543914962586,0.0405405405405405,,,,,,,1g
transformer,transformer_add_rho0.02_wd0.3_tiersNone,1002,0.02,0.3,erand,in,0.518591197822001,,0.9189189189189189,0.9189189189189189,-0.43131019498013456,0.45683572050566007,0.025525525525525502,,,,,,,1g
transformer,transformer_add_rho0.02_wd0.3_tiersNone,1002,0.02,0.3,etop,in,0.1384526938237757,,0.8918918918918919,0.8918918918918919,-0.966851050672328,0.9533375371588145,-0.0135135135135135,,,,,,,1g
transformer,transformer_add_rho0.02_wd0.3_tiersNone,1002,0.02,0.3,lowpass,in,52.690844962465356,,0.8918918918918919,0.8918918918918919,,,,,,,,,,1g
transformer,transformer_add_rho0.02_wd0.3_tiersNone,1002,0.02,0.3,neurons,units,,,0.9594594594594594,0.9594594594594594,,,,0.014054005361094704,-0.0005404918475812037,0.0135135135135135,0.028648908344431304,0.0028826231871001973,0.0315315315315315,1g
transformer,transformer_add_rho0.02_wd0.3_tiersNone,1002,0.02,0.3,randk,in,,,0.9369369369369368,0.9369369369369368,,,,,,,,,,1g
transformer,transformer_add_rho0.02_wd0.3_tiersNone,1002,0.02,0.3,randunits,units,,,0.8963963963963963,0.8963963963963963,,,,-0.007957646864051615,0.003453142359547116,-0.0045045045045045,-0.032010480888960184,0.01699546587394518,-0.015015015015015001,1g
transformer,transformer_add_rho0.02_wd0.3_tiersNone,1002,0.02,0.3,residual,in,,,0.9369369369369368,0.9369369369369368,,,,,,,,,,1g
transformer,transformer_add_rho0.02_wd0.3_tiersNone,1002,0.02,0.3,topk,in,0.8323682598038096,,0.8918918918918919,0.8918918918918919,,,,,,,,,,1g
transformer,transformer_add_rho0.05_wd0.1_tiersNone,1000,0.05,0.1,ebottom,in,0.5851880703314165,0.19801587301544127,0.7873873873873873,0.7873873873873873,0.6928923698944418,0.10530582830375645,0.7981981981981983,,,,,,,1g
transformer,transformer_add_rho0.05_wd0.1_tiersNone,1000,0.05,0.1,erand,in,0.41131460674148834,0.20851528384273285,0.27147147147147144,0.2342342342342342,0.1353064802483774,0.5685974236555266,0.703903903903904,,,,,,,1g
transformer,transformer_add_rho0.05_wd0.1_tiersNone,1000,0.05,0.1,etop,in,0.17613588995379525,0.22569444444424638,0.1603603603603603,0.1585585585585585,-0.3210010298560879,0.8885685974236556,0.5675675675675677,,,,,,,1g
transformer,transformer_add_rho0.05_wd0.1_tiersNone,1000,0.05,0.1,lowpass,in,43.50169875425631,58.10616438359185,0.2198198198198198,0.1585585585585585,,,,,,,,,,1g
transformer,transformer_add_rho0.05_wd0.1_tiersNone,1000,0.05,0.1,neurons,units,,0.30277777777693843,0.4558558558558558,0.4558558558558558,,,,0.056035695185321366,-0.003783442933069092,0.052252252252252274,0.19459410766500207,-0.005404918475812814,0.18918918918918926,1g
transformer,transformer_add_rho0.05_wd0.1_tiersNone,1000,0.05,0.1,randk,in,,,0.2468468468468468,0.2468468468468468,,,,,,,,,,1g
transformer,transformer_add_rho0.05_wd0.1_tiersNone,1000,0.05,0.1,randunits,units,,,0.18738738738738736,0.17177177177177172,,,,0.002252428087938463,0.0019517761162658094,0.004204204204204272,0.004145826756402404,0.01867699606642048,0.022822822822822886,1g
transformer,transformer_add_rho0.05_wd0.1_tiersNone,1000,0.05,0.1,residual,in,,,0.2468468468468468,0.2468468468468468,,,,,,,,,,1g
transformer,transformer_add_rho0.05_wd0.1_tiersNone,1000,0.05,0.1,topk,in,0.7851004551875075,0.8431547619046388,0.1585585585585585,0.1585585585585585,,,,,,,,,,1g
transformer,transformer_add_rho0.05_wd0.1_tiersNone,1001,0.05,0.1,ebottom,in,0.6057549746390699,0.05284090909087323,0.9063063063063064,0.9063063063063064,0.502167729390502,0.06179623457346195,0.563963963963964,,,,,,,1g
transformer,transformer_add_rho0.05_wd0.1_tiersNone,1001,0.05,0.1,erand,in,0.2722193414564674,0.03609374999962438,0.3747747747747748,0.3747747747747748,-0.2632963564411183,0.7437768369215988,0.4804804804804805,,,,,,,1g
transformer,transformer_add_rho0.05_wd0.1_tiersNone,1001,0.05,0.1,etop,in,0.17420500676562117,0.020923913043352026,0.3747747747747748,0.3747747747747748,-0.5400984084706273,0.9076659760381949,0.36756756756756753,,,,,,,1g
transformer,transformer_add_rho0.05_wd0.1_tiersNone,1001,0.05,0.1,lowpass,in,26.890841813149102,69.16425120774244,0.5297297297297298,0.3747747747747748,,,,,,,,,,1g
transformer,transformer_add_rho0.05_wd0.1_tiersNone,1001,0.05,0.1,neurons,units,,0.04861111111099426,0.6756756756756757,0.6756756756756757,,,,0.06225200067196257,-0.0027925412125031635,0.05945945945945941,0.21711654903259242,-0.006305738221781598,0.21081081081081082,1g
transformer,transformer_add_rho0.05_wd0.1_tiersNone,1001,0.05,0.1,randk,in,,0.5597826086942096,0.5045045045045045,0.5045045045045045,,,,,,,,,,1g
transformer,transformer_add_rho0.05_wd0.1_tiersNone,1001,0.05,0.1,randunits,units,,0.29282407407115674,0.3903903903903904,0.3903903903903904,,,,0.001381635666835061,0.0028225685373691003,0.004204204204204161,0.015767645855025252,0.020868990781611307,0.036636636636636556,1g
transformer,transformer_add_rho0.05_wd0.1_tiersNone,1001,0.05,0.1,residual,in,,0.5597826086942096,0.5045045045045045,0.5045045045045045,,,,,,,,,,1g
transformer,transformer_add_rho0.05_wd0.1_tiersNone,1001,0.05,0.1,topk,in,0.8051705756928766,0.8036242603549415,0.3747747747747748,0.3747747747747748,,,,,,,,,,1g
transformer,transformer_add_rho0.05_wd0.1_tiersNone,1002,0.05,0.1,ebottom,in,0.6609899328857437,,0.9153153153153152,0.9153153153153152,0.3435186019277544,0.056481398072245614,0.4,,,,,,,1g
transformer,transformer_add_rho0.05_wd0.1_tiersNone,1002,0.05,0.1,erand,in,0.5080606146840825,,0.5945945945945946,0.5945945945945946,-0.06776810140471057,0.4407410743776836,0.372972972972973,,,,,,,1g
transformer,transformer_add_rho0.05_wd0.1_tiersNone,1002,0.05,0.1,etop,in,0.1070440573770091,,0.527927927927928,0.527927927927928,-0.6764036354163369,0.9196468786595802,0.2432432432432433,,,,,,,1g
transformer,transformer_add_rho0.05_wd0.1_tiersNone,1002,0.05,0.1,lowpass,in,58.12794329651324,,0.527927927927928,0.527927927927928,,,,,,,,,,1g
transformer,transformer_add_rho0.05_wd0.1_tiersNone,1002,0.05,0.1,neurons,units,,,0.7423423423423423,0.7423423423423423,,,,0.03504497200560619,-0.0008107377713719721,0.03423423423423422,0.12603571953180137,-0.003513197009278768,0.1225225225225226,1g
transformer,transformer_add_rho0.05_wd0.1_tiersNone,1002,0.05,0.1,randk,in,,,0.6216216216216216,0.6216216216216216,,,,,,,,,,1g
transformer,transformer_add_rho0.05_wd0.1_tiersNone,1002,0.05,0.1,randunits,units,,,0.5303303303303303,0.5303303303303303,,,,-0.008528030778278331,0.005525027775275341,-0.003003003003002991,-0.039876666144569785,0.03567246194036563,-0.004204204204204161,1g
transformer,transformer_add_rho0.05_wd0.1_tiersNone,1002,0.05,0.1,residual,in,,,0.6216216216216216,0.6216216216216216,,,,,,,,,,1g
transformer,transformer_add_rho0.05_wd0.1_tiersNone,1002,0.05,0.1,topk,in,0.8096059972105074,,0.527927927927928,0.527927927927928,,,,,,,,,,1g
transformer,transformer_add_rho0.05_wd0.3_tiersNone,1000,0.05,0.3,ebottom,in,0.6300331525014065,,0.8990990990990991,0.8990990990990991,0.40135788432338293,0.07251598955049099,0.4738738738738739,,,,,,,1g
transformer,transformer_add_rho0.05_wd0.3_tiersNone,1000,0.05,0.3,erand,in,0.4078785549576845,,0.5471471471471471,0.45045045045045046,-0.21606883885957848,0.6358886586793984,0.4198198198198199,,,,,,,1g
transformer,transformer_add_rho0.05_wd0.3_tiersNone,1000,0.05,0.3,etop,in,0.1554728546408729,,0.4504504504504504,0.4504504504504504,-0.646312685083967,0.9291955679668499,0.2828828828828829,,,,,,,1g
transformer,transformer_add_rho0.05_wd0.3_tiersNone,1000,0.05,0.3,lowpass,in,46.55005452563056,,0.4504504504504504,0.4504504504504504,,,,,,,,,,1g
transformer,transformer_add_rho0.05_wd0.3_tiersNone,1000,0.05,0.3,neurons,units,,,0.7027027027027027,0.7027027027027027,,,,0.05081077834883796,-0.00036032789838746915,0.05045045045045049,0.19216173204102222,-0.004774344653634799,0.18738738738738742,1g
transformer,transformer_add_rho0.05_wd0.3_tiersNone,1000,0.05,0.3,randk,in,,,0.6036036036036037,0.6036036036036037,,,,,,,,,,1g
transformer,transformer_add_rho0.05_wd0.3_tiersNone,1000,0.05,0.3,randunits,units,,,0.45105105105105103,0.45105105105105103,,,,-0.014894472889248056,0.004684262679037876,-0.01021021021021018,-0.031048794943939566,0.025042788937933585,-0.006006006006005982,1g
transformer,transformer_add_rho0.05_wd0.3_tiersNone,1000,0.05,0.3,residual,in,,,0.6036036036036037,0.6036036036036037,,,,,,,,,,1g
transformer,transformer_add_rho0.05_wd0.3_tiersNone,1000,0.05,0.3,topk,in,0.8033811032693947,,0.4504504504504504,0.4504504504504504,,,,,,,,,,1g
transformer,transformer_add_rho0.05_wd0.3_tiersNone,1001,0.05,0.3,ebottom,in,0.6380289139631797,,0.9333333333333332,0.9333333333333332,0.27297905959287816,0.06756148094766234,0.3405405405405405,,,,,,,1g
transformer,transformer_add_rho0.05_wd0.3_tiersNone,1001,0.05,0.3,erand,in,0.2560079051378484,,0.572972972972973,0.572972972972973,-0.470532454804142,0.7564183406900279,0.28588588588588587,,,,,,,1g
transformer,transformer_add_rho0.05_wd0.3_tiersNone,1001,0.05,0.3,etop,in,0.1487626180395502,,0.572972972972973,0.572972972972973,-0.715592702873128,0.9209981082785335,0.20540540540540542,,,,,,,1g
transformer,transformer_add_rho0.05_wd0.3_tiersNone,1001,0.05,0.3,lowpass,in,27.501516683531328,,0.572972972972973,0.572972972972973,,,,,,,,,,1g
transformer,transformer_add_rho0.05_wd0.3_tiersNone,1001,0.05,0.3,neurons,units,,,0.7549549549549549,0.7549549549549549,,,,0.028738584544368007,-0.001711557517340978,0.02702702702702703,0.10855868029095672,0.0013512296189531758,0.1099099099099099,1g
transformer,transformer_add_rho0.05_wd0.3_tiersNone,1001,0.05,0.3,randk,in,,,0.6774774774774773,0.6774774774774773,,,,,,,,,,1g
transformer,transformer_add_rho0.05_wd0.3_tiersNone,1001,0.05,0.3,randunits,units,,,0.5741741741741743,0.5741741741741743,,,,-0.011470816821686047,0.007266612617481849,-0.004204204204204198,-0.032399754046452456,0.029396751043449448,-0.0030030030030030095,1g
transformer,transformer_add_rho0.05_wd0.3_tiersNone,1001,0.05,0.3,residual,in,,,0.6774774774774774,0.6774774774774774,,,,,,,,,,1g
transformer,transformer_add_rho0.05_wd0.3_tiersNone,1001,0.05,0.3,topk,in,0.7991818315232542,,0.572972972972973,0.572972972972973,,,,,,,,,,1g
transformer,transformer_add_rho0.05_wd0.3_tiersNone,1002,0.05,0.3,ebottom,in,0.6688618067976824,,0.9495495495495496,0.9495495495495496,0.16108166539659172,0.006485902170975777,0.1675675675675675,,,,,,,1g
transformer,transformer_add_rho0.05_wd0.3_tiersNone,1002,0.05,0.3,erand,in,0.5082896652110224,,0.7945945945945946,0.7945945945945946,-0.2994795534206399,0.44362369756478404,0.1441441441441441,,,,,,,1g
transformer,transformer_add_rho0.05_wd0.3_tiersNone,1002,0.05,0.3,etop,in,0.15583288841414317,,0.7495495495495496,0.7495495495495496,-0.8746906171102191,0.9341500765696785,0.05945945945945939,,,,,,,1g
transformer,transformer_add_rho0.05_wd0.3_tiersNone,1002,0.05,0.3,lowpass,in,57.50979662700683,,0.7495495495495496,0.7495495495495496,,,,,,,,,,1g
transformer,transformer_add_rho0.05_wd0.3_tiersNone,1002,0.05,0.3,neurons,units,,,0.8558558558558559,0.8558558558558559,,,,0.03531521792939682,-0.0010809836951626295,0.03423423423423419,0.07639633147245065,-0.0007206557967750493,0.0756756756756756,1g
transformer,transformer_add_rho0.05_wd0.3_tiersNone,1002,0.05,0.3,randk,in,,,0.8216216216216217,0.8216216216216217,,,,,,,,,,1g
transformer,transformer_add_rho0.05_wd0.3_tiersNone,1002,0.05,0.3,randunits,units,,,0.751951951951952,0.751951951951952,,,,-0.012882155193658651,0.008077350388853858,-0.0048048048048047924,-0.0458829426670162,0.032669729453802976,-0.013213213213213226,1g
transformer,transformer_add_rho0.05_wd0.3_tiersNone,1002,0.05,0.3,residual,in,,,0.8216216216216217,0.8216216216216217,,,,,,,,,,1g
transformer,transformer_add_rho0.05_wd0.3_tiersNone,1002,0.05,0.3,topk,in,0.8120092299213819,,0.7495495495495496,0.7495495495495496,,,,,,,,,,1g
transformer,transformer_add_rho0_wd0.1_tiersNone,1000,0.0,0.1,ebottom,in,0.6520556565514504,,,,,0.02333123142059268,,,,,,,,1g
transformer,transformer_add_rho0_wd0.1_tiersNone,1000,0.0,0.1,erand,in,0.2710242979772493,,,,,0.8063838092664325,,,,,,,,1g
transformer,transformer_add_rho0_wd0.1_tiersNone,1000,0.0,0.1,etop,in,0.12139464594117554,,,,,0.950725159895505,,,,,,,,1g
transformer,transformer_add_rho0_wd0.1_tiersNone,1000,0.0,0.1,lowpass,in,28.011742257455495,,,,,,,,,,,,,1g
transformer,transformer_add_rho0_wd0.1_tiersNone,1000,0.0,0.1,randk,in,,,,,,,,,,,,,,1g
transformer,transformer_add_rho0_wd0.1_tiersNone,1000,0.0,0.1,residual,in,,,,,,,,,,,,,,1g
transformer,transformer_add_rho0_wd0.1_tiersNone,1000,0.0,0.1,topk,in,0.8422381942037843,,,,,,,,,,,,,1g
transformer,transformer_add_rho0_wd0.1_tiersNone,1001,0.0,0.1,ebottom,in,0.6607023411370164,,,,,0.029456805693180876,,,,,,,,1g
transformer,transformer_add_rho0_wd0.1_tiersNone,1001,0.0,0.1,erand,in,0.3570285188588962,,,,,0.6645347266012073,,,,,,,,1g
transformer,transformer_add_rho0_wd0.1_tiersNone,1001,0.0,0.1,etop,in,0.11196818349976587,,,,,0.9482929465813893,,,,,,,,1g
transformer,transformer_add_rho0_wd0.1_tiersNone,1001,0.0,0.1,lowpass,in,30.082087177862324,,,,,,,,,,,,,1g
transformer,transformer_add_rho0_wd0.1_tiersNone,1001,0.0,0.1,randk,in,,,,,,,,,,,,,,1g
transformer,transformer_add_rho0_wd0.1_tiersNone,1001,0.0,0.1,residual,in,,,,,,,,,,,,,,1g
transformer,transformer_add_rho0_wd0.1_tiersNone,1001,0.0,0.1,topk,in,0.8187856101761277,,,,,,,,,,,,,1g
transformer,transformer_add_rho0_wd0.1_tiersNone,1002,0.0,0.1,ebottom,in,0.718912698412665,,,,,0.03324024862624986,,,,,,,,1g
transformer,transformer_add_rho0_wd0.1_tiersNone,1002,0.0,0.1,erand,in,0.2514357541897527,,,,,0.672942377563583,,,,,,,,1g
transformer,transformer_add_rho0_wd0.1_tiersNone,1002,0.0,0.1,etop,in,0.15635088647773868,,,,,0.9490136023781642,,,,,,,,1g
transformer,transformer_add_rho0_wd0.1_tiersNone,1002,0.0,0.1,lowpass,in,60.565581664112976,,,,,,,,,,,,,1g
transformer,transformer_add_rho0_wd0.1_tiersNone,1002,0.0,0.1,randk,in,,,,,,,,,,,,,,1g
transformer,transformer_add_rho0_wd0.1_tiersNone,1002,0.0,0.1,residual,in,,,,,,,,,,,,,,1g
transformer,transformer_add_rho0_wd0.1_tiersNone,1002,0.0,0.1,topk,in,0.8371555529045727,,,,,,,,,,,,,1g
transformer,transformer_add_rho0_wd0.3_tiersNone,1000,0.0,0.3,ebottom,in,0.6373142603680607,,,,,0.020989100081073797,,,,,,,,1g
transformer,transformer_add_rho0_wd0.3_tiersNone,1000,0.0,0.3,erand,in,0.26716171617126566,,,,,0.8175840014413117,,,,,,,,1g
transformer,transformer_add_rho0_wd0.3_tiersNone,1000,0.0,0.3,etop,in,0.04350790832787557,,,,,0.9659490136023782,,,,,,,,1g
transformer,transformer_add_rho0_wd0.3_tiersNone,1000,0.0,0.3,lowpass,in,29.807326218636334,,,,,,,,,,,,,1g
transformer,transformer_add_rho0_wd0.3_tiersNone,1000,0.0,0.3,randk,in,,,,,,,,,,,,,,1g
transformer,transformer_add_rho0_wd0.3_tiersNone,1000,0.0,0.3,residual,in,,,,,,,,,,,,,,1g
transformer,transformer_add_rho0_wd0.3_tiersNone,1000,0.0,0.3,topk,in,0.8407807405681174,,,,,,,,,,,,,1g
transformer,transformer_add_rho0_wd0.3_tiersNone,1001,0.0,0.3,ebottom,in,0.7213846880906998,,,,,0.02405188721736773,,,,,,,,1g
transformer,transformer_add_rho0_wd0.3_tiersNone,1001,0.0,0.3,erand,in,0.3913662239077636,,,,,0.6577785785064408,,,,,,,,1g
transformer,transformer_add_rho0_wd0.3_tiersNone,1001,0.0,0.3,etop,in,0.10554956896549511,,,,,0.9373930276551662,,,,,,,,1g
transformer,transformer_add_rho0_wd0.3_tiersNone,1001,0.0,0.3,lowpass,in,49.39311493619714,,,,,,,,,,,,,1g
transformer,transformer_add_rho0_wd0.3_tiersNone,1001,0.0,0.3,randk,in,,,,,,,,,,,,,,1g
transformer,transformer_add_rho0_wd0.3_tiersNone,1001,0.0,0.3,residual,in,,,,,,,,,,,,,,1g
transformer,transformer_add_rho0_wd0.3_tiersNone,1001,0.0,0.3,topk,in,0.8060191761362753,,,,,,,,,,,,,1g
transformer,transformer_add_rho0_wd0.3_tiersNone,1002,0.0,0.3,ebottom,in,0.717684964200446,,,,,0.023060985496802355,,,,,,,,1g
transformer,transformer_add_rho0_wd0.3_tiersNone,1002,0.0,0.3,erand,in,0.23984213391384573,,,,,0.6707804101732577,,,,,,,,1g
transformer,transformer_add_rho0_wd0.3_tiersNone,1002,0.0,0.3,etop,in,0.13864152013600994,,,,,0.9295558958652375,,,,,,,,1g
transformer,transformer_add_rho0_wd0.3_tiersNone,1002,0.0,0.3,lowpass,in,60.69100614363458,,,,,,,,,,,,,1g
transformer,transformer_add_rho0_wd0.3_tiersNone,1002,0.0,0.3,randk,in,,,,,,,,,,,,,,1g
transformer,transformer_add_rho0_wd0.3_tiersNone,1002,0.0,0.3,residual,in,,,,,,,,,,,,,,1g
transformer,transformer_add_rho0_wd0.3_tiersNone,1002,0.0,0.3,topk,in,0.8024187699447952,,,,,,,,,,,,,1g
kimi,kimi_add_rho0.02_wd0.1_tiersNone,1000,0.02,0.1,ebottom,in,0.6637274059595957,0.4531249999998157,0.3918918918918919,,0.587481770573384,0.04765336456175118,0.6351351351351352,,,,,,,final
kimi,kimi_add_rho0.02_wd0.1_tiersNone,1000,0.02,0.1,erand,in,0.41471468016555685,0.4797872340422705,0.08708708708708703,,0.20213407714533735,0.3549229799117197,0.5570570570570571,,,,,,,final
kimi,kimi_add_rho0.02_wd0.1_tiersNone,1000,0.02,0.1,etop,in,0.14832073887444466,0.6189189189188622,0.0225225225225225,,-0.29445768622419377,0.519682911449419,0.22522522522522526,,,,,,,final
kimi,kimi_add_rho0.02_wd0.1_tiersNone,1000,0.02,0.1,lowpass,in,53.9323630137622,40.955223880608685,0.0405405405405405,,,,,,,,,,,final
kimi,kimi_add_rho0.02_wd0.1_tiersNone,1000,0.02,0.1,neurons,units,,,0.0135135135135135,,,,,0.005224754526619191,-0.005224754526619191,0.0,0.01612507922750228,-0.011620574722997934,0.0045045045045043475,final
kimi,kimi_add_rho0.02_wd0.1_tiersNone,1000,0.02,0.1,randk,both,,,0.0045045045045045,,,,,,,,,,,final
kimi,kimi_add_rho0.02_wd0.1_tiersNone,1000,0.02,0.1,randk,in,,,0.0,,,,,,,,,,,final
kimi,kimi_add_rho0.02_wd0.1_tiersNone,1000,0.02,0.1,randk,out,,,0.0045045045045045,,,,,,,,,,,final
kimi,kimi_add_rho0.02_wd0.1_tiersNone,1000,0.02,0.1,randunits,units,,,0.0,,,,,-0.008767978860763267,0.008767978860763267,0.0,-0.04498093264871036,0.04498093264871036,0.0,final
kimi,kimi_add_rho0.02_wd0.1_tiersNone,1000,0.02,0.1,residual,both,,,0.0045045045045045,,,,,,,,,,,final
kimi,kimi_add_rho0.02_wd0.1_tiersNone,1000,0.02,0.1,residual,in,,,0.0,,,,,,,,,,,final
kimi,kimi_add_rho0.02_wd0.1_tiersNone,1000,0.02,0.1,residual,out,,,0.0045045045045045,,,,,,,,,,,final
kimi,kimi_add_rho0.02_wd0.1_tiersNone,1000,0.02,0.1,topk,both,0.6043251736681581,0.8744131455397764,0.0225225225225225,,,,,,,,,,,final
kimi,kimi_add_rho0.02_wd0.1_tiersNone,1000,0.02,0.1,topk,in,0.7698155323449765,0.8738317757008062,0.009009009009009,,,,,,,,,,,final
kimi,kimi_add_rho0.02_wd0.1_tiersNone,1000,0.02,0.1,topk,out,0.6421726755212227,0.9933628318579291,0.0045045045045045,,,,,,,,,,,final
kimi,kimi_add_rho0.02_wd0.1_tiersNone,1001,0.02,0.1,ebottom,in,0.7269536095260979,0.3597402597400875,0.7162162162162162,0.7162162162162162,0.8559491840277355,0.03594270786415643,0.8918918918918919,,,,,,,final
kimi,kimi_add_rho0.02_wd0.1_tiersNone,1001,0.02,0.1,erand,in,0.6334544611100797,0.5101010101009421,0.10510510510510507,0.0165165165165165,0.21071539966234124,0.2742695853226437,0.484984984984985,,,,,,,final
kimi,kimi_add_rho0.02_wd0.1_tiersNone,1001,0.02,0.1,etop,in,0.6092652620204738,0.7390243902437967,0.018018018018018,0.018018018018018,-0.23266916136927862,0.3723088010089183,0.13963963963963966,,,,,,,final
kimi,kimi_add_rho0.02_wd0.1_tiersNone,1001,0.02,0.1,lowpass,in,17.11995386392052,40.00000000001287,0.3783783783783784,0.1081081081081081,,,,,,,,,,final
kimi,kimi_add_rho0.02_wd0.1_tiersNone,1001,0.02,0.1,neurons,units,,,0.018018018018018,0.018018018018018,,,,0.00045040987298439195,-0.00045040987298439195,0.0,0.0003603278983873581,-0.0003603278983873581,0.0,final
kimi,kimi_add_rho0.02_wd0.1_tiersNone,1001,0.02,0.1,randk,both,,,0.0,0.0,,,,,,,,,,final
kimi,kimi_add_rho0.02_wd0.1_tiersNone,1001,0.02,0.1,randk,in,,,0.0,0.0,,,,,,,,,,final
kimi,kimi_add_rho0.02_wd0.1_tiersNone,1001,0.02,0.1,randk,out,,,0.0,0.0,,,,,,,,,,final
kimi,kimi_add_rho0.02_wd0.1_tiersNone,1001,0.02,0.1,randunits,units,,,0.0,0.0,,,,-0.00012010929946260074,0.00012010929946260074,0.0,-0.0002702459237908054,0.0002702459237908054,0.0,final
kimi,kimi_add_rho0.02_wd0.1_tiersNone,1001,0.02,0.1,residual,both,,,0.0,0.0,,,,,,,,,,final
kimi,kimi_add_rho0.02_wd0.1_tiersNone,1001,0.02,0.1,residual,in,,,0.0,0.0,,,,,,,,,,final
kimi,kimi_add_rho0.02_wd0.1_tiersNone,1001,0.02,0.1,residual,out,,,0.0,0.0,,,,,,,,,,final
kimi,kimi_add_rho0.02_wd0.1_tiersNone,1001,0.02,0.1,topk,both,0.8719782527532803,0.8803827751194787,0.0045045045045045,0.0045045045045045,,,,,,,,,,final
kimi,kimi_add_rho0.02_wd0.1_tiersNone,1001,0.02,0.1,topk,in,0.8770630505330171,0.8791469194311438,0.0135135135135135,0.0045045045045045,,,,,,,,,,final
kimi,kimi_add_rho0.02_wd0.1_tiersNone,1001,0.02,0.1,topk,out,0.8724969871139928,,0.0,0.0,,,,,,,,,,final
kimi,kimi_add_rho0.02_wd0.1_tiersNone,1002,0.02,0.1,ebottom,in,0.6378773584904338,0.30215053763440347,0.7702702702702703,0.7702702702702703,0.7887557406970076,0.1887217367804701,0.9774774774774777,,,,,,,final
kimi,kimi_add_rho0.02_wd0.1_tiersNone,1002,0.02,0.1,erand,in,0.644526157928045,0.39306358381467066,0.41891891891891886,0.17567567567567563,0.6324717655228423,0.10326397021289357,0.7357357357357359,,,,,,,final
kimi,kimi_add_rho0.02_wd0.1_tiersNone,1002,0.02,0.1,etop,in,0.38272785898518524,0.7017241379310278,0.027027027027027,0.027027027027027,-0.2536367553933536,0.6320151337717321,0.3783783783783785,,,,,,,final
kimi,kimi_add_rho0.02_wd0.1_tiersNone,1002,0.02,0.1,lowpass,in,20.3515482695995,38.52229299364397,0.3648648648648648,0.3648648648648648,,,,,,,,,,final
kimi,kimi_add_rho0.02_wd0.1_tiersNone,1002,0.02,0.1,neurons,units,,,0.027027027027027,0.027027027027027,,,,0.0009008197459690059,-0.0009008197459690059,0.0,0.024234080039863604,-0.001711557517340978,0.022522522522522626,final
kimi,kimi_add_rho0.02_wd0.1_tiersNone,1002,0.02,0.1,randk,both,,,0.0135135135135135,0.0135135135135135,,,,,,,,,,final
kimi,kimi_add_rho0.02_wd0.1_tiersNone,1002,0.02,0.1,randk,in,,,0.009009009009009,0.009009009009009,,,,,,,,,,final
kimi,kimi_add_rho0.02_wd0.1_tiersNone,1002,0.02,0.1,randk,out,,,0.0,0.0,,,,,,,,,,final
kimi,kimi_add_rho0.02_wd0.1_tiersNone,1002,0.02,0.1,randunits,units,,,0.0015015015015015,0.0015015015015015,,,,0.00015013662432827868,-0.00015013662432827868,0.0,9.008197459703382e-05,-9.008197459703382e-05,0.0,final
kimi,kimi_add_rho0.02_wd0.1_tiersNone,1002,0.02,0.1,residual,both,,,0.0135135135135135,0.0135135135135135,,,,,,,,,,final
kimi,kimi_add_rho0.02_wd0.1_tiersNone,1002,0.02,0.1,residual,in,,,0.009009009009009,0.009009009009009,,,,,,,,,,final
kimi,kimi_add_rho0.02_wd0.1_tiersNone,1002,0.02,0.1,residual,out,,,0.0,0.0,,,,,,,,,,final
kimi,kimi_add_rho0.02_wd0.1_tiersNone,1002,0.02,0.1,topk,both,0.8721540543061159,0.8802816901407093,0.009009009009009,0.0,,,,,,,,,,final
kimi,kimi_add_rho0.02_wd0.1_tiersNone,1002,0.02,0.1,topk,in,0.8759903270381024,0.8797619047617675,0.0135135135135135,0.0,,,,,,,,,,final
kimi,kimi_add_rho0.02_wd0.1_tiersNone,1002,0.02,0.1,topk,out,0.8735284650049323,,0.0,0.0,,,,,,,,,,final
kimi,kimi_add_rho0.02_wd0.3_tiersNone,1000,0.02,0.3,ebottom,in,0.7434006086816464,0.24204545454534848,0.981981981981982,0.981981981981982,0.9775675594520743,-9.008197459681178e-05,0.9774774774774775,,,,,,,final
kimi,kimi_add_rho0.02_wd0.3_tiersNone,1000,0.02,0.3,erand,in,0.5166807254322602,0.34245810055850123,0.29729729729729726,0.29729729729729726,0.34325290068015946,0.4405308831036243,0.7837837837837838,,,,,,,final
kimi,kimi_add_rho0.02_wd0.3_tiersNone,1000,0.02,0.3,etop,in,0.21514461703262774,0.5199999999998519,0.0045045045045045,0.0,-0.5082907878601961,0.9722547518241601,0.463963963963964,,,,,,,final
kimi,kimi_add_rho0.02_wd0.3_tiersNone,1000,0.02,0.3,lowpass,in,39.601882012322335,48.92035398235015,0.1036036036036036,0.0,,,,,,,,,,final
kimi,kimi_add_rho0.02_wd0.3_tiersNone,1000,0.02,0.3,neurons,units,,,0.009009009009009,0.009009009009009,,,,0.0,0.0,0.0,0.0045045045045045695,0.0,0.0045045045045045695,final
kimi,kimi_add_rho0.02_wd0.3_tiersNone,1000,0.02,0.3,randk,both,,,0.081081081081081,0.081081081081081,,,,,,,,,,final
kimi,kimi_add_rho0.02_wd0.3_tiersNone,1000,0.02,0.3,randk,in,,,0.0405405405405405,0.0405405405405405,,,,,,,,,,final
kimi,kimi_add_rho0.02_wd0.3_tiersNone,1000,0.02,0.3,randk,out,,,0.009009009009009,0.009009009009009,,,,,,,,,,final
kimi,kimi_add_rho0.02_wd0.3_tiersNone,1000,0.02,0.3,randunits,units,,,0.0,0.0,,,,-0.0015015015015015603,0.0,-0.0015015015015015603,-0.001531528826367164,3.0027324865603926e-05,-0.0015015015015015603,final
kimi,kimi_add_rho0.02_wd0.3_tiersNone,1000,0.02,0.3,residual,both,,,0.081081081081081,0.081081081081081,,,,,,,,,,final
kimi,kimi_add_rho0.02_wd0.3_tiersNone,1000,0.02,0.3,residual,in,,,0.0405405405405405,0.0405405405405405,,,,,,,,,,final
kimi,kimi_add_rho0.02_wd0.3_tiersNone,1000,0.02,0.3,residual,out,,,0.009009009009009,0.009009009009009,,,,,,,,,,final
kimi,kimi_add_rho0.02_wd0.3_tiersNone,1000,0.02,0.3,topk,both,0.8728382147836947,0.8737745098037869,0.0225225225225225,0.0225225225225225,,,,,,,,,,final
kimi,kimi_add_rho0.02_wd0.3_tiersNone,1000,0.02,0.3,topk,in,0.8747825887951863,0.8674242424241108,0.0495495495495495,0.0495495495495495,,,,,,,,,,final
kimi,kimi_add_rho0.02_wd0.3_tiersNone,1000,0.02,0.3,topk,out,0.8832022580332453,,0.0,0.0,,,,,,,,,,final
kimi,kimi_add_rho0.02_wd0.3_tiersNone,1001,0.02,0.3,ebottom,in,0.6777048655567021,0.29687499999966394,0.7387387387387387,0.7387387387387387,0.7636115080939874,0.08773984325736406,0.8513513513513514,,,,,,,final
kimi,kimi_add_rho0.02_wd0.3_tiersNone,1001,0.02,0.3,erand,in,0.4883585920309285,0.39489051094844385,0.07957957957957953,0.0075075075075075005,0.2139514525786033,0.5277902891631384,0.7417417417417417,,,,,,,final
kimi,kimi_add_rho0.02_wd0.3_tiersNone,1001,0.02,0.3,etop,in,0.31521617852157074,0.3039999999999644,0.045045045045045,0.009009009009009,-0.2580304834155839,0.8616340870191875,0.6036036036036037,,,,,,,final
kimi,kimi_add_rho0.02_wd0.3_tiersNone,1001,0.02,0.3,lowpass,in,23.747357293869662,36.190476190496994,0.3873873873873873,0.3873873873873873,,,,,,,,,,final
kimi,kimi_add_rho0.02_wd0.3_tiersNone,1001,0.02,0.3,neurons,units,,,0.036036036036036,0.036036036036036,,,,0.00018016394919373457,-0.00018016394919373457,0.0,0.013873841411901178,-0.00036032789838758017,0.013513513513513598,final
kimi,kimi_add_rho0.02_wd0.3_tiersNone,1001,0.02,0.3,randk,both,,,0.0855855855855855,0.0855855855855855,,,,,,,,,,final
kimi,kimi_add_rho0.02_wd0.3_tiersNone,1001,0.02,0.3,randk,in,,,0.0315315315315315,0.0315315315315315,,,,,,,,,,final
kimi,kimi_add_rho0.02_wd0.3_tiersNone,1001,0.02,0.3,randk,out,,,0.0045045045045045,0.0045045045045045,,,,,,,,,,final
kimi,kimi_add_rho0.02_wd0.3_tiersNone,1001,0.02,0.3,randunits,units,,,0.0,0.0,,,,6.005464973128186e-05,-6.005464973128186e-05,0.0,7.401486830834377e-17,-7.401486830834377e-17,0.0,final
kimi,kimi_add_rho0.02_wd0.3_tiersNone,1001,0.02,0.3,residual,both,,,0.0855855855855855,0.0855855855855855,,,,,,,,,,final
kimi,kimi_add_rho0.02_wd0.3_tiersNone,1001,0.02,0.3,residual,in,,,0.0315315315315315,0.0315315315315315,,,,,,,,,,final
kimi,kimi_add_rho0.02_wd0.3_tiersNone,1001,0.02,0.3,residual,out,,,0.0045045045045045,0.0045045045045045,,,,,,,,,,final
kimi,kimi_add_rho0.02_wd0.3_tiersNone,1001,0.02,0.3,topk,both,0.870205544479129,0.8761574074072778,0.0045045045045045,0.0045045045045045,,,,,,,,,,final
kimi,kimi_add_rho0.02_wd0.3_tiersNone,1001,0.02,0.3,topk,in,0.8745188342038877,0.8761682242989346,0.0045045045045045,0.0045045045045045,,,,,,,,,,final
kimi,kimi_add_rho0.02_wd0.3_tiersNone,1001,0.02,0.3,topk,out,0.8834007012757883,,0.0,0.0,,,,,,,,,,final
kimi,kimi_add_rho0.02_wd0.3_tiersNone,1002,0.02,0.3,ebottom,in,0.6130234297108313,0.25617977528075875,0.8603603603603603,0.8603603603603603,0.8517193889682854,0.08521754796865166,0.936936936936937,,,,,,,final
kimi,kimi_add_rho0.02_wd0.3_tiersNone,1002,0.02,0.3,erand,in,0.5151108099489394,0.44178082191761764,0.12012012012012009,0.045045045045045,0.18598573350397496,0.4416418941236527,0.6276276276276277,,,,,,,final
kimi,kimi_add_rho0.02_wd0.3_tiersNone,1002,0.02,0.3,etop,in,0.24108361774731057,0.5567567567564162,0.0135135135135135,0.0135135135135135,-0.544328852769534,0.9497342581749394,0.4054054054054054,,,,,,,final
kimi,kimi_add_rho0.02_wd0.3_tiersNone,1002,0.02,0.3,lowpass,in,41.18335901398408,40.11940298510074,0.0945945945945946,0.0,,,,,,,,,,final
kimi,kimi_add_rho0.02_wd0.3_tiersNone,1002,0.02,0.3,neurons,units,,,0.0045045045045045,0.0045045045045045,,,,9.008197459681178e-05,-9.008197459681178e-05,0.0,0.003964012656922922,0.0005404918475814258,0.0045045045045043475,final
kimi,kimi_add_rho0.02_wd0.3_tiersNone,1002,0.02,0.3,randk,both,,,0.036036036036036,0.036036036036036,,,,,,,,,,final
kimi,kimi_add_rho0.02_wd0.3_tiersNone,1002,0.02,0.3,randk,in,,,0.0225225225225225,0.0225225225225225,,,,,,,,,,final
kimi,kimi_add_rho0.02_wd0.3_tiersNone,1002,0.02,0.3,randk,out,,,0.0,0.0,,,,,,,,,,final
kimi,kimi_add_rho0.02_wd0.3_tiersNone,1002,0.02,0.3,randunits,units,,,0.0,0.0,,,,-0.0001501366243283897,0.0001501366243283897,0.0,-0.0011110110200282335,0.0011110110200282335,0.0,final
kimi,kimi_add_rho0.02_wd0.3_tiersNone,1002,0.02,0.3,residual,both,,,0.036036036036036,0.036036036036036,,,,,,,,,,final
kimi,kimi_add_rho0.02_wd0.3_tiersNone,1002,0.02,0.3,residual,in,,,0.0225225225225225,0.0225225225225225,,,,,,,,,,final
kimi,kimi_add_rho0.02_wd0.3_tiersNone,1002,0.02,0.3,residual,out,,,0.0,0.0,,,,,,,,,,final
kimi,kimi_add_rho0.02_wd0.3_tiersNone,1002,0.02,0.3,topk,both,0.8713183566268318,0.8708920187792167,0.0315315315315315,0.0315315315315315,,,,,,,,,,final
kimi,kimi_add_rho0.02_wd0.3_tiersNone,1002,0.02,0.3,topk,in,0.8738037176772454,0.8695121951218219,0.0495495495495495,0.0495495495495495,,,,,,,,,,final
kimi,kimi_add_rho0.02_wd0.3_tiersNone,1002,0.02,0.3,topk,out,0.8738550148037217,,0.0,0.0,,,,,,,,,,final
kimi,kimi_add_rho0.05_wd0.1_tiersNone,1000,0.05,0.1,ebottom,in,0.7482914923290246,0.47162921348292275,0.5621621621621622,0.4324324324324324,0.5437880363022242,0.047202954688766785,0.590990990990991,,,,,,,final
kimi,kimi_add_rho0.05_wd0.1_tiersNone,1000,0.05,0.1,erand,in,0.5674531192545353,0.5516274864374575,0.07267267267267263,0.019219219219219198,0.00864743673499635,0.3198810917935322,0.32852852852852854,,,,,,,final
kimi,kimi_add_rho0.05_wd0.1_tiersNone,1000,0.05,0.1,etop,in,0.4814228110593871,0.6596446700505934,0.0126126126126126,0.0,-0.42950322631432447,0.5141879109990093,0.08468468468468482,,,,,,,final
kimi,kimi_add_rho0.05_wd0.1_tiersNone,1000,0.05,0.1,lowpass,in,29.736856442393112,36.38871473356252,0.1369369369369369,0.0324324324324324,,,,,,,,,,final
kimi,kimi_add_rho0.05_wd0.1_tiersNone,1000,0.05,0.1,neurons,units,,,0.036036036036036,0.036036036036036,,,,0.0014413115935499876,-0.0014413115935499876,0.0,0.01522482756605803,-0.004414016755247219,0.010810810810810811,final
kimi,kimi_add_rho0.05_wd0.1_tiersNone,1000,0.05,0.1,randk,both,,,0.0018018018018018,0.0018018018018018,,,,,,,,,,final
kimi,kimi_add_rho0.05_wd0.1_tiersNone,1000,0.05,0.1,randk,in,,,0.0,0.0,,,,,,,,,,final
kimi,kimi_add_rho0.05_wd0.1_tiersNone,1000,0.05,0.1,randk,out,,,0.0,0.0,,,,,,,,,,final
kimi,kimi_add_rho0.05_wd0.1_tiersNone,1000,0.05,0.1,randunits,units,,,0.0,0.0,,,,-0.002191994715190937,0.002191994715190937,0.0,-0.00657582183570841,0.008377623637510193,0.0018018018018017834,final
kimi,kimi_add_rho0.05_wd0.1_tiersNone,1000,0.05,0.1,residual,both,,,0.0018018018018018,0.0018018018018018,,,,,,,,,,final
kimi,kimi_add_rho0.05_wd0.1_tiersNone,1000,0.05,0.1,residual,in,,,0.0,0.0,,,,,,,,,,final
kimi,kimi_add_rho0.05_wd0.1_tiersNone,1000,0.05,0.1,residual,out,,,0.0,0.0,,,,,,,,,,final
kimi,kimi_add_rho0.05_wd0.1_tiersNone,1000,0.05,0.1,topk,both,0.8410346632545062,0.8759276437846569,0.0054054054054054,0.0,,,,,,,,,,final
kimi,kimi_add_rho0.05_wd0.1_tiersNone,1000,0.05,0.1,topk,in,0.8667148032111518,0.8768761726077479,0.0072072072072072,0.0072072072072072,,,,,,,,,,final
kimi,kimi_add_rho0.05_wd0.1_tiersNone,1000,0.05,0.1,topk,out,0.8484902650972288,,0.0018018018018018,0.0,,,,,,,,,,final
kimi,kimi_add_rho0.05_wd0.1_tiersNone,1001,0.05,0.1,ebottom,in,0.7451355851568742,0.48774834437053843,0.5117117117117117,,0.4673032459538179,0.06603008737951543,0.5333333333333333,,,,,,,final
kimi,kimi_add_rho0.05_wd0.1_tiersNone,1001,0.05,0.1,erand,in,0.5368527820708603,0.5280249110319455,0.1417417417417417,,0.09077909546335812,0.31462630994204727,0.40540540540540543,,,,,,,final
kimi,kimi_add_rho0.05_wd0.1_tiersNone,1001,0.05,0.1,etop,in,0.3003289473684176,0.651886792452649,0.0234234234234234,,-0.4798584008745257,0.5717502927664175,0.09189189189189184,,,,,,,final
kimi,kimi_add_rho0.05_wd0.1_tiersNone,1001,0.05,0.1,lowpass,in,46.96693272520281,40.18658892129544,0.1099099099099099,,,,,,,,,,,final
kimi,kimi_add_rho0.05_wd0.1_tiersNone,1001,0.05,0.1,neurons,units,,,0.018018018018018,,,,,0.006125574272587975,-0.006125574272587975,0.0,0.021079668985263034,-0.015674263579857683,0.00540540540540535,final
kimi,kimi_add_rho0.05_wd0.1_tiersNone,1001,0.05,0.1,randk,both,,,0.0018018018018018,,,,,,,,,,,final
kimi,kimi_add_rho0.05_wd0.1_tiersNone,1001,0.05,0.1,randk,in,,,0.0,,,,,,,,,,,final
kimi,kimi_add_rho0.05_wd0.1_tiersNone,1001,0.05,0.1,randk,out,,,0.0,0.0,,,,,,,,,,final
kimi,kimi_add_rho0.05_wd0.1_tiersNone,1001,0.05,0.1,randunits,units,,,0.0012012012012012,,,,,-0.010419481728372851,0.010419481728372851,0.0,-0.04305918385731015,0.04305918385731015,0.0,final
kimi,kimi_add_rho0.05_wd0.1_tiersNone,1001,0.05,0.1,residual,both,,,0.0018018018018018,,,,,,,,,,,final
kimi,kimi_add_rho0.05_wd0.1_tiersNone,1001,0.05,0.1,residual,in,,,0.0,,,,,,,,,,,final
kimi,kimi_add_rho0.05_wd0.1_tiersNone,1001,0.05,0.1,residual,out,,,0.0,0.0,,,,,,,,,,final
kimi,kimi_add_rho0.05_wd0.1_tiersNone,1001,0.05,0.1,topk,both,0.7546113010617147,0.8763914656770498,0.0126126126126126,,,,,,,,,,,final
kimi,kimi_add_rho0.05_wd0.1_tiersNone,1001,0.05,0.1,topk,in,0.8307771279242289,0.8747685185183903,0.009009009009009,,,,,,,,,,,final
kimi,kimi_add_rho0.05_wd0.1_tiersNone,1001,0.05,0.1,topk,out,0.7583347917395707,0.9782072368416886,0.0,,,,,,,,,,,final
kimi,kimi_add_rho0.05_wd0.1_tiersNone,1002,0.05,0.1,ebottom,in,0.7441778523488287,0.4517156862743691,0.6144144144144145,0.1945945945945946,0.620815915456038,0.05666156202143946,0.6774774774774774,,,,,,,final
kimi,kimi_add_rho0.05_wd0.1_tiersNone,1002,0.05,0.1,erand,in,0.5898319892469097,0.49566532258032403,0.17117117117117112,0.004204204204204199,0.26773980538506265,0.2451731075278503,0.512912912912913,,,,,,,final
kimi,kimi_add_rho0.05_wd0.1_tiersNone,1002,0.05,0.1,etop,in,0.3961927582528925,0.676553672316144,0.009009009009009,0.0,-0.5514773038059229,0.6019277542563732,0.05045045045045038,,,,,,,final
kimi,kimi_add_rho0.05_wd0.1_tiersNone,1002,0.05,0.1,lowpass,in,41.53613445379156,37.60000000001649,0.0198198198198198,0.0,,,,,,,,,,final
kimi,kimi_add_rho0.05_wd0.1_tiersNone,1002,0.05,0.1,neurons,units,,,0.0252252252252252,0.0252252252252252,,,,0.006125574272588086,-0.006125574272588086,0.0,0.018467291721953383,-0.013061886316548033,0.00540540540540535,final
kimi,kimi_add_rho0.05_wd0.1_tiersNone,1002,0.05,0.1,randk,both,,,0.0054054054054054,0.0054054054054054,,,,,,,,,,final
kimi,kimi_add_rho0.05_wd0.1_tiersNone,1002,0.05,0.1,randk,in,,,0.0,0.0,,,,,,,,,,final
kimi,kimi_add_rho0.05_wd0.1_tiersNone,1002,0.05,0.1,randk,out,,,0.0,0.0,,,,,,,,,,final
kimi,kimi_add_rho0.05_wd0.1_tiersNone,1002,0.05,0.1,randunits,units,,,0.0006006006006006,0.0006006006006006,,,,-0.005194727201753513,0.005194727201753513,0.0,-0.028255712698555535,0.028255712698555535,0.0,final
kimi,kimi_add_rho0.05_wd0.1_tiersNone,1002,0.05,0.1,residual,both,,,0.0054054054054054,0.0054054054054054,,,,,,,,,,final
kimi,kimi_add_rho0.05_wd0.1_tiersNone,1002,0.05,0.1,residual,in,,,0.0,0.0,,,,,,,,,,final
kimi,kimi_add_rho0.05_wd0.1_tiersNone,1002,0.05,0.1,residual,out,,,0.0,0.0,,,,,,,,,,final
kimi,kimi_add_rho0.05_wd0.1_tiersNone,1002,0.05,0.1,topk,both,0.8074827780120009,0.8749999999998718,0.0054054054054054,0.0,,,,,,,,,,final
kimi,kimi_add_rho0.05_wd0.1_tiersNone,1002,0.05,0.1,topk,in,0.8526385438045653,0.8764124293783989,0.0036036036036036,0.0,,,,,,,,,,final
kimi,kimi_add_rho0.05_wd0.1_tiersNone,1002,0.05,0.1,topk,out,0.8165461660917035,,0.0,0.0,,,,,,,,,,final
kimi,kimi_add_rho0.05_wd0.3_tiersNone,1000,0.05,0.3,ebottom,in,0.6798418024926676,0.33732876712314575,0.7765765765765765,0.7765765765765765,0.7848647674789464,-0.0010809836951625185,0.7837837837837839,,,,,,,final
kimi,kimi_add_rho0.05_wd0.3_tiersNone,1000,0.05,0.3,erand,in,0.6171989354623323,0.3954379562037996,0.41021021021021015,0.35435435435435436,0.5397390544314246,0.10350418881181873,0.6432432432432433,,,,,,,final
kimi,kimi_add_rho0.05_wd0.3_tiersNone,1000,0.05,0.3,etop,in,0.41874485596699257,0.614462809917289,0.1117117117117117,0.1117117117117117,-0.3446237697926734,0.676155301324205,0.3315315315315316,,,,,,,final
kimi,kimi_add_rho0.05_wd0.3_tiersNone,1000,0.05,0.3,lowpass,in,38.90464781984918,41.637305699491016,0.0954954954954954,0.0954954954954954,,,,,,,,,,final
kimi,kimi_add_rho0.05_wd0.3_tiersNone,1000,0.05,0.3,neurons,units,,,0.0954954954954954,0.0954954954954954,,,,0.007567535105594825,-0.00036032789838758017,0.007207207207207245,0.03999996753802726,-0.00036032789838758017,0.03963963963963968,final
kimi,kimi_add_rho0.05_wd0.3_tiersNone,1000,0.05,0.3,randk,both,,,0.0684684684684684,0.0684684684684684,,,,,,,,,,final
kimi,kimi_add_rho0.05_wd0.3_tiersNone,1000,0.05,0.3,randk,in,,,0.0342342342342342,0.0342342342342342,,,,,,,,,,final
kimi,kimi_add_rho0.05_wd0.3_tiersNone,1000,0.05,0.3,randk,out,,,0.0252252252252252,0.0252252252252252,,,,,,,,,,final
kimi,kimi_add_rho0.05_wd0.3_tiersNone,1000,0.05,0.3,randunits,units,,,0.006606606606606599,0.006606606606606599,,,,-0.0006306279254662354,3.002732486564093e-05,-0.0006006006006005945,-0.0009309011741224967,0.00033030057352190223,-0.0006006006006005945,final
kimi,kimi_add_rho0.05_wd0.3_tiersNone,1000,0.05,0.3,residual,both,,,0.0684684684684684,0.0684684684684684,,,,,,,,,,final
kimi,kimi_add_rho0.05_wd0.3_tiersNone,1000,0.05,0.3,residual,in,,,0.0342342342342342,0.0342342342342342,,,,,,,,,,final
kimi,kimi_add_rho0.05_wd0.3_tiersNone,1000,0.05,0.3,residual,out,,,0.0252252252252252,0.0252252252252252,,,,,,,,,,final
kimi,kimi_add_rho0.05_wd0.3_tiersNone,1000,0.05,0.3,topk,both,0.870245792526259,0.8745361781074784,0.009009009009009,0.009009009009009,,,,,,,,,,final
kimi,kimi_add_rho0.05_wd0.3_tiersNone,1000,0.05,0.3,topk,in,0.8751044568243835,0.8711464354526643,0.0342342342342342,0.0342342342342342,,,,,,,,,,final
kimi,kimi_add_rho0.05_wd0.3_tiersNone,1000,0.05,0.3,topk,out,0.8749175772417683,,0.0054054054054054,0.0054054054054054,,,,,,,,,,final
kimi,kimi_add_rho0.05_wd0.3_tiersNone,1001,0.05,0.3,ebottom,in,0.675839526561954,0.3948818897633649,0.8522522522522522,0.8522522522522522,0.6524322538915819,-0.0019818034411314134,0.6504504504504505,,,,,,,final
kimi,kimi_add_rho0.05_wd0.3_tiersNone,1001,0.05,0.3,erand,in,0.5873106484588533,0.5041899441340393,0.23243243243243242,0.14054054054054052,0.34646955756765685,0.14542233432423504,0.4918918918918919,,,,,,,final
kimi,kimi_add_rho0.05_wd0.3_tiersNone,1001,0.05,0.3,etop,in,0.4102728047739863,0.6898496240597753,0.009009009009009,0.009009009009009,-0.4546313902407949,0.5915683271777319,0.13693693693693698,,,,,,,final
kimi,kimi_add_rho0.05_wd0.3_tiersNone,1001,0.05,0.3,lowpass,in,25.10672645743342,39.16923076924962,0.2306306306306306,0.2198198198198198,,,,,,,,,,final
kimi,kimi_add_rho0.05_wd0.3_tiersNone,1001,0.05,0.3,neurons,units,,,0.0252252252252252,0.0252252252252252,,,,0.004504423349572462,-0.0009008197459687839,0.003603603603603678,0.014144006180759616,-0.0015313935681470214,0.012612612612612595,final
kimi,kimi_add_rho0.05_wd0.3_tiersNone,1001,0.05,0.3,randk,both,,,0.027027027027027,0.027027027027027,,,,,,,,,,final
kimi,kimi_add_rho0.05_wd0.3_tiersNone,1001,0.05,0.3,randk,in,,,0.0126126126126126,0.0126126126126126,,,,,,,,,,final
kimi,kimi_add_rho0.05_wd0.3_tiersNone,1001,0.05,0.3,randk,out,,,0.0126126126126126,0.0126126126126126,,,,,,,,,,final
kimi,kimi_add_rho0.05_wd0.3_tiersNone,1001,0.05,0.3,randunits,units,,,0.004804804804804799,0.004804804804804799,,,,-0.00015013662432816766,0.00015013662432816766,0.0,0.0012012553044891499,0.0006005464973126337,0.0018018018018017834,final
kimi,kimi_add_rho0.05_wd0.3_tiersNone,1001,0.05,0.3,residual,both,,,0.027027027027027,0.027027027027027,,,,,,,,,,final
kimi,kimi_add_rho0.05_wd0.3_tiersNone,1001,0.05,0.3,residual,in,,,0.0126126126126126,0.0126126126126126,,,,,,,,,,final
kimi,kimi_add_rho0.05_wd0.3_tiersNone,1001,0.05,0.3,residual,out,,,0.0126126126126126,0.0126126126126126,,,,,,,,,,final
kimi,kimi_add_rho0.05_wd0.3_tiersNone,1001,0.05,0.3,topk,both,0.8719731675391404,0.8761792452828867,0.0162162162162162,0.0162162162162162,,,,,,,,,,final
kimi,kimi_add_rho0.05_wd0.3_tiersNone,1001,0.05,0.3,topk,in,0.8760188015188108,0.874514563106662,0.036036036036036,0.036036036036036,,,,,,,,,,final
kimi,kimi_add_rho0.05_wd0.3_tiersNone,1001,0.05,0.3,topk,out,0.8735655349012357,,0.0036036036036036,0.0036036036036036,,,,,,,,,,final
kimi,kimi_add_rho0.05_wd0.3_tiersNone,1002,0.05,0.3,ebottom,in,0.6960269426003385,0.34281045751618455,0.8882882882882883,0.8882882882882883,0.9141437627159634,-0.004233852806053373,0.90990990990991,,,,,,,final
kimi,kimi_add_rho0.05_wd0.3_tiersNone,1002,0.05,0.3,erand,in,0.6385461517760169,0.39740437158425634,0.39579579579579577,0.32192192192192187,0.6370965686883172,0.10524577365402525,0.7423423423423424,,,,,,,final
kimi,kimi_add_rho0.05_wd0.3_tiersNone,1002,0.05,0.3,etop,in,0.3698110862538466,0.7305369127515641,0.027027027027027,0.027027027027027,-0.4531824500836301,0.6748040717052518,0.2216216216216217,,,,,,,final
kimi,kimi_add_rho0.05_wd0.3_tiersNone,1002,0.05,0.3,lowpass,in,30.98913043478538,41.640449438212165,0.2162162162162162,0.1783783783783784,,,,,,,,,,final
kimi,kimi_add_rho0.05_wd0.3_tiersNone,1002,0.05,0.3,neurons,units,,,0.0414414414414414,0.0414414414414414,,,,0.0031530314207549592,-0.0013512296189531758,0.0018018018018017834,0.01873851150492889,-0.002522295288712617,0.016216216216216273,final
kimi,kimi_add_rho0.05_wd0.3_tiersNone,1002,0.05,0.3,randk,both,,,0.0216216216216216,0.0216216216216216,,,,,,,,,,final
kimi,kimi_add_rho0.05_wd0.3_tiersNone,1002,0.05,0.3,randk,in,,,0.0162162162162162,0.0162162162162162,,,,,,,,,,final
kimi,kimi_add_rho0.05_wd0.3_tiersNone,1002,0.05,0.3,randk,out,,,0.0072072072072072,0.0072072072072072,,,,,,,,,,final
kimi,kimi_add_rho0.05_wd0.3_tiersNone,1002,0.05,0.3,randunits,units,,,0.004804804804804799,0.004804804804804799,,,,-0.00048049130113810473,-0.00012010929946248972,-0.0006006006006005945,-0.0006306279254662724,3.002732486567794e-05,-0.0006006006006005945,final
kimi,kimi_add_rho0.05_wd0.3_tiersNone,1002,0.05,0.3,residual,both,,,0.0216216216216216,0.0216216216216216,,,,,,,,,,final
kimi,kimi_add_rho0.05_wd0.3_tiersNone,1002,0.05,0.3,residual,in,,,0.0162162162162162,0.0162162162162162,,,,,,,,,,final
kimi,kimi_add_rho0.05_wd0.3_tiersNone,1002,0.05,0.3,residual,out,,,0.0072072072072072,0.0072072072072072,,,,,,,,,,final
kimi,kimi_add_rho0.05_wd0.3_tiersNone,1002,0.05,0.3,topk,both,0.8682536252759712,0.8773629489601689,0.009009009009009,0.0036036036036036,,,,,,,,,,final
kimi,kimi_add_rho0.05_wd0.3_tiersNone,1002,0.05,0.3,topk,in,0.8749999999998683,0.8828277886495621,0.0144144144144144,0.009009009009009,,,,,,,,,,final
kimi,kimi_add_rho0.05_wd0.3_tiersNone,1002,0.05,0.3,topk,out,0.8698856085056644,,0.0036036036036036,0.0036036036036036,,,,,,,,,,final
kimi,kimi_add_rho0_wd0.1_tiersNone,1000,0.0,0.1,ebottom,in,0.6904098165353815,,,,,0.10548599225295019,,,,,,,,final
kimi,kimi_add_rho0_wd0.1_tiersNone,1000,0.0,0.1,erand,in,0.5137569316080908,,,,,0.45143080202984714,,,,,,,,final
kimi,kimi_add_rho0_wd0.1_tiersNone,1000,0.0,0.1,etop,in,0.36828665568244134,,,,,0.7092153860012611,,,,,,,,final
kimi,kimi_add_rho0_wd0.1_tiersNone,1000,0.0,0.1,lowpass,in,46.18916857361177,,,,,,,,,,,,,final
kimi,kimi_add_rho0_wd0.1_tiersNone,1000,0.0,0.1,randk,both,,,,,,,,,,,,,,final
kimi,kimi_add_rho0_wd0.1_tiersNone,1000,0.0,0.1,randk,in,,,,,,,,,,,,,,final
kimi,kimi_add_rho0_wd0.1_tiersNone,1000,0.0,0.1,randk,out,,,,,,,,,,,,,,final
kimi,kimi_add_rho0_wd0.1_tiersNone,1000,0.0,0.1,residual,both,,,,,,,,,,,,,,final
kimi,kimi_add_rho0_wd0.1_tiersNone,1000,0.0,0.1,residual,in,,,,,,,,,,,,,,final
kimi,kimi_add_rho0_wd0.1_tiersNone,1000,0.0,0.1,residual,out,,,,,,,,,,,,,,final
kimi,kimi_add_rho0_wd0.1_tiersNone,1000,0.0,0.1,topk,both,0.8547229285864417,,,,,,,,,,,,,final
kimi,kimi_add_rho0_wd0.1_tiersNone,1000,0.0,0.1,topk,in,0.8702227793017373,,,,,,,,,,,,,final
kimi,kimi_add_rho0_wd0.1_tiersNone,1000,0.0,0.1,topk,out,0.8673221334359004,,,,,,,,,,,,,final
kimi,kimi_add_rho0_wd0.1_tiersNone,1001,0.0,0.1,ebottom,in,0.618381449631387,,,,,0.11206197639852256,,,,,,,,final
kimi,kimi_add_rho0_wd0.1_tiersNone,1001,0.0,0.1,erand,in,0.5011026579352815,,,,,0.49593129748070736,,,,,,,,final
kimi,kimi_add_rho0_wd0.1_tiersNone,1001,0.0,0.1,etop,in,0.27254783657976117,,,,,0.8437077740744077,,,,,,,,final
kimi,kimi_add_rho0_wd0.1_tiersNone,1001,0.0,0.1,lowpass,in,45.44524203939414,,,,,,,,,,,,,final
kimi,kimi_add_rho0_wd0.1_tiersNone,1001,0.0,0.1,randk,both,,,,,,,,,,,,,,final
kimi,kimi_add_rho0_wd0.1_tiersNone,1001,0.0,0.1,randk,in,,,,,,,,,,,,,,final
kimi,kimi_add_rho0_wd0.1_tiersNone,1001,0.0,0.1,randk,out,,,,,,,,,,,,,,final
kimi,kimi_add_rho0_wd0.1_tiersNone,1001,0.0,0.1,residual,both,,,,,,,,,,,,,,final
kimi,kimi_add_rho0_wd0.1_tiersNone,1001,0.0,0.1,residual,in,,,,,,,,,,,,,,final
kimi,kimi_add_rho0_wd0.1_tiersNone,1001,0.0,0.1,residual,out,,,,,,,,,,,,,,final
kimi,kimi_add_rho0_wd0.1_tiersNone,1001,0.0,0.1,topk,both,0.8645216232226233,,,,,,,,,,,,,final
kimi,kimi_add_rho0_wd0.1_tiersNone,1001,0.0,0.1,topk,in,0.8731358836604884,,,,,,,,,,,,,final
kimi,kimi_add_rho0_wd0.1_tiersNone,1001,0.0,0.1,topk,out,0.8731444772265013,,,,,,,,,,,,,final
kimi,kimi_add_rho0_wd0.1_tiersNone,1002,0.0,0.1,ebottom,in,0.5680790960449466,,,,,0.3128546977749752,,,,,,,,final
kimi,kimi_add_rho0_wd0.1_tiersNone,1002,0.0,0.1,erand,in,0.4613346590242084,,,,,0.5966429450800228,,,,,,,,final
kimi,kimi_add_rho0_wd0.1_tiersNone,1002,0.0,0.1,etop,in,0.3359140859139531,,,,,0.776416539050536,,,,,,,,final
kimi,kimi_add_rho0_wd0.1_tiersNone,1002,0.0,0.1,lowpass,in,45.33847231955668,,,,,,,,,,,,,final
kimi,kimi_add_rho0_wd0.1_tiersNone,1002,0.0,0.1,randk,both,,,,,,,,,,,,,,final
kimi,kimi_add_rho0_wd0.1_tiersNone,1002,0.0,0.1,randk,in,,,,,,,,,,,,,,final
kimi,kimi_add_rho0_wd0.1_tiersNone,1002,0.0,0.1,randk,out,,,,,,,,,,,,,,final
kimi,kimi_add_rho0_wd0.1_tiersNone,1002,0.0,0.1,residual,both,,,,,,,,,,,,,,final
kimi,kimi_add_rho0_wd0.1_tiersNone,1002,0.0,0.1,residual,in,,,,,,,,,,,,,,final
kimi,kimi_add_rho0_wd0.1_tiersNone,1002,0.0,0.1,residual,out,,,,,,,,,,,,,,final
kimi,kimi_add_rho0_wd0.1_tiersNone,1002,0.0,0.1,topk,both,0.8510699117934093,,,,,,,,,,,,,final
kimi,kimi_add_rho0_wd0.1_tiersNone,1002,0.0,0.1,topk,in,0.8667520741824015,,,,,,,,,,,,,final
kimi,kimi_add_rho0_wd0.1_tiersNone,1002,0.0,0.1,topk,out,0.8672718942899978,,,,,,,,,,,,,final
kimi,kimi_add_rho0_wd0.3_tiersNone,1000,0.0,0.3,ebottom,in,0.5552646356871243,,,,,0.14503197910098187,,,,,,,,final
kimi,kimi_add_rho0_wd0.3_tiersNone,1000,0.0,0.3,erand,in,0.4821790483858307,,,,,0.5793772332822869,,,,,,,,final
kimi,kimi_add_rho0_wd0.3_tiersNone,1000,0.0,0.3,etop,in,0.380502995900206,,,,,0.6920097288532564,,,,,,,,final
kimi,kimi_add_rho0_wd0.3_tiersNone,1000,0.0,0.3,lowpass,in,13.717358490570819,,,,,,,,,,,,,final
kimi,kimi_add_rho0_wd0.3_tiersNone,1000,0.0,0.3,randk,both,,,,,,,,,,,,,,final
kimi,kimi_add_rho0_wd0.3_tiersNone,1000,0.0,0.3,randk,in,,,,,,,,,,,,,,final
kimi,kimi_add_rho0_wd0.3_tiersNone,1000,0.0,0.3,randk,out,,,,,,,,,,,,,,final
kimi,kimi_add_rho0_wd0.3_tiersNone,1000,0.0,0.3,residual,both,,,,,,,,,,,,,,final
kimi,kimi_add_rho0_wd0.3_tiersNone,1000,0.0,0.3,residual,in,,,,,,,,,,,,,,final
kimi,kimi_add_rho0_wd0.3_tiersNone,1000,0.0,0.3,residual,out,,,,,,,,,,,,,,final
kimi,kimi_add_rho0_wd0.3_tiersNone,1000,0.0,0.3,topk,both,0.8735074972231237,,,,,,,,,,,,,final
kimi,kimi_add_rho0_wd0.3_tiersNone,1000,0.0,0.3,topk,in,0.876707744853558,,,,,,,,,,,,,final
kimi,kimi_add_rho0_wd0.3_tiersNone,1000,0.0,0.3,topk,out,0.8771746134019319,,,,,,,,,,,,,final
kimi,kimi_add_rho0_wd0.3_tiersNone,1001,0.0,0.3,ebottom,in,0.5102343749999746,,,,,0.4585172506981354,,,,,,,,final
kimi,kimi_add_rho0_wd0.3_tiersNone,1001,0.0,0.3,erand,in,0.5041219576027098,,,,,0.48563192505179725,,,,,,,,final
kimi,kimi_add_rho0_wd0.3_tiersNone,1001,0.0,0.3,etop,in,0.33362494853841634,,,,,0.8795603999639674,,,,,,,,final
kimi,kimi_add_rho0_wd0.3_tiersNone,1001,0.0,0.3,lowpass,in,33.46149974839145,,,,,,,,,,,,,final
kimi,kimi_add_rho0_wd0.3_tiersNone,1001,0.0,0.3,randk,both,,,,,,,,,,,,,,final
kimi,kimi_add_rho0_wd0.3_tiersNone,1001,0.0,0.3,randk,in,,,,,,,,,,,,,,final
kimi,kimi_add_rho0_wd0.3_tiersNone,1001,0.0,0.3,randk,out,,,,,,,,,,,,,,final
kimi,kimi_add_rho0_wd0.3_tiersNone,1001,0.0,0.3,residual,both,,,,,,,,,,,,,,final
kimi,kimi_add_rho0_wd0.3_tiersNone,1001,0.0,0.3,residual,in,,,,,,,,,,,,,,final
kimi,kimi_add_rho0_wd0.3_tiersNone,1001,0.0,0.3,residual,out,,,,,,,,,,,,,,final
kimi,kimi_add_rho0_wd0.3_tiersNone,1001,0.0,0.3,topk,both,0.873046513778309,,,,,,,,,,,,,final
kimi,kimi_add_rho0_wd0.3_tiersNone,1001,0.0,0.3,topk,in,0.877172506240047,,,,,,,,,,,,,final
kimi,kimi_add_rho0_wd0.3_tiersNone,1001,0.0,0.3,topk,out,0.8768925490914472,,,,,,,,,,,,,final
kimi,kimi_add_rho0_wd0.3_tiersNone,1002,0.0,0.3,ebottom,in,0.5135057471263914,,,,,0.45959823439329806,,,,,,,,final
kimi,kimi_add_rho0_wd0.3_tiersNone,1002,0.0,0.3,erand,in,0.4933578037004114,,,,,0.5196528841245535,,,,,,,,final
kimi,kimi_add_rho0_wd0.3_tiersNone,1002,0.0,0.3,etop,in,0.3589831565812737,,,,,0.7638050626069725,,,,,,,,final
kimi,kimi_add_rho0_wd0.3_tiersNone,1002,0.0,0.3,lowpass,in,57.91918403747391,,,,,,,,,,,,,final
kimi,kimi_add_rho0_wd0.3_tiersNone,1002,0.0,0.3,randk,both,,,,,,,,,,,,,,final
kimi,kimi_add_rho0_wd0.3_tiersNone,1002,0.0,0.3,randk,in,,,,,,,,,,,,,,final
kimi,kimi_add_rho0_wd0.3_tiersNone,1002,0.0,0.3,randk,out,,,,,,,,,,,,,,final
kimi,kimi_add_rho0_wd0.3_tiersNone,1002,0.0,0.3,residual,both,,,,,,,,,,,,,,final
kimi,kimi_add_rho0_wd0.3_tiersNone,1002,0.0,0.3,residual,in,,,,,,,,,,,,,,final
kimi,kimi_add_rho0_wd0.3_tiersNone,1002,0.0,0.3,residual,out,,,,,,,,,,,,,,final
kimi,kimi_add_rho0_wd0.3_tiersNone,1002,0.0,0.3,topk,both,0.8739883196908511,,,,,,,,,,,,,final
kimi,kimi_add_rho0_wd0.3_tiersNone,1002,0.0,0.3,topk,in,0.8783219880640223,,,,,,,,,,,,,final
kimi,kimi_add_rho0_wd0.3_tiersNone,1002,0.0,0.3,topk,out,0.877204059142124,,,,,,,,,,,,,final
mamba,mamba_add_rho0.02_wd0.1_tiersNone,1000,0.02,0.1,ebottom,in,0.7386250296840587,0.23980582524263266,0.963963963963964,0.963963963963964,0.9787386251218338,-0.001261147644356364,0.9774774774774775,,,,,,,final
mamba,mamba_add_rho0.02_wd0.1_tiersNone,1000,0.02,0.1,erand,in,0.5478123935986393,0.3216216216215243,0.1486486486486486,0.13963963963963957,0.4129202168567992,0.4144071104705282,0.8273273273273274,,,,,,,final
mamba,mamba_add_rho0.02_wd0.1_tiersNone,1000,0.02,0.1,etop,in,0.3423162014975375,0.8057142857142676,0.0135135135135135,0.009009009009009,-0.7472084732241475,0.9859472119628863,0.23873873873873874,,,,,,,final
mamba,mamba_add_rho0.02_wd0.1_tiersNone,1000,0.02,0.1,lowpass,in,55.699847444724526,55.96250000002503,0.0135135135135135,0.0,,,,,,,,,,final
mamba,mamba_add_rho0.02_wd0.1_tiersNone,1000,0.02,0.1,neurons,units,,,0.0945945945945946,0.0945945945945946,,,,0.0045045045045043475,0.0,0.0045045045045043475,0.04891897572737136,0.0006305738221782375,0.0495495495495496,final
mamba,mamba_add_rho0.02_wd0.1_tiersNone,1000,0.02,0.1,randk,both,,,0.036036036036036,0.036036036036036,,,,,,,,,,final
mamba,mamba_add_rho0.02_wd0.1_tiersNone,1000,0.02,0.1,randk,in,,,0.0315315315315315,0.0315315315315315,,,,,,,,,,final
mamba,mamba_add_rho0.02_wd0.1_tiersNone,1000,0.02,0.1,randk,out,,,0.009009009009009,0.009009009009009,,,,,,,,,,final
mamba,mamba_add_rho0.02_wd0.1_tiersNone,1000,0.02,0.1,randunits,units,,,0.006006006006006,0.006006006006006,,,,0.0026727024294809962,0.00033030057352190223,0.0030030030030028985,0.00423439383893387,0.001771612167072038,0.006006006006005908,final
mamba,mamba_add_rho0.02_wd0.1_tiersNone,1000,0.02,0.1,residual,both,,,0.036036036036036,0.036036036036036,,,,,,,,,,final
mamba,mamba_add_rho0.02_wd0.1_tiersNone,1000,0.02,0.1,residual,in,,,0.0315315315315315,0.0315315315315315,,,,,,,,,,final
mamba,mamba_add_rho0.02_wd0.1_tiersNone,1000,0.02,0.1,residual,out,,,0.009009009009009,0.009009009009009,,,,,,,,,,final
mamba,mamba_add_rho0.02_wd0.1_tiersNone,1000,0.02,0.1,topk,both,0.8624057315232531,0.8738425925924653,0.0,0.0,,,,,,,,,,final
mamba,mamba_add_rho0.02_wd0.1_tiersNone,1000,0.02,0.1,topk,in,0.8695502141835957,0.9062499999998029,0.0,0.0,,,,,,,,,,final
mamba,mamba_add_rho0.02_wd0.1_tiersNone,1000,0.02,0.1,topk,out,0.8722380863213784,0.9088235294115573,0.0,0.0,,,,,,,,,,final
mamba,mamba_add_rho0.02_wd0.1_tiersNone,1001,0.02,0.1,ebottom,in,0.7376006755000757,0.2435294117645922,0.9234234234234234,0.9234234234234234,0.9299097313690592,-0.0019818034411311913,0.927927927927928,,,,,,,final
mamba,mamba_add_rho0.02_wd0.1_tiersNone,1001,0.02,0.1,erand,in,0.5356283314487815,0.29875776397474674,0.10210210210210206,0.08708708708708703,0.46955242784447354,0.36528240699036135,0.8348348348348349,,,,,,,final
mamba,mamba_add_rho0.02_wd0.1_tiersNone,1001,0.02,0.1,etop,in,0.2896895213451499,0.7441176470585354,0.0045045045045045,0.0,-0.6094629896990047,0.960814341050356,0.3513513513513513,,,,,,,final
mamba,mamba_add_rho0.02_wd0.1_tiersNone,1001,0.02,0.1,lowpass,in,17.244050549823566,46.52873563218766,0.6261261261261262,0.6261261261261262,,,,,,,,,,final
mamba,mamba_add_rho0.02_wd0.1_tiersNone,1001,0.02,0.1,neurons,units,,,0.1576576576576576,0.1576576576576576,,,,0.022972932395506795,-0.00045040987298439195,0.022522522522522403,0.11351343235858136,-0.0009008197459687839,0.11261261261261257,final
mamba,mamba_add_rho0.02_wd0.1_tiersNone,1001,0.02,0.1,randk,both,,,0.0765765765765765,0.0765765765765765,,,,,,,,,,final
mamba,mamba_add_rho0.02_wd0.1_tiersNone,1001,0.02,0.1,randk,in,,,0.0315315315315315,0.0315315315315315,,,,,,,,,,final
mamba,mamba_add_rho0.02_wd0.1_tiersNone,1001,0.02,0.1,randk,out,,,0.0,0.0,,,,,,,,,,final
mamba,mamba_add_rho0.02_wd0.1_tiersNone,1001,0.02,0.1,randunits,units,,,0.012012012012012,0.012012012012012,,,,-0.0007506831216409123,0.0007506831216409123,0.0,-0.0007205205385550917,0.0022220220400565407,0.0015015015015014492,final
mamba,mamba_add_rho0.02_wd0.1_tiersNone,1001,0.02,0.1,residual,both,,,0.0765765765765765,0.0765765765765765,,,,,,,,,,final
mamba,mamba_add_rho0.02_wd0.1_tiersNone,1001,0.02,0.1,residual,in,,,0.0315315315315315,0.0315315315315315,,,,,,,,,,final
mamba,mamba_add_rho0.02_wd0.1_tiersNone,1001,0.02,0.1,residual,out,,,0.0,0.0,,,,,,,,,,final
mamba,mamba_add_rho0.02_wd0.1_tiersNone,1001,0.02,0.1,topk,both,0.8607197355034355,0.8761467889906973,0.0045045045045045,0.0,,,,,,,,,,final
mamba,mamba_add_rho0.02_wd0.1_tiersNone,1001,0.02,0.1,topk,in,0.8707453328303469,0.9002732240435336,0.0,0.0,,,,,,,,,,final
mamba,mamba_add_rho0.02_wd0.1_tiersNone,1001,0.02,0.1,topk,out,0.8713348585300824,,0.0,0.0,,,,,,,,,,final
mamba,mamba_add_rho0.02_wd0.1_tiersNone,1002,0.02,0.1,ebottom,in,0.7538713519951166,0.2929577464785826,0.8783783783783784,0.8783783783783784,0.9158557260079647,-0.0014413115935502097,0.9144144144144145,,,,,,,final
mamba,mamba_add_rho0.02_wd0.1_tiersNone,1002,0.02,0.1,erand,in,0.5367650297288649,0.3420792079206533,0.09759759759759756,0.07657657657657653,0.4183887066960665,0.44797765967029995,0.8663663663663664,,,,,,,final
mamba,mamba_add_rho0.02_wd0.1_tiersNone,1002,0.02,0.1,etop,in,0.19281051517271874,0.36666666666568004,0.0135135135135135,0.0045045045045045,-0.6362169303796185,0.9920727862354743,0.3558558558558559,,,,,,,final
mamba,mamba_add_rho0.02_wd0.1_tiersNone,1002,0.02,0.1,lowpass,in,22.443575964830796,53.53191489364925,0.1531531531531531,0.0,,,,,,,,,,final
mamba,mamba_add_rho0.02_wd0.1_tiersNone,1002,0.02,0.1,neurons,units,,,0.2432432432432432,0.2432432432432432,,,,0.02306301437010383,-0.0005404918475814258,0.022522522522522403,0.12225219544379984,-0.0006305738221782375,0.1216216216216216,final
mamba,mamba_add_rho0.02_wd0.1_tiersNone,1002,0.02,0.1,randk,both,,,0.0315315315315315,0.0315315315315315,,,,,,,,,,final
mamba,mamba_add_rho0.02_wd0.1_tiersNone,1002,0.02,0.1,randk,in,,,0.0135135135135135,0.0135135135135135,,,,,,,,,,final
mamba,mamba_add_rho0.02_wd0.1_tiersNone,1002,0.02,0.1,randk,out,,,0.0045045045045045,0.0045045045045045,,,,,,,,,,final
mamba,mamba_add_rho0.02_wd0.1_tiersNone,1002,0.02,0.1,randunits,units,,,0.0075075075075075005,0.0075075075075075005,,,,0.0014114195269045633,9.008197459688579e-05,0.0015015015015014492,0.00309322023581989,0.0014112842686844578,0.0045045045045043475,final
mamba,mamba_add_rho0.02_wd0.1_tiersNone,1002,0.02,0.1,residual,both,,,0.0315315315315315,0.0315315315315315,,,,,,,,,,final
mamba,mamba_add_rho0.02_wd0.1_tiersNone,1002,0.02,0.1,residual,in,,,0.0135135135135135,0.0135135135135135,,,,,,,,,,final
mamba,mamba_add_rho0.02_wd0.1_tiersNone,1002,0.02,0.1,residual,out,,,0.0045045045045045,0.0045045045045045,,,,,,,,,,final
mamba,mamba_add_rho0.02_wd0.1_tiersNone,1002,0.02,0.1,topk,both,0.8633631011772841,0.8785046728970629,0.0,0.0,,,,,,,,,,final
mamba,mamba_add_rho0.02_wd0.1_tiersNone,1002,0.02,0.1,topk,in,0.8715782319301257,0.8841463414632693,0.0045045045045045,0.0045045045045045,,,,,,,,,,final
mamba,mamba_add_rho0.02_wd0.1_tiersNone,1002,0.02,0.1,topk,out,0.8715216173310908,0.9955752212384555,0.0,0.0,,,,,,,,,,final
mamba,mamba_add_rho0.02_wd0.3_tiersNone,1000,0.02,0.3,ebottom,in,0.7420187282228949,0.18217821782160157,0.9594594594594594,0.9594594594594594,0.9796394448678029,-0.002161967390325148,0.9774774774774777,,,,,,,final
mamba,mamba_add_rho0.02_wd0.3_tiersNone,1000,0.02,0.3,erand,in,0.5242948257275594,0.2603092783503084,0.2237237237237237,0.14414414414414414,0.4167042008227489,0.41662913251058464,0.8333333333333336,,,,,,,final
mamba,mamba_add_rho0.02_wd0.3_tiersNone,1000,0.02,0.3,etop,in,0.2405309364546614,0.8103896103895805,0.027027027027027,0.027027027027027,-0.67504794227612,0.9678407350689129,0.2927927927927929,,,,,,,final
mamba,mamba_add_rho0.02_wd0.3_tiersNone,1000,0.02,0.3,lowpass,in,59.19128104711578,56.01257861637731,0.0135135135135135,0.0045045045045045,,,,,,,,,,final
mamba,mamba_add_rho0.02_wd0.3_tiersNone,1000,0.02,0.3,neurons,units,,,0.0765765765765765,0.0765765765765765,,,,0.022882850420910206,-0.00036032789838758017,0.022522522522522626,0.07531542893222021,0.001261147644356475,0.07657657657657668,final
mamba,mamba_add_rho0.02_wd0.3_tiersNone,1000,0.02,0.3,randk,both,,,0.1261261261261261,0.1261261261261261,,,,,,,,,,final
mamba,mamba_add_rho0.02_wd0.3_tiersNone,1000,0.02,0.3,randk,in,,,0.0855855855855855,0.0855855855855855,,,,,,,,,,final
mamba,mamba_add_rho0.02_wd0.3_tiersNone,1000,0.02,0.3,randk,out,,,0.009009009009009,0.009009009009009,,,,,,,,,,final
mamba,mamba_add_rho0.02_wd0.3_tiersNone,1000,0.02,0.3,randunits,units,,,0.0225225225225225,0.0225225225225225,,,,0.0056456781076186235,0.00036032789838758017,0.006006006006006204,0.012732938325227408,0.0022820766897876745,0.015015015015015084,final
mamba,mamba_add_rho0.02_wd0.3_tiersNone,1000,0.02,0.3,residual,both,,,0.1261261261261261,0.1261261261261261,,,,,,,,,,final
mamba,mamba_add_rho0.02_wd0.3_tiersNone,1000,0.02,0.3,residual,in,,,0.0855855855855855,0.0855855855855855,,,,,,,,,,final
mamba,mamba_add_rho0.02_wd0.3_tiersNone,1000,0.02,0.3,residual,out,,,0.018018018018018,0.018018018018018,,,,,,,,,,final
mamba,mamba_add_rho0.02_wd0.3_tiersNone,1000,0.02,0.3,topk,both,0.8488234321612369,0.8744186046510343,0.0045045045045045,0.0045045045045045,,,,,,,,,,final
mamba,mamba_add_rho0.02_wd0.3_tiersNone,1000,0.02,0.3,topk,in,0.8608703365773286,0.9036312849160106,0.0045045045045045,0.0045045045045045,,,,,,,,,,final
mamba,mamba_add_rho0.02_wd0.3_tiersNone,1000,0.02,0.3,topk,out,0.8669229649751335,0.9084302325579351,0.0045045045045045,0.0045045045045045,,,,,,,,,,final
mamba,mamba_add_rho0.02_wd0.3_tiersNone,1001,0.02,0.3,ebottom,in,0.70827860352572,0.22236842105256624,0.9234234234234234,0.9234234234234234,0.9351348916703389,-0.0027024592379064627,0.9324324324324325,,,,,,,final
mamba,mamba_add_rho0.02_wd0.3_tiersNone,1001,0.02,0.3,erand,in,0.6611252204584102,0.27890295358627615,0.2537537537537537,0.11111111111111105,0.5968950664023179,0.20190373239648077,0.7987987987987988,,,,,,,final
mamba,mamba_add_rho0.02_wd0.3_tiersNone,1001,0.02,0.3,etop,in,0.41810290734151834,0.494915254236931,0.0045045045045045,0.0,-0.33613967088428853,0.849653184397802,0.5135135135135135,,,,,,,final
mamba,mamba_add_rho0.02_wd0.3_tiersNone,1001,0.02,0.3,lowpass,in,19.875253843928892,51.09523809527845,0.3648648648648648,0.2612612612612612,,,,,,,,,,final
mamba,mamba_add_rho0.02_wd0.3_tiersNone,1001,0.02,0.3,neurons,units,,0.29651162790664154,0.3198198198198198,0.3198198198198198,,,,0.009279254932799685,-0.00027024592379065737,0.009009009009009028,0.19675688660464818,0.0014413115935499876,0.19819819819819817,final
mamba,mamba_add_rho0.02_wd0.3_tiersNone,1001,0.02,0.3,randk,both,,,0.072072072072072,0.072072072072072,,,,,,,,,,final
mamba,mamba_add_rho0.02_wd0.3_tiersNone,1001,0.02,0.3,randk,in,,,0.054054054054054,0.054054054054054,,,,,,,,,,final
mamba,mamba_add_rho0.02_wd0.3_tiersNone,1001,0.02,0.3,randk,out,,,0.0,0.0,,,,,,,,,,final
mamba,mamba_add_rho0.02_wd0.3_tiersNone,1001,0.02,0.3,randunits,units,,,0.0015015015015015,0.0015015015015015,,,,0.0012913102274420367,0.00021019127405941251,0.0015015015015014492,0.00303316558608883,0.0014713389184157026,0.004504504504504532,final
mamba,mamba_add_rho0.02_wd0.3_tiersNone,1001,0.02,0.3,residual,both,,,0.072072072072072,0.072072072072072,,,,,,,,,,final
mamba,mamba_add_rho0.02_wd0.3_tiersNone,1001,0.02,0.3,residual,in,,,0.054054054054054,0.054054054054054,,,,,,,,,,final
mamba,mamba_add_rho0.02_wd0.3_tiersNone,1001,0.02,0.3,residual,out,,,0.009009009009009,0.009009009009009,,,,,,,,,,final
mamba,mamba_add_rho0.02_wd0.3_tiersNone,1001,0.02,0.3,topk,both,0.8532824222935534,0.8755656108596024,0.009009009009009,0.0,,,,,,,,,,final
mamba,mamba_add_rho0.02_wd0.3_tiersNone,1001,0.02,0.3,topk,in,0.863605797967597,0.9016393442621111,0.0,0.0,,,,,,,,,,final
mamba,mamba_add_rho0.02_wd0.3_tiersNone,1001,0.02,0.3,topk,out,0.8690652111734845,0.9405594405591446,0.0,0.0,,,,,,,,,,final
mamba,mamba_add_rho0.02_wd0.3_tiersNone,1002,0.02,0.3,ebottom,in,0.7026802884615313,0.2236842105262466,0.9054054054054054,0.9054054054054054,0.9289188296484937,-0.0009909017205655957,0.9279279279279281,,,,,,,final
mamba,mamba_add_rho0.02_wd0.3_tiersNone,1002,0.02,0.3,erand,in,0.6496055354369307,0.3120300751879097,0.2447447447447447,0.2447447447447447,0.6567742862220838,0.19457706512926778,0.8513513513513516,,,,,,,final
mamba,mamba_add_rho0.02_wd0.3_tiersNone,1002,0.02,0.3,etop,in,0.37333631751691615,0.36923076923047365,0.0135135135135135,0.009009009009009,-0.3552281224563001,0.9678407350689129,0.6126126126126128,,,,,,,final
mamba,mamba_add_rho0.02_wd0.3_tiersNone,1002,0.02,0.3,lowpass,in,22.550930996718535,54.275862068995714,0.2657657657657657,0.1846846846846846,,,,,,,,,,final
mamba,mamba_add_rho0.02_wd0.3_tiersNone,1002,0.02,0.3,neurons,units,,,0.2477477477477477,0.2477477477477477,,,,0.009279254932799796,-0.00027024592379054635,0.00900900900900925,0.17468477395511006,0.0009909017205658177,0.17567567567567588,final
mamba,mamba_add_rho0.02_wd0.3_tiersNone,1002,0.02,0.3,randk,both,,,0.0855855855855855,0.0855855855855855,,,,,,,,,,final
mamba,mamba_add_rho0.02_wd0.3_tiersNone,1002,0.02,0.3,randk,in,,,0.058558558558558495,0.058558558558558495,,,,,,,,,,final
mamba,mamba_add_rho0.02_wd0.3_tiersNone,1002,0.02,0.3,randk,out,,,0.009009009009009,0.009009009009009,,,,,,,,,,final
mamba,mamba_add_rho0.02_wd0.3_tiersNone,1002,0.02,0.3,randunits,units,,,0.0165165165165165,0.0165165165165165,,,,0.002582620454884147,0.0004203825481189731,0.0030030030030031205,0.006516605786941798,0.0009909017205658177,0.007507507507507616,final
mamba,mamba_add_rho0.02_wd0.3_tiersNone,1002,0.02,0.3,residual,both,,,0.0855855855855855,0.0855855855855855,,,,,,,,,,final
mamba,mamba_add_rho0.02_wd0.3_tiersNone,1002,0.02,0.3,residual,in,,,0.0585585585585585,0.0585585585585585,,,,,,,,,,final
mamba,mamba_add_rho0.02_wd0.3_tiersNone,1002,0.02,0.3,residual,out,,,0.009009009009009,0.009009009009009,,,,,,,,,,final
mamba,mamba_add_rho0.02_wd0.3_tiersNone,1002,0.02,0.3,topk,both,0.8553333685543989,0.8732227488150363,0.0045045045045045,0.0045045045045045,,,,,,,,,,final
mamba,mamba_add_rho0.02_wd0.3_tiersNone,1002,0.02,0.3,topk,in,0.8658647243475293,0.9005524861876606,0.0045045045045045,0.0045045045045045,,,,,,,,,,final
mamba,mamba_add_rho0.02_wd0.3_tiersNone,1002,0.02,0.3,topk,out,0.870540324852001,0.9460431654673128,0.0045045045045045,0.0045045045045045,,,,,,,,,,final
mamba,mamba_add_rho0.05_wd0.1_tiersNone,1000,0.05,0.1,ebottom,in,0.7639228845899843,0.2536016949151282,0.9873873873873874,0.9873873873873874,0.9923417336803521,-0.006756148094766434,0.9855855855855856,,,,,,,final
mamba,mamba_add_rho0.05_wd0.1_tiersNone,1000,0.05,0.1,erand,in,0.5305532165711504,0.3520533880901711,0.20480480480480479,0.05405405405405403,0.41099557353948873,0.3841996216557065,0.7951951951951952,,,,,,,final
mamba,mamba_add_rho0.05_wd0.1_tiersNone,1000,0.05,0.1,etop,in,0.23165760869557872,0.7615107913666609,0.009009009009009,0.0018018018018018,-0.8600913317605506,0.9862174578866768,0.12612612612612617,,,,,,,final
mamba,mamba_add_rho0.05_wd0.1_tiersNone,1000,0.05,0.1,lowpass,in,38.45300034687929,49.71283783788337,0.09009009009009,0.0018018018018018,,,,,,,,,,final
mamba,mamba_add_rho0.05_wd0.1_tiersNone,1000,0.05,0.1,neurons,units,,,0.0486486486486486,0.0486486486486486,,,,0.009909666445113707,-0.0027024592379064627,0.007207207207207245,0.05324299166295421,-0.0027925412125036075,0.0504504504504506,final
mamba,mamba_add_rho0.05_wd0.1_tiersNone,1000,0.05,0.1,randk,both,,,0.0216216216216216,0.0216216216216216,,,,,,,,,,final
mamba,mamba_add_rho0.05_wd0.1_tiersNone,1000,0.05,0.1,randk,in,,,0.0144144144144144,0.0144144144144144,,,,,,,,,,final
mamba,mamba_add_rho0.05_wd0.1_tiersNone,1000,0.05,0.1,randk,out,,,0.0018018018018018,0.0018018018018018,,,,,,,,,,final
mamba,mamba_add_rho0.05_wd0.1_tiersNone,1000,0.05,0.1,randunits,units,,,0.012012012012012,0.012012012012012,,,,-0.0018016935952256026,0.0012010929946250082,-0.0006006006006005945,-0.006786067213055709,0.007987268414256898,0.001201201201201189,final
mamba,mamba_add_rho0.05_wd0.1_tiersNone,1000,0.05,0.1,residual,both,,,0.0216216216216216,0.0216216216216216,,,,,,,,,,final
mamba,mamba_add_rho0.05_wd0.1_tiersNone,1000,0.05,0.1,residual,in,,,0.0144144144144144,0.0144144144144144,,,,,,,,,,final
mamba,mamba_add_rho0.05_wd0.1_tiersNone,1000,0.05,0.1,residual,out,,,0.0018018018018018,0.0018018018018018,,,,,,,,,,final
mamba,mamba_add_rho0.05_wd0.1_tiersNone,1000,0.05,0.1,topk,both,0.8365005966585967,0.8766084558822238,0.0144144144144144,0.0018018018018018,,,,,,,,,,final
mamba,mamba_add_rho0.05_wd0.1_tiersNone,1000,0.05,0.1,topk,in,0.8559645337822378,0.8899291497974137,0.0018018018018018,0.0018018018018018,,,,,,,,,,final
mamba,mamba_add_rho0.05_wd0.1_tiersNone,1000,0.05,0.1,topk,out,0.8661314686676456,0.9234374999997593,0.0018018018018018,0.0018018018018018,,,,,,,,,,final
mamba,mamba_add_rho0.05_wd0.1_tiersNone,1001,0.05,0.1,ebottom,in,0.8265560471975967,0.27057522123876476,0.954954954954955,0.954954954954955,0.9668464248412002,-0.004684262679037987,0.9621621621621622,,,,,,,final
mamba,mamba_add_rho0.05_wd0.1_tiersNone,1001,0.05,0.1,erand,in,0.6682383808092545,0.3600877192979531,0.3501501501501501,0.18918918918918914,0.6289936274442175,0.16259796414737407,0.7915915915915916,,,,,,,final
mamba,mamba_add_rho0.05_wd0.1_tiersNone,1001,0.05,0.1,etop,in,0.3346996386629663,0.7383333333331915,0.0072072072072072,0.0018018018018018,-0.7039685573331191,0.9490136023781642,0.2450450450450451,,,,,,,final
mamba,mamba_add_rho0.05_wd0.1_tiersNone,1001,0.05,0.1,lowpass,in,33.32331902721083,46.94915254237535,0.1639639639639639,0.1639639639639639,,,,,,,,,,final
mamba,mamba_add_rho0.05_wd0.1_tiersNone,1001,0.05,0.1,neurons,units,,,0.1387387387387387,0.1387387387387387,,,,0.007657454770327421,-0.0022520493649219597,0.005405405405405461,0.07378346727954865,-0.003513197009278435,0.07027027027027022,final
mamba,mamba_add_rho0.05_wd0.1_tiersNone,1001,0.05,0.1,randk,both,,,0.0306306306306306,0.0306306306306306,,,,,,,,,,final
mamba,mamba_add_rho0.05_wd0.1_tiersNone,1001,0.05,0.1,randk,in,,,0.018018018018018,0.018018018018018,,,,,,,,,,final
mamba,mamba_add_rho0.05_wd0.1_tiersNone,1001,0.05,0.1,randk,out,,,0.0018018018018018,0.0018018018018018,,,,,,,,,,final
mamba,mamba_add_rho0.05_wd0.1_tiersNone,1001,0.05,0.1,randunits,units,,,0.0084084084084084,0.0084084084084084,,,,-0.0006305738221780895,0.0006305738221780895,0.0,-0.0028525958622345935,0.0028525958622345935,0.0,final
mamba,mamba_add_rho0.05_wd0.1_tiersNone,1001,0.05,0.1,residual,both,,,0.0306306306306306,0.0306306306306306,,,,,,,,,,final
mamba,mamba_add_rho0.05_wd0.1_tiersNone,1001,0.05,0.1,residual,in,,,0.018018018018018,0.018018018018018,,,,,,,,,,final
mamba,mamba_add_rho0.05_wd0.1_tiersNone,1001,0.05,0.1,residual,out,,,0.0018018018018018,0.0018018018018018,,,,,,,,,,final
mamba,mamba_add_rho0.05_wd0.1_tiersNone,1001,0.05,0.1,topk,both,0.8380200308165252,0.8749999999998722,0.0054054054054054,0.0018018018018018,,,,,,,,,,final
mamba,mamba_add_rho0.05_wd0.1_tiersNone,1001,0.05,0.1,topk,in,0.8575088431126515,0.8876262626261083,0.0054054054054054,0.0018018018018018,,,,,,,,,,final
mamba,mamba_add_rho0.05_wd0.1_tiersNone,1001,0.05,0.1,topk,out,0.8695502795942255,0.936824324324044,0.0018018018018018,0.0018018018018018,,,,,,,,,,final
mamba,mamba_add_rho0.05_wd0.1_tiersNone,1002,0.05,0.1,ebottom,in,0.8141838487972238,0.31887417218536107,0.8918918918918919,0.8918918918918919,0.8652248681435242,-0.003963606882262827,0.8612612612612613,,,,,,,final
mamba,mamba_add_rho0.05_wd0.1_tiersNone,1002,0.05,0.1,erand,in,0.5447135997254768,0.35068681318658135,0.12492492492492487,0.10990990990990986,0.45828871840942814,0.3381076779869683,0.7963963963963964,,,,,,,final
mamba,mamba_add_rho0.05_wd0.1_tiersNone,1002,0.05,0.1,etop,in,0.33502288329510554,0.6729885057466607,0.0126126126126126,0.0036036036036036,-0.5431551901419482,0.9773894243761825,0.43423423423423424,,,,,,,final
mamba,mamba_add_rho0.05_wd0.1_tiersNone,1002,0.05,0.1,lowpass,in,49.199062011512126,53.84636871511505,0.0342342342342342,0.0,,,,,,,,,,final
mamba,mamba_add_rho0.05_wd0.1_tiersNone,1002,0.05,0.1,neurons,units,,,0.1243243243243243,0.1243243243243243,,,,0.003333195369948583,-0.0015313935681467994,0.0018018018018017834,0.036756529522946835,-0.002522295288712617,0.03423423423423422,final
mamba,mamba_add_rho0.05_wd0.1_tiersNone,1002,0.05,0.1,randk,both,,,0.0108108108108108,0.0108108108108108,,,,,,,,,,final
mamba,mamba_add_rho0.05_wd0.1_tiersNone,1002,0.05,0.1,randk,in,,,0.0036036036036036,0.0036036036036036,,,,,,,,,,final
mamba,mamba_add_rho0.05_wd0.1_tiersNone,1002,0.05,0.1,randk,out,,,0.0,0.0,,,,,,,,,,final
mamba,mamba_add_rho0.05_wd0.1_tiersNone,1002,0.05,0.1,randunits,units,,,0.0024024024024024,0.0024024024024024,,,,-0.0005404918475813517,0.0005404918475813517,0.0,-0.0002999486289280891,0.003903552232531693,0.0036036036036036037,final
mamba,mamba_add_rho0.05_wd0.1_tiersNone,1002,0.05,0.1,residual,both,,,0.0108108108108108,0.0108108108108108,,,,,,,,,,final
mamba,mamba_add_rho0.05_wd0.1_tiersNone,1002,0.05,0.1,residual,in,,,0.0036036036036036,0.0036036036036036,,,,,,,,,,final
mamba,mamba_add_rho0.05_wd0.1_tiersNone,1002,0.05,0.1,residual,out,,,0.0,0.0,,,,,,,,,,final
mamba,mamba_add_rho0.05_wd0.1_tiersNone,1002,0.05,0.1,topk,both,0.8444573996131215,0.8761405109487774,0.0054054054054054,0.0,,,,,,,,,,final
mamba,mamba_add_rho0.05_wd0.1_tiersNone,1002,0.05,0.1,topk,in,0.8623354105939042,0.8816666666665275,0.0036036036036036,0.0,,,,,,,,,,final
mamba,mamba_add_rho0.05_wd0.1_tiersNone,1002,0.05,0.1,topk,out,0.867392874337862,0.9595921450147543,0.0018018018018018,0.0,,,,,,,,,,final
mamba,mamba_add_rho0.05_wd0.3_tiersNone,1000,0.05,0.3,ebottom,in,0.7932284694330578,0.22362385321094905,0.9855855855855856,0.9855855855855856,0.9884680464628218,-0.004684262679037987,0.9837837837837838,,,,,,,final
mamba,mamba_add_rho0.05_wd0.3_tiersNone,1000,0.05,0.3,erand,in,0.6187476962771263,0.32627314814804687,0.2852852852852853,0.21741741741741738,0.4819207100082697,0.31988109179353225,0.8018018018018019,,,,,,,final
mamba,mamba_add_rho0.05_wd0.3_tiersNone,1000,0.05,0.3,etop,in,0.26039741219942375,0.7486206896549863,0.009009009009009,0.009009009009009,-0.7936064521417192,0.9683812269164941,0.17477477477477488,,,,,,,final
mamba,mamba_add_rho0.05_wd0.3_tiersNone,1000,0.05,0.3,lowpass,in,38.87536656893352,53.550143266508165,0.1045045045045045,0.0036036036036036,,,,,,,,,,final
mamba,mamba_add_rho0.05_wd0.3_tiersNone,1000,0.05,0.3,neurons,units,,,0.0594594594594594,0.0594594594594594,,,,0.005765733303793041,-0.00036032789838758017,0.005405405405405461,0.04027037577168191,0.0011710656697595523,0.04144144144144146,final
mamba,mamba_add_rho0.05_wd0.3_tiersNone,1000,0.05,0.3,randk,both,,,0.04684684684684679,0.04684684684684679,,,,,,,,,,final
mamba,mamba_add_rho0.05_wd0.3_tiersNone,1000,0.05,0.3,randk,in,,,0.045045045045045,0.045045045045045,,,,,,,,,,final
mamba,mamba_add_rho0.05_wd0.3_tiersNone,1000,0.05,0.3,randk,out,,,0.0054054054054054,0.0054054054054054,,,,,,,,,,final
mamba,mamba_add_rho0.05_wd0.3_tiersNone,1000,0.05,0.3,randunits,units,,,0.009009009009009,0.009009009009009,,,,-0.0002401103923489837,0.0014413115935502097,0.0012012012012012259,0.0018022346281061734,0.004804371978500477,0.0066066066066066504,final
mamba,mamba_add_rho0.05_wd0.3_tiersNone,1000,0.05,0.3,residual,both,,,0.0468468468468468,0.0468468468468468,,,,,,,,,,final
mamba,mamba_add_rho0.05_wd0.3_tiersNone,1000,0.05,0.3,residual,in,,,0.045045045045045,0.045045045045045,,,,,,,,,,final
mamba,mamba_add_rho0.05_wd0.3_tiersNone,1000,0.05,0.3,residual,out,,,0.0126126126126126,0.0126126126126126,,,,,,,,,,final
mamba,mamba_add_rho0.05_wd0.3_tiersNone,1000,0.05,0.3,topk,both,0.8314740420270823,0.8752297794116369,0.0054054054054054,0.0036036036036036,,,,,,,,,,final
mamba,mamba_add_rho0.05_wd0.3_tiersNone,1000,0.05,0.3,topk,in,0.8493096050169323,0.8891414141412581,0.0036036036036036,0.0036036036036036,,,,,,,,,,final
mamba,mamba_add_rho0.05_wd0.3_tiersNone,1000,0.05,0.3,topk,out,0.8587384851585254,0.9013888888887022,0.0036036036036036,0.0036036036036036,,,,,,,,,,final
mamba,mamba_add_rho0.05_wd0.3_tiersNone,1001,0.05,0.3,ebottom,in,0.8092350915352361,0.2276119402984312,0.9693693693693692,0.9693693693693692,0.9763960880076547,-0.003423115034681623,0.972972972972973,,,,,,,final
mamba,mamba_add_rho0.05_wd0.3_tiersNone,1001,0.05,0.3,erand,in,0.6681983511148711,0.3582964601767764,0.19099099099099096,0.1099099099099099,0.5544636970994958,0.21370447106867238,0.7681681681681681,,,,,,,final
mamba,mamba_add_rho0.05_wd0.3_tiersNone,1001,0.05,0.3,etop,in,0.34704317897355375,0.7417857142855486,0.009009009009009,0.009009009009009,-0.7053197869520722,0.9503648319971173,0.2450450450450451,,,,,,,final
mamba,mamba_add_rho0.05_wd0.3_tiersNone,1001,0.05,0.3,lowpass,in,24.032713754712603,48.140287769835794,0.1711711711711711,0.1603603603603603,,,,,,,,,,final
mamba,mamba_add_rho0.05_wd0.3_tiersNone,1001,0.05,0.3,neurons,units,,,0.1783783783783784,0.1783783783783784,,,,0.0018918837763988172,-9.008197459703382e-05,0.0018018018018017834,0.02801792874759279,-0.0009909017205658177,0.027027027027026973,final
mamba,mamba_add_rho0.05_wd0.3_tiersNone,1001,0.05,0.3,randk,both,,,0.0612612612612612,0.0612612612612612,,,,,,,,,,final
mamba,mamba_add_rho0.05_wd0.3_tiersNone,1001,0.05,0.3,randk,in,,,0.0378378378378378,0.0378378378378378,,,,,,,,,,final
mamba,mamba_add_rho0.05_wd0.3_tiersNone,1001,0.05,0.3,randk,out,,,0.006006006006006,0.006006006006006,,,,,,,,,,final
mamba,mamba_add_rho0.05_wd0.3_tiersNone,1001,0.05,0.3,randunits,units,,,0.006606606606606599,0.006606606606606599,,,,0.0011412006547580529,0.0006606011470437304,0.0018018018018017834,-0.0019816952345551955,0.0031828964357563847,0.001201201201201189,final
mamba,mamba_add_rho0.05_wd0.3_tiersNone,1001,0.05,0.3,residual,both,,,0.0612612612612612,0.0612612612612612,,,,,,,,,,final
mamba,mamba_add_rho0.05_wd0.3_tiersNone,1001,0.05,0.3,residual,in,,,0.0378378378378378,0.0378378378378378,,,,,,,,,,final
mamba,mamba_add_rho0.05_wd0.3_tiersNone,1001,0.05,0.3,residual,out,,,0.0072072072072072,0.0072072072072072,,,,,,,,,,final
mamba,mamba_add_rho0.05_wd0.3_tiersNone,1001,0.05,0.3,topk,both,0.8267438173746542,0.8754553734060663,0.0054054054054054,0.0018018018018018,,,,,,,,,,final
mamba,mamba_add_rho0.05_wd0.3_tiersNone,1001,0.05,0.3,topk,in,0.8454537758210792,0.8871047430828536,0.0018018018018018,0.0018018018018018,,,,,,,,,,final
mamba,mamba_add_rho0.05_wd0.3_tiersNone,1001,0.05,0.3,topk,out,0.8615201005023881,0.9253205128202633,0.0018018018018018,0.0018018018018018,,,,,,,,,,final
mamba,mamba_add_rho0.05_wd0.3_tiersNone,1002,0.05,0.3,ebottom,in,0.7402070442645297,0.24852216748755207,0.9693693693693692,0.9693693693693692,0.9850444444985478,-0.0066660661201694005,0.9783783783783784,,,,,,,final
mamba,mamba_add_rho0.05_wd0.3_tiersNone,1002,0.05,0.3,erand,in,0.42172295363438833,0.28258426966261235,0.07027027027027023,0.0168168168168168,0.3195976446674582,0.5338558087859954,0.8534534534534535,,,,,,,final
mamba,mamba_add_rho0.05_wd0.3_tiersNone,1002,0.05,0.3,etop,in,0.17633838383795583,0.6255434782607154,0.009009009009009,0.0036036036036036,-0.6651362469577046,0.9876587694802271,0.32252252252252256,,,,,,,final
mamba,mamba_add_rho0.05_wd0.3_tiersNone,1002,0.05,0.3,lowpass,in,56.56948529414136,57.73529411766748,0.0702702702702702,0.0,,,,,,,,,,final
mamba,mamba_add_rho0.05_wd0.3_tiersNone,1002,0.05,0.3,neurons,units,,,0.1621621621621621,0.1621621621621621,,,,0.008288190902369874,-0.0010809836951626295,0.007207207207207245,0.07108100804164197,-0.0008107377713717501,0.07027027027027022,final
mamba,mamba_add_rho0.05_wd0.3_tiersNone,1002,0.05,0.3,randk,both,,,0.055855855855855806,0.055855855855855806,,,,,,,,,,final
mamba,mamba_add_rho0.05_wd0.3_tiersNone,1002,0.05,0.3,randk,in,,,0.0342342342342342,0.0342342342342342,,,,,,,,,,final
mamba,mamba_add_rho0.05_wd0.3_tiersNone,1002,0.05,0.3,randk,out,,,0.0018018018018018,0.0018018018018018,,,,,,,,,,final
mamba,mamba_add_rho0.05_wd0.3_tiersNone,1002,0.05,0.3,randunits,units,,,0.004804804804804799,0.004804804804804799,,,,0.0016216378526079007,0.0001801639491938826,0.0018018018018017834,0.0022225089696488545,0.0031828964357565326,0.0054054054054053875,final
mamba,mamba_add_rho0.05_wd0.3_tiersNone,1002,0.05,0.3,residual,both,,,0.0558558558558558,0.0558558558558558,,,,,,,,,,final
mamba,mamba_add_rho0.05_wd0.3_tiersNone,1002,0.05,0.3,residual,in,,,0.0342342342342342,0.0342342342342342,,,,,,,,,,final
mamba,mamba_add_rho0.05_wd0.3_tiersNone,1002,0.05,0.3,residual,out,,,0.0018018018018018,0.0018018018018018,,,,,,,,,,final
mamba,mamba_add_rho0.05_wd0.3_tiersNone,1002,0.05,0.3,topk,both,0.8391997416626362,0.8743081180810536,0.0018018018018018,0.0,,,,,,,,,,final
mamba,mamba_add_rho0.05_wd0.3_tiersNone,1002,0.05,0.3,topk,in,0.8550396825395592,0.8856060606059086,0.0036036036036036,0.0,,,,,,,,,,final
mamba,mamba_add_rho0.05_wd0.3_tiersNone,1002,0.05,0.3,topk,out,0.8669104071517542,0.9690514469449467,0.0018018018018018,0.0018018018018018,,,,,,,,,,final
mamba,mamba_add_rho0_wd0.1_tiersNone,1000,0.0,0.1,ebottom,in,0.6428323334384353,,,,,0.040987298441582,,,,,,,,final
mamba,mamba_add_rho0_wd0.1_tiersNone,1000,0.0,0.1,erand,in,0.5392377420682896,,,,,0.3570248926523136,,,,,,,,final
mamba,mamba_add_rho0_wd0.1_tiersNone,1000,0.0,0.1,etop,in,0.34694362689596536,,,,,0.9315376993063688,,,,,,,,final
mamba,mamba_add_rho0_wd0.1_tiersNone,1000,0.0,0.1,lowpass,in,56.1813804173599,,,,,,,,,,,,,final
mamba,mamba_add_rho0_wd0.1_tiersNone,1000,0.0,0.1,randk,both,,,,,,,,,,,,,,final
mamba,mamba_add_rho0_wd0.1_tiersNone,1000,0.0,0.1,randk,in,,,,,,,,,,,,,,final
mamba,mamba_add_rho0_wd0.1_tiersNone,1000,0.0,0.1,randk,out,,,,,,,,,,,,,,final
mamba,mamba_add_rho0_wd0.1_tiersNone,1000,0.0,0.1,residual,both,,,,,,,,,,,,,,final
mamba,mamba_add_rho0_wd0.1_tiersNone,1000,0.0,0.1,residual,in,,,,,,,,,,,,,,final
mamba,mamba_add_rho0_wd0.1_tiersNone,1000,0.0,0.1,residual,out,,,,,,,,,,,,,,final
mamba,mamba_add_rho0_wd0.1_tiersNone,1000,0.0,0.1,topk,both,0.8706575096760748,,,,,,,,,,,,,final
mamba,mamba_add_rho0_wd0.1_tiersNone,1000,0.0,0.1,topk,in,0.8746692518246912,,,,,,,,,,,,,final
mamba,mamba_add_rho0_wd0.1_tiersNone,1000,0.0,0.1,topk,out,0.8749196658096413,,,,,,,,,,,,,final
mamba,mamba_add_rho0_wd0.1_tiersNone,1001,0.0,0.1,ebottom,in,0.7166741121286162,,,,,0.0018016394919377898,,,,,,,,final
mamba,mamba_add_rho0_wd0.1_tiersNone,1001,0.0,0.1,erand,in,0.6532607342872714,,,,,0.19971173768129014,,,,,,,,final
mamba,mamba_add_rho0_wd0.1_tiersNone,1001,0.0,0.1,etop,in,0.363077816492288,,,,,0.878299252319611,,,,,,,,final
mamba,mamba_add_rho0_wd0.1_tiersNone,1001,0.0,0.1,lowpass,in,40.0694237288255,,,,,,,,,,,,,final
mamba,mamba_add_rho0_wd0.1_tiersNone,1001,0.0,0.1,randk,both,,,,,,,,,,,,,,final
mamba,mamba_add_rho0_wd0.1_tiersNone,1001,0.0,0.1,randk,in,,,,,,,,,,,,,,final
mamba,mamba_add_rho0_wd0.1_tiersNone,1001,0.0,0.1,randk,out,,,,,,,,,,,,,,final
mamba,mamba_add_rho0_wd0.1_tiersNone,1001,0.0,0.1,residual,both,,,,,,,,,,,,,,final
mamba,mamba_add_rho0_wd0.1_tiersNone,1001,0.0,0.1,residual,in,,,,,,,,,,,,,,final
mamba,mamba_add_rho0_wd0.1_tiersNone,1001,0.0,0.1,residual,out,,,,,,,,,,,,,,final
mamba,mamba_add_rho0_wd0.1_tiersNone,1001,0.0,0.1,topk,both,0.8681859770777894,,,,,,,,,,,,,final
mamba,mamba_add_rho0_wd0.1_tiersNone,1001,0.0,0.1,topk,in,0.8738275862067701,,,,,,,,,,,,,final
mamba,mamba_add_rho0_wd0.1_tiersNone,1001,0.0,0.1,topk,out,0.875354204753072,,,,,,,,,,,,,final
mamba,mamba_add_rho0_wd0.1_tiersNone,1002,0.0,0.1,ebottom,in,0.7347520184543516,,,,,0.004323934780650407,,,,,,,,final
mamba,mamba_add_rho0_wd0.1_tiersNone,1002,0.0,0.1,erand,in,0.651717923153484,,,,,0.11131129327688212,,,,,,,,final
mamba,mamba_add_rho0_wd0.1_tiersNone,1002,0.0,0.1,etop,in,0.43043566775230546,,,,,0.6537248896495813,,,,,,,,final
mamba,mamba_add_rho0_wd0.1_tiersNone,1002,0.0,0.1,lowpass,in,17.07717934485111,,,,,,,,,,,,,final
mamba,mamba_add_rho0_wd0.1_tiersNone,1002,0.0,0.1,randk,both,,,,,,,,,,,,,,final
mamba,mamba_add_rho0_wd0.1_tiersNone,1002,0.0,0.1,randk,in,,,,,,,,,,,,,,final
mamba,mamba_add_rho0_wd0.1_tiersNone,1002,0.0,0.1,randk,out,,,,,,,,,,,,,,final
mamba,mamba_add_rho0_wd0.1_tiersNone,1002,0.0,0.1,residual,both,,,,,,,,,,,,,,final
mamba,mamba_add_rho0_wd0.1_tiersNone,1002,0.0,0.1,residual,in,,,,,,,,,,,,,,final
mamba,mamba_add_rho0_wd0.1_tiersNone,1002,0.0,0.1,residual,out,,,,,,,,,,,,,,final
mamba,mamba_add_rho0_wd0.1_tiersNone,1002,0.0,0.1,topk,both,0.8706078209123134,,,,,,,,,,,,,final
mamba,mamba_add_rho0_wd0.1_tiersNone,1002,0.0,0.1,topk,in,0.874507242390779,,,,,,,,,,,,,final
mamba,mamba_add_rho0_wd0.1_tiersNone,1002,0.0,0.1,topk,out,0.8763397764747707,,,,,,,,,,,,,final
mamba,mamba_add_rho0_wd0.3_tiersNone,1000,0.0,0.3,ebottom,in,0.6506990044480909,,,,,0.001711557517340756,,,,,,,,final
mamba,mamba_add_rho0_wd0.3_tiersNone,1000,0.0,0.3,erand,in,0.620993094675568,,,,,0.22817764165390506,,,,,,,,final
mamba,mamba_add_rho0_wd0.3_tiersNone,1000,0.0,0.3,etop,in,0.37846793349147956,,,,,0.7992973605981444,,,,,,,,final
mamba,mamba_add_rho0_wd0.3_tiersNone,1000,0.0,0.3,lowpass,in,44.62513426424207,,,,,,,,,,,,,final
mamba,mamba_add_rho0_wd0.3_tiersNone,1000,0.0,0.3,randk,both,,,,,,,,,,,,,,final
mamba,mamba_add_rho0_wd0.3_tiersNone,1000,0.0,0.3,randk,in,,,,,,,,,,,,,,final
mamba,mamba_add_rho0_wd0.3_tiersNone,1000,0.0,0.3,randk,out,,,,,,,,,,,,,,final
mamba,mamba_add_rho0_wd0.3_tiersNone,1000,0.0,0.3,residual,both,,,,,,,,,,,,,,final
mamba,mamba_add_rho0_wd0.3_tiersNone,1000,0.0,0.3,residual,in,,,,,,,,,,,,,,final
mamba,mamba_add_rho0_wd0.3_tiersNone,1000,0.0,0.3,residual,out,,,,,,,,,,,,,,final
mamba,mamba_add_rho0_wd0.3_tiersNone,1000,0.0,0.3,topk,both,0.873651079136564,,,,,,,,,,,,,final
mamba,mamba_add_rho0_wd0.3_tiersNone,1000,0.0,0.3,topk,in,0.8755916082641855,,,,,,,,,,,,,final
mamba,mamba_add_rho0_wd0.3_tiersNone,1000,0.0,0.3,topk,out,0.8775885180732721,,,,,,,,,,,,,final
mamba,mamba_add_rho0_wd0.3_tiersNone,1001,0.0,0.3,ebottom,in,0.6424070148389919,,,,,0.046482298891991625,,,,,,,,final
mamba,mamba_add_rho0_wd0.3_tiersNone,1001,0.0,0.3,erand,in,0.6076893746822355,,,,,0.3454643725790469,,,,,,,,final
mamba,mamba_add_rho0_wd0.3_tiersNone,1001,0.0,0.3,etop,in,0.41421207658316417,,,,,0.7620935050896316,,,,,,,,final
mamba,mamba_add_rho0_wd0.3_tiersNone,1001,0.0,0.3,lowpass,in,39.412122889578654,,,,,,,,,,,,,final
mamba,mamba_add_rho0_wd0.3_tiersNone,1001,0.0,0.3,randk,both,,,,,,,,,,,,,,final
mamba,mamba_add_rho0_wd0.3_tiersNone,1001,0.0,0.3,randk,in,,,,,,,,,,,,,,final
mamba,mamba_add_rho0_wd0.3_tiersNone,1001,0.0,0.3,randk,out,,,,,,,,,,,,,,final
mamba,mamba_add_rho0_wd0.3_tiersNone,1001,0.0,0.3,residual,both,,,,,,,,,,,,,,final
mamba,mamba_add_rho0_wd0.3_tiersNone,1001,0.0,0.3,residual,in,,,,,,,,,,,,,,final
mamba,mamba_add_rho0_wd0.3_tiersNone,1001,0.0,0.3,residual,out,,,,,,,,,,,,,,final
mamba,mamba_add_rho0_wd0.3_tiersNone,1001,0.0,0.3,topk,both,0.8589872309750581,,,,,,,,,,,,,final
mamba,mamba_add_rho0_wd0.3_tiersNone,1001,0.0,0.3,topk,in,0.8706884298302531,,,,,,,,,,,,,final
mamba,mamba_add_rho0_wd0.3_tiersNone,1001,0.0,0.3,topk,out,0.8753605321919062,,,,,,,,,,,,,final
mamba,mamba_add_rho0_wd0.3_tiersNone,1002,0.0,0.3,ebottom,in,0.8005298150841459,,,,,9.008197459681178e-05,,,,,,,,final
mamba,mamba_add_rho0_wd0.3_tiersNone,1002,0.0,0.3,erand,in,0.7517152957577314,,,,,0.00927844338347894,,,,,,,,final
mamba,mamba_add_rho0_wd0.3_tiersNone,1002,0.0,0.3,etop,in,0.5608816521047377,,,,,0.1547608323574453,,,,,,,,final
mamba,mamba_add_rho0_wd0.3_tiersNone,1002,0.0,0.3,lowpass,in,19.3147335423279,,,,,,,,,,,,,final
mamba,mamba_add_rho0_wd0.3_tiersNone,1002,0.0,0.3,randk,both,,,,,,,,,,,,,,final
mamba,mamba_add_rho0_wd0.3_tiersNone,1002,0.0,0.3,randk,in,,,,,,,,,,,,,,final
mamba,mamba_add_rho0_wd0.3_tiersNone,1002,0.0,0.3,randk,out,,,,,,,,,,,,,,final
mamba,mamba_add_rho0_wd0.3_tiersNone,1002,0.0,0.3,residual,both,,,,,,,,,,,,,,final
mamba,mamba_add_rho0_wd0.3_tiersNone,1002,0.0,0.3,residual,in,,,,,,,,,,,,,,final
mamba,mamba_add_rho0_wd0.3_tiersNone,1002,0.0,0.3,residual,out,,,,,,,,,,,,,,final
mamba,mamba_add_rho0_wd0.3_tiersNone,1002,0.0,0.3,topk,both,0.8757262823421339,,,,,,,,,,,,,final
mamba,mamba_add_rho0_wd0.3_tiersNone,1002,0.0,0.3,topk,in,0.8757142209322152,,,,,,,,,,,,,final
mamba,mamba_add_rho0_wd0.3_tiersNone,1002,0.0,0.3,topk,out,0.8757704160245268,,,,,,,,,,,,,final
transformer,transformer_add_rho0.02_wd0.1_tiersNone,1000,0.02,0.1,ebottom,in,0.62468297101441,0.2849999999996855,0.4774774774774775,0.4774774774774775,0.6312835220591277,0.24709485631925066,0.8783783783783784,,,,,,,final
transformer,transformer_add_rho0.02_wd0.1_tiersNone,1000,0.02,0.1,erand,in,0.4495313313657959,0.22710280373814906,0.15465465465465458,0.08708708708708703,0.27608799683387547,0.5767648560189774,0.8528528528528528,,,,,,,final
transformer,transformer_add_rho0.02_wd0.1_tiersNone,1000,0.02,0.1,etop,in,0.3239683301342293,0.19102564102538194,0.0765765765765765,0.018018018018018,0.07691620996728632,0.7699306368795606,0.846846846846847,,,,,,,final
transformer,transformer_add_rho0.02_wd0.1_tiersNone,1000,0.02,0.1,lowpass,in,32.12109181145813,51.98387096778135,0.1666666666666666,0.018018018018018,,,,,,,,,,final
transformer,transformer_add_rho0.02_wd0.1_tiersNone,1000,0.02,0.1,neurons,units,,,0.3828828828828828,0.3828828828828828,,,,0.032072023379112635,-0.0005404918475812037,0.03153153153153143,0.19207181237628923,-0.0028826231870999752,0.18918918918918926,final
transformer,transformer_add_rho0.02_wd0.1_tiersNone,1000,0.02,0.1,randk,both,,,0.3828828828828828,0.3828828828828828,,,,,,,,,,final
transformer,transformer_add_rho0.02_wd0.1_tiersNone,1000,0.02,0.1,randk,in,,,0.069069069069069,0.069069069069069,,,,,,,,,,final
transformer,transformer_add_rho0.02_wd0.1_tiersNone,1000,0.02,0.1,randk,out,,,0.1171171171171171,0.1171171171171171,,,,,,,,,,final
transformer,transformer_add_rho0.02_wd0.1_tiersNone,1000,0.02,0.1,randunits,units,,,0.024024024024024,0.024024024024024,,,,-0.0008407650962376501,0.000840765096237687,3.700743415417188e-17,-0.0042338528060536324,0.004233852806053669,3.700743415417188e-17,final
transformer,transformer_add_rho0.02_wd0.1_tiersNone,1000,0.02,0.1,residual,both,,0.9519230769222148,0.481981981981982,0.481981981981982,,,,,,,,,,final
transformer,transformer_add_rho0.02_wd0.1_tiersNone,1000,0.02,0.1,residual,in,,,0.0855855855855855,0.0855855855855855,,,,,,,,,,final
transformer,transformer_add_rho0.02_wd0.1_tiersNone,1000,0.02,0.1,residual,out,,,0.1171171171171171,0.1171171171171171,,,,,,,,,,final
transformer,transformer_add_rho0.02_wd0.1_tiersNone,1000,0.02,0.1,topk,both,0.7160752979410621,0.8725728155338485,0.018018018018018,0.018018018018018,,,,,,,,,,final
transformer,transformer_add_rho0.02_wd0.1_tiersNone,1000,0.02,0.1,topk,in,0.8406945088043319,0.8596938775508962,0.018018018018018,0.018018018018018,,,,,,,,,,final
transformer,transformer_add_rho0.02_wd0.1_tiersNone,1000,0.02,0.1,topk,out,0.8595944433135339,,0.018018018018018,0.018018018018018,,,,,,,,,,final
transformer,transformer_add_rho0.02_wd0.1_tiersNone,1001,0.02,0.1,ebottom,in,0.6157011289363713,0.2899999999995005,0.4549549549549549,0.4504504504504504,0.6066919545434997,0.28069543284388787,0.8873873873873875,,,,,,,final
transformer,transformer_add_rho0.02_wd0.1_tiersNone,1001,0.02,0.1,erand,in,0.40180659983290307,0.24751381215452128,0.1561561561561561,0.08408408408408408,0.22864549983728447,0.6317148605230759,0.8603603603603603,,,,,,,final
transformer,transformer_add_rho0.02_wd0.1_tiersNone,1001,0.02,0.1,etop,in,0.24665479018190106,0.15940594059392885,0.0990990990990991,0.018018018018018,-0.0027154440270374947,0.8585712998828934,0.8558558558558559,,,,,,,final
transformer,transformer_add_rho0.02_wd0.1_tiersNone,1001,0.02,0.1,lowpass,in,30.3492633848398,43.42857142858049,0.1756756756756756,0.1756756756756756,,,,,,,,,,final
transformer,transformer_add_rho0.02_wd0.1_tiersNone,1001,0.02,0.1,neurons,units,,0.2831050228306961,0.5315315315315315,0.5315315315315315,,,,0.032792679175887796,-0.001261147644356364,0.03153153153153143,0.24720685012550625,-0.003963606882262938,0.2432432432432433,final
transformer,transformer_add_rho0.02_wd0.1_tiersNone,1001,0.02,0.1,randk,both,,,0.3288288288288288,0.3288288288288288,,,,,,,,,,final
transformer,transformer_add_rho0.02_wd0.1_tiersNone,1001,0.02,0.1,randk,in,,,0.0405405405405405,0.0405405405405405,,,,,,,,,,final
transformer,transformer_add_rho0.02_wd0.1_tiersNone,1001,0.02,0.1,randk,out,,,0.0990990990990991,0.0990990990990991,,,,,,,,,,final
transformer,transformer_add_rho0.02_wd0.1_tiersNone,1001,0.02,0.1,randunits,units,,,0.033033033033033,0.033033033033033,,,,0.002672702429481255,0.0003303005735218652,0.0030030030030031205,-0.0034833049426328624,0.0019818034411313392,-0.0015015015015015232,final
transformer,transformer_add_rho0.02_wd0.1_tiersNone,1001,0.02,0.1,residual,both,,0.8719512195115348,0.5720720720720721,0.5720720720720721,,,,,,,,,,final
transformer,transformer_add_rho0.02_wd0.1_tiersNone,1001,0.02,0.1,residual,in,,,0.0675675675675675,0.0675675675675675,,,,,,,,,,final
transformer,transformer_add_rho0.02_wd0.1_tiersNone,1001,0.02,0.1,residual,out,,,0.0990990990990991,0.0990990990990991,,,,,,,,,,final
transformer,transformer_add_rho0.02_wd0.1_tiersNone,1001,0.02,0.1,topk,both,0.7248640072524939,0.8744131455397764,0.018018018018018,0.018018018018018,,,,,,,,,,final
transformer,transformer_add_rho0.02_wd0.1_tiersNone,1001,0.02,0.1,topk,in,0.8463941499494486,0.8663366336632385,0.018018018018018,0.018018018018018,,,,,,,,,,final
transformer,transformer_add_rho0.02_wd0.1_tiersNone,1001,0.02,0.1,topk,out,0.8635114390411746,,0.018018018018018,0.018018018018018,,,,,,,,,,final
transformer,transformer_add_rho0.02_wd0.1_tiersNone,1002,0.02,0.1,ebottom,in,0.5888817148757782,0.2749999999997551,0.5540540540540541,0.5540540540540541,0.597493448768109,0.17728132600666602,0.774774774774775,,,,,,,final
transformer,transformer_add_rho0.02_wd0.1_tiersNone,1002,0.02,0.1,erand,in,0.5312805944055033,0.263829787233741,0.33483483483483484,0.15165165165165165,0.3754095957050649,0.3798456595501906,0.7552552552552555,,,,,,,final
transformer,transformer_add_rho0.02_wd0.1_tiersNone,1002,0.02,0.1,etop,in,0.28123229461713795,0.21632653061217091,0.1126126126126126,0.054054054054054,-0.004879440290664339,0.8382127736239978,0.8333333333333335,,,,,,,final
transformer,transformer_add_rho0.02_wd0.1_tiersNone,1002,0.02,0.1,lowpass,in,44.74986609534978,57.87341772154164,0.2162162162162162,0.054054054054054,,,,,,,,,,final
transformer,transformer_add_rho0.02_wd0.1_tiersNone,1002,0.02,0.1,neurons,units,,0.2559523809520269,0.5945945945945946,0.5945945945945946,,,,0.06909896113571468,-0.0015313935681469104,0.06756756756756777,0.3119814707059103,-0.005675164399603805,0.3063063063063065,final
transformer,transformer_add_rho0.02_wd0.1_tiersNone,1002,0.02,0.1,randk,both,,,0.3108108108108108,0.3108108108108108,,,,,,,,,,final
transformer,transformer_add_rho0.02_wd0.1_tiersNone,1002,0.02,0.1,randk,in,,,0.08858858858858853,0.08858858858858853,,,,,,,,,,final
transformer,transformer_add_rho0.02_wd0.1_tiersNone,1002,0.02,0.1,randk,out,,,0.2117117117117117,0.2117117117117117,,,,,,,,,,final
transformer,transformer_add_rho0.02_wd0.1_tiersNone,1002,0.02,0.1,randunits,units,,,0.058558558558558495,0.058558558558558495,,,,0.0010811189533828831,0.000420382548118714,0.0015015015015015971,-0.0005103292644953831,0.0020118307659969803,0.0015015015015015971,final
transformer,transformer_add_rho0.02_wd0.1_tiersNone,1002,0.02,0.1,residual,both,,0.7453703703693616,0.7207207207207207,0.7207207207207207,,,,,,,,,,final
transformer,transformer_add_rho0.02_wd0.1_tiersNone,1002,0.02,0.1,residual,in,,,0.1261261261261261,0.1261261261261261,,,,,,,,,,final
transformer,transformer_add_rho0.02_wd0.1_tiersNone,1002,0.02,0.1,residual,out,,,0.2117117117117117,0.2117117117117117,,,,,,,,,,final
transformer,transformer_add_rho0.02_wd0.1_tiersNone,1002,0.02,0.1,topk,both,0.6911819817115692,0.8577127659573196,0.054054054054054,0.054054054054054,,,,,,,,,,final
transformer,transformer_add_rho0.02_wd0.1_tiersNone,1002,0.02,0.1,topk,in,0.7833795562598462,0.8343373493974776,0.054054054054054,0.054054054054054,,,,,,,,,,final
transformer,transformer_add_rho0.02_wd0.1_tiersNone,1002,0.02,0.1,topk,out,0.8693060928431988,,0.054054054054054,0.054054054054054,,,,,,,,,,final
transformer,transformer_add_rho0.02_wd0.3_tiersNone,1000,0.02,0.3,ebottom,in,0.5653530895329599,0.2024999999999861,0.6171171171171171,0.6171171171171171,0.4647203279308493,0.39564003242951107,0.8603603603603603,,,,,,,final
transformer,transformer_add_rho0.02_wd0.3_tiersNone,1000,0.02,0.3,erand,in,0.4651361621276543,0.2313513513512385,0.3048048048048047,0.27777777777777773,0.23614759701598712,0.5716602107918207,0.8078078078078078,,,,,,,final
transformer,transformer_add_rho0.02_wd0.3_tiersNone,1000,0.02,0.3,etop,in,0.39336212411995,0.24716981132055713,0.2027027027027027,0.2027027027027027,0.03294809087080042,0.7238086658859564,0.7567567567567568,,,,,,,final
transformer,transformer_add_rho0.02_wd0.3_tiersNone,1000,0.02,0.3,lowpass,in,15.015367316343877,41.60000000001236,0.4099099099099099,0.2567567567567567,,,,,,,,,,final
transformer,transformer_add_rho0.02_wd0.3_tiersNone,1000,0.02,0.3,neurons,units,,0.26851851851809977,0.5495495495495496,0.5495495495495496,,,,0.051261107066890244,-0.001711557517340756,0.04954954954954949,0.2617112653595851,-0.004954508602828422,0.2567567567567567,final
transformer,transformer_add_rho0.02_wd0.3_tiersNone,1000,0.02,0.3,randk,both,,,0.26426426426426425,0.26426426426426425,,,,,,,,,,final
transformer,transformer_add_rho0.02_wd0.3_tiersNone,1000,0.02,0.3,randk,in,,,0.10210210210210209,0.10210210210210209,,,,,,,,,,final
transformer,transformer_add_rho0.02_wd0.3_tiersNone,1000,0.02,0.3,randk,out,,,0.2207207207207207,0.2207207207207207,,,,,,,,,,final
transformer,transformer_add_rho0.02_wd0.3_tiersNone,1000,0.02,0.3,randunits,units,,,0.1216216216216216,0.1216216216216216,,,,0.006006006006005944,7.401486830834377e-17,0.006006006006006019,0.005315377534096499,0.0006906284719095194,0.006006006006006019,final
transformer,transformer_add_rho0.02_wd0.3_tiersNone,1000,0.02,0.3,residual,both,,0.8245614035084815,0.6666666666666666,0.6666666666666666,,,,,,,,,,final
transformer,transformer_add_rho0.02_wd0.3_tiersNone,1000,0.02,0.3,residual,in,,,0.1261261261261261,0.1261261261261261,,,,,,,,,,final
transformer,transformer_add_rho0.02_wd0.3_tiersNone,1000,0.02,0.3,residual,out,,,0.2207207207207207,0.2207207207207207,,,,,,,,,,final
transformer,transformer_add_rho0.02_wd0.3_tiersNone,1000,0.02,0.3,topk,both,0.8206486096536222,0.8731884057969693,0.09009009009009,0.09009009009009,,,,,,,,,,final
transformer,transformer_add_rho0.02_wd0.3_tiersNone,1000,0.02,0.3,topk,in,0.8601321024175026,0.8638743455496058,0.09009009009009,0.09009009009009,,,,,,,,,,final
transformer,transformer_add_rho0.02_wd0.3_tiersNone,1000,0.02,0.3,topk,out,0.8723401694587563,,0.09009009009009,0.09009009009009,,,,,,,,,,final
transformer,transformer_add_rho0.02_wd0.3_tiersNone,1001,0.02,0.3,ebottom,in,0.5499999999998502,0.30847457627115454,0.6036036036036037,0.6036036036036037,0.49732635076297804,0.32249346905684173,0.8198198198198198,,,,,,,final
transformer,transformer_add_rho0.02_wd0.3_tiersNone,1001,0.02,0.3,erand,in,0.4802619589971132,0.2851562499995569,0.2237237237237237,0.18018018018018014,0.27440078579615557,0.5153890039936342,0.7897897897897899,,,,,,,final
transformer,transformer_add_rho0.02_wd0.3_tiersNone,1001,0.02,0.3,etop,in,0.3556639877533035,0.2710526315785322,0.0945945945945946,0.0495495495495495,0.09303520257488374,0.6907485812089,0.7837837837837838,,,,,,,final
transformer,transformer_add_rho0.02_wd0.3_tiersNone,1001,0.02,0.3,lowpass,in,28.57737556561659,41.185185185199195,0.2252252252252252,0.2252252252252252,,,,,,,,,,final
transformer,transformer_add_rho0.02_wd0.3_tiersNone,1001,0.02,0.3,neurons,units,,0.26553672316346977,0.5765765765765766,0.5765765765765766,,,,0.04738717638456402,-0.0023421313395189935,0.04504504504504503,0.29729689152263694,-0.0045040987298442525,0.2927927927927927,final
transformer,transformer_add_rho0.02_wd0.3_tiersNone,1001,0.02,0.3,randk,both,,,0.2087087087087087,0.2087087087087087,,,,,,,,,,final
transformer,transformer_add_rho0.02_wd0.3_tiersNone,1001,0.02,0.3,randk,in,,,0.0645645645645645,0.0645645645645645,,,,,,,,,,final
transformer,transformer_add_rho0.02_wd0.3_tiersNone,1001,0.02,0.3,randk,out,,,0.20270270270270271,0.20270270270270271,,,,,,,,,,final
transformer,transformer_add_rho0.02_wd0.3_tiersNone,1001,0.02,0.3,randunits,units,,,0.09759759759759752,0.09759759759759752,,,,-0.0003002732486561503,0.0003002732486561503,0.0,0.014534577817164903,0.00048043719784995886,0.015015015015014862,final
transformer,transformer_add_rho0.02_wd0.3_tiersNone,1001,0.02,0.3,residual,both,,0.9099999999992896,0.5630630630630631,0.5630630630630631,,,,,,,,,,final
transformer,transformer_add_rho0.02_wd0.3_tiersNone,1001,0.02,0.3,residual,in,,,0.0990990990990991,0.0990990990990991,,,,,,,,,,final
transformer,transformer_add_rho0.02_wd0.3_tiersNone,1001,0.02,0.3,residual,out,,,0.2027027027027027,0.2027027027027027,,,,,,,,,,final
transformer,transformer_add_rho0.02_wd0.3_tiersNone,1001,0.02,0.3,topk,both,0.7602886977886778,0.8785046728970629,0.0495495495495495,0.0495495495495495,,,,,,,,,,final
transformer,transformer_add_rho0.02_wd0.3_tiersNone,1001,0.02,0.3,topk,in,0.8492279371358279,0.8643216080400735,0.0495495495495495,0.0495495495495495,,,,,,,,,,final
transformer,transformer_add_rho0.02_wd0.3_tiersNone,1001,0.02,0.3,topk,out,0.8668376191850817,,0.0495495495495495,0.0495495495495495,,,,,,,,,,final
transformer,transformer_add_rho0.02_wd0.3_tiersNone,1002,0.02,0.3,ebottom,in,0.5975247524749727,0.19253731343252922,0.7387387387387387,0.7387387387387387,0.6370398413908007,0.1422394378884786,0.7792792792792793,,,,,,,final
transformer,transformer_add_rho0.02_wd0.3_tiersNone,1002,0.02,0.3,erand,in,0.4881573796159551,0.21301369863007763,0.37237237237237236,0.2147147147147147,0.24422061914179738,0.5155391406179625,0.7597597597597598,,,,,,,final
transformer,transformer_add_rho0.02_wd0.3_tiersNone,1002,0.02,0.3,etop,in,0.19447604790387762,0.14923076923060108,0.1261261261261261,0.1081081081081081,-0.11127031003618715,0.8995585983244754,0.7882882882882882,,,,,,,final
transformer,transformer_add_rho0.02_wd0.3_tiersNone,1002,0.02,0.3,lowpass,in,48.29168186798347,59.500000000020634,0.1981981981981982,0.1081081081081081,,,,,,,,,,final
transformer,transformer_add_rho0.02_wd0.3_tiersNone,1002,0.02,0.3,neurons,units,,0.18992248062003486,0.6621621621621622,0.6621621621621622,,,,0.10081065661643984,-0.001711557517340756,0.09909909909909909,0.3690987176709185,-0.004233852806053595,0.3648648648648649,final
transformer,transformer_add_rho0.02_wd0.3_tiersNone,1002,0.02,0.3,randk,both,,,0.4099099099099099,0.4099099099099099,,,,,,,,,,final
transformer,transformer_add_rho0.02_wd0.3_tiersNone,1002,0.02,0.3,randk,in,,,0.1576576576576576,0.1576576576576576,,,,,,,,,,final
transformer,transformer_add_rho0.02_wd0.3_tiersNone,1002,0.02,0.3,randk,out,,,0.3378378378378378,0.3378378378378378,,,,,,,,,,final
transformer,transformer_add_rho0.02_wd0.3_tiersNone,1002,0.02,0.3,randunits,units,,,0.1081081081081081,0.1081081081081081,,,,-0.01822820929207743,0.00021019127405937552,-0.018018018018018056,-0.011621386272318604,0.002612377263309614,-0.009009009009008992,final
transformer,transformer_add_rho0.02_wd0.3_tiersNone,1002,0.02,0.3,residual,both,,0.6555555555547881,0.7837837837837838,0.7837837837837838,,,,,,,,,,final
transformer,transformer_add_rho0.02_wd0.3_tiersNone,1002,0.02,0.3,residual,in,,,0.2207207207207207,0.2207207207207207,,,,,,,,,,final
transformer,transformer_add_rho0.02_wd0.3_tiersNone,1002,0.02,0.3,residual,out,,,0.3378378378378378,0.3378378378378378,,,,,,,,,,final
transformer,transformer_add_rho0.02_wd0.3_tiersNone,1002,0.02,0.3,topk,both,0.7825767212592842,0.8611111111109865,0.1081081081081081,0.1081081081081081,,,,,,,,,,final
transformer,transformer_add_rho0.02_wd0.3_tiersNone,1002,0.02,0.3,topk,in,0.8329010009764501,0.8453757225432302,0.1081081081081081,0.1081081081081081,,,,,,,,,,final
transformer,transformer_add_rho0.02_wd0.3_tiersNone,1002,0.02,0.3,topk,out,0.8699431099872283,,0.1081081081081081,0.1081081081081081,,,,,,,,,,final
transformer,transformer_add_rho0.05_wd0.1_tiersNone,1000,0.05,0.1,ebottom,in,0.6786613715612411,0.37283464566897306,0.5297297297297298,0.5297297297297298,0.7915378129232737,0.0697234483379876,0.8612612612612613,,,,,,,final
transformer,transformer_add_rho0.05_wd0.1_tiersNone,1000,0.05,0.1,erand,in,0.5475340909087311,0.32945619335332615,0.11771771771771766,0.10990990990990983,0.4197984490210418,0.4294508002282076,0.8492492492492493,,,,,,,final
transformer,transformer_add_rho0.05_wd0.1_tiersNone,1000,0.05,0.1,etop,in,0.3766976744183407,0.28999999999963,0.0504504504504504,0.0234234234234234,-0.024885348369719007,0.7726330961174669,0.7477477477477479,,,,,,,final
transformer,transformer_add_rho0.05_wd0.1_tiersNone,1000,0.05,0.1,lowpass,in,37.398316349153404,45.887323943666104,0.1279279279279279,0.1279279279279279,,,,,,,,,,final
transformer,transformer_add_rho0.05_wd0.1_tiersNone,1000,0.05,0.1,neurons,units,,,0.3297297297297297,0.3297297297297297,,,,0.00855843682616042,-0.0013512296189531758,0.007207207207207245,0.13756734844925123,-0.0024322133141160274,0.1351351351351352,final
transformer,transformer_add_rho0.05_wd0.1_tiersNone,1000,0.05,0.1,randk,both,,,0.3063063063063063,0.3063063063063063,,,,,,,,,,final
transformer,transformer_add_rho0.05_wd0.1_tiersNone,1000,0.05,0.1,randk,in,,,0.009009009009009,0.009009009009009,,,,,,,,,,final
transformer,transformer_add_rho0.05_wd0.1_tiersNone,1000,0.05,0.1,randk,out,,,0.0216216216216216,0.0216216216216216,,,,,,,,,,final
transformer,transformer_add_rho0.05_wd0.1_tiersNone,1000,0.05,0.1,randunits,units,,,0.0036036036036036,0.0036036036036036,,,,-0.0015313935681469104,0.0015313935681469104,0.0,-0.007987160207680755,0.009188361408881943,0.001201201201201189,final
transformer,transformer_add_rho0.05_wd0.1_tiersNone,1000,0.05,0.1,residual,both,,,0.3063063063063063,0.3063063063063063,,,,,,,,,,final
transformer,transformer_add_rho0.05_wd0.1_tiersNone,1000,0.05,0.1,residual,in,,,0.009009009009009,0.009009009009009,,,,,,,,,,final
transformer,transformer_add_rho0.05_wd0.1_tiersNone,1000,0.05,0.1,residual,out,,,0.0216216216216216,0.0216216216216216,,,,,,,,,,final
transformer,transformer_add_rho0.05_wd0.1_tiersNone,1000,0.05,0.1,topk,both,0.7177546296291819,0.877327746741023,0.0018018018018018,0.0018018018018018,,,,,,,,,,final
transformer,transformer_add_rho0.05_wd0.1_tiersNone,1000,0.05,0.1,topk,in,0.8619566311127749,0.8754708097927125,0.0036036036036036,0.0018018018018018,,,,,,,,,,final
transformer,transformer_add_rho0.05_wd0.1_tiersNone,1000,0.05,0.1,topk,out,0.8526590058790872,,0.0018018018018018,0.0018018018018018,,,,,,,,,,final
transformer,transformer_add_rho0.05_wd0.1_tiersNone,1001,0.05,0.1,ebottom,in,0.5146125116712847,0.28412322274859386,0.5207207207207207,0.5207207207207207,0.46724676212109784,0.43905954418520854,0.9063063063063064,,,,,,,final
transformer,transformer_add_rho0.05_wd0.1_tiersNone,1001,0.05,0.1,erand,in,0.3874883213947503,0.2746719160101724,0.11231231231231227,0.022822822822822803,0.21924756934215547,0.6480196979251119,0.8672672672672673,,,,,,,final
transformer,transformer_add_rho0.05_wd0.1_tiersNone,1001,0.05,0.1,etop,in,0.23269489247287437,0.16871345029217466,0.0504504504504504,0.0252252252252252,0.005932263224399104,0.848121790829655,0.8540540540540541,,,,,,,final
transformer,transformer_add_rho0.05_wd0.1_tiersNone,1001,0.05,0.1,lowpass,in,27.17170953102375,38.11764705884835,0.1891891891891892,0.09009009009009,,,,,,,,,,final
transformer,transformer_add_rho0.05_wd0.1_tiersNone,1001,0.05,0.1,neurons,units,,,0.4018018018018018,0.4018018018018018,,,,0.015315071850518946,-0.0027024592379063517,0.012612612612612595,0.16792740853636257,-0.0057652463742003945,0.16216216216216217,final
transformer,transformer_add_rho0.05_wd0.1_tiersNone,1001,0.05,0.1,randk,both,,,0.3903903903903904,0.3903903903903904,,,,,,,,,,final
transformer,transformer_add_rho0.05_wd0.1_tiersNone,1001,0.05,0.1,randk,in,,,0.0222222222222222,0.0222222222222222,,,,,,,,,,final
transformer,transformer_add_rho0.05_wd0.1_tiersNone,1001,0.05,0.1,randk,out,,,0.0486486486486486,0.0486486486486486,,,,,,,,,,final
transformer,transformer_add_rho0.05_wd0.1_tiersNone,1001,0.05,0.1,randunits,units,,,0.015015015015015001,0.015015015015015001,,,,0.00021029948063559326,0.0009909017205655957,0.001201201201201189,-0.0044736926819622935,0.008677896886166455,0.004204204204204161,final
transformer,transformer_add_rho0.05_wd0.1_tiersNone,1001,0.05,0.1,residual,both,,,0.4396396396396396,0.4396396396396396,,,,,,,,,,final
transformer,transformer_add_rho0.05_wd0.1_tiersNone,1001,0.05,0.1,residual,in,,,0.0324324324324324,0.0324324324324324,,,,,,,,,,final
transformer,transformer_add_rho0.05_wd0.1_tiersNone,1001,0.05,0.1,residual,out,,,0.0486486486486486,0.0486486486486486,,,,,,,,,,final
transformer,transformer_add_rho0.05_wd0.1_tiersNone,1001,0.05,0.1,topk,both,0.6402879064111885,0.8712197580643805,0.0036036036036036,0.0036036036036036,,,,,,,,,,final
transformer,transformer_add_rho0.05_wd0.1_tiersNone,1001,0.05,0.1,topk,in,0.8147227856658934,0.8618972746329935,0.0054054054054054,0.0036036036036036,,,,,,,,,,final
transformer,transformer_add_rho0.05_wd0.1_tiersNone,1001,0.05,0.1,topk,out,0.8481769687636285,,0.0036036036036036,0.0036036036036036,,,,,,,,,,final
transformer,transformer_add_rho0.05_wd0.1_tiersNone,1002,0.05,0.1,ebottom,in,0.5366968325790626,0.3165760869564717,0.390990990990991,0.3765765765765765,0.5208442385273303,0.3710476533645617,0.891891891891892,,,,,,,final
transformer,transformer_add_rho0.05_wd0.1_tiersNone,1002,0.05,0.1,erand,in,0.4492462570984368,0.28040685224810735,0.19219219219219216,0.10690690690690689,0.2738704112634391,0.6282316908386631,0.9021021021021022,,,,,,,final
transformer,transformer_add_rho0.05_wd0.1_tiersNone,1002,0.05,0.1,etop,in,0.18865241804003186,0.1702095808382067,0.0702702702702702,0.0288288288288288,0.04277741393316581,0.8292946581389063,0.8720720720720722,,,,,,,final
transformer,transformer_add_rho0.05_wd0.1_tiersNone,1002,0.05,0.1,lowpass,in,58.66979776772794,59.895256917011515,0.018018018018018,0.0018018018018018,,,,,,,,,,final
transformer,transformer_add_rho0.05_wd0.1_tiersNone,1002,0.05,0.1,neurons,units,,0.3211050724633023,0.463063063063063,0.463063063063063,,,,0.027477274590147593,-0.0022520493649221818,0.02522522522522541,0.19288238783779743,-0.005495000450409959,0.18738738738738747,final
transformer,transformer_add_rho0.05_wd0.1_tiersNone,1002,0.05,0.1,randk,both,,,0.36456456456456454,0.36456456456456454,,,,,,,,,,final
transformer,transformer_add_rho0.05_wd0.1_tiersNone,1002,0.05,0.1,randk,in,,,0.0216216216216216,0.0216216216216216,,,,,,,,,,final
transformer,transformer_add_rho0.05_wd0.1_tiersNone,1002,0.05,0.1,randk,out,,,0.0576576576576576,0.0576576576576576,,,,,,,,,,final
transformer,transformer_add_rho0.05_wd0.1_tiersNone,1002,0.05,0.1,randunits,units,,,0.0396396396396396,0.0396396396396396,,,,0.0012013094077775177,0.001201092994624971,0.002402402402402489,0.0020125882120298755,0.006395820196378558,0.008408408408408433,final
transformer,transformer_add_rho0.05_wd0.1_tiersNone,1002,0.05,0.1,residual,both,,0.978860294116713,0.5063063063063064,0.5063063063063064,,,,,,,,,,final
transformer,transformer_add_rho0.05_wd0.1_tiersNone,1002,0.05,0.1,residual,in,,,0.027027027027027,0.027027027027027,,,,,,,,,,final
transformer,transformer_add_rho0.05_wd0.1_tiersNone,1002,0.05,0.1,residual,out,,,0.0576576576576576,0.0576576576576576,,,,,,,,,,final
transformer,transformer_add_rho0.05_wd0.1_tiersNone,1002,0.05,0.1,topk,both,0.6508819589160948,0.868330039525562,0.0054054054054054,0.0018018018018018,,,,,,,,,,final
transformer,transformer_add_rho0.05_wd0.1_tiersNone,1002,0.05,0.1,topk,in,0.816161650093962,0.8561681222706137,0.0054054054054054,0.0036036036036036,,,,,,,,,,final
transformer,transformer_add_rho0.05_wd0.1_tiersNone,1002,0.05,0.1,topk,out,0.8555850783961726,,0.0018018018018018,0.0018018018018018,,,,,,,,,,final
transformer,transformer_add_rho0.05_wd0.3_tiersNone,1000,0.05,0.3,ebottom,in,0.5496832473016069,0.2739583333330483,0.6198198198198198,0.6198198198198198,0.6127289887852002,0.2917755157193045,0.9045045045045047,,,,,,,final
transformer,transformer_add_rho0.05_wd0.3_tiersNone,1000,0.05,0.3,erand,in,0.4425492074550238,0.29840116279022144,0.19759759759759757,0.07927927927927919,0.16264389783892538,0.680599345404318,0.8432432432432434,,,,,,,final
transformer,transformer_add_rho0.05_wd0.3_tiersNone,1000,0.05,0.3,etop,in,0.3003629376601178,0.2960526315784797,0.045045045045045,0.018018018018018,0.027461530533325895,0.8229889199171246,0.8504504504504505,,,,,,,final
transformer,transformer_add_rho0.05_wd0.3_tiersNone,1000,0.05,0.3,lowpass,in,44.80242751180639,51.77955271569435,0.1225225225225225,0.018018018018018,,,,,,,,,,final
transformer,transformer_add_rho0.05_wd0.3_tiersNone,1000,0.05,0.3,neurons,units,,0.3106060606056334,0.5225225225225225,0.5225225225225225,,,,0.03180153399052599,-0.00297270516169712,0.028828828828828867,0.19819754895874175,-0.007206557967750715,0.19099099099099104,final
transformer,transformer_add_rho0.05_wd0.3_tiersNone,1000,0.05,0.3,randk,both,,,0.409009009009009,0.409009009009009,,,,,,,,,,final
transformer,transformer_add_rho0.05_wd0.3_tiersNone,1000,0.05,0.3,randk,in,,,0.08528528528528519,0.08528528528528519,,,,,,,,,,final
transformer,transformer_add_rho0.05_wd0.3_tiersNone,1000,0.05,0.3,randk,out,,,0.0882882882882882,0.0882882882882882,,,,,,,,,,final
transformer,transformer_add_rho0.05_wd0.3_tiersNone,1000,0.05,0.3,randunits,units,,,0.039039039039039,0.039039039039039,,,,-0.0011110651233163054,0.0005104645227157478,-0.0006006006006005574,-0.00020986665433094429,0.0038134702579346222,0.003603603603603678,final
transformer,transformer_add_rho0.05_wd0.3_tiersNone,1000,0.05,0.3,residual,both,,,0.4306306306306306,0.4306306306306306,,,,,,,,,,final
transformer,transformer_add_rho0.05_wd0.3_tiersNone,1000,0.05,0.3,residual,in,,,0.09009009009009,0.09009009009009,,,,,,,,,,final
transformer,transformer_add_rho0.05_wd0.3_tiersNone,1000,0.05,0.3,residual,out,,,0.0882882882882882,0.0882882882882882,,,,,,,,,,final
transformer,transformer_add_rho0.05_wd0.3_tiersNone,1000,0.05,0.3,topk,both,0.6825498908634197,0.8749999999998653,0.018018018018018,0.018018018018018,,,,,,,,,,final
transformer,transformer_add_rho0.05_wd0.3_tiersNone,1000,0.05,0.3,topk,in,0.8260587041966725,0.8720873786406451,0.018018018018018,0.018018018018018,,,,,,,,,,final
transformer,transformer_add_rho0.05_wd0.3_tiersNone,1000,0.05,0.3,topk,out,0.8615402032805436,,0.018018018018018,0.018018018018018,,,,,,,,,,final
transformer,transformer_add_rho0.05_wd0.3_tiersNone,1001,0.05,0.3,ebottom,in,0.5431120414672092,0.2650234741782343,0.5891891891891892,0.5891891891891892,0.5608365775017428,0.2860102693451042,0.846846846846847,,,,,,,final
transformer,transformer_add_rho0.05_wd0.3_tiersNone,1001,0.05,0.3,erand,in,0.44077861499804355,0.24764851485128878,0.18258258258258253,0.11891891891891886,0.20894559995541892,0.6294928384830197,0.8384384384384386,,,,,,,final
transformer,transformer_add_rho0.05_wd0.3_tiersNone,1001,0.05,0.3,etop,in,0.35280294450702937,0.24519230769214692,0.1171171171171171,0.0756756756756756,0.021066846505995995,0.8419962165570671,0.8630630630630631,,,,,,,final
transformer,transformer_add_rho0.05_wd0.3_tiersNone,1001,0.05,0.3,lowpass,in,25.751574127088222,35.3333333333678,0.2918918918918919,0.1405405405405405,,,,,,,,,,final
transformer,transformer_add_rho0.05_wd0.3_tiersNone,1001,0.05,0.3,neurons,units,,0.30931372548973035,0.5081081081081081,0.5081081081081081,,,,0.023062770905307395,-0.0032429510854875554,0.01981981981981984,0.21738663264651914,-0.008377623637510045,0.2090090090090091,final
transformer,transformer_add_rho0.05_wd0.3_tiersNone,1001,0.05,0.3,randk,both,,,0.29429429429429427,0.29429429429429427,,,,,,,,,,final
transformer,transformer_add_rho0.05_wd0.3_tiersNone,1001,0.05,0.3,randk,in,,,0.0534534534534534,0.0534534534534534,,,,,,,,,,final
transformer,transformer_add_rho0.05_wd0.3_tiersNone,1001,0.05,0.3,randk,out,,,0.1081081081081081,0.1081081081081081,,,,,,,,,,final
transformer,transformer_add_rho0.05_wd0.3_tiersNone,1001,0.05,0.3,randunits,units,,,0.060060060060060004,0.060060060060060004,,,,-0.00042038254811875103,0.00042038254811886205,1.1102230246251565e-16,0.003904309678564218,0.004504098729844215,0.008408408408408433,final
transformer,transformer_add_rho0.05_wd0.3_tiersNone,1001,0.05,0.3,residual,both,,0.93895348837128,0.5423423423423424,0.5423423423423424,,,,,,,,,,final
transformer,transformer_add_rho0.05_wd0.3_tiersNone,1001,0.05,0.3,residual,in,,,0.0702702702702702,0.0702702702702702,,,,,,,,,,final
transformer,transformer_add_rho0.05_wd0.3_tiersNone,1001,0.05,0.3,residual,out,,,0.1081081081081081,0.1081081081081081,,,,,,,,,,final
transformer,transformer_add_rho0.05_wd0.3_tiersNone,1001,0.05,0.3,topk,both,0.6858167681946036,0.8699127906975455,0.027027027027027,0.027027027027027,,,,,,,,,,final
transformer,transformer_add_rho0.05_wd0.3_tiersNone,1001,0.05,0.3,topk,in,0.8316047026959368,0.8660536779322775,0.027027027027027,0.027027027027027,,,,,,,,,,final
transformer,transformer_add_rho0.05_wd0.3_tiersNone,1001,0.05,0.3,topk,out,0.861465691220864,,0.027027027027027,0.027027027027027,,,,,,,,,,final
transformer,transformer_add_rho0.05_wd0.3_tiersNone,1002,0.05,0.3,ebottom,in,0.6437214611870915,0.2706818181816399,0.6144144144144145,0.6144144144144145,0.727759612598816,0.1316998468606433,0.8594594594594593,,,,,,,final
transformer,transformer_add_rho0.05_wd0.3_tiersNone,1002,0.05,0.3,erand,in,0.5047960618846246,0.2939429928737377,0.33993993993993993,0.18618618618618613,0.3940367355915502,0.4744317328769181,0.8684684684684684,,,,,,,final
transformer,transformer_add_rho0.05_wd0.3_tiersNone,1002,0.05,0.3,etop,in,0.2561371527776696,0.2292727272726682,0.0882882882882882,0.0846846846846846,0.03710078874478451,0.8187550671110713,0.8558558558558558,,,,,,,final
transformer,transformer_add_rho0.05_wd0.3_tiersNone,1002,0.05,0.3,lowpass,in,57.35205677173259,60.42685370742993,0.0882882882882882,0.0306306306306306,,,,,,,,,,final
transformer,transformer_add_rho0.05_wd0.3_tiersNone,1002,0.05,0.3,neurons,units,,0.28501773049610446,0.5657657657657658,0.5657657657657658,,,,0.03324300789393997,-0.00261237726330954,0.03063063063063043,0.23810727221230743,-0.009278443383478718,0.2288288288288287,final
transformer,transformer_add_rho0.05_wd0.3_tiersNone,1002,0.05,0.3,randk,both,,,0.2966966966966967,0.2966966966966967,,,,,,,,,,final
transformer,transformer_add_rho0.05_wd0.3_tiersNone,1002,0.05,0.3,randk,in,,,0.048048048048048,0.048048048048048,,,,,,,,,,final
transformer,transformer_add_rho0.05_wd0.3_tiersNone,1002,0.05,0.3,randk,out,,,0.11891891891891888,0.11891891891891888,,,,,,,,,,final
transformer,transformer_add_rho0.05_wd0.3_tiersNone,1002,0.05,0.3,randunits,units,,,0.0546546546546546,0.0546546546546546,,,,0.0008408733028134238,0.0003603278983876172,0.001201201201201041,0.0016820712253553898,0.004323934780650518,0.006006006006005908,final
transformer,transformer_add_rho0.05_wd0.3_tiersNone,1002,0.05,0.3,residual,both,,0.966304347825043,0.5135135135135135,0.5135135135135135,,,,,,,,,,final
transformer,transformer_add_rho0.05_wd0.3_tiersNone,1002,0.05,0.3,residual,in,,,0.0612612612612612,0.0612612612612612,,,,,,,,,,final
transformer,transformer_add_rho0.05_wd0.3_tiersNone,1002,0.05,0.3,residual,out,,,0.1189189189189189,0.1189189189189189,,,,,,,,,,final
transformer,transformer_add_rho0.05_wd0.3_tiersNone,1002,0.05,0.3,topk,both,0.7246447934188645,0.8703972868215759,0.0306306306306306,0.0306306306306306,,,,,,,,,,final
transformer,transformer_add_rho0.05_wd0.3_tiersNone,1002,0.05,0.3,topk,in,0.8414976825027791,0.8663087934559007,0.0306306306306306,0.0306306306306306,,,,,,,,,,final
transformer,transformer_add_rho0.05_wd0.3_tiersNone,1002,0.05,0.3,topk,out,0.8641826923075641,,0.0306306306306306,0.0306306306306306,,,,,,,,,,final
transformer,transformer_add_rho0_wd0.1_tiersNone,1000,0.0,0.1,ebottom,in,0.6397391679240264,,,,,0.33366363390685516,,,,,,,,final
transformer,transformer_add_rho0_wd0.1_tiersNone,1000,0.0,0.1,erand,in,0.3410063976374592,,,,,0.7729333693661231,,,,,,,,final
transformer,transformer_add_rho0_wd0.1_tiersNone,1000,0.0,0.1,etop,in,0.19826910515931362,,,,,0.8321772813260067,,,,,,,,final
transformer,transformer_add_rho0_wd0.1_tiersNone,1000,0.0,0.1,lowpass,in,24.88612542193622,,,,,,,,,,,,,final
transformer,transformer_add_rho0_wd0.1_tiersNone,1000,0.0,0.1,randk,both,,,,,,,,,,,,,,final
transformer,transformer_add_rho0_wd0.1_tiersNone,1000,0.0,0.1,randk,in,,,,,,,,,,,,,,final
transformer,transformer_add_rho0_wd0.1_tiersNone,1000,0.0,0.1,randk,out,,,,,,,,,,,,,,final
transformer,transformer_add_rho0_wd0.1_tiersNone,1000,0.0,0.1,residual,both,,,,,,,,,,,,,,final
transformer,transformer_add_rho0_wd0.1_tiersNone,1000,0.0,0.1,residual,in,,,,,,,,,,,,,,final
transformer,transformer_add_rho0_wd0.1_tiersNone,1000,0.0,0.1,residual,out,,,,,,,,,,,,,,final
transformer,transformer_add_rho0_wd0.1_tiersNone,1000,0.0,0.1,topk,both,0.8449587197465445,,,,,,,,,,,,,final
transformer,transformer_add_rho0_wd0.1_tiersNone,1000,0.0,0.1,topk,in,0.8644380132580123,,,,,,,,,,,,,final
transformer,transformer_add_rho0_wd0.1_tiersNone,1000,0.0,0.1,topk,out,0.8738822824482508,,,,,,,,,,,,,final
transformer,transformer_add_rho0_wd0.1_tiersNone,1001,0.0,0.1,ebottom,in,0.5997863950045653,,,,,0.2224123952797047,,,,,,,,final
transformer,transformer_add_rho0_wd0.1_tiersNone,1001,0.0,0.1,erand,in,0.3838475296215532,,,,,0.638501035942708,,,,,,,,final
transformer,transformer_add_rho0_wd0.1_tiersNone,1001,0.0,0.1,etop,in,0.31830054274077235,,,,,0.8793802360147736,,,,,,,,final
transformer,transformer_add_rho0_wd0.1_tiersNone,1001,0.0,0.1,lowpass,in,27.524469067416824,,,,,,,,,,,,,final
transformer,transformer_add_rho0_wd0.1_tiersNone,1001,0.0,0.1,randk,both,,,,,,,,,,,,,,final
transformer,transformer_add_rho0_wd0.1_tiersNone,1001,0.0,0.1,randk,in,,,,,,,,,,,,,,final
transformer,transformer_add_rho0_wd0.1_tiersNone,1001,0.0,0.1,randk,out,,,,,,,,,,,,,,final
transformer,transformer_add_rho0_wd0.1_tiersNone,1001,0.0,0.1,residual,both,,,,,,,,,,,,,,final
transformer,transformer_add_rho0_wd0.1_tiersNone,1001,0.0,0.1,residual,in,,,,,,,,,,,,,,final
transformer,transformer_add_rho0_wd0.1_tiersNone,1001,0.0,0.1,residual,out,,,,,,,,,,,,,,final
transformer,transformer_add_rho0_wd0.1_tiersNone,1001,0.0,0.1,topk,both,0.7962708209398404,,,,,,,,,,,,,final
transformer,transformer_add_rho0_wd0.1_tiersNone,1001,0.0,0.1,topk,in,0.8225530126712173,,,,,,,,,,,,,final
transformer,transformer_add_rho0_wd0.1_tiersNone,1001,0.0,0.1,topk,out,0.8793549458893644,,,,,,,,,,,,,final
transformer,transformer_add_rho0_wd0.1_tiersNone,1002,0.0,0.1,ebottom,in,0.6112510860121272,,,,,0.46482298891991725,,,,,,,,final
transformer,transformer_add_rho0_wd0.1_tiersNone,1002,0.0,0.1,erand,in,0.42059977578462515,,,,,0.6274209530672914,,,,,,,,final
transformer,transformer_add_rho0_wd0.1_tiersNone,1002,0.0,0.1,etop,in,0.14006493506474255,,,,,0.8078551481848484,,,,,,,,final
transformer,transformer_add_rho0_wd0.1_tiersNone,1002,0.0,0.1,lowpass,in,59.834544383361866,,,,,,,,,,,,,final
transformer,transformer_add_rho0_wd0.1_tiersNone,1002,0.0,0.1,randk,both,,,,,,,,,,,,,,final
transformer,transformer_add_rho0_wd0.1_tiersNone,1002,0.0,0.1,randk,in,,,,,,,,,,,,,,final
transformer,transformer_add_rho0_wd0.1_tiersNone,1002,0.0,0.1,randk,out,,,,,,,,,,,,,,final
transformer,transformer_add_rho0_wd0.1_tiersNone,1002,0.0,0.1,residual,both,,,,,,,,,,,,,,final
transformer,transformer_add_rho0_wd0.1_tiersNone,1002,0.0,0.1,residual,in,,,,,,,,,,,,,,final
transformer,transformer_add_rho0_wd0.1_tiersNone,1002,0.0,0.1,residual,out,,,,,,,,,,,,,,final
transformer,transformer_add_rho0_wd0.1_tiersNone,1002,0.0,0.1,topk,both,0.8548588260268375,,,,,,,,,,,,,final
transformer,transformer_add_rho0_wd0.1_tiersNone,1002,0.0,0.1,topk,in,0.8686966733773063,,,,,,,,,,,,,final
transformer,transformer_add_rho0_wd0.1_tiersNone,1002,0.0,0.1,topk,out,0.8748632260416352,,,,,,,,,,,,,final
transformer,transformer_add_rho0_wd0.3_tiersNone,1000,0.0,0.3,ebottom,in,0.5506097560974555,,,,,0.25673362760111684,,,,,,,,final
transformer,transformer_add_rho0_wd0.3_tiersNone,1000,0.0,0.3,erand,in,0.34681029906197497,,,,,0.7021889919827041,,,,,,,,final
transformer,transformer_add_rho0_wd0.3_tiersNone,1000,0.0,0.3,etop,in,0.04951356658326497,,,,,0.884334744617602,,,,,,,,final
transformer,transformer_add_rho0_wd0.3_tiersNone,1000,0.0,0.3,lowpass,in,30.032410135536512,,,,,,,,,,,,,final
transformer,transformer_add_rho0_wd0.3_tiersNone,1000,0.0,0.3,randk,both,,,,,,,,,,,,,,final
transformer,transformer_add_rho0_wd0.3_tiersNone,1000,0.0,0.3,randk,in,,,,,,,,,,,,,,final
transformer,transformer_add_rho0_wd0.3_tiersNone,1000,0.0,0.3,randk,out,,,,,,,,,,,,,,final
transformer,transformer_add_rho0_wd0.3_tiersNone,1000,0.0,0.3,residual,both,,,,,,,,,,,,,,final
transformer,transformer_add_rho0_wd0.3_tiersNone,1000,0.0,0.3,residual,in,,,,,,,,,,,,,,final
transformer,transformer_add_rho0_wd0.3_tiersNone,1000,0.0,0.3,residual,out,,,,,,,,,,,,,,final
transformer,transformer_add_rho0_wd0.3_tiersNone,1000,0.0,0.3,topk,both,0.8517240446031039,,,,,,,,,,,,,final
transformer,transformer_add_rho0_wd0.3_tiersNone,1000,0.0,0.3,topk,in,0.8669734796967846,,,,,,,,,,,,,final
transformer,transformer_add_rho0_wd0.3_tiersNone,1000,0.0,0.3,topk,out,0.8748490338162964,,,,,,,,,,,,,final
transformer,transformer_add_rho0_wd0.3_tiersNone,1001,0.0,0.3,ebottom,in,0.6051860064055044,,,,,0.2693451040446806,,,,,,,,final
transformer,transformer_add_rho0_wd0.3_tiersNone,1001,0.0,0.3,erand,in,0.3357895727458701,,,,,0.695432843887938,,,,,,,,final
transformer,transformer_add_rho0_wd0.3_tiersNone,1001,0.0,0.3,etop,in,0.24911883182248473,,,,,0.9066750743176291,,,,,,,,final
transformer,transformer_add_rho0_wd0.3_tiersNone,1001,0.0,0.3,lowpass,in,27.621017328129852,,,,,,,,,,,,,final
transformer,transformer_add_rho0_wd0.3_tiersNone,1001,0.0,0.3,randk,both,,,,,,,,,,,,,,final
transformer,transformer_add_rho0_wd0.3_tiersNone,1001,0.0,0.3,randk,in,,,,,,,,,,,,,,final
transformer,transformer_add_rho0_wd0.3_tiersNone,1001,0.0,0.3,randk,out,,,,,,,,,,,,,,final
transformer,transformer_add_rho0_wd0.3_tiersNone,1001,0.0,0.3,residual,both,,,,,,,,,,,,,,final
transformer,transformer_add_rho0_wd0.3_tiersNone,1001,0.0,0.3,residual,in,,,,,,,,,,,,,,final
transformer,transformer_add_rho0_wd0.3_tiersNone,1001,0.0,0.3,residual,out,,,,,,,,,,,,,,final
transformer,transformer_add_rho0_wd0.3_tiersNone,1001,0.0,0.3,topk,both,0.743799963662299,,,,,,,,,,,,,final
transformer,transformer_add_rho0_wd0.3_tiersNone,1001,0.0,0.3,topk,in,0.7731160138819606,,,,,,,,,,,,,final
transformer,transformer_add_rho0_wd0.3_tiersNone,1001,0.0,0.3,topk,out,0.8888706417380958,,,,,,,,,,,,,final
transformer,transformer_add_rho0_wd0.3_tiersNone,1002,0.0,0.3,ebottom,in,0.6243290864732257,,,,,0.41906134582470056,,,,,,,,final
transformer,transformer_add_rho0_wd0.3_tiersNone,1002,0.0,0.3,erand,in,0.4139457523027307,,,,,0.5504008647869562,,,,,,,,final
transformer,transformer_add_rho0_wd0.3_tiersNone,1002,0.0,0.3,etop,in,0.16775561097219344,,,,,0.7648860463021351,,,,,,,,final
transformer,transformer_add_rho0_wd0.3_tiersNone,1002,0.0,0.3,lowpass,in,59.12658488817288,,,,,,,,,,,,,final
transformer,transformer_add_rho0_wd0.3_tiersNone,1002,0.0,0.3,randk,both,,,,,,,,,,,,,,final
transformer,transformer_add_rho0_wd0.3_tiersNone,1002,0.0,0.3,randk,in,,,,,,,,,,,,,,final
transformer,transformer_add_rho0_wd0.3_tiersNone,1002,0.0,0.3,randk,out,,,,,,,,,,,,,,final
transformer,transformer_add_rho0_wd0.3_tiersNone,1002,0.0,0.3,residual,both,,,,,,,,,,,,,,final
transformer,transformer_add_rho0_wd0.3_tiersNone,1002,0.0,0.3,residual,in,,,,,,,,,,,,,,final
transformer,transformer_add_rho0_wd0.3_tiersNone,1002,0.0,0.3,residual,out,,,,,,,,,,,,,,final
transformer,transformer_add_rho0_wd0.3_tiersNone,1002,0.0,0.3,topk,both,0.8445121951218322,,,,,,,,,,,,,final
transformer,transformer_add_rho0_wd0.3_tiersNone,1002,0.0,0.3,topk,in,0.8623690308280025,,,,,,,,,,,,,final
transformer,transformer_add_rho0_wd0.3_tiersNone,1002,0.0,0.3,topk,out,0.8779094421408387,,,,,,,,,,,,,final
