arch,condition,seed,task,rho,wd,step,basis,side,mode,energy_share,rank,dc_share
transformer,transformer_add_rho0.02_wd0.1_tiersNone,1000,add,0.02,0.1,final,natural,in,1,0.0029794164558693843,34,0.016564433772133895
transformer,transformer_add_rho0.02_wd0.1_tiersNone,1000,add,0.02,0.1,final,natural,in,2,0.0019148269169056928,74,0.016564433772133895
transformer,transformer_add_rho0.02_wd0.1_tiersNone,1000,add,0.02,0.1,final,natural,in,3,0.0038969150867051894,28,0.016564433772133895
transformer,transformer_add_rho0.02_wd0.1_tiersNone,1000,add,0.02,0.1,final,natural,in,4,0.0019993569318618068,73,0.016564433772133895
transformer,transformer_add_rho0.02_wd0.1_tiersNone,1000,add,0.02,0.1,final,natural,in,5,0.010341952555497093,14,0.016564433772133895
transformer,transformer_add_rho0.02_wd0.1_tiersNone,1000,add,0.02,0.1,final,natural,in,6,0.0029461299491154043,39,0.016564433772133895
transformer,transformer_add_rho0.02_wd0.1_tiersNone,1000,add,0.02,0.1,final,natural,in,7,0.0023469120110169326,57,0.016564433772133895
transformer,transformer_add_rho0.02_wd0.1_tiersNone,1000,add,0.02,0.1,final,natural,in,8,0.002963652871379829,35,0.016564433772133895
transformer,transformer_add_rho0.02_wd0.1_tiersNone,1000,add,0.02,0.1,final,natural,in,9,0.0020169227393189,71,0.016564433772133895
transformer,transformer_add_rho0.02_wd0.1_tiersNone,1000,add,0.02,0.1,final,natural,in,10,0.002418586030171152,54,0.016564433772133895
transformer,transformer_add_rho0.02_wd0.1_tiersNone,1000,add,0.02,0.1,final,natural,in,11,0.004289898417651711,23,0.016564433772133895
transformer,transformer_add_rho0.02_wd0.1_tiersNone,1000,add,0.02,0.1,final,natural,in,12,0.08993770344658662,2,0.016564433772133895
transformer,transformer_add_rho0.02_wd0.1_tiersNone,1000,add,0.02,0.1,final,natural,in,13,0.06512375232484612,9,0.016564433772133895
transformer,transformer_add_rho0.02_wd0.1_tiersNone,1000,add,0.02,0.1,final,natural,in,14,0.08786298833679573,3,0.016564433772133895
transformer,transformer_add_rho0.02_wd0.1_tiersNone,1000,add,0.02,0.1,final,natural,in,15,0.0030841638960320355,33,0.016564433772133895
transformer,transformer_add_rho0.02_wd0.1_tiersNone,1000,add,0.02,0.1,final,natural,in,16,0.00258449049437424,48,0.016564433772133895
transformer,transformer_add_rho0.02_wd0.1_tiersNone,1000,add,0.02,0.1,final,natural,in,17,0.002105259774153187,65,0.016564433772133895
transformer,transformer_add_rho0.02_wd0.1_tiersNone,1000,add,0.02,0.1,final,natural,in,18,0.0029488717862234774,38,0.016564433772133895
transformer,transformer_add_rho0.02_wd0.1_tiersNone,1000,add,0.02,0.1,final,natural,in,19,0.0020291088972474343,70,0.016564433772133895
transformer,transformer_add_rho0.02_wd0.1_tiersNone,1000,add,0.02,0.1,final,natural,in,20,0.0026921287236552362,45,0.016564433772133895
transformer,transformer_add_rho0.02_wd0.1_tiersNone,1000,add,0.02,0.1,final,natural,in,21,0.0025890248226254384,47,0.016564433772133895
transformer,transformer_add_rho0.02_wd0.1_tiersNone,1000,add,0.02,0.1,final,natural,in,22,0.0027225378387695253,43,0.016564433772133895
transformer,transformer_add_rho0.02_wd0.1_tiersNone,1000,add,0.02,0.1,final,natural,in,23,0.006552051552811442,17,0.016564433772133895
transformer,transformer_add_rho0.02_wd0.1_tiersNone,1000,add,0.02,0.1,final,natural,in,24,0.014435246754587985,12,0.016564433772133895
transformer,transformer_add_rho0.02_wd0.1_tiersNone,1000,add,0.02,0.1,final,natural,in,25,0.002063215628410517,69,0.016564433772133895
transformer,transformer_add_rho0.02_wd0.1_tiersNone,1000,add,0.02,0.1,final,natural,in,26,0.004967537202120623,20,0.016564433772133895
transformer,transformer_add_rho0.02_wd0.1_tiersNone,1000,add,0.02,0.1,final,natural,in,27,0.0020139968882414753,72,0.016564433772133895
transformer,transformer_add_rho0.02_wd0.1_tiersNone,1000,add,0.02,0.1,final,natural,in,28,0.016938289785351054,11,0.016564433772133895
transformer,transformer_add_rho0.02_wd0.1_tiersNone,1000,add,0.02,0.1,final,natural,in,29,0.08537456571984124,4,0.016564433772133895
transformer,transformer_add_rho0.02_wd0.1_tiersNone,1000,add,0.02,0.1,final,natural,in,30,0.002426562665746485,53,0.016564433772133895
transformer,transformer_add_rho0.02_wd0.1_tiersNone,1000,add,0.02,0.1,final,natural,in,31,0.0023287505547211593,58,0.016564433772133895
transformer,transformer_add_rho0.02_wd0.1_tiersNone,1000,add,0.02,0.1,final,natural,in,32,0.00210097974487057,66,0.016564433772133895
transformer,transformer_add_rho0.02_wd0.1_tiersNone,1000,add,0.02,0.1,final,natural,in,33,0.002624035271718904,46,0.016564433772133895
transformer,transformer_add_rho0.02_wd0.1_tiersNone,1000,add,0.02,0.1,final,natural,in,34,0.002305509026164951,59,0.016564433772133895
transformer,transformer_add_rho0.02_wd0.1_tiersNone,1000,add,0.02,0.1,final,natural,in,35,0.004870447373463953,21,0.016564433772133895
transformer,transformer_add_rho0.02_wd0.1_tiersNone,1000,add,0.02,0.1,final,natural,in,36,0.006114321612820784,19,0.016564433772133895
transformer,transformer_add_rho0.02_wd0.1_tiersNone,1000,add,0.02,0.1,final,natural,in,37,0.003913834930989301,27,0.016564433772133895
transformer,transformer_add_rho0.02_wd0.1_tiersNone,1000,add,0.02,0.1,final,natural,in,38,0.0028779379088679953,40,0.016564433772133895
transformer,transformer_add_rho0.02_wd0.1_tiersNone,1000,add,0.02,0.1,final,natural,in,39,0.0027208164670364243,44,0.016564433772133895
transformer,transformer_add_rho0.02_wd0.1_tiersNone,1000,add,0.02,0.1,final,natural,in,40,0.0033324105131219135,31,0.016564433772133895
transformer,transformer_add_rho0.02_wd0.1_tiersNone,1000,add,0.02,0.1,final,natural,in,41,0.0033981559760016752,30,0.016564433772133895
transformer,transformer_add_rho0.02_wd0.1_tiersNone,1000,add,0.02,0.1,final,natural,in,42,0.007945562331462208,15,0.016564433772133895
transformer,transformer_add_rho0.02_wd0.1_tiersNone,1000,add,0.02,0.1,final,natural,in,43,0.0022310311672271745,62,0.016564433772133895
transformer,transformer_add_rho0.02_wd0.1_tiersNone,1000,add,0.02,0.1,final,natural,in,44,0.07183539725731873,8,0.016564433772133895
transformer,transformer_add_rho0.02_wd0.1_tiersNone,1000,add,0.02,0.1,final,natural,in,45,0.002105309371540483,64,0.016564433772133895
transformer,transformer_add_rho0.02_wd0.1_tiersNone,1000,add,0.02,0.1,final,natural,in,46,0.07836563899019103,6,0.016564433772133895
transformer,transformer_add_rho0.02_wd0.1_tiersNone,1000,add,0.02,0.1,final,natural,in,47,0.08170997100830725,5,0.016564433772133895
transformer,transformer_add_rho0.02_wd0.1_tiersNone,1000,add,0.02,0.1,final,natural,in,48,0.002433262653179138,52,0.016564433772133895
transformer,transformer_add_rho0.02_wd0.1_tiersNone,1000,add,0.02,0.1,final,natural,in,49,0.02129597793193023,10,0.016564433772133895
transformer,transformer_add_rho0.02_wd0.1_tiersNone,1000,add,0.02,0.1,final,natural,in,50,0.10199647123910921,1,0.016564433772133895
transformer,transformer_add_rho0.02_wd0.1_tiersNone,1000,add,0.02,0.1,final,natural,in,51,0.0022811860039075853,61,0.016564433772133895
transformer,transformer_add_rho0.02_wd0.1_tiersNone,1000,add,0.02,0.1,final,natural,in,52,0.0028616916345907757,41,0.016564433772133895
transformer,transformer_add_rho0.02_wd0.1_tiersNone,1000,add,0.02,0.1,final,natural,in,53,0.0029536049194768183,36,0.016564433772133895
transformer,transformer_add_rho0.02_wd0.1_tiersNone,1000,add,0.02,0.1,final,natural,in,54,0.0022945460727278985,60,0.016564433772133895
transformer,transformer_add_rho0.02_wd0.1_tiersNone,1000,add,0.02,0.1,final,natural,in,55,0.006232062142582487,18,0.016564433772133895
transformer,transformer_add_rho0.02_wd0.1_tiersNone,1000,add,0.02,0.1,final,natural,in,56,0.0029489982752968257,37,0.016564433772133895
transformer,transformer_add_rho0.02_wd0.1_tiersNone,1000,add,0.02,0.1,final,natural,in,57,0.007887875668400284,16,0.016564433772133895
transformer,transformer_add_rho0.02_wd0.1_tiersNone,1000,add,0.02,0.1,final,natural,in,58,0.01263223434138872,13,0.016564433772133895
transformer,transformer_add_rho0.02_wd0.1_tiersNone,1000,add,0.02,0.1,final,natural,in,59,0.002082699930178973,67,0.016564433772133895
transformer,transformer_add_rho0.02_wd0.1_tiersNone,1000,add,0.02,0.1,final,natural,in,60,0.0024428619728189094,51,0.016564433772133895
transformer,transformer_add_rho0.02_wd0.1_tiersNone,1000,add,0.02,0.1,final,natural,in,61,0.003917767092336303,26,0.016564433772133895
transformer,transformer_add_rho0.02_wd0.1_tiersNone,1000,add,0.02,0.1,final,natural,in,62,0.0023638484977610533,56,0.016564433772133895
transformer,transformer_add_rho0.02_wd0.1_tiersNone,1000,add,0.02,0.1,final,natural,in,63,0.07217856536900973,7,0.016564433772133895
transformer,transformer_add_rho0.02_wd0.1_tiersNone,1000,add,0.02,0.1,final,natural,in,64,0.002416697417201741,55,0.016564433772133895
transformer,transformer_add_rho0.02_wd0.1_tiersNone,1000,add,0.02,0.1,final,natural,in,65,0.0021696344974383194,63,0.016564433772133895
transformer,transformer_add_rho0.02_wd0.1_tiersNone,1000,add,0.02,0.1,final,natural,in,66,0.002535653039886018,49,0.016564433772133895
transformer,transformer_add_rho0.02_wd0.1_tiersNone,1000,add,0.02,0.1,final,natural,in,67,0.003194449110459697,32,0.016564433772133895
transformer,transformer_add_rho0.02_wd0.1_tiersNone,1000,add,0.02,0.1,final,natural,in,68,0.002726642871684388,42,0.016564433772133895
transformer,transformer_add_rho0.02_wd0.1_tiersNone,1000,add,0.02,0.1,final,natural,in,69,0.0020694940024449803,68,0.016564433772133895
transformer,transformer_add_rho0.02_wd0.1_tiersNone,1000,add,0.02,0.1,final,natural,in,70,0.003929165341939849,25,0.016564433772133895
transformer,transformer_add_rho0.02_wd0.1_tiersNone,1000,add,0.02,0.1,final,natural,in,71,0.003685451168004606,29,0.016564433772133895
transformer,transformer_add_rho0.02_wd0.1_tiersNone,1000,add,0.02,0.1,final,natural,in,72,0.0025346964812130476,50,0.016564433772133895
transformer,transformer_add_rho0.02_wd0.1_tiersNone,1000,add,0.02,0.1,final,natural,in,73,0.004250066199784116,24,0.016564433772133895
transformer,transformer_add_rho0.02_wd0.1_tiersNone,1000,add,0.02,0.1,final,natural,in,74,0.004338220115510897,22,0.016564433772133895
transformer,transformer_add_rho0.02_wd0.1_tiersNone,1000,add,0.02,0.1,final,natural,out,1,0.005139509471756424,22,0.0017212866137580071
transformer,transformer_add_rho0.02_wd0.1_tiersNone,1000,add,0.02,0.1,final,natural,out,2,0.005532103511711387,17,0.0017212866137580071
transformer,transformer_add_rho0.02_wd0.1_tiersNone,1000,add,0.02,0.1,final,natural,out,3,0.005100373235195221,23,0.0017212866137580071
transformer,transformer_add_rho0.02_wd0.1_tiersNone,1000,add,0.02,0.1,final,natural,out,4,0.0036277388211274695,61,0.0017212866137580071
transformer,transformer_add_rho0.02_wd0.1_tiersNone,1000,add,0.02,0.1,final,natural,out,5,0.006648763823072882,13,0.0017212866137580071
transformer,transformer_add_rho0.02_wd0.1_tiersNone,1000,add,0.02,0.1,final,natural,out,6,0.004488080092548399,31,0.0017212866137580071
transformer,transformer_add_rho0.02_wd0.1_tiersNone,1000,add,0.02,0.1,final,natural,out,7,0.003189402093193245,74,0.0017212866137580071
transformer,transformer_add_rho0.02_wd0.1_tiersNone,1000,add,0.02,0.1,final,natural,out,8,0.003500517493411692,66,0.0017212866137580071
transformer,transformer_add_rho0.02_wd0.1_tiersNone,1000,add,0.02,0.1,final,natural,out,9,0.004071694821315329,40,0.0017212866137580071
transformer,transformer_add_rho0.02_wd0.1_tiersNone,1000,add,0.02,0.1,final,natural,out,10,0.0034299781534972954,69,0.0017212866137580071
transformer,transformer_add_rho0.02_wd0.1_tiersNone,1000,add,0.02,0.1,final,natural,out,11,0.0038887981870508333,49,0.0017212866137580071
transformer,transformer_add_rho0.02_wd0.1_tiersNone,1000,add,0.02,0.1,final,natural,out,12,0.08249722251618771,4,0.0017212866137580071
transformer,transformer_add_rho0.02_wd0.1_tiersNone,1000,add,0.02,0.1,final,natural,out,13,0.06247761211700576,9,0.0017212866137580071
transformer,transformer_add_rho0.02_wd0.1_tiersNone,1000,add,0.02,0.1,final,natural,out,14,0.0918895988541088,2,0.0017212866137580071
transformer,transformer_add_rho0.02_wd0.1_tiersNone,1000,add,0.02,0.1,final,natural,out,15,0.006769097256272368,12,0.0017212866137580071
transformer,transformer_add_rho0.02_wd0.1_tiersNone,1000,add,0.02,0.1,final,natural,out,16,0.003581055021962028,64,0.0017212866137580071
transformer,transformer_add_rho0.02_wd0.1_tiersNone,1000,add,0.02,0.1,final,natural,out,17,0.004427586450881522,34,0.0017212866137580071
transformer,transformer_add_rho0.02_wd0.1_tiersNone,1000,add,0.02,0.1,final,natural,out,18,0.004170865938823645,39,0.0017212866137580071
transformer,transformer_add_rho0.02_wd0.1_tiersNone,1000,add,0.02,0.1,final,natural,out,19,0.0033747032933803306,70,0.0017212866137580071
transformer,transformer_add_rho0.02_wd0.1_tiersNone,1000,add,0.02,0.1,final,natural,out,20,0.003598807512420953,63,0.0017212866137580071
transformer,transformer_add_rho0.02_wd0.1_tiersNone,1000,add,0.02,0.1,final,natural,out,21,0.003961928968766801,46,0.0017212866137580071
transformer,transformer_add_rho0.02_wd0.1_tiersNone,1000,add,0.02,0.1,final,natural,out,22,0.003273629628035495,72,0.0017212866137580071
transformer,transformer_add_rho0.02_wd0.1_tiersNone,1000,add,0.02,0.1,final,natural,out,23,0.0037356845024811873,58,0.0017212866137580071
transformer,transformer_add_rho0.02_wd0.1_tiersNone,1000,add,0.02,0.1,final,natural,out,24,0.004621815490139099,26,0.0017212866137580071
transformer,transformer_add_rho0.02_wd0.1_tiersNone,1000,add,0.02,0.1,final,natural,out,25,0.0037912940690207463,56,0.0017212866137580071
transformer,transformer_add_rho0.02_wd0.1_tiersNone,1000,add,0.02,0.1,final,natural,out,26,0.006486327349681272,15,0.0017212866137580071
transformer,transformer_add_rho0.02_wd0.1_tiersNone,1000,add,0.02,0.1,final,natural,out,27,0.004501995015124735,29,0.0017212866137580071
transformer,transformer_add_rho0.02_wd0.1_tiersNone,1000,add,0.02,0.1,final,natural,out,28,0.011509711059555203,10,0.0017212866137580071
transformer,transformer_add_rho0.02_wd0.1_tiersNone,1000,add,0.02,0.1,final,natural,out,29,0.08384231240559181,3,0.0017212866137580071
transformer,transformer_add_rho0.02_wd0.1_tiersNone,1000,add,0.02,0.1,final,natural,out,30,0.0050617108064328845,24,0.0017212866137580071
transformer,transformer_add_rho0.02_wd0.1_tiersNone,1000,add,0.02,0.1,final,natural,out,31,0.0034566051614047613,68,0.0017212866137580071
transformer,transformer_add_rho0.02_wd0.1_tiersNone,1000,add,0.02,0.1,final,natural,out,32,0.004482558930507275,32,0.0017212866137580071
transformer,transformer_add_rho0.02_wd0.1_tiersNone,1000,add,0.02,0.1,final,natural,out,33,0.00450101837329772,30,0.0017212866137580071
transformer,transformer_add_rho0.02_wd0.1_tiersNone,1000,add,0.02,0.1,final,natural,out,34,0.0038294174025370387,54,0.0017212866137580071
transformer,transformer_add_rho0.02_wd0.1_tiersNone,1000,add,0.02,0.1,final,natural,out,35,0.0038720417255258552,50,0.0017212866137580071
transformer,transformer_add_rho0.02_wd0.1_tiersNone,1000,add,0.02,0.1,final,natural,out,36,0.006544135874633716,14,0.0017212866137580071
transformer,transformer_add_rho0.02_wd0.1_tiersNone,1000,add,0.02,0.1,final,natural,out,37,0.0037373747681966277,57,0.0017212866137580071
transformer,transformer_add_rho0.02_wd0.1_tiersNone,1000,add,0.02,0.1,final,natural,out,38,0.004062996258716753,42,0.0017212866137580071
transformer,transformer_add_rho0.02_wd0.1_tiersNone,1000,add,0.02,0.1,final,natural,out,39,0.0038215752756874085,55,0.0017212866137580071
transformer,transformer_add_rho0.02_wd0.1_tiersNone,1000,add,0.02,0.1,final,natural,out,40,0.003842650988160072,53,0.0017212866137580071
transformer,transformer_add_rho0.02_wd0.1_tiersNone,1000,add,0.02,0.1,final,natural,out,41,0.004526491381496975,28,0.0017212866137580071
transformer,transformer_add_rho0.02_wd0.1_tiersNone,1000,add,0.02,0.1,final,natural,out,42,0.004303773011552944,35,0.0017212866137580071
transformer,transformer_add_rho0.02_wd0.1_tiersNone,1000,add,0.02,0.1,final,natural,out,43,0.006007238537269759,16,0.0017212866137580071
transformer,transformer_add_rho0.02_wd0.1_tiersNone,1000,add,0.02,0.1,final,natural,out,44,0.06478286501511074,7,0.0017212866137580071
transformer,transformer_add_rho0.02_wd0.1_tiersNone,1000,add,0.02,0.1,final,natural,out,45,0.003504186585708425,65,0.0017212866137580071
transformer,transformer_add_rho0.02_wd0.1_tiersNone,1000,add,0.02,0.1,final,natural,out,46,0.07429972723739804,6,0.0017212866137580071
transformer,transformer_add_rho0.02_wd0.1_tiersNone,1000,add,0.02,0.1,final,natural,out,47,0.07565266464866956,5,0.0017212866137580071
transformer,transformer_add_rho0.02_wd0.1_tiersNone,1000,add,0.02,0.1,final,natural,out,48,0.004217291023296747,38,0.0017212866137580071
transformer,transformer_add_rho0.02_wd0.1_tiersNone,1000,add,0.02,0.1,final,natural,out,49,0.008635982340912191,11,0.0017212866137580071
transformer,transformer_add_rho0.02_wd0.1_tiersNone,1000,add,0.02,0.1,final,natural,out,50,0.11007965625242164,1,0.0017212866137580071
transformer,transformer_add_rho0.02_wd0.1_tiersNone,1000,add,0.02,0.1,final,natural,out,51,0.0036725231457941146,59,0.0017212866137580071
transformer,transformer_add_rho0.02_wd0.1_tiersNone,1000,add,0.02,0.1,final,natural,out,52,0.003862051157454812,51,0.0017212866137580071
transformer,transformer_add_rho0.02_wd0.1_tiersNone,1000,add,0.02,0.1,final,natural,out,53,0.003921670910816276,48,0.0017212866137580071
transformer,transformer_add_rho0.02_wd0.1_tiersNone,1000,add,0.02,0.1,final,natural,out,54,0.0032279496916143686,73,0.0017212866137580071
transformer,transformer_add_rho0.02_wd0.1_tiersNone,1000,add,0.02,0.1,final,natural,out,55,0.003992853548579296,45,0.0017212866137580071
transformer,transformer_add_rho0.02_wd0.1_tiersNone,1000,add,0.02,0.1,final,natural,out,56,0.0036274677327409644,62,0.0017212866137580071
transformer,transformer_add_rho0.02_wd0.1_tiersNone,1000,add,0.02,0.1,final,natural,out,57,0.004249062402533548,37,0.0017212866137580071
transformer,transformer_add_rho0.02_wd0.1_tiersNone,1000,add,0.02,0.1,final,natural,out,58,0.005415107480907148,19,0.0017212866137580071
transformer,transformer_add_rho0.02_wd0.1_tiersNone,1000,add,0.02,0.1,final,natural,out,59,0.004590737342242348,27,0.0017212866137580071
transformer,transformer_add_rho0.02_wd0.1_tiersNone,1000,add,0.02,0.1,final,natural,out,60,0.004457673604765487,33,0.0017212866137580071
transformer,transformer_add_rho0.02_wd0.1_tiersNone,1000,add,0.02,0.1,final,natural,out,61,0.0052022009367221796,21,0.0017212866137580071
transformer,transformer_add_rho0.02_wd0.1_tiersNone,1000,add,0.02,0.1,final,natural,out,62,0.00394607574999449,47,0.0017212866137580071
transformer,transformer_add_rho0.02_wd0.1_tiersNone,1000,add,0.02,0.1,final,natural,out,63,0.06341028369604872,8,0.0017212866137580071
transformer,transformer_add_rho0.02_wd0.1_tiersNone,1000,add,0.02,0.1,final,natural,out,64,0.005426526439306871,18,0.0017212866137580071
transformer,transformer_add_rho0.02_wd0.1_tiersNone,1000,add,0.02,0.1,final,natural,out,65,0.0034744595322474033,67,0.0017212866137580071
transformer,transformer_add_rho0.02_wd0.1_tiersNone,1000,add,0.02,0.1,final,natural,out,66,0.0040319670316613316,44,0.0017212866137580071
transformer,transformer_add_rho0.02_wd0.1_tiersNone,1000,add,0.02,0.1,final,natural,out,67,0.004044837503055858,43,0.0017212866137580071
transformer,transformer_add_rho0.02_wd0.1_tiersNone,1000,add,0.02,0.1,final,natural,out,68,0.0036499335040002965,60,0.0017212866137580071
transformer,transformer_add_rho0.02_wd0.1_tiersNone,1000,add,0.02,0.1,final,natural,out,69,0.003276574542072625,71,0.0017212866137580071
transformer,transformer_add_rho0.02_wd0.1_tiersNone,1000,add,0.02,0.1,final,natural,out,70,0.005293897085444628,20,0.0017212866137580071
transformer,transformer_add_rho0.02_wd0.1_tiersNone,1000,add,0.02,0.1,final,natural,out,71,0.003856887259906918,52,0.0017212866137580071
transformer,transformer_add_rho0.02_wd0.1_tiersNone,1000,add,0.02,0.1,final,natural,out,72,0.0046805835248006356,25,0.0017212866137580071
transformer,transformer_add_rho0.02_wd0.1_tiersNone,1000,add,0.02,0.1,final,natural,out,73,0.004273343812440551,36,0.0017212866137580071
transformer,transformer_add_rho0.02_wd0.1_tiersNone,1000,add,0.02,0.1,final,natural,out,74,0.004065163612592497,41,0.0017212866137580071
transformer,transformer_add_rho0.02_wd0.1_tiersNone,1001,add,0.02,0.1,final,natural,in,1,0.0029254206841280153,28,0.013352513336713109
transformer,transformer_add_rho0.02_wd0.1_tiersNone,1001,add,0.02,0.1,final,natural,in,2,0.0022155735555509874,53,0.013352513336713109
transformer,transformer_add_rho0.02_wd0.1_tiersNone,1001,add,0.02,0.1,final,natural,in,3,0.003187306903567208,26,0.013352513336713109
transformer,transformer_add_rho0.02_wd0.1_tiersNone,1001,add,0.02,0.1,final,natural,in,4,0.011051666486143452,15,0.013352513336713109
transformer,transformer_add_rho0.02_wd0.1_tiersNone,1001,add,0.02,0.1,final,natural,in,5,0.002786238840417142,30,0.013352513336713109
transformer,transformer_add_rho0.02_wd0.1_tiersNone,1001,add,0.02,0.1,final,natural,in,6,0.025755533070382437,10,0.013352513336713109
transformer,transformer_add_rho0.02_wd0.1_tiersNone,1001,add,0.02,0.1,final,natural,in,7,0.002005301732535689,66,0.013352513336713109
transformer,transformer_add_rho0.02_wd0.1_tiersNone,1001,add,0.02,0.1,final,natural,in,8,0.0018224087631831497,73,0.013352513336713109
transformer,transformer_add_rho0.02_wd0.1_tiersNone,1001,add,0.02,0.1,final,natural,in,9,0.002129909569101912,58,0.013352513336713109
transformer,transformer_add_rho0.02_wd0.1_tiersNone,1001,add,0.02,0.1,final,natural,in,10,0.00267190270439765,34,0.013352513336713109
transformer,transformer_add_rho0.02_wd0.1_tiersNone,1001,add,0.02,0.1,final,natural,in,11,0.0022273057391505725,52,0.013352513336713109
transformer,transformer_add_rho0.02_wd0.1_tiersNone,1001,add,0.02,0.1,final,natural,in,12,0.002065862345823225,62,0.013352513336713109
transformer,transformer_add_rho0.02_wd0.1_tiersNone,1001,add,0.02,0.1,final,natural,in,13,0.002572524995236285,40,0.013352513336713109
transformer,transformer_add_rho0.02_wd0.1_tiersNone,1001,add,0.02,0.1,final,natural,in,14,0.10153868213598105,1,0.013352513336713109
transformer,transformer_add_rho0.02_wd0.1_tiersNone,1001,add,0.02,0.1,final,natural,in,15,0.004330271250192607,21,0.013352513336713109
transformer,transformer_add_rho0.02_wd0.1_tiersNone,1001,add,0.02,0.1,final,natural,in,16,0.003796160100793176,22,0.013352513336713109
transformer,transformer_add_rho0.02_wd0.1_tiersNone,1001,add,0.02,0.1,final,natural,in,17,0.0026828758002037027,33,0.013352513336713109
transformer,transformer_add_rho0.02_wd0.1_tiersNone,1001,add,0.02,0.1,final,natural,in,18,0.00203455753986827,64,0.013352513336713109
transformer,transformer_add_rho0.02_wd0.1_tiersNone,1001,add,0.02,0.1,final,natural,in,19,0.002309506949675349,50,0.013352513336713109
transformer,transformer_add_rho0.02_wd0.1_tiersNone,1001,add,0.02,0.1,final,natural,in,20,0.002634670791979716,36,0.013352513336713109
transformer,transformer_add_rho0.02_wd0.1_tiersNone,1001,add,0.02,0.1,final,natural,in,21,0.0020902035635813696,61,0.013352513336713109
transformer,transformer_add_rho0.02_wd0.1_tiersNone,1001,add,0.02,0.1,final,natural,in,22,0.09238941671598354,2,0.013352513336713109
transformer,transformer_add_rho0.02_wd0.1_tiersNone,1001,add,0.02,0.1,final,natural,in,23,0.0020412203307556363,63,0.013352513336713109
transformer,transformer_add_rho0.02_wd0.1_tiersNone,1001,add,0.02,0.1,final,natural,in,24,0.0024363822327029506,45,0.013352513336713109
transformer,transformer_add_rho0.02_wd0.1_tiersNone,1001,add,0.02,0.1,final,natural,in,25,0.0025774893467224616,38,0.013352513336713109
transformer,transformer_add_rho0.02_wd0.1_tiersNone,1001,add,0.02,0.1,final,natural,in,26,0.0021000930415033103,60,0.013352513336713109
transformer,transformer_add_rho0.02_wd0.1_tiersNone,1001,add,0.02,0.1,final,natural,in,27,0.08788192449973016,5,0.013352513336713109
transformer,transformer_add_rho0.02_wd0.1_tiersNone,1001,add,0.02,0.1,final,natural,in,28,0.04538525045264361,9,0.013352513336713109
transformer,transformer_add_rho0.02_wd0.1_tiersNone,1001,add,0.02,0.1,final,natural,in,29,0.0056120281891233244,17,0.013352513336713109
transformer,transformer_add_rho0.02_wd0.1_tiersNone,1001,add,0.02,0.1,final,natural,in,30,0.003407762315433808,24,0.013352513336713109
transformer,transformer_add_rho0.02_wd0.1_tiersNone,1001,add,0.02,0.1,final,natural,in,31,0.0735261226852041,8,0.013352513336713109
transformer,transformer_add_rho0.02_wd0.1_tiersNone,1001,add,0.02,0.1,final,natural,in,32,0.004522765347637158,20,0.013352513336713109
transformer,transformer_add_rho0.02_wd0.1_tiersNone,1001,add,0.02,0.1,final,natural,in,33,0.002320946168204528,48,0.013352513336713109
transformer,transformer_add_rho0.02_wd0.1_tiersNone,1001,add,0.02,0.1,final,natural,in,34,0.0019017024110362143,70,0.013352513336713109
transformer,transformer_add_rho0.02_wd0.1_tiersNone,1001,add,0.02,0.1,final,natural,in,35,0.002654572288608992,35,0.013352513336713109
transformer,transformer_add_rho0.02_wd0.1_tiersNone,1001,add,0.02,0.1,final,natural,in,36,0.0021389128448330128,56,0.013352513336713109
transformer,transformer_add_rho0.02_wd0.1_tiersNone,1001,add,0.02,0.1,final,natural,in,37,0.005533180269174414,18,0.013352513336713109
transformer,transformer_add_rho0.02_wd0.1_tiersNone,1001,add,0.02,0.1,final,natural,in,38,0.08920123058150922,4,0.013352513336713109
transformer,transformer_add_rho0.02_wd0.1_tiersNone,1001,add,0.02,0.1,final,natural,in,39,0.0021380446082424104,57,0.013352513336713109
transformer,transformer_add_rho0.02_wd0.1_tiersNone,1001,add,0.02,0.1,final,natural,in,40,0.0023183950384653225,49,0.013352513336713109
transformer,transformer_add_rho0.02_wd0.1_tiersNone,1001,add,0.02,0.1,final,natural,in,41,0.003492111423346467,23,0.013352513336713109
transformer,transformer_add_rho0.02_wd0.1_tiersNone,1001,add,0.02,0.1,final,natural,in,42,0.0033386142729250456,25,0.013352513336713109
transformer,transformer_add_rho0.02_wd0.1_tiersNone,1001,add,0.02,0.1,final,natural,in,43,0.09219456110391434,3,0.013352513336713109
transformer,transformer_add_rho0.02_wd0.1_tiersNone,1001,add,0.02,0.1,final,natural,in,44,0.01479472227140951,12,0.013352513336713109
transformer,transformer_add_rho0.02_wd0.1_tiersNone,1001,add,0.02,0.1,final,natural,in,45,0.002119825868645947,59,0.013352513336713109
transformer,transformer_add_rho0.02_wd0.1_tiersNone,1001,add,0.02,0.1,final,natural,in,46,0.0025155222977946796,41,0.013352513336713109
transformer,transformer_add_rho0.02_wd0.1_tiersNone,1001,add,0.02,0.1,final,natural,in,47,0.002188847647895571,54,0.013352513336713109
transformer,transformer_add_rho0.02_wd0.1_tiersNone,1001,add,0.02,0.1,final,natural,in,48,0.0028032496186439406,29,0.013352513336713109
transformer,transformer_add_rho0.02_wd0.1_tiersNone,1001,add,0.02,0.1,final,natural,in,49,0.006768423500804023,16,0.013352513336713109
transformer,transformer_add_rho0.02_wd0.1_tiersNone,1001,add,0.02,0.1,final,natural,in,50,0.07792836443197353,7,0.013352513336713109
transformer,transformer_add_rho0.02_wd0.1_tiersNone,1001,add,0.02,0.1,final,natural,in,51,0.0024899447005348073,44,0.013352513336713109
transformer,transformer_add_rho0.02_wd0.1_tiersNone,1001,add,0.02,0.1,final,natural,in,52,0.0020088275067997436,65,0.013352513336713109
transformer,transformer_add_rho0.02_wd0.1_tiersNone,1001,add,0.02,0.1,final,natural,in,53,0.0021503751691393396,55,0.013352513336713109
transformer,transformer_add_rho0.02_wd0.1_tiersNone,1001,add,0.02,0.1,final,natural,in,54,0.020943676260771288,11,0.013352513336713109
transformer,transformer_add_rho0.02_wd0.1_tiersNone,1001,add,0.02,0.1,final,natural,in,55,0.002415978761251534,46,0.013352513336713109
transformer,transformer_add_rho0.02_wd0.1_tiersNone,1001,add,0.02,0.1,final,natural,in,56,0.0027382226784052,32,0.013352513336713109
transformer,transformer_add_rho0.02_wd0.1_tiersNone,1001,add,0.02,0.1,final,natural,in,57,0.002752143265813237,31,0.013352513336713109
transformer,transformer_add_rho0.02_wd0.1_tiersNone,1001,add,0.02,0.1,final,natural,in,58,0.002581487396468028,37,0.013352513336713109
transformer,transformer_add_rho0.02_wd0.1_tiersNone,1001,add,0.02,0.1,final,natural,in,59,0.08186227341810748,6,0.013352513336713109
transformer,transformer_add_rho0.02_wd0.1_tiersNone,1001,add,0.02,0.1,final,natural,in,60,0.00172018002312585,74,0.013352513336713109
transformer,transformer_add_rho0.02_wd0.1_tiersNone,1001,add,0.02,0.1,final,natural,in,61,0.0019228186764664187,68,0.013352513336713109
transformer,transformer_add_rho0.02_wd0.1_tiersNone,1001,add,0.02,0.1,final,natural,in,62,0.005370490126936034,19,0.013352513336713109
transformer,transformer_add_rho0.02_wd0.1_tiersNone,1001,add,0.02,0.1,final,natural,in,63,0.011971167497426721,14,0.013352513336713109
transformer,transformer_add_rho0.02_wd0.1_tiersNone,1001,add,0.02,0.1,final,natural,in,64,0.0019287680958022736,67,0.013352513336713109
transformer,transformer_add_rho0.02_wd0.1_tiersNone,1001,add,0.02,0.1,final,natural,in,65,0.0019083963548018703,69,0.013352513336713109
transformer,transformer_add_rho0.02_wd0.1_tiersNone,1001,add,0.02,0.1,final,natural,in,66,0.002498293705458049,42,0.013352513336713109
transformer,transformer_add_rho0.02_wd0.1_tiersNone,1001,add,0.02,0.1,final,natural,in,67,0.002573297799203096,39,0.013352513336713109
transformer,transformer_add_rho0.02_wd0.1_tiersNone,1001,add,0.02,0.1,final,natural,in,68,0.0030927578707316394,27,0.013352513336713109
transformer,transformer_add_rho0.02_wd0.1_tiersNone,1001,add,0.02,0.1,final,natural,in,69,0.0018978429418422544,71,0.013352513336713109
transformer,transformer_add_rho0.02_wd0.1_tiersNone,1001,add,0.02,0.1,final,natural,in,70,0.0018486139044099393,72,0.013352513336713109
transformer,transformer_add_rho0.02_wd0.1_tiersNone,1001,add,0.02,0.1,final,natural,in,71,0.0023039718881367388,51,0.013352513336713109
transformer,transformer_add_rho0.02_wd0.1_tiersNone,1001,add,0.02,0.1,final,natural,in,72,0.002490335901992751,43,0.013352513336713109
transformer,transformer_add_rho0.02_wd0.1_tiersNone,1001,add,0.02,0.1,final,natural,in,73,0.013139959089624028,13,0.013352513336713109
transformer,transformer_add_rho0.02_wd0.1_tiersNone,1001,add,0.02,0.1,final,natural,in,74,0.0023246116399914863,47,0.013352513336713109
transformer,transformer_add_rho0.02_wd0.1_tiersNone,1001,add,0.02,0.1,final,natural,out,1,0.003090909776231064,72,0.002070453425401225
transformer,transformer_add_rho0.02_wd0.1_tiersNone,1001,add,0.02,0.1,final,natural,out,2,0.003509994562992023,63,0.002070453425401225
transformer,transformer_add_rho0.02_wd0.1_tiersNone,1001,add,0.02,0.1,final,natural,out,3,0.003973860723511269,50,0.002070453425401225
transformer,transformer_add_rho0.02_wd0.1_tiersNone,1001,add,0.02,0.1,final,natural,out,4,0.007184833251945495,15,0.002070453425401225
transformer,transformer_add_rho0.02_wd0.1_tiersNone,1001,add,0.02,0.1,final,natural,out,5,0.005469603106055867,26,0.002070453425401225
transformer,transformer_add_rho0.02_wd0.1_tiersNone,1001,add,0.02,0.1,final,natural,out,6,0.015304382193414543,10,0.002070453425401225
transformer,transformer_add_rho0.02_wd0.1_tiersNone,1001,add,0.02,0.1,final,natural,out,7,0.004496939677131617,37,0.002070453425401225
transformer,transformer_add_rho0.02_wd0.1_tiersNone,1001,add,0.02,0.1,final,natural,out,8,0.005499034110323813,25,0.002070453425401225
transformer,transformer_add_rho0.02_wd0.1_tiersNone,1001,add,0.02,0.1,final,natural,out,9,0.00487369041116474,32,0.002070453425401225
transformer,transformer_add_rho0.02_wd0.1_tiersNone,1001,add,0.02,0.1,final,natural,out,10,0.003424799219773458,67,0.002070453425401225
transformer,transformer_add_rho0.02_wd0.1_tiersNone,1001,add,0.02,0.1,final,natural,out,11,0.004191004168812114,40,0.002070453425401225
transformer,transformer_add_rho0.02_wd0.1_tiersNone,1001,add,0.02,0.1,final,natural,out,12,0.004253051724336596,39,0.002070453425401225
transformer,transformer_add_rho0.02_wd0.1_tiersNone,1001,add,0.02,0.1,final,natural,out,13,0.0038550559441119852,53,0.002070453425401225
transformer,transformer_add_rho0.02_wd0.1_tiersNone,1001,add,0.02,0.1,final,natural,out,14,0.09692323089022789,1,0.002070453425401225
transformer,transformer_add_rho0.02_wd0.1_tiersNone,1001,add,0.02,0.1,final,natural,out,15,0.005176427413250194,30,0.002070453425401225
transformer,transformer_add_rho0.02_wd0.1_tiersNone,1001,add,0.02,0.1,final,natural,out,16,0.008242286646296202,13,0.002070453425401225
transformer,transformer_add_rho0.02_wd0.1_tiersNone,1001,add,0.02,0.1,final,natural,out,17,0.003979449378042402,49,0.002070453425401225
transformer,transformer_add_rho0.02_wd0.1_tiersNone,1001,add,0.02,0.1,final,natural,out,18,0.004074872225173988,42,0.002070453425401225
transformer,transformer_add_rho0.02_wd0.1_tiersNone,1001,add,0.02,0.1,final,natural,out,19,0.003298993312183724,70,0.002070453425401225
transformer,transformer_add_rho0.02_wd0.1_tiersNone,1001,add,0.02,0.1,final,natural,out,20,0.003672210680488686,60,0.002070453425401225
transformer,transformer_add_rho0.02_wd0.1_tiersNone,1001,add,0.02,0.1,final,natural,out,21,0.006373104391382457,17,0.002070453425401225
transformer,transformer_add_rho0.02_wd0.1_tiersNone,1001,add,0.02,0.1,final,natural,out,22,0.08651705433235286,3,0.002070453425401225
transformer,transformer_add_rho0.02_wd0.1_tiersNone,1001,add,0.02,0.1,final,natural,out,23,0.004065573328181069,44,0.002070453425401225
transformer,transformer_add_rho0.02_wd0.1_tiersNone,1001,add,0.02,0.1,final,natural,out,24,0.004757021283680295,34,0.002070453425401225
transformer,transformer_add_rho0.02_wd0.1_tiersNone,1001,add,0.02,0.1,final,natural,out,25,0.004140601121482916,41,0.002070453425401225
transformer,transformer_add_rho0.02_wd0.1_tiersNone,1001,add,0.02,0.1,final,natural,out,26,0.003073227492843218,74,0.002070453425401225
transformer,transformer_add_rho0.02_wd0.1_tiersNone,1001,add,0.02,0.1,final,natural,out,27,0.09368542157603305,2,0.002070453425401225
transformer,transformer_add_rho0.02_wd0.1_tiersNone,1001,add,0.02,0.1,final,natural,out,28,0.02576476261185689,9,0.002070453425401225
transformer,transformer_add_rho0.02_wd0.1_tiersNone,1001,add,0.02,0.1,final,natural,out,29,0.00813301022836527,14,0.002070453425401225
transformer,transformer_add_rho0.02_wd0.1_tiersNone,1001,add,0.02,0.1,final,natural,out,30,0.004858034487382166,33,0.002070453425401225
transformer,transformer_add_rho0.02_wd0.1_tiersNone,1001,add,0.02,0.1,final,natural,out,31,0.077087504224402,6,0.002070453425401225
transformer,transformer_add_rho0.02_wd0.1_tiersNone,1001,add,0.02,0.1,final,natural,out,32,0.005247973791487845,28,0.002070453425401225
transformer,transformer_add_rho0.02_wd0.1_tiersNone,1001,add,0.02,0.1,final,natural,out,33,0.0037661613613404325,55,0.002070453425401225
transformer,transformer_add_rho0.02_wd0.1_tiersNone,1001,add,0.02,0.1,final,natural,out,34,0.003489686521990429,64,0.002070453425401225
transformer,transformer_add_rho0.02_wd0.1_tiersNone,1001,add,0.02,0.1,final,natural,out,35,0.0034686094271147287,65,0.002070453425401225
transformer,transformer_add_rho0.02_wd0.1_tiersNone,1001,add,0.02,0.1,final,natural,out,36,0.0046924978141882935,35,0.002070453425401225
transformer,transformer_add_rho0.02_wd0.1_tiersNone,1001,add,0.02,0.1,final,natural,out,37,0.010060664186244548,12,0.002070453425401225
transformer,transformer_add_rho0.02_wd0.1_tiersNone,1001,add,0.02,0.1,final,natural,out,38,0.07574657739170858,7,0.002070453425401225
transformer,transformer_add_rho0.02_wd0.1_tiersNone,1001,add,0.02,0.1,final,natural,out,39,0.003090723654959747,73,0.002070453425401225
transformer,transformer_add_rho0.02_wd0.1_tiersNone,1001,add,0.02,0.1,final,natural,out,40,0.004591553422759192,36,0.002070453425401225
transformer,transformer_add_rho0.02_wd0.1_tiersNone,1001,add,0.02,0.1,final,natural,out,41,0.005149796315972637,31,0.002070453425401225
transformer,transformer_add_rho0.02_wd0.1_tiersNone,1001,add,0.02,0.1,final,natural,out,42,0.0039364453263818254,51,0.002070453425401225
transformer,transformer_add_rho0.02_wd0.1_tiersNone,1001,add,0.02,0.1,final,natural,out,43,0.08510280221496212,4,0.002070453425401225
transformer,transformer_add_rho0.02_wd0.1_tiersNone,1001,add,0.02,0.1,final,natural,out,44,0.006258081613225408,19,0.002070453425401225
transformer,transformer_add_rho0.02_wd0.1_tiersNone,1001,add,0.02,0.1,final,natural,out,45,0.0062928736608039194,18,0.002070453425401225
transformer,transformer_add_rho0.02_wd0.1_tiersNone,1001,add,0.02,0.1,final,natural,out,46,0.0032476420760764848,71,0.002070453425401225
transformer,transformer_add_rho0.02_wd0.1_tiersNone,1001,add,0.02,0.1,final,natural,out,47,0.005221121126711873,29,0.002070453425401225
transformer,transformer_add_rho0.02_wd0.1_tiersNone,1001,add,0.02,0.1,final,natural,out,48,0.003554631843143253,61,0.002070453425401225
transformer,transformer_add_rho0.02_wd0.1_tiersNone,1001,add,0.02,0.1,final,natural,out,49,0.005425502416237228,27,0.002070453425401225
transformer,transformer_add_rho0.02_wd0.1_tiersNone,1001,add,0.02,0.1,final,natural,out,50,0.06318161454842398,8,0.002070453425401225
transformer,transformer_add_rho0.02_wd0.1_tiersNone,1001,add,0.02,0.1,final,natural,out,51,0.003323632074740975,69,0.002070453425401225
transformer,transformer_add_rho0.02_wd0.1_tiersNone,1001,add,0.02,0.1,final,natural,out,52,0.005868809336440437,22,0.002070453425401225
transformer,transformer_add_rho0.02_wd0.1_tiersNone,1001,add,0.02,0.1,final,natural,out,53,0.0037271860867841445,56,0.002070453425401225
transformer,transformer_add_rho0.02_wd0.1_tiersNone,1001,add,0.02,0.1,final,natural,out,54,0.005934086883956775,21,0.002070453425401225
transformer,transformer_add_rho0.02_wd0.1_tiersNone,1001,add,0.02,0.1,final,natural,out,55,0.0037153267906478247,57,0.002070453425401225
transformer,transformer_add_rho0.02_wd0.1_tiersNone,1001,add,0.02,0.1,final,natural,out,56,0.00402767971364886,48,0.002070453425401225
transformer,transformer_add_rho0.02_wd0.1_tiersNone,1001,add,0.02,0.1,final,natural,out,57,0.005547326958516402,24,0.002070453425401225
transformer,transformer_add_rho0.02_wd0.1_tiersNone,1001,add,0.02,0.1,final,natural,out,58,0.003836740069351254,54,0.002070453425401225
transformer,transformer_add_rho0.02_wd0.1_tiersNone,1001,add,0.02,0.1,final,natural,out,59,0.0787754806307583,5,0.002070453425401225
transformer,transformer_add_rho0.02_wd0.1_tiersNone,1001,add,0.02,0.1,final,natural,out,60,0.004043822868744824,47,0.002070453425401225
transformer,transformer_add_rho0.02_wd0.1_tiersNone,1001,add,0.02,0.1,final,natural,out,61,0.0035461732492718667,62,0.002070453425401225
transformer,transformer_add_rho0.02_wd0.1_tiersNone,1001,add,0.02,0.1,final,natural,out,62,0.0037007157876389504,58,0.002070453425401225
transformer,transformer_add_rho0.02_wd0.1_tiersNone,1001,add,0.02,0.1,final,natural,out,63,0.0061288525756514126,20,0.002070453425401225
transformer,transformer_add_rho0.02_wd0.1_tiersNone,1001,add,0.02,0.1,final,natural,out,64,0.00404525782047018,46,0.002070453425401225
transformer,transformer_add_rho0.02_wd0.1_tiersNone,1001,add,0.02,0.1,final,natural,out,65,0.005552139590700942,23,0.002070453425401225
transformer,transformer_add_rho0.02_wd0.1_tiersNone,1001,add,0.02,0.1,final,natural,out,66,0.0033589710841082357,68,0.002070453425401225
transformer,transformer_add_rho0.02_wd0.1_tiersNone,1001,add,0.02,0.1,final,natural,out,67,0.004055740650971696,45,0.002070453425401225
transformer,transformer_add_rho0.02_wd0.1_tiersNone,1001,add,0.02,0.1,final,natural,out,68,0.006601905211539547,16,0.002070453425401225
transformer,transformer_add_rho0.02_wd0.1_tiersNone,1001,add,0.02,0.1,final,natural,out,69,0.0038808578237170925,52,0.002070453425401225
transformer,transformer_add_rho0.02_wd0.1_tiersNone,1001,add,0.02,0.1,final,natural,out,70,0.004074575406966793,43,0.002070453425401225
transformer,transformer_add_rho0.02_wd0.1_tiersNone,1001,add,0.02,0.1,final,natural,out,71,0.0034529418875046338,66,0.002070453425401225
transformer,transformer_add_rho0.02_wd0.1_tiersNone,1001,add,0.02,0.1,final,natural,out,72,0.004319098550908021,38,0.002070453425401225
transformer,transformer_add_rho0.02_wd0.1_tiersNone,1001,add,0.02,0.1,final,natural,out,73,0.010331497255442796,11,0.002070453425401225
transformer,transformer_add_rho0.02_wd0.1_tiersNone,1001,add,0.02,0.1,final,natural,out,74,0.003676278484355681,59,0.002070453425401225
transformer,transformer_add_rho0.02_wd0.1_tiersNone,1002,add,0.02,0.1,final,natural,in,1,0.0019073870852276745,53,0.02747713307378326
transformer,transformer_add_rho0.02_wd0.1_tiersNone,1002,add,0.02,0.1,final,natural,in,2,0.0018361468251027308,55,0.02747713307378326
transformer,transformer_add_rho0.02_wd0.1_tiersNone,1002,add,0.02,0.1,final,natural,in,3,0.0017992302921474455,61,0.02747713307378326
transformer,transformer_add_rho0.02_wd0.1_tiersNone,1002,add,0.02,0.1,final,natural,in,4,0.002237099407517314,40,0.02747713307378326
transformer,transformer_add_rho0.02_wd0.1_tiersNone,1002,add,0.02,0.1,final,natural,in,5,0.03782962131096081,8,0.02747713307378326
transformer,transformer_add_rho0.02_wd0.1_tiersNone,1002,add,0.02,0.1,final,natural,in,6,0.004136797747522705,22,0.02747713307378326
transformer,transformer_add_rho0.02_wd0.1_tiersNone,1002,add,0.02,0.1,final,natural,in,7,0.0017013110248617336,72,0.02747713307378326
transformer,transformer_add_rho0.02_wd0.1_tiersNone,1002,add,0.02,0.1,final,natural,in,8,0.001813670080566757,58,0.02747713307378326
transformer,transformer_add_rho0.02_wd0.1_tiersNone,1002,add,0.02,0.1,final,natural,in,9,0.0019472582256905414,52,0.02747713307378326
transformer,transformer_add_rho0.02_wd0.1_tiersNone,1002,add,0.02,0.1,final,natural,in,10,0.006101010387630819,19,0.02747713307378326
transformer,transformer_add_rho0.02_wd0.1_tiersNone,1002,add,0.02,0.1,final,natural,in,11,0.002154276382112306,44,0.02747713307378326
transformer,transformer_add_rho0.02_wd0.1_tiersNone,1002,add,0.02,0.1,final,natural,in,12,0.002106364349280632,45,0.02747713307378326
transformer,transformer_add_rho0.02_wd0.1_tiersNone,1002,add,0.02,0.1,final,natural,in,13,0.0018020470329255713,60,0.02747713307378326
transformer,transformer_add_rho0.02_wd0.1_tiersNone,1002,add,0.02,0.1,final,natural,in,14,0.002421141025176436,35,0.02747713307378326
transformer,transformer_add_rho0.02_wd0.1_tiersNone,1002,add,0.02,0.1,final,natural,in,15,0.0016802037295343183,73,0.02747713307378326
transformer,transformer_add_rho0.02_wd0.1_tiersNone,1002,add,0.02,0.1,final,natural,in,16,0.11097111284172881,3,0.02747713307378326
transformer,transformer_add_rho0.02_wd0.1_tiersNone,1002,add,0.02,0.1,final,natural,in,17,0.0027311904667818043,29,0.02747713307378326
transformer,transformer_add_rho0.02_wd0.1_tiersNone,1002,add,0.02,0.1,final,natural,in,18,0.0020087414042321027,50,0.02747713307378326
transformer,transformer_add_rho0.02_wd0.1_tiersNone,1002,add,0.02,0.1,final,natural,in,19,0.0017808955265447722,64,0.02747713307378326
transformer,transformer_add_rho0.02_wd0.1_tiersNone,1002,add,0.02,0.1,final,natural,in,20,0.0026697468288289,31,0.02747713307378326
transformer,transformer_add_rho0.02_wd0.1_tiersNone,1002,add,0.02,0.1,final,natural,in,21,0.008006001323529409,16,0.02747713307378326
transformer,transformer_add_rho0.02_wd0.1_tiersNone,1002,add,0.02,0.1,final,natural,in,22,0.002166854293998349,43,0.02747713307378326
transformer,transformer_add_rho0.02_wd0.1_tiersNone,1002,add,0.02,0.1,final,natural,in,23,0.0017609068136130068,67,0.02747713307378326
transformer,transformer_add_rho0.02_wd0.1_tiersNone,1002,add,0.02,0.1,final,natural,in,24,0.001964491284004112,51,0.02747713307378326
transformer,transformer_add_rho0.02_wd0.1_tiersNone,1002,add,0.02,0.1,final,natural,in,25,0.0027665994984338907,28,0.02747713307378326
transformer,transformer_add_rho0.02_wd0.1_tiersNone,1002,add,0.02,0.1,final,natural,in,26,0.13597890828529308,1,0.02747713307378326
transformer,transformer_add_rho0.02_wd0.1_tiersNone,1002,add,0.02,0.1,final,natural,in,27,0.002991461581223641,26,0.02747713307378326
transformer,transformer_add_rho0.02_wd0.1_tiersNone,1002,add,0.02,0.1,final,natural,in,28,0.0025307468770425913,33,0.02747713307378326
transformer,transformer_add_rho0.02_wd0.1_tiersNone,1002,add,0.02,0.1,final,natural,in,29,0.003237038760432162,25,0.02747713307378326
transformer,transformer_add_rho0.02_wd0.1_tiersNone,1002,add,0.02,0.1,final,natural,in,30,0.0018341268506786726,56,0.02747713307378326
transformer,transformer_add_rho0.02_wd0.1_tiersNone,1002,add,0.02,0.1,final,natural,in,31,0.0017631148771950207,66,0.02747713307378326
transformer,transformer_add_rho0.02_wd0.1_tiersNone,1002,add,0.02,0.1,final,natural,in,32,0.007407824479668132,17,0.02747713307378326
transformer,transformer_add_rho0.02_wd0.1_tiersNone,1002,add,0.02,0.1,final,natural,in,33,0.0022632191259342673,39,0.02747713307378326
transformer,transformer_add_rho0.02_wd0.1_tiersNone,1002,add,0.02,0.1,final,natural,in,34,0.0017877331374912967,63,0.02747713307378326
transformer,transformer_add_rho0.02_wd0.1_tiersNone,1002,add,0.02,0.1,final,natural,in,35,0.01248205833265194,12,0.02747713307378326
transformer,transformer_add_rho0.02_wd0.1_tiersNone,1002,add,0.02,0.1,final,natural,in,36,0.0024374384934468638,34,0.02747713307378326
transformer,transformer_add_rho0.02_wd0.1_tiersNone,1002,add,0.02,0.1,final,natural,in,37,0.0033659939147944735,24,0.02747713307378326
transformer,transformer_add_rho0.02_wd0.1_tiersNone,1002,add,0.02,0.1,final,natural,in,38,0.10178858583843249,5,0.02747713307378326
transformer,transformer_add_rho0.02_wd0.1_tiersNone,1002,add,0.02,0.1,final,natural,in,39,0.001737550330292808,69,0.02747713307378326
transformer,transformer_add_rho0.02_wd0.1_tiersNone,1002,add,0.02,0.1,final,natural,in,40,0.06377923309315672,7,0.02747713307378326
transformer,transformer_add_rho0.02_wd0.1_tiersNone,1002,add,0.02,0.1,final,natural,in,41,0.0017599858552531796,68,0.02747713307378326
transformer,transformer_add_rho0.02_wd0.1_tiersNone,1002,add,0.02,0.1,final,natural,in,42,0.0017882548023457835,62,0.02747713307378326
transformer,transformer_add_rho0.02_wd0.1_tiersNone,1002,add,0.02,0.1,final,natural,in,43,0.00825183856702339,15,0.02747713307378326
transformer,transformer_add_rho0.02_wd0.1_tiersNone,1002,add,0.02,0.1,final,natural,in,44,0.00231973487079242,37,0.02747713307378326
transformer,transformer_add_rho0.02_wd0.1_tiersNone,1002,add,0.02,0.1,final,natural,in,45,0.0061114633562245405,18,0.02747713307378326
transformer,transformer_add_rho0.02_wd0.1_tiersNone,1002,add,0.02,0.1,final,natural,in,46,0.0017078041867450045,71,0.02747713307378326
transformer,transformer_add_rho0.02_wd0.1_tiersNone,1002,add,0.02,0.1,final,natural,in,47,0.0020390161268358468,46,0.02747713307378326
transformer,transformer_add_rho0.02_wd0.1_tiersNone,1002,add,0.02,0.1,final,natural,in,48,0.00988278083961602,13,0.02747713307378326
transformer,transformer_add_rho0.02_wd0.1_tiersNone,1002,add,0.02,0.1,final,natural,in,49,0.001470992664572627,74,0.02747713307378326
transformer,transformer_add_rho0.02_wd0.1_tiersNone,1002,add,0.02,0.1,final,natural,in,50,0.0026898498657751046,30,0.02747713307378326
transformer,transformer_add_rho0.02_wd0.1_tiersNone,1002,add,0.02,0.1,final,natural,in,51,0.0020150413862552643,49,0.02747713307378326
transformer,transformer_add_rho0.02_wd0.1_tiersNone,1002,add,0.02,0.1,final,natural,in,52,0.02434282766132816,10,0.02747713307378326
transformer,transformer_add_rho0.02_wd0.1_tiersNone,1002,add,0.02,0.1,final,natural,in,53,0.1037059906738767,4,0.02747713307378326
transformer,transformer_add_rho0.02_wd0.1_tiersNone,1002,add,0.02,0.1,final,natural,in,54,0.0018101274804828563,59,0.02747713307378326
transformer,transformer_add_rho0.02_wd0.1_tiersNone,1002,add,0.02,0.1,final,natural,in,55,0.001774161844519582,65,0.02747713307378326
transformer,transformer_add_rho0.02_wd0.1_tiersNone,1002,add,0.02,0.1,final,natural,in,56,0.0018243077448272453,57,0.02747713307378326
transformer,transformer_add_rho0.02_wd0.1_tiersNone,1002,add,0.02,0.1,final,natural,in,57,0.07563179283616425,6,0.02747713307378326
transformer,transformer_add_rho0.02_wd0.1_tiersNone,1002,add,0.02,0.1,final,natural,in,58,0.0050206125088336166,20,0.02747713307378326
transformer,transformer_add_rho0.02_wd0.1_tiersNone,1002,add,0.02,0.1,final,natural,in,59,0.0028549274779507577,27,0.02747713307378326
transformer,transformer_add_rho0.02_wd0.1_tiersNone,1002,add,0.02,0.1,final,natural,in,60,0.0020257929494508177,47,0.02747713307378326
transformer,transformer_add_rho0.02_wd0.1_tiersNone,1002,add,0.02,0.1,final,natural,in,61,0.0022151166557039604,41,0.02747713307378326
transformer,transformer_add_rho0.02_wd0.1_tiersNone,1002,add,0.02,0.1,final,natural,in,62,0.0025991920752648635,32,0.02747713307378326
transformer,transformer_add_rho0.02_wd0.1_tiersNone,1002,add,0.02,0.1,final,natural,in,63,0.0023042905517771904,38,0.02747713307378326
transformer,transformer_add_rho0.02_wd0.1_tiersNone,1002,add,0.02,0.1,final,natural,in,64,0.004212015171034018,21,0.02747713307378326
transformer,transformer_add_rho0.02_wd0.1_tiersNone,1002,add,0.02,0.1,final,natural,in,65,0.0017318017348420009,70,0.02747713307378326
transformer,transformer_add_rho0.02_wd0.1_tiersNone,1002,add,0.02,0.1,final,natural,in,66,0.002176046070854908,42,0.02747713307378326
transformer,transformer_add_rho0.02_wd0.1_tiersNone,1002,add,0.02,0.1,final,natural,in,67,0.0036149617720246806,23,0.02747713307378326
transformer,transformer_add_rho0.02_wd0.1_tiersNone,1002,add,0.02,0.1,final,natural,in,68,0.0023468254980936027,36,0.02747713307378326
transformer,transformer_add_rho0.02_wd0.1_tiersNone,1002,add,0.02,0.1,final,natural,in,69,0.027364658340727675,9,0.02747713307378326
transformer,transformer_add_rho0.02_wd0.1_tiersNone,1002,add,0.02,0.1,final,natural,in,70,0.0018659708470623467,54,0.02747713307378326
transformer,transformer_add_rho0.02_wd0.1_tiersNone,1002,add,0.02,0.1,final,natural,in,71,0.008666322143083025,14,0.02747713307378326
transformer,transformer_add_rho0.02_wd0.1_tiersNone,1002,add,0.02,0.1,final,natural,in,72,0.11233923461336699,2,0.02747713307378326
transformer,transformer_add_rho0.02_wd0.1_tiersNone,1002,add,0.02,0.1,final,natural,in,73,0.013826311598596763,11,0.02747713307378326
transformer,transformer_add_rho0.02_wd0.1_tiersNone,1002,add,0.02,0.1,final,natural,in,74,0.0020248100630074306,48,0.02747713307378326
transformer,transformer_add_rho0.02_wd0.1_tiersNone,1002,add,0.02,0.1,final,natural,out,1,0.005503757844867422,48,0.0029299401467412
transformer,transformer_add_rho0.02_wd0.1_tiersNone,1002,add,0.02,0.1,final,natural,out,2,0.005635963770185478,44,0.0029299401467412
transformer,transformer_add_rho0.02_wd0.1_tiersNone,1002,add,0.02,0.1,final,natural,out,3,0.004825219913295901,58,0.0029299401467412
transformer,transformer_add_rho0.02_wd0.1_tiersNone,1002,add,0.02,0.1,final,natural,out,4,0.006996032781284009,37,0.0029299401467412
transformer,transformer_add_rho0.02_wd0.1_tiersNone,1002,add,0.02,0.1,final,natural,out,5,0.02495473002274782,9,0.0029299401467412
transformer,transformer_add_rho0.02_wd0.1_tiersNone,1002,add,0.02,0.1,final,natural,out,6,0.004768801248623204,61,0.0029299401467412
transformer,transformer_add_rho0.02_wd0.1_tiersNone,1002,add,0.02,0.1,final,natural,out,7,0.004841002649859158,57,0.0029299401467412
transformer,transformer_add_rho0.02_wd0.1_tiersNone,1002,add,0.02,0.1,final,natural,out,8,0.005087140160743629,51,0.0029299401467412
transformer,transformer_add_rho0.02_wd0.1_tiersNone,1002,add,0.02,0.1,final,natural,out,9,0.003937391338861817,70,0.0029299401467412
transformer,transformer_add_rho0.02_wd0.1_tiersNone,1002,add,0.02,0.1,final,natural,out,10,0.024741082228158115,10,0.0029299401467412
transformer,transformer_add_rho0.02_wd0.1_tiersNone,1002,add,0.02,0.1,final,natural,out,11,0.005574976706481179,47,0.0029299401467412
transformer,transformer_add_rho0.02_wd0.1_tiersNone,1002,add,0.02,0.1,final,natural,out,12,0.017861964843180436,19,0.0029299401467412
transformer,transformer_add_rho0.02_wd0.1_tiersNone,1002,add,0.02,0.1,final,natural,out,13,0.005732526417228245,42,0.0029299401467412
transformer,transformer_add_rho0.02_wd0.1_tiersNone,1002,add,0.02,0.1,final,natural,out,14,0.006594380324908117,38,0.0029299401467412
transformer,transformer_add_rho0.02_wd0.1_tiersNone,1002,add,0.02,0.1,final,natural,out,15,0.012610660126455668,29,0.0029299401467412
transformer,transformer_add_rho0.02_wd0.1_tiersNone,1002,add,0.02,0.1,final,natural,out,16,0.042951025056147285,5,0.0029299401467412
transformer,transformer_add_rho0.02_wd0.1_tiersNone,1002,add,0.02,0.1,final,natural,out,17,0.0042390486798961876,66,0.0029299401467412
transformer,transformer_add_rho0.02_wd0.1_tiersNone,1002,add,0.02,0.1,final,natural,out,18,0.004791285086485256,60,0.0029299401467412
transformer,transformer_add_rho0.02_wd0.1_tiersNone,1002,add,0.02,0.1,final,natural,out,19,0.014639027667466048,24,0.0029299401467412
transformer,transformer_add_rho0.02_wd0.1_tiersNone,1002,add,0.02,0.1,final,natural,out,20,0.007173096928693522,36,0.0029299401467412
transformer,transformer_add_rho0.02_wd0.1_tiersNone,1002,add,0.02,0.1,final,natural,out,21,0.007862972235590035,35,0.0029299401467412
transformer,transformer_add_rho0.02_wd0.1_tiersNone,1002,add,0.02,0.1,final,natural,out,22,0.014882293634412864,23,0.0029299401467412
transformer,transformer_add_rho0.02_wd0.1_tiersNone,1002,add,0.02,0.1,final,natural,out,23,0.0041988329753476555,67,0.0029299401467412
transformer,transformer_add_rho0.02_wd0.1_tiersNone,1002,add,0.02,0.1,final,natural,out,24,0.021349458024722184,13,0.0029299401467412
transformer,transformer_add_rho0.02_wd0.1_tiersNone,1002,add,0.02,0.1,final,natural,out,25,0.0048703792639815755,56,0.0029299401467412
transformer,transformer_add_rho0.02_wd0.1_tiersNone,1002,add,0.02,0.1,final,natural,out,26,0.049240165404379976,3,0.0029299401467412
transformer,transformer_add_rho0.02_wd0.1_tiersNone,1002,add,0.02,0.1,final,natural,out,27,0.01752189683980411,20,0.0029299401467412
transformer,transformer_add_rho0.02_wd0.1_tiersNone,1002,add,0.02,0.1,final,natural,out,28,0.005697658146892784,43,0.0029299401467412
transformer,transformer_add_rho0.02_wd0.1_tiersNone,1002,add,0.02,0.1,final,natural,out,29,0.0049824261573909664,52,0.0029299401467412
transformer,transformer_add_rho0.02_wd0.1_tiersNone,1002,add,0.02,0.1,final,natural,out,30,0.004920247337266369,53,0.0029299401467412
transformer,transformer_add_rho0.02_wd0.1_tiersNone,1002,add,0.02,0.1,final,natural,out,31,0.008113413379333273,34,0.0029299401467412
transformer,transformer_add_rho0.02_wd0.1_tiersNone,1002,add,0.02,0.1,final,natural,out,32,0.011714634014019627,31,0.0029299401467412
transformer,transformer_add_rho0.02_wd0.1_tiersNone,1002,add,0.02,0.1,final,natural,out,33,0.0038374237738519525,73,0.0029299401467412
transformer,transformer_add_rho0.02_wd0.1_tiersNone,1002,add,0.02,0.1,final,natural,out,34,0.012640829925016738,28,0.0029299401467412
transformer,transformer_add_rho0.02_wd0.1_tiersNone,1002,add,0.02,0.1,final,natural,out,35,0.005143657194727273,49,0.0029299401467412
transformer,transformer_add_rho0.02_wd0.1_tiersNone,1002,add,0.02,0.1,final,natural,out,36,0.004193128768995474,68,0.0029299401467412
transformer,transformer_add_rho0.02_wd0.1_tiersNone,1002,add,0.02,0.1,final,natural,out,37,0.02026307006922033,16,0.0029299401467412
transformer,transformer_add_rho0.02_wd0.1_tiersNone,1002,add,0.02,0.1,final,natural,out,38,0.045456694542847405,4,0.0029299401467412
transformer,transformer_add_rho0.02_wd0.1_tiersNone,1002,add,0.02,0.1,final,natural,out,39,0.01821051193198498,18,0.0029299401467412
transformer,transformer_add_rho0.02_wd0.1_tiersNone,1002,add,0.02,0.1,final,natural,out,40,0.03641817369299935,8,0.0029299401467412
transformer,transformer_add_rho0.02_wd0.1_tiersNone,1002,add,0.02,0.1,final,natural,out,41,0.00614731586256793,41,0.0029299401467412
transformer,transformer_add_rho0.02_wd0.1_tiersNone,1002,add,0.02,0.1,final,natural,out,42,0.0141960476620218,25,0.0029299401467412
transformer,transformer_add_rho0.02_wd0.1_tiersNone,1002,add,0.02,0.1,final,natural,out,43,0.008493478888384805,33,0.0029299401467412
transformer,transformer_add_rho0.02_wd0.1_tiersNone,1002,add,0.02,0.1,final,natural,out,44,0.004645340639545749,62,0.0029299401467412
transformer,transformer_add_rho0.02_wd0.1_tiersNone,1002,add,0.02,0.1,final,natural,out,45,0.0056152077319995995,46,0.0029299401467412
transformer,transformer_add_rho0.02_wd0.1_tiersNone,1002,add,0.02,0.1,final,natural,out,46,0.020312029015531852,15,0.0029299401467412
transformer,transformer_add_rho0.02_wd0.1_tiersNone,1002,add,0.02,0.1,final,natural,out,47,0.0036048938556866097,74,0.0029299401467412
transformer,transformer_add_rho0.02_wd0.1_tiersNone,1002,add,0.02,0.1,final,natural,out,48,0.005097179337497827,50,0.0029299401467412
transformer,transformer_add_rho0.02_wd0.1_tiersNone,1002,add,0.02,0.1,final,natural,out,49,0.00414428264457763,69,0.0029299401467412
transformer,transformer_add_rho0.02_wd0.1_tiersNone,1002,add,0.02,0.1,final,natural,out,50,0.006165065630727603,40,0.0029299401467412
transformer,transformer_add_rho0.02_wd0.1_tiersNone,1002,add,0.02,0.1,final,natural,out,51,0.022358626443003404,12,0.0029299401467412
transformer,transformer_add_rho0.02_wd0.1_tiersNone,1002,add,0.02,0.1,final,natural,out,52,0.02014321044608145,17,0.0029299401467412
transformer,transformer_add_rho0.02_wd0.1_tiersNone,1002,add,0.02,0.1,final,natural,out,53,0.03715176534572748,7,0.0029299401467412
transformer,transformer_add_rho0.02_wd0.1_tiersNone,1002,add,0.02,0.1,final,natural,out,54,0.013001586989320503,27,0.0029299401467412
transformer,transformer_add_rho0.02_wd0.1_tiersNone,1002,add,0.02,0.1,final,natural,out,55,0.004809467083152693,59,0.0029299401467412
transformer,transformer_add_rho0.02_wd0.1_tiersNone,1002,add,0.02,0.1,final,natural,out,56,0.0241015921306146,11,0.0029299401467412
transformer,transformer_add_rho0.02_wd0.1_tiersNone,1002,add,0.02,0.1,final,natural,out,57,0.06263285891253903,1,0.0029299401467412
transformer,transformer_add_rho0.02_wd0.1_tiersNone,1002,add,0.02,0.1,final,natural,out,58,0.016169776380378528,22,0.0029299401467412
transformer,transformer_add_rho0.02_wd0.1_tiersNone,1002,add,0.02,0.1,final,natural,out,59,0.003890917115196559,72,0.0029299401467412
transformer,transformer_add_rho0.02_wd0.1_tiersNone,1002,add,0.02,0.1,final,natural,out,60,0.004306199852735238,65,0.0029299401467412
transformer,transformer_add_rho0.02_wd0.1_tiersNone,1002,add,0.02,0.1,final,natural,out,61,0.013087912167093015,26,0.0029299401467412
transformer,transformer_add_rho0.02_wd0.1_tiersNone,1002,add,0.02,0.1,final,natural,out,62,0.005629530410098083,45,0.0029299401467412
transformer,transformer_add_rho0.02_wd0.1_tiersNone,1002,add,0.02,0.1,final,natural,out,63,0.0043935477999616996,64,0.0029299401467412
transformer,transformer_add_rho0.02_wd0.1_tiersNone,1002,add,0.02,0.1,final,natural,out,64,0.017383981611993216,21,0.0029299401467412
transformer,transformer_add_rho0.02_wd0.1_tiersNone,1002,add,0.02,0.1,final,natural,out,65,0.004603781471498212,63,0.0029299401467412
transformer,transformer_add_rho0.02_wd0.1_tiersNone,1002,add,0.02,0.1,final,natural,out,66,0.011815193543014744,30,0.0029299401467412
transformer,transformer_add_rho0.02_wd0.1_tiersNone,1002,add,0.02,0.1,final,natural,out,67,0.0048929477243810525,55,0.0029299401467412
transformer,transformer_add_rho0.02_wd0.1_tiersNone,1002,add,0.02,0.1,final,natural,out,68,0.004916368723815367,54,0.0029299401467412
transformer,transformer_add_rho0.02_wd0.1_tiersNone,1002,add,0.02,0.1,final,natural,out,69,0.03797662767752276,6,0.0029299401467412
transformer,transformer_add_rho0.02_wd0.1_tiersNone,1002,add,0.02,0.1,final,natural,out,70,0.021143867743433065,14,0.0029299401467412
transformer,transformer_add_rho0.02_wd0.1_tiersNone,1002,add,0.02,0.1,final,natural,out,71,0.006477006808283274,39,0.0029299401467412
transformer,transformer_add_rho0.02_wd0.1_tiersNone,1002,add,0.02,0.1,final,natural,out,72,0.05074904616780081,2,0.0029299401467412
transformer,transformer_add_rho0.02_wd0.1_tiersNone,1002,add,0.02,0.1,final,natural,out,73,0.011073510067024393,32,0.0029299401467412
transformer,transformer_add_rho0.02_wd0.1_tiersNone,1002,add,0.02,0.1,final,natural,out,74,0.003892855008435939,71,0.0029299401467412
transformer,transformer_add_rho0.02_wd0.3_tiersNone,1000,add,0.02,0.3,final,natural,in,1,0.0028534385101085815,26,0.014472723141789963
transformer,transformer_add_rho0.02_wd0.3_tiersNone,1000,add,0.02,0.3,final,natural,in,2,0.0023899369827462607,34,0.014472723141789963
transformer,transformer_add_rho0.02_wd0.3_tiersNone,1000,add,0.02,0.3,final,natural,in,3,0.002848848897095629,27,0.014472723141789963
transformer,transformer_add_rho0.02_wd0.3_tiersNone,1000,add,0.02,0.3,final,natural,in,4,0.0018822611712089661,58,0.014472723141789963
transformer,transformer_add_rho0.02_wd0.3_tiersNone,1000,add,0.02,0.3,final,natural,in,5,0.09289036097402233,6,0.014472723141789963
transformer,transformer_add_rho0.02_wd0.3_tiersNone,1000,add,0.02,0.3,final,natural,in,6,0.0018636831395143045,59,0.014472723141789963
transformer,transformer_add_rho0.02_wd0.3_tiersNone,1000,add,0.02,0.3,final,natural,in,7,0.0016887095424917937,67,0.014472723141789963
transformer,transformer_add_rho0.02_wd0.3_tiersNone,1000,add,0.02,0.3,final,natural,in,8,0.0020944683728957793,45,0.014472723141789963
transformer,transformer_add_rho0.02_wd0.3_tiersNone,1000,add,0.02,0.3,final,natural,in,9,0.0015860162697714556,73,0.014472723141789963
transformer,transformer_add_rho0.02_wd0.3_tiersNone,1000,add,0.02,0.3,final,natural,in,10,0.00420541233523596,16,0.014472723141789963
transformer,transformer_add_rho0.02_wd0.3_tiersNone,1000,add,0.02,0.3,final,natural,in,11,0.002095823653742511,44,0.014472723141789963
transformer,transformer_add_rho0.02_wd0.3_tiersNone,1000,add,0.02,0.3,final,natural,in,12,0.10201986209124668,4,0.014472723141789963
transformer,transformer_add_rho0.02_wd0.3_tiersNone,1000,add,0.02,0.3,final,natural,in,13,0.11133792031694893,2,0.014472723141789963
transformer,transformer_add_rho0.02_wd0.3_tiersNone,1000,add,0.02,0.3,final,natural,in,14,0.11743701139623114,1,0.014472723141789963
transformer,transformer_add_rho0.02_wd0.3_tiersNone,1000,add,0.02,0.3,final,natural,in,15,0.005818819671086391,12,0.014472723141789963
transformer,transformer_add_rho0.02_wd0.3_tiersNone,1000,add,0.02,0.3,final,natural,in,16,0.0020821931642493554,46,0.014472723141789963
transformer,transformer_add_rho0.02_wd0.3_tiersNone,1000,add,0.02,0.3,final,natural,in,17,0.0017015825606751063,66,0.014472723141789963
transformer,transformer_add_rho0.02_wd0.3_tiersNone,1000,add,0.02,0.3,final,natural,in,18,0.0018356074882669778,62,0.014472723141789963
transformer,transformer_add_rho0.02_wd0.3_tiersNone,1000,add,0.02,0.3,final,natural,in,19,0.00197313098186762,51,0.014472723141789963
transformer,transformer_add_rho0.02_wd0.3_tiersNone,1000,add,0.02,0.3,final,natural,in,20,0.0021287120716462246,43,0.014472723141789963
transformer,transformer_add_rho0.02_wd0.3_tiersNone,1000,add,0.02,0.3,final,natural,in,21,0.0022399830918151302,40,0.014472723141789963
transformer,transformer_add_rho0.02_wd0.3_tiersNone,1000,add,0.02,0.3,final,natural,in,22,0.0025913115208215163,31,0.014472723141789963
transformer,transformer_add_rho0.02_wd0.3_tiersNone,1000,add,0.02,0.3,final,natural,in,23,0.003197453432483912,24,0.014472723141789963
transformer,transformer_add_rho0.02_wd0.3_tiersNone,1000,add,0.02,0.3,final,natural,in,24,0.009889534402799624,11,0.014472723141789963
transformer,transformer_add_rho0.02_wd0.3_tiersNone,1000,add,0.02,0.3,final,natural,in,25,0.0020748714177373827,47,0.014472723141789963
transformer,transformer_add_rho0.02_wd0.3_tiersNone,1000,add,0.02,0.3,final,natural,in,26,0.004943011711869724,15,0.014472723141789963
transformer,transformer_add_rho0.02_wd0.3_tiersNone,1000,add,0.02,0.3,final,natural,in,27,0.0016706791497677895,69,0.014472723141789963
transformer,transformer_add_rho0.02_wd0.3_tiersNone,1000,add,0.02,0.3,final,natural,in,28,0.016971495028971717,9,0.014472723141789963
transformer,transformer_add_rho0.02_wd0.3_tiersNone,1000,add,0.02,0.3,final,natural,in,29,0.09167607143648869,7,0.014472723141789963
transformer,transformer_add_rho0.02_wd0.3_tiersNone,1000,add,0.02,0.3,final,natural,in,30,0.0016542191645645664,71,0.014472723141789963
transformer,transformer_add_rho0.02_wd0.3_tiersNone,1000,add,0.02,0.3,final,natural,in,31,0.0016436300655359689,72,0.014472723141789963
transformer,transformer_add_rho0.02_wd0.3_tiersNone,1000,add,0.02,0.3,final,natural,in,32,0.00175682508250199,65,0.014472723141789963
transformer,transformer_add_rho0.02_wd0.3_tiersNone,1000,add,0.02,0.3,final,natural,in,33,0.002328094639788402,37,0.014472723141789963
transformer,transformer_add_rho0.02_wd0.3_tiersNone,1000,add,0.02,0.3,final,natural,in,34,0.0019018071537050321,55,0.014472723141789963
transformer,transformer_add_rho0.02_wd0.3_tiersNone,1000,add,0.02,0.3,final,natural,in,35,0.0020370284563325683,48,0.014472723141789963
transformer,transformer_add_rho0.02_wd0.3_tiersNone,1000,add,0.02,0.3,final,natural,in,36,0.0032660363093364323,23,0.014472723141789963
transformer,transformer_add_rho0.02_wd0.3_tiersNone,1000,add,0.02,0.3,final,natural,in,37,0.00243641724892371,32,0.014472723141789963
transformer,transformer_add_rho0.02_wd0.3_tiersNone,1000,add,0.02,0.3,final,natural,in,38,0.002368039584638922,36,0.014472723141789963
transformer,transformer_add_rho0.02_wd0.3_tiersNone,1000,add,0.02,0.3,final,natural,in,39,0.0032937072965389573,22,0.014472723141789963
transformer,transformer_add_rho0.02_wd0.3_tiersNone,1000,add,0.02,0.3,final,natural,in,40,0.0027671112794178804,29,0.014472723141789963
transformer,transformer_add_rho0.02_wd0.3_tiersNone,1000,add,0.02,0.3,final,natural,in,41,0.00240103305247339,33,0.014472723141789963
transformer,transformer_add_rho0.02_wd0.3_tiersNone,1000,add,0.02,0.3,final,natural,in,42,0.00563366429302159,13,0.014472723141789963
transformer,transformer_add_rho0.02_wd0.3_tiersNone,1000,add,0.02,0.3,final,natural,in,43,0.001933480100466102,53,0.014472723141789963
transformer,transformer_add_rho0.02_wd0.3_tiersNone,1000,add,0.02,0.3,final,natural,in,44,0.07780018545426168,8,0.014472723141789963
transformer,transformer_add_rho0.02_wd0.3_tiersNone,1000,add,0.02,0.3,final,natural,in,45,0.001669914258293593,70,0.014472723141789963
transformer,transformer_add_rho0.02_wd0.3_tiersNone,1000,add,0.02,0.3,final,natural,in,46,0.002785367708164326,28,0.014472723141789963
transformer,transformer_add_rho0.02_wd0.3_tiersNone,1000,add,0.02,0.3,final,natural,in,47,0.10075103798385032,5,0.014472723141789963
transformer,transformer_add_rho0.02_wd0.3_tiersNone,1000,add,0.02,0.3,final,natural,in,48,0.001967471643153378,52,0.014472723141789963
transformer,transformer_add_rho0.02_wd0.3_tiersNone,1000,add,0.02,0.3,final,natural,in,49,0.014469495058393015,10,0.014472723141789963
transformer,transformer_add_rho0.02_wd0.3_tiersNone,1000,add,0.02,0.3,final,natural,in,50,0.10641834027436,3,0.014472723141789963
transformer,transformer_add_rho0.02_wd0.3_tiersNone,1000,add,0.02,0.3,final,natural,in,51,0.0019952458209036776,49,0.014472723141789963
transformer,transformer_add_rho0.02_wd0.3_tiersNone,1000,add,0.02,0.3,final,natural,in,52,0.001979676725378408,50,0.014472723141789963
transformer,transformer_add_rho0.02_wd0.3_tiersNone,1000,add,0.02,0.3,final,natural,in,53,0.002141344159769843,42,0.014472723141789963
transformer,transformer_add_rho0.02_wd0.3_tiersNone,1000,add,0.02,0.3,final,natural,in,54,0.002289071016328407,38,0.014472723141789963
transformer,transformer_add_rho0.02_wd0.3_tiersNone,1000,add,0.02,0.3,final,natural,in,55,0.005014393393923605,14,0.014472723141789963
transformer,transformer_add_rho0.02_wd0.3_tiersNone,1000,add,0.02,0.3,final,natural,in,56,0.0018264069442602351,63,0.014472723141789963
transformer,transformer_add_rho0.02_wd0.3_tiersNone,1000,add,0.02,0.3,final,natural,in,57,0.0021883000250869974,41,0.014472723141789963
transformer,transformer_add_rho0.02_wd0.3_tiersNone,1000,add,0.02,0.3,final,natural,in,58,0.0034567209702362493,21,0.014472723141789963
transformer,transformer_add_rho0.02_wd0.3_tiersNone,1000,add,0.02,0.3,final,natural,in,59,0.0015516034223317628,74,0.014472723141789963
transformer,transformer_add_rho0.02_wd0.3_tiersNone,1000,add,0.02,0.3,final,natural,in,60,0.0018478995095117386,60,0.014472723141789963
transformer,transformer_add_rho0.02_wd0.3_tiersNone,1000,add,0.02,0.3,final,natural,in,61,0.003926181524268851,17,0.014472723141789963
transformer,transformer_add_rho0.02_wd0.3_tiersNone,1000,add,0.02,0.3,final,natural,in,62,0.0022659832894800745,39,0.014472723141789963
transformer,transformer_add_rho0.02_wd0.3_tiersNone,1000,add,0.02,0.3,final,natural,in,63,0.002637583165138747,30,0.014472723141789963
transformer,transformer_add_rho0.02_wd0.3_tiersNone,1000,add,0.02,0.3,final,natural,in,64,0.0016831285669653211,68,0.014472723141789963
transformer,transformer_add_rho0.02_wd0.3_tiersNone,1000,add,0.02,0.3,final,natural,in,65,0.001884209328395128,57,0.014472723141789963
transformer,transformer_add_rho0.02_wd0.3_tiersNone,1000,add,0.02,0.3,final,natural,in,66,0.0018396207236199525,61,0.014472723141789963
transformer,transformer_add_rho0.02_wd0.3_tiersNone,1000,add,0.02,0.3,final,natural,in,67,0.0018857347760144003,56,0.014472723141789963
transformer,transformer_add_rho0.02_wd0.3_tiersNone,1000,add,0.02,0.3,final,natural,in,68,0.001824175072625019,64,0.014472723141789963
transformer,transformer_add_rho0.02_wd0.3_tiersNone,1000,add,0.02,0.3,final,natural,in,69,0.0019078256965177046,54,0.014472723141789963
transformer,transformer_add_rho0.02_wd0.3_tiersNone,1000,add,0.02,0.3,final,natural,in,70,0.0038964536509494955,18,0.014472723141789963
transformer,transformer_add_rho0.02_wd0.3_tiersNone,1000,add,0.02,0.3,final,natural,in,71,0.003664792237228818,20,0.014472723141789963
transformer,transformer_add_rho0.02_wd0.3_tiersNone,1000,add,0.02,0.3,final,natural,in,72,0.002372774270440966,35,0.014472723141789963
transformer,transformer_add_rho0.02_wd0.3_tiersNone,1000,add,0.02,0.3,final,natural,in,73,0.0029108654174235193,25,0.014472723141789963
transformer,transformer_add_rho0.02_wd0.3_tiersNone,1000,add,0.02,0.3,final,natural,in,74,0.0037388934016718534,19,0.014472723141789963
transformer,transformer_add_rho0.02_wd0.3_tiersNone,1000,add,0.02,0.3,final,natural,out,1,0.015528536183879562,9,0.0015248310344047973
transformer,transformer_add_rho0.02_wd0.3_tiersNone,1000,add,0.02,0.3,final,natural,out,2,0.008728759266034784,27,0.0015248310344047973
transformer,transformer_add_rho0.02_wd0.3_tiersNone,1000,add,0.02,0.3,final,natural,out,3,0.007981853058306097,31,0.0015248310344047973
transformer,transformer_add_rho0.02_wd0.3_tiersNone,1000,add,0.02,0.3,final,natural,out,4,0.00245529944406312,72,0.0015248310344047973
transformer,transformer_add_rho0.02_wd0.3_tiersNone,1000,add,0.02,0.3,final,natural,out,5,0.048982077215067386,8,0.0015248310344047973
transformer,transformer_add_rho0.02_wd0.3_tiersNone,1000,add,0.02,0.3,final,natural,out,6,0.005151739509509119,45,0.0015248310344047973
transformer,transformer_add_rho0.02_wd0.3_tiersNone,1000,add,0.02,0.3,final,natural,out,7,0.004949732268714354,47,0.0015248310344047973
transformer,transformer_add_rho0.02_wd0.3_tiersNone,1000,add,0.02,0.3,final,natural,out,8,0.004977241707792347,46,0.0015248310344047973
transformer,transformer_add_rho0.02_wd0.3_tiersNone,1000,add,0.02,0.3,final,natural,out,9,0.00671837051641995,36,0.0015248310344047973
transformer,transformer_add_rho0.02_wd0.3_tiersNone,1000,add,0.02,0.3,final,natural,out,10,0.0031714432801994,57,0.0015248310344047973
transformer,transformer_add_rho0.02_wd0.3_tiersNone,1000,add,0.02,0.3,final,natural,out,11,0.0026777740481295073,66,0.0015248310344047973
transformer,transformer_add_rho0.02_wd0.3_tiersNone,1000,add,0.02,0.3,final,natural,out,12,0.0773302269315622,3,0.0015248310344047973
transformer,transformer_add_rho0.02_wd0.3_tiersNone,1000,add,0.02,0.3,final,natural,out,13,0.07564366090139836,4,0.0015248310344047973
transformer,transformer_add_rho0.02_wd0.3_tiersNone,1000,add,0.02,0.3,final,natural,out,14,0.0827692077244926,2,0.0015248310344047973
transformer,transformer_add_rho0.02_wd0.3_tiersNone,1000,add,0.02,0.3,final,natural,out,15,0.00997907365441763,20,0.0015248310344047973
transformer,transformer_add_rho0.02_wd0.3_tiersNone,1000,add,0.02,0.3,final,natural,out,16,0.006421497373838686,39,0.0015248310344047973
transformer,transformer_add_rho0.02_wd0.3_tiersNone,1000,add,0.02,0.3,final,natural,out,17,0.00978375109148886,22,0.0015248310344047973
transformer,transformer_add_rho0.02_wd0.3_tiersNone,1000,add,0.02,0.3,final,natural,out,18,0.01001532848820249,19,0.0015248310344047973
transformer,transformer_add_rho0.02_wd0.3_tiersNone,1000,add,0.02,0.3,final,natural,out,19,0.00812544817404646,30,0.0015248310344047973
transformer,transformer_add_rho0.02_wd0.3_tiersNone,1000,add,0.02,0.3,final,natural,out,20,0.0025375706404570184,70,0.0015248310344047973
transformer,transformer_add_rho0.02_wd0.3_tiersNone,1000,add,0.02,0.3,final,natural,out,21,0.005990358834601302,41,0.0015248310344047973
transformer,transformer_add_rho0.02_wd0.3_tiersNone,1000,add,0.02,0.3,final,natural,out,22,0.002520282655578541,71,0.0015248310344047973
transformer,transformer_add_rho0.02_wd0.3_tiersNone,1000,add,0.02,0.3,final,natural,out,23,0.0025507523174811354,68,0.0015248310344047973
transformer,transformer_add_rho0.02_wd0.3_tiersNone,1000,add,0.02,0.3,final,natural,out,24,0.00758329447288977,32,0.0015248310344047973
transformer,transformer_add_rho0.02_wd0.3_tiersNone,1000,add,0.02,0.3,final,natural,out,25,0.010686373706996205,13,0.0015248310344047973
transformer,transformer_add_rho0.02_wd0.3_tiersNone,1000,add,0.02,0.3,final,natural,out,26,0.009763816221601503,23,0.0015248310344047973
transformer,transformer_add_rho0.02_wd0.3_tiersNone,1000,add,0.02,0.3,final,natural,out,27,0.010638131566094767,14,0.0015248310344047973
transformer,transformer_add_rho0.02_wd0.3_tiersNone,1000,add,0.02,0.3,final,natural,out,28,0.010128351734253757,18,0.0015248310344047973
transformer,transformer_add_rho0.02_wd0.3_tiersNone,1000,add,0.02,0.3,final,natural,out,29,0.06983834201338082,6,0.0015248310344047973
transformer,transformer_add_rho0.02_wd0.3_tiersNone,1000,add,0.02,0.3,final,natural,out,30,0.006381726578443992,40,0.0015248310344047973
transformer,transformer_add_rho0.02_wd0.3_tiersNone,1000,add,0.02,0.3,final,natural,out,31,0.004576709974543947,50,0.0015248310344047973
transformer,transformer_add_rho0.02_wd0.3_tiersNone,1000,add,0.02,0.3,final,natural,out,32,0.004077169240390777,52,0.0015248310344047973
transformer,transformer_add_rho0.02_wd0.3_tiersNone,1000,add,0.02,0.3,final,natural,out,33,0.011660554324302136,11,0.0015248310344047973
transformer,transformer_add_rho0.02_wd0.3_tiersNone,1000,add,0.02,0.3,final,natural,out,34,0.011894945496223433,10,0.0015248310344047973
transformer,transformer_add_rho0.02_wd0.3_tiersNone,1000,add,0.02,0.3,final,natural,out,35,0.005884208474479483,42,0.0015248310344047973
transformer,transformer_add_rho0.02_wd0.3_tiersNone,1000,add,0.02,0.3,final,natural,out,36,0.010481067593037722,17,0.0015248310344047973
transformer,transformer_add_rho0.02_wd0.3_tiersNone,1000,add,0.02,0.3,final,natural,out,37,0.008889639885274732,25,0.0015248310344047973
transformer,transformer_add_rho0.02_wd0.3_tiersNone,1000,add,0.02,0.3,final,natural,out,38,0.005699602269896849,43,0.0015248310344047973
transformer,transformer_add_rho0.02_wd0.3_tiersNone,1000,add,0.02,0.3,final,natural,out,39,0.0038227278149040754,54,0.0015248310344047973
transformer,transformer_add_rho0.02_wd0.3_tiersNone,1000,add,0.02,0.3,final,natural,out,40,0.002384850365897905,73,0.0015248310344047973
transformer,transformer_add_rho0.02_wd0.3_tiersNone,1000,add,0.02,0.3,final,natural,out,41,0.006615554274105176,37,0.0015248310344047973
transformer,transformer_add_rho0.02_wd0.3_tiersNone,1000,add,0.02,0.3,final,natural,out,42,0.010776180672702246,12,0.0015248310344047973
transformer,transformer_add_rho0.02_wd0.3_tiersNone,1000,add,0.02,0.3,final,natural,out,43,0.010614287503023592,15,0.0015248310344047973
transformer,transformer_add_rho0.02_wd0.3_tiersNone,1000,add,0.02,0.3,final,natural,out,44,0.06665068972525466,7,0.0015248310344047973
transformer,transformer_add_rho0.02_wd0.3_tiersNone,1000,add,0.02,0.3,final,natural,out,45,0.0039477993453570755,53,0.0015248310344047973
transformer,transformer_add_rho0.02_wd0.3_tiersNone,1000,add,0.02,0.3,final,natural,out,46,0.0032511385274296735,55,0.0015248310344047973
transformer,transformer_add_rho0.02_wd0.3_tiersNone,1000,add,0.02,0.3,final,natural,out,47,0.07152577143921178,5,0.0015248310344047973
transformer,transformer_add_rho0.02_wd0.3_tiersNone,1000,add,0.02,0.3,final,natural,out,48,0.003218973763184899,56,0.0015248310344047973
transformer,transformer_add_rho0.02_wd0.3_tiersNone,1000,add,0.02,0.3,final,natural,out,49,0.007375505621409015,33,0.0015248310344047973
transformer,transformer_add_rho0.02_wd0.3_tiersNone,1000,add,0.02,0.3,final,natural,out,50,0.0909619214627776,1,0.0015248310344047973
transformer,transformer_add_rho0.02_wd0.3_tiersNone,1000,add,0.02,0.3,final,natural,out,51,0.0028101567159878253,63,0.0015248310344047973
transformer,transformer_add_rho0.02_wd0.3_tiersNone,1000,add,0.02,0.3,final,natural,out,52,0.009865931132642329,21,0.0015248310344047973
transformer,transformer_add_rho0.02_wd0.3_tiersNone,1000,add,0.02,0.3,final,natural,out,53,0.002700407960601437,65,0.0015248310344047973
transformer,transformer_add_rho0.02_wd0.3_tiersNone,1000,add,0.02,0.3,final,natural,out,54,0.0022778583920187536,74,0.0015248310344047973
transformer,transformer_add_rho0.02_wd0.3_tiersNone,1000,add,0.02,0.3,final,natural,out,55,0.008832819786277835,26,0.0015248310344047973
transformer,transformer_add_rho0.02_wd0.3_tiersNone,1000,add,0.02,0.3,final,natural,out,56,0.004231700667559308,51,0.0015248310344047973
transformer,transformer_add_rho0.02_wd0.3_tiersNone,1000,add,0.02,0.3,final,natural,out,57,0.004577565933474401,49,0.0015248310344047973
transformer,transformer_add_rho0.02_wd0.3_tiersNone,1000,add,0.02,0.3,final,natural,out,58,0.010595485656111066,16,0.0015248310344047973
transformer,transformer_add_rho0.02_wd0.3_tiersNone,1000,add,0.02,0.3,final,natural,out,59,0.005667381845651018,44,0.0015248310344047973
transformer,transformer_add_rho0.02_wd0.3_tiersNone,1000,add,0.02,0.3,final,natural,out,60,0.0068593314900492015,35,0.0015248310344047973
transformer,transformer_add_rho0.02_wd0.3_tiersNone,1000,add,0.02,0.3,final,natural,out,61,0.009545788487985403,24,0.0015248310344047973
transformer,transformer_add_rho0.02_wd0.3_tiersNone,1000,add,0.02,0.3,final,natural,out,62,0.004944701386232883,48,0.0015248310344047973
transformer,transformer_add_rho0.02_wd0.3_tiersNone,1000,add,0.02,0.3,final,natural,out,63,0.007107010524249417,34,0.0015248310344047973
transformer,transformer_add_rho0.02_wd0.3_tiersNone,1000,add,0.02,0.3,final,natural,out,64,0.008266129839264034,29,0.0015248310344047973
transformer,transformer_add_rho0.02_wd0.3_tiersNone,1000,add,0.02,0.3,final,natural,out,65,0.0028639610896749133,60,0.0015248310344047973
transformer,transformer_add_rho0.02_wd0.3_tiersNone,1000,add,0.02,0.3,final,natural,out,66,0.002847279916183655,62,0.0015248310344047973
transformer,transformer_add_rho0.02_wd0.3_tiersNone,1000,add,0.02,0.3,final,natural,out,67,0.0026012551590524104,67,0.0015248310344047973
transformer,transformer_add_rho0.02_wd0.3_tiersNone,1000,add,0.02,0.3,final,natural,out,68,0.0030583877796136385,59,0.0015248310344047973
transformer,transformer_add_rho0.02_wd0.3_tiersNone,1000,add,0.02,0.3,final,natural,out,69,0.002802125331580964,64,0.0015248310344047973
transformer,transformer_add_rho0.02_wd0.3_tiersNone,1000,add,0.02,0.3,final,natural,out,70,0.008287493591472688,28,0.0015248310344047973
transformer,transformer_add_rho0.02_wd0.3_tiersNone,1000,add,0.02,0.3,final,natural,out,71,0.002545326421650589,69,0.0015248310344047973
transformer,transformer_add_rho0.02_wd0.3_tiersNone,1000,add,0.02,0.3,final,natural,out,72,0.0028592645132484037,61,0.0015248310344047973
transformer,transformer_add_rho0.02_wd0.3_tiersNone,1000,add,0.02,0.3,final,natural,out,73,0.006448892159473338,38,0.0015248310344047973
transformer,transformer_add_rho0.02_wd0.3_tiersNone,1000,add,0.02,0.3,final,natural,out,74,0.0030844248671961037,58,0.0015248310344047973
transformer,transformer_add_rho0.02_wd0.3_tiersNone,1001,add,0.02,0.3,final,natural,in,1,0.0020533165315465758,46,0.013847480269195451
transformer,transformer_add_rho0.02_wd0.3_tiersNone,1001,add,0.02,0.3,final,natural,in,2,0.0020761538926394748,45,0.013847480269195451
transformer,transformer_add_rho0.02_wd0.3_tiersNone,1001,add,0.02,0.3,final,natural,in,3,0.0024122419911476733,29,0.013847480269195451
transformer,transformer_add_rho0.02_wd0.3_tiersNone,1001,add,0.02,0.3,final,natural,in,4,0.011374231689211221,12,0.013847480269195451
transformer,transformer_add_rho0.02_wd0.3_tiersNone,1001,add,0.02,0.3,final,natural,in,5,0.0021232807332715246,43,0.013847480269195451
transformer,transformer_add_rho0.02_wd0.3_tiersNone,1001,add,0.02,0.3,final,natural,in,6,0.03364915154623695,10,0.013847480269195451
transformer,transformer_add_rho0.02_wd0.3_tiersNone,1001,add,0.02,0.3,final,natural,in,7,0.002008198616611208,50,0.013847480269195451
transformer,transformer_add_rho0.02_wd0.3_tiersNone,1001,add,0.02,0.3,final,natural,in,8,0.0017510026485958198,67,0.013847480269195451
transformer,transformer_add_rho0.02_wd0.3_tiersNone,1001,add,0.02,0.3,final,natural,in,9,0.0016760524132306647,72,0.013847480269195451
transformer,transformer_add_rho0.02_wd0.3_tiersNone,1001,add,0.02,0.3,final,natural,in,10,0.0019677426724307133,54,0.013847480269195451
transformer,transformer_add_rho0.02_wd0.3_tiersNone,1001,add,0.02,0.3,final,natural,in,11,0.0018419683369835316,61,0.013847480269195451
transformer,transformer_add_rho0.02_wd0.3_tiersNone,1001,add,0.02,0.3,final,natural,in,12,0.0020470454673102733,47,0.013847480269195451
transformer,transformer_add_rho0.02_wd0.3_tiersNone,1001,add,0.02,0.3,final,natural,in,13,0.0018775783546179595,59,0.013847480269195451
transformer,transformer_add_rho0.02_wd0.3_tiersNone,1001,add,0.02,0.3,final,natural,in,14,0.11916101685601291,1,0.013847480269195451
transformer,transformer_add_rho0.02_wd0.3_tiersNone,1001,add,0.02,0.3,final,natural,in,15,0.0033907916998322666,17,0.013847480269195451
transformer,transformer_add_rho0.02_wd0.3_tiersNone,1001,add,0.02,0.3,final,natural,in,16,0.0029015071417723436,21,0.013847480269195451
transformer,transformer_add_rho0.02_wd0.3_tiersNone,1001,add,0.02,0.3,final,natural,in,17,0.0024541412166261384,28,0.013847480269195451
transformer,transformer_add_rho0.02_wd0.3_tiersNone,1001,add,0.02,0.3,final,natural,in,18,0.00192908383231293,56,0.013847480269195451
transformer,transformer_add_rho0.02_wd0.3_tiersNone,1001,add,0.02,0.3,final,natural,in,19,0.002545685370660705,24,0.013847480269195451
transformer,transformer_add_rho0.02_wd0.3_tiersNone,1001,add,0.02,0.3,final,natural,in,20,0.0022101491091176526,40,0.013847480269195451
transformer,transformer_add_rho0.02_wd0.3_tiersNone,1001,add,0.02,0.3,final,natural,in,21,0.001639519890411884,73,0.013847480269195451
transformer,transformer_add_rho0.02_wd0.3_tiersNone,1001,add,0.02,0.3,final,natural,in,22,0.09976015832976153,3,0.013847480269195451
transformer,transformer_add_rho0.02_wd0.3_tiersNone,1001,add,0.02,0.3,final,natural,in,23,0.0019374372927612672,55,0.013847480269195451
transformer,transformer_add_rho0.02_wd0.3_tiersNone,1001,add,0.02,0.3,final,natural,in,24,0.0017252994945192272,69,0.013847480269195451
transformer,transformer_add_rho0.02_wd0.3_tiersNone,1001,add,0.02,0.3,final,natural,in,25,0.0021496584796723396,42,0.013847480269195451
transformer,transformer_add_rho0.02_wd0.3_tiersNone,1001,add,0.02,0.3,final,natural,in,26,0.0019203285705062395,57,0.013847480269195451
transformer,transformer_add_rho0.02_wd0.3_tiersNone,1001,add,0.02,0.3,final,natural,in,27,0.09856844696034114,4,0.013847480269195451
transformer,transformer_add_rho0.02_wd0.3_tiersNone,1001,add,0.02,0.3,final,natural,in,28,0.053949374609535944,9,0.013847480269195451
transformer,transformer_add_rho0.02_wd0.3_tiersNone,1001,add,0.02,0.3,final,natural,in,29,0.0027618864049385097,22,0.013847480269195451
transformer,transformer_add_rho0.02_wd0.3_tiersNone,1001,add,0.02,0.3,final,natural,in,30,0.001989302098879844,51,0.013847480269195451
transformer,transformer_add_rho0.02_wd0.3_tiersNone,1001,add,0.02,0.3,final,natural,in,31,0.06156343913370478,8,0.013847480269195451
transformer,transformer_add_rho0.02_wd0.3_tiersNone,1001,add,0.02,0.3,final,natural,in,32,0.003177485085524175,19,0.013847480269195451
transformer,transformer_add_rho0.02_wd0.3_tiersNone,1001,add,0.02,0.3,final,natural,in,33,0.0018311975886837657,63,0.013847480269195451
transformer,transformer_add_rho0.02_wd0.3_tiersNone,1001,add,0.02,0.3,final,natural,in,34,0.0017892623175128368,66,0.013847480269195451
transformer,transformer_add_rho0.02_wd0.3_tiersNone,1001,add,0.02,0.3,final,natural,in,35,0.002619396640165397,23,0.013847480269195451
transformer,transformer_add_rho0.02_wd0.3_tiersNone,1001,add,0.02,0.3,final,natural,in,36,0.001983021068943618,53,0.013847480269195451
transformer,transformer_add_rho0.02_wd0.3_tiersNone,1001,add,0.02,0.3,final,natural,in,37,0.0023223579418528103,32,0.013847480269195451
transformer,transformer_add_rho0.02_wd0.3_tiersNone,1001,add,0.02,0.3,final,natural,in,38,0.08883802505452308,6,0.013847480269195451
transformer,transformer_add_rho0.02_wd0.3_tiersNone,1001,add,0.02,0.3,final,natural,in,39,0.0017936787873613974,65,0.013847480269195451
transformer,transformer_add_rho0.02_wd0.3_tiersNone,1001,add,0.02,0.3,final,natural,in,40,0.0020247175229429594,49,0.013847480269195451
transformer,transformer_add_rho0.02_wd0.3_tiersNone,1001,add,0.02,0.3,final,natural,in,41,0.002475766567157207,27,0.013847480269195451
transformer,transformer_add_rho0.02_wd0.3_tiersNone,1001,add,0.02,0.3,final,natural,in,42,0.0032555611560243516,18,0.013847480269195451
transformer,transformer_add_rho0.02_wd0.3_tiersNone,1001,add,0.02,0.3,final,natural,in,43,0.10277815744251247,2,0.013847480269195451
transformer,transformer_add_rho0.02_wd0.3_tiersNone,1001,add,0.02,0.3,final,natural,in,44,0.011240318796611299,13,0.013847480269195451
transformer,transformer_add_rho0.02_wd0.3_tiersNone,1001,add,0.02,0.3,final,natural,in,45,0.0022798241063835115,34,0.013847480269195451
transformer,transformer_add_rho0.02_wd0.3_tiersNone,1001,add,0.02,0.3,final,natural,in,46,0.002103283282892621,44,0.013847480269195451
transformer,transformer_add_rho0.02_wd0.3_tiersNone,1001,add,0.02,0.3,final,natural,in,47,0.0017071680505095221,70,0.013847480269195451
transformer,transformer_add_rho0.02_wd0.3_tiersNone,1001,add,0.02,0.3,final,natural,in,48,0.0025256915640555493,25,0.013847480269195451
transformer,transformer_add_rho0.02_wd0.3_tiersNone,1001,add,0.02,0.3,final,natural,in,49,0.003020311766507802,20,0.013847480269195451
transformer,transformer_add_rho0.02_wd0.3_tiersNone,1001,add,0.02,0.3,final,natural,in,50,0.06382417264219786,7,0.013847480269195451
transformer,transformer_add_rho0.02_wd0.3_tiersNone,1001,add,0.02,0.3,final,natural,in,51,0.0019175186567267231,58,0.013847480269195451
transformer,transformer_add_rho0.02_wd0.3_tiersNone,1001,add,0.02,0.3,final,natural,in,52,0.00160161320204914,74,0.013847480269195451
transformer,transformer_add_rho0.02_wd0.3_tiersNone,1001,add,0.02,0.3,final,natural,in,53,0.0020468176585665175,48,0.013847480269195451
transformer,transformer_add_rho0.02_wd0.3_tiersNone,1001,add,0.02,0.3,final,natural,in,54,0.01909657175599889,11,0.013847480269195451
transformer,transformer_add_rho0.02_wd0.3_tiersNone,1001,add,0.02,0.3,final,natural,in,55,0.0022523418019525826,36,0.013847480269195451
transformer,transformer_add_rho0.02_wd0.3_tiersNone,1001,add,0.02,0.3,final,natural,in,56,0.0023459625871787883,30,0.013847480269195451
transformer,transformer_add_rho0.02_wd0.3_tiersNone,1001,add,0.02,0.3,final,natural,in,57,0.0022809208749282124,33,0.013847480269195451
transformer,transformer_add_rho0.02_wd0.3_tiersNone,1001,add,0.02,0.3,final,natural,in,58,0.0022171188898959557,39,0.013847480269195451
transformer,transformer_add_rho0.02_wd0.3_tiersNone,1001,add,0.02,0.3,final,natural,in,59,0.09390848659847059,5,0.013847480269195451
transformer,transformer_add_rho0.02_wd0.3_tiersNone,1001,add,0.02,0.3,final,natural,in,60,0.001858719801425147,60,0.013847480269195451
transformer,transformer_add_rho0.02_wd0.3_tiersNone,1001,add,0.02,0.3,final,natural,in,61,0.00220870283431486,41,0.013847480269195451
transformer,transformer_add_rho0.02_wd0.3_tiersNone,1001,add,0.02,0.3,final,natural,in,62,0.003551706085979838,16,0.013847480269195451
transformer,transformer_add_rho0.02_wd0.3_tiersNone,1001,add,0.02,0.3,final,natural,in,63,0.008796133110770092,14,0.013847480269195451
transformer,transformer_add_rho0.02_wd0.3_tiersNone,1001,add,0.02,0.3,final,natural,in,64,0.001697299959202338,71,0.013847480269195451
transformer,transformer_add_rho0.02_wd0.3_tiersNone,1001,add,0.02,0.3,final,natural,in,65,0.0018359580900675196,62,0.013847480269195451
transformer,transformer_add_rho0.02_wd0.3_tiersNone,1001,add,0.02,0.3,final,natural,in,66,0.002338192073320207,31,0.013847480269195451
transformer,transformer_add_rho0.02_wd0.3_tiersNone,1001,add,0.02,0.3,final,natural,in,67,0.0022636399117643012,35,0.013847480269195451
transformer,transformer_add_rho0.02_wd0.3_tiersNone,1001,add,0.02,0.3,final,natural,in,68,0.0024873478167385748,26,0.013847480269195451
transformer,transformer_add_rho0.02_wd0.3_tiersNone,1001,add,0.02,0.3,final,natural,in,69,0.00198705254675274,52,0.013847480269195451
transformer,transformer_add_rho0.02_wd0.3_tiersNone,1001,add,0.02,0.3,final,natural,in,70,0.0017364928792634917,68,0.013847480269195451
transformer,transformer_add_rho0.02_wd0.3_tiersNone,1001,add,0.02,0.3,final,natural,in,71,0.0022373604261054086,37,0.013847480269195451
transformer,transformer_add_rho0.02_wd0.3_tiersNone,1001,add,0.02,0.3,final,natural,in,72,0.002217483527059031,38,0.013847480269195451
transformer,transformer_add_rho0.02_wd0.3_tiersNone,1001,add,0.02,0.3,final,natural,in,73,0.004294366259427037,15,0.013847480269195451
transformer,transformer_add_rho0.02_wd0.3_tiersNone,1001,add,0.02,0.3,final,natural,in,74,0.0018176038844784712,64,0.013847480269195451
transformer,transformer_add_rho0.02_wd0.3_tiersNone,1001,add,0.02,0.3,final,natural,out,1,0.0028592621896929393,57,0.001736103949515683
transformer,transformer_add_rho0.02_wd0.3_tiersNone,1001,add,0.02,0.3,final,natural,out,2,0.002939069230493821,54,0.001736103949515683
transformer,transformer_add_rho0.02_wd0.3_tiersNone,1001,add,0.02,0.3,final,natural,out,3,0.0028029132406302655,61,0.001736103949515683
transformer,transformer_add_rho0.02_wd0.3_tiersNone,1001,add,0.02,0.3,final,natural,out,4,0.004940546491330669,29,0.001736103949515683
transformer,transformer_add_rho0.02_wd0.3_tiersNone,1001,add,0.02,0.3,final,natural,out,5,0.00652954728618605,25,0.001736103949515683
transformer,transformer_add_rho0.02_wd0.3_tiersNone,1001,add,0.02,0.3,final,natural,out,6,0.0181270243918287,10,0.001736103949515683
transformer,transformer_add_rho0.02_wd0.3_tiersNone,1001,add,0.02,0.3,final,natural,out,7,0.0035701702816314145,39,0.001736103949515683
transformer,transformer_add_rho0.02_wd0.3_tiersNone,1001,add,0.02,0.3,final,natural,out,8,0.010387744172053993,15,0.001736103949515683
transformer,transformer_add_rho0.02_wd0.3_tiersNone,1001,add,0.02,0.3,final,natural,out,9,0.003419534909012599,42,0.001736103949515683
transformer,transformer_add_rho0.02_wd0.3_tiersNone,1001,add,0.02,0.3,final,natural,out,10,0.0026382702776747207,67,0.001736103949515683
transformer,transformer_add_rho0.02_wd0.3_tiersNone,1001,add,0.02,0.3,final,natural,out,11,0.0035485222008457703,40,0.001736103949515683
transformer,transformer_add_rho0.02_wd0.3_tiersNone,1001,add,0.02,0.3,final,natural,out,12,0.0032040305526417736,47,0.001736103949515683
transformer,transformer_add_rho0.02_wd0.3_tiersNone,1001,add,0.02,0.3,final,natural,out,13,0.0037464835068973406,37,0.001736103949515683
transformer,transformer_add_rho0.02_wd0.3_tiersNone,1001,add,0.02,0.3,final,natural,out,14,0.09525347096413049,2,0.001736103949515683
transformer,transformer_add_rho0.02_wd0.3_tiersNone,1001,add,0.02,0.3,final,natural,out,15,0.003696147668927831,38,0.001736103949515683
transformer,transformer_add_rho0.02_wd0.3_tiersNone,1001,add,0.02,0.3,final,natural,out,16,0.011580116369745593,13,0.001736103949515683
transformer,transformer_add_rho0.02_wd0.3_tiersNone,1001,add,0.02,0.3,final,natural,out,17,0.002952464580545868,53,0.001736103949515683
transformer,transformer_add_rho0.02_wd0.3_tiersNone,1001,add,0.02,0.3,final,natural,out,18,0.00262862671372504,68,0.001736103949515683
transformer,transformer_add_rho0.02_wd0.3_tiersNone,1001,add,0.02,0.3,final,natural,out,19,0.0026931752033338093,64,0.001736103949515683
transformer,transformer_add_rho0.02_wd0.3_tiersNone,1001,add,0.02,0.3,final,natural,out,20,0.0028225311227581566,59,0.001736103949515683
transformer,transformer_add_rho0.02_wd0.3_tiersNone,1001,add,0.02,0.3,final,natural,out,21,0.01023469366699683,16,0.001736103949515683
transformer,transformer_add_rho0.02_wd0.3_tiersNone,1001,add,0.02,0.3,final,natural,out,22,0.08304139472069878,5,0.001736103949515683
transformer,transformer_add_rho0.02_wd0.3_tiersNone,1001,add,0.02,0.3,final,natural,out,23,0.002544619219998074,72,0.001736103949515683
transformer,transformer_add_rho0.02_wd0.3_tiersNone,1001,add,0.02,0.3,final,natural,out,24,0.005992999290926539,26,0.001736103949515683
transformer,transformer_add_rho0.02_wd0.3_tiersNone,1001,add,0.02,0.3,final,natural,out,25,0.003307226529156684,44,0.001736103949515683
transformer,transformer_add_rho0.02_wd0.3_tiersNone,1001,add,0.02,0.3,final,natural,out,26,0.0025688389075378374,71,0.001736103949515683
transformer,transformer_add_rho0.02_wd0.3_tiersNone,1001,add,0.02,0.3,final,natural,out,27,0.09911979588501678,1,0.001736103949515683
transformer,transformer_add_rho0.02_wd0.3_tiersNone,1001,add,0.02,0.3,final,natural,out,28,0.04397634768707143,8,0.001736103949515683
transformer,transformer_add_rho0.02_wd0.3_tiersNone,1001,add,0.02,0.3,final,natural,out,29,0.010568509000506038,14,0.001736103949515683
transformer,transformer_add_rho0.02_wd0.3_tiersNone,1001,add,0.02,0.3,final,natural,out,30,0.003192086866043608,48,0.001736103949515683
transformer,transformer_add_rho0.02_wd0.3_tiersNone,1001,add,0.02,0.3,final,natural,out,31,0.08682223066938258,3,0.001736103949515683
transformer,transformer_add_rho0.02_wd0.3_tiersNone,1001,add,0.02,0.3,final,natural,out,32,0.0056759775940046575,27,0.001736103949515683
transformer,transformer_add_rho0.02_wd0.3_tiersNone,1001,add,0.02,0.3,final,natural,out,33,0.0027772824934242817,63,0.001736103949515683
transformer,transformer_add_rho0.02_wd0.3_tiersNone,1001,add,0.02,0.3,final,natural,out,34,0.002809022781188112,60,0.001736103949515683
transformer,transformer_add_rho0.02_wd0.3_tiersNone,1001,add,0.02,0.3,final,natural,out,35,0.002778792414710751,62,0.001736103949515683
transformer,transformer_add_rho0.02_wd0.3_tiersNone,1001,add,0.02,0.3,final,natural,out,36,0.007028211672803361,24,0.001736103949515683
transformer,transformer_add_rho0.02_wd0.3_tiersNone,1001,add,0.02,0.3,final,natural,out,37,0.012447356896945363,12,0.001736103949515683
transformer,transformer_add_rho0.02_wd0.3_tiersNone,1001,add,0.02,0.3,final,natural,out,38,0.07203266392357179,6,0.001736103949515683
transformer,transformer_add_rho0.02_wd0.3_tiersNone,1001,add,0.02,0.3,final,natural,out,39,0.00251320718743747,73,0.001736103949515683
transformer,transformer_add_rho0.02_wd0.3_tiersNone,1001,add,0.02,0.3,final,natural,out,40,0.003851006391411061,35,0.001736103949515683
transformer,transformer_add_rho0.02_wd0.3_tiersNone,1001,add,0.02,0.3,final,natural,out,41,0.004446247599196309,31,0.001736103949515683
transformer,transformer_add_rho0.02_wd0.3_tiersNone,1001,add,0.02,0.3,final,natural,out,42,0.00326455530755812,46,0.001736103949515683
transformer,transformer_add_rho0.02_wd0.3_tiersNone,1001,add,0.02,0.3,final,natural,out,43,0.08507529556051294,4,0.001736103949515683
transformer,transformer_add_rho0.02_wd0.3_tiersNone,1001,add,0.02,0.3,final,natural,out,44,0.005556080060860067,28,0.001736103949515683
transformer,transformer_add_rho0.02_wd0.3_tiersNone,1001,add,0.02,0.3,final,natural,out,45,0.008836634681459921,19,0.001736103949515683
transformer,transformer_add_rho0.02_wd0.3_tiersNone,1001,add,0.02,0.3,final,natural,out,46,0.002214519485812894,74,0.001736103949515683
transformer,transformer_add_rho0.02_wd0.3_tiersNone,1001,add,0.02,0.3,final,natural,out,47,0.00826658740833484,22,0.001736103949515683
transformer,transformer_add_rho0.02_wd0.3_tiersNone,1001,add,0.02,0.3,final,natural,out,48,0.0025896646435102214,70,0.001736103949515683
transformer,transformer_add_rho0.02_wd0.3_tiersNone,1001,add,0.02,0.3,final,natural,out,49,0.004707176128427681,30,0.001736103949515683
transformer,transformer_add_rho0.02_wd0.3_tiersNone,1001,add,0.02,0.3,final,natural,out,50,0.043414656353672317,9,0.001736103949515683
transformer,transformer_add_rho0.02_wd0.3_tiersNone,1001,add,0.02,0.3,final,natural,out,51,0.0026235417811296484,69,0.001736103949515683
transformer,transformer_add_rho0.02_wd0.3_tiersNone,1001,add,0.02,0.3,final,natural,out,52,0.008419769944542835,20,0.001736103949515683
transformer,transformer_add_rho0.02_wd0.3_tiersNone,1001,add,0.02,0.3,final,natural,out,53,0.003325895493441728,43,0.001736103949515683
transformer,transformer_add_rho0.02_wd0.3_tiersNone,1001,add,0.02,0.3,final,natural,out,54,0.004011550941658162,34,0.001736103949515683
transformer,transformer_add_rho0.02_wd0.3_tiersNone,1001,add,0.02,0.3,final,natural,out,55,0.0026502689835732553,66,0.001736103949515683
transformer,transformer_add_rho0.02_wd0.3_tiersNone,1001,add,0.02,0.3,final,natural,out,56,0.00327519951918303,45,0.001736103949515683
transformer,transformer_add_rho0.02_wd0.3_tiersNone,1001,add,0.02,0.3,final,natural,out,57,0.009314029333631024,18,0.001736103949515683
transformer,transformer_add_rho0.02_wd0.3_tiersNone,1001,add,0.02,0.3,final,natural,out,58,0.002904785035630679,55,0.001736103949515683
transformer,transformer_add_rho0.02_wd0.3_tiersNone,1001,add,0.02,0.3,final,natural,out,59,0.0670291515606771,7,0.001736103949515683
transformer,transformer_add_rho0.02_wd0.3_tiersNone,1001,add,0.02,0.3,final,natural,out,60,0.00405731152494858,32,0.001736103949515683
transformer,transformer_add_rho0.02_wd0.3_tiersNone,1001,add,0.02,0.3,final,natural,out,61,0.0029709163772379957,52,0.001736103949515683
transformer,transformer_add_rho0.02_wd0.3_tiersNone,1001,add,0.02,0.3,final,natural,out,62,0.0029830798734602412,51,0.001736103949515683
transformer,transformer_add_rho0.02_wd0.3_tiersNone,1001,add,0.02,0.3,final,natural,out,63,0.007608731825867975,23,0.001736103949515683
transformer,transformer_add_rho0.02_wd0.3_tiersNone,1001,add,0.02,0.3,final,natural,out,64,0.0037779992291407257,36,0.001736103949515683
transformer,transformer_add_rho0.02_wd0.3_tiersNone,1001,add,0.02,0.3,final,natural,out,65,0.008367048526014147,21,0.001736103949515683
transformer,transformer_add_rho0.02_wd0.3_tiersNone,1001,add,0.02,0.3,final,natural,out,66,0.0028872693840220035,56,0.001736103949515683
transformer,transformer_add_rho0.02_wd0.3_tiersNone,1001,add,0.02,0.3,final,natural,out,67,0.003135133156861684,50,0.001736103949515683
transformer,transformer_add_rho0.02_wd0.3_tiersNone,1001,add,0.02,0.3,final,natural,out,68,0.009835670069090877,17,0.001736103949515683
transformer,transformer_add_rho0.02_wd0.3_tiersNone,1001,add,0.02,0.3,final,natural,out,69,0.0031458356940255085,49,0.001736103949515683
transformer,transformer_add_rho0.02_wd0.3_tiersNone,1001,add,0.02,0.3,final,natural,out,70,0.0034217044091708866,41,0.001736103949515683
transformer,transformer_add_rho0.02_wd0.3_tiersNone,1001,add,0.02,0.3,final,natural,out,71,0.002661799559216604,65,0.001736103949515683
transformer,transformer_add_rho0.02_wd0.3_tiersNone,1001,add,0.02,0.3,final,natural,out,72,0.0040478889622585406,33,0.001736103949515683
transformer,transformer_add_rho0.02_wd0.3_tiersNone,1001,add,0.02,0.3,final,natural,out,73,0.012701085098786884,11,0.001736103949515683
transformer,transformer_add_rho0.02_wd0.3_tiersNone,1001,add,0.02,0.3,final,natural,out,74,0.0028510013341658093,58,0.001736103949515683
transformer,transformer_add_rho0.02_wd0.3_tiersNone,1002,add,0.02,0.3,final,natural,in,1,0.00276566267393309,27,0.018773735389432583
transformer,transformer_add_rho0.02_wd0.3_tiersNone,1002,add,0.02,0.3,final,natural,in,2,0.0018136378827251773,58,0.018773735389432583
transformer,transformer_add_rho0.02_wd0.3_tiersNone,1002,add,0.02,0.3,final,natural,in,3,0.001718442362976458,60,0.018773735389432583
transformer,transformer_add_rho0.02_wd0.3_tiersNone,1002,add,0.02,0.3,final,natural,in,4,0.0018996073650596119,52,0.018773735389432583
transformer,transformer_add_rho0.02_wd0.3_tiersNone,1002,add,0.02,0.3,final,natural,in,5,0.04911124087809141,7,0.018773735389432583
transformer,transformer_add_rho0.02_wd0.3_tiersNone,1002,add,0.02,0.3,final,natural,in,6,0.004775986890470381,20,0.018773735389432583
transformer,transformer_add_rho0.02_wd0.3_tiersNone,1002,add,0.02,0.3,final,natural,in,7,0.0015340631170828113,72,0.018773735389432583
transformer,transformer_add_rho0.02_wd0.3_tiersNone,1002,add,0.02,0.3,final,natural,in,8,0.0019056252137429125,51,0.018773735389432583
transformer,transformer_add_rho0.02_wd0.3_tiersNone,1002,add,0.02,0.3,final,natural,in,9,0.001978940411363692,47,0.018773735389432583
transformer,transformer_add_rho0.02_wd0.3_tiersNone,1002,add,0.02,0.3,final,natural,in,10,0.006384692588613098,19,0.018773735389432583
transformer,transformer_add_rho0.02_wd0.3_tiersNone,1002,add,0.02,0.3,final,natural,in,11,0.001941547108679714,49,0.018773735389432583
transformer,transformer_add_rho0.02_wd0.3_tiersNone,1002,add,0.02,0.3,final,natural,in,12,0.0015377509536141992,70,0.018773735389432583
transformer,transformer_add_rho0.02_wd0.3_tiersNone,1002,add,0.02,0.3,final,natural,in,13,0.001988184984617139,45,0.018773735389432583
transformer,transformer_add_rho0.02_wd0.3_tiersNone,1002,add,0.02,0.3,final,natural,in,14,0.0025253217169622054,31,0.018773735389432583
transformer,transformer_add_rho0.02_wd0.3_tiersNone,1002,add,0.02,0.3,final,natural,in,15,0.0015360011526753395,71,0.018773735389432583
transformer,transformer_add_rho0.02_wd0.3_tiersNone,1002,add,0.02,0.3,final,natural,in,16,0.12336221480361918,2,0.018773735389432583
transformer,transformer_add_rho0.02_wd0.3_tiersNone,1002,add,0.02,0.3,final,natural,in,17,0.003474343170221442,23,0.018773735389432583
transformer,transformer_add_rho0.02_wd0.3_tiersNone,1002,add,0.02,0.3,final,natural,in,18,0.0018338684331274215,57,0.018773735389432583
transformer,transformer_add_rho0.02_wd0.3_tiersNone,1002,add,0.02,0.3,final,natural,in,19,0.0016984262399861283,62,0.018773735389432583
transformer,transformer_add_rho0.02_wd0.3_tiersNone,1002,add,0.02,0.3,final,natural,in,20,0.002544385191330488,30,0.018773735389432583
transformer,transformer_add_rho0.02_wd0.3_tiersNone,1002,add,0.02,0.3,final,natural,in,21,0.009691421091137254,17,0.018773735389432583
transformer,transformer_add_rho0.02_wd0.3_tiersNone,1002,add,0.02,0.3,final,natural,in,22,0.0022242690050448964,36,0.018773735389432583
transformer,transformer_add_rho0.02_wd0.3_tiersNone,1002,add,0.02,0.3,final,natural,in,23,0.0016270417351788979,67,0.018773735389432583
transformer,transformer_add_rho0.02_wd0.3_tiersNone,1002,add,0.02,0.3,final,natural,in,24,0.001881899923360729,54,0.018773735389432583
transformer,transformer_add_rho0.02_wd0.3_tiersNone,1002,add,0.02,0.3,final,natural,in,25,0.003350389541443215,24,0.018773735389432583
transformer,transformer_add_rho0.02_wd0.3_tiersNone,1002,add,0.02,0.3,final,natural,in,26,0.14154528113715006,1,0.018773735389432583
transformer,transformer_add_rho0.02_wd0.3_tiersNone,1002,add,0.02,0.3,final,natural,in,27,0.002515234882146136,32,0.018773735389432583
transformer,transformer_add_rho0.02_wd0.3_tiersNone,1002,add,0.02,0.3,final,natural,in,28,0.001910226158837919,50,0.018773735389432583
transformer,transformer_add_rho0.02_wd0.3_tiersNone,1002,add,0.02,0.3,final,natural,in,29,0.002567518653381726,29,0.018773735389432583
transformer,transformer_add_rho0.02_wd0.3_tiersNone,1002,add,0.02,0.3,final,natural,in,30,0.002037678606747014,41,0.018773735389432583
transformer,transformer_add_rho0.02_wd0.3_tiersNone,1002,add,0.02,0.3,final,natural,in,31,0.0015112211225909442,73,0.018773735389432583
transformer,transformer_add_rho0.02_wd0.3_tiersNone,1002,add,0.02,0.3,final,natural,in,32,0.013999172012892807,11,0.018773735389432583
transformer,transformer_add_rho0.02_wd0.3_tiersNone,1002,add,0.02,0.3,final,natural,in,33,0.0020648310810014287,39,0.018773735389432583
transformer,transformer_add_rho0.02_wd0.3_tiersNone,1002,add,0.02,0.3,final,natural,in,34,0.0019814774530429046,46,0.018773735389432583
transformer,transformer_add_rho0.02_wd0.3_tiersNone,1002,add,0.02,0.3,final,natural,in,35,0.012060120698924636,15,0.018773735389432583
transformer,transformer_add_rho0.02_wd0.3_tiersNone,1002,add,0.02,0.3,final,natural,in,36,0.0021912648591904237,37,0.018773735389432583
transformer,transformer_add_rho0.02_wd0.3_tiersNone,1002,add,0.02,0.3,final,natural,in,37,0.0027094761399177707,28,0.018773735389432583
transformer,transformer_add_rho0.02_wd0.3_tiersNone,1002,add,0.02,0.3,final,natural,in,38,0.10151292631025763,5,0.018773735389432583
transformer,transformer_add_rho0.02_wd0.3_tiersNone,1002,add,0.02,0.3,final,natural,in,39,0.0014883893538913035,74,0.018773735389432583
transformer,transformer_add_rho0.02_wd0.3_tiersNone,1002,add,0.02,0.3,final,natural,in,40,0.017573401926601066,9,0.018773735389432583
transformer,transformer_add_rho0.02_wd0.3_tiersNone,1002,add,0.02,0.3,final,natural,in,41,0.0016200707300650075,68,0.018773735389432583
transformer,transformer_add_rho0.02_wd0.3_tiersNone,1002,add,0.02,0.3,final,natural,in,42,0.00173315854870714,59,0.018773735389432583
transformer,transformer_add_rho0.02_wd0.3_tiersNone,1002,add,0.02,0.3,final,natural,in,43,0.011963375894707914,16,0.018773735389432583
transformer,transformer_add_rho0.02_wd0.3_tiersNone,1002,add,0.02,0.3,final,natural,in,44,0.002384687276860554,34,0.018773735389432583
transformer,transformer_add_rho0.02_wd0.3_tiersNone,1002,add,0.02,0.3,final,natural,in,45,0.007140511089175004,18,0.018773735389432583
transformer,transformer_add_rho0.02_wd0.3_tiersNone,1002,add,0.02,0.3,final,natural,in,46,0.0018700435092077073,55,0.018773735389432583
transformer,transformer_add_rho0.02_wd0.3_tiersNone,1002,add,0.02,0.3,final,natural,in,47,0.002102730726121531,38,0.018773735389432583
transformer,transformer_add_rho0.02_wd0.3_tiersNone,1002,add,0.02,0.3,final,natural,in,48,0.012256094847054356,13,0.018773735389432583
transformer,transformer_add_rho0.02_wd0.3_tiersNone,1002,add,0.02,0.3,final,natural,in,49,0.001550245496708201,69,0.018773735389432583
transformer,transformer_add_rho0.02_wd0.3_tiersNone,1002,add,0.02,0.3,final,natural,in,50,0.0020356792133430952,42,0.018773735389432583
transformer,transformer_add_rho0.02_wd0.3_tiersNone,1002,add,0.02,0.3,final,natural,in,51,0.002051898454146526,40,0.018773735389432583
transformer,transformer_add_rho0.02_wd0.3_tiersNone,1002,add,0.02,0.3,final,natural,in,52,0.027906757125051248,8,0.018773735389432583
transformer,transformer_add_rho0.02_wd0.3_tiersNone,1002,add,0.02,0.3,final,natural,in,53,0.11161378838235207,4,0.018773735389432583
transformer,transformer_add_rho0.02_wd0.3_tiersNone,1002,add,0.02,0.3,final,natural,in,54,0.0016414641411840298,66,0.018773735389432583
transformer,transformer_add_rho0.02_wd0.3_tiersNone,1002,add,0.02,0.3,final,natural,in,55,0.0018904486765945487,53,0.018773735389432583
transformer,transformer_add_rho0.02_wd0.3_tiersNone,1002,add,0.02,0.3,final,natural,in,56,0.0016692644882334662,64,0.018773735389432583
transformer,transformer_add_rho0.02_wd0.3_tiersNone,1002,add,0.02,0.3,final,natural,in,57,0.07415552081469945,6,0.018773735389432583
transformer,transformer_add_rho0.02_wd0.3_tiersNone,1002,add,0.02,0.3,final,natural,in,58,0.003983590608600351,22,0.018773735389432583
transformer,transformer_add_rho0.02_wd0.3_tiersNone,1002,add,0.02,0.3,final,natural,in,59,0.003143012901717077,25,0.018773735389432583
transformer,transformer_add_rho0.02_wd0.3_tiersNone,1002,add,0.02,0.3,final,natural,in,60,0.0024853254723065975,33,0.018773735389432583
transformer,transformer_add_rho0.02_wd0.3_tiersNone,1002,add,0.02,0.3,final,natural,in,61,0.0019786648754464057,48,0.018773735389432583
transformer,transformer_add_rho0.02_wd0.3_tiersNone,1002,add,0.02,0.3,final,natural,in,62,0.00201394407063779,44,0.018773735389432583
transformer,transformer_add_rho0.02_wd0.3_tiersNone,1002,add,0.02,0.3,final,natural,in,63,0.0023255965979533445,35,0.018773735389432583
transformer,transformer_add_rho0.02_wd0.3_tiersNone,1002,add,0.02,0.3,final,natural,in,64,0.0028982499483703136,26,0.018773735389432583
transformer,transformer_add_rho0.02_wd0.3_tiersNone,1002,add,0.02,0.3,final,natural,in,65,0.0016533826155673975,65,0.018773735389432583
transformer,transformer_add_rho0.02_wd0.3_tiersNone,1002,add,0.02,0.3,final,natural,in,66,0.0016756004835527096,63,0.018773735389432583
transformer,transformer_add_rho0.02_wd0.3_tiersNone,1002,add,0.02,0.3,final,natural,in,67,0.004061222055596652,21,0.018773735389432583
transformer,transformer_add_rho0.02_wd0.3_tiersNone,1002,add,0.02,0.3,final,natural,in,68,0.0020247917442557796,43,0.018773735389432583
transformer,transformer_add_rho0.02_wd0.3_tiersNone,1002,add,0.02,0.3,final,natural,in,69,0.013567043046614083,12,0.018773735389432583
transformer,transformer_add_rho0.02_wd0.3_tiersNone,1002,add,0.02,0.3,final,natural,in,70,0.0017181392970203775,61,0.018773735389432583
transformer,transformer_add_rho0.02_wd0.3_tiersNone,1002,add,0.02,0.3,final,natural,in,71,0.01207610778005562,14,0.018773735389432583
transformer,transformer_add_rho0.02_wd0.3_tiersNone,1002,add,0.02,0.3,final,natural,in,72,0.11906018828129221,3,0.018773735389432583
transformer,transformer_add_rho0.02_wd0.3_tiersNone,1002,add,0.02,0.3,final,natural,in,73,0.015138792658800582,10,0.018773735389432583
transformer,transformer_add_rho0.02_wd0.3_tiersNone,1002,add,0.02,0.3,final,natural,in,74,0.0018374233163701587,56,0.018773735389432583
transformer,transformer_add_rho0.02_wd0.3_tiersNone,1002,add,0.02,0.3,final,natural,out,1,0.005110748065377166,47,0.0019424338411600432
transformer,transformer_add_rho0.02_wd0.3_tiersNone,1002,add,0.02,0.3,final,natural,out,2,0.004711176921187672,48,0.0019424338411600432
transformer,transformer_add_rho0.02_wd0.3_tiersNone,1002,add,0.02,0.3,final,natural,out,3,0.004039368378398018,63,0.0019424338411600432
transformer,transformer_add_rho0.02_wd0.3_tiersNone,1002,add,0.02,0.3,final,natural,out,4,0.009163408435074204,36,0.0019424338411600432
transformer,transformer_add_rho0.02_wd0.3_tiersNone,1002,add,0.02,0.3,final,natural,out,5,0.03136483232326652,8,0.0019424338411600432
transformer,transformer_add_rho0.02_wd0.3_tiersNone,1002,add,0.02,0.3,final,natural,out,6,0.004237294502453693,56,0.0019424338411600432
transformer,transformer_add_rho0.02_wd0.3_tiersNone,1002,add,0.02,0.3,final,natural,out,7,0.004248752559616647,55,0.0019424338411600432
transformer,transformer_add_rho0.02_wd0.3_tiersNone,1002,add,0.02,0.3,final,natural,out,8,0.004452470040312411,51,0.0019424338411600432
transformer,transformer_add_rho0.02_wd0.3_tiersNone,1002,add,0.02,0.3,final,natural,out,9,0.0032717173235420976,72,0.0019424338411600432
transformer,transformer_add_rho0.02_wd0.3_tiersNone,1002,add,0.02,0.3,final,natural,out,10,0.032649540289384174,6,0.0019424338411600432
transformer,transformer_add_rho0.02_wd0.3_tiersNone,1002,add,0.02,0.3,final,natural,out,11,0.006409584475639282,39,0.0019424338411600432
transformer,transformer_add_rho0.02_wd0.3_tiersNone,1002,add,0.02,0.3,final,natural,out,12,0.020121846641120766,20,0.0019424338411600432
transformer,transformer_add_rho0.02_wd0.3_tiersNone,1002,add,0.02,0.3,final,natural,out,13,0.004261351572867512,54,0.0019424338411600432
transformer,transformer_add_rho0.02_wd0.3_tiersNone,1002,add,0.02,0.3,final,natural,out,14,0.004595612793750048,50,0.0019424338411600432
transformer,transformer_add_rho0.02_wd0.3_tiersNone,1002,add,0.02,0.3,final,natural,out,15,0.014836742455193366,28,0.0019424338411600432
transformer,transformer_add_rho0.02_wd0.3_tiersNone,1002,add,0.02,0.3,final,natural,out,16,0.0371468599364109,4,0.0019424338411600432
transformer,transformer_add_rho0.02_wd0.3_tiersNone,1002,add,0.02,0.3,final,natural,out,17,0.0034347032885786487,71,0.0019424338411600432
transformer,transformer_add_rho0.02_wd0.3_tiersNone,1002,add,0.02,0.3,final,natural,out,18,0.003958097519263212,65,0.0019424338411600432
transformer,transformer_add_rho0.02_wd0.3_tiersNone,1002,add,0.02,0.3,final,natural,out,19,0.01754974364120347,23,0.0019424338411600432
transformer,transformer_add_rho0.02_wd0.3_tiersNone,1002,add,0.02,0.3,final,natural,out,20,0.008818792271478502,37,0.0019424338411600432
transformer,transformer_add_rho0.02_wd0.3_tiersNone,1002,add,0.02,0.3,final,natural,out,21,0.010203725489304441,34,0.0019424338411600432
transformer,transformer_add_rho0.02_wd0.3_tiersNone,1002,add,0.02,0.3,final,natural,out,22,0.01878430789880906,22,0.0019424338411600432
transformer,transformer_add_rho0.02_wd0.3_tiersNone,1002,add,0.02,0.3,final,natural,out,23,0.003968272658638358,64,0.0019424338411600432
transformer,transformer_add_rho0.02_wd0.3_tiersNone,1002,add,0.02,0.3,final,natural,out,24,0.02480240453991666,14,0.0019424338411600432
transformer,transformer_add_rho0.02_wd0.3_tiersNone,1002,add,0.02,0.3,final,natural,out,25,0.004070701424366833,62,0.0019424338411600432
transformer,transformer_add_rho0.02_wd0.3_tiersNone,1002,add,0.02,0.3,final,natural,out,26,0.040869463055731484,2,0.0019424338411600432
transformer,transformer_add_rho0.02_wd0.3_tiersNone,1002,add,0.02,0.3,final,natural,out,27,0.01897173447890287,21,0.0019424338411600432
transformer,transformer_add_rho0.02_wd0.3_tiersNone,1002,add,0.02,0.3,final,natural,out,28,0.0053996258630213375,45,0.0019424338411600432
transformer,transformer_add_rho0.02_wd0.3_tiersNone,1002,add,0.02,0.3,final,natural,out,29,0.0037716897004852496,68,0.0019424338411600432
transformer,transformer_add_rho0.02_wd0.3_tiersNone,1002,add,0.02,0.3,final,natural,out,30,0.004095271285281309,61,0.0019424338411600432
transformer,transformer_add_rho0.02_wd0.3_tiersNone,1002,add,0.02,0.3,final,natural,out,31,0.009616469746775328,35,0.0019424338411600432
transformer,transformer_add_rho0.02_wd0.3_tiersNone,1002,add,0.02,0.3,final,natural,out,32,0.010895146948287807,32,0.0019424338411600432
transformer,transformer_add_rho0.02_wd0.3_tiersNone,1002,add,0.02,0.3,final,natural,out,33,0.0038352053965439925,67,0.0019424338411600432
transformer,transformer_add_rho0.02_wd0.3_tiersNone,1002,add,0.02,0.3,final,natural,out,34,0.015315602902958813,26,0.0019424338411600432
transformer,transformer_add_rho0.02_wd0.3_tiersNone,1002,add,0.02,0.3,final,natural,out,35,0.005594802860247174,42,0.0019424338411600432
transformer,transformer_add_rho0.02_wd0.3_tiersNone,1002,add,0.02,0.3,final,natural,out,36,0.0040971107464333875,60,0.0019424338411600432
transformer,transformer_add_rho0.02_wd0.3_tiersNone,1002,add,0.02,0.3,final,natural,out,37,0.02321647215925484,16,0.0019424338411600432
transformer,transformer_add_rho0.02_wd0.3_tiersNone,1002,add,0.02,0.3,final,natural,out,38,0.03533179414395224,5,0.0019424338411600432
transformer,transformer_add_rho0.02_wd0.3_tiersNone,1002,add,0.02,0.3,final,natural,out,39,0.027944679526308448,11,0.0019424338411600432
transformer,transformer_add_rho0.02_wd0.3_tiersNone,1002,add,0.02,0.3,final,natural,out,40,0.010975155922407654,31,0.0019424338411600432
transformer,transformer_add_rho0.02_wd0.3_tiersNone,1002,add,0.02,0.3,final,natural,out,41,0.00771073336683193,38,0.0019424338411600432
transformer,transformer_add_rho0.02_wd0.3_tiersNone,1002,add,0.02,0.3,final,natural,out,42,0.015191128583856156,27,0.0019424338411600432
transformer,transformer_add_rho0.02_wd0.3_tiersNone,1002,add,0.02,0.3,final,natural,out,43,0.010440964715422694,33,0.0019424338411600432
transformer,transformer_add_rho0.02_wd0.3_tiersNone,1002,add,0.02,0.3,final,natural,out,44,0.004263877091330839,53,0.0019424338411600432
transformer,transformer_add_rho0.02_wd0.3_tiersNone,1002,add,0.02,0.3,final,natural,out,45,0.0053741500165431855,46,0.0019424338411600432
transformer,transformer_add_rho0.02_wd0.3_tiersNone,1002,add,0.02,0.3,final,natural,out,46,0.021518427092384336,18,0.0019424338411600432
transformer,transformer_add_rho0.02_wd0.3_tiersNone,1002,add,0.02,0.3,final,natural,out,47,0.0030970036351909863,74,0.0019424338411600432
transformer,transformer_add_rho0.02_wd0.3_tiersNone,1002,add,0.02,0.3,final,natural,out,48,0.006022970940318671,40,0.0019424338411600432
transformer,transformer_add_rho0.02_wd0.3_tiersNone,1002,add,0.02,0.3,final,natural,out,49,0.003535770478097842,70,0.0019424338411600432
transformer,transformer_add_rho0.02_wd0.3_tiersNone,1002,add,0.02,0.3,final,natural,out,50,0.005524842418635017,44,0.0019424338411600432
transformer,transformer_add_rho0.02_wd0.3_tiersNone,1002,add,0.02,0.3,final,natural,out,51,0.0299828077533749,10,0.0019424338411600432
transformer,transformer_add_rho0.02_wd0.3_tiersNone,1002,add,0.02,0.3,final,natural,out,52,0.02403243784866018,15,0.0019424338411600432
transformer,transformer_add_rho0.02_wd0.3_tiersNone,1002,add,0.02,0.3,final,natural,out,53,0.03122058097257021,9,0.0019424338411600432
transformer,transformer_add_rho0.02_wd0.3_tiersNone,1002,add,0.02,0.3,final,natural,out,54,0.01732074197620592,24,0.0019424338411600432
transformer,transformer_add_rho0.02_wd0.3_tiersNone,1002,add,0.02,0.3,final,natural,out,55,0.004172800737686888,59,0.0019424338411600432
transformer,transformer_add_rho0.02_wd0.3_tiersNone,1002,add,0.02,0.3,final,natural,out,56,0.026605828280877673,13,0.0019424338411600432
transformer,transformer_add_rho0.02_wd0.3_tiersNone,1002,add,0.02,0.3,final,natural,out,57,0.05625226210984452,1,0.0019424338411600432
transformer,transformer_add_rho0.02_wd0.3_tiersNone,1002,add,0.02,0.3,final,natural,out,58,0.02023079533109297,19,0.0019424338411600432
transformer,transformer_add_rho0.02_wd0.3_tiersNone,1002,add,0.02,0.3,final,natural,out,59,0.003755130357234407,69,0.0019424338411600432
transformer,transformer_add_rho0.02_wd0.3_tiersNone,1002,add,0.02,0.3,final,natural,out,60,0.003930749953372352,66,0.0019424338411600432
transformer,transformer_add_rho0.02_wd0.3_tiersNone,1002,add,0.02,0.3,final,natural,out,61,0.01672336409431874,25,0.0019424338411600432
transformer,transformer_add_rho0.02_wd0.3_tiersNone,1002,add,0.02,0.3,final,natural,out,62,0.00568403206792182,41,0.0019424338411600432
transformer,transformer_add_rho0.02_wd0.3_tiersNone,1002,add,0.02,0.3,final,natural,out,63,0.004205812686180144,58,0.0019424338411600432
transformer,transformer_add_rho0.02_wd0.3_tiersNone,1002,add,0.02,0.3,final,natural,out,64,0.022445058832287947,17,0.0019424338411600432
transformer,transformer_add_rho0.02_wd0.3_tiersNone,1002,add,0.02,0.3,final,natural,out,65,0.004349584386715393,52,0.0019424338411600432
transformer,transformer_add_rho0.02_wd0.3_tiersNone,1002,add,0.02,0.3,final,natural,out,66,0.011230858386407836,30,0.0019424338411600432
transformer,transformer_add_rho0.02_wd0.3_tiersNone,1002,add,0.02,0.3,final,natural,out,67,0.005581375866103979,43,0.0019424338411600432
transformer,transformer_add_rho0.02_wd0.3_tiersNone,1002,add,0.02,0.3,final,natural,out,68,0.0046351870443050785,49,0.0019424338411600432
transformer,transformer_add_rho0.02_wd0.3_tiersNone,1002,add,0.02,0.3,final,natural,out,69,0.03198809322390741,7,0.0019424338411600432
transformer,transformer_add_rho0.02_wd0.3_tiersNone,1002,add,0.02,0.3,final,natural,out,70,0.027482946005467412,12,0.0019424338411600432
transformer,transformer_add_rho0.02_wd0.3_tiersNone,1002,add,0.02,0.3,final,natural,out,71,0.004223639496155339,57,0.0019424338411600432
transformer,transformer_add_rho0.02_wd0.3_tiersNone,1002,add,0.02,0.3,final,natural,out,72,0.03913348202315985,3,0.0019424338411600432
transformer,transformer_add_rho0.02_wd0.3_tiersNone,1002,add,0.02,0.3,final,natural,out,73,0.012883536714538528,29,0.0019424338411600432
transformer,transformer_add_rho0.02_wd0.3_tiersNone,1002,add,0.02,0.3,final,natural,out,74,0.0031067453312530174,73,0.0019424338411600432
transformer,transformer_add_rho0.05_wd0.1_tiersNone,1000,add,0.05,0.1,final,natural,in,1,0.005594924247096878,25,0.036090915965542154
transformer,transformer_add_rho0.05_wd0.1_tiersNone,1000,add,0.05,0.1,final,natural,in,2,0.0036180252563945575,44,0.036090915965542154
transformer,transformer_add_rho0.05_wd0.1_tiersNone,1000,add,0.05,0.1,final,natural,in,3,0.004733520308483595,30,0.036090915965542154
transformer,transformer_add_rho0.05_wd0.1_tiersNone,1000,add,0.05,0.1,final,natural,in,4,0.0036430147535826563,43,0.036090915965542154
transformer,transformer_add_rho0.05_wd0.1_tiersNone,1000,add,0.05,0.1,final,natural,in,5,0.008043989924446823,16,0.036090915965542154
transformer,transformer_add_rho0.05_wd0.1_tiersNone,1000,add,0.05,0.1,final,natural,in,6,0.006640838645074453,19,0.036090915965542154
transformer,transformer_add_rho0.05_wd0.1_tiersNone,1000,add,0.05,0.1,final,natural,in,7,0.0031518020770110997,52,0.036090915965542154
transformer,transformer_add_rho0.05_wd0.1_tiersNone,1000,add,0.05,0.1,final,natural,in,8,0.004079471853119712,37,0.036090915965542154
transformer,transformer_add_rho0.05_wd0.1_tiersNone,1000,add,0.05,0.1,final,natural,in,9,0.0030232642041558276,56,0.036090915965542154
transformer,transformer_add_rho0.05_wd0.1_tiersNone,1000,add,0.05,0.1,final,natural,in,10,0.002884661323210676,62,0.036090915965542154
transformer,transformer_add_rho0.05_wd0.1_tiersNone,1000,add,0.05,0.1,final,natural,in,11,0.007499113637675652,17,0.036090915965542154
transformer,transformer_add_rho0.05_wd0.1_tiersNone,1000,add,0.05,0.1,final,natural,in,12,0.0047109520082151465,32,0.036090915965542154
transformer,transformer_add_rho0.05_wd0.1_tiersNone,1000,add,0.05,0.1,final,natural,in,13,0.0062252099968553515,22,0.036090915965542154
transformer,transformer_add_rho0.05_wd0.1_tiersNone,1000,add,0.05,0.1,final,natural,in,14,0.07147399007662963,6,0.036090915965542154
transformer,transformer_add_rho0.05_wd0.1_tiersNone,1000,add,0.05,0.1,final,natural,in,15,0.004440521164289092,34,0.036090915965542154
transformer,transformer_add_rho0.05_wd0.1_tiersNone,1000,add,0.05,0.1,final,natural,in,16,0.0031737633881168074,50,0.036090915965542154
transformer,transformer_add_rho0.05_wd0.1_tiersNone,1000,add,0.05,0.1,final,natural,in,17,0.004707823623410443,33,0.036090915965542154
transformer,transformer_add_rho0.05_wd0.1_tiersNone,1000,add,0.05,0.1,final,natural,in,18,0.002990726526106061,58,0.036090915965542154
transformer,transformer_add_rho0.05_wd0.1_tiersNone,1000,add,0.05,0.1,final,natural,in,19,0.003654947068851583,41,0.036090915965542154
transformer,transformer_add_rho0.05_wd0.1_tiersNone,1000,add,0.05,0.1,final,natural,in,20,0.004961619758174259,28,0.036090915965542154
transformer,transformer_add_rho0.05_wd0.1_tiersNone,1000,add,0.05,0.1,final,natural,in,21,0.004728317111930757,31,0.036090915965542154
transformer,transformer_add_rho0.05_wd0.1_tiersNone,1000,add,0.05,0.1,final,natural,in,22,0.004256550772955902,35,0.036090915965542154
transformer,transformer_add_rho0.05_wd0.1_tiersNone,1000,add,0.05,0.1,final,natural,in,23,0.010192085550716712,14,0.036090915965542154
transformer,transformer_add_rho0.05_wd0.1_tiersNone,1000,add,0.05,0.1,final,natural,in,24,0.07362684633046221,5,0.036090915965542154
transformer,transformer_add_rho0.05_wd0.1_tiersNone,1000,add,0.05,0.1,final,natural,in,25,0.003971069366800991,38,0.036090915965542154
transformer,transformer_add_rho0.05_wd0.1_tiersNone,1000,add,0.05,0.1,final,natural,in,26,0.0031614664773251915,51,0.036090915965542154
transformer,transformer_add_rho0.05_wd0.1_tiersNone,1000,add,0.05,0.1,final,natural,in,27,0.0027714973157048285,66,0.036090915965542154
transformer,transformer_add_rho0.05_wd0.1_tiersNone,1000,add,0.05,0.1,final,natural,in,28,0.00650355933500566,20,0.036090915965542154
transformer,transformer_add_rho0.05_wd0.1_tiersNone,1000,add,0.05,0.1,final,natural,in,29,0.07676871216819817,2,0.036090915965542154
transformer,transformer_add_rho0.05_wd0.1_tiersNone,1000,add,0.05,0.1,final,natural,in,30,0.002663908439356463,69,0.036090915965542154
transformer,transformer_add_rho0.05_wd0.1_tiersNone,1000,add,0.05,0.1,final,natural,in,31,0.002724765091326536,68,0.036090915965542154
transformer,transformer_add_rho0.05_wd0.1_tiersNone,1000,add,0.05,0.1,final,natural,in,32,0.0030614955673589463,54,0.036090915965542154
transformer,transformer_add_rho0.05_wd0.1_tiersNone,1000,add,0.05,0.1,final,natural,in,33,0.006435928049915614,21,0.036090915965542154
transformer,transformer_add_rho0.05_wd0.1_tiersNone,1000,add,0.05,0.1,final,natural,in,34,0.0035586604966059013,45,0.036090915965542154
transformer,transformer_add_rho0.05_wd0.1_tiersNone,1000,add,0.05,0.1,final,natural,in,35,0.06405535837639675,9,0.036090915965542154
transformer,transformer_add_rho0.05_wd0.1_tiersNone,1000,add,0.05,0.1,final,natural,in,36,0.0023277826298725487,74,0.036090915965542154
transformer,transformer_add_rho0.05_wd0.1_tiersNone,1000,add,0.05,0.1,final,natural,in,37,0.002867783599052006,63,0.036090915965542154
transformer,transformer_add_rho0.05_wd0.1_tiersNone,1000,add,0.05,0.1,final,natural,in,38,0.002888968578353422,61,0.036090915965542154
transformer,transformer_add_rho0.05_wd0.1_tiersNone,1000,add,0.05,0.1,final,natural,in,39,0.0030236101735206184,55,0.036090915965542154
transformer,transformer_add_rho0.05_wd0.1_tiersNone,1000,add,0.05,0.1,final,natural,in,40,0.004823866111672243,29,0.036090915965542154
transformer,transformer_add_rho0.05_wd0.1_tiersNone,1000,add,0.05,0.1,final,natural,in,41,0.0037592215476893883,40,0.036090915965542154
transformer,transformer_add_rho0.05_wd0.1_tiersNone,1000,add,0.05,0.1,final,natural,in,42,0.005926311069388238,23,0.036090915965542154
transformer,transformer_add_rho0.05_wd0.1_tiersNone,1000,add,0.05,0.1,final,natural,in,43,0.002395134526634041,73,0.036090915965542154
transformer,transformer_add_rho0.05_wd0.1_tiersNone,1000,add,0.05,0.1,final,natural,in,44,0.07942827811996184,1,0.036090915965542154
transformer,transformer_add_rho0.05_wd0.1_tiersNone,1000,add,0.05,0.1,final,natural,in,45,0.0028253576367042086,65,0.036090915965542154
transformer,transformer_add_rho0.05_wd0.1_tiersNone,1000,add,0.05,0.1,final,natural,in,46,0.06663130476592953,8,0.036090915965542154
transformer,transformer_add_rho0.05_wd0.1_tiersNone,1000,add,0.05,0.1,final,natural,in,47,0.07370600545875464,4,0.036090915965542154
transformer,transformer_add_rho0.05_wd0.1_tiersNone,1000,add,0.05,0.1,final,natural,in,48,0.008181854825416394,15,0.036090915965542154
transformer,transformer_add_rho0.05_wd0.1_tiersNone,1000,add,0.05,0.1,final,natural,in,49,0.053247350451696436,10,0.036090915965542154
transformer,transformer_add_rho0.05_wd0.1_tiersNone,1000,add,0.05,0.1,final,natural,in,50,0.003651742923485184,42,0.036090915965542154
transformer,transformer_add_rho0.05_wd0.1_tiersNone,1000,add,0.05,0.1,final,natural,in,51,0.003446359156524097,47,0.036090915965542154
transformer,transformer_add_rho0.05_wd0.1_tiersNone,1000,add,0.05,0.1,final,natural,in,52,0.003330058675238587,49,0.036090915965542154
transformer,transformer_add_rho0.05_wd0.1_tiersNone,1000,add,0.05,0.1,final,natural,in,53,0.005355502323293503,26,0.036090915965542154
transformer,transformer_add_rho0.05_wd0.1_tiersNone,1000,add,0.05,0.1,final,natural,in,54,0.002552933675879701,71,0.036090915965542154
transformer,transformer_add_rho0.05_wd0.1_tiersNone,1000,add,0.05,0.1,final,natural,in,55,0.016498464502244778,11,0.036090915965542154
transformer,transformer_add_rho0.05_wd0.1_tiersNone,1000,add,0.05,0.1,final,natural,in,56,0.003334780421561513,48,0.036090915965542154
transformer,transformer_add_rho0.05_wd0.1_tiersNone,1000,add,0.05,0.1,final,natural,in,57,0.0049664505193697745,27,0.036090915965542154
transformer,transformer_add_rho0.05_wd0.1_tiersNone,1000,add,0.05,0.1,final,natural,in,58,0.007286653425250391,18,0.036090915965542154
transformer,transformer_add_rho0.05_wd0.1_tiersNone,1000,add,0.05,0.1,final,natural,in,59,0.003946384087204922,39,0.036090915965542154
transformer,transformer_add_rho0.05_wd0.1_tiersNone,1000,add,0.05,0.1,final,natural,in,60,0.002938860795190203,60,0.036090915965542154
transformer,transformer_add_rho0.05_wd0.1_tiersNone,1000,add,0.05,0.1,final,natural,in,61,0.013677562128142981,12,0.036090915965542154
transformer,transformer_add_rho0.05_wd0.1_tiersNone,1000,add,0.05,0.1,final,natural,in,62,0.0029903420008599475,59,0.036090915965542154
transformer,transformer_add_rho0.05_wd0.1_tiersNone,1000,add,0.05,0.1,final,natural,in,63,0.06983350378629784,7,0.036090915965542154
transformer,transformer_add_rho0.05_wd0.1_tiersNone,1000,add,0.05,0.1,final,natural,in,64,0.0027405662922182043,67,0.036090915965542154
transformer,transformer_add_rho0.05_wd0.1_tiersNone,1000,add,0.05,0.1,final,natural,in,65,0.0030040235235492185,57,0.036090915965542154
transformer,transformer_add_rho0.05_wd0.1_tiersNone,1000,add,0.05,0.1,final,natural,in,66,0.005647816149201152,24,0.036090915965542154
transformer,transformer_add_rho0.05_wd0.1_tiersNone,1000,add,0.05,0.1,final,natural,in,67,0.0028444515410545428,64,0.036090915965542154
transformer,transformer_add_rho0.05_wd0.1_tiersNone,1000,add,0.05,0.1,final,natural,in,68,0.0025142480177902066,72,0.036090915965542154
transformer,transformer_add_rho0.05_wd0.1_tiersNone,1000,add,0.05,0.1,final,natural,in,69,0.07519705608147717,3,0.036090915965542154
transformer,transformer_add_rho0.05_wd0.1_tiersNone,1000,add,0.05,0.1,final,natural,in,70,0.011049127230279853,13,0.036090915965542154
transformer,transformer_add_rho0.05_wd0.1_tiersNone,1000,add,0.05,0.1,final,natural,in,71,0.0025804520891657802,70,0.036090915965542154
transformer,transformer_add_rho0.05_wd0.1_tiersNone,1000,add,0.05,0.1,final,natural,in,72,0.003555903592508141,46,0.036090915965542154
transformer,transformer_add_rho0.05_wd0.1_tiersNone,1000,add,0.05,0.1,final,natural,in,73,0.004193465769907068,36,0.036090915965542154
transformer,transformer_add_rho0.05_wd0.1_tiersNone,1000,add,0.05,0.1,final,natural,in,74,0.003098061506698791,53,0.036090915965542154
transformer,transformer_add_rho0.05_wd0.1_tiersNone,1000,add,0.05,0.1,final,natural,out,1,0.005753555141682073,44,0.0028765670959023993
transformer,transformer_add_rho0.05_wd0.1_tiersNone,1000,add,0.05,0.1,final,natural,out,2,0.005433152766955685,55,0.0028765670959023993
transformer,transformer_add_rho0.05_wd0.1_tiersNone,1000,add,0.05,0.1,final,natural,out,3,0.005875500376213806,39,0.0028765670959023993
transformer,transformer_add_rho0.05_wd0.1_tiersNone,1000,add,0.05,0.1,final,natural,out,4,0.005458291911872398,53,0.0028765670959023993
transformer,transformer_add_rho0.05_wd0.1_tiersNone,1000,add,0.05,0.1,final,natural,out,5,0.008376817973788088,11,0.0028765670959023993
transformer,transformer_add_rho0.05_wd0.1_tiersNone,1000,add,0.05,0.1,final,natural,out,6,0.0067135265789305554,20,0.0028765670959023993
transformer,transformer_add_rho0.05_wd0.1_tiersNone,1000,add,0.05,0.1,final,natural,out,7,0.005700073749400873,46,0.0028765670959023993
transformer,transformer_add_rho0.05_wd0.1_tiersNone,1000,add,0.05,0.1,final,natural,out,8,0.0054071493929304035,59,0.0028765670959023993
transformer,transformer_add_rho0.05_wd0.1_tiersNone,1000,add,0.05,0.1,final,natural,out,9,0.005447180766928552,54,0.0028765670959023993
transformer,transformer_add_rho0.05_wd0.1_tiersNone,1000,add,0.05,0.1,final,natural,out,10,0.0059688643236808486,36,0.0028765670959023993
transformer,transformer_add_rho0.05_wd0.1_tiersNone,1000,add,0.05,0.1,final,natural,out,11,0.006614011989265115,23,0.0028765670959023993
transformer,transformer_add_rho0.05_wd0.1_tiersNone,1000,add,0.05,0.1,final,natural,out,12,0.0068183508661906495,19,0.0028765670959023993
transformer,transformer_add_rho0.05_wd0.1_tiersNone,1000,add,0.05,0.1,final,natural,out,13,0.007281061642825066,15,0.0028765670959023993
transformer,transformer_add_rho0.05_wd0.1_tiersNone,1000,add,0.05,0.1,final,natural,out,14,0.0653988500744244,6,0.0028765670959023993
transformer,transformer_add_rho0.05_wd0.1_tiersNone,1000,add,0.05,0.1,final,natural,out,15,0.006986519853389175,17,0.0028765670959023993
transformer,transformer_add_rho0.05_wd0.1_tiersNone,1000,add,0.05,0.1,final,natural,out,16,0.006204252548691441,31,0.0028765670959023993
transformer,transformer_add_rho0.05_wd0.1_tiersNone,1000,add,0.05,0.1,final,natural,out,17,0.005672960017025387,48,0.0028765670959023993
transformer,transformer_add_rho0.05_wd0.1_tiersNone,1000,add,0.05,0.1,final,natural,out,18,0.006092810521307945,33,0.0028765670959023993
transformer,transformer_add_rho0.05_wd0.1_tiersNone,1000,add,0.05,0.1,final,natural,out,19,0.005178817850638837,66,0.0028765670959023993
transformer,transformer_add_rho0.05_wd0.1_tiersNone,1000,add,0.05,0.1,final,natural,out,20,0.006408872147561415,25,0.0028765670959023993
transformer,transformer_add_rho0.05_wd0.1_tiersNone,1000,add,0.05,0.1,final,natural,out,21,0.005082812694345474,69,0.0028765670959023993
transformer,transformer_add_rho0.05_wd0.1_tiersNone,1000,add,0.05,0.1,final,natural,out,22,0.006039329188372127,34,0.0028765670959023993
transformer,transformer_add_rho0.05_wd0.1_tiersNone,1000,add,0.05,0.1,final,natural,out,23,0.005965443606012549,37,0.0028765670959023993
transformer,transformer_add_rho0.05_wd0.1_tiersNone,1000,add,0.05,0.1,final,natural,out,24,0.05619874519814714,8,0.0028765670959023993
transformer,transformer_add_rho0.05_wd0.1_tiersNone,1000,add,0.05,0.1,final,natural,out,25,0.005553450913958167,51,0.0028765670959023993
transformer,transformer_add_rho0.05_wd0.1_tiersNone,1000,add,0.05,0.1,final,natural,out,26,0.005360889992569869,60,0.0028765670959023993
transformer,transformer_add_rho0.05_wd0.1_tiersNone,1000,add,0.05,0.1,final,natural,out,27,0.005408766443964623,58,0.0028765670959023993
transformer,transformer_add_rho0.05_wd0.1_tiersNone,1000,add,0.05,0.1,final,natural,out,28,0.006698118296197154,21,0.0028765670959023993
transformer,transformer_add_rho0.05_wd0.1_tiersNone,1000,add,0.05,0.1,final,natural,out,29,0.06988142302796611,3,0.0028765670959023993
transformer,transformer_add_rho0.05_wd0.1_tiersNone,1000,add,0.05,0.1,final,natural,out,30,0.006842578187604931,18,0.0028765670959023993
transformer,transformer_add_rho0.05_wd0.1_tiersNone,1000,add,0.05,0.1,final,natural,out,31,0.005269184407576565,62,0.0028765670959023993
transformer,transformer_add_rho0.05_wd0.1_tiersNone,1000,add,0.05,0.1,final,natural,out,32,0.005940119273735979,38,0.0028765670959023993
transformer,transformer_add_rho0.05_wd0.1_tiersNone,1000,add,0.05,0.1,final,natural,out,33,0.006319440100122257,28,0.0028765670959023993
transformer,transformer_add_rho0.05_wd0.1_tiersNone,1000,add,0.05,0.1,final,natural,out,34,0.006353170617090782,26,0.0028765670959023993
transformer,transformer_add_rho0.05_wd0.1_tiersNone,1000,add,0.05,0.1,final,natural,out,35,0.06123530595928048,7,0.0028765670959023993
transformer,transformer_add_rho0.05_wd0.1_tiersNone,1000,add,0.05,0.1,final,natural,out,36,0.0052075715493758055,65,0.0028765670959023993
transformer,transformer_add_rho0.05_wd0.1_tiersNone,1000,add,0.05,0.1,final,natural,out,37,0.0048098835608945505,71,0.0028765670959023993
transformer,transformer_add_rho0.05_wd0.1_tiersNone,1000,add,0.05,0.1,final,natural,out,38,0.005609079279158147,50,0.0028765670959023993
transformer,transformer_add_rho0.05_wd0.1_tiersNone,1000,add,0.05,0.1,final,natural,out,39,0.005619851666407366,49,0.0028765670959023993
transformer,transformer_add_rho0.05_wd0.1_tiersNone,1000,add,0.05,0.1,final,natural,out,40,0.005789035565741966,42,0.0028765670959023993
transformer,transformer_add_rho0.05_wd0.1_tiersNone,1000,add,0.05,0.1,final,natural,out,41,0.00516688325841931,68,0.0028765670959023993
transformer,transformer_add_rho0.05_wd0.1_tiersNone,1000,add,0.05,0.1,final,natural,out,42,0.006103877337081874,32,0.0028765670959023993
transformer,transformer_add_rho0.05_wd0.1_tiersNone,1000,add,0.05,0.1,final,natural,out,43,0.006213961659017635,30,0.0028765670959023993
transformer,transformer_add_rho0.05_wd0.1_tiersNone,1000,add,0.05,0.1,final,natural,out,44,0.07060409219119607,2,0.0028765670959023993
transformer,transformer_add_rho0.05_wd0.1_tiersNone,1000,add,0.05,0.1,final,natural,out,45,0.004760372886423761,72,0.0028765670959023993
transformer,transformer_add_rho0.05_wd0.1_tiersNone,1000,add,0.05,0.1,final,natural,out,46,0.047953464540955705,9,0.0028765670959023993
transformer,transformer_add_rho0.05_wd0.1_tiersNone,1000,add,0.05,0.1,final,natural,out,47,0.07202135269653868,1,0.0028765670959023993
transformer,transformer_add_rho0.05_wd0.1_tiersNone,1000,add,0.05,0.1,final,natural,out,48,0.004983668421891238,70,0.0028765670959023993
transformer,transformer_add_rho0.05_wd0.1_tiersNone,1000,add,0.05,0.1,final,natural,out,49,0.040731026715303625,10,0.0028765670959023993
transformer,transformer_add_rho0.05_wd0.1_tiersNone,1000,add,0.05,0.1,final,natural,out,50,0.0054133681487478005,57,0.0028765670959023993
transformer,transformer_add_rho0.05_wd0.1_tiersNone,1000,add,0.05,0.1,final,natural,out,51,0.006038135313169841,35,0.0028765670959023993
transformer,transformer_add_rho0.05_wd0.1_tiersNone,1000,add,0.05,0.1,final,natural,out,52,0.005427605729594098,56,0.0028765670959023993
transformer,transformer_add_rho0.05_wd0.1_tiersNone,1000,add,0.05,0.1,final,natural,out,53,0.006569966590595388,24,0.0028765670959023993
transformer,transformer_add_rho0.05_wd0.1_tiersNone,1000,add,0.05,0.1,final,natural,out,54,0.004494242661233097,74,0.0028765670959023993
transformer,transformer_add_rho0.05_wd0.1_tiersNone,1000,add,0.05,0.1,final,natural,out,55,0.008321183347296847,12,0.0028765670959023993
transformer,transformer_add_rho0.05_wd0.1_tiersNone,1000,add,0.05,0.1,final,natural,out,56,0.005716111735127703,45,0.0028765670959023993
transformer,transformer_add_rho0.05_wd0.1_tiersNone,1000,add,0.05,0.1,final,natural,out,57,0.00633805721269167,27,0.0028765670959023993
transformer,transformer_add_rho0.05_wd0.1_tiersNone,1000,add,0.05,0.1,final,natural,out,58,0.007974387924416898,14,0.0028765670959023993
transformer,transformer_add_rho0.05_wd0.1_tiersNone,1000,add,0.05,0.1,final,natural,out,59,0.005175944921896342,67,0.0028765670959023993
transformer,transformer_add_rho0.05_wd0.1_tiersNone,1000,add,0.05,0.1,final,natural,out,60,0.004721989818162991,73,0.0028765670959023993
transformer,transformer_add_rho0.05_wd0.1_tiersNone,1000,add,0.05,0.1,final,natural,out,61,0.008137062270980695,13,0.0028765670959023993
transformer,transformer_add_rho0.05_wd0.1_tiersNone,1000,add,0.05,0.1,final,natural,out,62,0.005210766011277274,64,0.0028765670959023993
transformer,transformer_add_rho0.05_wd0.1_tiersNone,1000,add,0.05,0.1,final,natural,out,63,0.06719281139627678,5,0.0028765670959023993
transformer,transformer_add_rho0.05_wd0.1_tiersNone,1000,add,0.05,0.1,final,natural,out,64,0.005788089533305943,43,0.0028765670959023993
transformer,transformer_add_rho0.05_wd0.1_tiersNone,1000,add,0.05,0.1,final,natural,out,65,0.005349669154879238,61,0.0028765670959023993
transformer,transformer_add_rho0.05_wd0.1_tiersNone,1000,add,0.05,0.1,final,natural,out,66,0.006226269445292855,29,0.0028765670959023993
transformer,transformer_add_rho0.05_wd0.1_tiersNone,1000,add,0.05,0.1,final,natural,out,67,0.005691645158816595,47,0.0028765670959023993
transformer,transformer_add_rho0.05_wd0.1_tiersNone,1000,add,0.05,0.1,final,natural,out,68,0.005837077286843644,40,0.0028765670959023993
transformer,transformer_add_rho0.05_wd0.1_tiersNone,1000,add,0.05,0.1,final,natural,out,69,0.06751288427974457,4,0.0028765670959023993
transformer,transformer_add_rho0.05_wd0.1_tiersNone,1000,add,0.05,0.1,final,natural,out,70,0.006627381404439789,22,0.0028765670959023993
transformer,transformer_add_rho0.05_wd0.1_tiersNone,1000,add,0.05,0.1,final,natural,out,71,0.005826645049190204,41,0.0028765670959023993
transformer,transformer_add_rho0.05_wd0.1_tiersNone,1000,add,0.05,0.1,final,natural,out,72,0.005532644300142515,52,0.0028765670959023993
transformer,transformer_add_rho0.05_wd0.1_tiersNone,1000,add,0.05,0.1,final,natural,out,73,0.007106990331306101,16,0.0028765670959023993
transformer,transformer_add_rho0.05_wd0.1_tiersNone,1000,add,0.05,0.1,final,natural,out,74,0.005255551245518333,63,0.0028765670959023993
transformer,transformer_add_rho0.05_wd0.1_tiersNone,1001,add,0.05,0.1,final,natural,in,1,0.0038401679630264496,28,0.02065732401686575
transformer,transformer_add_rho0.05_wd0.1_tiersNone,1001,add,0.05,0.1,final,natural,in,2,0.0048489302434379915,24,0.02065732401686575
transformer,transformer_add_rho0.05_wd0.1_tiersNone,1001,add,0.05,0.1,final,natural,in,3,0.05961064044018941,9,0.02065732401686575
transformer,transformer_add_rho0.05_wd0.1_tiersNone,1001,add,0.05,0.1,final,natural,in,4,0.0028262341917459134,48,0.02065732401686575
transformer,transformer_add_rho0.05_wd0.1_tiersNone,1001,add,0.05,0.1,final,natural,in,5,0.008718857939815226,15,0.02065732401686575
transformer,transformer_add_rho0.05_wd0.1_tiersNone,1001,add,0.05,0.1,final,natural,in,6,0.0051366994347481435,23,0.02065732401686575
transformer,transformer_add_rho0.05_wd0.1_tiersNone,1001,add,0.05,0.1,final,natural,in,7,0.0024074258481812587,63,0.02065732401686575
transformer,transformer_add_rho0.05_wd0.1_tiersNone,1001,add,0.05,0.1,final,natural,in,8,0.0018880969236771922,74,0.02065732401686575
transformer,transformer_add_rho0.05_wd0.1_tiersNone,1001,add,0.05,0.1,final,natural,in,9,0.09733162814698483,3,0.02065732401686575
transformer,transformer_add_rho0.05_wd0.1_tiersNone,1001,add,0.05,0.1,final,natural,in,10,0.002531328069550363,57,0.02065732401686575
transformer,transformer_add_rho0.05_wd0.1_tiersNone,1001,add,0.05,0.1,final,natural,in,11,0.0026598972535471026,53,0.02065732401686575
transformer,transformer_add_rho0.05_wd0.1_tiersNone,1001,add,0.05,0.1,final,natural,in,12,0.0035933833863631957,30,0.02065732401686575
transformer,transformer_add_rho0.05_wd0.1_tiersNone,1001,add,0.05,0.1,final,natural,in,13,0.0023190319944739325,66,0.02065732401686575
transformer,transformer_add_rho0.05_wd0.1_tiersNone,1001,add,0.05,0.1,final,natural,in,14,0.07463059641887695,6,0.02065732401686575
transformer,transformer_add_rho0.05_wd0.1_tiersNone,1001,add,0.05,0.1,final,natural,in,15,0.06421895022204659,7,0.02065732401686575
transformer,transformer_add_rho0.05_wd0.1_tiersNone,1001,add,0.05,0.1,final,natural,in,16,0.0028584183218780027,45,0.02065732401686575
transformer,transformer_add_rho0.05_wd0.1_tiersNone,1001,add,0.05,0.1,final,natural,in,17,0.002642341727973659,54,0.02065732401686575
transformer,transformer_add_rho0.05_wd0.1_tiersNone,1001,add,0.05,0.1,final,natural,in,18,0.012995868291961683,13,0.02065732401686575
transformer,transformer_add_rho0.05_wd0.1_tiersNone,1001,add,0.05,0.1,final,natural,in,19,0.0024596860589125124,61,0.02065732401686575
transformer,transformer_add_rho0.05_wd0.1_tiersNone,1001,add,0.05,0.1,final,natural,in,20,0.0029174339226866373,43,0.02065732401686575
transformer,transformer_add_rho0.05_wd0.1_tiersNone,1001,add,0.05,0.1,final,natural,in,21,0.0028462783419706235,47,0.02065732401686575
transformer,transformer_add_rho0.05_wd0.1_tiersNone,1001,add,0.05,0.1,final,natural,in,22,0.0028615028366467976,44,0.02065732401686575
transformer,transformer_add_rho0.05_wd0.1_tiersNone,1001,add,0.05,0.1,final,natural,in,23,0.0034053102343535382,32,0.02065732401686575
transformer,transformer_add_rho0.05_wd0.1_tiersNone,1001,add,0.05,0.1,final,natural,in,24,0.0021992495128766508,70,0.02065732401686575
transformer,transformer_add_rho0.05_wd0.1_tiersNone,1001,add,0.05,0.1,final,natural,in,25,0.0027365451675228202,50,0.02065732401686575
transformer,transformer_add_rho0.05_wd0.1_tiersNone,1001,add,0.05,0.1,final,natural,in,26,0.003686363421836838,29,0.02065732401686575
transformer,transformer_add_rho0.05_wd0.1_tiersNone,1001,add,0.05,0.1,final,natural,in,27,0.00413531894317284,27,0.02065732401686575
transformer,transformer_add_rho0.05_wd0.1_tiersNone,1001,add,0.05,0.1,final,natural,in,28,0.02893555046434046,10,0.02065732401686575
transformer,transformer_add_rho0.05_wd0.1_tiersNone,1001,add,0.05,0.1,final,natural,in,29,0.013197151120738458,12,0.02065732401686575
transformer,transformer_add_rho0.05_wd0.1_tiersNone,1001,add,0.05,0.1,final,natural,in,30,0.08033307969033518,4,0.02065732401686575
transformer,transformer_add_rho0.05_wd0.1_tiersNone,1001,add,0.05,0.1,final,natural,in,31,0.018621640629489337,11,0.02065732401686575
transformer,transformer_add_rho0.05_wd0.1_tiersNone,1001,add,0.05,0.1,final,natural,in,32,0.07890676439896434,5,0.02065732401686575
transformer,transformer_add_rho0.05_wd0.1_tiersNone,1001,add,0.05,0.1,final,natural,in,33,0.061154801549675286,8,0.02065732401686575
transformer,transformer_add_rho0.05_wd0.1_tiersNone,1001,add,0.05,0.1,final,natural,in,34,0.003186668692130874,36,0.02065732401686575
transformer,transformer_add_rho0.05_wd0.1_tiersNone,1001,add,0.05,0.1,final,natural,in,35,0.0021661463723093425,71,0.02065732401686575
transformer,transformer_add_rho0.05_wd0.1_tiersNone,1001,add,0.05,0.1,final,natural,in,36,0.0035702765869118466,31,0.02065732401686575
transformer,transformer_add_rho0.05_wd0.1_tiersNone,1001,add,0.05,0.1,final,natural,in,37,0.005324193293166941,22,0.02065732401686575
transformer,transformer_add_rho0.05_wd0.1_tiersNone,1001,add,0.05,0.1,final,natural,in,38,0.00255815462772709,56,0.02065732401686575
transformer,transformer_add_rho0.05_wd0.1_tiersNone,1001,add,0.05,0.1,final,natural,in,39,0.0027954278958563362,49,0.02065732401686575
transformer,transformer_add_rho0.05_wd0.1_tiersNone,1001,add,0.05,0.1,final,natural,in,40,0.09751317868757833,2,0.02065732401686575
transformer,transformer_add_rho0.05_wd0.1_tiersNone,1001,add,0.05,0.1,final,natural,in,41,0.002987090841692704,42,0.02065732401686575
transformer,transformer_add_rho0.05_wd0.1_tiersNone,1001,add,0.05,0.1,final,natural,in,42,0.0032773035650245277,35,0.02065732401686575
transformer,transformer_add_rho0.05_wd0.1_tiersNone,1001,add,0.05,0.1,final,natural,in,43,0.0025868406025101993,55,0.02065732401686575
transformer,transformer_add_rho0.05_wd0.1_tiersNone,1001,add,0.05,0.1,final,natural,in,44,0.002353739610514835,65,0.02065732401686575
transformer,transformer_add_rho0.05_wd0.1_tiersNone,1001,add,0.05,0.1,final,natural,in,45,0.0028571801592046065,46,0.02065732401686575
transformer,transformer_add_rho0.05_wd0.1_tiersNone,1001,add,0.05,0.1,final,natural,in,46,0.004427440187165295,25,0.02065732401686575
transformer,transformer_add_rho0.05_wd0.1_tiersNone,1001,add,0.05,0.1,final,natural,in,47,0.0024449850545311754,62,0.02065732401686575
transformer,transformer_add_rho0.05_wd0.1_tiersNone,1001,add,0.05,0.1,final,natural,in,48,0.003051715805088859,37,0.02065732401686575
transformer,transformer_add_rho0.05_wd0.1_tiersNone,1001,add,0.05,0.1,final,natural,in,49,0.0062030834208598945,18,0.02065732401686575
transformer,transformer_add_rho0.05_wd0.1_tiersNone,1001,add,0.05,0.1,final,natural,in,50,0.005445684042179488,20,0.02065732401686575
transformer,transformer_add_rho0.05_wd0.1_tiersNone,1001,add,0.05,0.1,final,natural,in,51,0.0030105618122331134,39,0.02065732401686575
transformer,transformer_add_rho0.05_wd0.1_tiersNone,1001,add,0.05,0.1,final,natural,in,52,0.0025087745241467257,59,0.02065732401686575
transformer,transformer_add_rho0.05_wd0.1_tiersNone,1001,add,0.05,0.1,final,natural,in,53,0.003003257369392097,40,0.02065732401686575
transformer,transformer_add_rho0.05_wd0.1_tiersNone,1001,add,0.05,0.1,final,natural,in,54,0.0059806386526138865,19,0.02065732401686575
transformer,transformer_add_rho0.05_wd0.1_tiersNone,1001,add,0.05,0.1,final,natural,in,55,0.0029907685991580994,41,0.02065732401686575
transformer,transformer_add_rho0.05_wd0.1_tiersNone,1001,add,0.05,0.1,final,natural,in,56,0.0026689819129638425,52,0.02065732401686575
transformer,transformer_add_rho0.05_wd0.1_tiersNone,1001,add,0.05,0.1,final,natural,in,57,0.0033773023840952265,33,0.02065732401686575
transformer,transformer_add_rho0.05_wd0.1_tiersNone,1001,add,0.05,0.1,final,natural,in,58,0.0024863413968768968,60,0.02065732401686575
transformer,transformer_add_rho0.05_wd0.1_tiersNone,1001,add,0.05,0.1,final,natural,in,59,0.09857243070376524,1,0.02065732401686575
transformer,transformer_add_rho0.05_wd0.1_tiersNone,1001,add,0.05,0.1,final,natural,in,60,0.0083425262499712,16,0.02065732401686575
transformer,transformer_add_rho0.05_wd0.1_tiersNone,1001,add,0.05,0.1,final,natural,in,61,0.0023965938890578,64,0.02065732401686575
transformer,transformer_add_rho0.05_wd0.1_tiersNone,1001,add,0.05,0.1,final,natural,in,62,0.0022972177689046407,68,0.02065732401686575
transformer,transformer_add_rho0.05_wd0.1_tiersNone,1001,add,0.05,0.1,final,natural,in,63,0.004156305342212924,26,0.02065732401686575
transformer,transformer_add_rho0.05_wd0.1_tiersNone,1001,add,0.05,0.1,final,natural,in,64,0.010157938969271774,14,0.02065732401686575
transformer,transformer_add_rho0.05_wd0.1_tiersNone,1001,add,0.05,0.1,final,natural,in,65,0.003029972936582841,38,0.02065732401686575
transformer,transformer_add_rho0.05_wd0.1_tiersNone,1001,add,0.05,0.1,final,natural,in,66,0.005417910581495241,21,0.02065732401686575
transformer,transformer_add_rho0.05_wd0.1_tiersNone,1001,add,0.05,0.1,final,natural,in,67,0.0033384515647857417,34,0.02065732401686575
transformer,transformer_add_rho0.05_wd0.1_tiersNone,1001,add,0.05,0.1,final,natural,in,68,0.0021263771193243447,72,0.02065732401686575
transformer,transformer_add_rho0.05_wd0.1_tiersNone,1001,add,0.05,0.1,final,natural,in,69,0.006211620746816588,17,0.02065732401686575
transformer,transformer_add_rho0.05_wd0.1_tiersNone,1001,add,0.05,0.1,final,natural,in,70,0.002673992255618686,51,0.02065732401686575
transformer,transformer_add_rho0.05_wd0.1_tiersNone,1001,add,0.05,0.1,final,natural,in,71,0.0025300449563578032,58,0.02065732401686575
transformer,transformer_add_rho0.05_wd0.1_tiersNone,1001,add,0.05,0.1,final,natural,in,72,0.0023088630797439545,67,0.02065732401686575
transformer,transformer_add_rho0.05_wd0.1_tiersNone,1001,add,0.05,0.1,final,natural,in,73,0.001992179013885673,73,0.02065732401686575
transformer,transformer_add_rho0.05_wd0.1_tiersNone,1001,add,0.05,0.1,final,natural,in,74,0.002216665614273198,69,0.02065732401686575
transformer,transformer_add_rho0.05_wd0.1_tiersNone,1001,add,0.05,0.1,final,natural,out,1,0.005552914046471411,45,0.0015461561461704134
transformer,transformer_add_rho0.05_wd0.1_tiersNone,1001,add,0.05,0.1,final,natural,out,2,0.006092679560878889,34,0.0015461561461704134
transformer,transformer_add_rho0.05_wd0.1_tiersNone,1001,add,0.05,0.1,final,natural,out,3,0.05281634701587179,7,0.0015461561461704134
transformer,transformer_add_rho0.05_wd0.1_tiersNone,1001,add,0.05,0.1,final,natural,out,4,0.004575917290180895,67,0.0015461561461704134
transformer,transformer_add_rho0.05_wd0.1_tiersNone,1001,add,0.05,0.1,final,natural,out,5,0.008974999730007595,17,0.0015461561461704134
transformer,transformer_add_rho0.05_wd0.1_tiersNone,1001,add,0.05,0.1,final,natural,out,6,0.009351239014035008,16,0.0015461561461704134
transformer,transformer_add_rho0.05_wd0.1_tiersNone,1001,add,0.05,0.1,final,natural,out,7,0.004879341739232782,61,0.0015461561461704134
transformer,transformer_add_rho0.05_wd0.1_tiersNone,1001,add,0.05,0.1,final,natural,out,8,0.005827299758809508,39,0.0015461561461704134
transformer,transformer_add_rho0.05_wd0.1_tiersNone,1001,add,0.05,0.1,final,natural,out,9,0.07406892800191711,1,0.0015461561461704134
transformer,transformer_add_rho0.05_wd0.1_tiersNone,1001,add,0.05,0.1,final,natural,out,10,0.005567072992746854,44,0.0015461561461704134
transformer,transformer_add_rho0.05_wd0.1_tiersNone,1001,add,0.05,0.1,final,natural,out,11,0.004989861972467047,58,0.0015461561461704134
transformer,transformer_add_rho0.05_wd0.1_tiersNone,1001,add,0.05,0.1,final,natural,out,12,0.00609211730084289,35,0.0015461561461704134
transformer,transformer_add_rho0.05_wd0.1_tiersNone,1001,add,0.05,0.1,final,natural,out,13,0.005044923772572386,54,0.0015461561461704134
transformer,transformer_add_rho0.05_wd0.1_tiersNone,1001,add,0.05,0.1,final,natural,out,14,0.06981052263076903,4,0.0015461561461704134
transformer,transformer_add_rho0.05_wd0.1_tiersNone,1001,add,0.05,0.1,final,natural,out,15,0.05173146863695643,8,0.0015461561461704134
transformer,transformer_add_rho0.05_wd0.1_tiersNone,1001,add,0.05,0.1,final,natural,out,16,0.0049639109260849355,59,0.0015461561461704134
transformer,transformer_add_rho0.05_wd0.1_tiersNone,1001,add,0.05,0.1,final,natural,out,17,0.005945598560360192,37,0.0015461561461704134
transformer,transformer_add_rho0.05_wd0.1_tiersNone,1001,add,0.05,0.1,final,natural,out,18,0.010053857891483482,15,0.0015461561461704134
transformer,transformer_add_rho0.05_wd0.1_tiersNone,1001,add,0.05,0.1,final,natural,out,19,0.006676590125516363,29,0.0015461561461704134
transformer,transformer_add_rho0.05_wd0.1_tiersNone,1001,add,0.05,0.1,final,natural,out,20,0.00471080515372054,64,0.0015461561461704134
transformer,transformer_add_rho0.05_wd0.1_tiersNone,1001,add,0.05,0.1,final,natural,out,21,0.006668408729909092,30,0.0015461561461704134
transformer,transformer_add_rho0.05_wd0.1_tiersNone,1001,add,0.05,0.1,final,natural,out,22,0.004630448251036206,66,0.0015461561461704134
transformer,transformer_add_rho0.05_wd0.1_tiersNone,1001,add,0.05,0.1,final,natural,out,23,0.008336902033029035,20,0.0015461561461704134
transformer,transformer_add_rho0.05_wd0.1_tiersNone,1001,add,0.05,0.1,final,natural,out,24,0.007354197450752704,24,0.0015461561461704134
transformer,transformer_add_rho0.05_wd0.1_tiersNone,1001,add,0.05,0.1,final,natural,out,25,0.00575715819433345,41,0.0015461561461704134
transformer,transformer_add_rho0.05_wd0.1_tiersNone,1001,add,0.05,0.1,final,natural,out,26,0.0066977040035522285,28,0.0015461561461704134
transformer,transformer_add_rho0.05_wd0.1_tiersNone,1001,add,0.05,0.1,final,natural,out,27,0.007708502524978856,23,0.0015461561461704134
transformer,transformer_add_rho0.05_wd0.1_tiersNone,1001,add,0.05,0.1,final,natural,out,28,0.012588751270830294,14,0.0015461561461704134
transformer,transformer_add_rho0.05_wd0.1_tiersNone,1001,add,0.05,0.1,final,natural,out,29,0.013907731000148608,13,0.0015461561461704134
transformer,transformer_add_rho0.05_wd0.1_tiersNone,1001,add,0.05,0.1,final,natural,out,30,0.06928988161055846,5,0.0015461561461704134
transformer,transformer_add_rho0.05_wd0.1_tiersNone,1001,add,0.05,0.1,final,natural,out,31,0.02258639399645011,10,0.0015461561461704134
transformer,transformer_add_rho0.05_wd0.1_tiersNone,1001,add,0.05,0.1,final,natural,out,32,0.0703449817144833,3,0.0015461561461704134
transformer,transformer_add_rho0.05_wd0.1_tiersNone,1001,add,0.05,0.1,final,natural,out,33,0.0497502783472772,9,0.0015461561461704134
transformer,transformer_add_rho0.05_wd0.1_tiersNone,1001,add,0.05,0.1,final,natural,out,34,0.004302860079872177,72,0.0015461561461704134
transformer,transformer_add_rho0.05_wd0.1_tiersNone,1001,add,0.05,0.1,final,natural,out,35,0.005004402192068454,56,0.0015461561461704134
transformer,transformer_add_rho0.05_wd0.1_tiersNone,1001,add,0.05,0.1,final,natural,out,36,0.00454144834980202,68,0.0015461561461704134
transformer,transformer_add_rho0.05_wd0.1_tiersNone,1001,add,0.05,0.1,final,natural,out,37,0.004998090504551517,57,0.0015461561461704134
transformer,transformer_add_rho0.05_wd0.1_tiersNone,1001,add,0.05,0.1,final,natural,out,38,0.00490448070214064,60,0.0015461561461704134
transformer,transformer_add_rho0.05_wd0.1_tiersNone,1001,add,0.05,0.1,final,natural,out,39,0.006782518980623806,25,0.0015461561461704134
transformer,transformer_add_rho0.05_wd0.1_tiersNone,1001,add,0.05,0.1,final,natural,out,40,0.0574524238073475,6,0.0015461561461704134
transformer,transformer_add_rho0.05_wd0.1_tiersNone,1001,add,0.05,0.1,final,natural,out,41,0.006181195075670722,32,0.0015461561461704134
transformer,transformer_add_rho0.05_wd0.1_tiersNone,1001,add,0.05,0.1,final,natural,out,42,0.005233754333135278,50,0.0015461561461704134
transformer,transformer_add_rho0.05_wd0.1_tiersNone,1001,add,0.05,0.1,final,natural,out,43,0.005116564245182834,52,0.0015461561461704134
transformer,transformer_add_rho0.05_wd0.1_tiersNone,1001,add,0.05,0.1,final,natural,out,44,0.008385547098150623,19,0.0015461561461704134
transformer,transformer_add_rho0.05_wd0.1_tiersNone,1001,add,0.05,0.1,final,natural,out,45,0.00675358495859093,26,0.0015461561461704134
transformer,transformer_add_rho0.05_wd0.1_tiersNone,1001,add,0.05,0.1,final,natural,out,46,0.005247750775096801,49,0.0015461561461704134
transformer,transformer_add_rho0.05_wd0.1_tiersNone,1001,add,0.05,0.1,final,natural,out,47,0.0056486140465442525,43,0.0015461561461704134
transformer,transformer_add_rho0.05_wd0.1_tiersNone,1001,add,0.05,0.1,final,natural,out,48,0.004196280867448143,73,0.0015461561461704134
transformer,transformer_add_rho0.05_wd0.1_tiersNone,1001,add,0.05,0.1,final,natural,out,49,0.0079246185372082,21,0.0015461561461704134
transformer,transformer_add_rho0.05_wd0.1_tiersNone,1001,add,0.05,0.1,final,natural,out,50,0.016211716794177176,11,0.0015461561461704134
transformer,transformer_add_rho0.05_wd0.1_tiersNone,1001,add,0.05,0.1,final,natural,out,51,0.004185524232935382,74,0.0015461561461704134
transformer,transformer_add_rho0.05_wd0.1_tiersNone,1001,add,0.05,0.1,final,natural,out,52,0.004701600029306799,65,0.0015461561461704134
transformer,transformer_add_rho0.05_wd0.1_tiersNone,1001,add,0.05,0.1,final,natural,out,53,0.0050160496608635,55,0.0015461561461704134
transformer,transformer_add_rho0.05_wd0.1_tiersNone,1001,add,0.05,0.1,final,natural,out,54,0.0067231965863034145,27,0.0015461561461704134
transformer,transformer_add_rho0.05_wd0.1_tiersNone,1001,add,0.05,0.1,final,natural,out,55,0.0047653102940160294,63,0.0015461561461704134
transformer,transformer_add_rho0.05_wd0.1_tiersNone,1001,add,0.05,0.1,final,natural,out,56,0.005276745897190267,48,0.0015461561461704134
transformer,transformer_add_rho0.05_wd0.1_tiersNone,1001,add,0.05,0.1,final,natural,out,57,0.004848172565250208,62,0.0015461561461704134
transformer,transformer_add_rho0.05_wd0.1_tiersNone,1001,add,0.05,0.1,final,natural,out,58,0.006134290669209174,33,0.0015461561461704134
transformer,transformer_add_rho0.05_wd0.1_tiersNone,1001,add,0.05,0.1,final,natural,out,59,0.07075031763577425,2,0.0015461561461704134
transformer,transformer_add_rho0.05_wd0.1_tiersNone,1001,add,0.05,0.1,final,natural,out,60,0.008919587925106616,18,0.0015461561461704134
transformer,transformer_add_rho0.05_wd0.1_tiersNone,1001,add,0.05,0.1,final,natural,out,61,0.00432315594695103,71,0.0015461561461704134
transformer,transformer_add_rho0.05_wd0.1_tiersNone,1001,add,0.05,0.1,final,natural,out,62,0.005767587816469886,40,0.0015461561461704134
transformer,transformer_add_rho0.05_wd0.1_tiersNone,1001,add,0.05,0.1,final,natural,out,63,0.005700919749981662,42,0.0015461561461704134
transformer,transformer_add_rho0.05_wd0.1_tiersNone,1001,add,0.05,0.1,final,natural,out,64,0.00596456300295936,36,0.0015461561461704134
transformer,transformer_add_rho0.05_wd0.1_tiersNone,1001,add,0.05,0.1,final,natural,out,65,0.005051776410330685,53,0.0015461561461704134
transformer,transformer_add_rho0.05_wd0.1_tiersNone,1001,add,0.05,0.1,final,natural,out,66,0.004457630726985794,69,0.0015461561461704134
transformer,transformer_add_rho0.05_wd0.1_tiersNone,1001,add,0.05,0.1,final,natural,out,67,0.0053848271720652995,47,0.0015461561461704134
transformer,transformer_add_rho0.05_wd0.1_tiersNone,1001,add,0.05,0.1,final,natural,out,68,0.014393760534502222,12,0.0015461561461704134
transformer,transformer_add_rho0.05_wd0.1_tiersNone,1001,add,0.05,0.1,final,natural,out,69,0.00552210632444662,46,0.0015461561461704134
transformer,transformer_add_rho0.05_wd0.1_tiersNone,1001,add,0.05,0.1,final,natural,out,70,0.00587803817270195,38,0.0015461561461704134
transformer,transformer_add_rho0.05_wd0.1_tiersNone,1001,add,0.05,0.1,final,natural,out,71,0.004417264855140924,70,0.0015461561461704134
transformer,transformer_add_rho0.05_wd0.1_tiersNone,1001,add,0.05,0.1,final,natural,out,72,0.0051838388070971474,51,0.0015461561461704134
transformer,transformer_add_rho0.05_wd0.1_tiersNone,1001,add,0.05,0.1,final,natural,out,73,0.00785646688223924,22,0.0015461561461704134
transformer,transformer_add_rho0.05_wd0.1_tiersNone,1001,add,0.05,0.1,final,natural,out,74,0.006543681506296811,31,0.0015461561461704134
transformer,transformer_add_rho0.05_wd0.1_tiersNone,1002,add,0.05,0.1,final,natural,in,1,0.0036683823522892373,25,0.016604205915230222
transformer,transformer_add_rho0.05_wd0.1_tiersNone,1002,add,0.05,0.1,final,natural,in,2,0.002328557180547853,61,0.016604205915230222
transformer,transformer_add_rho0.05_wd0.1_tiersNone,1002,add,0.05,0.1,final,natural,in,3,0.0020461065590727623,71,0.016604205915230222
transformer,transformer_add_rho0.05_wd0.1_tiersNone,1002,add,0.05,0.1,final,natural,in,4,0.0029697083719222614,37,0.016604205915230222
transformer,transformer_add_rho0.05_wd0.1_tiersNone,1002,add,0.05,0.1,final,natural,in,5,0.013486022906591816,13,0.016604205915230222
transformer,transformer_add_rho0.05_wd0.1_tiersNone,1002,add,0.05,0.1,final,natural,in,6,0.0020884787297640894,68,0.016604205915230222
transformer,transformer_add_rho0.05_wd0.1_tiersNone,1002,add,0.05,0.1,final,natural,in,7,0.0064355477278917545,17,0.016604205915230222
transformer,transformer_add_rho0.05_wd0.1_tiersNone,1002,add,0.05,0.1,final,natural,in,8,0.002201256697737079,65,0.016604205915230222
transformer,transformer_add_rho0.05_wd0.1_tiersNone,1002,add,0.05,0.1,final,natural,in,9,0.0034018410722674083,27,0.016604205915230222
transformer,transformer_add_rho0.05_wd0.1_tiersNone,1002,add,0.05,0.1,final,natural,in,10,0.0031058579775591092,32,0.016604205915230222
transformer,transformer_add_rho0.05_wd0.1_tiersNone,1002,add,0.05,0.1,final,natural,in,11,0.0020966014349432685,67,0.016604205915230222
transformer,transformer_add_rho0.05_wd0.1_tiersNone,1002,add,0.05,0.1,final,natural,in,12,0.0032958159995720476,29,0.016604205915230222
transformer,transformer_add_rho0.05_wd0.1_tiersNone,1002,add,0.05,0.1,final,natural,in,13,0.0019572562944526013,73,0.016604205915230222
transformer,transformer_add_rho0.05_wd0.1_tiersNone,1002,add,0.05,0.1,final,natural,in,14,0.0056600642133763585,19,0.016604205915230222
transformer,transformer_add_rho0.05_wd0.1_tiersNone,1002,add,0.05,0.1,final,natural,in,15,0.0020778718454901373,69,0.016604205915230222
transformer,transformer_add_rho0.05_wd0.1_tiersNone,1002,add,0.05,0.1,final,natural,in,16,0.09923275593654245,2,0.016604205915230222
transformer,transformer_add_rho0.05_wd0.1_tiersNone,1002,add,0.05,0.1,final,natural,in,17,0.003249371309200319,30,0.016604205915230222
transformer,transformer_add_rho0.05_wd0.1_tiersNone,1002,add,0.05,0.1,final,natural,in,18,0.0033153999458406308,28,0.016604205915230222
transformer,transformer_add_rho0.05_wd0.1_tiersNone,1002,add,0.05,0.1,final,natural,in,19,0.0025092158096259145,51,0.016604205915230222
transformer,transformer_add_rho0.05_wd0.1_tiersNone,1002,add,0.05,0.1,final,natural,in,20,0.0028103780072841556,38,0.016604205915230222
transformer,transformer_add_rho0.05_wd0.1_tiersNone,1002,add,0.05,0.1,final,natural,in,21,0.023633441898266522,10,0.016604205915230222
transformer,transformer_add_rho0.05_wd0.1_tiersNone,1002,add,0.05,0.1,final,natural,in,22,0.002481408550146765,53,0.016604205915230222
transformer,transformer_add_rho0.05_wd0.1_tiersNone,1002,add,0.05,0.1,final,natural,in,23,0.0025984430990835423,45,0.016604205915230222
transformer,transformer_add_rho0.05_wd0.1_tiersNone,1002,add,0.05,0.1,final,natural,in,24,0.0026879146279213386,41,0.016604205915230222
transformer,transformer_add_rho0.05_wd0.1_tiersNone,1002,add,0.05,0.1,final,natural,in,25,0.002660553887088928,43,0.016604205915230222
transformer,transformer_add_rho0.05_wd0.1_tiersNone,1002,add,0.05,0.1,final,natural,in,26,0.10048322634814391,1,0.016604205915230222
transformer,transformer_add_rho0.05_wd0.1_tiersNone,1002,add,0.05,0.1,final,natural,in,27,0.0025369868042899348,47,0.016604205915230222
transformer,transformer_add_rho0.05_wd0.1_tiersNone,1002,add,0.05,0.1,final,natural,in,28,0.013117139280558824,14,0.016604205915230222
transformer,transformer_add_rho0.05_wd0.1_tiersNone,1002,add,0.05,0.1,final,natural,in,29,0.058147546348621286,9,0.016604205915230222
transformer,transformer_add_rho0.05_wd0.1_tiersNone,1002,add,0.05,0.1,final,natural,in,30,0.0021941744253137743,66,0.016604205915230222
transformer,transformer_add_rho0.05_wd0.1_tiersNone,1002,add,0.05,0.1,final,natural,in,31,0.002507247510879919,52,0.016604205915230222
transformer,transformer_add_rho0.05_wd0.1_tiersNone,1002,add,0.05,0.1,final,natural,in,32,0.00829696329399993,15,0.016604205915230222
transformer,transformer_add_rho0.05_wd0.1_tiersNone,1002,add,0.05,0.1,final,natural,in,33,0.0024442390971433823,56,0.016604205915230222
transformer,transformer_add_rho0.05_wd0.1_tiersNone,1002,add,0.05,0.1,final,natural,in,34,0.002320324660409753,62,0.016604205915230222
transformer,transformer_add_rho0.05_wd0.1_tiersNone,1002,add,0.05,0.1,final,natural,in,35,0.005690870808881343,18,0.016604205915230222
transformer,transformer_add_rho0.05_wd0.1_tiersNone,1002,add,0.05,0.1,final,natural,in,36,0.0024738712099071024,55,0.016604205915230222
transformer,transformer_add_rho0.05_wd0.1_tiersNone,1002,add,0.05,0.1,final,natural,in,37,0.002073173356731756,70,0.016604205915230222
transformer,transformer_add_rho0.05_wd0.1_tiersNone,1002,add,0.05,0.1,final,natural,in,38,0.004268060572937447,23,0.016604205915230222
transformer,transformer_add_rho0.05_wd0.1_tiersNone,1002,add,0.05,0.1,final,natural,in,39,0.0034575177923767317,26,0.016604205915230222
transformer,transformer_add_rho0.05_wd0.1_tiersNone,1002,add,0.05,0.1,final,natural,in,40,0.002599131953768397,44,0.016604205915230222
transformer,transformer_add_rho0.05_wd0.1_tiersNone,1002,add,0.05,0.1,final,natural,in,41,0.002214365509328147,64,0.016604205915230222
transformer,transformer_add_rho0.05_wd0.1_tiersNone,1002,add,0.05,0.1,final,natural,in,42,0.0026956535782523207,40,0.016604205915230222
transformer,transformer_add_rho0.05_wd0.1_tiersNone,1002,add,0.05,0.1,final,natural,in,43,0.0031842724263011924,31,0.016604205915230222
transformer,transformer_add_rho0.05_wd0.1_tiersNone,1002,add,0.05,0.1,final,natural,in,44,0.002416012737758401,57,0.016604205915230222
transformer,transformer_add_rho0.05_wd0.1_tiersNone,1002,add,0.05,0.1,final,natural,in,45,0.005448628074708961,20,0.016604205915230222
transformer,transformer_add_rho0.05_wd0.1_tiersNone,1002,add,0.05,0.1,final,natural,in,46,0.0026767354739275166,42,0.016604205915230222
transformer,transformer_add_rho0.05_wd0.1_tiersNone,1002,add,0.05,0.1,final,natural,in,47,0.0019958506124165627,72,0.016604205915230222
transformer,transformer_add_rho0.05_wd0.1_tiersNone,1002,add,0.05,0.1,final,natural,in,48,0.006523708522943114,16,0.016604205915230222
transformer,transformer_add_rho0.05_wd0.1_tiersNone,1002,add,0.05,0.1,final,natural,in,49,0.014131353491641345,11,0.016604205915230222
transformer,transformer_add_rho0.05_wd0.1_tiersNone,1002,add,0.05,0.1,final,natural,in,50,0.06948400478510453,8,0.016604205915230222
transformer,transformer_add_rho0.05_wd0.1_tiersNone,1002,add,0.05,0.1,final,natural,in,51,0.0024104332741250625,58,0.016604205915230222
transformer,transformer_add_rho0.05_wd0.1_tiersNone,1002,add,0.05,0.1,final,natural,in,52,0.013850796281165662,12,0.016604205915230222
transformer,transformer_add_rho0.05_wd0.1_tiersNone,1002,add,0.05,0.1,final,natural,in,53,0.09252857832653591,3,0.016604205915230222
transformer,transformer_add_rho0.05_wd0.1_tiersNone,1002,add,0.05,0.1,final,natural,in,54,0.002480598974018082,54,0.016604205915230222
transformer,transformer_add_rho0.05_wd0.1_tiersNone,1002,add,0.05,0.1,final,natural,in,55,0.0018537222786203056,74,0.016604205915230222
transformer,transformer_add_rho0.05_wd0.1_tiersNone,1002,add,0.05,0.1,final,natural,in,56,0.0022303603089826557,63,0.016604205915230222
transformer,transformer_add_rho0.05_wd0.1_tiersNone,1002,add,0.05,0.1,final,natural,in,57,0.07741314058367985,6,0.016604205915230222
transformer,transformer_add_rho0.05_wd0.1_tiersNone,1002,add,0.05,0.1,final,natural,in,58,0.004674900997226261,22,0.016604205915230222
transformer,transformer_add_rho0.05_wd0.1_tiersNone,1002,add,0.05,0.1,final,natural,in,59,0.002350224796747004,59,0.016604205915230222
transformer,transformer_add_rho0.05_wd0.1_tiersNone,1002,add,0.05,0.1,final,natural,in,60,0.002743520465798343,39,0.016604205915230222
transformer,transformer_add_rho0.05_wd0.1_tiersNone,1002,add,0.05,0.1,final,natural,in,61,0.0030575347590759416,36,0.016604205915230222
transformer,transformer_add_rho0.05_wd0.1_tiersNone,1002,add,0.05,0.1,final,natural,in,62,0.003088000326281286,33,0.016604205915230222
transformer,transformer_add_rho0.05_wd0.1_tiersNone,1002,add,0.05,0.1,final,natural,in,63,0.0025235897212260256,50,0.016604205915230222
transformer,transformer_add_rho0.05_wd0.1_tiersNone,1002,add,0.05,0.1,final,natural,in,64,0.07017780172531257,7,0.016604205915230222
transformer,transformer_add_rho0.05_wd0.1_tiersNone,1002,add,0.05,0.1,final,natural,in,65,0.0030595900952728808,35,0.016604205915230222
transformer,transformer_add_rho0.05_wd0.1_tiersNone,1002,add,0.05,0.1,final,natural,in,66,0.0023488403659484803,60,0.016604205915230222
transformer,transformer_add_rho0.05_wd0.1_tiersNone,1002,add,0.05,0.1,final,natural,in,67,0.004116503542453733,24,0.016604205915230222
transformer,transformer_add_rho0.05_wd0.1_tiersNone,1002,add,0.05,0.1,final,natural,in,68,0.003078177631400312,34,0.016604205915230222
transformer,transformer_add_rho0.05_wd0.1_tiersNone,1002,add,0.05,0.1,final,natural,in,69,0.004893605426166872,21,0.016604205915230222
transformer,transformer_add_rho0.05_wd0.1_tiersNone,1002,add,0.05,0.1,final,natural,in,70,0.002533722330954776,48,0.016604205915230222
transformer,transformer_add_rho0.05_wd0.1_tiersNone,1002,add,0.05,0.1,final,natural,in,71,0.08055875564809425,5,0.016604205915230222
transformer,transformer_add_rho0.05_wd0.1_tiersNone,1002,add,0.05,0.1,final,natural,in,72,0.08755659403021482,4,0.016604205915230222
transformer,transformer_add_rho0.05_wd0.1_tiersNone,1002,add,0.05,0.1,final,natural,in,73,0.00256103083166037,46,0.016604205915230222
transformer,transformer_add_rho0.05_wd0.1_tiersNone,1002,add,0.05,0.1,final,natural,in,74,0.0025306661682146284,49,0.016604205915230222
transformer,transformer_add_rho0.05_wd0.1_tiersNone,1002,add,0.05,0.1,final,natural,out,1,0.006159371142878297,46,0.0016542558196010913
transformer,transformer_add_rho0.05_wd0.1_tiersNone,1002,add,0.05,0.1,final,natural,out,2,0.0051851976474972545,58,0.0016542558196010913
transformer,transformer_add_rho0.05_wd0.1_tiersNone,1002,add,0.05,0.1,final,natural,out,3,0.0064925594391562836,39,0.0016542558196010913
transformer,transformer_add_rho0.05_wd0.1_tiersNone,1002,add,0.05,0.1,final,natural,out,4,0.006210134540354515,44,0.0016542558196010913
transformer,transformer_add_rho0.05_wd0.1_tiersNone,1002,add,0.05,0.1,final,natural,out,5,0.0077782565029970155,26,0.0016542558196010913
transformer,transformer_add_rho0.05_wd0.1_tiersNone,1002,add,0.05,0.1,final,natural,out,6,0.006296702450134197,43,0.0016542558196010913
transformer,transformer_add_rho0.05_wd0.1_tiersNone,1002,add,0.05,0.1,final,natural,out,7,0.007737391709985201,27,0.0016542558196010913
transformer,transformer_add_rho0.05_wd0.1_tiersNone,1002,add,0.05,0.1,final,natural,out,8,0.005522570793041839,50,0.0016542558196010913
transformer,transformer_add_rho0.05_wd0.1_tiersNone,1002,add,0.05,0.1,final,natural,out,9,0.005450069503123269,51,0.0016542558196010913
transformer,transformer_add_rho0.05_wd0.1_tiersNone,1002,add,0.05,0.1,final,natural,out,10,0.012568334836521467,12,0.0016542558196010913
transformer,transformer_add_rho0.05_wd0.1_tiersNone,1002,add,0.05,0.1,final,natural,out,11,0.0052464509042079496,56,0.0016542558196010913
transformer,transformer_add_rho0.05_wd0.1_tiersNone,1002,add,0.05,0.1,final,natural,out,12,0.004846156133041935,65,0.0016542558196010913
transformer,transformer_add_rho0.05_wd0.1_tiersNone,1002,add,0.05,0.1,final,natural,out,13,0.005436124059873537,53,0.0016542558196010913
transformer,transformer_add_rho0.05_wd0.1_tiersNone,1002,add,0.05,0.1,final,natural,out,14,0.007055404128883025,34,0.0016542558196010913
transformer,transformer_add_rho0.05_wd0.1_tiersNone,1002,add,0.05,0.1,final,natural,out,15,0.006054257011401461,47,0.0016542558196010913
transformer,transformer_add_rho0.05_wd0.1_tiersNone,1002,add,0.05,0.1,final,natural,out,16,0.06822087813054609,2,0.0016542558196010913
transformer,transformer_add_rho0.05_wd0.1_tiersNone,1002,add,0.05,0.1,final,natural,out,17,0.005170417093021022,59,0.0016542558196010913
transformer,transformer_add_rho0.05_wd0.1_tiersNone,1002,add,0.05,0.1,final,natural,out,18,0.00659284676556999,38,0.0016542558196010913
transformer,transformer_add_rho0.05_wd0.1_tiersNone,1002,add,0.05,0.1,final,natural,out,19,0.006886585437586275,36,0.0016542558196010913
transformer,transformer_add_rho0.05_wd0.1_tiersNone,1002,add,0.05,0.1,final,natural,out,20,0.005446003299298498,52,0.0016542558196010913
transformer,transformer_add_rho0.05_wd0.1_tiersNone,1002,add,0.05,0.1,final,natural,out,21,0.019832146793424783,10,0.0016542558196010913
transformer,transformer_add_rho0.05_wd0.1_tiersNone,1002,add,0.05,0.1,final,natural,out,22,0.005695148586041966,48,0.0016542558196010913
transformer,transformer_add_rho0.05_wd0.1_tiersNone,1002,add,0.05,0.1,final,natural,out,23,0.004321678929195955,72,0.0016542558196010913
transformer,transformer_add_rho0.05_wd0.1_tiersNone,1002,add,0.05,0.1,final,natural,out,24,0.009651984240557798,17,0.0016542558196010913
transformer,transformer_add_rho0.05_wd0.1_tiersNone,1002,add,0.05,0.1,final,natural,out,25,0.006425547834255982,41,0.0016542558196010913
transformer,transformer_add_rho0.05_wd0.1_tiersNone,1002,add,0.05,0.1,final,natural,out,26,0.07314648390044765,1,0.0016542558196010913
transformer,transformer_add_rho0.05_wd0.1_tiersNone,1002,add,0.05,0.1,final,natural,out,27,0.010225974898516616,16,0.0016542558196010913
transformer,transformer_add_rho0.05_wd0.1_tiersNone,1002,add,0.05,0.1,final,natural,out,28,0.009219390014990999,18,0.0016542558196010913
transformer,transformer_add_rho0.05_wd0.1_tiersNone,1002,add,0.05,0.1,final,natural,out,29,0.050543651513882605,9,0.0016542558196010913
transformer,transformer_add_rho0.05_wd0.1_tiersNone,1002,add,0.05,0.1,final,natural,out,30,0.00429314506184741,73,0.0016542558196010913
transformer,transformer_add_rho0.05_wd0.1_tiersNone,1002,add,0.05,0.1,final,natural,out,31,0.006317274957968294,42,0.0016542558196010913
transformer,transformer_add_rho0.05_wd0.1_tiersNone,1002,add,0.05,0.1,final,natural,out,32,0.008922252480962484,19,0.0016542558196010913
transformer,transformer_add_rho0.05_wd0.1_tiersNone,1002,add,0.05,0.1,final,natural,out,33,0.004646519374505826,68,0.0016542558196010913
transformer,transformer_add_rho0.05_wd0.1_tiersNone,1002,add,0.05,0.1,final,natural,out,34,0.006428614808634484,40,0.0016542558196010913
transformer,transformer_add_rho0.05_wd0.1_tiersNone,1002,add,0.05,0.1,final,natural,out,35,0.0062019701027481965,45,0.0016542558196010913
transformer,transformer_add_rho0.05_wd0.1_tiersNone,1002,add,0.05,0.1,final,natural,out,36,0.004761853715536022,66,0.0016542558196010913
transformer,transformer_add_rho0.05_wd0.1_tiersNone,1002,add,0.05,0.1,final,natural,out,37,0.007530910466350376,30,0.0016542558196010913
transformer,transformer_add_rho0.05_wd0.1_tiersNone,1002,add,0.05,0.1,final,natural,out,38,0.007436367549352149,33,0.0016542558196010913
transformer,transformer_add_rho0.05_wd0.1_tiersNone,1002,add,0.05,0.1,final,natural,out,39,0.0052585154210538065,55,0.0016542558196010913
transformer,transformer_add_rho0.05_wd0.1_tiersNone,1002,add,0.05,0.1,final,natural,out,40,0.005098035337552904,61,0.0016542558196010913
transformer,transformer_add_rho0.05_wd0.1_tiersNone,1002,add,0.05,0.1,final,natural,out,41,0.0069581130968537465,35,0.0016542558196010913
transformer,transformer_add_rho0.05_wd0.1_tiersNone,1002,add,0.05,0.1,final,natural,out,42,0.011638041168241941,13,0.0016542558196010913
transformer,transformer_add_rho0.05_wd0.1_tiersNone,1002,add,0.05,0.1,final,natural,out,43,0.005119286109017466,60,0.0016542558196010913
transformer,transformer_add_rho0.05_wd0.1_tiersNone,1002,add,0.05,0.1,final,natural,out,44,0.004536950862093275,70,0.0016542558196010913
transformer,transformer_add_rho0.05_wd0.1_tiersNone,1002,add,0.05,0.1,final,natural,out,45,0.008722382943278397,20,0.0016542558196010913
transformer,transformer_add_rho0.05_wd0.1_tiersNone,1002,add,0.05,0.1,final,natural,out,46,0.011192316174815083,14,0.0016542558196010913
transformer,transformer_add_rho0.05_wd0.1_tiersNone,1002,add,0.05,0.1,final,natural,out,47,0.004073736498302522,74,0.0016542558196010913
transformer,transformer_add_rho0.05_wd0.1_tiersNone,1002,add,0.05,0.1,final,natural,out,48,0.006851817799728945,37,0.0016542558196010913
transformer,transformer_add_rho0.05_wd0.1_tiersNone,1002,add,0.05,0.1,final,natural,out,49,0.007732872800791257,28,0.0016542558196010913
transformer,transformer_add_rho0.05_wd0.1_tiersNone,1002,add,0.05,0.1,final,natural,out,50,0.05206185325956907,8,0.0016542558196010913
transformer,transformer_add_rho0.05_wd0.1_tiersNone,1002,add,0.05,0.1,final,natural,out,51,0.008511161201805265,22,0.0016542558196010913
transformer,transformer_add_rho0.05_wd0.1_tiersNone,1002,add,0.05,0.1,final,natural,out,52,0.013433208005881242,11,0.0016542558196010913
transformer,transformer_add_rho0.05_wd0.1_tiersNone,1002,add,0.05,0.1,final,natural,out,53,0.05779792986777506,7,0.0016542558196010913
transformer,transformer_add_rho0.05_wd0.1_tiersNone,1002,add,0.05,0.1,final,natural,out,54,0.004973546100782973,64,0.0016542558196010913
transformer,transformer_add_rho0.05_wd0.1_tiersNone,1002,add,0.05,0.1,final,natural,out,55,0.0074781698422112155,31,0.0016542558196010913
transformer,transformer_add_rho0.05_wd0.1_tiersNone,1002,add,0.05,0.1,final,natural,out,56,0.00747124106370341,32,0.0016542558196010913
transformer,transformer_add_rho0.05_wd0.1_tiersNone,1002,add,0.05,0.1,final,natural,out,57,0.06524011810084895,3,0.0016542558196010913
transformer,transformer_add_rho0.05_wd0.1_tiersNone,1002,add,0.05,0.1,final,natural,out,58,0.00469253885128964,67,0.0016542558196010913
transformer,transformer_add_rho0.05_wd0.1_tiersNone,1002,add,0.05,0.1,final,natural,out,59,0.005368505035237495,54,0.0016542558196010913
transformer,transformer_add_rho0.05_wd0.1_tiersNone,1002,add,0.05,0.1,final,natural,out,60,0.0050287519792139804,63,0.0016542558196010913
transformer,transformer_add_rho0.05_wd0.1_tiersNone,1002,add,0.05,0.1,final,natural,out,61,0.008348542406798382,23,0.0016542558196010913
transformer,transformer_add_rho0.05_wd0.1_tiersNone,1002,add,0.05,0.1,final,natural,out,62,0.008219076020495899,24,0.0016542558196010913
transformer,transformer_add_rho0.05_wd0.1_tiersNone,1002,add,0.05,0.1,final,natural,out,63,0.005063682610426572,62,0.0016542558196010913
transformer,transformer_add_rho0.05_wd0.1_tiersNone,1002,add,0.05,0.1,final,natural,out,64,0.058356050514699755,6,0.0016542558196010913
transformer,transformer_add_rho0.05_wd0.1_tiersNone,1002,add,0.05,0.1,final,natural,out,65,0.004475349547532913,71,0.0016542558196010913
transformer,transformer_add_rho0.05_wd0.1_tiersNone,1002,add,0.05,0.1,final,natural,out,66,0.008511999505925433,21,0.0016542558196010913
transformer,transformer_add_rho0.05_wd0.1_tiersNone,1002,add,0.05,0.1,final,natural,out,67,0.005554348312241757,49,0.0016542558196010913
transformer,transformer_add_rho0.05_wd0.1_tiersNone,1002,add,0.05,0.1,final,natural,out,68,0.00459778469306824,69,0.0016542558196010913
transformer,transformer_add_rho0.05_wd0.1_tiersNone,1002,add,0.05,0.1,final,natural,out,69,0.01076746916966627,15,0.0016542558196010913
transformer,transformer_add_rho0.05_wd0.1_tiersNone,1002,add,0.05,0.1,final,natural,out,70,0.00816722836092692,25,0.0016542558196010913
transformer,transformer_add_rho0.05_wd0.1_tiersNone,1002,add,0.05,0.1,final,natural,out,71,0.05929577742149403,5,0.0016542558196010913
transformer,transformer_add_rho0.05_wd0.1_tiersNone,1002,add,0.05,0.1,final,natural,out,72,0.06051341255368023,4,0.0016542558196010913
transformer,transformer_add_rho0.05_wd0.1_tiersNone,1002,add,0.05,0.1,final,natural,out,73,0.007690936687385257,29,0.0016542558196010913
transformer,transformer_add_rho0.05_wd0.1_tiersNone,1002,add,0.05,0.1,final,natural,out,74,0.005242623917271993,57,0.0016542558196010913
transformer,transformer_add_rho0.05_wd0.3_tiersNone,1000,add,0.05,0.3,final,natural,in,1,0.003910868167437464,32,0.016171506029417314
transformer,transformer_add_rho0.05_wd0.3_tiersNone,1000,add,0.05,0.3,final,natural,in,2,0.005723325173342091,17,0.016171506029417314
transformer,transformer_add_rho0.05_wd0.3_tiersNone,1000,add,0.05,0.3,final,natural,in,3,0.0027341452946716043,51,0.016171506029417314
transformer,transformer_add_rho0.05_wd0.3_tiersNone,1000,add,0.05,0.3,final,natural,in,4,0.0051390142526946195,22,0.016171506029417314
transformer,transformer_add_rho0.05_wd0.3_tiersNone,1000,add,0.05,0.3,final,natural,in,5,0.003454979093940885,39,0.016171506029417314
transformer,transformer_add_rho0.05_wd0.3_tiersNone,1000,add,0.05,0.3,final,natural,in,6,0.008008706930337652,14,0.016171506029417314
transformer,transformer_add_rho0.05_wd0.3_tiersNone,1000,add,0.05,0.3,final,natural,in,7,0.003289962638248198,43,0.016171506029417314
transformer,transformer_add_rho0.05_wd0.3_tiersNone,1000,add,0.05,0.3,final,natural,in,8,0.009956334994135072,11,0.016171506029417314
transformer,transformer_add_rho0.05_wd0.3_tiersNone,1000,add,0.05,0.3,final,natural,in,9,0.004040136838882297,31,0.016171506029417314
transformer,transformer_add_rho0.05_wd0.3_tiersNone,1000,add,0.05,0.3,final,natural,in,10,0.002231948156011159,61,0.016171506029417314
transformer,transformer_add_rho0.05_wd0.3_tiersNone,1000,add,0.05,0.3,final,natural,in,11,0.003152240055629929,45,0.016171506029417314
transformer,transformer_add_rho0.05_wd0.3_tiersNone,1000,add,0.05,0.3,final,natural,in,12,0.005202688628048016,20,0.016171506029417314
transformer,transformer_add_rho0.05_wd0.3_tiersNone,1000,add,0.05,0.3,final,natural,in,13,0.0033292750063713197,42,0.016171506029417314
transformer,transformer_add_rho0.05_wd0.3_tiersNone,1000,add,0.05,0.3,final,natural,in,14,0.09012007255791132,5,0.016171506029417314
transformer,transformer_add_rho0.05_wd0.3_tiersNone,1000,add,0.05,0.3,final,natural,in,15,0.002146318290470799,64,0.016171506029417314
transformer,transformer_add_rho0.05_wd0.3_tiersNone,1000,add,0.05,0.3,final,natural,in,16,0.002571255785564968,55,0.016171506029417314
transformer,transformer_add_rho0.05_wd0.3_tiersNone,1000,add,0.05,0.3,final,natural,in,17,0.004532968024896659,25,0.016171506029417314
transformer,transformer_add_rho0.05_wd0.3_tiersNone,1000,add,0.05,0.3,final,natural,in,18,0.002024061730406098,71,0.016171506029417314
transformer,transformer_add_rho0.05_wd0.3_tiersNone,1000,add,0.05,0.3,final,natural,in,19,0.0027020297804983954,53,0.016171506029417314
transformer,transformer_add_rho0.05_wd0.3_tiersNone,1000,add,0.05,0.3,final,natural,in,20,0.0027031558528932452,52,0.016171506029417314
transformer,transformer_add_rho0.05_wd0.3_tiersNone,1000,add,0.05,0.3,final,natural,in,21,0.0038161039644908977,35,0.016171506029417314
transformer,transformer_add_rho0.05_wd0.3_tiersNone,1000,add,0.05,0.3,final,natural,in,22,0.003494792955417527,38,0.016171506029417314
transformer,transformer_add_rho0.05_wd0.3_tiersNone,1000,add,0.05,0.3,final,natural,in,23,0.008053343632696757,13,0.016171506029417314
transformer,transformer_add_rho0.05_wd0.3_tiersNone,1000,add,0.05,0.3,final,natural,in,24,0.00418902377117077,29,0.016171506029417314
transformer,transformer_add_rho0.05_wd0.3_tiersNone,1000,add,0.05,0.3,final,natural,in,25,0.002830010046185596,49,0.016171506029417314
transformer,transformer_add_rho0.05_wd0.3_tiersNone,1000,add,0.05,0.3,final,natural,in,26,0.00388890558114332,33,0.016171506029417314
transformer,transformer_add_rho0.05_wd0.3_tiersNone,1000,add,0.05,0.3,final,natural,in,27,0.002087214609266429,68,0.016171506029417314
transformer,transformer_add_rho0.05_wd0.3_tiersNone,1000,add,0.05,0.3,final,natural,in,28,0.006724729085676519,16,0.016171506029417314
transformer,transformer_add_rho0.05_wd0.3_tiersNone,1000,add,0.05,0.3,final,natural,in,29,0.11084499589757563,3,0.016171506029417314
transformer,transformer_add_rho0.05_wd0.3_tiersNone,1000,add,0.05,0.3,final,natural,in,30,0.001903797883556998,74,0.016171506029417314
transformer,transformer_add_rho0.05_wd0.3_tiersNone,1000,add,0.05,0.3,final,natural,in,31,0.002669565548946661,54,0.016171506029417314
transformer,transformer_add_rho0.05_wd0.3_tiersNone,1000,add,0.05,0.3,final,natural,in,32,0.002420438900183242,56,0.016171506029417314
transformer,transformer_add_rho0.05_wd0.3_tiersNone,1000,add,0.05,0.3,final,natural,in,33,0.0028470383773364447,48,0.016171506029417314
transformer,transformer_add_rho0.05_wd0.3_tiersNone,1000,add,0.05,0.3,final,natural,in,34,0.0019597062237283985,73,0.016171506029417314
transformer,transformer_add_rho0.05_wd0.3_tiersNone,1000,add,0.05,0.3,final,natural,in,35,0.004843651151681523,23,0.016171506029417314
transformer,transformer_add_rho0.05_wd0.3_tiersNone,1000,add,0.05,0.3,final,natural,in,36,0.0022220700827990697,62,0.016171506029417314
transformer,transformer_add_rho0.05_wd0.3_tiersNone,1000,add,0.05,0.3,final,natural,in,37,0.003743400596717519,36,0.016171506029417314
transformer,transformer_add_rho0.05_wd0.3_tiersNone,1000,add,0.05,0.3,final,natural,in,38,0.0021511424177029326,63,0.016171506029417314
transformer,transformer_add_rho0.05_wd0.3_tiersNone,1000,add,0.05,0.3,final,natural,in,39,0.004346158920668686,27,0.016171506029417314
transformer,transformer_add_rho0.05_wd0.3_tiersNone,1000,add,0.05,0.3,final,natural,in,40,0.005171346551731867,21,0.016171506029417314
transformer,transformer_add_rho0.05_wd0.3_tiersNone,1000,add,0.05,0.3,final,natural,in,41,0.0033735421352548566,40,0.016171506029417314
transformer,transformer_add_rho0.05_wd0.3_tiersNone,1000,add,0.05,0.3,final,natural,in,42,0.007848054172652216,15,0.016171506029417314
transformer,transformer_add_rho0.05_wd0.3_tiersNone,1000,add,0.05,0.3,final,natural,in,43,0.002089255448885009,67,0.016171506029417314
transformer,transformer_add_rho0.05_wd0.3_tiersNone,1000,add,0.05,0.3,final,natural,in,44,0.09899778663697141,4,0.016171506029417314
transformer,transformer_add_rho0.05_wd0.3_tiersNone,1000,add,0.05,0.3,final,natural,in,45,0.002351711993612617,58,0.016171506029417314
transformer,transformer_add_rho0.05_wd0.3_tiersNone,1000,add,0.05,0.3,final,natural,in,46,0.06271312180992071,7,0.016171506029417314
transformer,transformer_add_rho0.05_wd0.3_tiersNone,1000,add,0.05,0.3,final,natural,in,47,0.11425014924632468,2,0.016171506029417314
transformer,transformer_add_rho0.05_wd0.3_tiersNone,1000,add,0.05,0.3,final,natural,in,48,0.003228098839186111,44,0.016171506029417314
transformer,transformer_add_rho0.05_wd0.3_tiersNone,1000,add,0.05,0.3,final,natural,in,49,0.12292182411022948,1,0.016171506029417314
transformer,transformer_add_rho0.05_wd0.3_tiersNone,1000,add,0.05,0.3,final,natural,in,50,0.005515761670110213,19,0.016171506029417314
transformer,transformer_add_rho0.05_wd0.3_tiersNone,1000,add,0.05,0.3,final,natural,in,51,0.017402185471589823,9,0.016171506029417314
transformer,transformer_add_rho0.05_wd0.3_tiersNone,1000,add,0.05,0.3,final,natural,in,52,0.004126987844447843,30,0.016171506029417314
transformer,transformer_add_rho0.05_wd0.3_tiersNone,1000,add,0.05,0.3,final,natural,in,53,0.002134979213170868,65,0.016171506029417314
transformer,transformer_add_rho0.05_wd0.3_tiersNone,1000,add,0.05,0.3,final,natural,in,54,0.004380255617653779,26,0.016171506029417314
transformer,transformer_add_rho0.05_wd0.3_tiersNone,1000,add,0.05,0.3,final,natural,in,55,0.045625401847023975,8,0.016171506029417314
transformer,transformer_add_rho0.05_wd0.3_tiersNone,1000,add,0.05,0.3,final,natural,in,56,0.0023902962041805033,57,0.016171506029417314
transformer,transformer_add_rho0.05_wd0.3_tiersNone,1000,add,0.05,0.3,final,natural,in,57,0.003345868375677123,41,0.016171506029417314
transformer,transformer_add_rho0.05_wd0.3_tiersNone,1000,add,0.05,0.3,final,natural,in,58,0.005588555713820705,18,0.016171506029417314
transformer,transformer_add_rho0.05_wd0.3_tiersNone,1000,add,0.05,0.3,final,natural,in,59,0.002825638369981996,50,0.016171506029417314
transformer,transformer_add_rho0.05_wd0.3_tiersNone,1000,add,0.05,0.3,final,natural,in,60,0.002261085129902447,59,0.016171506029417314
transformer,transformer_add_rho0.05_wd0.3_tiersNone,1000,add,0.05,0.3,final,natural,in,61,0.00854840954118928,12,0.016171506029417314
transformer,transformer_add_rho0.05_wd0.3_tiersNone,1000,add,0.05,0.3,final,natural,in,62,0.002260110733623759,60,0.016171506029417314
transformer,transformer_add_rho0.05_wd0.3_tiersNone,1000,add,0.05,0.3,final,natural,in,63,0.08700950190239683,6,0.016171506029417314
transformer,transformer_add_rho0.05_wd0.3_tiersNone,1000,add,0.05,0.3,final,natural,in,64,0.0019616117996512786,72,0.016171506029417314
transformer,transformer_add_rho0.05_wd0.3_tiersNone,1000,add,0.05,0.3,final,natural,in,65,0.003619442421523293,37,0.016171506029417314
transformer,transformer_add_rho0.05_wd0.3_tiersNone,1000,add,0.05,0.3,final,natural,in,66,0.0028882372715643033,46,0.016171506029417314
transformer,transformer_add_rho0.05_wd0.3_tiersNone,1000,add,0.05,0.3,final,natural,in,67,0.002856163353575977,47,0.016171506029417314
transformer,transformer_add_rho0.05_wd0.3_tiersNone,1000,add,0.05,0.3,final,natural,in,68,0.0020285971986025273,69,0.016171506029417314
transformer,transformer_add_rho0.05_wd0.3_tiersNone,1000,add,0.05,0.3,final,natural,in,69,0.01127006016279617,10,0.016171506029417314
transformer,transformer_add_rho0.05_wd0.3_tiersNone,1000,add,0.05,0.3,final,natural,in,70,0.003849727730775977,34,0.016171506029417314
transformer,transformer_add_rho0.05_wd0.3_tiersNone,1000,add,0.05,0.3,final,natural,in,71,0.0020274237138885234,70,0.016171506029417314
transformer,transformer_add_rho0.05_wd0.3_tiersNone,1000,add,0.05,0.3,final,natural,in,72,0.004656646173629555,24,0.016171506029417314
transformer,transformer_add_rho0.05_wd0.3_tiersNone,1000,add,0.05,0.3,final,natural,in,73,0.0021327087067785247,66,0.016171506029417314
transformer,transformer_add_rho0.05_wd0.3_tiersNone,1000,add,0.05,0.3,final,natural,in,74,0.004339875988339161,28,0.016171506029417314
transformer,transformer_add_rho0.05_wd0.3_tiersNone,1000,add,0.05,0.3,final,natural,out,1,0.004410610395801679,48,0.0014806877609069575
transformer,transformer_add_rho0.05_wd0.3_tiersNone,1000,add,0.05,0.3,final,natural,out,2,0.013414465255050231,20,0.0014806877609069575
transformer,transformer_add_rho0.05_wd0.3_tiersNone,1000,add,0.05,0.3,final,natural,out,3,0.014922227520069027,13,0.0014806877609069575
transformer,transformer_add_rho0.05_wd0.3_tiersNone,1000,add,0.05,0.3,final,natural,out,4,0.004419621119709675,47,0.0014806877609069575
transformer,transformer_add_rho0.05_wd0.3_tiersNone,1000,add,0.05,0.3,final,natural,out,5,0.01470475596600593,15,0.0014806877609069575
transformer,transformer_add_rho0.05_wd0.3_tiersNone,1000,add,0.05,0.3,final,natural,out,6,0.004401537095605996,49,0.0014806877609069575
transformer,transformer_add_rho0.05_wd0.3_tiersNone,1000,add,0.05,0.3,final,natural,out,7,0.004150288375854356,56,0.0014806877609069575
transformer,transformer_add_rho0.05_wd0.3_tiersNone,1000,add,0.05,0.3,final,natural,out,8,0.004583105724452171,41,0.0014806877609069575
transformer,transformer_add_rho0.05_wd0.3_tiersNone,1000,add,0.05,0.3,final,natural,out,9,0.0037677521361191165,70,0.0014806877609069575
transformer,transformer_add_rho0.05_wd0.3_tiersNone,1000,add,0.05,0.3,final,natural,out,10,0.004602105039318851,40,0.0014806877609069575
transformer,transformer_add_rho0.05_wd0.3_tiersNone,1000,add,0.05,0.3,final,natural,out,11,0.004421931917515524,46,0.0014806877609069575
transformer,transformer_add_rho0.05_wd0.3_tiersNone,1000,add,0.05,0.3,final,natural,out,12,0.0048010763881257456,38,0.0014806877609069575
transformer,transformer_add_rho0.05_wd0.3_tiersNone,1000,add,0.05,0.3,final,natural,out,13,0.005119582008782424,37,0.0014806877609069575
transformer,transformer_add_rho0.05_wd0.3_tiersNone,1000,add,0.05,0.3,final,natural,out,14,0.05807128201502389,7,0.0014806877609069575
transformer,transformer_add_rho0.05_wd0.3_tiersNone,1000,add,0.05,0.3,final,natural,out,15,0.01308101651502734,21,0.0014806877609069575
transformer,transformer_add_rho0.05_wd0.3_tiersNone,1000,add,0.05,0.3,final,natural,out,16,0.008532688938773072,28,0.0014806877609069575
transformer,transformer_add_rho0.05_wd0.3_tiersNone,1000,add,0.05,0.3,final,natural,out,17,0.004102830082472518,59,0.0014806877609069575
transformer,transformer_add_rho0.05_wd0.3_tiersNone,1000,add,0.05,0.3,final,natural,out,18,0.012305784183299922,23,0.0014806877609069575
transformer,transformer_add_rho0.05_wd0.3_tiersNone,1000,add,0.05,0.3,final,natural,out,19,0.008326702500080514,30,0.0014806877609069575
transformer,transformer_add_rho0.05_wd0.3_tiersNone,1000,add,0.05,0.3,final,natural,out,20,0.016637202244729848,12,0.0014806877609069575
transformer,transformer_add_rho0.05_wd0.3_tiersNone,1000,add,0.05,0.3,final,natural,out,21,0.00373255197159979,71,0.0014806877609069575
transformer,transformer_add_rho0.05_wd0.3_tiersNone,1000,add,0.05,0.3,final,natural,out,22,0.003884424521054886,68,0.0014806877609069575
transformer,transformer_add_rho0.05_wd0.3_tiersNone,1000,add,0.05,0.3,final,natural,out,23,0.005295686987795394,36,0.0014806877609069575
transformer,transformer_add_rho0.05_wd0.3_tiersNone,1000,add,0.05,0.3,final,natural,out,24,0.004379588562105602,50,0.0014806877609069575
transformer,transformer_add_rho0.05_wd0.3_tiersNone,1000,add,0.05,0.3,final,natural,out,25,0.003365109961321449,74,0.0014806877609069575
transformer,transformer_add_rho0.05_wd0.3_tiersNone,1000,add,0.05,0.3,final,natural,out,26,0.004686711482023913,39,0.0014806877609069575
transformer,transformer_add_rho0.05_wd0.3_tiersNone,1000,add,0.05,0.3,final,natural,out,27,0.004168582007496656,55,0.0014806877609069575
transformer,transformer_add_rho0.05_wd0.3_tiersNone,1000,add,0.05,0.3,final,natural,out,28,0.006015480596030466,34,0.0014806877609069575
transformer,transformer_add_rho0.05_wd0.3_tiersNone,1000,add,0.05,0.3,final,natural,out,29,0.06979664251462137,2,0.0014806877609069575
transformer,transformer_add_rho0.05_wd0.3_tiersNone,1000,add,0.05,0.3,final,natural,out,30,0.011828763882446032,25,0.0014806877609069575
transformer,transformer_add_rho0.05_wd0.3_tiersNone,1000,add,0.05,0.3,final,natural,out,31,0.0036185265695637537,73,0.0014806877609069575
transformer,transformer_add_rho0.05_wd0.3_tiersNone,1000,add,0.05,0.3,final,natural,out,32,0.004358148072271043,52,0.0014806877609069575
transformer,transformer_add_rho0.05_wd0.3_tiersNone,1000,add,0.05,0.3,final,natural,out,33,0.014031518999080103,18,0.0014806877609069575
transformer,transformer_add_rho0.05_wd0.3_tiersNone,1000,add,0.05,0.3,final,natural,out,34,0.008489998356006228,29,0.0014806877609069575
transformer,transformer_add_rho0.05_wd0.3_tiersNone,1000,add,0.05,0.3,final,natural,out,35,0.017842946000974323,9,0.0014806877609069575
transformer,transformer_add_rho0.05_wd0.3_tiersNone,1000,add,0.05,0.3,final,natural,out,36,0.0039676296267722655,67,0.0014806877609069575
transformer,transformer_add_rho0.05_wd0.3_tiersNone,1000,add,0.05,0.3,final,natural,out,37,0.012120750948433755,24,0.0014806877609069575
transformer,transformer_add_rho0.05_wd0.3_tiersNone,1000,add,0.05,0.3,final,natural,out,38,0.004567182084704695,42,0.0014806877609069575
transformer,transformer_add_rho0.05_wd0.3_tiersNone,1000,add,0.05,0.3,final,natural,out,39,0.00962531569401346,27,0.0014806877609069575
transformer,transformer_add_rho0.05_wd0.3_tiersNone,1000,add,0.05,0.3,final,natural,out,40,0.003830838876584867,69,0.0014806877609069575
transformer,transformer_add_rho0.05_wd0.3_tiersNone,1000,add,0.05,0.3,final,natural,out,41,0.003987025687379487,66,0.0014806877609069575
transformer,transformer_add_rho0.05_wd0.3_tiersNone,1000,add,0.05,0.3,final,natural,out,42,0.008046635744576255,32,0.0014806877609069575
transformer,transformer_add_rho0.05_wd0.3_tiersNone,1000,add,0.05,0.3,final,natural,out,43,0.009994036869672845,26,0.0014806877609069575
transformer,transformer_add_rho0.05_wd0.3_tiersNone,1000,add,0.05,0.3,final,natural,out,44,0.060418063298212456,5,0.0014806877609069575
transformer,transformer_add_rho0.05_wd0.3_tiersNone,1000,add,0.05,0.3,final,natural,out,45,0.004508365051516165,45,0.0014806877609069575
transformer,transformer_add_rho0.05_wd0.3_tiersNone,1000,add,0.05,0.3,final,natural,out,46,0.06013109381245754,6,0.0014806877609069575
transformer,transformer_add_rho0.05_wd0.3_tiersNone,1000,add,0.05,0.3,final,natural,out,47,0.06415008008627168,4,0.0014806877609069575
transformer,transformer_add_rho0.05_wd0.3_tiersNone,1000,add,0.05,0.3,final,natural,out,48,0.004529568131005784,44,0.0014806877609069575
transformer,transformer_add_rho0.05_wd0.3_tiersNone,1000,add,0.05,0.3,final,natural,out,49,0.06772245071613936,3,0.0014806877609069575
transformer,transformer_add_rho0.05_wd0.3_tiersNone,1000,add,0.05,0.3,final,natural,out,50,0.0043618142386685895,51,0.0014806877609069575
transformer,transformer_add_rho0.05_wd0.3_tiersNone,1000,add,0.05,0.3,final,natural,out,51,0.012566076597374765,22,0.0014806877609069575
transformer,transformer_add_rho0.05_wd0.3_tiersNone,1000,add,0.05,0.3,final,natural,out,52,0.004074209302587267,61,0.0014806877609069575
transformer,transformer_add_rho0.05_wd0.3_tiersNone,1000,add,0.05,0.3,final,natural,out,53,0.017528868490596358,10,0.0014806877609069575
transformer,transformer_add_rho0.05_wd0.3_tiersNone,1000,add,0.05,0.3,final,natural,out,54,0.004052230554543221,63,0.0014806877609069575
transformer,transformer_add_rho0.05_wd0.3_tiersNone,1000,add,0.05,0.3,final,natural,out,55,0.054454708079622285,8,0.0014806877609069575
transformer,transformer_add_rho0.05_wd0.3_tiersNone,1000,add,0.05,0.3,final,natural,out,56,0.014180005144252621,16,0.0014806877609069575
transformer,transformer_add_rho0.05_wd0.3_tiersNone,1000,add,0.05,0.3,final,natural,out,57,0.00824574992465693,31,0.0014806877609069575
transformer,transformer_add_rho0.05_wd0.3_tiersNone,1000,add,0.05,0.3,final,natural,out,58,0.014855651696043238,14,0.0014806877609069575
transformer,transformer_add_rho0.05_wd0.3_tiersNone,1000,add,0.05,0.3,final,natural,out,59,0.004065472112873231,62,0.0014806877609069575
transformer,transformer_add_rho0.05_wd0.3_tiersNone,1000,add,0.05,0.3,final,natural,out,60,0.003644235365569456,72,0.0014806877609069575
transformer,transformer_add_rho0.05_wd0.3_tiersNone,1000,add,0.05,0.3,final,natural,out,61,0.013747290801773405,19,0.0014806877609069575
transformer,transformer_add_rho0.05_wd0.3_tiersNone,1000,add,0.05,0.3,final,natural,out,62,0.004134564727102585,57,0.0014806877609069575
transformer,transformer_add_rho0.05_wd0.3_tiersNone,1000,add,0.05,0.3,final,natural,out,63,0.07395294356321705,1,0.0014806877609069575
transformer,transformer_add_rho0.05_wd0.3_tiersNone,1000,add,0.05,0.3,final,natural,out,64,0.004025491071776194,65,0.0014806877609069575
transformer,transformer_add_rho0.05_wd0.3_tiersNone,1000,add,0.05,0.3,final,natural,out,65,0.004330660801258269,53,0.0014806877609069575
transformer,transformer_add_rho0.05_wd0.3_tiersNone,1000,add,0.05,0.3,final,natural,out,66,0.004107403024772819,58,0.0014806877609069575
transformer,transformer_add_rho0.05_wd0.3_tiersNone,1000,add,0.05,0.3,final,natural,out,67,0.004077973166343407,60,0.0014806877609069575
transformer,transformer_add_rho0.05_wd0.3_tiersNone,1000,add,0.05,0.3,final,natural,out,68,0.004547503165236869,43,0.0014806877609069575
transformer,transformer_add_rho0.05_wd0.3_tiersNone,1000,add,0.05,0.3,final,natural,out,69,0.005703939942047996,35,0.0014806877609069575
transformer,transformer_add_rho0.05_wd0.3_tiersNone,1000,add,0.05,0.3,final,natural,out,70,0.004042097899537235,64,0.0014806877609069575
transformer,transformer_add_rho0.05_wd0.3_tiersNone,1000,add,0.05,0.3,final,natural,out,71,0.014137313915007532,17,0.0014806877609069575
transformer,transformer_add_rho0.05_wd0.3_tiersNone,1000,add,0.05,0.3,final,natural,out,72,0.007717853992204916,33,0.0014806877609069575
transformer,transformer_add_rho0.05_wd0.3_tiersNone,1000,add,0.05,0.3,final,natural,out,73,0.017293329277895262,11,0.0014806877609069575
transformer,transformer_add_rho0.05_wd0.3_tiersNone,1000,add,0.05,0.3,final,natural,out,74,0.004282330611088882,54,0.0014806877609069575
transformer,transformer_add_rho0.05_wd0.3_tiersNone,1001,add,0.05,0.3,final,natural,in,1,0.003274280984861921,27,0.014917180368111597
transformer,transformer_add_rho0.05_wd0.3_tiersNone,1001,add,0.05,0.3,final,natural,in,2,0.003510174345885849,25,0.014917180368111597
transformer,transformer_add_rho0.05_wd0.3_tiersNone,1001,add,0.05,0.3,final,natural,in,3,0.06467877798466425,8,0.014917180368111597
transformer,transformer_add_rho0.05_wd0.3_tiersNone,1001,add,0.05,0.3,final,natural,in,4,0.0027674691993107565,37,0.014917180368111597
transformer,transformer_add_rho0.05_wd0.3_tiersNone,1001,add,0.05,0.3,final,natural,in,5,0.004273124536138333,18,0.014917180368111597
transformer,transformer_add_rho0.05_wd0.3_tiersNone,1001,add,0.05,0.3,final,natural,in,6,0.00419139707676919,20,0.014917180368111597
transformer,transformer_add_rho0.05_wd0.3_tiersNone,1001,add,0.05,0.3,final,natural,in,7,0.0020334089744678137,61,0.014917180368111597
transformer,transformer_add_rho0.05_wd0.3_tiersNone,1001,add,0.05,0.3,final,natural,in,8,0.0018446927336830963,72,0.014917180368111597
transformer,transformer_add_rho0.05_wd0.3_tiersNone,1001,add,0.05,0.3,final,natural,in,9,0.11195014260370208,2,0.014917180368111597
transformer,transformer_add_rho0.05_wd0.3_tiersNone,1001,add,0.05,0.3,final,natural,in,10,0.0018624337744093129,71,0.014917180368111597
transformer,transformer_add_rho0.05_wd0.3_tiersNone,1001,add,0.05,0.3,final,natural,in,11,0.002043017139553169,59,0.014917180368111597
transformer,transformer_add_rho0.05_wd0.3_tiersNone,1001,add,0.05,0.3,final,natural,in,12,0.0032176735746996584,30,0.014917180368111597
transformer,transformer_add_rho0.05_wd0.3_tiersNone,1001,add,0.05,0.3,final,natural,in,13,0.0018271302753714916,73,0.014917180368111597
transformer,transformer_add_rho0.05_wd0.3_tiersNone,1001,add,0.05,0.3,final,natural,in,14,0.08417398527814977,6,0.014917180368111597
transformer,transformer_add_rho0.05_wd0.3_tiersNone,1001,add,0.05,0.3,final,natural,in,15,0.07320249849505163,7,0.014917180368111597
transformer,transformer_add_rho0.05_wd0.3_tiersNone,1001,add,0.05,0.3,final,natural,in,16,0.002206803237611543,52,0.014917180368111597
transformer,transformer_add_rho0.05_wd0.3_tiersNone,1001,add,0.05,0.3,final,natural,in,17,0.0021718024147055885,56,0.014917180368111597
transformer,transformer_add_rho0.05_wd0.3_tiersNone,1001,add,0.05,0.3,final,natural,in,18,0.007506418518960857,15,0.014917180368111597
transformer,transformer_add_rho0.05_wd0.3_tiersNone,1001,add,0.05,0.3,final,natural,in,19,0.0020210355923759565,63,0.014917180368111597
transformer,transformer_add_rho0.05_wd0.3_tiersNone,1001,add,0.05,0.3,final,natural,in,20,0.002298293941528203,49,0.014917180368111597
transformer,transformer_add_rho0.05_wd0.3_tiersNone,1001,add,0.05,0.3,final,natural,in,21,0.0026587270419667548,42,0.014917180368111597
transformer,transformer_add_rho0.05_wd0.3_tiersNone,1001,add,0.05,0.3,final,natural,in,22,0.0023920726555335444,47,0.014917180368111597
transformer,transformer_add_rho0.05_wd0.3_tiersNone,1001,add,0.05,0.3,final,natural,in,23,0.0022612478144390007,50,0.014917180368111597
transformer,transformer_add_rho0.05_wd0.3_tiersNone,1001,add,0.05,0.3,final,natural,in,24,0.0020303996528940865,62,0.014917180368111597
transformer,transformer_add_rho0.05_wd0.3_tiersNone,1001,add,0.05,0.3,final,natural,in,25,0.002378702209724693,48,0.014917180368111597
transformer,transformer_add_rho0.05_wd0.3_tiersNone,1001,add,0.05,0.3,final,natural,in,26,0.002660819605274325,41,0.014917180368111597
transformer,transformer_add_rho0.05_wd0.3_tiersNone,1001,add,0.05,0.3,final,natural,in,27,0.0028578435257265444,32,0.014917180368111597
transformer,transformer_add_rho0.05_wd0.3_tiersNone,1001,add,0.05,0.3,final,natural,in,28,0.0270333666944426,10,0.014917180368111597
transformer,transformer_add_rho0.05_wd0.3_tiersNone,1001,add,0.05,0.3,final,natural,in,29,0.009461435820620834,12,0.014917180368111597
transformer,transformer_add_rho0.05_wd0.3_tiersNone,1001,add,0.05,0.3,final,natural,in,30,0.08643075704267802,4,0.014917180368111597
transformer,transformer_add_rho0.05_wd0.3_tiersNone,1001,add,0.05,0.3,final,natural,in,31,0.01263055927240656,11,0.014917180368111597
transformer,transformer_add_rho0.05_wd0.3_tiersNone,1001,add,0.05,0.3,final,natural,in,32,0.0846966278961797,5,0.014917180368111597
transformer,transformer_add_rho0.05_wd0.3_tiersNone,1001,add,0.05,0.3,final,natural,in,33,0.05369681577893661,9,0.014917180368111597
transformer,transformer_add_rho0.05_wd0.3_tiersNone,1001,add,0.05,0.3,final,natural,in,34,0.0027688912419837055,36,0.014917180368111597
transformer,transformer_add_rho0.05_wd0.3_tiersNone,1001,add,0.05,0.3,final,natural,in,35,0.0021912220955615995,54,0.014917180368111597
transformer,transformer_add_rho0.05_wd0.3_tiersNone,1001,add,0.05,0.3,final,natural,in,36,0.0037640809248106455,24,0.014917180368111597
transformer,transformer_add_rho0.05_wd0.3_tiersNone,1001,add,0.05,0.3,final,natural,in,37,0.003942265357072628,21,0.014917180368111597
transformer,transformer_add_rho0.05_wd0.3_tiersNone,1001,add,0.05,0.3,final,natural,in,38,0.0019379955740947896,67,0.014917180368111597
transformer,transformer_add_rho0.05_wd0.3_tiersNone,1001,add,0.05,0.3,final,natural,in,39,0.002183270851232344,55,0.014917180368111597
transformer,transformer_add_rho0.05_wd0.3_tiersNone,1001,add,0.05,0.3,final,natural,in,40,0.09656842399951363,3,0.014917180368111597
transformer,transformer_add_rho0.05_wd0.3_tiersNone,1001,add,0.05,0.3,final,natural,in,41,0.002510452178099039,45,0.014917180368111597
transformer,transformer_add_rho0.05_wd0.3_tiersNone,1001,add,0.05,0.3,final,natural,in,42,0.0025644784541102856,44,0.014917180368111597
transformer,transformer_add_rho0.05_wd0.3_tiersNone,1001,add,0.05,0.3,final,natural,in,43,0.0021595205457691025,57,0.014917180368111597
transformer,transformer_add_rho0.05_wd0.3_tiersNone,1001,add,0.05,0.3,final,natural,in,44,0.0019386648410630695,66,0.014917180368111597
transformer,transformer_add_rho0.05_wd0.3_tiersNone,1001,add,0.05,0.3,final,natural,in,45,0.0025078374027468235,46,0.014917180368111597
transformer,transformer_add_rho0.05_wd0.3_tiersNone,1001,add,0.05,0.3,final,natural,in,46,0.0034447615197681224,26,0.014917180368111597
transformer,transformer_add_rho0.05_wd0.3_tiersNone,1001,add,0.05,0.3,final,natural,in,47,0.0018682321411359287,70,0.014917180368111597
transformer,transformer_add_rho0.05_wd0.3_tiersNone,1001,add,0.05,0.3,final,natural,in,48,0.002784107634816859,35,0.014917180368111597
transformer,transformer_add_rho0.05_wd0.3_tiersNone,1001,add,0.05,0.3,final,natural,in,49,0.004694466087009333,17,0.014917180368111597
transformer,transformer_add_rho0.05_wd0.3_tiersNone,1001,add,0.05,0.3,final,natural,in,50,0.0038389208023063195,22,0.014917180368111597
transformer,transformer_add_rho0.05_wd0.3_tiersNone,1001,add,0.05,0.3,final,natural,in,51,0.003256055234566898,28,0.014917180368111597
transformer,transformer_add_rho0.05_wd0.3_tiersNone,1001,add,0.05,0.3,final,natural,in,52,0.0021966788304655814,53,0.014917180368111597
transformer,transformer_add_rho0.05_wd0.3_tiersNone,1001,add,0.05,0.3,final,natural,in,53,0.002959029491815569,31,0.014917180368111597
transformer,transformer_add_rho0.05_wd0.3_tiersNone,1001,add,0.05,0.3,final,natural,in,54,0.0038301960739853627,23,0.014917180368111597
transformer,transformer_add_rho0.05_wd0.3_tiersNone,1001,add,0.05,0.3,final,natural,in,55,0.002813079228862694,33,0.014917180368111597
transformer,transformer_add_rho0.05_wd0.3_tiersNone,1001,add,0.05,0.3,final,natural,in,56,0.0026783083750530085,40,0.014917180368111597
transformer,transformer_add_rho0.05_wd0.3_tiersNone,1001,add,0.05,0.3,final,natural,in,57,0.0025983654865127204,43,0.014917180368111597
transformer,transformer_add_rho0.05_wd0.3_tiersNone,1001,add,0.05,0.3,final,natural,in,58,0.0020072183715599667,64,0.014917180368111597
transformer,transformer_add_rho0.05_wd0.3_tiersNone,1001,add,0.05,0.3,final,natural,in,59,0.1119693821610738,1,0.014917180368111597
transformer,transformer_add_rho0.05_wd0.3_tiersNone,1001,add,0.05,0.3,final,natural,in,60,0.008498480883549129,13,0.014917180368111597
transformer,transformer_add_rho0.05_wd0.3_tiersNone,1001,add,0.05,0.3,final,natural,in,61,0.0019313171411459008,68,0.014917180368111597
transformer,transformer_add_rho0.05_wd0.3_tiersNone,1001,add,0.05,0.3,final,natural,in,62,0.0019550407318261664,65,0.014917180368111597
transformer,transformer_add_rho0.05_wd0.3_tiersNone,1001,add,0.05,0.3,final,natural,in,63,0.003230820358486862,29,0.014917180368111597
transformer,transformer_add_rho0.05_wd0.3_tiersNone,1001,add,0.05,0.3,final,natural,in,64,0.007898656697912095,14,0.014917180368111597
transformer,transformer_add_rho0.05_wd0.3_tiersNone,1001,add,0.05,0.3,final,natural,in,65,0.0028006162573268973,34,0.014917180368111597
transformer,transformer_add_rho0.05_wd0.3_tiersNone,1001,add,0.05,0.3,final,natural,in,66,0.004252138871934647,19,0.014917180368111597
transformer,transformer_add_rho0.05_wd0.3_tiersNone,1001,add,0.05,0.3,final,natural,in,67,0.002728943557544948,38,0.014917180368111597
transformer,transformer_add_rho0.05_wd0.3_tiersNone,1001,add,0.05,0.3,final,natural,in,68,0.0019298397938326069,69,0.014917180368111597
transformer,transformer_add_rho0.05_wd0.3_tiersNone,1001,add,0.05,0.3,final,natural,in,69,0.005653682356454451,16,0.014917180368111597
transformer,transformer_add_rho0.05_wd0.3_tiersNone,1001,add,0.05,0.3,final,natural,in,70,0.002224352382716176,51,0.014917180368111597
transformer,transformer_add_rho0.05_wd0.3_tiersNone,1001,add,0.05,0.3,final,natural,in,71,0.0027079974103850213,39,0.014917180368111597
transformer,transformer_add_rho0.05_wd0.3_tiersNone,1001,add,0.05,0.3,final,natural,in,72,0.0020398192104185806,60,0.014917180368111597
transformer,transformer_add_rho0.05_wd0.3_tiersNone,1001,add,0.05,0.3,final,natural,in,73,0.0021031272136206856,58,0.014917180368111597
transformer,transformer_add_rho0.05_wd0.3_tiersNone,1001,add,0.05,0.3,final,natural,in,74,0.0018253265351323641,74,0.014917180368111597
transformer,transformer_add_rho0.05_wd0.3_tiersNone,1001,add,0.05,0.3,final,natural,out,1,0.005333663218910037,44,0.0009646090764496006
transformer,transformer_add_rho0.05_wd0.3_tiersNone,1001,add,0.05,0.3,final,natural,out,2,0.00643435592830595,37,0.0009646090764496006
transformer,transformer_add_rho0.05_wd0.3_tiersNone,1001,add,0.05,0.3,final,natural,out,3,0.055476333592226354,7,0.0009646090764496006
transformer,transformer_add_rho0.05_wd0.3_tiersNone,1001,add,0.05,0.3,final,natural,out,4,0.0038268231289879627,68,0.0009646090764496006
transformer,transformer_add_rho0.05_wd0.3_tiersNone,1001,add,0.05,0.3,final,natural,out,5,0.01063905430259366,17,0.0009646090764496006
transformer,transformer_add_rho0.05_wd0.3_tiersNone,1001,add,0.05,0.3,final,natural,out,6,0.012666705511335781,16,0.0009646090764496006
transformer,transformer_add_rho0.05_wd0.3_tiersNone,1001,add,0.05,0.3,final,natural,out,7,0.004293638224899745,58,0.0009646090764496006
transformer,transformer_add_rho0.05_wd0.3_tiersNone,1001,add,0.05,0.3,final,natural,out,8,0.005433640357244862,42,0.0009646090764496006
transformer,transformer_add_rho0.05_wd0.3_tiersNone,1001,add,0.05,0.3,final,natural,out,9,0.06223908643164417,5,0.0009646090764496006
transformer,transformer_add_rho0.05_wd0.3_tiersNone,1001,add,0.05,0.3,final,natural,out,10,0.006568502809937668,35,0.0009646090764496006
transformer,transformer_add_rho0.05_wd0.3_tiersNone,1001,add,0.05,0.3,final,natural,out,11,0.004337945491948708,57,0.0009646090764496006
transformer,transformer_add_rho0.05_wd0.3_tiersNone,1001,add,0.05,0.3,final,natural,out,12,0.005464591536026656,41,0.0009646090764496006
transformer,transformer_add_rho0.05_wd0.3_tiersNone,1001,add,0.05,0.3,final,natural,out,13,0.0039845418961075955,63,0.0009646090764496006
transformer,transformer_add_rho0.05_wd0.3_tiersNone,1001,add,0.05,0.3,final,natural,out,14,0.06623112438054202,2,0.0009646090764496006
transformer,transformer_add_rho0.05_wd0.3_tiersNone,1001,add,0.05,0.3,final,natural,out,15,0.04961411230844632,8,0.0009646090764496006
transformer,transformer_add_rho0.05_wd0.3_tiersNone,1001,add,0.05,0.3,final,natural,out,16,0.00572524651879574,39,0.0009646090764496006
transformer,transformer_add_rho0.05_wd0.3_tiersNone,1001,add,0.05,0.3,final,natural,out,17,0.005206810102645564,46,0.0009646090764496006
transformer,transformer_add_rho0.05_wd0.3_tiersNone,1001,add,0.05,0.3,final,natural,out,18,0.009933760368496795,22,0.0009646090764496006
transformer,transformer_add_rho0.05_wd0.3_tiersNone,1001,add,0.05,0.3,final,natural,out,19,0.010338801211664396,18,0.0009646090764496006
transformer,transformer_add_rho0.05_wd0.3_tiersNone,1001,add,0.05,0.3,final,natural,out,20,0.003891154393225763,67,0.0009646090764496006
transformer,transformer_add_rho0.05_wd0.3_tiersNone,1001,add,0.05,0.3,final,natural,out,21,0.008561624281261311,29,0.0009646090764496006
transformer,transformer_add_rho0.05_wd0.3_tiersNone,1001,add,0.05,0.3,final,natural,out,22,0.00399000873679057,62,0.0009646090764496006
transformer,transformer_add_rho0.05_wd0.3_tiersNone,1001,add,0.05,0.3,final,natural,out,23,0.013506937748054585,14,0.0009646090764496006
transformer,transformer_add_rho0.05_wd0.3_tiersNone,1001,add,0.05,0.3,final,natural,out,24,0.00999352401486215,21,0.0009646090764496006
transformer,transformer_add_rho0.05_wd0.3_tiersNone,1001,add,0.05,0.3,final,natural,out,25,0.007216770226757537,32,0.0009646090764496006
transformer,transformer_add_rho0.05_wd0.3_tiersNone,1001,add,0.05,0.3,final,natural,out,26,0.006088896207147008,38,0.0009646090764496006
transformer,transformer_add_rho0.05_wd0.3_tiersNone,1001,add,0.05,0.3,final,natural,out,27,0.00861569638899323,28,0.0009646090764496006
transformer,transformer_add_rho0.05_wd0.3_tiersNone,1001,add,0.05,0.3,final,natural,out,28,0.010203864624855119,20,0.0009646090764496006
transformer,transformer_add_rho0.05_wd0.3_tiersNone,1001,add,0.05,0.3,final,natural,out,29,0.015874393760879554,13,0.0009646090764496006
transformer,transformer_add_rho0.05_wd0.3_tiersNone,1001,add,0.05,0.3,final,natural,out,30,0.0648381844261628,3,0.0009646090764496006
transformer,transformer_add_rho0.05_wd0.3_tiersNone,1001,add,0.05,0.3,final,natural,out,31,0.020770284413736323,11,0.0009646090764496006
transformer,transformer_add_rho0.05_wd0.3_tiersNone,1001,add,0.05,0.3,final,natural,out,32,0.06722658922110236,1,0.0009646090764496006
transformer,transformer_add_rho0.05_wd0.3_tiersNone,1001,add,0.05,0.3,final,natural,out,33,0.0467222083894334,9,0.0009646090764496006
transformer,transformer_add_rho0.05_wd0.3_tiersNone,1001,add,0.05,0.3,final,natural,out,34,0.003610989835458136,73,0.0009646090764496006
transformer,transformer_add_rho0.05_wd0.3_tiersNone,1001,add,0.05,0.3,final,natural,out,35,0.004393401954338326,54,0.0009646090764496006
transformer,transformer_add_rho0.05_wd0.3_tiersNone,1001,add,0.05,0.3,final,natural,out,36,0.003893290022744815,66,0.0009646090764496006
transformer,transformer_add_rho0.05_wd0.3_tiersNone,1001,add,0.05,0.3,final,natural,out,37,0.004658282316490183,52,0.0009646090764496006
transformer,transformer_add_rho0.05_wd0.3_tiersNone,1001,add,0.05,0.3,final,natural,out,38,0.004072003759739381,60,0.0009646090764496006
transformer,transformer_add_rho0.05_wd0.3_tiersNone,1001,add,0.05,0.3,final,natural,out,39,0.010206132130976762,19,0.0009646090764496006
transformer,transformer_add_rho0.05_wd0.3_tiersNone,1001,add,0.05,0.3,final,natural,out,40,0.059610238826294605,6,0.0009646090764496006
transformer,transformer_add_rho0.05_wd0.3_tiersNone,1001,add,0.05,0.3,final,natural,out,41,0.007478769265474273,31,0.0009646090764496006
transformer,transformer_add_rho0.05_wd0.3_tiersNone,1001,add,0.05,0.3,final,natural,out,42,0.004380137637804311,56,0.0009646090764496006
transformer,transformer_add_rho0.05_wd0.3_tiersNone,1001,add,0.05,0.3,final,natural,out,43,0.0043847946835635365,55,0.0009646090764496006
transformer,transformer_add_rho0.05_wd0.3_tiersNone,1001,add,0.05,0.3,final,natural,out,44,0.00987333648686318,24,0.0009646090764496006
transformer,transformer_add_rho0.05_wd0.3_tiersNone,1001,add,0.05,0.3,final,natural,out,45,0.008834122421845055,27,0.0009646090764496006
transformer,transformer_add_rho0.05_wd0.3_tiersNone,1001,add,0.05,0.3,final,natural,out,46,0.005097297987530048,47,0.0009646090764496006
transformer,transformer_add_rho0.05_wd0.3_tiersNone,1001,add,0.05,0.3,final,natural,out,47,0.0050087795202653565,49,0.0009646090764496006
transformer,transformer_add_rho0.05_wd0.3_tiersNone,1001,add,0.05,0.3,final,natural,out,48,0.0036497064171957493,72,0.0009646090764496006
transformer,transformer_add_rho0.05_wd0.3_tiersNone,1001,add,0.05,0.3,final,natural,out,49,0.009158861925908994,26,0.0009646090764496006
transformer,transformer_add_rho0.05_wd0.3_tiersNone,1001,add,0.05,0.3,final,natural,out,50,0.021194818143394578,10,0.0009646090764496006
transformer,transformer_add_rho0.05_wd0.3_tiersNone,1001,add,0.05,0.3,final,natural,out,51,0.003537552891168219,74,0.0009646090764496006
transformer,transformer_add_rho0.05_wd0.3_tiersNone,1001,add,0.05,0.3,final,natural,out,52,0.0044416099478430966,53,0.0009646090764496006
transformer,transformer_add_rho0.05_wd0.3_tiersNone,1001,add,0.05,0.3,final,natural,out,53,0.004212545710733125,59,0.0009646090764496006
transformer,transformer_add_rho0.05_wd0.3_tiersNone,1001,add,0.05,0.3,final,natural,out,54,0.00707176708913467,33,0.0009646090764496006
transformer,transformer_add_rho0.05_wd0.3_tiersNone,1001,add,0.05,0.3,final,natural,out,55,0.00483127730411049,50,0.0009646090764496006
transformer,transformer_add_rho0.05_wd0.3_tiersNone,1001,add,0.05,0.3,final,natural,out,56,0.005586016622379722,40,0.0009646090764496006
transformer,transformer_add_rho0.05_wd0.3_tiersNone,1001,add,0.05,0.3,final,natural,out,57,0.003798312405805641,69,0.0009646090764496006
transformer,transformer_add_rho0.05_wd0.3_tiersNone,1001,add,0.05,0.3,final,natural,out,58,0.008478326936412938,30,0.0009646090764496006
transformer,transformer_add_rho0.05_wd0.3_tiersNone,1001,add,0.05,0.3,final,natural,out,59,0.06295212095275043,4,0.0009646090764496006
transformer,transformer_add_rho0.05_wd0.3_tiersNone,1001,add,0.05,0.3,final,natural,out,60,0.012792335797980453,15,0.0009646090764496006
transformer,transformer_add_rho0.05_wd0.3_tiersNone,1001,add,0.05,0.3,final,natural,out,61,0.0036997122983116093,71,0.0009646090764496006
transformer,transformer_add_rho0.05_wd0.3_tiersNone,1001,add,0.05,0.3,final,natural,out,62,0.006998407839235206,34,0.0009646090764496006
transformer,transformer_add_rho0.05_wd0.3_tiersNone,1001,add,0.05,0.3,final,natural,out,63,0.0038940158684697,65,0.0009646090764496006
transformer,transformer_add_rho0.05_wd0.3_tiersNone,1001,add,0.05,0.3,final,natural,out,64,0.005382932724765265,43,0.0009646090764496006
transformer,transformer_add_rho0.05_wd0.3_tiersNone,1001,add,0.05,0.3,final,natural,out,65,0.004071408359355786,61,0.0009646090764496006
transformer,transformer_add_rho0.05_wd0.3_tiersNone,1001,add,0.05,0.3,final,natural,out,66,0.003981952577415212,64,0.0009646090764496006
transformer,transformer_add_rho0.05_wd0.3_tiersNone,1001,add,0.05,0.3,final,natural,out,67,0.004728335606779068,51,0.0009646090764496006
transformer,transformer_add_rho0.05_wd0.3_tiersNone,1001,add,0.05,0.3,final,natural,out,68,0.018858170156074515,12,0.0009646090764496006
transformer,transformer_add_rho0.05_wd0.3_tiersNone,1001,add,0.05,0.3,final,natural,out,69,0.005019813064462422,48,0.0009646090764496006
transformer,transformer_add_rho0.05_wd0.3_tiersNone,1001,add,0.05,0.3,final,natural,out,70,0.006560678700530098,36,0.0009646090764496006
transformer,transformer_add_rho0.05_wd0.3_tiersNone,1001,add,0.05,0.3,final,natural,out,71,0.0037656474675882663,70,0.0009646090764496006
transformer,transformer_add_rho0.05_wd0.3_tiersNone,1001,add,0.05,0.3,final,natural,out,72,0.005211019224809539,45,0.0009646090764496006
transformer,transformer_add_rho0.05_wd0.3_tiersNone,1001,add,0.05,0.3,final,natural,out,73,0.009908332566654923,23,0.0009646090764496006
transformer,transformer_add_rho0.05_wd0.3_tiersNone,1001,add,0.05,0.3,final,natural,out,74,0.009463870397320509,25,0.0009646090764496006
transformer,transformer_add_rho0.05_wd0.3_tiersNone,1002,add,0.05,0.3,final,natural,in,1,0.002768954531141323,34,0.012962072591635643
transformer,transformer_add_rho0.05_wd0.3_tiersNone,1002,add,0.05,0.3,final,natural,in,2,0.002549915799201774,41,0.012962072591635643
transformer,transformer_add_rho0.05_wd0.3_tiersNone,1002,add,0.05,0.3,final,natural,in,3,0.0018988529379454014,71,0.012962072591635643
transformer,transformer_add_rho0.05_wd0.3_tiersNone,1002,add,0.05,0.3,final,natural,in,4,0.00269991412761604,35,0.012962072591635643
transformer,transformer_add_rho0.05_wd0.3_tiersNone,1002,add,0.05,0.3,final,natural,in,5,0.011410529897523823,13,0.012962072591635643
transformer,transformer_add_rho0.05_wd0.3_tiersNone,1002,add,0.05,0.3,final,natural,in,6,0.0021919189712046433,58,0.012962072591635643
transformer,transformer_add_rho0.05_wd0.3_tiersNone,1002,add,0.05,0.3,final,natural,in,7,0.00516268486053691,19,0.012962072591635643
transformer,transformer_add_rho0.05_wd0.3_tiersNone,1002,add,0.05,0.3,final,natural,in,8,0.0016495220941049132,74,0.012962072591635643
transformer,transformer_add_rho0.05_wd0.3_tiersNone,1002,add,0.05,0.3,final,natural,in,9,0.0026878249231925425,36,0.012962072591635643
transformer,transformer_add_rho0.05_wd0.3_tiersNone,1002,add,0.05,0.3,final,natural,in,10,0.003472180326958244,25,0.012962072591635643
transformer,transformer_add_rho0.05_wd0.3_tiersNone,1002,add,0.05,0.3,final,natural,in,11,0.0021154831931237588,62,0.012962072591635643
transformer,transformer_add_rho0.05_wd0.3_tiersNone,1002,add,0.05,0.3,final,natural,in,12,0.0030099788085568477,27,0.012962072591635643
transformer,transformer_add_rho0.05_wd0.3_tiersNone,1002,add,0.05,0.3,final,natural,in,13,0.001868691574162702,72,0.012962072591635643
transformer,transformer_add_rho0.05_wd0.3_tiersNone,1002,add,0.05,0.3,final,natural,in,14,0.005201061543642645,18,0.012962072591635643
transformer,transformer_add_rho0.05_wd0.3_tiersNone,1002,add,0.05,0.3,final,natural,in,15,0.0019857454501285682,69,0.012962072591635643
transformer,transformer_add_rho0.05_wd0.3_tiersNone,1002,add,0.05,0.3,final,natural,in,16,0.10431352796527317,1,0.012962072591635643
transformer,transformer_add_rho0.05_wd0.3_tiersNone,1002,add,0.05,0.3,final,natural,in,17,0.0027811320916684653,33,0.012962072591635643
transformer,transformer_add_rho0.05_wd0.3_tiersNone,1002,add,0.05,0.3,final,natural,in,18,0.0022187812244483167,57,0.012962072591635643
transformer,transformer_add_rho0.05_wd0.3_tiersNone,1002,add,0.05,0.3,final,natural,in,19,0.002448110515508392,46,0.012962072591635643
transformer,transformer_add_rho0.05_wd0.3_tiersNone,1002,add,0.05,0.3,final,natural,in,20,0.002610588413447185,37,0.012962072591635643
transformer,transformer_add_rho0.05_wd0.3_tiersNone,1002,add,0.05,0.3,final,natural,in,21,0.017900386920716292,10,0.012962072591635643
transformer,transformer_add_rho0.05_wd0.3_tiersNone,1002,add,0.05,0.3,final,natural,in,22,0.0024401732114827813,49,0.012962072591635643
transformer,transformer_add_rho0.05_wd0.3_tiersNone,1002,add,0.05,0.3,final,natural,in,23,0.0035238534684909734,24,0.012962072591635643
transformer,transformer_add_rho0.05_wd0.3_tiersNone,1002,add,0.05,0.3,final,natural,in,24,0.002121496354632133,61,0.012962072591635643
transformer,transformer_add_rho0.05_wd0.3_tiersNone,1002,add,0.05,0.3,final,natural,in,25,0.0023435160089017395,52,0.012962072591635643
transformer,transformer_add_rho0.05_wd0.3_tiersNone,1002,add,0.05,0.3,final,natural,in,26,0.10287826614343801,2,0.012962072591635643
transformer,transformer_add_rho0.05_wd0.3_tiersNone,1002,add,0.05,0.3,final,natural,in,27,0.0023174565209744128,53,0.012962072591635643
transformer,transformer_add_rho0.05_wd0.3_tiersNone,1002,add,0.05,0.3,final,natural,in,28,0.010637271486463973,14,0.012962072591635643
transformer,transformer_add_rho0.05_wd0.3_tiersNone,1002,add,0.05,0.3,final,natural,in,29,0.05764695801422192,9,0.012962072591635643
transformer,transformer_add_rho0.05_wd0.3_tiersNone,1002,add,0.05,0.3,final,natural,in,30,0.0021733388649821496,59,0.012962072591635643
transformer,transformer_add_rho0.05_wd0.3_tiersNone,1002,add,0.05,0.3,final,natural,in,31,0.0022735010239605027,56,0.012962072591635643
transformer,transformer_add_rho0.05_wd0.3_tiersNone,1002,add,0.05,0.3,final,natural,in,32,0.006556863622708192,15,0.012962072591635643
transformer,transformer_add_rho0.05_wd0.3_tiersNone,1002,add,0.05,0.3,final,natural,in,33,0.0024841888094175282,44,0.012962072591635643
transformer,transformer_add_rho0.05_wd0.3_tiersNone,1002,add,0.05,0.3,final,natural,in,34,0.002444955257189407,47,0.012962072591635643
transformer,transformer_add_rho0.05_wd0.3_tiersNone,1002,add,0.05,0.3,final,natural,in,35,0.0053885255050563075,17,0.012962072591635643
transformer,transformer_add_rho0.05_wd0.3_tiersNone,1002,add,0.05,0.3,final,natural,in,36,0.0020620656337527314,66,0.012962072591635643
transformer,transformer_add_rho0.05_wd0.3_tiersNone,1002,add,0.05,0.3,final,natural,in,37,0.002097523521587139,63,0.012962072591635643
transformer,transformer_add_rho0.05_wd0.3_tiersNone,1002,add,0.05,0.3,final,natural,in,38,0.002928402566154897,30,0.012962072591635643
transformer,transformer_add_rho0.05_wd0.3_tiersNone,1002,add,0.05,0.3,final,natural,in,39,0.003004791328013739,28,0.012962072591635643
transformer,transformer_add_rho0.05_wd0.3_tiersNone,1002,add,0.05,0.3,final,natural,in,40,0.0024967597987222315,43,0.012962072591635643
transformer,transformer_add_rho0.05_wd0.3_tiersNone,1002,add,0.05,0.3,final,natural,in,41,0.00214952331237301,60,0.012962072591635643
transformer,transformer_add_rho0.05_wd0.3_tiersNone,1002,add,0.05,0.3,final,natural,in,42,0.002583812074641167,38,0.012962072591635643
transformer,transformer_add_rho0.05_wd0.3_tiersNone,1002,add,0.05,0.3,final,natural,in,43,0.002483076315475323,45,0.012962072591635643
transformer,transformer_add_rho0.05_wd0.3_tiersNone,1002,add,0.05,0.3,final,natural,in,44,0.0024408321873111496,48,0.012962072591635643
transformer,transformer_add_rho0.05_wd0.3_tiersNone,1002,add,0.05,0.3,final,natural,in,45,0.005426591817242754,16,0.012962072591635643
transformer,transformer_add_rho0.05_wd0.3_tiersNone,1002,add,0.05,0.3,final,natural,in,46,0.0025025906817366765,42,0.012962072591635643
transformer,transformer_add_rho0.05_wd0.3_tiersNone,1002,add,0.05,0.3,final,natural,in,47,0.0020786009640622375,64,0.012962072591635643
transformer,transformer_add_rho0.05_wd0.3_tiersNone,1002,add,0.05,0.3,final,natural,in,48,0.00495537999223663,20,0.012962072591635643
transformer,transformer_add_rho0.05_wd0.3_tiersNone,1002,add,0.05,0.3,final,natural,in,49,0.011851995531792727,12,0.012962072591635643
transformer,transformer_add_rho0.05_wd0.3_tiersNone,1002,add,0.05,0.3,final,natural,in,50,0.07715184827661346,7,0.012962072591635643
transformer,transformer_add_rho0.05_wd0.3_tiersNone,1002,add,0.05,0.3,final,natural,in,51,0.0020723446594191493,65,0.012962072591635643
transformer,transformer_add_rho0.05_wd0.3_tiersNone,1002,add,0.05,0.3,final,natural,in,52,0.012812451791241995,11,0.012962072591635643
transformer,transformer_add_rho0.05_wd0.3_tiersNone,1002,add,0.05,0.3,final,natural,in,53,0.09241891371203899,3,0.012962072591635643
transformer,transformer_add_rho0.05_wd0.3_tiersNone,1002,add,0.05,0.3,final,natural,in,54,0.002282052517151992,55,0.012962072591635643
transformer,transformer_add_rho0.05_wd0.3_tiersNone,1002,add,0.05,0.3,final,natural,in,55,0.0019401972539566578,70,0.012962072591635643
transformer,transformer_add_rho0.05_wd0.3_tiersNone,1002,add,0.05,0.3,final,natural,in,56,0.0022902184416654517,54,0.012962072591635643
transformer,transformer_add_rho0.05_wd0.3_tiersNone,1002,add,0.05,0.3,final,natural,in,57,0.07975932702163203,6,0.012962072591635643
transformer,transformer_add_rho0.05_wd0.3_tiersNone,1002,add,0.05,0.3,final,natural,in,58,0.0044121239552260315,21,0.012962072591635643
transformer,transformer_add_rho0.05_wd0.3_tiersNone,1002,add,0.05,0.3,final,natural,in,59,0.0025507753629309803,40,0.012962072591635643
transformer,transformer_add_rho0.05_wd0.3_tiersNone,1002,add,0.05,0.3,final,natural,in,60,0.0029524155434513077,29,0.012962072591635643
transformer,transformer_add_rho0.05_wd0.3_tiersNone,1002,add,0.05,0.3,final,natural,in,61,0.00318593726402611,26,0.012962072591635643
transformer,transformer_add_rho0.05_wd0.3_tiersNone,1002,add,0.05,0.3,final,natural,in,62,0.002553521745671991,39,0.012962072591635643
transformer,transformer_add_rho0.05_wd0.3_tiersNone,1002,add,0.05,0.3,final,natural,in,63,0.0020021703072995393,68,0.012962072591635643
transformer,transformer_add_rho0.05_wd0.3_tiersNone,1002,add,0.05,0.3,final,natural,in,64,0.07399445813108115,8,0.012962072591635643
transformer,transformer_add_rho0.05_wd0.3_tiersNone,1002,add,0.05,0.3,final,natural,in,65,0.0028768463203759716,32,0.012962072591635643
transformer,transformer_add_rho0.05_wd0.3_tiersNone,1002,add,0.05,0.3,final,natural,in,66,0.0020493444768137476,67,0.012962072591635643
transformer,transformer_add_rho0.05_wd0.3_tiersNone,1002,add,0.05,0.3,final,natural,in,67,0.00368184483948269,22,0.012962072591635643
transformer,transformer_add_rho0.05_wd0.3_tiersNone,1002,add,0.05,0.3,final,natural,in,68,0.0028800742892895644,31,0.012962072591635643
transformer,transformer_add_rho0.05_wd0.3_tiersNone,1002,add,0.05,0.3,final,natural,in,69,0.0035379874343502487,23,0.012962072591635643
transformer,transformer_add_rho0.05_wd0.3_tiersNone,1002,add,0.05,0.3,final,natural,in,70,0.0017993822082952012,73,0.012962072591635643
transformer,transformer_add_rho0.05_wd0.3_tiersNone,1002,add,0.05,0.3,final,natural,in,71,0.0888823873676287,5,0.012962072591635643
transformer,transformer_add_rho0.05_wd0.3_tiersNone,1002,add,0.05,0.3,final,natural,in,72,0.08996153167541072,4,0.012962072591635643
transformer,transformer_add_rho0.05_wd0.3_tiersNone,1002,add,0.05,0.3,final,natural,in,73,0.002353350256337263,51,0.012962072591635643
transformer,transformer_add_rho0.05_wd0.3_tiersNone,1002,add,0.05,0.3,final,natural,in,74,0.002360398961484577,50,0.012962072591635643
transformer,transformer_add_rho0.05_wd0.3_tiersNone,1002,add,0.05,0.3,final,natural,out,1,0.007480023426401835,38,0.0012124711068034935
transformer,transformer_add_rho0.05_wd0.3_tiersNone,1002,add,0.05,0.3,final,natural,out,2,0.004407337905380576,58,0.0012124711068034935
transformer,transformer_add_rho0.05_wd0.3_tiersNone,1002,add,0.05,0.3,final,natural,out,3,0.007387498337104673,40,0.0012124711068034935
transformer,transformer_add_rho0.05_wd0.3_tiersNone,1002,add,0.05,0.3,final,natural,out,4,0.006733947559714192,43,0.0012124711068034935
transformer,transformer_add_rho0.05_wd0.3_tiersNone,1002,add,0.05,0.3,final,natural,out,5,0.006433390870314816,46,0.0012124711068034935
transformer,transformer_add_rho0.05_wd0.3_tiersNone,1002,add,0.05,0.3,final,natural,out,6,0.007600646406644239,37,0.0012124711068034935
transformer,transformer_add_rho0.05_wd0.3_tiersNone,1002,add,0.05,0.3,final,natural,out,7,0.010175707158596678,23,0.0012124711068034935
transformer,transformer_add_rho0.05_wd0.3_tiersNone,1002,add,0.05,0.3,final,natural,out,8,0.005240504436629297,53,0.0012124711068034935
transformer,transformer_add_rho0.05_wd0.3_tiersNone,1002,add,0.05,0.3,final,natural,out,9,0.004590743299921017,57,0.0012124711068034935
transformer,transformer_add_rho0.05_wd0.3_tiersNone,1002,add,0.05,0.3,final,natural,out,10,0.01509746170488793,11,0.0012124711068034935
transformer,transformer_add_rho0.05_wd0.3_tiersNone,1002,add,0.05,0.3,final,natural,out,11,0.005230529733382453,54,0.0012124711068034935
transformer,transformer_add_rho0.05_wd0.3_tiersNone,1002,add,0.05,0.3,final,natural,out,12,0.004366233164758357,60,0.0012124711068034935
transformer,transformer_add_rho0.05_wd0.3_tiersNone,1002,add,0.05,0.3,final,natural,out,13,0.005853195268190585,49,0.0012124711068034935
transformer,transformer_add_rho0.05_wd0.3_tiersNone,1002,add,0.05,0.3,final,natural,out,14,0.009071637056983077,29,0.0012124711068034935
transformer,transformer_add_rho0.05_wd0.3_tiersNone,1002,add,0.05,0.3,final,natural,out,15,0.006326830307906522,47,0.0012124711068034935
transformer,transformer_add_rho0.05_wd0.3_tiersNone,1002,add,0.05,0.3,final,natural,out,16,0.06043751797945413,3,0.0012124711068034935
transformer,transformer_add_rho0.05_wd0.3_tiersNone,1002,add,0.05,0.3,final,natural,out,17,0.00427879030786202,62,0.0012124711068034935
transformer,transformer_add_rho0.05_wd0.3_tiersNone,1002,add,0.05,0.3,final,natural,out,18,0.008201373926709957,34,0.0012124711068034935
transformer,transformer_add_rho0.05_wd0.3_tiersNone,1002,add,0.05,0.3,final,natural,out,19,0.006969419958589904,42,0.0012124711068034935
transformer,transformer_add_rho0.05_wd0.3_tiersNone,1002,add,0.05,0.3,final,natural,out,20,0.005765931709558348,50,0.0012124711068034935
transformer,transformer_add_rho0.05_wd0.3_tiersNone,1002,add,0.05,0.3,final,natural,out,21,0.014393367981625547,13,0.0012124711068034935
transformer,transformer_add_rho0.05_wd0.3_tiersNone,1002,add,0.05,0.3,final,natural,out,22,0.006499126388408134,45,0.0012124711068034935
transformer,transformer_add_rho0.05_wd0.3_tiersNone,1002,add,0.05,0.3,final,natural,out,23,0.0037672685144113007,71,0.0012124711068034935
transformer,transformer_add_rho0.05_wd0.3_tiersNone,1002,add,0.05,0.3,final,natural,out,24,0.013421690466180155,15,0.0012124711068034935
transformer,transformer_add_rho0.05_wd0.3_tiersNone,1002,add,0.05,0.3,final,natural,out,25,0.008575501983537948,31,0.0012124711068034935
transformer,transformer_add_rho0.05_wd0.3_tiersNone,1002,add,0.05,0.3,final,natural,out,26,0.06742705611415999,1,0.0012124711068034935
transformer,transformer_add_rho0.05_wd0.3_tiersNone,1002,add,0.05,0.3,final,natural,out,27,0.012193704799725386,17,0.0012124711068034935
transformer,transformer_add_rho0.05_wd0.3_tiersNone,1002,add,0.05,0.3,final,natural,out,28,0.010922094261856408,20,0.0012124711068034935
transformer,transformer_add_rho0.05_wd0.3_tiersNone,1002,add,0.05,0.3,final,natural,out,29,0.05208190340304802,7,0.0012124711068034935
transformer,transformer_add_rho0.05_wd0.3_tiersNone,1002,add,0.05,0.3,final,natural,out,30,0.0034787841241888284,74,0.0012124711068034935
transformer,transformer_add_rho0.05_wd0.3_tiersNone,1002,add,0.05,0.3,final,natural,out,31,0.0066204725279906135,44,0.0012124711068034935
transformer,transformer_add_rho0.05_wd0.3_tiersNone,1002,add,0.05,0.3,final,natural,out,32,0.01012635171481036,24,0.0012124711068034935
transformer,transformer_add_rho0.05_wd0.3_tiersNone,1002,add,0.05,0.3,final,natural,out,33,0.004043751469518515,66,0.0012124711068034935
transformer,transformer_add_rho0.05_wd0.3_tiersNone,1002,add,0.05,0.3,final,natural,out,34,0.007996916722164113,35,0.0012124711068034935
transformer,transformer_add_rho0.05_wd0.3_tiersNone,1002,add,0.05,0.3,final,natural,out,35,0.005569382070400983,52,0.0012124711068034935
transformer,transformer_add_rho0.05_wd0.3_tiersNone,1002,add,0.05,0.3,final,natural,out,36,0.0042480182273820725,64,0.0012124711068034935
transformer,transformer_add_rho0.05_wd0.3_tiersNone,1002,add,0.05,0.3,final,natural,out,37,0.008376369346292363,33,0.0012124711068034935
transformer,transformer_add_rho0.05_wd0.3_tiersNone,1002,add,0.05,0.3,final,natural,out,38,0.007782166200833944,36,0.0012124711068034935
transformer,transformer_add_rho0.05_wd0.3_tiersNone,1002,add,0.05,0.3,final,natural,out,39,0.00626819151320734,48,0.0012124711068034935
transformer,transformer_add_rho0.05_wd0.3_tiersNone,1002,add,0.05,0.3,final,natural,out,40,0.004377560627188557,59,0.0012124711068034935
transformer,transformer_add_rho0.05_wd0.3_tiersNone,1002,add,0.05,0.3,final,natural,out,41,0.008389877842230454,32,0.0012124711068034935
transformer,transformer_add_rho0.05_wd0.3_tiersNone,1002,add,0.05,0.3,final,natural,out,42,0.0132760330570367,16,0.0012124711068034935
transformer,transformer_add_rho0.05_wd0.3_tiersNone,1002,add,0.05,0.3,final,natural,out,43,0.004906640360742679,56,0.0012124711068034935
transformer,transformer_add_rho0.05_wd0.3_tiersNone,1002,add,0.05,0.3,final,natural,out,44,0.0038552430461518006,70,0.0012124711068034935
transformer,transformer_add_rho0.05_wd0.3_tiersNone,1002,add,0.05,0.3,final,natural,out,45,0.009846560389528566,27,0.0012124711068034935
transformer,transformer_add_rho0.05_wd0.3_tiersNone,1002,add,0.05,0.3,final,natural,out,46,0.014604054759798184,12,0.0012124711068034935
transformer,transformer_add_rho0.05_wd0.3_tiersNone,1002,add,0.05,0.3,final,natural,out,47,0.0034955593699157873,73,0.0012124711068034935
transformer,transformer_add_rho0.05_wd0.3_tiersNone,1002,add,0.05,0.3,final,natural,out,48,0.007135114533362673,41,0.0012124711068034935
transformer,transformer_add_rho0.05_wd0.3_tiersNone,1002,add,0.05,0.3,final,natural,out,49,0.007448138825640053,39,0.0012124711068034935
transformer,transformer_add_rho0.05_wd0.3_tiersNone,1002,add,0.05,0.3,final,natural,out,50,0.0489667439622799,9,0.0012124711068034935
transformer,transformer_add_rho0.05_wd0.3_tiersNone,1002,add,0.05,0.3,final,natural,out,51,0.009264928869706339,28,0.0012124711068034935
transformer,transformer_add_rho0.05_wd0.3_tiersNone,1002,add,0.05,0.3,final,natural,out,52,0.01651377953656131,10,0.0012124711068034935
transformer,transformer_add_rho0.05_wd0.3_tiersNone,1002,add,0.05,0.3,final,natural,out,53,0.049546916461893055,8,0.0012124711068034935
transformer,transformer_add_rho0.05_wd0.3_tiersNone,1002,add,0.05,0.3,final,natural,out,54,0.003987201725386707,69,0.0012124711068034935
transformer,transformer_add_rho0.05_wd0.3_tiersNone,1002,add,0.05,0.3,final,natural,out,55,0.010561947545955155,21,0.0012124711068034935
transformer,transformer_add_rho0.05_wd0.3_tiersNone,1002,add,0.05,0.3,final,natural,out,56,0.008773205934752637,30,0.0012124711068034935
transformer,transformer_add_rho0.05_wd0.3_tiersNone,1002,add,0.05,0.3,final,natural,out,57,0.06285575235048695,2,0.0012124711068034935
transformer,transformer_add_rho0.05_wd0.3_tiersNone,1002,add,0.05,0.3,final,natural,out,58,0.00409113029450905,65,0.0012124711068034935
transformer,transformer_add_rho0.05_wd0.3_tiersNone,1002,add,0.05,0.3,final,natural,out,59,0.005583783253627859,51,0.0012124711068034935
transformer,transformer_add_rho0.05_wd0.3_tiersNone,1002,add,0.05,0.3,final,natural,out,60,0.004265427558351386,63,0.0012124711068034935
transformer,transformer_add_rho0.05_wd0.3_tiersNone,1002,add,0.05,0.3,final,natural,out,61,0.010110945536047272,25,0.0012124711068034935
transformer,transformer_add_rho0.05_wd0.3_tiersNone,1002,add,0.05,0.3,final,natural,out,62,0.011168478509607373,19,0.0012124711068034935
transformer,transformer_add_rho0.05_wd0.3_tiersNone,1002,add,0.05,0.3,final,natural,out,63,0.004349931147845689,61,0.0012124711068034935
transformer,transformer_add_rho0.05_wd0.3_tiersNone,1002,add,0.05,0.3,final,natural,out,64,0.054939258175745076,5,0.0012124711068034935
transformer,transformer_add_rho0.05_wd0.3_tiersNone,1002,add,0.05,0.3,final,natural,out,65,0.003742135333261867,72,0.0012124711068034935
transformer,transformer_add_rho0.05_wd0.3_tiersNone,1002,add,0.05,0.3,final,natural,out,66,0.012022569562397847,18,0.0012124711068034935
transformer,transformer_add_rho0.05_wd0.3_tiersNone,1002,add,0.05,0.3,final,natural,out,67,0.005179223811914725,55,0.0012124711068034935
transformer,transformer_add_rho0.05_wd0.3_tiersNone,1002,add,0.05,0.3,final,natural,out,68,0.00400243986306684,67,0.0012124711068034935
transformer,transformer_add_rho0.05_wd0.3_tiersNone,1002,add,0.05,0.3,final,natural,out,69,0.01349980432165027,14,0.0012124711068034935
transformer,transformer_add_rho0.05_wd0.3_tiersNone,1002,add,0.05,0.3,final,natural,out,70,0.010055536635828172,26,0.0012124711068034935
transformer,transformer_add_rho0.05_wd0.3_tiersNone,1002,add,0.05,0.3,final,natural,out,71,0.05227694040090716,6,0.0012124711068034935
transformer,transformer_add_rho0.05_wd0.3_tiersNone,1002,add,0.05,0.3,final,natural,out,72,0.057095747159412444,4,0.0012124711068034935
transformer,transformer_add_rho0.05_wd0.3_tiersNone,1002,add,0.05,0.3,final,natural,out,73,0.01037141888890244,22,0.0012124711068034935
transformer,transformer_add_rho0.05_wd0.3_tiersNone,1002,add,0.05,0.3,final,natural,out,74,0.003999131999574455,68,0.0012124711068034935
transformer,transformer_add_rho0_wd0.1_tiersNone,1000,add,0.0,0.1,final,natural,in,1,0.05594928165006938,6,0.007942622754376247
transformer,transformer_add_rho0_wd0.1_tiersNone,1000,add,0.0,0.1,final,natural,in,2,0.003912434689905069,22,0.007942622754376247
transformer,transformer_add_rho0_wd0.1_tiersNone,1000,add,0.0,0.1,final,natural,in,3,0.005303971562938708,18,0.007942622754376247
transformer,transformer_add_rho0_wd0.1_tiersNone,1000,add,0.0,0.1,final,natural,in,4,0.0028609842366771215,38,0.007942622754376247
transformer,transformer_add_rho0_wd0.1_tiersNone,1000,add,0.0,0.1,final,natural,in,5,0.10551675170064828,5,0.007942622754376247
transformer,transformer_add_rho0_wd0.1_tiersNone,1000,add,0.0,0.1,final,natural,in,6,0.0023116837744652998,56,0.007942622754376247
transformer,transformer_add_rho0_wd0.1_tiersNone,1000,add,0.0,0.1,final,natural,in,7,0.0022104396976586316,61,0.007942622754376247
transformer,transformer_add_rho0_wd0.1_tiersNone,1000,add,0.0,0.1,final,natural,in,8,0.002890063357585974,36,0.007942622754376247
transformer,transformer_add_rho0_wd0.1_tiersNone,1000,add,0.0,0.1,final,natural,in,9,0.00299873270653478,35,0.007942622754376247
transformer,transformer_add_rho0_wd0.1_tiersNone,1000,add,0.0,0.1,final,natural,in,10,0.019021689385568148,11,0.007942622754376247
transformer,transformer_add_rho0_wd0.1_tiersNone,1000,add,0.0,0.1,final,natural,in,11,0.0020568813935318724,69,0.007942622754376247
transformer,transformer_add_rho0_wd0.1_tiersNone,1000,add,0.0,0.1,final,natural,in,12,0.003847488094998911,25,0.007942622754376247
transformer,transformer_add_rho0_wd0.1_tiersNone,1000,add,0.0,0.1,final,natural,in,13,0.0028724936538966376,37,0.007942622754376247
transformer,transformer_add_rho0_wd0.1_tiersNone,1000,add,0.0,0.1,final,natural,in,14,0.006410151604583866,13,0.007942622754376247
transformer,transformer_add_rho0_wd0.1_tiersNone,1000,add,0.0,0.1,final,natural,in,15,0.00535843418186864,17,0.007942622754376247
transformer,transformer_add_rho0_wd0.1_tiersNone,1000,add,0.0,0.1,final,natural,in,16,0.00226706673377424,58,0.007942622754376247
transformer,transformer_add_rho0_wd0.1_tiersNone,1000,add,0.0,0.1,final,natural,in,17,0.0022273288309930003,59,0.007942622754376247
transformer,transformer_add_rho0_wd0.1_tiersNone,1000,add,0.0,0.1,final,natural,in,18,0.002165010475024931,62,0.007942622754376247
transformer,transformer_add_rho0_wd0.1_tiersNone,1000,add,0.0,0.1,final,natural,in,19,0.0023204675922958375,54,0.007942622754376247
transformer,transformer_add_rho0_wd0.1_tiersNone,1000,add,0.0,0.1,final,natural,in,20,0.002775682585629445,40,0.007942622754376247
transformer,transformer_add_rho0_wd0.1_tiersNone,1000,add,0.0,0.1,final,natural,in,21,0.0026676272498443693,45,0.007942622754376247
transformer,transformer_add_rho0_wd0.1_tiersNone,1000,add,0.0,0.1,final,natural,in,22,0.12244396022340814,3,0.007942622754376247
transformer,transformer_add_rho0_wd0.1_tiersNone,1000,add,0.0,0.1,final,natural,in,23,0.003122212987028892,34,0.007942622754376247
transformer,transformer_add_rho0_wd0.1_tiersNone,1000,add,0.0,0.1,final,natural,in,24,0.0026873664678547966,44,0.007942622754376247
transformer,transformer_add_rho0_wd0.1_tiersNone,1000,add,0.0,0.1,final,natural,in,25,0.0021488925946199023,65,0.007942622754376247
transformer,transformer_add_rho0_wd0.1_tiersNone,1000,add,0.0,0.1,final,natural,in,26,0.11924553856706908,4,0.007942622754376247
transformer,transformer_add_rho0_wd0.1_tiersNone,1000,add,0.0,0.1,final,natural,in,27,0.002700299820181471,41,0.007942622754376247
transformer,transformer_add_rho0_wd0.1_tiersNone,1000,add,0.0,0.1,final,natural,in,28,0.0021089194506313867,67,0.007942622754376247
transformer,transformer_add_rho0_wd0.1_tiersNone,1000,add,0.0,0.1,final,natural,in,29,0.13249026419983415,1,0.007942622754376247
transformer,transformer_add_rho0_wd0.1_tiersNone,1000,add,0.0,0.1,final,natural,in,30,0.0038947824119664304,23,0.007942622754376247
transformer,transformer_add_rho0_wd0.1_tiersNone,1000,add,0.0,0.1,final,natural,in,31,0.003343915392243626,28,0.007942622754376247
transformer,transformer_add_rho0_wd0.1_tiersNone,1000,add,0.0,0.1,final,natural,in,32,0.002533068155513665,48,0.007942622754376247
transformer,transformer_add_rho0_wd0.1_tiersNone,1000,add,0.0,0.1,final,natural,in,33,0.002162516315885594,63,0.007942622754376247
transformer,transformer_add_rho0_wd0.1_tiersNone,1000,add,0.0,0.1,final,natural,in,34,0.00346672819610242,27,0.007942622754376247
transformer,transformer_add_rho0_wd0.1_tiersNone,1000,add,0.0,0.1,final,natural,in,35,0.1265224090177553,2,0.007942622754376247
transformer,transformer_add_rho0_wd0.1_tiersNone,1000,add,0.0,0.1,final,natural,in,36,0.005598954415580294,16,0.007942622754376247
transformer,transformer_add_rho0_wd0.1_tiersNone,1000,add,0.0,0.1,final,natural,in,37,0.0023154748403858283,55,0.007942622754376247
transformer,transformer_add_rho0_wd0.1_tiersNone,1000,add,0.0,0.1,final,natural,in,38,0.002824633821985283,39,0.007942622754376247
transformer,transformer_add_rho0_wd0.1_tiersNone,1000,add,0.0,0.1,final,natural,in,39,0.00386772463269184,24,0.007942622754376247
transformer,transformer_add_rho0_wd0.1_tiersNone,1000,add,0.0,0.1,final,natural,in,40,0.0022106151360058238,60,0.007942622754376247
transformer,transformer_add_rho0_wd0.1_tiersNone,1000,add,0.0,0.1,final,natural,in,41,0.0026902779207880236,43,0.007942622754376247
transformer,transformer_add_rho0_wd0.1_tiersNone,1000,add,0.0,0.1,final,natural,in,42,0.001983037793902782,70,0.007942622754376247
transformer,transformer_add_rho0_wd0.1_tiersNone,1000,add,0.0,0.1,final,natural,in,43,0.0019530539278606713,71,0.007942622754376247
transformer,transformer_add_rho0_wd0.1_tiersNone,1000,add,0.0,0.1,final,natural,in,44,0.0398623344195364,7,0.007942622754376247
transformer,transformer_add_rho0_wd0.1_tiersNone,1000,add,0.0,0.1,final,natural,in,45,0.005190316264743633,19,0.007942622754376247
transformer,transformer_add_rho0_wd0.1_tiersNone,1000,add,0.0,0.1,final,natural,in,46,0.0018841339154597504,72,0.007942622754376247
transformer,transformer_add_rho0_wd0.1_tiersNone,1000,add,0.0,0.1,final,natural,in,47,0.0024496093641799437,50,0.007942622754376247
transformer,transformer_add_rho0_wd0.1_tiersNone,1000,add,0.0,0.1,final,natural,in,48,0.004752428366739736,20,0.007942622754376247
transformer,transformer_add_rho0_wd0.1_tiersNone,1000,add,0.0,0.1,final,natural,in,49,0.002404866459782435,52,0.007942622754376247
transformer,transformer_add_rho0_wd0.1_tiersNone,1000,add,0.0,0.1,final,natural,in,50,0.0032180099819617307,32,0.007942622754376247
transformer,transformer_add_rho0_wd0.1_tiersNone,1000,add,0.0,0.1,final,natural,in,51,0.002275811243125738,57,0.007942622754376247
transformer,transformer_add_rho0_wd0.1_tiersNone,1000,add,0.0,0.1,final,natural,in,52,0.032299949179527714,8,0.007942622754376247
transformer,transformer_add_rho0_wd0.1_tiersNone,1000,add,0.0,0.1,final,natural,in,53,0.00328502122011917,31,0.007942622754376247
transformer,transformer_add_rho0_wd0.1_tiersNone,1000,add,0.0,0.1,final,natural,in,54,0.0021083668276113882,68,0.007942622754376247
transformer,transformer_add_rho0_wd0.1_tiersNone,1000,add,0.0,0.1,final,natural,in,55,0.004376334156050378,21,0.007942622754376247
transformer,transformer_add_rho0_wd0.1_tiersNone,1000,add,0.0,0.1,final,natural,in,56,0.0026949703281906054,42,0.007942622754376247
transformer,transformer_add_rho0_wd0.1_tiersNone,1000,add,0.0,0.1,final,natural,in,57,0.006596582319139001,12,0.007942622754376247
transformer,transformer_add_rho0_wd0.1_tiersNone,1000,add,0.0,0.1,final,natural,in,58,0.028309843232518568,9,0.007942622754376247
transformer,transformer_add_rho0_wd0.1_tiersNone,1000,add,0.0,0.1,final,natural,in,59,0.002555378659060198,47,0.007942622754376247
transformer,transformer_add_rho0_wd0.1_tiersNone,1000,add,0.0,0.1,final,natural,in,60,0.0018685444667177855,73,0.007942622754376247
transformer,transformer_add_rho0_wd0.1_tiersNone,1000,add,0.0,0.1,final,natural,in,61,0.0024018937712378995,53,0.007942622754376247
transformer,transformer_add_rho0_wd0.1_tiersNone,1000,add,0.0,0.1,final,natural,in,62,0.00630141678560282,14,0.007942622754376247
transformer,transformer_add_rho0_wd0.1_tiersNone,1000,add,0.0,0.1,final,natural,in,63,0.002118886830968371,66,0.007942622754376247
transformer,transformer_add_rho0_wd0.1_tiersNone,1000,add,0.0,0.1,final,natural,in,64,0.002642647907990168,46,0.007942622754376247
transformer,transformer_add_rho0_wd0.1_tiersNone,1000,add,0.0,0.1,final,natural,in,65,0.002472922172369151,49,0.007942622754376247
transformer,transformer_add_rho0_wd0.1_tiersNone,1000,add,0.0,0.1,final,natural,in,66,0.0032909913488038986,30,0.007942622754376247
transformer,transformer_add_rho0_wd0.1_tiersNone,1000,add,0.0,0.1,final,natural,in,67,0.0021551781170268086,64,0.007942622754376247
transformer,transformer_add_rho0_wd0.1_tiersNone,1000,add,0.0,0.1,final,natural,in,68,0.0032095076504389045,33,0.007942622754376247
transformer,transformer_add_rho0_wd0.1_tiersNone,1000,add,0.0,0.1,final,natural,in,69,0.003306170931224631,29,0.007942622754376247
transformer,transformer_add_rho0_wd0.1_tiersNone,1000,add,0.0,0.1,final,natural,in,70,0.022268304052933615,10,0.007942622754376247
transformer,transformer_add_rho0_wd0.1_tiersNone,1000,add,0.0,0.1,final,natural,in,71,0.005711903604386235,15,0.007942622754376247
transformer,transformer_add_rho0_wd0.1_tiersNone,1000,add,0.0,0.1,final,natural,in,72,0.0018268256241738413,74,0.007942622754376247
transformer,transformer_add_rho0_wd0.1_tiersNone,1000,add,0.0,0.1,final,natural,in,73,0.002407992497702191,51,0.007942622754376247
transformer,transformer_add_rho0_wd0.1_tiersNone,1000,add,0.0,0.1,final,natural,in,74,0.003493546852888678,26,0.007942622754376247
transformer,transformer_add_rho0_wd0.1_tiersNone,1000,add,0.0,0.1,final,natural,out,1,0.062328311140515985,6,0.0010581271510937637
transformer,transformer_add_rho0_wd0.1_tiersNone,1000,add,0.0,0.1,final,natural,out,2,0.002745220674698973,45,0.0010581271510937637
transformer,transformer_add_rho0_wd0.1_tiersNone,1000,add,0.0,0.1,final,natural,out,3,0.007893915546655396,10,0.0010581271510937637
transformer,transformer_add_rho0_wd0.1_tiersNone,1000,add,0.0,0.1,final,natural,out,4,0.004934324421145033,21,0.0010581271510937637
transformer,transformer_add_rho0_wd0.1_tiersNone,1000,add,0.0,0.1,final,natural,out,5,0.10663091273823558,5,0.0010581271510937637
transformer,transformer_add_rho0_wd0.1_tiersNone,1000,add,0.0,0.1,final,natural,out,6,0.008061350419248211,9,0.0010581271510937637
transformer,transformer_add_rho0_wd0.1_tiersNone,1000,add,0.0,0.1,final,natural,out,7,0.004553731807430245,23,0.0010581271510937637
transformer,transformer_add_rho0_wd0.1_tiersNone,1000,add,0.0,0.1,final,natural,out,8,0.003388567889298967,31,0.0010581271510937637
transformer,transformer_add_rho0_wd0.1_tiersNone,1000,add,0.0,0.1,final,natural,out,9,0.0075785665299603075,11,0.0010581271510937637
transformer,transformer_add_rho0_wd0.1_tiersNone,1000,add,0.0,0.1,final,natural,out,10,0.002245752219965538,69,0.0010581271510937637
transformer,transformer_add_rho0_wd0.1_tiersNone,1000,add,0.0,0.1,final,natural,out,11,0.002006267652230118,74,0.0010581271510937637
transformer,transformer_add_rho0_wd0.1_tiersNone,1000,add,0.0,0.1,final,natural,out,12,0.003665697987048771,29,0.0010581271510937637
transformer,transformer_add_rho0_wd0.1_tiersNone,1000,add,0.0,0.1,final,natural,out,13,0.006397293885936729,17,0.0010581271510937637
transformer,transformer_add_rho0_wd0.1_tiersNone,1000,add,0.0,0.1,final,natural,out,14,0.006490876058455454,16,0.0010581271510937637
transformer,transformer_add_rho0_wd0.1_tiersNone,1000,add,0.0,0.1,final,natural,out,15,0.0030397797558190005,38,0.0010581271510937637
transformer,transformer_add_rho0_wd0.1_tiersNone,1000,add,0.0,0.1,final,natural,out,16,0.002273226721657057,67,0.0010581271510937637
transformer,transformer_add_rho0_wd0.1_tiersNone,1000,add,0.0,0.1,final,natural,out,17,0.002401638550611371,59,0.0010581271510937637
transformer,transformer_add_rho0_wd0.1_tiersNone,1000,add,0.0,0.1,final,natural,out,18,0.0021995489326699738,70,0.0010581271510937637
transformer,transformer_add_rho0_wd0.1_tiersNone,1000,add,0.0,0.1,final,natural,out,19,0.0023034178771780974,65,0.0010581271510937637
transformer,transformer_add_rho0_wd0.1_tiersNone,1000,add,0.0,0.1,final,natural,out,20,0.0031012513400134147,34,0.0010581271510937637
transformer,transformer_add_rho0_wd0.1_tiersNone,1000,add,0.0,0.1,final,natural,out,21,0.0028561724103176984,41,0.0010581271510937637
transformer,transformer_add_rho0_wd0.1_tiersNone,1000,add,0.0,0.1,final,natural,out,22,0.13390537788741028,3,0.0010581271510937637
transformer,transformer_add_rho0_wd0.1_tiersNone,1000,add,0.0,0.1,final,natural,out,23,0.002609899568771933,50,0.0010581271510937637
transformer,transformer_add_rho0_wd0.1_tiersNone,1000,add,0.0,0.1,final,natural,out,24,0.002827995938918563,43,0.0010581271510937637
transformer,transformer_add_rho0_wd0.1_tiersNone,1000,add,0.0,0.1,final,natural,out,25,0.002272094665057767,68,0.0010581271510937637
transformer,transformer_add_rho0_wd0.1_tiersNone,1000,add,0.0,0.1,final,natural,out,26,0.1381562421450859,2,0.0010581271510937637
transformer,transformer_add_rho0_wd0.1_tiersNone,1000,add,0.0,0.1,final,natural,out,27,0.0023751583178993996,61,0.0010581271510937637
transformer,transformer_add_rho0_wd0.1_tiersNone,1000,add,0.0,0.1,final,natural,out,28,0.0026625281065533048,48,0.0010581271510937637
transformer,transformer_add_rho0_wd0.1_tiersNone,1000,add,0.0,0.1,final,natural,out,29,0.1667820929614243,1,0.0010581271510937637
transformer,transformer_add_rho0_wd0.1_tiersNone,1000,add,0.0,0.1,final,natural,out,30,0.004314056678756114,25,0.0010581271510937637
transformer,transformer_add_rho0_wd0.1_tiersNone,1000,add,0.0,0.1,final,natural,out,31,0.00400251984902676,26,0.0010581271510937637
transformer,transformer_add_rho0_wd0.1_tiersNone,1000,add,0.0,0.1,final,natural,out,32,0.002723788920441136,46,0.0010581271510937637
transformer,transformer_add_rho0_wd0.1_tiersNone,1000,add,0.0,0.1,final,natural,out,33,0.0025864119176478117,51,0.0010581271510937637
transformer,transformer_add_rho0_wd0.1_tiersNone,1000,add,0.0,0.1,final,natural,out,34,0.004536697582734102,24,0.0010581271510937637
transformer,transformer_add_rho0_wd0.1_tiersNone,1000,add,0.0,0.1,final,natural,out,35,0.13235527714339776,4,0.0010581271510937637
transformer,transformer_add_rho0_wd0.1_tiersNone,1000,add,0.0,0.1,final,natural,out,36,0.0030525738080647443,36,0.0010581271510937637
transformer,transformer_add_rho0_wd0.1_tiersNone,1000,add,0.0,0.1,final,natural,out,37,0.002511074000340109,54,0.0010581271510937637
transformer,transformer_add_rho0_wd0.1_tiersNone,1000,add,0.0,0.1,final,natural,out,38,0.003921125925573626,28,0.0010581271510937637
transformer,transformer_add_rho0_wd0.1_tiersNone,1000,add,0.0,0.1,final,natural,out,39,0.003094554333898525,35,0.0010581271510937637
transformer,transformer_add_rho0_wd0.1_tiersNone,1000,add,0.0,0.1,final,natural,out,40,0.003045418893705839,37,0.0010581271510937637
transformer,transformer_add_rho0_wd0.1_tiersNone,1000,add,0.0,0.1,final,natural,out,41,0.0024807026615770553,56,0.0010581271510937637
transformer,transformer_add_rho0_wd0.1_tiersNone,1000,add,0.0,0.1,final,natural,out,42,0.002115014154731376,72,0.0010581271510937637
transformer,transformer_add_rho0_wd0.1_tiersNone,1000,add,0.0,0.1,final,natural,out,43,0.002480350845840763,57,0.0010581271510937637
transformer,transformer_add_rho0_wd0.1_tiersNone,1000,add,0.0,0.1,final,natural,out,44,0.007382510634229526,12,0.0010581271510937637
transformer,transformer_add_rho0_wd0.1_tiersNone,1000,add,0.0,0.1,final,natural,out,45,0.003475952502580631,30,0.0010581271510937637
transformer,transformer_add_rho0_wd0.1_tiersNone,1000,add,0.0,0.1,final,natural,out,46,0.002045203082317512,73,0.0010581271510937637
transformer,transformer_add_rho0_wd0.1_tiersNone,1000,add,0.0,0.1,final,natural,out,47,0.002174951097197317,71,0.0010581271510937637
transformer,transformer_add_rho0_wd0.1_tiersNone,1000,add,0.0,0.1,final,natural,out,48,0.005875120974691681,19,0.0010581271510937637
transformer,transformer_add_rho0_wd0.1_tiersNone,1000,add,0.0,0.1,final,natural,out,49,0.002540333724147958,53,0.0010581271510937637
transformer,transformer_add_rho0_wd0.1_tiersNone,1000,add,0.0,0.1,final,natural,out,50,0.0031115092819263075,33,0.0010581271510937637
transformer,transformer_add_rho0_wd0.1_tiersNone,1000,add,0.0,0.1,final,natural,out,51,0.004626690506482329,22,0.0010581271510937637
transformer,transformer_add_rho0_wd0.1_tiersNone,1000,add,0.0,0.1,final,natural,out,52,0.007285921634075915,13,0.0010581271510937637
transformer,transformer_add_rho0_wd0.1_tiersNone,1000,add,0.0,0.1,final,natural,out,53,0.0023651647448347255,62,0.0010581271510937637
transformer,transformer_add_rho0_wd0.1_tiersNone,1000,add,0.0,0.1,final,natural,out,54,0.0028586838703538423,40,0.0010581271510937637
transformer,transformer_add_rho0_wd0.1_tiersNone,1000,add,0.0,0.1,final,natural,out,55,0.01008501179977737,8,0.0010581271510937637
transformer,transformer_add_rho0_wd0.1_tiersNone,1000,add,0.0,0.1,final,natural,out,56,0.003039386892310154,39,0.0010581271510937637
transformer,transformer_add_rho0_wd0.1_tiersNone,1000,add,0.0,0.1,final,natural,out,57,0.005987133350093366,18,0.0010581271510937637
transformer,transformer_add_rho0_wd0.1_tiersNone,1000,add,0.0,0.1,final,natural,out,58,0.007259293521830075,14,0.0010581271510937637
transformer,transformer_add_rho0_wd0.1_tiersNone,1000,add,0.0,0.1,final,natural,out,59,0.003997732816955853,27,0.0010581271510937637
transformer,transformer_add_rho0_wd0.1_tiersNone,1000,add,0.0,0.1,final,natural,out,60,0.002624908112731284,49,0.0010581271510937637
transformer,transformer_add_rho0_wd0.1_tiersNone,1000,add,0.0,0.1,final,natural,out,61,0.005813985034839088,20,0.0010581271510937637
transformer,transformer_add_rho0_wd0.1_tiersNone,1000,add,0.0,0.1,final,natural,out,62,0.0024137345256733385,58,0.0010581271510937637
transformer,transformer_add_rho0_wd0.1_tiersNone,1000,add,0.0,0.1,final,natural,out,63,0.0028124002523632835,44,0.0010581271510937637
transformer,transformer_add_rho0_wd0.1_tiersNone,1000,add,0.0,0.1,final,natural,out,64,0.010352719336184032,7,0.0010581271510937637
transformer,transformer_add_rho0_wd0.1_tiersNone,1000,add,0.0,0.1,final,natural,out,65,0.002346754306640686,64,0.0010581271510937637
transformer,transformer_add_rho0_wd0.1_tiersNone,1000,add,0.0,0.1,final,natural,out,66,0.002721809325365628,47,0.0010581271510937637
transformer,transformer_add_rho0_wd0.1_tiersNone,1000,add,0.0,0.1,final,natural,out,67,0.0024936145502184206,55,0.0010581271510937637
transformer,transformer_add_rho0_wd0.1_tiersNone,1000,add,0.0,0.1,final,natural,out,68,0.00285453417794285,42,0.0010581271510937637
transformer,transformer_add_rho0_wd0.1_tiersNone,1000,add,0.0,0.1,final,natural,out,69,0.0032234183683047704,32,0.0010581271510937637
transformer,transformer_add_rho0_wd0.1_tiersNone,1000,add,0.0,0.1,final,natural,out,70,0.006700779074687283,15,0.0010581271510937637
transformer,transformer_add_rho0_wd0.1_tiersNone,1000,add,0.0,0.1,final,natural,out,71,0.00258093951770214,52,0.0010581271510937637
transformer,transformer_add_rho0_wd0.1_tiersNone,1000,add,0.0,0.1,final,natural,out,72,0.0022977426760253817,66,0.0010581271510937637
transformer,transformer_add_rho0_wd0.1_tiersNone,1000,add,0.0,0.1,final,natural,out,73,0.002365097375870414,63,0.0010581271510937637
transformer,transformer_add_rho0_wd0.1_tiersNone,1000,add,0.0,0.1,final,natural,out,74,0.0023801820656977977,60,0.0010581271510937637
transformer,transformer_add_rho0_wd0.1_tiersNone,1001,add,0.0,0.1,final,natural,in,1,0.008591966173499246,14,0.023330328623376088
transformer,transformer_add_rho0_wd0.1_tiersNone,1001,add,0.0,0.1,final,natural,in,2,0.0023362447520717524,55,0.023330328623376088
transformer,transformer_add_rho0_wd0.1_tiersNone,1001,add,0.0,0.1,final,natural,in,3,0.00305311047483502,34,0.023330328623376088
transformer,transformer_add_rho0_wd0.1_tiersNone,1001,add,0.0,0.1,final,natural,in,4,0.001954025602670643,68,0.023330328623376088
transformer,transformer_add_rho0_wd0.1_tiersNone,1001,add,0.0,0.1,final,natural,in,5,0.0026995801829489325,41,0.023330328623376088
transformer,transformer_add_rho0_wd0.1_tiersNone,1001,add,0.0,0.1,final,natural,in,6,0.0028178369930020345,38,0.023330328623376088
transformer,transformer_add_rho0_wd0.1_tiersNone,1001,add,0.0,0.1,final,natural,in,7,0.0019172116915453787,70,0.023330328623376088
transformer,transformer_add_rho0_wd0.1_tiersNone,1001,add,0.0,0.1,final,natural,in,8,0.10795811174513026,4,0.023330328623376088
transformer,transformer_add_rho0_wd0.1_tiersNone,1001,add,0.0,0.1,final,natural,in,9,0.002546794188796834,46,0.023330328623376088
transformer,transformer_add_rho0_wd0.1_tiersNone,1001,add,0.0,0.1,final,natural,in,10,0.0029047358804040217,36,0.023330328623376088
transformer,transformer_add_rho0_wd0.1_tiersNone,1001,add,0.0,0.1,final,natural,in,11,0.0024071003632330284,53,0.023330328623376088
transformer,transformer_add_rho0_wd0.1_tiersNone,1001,add,0.0,0.1,final,natural,in,12,0.11384699582816453,1,0.023330328623376088
transformer,transformer_add_rho0_wd0.1_tiersNone,1001,add,0.0,0.1,final,natural,in,13,0.019336123644124983,9,0.023330328623376088
transformer,transformer_add_rho0_wd0.1_tiersNone,1001,add,0.0,0.1,final,natural,in,14,0.09901176244591568,6,0.023330328623376088
transformer,transformer_add_rho0_wd0.1_tiersNone,1001,add,0.0,0.1,final,natural,in,15,0.005630148641521877,20,0.023330328623376088
transformer,transformer_add_rho0_wd0.1_tiersNone,1001,add,0.0,0.1,final,natural,in,16,0.023733203006826933,8,0.023330328623376088
transformer,transformer_add_rho0_wd0.1_tiersNone,1001,add,0.0,0.1,final,natural,in,17,0.0019991455294577232,67,0.023330328623376088
transformer,transformer_add_rho0_wd0.1_tiersNone,1001,add,0.0,0.1,final,natural,in,18,0.002174793003874117,60,0.023330328623376088
transformer,transformer_add_rho0_wd0.1_tiersNone,1001,add,0.0,0.1,final,natural,in,19,0.002317654495288272,56,0.023330328623376088
transformer,transformer_add_rho0_wd0.1_tiersNone,1001,add,0.0,0.1,final,natural,in,20,0.002811707595693743,39,0.023330328623376088
transformer,transformer_add_rho0_wd0.1_tiersNone,1001,add,0.0,0.1,final,natural,in,21,0.004677873466628948,24,0.023330328623376088
transformer,transformer_add_rho0_wd0.1_tiersNone,1001,add,0.0,0.1,final,natural,in,22,0.007429868082830296,16,0.023330328623376088
transformer,transformer_add_rho0_wd0.1_tiersNone,1001,add,0.0,0.1,final,natural,in,23,0.004142234946590776,29,0.023330328623376088
transformer,transformer_add_rho0_wd0.1_tiersNone,1001,add,0.0,0.1,final,natural,in,24,0.01853199200692414,10,0.023330328623376088
transformer,transformer_add_rho0_wd0.1_tiersNone,1001,add,0.0,0.1,final,natural,in,25,0.002819005859579662,37,0.023330328623376088
transformer,transformer_add_rho0_wd0.1_tiersNone,1001,add,0.0,0.1,final,natural,in,26,0.0017809924036130524,73,0.023330328623376088
transformer,transformer_add_rho0_wd0.1_tiersNone,1001,add,0.0,0.1,final,natural,in,27,0.004258809539709004,26,0.023330328623376088
transformer,transformer_add_rho0_wd0.1_tiersNone,1001,add,0.0,0.1,final,natural,in,28,0.009096620071293356,13,0.023330328623376088
transformer,transformer_add_rho0_wd0.1_tiersNone,1001,add,0.0,0.1,final,natural,in,29,0.11215946033114708,2,0.023330328623376088
transformer,transformer_add_rho0_wd0.1_tiersNone,1001,add,0.0,0.1,final,natural,in,30,0.0026138332457243145,43,0.023330328623376088
transformer,transformer_add_rho0_wd0.1_tiersNone,1001,add,0.0,0.1,final,natural,in,31,0.001558618101135756,74,0.023330328623376088
transformer,transformer_add_rho0_wd0.1_tiersNone,1001,add,0.0,0.1,final,natural,in,32,0.007402792953038285,17,0.023330328623376088
transformer,transformer_add_rho0_wd0.1_tiersNone,1001,add,0.0,0.1,final,natural,in,33,0.007007459468655423,18,0.023330328623376088
transformer,transformer_add_rho0_wd0.1_tiersNone,1001,add,0.0,0.1,final,natural,in,34,0.004200852495446311,28,0.023330328623376088
transformer,transformer_add_rho0_wd0.1_tiersNone,1001,add,0.0,0.1,final,natural,in,35,0.01596150739622163,11,0.023330328623376088
transformer,transformer_add_rho0_wd0.1_tiersNone,1001,add,0.0,0.1,final,natural,in,36,0.005879988216109798,19,0.023330328623376088
transformer,transformer_add_rho0_wd0.1_tiersNone,1001,add,0.0,0.1,final,natural,in,37,0.0024607160363933176,51,0.023330328623376088
transformer,transformer_add_rho0_wd0.1_tiersNone,1001,add,0.0,0.1,final,natural,in,38,0.0025114979193419547,48,0.023330328623376088
transformer,transformer_add_rho0_wd0.1_tiersNone,1001,add,0.0,0.1,final,natural,in,39,0.0018915409545925718,71,0.023330328623376088
transformer,transformer_add_rho0_wd0.1_tiersNone,1001,add,0.0,0.1,final,natural,in,40,0.002706546892211634,40,0.023330328623376088
transformer,transformer_add_rho0_wd0.1_tiersNone,1001,add,0.0,0.1,final,natural,in,41,0.00193110533248978,69,0.023330328623376088
transformer,transformer_add_rho0_wd0.1_tiersNone,1001,add,0.0,0.1,final,natural,in,42,0.0039366816400942875,31,0.023330328623376088
transformer,transformer_add_rho0_wd0.1_tiersNone,1001,add,0.0,0.1,final,natural,in,43,0.0040915848295042506,30,0.023330328623376088
transformer,transformer_add_rho0_wd0.1_tiersNone,1001,add,0.0,0.1,final,natural,in,44,0.0044158033736663195,25,0.023330328623376088
transformer,transformer_add_rho0_wd0.1_tiersNone,1001,add,0.0,0.1,final,natural,in,45,0.002492413931657748,50,0.023330328623376088
transformer,transformer_add_rho0_wd0.1_tiersNone,1001,add,0.0,0.1,final,natural,in,46,0.007450272518138043,15,0.023330328623376088
transformer,transformer_add_rho0_wd0.1_tiersNone,1001,add,0.0,0.1,final,natural,in,47,0.002575678355684121,45,0.023330328623376088
transformer,transformer_add_rho0_wd0.1_tiersNone,1001,add,0.0,0.1,final,natural,in,48,0.0029305115143136466,35,0.023330328623376088
transformer,transformer_add_rho0_wd0.1_tiersNone,1001,add,0.0,0.1,final,natural,in,49,0.003194023409611797,33,0.023330328623376088
transformer,transformer_add_rho0_wd0.1_tiersNone,1001,add,0.0,0.1,final,natural,in,50,0.0042386368311649976,27,0.023330328623376088
transformer,transformer_add_rho0_wd0.1_tiersNone,1001,add,0.0,0.1,final,natural,in,51,0.0020926518650596837,64,0.023330328623376088
transformer,transformer_add_rho0_wd0.1_tiersNone,1001,add,0.0,0.1,final,natural,in,52,0.002494075796053,49,0.023330328623376088
transformer,transformer_add_rho0_wd0.1_tiersNone,1001,add,0.0,0.1,final,natural,in,53,0.0034101198657171205,32,0.023330328623376088
transformer,transformer_add_rho0_wd0.1_tiersNone,1001,add,0.0,0.1,final,natural,in,54,0.00223287499746591,57,0.023330328623376088
transformer,transformer_add_rho0_wd0.1_tiersNone,1001,add,0.0,0.1,final,natural,in,55,0.005353067784995492,22,0.023330328623376088
transformer,transformer_add_rho0_wd0.1_tiersNone,1001,add,0.0,0.1,final,natural,in,56,0.0025873377377092516,44,0.023330328623376088
transformer,transformer_add_rho0_wd0.1_tiersNone,1001,add,0.0,0.1,final,natural,in,57,0.10582788216563924,5,0.023330328623376088
transformer,transformer_add_rho0_wd0.1_tiersNone,1001,add,0.0,0.1,final,natural,in,58,0.014433768833357861,12,0.023330328623376088
transformer,transformer_add_rho0_wd0.1_tiersNone,1001,add,0.0,0.1,final,natural,in,59,0.002516718021861944,47,0.023330328623376088
transformer,transformer_add_rho0_wd0.1_tiersNone,1001,add,0.0,0.1,final,natural,in,60,0.0018609876762708988,72,0.023330328623376088
transformer,transformer_add_rho0_wd0.1_tiersNone,1001,add,0.0,0.1,final,natural,in,61,0.0021444549050178762,61,0.023330328623376088
transformer,transformer_add_rho0_wd0.1_tiersNone,1001,add,0.0,0.1,final,natural,in,62,0.005014587441840269,23,0.023330328623376088
transformer,transformer_add_rho0_wd0.1_tiersNone,1001,add,0.0,0.1,final,natural,in,63,0.002121307943794614,62,0.023330328623376088
transformer,transformer_add_rho0_wd0.1_tiersNone,1001,add,0.0,0.1,final,natural,in,64,0.0026447862423148605,42,0.023330328623376088
transformer,transformer_add_rho0_wd0.1_tiersNone,1001,add,0.0,0.1,final,natural,in,65,0.0022060761527204504,58,0.023330328623376088
transformer,transformer_add_rho0_wd0.1_tiersNone,1001,add,0.0,0.1,final,natural,in,66,0.002456364289978704,52,0.023330328623376088
transformer,transformer_add_rho0_wd0.1_tiersNone,1001,add,0.0,0.1,final,natural,in,67,0.049833615568247884,7,0.023330328623376088
transformer,transformer_add_rho0_wd0.1_tiersNone,1001,add,0.0,0.1,final,natural,in,68,0.10802764812999797,3,0.023330328623376088
transformer,transformer_add_rho0_wd0.1_tiersNone,1001,add,0.0,0.1,final,natural,in,69,0.0021198600505344723,63,0.023330328623376088
transformer,transformer_add_rho0_wd0.1_tiersNone,1001,add,0.0,0.1,final,natural,in,70,0.005626312668853553,21,0.023330328623376088
transformer,transformer_add_rho0_wd0.1_tiersNone,1001,add,0.0,0.1,final,natural,in,71,0.002004884494806735,66,0.023330328623376088
transformer,transformer_add_rho0_wd0.1_tiersNone,1001,add,0.0,0.1,final,natural,in,72,0.002351714974188739,54,0.023330328623376088
transformer,transformer_add_rho0_wd0.1_tiersNone,1001,add,0.0,0.1,final,natural,in,73,0.002193896841391131,59,0.023330328623376088
transformer,transformer_add_rho0_wd0.1_tiersNone,1001,add,0.0,0.1,final,natural,in,74,0.0020478311896650107,65,0.023330328623376088
transformer,transformer_add_rho0_wd0.1_tiersNone,1001,add,0.0,0.1,final,natural,out,1,0.004315650767882563,49,0.00207085965122042
transformer,transformer_add_rho0_wd0.1_tiersNone,1001,add,0.0,0.1,final,natural,out,2,0.010284330300732426,22,0.00207085965122042
transformer,transformer_add_rho0_wd0.1_tiersNone,1001,add,0.0,0.1,final,natural,out,3,0.0043138651282224605,50,0.00207085965122042
transformer,transformer_add_rho0_wd0.1_tiersNone,1001,add,0.0,0.1,final,natural,out,4,0.007629935542633298,32,0.00207085965122042
transformer,transformer_add_rho0_wd0.1_tiersNone,1001,add,0.0,0.1,final,natural,out,5,0.0029051659426314095,71,0.00207085965122042
transformer,transformer_add_rho0_wd0.1_tiersNone,1001,add,0.0,0.1,final,natural,out,6,0.00920094499097468,25,0.00207085965122042
transformer,transformer_add_rho0_wd0.1_tiersNone,1001,add,0.0,0.1,final,natural,out,7,0.0030040530061719154,68,0.00207085965122042
transformer,transformer_add_rho0_wd0.1_tiersNone,1001,add,0.0,0.1,final,natural,out,8,0.08577134561377504,2,0.00207085965122042
transformer,transformer_add_rho0_wd0.1_tiersNone,1001,add,0.0,0.1,final,natural,out,9,0.00326040363741975,63,0.00207085965122042
transformer,transformer_add_rho0_wd0.1_tiersNone,1001,add,0.0,0.1,final,natural,out,10,0.004257778216093795,52,0.00207085965122042
transformer,transformer_add_rho0_wd0.1_tiersNone,1001,add,0.0,0.1,final,natural,out,11,0.011501287038811928,19,0.00207085965122042
transformer,transformer_add_rho0_wd0.1_tiersNone,1001,add,0.0,0.1,final,natural,out,12,0.09608512143369469,1,0.00207085965122042
transformer,transformer_add_rho0_wd0.1_tiersNone,1001,add,0.0,0.1,final,natural,out,13,0.005726633569607412,39,0.00207085965122042
transformer,transformer_add_rho0_wd0.1_tiersNone,1001,add,0.0,0.1,final,natural,out,14,0.06636752068475112,6,0.00207085965122042
transformer,transformer_add_rho0_wd0.1_tiersNone,1001,add,0.0,0.1,final,natural,out,15,0.015745384907300857,11,0.00207085965122042
transformer,transformer_add_rho0_wd0.1_tiersNone,1001,add,0.0,0.1,final,natural,out,16,0.00475083184564579,45,0.00207085965122042
transformer,transformer_add_rho0_wd0.1_tiersNone,1001,add,0.0,0.1,final,natural,out,17,0.012235063411690051,17,0.00207085965122042
transformer,transformer_add_rho0_wd0.1_tiersNone,1001,add,0.0,0.1,final,natural,out,18,0.0044062781090634445,48,0.00207085965122042
transformer,transformer_add_rho0_wd0.1_tiersNone,1001,add,0.0,0.1,final,natural,out,19,0.003073706568593245,67,0.00207085965122042
transformer,transformer_add_rho0_wd0.1_tiersNone,1001,add,0.0,0.1,final,natural,out,20,0.009425142314720063,24,0.00207085965122042
transformer,transformer_add_rho0_wd0.1_tiersNone,1001,add,0.0,0.1,final,natural,out,21,0.012379421161095328,15,0.00207085965122042
transformer,transformer_add_rho0_wd0.1_tiersNone,1001,add,0.0,0.1,final,natural,out,22,0.008744361579409962,27,0.00207085965122042
transformer,transformer_add_rho0_wd0.1_tiersNone,1001,add,0.0,0.1,final,natural,out,23,0.003192206418350901,65,0.00207085965122042
transformer,transformer_add_rho0_wd0.1_tiersNone,1001,add,0.0,0.1,final,natural,out,24,0.020123678774784427,8,0.00207085965122042
transformer,transformer_add_rho0_wd0.1_tiersNone,1001,add,0.0,0.1,final,natural,out,25,0.005961049554049403,38,0.00207085965122042
transformer,transformer_add_rho0_wd0.1_tiersNone,1001,add,0.0,0.1,final,natural,out,26,0.010285666655728758,21,0.00207085965122042
transformer,transformer_add_rho0_wd0.1_tiersNone,1001,add,0.0,0.1,final,natural,out,27,0.0037616535288856833,54,0.00207085965122042
transformer,transformer_add_rho0_wd0.1_tiersNone,1001,add,0.0,0.1,final,natural,out,28,0.013231407666499993,13,0.00207085965122042
transformer,transformer_add_rho0_wd0.1_tiersNone,1001,add,0.0,0.1,final,natural,out,29,0.07799150260963825,4,0.00207085965122042
transformer,transformer_add_rho0_wd0.1_tiersNone,1001,add,0.0,0.1,final,natural,out,30,0.0028639684352761425,72,0.00207085965122042
transformer,transformer_add_rho0_wd0.1_tiersNone,1001,add,0.0,0.1,final,natural,out,31,0.0034845543076001996,57,0.00207085965122042
transformer,transformer_add_rho0_wd0.1_tiersNone,1001,add,0.0,0.1,final,natural,out,32,0.006539351439062607,36,0.00207085965122042
transformer,transformer_add_rho0_wd0.1_tiersNone,1001,add,0.0,0.1,final,natural,out,33,0.005282301816437175,41,0.00207085965122042
transformer,transformer_add_rho0_wd0.1_tiersNone,1001,add,0.0,0.1,final,natural,out,34,0.003452505133985353,58,0.00207085965122042
transformer,transformer_add_rho0_wd0.1_tiersNone,1001,add,0.0,0.1,final,natural,out,35,0.009636658489383073,23,0.00207085965122042
transformer,transformer_add_rho0_wd0.1_tiersNone,1001,add,0.0,0.1,final,natural,out,36,0.003406437761545421,60,0.00207085965122042
transformer,transformer_add_rho0_wd0.1_tiersNone,1001,add,0.0,0.1,final,natural,out,37,0.008509292952990929,28,0.00207085965122042
transformer,transformer_add_rho0_wd0.1_tiersNone,1001,add,0.0,0.1,final,natural,out,38,0.005457699311345356,40,0.00207085965122042
transformer,transformer_add_rho0_wd0.1_tiersNone,1001,add,0.0,0.1,final,natural,out,39,0.006628272548358198,35,0.00207085965122042
transformer,transformer_add_rho0_wd0.1_tiersNone,1001,add,0.0,0.1,final,natural,out,40,0.0033378657712474216,61,0.00207085965122042
transformer,transformer_add_rho0_wd0.1_tiersNone,1001,add,0.0,0.1,final,natural,out,41,0.01080056530959775,20,0.00207085965122042
transformer,transformer_add_rho0_wd0.1_tiersNone,1001,add,0.0,0.1,final,natural,out,42,0.003309079236249459,62,0.00207085965122042
transformer,transformer_add_rho0_wd0.1_tiersNone,1001,add,0.0,0.1,final,natural,out,43,0.017144909688967154,10,0.00207085965122042
transformer,transformer_add_rho0_wd0.1_tiersNone,1001,add,0.0,0.1,final,natural,out,44,0.0030986235861495417,66,0.00207085965122042
transformer,transformer_add_rho0_wd0.1_tiersNone,1001,add,0.0,0.1,final,natural,out,45,0.01450643169455885,12,0.00207085965122042
transformer,transformer_add_rho0_wd0.1_tiersNone,1001,add,0.0,0.1,final,natural,out,46,0.00321743145990575,64,0.00207085965122042
transformer,transformer_add_rho0_wd0.1_tiersNone,1001,add,0.0,0.1,final,natural,out,47,0.002859792235923132,73,0.00207085965122042
transformer,transformer_add_rho0_wd0.1_tiersNone,1001,add,0.0,0.1,final,natural,out,48,0.0029193137905765506,70,0.00207085965122042
transformer,transformer_add_rho0_wd0.1_tiersNone,1001,add,0.0,0.1,final,natural,out,49,0.008756683955767074,26,0.00207085965122042
transformer,transformer_add_rho0_wd0.1_tiersNone,1001,add,0.0,0.1,final,natural,out,50,0.0035013384329458893,56,0.00207085965122042
transformer,transformer_add_rho0_wd0.1_tiersNone,1001,add,0.0,0.1,final,natural,out,51,0.004273787669645069,51,0.00207085965122042
transformer,transformer_add_rho0_wd0.1_tiersNone,1001,add,0.0,0.1,final,natural,out,52,0.007881914963511703,31,0.00207085965122042
transformer,transformer_add_rho0_wd0.1_tiersNone,1001,add,0.0,0.1,final,natural,out,53,0.0047862236088654945,44,0.00207085965122042
transformer,transformer_add_rho0_wd0.1_tiersNone,1001,add,0.0,0.1,final,natural,out,54,0.008076732348579948,29,0.00207085965122042
transformer,transformer_add_rho0_wd0.1_tiersNone,1001,add,0.0,0.1,final,natural,out,55,0.0070376935606923825,34,0.00207085965122042
transformer,transformer_add_rho0_wd0.1_tiersNone,1001,add,0.0,0.1,final,natural,out,56,0.011631312290131694,18,0.00207085965122042
transformer,transformer_add_rho0_wd0.1_tiersNone,1001,add,0.0,0.1,final,natural,out,57,0.08522318697096494,3,0.00207085965122042
transformer,transformer_add_rho0_wd0.1_tiersNone,1001,add,0.0,0.1,final,natural,out,58,0.004837914232713915,43,0.00207085965122042
transformer,transformer_add_rho0_wd0.1_tiersNone,1001,add,0.0,0.1,final,natural,out,59,0.004553159710442498,46,0.00207085965122042
transformer,transformer_add_rho0_wd0.1_tiersNone,1001,add,0.0,0.1,final,natural,out,60,0.007979859262978537,30,0.00207085965122042
transformer,transformer_add_rho0_wd0.1_tiersNone,1001,add,0.0,0.1,final,natural,out,61,0.004479815261990831,47,0.00207085965122042
transformer,transformer_add_rho0_wd0.1_tiersNone,1001,add,0.0,0.1,final,natural,out,62,0.0027543867386913144,74,0.00207085965122042
transformer,transformer_add_rho0_wd0.1_tiersNone,1001,add,0.0,0.1,final,natural,out,63,0.012925177945986513,14,0.00207085965122042
transformer,transformer_add_rho0_wd0.1_tiersNone,1001,add,0.0,0.1,final,natural,out,64,0.0029692839848192844,69,0.00207085965122042
transformer,transformer_add_rho0_wd0.1_tiersNone,1001,add,0.0,0.1,final,natural,out,65,0.006233834924522957,37,0.00207085965122042
transformer,transformer_add_rho0_wd0.1_tiersNone,1001,add,0.0,0.1,final,natural,out,66,0.0034397816067224087,59,0.00207085965122042
transformer,transformer_add_rho0_wd0.1_tiersNone,1001,add,0.0,0.1,final,natural,out,67,0.04556636828901676,7,0.00207085965122042
transformer,transformer_add_rho0_wd0.1_tiersNone,1001,add,0.0,0.1,final,natural,out,68,0.0750286007829619,5,0.00207085965122042
transformer,transformer_add_rho0_wd0.1_tiersNone,1001,add,0.0,0.1,final,natural,out,69,0.019300532610399816,9,0.00207085965122042
transformer,transformer_add_rho0_wd0.1_tiersNone,1001,add,0.0,0.1,final,natural,out,70,0.005045597501980734,42,0.00207085965122042
transformer,transformer_add_rho0_wd0.1_tiersNone,1001,add,0.0,0.1,final,natural,out,71,0.012263071765285481,16,0.00207085965122042
transformer,transformer_add_rho0_wd0.1_tiersNone,1001,add,0.0,0.1,final,natural,out,72,0.003726086472158389,55,0.00207085965122042
transformer,transformer_add_rho0_wd0.1_tiersNone,1001,add,0.0,0.1,final,natural,out,73,0.00715859610204204,33,0.00207085965122042
transformer,transformer_add_rho0_wd0.1_tiersNone,1001,add,0.0,0.1,final,natural,out,74,0.004182613058163895,53,0.00207085965122042
transformer,transformer_add_rho0_wd0.1_tiersNone,1002,add,0.0,0.1,final,natural,in,1,0.023684400982672948,9,0.004062665803290587
transformer,transformer_add_rho0_wd0.1_tiersNone,1002,add,0.0,0.1,final,natural,in,2,0.004154893430955011,24,0.004062665803290587
transformer,transformer_add_rho0_wd0.1_tiersNone,1002,add,0.0,0.1,final,natural,in,3,0.003963335607951752,25,0.004062665803290587
transformer,transformer_add_rho0_wd0.1_tiersNone,1002,add,0.0,0.1,final,natural,in,4,0.005519135166215037,20,0.004062665803290587
transformer,transformer_add_rho0_wd0.1_tiersNone,1002,add,0.0,0.1,final,natural,in,5,0.0025247557964942643,42,0.004062665803290587
transformer,transformer_add_rho0_wd0.1_tiersNone,1002,add,0.0,0.1,final,natural,in,6,0.0019503238047658175,67,0.004062665803290587
transformer,transformer_add_rho0_wd0.1_tiersNone,1002,add,0.0,0.1,final,natural,in,7,0.0029333881948006083,37,0.004062665803290587
transformer,transformer_add_rho0_wd0.1_tiersNone,1002,add,0.0,0.1,final,natural,in,8,0.001784906591985549,73,0.004062665803290587
transformer,transformer_add_rho0_wd0.1_tiersNone,1002,add,0.0,0.1,final,natural,in,9,0.0021770541895029844,55,0.004062665803290587
transformer,transformer_add_rho0_wd0.1_tiersNone,1002,add,0.0,0.1,final,natural,in,10,0.0036722698720619415,27,0.004062665803290587
transformer,transformer_add_rho0_wd0.1_tiersNone,1002,add,0.0,0.1,final,natural,in,11,0.002009114291467138,62,0.004062665803290587
transformer,transformer_add_rho0_wd0.1_tiersNone,1002,add,0.0,0.1,final,natural,in,12,0.0023926124844592064,46,0.004062665803290587
transformer,transformer_add_rho0_wd0.1_tiersNone,1002,add,0.0,0.1,final,natural,in,13,0.001831337186475654,72,0.004062665803290587
transformer,transformer_add_rho0_wd0.1_tiersNone,1002,add,0.0,0.1,final,natural,in,14,0.0019796543460509756,63,0.004062665803290587
transformer,transformer_add_rho0_wd0.1_tiersNone,1002,add,0.0,0.1,final,natural,in,15,0.0023040273784247656,50,0.004062665803290587
transformer,transformer_add_rho0_wd0.1_tiersNone,1002,add,0.0,0.1,final,natural,in,16,0.00766631570670723,16,0.004062665803290587
transformer,transformer_add_rho0_wd0.1_tiersNone,1002,add,0.0,0.1,final,natural,in,17,0.002319177578674814,48,0.004062665803290587
transformer,transformer_add_rho0_wd0.1_tiersNone,1002,add,0.0,0.1,final,natural,in,18,0.001958699981937657,65,0.004062665803290587
transformer,transformer_add_rho0_wd0.1_tiersNone,1002,add,0.0,0.1,final,natural,in,19,0.002995147117487389,35,0.004062665803290587
transformer,transformer_add_rho0_wd0.1_tiersNone,1002,add,0.0,0.1,final,natural,in,20,0.0018453317919977395,71,0.004062665803290587
transformer,transformer_add_rho0_wd0.1_tiersNone,1002,add,0.0,0.1,final,natural,in,21,0.002424369274420714,44,0.004062665803290587
transformer,transformer_add_rho0_wd0.1_tiersNone,1002,add,0.0,0.1,final,natural,in,22,0.007728466323338843,15,0.004062665803290587
transformer,transformer_add_rho0_wd0.1_tiersNone,1002,add,0.0,0.1,final,natural,in,23,0.0032692180240386786,32,0.004062665803290587
transformer,transformer_add_rho0_wd0.1_tiersNone,1002,add,0.0,0.1,final,natural,in,24,0.006089570739143412,17,0.004062665803290587
transformer,transformer_add_rho0_wd0.1_tiersNone,1002,add,0.0,0.1,final,natural,in,25,0.0036114865189823364,28,0.004062665803290587
transformer,transformer_add_rho0_wd0.1_tiersNone,1002,add,0.0,0.1,final,natural,in,26,0.07425428297140654,6,0.004062665803290587
transformer,transformer_add_rho0_wd0.1_tiersNone,1002,add,0.0,0.1,final,natural,in,27,0.005924596706274597,18,0.004062665803290587
transformer,transformer_add_rho0_wd0.1_tiersNone,1002,add,0.0,0.1,final,natural,in,28,0.00861409181892983,13,0.004062665803290587
transformer,transformer_add_rho0_wd0.1_tiersNone,1002,add,0.0,0.1,final,natural,in,29,0.005233003964183673,21,0.004062665803290587
transformer,transformer_add_rho0_wd0.1_tiersNone,1002,add,0.0,0.1,final,natural,in,30,0.0024104628044379264,45,0.004062665803290587
transformer,transformer_add_rho0_wd0.1_tiersNone,1002,add,0.0,0.1,final,natural,in,31,0.027672748494818454,7,0.004062665803290587
transformer,transformer_add_rho0_wd0.1_tiersNone,1002,add,0.0,0.1,final,natural,in,32,0.0037018319582329787,26,0.004062665803290587
transformer,transformer_add_rho0_wd0.1_tiersNone,1002,add,0.0,0.1,final,natural,in,33,0.0032184194808013034,33,0.004062665803290587
transformer,transformer_add_rho0_wd0.1_tiersNone,1002,add,0.0,0.1,final,natural,in,34,0.0019516834326756105,66,0.004062665803290587
transformer,transformer_add_rho0_wd0.1_tiersNone,1002,add,0.0,0.1,final,natural,in,35,0.0022825006299110003,51,0.004062665803290587
transformer,transformer_add_rho0_wd0.1_tiersNone,1002,add,0.0,0.1,final,natural,in,36,0.0020709317091297808,56,0.004062665803290587
transformer,transformer_add_rho0_wd0.1_tiersNone,1002,add,0.0,0.1,final,natural,in,37,0.0020594271369478922,58,0.004062665803290587
transformer,transformer_add_rho0_wd0.1_tiersNone,1002,add,0.0,0.1,final,natural,in,38,0.018577673779516878,10,0.004062665803290587
transformer,transformer_add_rho0_wd0.1_tiersNone,1002,add,0.0,0.1,final,natural,in,39,0.001976822220457719,64,0.004062665803290587
transformer,transformer_add_rho0_wd0.1_tiersNone,1002,add,0.0,0.1,final,natural,in,40,0.002432525114233915,43,0.004062665803290587
transformer,transformer_add_rho0_wd0.1_tiersNone,1002,add,0.0,0.1,final,natural,in,41,0.00185992768962807,69,0.004062665803290587
transformer,transformer_add_rho0_wd0.1_tiersNone,1002,add,0.0,0.1,final,natural,in,42,0.004486481339157365,22,0.004062665803290587
transformer,transformer_add_rho0_wd0.1_tiersNone,1002,add,0.0,0.1,final,natural,in,43,0.024735163205128672,8,0.004062665803290587
transformer,transformer_add_rho0_wd0.1_tiersNone,1002,add,0.0,0.1,final,natural,in,44,0.002242598785461603,53,0.004062665803290587
transformer,transformer_add_rho0_wd0.1_tiersNone,1002,add,0.0,0.1,final,natural,in,45,0.003153343508022038,34,0.004062665803290587
transformer,transformer_add_rho0_wd0.1_tiersNone,1002,add,0.0,0.1,final,natural,in,46,0.0029453456029815235,36,0.004062665803290587
transformer,transformer_add_rho0_wd0.1_tiersNone,1002,add,0.0,0.1,final,natural,in,47,0.007867804874260276,14,0.004062665803290587
transformer,transformer_add_rho0_wd0.1_tiersNone,1002,add,0.0,0.1,final,natural,in,48,0.0023066534858918416,49,0.004062665803290587
transformer,transformer_add_rho0_wd0.1_tiersNone,1002,add,0.0,0.1,final,natural,in,49,0.012995298334401814,11,0.004062665803290587
transformer,transformer_add_rho0_wd0.1_tiersNone,1002,add,0.0,0.1,final,natural,in,50,0.11702766461469112,3,0.004062665803290587
transformer,transformer_add_rho0_wd0.1_tiersNone,1002,add,0.0,0.1,final,natural,in,51,0.0020621523764303455,57,0.004062665803290587
transformer,transformer_add_rho0_wd0.1_tiersNone,1002,add,0.0,0.1,final,natural,in,52,0.00576652700635244,19,0.004062665803290587
transformer,transformer_add_rho0_wd0.1_tiersNone,1002,add,0.0,0.1,final,natural,in,53,0.12418550322686531,2,0.004062665803290587
transformer,transformer_add_rho0_wd0.1_tiersNone,1002,add,0.0,0.1,final,natural,in,54,0.0021917622617699055,54,0.004062665803290587
transformer,transformer_add_rho0_wd0.1_tiersNone,1002,add,0.0,0.1,final,natural,in,55,0.0018560531141161955,70,0.004062665803290587
transformer,transformer_add_rho0_wd0.1_tiersNone,1002,add,0.0,0.1,final,natural,in,56,0.002574599682520095,41,0.004062665803290587
transformer,transformer_add_rho0_wd0.1_tiersNone,1002,add,0.0,0.1,final,natural,in,57,0.00422310837408842,23,0.004062665803290587
transformer,transformer_add_rho0_wd0.1_tiersNone,1002,add,0.0,0.1,final,natural,in,58,0.0028289622902358488,39,0.004062665803290587
transformer,transformer_add_rho0_wd0.1_tiersNone,1002,add,0.0,0.1,final,natural,in,59,0.1514047832054039,1,0.004062665803290587
transformer,transformer_add_rho0_wd0.1_tiersNone,1002,add,0.0,0.1,final,natural,in,60,0.002046697565187861,59,0.004062665803290587
transformer,transformer_add_rho0_wd0.1_tiersNone,1002,add,0.0,0.1,final,natural,in,61,0.0017722309011279885,74,0.004062665803290587
transformer,transformer_add_rho0_wd0.1_tiersNone,1002,add,0.0,0.1,final,natural,in,62,0.0023862721970385756,47,0.004062665803290587
transformer,transformer_add_rho0_wd0.1_tiersNone,1002,add,0.0,0.1,final,natural,in,63,0.0020114139181686024,61,0.004062665803290587
transformer,transformer_add_rho0_wd0.1_tiersNone,1002,add,0.0,0.1,final,natural,in,64,0.0022791349090486965,52,0.004062665803290587
transformer,transformer_add_rho0_wd0.1_tiersNone,1002,add,0.0,0.1,final,natural,in,65,0.0027583005508311164,40,0.004062665803290587
transformer,transformer_add_rho0_wd0.1_tiersNone,1002,add,0.0,0.1,final,natural,in,66,0.0019236221633236051,68,0.004062665803290587
transformer,transformer_add_rho0_wd0.1_tiersNone,1002,add,0.0,0.1,final,natural,in,67,0.002025833019408305,60,0.004062665803290587
transformer,transformer_add_rho0_wd0.1_tiersNone,1002,add,0.0,0.1,final,natural,in,68,0.0033487320002055544,31,0.004062665803290587
transformer,transformer_add_rho0_wd0.1_tiersNone,1002,add,0.0,0.1,final,natural,in,69,0.0034673212022146836,30,0.004062665803290587
transformer,transformer_add_rho0_wd0.1_tiersNone,1002,add,0.0,0.1,final,natural,in,70,0.003570438683145541,29,0.004062665803290587
transformer,transformer_add_rho0_wd0.1_tiersNone,1002,add,0.0,0.1,final,natural,in,71,0.00990679753189413,12,0.004062665803290587
transformer,transformer_add_rho0_wd0.1_tiersNone,1002,add,0.0,0.1,final,natural,in,72,0.0028913881848417924,38,0.004062665803290587
transformer,transformer_add_rho0_wd0.1_tiersNone,1002,add,0.0,0.1,final,natural,in,73,0.1025541467095401,5,0.004062665803290587
transformer,transformer_add_rho0_wd0.1_tiersNone,1002,add,0.0,0.1,final,natural,in,74,0.11517394288364599,4,0.004062665803290587
transformer,transformer_add_rho0_wd0.1_tiersNone,1002,add,0.0,0.1,final,natural,out,1,0.008204705727911715,15,0.0012137514752969664
transformer,transformer_add_rho0_wd0.1_tiersNone,1002,add,0.0,0.1,final,natural,out,2,0.0073512267564507985,21,0.0012137514752969664
transformer,transformer_add_rho0_wd0.1_tiersNone,1002,add,0.0,0.1,final,natural,out,3,0.007423044827962414,20,0.0012137514752969664
transformer,transformer_add_rho0_wd0.1_tiersNone,1002,add,0.0,0.1,final,natural,out,4,0.004385081617405648,36,0.0012137514752969664
transformer,transformer_add_rho0_wd0.1_tiersNone,1002,add,0.0,0.1,final,natural,out,5,0.002413941239314986,64,0.0012137514752969664
transformer,transformer_add_rho0_wd0.1_tiersNone,1002,add,0.0,0.1,final,natural,out,6,0.00646482209522476,25,0.0012137514752969664
transformer,transformer_add_rho0_wd0.1_tiersNone,1002,add,0.0,0.1,final,natural,out,7,0.002528074814814818,58,0.0012137514752969664
transformer,transformer_add_rho0_wd0.1_tiersNone,1002,add,0.0,0.1,final,natural,out,8,0.002478755079183877,61,0.0012137514752969664
transformer,transformer_add_rho0_wd0.1_tiersNone,1002,add,0.0,0.1,final,natural,out,9,0.00975516993792646,14,0.0012137514752969664
transformer,transformer_add_rho0_wd0.1_tiersNone,1002,add,0.0,0.1,final,natural,out,10,0.0021216797281587894,72,0.0012137514752969664
transformer,transformer_add_rho0_wd0.1_tiersNone,1002,add,0.0,0.1,final,natural,out,11,0.002306962634218547,68,0.0012137514752969664
transformer,transformer_add_rho0_wd0.1_tiersNone,1002,add,0.0,0.1,final,natural,out,12,0.0029630745522006285,50,0.0012137514752969664
transformer,transformer_add_rho0_wd0.1_tiersNone,1002,add,0.0,0.1,final,natural,out,13,0.0020474089622199245,74,0.0012137514752969664
transformer,transformer_add_rho0_wd0.1_tiersNone,1002,add,0.0,0.1,final,natural,out,14,0.007191448583216597,22,0.0012137514752969664
transformer,transformer_add_rho0_wd0.1_tiersNone,1002,add,0.0,0.1,final,natural,out,15,0.007164976784826456,23,0.0012137514752969664
transformer,transformer_add_rho0_wd0.1_tiersNone,1002,add,0.0,0.1,final,natural,out,16,0.011877113555998582,8,0.0012137514752969664
transformer,transformer_add_rho0_wd0.1_tiersNone,1002,add,0.0,0.1,final,natural,out,17,0.006685800887667649,24,0.0012137514752969664
transformer,transformer_add_rho0_wd0.1_tiersNone,1002,add,0.0,0.1,final,natural,out,18,0.0023269716600828848,67,0.0012137514752969664
transformer,transformer_add_rho0_wd0.1_tiersNone,1002,add,0.0,0.1,final,natural,out,19,0.0021368664204006516,71,0.0012137514752969664
transformer,transformer_add_rho0_wd0.1_tiersNone,1002,add,0.0,0.1,final,natural,out,20,0.006317037002521283,26,0.0012137514752969664
transformer,transformer_add_rho0_wd0.1_tiersNone,1002,add,0.0,0.1,final,natural,out,21,0.007648531754623105,19,0.0012137514752969664
transformer,transformer_add_rho0_wd0.1_tiersNone,1002,add,0.0,0.1,final,natural,out,22,0.009982624856061903,13,0.0012137514752969664
transformer,transformer_add_rho0_wd0.1_tiersNone,1002,add,0.0,0.1,final,natural,out,23,0.011663954221445684,9,0.0012137514752969664
transformer,transformer_add_rho0_wd0.1_tiersNone,1002,add,0.0,0.1,final,natural,out,24,0.011250307648997879,10,0.0012137514752969664
transformer,transformer_add_rho0_wd0.1_tiersNone,1002,add,0.0,0.1,final,natural,out,25,0.0078531647140578,18,0.0012137514752969664
transformer,transformer_add_rho0_wd0.1_tiersNone,1002,add,0.0,0.1,final,natural,out,26,0.062109087049632514,6,0.0012137514752969664
transformer,transformer_add_rho0_wd0.1_tiersNone,1002,add,0.0,0.1,final,natural,out,27,0.006199137309075933,28,0.0012137514752969664
transformer,transformer_add_rho0_wd0.1_tiersNone,1002,add,0.0,0.1,final,natural,out,28,0.0031660395340570974,42,0.0012137514752969664
transformer,transformer_add_rho0_wd0.1_tiersNone,1002,add,0.0,0.1,final,natural,out,29,0.00537297498057222,33,0.0012137514752969664
transformer,transformer_add_rho0_wd0.1_tiersNone,1002,add,0.0,0.1,final,natural,out,30,0.00240292634482217,65,0.0012137514752969664
transformer,transformer_add_rho0_wd0.1_tiersNone,1002,add,0.0,0.1,final,natural,out,31,0.005716148486158798,29,0.0012137514752969664
transformer,transformer_add_rho0_wd0.1_tiersNone,1002,add,0.0,0.1,final,natural,out,32,0.0039885034133165355,37,0.0012137514752969664
transformer,transformer_add_rho0_wd0.1_tiersNone,1002,add,0.0,0.1,final,natural,out,33,0.004759841566331294,34,0.0012137514752969664
transformer,transformer_add_rho0_wd0.1_tiersNone,1002,add,0.0,0.1,final,natural,out,34,0.0029136519385429475,52,0.0012137514752969664
transformer,transformer_add_rho0_wd0.1_tiersNone,1002,add,0.0,0.1,final,natural,out,35,0.0030521709714146695,44,0.0012137514752969664
transformer,transformer_add_rho0_wd0.1_tiersNone,1002,add,0.0,0.1,final,natural,out,36,0.0025032149725491785,60,0.0012137514752969664
transformer,transformer_add_rho0_wd0.1_tiersNone,1002,add,0.0,0.1,final,natural,out,37,0.008015778295899837,17,0.0012137514752969664
transformer,transformer_add_rho0_wd0.1_tiersNone,1002,add,0.0,0.1,final,natural,out,38,0.01732200117240577,7,0.0012137514752969664
transformer,transformer_add_rho0_wd0.1_tiersNone,1002,add,0.0,0.1,final,natural,out,39,0.0028770846328911425,53,0.0012137514752969664
transformer,transformer_add_rho0_wd0.1_tiersNone,1002,add,0.0,0.1,final,natural,out,40,0.011106708677120393,11,0.0012137514752969664
transformer,transformer_add_rho0_wd0.1_tiersNone,1002,add,0.0,0.1,final,natural,out,41,0.002284559956380663,70,0.0012137514752969664
transformer,transformer_add_rho0_wd0.1_tiersNone,1002,add,0.0,0.1,final,natural,out,42,0.003307144206014035,41,0.0012137514752969664
transformer,transformer_add_rho0_wd0.1_tiersNone,1002,add,0.0,0.1,final,natural,out,43,0.005679818245117367,30,0.0012137514752969664
transformer,transformer_add_rho0_wd0.1_tiersNone,1002,add,0.0,0.1,final,natural,out,44,0.0024578329303572128,63,0.0012137514752969664
transformer,transformer_add_rho0_wd0.1_tiersNone,1002,add,0.0,0.1,final,natural,out,45,0.002739239955293176,56,0.0012137514752969664
transformer,transformer_add_rho0_wd0.1_tiersNone,1002,add,0.0,0.1,final,natural,out,46,0.010121717469101298,12,0.0012137514752969664
transformer,transformer_add_rho0_wd0.1_tiersNone,1002,add,0.0,0.1,final,natural,out,47,0.0037481321607992324,39,0.0012137514752969664
transformer,transformer_add_rho0_wd0.1_tiersNone,1002,add,0.0,0.1,final,natural,out,48,0.0036436331400175803,40,0.0012137514752969664
transformer,transformer_add_rho0_wd0.1_tiersNone,1002,add,0.0,0.1,final,natural,out,49,0.008036336890038012,16,0.0012137514752969664
transformer,transformer_add_rho0_wd0.1_tiersNone,1002,add,0.0,0.1,final,natural,out,50,0.11420677748568282,3,0.0012137514752969664
transformer,transformer_add_rho0_wd0.1_tiersNone,1002,add,0.0,0.1,final,natural,out,51,0.0030600776000144327,43,0.0012137514752969664
transformer,transformer_add_rho0_wd0.1_tiersNone,1002,add,0.0,0.1,final,natural,out,52,0.005386179314234377,32,0.0012137514752969664
transformer,transformer_add_rho0_wd0.1_tiersNone,1002,add,0.0,0.1,final,natural,out,53,0.11552601266086426,2,0.0012137514752969664
transformer,transformer_add_rho0_wd0.1_tiersNone,1002,add,0.0,0.1,final,natural,out,54,0.002826508217761086,55,0.0012137514752969664
transformer,transformer_add_rho0_wd0.1_tiersNone,1002,add,0.0,0.1,final,natural,out,55,0.0022861111461100485,69,0.0012137514752969664
transformer,transformer_add_rho0_wd0.1_tiersNone,1002,add,0.0,0.1,final,natural,out,56,0.0026553012995451535,57,0.0012137514752969664
transformer,transformer_add_rho0_wd0.1_tiersNone,1002,add,0.0,0.1,final,natural,out,57,0.0037854223512935516,38,0.0012137514752969664
transformer,transformer_add_rho0_wd0.1_tiersNone,1002,add,0.0,0.1,final,natural,out,58,0.0029277428206437683,51,0.0012137514752969664
transformer,transformer_add_rho0_wd0.1_tiersNone,1002,add,0.0,0.1,final,natural,out,59,0.15446666731072436,1,0.0012137514752969664
transformer,transformer_add_rho0_wd0.1_tiersNone,1002,add,0.0,0.1,final,natural,out,60,0.0021055225015129127,73,0.0012137514752969664
transformer,transformer_add_rho0_wd0.1_tiersNone,1002,add,0.0,0.1,final,natural,out,61,0.002984343579181819,47,0.0012137514752969664
transformer,transformer_add_rho0_wd0.1_tiersNone,1002,add,0.0,0.1,final,natural,out,62,0.0023757142167678312,66,0.0012137514752969664
transformer,transformer_add_rho0_wd0.1_tiersNone,1002,add,0.0,0.1,final,natural,out,63,0.0024625684455401435,62,0.0012137514752969664
transformer,transformer_add_rho0_wd0.1_tiersNone,1002,add,0.0,0.1,final,natural,out,64,0.005422771822907204,31,0.0012137514752969664
transformer,transformer_add_rho0_wd0.1_tiersNone,1002,add,0.0,0.1,final,natural,out,65,0.00252193924732936,59,0.0012137514752969664
transformer,transformer_add_rho0_wd0.1_tiersNone,1002,add,0.0,0.1,final,natural,out,66,0.0029707027337227006,48,0.0012137514752969664
transformer,transformer_add_rho0_wd0.1_tiersNone,1002,add,0.0,0.1,final,natural,out,67,0.002831095889317636,54,0.0012137514752969664
transformer,transformer_add_rho0_wd0.1_tiersNone,1002,add,0.0,0.1,final,natural,out,68,0.0029706115522359984,49,0.0012137514752969664
transformer,transformer_add_rho0_wd0.1_tiersNone,1002,add,0.0,0.1,final,natural,out,69,0.0030488280938813003,45,0.0012137514752969664
transformer,transformer_add_rho0_wd0.1_tiersNone,1002,add,0.0,0.1,final,natural,out,70,0.004682571129162447,35,0.0012137514752969664
transformer,transformer_add_rho0_wd0.1_tiersNone,1002,add,0.0,0.1,final,natural,out,71,0.006227350451907357,27,0.0012137514752969664
transformer,transformer_add_rho0_wd0.1_tiersNone,1002,add,0.0,0.1,final,natural,out,72,0.0030280708923453824,46,0.0012137514752969664
transformer,transformer_add_rho0_wd0.1_tiersNone,1002,add,0.0,0.1,final,natural,out,73,0.09953073680945053,5,0.0012137514752969664
transformer,transformer_add_rho0_wd0.1_tiersNone,1002,add,0.0,0.1,final,natural,out,74,0.11364394206706047,4,0.0012137514752969664
transformer,transformer_add_rho0_wd0.3_tiersNone,1000,add,0.0,0.3,final,natural,in,1,0.0037853696851114895,17,0.005664383947985018
transformer,transformer_add_rho0_wd0.3_tiersNone,1000,add,0.0,0.3,final,natural,in,2,0.0017450419868586264,67,0.005664383947985018
transformer,transformer_add_rho0_wd0.3_tiersNone,1000,add,0.0,0.3,final,natural,in,3,0.001981192545061503,51,0.005664383947985018
transformer,transformer_add_rho0_wd0.3_tiersNone,1000,add,0.0,0.3,final,natural,in,4,0.005563574268493076,14,0.005664383947985018
transformer,transformer_add_rho0_wd0.3_tiersNone,1000,add,0.0,0.3,final,natural,in,5,0.010643255630027772,11,0.005664383947985018
transformer,transformer_add_rho0_wd0.3_tiersNone,1000,add,0.0,0.3,final,natural,in,6,0.0023344841211172026,38,0.005664383947985018
transformer,transformer_add_rho0_wd0.3_tiersNone,1000,add,0.0,0.3,final,natural,in,7,0.0016867260932996108,71,0.005664383947985018
transformer,transformer_add_rho0_wd0.3_tiersNone,1000,add,0.0,0.3,final,natural,in,8,0.0018408162523837143,58,0.005664383947985018
transformer,transformer_add_rho0_wd0.3_tiersNone,1000,add,0.0,0.3,final,natural,in,9,0.003176868581496741,21,0.005664383947985018
transformer,transformer_add_rho0_wd0.3_tiersNone,1000,add,0.0,0.3,final,natural,in,10,0.002421587183128042,34,0.005664383947985018
transformer,transformer_add_rho0_wd0.3_tiersNone,1000,add,0.0,0.3,final,natural,in,11,0.001739107217865029,68,0.005664383947985018
transformer,transformer_add_rho0_wd0.3_tiersNone,1000,add,0.0,0.3,final,natural,in,12,0.0018298469666871635,59,0.005664383947985018
transformer,transformer_add_rho0_wd0.3_tiersNone,1000,add,0.0,0.3,final,natural,in,13,0.0027978953199978454,25,0.005664383947985018
transformer,transformer_add_rho0_wd0.3_tiersNone,1000,add,0.0,0.3,final,natural,in,14,0.0027615881037957586,26,0.005664383947985018
transformer,transformer_add_rho0_wd0.3_tiersNone,1000,add,0.0,0.3,final,natural,in,15,0.002508495127482522,32,0.005664383947985018
transformer,transformer_add_rho0_wd0.3_tiersNone,1000,add,0.0,0.3,final,natural,in,16,0.001706714737963151,70,0.005664383947985018
transformer,transformer_add_rho0_wd0.3_tiersNone,1000,add,0.0,0.3,final,natural,in,17,0.0021715438360162607,44,0.005664383947985018
transformer,transformer_add_rho0_wd0.3_tiersNone,1000,add,0.0,0.3,final,natural,in,18,0.00258861683298525,29,0.005664383947985018
transformer,transformer_add_rho0_wd0.3_tiersNone,1000,add,0.0,0.3,final,natural,in,19,0.0019228814200282498,54,0.005664383947985018
transformer,transformer_add_rho0_wd0.3_tiersNone,1000,add,0.0,0.3,final,natural,in,20,0.0020756232605531905,46,0.005664383947985018
transformer,transformer_add_rho0_wd0.3_tiersNone,1000,add,0.0,0.3,final,natural,in,21,0.002039868167514984,49,0.005664383947985018
transformer,transformer_add_rho0_wd0.3_tiersNone,1000,add,0.0,0.3,final,natural,in,22,0.10040704551785888,5,0.005664383947985018
transformer,transformer_add_rho0_wd0.3_tiersNone,1000,add,0.0,0.3,final,natural,in,23,0.003079951816820748,22,0.005664383947985018
transformer,transformer_add_rho0_wd0.3_tiersNone,1000,add,0.0,0.3,final,natural,in,24,0.0017713839000236052,64,0.005664383947985018
transformer,transformer_add_rho0_wd0.3_tiersNone,1000,add,0.0,0.3,final,natural,in,25,0.0018259524103479252,60,0.005664383947985018
transformer,transformer_add_rho0_wd0.3_tiersNone,1000,add,0.0,0.3,final,natural,in,26,0.1523607087277502,2,0.005664383947985018
transformer,transformer_add_rho0_wd0.3_tiersNone,1000,add,0.0,0.3,final,natural,in,27,0.0022330633744645422,39,0.005664383947985018
transformer,transformer_add_rho0_wd0.3_tiersNone,1000,add,0.0,0.3,final,natural,in,28,0.0017643339792903108,65,0.005664383947985018
transformer,transformer_add_rho0_wd0.3_tiersNone,1000,add,0.0,0.3,final,natural,in,29,0.1888522223324132,1,0.005664383947985018
transformer,transformer_add_rho0_wd0.3_tiersNone,1000,add,0.0,0.3,final,natural,in,30,0.0037662605886296966,18,0.005664383947985018
transformer,transformer_add_rho0_wd0.3_tiersNone,1000,add,0.0,0.3,final,natural,in,31,0.0019143515428399454,55,0.005664383947985018
transformer,transformer_add_rho0_wd0.3_tiersNone,1000,add,0.0,0.3,final,natural,in,32,0.0019723906972821488,52,0.005664383947985018
transformer,transformer_add_rho0_wd0.3_tiersNone,1000,add,0.0,0.3,final,natural,in,33,0.0030094901626697874,23,0.005664383947985018
transformer,transformer_add_rho0_wd0.3_tiersNone,1000,add,0.0,0.3,final,natural,in,34,0.0023894064685861358,37,0.005664383947985018
transformer,transformer_add_rho0_wd0.3_tiersNone,1000,add,0.0,0.3,final,natural,in,35,0.0337153680549692,8,0.005664383947985018
transformer,transformer_add_rho0_wd0.3_tiersNone,1000,add,0.0,0.3,final,natural,in,36,0.002619118042073618,28,0.005664383947985018
transformer,transformer_add_rho0_wd0.3_tiersNone,1000,add,0.0,0.3,final,natural,in,37,0.0017455847289093442,66,0.005664383947985018
transformer,transformer_add_rho0_wd0.3_tiersNone,1000,add,0.0,0.3,final,natural,in,38,0.0020154067960291297,50,0.005664383947985018
transformer,transformer_add_rho0_wd0.3_tiersNone,1000,add,0.0,0.3,final,natural,in,39,0.0025379745235442073,31,0.005664383947985018
transformer,transformer_add_rho0_wd0.3_tiersNone,1000,add,0.0,0.3,final,natural,in,40,0.0022115753497085177,42,0.005664383947985018
transformer,transformer_add_rho0_wd0.3_tiersNone,1000,add,0.0,0.3,final,natural,in,41,0.0016635117883324025,73,0.005664383947985018
transformer,transformer_add_rho0_wd0.3_tiersNone,1000,add,0.0,0.3,final,natural,in,42,0.0017321281315037268,69,0.005664383947985018
transformer,transformer_add_rho0_wd0.3_tiersNone,1000,add,0.0,0.3,final,natural,in,43,0.002709865119592723,27,0.005664383947985018
transformer,transformer_add_rho0_wd0.3_tiersNone,1000,add,0.0,0.3,final,natural,in,44,0.006318068249350636,13,0.005664383947985018
transformer,transformer_add_rho0_wd0.3_tiersNone,1000,add,0.0,0.3,final,natural,in,45,0.0028649514365300713,24,0.005664383947985018
transformer,transformer_add_rho0_wd0.3_tiersNone,1000,add,0.0,0.3,final,natural,in,46,0.0018700451514903178,57,0.005664383947985018
transformer,transformer_add_rho0_wd0.3_tiersNone,1000,add,0.0,0.3,final,natural,in,47,0.0018736876114755143,56,0.005664383947985018
transformer,transformer_add_rho0_wd0.3_tiersNone,1000,add,0.0,0.3,final,natural,in,48,0.10339437568611508,4,0.005664383947985018
transformer,transformer_add_rho0_wd0.3_tiersNone,1000,add,0.0,0.3,final,natural,in,49,0.0038444115260385455,16,0.005664383947985018
transformer,transformer_add_rho0_wd0.3_tiersNone,1000,add,0.0,0.3,final,natural,in,50,0.0020407456463640557,48,0.005664383947985018
transformer,transformer_add_rho0_wd0.3_tiersNone,1000,add,0.0,0.3,final,natural,in,51,0.001664675502072029,72,0.005664383947985018
transformer,transformer_add_rho0_wd0.3_tiersNone,1000,add,0.0,0.3,final,natural,in,52,0.034252373097739784,7,0.005664383947985018
transformer,transformer_add_rho0_wd0.3_tiersNone,1000,add,0.0,0.3,final,natural,in,53,0.005562871529087033,15,0.005664383947985018
transformer,transformer_add_rho0_wd0.3_tiersNone,1000,add,0.0,0.3,final,natural,in,54,0.0018093588428558737,62,0.005664383947985018
transformer,transformer_add_rho0_wd0.3_tiersNone,1000,add,0.0,0.3,final,natural,in,55,0.0022162061636632883,41,0.005664383947985018
transformer,transformer_add_rho0_wd0.3_tiersNone,1000,add,0.0,0.3,final,natural,in,56,0.002060783589286718,47,0.005664383947985018
transformer,transformer_add_rho0_wd0.3_tiersNone,1000,add,0.0,0.3,final,natural,in,57,0.12308050245722738,3,0.005664383947985018
transformer,transformer_add_rho0_wd0.3_tiersNone,1000,add,0.0,0.3,final,natural,in,58,0.05235463213363377,6,0.005664383947985018
transformer,transformer_add_rho0_wd0.3_tiersNone,1000,add,0.0,0.3,final,natural,in,59,0.0020850107313143173,45,0.005664383947985018
transformer,transformer_add_rho0_wd0.3_tiersNone,1000,add,0.0,0.3,final,natural,in,60,0.0017916345915076775,63,0.005664383947985018
transformer,transformer_add_rho0_wd0.3_tiersNone,1000,add,0.0,0.3,final,natural,in,61,0.0023919017249288818,35,0.005664383947985018
transformer,transformer_add_rho0_wd0.3_tiersNone,1000,add,0.0,0.3,final,natural,in,62,0.02750760795958611,9,0.005664383947985018
transformer,transformer_add_rho0_wd0.3_tiersNone,1000,add,0.0,0.3,final,natural,in,63,0.001559708130691719,74,0.005664383947985018
transformer,transformer_add_rho0_wd0.3_tiersNone,1000,add,0.0,0.3,final,natural,in,64,0.0019573204113824995,53,0.005664383947985018
transformer,transformer_add_rho0_wd0.3_tiersNone,1000,add,0.0,0.3,final,natural,in,65,0.0025492094686111054,30,0.005664383947985018
transformer,transformer_add_rho0_wd0.3_tiersNone,1000,add,0.0,0.3,final,natural,in,66,0.003587694533815342,19,0.005664383947985018
transformer,transformer_add_rho0_wd0.3_tiersNone,1000,add,0.0,0.3,final,natural,in,67,0.0022045341677768057,43,0.005664383947985018
transformer,transformer_add_rho0_wd0.3_tiersNone,1000,add,0.0,0.3,final,natural,in,68,0.0024667106221619227,33,0.005664383947985018
transformer,transformer_add_rho0_wd0.3_tiersNone,1000,add,0.0,0.3,final,natural,in,69,0.0023902540588939835,36,0.005664383947985018
transformer,transformer_add_rho0_wd0.3_tiersNone,1000,add,0.0,0.3,final,natural,in,70,0.00968616197176494,12,0.005664383947985018
transformer,transformer_add_rho0_wd0.3_tiersNone,1000,add,0.0,0.3,final,natural,in,71,0.011573876153157492,10,0.005664383947985018
transformer,transformer_add_rho0_wd0.3_tiersNone,1000,add,0.0,0.3,final,natural,in,72,0.0018117323669021312,61,0.005664383947985018
transformer,transformer_add_rho0_wd0.3_tiersNone,1000,add,0.0,0.3,final,natural,in,73,0.002228851958734284,40,0.005664383947985018
transformer,transformer_add_rho0_wd0.3_tiersNone,1000,add,0.0,0.3,final,natural,in,74,0.003381911134333646,20,0.005664383947985018
transformer,transformer_add_rho0_wd0.3_tiersNone,1000,add,0.0,0.3,final,natural,out,1,0.0029911601373109544,27,0.0010557328272866886
transformer,transformer_add_rho0_wd0.3_tiersNone,1000,add,0.0,0.3,final,natural,out,2,0.0020108151590465103,55,0.0010557328272866886
transformer,transformer_add_rho0_wd0.3_tiersNone,1000,add,0.0,0.3,final,natural,out,3,0.015777737974628187,12,0.0010557328272866886
transformer,transformer_add_rho0_wd0.3_tiersNone,1000,add,0.0,0.3,final,natural,out,4,0.017749449585837438,11,0.0010557328272866886
transformer,transformer_add_rho0_wd0.3_tiersNone,1000,add,0.0,0.3,final,natural,out,5,0.0032412109854790226,24,0.0010557328272866886
transformer,transformer_add_rho0_wd0.3_tiersNone,1000,add,0.0,0.3,final,natural,out,6,0.002183512482478825,46,0.0010557328272866886
transformer,transformer_add_rho0_wd0.3_tiersNone,1000,add,0.0,0.3,final,natural,out,7,0.017815262106358917,10,0.0010557328272866886
transformer,transformer_add_rho0_wd0.3_tiersNone,1000,add,0.0,0.3,final,natural,out,8,0.0023329474237065305,37,0.0010557328272866886
transformer,transformer_add_rho0_wd0.3_tiersNone,1000,add,0.0,0.3,final,natural,out,9,0.005719445140551412,23,0.0010557328272866886
transformer,transformer_add_rho0_wd0.3_tiersNone,1000,add,0.0,0.3,final,natural,out,10,0.0017427097354594013,67,0.0010557328272866886
transformer,transformer_add_rho0_wd0.3_tiersNone,1000,add,0.0,0.3,final,natural,out,11,0.0016988769254378294,70,0.0010557328272866886
transformer,transformer_add_rho0_wd0.3_tiersNone,1000,add,0.0,0.3,final,natural,out,12,0.002140652134546319,49,0.0010557328272866886
transformer,transformer_add_rho0_wd0.3_tiersNone,1000,add,0.0,0.3,final,natural,out,13,0.002662051701114191,30,0.0010557328272866886
transformer,transformer_add_rho0_wd0.3_tiersNone,1000,add,0.0,0.3,final,natural,out,14,0.0021794819507761393,47,0.0010557328272866886
transformer,transformer_add_rho0_wd0.3_tiersNone,1000,add,0.0,0.3,final,natural,out,15,0.0026781651520993923,29,0.0010557328272866886
transformer,transformer_add_rho0_wd0.3_tiersNone,1000,add,0.0,0.3,final,natural,out,16,0.0017634681971366538,65,0.0010557328272866886
transformer,transformer_add_rho0_wd0.3_tiersNone,1000,add,0.0,0.3,final,natural,out,17,0.0017122537023927021,69,0.0010557328272866886
transformer,transformer_add_rho0_wd0.3_tiersNone,1000,add,0.0,0.3,final,natural,out,18,0.001770092318323698,64,0.0010557328272866886
transformer,transformer_add_rho0_wd0.3_tiersNone,1000,add,0.0,0.3,final,natural,out,19,0.008287606561601617,22,0.0010557328272866886
transformer,transformer_add_rho0_wd0.3_tiersNone,1000,add,0.0,0.3,final,natural,out,20,0.002347995963713993,34,0.0010557328272866886
transformer,transformer_add_rho0_wd0.3_tiersNone,1000,add,0.0,0.3,final,natural,out,21,0.0018564965718265215,62,0.0010557328272866886
transformer,transformer_add_rho0_wd0.3_tiersNone,1000,add,0.0,0.3,final,natural,out,22,0.04261986623457338,6,0.0010557328272866886
transformer,transformer_add_rho0_wd0.3_tiersNone,1000,add,0.0,0.3,final,natural,out,23,0.0020569742800201772,51,0.0010557328272866886
transformer,transformer_add_rho0_wd0.3_tiersNone,1000,add,0.0,0.3,final,natural,out,24,0.0018850839043193068,61,0.0010557328272866886
transformer,transformer_add_rho0_wd0.3_tiersNone,1000,add,0.0,0.3,final,natural,out,25,0.0019066137151214867,59,0.0010557328272866886
transformer,transformer_add_rho0_wd0.3_tiersNone,1000,add,0.0,0.3,final,natural,out,26,0.14585251027016202,2,0.0010557328272866886
transformer,transformer_add_rho0_wd0.3_tiersNone,1000,add,0.0,0.3,final,natural,out,27,0.0017208737757626593,68,0.0010557328272866886
transformer,transformer_add_rho0_wd0.3_tiersNone,1000,add,0.0,0.3,final,natural,out,28,0.015639714073126046,13,0.0010557328272866886
transformer,transformer_add_rho0_wd0.3_tiersNone,1000,add,0.0,0.3,final,natural,out,29,0.15824286456765074,1,0.0010557328272866886
transformer,transformer_add_rho0_wd0.3_tiersNone,1000,add,0.0,0.3,final,natural,out,30,0.002443217875035379,31,0.0010557328272866886
transformer,transformer_add_rho0_wd0.3_tiersNone,1000,add,0.0,0.3,final,natural,out,31,0.009880438459490175,19,0.0010557328272866886
transformer,transformer_add_rho0_wd0.3_tiersNone,1000,add,0.0,0.3,final,natural,out,32,0.002364790254400431,33,0.0010557328272866886
transformer,transformer_add_rho0_wd0.3_tiersNone,1000,add,0.0,0.3,final,natural,out,33,0.0021066418806660425,50,0.0010557328272866886
transformer,transformer_add_rho0_wd0.3_tiersNone,1000,add,0.0,0.3,final,natural,out,34,0.002269631249410108,40,0.0010557328272866886
transformer,transformer_add_rho0_wd0.3_tiersNone,1000,add,0.0,0.3,final,natural,out,35,0.028219660751067552,7,0.0010557328272866886
transformer,transformer_add_rho0_wd0.3_tiersNone,1000,add,0.0,0.3,final,natural,out,36,0.001912096753397364,58,0.0010557328272866886
transformer,transformer_add_rho0_wd0.3_tiersNone,1000,add,0.0,0.3,final,natural,out,37,0.0021862665873644293,45,0.0010557328272866886
transformer,transformer_add_rho0_wd0.3_tiersNone,1000,add,0.0,0.3,final,natural,out,38,0.0024142358547667147,32,0.0010557328272866886
transformer,transformer_add_rho0_wd0.3_tiersNone,1000,add,0.0,0.3,final,natural,out,39,0.002015482846777679,54,0.0010557328272866886
transformer,transformer_add_rho0_wd0.3_tiersNone,1000,add,0.0,0.3,final,natural,out,40,0.0016768725857689232,71,0.0010557328272866886
transformer,transformer_add_rho0_wd0.3_tiersNone,1000,add,0.0,0.3,final,natural,out,41,0.0023033582905553117,38,0.0010557328272866886
transformer,transformer_add_rho0_wd0.3_tiersNone,1000,add,0.0,0.3,final,natural,out,42,0.0016671978818762999,72,0.0010557328272866886
transformer,transformer_add_rho0_wd0.3_tiersNone,1000,add,0.0,0.3,final,natural,out,43,0.001887080860227579,60,0.0010557328272866886
transformer,transformer_add_rho0_wd0.3_tiersNone,1000,add,0.0,0.3,final,natural,out,44,0.013909751054023383,16,0.0010557328272866886
transformer,transformer_add_rho0_wd0.3_tiersNone,1000,add,0.0,0.3,final,natural,out,45,0.002702050908555131,28,0.0010557328272866886
transformer,transformer_add_rho0_wd0.3_tiersNone,1000,add,0.0,0.3,final,natural,out,46,0.0016647861342866473,73,0.0010557328272866886
transformer,transformer_add_rho0_wd0.3_tiersNone,1000,add,0.0,0.3,final,natural,out,47,0.0016637077456551996,74,0.0010557328272866886
transformer,transformer_add_rho0_wd0.3_tiersNone,1000,add,0.0,0.3,final,natural,out,48,0.10952595658458683,4,0.0010557328272866886
transformer,transformer_add_rho0_wd0.3_tiersNone,1000,add,0.0,0.3,final,natural,out,49,0.0019586582098794826,56,0.0010557328272866886
transformer,transformer_add_rho0_wd0.3_tiersNone,1000,add,0.0,0.3,final,natural,out,50,0.0022492971157951226,43,0.0010557328272866886
transformer,transformer_add_rho0_wd0.3_tiersNone,1000,add,0.0,0.3,final,natural,out,51,0.015212462631838104,14,0.0010557328272866886
transformer,transformer_add_rho0_wd0.3_tiersNone,1000,add,0.0,0.3,final,natural,out,52,0.020867324974689225,9,0.0010557328272866886
transformer,transformer_add_rho0_wd0.3_tiersNone,1000,add,0.0,0.3,final,natural,out,53,0.0031194986880085382,25,0.0010557328272866886
transformer,transformer_add_rho0_wd0.3_tiersNone,1000,add,0.0,0.3,final,natural,out,54,0.0020391129530833167,52,0.0010557328272866886
transformer,transformer_add_rho0_wd0.3_tiersNone,1000,add,0.0,0.3,final,natural,out,55,0.021666868550381666,8,0.0010557328272866886
transformer,transformer_add_rho0_wd0.3_tiersNone,1000,add,0.0,0.3,final,natural,out,56,0.0019584578366799235,57,0.0010557328272866886
transformer,transformer_add_rho0_wd0.3_tiersNone,1000,add,0.0,0.3,final,natural,out,57,0.12351505045633267,3,0.0010557328272866886
transformer,transformer_add_rho0_wd0.3_tiersNone,1000,add,0.0,0.3,final,natural,out,58,0.06173141108115787,5,0.0010557328272866886
transformer,transformer_add_rho0_wd0.3_tiersNone,1000,add,0.0,0.3,final,natural,out,59,0.0022296098641474953,44,0.0010557328272866886
transformer,transformer_add_rho0_wd0.3_tiersNone,1000,add,0.0,0.3,final,natural,out,60,0.0022669961420881883,41,0.0010557328272866886
transformer,transformer_add_rho0_wd0.3_tiersNone,1000,add,0.0,0.3,final,natural,out,61,0.00216643024538794,48,0.0010557328272866886
transformer,transformer_add_rho0_wd0.3_tiersNone,1000,add,0.0,0.3,final,natural,out,62,0.002334222493678834,36,0.0010557328272866886
transformer,transformer_add_rho0_wd0.3_tiersNone,1000,add,0.0,0.3,final,natural,out,63,0.013637613977631692,17,0.0010557328272866886
transformer,transformer_add_rho0_wd0.3_tiersNone,1000,add,0.0,0.3,final,natural,out,64,0.0031051326466294874,26,0.0010557328272866886
transformer,transformer_add_rho0_wd0.3_tiersNone,1000,add,0.0,0.3,final,natural,out,65,0.002257312950801489,42,0.0010557328272866886
transformer,transformer_add_rho0_wd0.3_tiersNone,1000,add,0.0,0.3,final,natural,out,66,0.009445738384148814,20,0.0010557328272866886
transformer,transformer_add_rho0_wd0.3_tiersNone,1000,add,0.0,0.3,final,natural,out,67,0.002023653135037762,53,0.0010557328272866886
transformer,transformer_add_rho0_wd0.3_tiersNone,1000,add,0.0,0.3,final,natural,out,68,0.0022735964671453373,39,0.0010557328272866886
transformer,transformer_add_rho0_wd0.3_tiersNone,1000,add,0.0,0.3,final,natural,out,69,0.002347652776696109,35,0.0010557328272866886
transformer,transformer_add_rho0_wd0.3_tiersNone,1000,add,0.0,0.3,final,natural,out,70,0.015194871065101697,15,0.0010557328272866886
transformer,transformer_add_rho0_wd0.3_tiersNone,1000,add,0.0,0.3,final,natural,out,71,0.0017498678035271025,66,0.0010557328272866886
transformer,transformer_add_rho0_wd0.3_tiersNone,1000,add,0.0,0.3,final,natural,out,72,0.008697778954253017,21,0.0010557328272866886
transformer,transformer_add_rho0_wd0.3_tiersNone,1000,add,0.0,0.3,final,natural,out,73,0.001822169671397062,63,0.0010557328272866886
transformer,transformer_add_rho0_wd0.3_tiersNone,1000,add,0.0,0.3,final,natural,out,74,0.010730093636008594,18,0.0010557328272866886
transformer,transformer_add_rho0_wd0.3_tiersNone,1001,add,0.0,0.3,final,natural,in,1,0.007788438739216376,14,0.028464925628857326
transformer,transformer_add_rho0_wd0.3_tiersNone,1001,add,0.0,0.3,final,natural,in,2,0.0019193443653251587,63,0.028464925628857326
transformer,transformer_add_rho0_wd0.3_tiersNone,1001,add,0.0,0.3,final,natural,in,3,0.00273776137278844,33,0.028464925628857326
transformer,transformer_add_rho0_wd0.3_tiersNone,1001,add,0.0,0.3,final,natural,in,4,0.0019426290862271111,61,0.028464925628857326
transformer,transformer_add_rho0_wd0.3_tiersNone,1001,add,0.0,0.3,final,natural,in,5,0.0022471395437438637,49,0.028464925628857326
transformer,transformer_add_rho0_wd0.3_tiersNone,1001,add,0.0,0.3,final,natural,in,6,0.0025582463690603445,34,0.028464925628857326
transformer,transformer_add_rho0_wd0.3_tiersNone,1001,add,0.0,0.3,final,natural,in,7,0.001973953420000222,58,0.028464925628857326
transformer,transformer_add_rho0_wd0.3_tiersNone,1001,add,0.0,0.3,final,natural,in,8,0.10857473351786419,5,0.028464925628857326
transformer,transformer_add_rho0_wd0.3_tiersNone,1001,add,0.0,0.3,final,natural,in,9,0.0023607906118727597,42,0.028464925628857326
transformer,transformer_add_rho0_wd0.3_tiersNone,1001,add,0.0,0.3,final,natural,in,10,0.002529941507697309,38,0.028464925628857326
transformer,transformer_add_rho0_wd0.3_tiersNone,1001,add,0.0,0.3,final,natural,in,11,0.0025345427763694525,37,0.028464925628857326
transformer,transformer_add_rho0_wd0.3_tiersNone,1001,add,0.0,0.3,final,natural,in,12,0.11286988730377909,2,0.028464925628857326
transformer,transformer_add_rho0_wd0.3_tiersNone,1001,add,0.0,0.3,final,natural,in,13,0.02572081858680208,7,0.028464925628857326
transformer,transformer_add_rho0_wd0.3_tiersNone,1001,add,0.0,0.3,final,natural,in,14,0.1112663865652238,4,0.028464925628857326
transformer,transformer_add_rho0_wd0.3_tiersNone,1001,add,0.0,0.3,final,natural,in,15,0.0035064880891493215,30,0.028464925628857326
transformer,transformer_add_rho0_wd0.3_tiersNone,1001,add,0.0,0.3,final,natural,in,16,0.025042144165258615,8,0.028464925628857326
transformer,transformer_add_rho0_wd0.3_tiersNone,1001,add,0.0,0.3,final,natural,in,17,0.0016708469671776276,74,0.028464925628857326
transformer,transformer_add_rho0_wd0.3_tiersNone,1001,add,0.0,0.3,final,natural,in,18,0.0018803800894937564,64,0.028464925628857326
transformer,transformer_add_rho0_wd0.3_tiersNone,1001,add,0.0,0.3,final,natural,in,19,0.001847316190151881,68,0.028464925628857326
transformer,transformer_add_rho0_wd0.3_tiersNone,1001,add,0.0,0.3,final,natural,in,20,0.0024809273226790054,40,0.028464925628857326
transformer,transformer_add_rho0_wd0.3_tiersNone,1001,add,0.0,0.3,final,natural,in,21,0.004205667383532079,25,0.028464925628857326
transformer,transformer_add_rho0_wd0.3_tiersNone,1001,add,0.0,0.3,final,natural,in,22,0.006858091159467751,15,0.028464925628857326
transformer,transformer_add_rho0_wd0.3_tiersNone,1001,add,0.0,0.3,final,natural,in,23,0.0035101337302964383,29,0.028464925628857326
transformer,transformer_add_rho0_wd0.3_tiersNone,1001,add,0.0,0.3,final,natural,in,24,0.019295588722643187,11,0.028464925628857326
transformer,transformer_add_rho0_wd0.3_tiersNone,1001,add,0.0,0.3,final,natural,in,25,0.002479840602287485,41,0.028464925628857326
transformer,transformer_add_rho0_wd0.3_tiersNone,1001,add,0.0,0.3,final,natural,in,26,0.0018568902110482777,66,0.028464925628857326
transformer,transformer_add_rho0_wd0.3_tiersNone,1001,add,0.0,0.3,final,natural,in,27,0.004098510698125213,26,0.028464925628857326
transformer,transformer_add_rho0_wd0.3_tiersNone,1001,add,0.0,0.3,final,natural,in,28,0.013083421220300316,13,0.028464925628857326
transformer,transformer_add_rho0_wd0.3_tiersNone,1001,add,0.0,0.3,final,natural,in,29,0.11222836741300332,3,0.028464925628857326
transformer,transformer_add_rho0_wd0.3_tiersNone,1001,add,0.0,0.3,final,natural,in,30,0.002278344309907706,46,0.028464925628857326
transformer,transformer_add_rho0_wd0.3_tiersNone,1001,add,0.0,0.3,final,natural,in,31,0.0017174990926749655,72,0.028464925628857326
transformer,transformer_add_rho0_wd0.3_tiersNone,1001,add,0.0,0.3,final,natural,in,32,0.0046340128291909345,22,0.028464925628857326
transformer,transformer_add_rho0_wd0.3_tiersNone,1001,add,0.0,0.3,final,natural,in,33,0.006339682410607767,17,0.028464925628857326
transformer,transformer_add_rho0_wd0.3_tiersNone,1001,add,0.0,0.3,final,natural,in,34,0.00397026976146794,27,0.028464925628857326
transformer,transformer_add_rho0_wd0.3_tiersNone,1001,add,0.0,0.3,final,natural,in,35,0.01935750247755825,10,0.028464925628857326
transformer,transformer_add_rho0_wd0.3_tiersNone,1001,add,0.0,0.3,final,natural,in,36,0.0058695698237242085,18,0.028464925628857326
transformer,transformer_add_rho0_wd0.3_tiersNone,1001,add,0.0,0.3,final,natural,in,37,0.0022627497128991413,48,0.028464925628857326
transformer,transformer_add_rho0_wd0.3_tiersNone,1001,add,0.0,0.3,final,natural,in,38,0.0021602733605161893,51,0.028464925628857326
transformer,transformer_add_rho0_wd0.3_tiersNone,1001,add,0.0,0.3,final,natural,in,39,0.001736558710783612,71,0.028464925628857326
transformer,transformer_add_rho0_wd0.3_tiersNone,1001,add,0.0,0.3,final,natural,in,40,0.0022832675759395854,45,0.028464925628857326
transformer,transformer_add_rho0_wd0.3_tiersNone,1001,add,0.0,0.3,final,natural,in,41,0.0019399351383566376,62,0.028464925628857326
transformer,transformer_add_rho0_wd0.3_tiersNone,1001,add,0.0,0.3,final,natural,in,42,0.004816194350515327,21,0.028464925628857326
transformer,transformer_add_rho0_wd0.3_tiersNone,1001,add,0.0,0.3,final,natural,in,43,0.0029024872339108347,32,0.028464925628857326
transformer,transformer_add_rho0_wd0.3_tiersNone,1001,add,0.0,0.3,final,natural,in,44,0.004524471712203991,24,0.028464925628857326
transformer,transformer_add_rho0_wd0.3_tiersNone,1001,add,0.0,0.3,final,natural,in,45,0.0020799934980010944,54,0.028464925628857326
transformer,transformer_add_rho0_wd0.3_tiersNone,1001,add,0.0,0.3,final,natural,in,46,0.006821044557135274,16,0.028464925628857326
transformer,transformer_add_rho0_wd0.3_tiersNone,1001,add,0.0,0.3,final,natural,in,47,0.002556446848858193,35,0.028464925628857326
transformer,transformer_add_rho0_wd0.3_tiersNone,1001,add,0.0,0.3,final,natural,in,48,0.0025267136134036446,39,0.028464925628857326
transformer,transformer_add_rho0_wd0.3_tiersNone,1001,add,0.0,0.3,final,natural,in,49,0.0025504251731811286,36,0.028464925628857326
transformer,transformer_add_rho0_wd0.3_tiersNone,1001,add,0.0,0.3,final,natural,in,50,0.0035137096062596374,28,0.028464925628857326
transformer,transformer_add_rho0_wd0.3_tiersNone,1001,add,0.0,0.3,final,natural,in,51,0.0019592597888151275,59,0.028464925628857326
transformer,transformer_add_rho0_wd0.3_tiersNone,1001,add,0.0,0.3,final,natural,in,52,0.0018482445153014705,67,0.028464925628857326
transformer,transformer_add_rho0_wd0.3_tiersNone,1001,add,0.0,0.3,final,natural,in,53,0.002930882025718054,31,0.028464925628857326
transformer,transformer_add_rho0_wd0.3_tiersNone,1001,add,0.0,0.3,final,natural,in,54,0.002051926765916962,55,0.028464925628857326
transformer,transformer_add_rho0_wd0.3_tiersNone,1001,add,0.0,0.3,final,natural,in,55,0.005692337009793956,19,0.028464925628857326
transformer,transformer_add_rho0_wd0.3_tiersNone,1001,add,0.0,0.3,final,natural,in,56,0.002292503083530526,44,0.028464925628857326
transformer,transformer_add_rho0_wd0.3_tiersNone,1001,add,0.0,0.3,final,natural,in,57,0.1053708851768682,6,0.028464925628857326
transformer,transformer_add_rho0_wd0.3_tiersNone,1001,add,0.0,0.3,final,natural,in,58,0.017305352273289158,12,0.028464925628857326
transformer,transformer_add_rho0_wd0.3_tiersNone,1001,add,0.0,0.3,final,natural,in,59,0.002197721231100472,50,0.028464925628857326
transformer,transformer_add_rho0_wd0.3_tiersNone,1001,add,0.0,0.3,final,natural,in,60,0.0017966698879492795,69,0.028464925628857326
transformer,transformer_add_rho0_wd0.3_tiersNone,1001,add,0.0,0.3,final,natural,in,61,0.00167553502894549,73,0.028464925628857326
transformer,transformer_add_rho0_wd0.3_tiersNone,1001,add,0.0,0.3,final,natural,in,62,0.0046278044400828045,23,0.028464925628857326
transformer,transformer_add_rho0_wd0.3_tiersNone,1001,add,0.0,0.3,final,natural,in,63,0.0018597252138687237,65,0.028464925628857326
transformer,transformer_add_rho0_wd0.3_tiersNone,1001,add,0.0,0.3,final,natural,in,64,0.002267241619897379,47,0.028464925628857326
transformer,transformer_add_rho0_wd0.3_tiersNone,1001,add,0.0,0.3,final,natural,in,65,0.002149160862194198,53,0.028464925628857326
transformer,transformer_add_rho0_wd0.3_tiersNone,1001,add,0.0,0.3,final,natural,in,66,0.0023452988548974827,43,0.028464925628857326
transformer,transformer_add_rho0_wd0.3_tiersNone,1001,add,0.0,0.3,final,natural,in,67,0.02496740647129926,9,0.028464925628857326
transformer,transformer_add_rho0_wd0.3_tiersNone,1001,add,0.0,0.3,final,natural,in,68,0.12332395426199737,1,0.028464925628857326
transformer,transformer_add_rho0_wd0.3_tiersNone,1001,add,0.0,0.3,final,natural,in,69,0.001956514239701004,60,0.028464925628857326
transformer,transformer_add_rho0_wd0.3_tiersNone,1001,add,0.0,0.3,final,natural,in,70,0.005546230002374563,20,0.028464925628857326
transformer,transformer_add_rho0_wd0.3_tiersNone,1001,add,0.0,0.3,final,natural,in,71,0.0017877816890665965,70,0.028464925628857326
transformer,transformer_add_rho0_wd0.3_tiersNone,1001,add,0.0,0.3,final,natural,in,72,0.0021594195683562797,52,0.028464925628857326
transformer,transformer_add_rho0_wd0.3_tiersNone,1001,add,0.0,0.3,final,natural,in,73,0.001977468902359919,57,0.028464925628857326
transformer,transformer_add_rho0_wd0.3_tiersNone,1001,add,0.0,0.3,final,natural,in,74,0.0020002975589950567,56,0.028464925628857326
transformer,transformer_add_rho0_wd0.3_tiersNone,1001,add,0.0,0.3,final,natural,out,1,0.003763135549275003,47,0.001673110634511039
transformer,transformer_add_rho0_wd0.3_tiersNone,1001,add,0.0,0.3,final,natural,out,2,0.012481928314111436,20,0.001673110634511039
transformer,transformer_add_rho0_wd0.3_tiersNone,1001,add,0.0,0.3,final,natural,out,3,0.004184837040508243,43,0.001673110634511039
transformer,transformer_add_rho0_wd0.3_tiersNone,1001,add,0.0,0.3,final,natural,out,4,0.009308972584684572,34,0.001673110634511039
transformer,transformer_add_rho0_wd0.3_tiersNone,1001,add,0.0,0.3,final,natural,out,5,0.002783258629738217,64,0.001673110634511039
transformer,transformer_add_rho0_wd0.3_tiersNone,1001,add,0.0,0.3,final,natural,out,6,0.012140768880415858,23,0.001673110634511039
transformer,transformer_add_rho0_wd0.3_tiersNone,1001,add,0.0,0.3,final,natural,out,7,0.0024936275342580428,68,0.001673110634511039
transformer,transformer_add_rho0_wd0.3_tiersNone,1001,add,0.0,0.3,final,natural,out,8,0.08491975315612985,2,0.001673110634511039
transformer,transformer_add_rho0_wd0.3_tiersNone,1001,add,0.0,0.3,final,natural,out,9,0.0024077294668274018,70,0.001673110634511039
transformer,transformer_add_rho0_wd0.3_tiersNone,1001,add,0.0,0.3,final,natural,out,10,0.0033447193768498217,53,0.001673110634511039
transformer,transformer_add_rho0_wd0.3_tiersNone,1001,add,0.0,0.3,final,natural,out,11,0.014965161498470414,17,0.001673110634511039
transformer,transformer_add_rho0_wd0.3_tiersNone,1001,add,0.0,0.3,final,natural,out,12,0.08558660713901535,1,0.001673110634511039
transformer,transformer_add_rho0_wd0.3_tiersNone,1001,add,0.0,0.3,final,natural,out,13,0.005753011109149026,37,0.001673110634511039
transformer,transformer_add_rho0_wd0.3_tiersNone,1001,add,0.0,0.3,final,natural,out,14,0.06202958929607082,6,0.001673110634511039
transformer,transformer_add_rho0_wd0.3_tiersNone,1001,add,0.0,0.3,final,natural,out,15,0.01711839852604431,11,0.001673110634511039
transformer,transformer_add_rho0_wd0.3_tiersNone,1001,add,0.0,0.3,final,natural,out,16,0.004534889551784223,39,0.001673110634511039
transformer,transformer_add_rho0_wd0.3_tiersNone,1001,add,0.0,0.3,final,natural,out,17,0.014507952288273108,18,0.001673110634511039
transformer,transformer_add_rho0_wd0.3_tiersNone,1001,add,0.0,0.3,final,natural,out,18,0.0034756005315360267,50,0.001673110634511039
transformer,transformer_add_rho0_wd0.3_tiersNone,1001,add,0.0,0.3,final,natural,out,19,0.002287102718099701,72,0.001673110634511039
transformer,transformer_add_rho0_wd0.3_tiersNone,1001,add,0.0,0.3,final,natural,out,20,0.011443095805721927,25,0.001673110634511039
transformer,transformer_add_rho0_wd0.3_tiersNone,1001,add,0.0,0.3,final,natural,out,21,0.015810576621371846,13,0.001673110634511039
transformer,transformer_add_rho0_wd0.3_tiersNone,1001,add,0.0,0.3,final,natural,out,22,0.011589713173530764,24,0.001673110634511039
transformer,transformer_add_rho0_wd0.3_tiersNone,1001,add,0.0,0.3,final,natural,out,23,0.0028719411100819954,61,0.001673110634511039
transformer,transformer_add_rho0_wd0.3_tiersNone,1001,add,0.0,0.3,final,natural,out,24,0.022135553190629775,9,0.001673110634511039
transformer,transformer_add_rho0_wd0.3_tiersNone,1001,add,0.0,0.3,final,natural,out,25,0.004856648576403492,38,0.001673110634511039
transformer,transformer_add_rho0_wd0.3_tiersNone,1001,add,0.0,0.3,final,natural,out,26,0.012343020861109751,21,0.001673110634511039
transformer,transformer_add_rho0_wd0.3_tiersNone,1001,add,0.0,0.3,final,natural,out,27,0.0032419688043770997,55,0.001673110634511039
transformer,transformer_add_rho0_wd0.3_tiersNone,1001,add,0.0,0.3,final,natural,out,28,0.015799477298464534,14,0.001673110634511039
transformer,transformer_add_rho0_wd0.3_tiersNone,1001,add,0.0,0.3,final,natural,out,29,0.07285950252480534,5,0.001673110634511039
transformer,transformer_add_rho0_wd0.3_tiersNone,1001,add,0.0,0.3,final,natural,out,30,0.002086919795196536,74,0.001673110634511039
transformer,transformer_add_rho0_wd0.3_tiersNone,1001,add,0.0,0.3,final,natural,out,31,0.0031753333585602225,57,0.001673110634511039
transformer,transformer_add_rho0_wd0.3_tiersNone,1001,add,0.0,0.3,final,natural,out,32,0.00425420423701868,41,0.001673110634511039
transformer,transformer_add_rho0_wd0.3_tiersNone,1001,add,0.0,0.3,final,natural,out,33,0.004066108109474059,44,0.001673110634511039
transformer,transformer_add_rho0_wd0.3_tiersNone,1001,add,0.0,0.3,final,natural,out,34,0.0028421282767319336,62,0.001673110634511039
transformer,transformer_add_rho0_wd0.3_tiersNone,1001,add,0.0,0.3,final,natural,out,35,0.009809338164933293,32,0.001673110634511039
transformer,transformer_add_rho0_wd0.3_tiersNone,1001,add,0.0,0.3,final,natural,out,36,0.003038472109565615,59,0.001673110634511039
transformer,transformer_add_rho0_wd0.3_tiersNone,1001,add,0.0,0.3,final,natural,out,37,0.009804693909247441,33,0.001673110634511039
transformer,transformer_add_rho0_wd0.3_tiersNone,1001,add,0.0,0.3,final,natural,out,38,0.004190657803210244,42,0.001673110634511039
transformer,transformer_add_rho0_wd0.3_tiersNone,1001,add,0.0,0.3,final,natural,out,39,0.010535076578166007,30,0.001673110634511039
transformer,transformer_add_rho0_wd0.3_tiersNone,1001,add,0.0,0.3,final,natural,out,40,0.0032554992626808803,54,0.001673110634511039
transformer,transformer_add_rho0_wd0.3_tiersNone,1001,add,0.0,0.3,final,natural,out,41,0.011115791774168706,28,0.001673110634511039
transformer,transformer_add_rho0_wd0.3_tiersNone,1001,add,0.0,0.3,final,natural,out,42,0.0031666555560211965,58,0.001673110634511039
transformer,transformer_add_rho0_wd0.3_tiersNone,1001,add,0.0,0.3,final,natural,out,43,0.020392513044389275,10,0.001673110634511039
transformer,transformer_add_rho0_wd0.3_tiersNone,1001,add,0.0,0.3,final,natural,out,44,0.0027496837976409842,66,0.001673110634511039
transformer,transformer_add_rho0_wd0.3_tiersNone,1001,add,0.0,0.3,final,natural,out,45,0.01533928387011331,16,0.001673110634511039
transformer,transformer_add_rho0_wd0.3_tiersNone,1001,add,0.0,0.3,final,natural,out,46,0.0027737502340560755,65,0.001673110634511039
transformer,transformer_add_rho0_wd0.3_tiersNone,1001,add,0.0,0.3,final,natural,out,47,0.002221410130461716,73,0.001673110634511039
transformer,transformer_add_rho0_wd0.3_tiersNone,1001,add,0.0,0.3,final,natural,out,48,0.0024334419732857412,69,0.001673110634511039
transformer,transformer_add_rho0_wd0.3_tiersNone,1001,add,0.0,0.3,final,natural,out,49,0.010135544634010707,31,0.001673110634511039
transformer,transformer_add_rho0_wd0.3_tiersNone,1001,add,0.0,0.3,final,natural,out,50,0.002609448995420878,67,0.001673110634511039
transformer,transformer_add_rho0_wd0.3_tiersNone,1001,add,0.0,0.3,final,natural,out,51,0.003962890249482665,45,0.001673110634511039
transformer,transformer_add_rho0_wd0.3_tiersNone,1001,add,0.0,0.3,final,natural,out,52,0.011370212166438794,27,0.001673110634511039
transformer,transformer_add_rho0_wd0.3_tiersNone,1001,add,0.0,0.3,final,natural,out,53,0.003677223778322695,48,0.001673110634511039
transformer,transformer_add_rho0_wd0.3_tiersNone,1001,add,0.0,0.3,final,natural,out,54,0.012173252178268083,22,0.001673110634511039
transformer,transformer_add_rho0_wd0.3_tiersNone,1001,add,0.0,0.3,final,natural,out,55,0.005800880364507277,36,0.001673110634511039
transformer,transformer_add_rho0_wd0.3_tiersNone,1001,add,0.0,0.3,final,natural,out,56,0.01624452145124299,12,0.001673110634511039
transformer,transformer_add_rho0_wd0.3_tiersNone,1001,add,0.0,0.3,final,natural,out,57,0.07433920475793157,4,0.001673110634511039
transformer,transformer_add_rho0_wd0.3_tiersNone,1001,add,0.0,0.3,final,natural,out,58,0.004314392121778338,40,0.001673110634511039
transformer,transformer_add_rho0_wd0.3_tiersNone,1001,add,0.0,0.3,final,natural,out,59,0.0034568235612564805,51,0.001673110634511039
transformer,transformer_add_rho0_wd0.3_tiersNone,1001,add,0.0,0.3,final,natural,out,60,0.011049129313991816,29,0.001673110634511039
transformer,transformer_add_rho0_wd0.3_tiersNone,1001,add,0.0,0.3,final,natural,out,61,0.003626506616197489,49,0.001673110634511039
transformer,transformer_add_rho0_wd0.3_tiersNone,1001,add,0.0,0.3,final,natural,out,62,0.0023727480126821917,71,0.001673110634511039
transformer,transformer_add_rho0_wd0.3_tiersNone,1001,add,0.0,0.3,final,natural,out,63,0.015372037282992175,15,0.001673110634511039
transformer,transformer_add_rho0_wd0.3_tiersNone,1001,add,0.0,0.3,final,natural,out,64,0.0027938638211634295,63,0.001673110634511039
transformer,transformer_add_rho0_wd0.3_tiersNone,1001,add,0.0,0.3,final,natural,out,65,0.007726620028070126,35,0.001673110634511039
transformer,transformer_add_rho0_wd0.3_tiersNone,1001,add,0.0,0.3,final,natural,out,66,0.0032113585712374897,56,0.001673110634511039
transformer,transformer_add_rho0_wd0.3_tiersNone,1001,add,0.0,0.3,final,natural,out,67,0.034182096683139256,7,0.001673110634511039
transformer,transformer_add_rho0_wd0.3_tiersNone,1001,add,0.0,0.3,final,natural,out,68,0.07536590755364837,3,0.001673110634511039
transformer,transformer_add_rho0_wd0.3_tiersNone,1001,add,0.0,0.3,final,natural,out,69,0.022337134434860233,8,0.001673110634511039
transformer,transformer_add_rho0_wd0.3_tiersNone,1001,add,0.0,0.3,final,natural,out,70,0.0037652457991541937,46,0.001673110634511039
transformer,transformer_add_rho0_wd0.3_tiersNone,1001,add,0.0,0.3,final,natural,out,71,0.014025588605123481,19,0.001673110634511039
transformer,transformer_add_rho0_wd0.3_tiersNone,1001,add,0.0,0.3,final,natural,out,72,0.003388371961831986,52,0.001673110634511039
transformer,transformer_add_rho0_wd0.3_tiersNone,1001,add,0.0,0.3,final,natural,out,73,0.011429977403309638,26,0.001673110634511039
transformer,transformer_add_rho0_wd0.3_tiersNone,1001,add,0.0,0.3,final,natural,out,74,0.0029795165112777296,60,0.001673110634511039
transformer,transformer_add_rho0_wd0.3_tiersNone,1002,add,0.0,0.3,final,natural,in,1,0.020827801149676126,10,0.0064412145093242085
transformer,transformer_add_rho0_wd0.3_tiersNone,1002,add,0.0,0.3,final,natural,in,2,0.004416845134603297,20,0.0064412145093242085
transformer,transformer_add_rho0_wd0.3_tiersNone,1002,add,0.0,0.3,final,natural,in,3,0.0029126869751636398,31,0.0064412145093242085
transformer,transformer_add_rho0_wd0.3_tiersNone,1002,add,0.0,0.3,final,natural,in,4,0.003585891659618388,24,0.0064412145093242085
transformer,transformer_add_rho0_wd0.3_tiersNone,1002,add,0.0,0.3,final,natural,in,5,0.0024471221677365845,39,0.0064412145093242085
transformer,transformer_add_rho0_wd0.3_tiersNone,1002,add,0.0,0.3,final,natural,in,6,0.0017293112622547976,68,0.0064412145093242085
transformer,transformer_add_rho0_wd0.3_tiersNone,1002,add,0.0,0.3,final,natural,in,7,0.0030115394931878666,28,0.0064412145093242085
transformer,transformer_add_rho0_wd0.3_tiersNone,1002,add,0.0,0.3,final,natural,in,8,0.001761040238920553,66,0.0064412145093242085
transformer,transformer_add_rho0_wd0.3_tiersNone,1002,add,0.0,0.3,final,natural,in,9,0.0018185351462111977,62,0.0064412145093242085
transformer,transformer_add_rho0_wd0.3_tiersNone,1002,add,0.0,0.3,final,natural,in,10,0.003193002300340596,27,0.0064412145093242085
transformer,transformer_add_rho0_wd0.3_tiersNone,1002,add,0.0,0.3,final,natural,in,11,0.0016340472711637325,73,0.0064412145093242085
transformer,transformer_add_rho0_wd0.3_tiersNone,1002,add,0.0,0.3,final,natural,in,12,0.001782615179215186,64,0.0064412145093242085
transformer,transformer_add_rho0_wd0.3_tiersNone,1002,add,0.0,0.3,final,natural,in,13,0.0017553479116303957,67,0.0064412145093242085
transformer,transformer_add_rho0_wd0.3_tiersNone,1002,add,0.0,0.3,final,natural,in,14,0.0019385258810440315,52,0.0064412145093242085
transformer,transformer_add_rho0_wd0.3_tiersNone,1002,add,0.0,0.3,final,natural,in,15,0.0019839531487636404,51,0.0064412145093242085
transformer,transformer_add_rho0_wd0.3_tiersNone,1002,add,0.0,0.3,final,natural,in,16,0.0071794932815458365,17,0.0064412145093242085
transformer,transformer_add_rho0_wd0.3_tiersNone,1002,add,0.0,0.3,final,natural,in,17,0.001918889886678714,55,0.0064412145093242085
transformer,transformer_add_rho0_wd0.3_tiersNone,1002,add,0.0,0.3,final,natural,in,18,0.0016712131536184465,70,0.0064412145093242085
transformer,transformer_add_rho0_wd0.3_tiersNone,1002,add,0.0,0.3,final,natural,in,19,0.002073197636833464,47,0.0064412145093242085
transformer,transformer_add_rho0_wd0.3_tiersNone,1002,add,0.0,0.3,final,natural,in,20,0.001668594206973066,71,0.0064412145093242085
transformer,transformer_add_rho0_wd0.3_tiersNone,1002,add,0.0,0.3,final,natural,in,21,0.002220643139870882,43,0.0064412145093242085
transformer,transformer_add_rho0_wd0.3_tiersNone,1002,add,0.0,0.3,final,natural,in,22,0.005486649826792042,18,0.0064412145093242085
transformer,transformer_add_rho0_wd0.3_tiersNone,1002,add,0.0,0.3,final,natural,in,23,0.0026769632243086702,36,0.0064412145093242085
transformer,transformer_add_rho0_wd0.3_tiersNone,1002,add,0.0,0.3,final,natural,in,24,0.004889887543295661,19,0.0064412145093242085
transformer,transformer_add_rho0_wd0.3_tiersNone,1002,add,0.0,0.3,final,natural,in,25,0.002793299774113667,33,0.0064412145093242085
transformer,transformer_add_rho0_wd0.3_tiersNone,1002,add,0.0,0.3,final,natural,in,26,0.07973395704274991,6,0.0064412145093242085
transformer,transformer_add_rho0_wd0.3_tiersNone,1002,add,0.0,0.3,final,natural,in,27,0.004389882865211929,21,0.0064412145093242085
transformer,transformer_add_rho0_wd0.3_tiersNone,1002,add,0.0,0.3,final,natural,in,28,0.010656733245347343,12,0.0064412145093242085
transformer,transformer_add_rho0_wd0.3_tiersNone,1002,add,0.0,0.3,final,natural,in,29,0.0415527259299892,7,0.0064412145093242085
transformer,transformer_add_rho0_wd0.3_tiersNone,1002,add,0.0,0.3,final,natural,in,30,0.0025179107580805284,38,0.0064412145093242085
transformer,transformer_add_rho0_wd0.3_tiersNone,1002,add,0.0,0.3,final,natural,in,31,0.02411700908355366,8,0.0064412145093242085
transformer,transformer_add_rho0_wd0.3_tiersNone,1002,add,0.0,0.3,final,natural,in,32,0.0036492955048866406,22,0.0064412145093242085
transformer,transformer_add_rho0_wd0.3_tiersNone,1002,add,0.0,0.3,final,natural,in,33,0.0029642999714416867,29,0.0064412145093242085
transformer,transformer_add_rho0_wd0.3_tiersNone,1002,add,0.0,0.3,final,natural,in,34,0.0018960093005926746,58,0.0064412145093242085
transformer,transformer_add_rho0_wd0.3_tiersNone,1002,add,0.0,0.3,final,natural,in,35,0.001911286299503939,57,0.0064412145093242085
transformer,transformer_add_rho0_wd0.3_tiersNone,1002,add,0.0,0.3,final,natural,in,36,0.0016542329541605516,72,0.0064412145093242085
transformer,transformer_add_rho0_wd0.3_tiersNone,1002,add,0.0,0.3,final,natural,in,37,0.0019117469024181948,56,0.0064412145093242085
transformer,transformer_add_rho0_wd0.3_tiersNone,1002,add,0.0,0.3,final,natural,in,38,0.01952882664060444,11,0.0064412145093242085
transformer,transformer_add_rho0_wd0.3_tiersNone,1002,add,0.0,0.3,final,natural,in,39,0.001932928616187757,53,0.0064412145093242085
transformer,transformer_add_rho0_wd0.3_tiersNone,1002,add,0.0,0.3,final,natural,in,40,0.001766300603871166,65,0.0064412145093242085
transformer,transformer_add_rho0_wd0.3_tiersNone,1002,add,0.0,0.3,final,natural,in,41,0.0017069242340357583,69,0.0064412145093242085
transformer,transformer_add_rho0_wd0.3_tiersNone,1002,add,0.0,0.3,final,natural,in,42,0.003642999024233957,23,0.0064412145093242085
transformer,transformer_add_rho0_wd0.3_tiersNone,1002,add,0.0,0.3,final,natural,in,43,0.02115697613881169,9,0.0064412145093242085
transformer,transformer_add_rho0_wd0.3_tiersNone,1002,add,0.0,0.3,final,natural,in,44,0.0021776189825524796,44,0.0064412145093242085
transformer,transformer_add_rho0_wd0.3_tiersNone,1002,add,0.0,0.3,final,natural,in,45,0.0027206589079250896,34,0.0064412145093242085
transformer,transformer_add_rho0_wd0.3_tiersNone,1002,add,0.0,0.3,final,natural,in,46,0.0020272667625180377,48,0.0064412145093242085
transformer,transformer_add_rho0_wd0.3_tiersNone,1002,add,0.0,0.3,final,natural,in,47,0.0072257515329583735,16,0.0064412145093242085
transformer,transformer_add_rho0_wd0.3_tiersNone,1002,add,0.0,0.3,final,natural,in,48,0.0019296211012533933,54,0.0064412145093242085
transformer,transformer_add_rho0_wd0.3_tiersNone,1002,add,0.0,0.3,final,natural,in,49,0.00879658444490451,13,0.0064412145093242085
transformer,transformer_add_rho0_wd0.3_tiersNone,1002,add,0.0,0.3,final,natural,in,50,0.1123716637541809,4,0.0064412145093242085
transformer,transformer_add_rho0_wd0.3_tiersNone,1002,add,0.0,0.3,final,natural,in,51,0.0018359049249983101,61,0.0064412145093242085
transformer,transformer_add_rho0_wd0.3_tiersNone,1002,add,0.0,0.3,final,natural,in,52,0.007528438148117853,15,0.0064412145093242085
transformer,transformer_add_rho0_wd0.3_tiersNone,1002,add,0.0,0.3,final,natural,in,53,0.1214360783437322,2,0.0064412145093242085
transformer,transformer_add_rho0_wd0.3_tiersNone,1002,add,0.0,0.3,final,natural,in,54,0.0022459828658855847,41,0.0064412145093242085
transformer,transformer_add_rho0_wd0.3_tiersNone,1002,add,0.0,0.3,final,natural,in,55,0.0018484693432479075,60,0.0064412145093242085
transformer,transformer_add_rho0_wd0.3_tiersNone,1002,add,0.0,0.3,final,natural,in,56,0.002094768600984583,45,0.0064412145093242085
transformer,transformer_add_rho0_wd0.3_tiersNone,1002,add,0.0,0.3,final,natural,in,57,0.0032879663989793823,25,0.0064412145093242085
transformer,transformer_add_rho0_wd0.3_tiersNone,1002,add,0.0,0.3,final,natural,in,58,0.0026977270952118593,35,0.0064412145093242085
transformer,transformer_add_rho0_wd0.3_tiersNone,1002,add,0.0,0.3,final,natural,in,59,0.15317036790226363,1,0.0064412145093242085
transformer,transformer_add_rho0_wd0.3_tiersNone,1002,add,0.0,0.3,final,natural,in,60,0.002011021870335559,50,0.0064412145093242085
transformer,transformer_add_rho0_wd0.3_tiersNone,1002,add,0.0,0.3,final,natural,in,61,0.0016069415732851674,74,0.0064412145093242085
transformer,transformer_add_rho0_wd0.3_tiersNone,1002,add,0.0,0.3,final,natural,in,62,0.002227690570638893,42,0.0064412145093242085
transformer,transformer_add_rho0_wd0.3_tiersNone,1002,add,0.0,0.3,final,natural,in,63,0.002011643230246018,49,0.0064412145093242085
transformer,transformer_add_rho0_wd0.3_tiersNone,1002,add,0.0,0.3,final,natural,in,64,0.0020926749730038065,46,0.0064412145093242085
transformer,transformer_add_rho0_wd0.3_tiersNone,1002,add,0.0,0.3,final,natural,in,65,0.0023402951555395964,40,0.0064412145093242085
transformer,transformer_add_rho0_wd0.3_tiersNone,1002,add,0.0,0.3,final,natural,in,66,0.0017909942430287158,63,0.0064412145093242085
transformer,transformer_add_rho0_wd0.3_tiersNone,1002,add,0.0,0.3,final,natural,in,67,0.0018921199067534142,59,0.0064412145093242085
transformer,transformer_add_rho0_wd0.3_tiersNone,1002,add,0.0,0.3,final,natural,in,68,0.003219621721002021,26,0.0064412145093242085
transformer,transformer_add_rho0_wd0.3_tiersNone,1002,add,0.0,0.3,final,natural,in,69,0.002875982285540173,32,0.0064412145093242085
transformer,transformer_add_rho0_wd0.3_tiersNone,1002,add,0.0,0.3,final,natural,in,70,0.0029270057912923536,30,0.0064412145093242085
transformer,transformer_add_rho0_wd0.3_tiersNone,1002,add,0.0,0.3,final,natural,in,71,0.00752873887942245,14,0.0064412145093242085
transformer,transformer_add_rho0_wd0.3_tiersNone,1002,add,0.0,0.3,final,natural,in,72,0.0025845966695739954,37,0.0064412145093242085
transformer,transformer_add_rho0_wd0.3_tiersNone,1002,add,0.0,0.3,final,natural,in,73,0.0990611198045703,5,0.0064412145093242085
transformer,transformer_add_rho0_wd0.3_tiersNone,1002,add,0.0,0.3,final,natural,in,74,0.11836754250681207,3,0.0064412145093242085
transformer,transformer_add_rho0_wd0.3_tiersNone,1002,add,0.0,0.3,final,natural,out,1,0.010017216009749277,19,0.0009964358375894526
transformer,transformer_add_rho0_wd0.3_tiersNone,1002,add,0.0,0.3,final,natural,out,2,0.008534929036527061,24,0.0009964358375894526
transformer,transformer_add_rho0_wd0.3_tiersNone,1002,add,0.0,0.3,final,natural,out,3,0.009055135606117246,22,0.0009964358375894526
transformer,transformer_add_rho0_wd0.3_tiersNone,1002,add,0.0,0.3,final,natural,out,4,0.002855181741245571,40,0.0009964358375894526
transformer,transformer_add_rho0_wd0.3_tiersNone,1002,add,0.0,0.3,final,natural,out,5,0.0019544432451834943,64,0.0009964358375894526
transformer,transformer_add_rho0_wd0.3_tiersNone,1002,add,0.0,0.3,final,natural,out,6,0.008048516950250214,26,0.0009964358375894526
transformer,transformer_add_rho0_wd0.3_tiersNone,1002,add,0.0,0.3,final,natural,out,7,0.0018520925757915723,68,0.0009964358375894526
transformer,transformer_add_rho0_wd0.3_tiersNone,1002,add,0.0,0.3,final,natural,out,8,0.0018288869955249449,70,0.0009964358375894526
transformer,transformer_add_rho0_wd0.3_tiersNone,1002,add,0.0,0.3,final,natural,out,9,0.012270920265543717,14,0.0009964358375894526
transformer,transformer_add_rho0_wd0.3_tiersNone,1002,add,0.0,0.3,final,natural,out,10,0.0017199927897849896,72,0.0009964358375894526
transformer,transformer_add_rho0_wd0.3_tiersNone,1002,add,0.0,0.3,final,natural,out,11,0.001692827751332544,73,0.0009964358375894526
transformer,transformer_add_rho0_wd0.3_tiersNone,1002,add,0.0,0.3,final,natural,out,12,0.0022194490060247385,55,0.0009964358375894526
transformer,transformer_add_rho0_wd0.3_tiersNone,1002,add,0.0,0.3,final,natural,out,13,0.001644885192644896,74,0.0009964358375894526
transformer,transformer_add_rho0_wd0.3_tiersNone,1002,add,0.0,0.3,final,natural,out,14,0.009536719132799742,20,0.0009964358375894526
transformer,transformer_add_rho0_wd0.3_tiersNone,1002,add,0.0,0.3,final,natural,out,15,0.00939229065643024,21,0.0009964358375894526
transformer,transformer_add_rho0_wd0.3_tiersNone,1002,add,0.0,0.3,final,natural,out,16,0.014943731691351757,10,0.0009964358375894526
transformer,transformer_add_rho0_wd0.3_tiersNone,1002,add,0.0,0.3,final,natural,out,17,0.008944841643086529,23,0.0009964358375894526
transformer,transformer_add_rho0_wd0.3_tiersNone,1002,add,0.0,0.3,final,natural,out,18,0.0018891283579050946,65,0.0009964358375894526
transformer,transformer_add_rho0_wd0.3_tiersNone,1002,add,0.0,0.3,final,natural,out,19,0.0018321728849633582,69,0.0009964358375894526
transformer,transformer_add_rho0_wd0.3_tiersNone,1002,add,0.0,0.3,final,natural,out,20,0.0072770481673233335,29,0.0009964358375894526
transformer,transformer_add_rho0_wd0.3_tiersNone,1002,add,0.0,0.3,final,natural,out,21,0.012500327824734673,13,0.0009964358375894526
transformer,transformer_add_rho0_wd0.3_tiersNone,1002,add,0.0,0.3,final,natural,out,22,0.010408768986139304,17,0.0009964358375894526
transformer,transformer_add_rho0_wd0.3_tiersNone,1002,add,0.0,0.3,final,natural,out,23,0.013326410062364978,11,0.0009964358375894526
transformer,transformer_add_rho0_wd0.3_tiersNone,1002,add,0.0,0.3,final,natural,out,24,0.015887631962948165,9,0.0009964358375894526
transformer,transformer_add_rho0_wd0.3_tiersNone,1002,add,0.0,0.3,final,natural,out,25,0.008291995785939615,25,0.0009964358375894526
transformer,transformer_add_rho0_wd0.3_tiersNone,1002,add,0.0,0.3,final,natural,out,26,0.05784698620341735,6,0.0009964358375894526
transformer,transformer_add_rho0_wd0.3_tiersNone,1002,add,0.0,0.3,final,natural,out,27,0.007008591145738346,30,0.0009964358375894526
transformer,transformer_add_rho0_wd0.3_tiersNone,1002,add,0.0,0.3,final,natural,out,28,0.002533721460209272,45,0.0009964358375894526
transformer,transformer_add_rho0_wd0.3_tiersNone,1002,add,0.0,0.3,final,natural,out,29,0.023969030342041796,7,0.0009964358375894526
transformer,transformer_add_rho0_wd0.3_tiersNone,1002,add,0.0,0.3,final,natural,out,30,0.0024889934408697818,46,0.0009964358375894526
transformer,transformer_add_rho0_wd0.3_tiersNone,1002,add,0.0,0.3,final,natural,out,31,0.007540098543787079,27,0.0009964358375894526
transformer,transformer_add_rho0_wd0.3_tiersNone,1002,add,0.0,0.3,final,natural,out,32,0.003146974237678526,38,0.0009964358375894526
transformer,transformer_add_rho0_wd0.3_tiersNone,1002,add,0.0,0.3,final,natural,out,33,0.006515179327626972,32,0.0009964358375894526
transformer,transformer_add_rho0_wd0.3_tiersNone,1002,add,0.0,0.3,final,natural,out,34,0.0021114685535973078,57,0.0009964358375894526
transformer,transformer_add_rho0_wd0.3_tiersNone,1002,add,0.0,0.3,final,natural,out,35,0.0024387395247624593,47,0.0009964358375894526
transformer,transformer_add_rho0_wd0.3_tiersNone,1002,add,0.0,0.3,final,natural,out,36,0.0020165713305745655,60,0.0009964358375894526
transformer,transformer_add_rho0_wd0.3_tiersNone,1002,add,0.0,0.3,final,natural,out,37,0.010106512801233015,18,0.0009964358375894526
transformer,transformer_add_rho0_wd0.3_tiersNone,1002,add,0.0,0.3,final,natural,out,38,0.01921460026273676,8,0.0009964358375894526
transformer,transformer_add_rho0_wd0.3_tiersNone,1002,add,0.0,0.3,final,natural,out,39,0.0021024434174721444,58,0.0009964358375894526
transformer,transformer_add_rho0_wd0.3_tiersNone,1002,add,0.0,0.3,final,natural,out,40,0.012620810302254887,12,0.0009964358375894526
transformer,transformer_add_rho0_wd0.3_tiersNone,1002,add,0.0,0.3,final,natural,out,41,0.001863899051094821,67,0.0009964358375894526
transformer,transformer_add_rho0_wd0.3_tiersNone,1002,add,0.0,0.3,final,natural,out,42,0.0026989394582302264,41,0.0009964358375894526
transformer,transformer_add_rho0_wd0.3_tiersNone,1002,add,0.0,0.3,final,natural,out,43,0.00468795845866634,35,0.0009964358375894526
transformer,transformer_add_rho0_wd0.3_tiersNone,1002,add,0.0,0.3,final,natural,out,44,0.0022774974543442825,50,0.0009964358375894526
transformer,transformer_add_rho0_wd0.3_tiersNone,1002,add,0.0,0.3,final,natural,out,45,0.002635155837886155,43,0.0009964358375894526
transformer,transformer_add_rho0_wd0.3_tiersNone,1002,add,0.0,0.3,final,natural,out,46,0.01147741393333107,15,0.0009964358375894526
transformer,transformer_add_rho0_wd0.3_tiersNone,1002,add,0.0,0.3,final,natural,out,47,0.004879096450380309,34,0.0009964358375894526
transformer,transformer_add_rho0_wd0.3_tiersNone,1002,add,0.0,0.3,final,natural,out,48,0.004507261430569602,36,0.0009964358375894526
transformer,transformer_add_rho0_wd0.3_tiersNone,1002,add,0.0,0.3,final,natural,out,49,0.010587092567420008,16,0.0009964358375894526
transformer,transformer_add_rho0_wd0.3_tiersNone,1002,add,0.0,0.3,final,natural,out,50,0.10637893872886725,2,0.0009964358375894526
transformer,transformer_add_rho0_wd0.3_tiersNone,1002,add,0.0,0.3,final,natural,out,51,0.0023645989508489706,48,0.0009964358375894526
transformer,transformer_add_rho0_wd0.3_tiersNone,1002,add,0.0,0.3,final,natural,out,52,0.0056713153221646835,33,0.0009964358375894526
transformer,transformer_add_rho0_wd0.3_tiersNone,1002,add,0.0,0.3,final,natural,out,53,0.10587825002435208,3,0.0009964358375894526
transformer,transformer_add_rho0_wd0.3_tiersNone,1002,add,0.0,0.3,final,natural,out,54,0.002131822002585284,56,0.0009964358375894526
transformer,transformer_add_rho0_wd0.3_tiersNone,1002,add,0.0,0.3,final,natural,out,55,0.0020543510152611494,59,0.0009964358375894526
transformer,transformer_add_rho0_wd0.3_tiersNone,1002,add,0.0,0.3,final,natural,out,56,0.002005689464564324,61,0.0009964358375894526
transformer,transformer_add_rho0_wd0.3_tiersNone,1002,add,0.0,0.3,final,natural,out,57,0.002676634801685521,42,0.0009964358375894526
transformer,transformer_add_rho0_wd0.3_tiersNone,1002,add,0.0,0.3,final,natural,out,58,0.0022958502616513103,49,0.0009964358375894526
transformer,transformer_add_rho0_wd0.3_tiersNone,1002,add,0.0,0.3,final,natural,out,59,0.15134874014665553,1,0.0009964358375894526
transformer,transformer_add_rho0_wd0.3_tiersNone,1002,add,0.0,0.3,final,natural,out,60,0.0017413715856620178,71,0.0009964358375894526
transformer,transformer_add_rho0_wd0.3_tiersNone,1002,add,0.0,0.3,final,natural,out,61,0.0030863568606260597,39,0.0009964358375894526
transformer,transformer_add_rho0_wd0.3_tiersNone,1002,add,0.0,0.3,final,natural,out,62,0.0019776665757407583,63,0.0009964358375894526
transformer,transformer_add_rho0_wd0.3_tiersNone,1002,add,0.0,0.3,final,natural,out,63,0.0018764554399090993,66,0.0009964358375894526
transformer,transformer_add_rho0_wd0.3_tiersNone,1002,add,0.0,0.3,final,natural,out,64,0.007313372195502366,28,0.0009964358375894526
transformer,transformer_add_rho0_wd0.3_tiersNone,1002,add,0.0,0.3,final,natural,out,65,0.001999847118233024,62,0.0009964358375894526
transformer,transformer_add_rho0_wd0.3_tiersNone,1002,add,0.0,0.3,final,natural,out,66,0.002255831834674265,51,0.0009964358375894526
transformer,transformer_add_rho0_wd0.3_tiersNone,1002,add,0.0,0.3,final,natural,out,67,0.002604087810121815,44,0.0009964358375894526
transformer,transformer_add_rho0_wd0.3_tiersNone,1002,add,0.0,0.3,final,natural,out,68,0.002230149493641315,54,0.0009964358375894526
transformer,transformer_add_rho0_wd0.3_tiersNone,1002,add,0.0,0.3,final,natural,out,69,0.002233411367185687,52,0.0009964358375894526
transformer,transformer_add_rho0_wd0.3_tiersNone,1002,add,0.0,0.3,final,natural,out,70,0.006864380540795373,31,0.0009964358375894526
transformer,transformer_add_rho0_wd0.3_tiersNone,1002,add,0.0,0.3,final,natural,out,71,0.0036817060606665745,37,0.0009964358375894526
transformer,transformer_add_rho0_wd0.3_tiersNone,1002,add,0.0,0.3,final,natural,out,72,0.002232341878276412,53,0.0009964358375894526
transformer,transformer_add_rho0_wd0.3_tiersNone,1002,add,0.0,0.3,final,natural,out,73,0.08871113228619928,5,0.0009964358375894526
transformer,transformer_add_rho0_wd0.3_tiersNone,1002,add,0.0,0.3,final,natural,out,74,0.10318511837649966,4,0.0009964358375894526
