arch,condition,seed,task,rho,wd,step,side,mode,energy_share,rank,dc_share
kimi,kimi_add_rho0.02_wd0.1_tiersNone,1000,add,0.02,0.1,final,in,1,0.014993514061704174,17,0.0017935854160141063
kimi,kimi_add_rho0.02_wd0.1_tiersNone,1000,add,0.02,0.1,final,in,2,0.008441858141816947,58,0.0017935854160141063
kimi,kimi_add_rho0.02_wd0.1_tiersNone,1000,add,0.02,0.1,final,in,3,0.008153601084437911,59,0.0017935854160141063
kimi,kimi_add_rho0.02_wd0.1_tiersNone,1000,add,0.02,0.1,final,in,4,0.009378061694532383,47,0.0017935854160141063
kimi,kimi_add_rho0.02_wd0.1_tiersNone,1000,add,0.02,0.1,final,in,5,0.01510082072216731,16,0.0017935854160141063
kimi,kimi_add_rho0.02_wd0.1_tiersNone,1000,add,0.02,0.1,final,in,6,0.010034567660003026,39,0.0017935854160141063
kimi,kimi_add_rho0.02_wd0.1_tiersNone,1000,add,0.02,0.1,final,in,7,0.007772062900680195,62,0.0017935854160141063
kimi,kimi_add_rho0.02_wd0.1_tiersNone,1000,add,0.02,0.1,final,in,8,0.012466942004644042,21,0.0017935854160141063
kimi,kimi_add_rho0.02_wd0.1_tiersNone,1000,add,0.02,0.1,final,in,9,0.010098706405922078,37,0.0017935854160141063
kimi,kimi_add_rho0.02_wd0.1_tiersNone,1000,add,0.02,0.1,final,in,10,0.013999912116617441,19,0.0017935854160141063
kimi,kimi_add_rho0.02_wd0.1_tiersNone,1000,add,0.02,0.1,final,in,11,0.054953411932392976,2,0.0017935854160141063
kimi,kimi_add_rho0.02_wd0.1_tiersNone,1000,add,0.02,0.1,final,in,12,0.012575992588938352,20,0.0017935854160141063
kimi,kimi_add_rho0.02_wd0.1_tiersNone,1000,add,0.02,0.1,final,in,13,0.008462279254237712,56,0.0017935854160141063
kimi,kimi_add_rho0.02_wd0.1_tiersNone,1000,add,0.02,0.1,final,in,14,0.0071157964847439565,71,0.0017935854160141063
kimi,kimi_add_rho0.02_wd0.1_tiersNone,1000,add,0.02,0.1,final,in,15,0.006050963209875805,73,0.0017935854160141063
kimi,kimi_add_rho0.02_wd0.1_tiersNone,1000,add,0.02,0.1,final,in,16,0.020407641144031728,8,0.0017935854160141063
kimi,kimi_add_rho0.02_wd0.1_tiersNone,1000,add,0.02,0.1,final,in,17,0.009535629408598353,45,0.0017935854160141063
kimi,kimi_add_rho0.02_wd0.1_tiersNone,1000,add,0.02,0.1,final,in,18,0.0072049297470237065,70,0.0017935854160141063
kimi,kimi_add_rho0.02_wd0.1_tiersNone,1000,add,0.02,0.1,final,in,19,0.008600648656293787,53,0.0017935854160141063
kimi,kimi_add_rho0.02_wd0.1_tiersNone,1000,add,0.02,0.1,final,in,20,0.009651878321694134,44,0.0017935854160141063
kimi,kimi_add_rho0.02_wd0.1_tiersNone,1000,add,0.02,0.1,final,in,21,0.008488131962807347,55,0.0017935854160141063
kimi,kimi_add_rho0.02_wd0.1_tiersNone,1000,add,0.02,0.1,final,in,22,0.010603050996022977,34,0.0017935854160141063
kimi,kimi_add_rho0.02_wd0.1_tiersNone,1000,add,0.02,0.1,final,in,23,0.019355198489720716,10,0.0017935854160141063
kimi,kimi_add_rho0.02_wd0.1_tiersNone,1000,add,0.02,0.1,final,in,24,0.011792362679714065,24,0.0017935854160141063
kimi,kimi_add_rho0.02_wd0.1_tiersNone,1000,add,0.02,0.1,final,in,25,0.009668533728338443,43,0.0017935854160141063
kimi,kimi_add_rho0.02_wd0.1_tiersNone,1000,add,0.02,0.1,final,in,26,0.011500949255222931,27,0.0017935854160141063
kimi,kimi_add_rho0.02_wd0.1_tiersNone,1000,add,0.02,0.1,final,in,27,0.011330281451280351,28,0.0017935854160141063
kimi,kimi_add_rho0.02_wd0.1_tiersNone,1000,add,0.02,0.1,final,in,28,0.009983198370355599,40,0.0017935854160141063
kimi,kimi_add_rho0.02_wd0.1_tiersNone,1000,add,0.02,0.1,final,in,29,0.01241706049639038,22,0.0017935854160141063
kimi,kimi_add_rho0.02_wd0.1_tiersNone,1000,add,0.02,0.1,final,in,30,0.010072278509116748,38,0.0017935854160141063
kimi,kimi_add_rho0.02_wd0.1_tiersNone,1000,add,0.02,0.1,final,in,31,0.007470415207785527,67,0.0017935854160141063
kimi,kimi_add_rho0.02_wd0.1_tiersNone,1000,add,0.02,0.1,final,in,32,0.00852320361734902,54,0.0017935854160141063
kimi,kimi_add_rho0.02_wd0.1_tiersNone,1000,add,0.02,0.1,final,in,33,0.03331185873226759,4,0.0017935854160141063
kimi,kimi_add_rho0.02_wd0.1_tiersNone,1000,add,0.02,0.1,final,in,34,0.01893358296138987,11,0.0017935854160141063
kimi,kimi_add_rho0.02_wd0.1_tiersNone,1000,add,0.02,0.1,final,in,35,0.01732493130421386,12,0.0017935854160141063
kimi,kimi_add_rho0.02_wd0.1_tiersNone,1000,add,0.02,0.1,final,in,36,0.029439951171196427,6,0.0017935854160141063
kimi,kimi_add_rho0.02_wd0.1_tiersNone,1000,add,0.02,0.1,final,in,37,0.007507147156659886,66,0.0017935854160141063
kimi,kimi_add_rho0.02_wd0.1_tiersNone,1000,add,0.02,0.1,final,in,38,0.00772773131928896,64,0.0017935854160141063
kimi,kimi_add_rho0.02_wd0.1_tiersNone,1000,add,0.02,0.1,final,in,39,0.009863006948313043,41,0.0017935854160141063
kimi,kimi_add_rho0.02_wd0.1_tiersNone,1000,add,0.02,0.1,final,in,40,0.010847463192379453,31,0.0017935854160141063
kimi,kimi_add_rho0.02_wd0.1_tiersNone,1000,add,0.02,0.1,final,in,41,0.03163044147064536,5,0.0017935854160141063
kimi,kimi_add_rho0.02_wd0.1_tiersNone,1000,add,0.02,0.1,final,in,42,0.010188674561118346,36,0.0017935854160141063
kimi,kimi_add_rho0.02_wd0.1_tiersNone,1000,add,0.02,0.1,final,in,43,0.008859304716964582,51,0.0017935854160141063
kimi,kimi_add_rho0.02_wd0.1_tiersNone,1000,add,0.02,0.1,final,in,44,0.010436405447647738,35,0.0017935854160141063
kimi,kimi_add_rho0.02_wd0.1_tiersNone,1000,add,0.02,0.1,final,in,45,0.016244971702287773,14,0.0017935854160141063
kimi,kimi_add_rho0.02_wd0.1_tiersNone,1000,add,0.02,0.1,final,in,46,0.011222770144899882,29,0.0017935854160141063
kimi,kimi_add_rho0.02_wd0.1_tiersNone,1000,add,0.02,0.1,final,in,47,0.011800767537652461,23,0.0017935854160141063
kimi,kimi_add_rho0.02_wd0.1_tiersNone,1000,add,0.02,0.1,final,in,48,0.008015806948736782,60,0.0017935854160141063
kimi,kimi_add_rho0.02_wd0.1_tiersNone,1000,add,0.02,0.1,final,in,49,0.009489114030258738,46,0.0017935854160141063
kimi,kimi_add_rho0.02_wd0.1_tiersNone,1000,add,0.02,0.1,final,in,50,0.005599835129468859,74,0.0017935854160141063
kimi,kimi_add_rho0.02_wd0.1_tiersNone,1000,add,0.02,0.1,final,in,51,0.007958466822720573,61,0.0017935854160141063
kimi,kimi_add_rho0.02_wd0.1_tiersNone,1000,add,0.02,0.1,final,in,52,0.011635820709385267,26,0.0017935854160141063
kimi,kimi_add_rho0.02_wd0.1_tiersNone,1000,add,0.02,0.1,final,in,53,0.0755997647222748,1,0.0017935854160141063
kimi,kimi_add_rho0.02_wd0.1_tiersNone,1000,add,0.02,0.1,final,in,54,0.009013463085765722,50,0.0017935854160141063
kimi,kimi_add_rho0.02_wd0.1_tiersNone,1000,add,0.02,0.1,final,in,55,0.01083372395273431,32,0.0017935854160141063
kimi,kimi_add_rho0.02_wd0.1_tiersNone,1000,add,0.02,0.1,final,in,56,0.01719147234554346,13,0.0017935854160141063
kimi,kimi_add_rho0.02_wd0.1_tiersNone,1000,add,0.02,0.1,final,in,57,0.024338412575911426,7,0.0017935854160141063
kimi,kimi_add_rho0.02_wd0.1_tiersNone,1000,add,0.02,0.1,final,in,58,0.01111071617307706,30,0.0017935854160141063
kimi,kimi_add_rho0.02_wd0.1_tiersNone,1000,add,0.02,0.1,final,in,59,0.010754832322515005,33,0.0017935854160141063
kimi,kimi_add_rho0.02_wd0.1_tiersNone,1000,add,0.02,0.1,final,in,60,0.007411488253840153,68,0.0017935854160141063
kimi,kimi_add_rho0.02_wd0.1_tiersNone,1000,add,0.02,0.1,final,in,61,0.020152970733088145,9,0.0017935854160141063
kimi,kimi_add_rho0.02_wd0.1_tiersNone,1000,add,0.02,0.1,final,in,62,0.007310015149948555,69,0.0017935854160141063
kimi,kimi_add_rho0.02_wd0.1_tiersNone,1000,add,0.02,0.1,final,in,63,0.007760249579283727,63,0.0017935854160141063
kimi,kimi_add_rho0.02_wd0.1_tiersNone,1000,add,0.02,0.1,final,in,64,0.006621729547106032,72,0.0017935854160141063
kimi,kimi_add_rho0.02_wd0.1_tiersNone,1000,add,0.02,0.1,final,in,65,0.00753863071718559,65,0.0017935854160141063
kimi,kimi_add_rho0.02_wd0.1_tiersNone,1000,add,0.02,0.1,final,in,66,0.01172493456421039,25,0.0017935854160141063
kimi,kimi_add_rho0.02_wd0.1_tiersNone,1000,add,0.02,0.1,final,in,67,0.008673404927102798,52,0.0017935854160141063
kimi,kimi_add_rho0.02_wd0.1_tiersNone,1000,add,0.02,0.1,final,in,68,0.014173531866571576,18,0.0017935854160141063
kimi,kimi_add_rho0.02_wd0.1_tiersNone,1000,add,0.02,0.1,final,in,69,0.03392093626899752,3,0.0017935854160141063
kimi,kimi_add_rho0.02_wd0.1_tiersNone,1000,add,0.02,0.1,final,in,70,0.009671394472687802,42,0.0017935854160141063
kimi,kimi_add_rho0.02_wd0.1_tiersNone,1000,add,0.02,0.1,final,in,71,0.008447266993599633,57,0.0017935854160141063
kimi,kimi_add_rho0.02_wd0.1_tiersNone,1000,add,0.02,0.1,final,in,72,0.009185286108653934,49,0.0017935854160141063
kimi,kimi_add_rho0.02_wd0.1_tiersNone,1000,add,0.02,0.1,final,in,73,0.015101610720076132,15,0.0017935854160141063
kimi,kimi_add_rho0.02_wd0.1_tiersNone,1000,add,0.02,0.1,final,in,74,0.009222230607870752,48,0.0017935854160141063
kimi,kimi_add_rho0.02_wd0.1_tiersNone,1000,add,0.02,0.1,final,out,1,0.01282131425538282,17,0.0014676219984556798
kimi,kimi_add_rho0.02_wd0.1_tiersNone,1000,add,0.02,0.1,final,out,2,0.007180053083167535,51,0.0014676219984556798
kimi,kimi_add_rho0.02_wd0.1_tiersNone,1000,add,0.02,0.1,final,out,3,0.006361278188062987,60,0.0014676219984556798
kimi,kimi_add_rho0.02_wd0.1_tiersNone,1000,add,0.02,0.1,final,out,4,0.0061640264988220604,63,0.0014676219984556798
kimi,kimi_add_rho0.02_wd0.1_tiersNone,1000,add,0.02,0.1,final,out,5,0.00990298558897051,24,0.0014676219984556798
kimi,kimi_add_rho0.02_wd0.1_tiersNone,1000,add,0.02,0.1,final,out,6,0.009266671317764987,27,0.0014676219984556798
kimi,kimi_add_rho0.02_wd0.1_tiersNone,1000,add,0.02,0.1,final,out,7,0.006149884151151721,64,0.0014676219984556798
kimi,kimi_add_rho0.02_wd0.1_tiersNone,1000,add,0.02,0.1,final,out,8,0.012543813298890273,18,0.0014676219984556798
kimi,kimi_add_rho0.02_wd0.1_tiersNone,1000,add,0.02,0.1,final,out,9,0.010348648923715313,23,0.0014676219984556798
kimi,kimi_add_rho0.02_wd0.1_tiersNone,1000,add,0.02,0.1,final,out,10,0.018755029971345816,10,0.0014676219984556798
kimi,kimi_add_rho0.02_wd0.1_tiersNone,1000,add,0.02,0.1,final,out,11,0.07126442404611885,2,0.0014676219984556798
kimi,kimi_add_rho0.02_wd0.1_tiersNone,1000,add,0.02,0.1,final,out,12,0.009589768037945314,25,0.0014676219984556798
kimi,kimi_add_rho0.02_wd0.1_tiersNone,1000,add,0.02,0.1,final,out,13,0.007294344893003939,48,0.0014676219984556798
kimi,kimi_add_rho0.02_wd0.1_tiersNone,1000,add,0.02,0.1,final,out,14,0.006630638920352604,58,0.0014676219984556798
kimi,kimi_add_rho0.02_wd0.1_tiersNone,1000,add,0.02,0.1,final,out,15,0.00549615221244243,69,0.0014676219984556798
kimi,kimi_add_rho0.02_wd0.1_tiersNone,1000,add,0.02,0.1,final,out,16,0.029579558556937655,8,0.0014676219984556798
kimi,kimi_add_rho0.02_wd0.1_tiersNone,1000,add,0.02,0.1,final,out,17,0.005643028637562436,67,0.0014676219984556798
kimi,kimi_add_rho0.02_wd0.1_tiersNone,1000,add,0.02,0.1,final,out,18,0.0055743935063836325,68,0.0014676219984556798
kimi,kimi_add_rho0.02_wd0.1_tiersNone,1000,add,0.02,0.1,final,out,19,0.007033348577535324,54,0.0014676219984556798
kimi,kimi_add_rho0.02_wd0.1_tiersNone,1000,add,0.02,0.1,final,out,20,0.007035856646321185,53,0.0014676219984556798
kimi,kimi_add_rho0.02_wd0.1_tiersNone,1000,add,0.02,0.1,final,out,21,0.008386851772983308,34,0.0014676219984556798
kimi,kimi_add_rho0.02_wd0.1_tiersNone,1000,add,0.02,0.1,final,out,22,0.006337855714162474,61,0.0014676219984556798
kimi,kimi_add_rho0.02_wd0.1_tiersNone,1000,add,0.02,0.1,final,out,23,0.01738051052374857,12,0.0014676219984556798
kimi,kimi_add_rho0.02_wd0.1_tiersNone,1000,add,0.02,0.1,final,out,24,0.007880339199824908,41,0.0014676219984556798
kimi,kimi_add_rho0.02_wd0.1_tiersNone,1000,add,0.02,0.1,final,out,25,0.007411345106323783,46,0.0014676219984556798
kimi,kimi_add_rho0.02_wd0.1_tiersNone,1000,add,0.02,0.1,final,out,26,0.01105534133363121,21,0.0014676219984556798
kimi,kimi_add_rho0.02_wd0.1_tiersNone,1000,add,0.02,0.1,final,out,27,0.008262364417176772,36,0.0014676219984556798
kimi,kimi_add_rho0.02_wd0.1_tiersNone,1000,add,0.02,0.1,final,out,28,0.008335803538370804,35,0.0014676219984556798
kimi,kimi_add_rho0.02_wd0.1_tiersNone,1000,add,0.02,0.1,final,out,29,0.010905388615332755,22,0.0014676219984556798
kimi,kimi_add_rho0.02_wd0.1_tiersNone,1000,add,0.02,0.1,final,out,30,0.00858284665025537,32,0.0014676219984556798
kimi,kimi_add_rho0.02_wd0.1_tiersNone,1000,add,0.02,0.1,final,out,31,0.004946059957220974,73,0.0014676219984556798
kimi,kimi_add_rho0.02_wd0.1_tiersNone,1000,add,0.02,0.1,final,out,32,0.007073062061141174,52,0.0014676219984556798
kimi,kimi_add_rho0.02_wd0.1_tiersNone,1000,add,0.02,0.1,final,out,33,0.06820594258064866,3,0.0014676219984556798
kimi,kimi_add_rho0.02_wd0.1_tiersNone,1000,add,0.02,0.1,final,out,34,0.015080757190722027,14,0.0014676219984556798
kimi,kimi_add_rho0.02_wd0.1_tiersNone,1000,add,0.02,0.1,final,out,35,0.014319601373235622,16,0.0014676219984556798
kimi,kimi_add_rho0.02_wd0.1_tiersNone,1000,add,0.02,0.1,final,out,36,0.03136562452824352,7,0.0014676219984556798
kimi,kimi_add_rho0.02_wd0.1_tiersNone,1000,add,0.02,0.1,final,out,37,0.0068634552095824765,57,0.0014676219984556798
kimi,kimi_add_rho0.02_wd0.1_tiersNone,1000,add,0.02,0.1,final,out,38,0.007200305728078761,50,0.0014676219984556798
kimi,kimi_add_rho0.02_wd0.1_tiersNone,1000,add,0.02,0.1,final,out,39,0.005857579669744875,65,0.0014676219984556798
kimi,kimi_add_rho0.02_wd0.1_tiersNone,1000,add,0.02,0.1,final,out,40,0.009011015544929593,30,0.0014676219984556798
kimi,kimi_add_rho0.02_wd0.1_tiersNone,1000,add,0.02,0.1,final,out,41,0.04347728907079955,5,0.0014676219984556798
kimi,kimi_add_rho0.02_wd0.1_tiersNone,1000,add,0.02,0.1,final,out,42,0.0056810713601064995,66,0.0014676219984556798
kimi,kimi_add_rho0.02_wd0.1_tiersNone,1000,add,0.02,0.1,final,out,43,0.006397440311148133,59,0.0014676219984556798
kimi,kimi_add_rho0.02_wd0.1_tiersNone,1000,add,0.02,0.1,final,out,44,0.0080987202664474,39,0.0014676219984556798
kimi,kimi_add_rho0.02_wd0.1_tiersNone,1000,add,0.02,0.1,final,out,45,0.014718518184497906,15,0.0014676219984556798
kimi,kimi_add_rho0.02_wd0.1_tiersNone,1000,add,0.02,0.1,final,out,46,0.007532754229383823,45,0.0014676219984556798
kimi,kimi_add_rho0.02_wd0.1_tiersNone,1000,add,0.02,0.1,final,out,47,0.009071405868243225,29,0.0014676219984556798
kimi,kimi_add_rho0.02_wd0.1_tiersNone,1000,add,0.02,0.1,final,out,48,0.006870544013904112,56,0.0014676219984556798
kimi,kimi_add_rho0.02_wd0.1_tiersNone,1000,add,0.02,0.1,final,out,49,0.00915005808761673,28,0.0014676219984556798
kimi,kimi_add_rho0.02_wd0.1_tiersNone,1000,add,0.02,0.1,final,out,50,0.005027824761649863,72,0.0014676219984556798
kimi,kimi_add_rho0.02_wd0.1_tiersNone,1000,add,0.02,0.1,final,out,51,0.0063173934578124764,62,0.0014676219984556798
kimi,kimi_add_rho0.02_wd0.1_tiersNone,1000,add,0.02,0.1,final,out,52,0.007408776284778128,47,0.0014676219984556798
kimi,kimi_add_rho0.02_wd0.1_tiersNone,1000,add,0.02,0.1,final,out,53,0.07478314864529469,1,0.0014676219984556798
kimi,kimi_add_rho0.02_wd0.1_tiersNone,1000,add,0.02,0.1,final,out,54,0.007589567120258037,44,0.0014676219984556798
kimi,kimi_add_rho0.02_wd0.1_tiersNone,1000,add,0.02,0.1,final,out,55,0.00891086365117811,31,0.0014676219984556798
kimi,kimi_add_rho0.02_wd0.1_tiersNone,1000,add,0.02,0.1,final,out,56,0.021865592198410968,9,0.0014676219984556798
kimi,kimi_add_rho0.02_wd0.1_tiersNone,1000,add,0.02,0.1,final,out,57,0.05213458491848347,4,0.0014676219984556798
kimi,kimi_add_rho0.02_wd0.1_tiersNone,1000,add,0.02,0.1,final,out,58,0.008126628335558293,38,0.0014676219984556798
kimi,kimi_add_rho0.02_wd0.1_tiersNone,1000,add,0.02,0.1,final,out,59,0.007814182451917517,42,0.0014676219984556798
kimi,kimi_add_rho0.02_wd0.1_tiersNone,1000,add,0.02,0.1,final,out,60,0.007268345937750618,49,0.0014676219984556798
kimi,kimi_add_rho0.02_wd0.1_tiersNone,1000,add,0.02,0.1,final,out,61,0.01843368572419717,11,0.0014676219984556798
kimi,kimi_add_rho0.02_wd0.1_tiersNone,1000,add,0.02,0.1,final,out,62,0.007679920023344902,43,0.0014676219984556798
kimi,kimi_add_rho0.02_wd0.1_tiersNone,1000,add,0.02,0.1,final,out,63,0.005248032733360015,71,0.0014676219984556798
kimi,kimi_add_rho0.02_wd0.1_tiersNone,1000,add,0.02,0.1,final,out,64,0.004231768439548399,74,0.0014676219984556798
kimi,kimi_add_rho0.02_wd0.1_tiersNone,1000,add,0.02,0.1,final,out,65,0.005451029923374801,70,0.0014676219984556798
kimi,kimi_add_rho0.02_wd0.1_tiersNone,1000,add,0.02,0.1,final,out,66,0.01150233985245687,20,0.0014676219984556798
kimi,kimi_add_rho0.02_wd0.1_tiersNone,1000,add,0.02,0.1,final,out,67,0.00805067356603589,40,0.0014676219984556798
kimi,kimi_add_rho0.02_wd0.1_tiersNone,1000,add,0.02,0.1,final,out,68,0.00937563694806873,26,0.0014676219984556798
kimi,kimi_add_rho0.02_wd0.1_tiersNone,1000,add,0.02,0.1,final,out,69,0.040776707717288925,6,0.0014676219984556798
kimi,kimi_add_rho0.02_wd0.1_tiersNone,1000,add,0.02,0.1,final,out,70,0.012271364075405888,19,0.0014676219984556798
kimi,kimi_add_rho0.02_wd0.1_tiersNone,1000,add,0.02,0.1,final,out,71,0.008413341516764506,33,0.0014676219984556798
kimi,kimi_add_rho0.02_wd0.1_tiersNone,1000,add,0.02,0.1,final,out,72,0.008160873434986997,37,0.0014676219984556798
kimi,kimi_add_rho0.02_wd0.1_tiersNone,1000,add,0.02,0.1,final,out,73,0.016083889581566053,13,0.0014676219984556798
kimi,kimi_add_rho0.02_wd0.1_tiersNone,1000,add,0.02,0.1,final,out,74,0.006978757281126416,55,0.0014676219984556798
kimi,kimi_add_rho0.02_wd0.1_tiersNone,1001,add,0.02,0.1,final,in,1,0.008641130275471096,20,0.00714541644791323
kimi,kimi_add_rho0.02_wd0.1_tiersNone,1001,add,0.02,0.1,final,in,2,0.0046357165112450496,71,0.00714541644791323
kimi,kimi_add_rho0.02_wd0.1_tiersNone,1001,add,0.02,0.1,final,in,3,0.009503096736007506,15,0.00714541644791323
kimi,kimi_add_rho0.02_wd0.1_tiersNone,1001,add,0.02,0.1,final,in,4,0.0051481514301299726,64,0.00714541644791323
kimi,kimi_add_rho0.02_wd0.1_tiersNone,1001,add,0.02,0.1,final,in,5,0.05413486780588659,6,0.00714541644791323
kimi,kimi_add_rho0.02_wd0.1_tiersNone,1001,add,0.02,0.1,final,in,6,0.006075859666520376,43,0.00714541644791323
kimi,kimi_add_rho0.02_wd0.1_tiersNone,1001,add,0.02,0.1,final,in,7,0.009247965288457014,18,0.00714541644791323
kimi,kimi_add_rho0.02_wd0.1_tiersNone,1001,add,0.02,0.1,final,in,8,0.09304178736271018,2,0.00714541644791323
kimi,kimi_add_rho0.02_wd0.1_tiersNone,1001,add,0.02,0.1,final,in,9,0.007320355299065444,23,0.00714541644791323
kimi,kimi_add_rho0.02_wd0.1_tiersNone,1001,add,0.02,0.1,final,in,10,0.010944848724343184,12,0.00714541644791323
kimi,kimi_add_rho0.02_wd0.1_tiersNone,1001,add,0.02,0.1,final,in,11,0.006374719567713538,37,0.00714541644791323
kimi,kimi_add_rho0.02_wd0.1_tiersNone,1001,add,0.02,0.1,final,in,12,0.009361858932507981,16,0.00714541644791323
kimi,kimi_add_rho0.02_wd0.1_tiersNone,1001,add,0.02,0.1,final,in,13,0.00662731842790775,28,0.00714541644791323
kimi,kimi_add_rho0.02_wd0.1_tiersNone,1001,add,0.02,0.1,final,in,14,0.03502665739136177,8,0.00714541644791323
kimi,kimi_add_rho0.02_wd0.1_tiersNone,1001,add,0.02,0.1,final,in,15,0.006433785523235315,32,0.00714541644791323
kimi,kimi_add_rho0.02_wd0.1_tiersNone,1001,add,0.02,0.1,final,in,16,0.009312075415993683,17,0.00714541644791323
kimi,kimi_add_rho0.02_wd0.1_tiersNone,1001,add,0.02,0.1,final,in,17,0.005813243291183261,46,0.00714541644791323
kimi,kimi_add_rho0.02_wd0.1_tiersNone,1001,add,0.02,0.1,final,in,18,0.005283931596438845,62,0.00714541644791323
kimi,kimi_add_rho0.02_wd0.1_tiersNone,1001,add,0.02,0.1,final,in,19,0.006592005082472767,30,0.00714541644791323
kimi,kimi_add_rho0.02_wd0.1_tiersNone,1001,add,0.02,0.1,final,in,20,0.005789375649761551,48,0.00714541644791323
kimi,kimi_add_rho0.02_wd0.1_tiersNone,1001,add,0.02,0.1,final,in,21,0.08542870223793916,4,0.00714541644791323
kimi,kimi_add_rho0.02_wd0.1_tiersNone,1001,add,0.02,0.1,final,in,22,0.0070613812985706875,25,0.00714541644791323
kimi,kimi_add_rho0.02_wd0.1_tiersNone,1001,add,0.02,0.1,final,in,23,0.005367080589729665,60,0.00714541644791323
kimi,kimi_add_rho0.02_wd0.1_tiersNone,1001,add,0.02,0.1,final,in,24,0.010290046435808047,13,0.00714541644791323
kimi,kimi_add_rho0.02_wd0.1_tiersNone,1001,add,0.02,0.1,final,in,25,0.0063105291219063015,38,0.00714541644791323
kimi,kimi_add_rho0.02_wd0.1_tiersNone,1001,add,0.02,0.1,final,in,26,0.006420259234023939,34,0.00714541644791323
kimi,kimi_add_rho0.02_wd0.1_tiersNone,1001,add,0.02,0.1,final,in,27,0.00517137961975922,63,0.00714541644791323
kimi,kimi_add_rho0.02_wd0.1_tiersNone,1001,add,0.02,0.1,final,in,28,0.012671726534905663,11,0.00714541644791323
kimi,kimi_add_rho0.02_wd0.1_tiersNone,1001,add,0.02,0.1,final,in,29,0.005333346326255414,61,0.00714541644791323
kimi,kimi_add_rho0.02_wd0.1_tiersNone,1001,add,0.02,0.1,final,in,30,0.0068246459256459824,26,0.00714541644791323
kimi,kimi_add_rho0.02_wd0.1_tiersNone,1001,add,0.02,0.1,final,in,31,0.005076474325023794,66,0.00714541644791323
kimi,kimi_add_rho0.02_wd0.1_tiersNone,1001,add,0.02,0.1,final,in,32,0.007425550992316585,22,0.00714541644791323
kimi,kimi_add_rho0.02_wd0.1_tiersNone,1001,add,0.02,0.1,final,in,33,0.006625908007574171,29,0.00714541644791323
kimi,kimi_add_rho0.02_wd0.1_tiersNone,1001,add,0.02,0.1,final,in,34,0.0049628474902491055,68,0.00714541644791323
kimi,kimi_add_rho0.02_wd0.1_tiersNone,1001,add,0.02,0.1,final,in,35,0.016893221506949507,9,0.00714541644791323
kimi,kimi_add_rho0.02_wd0.1_tiersNone,1001,add,0.02,0.1,final,in,36,0.008458128457557664,21,0.00714541644791323
kimi,kimi_add_rho0.02_wd0.1_tiersNone,1001,add,0.02,0.1,final,in,37,0.006084786949214808,42,0.00714541644791323
kimi,kimi_add_rho0.02_wd0.1_tiersNone,1001,add,0.02,0.1,final,in,38,0.006375824020116922,36,0.00714541644791323
kimi,kimi_add_rho0.02_wd0.1_tiersNone,1001,add,0.02,0.1,final,in,39,0.006209368460074028,40,0.00714541644791323
kimi,kimi_add_rho0.02_wd0.1_tiersNone,1001,add,0.02,0.1,final,in,40,0.005565605111885628,56,0.00714541644791323
kimi,kimi_add_rho0.02_wd0.1_tiersNone,1001,add,0.02,0.1,final,in,41,0.0057488310312880705,50,0.00714541644791323
kimi,kimi_add_rho0.02_wd0.1_tiersNone,1001,add,0.02,0.1,final,in,42,0.009688562951397457,14,0.00714541644791323
kimi,kimi_add_rho0.02_wd0.1_tiersNone,1001,add,0.02,0.1,final,in,43,0.005445155449272324,59,0.00714541644791323
kimi,kimi_add_rho0.02_wd0.1_tiersNone,1001,add,0.02,0.1,final,in,44,0.005498165334709226,58,0.00714541644791323
kimi,kimi_add_rho0.02_wd0.1_tiersNone,1001,add,0.02,0.1,final,in,45,0.005915286339163073,44,0.00714541644791323
kimi,kimi_add_rho0.02_wd0.1_tiersNone,1001,add,0.02,0.1,final,in,46,0.08554097972923631,3,0.00714541644791323
kimi,kimi_add_rho0.02_wd0.1_tiersNone,1001,add,0.02,0.1,final,in,47,0.013933263698414626,10,0.00714541644791323
kimi,kimi_add_rho0.02_wd0.1_tiersNone,1001,add,0.02,0.1,final,in,48,0.005795292487447393,47,0.00714541644791323
kimi,kimi_add_rho0.02_wd0.1_tiersNone,1001,add,0.02,0.1,final,in,49,0.005857117383110461,45,0.00714541644791323
kimi,kimi_add_rho0.02_wd0.1_tiersNone,1001,add,0.02,0.1,final,in,50,0.005677416533990703,52,0.00714541644791323
kimi,kimi_add_rho0.02_wd0.1_tiersNone,1001,add,0.02,0.1,final,in,51,0.005586605518155874,55,0.00714541644791323
kimi,kimi_add_rho0.02_wd0.1_tiersNone,1001,add,0.02,0.1,final,in,52,0.005083203138294597,65,0.00714541644791323
kimi,kimi_add_rho0.02_wd0.1_tiersNone,1001,add,0.02,0.1,final,in,53,0.004615090062659695,72,0.00714541644791323
kimi,kimi_add_rho0.02_wd0.1_tiersNone,1001,add,0.02,0.1,final,in,54,0.0063037321190800855,39,0.00714541644791323
kimi,kimi_add_rho0.02_wd0.1_tiersNone,1001,add,0.02,0.1,final,in,55,0.00466490247452793,69,0.00714541644791323
kimi,kimi_add_rho0.02_wd0.1_tiersNone,1001,add,0.02,0.1,final,in,56,0.09697345928604909,1,0.00714541644791323
kimi,kimi_add_rho0.02_wd0.1_tiersNone,1001,add,0.02,0.1,final,in,57,0.045730186464417316,7,0.00714541644791323
kimi,kimi_add_rho0.02_wd0.1_tiersNone,1001,add,0.02,0.1,final,in,58,0.005788570102596484,49,0.00714541644791323
kimi,kimi_add_rho0.02_wd0.1_tiersNone,1001,add,0.02,0.1,final,in,59,0.00637814628249845,35,0.00714541644791323
kimi,kimi_add_rho0.02_wd0.1_tiersNone,1001,add,0.02,0.1,final,in,60,0.006464561551703319,31,0.00714541644791323
kimi,kimi_add_rho0.02_wd0.1_tiersNone,1001,add,0.02,0.1,final,in,61,0.0091012700098561,19,0.00714541644791323
kimi,kimi_add_rho0.02_wd0.1_tiersNone,1001,add,0.02,0.1,final,in,62,0.005619139744556002,54,0.00714541644791323
kimi,kimi_add_rho0.02_wd0.1_tiersNone,1001,add,0.02,0.1,final,in,63,0.0038801581354954724,74,0.00714541644791323
kimi,kimi_add_rho0.02_wd0.1_tiersNone,1001,add,0.02,0.1,final,in,64,0.0064289608424910865,33,0.00714541644791323
kimi,kimi_add_rho0.02_wd0.1_tiersNone,1001,add,0.02,0.1,final,in,65,0.0061481104216416045,41,0.00714541644791323
kimi,kimi_add_rho0.02_wd0.1_tiersNone,1001,add,0.02,0.1,final,in,66,0.00452980108227893,73,0.00714541644791323
kimi,kimi_add_rho0.02_wd0.1_tiersNone,1001,add,0.02,0.1,final,in,67,0.005729258399695604,51,0.00714541644791323
kimi,kimi_add_rho0.02_wd0.1_tiersNone,1001,add,0.02,0.1,final,in,68,0.0070914976127815265,24,0.00714541644791323
kimi,kimi_add_rho0.02_wd0.1_tiersNone,1001,add,0.02,0.1,final,in,69,0.0046609155026684146,70,0.00714541644791323
kimi,kimi_add_rho0.02_wd0.1_tiersNone,1001,add,0.02,0.1,final,in,70,0.0056291724457236975,53,0.00714541644791323
kimi,kimi_add_rho0.02_wd0.1_tiersNone,1001,add,0.02,0.1,final,in,71,0.006764379902175623,27,0.00714541644791323
kimi,kimi_add_rho0.02_wd0.1_tiersNone,1001,add,0.02,0.1,final,in,72,0.0050707482648304995,67,0.00714541644791323
kimi,kimi_add_rho0.02_wd0.1_tiersNone,1001,add,0.02,0.1,final,in,73,0.05727618864799709,5,0.00714541644791323
kimi,kimi_add_rho0.02_wd0.1_tiersNone,1001,add,0.02,0.1,final,in,74,0.005516308425876557,57,0.00714541644791323
kimi,kimi_add_rho0.02_wd0.1_tiersNone,1001,add,0.02,0.1,final,out,1,0.00535095552495268,17,0.0028774859113597675
kimi,kimi_add_rho0.02_wd0.1_tiersNone,1001,add,0.02,0.1,final,out,2,0.0033548429756661024,48,0.0028774859113597675
kimi,kimi_add_rho0.02_wd0.1_tiersNone,1001,add,0.02,0.1,final,out,3,0.0036199264395106595,40,0.0028774859113597675
kimi,kimi_add_rho0.02_wd0.1_tiersNone,1001,add,0.02,0.1,final,out,4,0.0030670950145615075,60,0.0028774859113597675
kimi,kimi_add_rho0.02_wd0.1_tiersNone,1001,add,0.02,0.1,final,out,5,0.0979477114724149,4,0.0028774859113597675
kimi,kimi_add_rho0.02_wd0.1_tiersNone,1001,add,0.02,0.1,final,out,6,0.0030761689995899193,59,0.0028774859113597675
kimi,kimi_add_rho0.02_wd0.1_tiersNone,1001,add,0.02,0.1,final,out,7,0.004641998519203773,20,0.0028774859113597675
kimi,kimi_add_rho0.02_wd0.1_tiersNone,1001,add,0.02,0.1,final,out,8,0.09985771090466153,3,0.0028774859113597675
kimi,kimi_add_rho0.02_wd0.1_tiersNone,1001,add,0.02,0.1,final,out,9,0.011361588128596736,12,0.0028774859113597675
kimi,kimi_add_rho0.02_wd0.1_tiersNone,1001,add,0.02,0.1,final,out,10,0.003929335651632529,33,0.0028774859113597675
kimi,kimi_add_rho0.02_wd0.1_tiersNone,1001,add,0.02,0.1,final,out,11,0.004098165426997427,31,0.0028774859113597675
kimi,kimi_add_rho0.02_wd0.1_tiersNone,1001,add,0.02,0.1,final,out,12,0.008366317534430302,13,0.0028774859113597675
kimi,kimi_add_rho0.02_wd0.1_tiersNone,1001,add,0.02,0.1,final,out,13,0.002431294527261863,73,0.0028774859113597675
kimi,kimi_add_rho0.02_wd0.1_tiersNone,1001,add,0.02,0.1,final,out,14,0.10782856177408486,1,0.0028774859113597675
kimi,kimi_add_rho0.02_wd0.1_tiersNone,1001,add,0.02,0.1,final,out,15,0.004508315855594885,23,0.0028774859113597675
kimi,kimi_add_rho0.02_wd0.1_tiersNone,1001,add,0.02,0.1,final,out,16,0.002501494760185916,72,0.0028774859113597675
kimi,kimi_add_rho0.02_wd0.1_tiersNone,1001,add,0.02,0.1,final,out,17,0.0035912935329176798,42,0.0028774859113597675
kimi,kimi_add_rho0.02_wd0.1_tiersNone,1001,add,0.02,0.1,final,out,18,0.0037664794360764238,35,0.0028774859113597675
kimi,kimi_add_rho0.02_wd0.1_tiersNone,1001,add,0.02,0.1,final,out,19,0.0060517207933422305,15,0.0028774859113597675
kimi,kimi_add_rho0.02_wd0.1_tiersNone,1001,add,0.02,0.1,final,out,20,0.004292761953000574,29,0.0028774859113597675
kimi,kimi_add_rho0.02_wd0.1_tiersNone,1001,add,0.02,0.1,final,out,21,0.0912158080548329,6,0.0028774859113597675
kimi,kimi_add_rho0.02_wd0.1_tiersNone,1001,add,0.02,0.1,final,out,22,0.003725270236885482,36,0.0028774859113597675
kimi,kimi_add_rho0.02_wd0.1_tiersNone,1001,add,0.02,0.1,final,out,23,0.004133896992694904,30,0.0028774859113597675
kimi,kimi_add_rho0.02_wd0.1_tiersNone,1001,add,0.02,0.1,final,out,24,0.015195482885330295,11,0.0028774859113597675
kimi,kimi_add_rho0.02_wd0.1_tiersNone,1001,add,0.02,0.1,final,out,25,0.0031502497757656465,56,0.0028774859113597675
kimi,kimi_add_rho0.02_wd0.1_tiersNone,1001,add,0.02,0.1,final,out,26,0.002860244126639181,67,0.0028774859113597675
kimi,kimi_add_rho0.02_wd0.1_tiersNone,1001,add,0.02,0.1,final,out,27,0.003836394434142372,34,0.0028774859113597675
kimi,kimi_add_rho0.02_wd0.1_tiersNone,1001,add,0.02,0.1,final,out,28,0.019843422638398233,10,0.0028774859113597675
kimi,kimi_add_rho0.02_wd0.1_tiersNone,1001,add,0.02,0.1,final,out,29,0.0022587270183874074,74,0.0028774859113597675
kimi,kimi_add_rho0.02_wd0.1_tiersNone,1001,add,0.02,0.1,final,out,30,0.00448940205082681,24,0.0028774859113597675
kimi,kimi_add_rho0.02_wd0.1_tiersNone,1001,add,0.02,0.1,final,out,31,0.003220387736185387,51,0.0028774859113597675
kimi,kimi_add_rho0.02_wd0.1_tiersNone,1001,add,0.02,0.1,final,out,32,0.0036073517786509345,41,0.0028774859113597675
kimi,kimi_add_rho0.02_wd0.1_tiersNone,1001,add,0.02,0.1,final,out,33,0.004380871119980651,27,0.0028774859113597675
kimi,kimi_add_rho0.02_wd0.1_tiersNone,1001,add,0.02,0.1,final,out,34,0.0034952762101106145,43,0.0028774859113597675
kimi,kimi_add_rho0.02_wd0.1_tiersNone,1001,add,0.02,0.1,final,out,35,0.02362081150911149,9,0.0028774859113597675
kimi,kimi_add_rho0.02_wd0.1_tiersNone,1001,add,0.02,0.1,final,out,36,0.0045988168781088265,21,0.0028774859113597675
kimi,kimi_add_rho0.02_wd0.1_tiersNone,1001,add,0.02,0.1,final,out,37,0.003215799194487729,53,0.0028774859113597675
kimi,kimi_add_rho0.02_wd0.1_tiersNone,1001,add,0.02,0.1,final,out,38,0.0027243744338289345,70,0.0028774859113597675
kimi,kimi_add_rho0.02_wd0.1_tiersNone,1001,add,0.02,0.1,final,out,39,0.004808463056081685,18,0.0028774859113597675
kimi,kimi_add_rho0.02_wd0.1_tiersNone,1001,add,0.02,0.1,final,out,40,0.0029306944893717274,65,0.0028774859113597675
kimi,kimi_add_rho0.02_wd0.1_tiersNone,1001,add,0.02,0.1,final,out,41,0.0032757464518631037,50,0.0028774859113597675
kimi,kimi_add_rho0.02_wd0.1_tiersNone,1001,add,0.02,0.1,final,out,42,0.004722341960211903,19,0.0028774859113597675
kimi,kimi_add_rho0.02_wd0.1_tiersNone,1001,add,0.02,0.1,final,out,43,0.0027595453486596714,69,0.0028774859113597675
kimi,kimi_add_rho0.02_wd0.1_tiersNone,1001,add,0.02,0.1,final,out,44,0.004451934786049182,26,0.0028774859113597675
kimi,kimi_add_rho0.02_wd0.1_tiersNone,1001,add,0.02,0.1,final,out,45,0.0029934717337590554,64,0.0028774859113597675
kimi,kimi_add_rho0.02_wd0.1_tiersNone,1001,add,0.02,0.1,final,out,46,0.09434306516688037,5,0.0028774859113597675
kimi,kimi_add_rho0.02_wd0.1_tiersNone,1001,add,0.02,0.1,final,out,47,0.00794366711029392,14,0.0028774859113597675
kimi,kimi_add_rho0.02_wd0.1_tiersNone,1001,add,0.02,0.1,final,out,48,0.0030789930250423275,58,0.0028774859113597675
kimi,kimi_add_rho0.02_wd0.1_tiersNone,1001,add,0.02,0.1,final,out,49,0.0034257207141793417,45,0.0028774859113597675
kimi,kimi_add_rho0.02_wd0.1_tiersNone,1001,add,0.02,0.1,final,out,50,0.0042968714487018975,28,0.0028774859113597675
kimi,kimi_add_rho0.02_wd0.1_tiersNone,1001,add,0.02,0.1,final,out,51,0.0025054172420857974,71,0.0028774859113597675
kimi,kimi_add_rho0.02_wd0.1_tiersNone,1001,add,0.02,0.1,final,out,52,0.002774061670447337,68,0.0028774859113597675
kimi,kimi_add_rho0.02_wd0.1_tiersNone,1001,add,0.02,0.1,final,out,53,0.0031613558142458615,55,0.0028774859113597675
kimi,kimi_add_rho0.02_wd0.1_tiersNone,1001,add,0.02,0.1,final,out,54,0.00402526980937458,32,0.0028774859113597675
kimi,kimi_add_rho0.02_wd0.1_tiersNone,1001,add,0.02,0.1,final,out,55,0.0034042530062426747,46,0.0028774859113597675
kimi,kimi_add_rho0.02_wd0.1_tiersNone,1001,add,0.02,0.1,final,out,56,0.10716415191216784,2,0.0028774859113597675
kimi,kimi_add_rho0.02_wd0.1_tiersNone,1001,add,0.02,0.1,final,out,57,0.04340319862568359,8,0.0028774859113597675
kimi,kimi_add_rho0.02_wd0.1_tiersNone,1001,add,0.02,0.1,final,out,58,0.0036332417227250397,39,0.0028774859113597675
kimi,kimi_add_rho0.02_wd0.1_tiersNone,1001,add,0.02,0.1,final,out,59,0.0045917968895156655,22,0.0028774859113597675
kimi,kimi_add_rho0.02_wd0.1_tiersNone,1001,add,0.02,0.1,final,out,60,0.0036942375923468495,37,0.0028774859113597675
kimi,kimi_add_rho0.02_wd0.1_tiersNone,1001,add,0.02,0.1,final,out,61,0.005773155871362907,16,0.0028774859113597675
kimi,kimi_add_rho0.02_wd0.1_tiersNone,1001,add,0.02,0.1,final,out,62,0.0031901575991647455,54,0.0028774859113597675
kimi,kimi_add_rho0.02_wd0.1_tiersNone,1001,add,0.02,0.1,final,out,63,0.0036873142102645594,38,0.0028774859113597675
kimi,kimi_add_rho0.02_wd0.1_tiersNone,1001,add,0.02,0.1,final,out,64,0.003011025503052718,63,0.0028774859113597675
kimi,kimi_add_rho0.02_wd0.1_tiersNone,1001,add,0.02,0.1,final,out,65,0.0032203154672367992,52,0.0028774859113597675
kimi,kimi_add_rho0.02_wd0.1_tiersNone,1001,add,0.02,0.1,final,out,66,0.0031389008369989498,57,0.0028774859113597675
kimi,kimi_add_rho0.02_wd0.1_tiersNone,1001,add,0.02,0.1,final,out,67,0.0032983456344038804,49,0.0028774859113597675
kimi,kimi_add_rho0.02_wd0.1_tiersNone,1001,add,0.02,0.1,final,out,68,0.0034845929573141254,44,0.0028774859113597675
kimi,kimi_add_rho0.02_wd0.1_tiersNone,1001,add,0.02,0.1,final,out,69,0.0030514092050147393,61,0.0028774859113597675
kimi,kimi_add_rho0.02_wd0.1_tiersNone,1001,add,0.02,0.1,final,out,70,0.004458338810082718,25,0.0028774859113597675
kimi,kimi_add_rho0.02_wd0.1_tiersNone,1001,add,0.02,0.1,final,out,71,0.003021806204407997,62,0.0028774859113597675
kimi,kimi_add_rho0.02_wd0.1_tiersNone,1001,add,0.02,0.1,final,out,72,0.002901686952199823,66,0.0028774859113597675
kimi,kimi_add_rho0.02_wd0.1_tiersNone,1001,add,0.02,0.1,final,out,73,0.05377447109295367,7,0.0028774859113597675
kimi,kimi_add_rho0.02_wd0.1_tiersNone,1001,add,0.02,0.1,final,out,74,0.003384653780562577,47,0.0028774859113597675
kimi,kimi_add_rho0.02_wd0.1_tiersNone,1002,add,0.02,0.1,final,in,1,0.0800357945122732,5,0.0038291310581022127
kimi,kimi_add_rho0.02_wd0.1_tiersNone,1002,add,0.02,0.1,final,in,2,0.013779741247018123,8,0.0038291310581022127
kimi,kimi_add_rho0.02_wd0.1_tiersNone,1002,add,0.02,0.1,final,in,3,0.004162011151796204,69,0.0038291310581022127
kimi,kimi_add_rho0.02_wd0.1_tiersNone,1002,add,0.02,0.1,final,in,4,0.004050224356241849,70,0.0038291310581022127
kimi,kimi_add_rho0.02_wd0.1_tiersNone,1002,add,0.02,0.1,final,in,5,0.004818885626016851,53,0.0038291310581022127
kimi,kimi_add_rho0.02_wd0.1_tiersNone,1002,add,0.02,0.1,final,in,6,0.004855614065274964,51,0.0038291310581022127
kimi,kimi_add_rho0.02_wd0.1_tiersNone,1002,add,0.02,0.1,final,in,7,0.007130911605546049,21,0.0038291310581022127
kimi,kimi_add_rho0.02_wd0.1_tiersNone,1002,add,0.02,0.1,final,in,8,0.11555634631767084,2,0.0038291310581022127
kimi,kimi_add_rho0.02_wd0.1_tiersNone,1002,add,0.02,0.1,final,in,9,0.007239998904628925,20,0.0038291310581022127
kimi,kimi_add_rho0.02_wd0.1_tiersNone,1002,add,0.02,0.1,final,in,10,0.08605028237907182,4,0.0038291310581022127
kimi,kimi_add_rho0.02_wd0.1_tiersNone,1002,add,0.02,0.1,final,in,11,0.005028295245109695,49,0.0038291310581022127
kimi,kimi_add_rho0.02_wd0.1_tiersNone,1002,add,0.02,0.1,final,in,12,0.004477254233949986,60,0.0038291310581022127
kimi,kimi_add_rho0.02_wd0.1_tiersNone,1002,add,0.02,0.1,final,in,13,0.003701307416689418,74,0.0038291310581022127
kimi,kimi_add_rho0.02_wd0.1_tiersNone,1002,add,0.02,0.1,final,in,14,0.005386154053048084,36,0.0038291310581022127
kimi,kimi_add_rho0.02_wd0.1_tiersNone,1002,add,0.02,0.1,final,in,15,0.004349882304630186,62,0.0038291310581022127
kimi,kimi_add_rho0.02_wd0.1_tiersNone,1002,add,0.02,0.1,final,in,16,0.005456915266960937,33,0.0038291310581022127
kimi,kimi_add_rho0.02_wd0.1_tiersNone,1002,add,0.02,0.1,final,in,17,0.0055889030872862755,29,0.0038291310581022127
kimi,kimi_add_rho0.02_wd0.1_tiersNone,1002,add,0.02,0.1,final,in,18,0.00466817602033714,57,0.0038291310581022127
kimi,kimi_add_rho0.02_wd0.1_tiersNone,1002,add,0.02,0.1,final,in,19,0.005183677334313805,39,0.0038291310581022127
kimi,kimi_add_rho0.02_wd0.1_tiersNone,1002,add,0.02,0.1,final,in,20,0.009391397762113316,14,0.0038291310581022127
kimi,kimi_add_rho0.02_wd0.1_tiersNone,1002,add,0.02,0.1,final,in,21,0.003956728225211786,72,0.0038291310581022127
kimi,kimi_add_rho0.02_wd0.1_tiersNone,1002,add,0.02,0.1,final,in,22,0.0042329444593359345,67,0.0038291310581022127
kimi,kimi_add_rho0.02_wd0.1_tiersNone,1002,add,0.02,0.1,final,in,23,0.005614624620271725,28,0.0038291310581022127
kimi,kimi_add_rho0.02_wd0.1_tiersNone,1002,add,0.02,0.1,final,in,24,0.07056367071750788,6,0.0038291310581022127
kimi,kimi_add_rho0.02_wd0.1_tiersNone,1002,add,0.02,0.1,final,in,25,0.009822092513908556,11,0.0038291310581022127
kimi,kimi_add_rho0.02_wd0.1_tiersNone,1002,add,0.02,0.1,final,in,26,0.005097155766879898,42,0.0038291310581022127
kimi,kimi_add_rho0.02_wd0.1_tiersNone,1002,add,0.02,0.1,final,in,27,0.004276727937947951,64,0.0038291310581022127
kimi,kimi_add_rho0.02_wd0.1_tiersNone,1002,add,0.02,0.1,final,in,28,0.005058999870540896,47,0.0038291310581022127
kimi,kimi_add_rho0.02_wd0.1_tiersNone,1002,add,0.02,0.1,final,in,29,0.00979645197987064,12,0.0038291310581022127
kimi,kimi_add_rho0.02_wd0.1_tiersNone,1002,add,0.02,0.1,final,in,30,0.09812745610465633,3,0.0038291310581022127
kimi,kimi_add_rho0.02_wd0.1_tiersNone,1002,add,0.02,0.1,final,in,31,0.005633119647994265,27,0.0038291310581022127
kimi,kimi_add_rho0.02_wd0.1_tiersNone,1002,add,0.02,0.1,final,in,32,0.005920806164354421,24,0.0038291310581022127
kimi,kimi_add_rho0.02_wd0.1_tiersNone,1002,add,0.02,0.1,final,in,33,0.004826933556591188,52,0.0038291310581022127
kimi,kimi_add_rho0.02_wd0.1_tiersNone,1002,add,0.02,0.1,final,in,34,0.009480472114443209,13,0.0038291310581022127
kimi,kimi_add_rho0.02_wd0.1_tiersNone,1002,add,0.02,0.1,final,in,35,0.004489049618815588,59,0.0038291310581022127
kimi,kimi_add_rho0.02_wd0.1_tiersNone,1002,add,0.02,0.1,final,in,36,0.004385269778346056,61,0.0038291310581022127
kimi,kimi_add_rho0.02_wd0.1_tiersNone,1002,add,0.02,0.1,final,in,37,0.003923030956339112,73,0.0038291310581022127
kimi,kimi_add_rho0.02_wd0.1_tiersNone,1002,add,0.02,0.1,final,in,38,0.005140937642169676,41,0.0038291310581022127
kimi,kimi_add_rho0.02_wd0.1_tiersNone,1002,add,0.02,0.1,final,in,39,0.005057500391972769,48,0.0038291310581022127
kimi,kimi_add_rho0.02_wd0.1_tiersNone,1002,add,0.02,0.1,final,in,40,0.005545701677717201,30,0.0038291310581022127
kimi,kimi_add_rho0.02_wd0.1_tiersNone,1002,add,0.02,0.1,final,in,41,0.006197727232962072,22,0.0038291310581022127
kimi,kimi_add_rho0.02_wd0.1_tiersNone,1002,add,0.02,0.1,final,in,42,0.0053875263173377595,35,0.0038291310581022127
kimi,kimi_add_rho0.02_wd0.1_tiersNone,1002,add,0.02,0.1,final,in,43,0.005069055763902051,45,0.0038291310581022127
kimi,kimi_add_rho0.02_wd0.1_tiersNone,1002,add,0.02,0.1,final,in,44,0.12441603011778699,1,0.0038291310581022127
kimi,kimi_add_rho0.02_wd0.1_tiersNone,1002,add,0.02,0.1,final,in,45,0.004257804310567382,65,0.0038291310581022127
kimi,kimi_add_rho0.02_wd0.1_tiersNone,1002,add,0.02,0.1,final,in,46,0.004732996465519799,56,0.0038291310581022127
kimi,kimi_add_rho0.02_wd0.1_tiersNone,1002,add,0.02,0.1,final,in,47,0.005462169526318729,32,0.0038291310581022127
kimi,kimi_add_rho0.02_wd0.1_tiersNone,1002,add,0.02,0.1,final,in,48,0.010705768538293064,9,0.0038291310581022127
kimi,kimi_add_rho0.02_wd0.1_tiersNone,1002,add,0.02,0.1,final,in,49,0.03565676975754809,7,0.0038291310581022127
kimi,kimi_add_rho0.02_wd0.1_tiersNone,1002,add,0.02,0.1,final,in,50,0.008087625351364333,17,0.0038291310581022127
kimi,kimi_add_rho0.02_wd0.1_tiersNone,1002,add,0.02,0.1,final,in,51,0.010093743424099537,10,0.0038291310581022127
kimi,kimi_add_rho0.02_wd0.1_tiersNone,1002,add,0.02,0.1,final,in,52,0.0050762774582170465,44,0.0038291310581022127
kimi,kimi_add_rho0.02_wd0.1_tiersNone,1002,add,0.02,0.1,final,in,53,0.004223164901813391,68,0.0038291310581022127
kimi,kimi_add_rho0.02_wd0.1_tiersNone,1002,add,0.02,0.1,final,in,54,0.007327096243763053,19,0.0038291310581022127
kimi,kimi_add_rho0.02_wd0.1_tiersNone,1002,add,0.02,0.1,final,in,55,0.005166133705414343,40,0.0038291310581022127
kimi,kimi_add_rho0.02_wd0.1_tiersNone,1002,add,0.02,0.1,final,in,56,0.008014428444899493,18,0.0038291310581022127
kimi,kimi_add_rho0.02_wd0.1_tiersNone,1002,add,0.02,0.1,final,in,57,0.008762035503583811,15,0.0038291310581022127
kimi,kimi_add_rho0.02_wd0.1_tiersNone,1002,add,0.02,0.1,final,in,58,0.004339162693937615,63,0.0038291310581022127
kimi,kimi_add_rho0.02_wd0.1_tiersNone,1002,add,0.02,0.1,final,in,59,0.00867589203057525,16,0.0038291310581022127
kimi,kimi_add_rho0.02_wd0.1_tiersNone,1002,add,0.02,0.1,final,in,60,0.004861011729097016,50,0.0038291310581022127
kimi,kimi_add_rho0.02_wd0.1_tiersNone,1002,add,0.02,0.1,final,in,61,0.005730336123624769,25,0.0038291310581022127
kimi,kimi_add_rho0.02_wd0.1_tiersNone,1002,add,0.02,0.1,final,in,62,0.004580503052561205,58,0.0038291310581022127
kimi,kimi_add_rho0.02_wd0.1_tiersNone,1002,add,0.02,0.1,final,in,63,0.0053267851857256255,38,0.0038291310581022127
kimi,kimi_add_rho0.02_wd0.1_tiersNone,1002,add,0.02,0.1,final,in,64,0.004235147029857577,66,0.0038291310581022127
kimi,kimi_add_rho0.02_wd0.1_tiersNone,1002,add,0.02,0.1,final,in,65,0.005445920034216338,34,0.0038291310581022127
kimi,kimi_add_rho0.02_wd0.1_tiersNone,1002,add,0.02,0.1,final,in,66,0.005689500146229611,26,0.0038291310581022127
kimi,kimi_add_rho0.02_wd0.1_tiersNone,1002,add,0.02,0.1,final,in,67,0.004024093737944666,71,0.0038291310581022127
kimi,kimi_add_rho0.02_wd0.1_tiersNone,1002,add,0.02,0.1,final,in,68,0.005468381585839723,31,0.0038291310581022127
kimi,kimi_add_rho0.02_wd0.1_tiersNone,1002,add,0.02,0.1,final,in,69,0.005085070274725769,43,0.0038291310581022127
kimi,kimi_add_rho0.02_wd0.1_tiersNone,1002,add,0.02,0.1,final,in,70,0.004769015565755476,55,0.0038291310581022127
kimi,kimi_add_rho0.02_wd0.1_tiersNone,1002,add,0.02,0.1,final,in,71,0.004788846881105224,54,0.0038291310581022127
kimi,kimi_add_rho0.02_wd0.1_tiersNone,1002,add,0.02,0.1,final,in,72,0.006077389544237385,23,0.0038291310581022127
kimi,kimi_add_rho0.02_wd0.1_tiersNone,1002,add,0.02,0.1,final,in,73,0.005342670002286555,37,0.0038291310581022127
kimi,kimi_add_rho0.02_wd0.1_tiersNone,1002,add,0.02,0.1,final,in,74,0.005062474684036559,46,0.0038291310581022127
kimi,kimi_add_rho0.02_wd0.1_tiersNone,1002,add,0.02,0.1,final,out,1,0.11022265641759965,4,0.0027772796836061197
kimi,kimi_add_rho0.02_wd0.1_tiersNone,1002,add,0.02,0.1,final,out,2,0.006681081153000871,10,0.0027772796836061197
kimi,kimi_add_rho0.02_wd0.1_tiersNone,1002,add,0.02,0.1,final,out,3,0.003189422045121034,53,0.0027772796836061197
kimi,kimi_add_rho0.02_wd0.1_tiersNone,1002,add,0.02,0.1,final,out,4,0.0035441562653388873,33,0.0027772796836061197
kimi,kimi_add_rho0.02_wd0.1_tiersNone,1002,add,0.02,0.1,final,out,5,0.0035349418007956887,34,0.0027772796836061197
kimi,kimi_add_rho0.02_wd0.1_tiersNone,1002,add,0.02,0.1,final,out,6,0.002706302883869947,70,0.0027772796836061197
kimi,kimi_add_rho0.02_wd0.1_tiersNone,1002,add,0.02,0.1,final,out,7,0.0034625178610366036,38,0.0027772796836061197
kimi,kimi_add_rho0.02_wd0.1_tiersNone,1002,add,0.02,0.1,final,out,8,0.12694709115824457,1,0.0027772796836061197
kimi,kimi_add_rho0.02_wd0.1_tiersNone,1002,add,0.02,0.1,final,out,9,0.0027754059366192556,66,0.0027772796836061197
kimi,kimi_add_rho0.02_wd0.1_tiersNone,1002,add,0.02,0.1,final,out,10,0.0848089322561263,6,0.0027772796836061197
kimi,kimi_add_rho0.02_wd0.1_tiersNone,1002,add,0.02,0.1,final,out,11,0.0028154384908808325,64,0.0027772796836061197
kimi,kimi_add_rho0.02_wd0.1_tiersNone,1002,add,0.02,0.1,final,out,12,0.0034313699591602084,41,0.0027772796836061197
kimi,kimi_add_rho0.02_wd0.1_tiersNone,1002,add,0.02,0.1,final,out,13,0.0031295032095615388,55,0.0027772796836061197
kimi,kimi_add_rho0.02_wd0.1_tiersNone,1002,add,0.02,0.1,final,out,14,0.0028362520679495735,63,0.0027772796836061197
kimi,kimi_add_rho0.02_wd0.1_tiersNone,1002,add,0.02,0.1,final,out,15,0.0038993226901781553,25,0.0027772796836061197
kimi,kimi_add_rho0.02_wd0.1_tiersNone,1002,add,0.02,0.1,final,out,16,0.002749002419770639,69,0.0027772796836061197
kimi,kimi_add_rho0.02_wd0.1_tiersNone,1002,add,0.02,0.1,final,out,17,0.004442804002392868,19,0.0027772796836061197
kimi,kimi_add_rho0.02_wd0.1_tiersNone,1002,add,0.02,0.1,final,out,18,0.0029348090923884454,62,0.0027772796836061197
kimi,kimi_add_rho0.02_wd0.1_tiersNone,1002,add,0.02,0.1,final,out,19,0.002941143850897217,60,0.0027772796836061197
kimi,kimi_add_rho0.02_wd0.1_tiersNone,1002,add,0.02,0.1,final,out,20,0.0024756313118829676,74,0.0027772796836061197
kimi,kimi_add_rho0.02_wd0.1_tiersNone,1002,add,0.02,0.1,final,out,21,0.0026281730577568494,72,0.0027772796836061197
kimi,kimi_add_rho0.02_wd0.1_tiersNone,1002,add,0.02,0.1,final,out,22,0.002610360435789651,73,0.0027772796836061197
kimi,kimi_add_rho0.02_wd0.1_tiersNone,1002,add,0.02,0.1,final,out,23,0.003575537784387227,32,0.0027772796836061197
kimi,kimi_add_rho0.02_wd0.1_tiersNone,1002,add,0.02,0.1,final,out,24,0.07877972828747652,7,0.0027772796836061197
kimi,kimi_add_rho0.02_wd0.1_tiersNone,1002,add,0.02,0.1,final,out,25,0.006575533952302805,11,0.0027772796836061197
kimi,kimi_add_rho0.02_wd0.1_tiersNone,1002,add,0.02,0.1,final,out,26,0.004165179983137941,23,0.0027772796836061197
kimi,kimi_add_rho0.02_wd0.1_tiersNone,1002,add,0.02,0.1,final,out,27,0.003622621783762656,28,0.0027772796836061197
kimi,kimi_add_rho0.02_wd0.1_tiersNone,1002,add,0.02,0.1,final,out,28,0.003514256154048032,36,0.0027772796836061197
kimi,kimi_add_rho0.02_wd0.1_tiersNone,1002,add,0.02,0.1,final,out,29,0.005541001483188042,12,0.0027772796836061197
kimi,kimi_add_rho0.02_wd0.1_tiersNone,1002,add,0.02,0.1,final,out,30,0.10394550143821149,5,0.0027772796836061197
kimi,kimi_add_rho0.02_wd0.1_tiersNone,1002,add,0.02,0.1,final,out,31,0.003497626326803527,37,0.0027772796836061197
kimi,kimi_add_rho0.02_wd0.1_tiersNone,1002,add,0.02,0.1,final,out,32,0.002936925034559607,61,0.0027772796836061197
kimi,kimi_add_rho0.02_wd0.1_tiersNone,1002,add,0.02,0.1,final,out,33,0.0036221053557523647,29,0.0027772796836061197
kimi,kimi_add_rho0.02_wd0.1_tiersNone,1002,add,0.02,0.1,final,out,34,0.004504403780199741,18,0.0027772796836061197
kimi,kimi_add_rho0.02_wd0.1_tiersNone,1002,add,0.02,0.1,final,out,35,0.0031592615470301968,54,0.0027772796836061197
kimi,kimi_add_rho0.02_wd0.1_tiersNone,1002,add,0.02,0.1,final,out,36,0.003415321973287097,43,0.0027772796836061197
kimi,kimi_add_rho0.02_wd0.1_tiersNone,1002,add,0.02,0.1,final,out,37,0.003425756199794549,42,0.0027772796836061197
kimi,kimi_add_rho0.02_wd0.1_tiersNone,1002,add,0.02,0.1,final,out,38,0.003022694285220533,58,0.0027772796836061197
kimi,kimi_add_rho0.02_wd0.1_tiersNone,1002,add,0.02,0.1,final,out,39,0.0033516408776236768,44,0.0027772796836061197
kimi,kimi_add_rho0.02_wd0.1_tiersNone,1002,add,0.02,0.1,final,out,40,0.003453474853005076,39,0.0027772796836061197
kimi,kimi_add_rho0.02_wd0.1_tiersNone,1002,add,0.02,0.1,final,out,41,0.0036080335613306977,30,0.0027772796836061197
kimi,kimi_add_rho0.02_wd0.1_tiersNone,1002,add,0.02,0.1,final,out,42,0.004657728102325009,16,0.0027772796836061197
kimi,kimi_add_rho0.02_wd0.1_tiersNone,1002,add,0.02,0.1,final,out,43,0.003057776175585997,56,0.0027772796836061197
kimi,kimi_add_rho0.02_wd0.1_tiersNone,1002,add,0.02,0.1,final,out,44,0.12241267669656915,3,0.0027772796836061197
kimi,kimi_add_rho0.02_wd0.1_tiersNone,1002,add,0.02,0.1,final,out,45,0.003525639182213288,35,0.0027772796836061197
kimi,kimi_add_rho0.02_wd0.1_tiersNone,1002,add,0.02,0.1,final,out,46,0.003231124150806188,50,0.0027772796836061197
kimi,kimi_add_rho0.02_wd0.1_tiersNone,1002,add,0.02,0.1,final,out,47,0.0030478759604013316,57,0.0027772796836061197
kimi,kimi_add_rho0.02_wd0.1_tiersNone,1002,add,0.02,0.1,final,out,48,0.0027514518335888384,68,0.0027772796836061197
kimi,kimi_add_rho0.02_wd0.1_tiersNone,1002,add,0.02,0.1,final,out,49,0.12283609489369361,2,0.0027772796836061197
kimi,kimi_add_rho0.02_wd0.1_tiersNone,1002,add,0.02,0.1,final,out,50,0.004771445320895626,15,0.0027772796836061197
kimi,kimi_add_rho0.02_wd0.1_tiersNone,1002,add,0.02,0.1,final,out,51,0.005285771330273394,13,0.0027772796836061197
kimi,kimi_add_rho0.02_wd0.1_tiersNone,1002,add,0.02,0.1,final,out,52,0.0033246471094969888,46,0.0027772796836061197
kimi,kimi_add_rho0.02_wd0.1_tiersNone,1002,add,0.02,0.1,final,out,53,0.003220838193918595,51,0.0027772796836061197
kimi,kimi_add_rho0.02_wd0.1_tiersNone,1002,add,0.02,0.1,final,out,54,0.0043232133396046875,20,0.0027772796836061197
kimi,kimi_add_rho0.02_wd0.1_tiersNone,1002,add,0.02,0.1,final,out,55,0.00416888229297979,22,0.0027772796836061197
kimi,kimi_add_rho0.02_wd0.1_tiersNone,1002,add,0.02,0.1,final,out,56,0.008263263830053252,9,0.0027772796836061197
kimi,kimi_add_rho0.02_wd0.1_tiersNone,1002,add,0.02,0.1,final,out,57,0.008563044075335697,8,0.0027772796836061197
kimi,kimi_add_rho0.02_wd0.1_tiersNone,1002,add,0.02,0.1,final,out,58,0.0027714548646425364,67,0.0027772796836061197
kimi,kimi_add_rho0.02_wd0.1_tiersNone,1002,add,0.02,0.1,final,out,59,0.005014870237459381,14,0.0027772796836061197
kimi,kimi_add_rho0.02_wd0.1_tiersNone,1002,add,0.02,0.1,final,out,60,0.0026595136497875975,71,0.0027772796836061197
kimi,kimi_add_rho0.02_wd0.1_tiersNone,1002,add,0.02,0.1,final,out,61,0.003577875281587624,31,0.0027772796836061197
kimi,kimi_add_rho0.02_wd0.1_tiersNone,1002,add,0.02,0.1,final,out,62,0.0033467517470512063,45,0.0027772796836061197
kimi,kimi_add_rho0.02_wd0.1_tiersNone,1002,add,0.02,0.1,final,out,63,0.003924284298167537,24,0.0027772796836061197
kimi,kimi_add_rho0.02_wd0.1_tiersNone,1002,add,0.02,0.1,final,out,64,0.003705561217662561,27,0.0027772796836061197
kimi,kimi_add_rho0.02_wd0.1_tiersNone,1002,add,0.02,0.1,final,out,65,0.004277725877921786,21,0.0027772796836061197
kimi,kimi_add_rho0.02_wd0.1_tiersNone,1002,add,0.02,0.1,final,out,66,0.0034399362395950285,40,0.0027772796836061197
kimi,kimi_add_rho0.02_wd0.1_tiersNone,1002,add,0.02,0.1,final,out,67,0.0033208415547011146,47,0.0027772796836061197
kimi,kimi_add_rho0.02_wd0.1_tiersNone,1002,add,0.02,0.1,final,out,68,0.00321232866306877,52,0.0027772796836061197
kimi,kimi_add_rho0.02_wd0.1_tiersNone,1002,add,0.02,0.1,final,out,69,0.0038962282702507183,26,0.0027772796836061197
kimi,kimi_add_rho0.02_wd0.1_tiersNone,1002,add,0.02,0.1,final,out,70,0.0032624429969464247,49,0.0027772796836061197
kimi,kimi_add_rho0.02_wd0.1_tiersNone,1002,add,0.02,0.1,final,out,71,0.0032851848883147998,48,0.0027772796836061197
kimi,kimi_add_rho0.02_wd0.1_tiersNone,1002,add,0.02,0.1,final,out,72,0.004630920367230246,17,0.0027772796836061197
kimi,kimi_add_rho0.02_wd0.1_tiersNone,1002,add,0.02,0.1,final,out,73,0.0029548668487157184,59,0.0027772796836061197
kimi,kimi_add_rho0.02_wd0.1_tiersNone,1002,add,0.02,0.1,final,out,74,0.00279481748167206,65,0.0027772796836061197
kimi,kimi_add_rho0.02_wd0.3_tiersNone,1000,add,0.02,0.3,final,in,1,0.004972856664707211,61,0.003954176653129978
kimi,kimi_add_rho0.02_wd0.3_tiersNone,1000,add,0.02,0.3,final,in,2,0.005837842873899183,42,0.003954176653129978
kimi,kimi_add_rho0.02_wd0.3_tiersNone,1000,add,0.02,0.3,final,in,3,0.006066408200203141,35,0.003954176653129978
kimi,kimi_add_rho0.02_wd0.3_tiersNone,1000,add,0.02,0.3,final,in,4,0.00603642434671086,38,0.003954176653129978
kimi,kimi_add_rho0.02_wd0.3_tiersNone,1000,add,0.02,0.3,final,in,5,0.006418327680587154,27,0.003954176653129978
kimi,kimi_add_rho0.02_wd0.3_tiersNone,1000,add,0.02,0.3,final,in,6,0.006201926084145767,32,0.003954176653129978
kimi,kimi_add_rho0.02_wd0.3_tiersNone,1000,add,0.02,0.3,final,in,7,0.0060521744089552226,37,0.003954176653129978
kimi,kimi_add_rho0.02_wd0.3_tiersNone,1000,add,0.02,0.3,final,in,8,0.005627532826570522,49,0.003954176653129978
kimi,kimi_add_rho0.02_wd0.3_tiersNone,1000,add,0.02,0.3,final,in,9,0.004613353532942046,70,0.003954176653129978
kimi,kimi_add_rho0.02_wd0.3_tiersNone,1000,add,0.02,0.3,final,in,10,0.005842030999299104,41,0.003954176653129978
kimi,kimi_add_rho0.02_wd0.3_tiersNone,1000,add,0.02,0.3,final,in,11,0.06689940158117232,5,0.003954176653129978
kimi,kimi_add_rho0.02_wd0.3_tiersNone,1000,add,0.02,0.3,final,in,12,0.005668909452562881,48,0.003954176653129978
kimi,kimi_add_rho0.02_wd0.3_tiersNone,1000,add,0.02,0.3,final,in,13,0.005207588374010358,57,0.003954176653129978
kimi,kimi_add_rho0.02_wd0.3_tiersNone,1000,add,0.02,0.3,final,in,14,0.004941984613813814,62,0.003954176653129978
kimi,kimi_add_rho0.02_wd0.3_tiersNone,1000,add,0.02,0.3,final,in,15,0.006636328459407722,25,0.003954176653129978
kimi,kimi_add_rho0.02_wd0.3_tiersNone,1000,add,0.02,0.3,final,in,16,0.09382212015171158,2,0.003954176653129978
kimi,kimi_add_rho0.02_wd0.3_tiersNone,1000,add,0.02,0.3,final,in,17,0.007800341638033222,17,0.003954176653129978
kimi,kimi_add_rho0.02_wd0.3_tiersNone,1000,add,0.02,0.3,final,in,18,0.00578384887608947,43,0.003954176653129978
kimi,kimi_add_rho0.02_wd0.3_tiersNone,1000,add,0.02,0.3,final,in,19,0.005692215605874754,47,0.003954176653129978
kimi,kimi_add_rho0.02_wd0.3_tiersNone,1000,add,0.02,0.3,final,in,20,0.005347471285607233,56,0.003954176653129978
kimi,kimi_add_rho0.02_wd0.3_tiersNone,1000,add,0.02,0.3,final,in,21,0.005463274557516229,53,0.003954176653129978
kimi,kimi_add_rho0.02_wd0.3_tiersNone,1000,add,0.02,0.3,final,in,22,0.03080511422492334,7,0.003954176653129978
kimi,kimi_add_rho0.02_wd0.3_tiersNone,1000,add,0.02,0.3,final,in,23,0.005349329966464326,55,0.003954176653129978
kimi,kimi_add_rho0.02_wd0.3_tiersNone,1000,add,0.02,0.3,final,in,24,0.004889236903620728,65,0.003954176653129978
kimi,kimi_add_rho0.02_wd0.3_tiersNone,1000,add,0.02,0.3,final,in,25,0.004890349891926102,64,0.003954176653129978
kimi,kimi_add_rho0.02_wd0.3_tiersNone,1000,add,0.02,0.3,final,in,26,0.004842459384198938,66,0.003954176653129978
kimi,kimi_add_rho0.02_wd0.3_tiersNone,1000,add,0.02,0.3,final,in,27,0.006170310154346284,33,0.003954176653129978
kimi,kimi_add_rho0.02_wd0.3_tiersNone,1000,add,0.02,0.3,final,in,28,0.0049136331084642,63,0.003954176653129978
kimi,kimi_add_rho0.02_wd0.3_tiersNone,1000,add,0.02,0.3,final,in,29,0.006217227569924164,31,0.003954176653129978
kimi,kimi_add_rho0.02_wd0.3_tiersNone,1000,add,0.02,0.3,final,in,30,0.0049938345613082195,59,0.003954176653129978
kimi,kimi_add_rho0.02_wd0.3_tiersNone,1000,add,0.02,0.3,final,in,31,0.00624441549290503,29,0.003954176653129978
kimi,kimi_add_rho0.02_wd0.3_tiersNone,1000,add,0.02,0.3,final,in,32,0.02984221096420604,8,0.003954176653129978
kimi,kimi_add_rho0.02_wd0.3_tiersNone,1000,add,0.02,0.3,final,in,33,0.10582233321066412,1,0.003954176653129978
kimi,kimi_add_rho0.02_wd0.3_tiersNone,1000,add,0.02,0.3,final,in,34,0.004380819115069672,72,0.003954176653129978
kimi,kimi_add_rho0.02_wd0.3_tiersNone,1000,add,0.02,0.3,final,in,35,0.011171141151449326,14,0.003954176653129978
kimi,kimi_add_rho0.02_wd0.3_tiersNone,1000,add,0.02,0.3,final,in,36,0.012457539457858215,11,0.003954176653129978
kimi,kimi_add_rho0.02_wd0.3_tiersNone,1000,add,0.02,0.3,final,in,37,0.00624051881424908,30,0.003954176653129978
kimi,kimi_add_rho0.02_wd0.3_tiersNone,1000,add,0.02,0.3,final,in,38,0.006815026913423599,22,0.003954176653129978
kimi,kimi_add_rho0.02_wd0.3_tiersNone,1000,add,0.02,0.3,final,in,39,0.005441322327005287,54,0.003954176653129978
kimi,kimi_add_rho0.02_wd0.3_tiersNone,1000,add,0.02,0.3,final,in,40,0.0060118134449312225,39,0.003954176653129978
kimi,kimi_add_rho0.02_wd0.3_tiersNone,1000,add,0.02,0.3,final,in,41,0.005590246249876369,50,0.003954176653129978
kimi,kimi_add_rho0.02_wd0.3_tiersNone,1000,add,0.02,0.3,final,in,42,0.004981007058969571,60,0.003954176653129978
kimi,kimi_add_rho0.02_wd0.3_tiersNone,1000,add,0.02,0.3,final,in,43,0.006792416219792033,23,0.003954176653129978
kimi,kimi_add_rho0.02_wd0.3_tiersNone,1000,add,0.02,0.3,final,in,44,0.007957247624300487,16,0.003954176653129978
kimi,kimi_add_rho0.02_wd0.3_tiersNone,1000,add,0.02,0.3,final,in,45,0.08980516626432573,4,0.003954176653129978
kimi,kimi_add_rho0.02_wd0.3_tiersNone,1000,add,0.02,0.3,final,in,46,0.004322551301544235,73,0.003954176653129978
kimi,kimi_add_rho0.02_wd0.3_tiersNone,1000,add,0.02,0.3,final,in,47,0.004453816118404423,71,0.003954176653129978
kimi,kimi_add_rho0.02_wd0.3_tiersNone,1000,add,0.02,0.3,final,in,48,0.015512836243215896,10,0.003954176653129978
kimi,kimi_add_rho0.02_wd0.3_tiersNone,1000,add,0.02,0.3,final,in,49,0.006072186571825819,34,0.003954176653129978
kimi,kimi_add_rho0.02_wd0.3_tiersNone,1000,add,0.02,0.3,final,in,50,0.011580979061976089,12,0.003954176653129978
kimi,kimi_add_rho0.02_wd0.3_tiersNone,1000,add,0.02,0.3,final,in,51,0.006949410800090135,21,0.003954176653129978
kimi,kimi_add_rho0.02_wd0.3_tiersNone,1000,add,0.02,0.3,final,in,52,0.005503957845534316,52,0.003954176653129978
kimi,kimi_add_rho0.02_wd0.3_tiersNone,1000,add,0.02,0.3,final,in,53,0.0070318336854572555,19,0.003954176653129978
kimi,kimi_add_rho0.02_wd0.3_tiersNone,1000,add,0.02,0.3,final,in,54,0.0059651378675947995,40,0.003954176653129978
kimi,kimi_add_rho0.02_wd0.3_tiersNone,1000,add,0.02,0.3,final,in,55,0.0077435830428496865,18,0.003954176653129978
kimi,kimi_add_rho0.02_wd0.3_tiersNone,1000,add,0.02,0.3,final,in,56,0.007018874749488305,20,0.003954176653129978
kimi,kimi_add_rho0.02_wd0.3_tiersNone,1000,add,0.02,0.3,final,in,57,0.0925850467459509,3,0.003954176653129978
kimi,kimi_add_rho0.02_wd0.3_tiersNone,1000,add,0.02,0.3,final,in,58,0.05366929444335389,6,0.003954176653129978
kimi,kimi_add_rho0.02_wd0.3_tiersNone,1000,add,0.02,0.3,final,in,59,0.005738497728653071,45,0.003954176653129978
kimi,kimi_add_rho0.02_wd0.3_tiersNone,1000,add,0.02,0.3,final,in,60,0.005578325408162403,51,0.003954176653129978
kimi,kimi_add_rho0.02_wd0.3_tiersNone,1000,add,0.02,0.3,final,in,61,0.008722675083849576,15,0.003954176653129978
kimi,kimi_add_rho0.02_wd0.3_tiersNone,1000,add,0.02,0.3,final,in,62,0.004295482440205441,74,0.003954176653129978
kimi,kimi_add_rho0.02_wd0.3_tiersNone,1000,add,0.02,0.3,final,in,63,0.006060352550275112,36,0.003954176653129978
kimi,kimi_add_rho0.02_wd0.3_tiersNone,1000,add,0.02,0.3,final,in,64,0.006391963315348079,28,0.003954176653129978
kimi,kimi_add_rho0.02_wd0.3_tiersNone,1000,add,0.02,0.3,final,in,65,0.006426577817396224,26,0.003954176653129978
kimi,kimi_add_rho0.02_wd0.3_tiersNone,1000,add,0.02,0.3,final,in,66,0.025694973007942875,9,0.003954176653129978
kimi,kimi_add_rho0.02_wd0.3_tiersNone,1000,add,0.02,0.3,final,in,67,0.0047607374121475116,68,0.003954176653129978
kimi,kimi_add_rho0.02_wd0.3_tiersNone,1000,add,0.02,0.3,final,in,68,0.004763690741834536,67,0.003954176653129978
kimi,kimi_add_rho0.02_wd0.3_tiersNone,1000,add,0.02,0.3,final,in,69,0.004705499038611196,69,0.003954176653129978
kimi,kimi_add_rho0.02_wd0.3_tiersNone,1000,add,0.02,0.3,final,in,70,0.005743531304057534,44,0.003954176653129978
kimi,kimi_add_rho0.02_wd0.3_tiersNone,1000,add,0.02,0.3,final,in,71,0.00664342566881343,24,0.003954176653129978
kimi,kimi_add_rho0.02_wd0.3_tiersNone,1000,add,0.02,0.3,final,in,72,0.011569179926651433,13,0.003954176653129978
kimi,kimi_add_rho0.02_wd0.3_tiersNone,1000,add,0.02,0.3,final,in,73,0.00573526879722274,46,0.003954176653129978
kimi,kimi_add_rho0.02_wd0.3_tiersNone,1000,add,0.02,0.3,final,in,74,0.005203228993521368,58,0.003954176653129978
kimi,kimi_add_rho0.02_wd0.3_tiersNone,1000,add,0.02,0.3,final,out,1,0.009043015143074635,38,0.005555994440891154
kimi,kimi_add_rho0.02_wd0.3_tiersNone,1000,add,0.02,0.3,final,out,2,0.002587144939356247,63,0.005555994440891154
kimi,kimi_add_rho0.02_wd0.3_tiersNone,1000,add,0.02,0.3,final,out,3,0.0019678153644924496,72,0.005555994440891154
kimi,kimi_add_rho0.02_wd0.3_tiersNone,1000,add,0.02,0.3,final,out,4,0.0032466951421834924,56,0.005555994440891154
kimi,kimi_add_rho0.02_wd0.3_tiersNone,1000,add,0.02,0.3,final,out,5,0.0356995771077354,2,0.005555994440891154
kimi,kimi_add_rho0.02_wd0.3_tiersNone,1000,add,0.02,0.3,final,out,6,0.006159612599322661,46,0.005555994440891154
kimi,kimi_add_rho0.02_wd0.3_tiersNone,1000,add,0.02,0.3,final,out,7,0.0018762308852884252,73,0.005555994440891154
kimi,kimi_add_rho0.02_wd0.3_tiersNone,1000,add,0.02,0.3,final,out,8,0.004851038155400166,47,0.005555994440891154
kimi,kimi_add_rho0.02_wd0.3_tiersNone,1000,add,0.02,0.3,final,out,9,0.004517245692727962,49,0.005555994440891154
kimi,kimi_add_rho0.02_wd0.3_tiersNone,1000,add,0.02,0.3,final,out,10,0.0025349524544098227,64,0.005555994440891154
kimi,kimi_add_rho0.02_wd0.3_tiersNone,1000,add,0.02,0.3,final,out,11,0.01500027145425002,32,0.005555994440891154
kimi,kimi_add_rho0.02_wd0.3_tiersNone,1000,add,0.02,0.3,final,out,12,0.023183521863744463,16,0.005555994440891154
kimi,kimi_add_rho0.02_wd0.3_tiersNone,1000,add,0.02,0.3,final,out,13,0.007246812697847459,40,0.005555994440891154
kimi,kimi_add_rho0.02_wd0.3_tiersNone,1000,add,0.02,0.3,final,out,14,0.0028237550445732135,61,0.005555994440891154
kimi,kimi_add_rho0.02_wd0.3_tiersNone,1000,add,0.02,0.3,final,out,15,0.0023336186455547225,65,0.005555994440891154
kimi,kimi_add_rho0.02_wd0.3_tiersNone,1000,add,0.02,0.3,final,out,16,0.023724298673792932,15,0.005555994440891154
kimi,kimi_add_rho0.02_wd0.3_tiersNone,1000,add,0.02,0.3,final,out,17,0.013264738899974832,33,0.005555994440891154
kimi,kimi_add_rho0.02_wd0.3_tiersNone,1000,add,0.02,0.3,final,out,18,0.003251057305627411,55,0.005555994440891154
kimi,kimi_add_rho0.02_wd0.3_tiersNone,1000,add,0.02,0.3,final,out,19,0.002159947711527061,67,0.005555994440891154
kimi,kimi_add_rho0.02_wd0.3_tiersNone,1000,add,0.02,0.3,final,out,20,0.0021313993208430795,68,0.005555994440891154
kimi,kimi_add_rho0.02_wd0.3_tiersNone,1000,add,0.02,0.3,final,out,21,0.006232387756811992,45,0.005555994440891154
kimi,kimi_add_rho0.02_wd0.3_tiersNone,1000,add,0.02,0.3,final,out,22,0.02751248423202596,12,0.005555994440891154
kimi,kimi_add_rho0.02_wd0.3_tiersNone,1000,add,0.02,0.3,final,out,23,0.003964438500798764,52,0.005555994440891154
kimi,kimi_add_rho0.02_wd0.3_tiersNone,1000,add,0.02,0.3,final,out,24,0.028600518184705274,11,0.005555994440891154
kimi,kimi_add_rho0.02_wd0.3_tiersNone,1000,add,0.02,0.3,final,out,25,0.01756285740991868,28,0.005555994440891154
kimi,kimi_add_rho0.02_wd0.3_tiersNone,1000,add,0.02,0.3,final,out,26,0.004570339689496108,48,0.005555994440891154
kimi,kimi_add_rho0.02_wd0.3_tiersNone,1000,add,0.02,0.3,final,out,27,0.03440483244570049,3,0.005555994440891154
kimi,kimi_add_rho0.02_wd0.3_tiersNone,1000,add,0.02,0.3,final,out,28,0.004111865939577981,51,0.005555994440891154
kimi,kimi_add_rho0.02_wd0.3_tiersNone,1000,add,0.02,0.3,final,out,29,0.017547735937523297,29,0.005555994440891154
kimi,kimi_add_rho0.02_wd0.3_tiersNone,1000,add,0.02,0.3,final,out,30,0.0031146355574716645,58,0.005555994440891154
kimi,kimi_add_rho0.02_wd0.3_tiersNone,1000,add,0.02,0.3,final,out,31,0.00343340611544924,54,0.005555994440891154
kimi,kimi_add_rho0.02_wd0.3_tiersNone,1000,add,0.02,0.3,final,out,32,0.02279330071921469,19,0.005555994440891154
kimi,kimi_add_rho0.02_wd0.3_tiersNone,1000,add,0.02,0.3,final,out,33,0.02114437656269442,24,0.005555994440891154
kimi,kimi_add_rho0.02_wd0.3_tiersNone,1000,add,0.02,0.3,final,out,34,0.021170305486712594,23,0.005555994440891154
kimi,kimi_add_rho0.02_wd0.3_tiersNone,1000,add,0.02,0.3,final,out,35,0.022110078052007858,21,0.005555994440891154
kimi,kimi_add_rho0.02_wd0.3_tiersNone,1000,add,0.02,0.3,final,out,36,0.02275505589219618,20,0.005555994440891154
kimi,kimi_add_rho0.02_wd0.3_tiersNone,1000,add,0.02,0.3,final,out,37,0.00226722303775621,66,0.005555994440891154
kimi,kimi_add_rho0.02_wd0.3_tiersNone,1000,add,0.02,0.3,final,out,38,0.01304105716143206,34,0.005555994440891154
kimi,kimi_add_rho0.02_wd0.3_tiersNone,1000,add,0.02,0.3,final,out,39,0.002049557352392791,71,0.005555994440891154
kimi,kimi_add_rho0.02_wd0.3_tiersNone,1000,add,0.02,0.3,final,out,40,0.0034555264673825875,53,0.005555994440891154
kimi,kimi_add_rho0.02_wd0.3_tiersNone,1000,add,0.02,0.3,final,out,41,0.030631889713387407,7,0.005555994440891154
kimi,kimi_add_rho0.02_wd0.3_tiersNone,1000,add,0.02,0.3,final,out,42,0.033293668839393754,4,0.005555994440891154
kimi,kimi_add_rho0.02_wd0.3_tiersNone,1000,add,0.02,0.3,final,out,43,0.007028988554422252,42,0.005555994440891154
kimi,kimi_add_rho0.02_wd0.3_tiersNone,1000,add,0.02,0.3,final,out,44,0.01695701527352902,31,0.005555994440891154
kimi,kimi_add_rho0.02_wd0.3_tiersNone,1000,add,0.02,0.3,final,out,45,0.03034683358999158,8,0.005555994440891154
kimi,kimi_add_rho0.02_wd0.3_tiersNone,1000,add,0.02,0.3,final,out,46,0.021479431360503676,22,0.005555994440891154
kimi,kimi_add_rho0.02_wd0.3_tiersNone,1000,add,0.02,0.3,final,out,47,0.031161286038176635,5,0.005555994440891154
kimi,kimi_add_rho0.02_wd0.3_tiersNone,1000,add,0.02,0.3,final,out,48,0.003019137747033403,60,0.005555994440891154
kimi,kimi_add_rho0.02_wd0.3_tiersNone,1000,add,0.02,0.3,final,out,49,0.030849453048030693,6,0.005555994440891154
kimi,kimi_add_rho0.02_wd0.3_tiersNone,1000,add,0.02,0.3,final,out,50,0.010517713737477445,35,0.005555994440891154
kimi,kimi_add_rho0.02_wd0.3_tiersNone,1000,add,0.02,0.3,final,out,51,0.0020695241142883324,70,0.005555994440891154
kimi,kimi_add_rho0.02_wd0.3_tiersNone,1000,add,0.02,0.3,final,out,52,0.0031546945550371863,57,0.005555994440891154
kimi,kimi_add_rho0.02_wd0.3_tiersNone,1000,add,0.02,0.3,final,out,53,0.0026233995704807644,62,0.005555994440891154
kimi,kimi_add_rho0.02_wd0.3_tiersNone,1000,add,0.02,0.3,final,out,54,0.0017531747535973789,74,0.005555994440891154
kimi,kimi_add_rho0.02_wd0.3_tiersNone,1000,add,0.02,0.3,final,out,55,0.01035170437532409,36,0.005555994440891154
kimi,kimi_add_rho0.02_wd0.3_tiersNone,1000,add,0.02,0.3,final,out,56,0.009222255441850057,37,0.005555994440891154
kimi,kimi_add_rho0.02_wd0.3_tiersNone,1000,add,0.02,0.3,final,out,57,0.017698786648180864,27,0.005555994440891154
kimi,kimi_add_rho0.02_wd0.3_tiersNone,1000,add,0.02,0.3,final,out,58,0.01730874395496259,30,0.005555994440891154
kimi,kimi_add_rho0.02_wd0.3_tiersNone,1000,add,0.02,0.3,final,out,59,0.02909849076531112,10,0.005555994440891154
kimi,kimi_add_rho0.02_wd0.3_tiersNone,1000,add,0.02,0.3,final,out,60,0.006559044239859543,44,0.005555994440891154
kimi,kimi_add_rho0.02_wd0.3_tiersNone,1000,add,0.02,0.3,final,out,61,0.02300255003948734,17,0.005555994440891154
kimi,kimi_add_rho0.02_wd0.3_tiersNone,1000,add,0.02,0.3,final,out,62,0.004326356497222031,50,0.005555994440891154
kimi,kimi_add_rho0.02_wd0.3_tiersNone,1000,add,0.02,0.3,final,out,63,0.003114239296420058,59,0.005555994440891154
kimi,kimi_add_rho0.02_wd0.3_tiersNone,1000,add,0.02,0.3,final,out,64,0.00207575409990263,69,0.005555994440891154
kimi,kimi_add_rho0.02_wd0.3_tiersNone,1000,add,0.02,0.3,final,out,65,0.007726352884816629,39,0.005555994440891154
kimi,kimi_add_rho0.02_wd0.3_tiersNone,1000,add,0.02,0.3,final,out,66,0.02916024288721979,9,0.005555994440891154
kimi,kimi_add_rho0.02_wd0.3_tiersNone,1000,add,0.02,0.3,final,out,67,0.00716759217615046,41,0.005555994440891154
kimi,kimi_add_rho0.02_wd0.3_tiersNone,1000,add,0.02,0.3,final,out,68,0.026794677338247988,13,0.005555994440891154
kimi,kimi_add_rho0.02_wd0.3_tiersNone,1000,add,0.02,0.3,final,out,69,0.02379161181276059,14,0.005555994440891154
kimi,kimi_add_rho0.02_wd0.3_tiersNone,1000,add,0.02,0.3,final,out,70,0.006659704584333314,43,0.005555994440891154
kimi,kimi_add_rho0.02_wd0.3_tiersNone,1000,add,0.02,0.3,final,out,71,0.017786667039907514,26,0.005555994440891154
kimi,kimi_add_rho0.02_wd0.3_tiersNone,1000,add,0.02,0.3,final,out,72,0.022905744936828232,18,0.005555994440891154
kimi,kimi_add_rho0.02_wd0.3_tiersNone,1000,add,0.02,0.3,final,out,73,0.04058979183347136,1,0.005555994440891154
kimi,kimi_add_rho0.02_wd0.3_tiersNone,1000,add,0.02,0.3,final,out,74,0.02032874664939902,25,0.005555994440891154
kimi,kimi_add_rho0.02_wd0.3_tiersNone,1001,add,0.02,0.3,final,in,1,0.004253065832214321,45,0.0059024356297002105
kimi,kimi_add_rho0.02_wd0.3_tiersNone,1001,add,0.02,0.3,final,in,2,0.003555543681921174,63,0.0059024356297002105
kimi,kimi_add_rho0.02_wd0.3_tiersNone,1001,add,0.02,0.3,final,in,3,0.004857124066745977,32,0.0059024356297002105
kimi,kimi_add_rho0.02_wd0.3_tiersNone,1001,add,0.02,0.3,final,in,4,0.004763170292744939,34,0.0059024356297002105
kimi,kimi_add_rho0.02_wd0.3_tiersNone,1001,add,0.02,0.3,final,in,5,0.07502907990230376,5,0.0059024356297002105
kimi,kimi_add_rho0.02_wd0.3_tiersNone,1001,add,0.02,0.3,final,in,6,0.0035189461674135724,66,0.0059024356297002105
kimi,kimi_add_rho0.02_wd0.3_tiersNone,1001,add,0.02,0.3,final,in,7,0.004064687588848876,51,0.0059024356297002105
kimi,kimi_add_rho0.02_wd0.3_tiersNone,1001,add,0.02,0.3,final,in,8,0.0681548767536135,7,0.0059024356297002105
kimi,kimi_add_rho0.02_wd0.3_tiersNone,1001,add,0.02,0.3,final,in,9,0.003541175325761764,65,0.0059024356297002105
kimi,kimi_add_rho0.02_wd0.3_tiersNone,1001,add,0.02,0.3,final,in,10,0.003374540735152224,70,0.0059024356297002105
kimi,kimi_add_rho0.02_wd0.3_tiersNone,1001,add,0.02,0.3,final,in,11,0.004090977566739015,49,0.0059024356297002105
kimi,kimi_add_rho0.02_wd0.3_tiersNone,1001,add,0.02,0.3,final,in,12,0.005600685481066479,24,0.0059024356297002105
kimi,kimi_add_rho0.02_wd0.3_tiersNone,1001,add,0.02,0.3,final,in,13,0.005049572931316888,26,0.0059024356297002105
kimi,kimi_add_rho0.02_wd0.3_tiersNone,1001,add,0.02,0.3,final,in,14,0.003957339741855106,54,0.0059024356297002105
kimi,kimi_add_rho0.02_wd0.3_tiersNone,1001,add,0.02,0.3,final,in,15,0.004019154532178379,52,0.0059024356297002105
kimi,kimi_add_rho0.02_wd0.3_tiersNone,1001,add,0.02,0.3,final,in,16,0.010633826464510093,12,0.0059024356297002105
kimi,kimi_add_rho0.02_wd0.3_tiersNone,1001,add,0.02,0.3,final,in,17,0.0041183241697327275,48,0.0059024356297002105
kimi,kimi_add_rho0.02_wd0.3_tiersNone,1001,add,0.02,0.3,final,in,18,0.004871978608011778,30,0.0059024356297002105
kimi,kimi_add_rho0.02_wd0.3_tiersNone,1001,add,0.02,0.3,final,in,19,0.00445150949598733,38,0.0059024356297002105
kimi,kimi_add_rho0.02_wd0.3_tiersNone,1001,add,0.02,0.3,final,in,20,0.004302124065390234,43,0.0059024356297002105
kimi,kimi_add_rho0.02_wd0.3_tiersNone,1001,add,0.02,0.3,final,in,21,0.0937835247484263,1,0.0059024356297002105
kimi,kimi_add_rho0.02_wd0.3_tiersNone,1001,add,0.02,0.3,final,in,22,0.003799486916038852,59,0.0059024356297002105
kimi,kimi_add_rho0.02_wd0.3_tiersNone,1001,add,0.02,0.3,final,in,23,0.004406225042708529,41,0.0059024356297002105
kimi,kimi_add_rho0.02_wd0.3_tiersNone,1001,add,0.02,0.3,final,in,24,0.05278663569338302,9,0.0059024356297002105
kimi,kimi_add_rho0.02_wd0.3_tiersNone,1001,add,0.02,0.3,final,in,25,0.004644308549868983,36,0.0059024356297002105
kimi,kimi_add_rho0.02_wd0.3_tiersNone,1001,add,0.02,0.3,final,in,26,0.0035506218737607824,64,0.0059024356297002105
kimi,kimi_add_rho0.02_wd0.3_tiersNone,1001,add,0.02,0.3,final,in,27,0.003920726967764428,55,0.0059024356297002105
kimi,kimi_add_rho0.02_wd0.3_tiersNone,1001,add,0.02,0.3,final,in,28,0.004865903123242339,31,0.0059024356297002105
kimi,kimi_add_rho0.02_wd0.3_tiersNone,1001,add,0.02,0.3,final,in,29,0.004446540969860347,39,0.0059024356297002105
kimi,kimi_add_rho0.02_wd0.3_tiersNone,1001,add,0.02,0.3,final,in,30,0.08224596580176786,3,0.0059024356297002105
kimi,kimi_add_rho0.02_wd0.3_tiersNone,1001,add,0.02,0.3,final,in,31,0.003999750680482838,53,0.0059024356297002105
kimi,kimi_add_rho0.02_wd0.3_tiersNone,1001,add,0.02,0.3,final,in,32,0.07187574094100618,6,0.0059024356297002105
kimi,kimi_add_rho0.02_wd0.3_tiersNone,1001,add,0.02,0.3,final,in,33,0.0039029260951554596,57,0.0059024356297002105
kimi,kimi_add_rho0.02_wd0.3_tiersNone,1001,add,0.02,0.3,final,in,34,0.003409721585411042,69,0.0059024356297002105
kimi,kimi_add_rho0.02_wd0.3_tiersNone,1001,add,0.02,0.3,final,in,35,0.0048874715409341326,29,0.0059024356297002105
kimi,kimi_add_rho0.02_wd0.3_tiersNone,1001,add,0.02,0.3,final,in,36,0.09192430195362189,2,0.0059024356297002105
kimi,kimi_add_rho0.02_wd0.3_tiersNone,1001,add,0.02,0.3,final,in,37,0.0047903269644734145,33,0.0059024356297002105
kimi,kimi_add_rho0.02_wd0.3_tiersNone,1001,add,0.02,0.3,final,in,38,0.0040660268515245075,50,0.0059024356297002105
kimi,kimi_add_rho0.02_wd0.3_tiersNone,1001,add,0.02,0.3,final,in,39,0.005174067486628329,25,0.0059024356297002105
kimi,kimi_add_rho0.02_wd0.3_tiersNone,1001,add,0.02,0.3,final,in,40,0.00688614136408553,16,0.0059024356297002105
kimi,kimi_add_rho0.02_wd0.3_tiersNone,1001,add,0.02,0.3,final,in,41,0.005892034647862378,22,0.0059024356297002105
kimi,kimi_add_rho0.02_wd0.3_tiersNone,1001,add,0.02,0.3,final,in,42,0.00415180032321517,47,0.0059024356297002105
kimi,kimi_add_rho0.02_wd0.3_tiersNone,1001,add,0.02,0.3,final,in,43,0.0037110315980273404,62,0.0059024356297002105
kimi,kimi_add_rho0.02_wd0.3_tiersNone,1001,add,0.02,0.3,final,in,44,0.0060314566557127134,21,0.0059024356297002105
kimi,kimi_add_rho0.02_wd0.3_tiersNone,1001,add,0.02,0.3,final,in,45,0.0035012538040192264,67,0.0059024356297002105
kimi,kimi_add_rho0.02_wd0.3_tiersNone,1001,add,0.02,0.3,final,in,46,0.07681236304281092,4,0.0059024356297002105
kimi,kimi_add_rho0.02_wd0.3_tiersNone,1001,add,0.02,0.3,final,in,47,0.018033067825549948,10,0.0059024356297002105
kimi,kimi_add_rho0.02_wd0.3_tiersNone,1001,add,0.02,0.3,final,in,48,0.0068813241812851035,17,0.0059024356297002105
kimi,kimi_add_rho0.02_wd0.3_tiersNone,1001,add,0.02,0.3,final,in,49,0.004443941189381792,40,0.0059024356297002105
kimi,kimi_add_rho0.02_wd0.3_tiersNone,1001,add,0.02,0.3,final,in,50,0.004902738948423108,28,0.0059024356297002105
kimi,kimi_add_rho0.02_wd0.3_tiersNone,1001,add,0.02,0.3,final,in,51,0.003123975386219229,73,0.0059024356297002105
kimi,kimi_add_rho0.02_wd0.3_tiersNone,1001,add,0.02,0.3,final,in,52,0.0038894868357673066,58,0.0059024356297002105
kimi,kimi_add_rho0.02_wd0.3_tiersNone,1001,add,0.02,0.3,final,in,53,0.004186254275645915,46,0.0059024356297002105
kimi,kimi_add_rho0.02_wd0.3_tiersNone,1001,add,0.02,0.3,final,in,54,0.0034445674813303904,68,0.0059024356297002105
kimi,kimi_add_rho0.02_wd0.3_tiersNone,1001,add,0.02,0.3,final,in,55,0.005650961029256706,23,0.0059024356297002105
kimi,kimi_add_rho0.02_wd0.3_tiersNone,1001,add,0.02,0.3,final,in,56,0.056650309810912666,8,0.0059024356297002105
kimi,kimi_add_rho0.02_wd0.3_tiersNone,1001,add,0.02,0.3,final,in,57,0.006703660828352942,18,0.0059024356297002105
kimi,kimi_add_rho0.02_wd0.3_tiersNone,1001,add,0.02,0.3,final,in,58,0.004917218960906203,27,0.0059024356297002105
kimi,kimi_add_rho0.02_wd0.3_tiersNone,1001,add,0.02,0.3,final,in,59,0.0045219282710695675,37,0.0059024356297002105
kimi,kimi_add_rho0.02_wd0.3_tiersNone,1001,add,0.02,0.3,final,in,60,0.006233387505891517,20,0.0059024356297002105
kimi,kimi_add_rho0.02_wd0.3_tiersNone,1001,add,0.02,0.3,final,in,61,0.007993223961155751,13,0.0059024356297002105
kimi,kimi_add_rho0.02_wd0.3_tiersNone,1001,add,0.02,0.3,final,in,62,0.0030928311916857028,74,0.0059024356297002105
kimi,kimi_add_rho0.02_wd0.3_tiersNone,1001,add,0.02,0.3,final,in,63,0.0066660601843476115,19,0.0059024356297002105
kimi,kimi_add_rho0.02_wd0.3_tiersNone,1001,add,0.02,0.3,final,in,64,0.007567346878626483,14,0.0059024356297002105
kimi,kimi_add_rho0.02_wd0.3_tiersNone,1001,add,0.02,0.3,final,in,65,0.004289773415425086,44,0.0059024356297002105
kimi,kimi_add_rho0.02_wd0.3_tiersNone,1001,add,0.02,0.3,final,in,66,0.0032369378693549587,71,0.0059024356297002105
kimi,kimi_add_rho0.02_wd0.3_tiersNone,1001,add,0.02,0.3,final,in,67,0.003201260816857396,72,0.0059024356297002105
kimi,kimi_add_rho0.02_wd0.3_tiersNone,1001,add,0.02,0.3,final,in,68,0.004730781048877689,35,0.0059024356297002105
kimi,kimi_add_rho0.02_wd0.3_tiersNone,1001,add,0.02,0.3,final,in,69,0.007386432926615431,15,0.0059024356297002105
kimi,kimi_add_rho0.02_wd0.3_tiersNone,1001,add,0.02,0.3,final,in,70,0.00438962889486504,42,0.0059024356297002105
kimi,kimi_add_rho0.02_wd0.3_tiersNone,1001,add,0.02,0.3,final,in,71,0.003787925957065846,60,0.0059024356297002105
kimi,kimi_add_rho0.02_wd0.3_tiersNone,1001,add,0.02,0.3,final,in,72,0.016715177850108263,11,0.0059024356297002105
kimi,kimi_add_rho0.02_wd0.3_tiersNone,1001,add,0.02,0.3,final,in,73,0.0037702150329854025,61,0.0059024356297002105
kimi,kimi_add_rho0.02_wd0.3_tiersNone,1001,add,0.02,0.3,final,in,74,0.003915522816736218,56,0.0059024356297002105
kimi,kimi_add_rho0.02_wd0.3_tiersNone,1001,add,0.02,0.3,final,out,1,0.0017390890105881739,68,0.005092646651879075
kimi,kimi_add_rho0.02_wd0.3_tiersNone,1001,add,0.02,0.3,final,out,2,0.003620673292462828,52,0.005092646651879075
kimi,kimi_add_rho0.02_wd0.3_tiersNone,1001,add,0.02,0.3,final,out,3,0.023049148548916706,16,0.005092646651879075
kimi,kimi_add_rho0.02_wd0.3_tiersNone,1001,add,0.02,0.3,final,out,4,0.01905923473153177,18,0.005092646651879075
kimi,kimi_add_rho0.02_wd0.3_tiersNone,1001,add,0.02,0.3,final,out,5,0.03440147609321563,11,0.005092646651879075
kimi,kimi_add_rho0.02_wd0.3_tiersNone,1001,add,0.02,0.3,final,out,6,0.014981072520670236,22,0.005092646651879075
kimi,kimi_add_rho0.02_wd0.3_tiersNone,1001,add,0.02,0.3,final,out,7,0.0015262946589377014,74,0.005092646651879075
kimi,kimi_add_rho0.02_wd0.3_tiersNone,1001,add,0.02,0.3,final,out,8,0.014760325390854364,23,0.005092646651879075
kimi,kimi_add_rho0.02_wd0.3_tiersNone,1001,add,0.02,0.3,final,out,9,0.005972656471915003,41,0.005092646651879075
kimi,kimi_add_rho0.02_wd0.3_tiersNone,1001,add,0.02,0.3,final,out,10,0.011769768650288191,31,0.005092646651879075
kimi,kimi_add_rho0.02_wd0.3_tiersNone,1001,add,0.02,0.3,final,out,11,0.004890271348589928,46,0.005092646651879075
kimi,kimi_add_rho0.02_wd0.3_tiersNone,1001,add,0.02,0.3,final,out,12,0.009181673363871733,35,0.005092646651879075
kimi,kimi_add_rho0.02_wd0.3_tiersNone,1001,add,0.02,0.3,final,out,13,0.04853400719687894,2,0.005092646651879075
kimi,kimi_add_rho0.02_wd0.3_tiersNone,1001,add,0.02,0.3,final,out,14,0.004766361084595764,47,0.005092646651879075
kimi,kimi_add_rho0.02_wd0.3_tiersNone,1001,add,0.02,0.3,final,out,15,0.016503028982433957,19,0.005092646651879075
kimi,kimi_add_rho0.02_wd0.3_tiersNone,1001,add,0.02,0.3,final,out,16,0.0049113827790576445,45,0.005092646651879075
kimi,kimi_add_rho0.02_wd0.3_tiersNone,1001,add,0.02,0.3,final,out,17,0.001946080253472514,58,0.005092646651879075
kimi,kimi_add_rho0.02_wd0.3_tiersNone,1001,add,0.02,0.3,final,out,18,0.0017725857489466893,66,0.005092646651879075
kimi,kimi_add_rho0.02_wd0.3_tiersNone,1001,add,0.02,0.3,final,out,19,0.0026005997080520734,56,0.005092646651879075
kimi,kimi_add_rho0.02_wd0.3_tiersNone,1001,add,0.02,0.3,final,out,20,0.008241272535770179,37,0.005092646651879075
kimi,kimi_add_rho0.02_wd0.3_tiersNone,1001,add,0.02,0.3,final,out,21,0.039416817089333804,7,0.005092646651879075
kimi,kimi_add_rho0.02_wd0.3_tiersNone,1001,add,0.02,0.3,final,out,22,0.01469047259134321,24,0.005092646651879075
kimi,kimi_add_rho0.02_wd0.3_tiersNone,1001,add,0.02,0.3,final,out,23,0.00161736436144669,73,0.005092646651879075
kimi,kimi_add_rho0.02_wd0.3_tiersNone,1001,add,0.02,0.3,final,out,24,0.037982288831693176,8,0.005092646651879075
kimi,kimi_add_rho0.02_wd0.3_tiersNone,1001,add,0.02,0.3,final,out,25,0.005855741210460212,42,0.005092646651879075
kimi,kimi_add_rho0.02_wd0.3_tiersNone,1001,add,0.02,0.3,final,out,26,0.008376230448278852,36,0.005092646651879075
kimi,kimi_add_rho0.02_wd0.3_tiersNone,1001,add,0.02,0.3,final,out,27,0.003798448754831034,50,0.005092646651879075
kimi,kimi_add_rho0.02_wd0.3_tiersNone,1001,add,0.02,0.3,final,out,28,0.036702886903592614,9,0.005092646651879075
kimi,kimi_add_rho0.02_wd0.3_tiersNone,1001,add,0.02,0.3,final,out,29,0.03966881262505143,6,0.005092646651879075
kimi,kimi_add_rho0.02_wd0.3_tiersNone,1001,add,0.02,0.3,final,out,30,0.06242802419498088,1,0.005092646651879075
kimi,kimi_add_rho0.02_wd0.3_tiersNone,1001,add,0.02,0.3,final,out,31,0.013957398624424869,27,0.005092646651879075
kimi,kimi_add_rho0.02_wd0.3_tiersNone,1001,add,0.02,0.3,final,out,32,0.045247379218962755,4,0.005092646651879075
kimi,kimi_add_rho0.02_wd0.3_tiersNone,1001,add,0.02,0.3,final,out,33,0.001820006024968126,63,0.005092646651879075
kimi,kimi_add_rho0.02_wd0.3_tiersNone,1001,add,0.02,0.3,final,out,34,0.001823084280374238,62,0.005092646651879075
kimi,kimi_add_rho0.02_wd0.3_tiersNone,1001,add,0.02,0.3,final,out,35,0.011870184987343612,30,0.005092646651879075
kimi,kimi_add_rho0.02_wd0.3_tiersNone,1001,add,0.02,0.3,final,out,36,0.02654219925931001,14,0.005092646651879075
kimi,kimi_add_rho0.02_wd0.3_tiersNone,1001,add,0.02,0.3,final,out,37,0.005763613769808313,43,0.005092646651879075
kimi,kimi_add_rho0.02_wd0.3_tiersNone,1001,add,0.02,0.3,final,out,38,0.02106349177869506,17,0.005092646651879075
kimi,kimi_add_rho0.02_wd0.3_tiersNone,1001,add,0.02,0.3,final,out,39,0.001709535462075999,71,0.005092646651879075
kimi,kimi_add_rho0.02_wd0.3_tiersNone,1001,add,0.02,0.3,final,out,40,0.01418309416234676,26,0.005092646651879075
kimi,kimi_add_rho0.02_wd0.3_tiersNone,1001,add,0.02,0.3,final,out,41,0.01223456717177246,29,0.005092646651879075
kimi,kimi_add_rho0.02_wd0.3_tiersNone,1001,add,0.02,0.3,final,out,42,0.0041295639699211305,48,0.005092646651879075
kimi,kimi_add_rho0.02_wd0.3_tiersNone,1001,add,0.02,0.3,final,out,43,0.0017644253847981309,67,0.005092646651879075
kimi,kimi_add_rho0.02_wd0.3_tiersNone,1001,add,0.02,0.3,final,out,44,0.04055584614664221,5,0.005092646651879075
kimi,kimi_add_rho0.02_wd0.3_tiersNone,1001,add,0.02,0.3,final,out,45,0.0036251146547032916,51,0.005092646651879075
kimi,kimi_add_rho0.02_wd0.3_tiersNone,1001,add,0.02,0.3,final,out,46,0.047745585895674916,3,0.005092646651879075
kimi,kimi_add_rho0.02_wd0.3_tiersNone,1001,add,0.02,0.3,final,out,47,0.028550090922066732,12,0.005092646651879075
kimi,kimi_add_rho0.02_wd0.3_tiersNone,1001,add,0.02,0.3,final,out,48,0.009456149675305421,34,0.005092646651879075
kimi,kimi_add_rho0.02_wd0.3_tiersNone,1001,add,0.02,0.3,final,out,49,0.0016813084062336225,72,0.005092646651879075
kimi,kimi_add_rho0.02_wd0.3_tiersNone,1001,add,0.02,0.3,final,out,50,0.0018591613583031224,60,0.005092646651879075
kimi,kimi_add_rho0.02_wd0.3_tiersNone,1001,add,0.02,0.3,final,out,51,0.010465583492688928,32,0.005092646651879075
kimi,kimi_add_rho0.02_wd0.3_tiersNone,1001,add,0.02,0.3,final,out,52,0.001732849359851784,69,0.005092646651879075
kimi,kimi_add_rho0.02_wd0.3_tiersNone,1001,add,0.02,0.3,final,out,53,0.006350996983381351,40,0.005092646651879075
kimi,kimi_add_rho0.02_wd0.3_tiersNone,1001,add,0.02,0.3,final,out,54,0.007917900942876283,38,0.005092646651879075
kimi,kimi_add_rho0.02_wd0.3_tiersNone,1001,add,0.02,0.3,final,out,55,0.0018179154940652865,64,0.005092646651879075
kimi,kimi_add_rho0.02_wd0.3_tiersNone,1001,add,0.02,0.3,final,out,56,0.034913521006277454,10,0.005092646651879075
kimi,kimi_add_rho0.02_wd0.3_tiersNone,1001,add,0.02,0.3,final,out,57,0.026873130433773453,13,0.005092646651879075
kimi,kimi_add_rho0.02_wd0.3_tiersNone,1001,add,0.02,0.3,final,out,58,0.0017291627494380958,70,0.005092646651879075
kimi,kimi_add_rho0.02_wd0.3_tiersNone,1001,add,0.02,0.3,final,out,59,0.0019345557926751604,59,0.005092646651879075
kimi,kimi_add_rho0.02_wd0.3_tiersNone,1001,add,0.02,0.3,final,out,60,0.00715473881199852,39,0.005092646651879075
kimi,kimi_add_rho0.02_wd0.3_tiersNone,1001,add,0.02,0.3,final,out,61,0.015217841595014225,21,0.005092646651879075
kimi,kimi_add_rho0.02_wd0.3_tiersNone,1001,add,0.02,0.3,final,out,62,0.0038467536888152146,49,0.005092646651879075
kimi,kimi_add_rho0.02_wd0.3_tiersNone,1001,add,0.02,0.3,final,out,63,0.005693957427566763,44,0.005092646651879075
kimi,kimi_add_rho0.02_wd0.3_tiersNone,1001,add,0.02,0.3,final,out,64,0.00949724966462287,33,0.005092646651879075
kimi,kimi_add_rho0.02_wd0.3_tiersNone,1001,add,0.02,0.3,final,out,65,0.0017796042109971169,65,0.005092646651879075
kimi,kimi_add_rho0.02_wd0.3_tiersNone,1001,add,0.02,0.3,final,out,66,0.014259955914690727,25,0.005092646651879075
kimi,kimi_add_rho0.02_wd0.3_tiersNone,1001,add,0.02,0.3,final,out,67,0.024556731959742437,15,0.005092646651879075
kimi,kimi_add_rho0.02_wd0.3_tiersNone,1001,add,0.02,0.3,final,out,68,0.01620751802049464,20,0.005092646651879075
kimi,kimi_add_rho0.02_wd0.3_tiersNone,1001,add,0.02,0.3,final,out,69,0.0030789193551218693,54,0.005092646651879075
kimi,kimi_add_rho0.02_wd0.3_tiersNone,1001,add,0.02,0.3,final,out,70,0.002550945237737196,57,0.005092646651879075
kimi,kimi_add_rho0.02_wd0.3_tiersNone,1001,add,0.02,0.3,final,out,71,0.0035050846232504646,53,0.005092646651879075
kimi,kimi_add_rho0.02_wd0.3_tiersNone,1001,add,0.02,0.3,final,out,72,0.013802613181107582,28,0.005092646651879075
kimi,kimi_add_rho0.02_wd0.3_tiersNone,1001,add,0.02,0.3,final,out,73,0.0029201931964634455,55,0.005092646651879075
kimi,kimi_add_rho0.02_wd0.3_tiersNone,1001,add,0.02,0.3,final,out,74,0.0018463863215566164,61,0.005092646651879075
kimi,kimi_add_rho0.02_wd0.3_tiersNone,1002,add,0.02,0.3,final,in,1,0.005583786182147614,37,0.003178484494037873
kimi,kimi_add_rho0.02_wd0.3_tiersNone,1002,add,0.02,0.3,final,in,2,0.012075178235568756,12,0.003178484494037873
kimi,kimi_add_rho0.02_wd0.3_tiersNone,1002,add,0.02,0.3,final,in,3,0.004588453890394571,66,0.003178484494037873
kimi,kimi_add_rho0.02_wd0.3_tiersNone,1002,add,0.02,0.3,final,in,4,0.0059084874412331755,30,0.003178484494037873
kimi,kimi_add_rho0.02_wd0.3_tiersNone,1002,add,0.02,0.3,final,in,5,0.007842891604450267,20,0.003178484494037873
kimi,kimi_add_rho0.02_wd0.3_tiersNone,1002,add,0.02,0.3,final,in,6,0.01008111728580439,14,0.003178484494037873
kimi,kimi_add_rho0.02_wd0.3_tiersNone,1002,add,0.02,0.3,final,in,7,0.014409539897617398,10,0.003178484494037873
kimi,kimi_add_rho0.02_wd0.3_tiersNone,1002,add,0.02,0.3,final,in,8,0.1174379564920779,1,0.003178484494037873
kimi,kimi_add_rho0.02_wd0.3_tiersNone,1002,add,0.02,0.3,final,in,9,0.005160569309147115,47,0.003178484494037873
kimi,kimi_add_rho0.02_wd0.3_tiersNone,1002,add,0.02,0.3,final,in,10,0.11547329283439989,2,0.003178484494037873
kimi,kimi_add_rho0.02_wd0.3_tiersNone,1002,add,0.02,0.3,final,in,11,0.005314959197404606,41,0.003178484494037873
kimi,kimi_add_rho0.02_wd0.3_tiersNone,1002,add,0.02,0.3,final,in,12,0.01495135526744189,9,0.003178484494037873
kimi,kimi_add_rho0.02_wd0.3_tiersNone,1002,add,0.02,0.3,final,in,13,0.006034267733256441,29,0.003178484494037873
kimi,kimi_add_rho0.02_wd0.3_tiersNone,1002,add,0.02,0.3,final,in,14,0.007178312190376086,23,0.003178484494037873
kimi,kimi_add_rho0.02_wd0.3_tiersNone,1002,add,0.02,0.3,final,in,15,0.005072679892400794,49,0.003178484494037873
kimi,kimi_add_rho0.02_wd0.3_tiersNone,1002,add,0.02,0.3,final,in,16,0.004783731287447285,58,0.003178484494037873
kimi,kimi_add_rho0.02_wd0.3_tiersNone,1002,add,0.02,0.3,final,in,17,0.005040900283855885,51,0.003178484494037873
kimi,kimi_add_rho0.02_wd0.3_tiersNone,1002,add,0.02,0.3,final,in,18,0.0035199583780659606,74,0.003178484494037873
kimi,kimi_add_rho0.02_wd0.3_tiersNone,1002,add,0.02,0.3,final,in,19,0.011560795201631426,13,0.003178484494037873
kimi,kimi_add_rho0.02_wd0.3_tiersNone,1002,add,0.02,0.3,final,in,20,0.003675768029506414,73,0.003178484494037873
kimi,kimi_add_rho0.02_wd0.3_tiersNone,1002,add,0.02,0.3,final,in,21,0.006908437951585284,24,0.003178484494037873
kimi,kimi_add_rho0.02_wd0.3_tiersNone,1002,add,0.02,0.3,final,in,22,0.0044595579806220795,67,0.003178484494037873
kimi,kimi_add_rho0.02_wd0.3_tiersNone,1002,add,0.02,0.3,final,in,23,0.007184542765924949,22,0.003178484494037873
kimi,kimi_add_rho0.02_wd0.3_tiersNone,1002,add,0.02,0.3,final,in,24,0.008567261597755886,18,0.003178484494037873
kimi,kimi_add_rho0.02_wd0.3_tiersNone,1002,add,0.02,0.3,final,in,25,0.005426254472305804,40,0.003178484494037873
kimi,kimi_add_rho0.02_wd0.3_tiersNone,1002,add,0.02,0.3,final,in,26,0.008007862448718563,19,0.003178484494037873
kimi,kimi_add_rho0.02_wd0.3_tiersNone,1002,add,0.02,0.3,final,in,27,0.004179007343181252,71,0.003178484494037873
kimi,kimi_add_rho0.02_wd0.3_tiersNone,1002,add,0.02,0.3,final,in,28,0.005483535583723491,39,0.003178484494037873
kimi,kimi_add_rho0.02_wd0.3_tiersNone,1002,add,0.02,0.3,final,in,29,0.005259652737492235,45,0.003178484494037873
kimi,kimi_add_rho0.02_wd0.3_tiersNone,1002,add,0.02,0.3,final,in,30,0.0911650469315647,4,0.003178484494037873
kimi,kimi_add_rho0.02_wd0.3_tiersNone,1002,add,0.02,0.3,final,in,31,0.00619147024642719,27,0.003178484494037873
kimi,kimi_add_rho0.02_wd0.3_tiersNone,1002,add,0.02,0.3,final,in,32,0.00471114728982705,61,0.003178484494037873
kimi,kimi_add_rho0.02_wd0.3_tiersNone,1002,add,0.02,0.3,final,in,33,0.005653087167935647,34,0.003178484494037873
kimi,kimi_add_rho0.02_wd0.3_tiersNone,1002,add,0.02,0.3,final,in,34,0.0051831908640801085,46,0.003178484494037873
kimi,kimi_add_rho0.02_wd0.3_tiersNone,1002,add,0.02,0.3,final,in,35,0.005587164459035311,36,0.003178484494037873
kimi,kimi_add_rho0.02_wd0.3_tiersNone,1002,add,0.02,0.3,final,in,36,0.004847060494728329,57,0.003178484494037873
kimi,kimi_add_rho0.02_wd0.3_tiersNone,1002,add,0.02,0.3,final,in,37,0.02088613522926463,7,0.003178484494037873
kimi,kimi_add_rho0.02_wd0.3_tiersNone,1002,add,0.02,0.3,final,in,38,0.00477641697272393,59,0.003178484494037873
kimi,kimi_add_rho0.02_wd0.3_tiersNone,1002,add,0.02,0.3,final,in,39,0.005814595773671909,31,0.003178484494037873
kimi,kimi_add_rho0.02_wd0.3_tiersNone,1002,add,0.02,0.3,final,in,40,0.005674085520338807,33,0.003178484494037873
kimi,kimi_add_rho0.02_wd0.3_tiersNone,1002,add,0.02,0.3,final,in,41,0.0047680005549479345,60,0.003178484494037873
kimi,kimi_add_rho0.02_wd0.3_tiersNone,1002,add,0.02,0.3,final,in,42,0.0067332072896813516,25,0.003178484494037873
kimi,kimi_add_rho0.02_wd0.3_tiersNone,1002,add,0.02,0.3,final,in,43,0.00395580512224383,72,0.003178484494037873
kimi,kimi_add_rho0.02_wd0.3_tiersNone,1002,add,0.02,0.3,final,in,44,0.00987486717752069,15,0.003178484494037873
kimi,kimi_add_rho0.02_wd0.3_tiersNone,1002,add,0.02,0.3,final,in,45,0.00498701547512067,54,0.003178484494037873
kimi,kimi_add_rho0.02_wd0.3_tiersNone,1002,add,0.02,0.3,final,in,46,0.005559801009331633,38,0.003178484494037873
kimi,kimi_add_rho0.02_wd0.3_tiersNone,1002,add,0.02,0.3,final,in,47,0.007243930801782746,21,0.003178484494037873
kimi,kimi_add_rho0.02_wd0.3_tiersNone,1002,add,0.02,0.3,final,in,48,0.004371514385290982,70,0.003178484494037873
kimi,kimi_add_rho0.02_wd0.3_tiersNone,1002,add,0.02,0.3,final,in,49,0.1121998048419076,3,0.003178484494037873
kimi,kimi_add_rho0.02_wd0.3_tiersNone,1002,add,0.02,0.3,final,in,50,0.0050098132766423,52,0.003178484494037873
kimi,kimi_add_rho0.02_wd0.3_tiersNone,1002,add,0.02,0.3,final,in,51,0.02497852126230249,6,0.003178484494037873
kimi,kimi_add_rho0.02_wd0.3_tiersNone,1002,add,0.02,0.3,final,in,52,0.00465853986080021,64,0.003178484494037873
kimi,kimi_add_rho0.02_wd0.3_tiersNone,1002,add,0.02,0.3,final,in,53,0.005069069366633776,50,0.003178484494037873
kimi,kimi_add_rho0.02_wd0.3_tiersNone,1002,add,0.02,0.3,final,in,54,0.004420276098483314,69,0.003178484494037873
kimi,kimi_add_rho0.02_wd0.3_tiersNone,1002,add,0.02,0.3,final,in,55,0.006144089437593941,28,0.003178484494037873
kimi,kimi_add_rho0.02_wd0.3_tiersNone,1002,add,0.02,0.3,final,in,56,0.0852157930897781,5,0.003178484494037873
kimi,kimi_add_rho0.02_wd0.3_tiersNone,1002,add,0.02,0.3,final,in,57,0.00443729859366735,68,0.003178484494037873
kimi,kimi_add_rho0.02_wd0.3_tiersNone,1002,add,0.02,0.3,final,in,58,0.005100807842715749,48,0.003178484494037873
kimi,kimi_add_rho0.02_wd0.3_tiersNone,1002,add,0.02,0.3,final,in,59,0.008964495173977063,16,0.003178484494037873
kimi,kimi_add_rho0.02_wd0.3_tiersNone,1002,add,0.02,0.3,final,in,60,0.01881216259351822,8,0.003178484494037873
kimi,kimi_add_rho0.02_wd0.3_tiersNone,1002,add,0.02,0.3,final,in,61,0.005304791856471582,42,0.003178484494037873
kimi,kimi_add_rho0.02_wd0.3_tiersNone,1002,add,0.02,0.3,final,in,62,0.0057120620148897235,32,0.003178484494037873
kimi,kimi_add_rho0.02_wd0.3_tiersNone,1002,add,0.02,0.3,final,in,63,0.01427904276223911,11,0.003178484494037873
kimi,kimi_add_rho0.02_wd0.3_tiersNone,1002,add,0.02,0.3,final,in,64,0.0046019322935642575,65,0.003178484494037873
kimi,kimi_add_rho0.02_wd0.3_tiersNone,1002,add,0.02,0.3,final,in,65,0.0065912455033780475,26,0.003178484494037873
kimi,kimi_add_rho0.02_wd0.3_tiersNone,1002,add,0.02,0.3,final,in,66,0.005602611994323625,35,0.003178484494037873
kimi,kimi_add_rho0.02_wd0.3_tiersNone,1002,add,0.02,0.3,final,in,67,0.0052616271980618036,44,0.003178484494037873
kimi,kimi_add_rho0.02_wd0.3_tiersNone,1002,add,0.02,0.3,final,in,68,0.004912657455199808,56,0.003178484494037873
kimi,kimi_add_rho0.02_wd0.3_tiersNone,1002,add,0.02,0.3,final,in,69,0.004975069181588368,55,0.003178484494037873
kimi,kimi_add_rho0.02_wd0.3_tiersNone,1002,add,0.02,0.3,final,in,70,0.008940758391507132,17,0.003178484494037873
kimi,kimi_add_rho0.02_wd0.3_tiersNone,1002,add,0.02,0.3,final,in,71,0.004705592826259739,62,0.003178484494037873
kimi,kimi_add_rho0.02_wd0.3_tiersNone,1002,add,0.02,0.3,final,in,72,0.004676017010416503,63,0.003178484494037873
kimi,kimi_add_rho0.02_wd0.3_tiersNone,1002,add,0.02,0.3,final,in,73,0.005271387312725691,43,0.003178484494037873
kimi,kimi_add_rho0.02_wd0.3_tiersNone,1002,add,0.02,0.3,final,in,74,0.005000876480299536,53,0.003178484494037873
kimi,kimi_add_rho0.02_wd0.3_tiersNone,1002,add,0.02,0.3,final,out,1,0.0020403787081670747,47,0.005463292069726778
kimi,kimi_add_rho0.02_wd0.3_tiersNone,1002,add,0.02,0.3,final,out,2,0.04542538726000156,4,0.005463292069726778
kimi,kimi_add_rho0.02_wd0.3_tiersNone,1002,add,0.02,0.3,final,out,3,0.0020227924726988608,49,0.005463292069726778
kimi,kimi_add_rho0.02_wd0.3_tiersNone,1002,add,0.02,0.3,final,out,4,0.0016957334506687686,71,0.005463292069726778
kimi,kimi_add_rho0.02_wd0.3_tiersNone,1002,add,0.02,0.3,final,out,5,0.0021280035847465505,41,0.005463292069726778
kimi,kimi_add_rho0.02_wd0.3_tiersNone,1002,add,0.02,0.3,final,out,6,0.0017112890000034583,70,0.005463292069726778
kimi,kimi_add_rho0.02_wd0.3_tiersNone,1002,add,0.02,0.3,final,out,7,0.03890983356004461,8,0.005463292069726778
kimi,kimi_add_rho0.02_wd0.3_tiersNone,1002,add,0.02,0.3,final,out,8,0.030785357877389136,15,0.005463292069726778
kimi,kimi_add_rho0.02_wd0.3_tiersNone,1002,add,0.02,0.3,final,out,9,0.0018987865579546232,61,0.005463292069726778
kimi,kimi_add_rho0.02_wd0.3_tiersNone,1002,add,0.02,0.3,final,out,10,0.023406020177421414,25,0.005463292069726778
kimi,kimi_add_rho0.02_wd0.3_tiersNone,1002,add,0.02,0.3,final,out,11,0.001764301951788208,66,0.005463292069726778
kimi,kimi_add_rho0.02_wd0.3_tiersNone,1002,add,0.02,0.3,final,out,12,0.0020165794011838905,50,0.005463292069726778
kimi,kimi_add_rho0.02_wd0.3_tiersNone,1002,add,0.02,0.3,final,out,13,0.001711894056888312,69,0.005463292069726778
kimi,kimi_add_rho0.02_wd0.3_tiersNone,1002,add,0.02,0.3,final,out,14,0.0017302042800747166,67,0.005463292069726778
kimi,kimi_add_rho0.02_wd0.3_tiersNone,1002,add,0.02,0.3,final,out,15,0.002208919371294976,34,0.005463292069726778
kimi,kimi_add_rho0.02_wd0.3_tiersNone,1002,add,0.02,0.3,final,out,16,0.006406653919426709,29,0.005463292069726778
kimi,kimi_add_rho0.02_wd0.3_tiersNone,1002,add,0.02,0.3,final,out,17,0.001690721512399486,72,0.005463292069726778
kimi,kimi_add_rho0.02_wd0.3_tiersNone,1002,add,0.02,0.3,final,out,18,0.024692636022086382,24,0.005463292069726778
kimi,kimi_add_rho0.02_wd0.3_tiersNone,1002,add,0.02,0.3,final,out,19,0.02644214751163922,20,0.005463292069726778
kimi,kimi_add_rho0.02_wd0.3_tiersNone,1002,add,0.02,0.3,final,out,20,0.03809840980012554,9,0.005463292069726778
kimi,kimi_add_rho0.02_wd0.3_tiersNone,1002,add,0.02,0.3,final,out,21,0.0016124840069956597,74,0.005463292069726778
kimi,kimi_add_rho0.02_wd0.3_tiersNone,1002,add,0.02,0.3,final,out,22,0.016666760094438786,26,0.005463292069726778
kimi,kimi_add_rho0.02_wd0.3_tiersNone,1002,add,0.02,0.3,final,out,23,0.0021565222328882275,37,0.005463292069726778
kimi,kimi_add_rho0.02_wd0.3_tiersNone,1002,add,0.02,0.3,final,out,24,0.002210463453317848,33,0.005463292069726778
kimi,kimi_add_rho0.02_wd0.3_tiersNone,1002,add,0.02,0.3,final,out,25,0.0021073630187205634,43,0.005463292069726778
kimi,kimi_add_rho0.02_wd0.3_tiersNone,1002,add,0.02,0.3,final,out,26,0.03576177182205424,13,0.005463292069726778
kimi,kimi_add_rho0.02_wd0.3_tiersNone,1002,add,0.02,0.3,final,out,27,0.0020778756891026732,45,0.005463292069726778
kimi,kimi_add_rho0.02_wd0.3_tiersNone,1002,add,0.02,0.3,final,out,28,0.002057682448265146,46,0.005463292069726778
kimi,kimi_add_rho0.02_wd0.3_tiersNone,1002,add,0.02,0.3,final,out,29,0.00238389860925121,31,0.005463292069726778
kimi,kimi_add_rho0.02_wd0.3_tiersNone,1002,add,0.02,0.3,final,out,30,0.029609569332316323,18,0.005463292069726778
kimi,kimi_add_rho0.02_wd0.3_tiersNone,1002,add,0.02,0.3,final,out,31,0.0019463217753403232,55,0.005463292069726778
kimi,kimi_add_rho0.02_wd0.3_tiersNone,1002,add,0.02,0.3,final,out,32,0.001938505676539462,56,0.005463292069726778
kimi,kimi_add_rho0.02_wd0.3_tiersNone,1002,add,0.02,0.3,final,out,33,0.0019912858327322766,53,0.005463292069726778
kimi,kimi_add_rho0.02_wd0.3_tiersNone,1002,add,0.02,0.3,final,out,34,0.002461496611573554,30,0.005463292069726778
kimi,kimi_add_rho0.02_wd0.3_tiersNone,1002,add,0.02,0.3,final,out,35,0.001993599078649045,52,0.005463292069726778
kimi,kimi_add_rho0.02_wd0.3_tiersNone,1002,add,0.02,0.3,final,out,36,0.001905931213487196,60,0.005463292069726778
kimi,kimi_add_rho0.02_wd0.3_tiersNone,1002,add,0.02,0.3,final,out,37,0.008072482937680332,28,0.005463292069726778
kimi,kimi_add_rho0.02_wd0.3_tiersNone,1002,add,0.02,0.3,final,out,38,0.029979471463632827,17,0.005463292069726778
kimi,kimi_add_rho0.02_wd0.3_tiersNone,1002,add,0.02,0.3,final,out,39,0.039517678581302035,6,0.005463292069726778
kimi,kimi_add_rho0.02_wd0.3_tiersNone,1002,add,0.02,0.3,final,out,40,0.03733092639954018,11,0.005463292069726778
kimi,kimi_add_rho0.02_wd0.3_tiersNone,1002,add,0.02,0.3,final,out,41,0.02810301944304309,19,0.005463292069726778
kimi,kimi_add_rho0.02_wd0.3_tiersNone,1002,add,0.02,0.3,final,out,42,0.00197330868570481,54,0.005463292069726778
kimi,kimi_add_rho0.02_wd0.3_tiersNone,1002,add,0.02,0.3,final,out,43,0.0022218902342849797,32,0.005463292069726778
kimi,kimi_add_rho0.02_wd0.3_tiersNone,1002,add,0.02,0.3,final,out,44,0.04597811815440776,3,0.005463292069726778
kimi,kimi_add_rho0.02_wd0.3_tiersNone,1002,add,0.02,0.3,final,out,45,0.0019264212387669877,57,0.005463292069726778
kimi,kimi_add_rho0.02_wd0.3_tiersNone,1002,add,0.02,0.3,final,out,46,0.03722580074491091,12,0.005463292069726778
kimi,kimi_add_rho0.02_wd0.3_tiersNone,1002,add,0.02,0.3,final,out,47,0.0018354102998010093,65,0.005463292069726778
kimi,kimi_add_rho0.02_wd0.3_tiersNone,1002,add,0.02,0.3,final,out,48,0.025189374325796397,23,0.005463292069726778
kimi,kimi_add_rho0.02_wd0.3_tiersNone,1002,add,0.02,0.3,final,out,49,0.025900104253969772,21,0.005463292069726778
kimi,kimi_add_rho0.02_wd0.3_tiersNone,1002,add,0.02,0.3,final,out,50,0.002138725564643232,39,0.005463292069726778
kimi,kimi_add_rho0.02_wd0.3_tiersNone,1002,add,0.02,0.3,final,out,51,0.047492924819704116,2,0.005463292069726778
kimi,kimi_add_rho0.02_wd0.3_tiersNone,1002,add,0.02,0.3,final,out,52,0.002144598919833291,38,0.005463292069726778
kimi,kimi_add_rho0.02_wd0.3_tiersNone,1002,add,0.02,0.3,final,out,53,0.0021810870284415815,36,0.005463292069726778
kimi,kimi_add_rho0.02_wd0.3_tiersNone,1002,add,0.02,0.3,final,out,54,0.002197933044665237,35,0.005463292069726778
kimi,kimi_add_rho0.02_wd0.3_tiersNone,1002,add,0.02,0.3,final,out,55,0.002004966444663219,51,0.005463292069726778
kimi,kimi_add_rho0.02_wd0.3_tiersNone,1002,add,0.02,0.3,final,out,56,0.03209951676676254,14,0.005463292069726778
kimi,kimi_add_rho0.02_wd0.3_tiersNone,1002,add,0.02,0.3,final,out,57,0.04938768872624638,1,0.005463292069726778
kimi,kimi_add_rho0.02_wd0.3_tiersNone,1002,add,0.02,0.3,final,out,58,0.001729933101921767,68,0.005463292069726778
kimi,kimi_add_rho0.02_wd0.3_tiersNone,1002,add,0.02,0.3,final,out,59,0.01097305132083475,27,0.005463292069726778
kimi,kimi_add_rho0.02_wd0.3_tiersNone,1002,add,0.02,0.3,final,out,60,0.02583752381616642,22,0.005463292069726778
kimi,kimi_add_rho0.02_wd0.3_tiersNone,1002,add,0.02,0.3,final,out,61,0.0018890339996517338,62,0.005463292069726778
kimi,kimi_add_rho0.02_wd0.3_tiersNone,1002,add,0.02,0.3,final,out,62,0.0021089990611095517,42,0.005463292069726778
kimi,kimi_add_rho0.02_wd0.3_tiersNone,1002,add,0.02,0.3,final,out,63,0.03945596817599451,7,0.005463292069726778
kimi,kimi_add_rho0.02_wd0.3_tiersNone,1002,add,0.02,0.3,final,out,64,0.03020886792922383,16,0.005463292069726778
kimi,kimi_add_rho0.02_wd0.3_tiersNone,1002,add,0.02,0.3,final,out,65,0.0021373119058504587,40,0.005463292069726778
kimi,kimi_add_rho0.02_wd0.3_tiersNone,1002,add,0.02,0.3,final,out,66,0.037482608023153105,10,0.005463292069726778
kimi,kimi_add_rho0.02_wd0.3_tiersNone,1002,add,0.02,0.3,final,out,67,0.0018884617367217217,63,0.005463292069726778
kimi,kimi_add_rho0.02_wd0.3_tiersNone,1002,add,0.02,0.3,final,out,68,0.0020236545003511916,48,0.005463292069726778
kimi,kimi_add_rho0.02_wd0.3_tiersNone,1002,add,0.02,0.3,final,out,69,0.0018821198811595804,64,0.005463292069726778
kimi,kimi_add_rho0.02_wd0.3_tiersNone,1002,add,0.02,0.3,final,out,70,0.04425640760527132,5,0.005463292069726778
kimi,kimi_add_rho0.02_wd0.3_tiersNone,1002,add,0.02,0.3,final,out,71,0.0019096606997041068,59,0.005463292069726778
kimi,kimi_add_rho0.02_wd0.3_tiersNone,1002,add,0.02,0.3,final,out,72,0.0016379057478288174,73,0.005463292069726778
kimi,kimi_add_rho0.02_wd0.3_tiersNone,1002,add,0.02,0.3,final,out,73,0.0019146924116432015,58,0.005463292069726778
kimi,kimi_add_rho0.02_wd0.3_tiersNone,1002,add,0.02,0.3,final,out,74,0.0020947706339372782,44,0.005463292069726778
kimi,kimi_add_rho0.05_wd0.1_tiersNone,1000,add,0.05,0.1,final,in,1,0.009260509772775607,33,0.0018509106713319112
kimi,kimi_add_rho0.05_wd0.1_tiersNone,1000,add,0.05,0.1,final,in,2,0.007300852275337701,64,0.0018509106713319112
kimi,kimi_add_rho0.05_wd0.1_tiersNone,1000,add,0.05,0.1,final,in,3,0.009132091494123017,34,0.0018509106713319112
kimi,kimi_add_rho0.05_wd0.1_tiersNone,1000,add,0.05,0.1,final,in,4,0.05771920690887589,2,0.0018509106713319112
kimi,kimi_add_rho0.05_wd0.1_tiersNone,1000,add,0.05,0.1,final,in,5,0.007992436022082968,53,0.0018509106713319112
kimi,kimi_add_rho0.05_wd0.1_tiersNone,1000,add,0.05,0.1,final,in,6,0.0074578342229456905,62,0.0018509106713319112
kimi,kimi_add_rho0.05_wd0.1_tiersNone,1000,add,0.05,0.1,final,in,7,0.006246717773145183,70,0.0018509106713319112
kimi,kimi_add_rho0.05_wd0.1_tiersNone,1000,add,0.05,0.1,final,in,8,0.00878498271739373,39,0.0018509106713319112
kimi,kimi_add_rho0.05_wd0.1_tiersNone,1000,add,0.05,0.1,final,in,9,0.008096318908725262,50,0.0018509106713319112
kimi,kimi_add_rho0.05_wd0.1_tiersNone,1000,add,0.05,0.1,final,in,10,0.009957234389440156,29,0.0018509106713319112
kimi,kimi_add_rho0.05_wd0.1_tiersNone,1000,add,0.05,0.1,final,in,11,0.010172398978575442,25,0.0018509106713319112
kimi,kimi_add_rho0.05_wd0.1_tiersNone,1000,add,0.05,0.1,final,in,12,0.008758442762998921,40,0.0018509106713319112
kimi,kimi_add_rho0.05_wd0.1_tiersNone,1000,add,0.05,0.1,final,in,13,0.040806904840453975,6,0.0018509106713319112
kimi,kimi_add_rho0.05_wd0.1_tiersNone,1000,add,0.05,0.1,final,in,14,0.00689251117767459,68,0.0018509106713319112
kimi,kimi_add_rho0.05_wd0.1_tiersNone,1000,add,0.05,0.1,final,in,15,0.007894365737616831,56,0.0018509106713319112
kimi,kimi_add_rho0.05_wd0.1_tiersNone,1000,add,0.05,0.1,final,in,16,0.010379700726466148,24,0.0018509106713319112
kimi,kimi_add_rho0.05_wd0.1_tiersNone,1000,add,0.05,0.1,final,in,17,0.006173023369483662,71,0.0018509106713319112
kimi,kimi_add_rho0.05_wd0.1_tiersNone,1000,add,0.05,0.1,final,in,18,0.007566783241201923,61,0.0018509106713319112
kimi,kimi_add_rho0.05_wd0.1_tiersNone,1000,add,0.05,0.1,final,in,19,0.0077873444239654815,57,0.0018509106713319112
kimi,kimi_add_rho0.05_wd0.1_tiersNone,1000,add,0.05,0.1,final,in,20,0.007309522938631143,63,0.0018509106713319112
kimi,kimi_add_rho0.05_wd0.1_tiersNone,1000,add,0.05,0.1,final,in,21,0.013774338960012355,14,0.0018509106713319112
kimi,kimi_add_rho0.05_wd0.1_tiersNone,1000,add,0.05,0.1,final,in,22,0.00897438755939595,35,0.0018509106713319112
kimi,kimi_add_rho0.05_wd0.1_tiersNone,1000,add,0.05,0.1,final,in,23,0.0439596233029628,4,0.0018509106713319112
kimi,kimi_add_rho0.05_wd0.1_tiersNone,1000,add,0.05,0.1,final,in,24,0.008169350943035576,49,0.0018509106713319112
kimi,kimi_add_rho0.05_wd0.1_tiersNone,1000,add,0.05,0.1,final,in,25,0.007778095057118396,58,0.0018509106713319112
kimi,kimi_add_rho0.05_wd0.1_tiersNone,1000,add,0.05,0.1,final,in,26,0.05097648072257917,3,0.0018509106713319112
kimi,kimi_add_rho0.05_wd0.1_tiersNone,1000,add,0.05,0.1,final,in,27,0.013759975920809714,15,0.0018509106713319112
kimi,kimi_add_rho0.05_wd0.1_tiersNone,1000,add,0.05,0.1,final,in,28,0.008668142197221508,43,0.0018509106713319112
kimi,kimi_add_rho0.05_wd0.1_tiersNone,1000,add,0.05,0.1,final,in,29,0.03056642512285324,8,0.0018509106713319112
kimi,kimi_add_rho0.05_wd0.1_tiersNone,1000,add,0.05,0.1,final,in,30,0.0052022080136371295,74,0.0018509106713319112
kimi,kimi_add_rho0.05_wd0.1_tiersNone,1000,add,0.05,0.1,final,in,31,0.013208263667779453,16,0.0018509106713319112
kimi,kimi_add_rho0.05_wd0.1_tiersNone,1000,add,0.05,0.1,final,in,32,0.00880194299686543,37,0.0018509106713319112
kimi,kimi_add_rho0.05_wd0.1_tiersNone,1000,add,0.05,0.1,final,in,33,0.009441577749914594,31,0.0018509106713319112
kimi,kimi_add_rho0.05_wd0.1_tiersNone,1000,add,0.05,0.1,final,in,34,0.011755230543118575,19,0.0018509106713319112
kimi,kimi_add_rho0.05_wd0.1_tiersNone,1000,add,0.05,0.1,final,in,35,0.010703193201194361,23,0.0018509106713319112
kimi,kimi_add_rho0.05_wd0.1_tiersNone,1000,add,0.05,0.1,final,in,36,0.040225198156698797,7,0.0018509106713319112
kimi,kimi_add_rho0.05_wd0.1_tiersNone,1000,add,0.05,0.1,final,in,37,0.007932085902029111,55,0.0018509106713319112
kimi,kimi_add_rho0.05_wd0.1_tiersNone,1000,add,0.05,0.1,final,in,38,0.008715633826969542,41,0.0018509106713319112
kimi,kimi_add_rho0.05_wd0.1_tiersNone,1000,add,0.05,0.1,final,in,39,0.012628918282887456,17,0.0018509106713319112
kimi,kimi_add_rho0.05_wd0.1_tiersNone,1000,add,0.05,0.1,final,in,40,0.007066785802874817,67,0.0018509106713319112
kimi,kimi_add_rho0.05_wd0.1_tiersNone,1000,add,0.05,0.1,final,in,41,0.008790490931604545,38,0.0018509106713319112
kimi,kimi_add_rho0.05_wd0.1_tiersNone,1000,add,0.05,0.1,final,in,42,0.04088771054699318,5,0.0018509106713319112
kimi,kimi_add_rho0.05_wd0.1_tiersNone,1000,add,0.05,0.1,final,in,43,0.0070756863781717,66,0.0018509106713319112
kimi,kimi_add_rho0.05_wd0.1_tiersNone,1000,add,0.05,0.1,final,in,44,0.008562271307784065,44,0.0018509106713319112
kimi,kimi_add_rho0.05_wd0.1_tiersNone,1000,add,0.05,0.1,final,in,45,0.010862757119677846,22,0.0018509106713319112
kimi,kimi_add_rho0.05_wd0.1_tiersNone,1000,add,0.05,0.1,final,in,46,0.00869084182929941,42,0.0018509106713319112
kimi,kimi_add_rho0.05_wd0.1_tiersNone,1000,add,0.05,0.1,final,in,47,0.029337852044198715,9,0.0018509106713319112
kimi,kimi_add_rho0.05_wd0.1_tiersNone,1000,add,0.05,0.1,final,in,48,0.008423654422881916,46,0.0018509106713319112
kimi,kimi_add_rho0.05_wd0.1_tiersNone,1000,add,0.05,0.1,final,in,49,0.012502838740742647,18,0.0018509106713319112
kimi,kimi_add_rho0.05_wd0.1_tiersNone,1000,add,0.05,0.1,final,in,50,0.009332152567200932,32,0.0018509106713319112
kimi,kimi_add_rho0.05_wd0.1_tiersNone,1000,add,0.05,0.1,final,in,51,0.010154606333736998,26,0.0018509106713319112
kimi,kimi_add_rho0.05_wd0.1_tiersNone,1000,add,0.05,0.1,final,in,52,0.00993882572303153,30,0.0018509106713319112
kimi,kimi_add_rho0.05_wd0.1_tiersNone,1000,add,0.05,0.1,final,in,53,0.007180171402677965,65,0.0018509106713319112
kimi,kimi_add_rho0.05_wd0.1_tiersNone,1000,add,0.05,0.1,final,in,54,0.061964954176836416,1,0.0018509106713319112
kimi,kimi_add_rho0.05_wd0.1_tiersNone,1000,add,0.05,0.1,final,in,55,0.018349279019663964,10,0.0018509106713319112
kimi,kimi_add_rho0.05_wd0.1_tiersNone,1000,add,0.05,0.1,final,in,56,0.0061475066797673774,72,0.0018509106713319112
kimi,kimi_add_rho0.05_wd0.1_tiersNone,1000,add,0.05,0.1,final,in,57,0.008175993124487777,48,0.0018509106713319112
kimi,kimi_add_rho0.05_wd0.1_tiersNone,1000,add,0.05,0.1,final,in,58,0.01578098038555772,11,0.0018509106713319112
kimi,kimi_add_rho0.05_wd0.1_tiersNone,1000,add,0.05,0.1,final,in,59,0.011042290233451197,21,0.0018509106713319112
kimi,kimi_add_rho0.05_wd0.1_tiersNone,1000,add,0.05,0.1,final,in,60,0.007767307365161153,59,0.0018509106713319112
kimi,kimi_add_rho0.05_wd0.1_tiersNone,1000,add,0.05,0.1,final,in,61,0.00794964498282111,54,0.0018509106713319112
kimi,kimi_add_rho0.05_wd0.1_tiersNone,1000,add,0.05,0.1,final,in,62,0.014021514282480278,13,0.0018509106713319112
kimi,kimi_add_rho0.05_wd0.1_tiersNone,1000,add,0.05,0.1,final,in,63,0.00801138501960508,52,0.0018509106713319112
kimi,kimi_add_rho0.05_wd0.1_tiersNone,1000,add,0.05,0.1,final,in,64,0.005715852990200434,73,0.0018509106713319112
kimi,kimi_add_rho0.05_wd0.1_tiersNone,1000,add,0.05,0.1,final,in,65,0.015505727245088167,12,0.0018509106713319112
kimi,kimi_add_rho0.05_wd0.1_tiersNone,1000,add,0.05,0.1,final,in,66,0.006892306197277185,69,0.0018509106713319112
kimi,kimi_add_rho0.05_wd0.1_tiersNone,1000,add,0.05,0.1,final,in,67,0.009973353751595382,27,0.0018509106713319112
kimi,kimi_add_rho0.05_wd0.1_tiersNone,1000,add,0.05,0.1,final,in,68,0.008897668512280039,36,0.0018509106713319112
kimi,kimi_add_rho0.05_wd0.1_tiersNone,1000,add,0.05,0.1,final,in,69,0.011567723579679574,20,0.0018509106713319112
kimi,kimi_add_rho0.05_wd0.1_tiersNone,1000,add,0.05,0.1,final,in,70,0.00846646156667058,45,0.0018509106713319112
kimi,kimi_add_rho0.05_wd0.1_tiersNone,1000,add,0.05,0.1,final,in,71,0.007600012121174564,60,0.0018509106713319112
kimi,kimi_add_rho0.05_wd0.1_tiersNone,1000,add,0.05,0.1,final,in,72,0.008404074831364952,47,0.0018509106713319112
kimi,kimi_add_rho0.05_wd0.1_tiersNone,1000,add,0.05,0.1,final,in,73,0.00805974828125778,51,0.0018509106713319112
kimi,kimi_add_rho0.05_wd0.1_tiersNone,1000,add,0.05,0.1,final,in,74,0.009969315693706585,28,0.0018509106713319112
kimi,kimi_add_rho0.05_wd0.1_tiersNone,1000,add,0.05,0.1,final,out,1,0.0061859764831078195,37,0.0013784534653559903
kimi,kimi_add_rho0.05_wd0.1_tiersNone,1000,add,0.05,0.1,final,out,2,0.007073567223106186,27,0.0013784534653559903
kimi,kimi_add_rho0.05_wd0.1_tiersNone,1000,add,0.05,0.1,final,out,3,0.005741250752965388,46,0.0013784534653559903
kimi,kimi_add_rho0.05_wd0.1_tiersNone,1000,add,0.05,0.1,final,out,4,0.07929853798619667,1,0.0013784534653559903
kimi,kimi_add_rho0.05_wd0.1_tiersNone,1000,add,0.05,0.1,final,out,5,0.005525594849097342,50,0.0013784534653559903
kimi,kimi_add_rho0.05_wd0.1_tiersNone,1000,add,0.05,0.1,final,out,6,0.005368062381087094,52,0.0013784534653559903
kimi,kimi_add_rho0.05_wd0.1_tiersNone,1000,add,0.05,0.1,final,out,7,0.004451215955508011,69,0.0013784534653559903
kimi,kimi_add_rho0.05_wd0.1_tiersNone,1000,add,0.05,0.1,final,out,8,0.005088256446221486,60,0.0013784534653559903
kimi,kimi_add_rho0.05_wd0.1_tiersNone,1000,add,0.05,0.1,final,out,9,0.006184613038385277,38,0.0013784534653559903
kimi,kimi_add_rho0.05_wd0.1_tiersNone,1000,add,0.05,0.1,final,out,10,0.00670167935893596,32,0.0013784534653559903
kimi,kimi_add_rho0.05_wd0.1_tiersNone,1000,add,0.05,0.1,final,out,11,0.007725923552397471,22,0.0013784534653559903
kimi,kimi_add_rho0.05_wd0.1_tiersNone,1000,add,0.05,0.1,final,out,12,0.006030562260027824,42,0.0013784534653559903
kimi,kimi_add_rho0.05_wd0.1_tiersNone,1000,add,0.05,0.1,final,out,13,0.05191653030314411,8,0.0013784534653559903
kimi,kimi_add_rho0.05_wd0.1_tiersNone,1000,add,0.05,0.1,final,out,14,0.005312338296414614,55,0.0013784534653559903
kimi,kimi_add_rho0.05_wd0.1_tiersNone,1000,add,0.05,0.1,final,out,15,0.005950943393984507,44,0.0013784534653559903
kimi,kimi_add_rho0.05_wd0.1_tiersNone,1000,add,0.05,0.1,final,out,16,0.0070348205069174835,28,0.0013784534653559903
kimi,kimi_add_rho0.05_wd0.1_tiersNone,1000,add,0.05,0.1,final,out,17,0.0044180118390001345,70,0.0013784534653559903
kimi,kimi_add_rho0.05_wd0.1_tiersNone,1000,add,0.05,0.1,final,out,18,0.005140481904016623,59,0.0013784534653559903
kimi,kimi_add_rho0.05_wd0.1_tiersNone,1000,add,0.05,0.1,final,out,19,0.004730560447951016,67,0.0013784534653559903
kimi,kimi_add_rho0.05_wd0.1_tiersNone,1000,add,0.05,0.1,final,out,20,0.0050788683157430735,61,0.0013784534653559903
kimi,kimi_add_rho0.05_wd0.1_tiersNone,1000,add,0.05,0.1,final,out,21,0.014800825665145846,10,0.0013784534653559903
kimi,kimi_add_rho0.05_wd0.1_tiersNone,1000,add,0.05,0.1,final,out,22,0.00533081481135894,54,0.0013784534653559903
kimi,kimi_add_rho0.05_wd0.1_tiersNone,1000,add,0.05,0.1,final,out,23,0.0546782025999901,7,0.0013784534653559903
kimi,kimi_add_rho0.05_wd0.1_tiersNone,1000,add,0.05,0.1,final,out,24,0.006577760434001036,33,0.0013784534653559903
kimi,kimi_add_rho0.05_wd0.1_tiersNone,1000,add,0.05,0.1,final,out,25,0.004833427192263713,66,0.0013784534653559903
kimi,kimi_add_rho0.05_wd0.1_tiersNone,1000,add,0.05,0.1,final,out,26,0.06468678626566679,4,0.0013784534653559903
kimi,kimi_add_rho0.05_wd0.1_tiersNone,1000,add,0.05,0.1,final,out,27,0.01078656447739785,16,0.0013784534653559903
kimi,kimi_add_rho0.05_wd0.1_tiersNone,1000,add,0.05,0.1,final,out,28,0.006814004532566302,30,0.0013784534653559903
kimi,kimi_add_rho0.05_wd0.1_tiersNone,1000,add,0.05,0.1,final,out,29,0.04183072985103924,9,0.0013784534653559903
kimi,kimi_add_rho0.05_wd0.1_tiersNone,1000,add,0.05,0.1,final,out,30,0.0038799664710703046,74,0.0013784534653559903
kimi,kimi_add_rho0.05_wd0.1_tiersNone,1000,add,0.05,0.1,final,out,31,0.012160696153763398,13,0.0013784534653559903
kimi,kimi_add_rho0.05_wd0.1_tiersNone,1000,add,0.05,0.1,final,out,32,0.0055950331012685345,49,0.0013784534653559903
kimi,kimi_add_rho0.05_wd0.1_tiersNone,1000,add,0.05,0.1,final,out,33,0.0065688023406078044,34,0.0013784534653559903
kimi,kimi_add_rho0.05_wd0.1_tiersNone,1000,add,0.05,0.1,final,out,34,0.00967060643453764,18,0.0013784534653559903
kimi,kimi_add_rho0.05_wd0.1_tiersNone,1000,add,0.05,0.1,final,out,35,0.007123076038866776,26,0.0013784534653559903
kimi,kimi_add_rho0.05_wd0.1_tiersNone,1000,add,0.05,0.1,final,out,36,0.05686251296819048,6,0.0013784534653559903
kimi,kimi_add_rho0.05_wd0.1_tiersNone,1000,add,0.05,0.1,final,out,37,0.006086377507746887,40,0.0013784534653559903
kimi,kimi_add_rho0.05_wd0.1_tiersNone,1000,add,0.05,0.1,final,out,38,0.005706852616262639,47,0.0013784534653559903
kimi,kimi_add_rho0.05_wd0.1_tiersNone,1000,add,0.05,0.1,final,out,39,0.011300034468077954,15,0.0013784534653559903
kimi,kimi_add_rho0.05_wd0.1_tiersNone,1000,add,0.05,0.1,final,out,40,0.005290222769330578,56,0.0013784534653559903
kimi,kimi_add_rho0.05_wd0.1_tiersNone,1000,add,0.05,0.1,final,out,41,0.00462804818859086,68,0.0013784534653559903
kimi,kimi_add_rho0.05_wd0.1_tiersNone,1000,add,0.05,0.1,final,out,42,0.06211862388418315,5,0.0013784534653559903
kimi,kimi_add_rho0.05_wd0.1_tiersNone,1000,add,0.05,0.1,final,out,43,0.005390853221454237,51,0.0013784534653559903
kimi,kimi_add_rho0.05_wd0.1_tiersNone,1000,add,0.05,0.1,final,out,44,0.007428959718080912,24,0.0013784534653559903
kimi,kimi_add_rho0.05_wd0.1_tiersNone,1000,add,0.05,0.1,final,out,45,0.00672548121308021,31,0.0013784534653559903
kimi,kimi_add_rho0.05_wd0.1_tiersNone,1000,add,0.05,0.1,final,out,46,0.004858760207558535,65,0.0013784534653559903
kimi,kimi_add_rho0.05_wd0.1_tiersNone,1000,add,0.05,0.1,final,out,47,0.07596591983919145,2,0.0013784534653559903
kimi,kimi_add_rho0.05_wd0.1_tiersNone,1000,add,0.05,0.1,final,out,48,0.005978505068357534,43,0.0013784534653559903
kimi,kimi_add_rho0.05_wd0.1_tiersNone,1000,add,0.05,0.1,final,out,49,0.007200308764714097,25,0.0013784534653559903
kimi,kimi_add_rho0.05_wd0.1_tiersNone,1000,add,0.05,0.1,final,out,50,0.005024961996210557,62,0.0013784534653559903
kimi,kimi_add_rho0.05_wd0.1_tiersNone,1000,add,0.05,0.1,final,out,51,0.006965443934238715,29,0.0013784534653559903
kimi,kimi_add_rho0.05_wd0.1_tiersNone,1000,add,0.05,0.1,final,out,52,0.0063371739602064185,35,0.0013784534653559903
kimi,kimi_add_rho0.05_wd0.1_tiersNone,1000,add,0.05,0.1,final,out,53,0.004340638458001153,71,0.0013784534653559903
kimi,kimi_add_rho0.05_wd0.1_tiersNone,1000,add,0.05,0.1,final,out,54,0.07596238705729887,3,0.0013784534653559903
kimi,kimi_add_rho0.05_wd0.1_tiersNone,1000,add,0.05,0.1,final,out,55,0.011897208582200915,14,0.0013784534653559903
kimi,kimi_add_rho0.05_wd0.1_tiersNone,1000,add,0.05,0.1,final,out,56,0.004962805431570452,64,0.0013784534653559903
kimi,kimi_add_rho0.05_wd0.1_tiersNone,1000,add,0.05,0.1,final,out,57,0.006250085115747608,36,0.0013784534653559903
kimi,kimi_add_rho0.05_wd0.1_tiersNone,1000,add,0.05,0.1,final,out,58,0.013213614347451386,12,0.0013784534653559903
kimi,kimi_add_rho0.05_wd0.1_tiersNone,1000,add,0.05,0.1,final,out,59,0.007441149476587559,23,0.0013784534653559903
kimi,kimi_add_rho0.05_wd0.1_tiersNone,1000,add,0.05,0.1,final,out,60,0.005218529859151432,57,0.0013784534653559903
kimi,kimi_add_rho0.05_wd0.1_tiersNone,1000,add,0.05,0.1,final,out,61,0.005741706874047834,45,0.0013784534653559903
kimi,kimi_add_rho0.05_wd0.1_tiersNone,1000,add,0.05,0.1,final,out,62,0.013463316181324979,11,0.0013784534653559903
kimi,kimi_add_rho0.05_wd0.1_tiersNone,1000,add,0.05,0.1,final,out,63,0.00616755245323487,39,0.0013784534653559903
kimi,kimi_add_rho0.05_wd0.1_tiersNone,1000,add,0.05,0.1,final,out,64,0.004283406359132904,72,0.0013784534653559903
kimi,kimi_add_rho0.05_wd0.1_tiersNone,1000,add,0.05,0.1,final,out,65,0.00998581985224618,17,0.0013784534653559903
kimi,kimi_add_rho0.05_wd0.1_tiersNone,1000,add,0.05,0.1,final,out,66,0.004975763727994,63,0.0013784534653559903
kimi,kimi_add_rho0.05_wd0.1_tiersNone,1000,add,0.05,0.1,final,out,67,0.007990291546398874,21,0.0013784534653559903
kimi,kimi_add_rho0.05_wd0.1_tiersNone,1000,add,0.05,0.1,final,out,68,0.005215501254019218,58,0.0013784534653559903
kimi,kimi_add_rho0.05_wd0.1_tiersNone,1000,add,0.05,0.1,final,out,69,0.008705127692662448,20,0.0013784534653559903
kimi,kimi_add_rho0.05_wd0.1_tiersNone,1000,add,0.05,0.1,final,out,70,0.006050710003840582,41,0.0013784534653559903
kimi,kimi_add_rho0.05_wd0.1_tiersNone,1000,add,0.05,0.1,final,out,71,0.004196429732567804,73,0.0013784534653559903
kimi,kimi_add_rho0.05_wd0.1_tiersNone,1000,add,0.05,0.1,final,out,72,0.0056784837069631085,48,0.0013784534653559903
kimi,kimi_add_rho0.05_wd0.1_tiersNone,1000,add,0.05,0.1,final,out,73,0.005359821028644626,53,0.0013784534653559903
kimi,kimi_add_rho0.05_wd0.1_tiersNone,1000,add,0.05,0.1,final,out,74,0.008735519269685653,19,0.0013784534653559903
kimi,kimi_add_rho0.05_wd0.1_tiersNone,1001,add,0.05,0.1,final,in,1,0.01585731007555644,12,0.0018323280442522694
kimi,kimi_add_rho0.05_wd0.1_tiersNone,1001,add,0.05,0.1,final,in,2,0.01241211322425503,23,0.0018323280442522694
kimi,kimi_add_rho0.05_wd0.1_tiersNone,1001,add,0.05,0.1,final,in,3,0.006906409956540656,67,0.0018323280442522694
kimi,kimi_add_rho0.05_wd0.1_tiersNone,1001,add,0.05,0.1,final,in,4,0.01075463762129142,32,0.0018323280442522694
kimi,kimi_add_rho0.05_wd0.1_tiersNone,1001,add,0.05,0.1,final,in,5,0.0370001904583578,5,0.0018323280442522694
kimi,kimi_add_rho0.05_wd0.1_tiersNone,1001,add,0.05,0.1,final,in,6,0.008273118219887582,51,0.0018323280442522694
kimi,kimi_add_rho0.05_wd0.1_tiersNone,1001,add,0.05,0.1,final,in,7,0.01195571251363221,26,0.0018323280442522694
kimi,kimi_add_rho0.05_wd0.1_tiersNone,1001,add,0.05,0.1,final,in,8,0.009370142046401946,44,0.0018323280442522694
kimi,kimi_add_rho0.05_wd0.1_tiersNone,1001,add,0.05,0.1,final,in,9,0.01308791745206748,20,0.0018323280442522694
kimi,kimi_add_rho0.05_wd0.1_tiersNone,1001,add,0.05,0.1,final,in,10,0.007003871796392001,64,0.0018323280442522694
kimi,kimi_add_rho0.05_wd0.1_tiersNone,1001,add,0.05,0.1,final,in,11,0.013602026048704377,17,0.0018323280442522694
kimi,kimi_add_rho0.05_wd0.1_tiersNone,1001,add,0.05,0.1,final,in,12,0.012476041597201299,22,0.0018323280442522694
kimi,kimi_add_rho0.05_wd0.1_tiersNone,1001,add,0.05,0.1,final,in,13,0.007065139651537965,63,0.0018323280442522694
kimi,kimi_add_rho0.05_wd0.1_tiersNone,1001,add,0.05,0.1,final,in,14,0.009312852092200964,46,0.0018323280442522694
kimi,kimi_add_rho0.05_wd0.1_tiersNone,1001,add,0.05,0.1,final,in,15,0.04350877031884938,3,0.0018323280442522694
kimi,kimi_add_rho0.05_wd0.1_tiersNone,1001,add,0.05,0.1,final,in,16,0.007364874426521999,60,0.0018323280442522694
kimi,kimi_add_rho0.05_wd0.1_tiersNone,1001,add,0.05,0.1,final,in,17,0.034723675567643386,7,0.0018323280442522694
kimi,kimi_add_rho0.05_wd0.1_tiersNone,1001,add,0.05,0.1,final,in,18,0.011392232761373907,31,0.0018323280442522694
kimi,kimi_add_rho0.05_wd0.1_tiersNone,1001,add,0.05,0.1,final,in,19,0.008068358492773216,54,0.0018323280442522694
kimi,kimi_add_rho0.05_wd0.1_tiersNone,1001,add,0.05,0.1,final,in,20,0.008102460894795197,53,0.0018323280442522694
kimi,kimi_add_rho0.05_wd0.1_tiersNone,1001,add,0.05,0.1,final,in,21,0.0072709304406151885,61,0.0018323280442522694
kimi,kimi_add_rho0.05_wd0.1_tiersNone,1001,add,0.05,0.1,final,in,22,0.012093599879414302,25,0.0018323280442522694
kimi,kimi_add_rho0.05_wd0.1_tiersNone,1001,add,0.05,0.1,final,in,23,0.00631468542808691,74,0.0018323280442522694
kimi,kimi_add_rho0.05_wd0.1_tiersNone,1001,add,0.05,0.1,final,in,24,0.009362173899163882,45,0.0018323280442522694
kimi,kimi_add_rho0.05_wd0.1_tiersNone,1001,add,0.05,0.1,final,in,25,0.006450066475045767,70,0.0018323280442522694
kimi,kimi_add_rho0.05_wd0.1_tiersNone,1001,add,0.05,0.1,final,in,26,0.006737586297287784,68,0.0018323280442522694
kimi,kimi_add_rho0.05_wd0.1_tiersNone,1001,add,0.05,0.1,final,in,27,0.007541046148958528,58,0.0018323280442522694
kimi,kimi_add_rho0.05_wd0.1_tiersNone,1001,add,0.05,0.1,final,in,28,0.007419547936655017,59,0.0018323280442522694
kimi,kimi_add_rho0.05_wd0.1_tiersNone,1001,add,0.05,0.1,final,in,29,0.015131385900546359,14,0.0018323280442522694
kimi,kimi_add_rho0.05_wd0.1_tiersNone,1001,add,0.05,0.1,final,in,30,0.009923225936232596,37,0.0018323280442522694
kimi,kimi_add_rho0.05_wd0.1_tiersNone,1001,add,0.05,0.1,final,in,31,0.007617891151857077,57,0.0018323280442522694
kimi,kimi_add_rho0.05_wd0.1_tiersNone,1001,add,0.05,0.1,final,in,32,0.009414768457873587,43,0.0018323280442522694
kimi,kimi_add_rho0.05_wd0.1_tiersNone,1001,add,0.05,0.1,final,in,33,0.022105936534076914,10,0.0018323280442522694
kimi,kimi_add_rho0.05_wd0.1_tiersNone,1001,add,0.05,0.1,final,in,34,0.014341739522540014,15,0.0018323280442522694
kimi,kimi_add_rho0.05_wd0.1_tiersNone,1001,add,0.05,0.1,final,in,35,0.03657641819218223,6,0.0018323280442522694
kimi,kimi_add_rho0.05_wd0.1_tiersNone,1001,add,0.05,0.1,final,in,36,0.006346454383920843,73,0.0018323280442522694
kimi,kimi_add_rho0.05_wd0.1_tiersNone,1001,add,0.05,0.1,final,in,37,0.0095372978131613,41,0.0018323280442522694
kimi,kimi_add_rho0.05_wd0.1_tiersNone,1001,add,0.05,0.1,final,in,38,0.010137506323772845,34,0.0018323280442522694
kimi,kimi_add_rho0.05_wd0.1_tiersNone,1001,add,0.05,0.1,final,in,39,0.015505155941702493,13,0.0018323280442522694
kimi,kimi_add_rho0.05_wd0.1_tiersNone,1001,add,0.05,0.1,final,in,40,0.010030016987970363,36,0.0018323280442522694
kimi,kimi_add_rho0.05_wd0.1_tiersNone,1001,add,0.05,0.1,final,in,41,0.007138120245824311,62,0.0018323280442522694
kimi,kimi_add_rho0.05_wd0.1_tiersNone,1001,add,0.05,0.1,final,in,42,0.010105119233501297,35,0.0018323280442522694
kimi,kimi_add_rho0.05_wd0.1_tiersNone,1001,add,0.05,0.1,final,in,43,0.0085624793254149,50,0.0018323280442522694
kimi,kimi_add_rho0.05_wd0.1_tiersNone,1001,add,0.05,0.1,final,in,44,0.011788746756107159,28,0.0018323280442522694
kimi,kimi_add_rho0.05_wd0.1_tiersNone,1001,add,0.05,0.1,final,in,45,0.009591114414395868,39,0.0018323280442522694
kimi,kimi_add_rho0.05_wd0.1_tiersNone,1001,add,0.05,0.1,final,in,46,0.013476835323196523,18,0.0018323280442522694
kimi,kimi_add_rho0.05_wd0.1_tiersNone,1001,add,0.05,0.1,final,in,47,0.019536443761493848,11,0.0018323280442522694
kimi,kimi_add_rho0.05_wd0.1_tiersNone,1001,add,0.05,0.1,final,in,48,0.006385651366689185,71,0.0018323280442522694
kimi,kimi_add_rho0.05_wd0.1_tiersNone,1001,add,0.05,0.1,final,in,49,0.006370443905663027,72,0.0018323280442522694
kimi,kimi_add_rho0.05_wd0.1_tiersNone,1001,add,0.05,0.1,final,in,50,0.01269442857016297,21,0.0018323280442522694
kimi,kimi_add_rho0.05_wd0.1_tiersNone,1001,add,0.05,0.1,final,in,51,0.04077094778099971,4,0.0018323280442522694
kimi,kimi_add_rho0.05_wd0.1_tiersNone,1001,add,0.05,0.1,final,in,52,0.0096775289782459,38,0.0018323280442522694
kimi,kimi_add_rho0.05_wd0.1_tiersNone,1001,add,0.05,0.1,final,in,53,0.009586299593456563,40,0.0018323280442522694
kimi,kimi_add_rho0.05_wd0.1_tiersNone,1001,add,0.05,0.1,final,in,54,0.011932638857448127,27,0.0018323280442522694
kimi,kimi_add_rho0.05_wd0.1_tiersNone,1001,add,0.05,0.1,final,in,55,0.0069586790138467134,66,0.0018323280442522694
kimi,kimi_add_rho0.05_wd0.1_tiersNone,1001,add,0.05,0.1,final,in,56,0.011517850322784658,30,0.0018323280442522694
kimi,kimi_add_rho0.05_wd0.1_tiersNone,1001,add,0.05,0.1,final,in,57,0.009197255582326718,48,0.0018323280442522694
kimi,kimi_add_rho0.05_wd0.1_tiersNone,1001,add,0.05,0.1,final,in,58,0.013099757609936325,19,0.0018323280442522694
kimi,kimi_add_rho0.05_wd0.1_tiersNone,1001,add,0.05,0.1,final,in,59,0.013647657124842354,16,0.0018323280442522694
kimi,kimi_add_rho0.05_wd0.1_tiersNone,1001,add,0.05,0.1,final,in,60,0.009002096468737092,49,0.0018323280442522694
kimi,kimi_add_rho0.05_wd0.1_tiersNone,1001,add,0.05,0.1,final,in,61,0.008024687259842674,55,0.0018323280442522694
kimi,kimi_add_rho0.05_wd0.1_tiersNone,1001,add,0.05,0.1,final,in,62,0.01063956424082032,33,0.0018323280442522694
kimi,kimi_add_rho0.05_wd0.1_tiersNone,1001,add,0.05,0.1,final,in,63,0.007893725361247704,56,0.0018323280442522694
kimi,kimi_add_rho0.05_wd0.1_tiersNone,1001,add,0.05,0.1,final,in,64,0.050409368713312655,1,0.0018323280442522694
kimi,kimi_add_rho0.05_wd0.1_tiersNone,1001,add,0.05,0.1,final,in,65,0.00923324748445039,47,0.0018323280442522694
kimi,kimi_add_rho0.05_wd0.1_tiersNone,1001,add,0.05,0.1,final,in,66,0.00669257375529442,69,0.0018323280442522694
kimi,kimi_add_rho0.05_wd0.1_tiersNone,1001,add,0.05,0.1,final,in,67,0.011585569997019072,29,0.0018323280442522694
kimi,kimi_add_rho0.05_wd0.1_tiersNone,1001,add,0.05,0.1,final,in,68,0.012347253829268576,24,0.0018323280442522694
kimi,kimi_add_rho0.05_wd0.1_tiersNone,1001,add,0.05,0.1,final,in,69,0.00944519597427886,42,0.0018323280442522694
kimi,kimi_add_rho0.05_wd0.1_tiersNone,1001,add,0.05,0.1,final,in,70,0.008126841563737962,52,0.0018323280442522694
kimi,kimi_add_rho0.05_wd0.1_tiersNone,1001,add,0.05,0.1,final,in,71,0.006986627374256382,65,0.0018323280442522694
kimi,kimi_add_rho0.05_wd0.1_tiersNone,1001,add,0.05,0.1,final,in,72,0.04583170897578389,2,0.0018323280442522694
kimi,kimi_add_rho0.05_wd0.1_tiersNone,1001,add,0.05,0.1,final,in,73,0.02990754072717628,8,0.0018323280442522694
kimi,kimi_add_rho0.05_wd0.1_tiersNone,1001,add,0.05,0.1,final,in,74,0.023740711641389366,9,0.0018323280442522694
kimi,kimi_add_rho0.05_wd0.1_tiersNone,1001,add,0.05,0.1,final,out,1,0.011440745324750546,17,0.0015253966710288363
kimi,kimi_add_rho0.05_wd0.1_tiersNone,1001,add,0.05,0.1,final,out,2,0.007552482369555669,42,0.0015253966710288363
kimi,kimi_add_rho0.05_wd0.1_tiersNone,1001,add,0.05,0.1,final,out,3,0.005626503999856521,57,0.0015253966710288363
kimi,kimi_add_rho0.05_wd0.1_tiersNone,1001,add,0.05,0.1,final,out,4,0.007432063442436485,43,0.0015253966710288363
kimi,kimi_add_rho0.05_wd0.1_tiersNone,1001,add,0.05,0.1,final,out,5,0.0566903186918308,5,0.0015253966710288363
kimi,kimi_add_rho0.05_wd0.1_tiersNone,1001,add,0.05,0.1,final,out,6,0.0072887814783631774,45,0.0015253966710288363
kimi,kimi_add_rho0.05_wd0.1_tiersNone,1001,add,0.05,0.1,final,out,7,0.0105605037743377,20,0.0015253966710288363
kimi,kimi_add_rho0.05_wd0.1_tiersNone,1001,add,0.05,0.1,final,out,8,0.006221612298118634,54,0.0015253966710288363
kimi,kimi_add_rho0.05_wd0.1_tiersNone,1001,add,0.05,0.1,final,out,9,0.01243584095154045,15,0.0015253966710288363
kimi,kimi_add_rho0.05_wd0.1_tiersNone,1001,add,0.05,0.1,final,out,10,0.005432127725322808,60,0.0015253966710288363
kimi,kimi_add_rho0.05_wd0.1_tiersNone,1001,add,0.05,0.1,final,out,11,0.012610473116355828,14,0.0015253966710288363
kimi,kimi_add_rho0.05_wd0.1_tiersNone,1001,add,0.05,0.1,final,out,12,0.009200077972298711,26,0.0015253966710288363
kimi,kimi_add_rho0.05_wd0.1_tiersNone,1001,add,0.05,0.1,final,out,13,0.0038186669206969567,73,0.0015253966710288363
kimi,kimi_add_rho0.05_wd0.1_tiersNone,1001,add,0.05,0.1,final,out,14,0.007683482849160353,40,0.0015253966710288363
kimi,kimi_add_rho0.05_wd0.1_tiersNone,1001,add,0.05,0.1,final,out,15,0.0788701069409507,1,0.0015253966710288363
kimi,kimi_add_rho0.05_wd0.1_tiersNone,1001,add,0.05,0.1,final,out,16,0.006681290776587587,51,0.0015253966710288363
kimi,kimi_add_rho0.05_wd0.1_tiersNone,1001,add,0.05,0.1,final,out,17,0.04779740016047912,6,0.0015253966710288363
kimi,kimi_add_rho0.05_wd0.1_tiersNone,1001,add,0.05,0.1,final,out,18,0.008241339218002698,32,0.0015253966710288363
kimi,kimi_add_rho0.05_wd0.1_tiersNone,1001,add,0.05,0.1,final,out,19,0.007208654644021308,46,0.0015253966710288363
kimi,kimi_add_rho0.05_wd0.1_tiersNone,1001,add,0.05,0.1,final,out,20,0.005316216929536643,61,0.0015253966710288363
kimi,kimi_add_rho0.05_wd0.1_tiersNone,1001,add,0.05,0.1,final,out,21,0.004830260508824486,68,0.0015253966710288363
kimi,kimi_add_rho0.05_wd0.1_tiersNone,1001,add,0.05,0.1,final,out,22,0.01050393565603859,21,0.0015253966710288363
kimi,kimi_add_rho0.05_wd0.1_tiersNone,1001,add,0.05,0.1,final,out,23,0.0049797944044189454,66,0.0015253966710288363
kimi,kimi_add_rho0.05_wd0.1_tiersNone,1001,add,0.05,0.1,final,out,24,0.0070700106584033655,48,0.0015253966710288363
kimi,kimi_add_rho0.05_wd0.1_tiersNone,1001,add,0.05,0.1,final,out,25,0.005311999020672764,62,0.0015253966710288363
kimi,kimi_add_rho0.05_wd0.1_tiersNone,1001,add,0.05,0.1,final,out,26,0.004587764777290267,71,0.0015253966710288363
kimi,kimi_add_rho0.05_wd0.1_tiersNone,1001,add,0.05,0.1,final,out,27,0.007420643845733609,44,0.0015253966710288363
kimi,kimi_add_rho0.05_wd0.1_tiersNone,1001,add,0.05,0.1,final,out,28,0.005021122161144013,65,0.0015253966710288363
kimi,kimi_add_rho0.05_wd0.1_tiersNone,1001,add,0.05,0.1,final,out,29,0.015996923045071252,12,0.0015253966710288363
kimi,kimi_add_rho0.05_wd0.1_tiersNone,1001,add,0.05,0.1,final,out,30,0.0050530032625650916,64,0.0015253966710288363
kimi,kimi_add_rho0.05_wd0.1_tiersNone,1001,add,0.05,0.1,final,out,31,0.005460826673462364,59,0.0015253966710288363
kimi,kimi_add_rho0.05_wd0.1_tiersNone,1001,add,0.05,0.1,final,out,32,0.0068266651857733975,49,0.0015253966710288363
kimi,kimi_add_rho0.05_wd0.1_tiersNone,1001,add,0.05,0.1,final,out,33,0.0217567289558054,11,0.0015253966710288363
kimi,kimi_add_rho0.05_wd0.1_tiersNone,1001,add,0.05,0.1,final,out,34,0.008979523668684711,27,0.0015253966710288363
kimi,kimi_add_rho0.05_wd0.1_tiersNone,1001,add,0.05,0.1,final,out,35,0.04594592650024286,7,0.0015253966710288363
kimi,kimi_add_rho0.05_wd0.1_tiersNone,1001,add,0.05,0.1,final,out,36,0.004629493261302164,70,0.0015253966710288363
kimi,kimi_add_rho0.05_wd0.1_tiersNone,1001,add,0.05,0.1,final,out,37,0.008351793838197149,29,0.0015253966710288363
kimi,kimi_add_rho0.05_wd0.1_tiersNone,1001,add,0.05,0.1,final,out,38,0.007984865727979252,34,0.0015253966710288363
kimi,kimi_add_rho0.05_wd0.1_tiersNone,1001,add,0.05,0.1,final,out,39,0.015056584778567467,13,0.0015253966710288363
kimi,kimi_add_rho0.05_wd0.1_tiersNone,1001,add,0.05,0.1,final,out,40,0.008078565941587025,33,0.0015253966710288363
kimi,kimi_add_rho0.05_wd0.1_tiersNone,1001,add,0.05,0.1,final,out,41,0.0054896415265057955,58,0.0015253966710288363
kimi,kimi_add_rho0.05_wd0.1_tiersNone,1001,add,0.05,0.1,final,out,42,0.007647591949058165,41,0.0015253966710288363
kimi,kimi_add_rho0.05_wd0.1_tiersNone,1001,add,0.05,0.1,final,out,43,0.008689405273280463,28,0.0015253966710288363
kimi,kimi_add_rho0.05_wd0.1_tiersNone,1001,add,0.05,0.1,final,out,44,0.010083835509307854,23,0.0015253966710288363
kimi,kimi_add_rho0.05_wd0.1_tiersNone,1001,add,0.05,0.1,final,out,45,0.00772998291581484,39,0.0015253966710288363
kimi,kimi_add_rho0.05_wd0.1_tiersNone,1001,add,0.05,0.1,final,out,46,0.010377070783912345,22,0.0015253966710288363
kimi,kimi_add_rho0.05_wd0.1_tiersNone,1001,add,0.05,0.1,final,out,47,0.02355727176310741,9,0.0015253966710288363
kimi,kimi_add_rho0.05_wd0.1_tiersNone,1001,add,0.05,0.1,final,out,48,0.005077702628176167,63,0.0015253966710288363
kimi,kimi_add_rho0.05_wd0.1_tiersNone,1001,add,0.05,0.1,final,out,49,0.0036246967577484124,74,0.0015253966710288363
kimi,kimi_add_rho0.05_wd0.1_tiersNone,1001,add,0.05,0.1,final,out,50,0.009531912098350618,24,0.0015253966710288363
kimi,kimi_add_rho0.05_wd0.1_tiersNone,1001,add,0.05,0.1,final,out,51,0.062146153477491424,3,0.0015253966710288363
kimi,kimi_add_rho0.05_wd0.1_tiersNone,1001,add,0.05,0.1,final,out,52,0.007932030648561367,35,0.0015253966710288363
kimi,kimi_add_rho0.05_wd0.1_tiersNone,1001,add,0.05,0.1,final,out,53,0.009386793414046342,25,0.0015253966710288363
kimi,kimi_add_rho0.05_wd0.1_tiersNone,1001,add,0.05,0.1,final,out,54,0.010611065953241057,19,0.0015253966710288363
kimi,kimi_add_rho0.05_wd0.1_tiersNone,1001,add,0.05,0.1,final,out,55,0.004747621952692198,69,0.0015253966710288363
kimi,kimi_add_rho0.05_wd0.1_tiersNone,1001,add,0.05,0.1,final,out,56,0.007922843719229205,37,0.0015253966710288363
kimi,kimi_add_rho0.05_wd0.1_tiersNone,1001,add,0.05,0.1,final,out,57,0.006635046158147864,52,0.0015253966710288363
kimi,kimi_add_rho0.05_wd0.1_tiersNone,1001,add,0.05,0.1,final,out,58,0.011601016587633704,16,0.0015253966710288363
kimi,kimi_add_rho0.05_wd0.1_tiersNone,1001,add,0.05,0.1,final,out,59,0.010615734636370928,18,0.0015253966710288363
kimi,kimi_add_rho0.05_wd0.1_tiersNone,1001,add,0.05,0.1,final,out,60,0.006733952089069152,50,0.0015253966710288363
kimi,kimi_add_rho0.05_wd0.1_tiersNone,1001,add,0.05,0.1,final,out,61,0.0058383314946099385,56,0.0015253966710288363
kimi,kimi_add_rho0.05_wd0.1_tiersNone,1001,add,0.05,0.1,final,out,62,0.007094215508037512,47,0.0015253966710288363
kimi,kimi_add_rho0.05_wd0.1_tiersNone,1001,add,0.05,0.1,final,out,63,0.008267249406723232,31,0.0015253966710288363
kimi,kimi_add_rho0.05_wd0.1_tiersNone,1001,add,0.05,0.1,final,out,64,0.06824023368678202,2,0.0015253966710288363
kimi,kimi_add_rho0.05_wd0.1_tiersNone,1001,add,0.05,0.1,final,out,65,0.007866869890547275,38,0.0015253966710288363
kimi,kimi_add_rho0.05_wd0.1_tiersNone,1001,add,0.05,0.1,final,out,66,0.004174889573012064,72,0.0015253966710288363
kimi,kimi_add_rho0.05_wd0.1_tiersNone,1001,add,0.05,0.1,final,out,67,0.008310509594341108,30,0.0015253966710288363
kimi,kimi_add_rho0.05_wd0.1_tiersNone,1001,add,0.05,0.1,final,out,68,0.007923363618274159,36,0.0015253966710288363
kimi,kimi_add_rho0.05_wd0.1_tiersNone,1001,add,0.05,0.1,final,out,69,0.005902359730343355,55,0.0015253966710288363
kimi,kimi_add_rho0.05_wd0.1_tiersNone,1001,add,0.05,0.1,final,out,70,0.004972516439733179,67,0.0015253966710288363
kimi,kimi_add_rho0.05_wd0.1_tiersNone,1001,add,0.05,0.1,final,out,71,0.006448768056542657,53,0.0015253966710288363
kimi,kimi_add_rho0.05_wd0.1_tiersNone,1001,add,0.05,0.1,final,out,72,0.06179342838558836,4,0.0015253966710288363
kimi,kimi_add_rho0.05_wd0.1_tiersNone,1001,add,0.05,0.1,final,out,73,0.029171854049905983,8,0.0015253966710288363
kimi,kimi_add_rho0.05_wd0.1_tiersNone,1001,add,0.05,0.1,final,out,74,0.02189891926784703,10,0.0015253966710288363
kimi,kimi_add_rho0.05_wd0.1_tiersNone,1002,add,0.05,0.1,final,in,1,0.008192136436014165,50,0.0014273037752996257
kimi,kimi_add_rho0.05_wd0.1_tiersNone,1002,add,0.05,0.1,final,in,2,0.008588265798702104,42,0.0014273037752996257
kimi,kimi_add_rho0.05_wd0.1_tiersNone,1002,add,0.05,0.1,final,in,3,0.008015323419798076,55,0.0014273037752996257
kimi,kimi_add_rho0.05_wd0.1_tiersNone,1002,add,0.05,0.1,final,in,4,0.005823620198265595,74,0.0014273037752996257
kimi,kimi_add_rho0.05_wd0.1_tiersNone,1002,add,0.05,0.1,final,in,5,0.0060674896001006885,72,0.0014273037752996257
kimi,kimi_add_rho0.05_wd0.1_tiersNone,1002,add,0.05,0.1,final,in,6,0.007375413630022433,61,0.0014273037752996257
kimi,kimi_add_rho0.05_wd0.1_tiersNone,1002,add,0.05,0.1,final,in,7,0.008226314878172727,49,0.0014273037752996257
kimi,kimi_add_rho0.05_wd0.1_tiersNone,1002,add,0.05,0.1,final,in,8,0.008483559353994963,45,0.0014273037752996257
kimi,kimi_add_rho0.05_wd0.1_tiersNone,1002,add,0.05,0.1,final,in,9,0.009405818134824198,36,0.0014273037752996257
kimi,kimi_add_rho0.05_wd0.1_tiersNone,1002,add,0.05,0.1,final,in,10,0.013356133203363789,14,0.0014273037752996257
kimi,kimi_add_rho0.05_wd0.1_tiersNone,1002,add,0.05,0.1,final,in,11,0.010888839733575975,21,0.0014273037752996257
kimi,kimi_add_rho0.05_wd0.1_tiersNone,1002,add,0.05,0.1,final,in,12,0.008067320242455276,54,0.0014273037752996257
kimi,kimi_add_rho0.05_wd0.1_tiersNone,1002,add,0.05,0.1,final,in,13,0.008104177976086287,51,0.0014273037752996257
kimi,kimi_add_rho0.05_wd0.1_tiersNone,1002,add,0.05,0.1,final,in,14,0.019828619235165296,10,0.0014273037752996257
kimi,kimi_add_rho0.05_wd0.1_tiersNone,1002,add,0.05,0.1,final,in,15,0.011055243518636827,19,0.0014273037752996257
kimi,kimi_add_rho0.05_wd0.1_tiersNone,1002,add,0.05,0.1,final,in,16,0.006716366042998868,68,0.0014273037752996257
kimi,kimi_add_rho0.05_wd0.1_tiersNone,1002,add,0.05,0.1,final,in,17,0.010643625974963716,22,0.0014273037752996257
kimi,kimi_add_rho0.05_wd0.1_tiersNone,1002,add,0.05,0.1,final,in,18,0.007098499422966896,66,0.0014273037752996257
kimi,kimi_add_rho0.05_wd0.1_tiersNone,1002,add,0.05,0.1,final,in,19,0.008699116928853107,41,0.0014273037752996257
kimi,kimi_add_rho0.05_wd0.1_tiersNone,1002,add,0.05,0.1,final,in,20,0.011263258056423139,17,0.0014273037752996257
kimi,kimi_add_rho0.05_wd0.1_tiersNone,1002,add,0.05,0.1,final,in,21,0.00721866665724705,65,0.0014273037752996257
kimi,kimi_add_rho0.05_wd0.1_tiersNone,1002,add,0.05,0.1,final,in,22,0.027293841588099322,9,0.0014273037752996257
kimi,kimi_add_rho0.05_wd0.1_tiersNone,1002,add,0.05,0.1,final,in,23,0.006592940941281098,70,0.0014273037752996257
kimi,kimi_add_rho0.05_wd0.1_tiersNone,1002,add,0.05,0.1,final,in,24,0.008302803597146883,47,0.0014273037752996257
kimi,kimi_add_rho0.05_wd0.1_tiersNone,1002,add,0.05,0.1,final,in,25,0.041210860674886315,5,0.0014273037752996257
kimi,kimi_add_rho0.05_wd0.1_tiersNone,1002,add,0.05,0.1,final,in,26,0.009762293092780809,31,0.0014273037752996257
kimi,kimi_add_rho0.05_wd0.1_tiersNone,1002,add,0.05,0.1,final,in,27,0.010897087961545216,20,0.0014273037752996257
kimi,kimi_add_rho0.05_wd0.1_tiersNone,1002,add,0.05,0.1,final,in,28,0.010566204764009773,23,0.0014273037752996257
kimi,kimi_add_rho0.05_wd0.1_tiersNone,1002,add,0.05,0.1,final,in,29,0.009637972382940271,32,0.0014273037752996257
kimi,kimi_add_rho0.05_wd0.1_tiersNone,1002,add,0.05,0.1,final,in,30,0.00826154724840723,48,0.0014273037752996257
kimi,kimi_add_rho0.05_wd0.1_tiersNone,1002,add,0.05,0.1,final,in,31,0.009614706031575812,34,0.0014273037752996257
kimi,kimi_add_rho0.05_wd0.1_tiersNone,1002,add,0.05,0.1,final,in,32,0.009299444230862763,38,0.0014273037752996257
kimi,kimi_add_rho0.05_wd0.1_tiersNone,1002,add,0.05,0.1,final,in,33,0.009783047068543337,30,0.0014273037752996257
kimi,kimi_add_rho0.05_wd0.1_tiersNone,1002,add,0.05,0.1,final,in,34,0.029300317555448624,8,0.0014273037752996257
kimi,kimi_add_rho0.05_wd0.1_tiersNone,1002,add,0.05,0.1,final,in,35,0.007907162569472449,57,0.0014273037752996257
kimi,kimi_add_rho0.05_wd0.1_tiersNone,1002,add,0.05,0.1,final,in,36,0.007253941277970408,64,0.0014273037752996257
kimi,kimi_add_rho0.05_wd0.1_tiersNone,1002,add,0.05,0.1,final,in,37,0.008752965409355851,40,0.0014273037752996257
kimi,kimi_add_rho0.05_wd0.1_tiersNone,1002,add,0.05,0.1,final,in,38,0.06519288249898897,1,0.0014273037752996257
kimi,kimi_add_rho0.05_wd0.1_tiersNone,1002,add,0.05,0.1,final,in,39,0.01293075789496376,15,0.0014273037752996257
kimi,kimi_add_rho0.05_wd0.1_tiersNone,1002,add,0.05,0.1,final,in,40,0.0068181690804793955,67,0.0014273037752996257
kimi,kimi_add_rho0.05_wd0.1_tiersNone,1002,add,0.05,0.1,final,in,41,0.008502657083960858,43,0.0014273037752996257
kimi,kimi_add_rho0.05_wd0.1_tiersNone,1002,add,0.05,0.1,final,in,42,0.007375172841676527,62,0.0014273037752996257
kimi,kimi_add_rho0.05_wd0.1_tiersNone,1002,add,0.05,0.1,final,in,43,0.005954954910965856,73,0.0014273037752996257
kimi,kimi_add_rho0.05_wd0.1_tiersNone,1002,add,0.05,0.1,final,in,44,0.062305419290339045,2,0.0014273037752996257
kimi,kimi_add_rho0.05_wd0.1_tiersNone,1002,add,0.05,0.1,final,in,45,0.008073983321340508,53,0.0014273037752996257
kimi,kimi_add_rho0.05_wd0.1_tiersNone,1002,add,0.05,0.1,final,in,46,0.009379626452292919,37,0.0014273037752996257
kimi,kimi_add_rho0.05_wd0.1_tiersNone,1002,add,0.05,0.1,final,in,47,0.007928178506941639,56,0.0014273037752996257
kimi,kimi_add_rho0.05_wd0.1_tiersNone,1002,add,0.05,0.1,final,in,48,0.0101670883383507,26,0.0014273037752996257
kimi,kimi_add_rho0.05_wd0.1_tiersNone,1002,add,0.05,0.1,final,in,49,0.038967701159513514,7,0.0014273037752996257
kimi,kimi_add_rho0.05_wd0.1_tiersNone,1002,add,0.05,0.1,final,in,50,0.014343325405155921,11,0.0014273037752996257
kimi,kimi_add_rho0.05_wd0.1_tiersNone,1002,add,0.05,0.1,final,in,51,0.007268504916931187,63,0.0014273037752996257
kimi,kimi_add_rho0.05_wd0.1_tiersNone,1002,add,0.05,0.1,final,in,52,0.011134696063382485,18,0.0014273037752996257
kimi,kimi_add_rho0.05_wd0.1_tiersNone,1002,add,0.05,0.1,final,in,53,0.007431447758039726,60,0.0014273037752996257
kimi,kimi_add_rho0.05_wd0.1_tiersNone,1002,add,0.05,0.1,final,in,54,0.006690766901353997,69,0.0014273037752996257
kimi,kimi_add_rho0.05_wd0.1_tiersNone,1002,add,0.05,0.1,final,in,55,0.013528659766820213,13,0.0014273037752996257
kimi,kimi_add_rho0.05_wd0.1_tiersNone,1002,add,0.05,0.1,final,in,56,0.009914971054711466,28,0.0014273037752996257
kimi,kimi_add_rho0.05_wd0.1_tiersNone,1002,add,0.05,0.1,final,in,57,0.009821635590298472,29,0.0014273037752996257
kimi,kimi_add_rho0.05_wd0.1_tiersNone,1002,add,0.05,0.1,final,in,58,0.007519319027152285,58,0.0014273037752996257
kimi,kimi_add_rho0.05_wd0.1_tiersNone,1002,add,0.05,0.1,final,in,59,0.048922908423561236,3,0.0014273037752996257
kimi,kimi_add_rho0.05_wd0.1_tiersNone,1002,add,0.05,0.1,final,in,60,0.010225578427483731,25,0.0014273037752996257
kimi,kimi_add_rho0.05_wd0.1_tiersNone,1002,add,0.05,0.1,final,in,61,0.009627037665974562,33,0.0014273037752996257
kimi,kimi_add_rho0.05_wd0.1_tiersNone,1002,add,0.05,0.1,final,in,62,0.006366062387569301,71,0.0014273037752996257
kimi,kimi_add_rho0.05_wd0.1_tiersNone,1002,add,0.05,0.1,final,in,63,0.011751466690124016,16,0.0014273037752996257
kimi,kimi_add_rho0.05_wd0.1_tiersNone,1002,add,0.05,0.1,final,in,64,0.008418756157517701,46,0.0014273037752996257
kimi,kimi_add_rho0.05_wd0.1_tiersNone,1002,add,0.05,0.1,final,in,65,0.009217692537466316,39,0.0014273037752996257
kimi,kimi_add_rho0.05_wd0.1_tiersNone,1002,add,0.05,0.1,final,in,66,0.013842934701089835,12,0.0014273037752996257
kimi,kimi_add_rho0.05_wd0.1_tiersNone,1002,add,0.05,0.1,final,in,67,0.008485458738686776,44,0.0014273037752996257
kimi,kimi_add_rho0.05_wd0.1_tiersNone,1002,add,0.05,0.1,final,in,68,0.010537318020583556,24,0.0014273037752996257
kimi,kimi_add_rho0.05_wd0.1_tiersNone,1002,add,0.05,0.1,final,in,69,0.009560903782538002,35,0.0014273037752996257
kimi,kimi_add_rho0.05_wd0.1_tiersNone,1002,add,0.05,0.1,final,in,70,0.008087665582768036,52,0.0014273037752996257
kimi,kimi_add_rho0.05_wd0.1_tiersNone,1002,add,0.05,0.1,final,in,71,0.007495766777768416,59,0.0014273037752996257
kimi,kimi_add_rho0.05_wd0.1_tiersNone,1002,add,0.05,0.1,final,in,72,0.04882148720810294,4,0.0014273037752996257
kimi,kimi_add_rho0.05_wd0.1_tiersNone,1002,add,0.05,0.1,final,in,73,0.009950034596996204,27,0.0014273037752996257
kimi,kimi_add_rho0.05_wd0.1_tiersNone,1002,add,0.05,0.1,final,in,74,0.03988406560115248,6,0.0014273037752996257
kimi,kimi_add_rho0.05_wd0.1_tiersNone,1002,add,0.05,0.1,final,out,1,0.006299515577087853,42,0.0013076697499235675
kimi,kimi_add_rho0.05_wd0.1_tiersNone,1002,add,0.05,0.1,final,out,2,0.008548935620321454,24,0.0013076697499235675
kimi,kimi_add_rho0.05_wd0.1_tiersNone,1002,add,0.05,0.1,final,out,3,0.006120633579711354,46,0.0013076697499235675
kimi,kimi_add_rho0.05_wd0.1_tiersNone,1002,add,0.05,0.1,final,out,4,0.004847396084059964,65,0.0013076697499235675
kimi,kimi_add_rho0.05_wd0.1_tiersNone,1002,add,0.05,0.1,final,out,5,0.005156156282700101,63,0.0013076697499235675
kimi,kimi_add_rho0.05_wd0.1_tiersNone,1002,add,0.05,0.1,final,out,6,0.0039441231737188075,74,0.0013076697499235675
kimi,kimi_add_rho0.05_wd0.1_tiersNone,1002,add,0.05,0.1,final,out,7,0.005903701914872402,49,0.0013076697499235675
kimi,kimi_add_rho0.05_wd0.1_tiersNone,1002,add,0.05,0.1,final,out,8,0.00623618551968646,44,0.0013076697499235675
kimi,kimi_add_rho0.05_wd0.1_tiersNone,1002,add,0.05,0.1,final,out,9,0.009228550423054004,17,0.0013076697499235675
kimi,kimi_add_rho0.05_wd0.1_tiersNone,1002,add,0.05,0.1,final,out,10,0.012882010541863215,13,0.0013076697499235675
kimi,kimi_add_rho0.05_wd0.1_tiersNone,1002,add,0.05,0.1,final,out,11,0.007723864185059436,27,0.0013076697499235675
kimi,kimi_add_rho0.05_wd0.1_tiersNone,1002,add,0.05,0.1,final,out,12,0.006323156336641387,41,0.0013076697499235675
kimi,kimi_add_rho0.05_wd0.1_tiersNone,1002,add,0.05,0.1,final,out,13,0.004488901821114682,71,0.0013076697499235675
kimi,kimi_add_rho0.05_wd0.1_tiersNone,1002,add,0.05,0.1,final,out,14,0.030036853122399534,9,0.0013076697499235675
kimi,kimi_add_rho0.05_wd0.1_tiersNone,1002,add,0.05,0.1,final,out,15,0.006328518841880316,40,0.0013076697499235675
kimi,kimi_add_rho0.05_wd0.1_tiersNone,1002,add,0.05,0.1,final,out,16,0.004291542374120409,72,0.0013076697499235675
kimi,kimi_add_rho0.05_wd0.1_tiersNone,1002,add,0.05,0.1,final,out,17,0.0068468990806163105,31,0.0013076697499235675
kimi,kimi_add_rho0.05_wd0.1_tiersNone,1002,add,0.05,0.1,final,out,18,0.004800417752676181,66,0.0013076697499235675
kimi,kimi_add_rho0.05_wd0.1_tiersNone,1002,add,0.05,0.1,final,out,19,0.006152880769414799,45,0.0013076697499235675
kimi,kimi_add_rho0.05_wd0.1_tiersNone,1002,add,0.05,0.1,final,out,20,0.009234777977029146,16,0.0013076697499235675
kimi,kimi_add_rho0.05_wd0.1_tiersNone,1002,add,0.05,0.1,final,out,21,0.0050451096319177255,64,0.0013076697499235675
kimi,kimi_add_rho0.05_wd0.1_tiersNone,1002,add,0.05,0.1,final,out,22,0.031390973197767395,8,0.0013076697499235675
kimi,kimi_add_rho0.05_wd0.1_tiersNone,1002,add,0.05,0.1,final,out,23,0.004590841974549527,68,0.0013076697499235675
kimi,kimi_add_rho0.05_wd0.1_tiersNone,1002,add,0.05,0.1,final,out,24,0.006331995833736236,39,0.0013076697499235675
kimi,kimi_add_rho0.05_wd0.1_tiersNone,1002,add,0.05,0.1,final,out,25,0.06556422800770431,4,0.0013076697499235675
kimi,kimi_add_rho0.05_wd0.1_tiersNone,1002,add,0.05,0.1,final,out,26,0.008857245310198252,21,0.0013076697499235675
kimi,kimi_add_rho0.05_wd0.1_tiersNone,1002,add,0.05,0.1,final,out,27,0.008719206870920322,22,0.0013076697499235675
kimi,kimi_add_rho0.05_wd0.1_tiersNone,1002,add,0.05,0.1,final,out,28,0.00650179575060955,37,0.0013076697499235675
kimi,kimi_add_rho0.05_wd0.1_tiersNone,1002,add,0.05,0.1,final,out,29,0.008950965420953463,20,0.0013076697499235675
kimi,kimi_add_rho0.05_wd0.1_tiersNone,1002,add,0.05,0.1,final,out,30,0.005348131156307603,62,0.0013076697499235675
kimi,kimi_add_rho0.05_wd0.1_tiersNone,1002,add,0.05,0.1,final,out,31,0.004580769141397941,69,0.0013076697499235675
kimi,kimi_add_rho0.05_wd0.1_tiersNone,1002,add,0.05,0.1,final,out,32,0.007701116584428479,28,0.0013076697499235675
kimi,kimi_add_rho0.05_wd0.1_tiersNone,1002,add,0.05,0.1,final,out,33,0.006243005489221488,43,0.0013076697499235675
kimi,kimi_add_rho0.05_wd0.1_tiersNone,1002,add,0.05,0.1,final,out,34,0.02907339199617125,10,0.0013076697499235675
kimi,kimi_add_rho0.05_wd0.1_tiersNone,1002,add,0.05,0.1,final,out,35,0.006821214255699761,33,0.0013076697499235675
kimi,kimi_add_rho0.05_wd0.1_tiersNone,1002,add,0.05,0.1,final,out,36,0.005885143945572633,50,0.0013076697499235675
kimi,kimi_add_rho0.05_wd0.1_tiersNone,1002,add,0.05,0.1,final,out,37,0.008439464359861258,25,0.0013076697499235675
kimi,kimi_add_rho0.05_wd0.1_tiersNone,1002,add,0.05,0.1,final,out,38,0.08591187826797898,1,0.0013076697499235675
kimi,kimi_add_rho0.05_wd0.1_tiersNone,1002,add,0.05,0.1,final,out,39,0.00907795053881354,18,0.0013076697499235675
kimi,kimi_add_rho0.05_wd0.1_tiersNone,1002,add,0.05,0.1,final,out,40,0.004290073253930821,73,0.0013076697499235675
kimi,kimi_add_rho0.05_wd0.1_tiersNone,1002,add,0.05,0.1,final,out,41,0.0058478990146850615,51,0.0013076697499235675
kimi,kimi_add_rho0.05_wd0.1_tiersNone,1002,add,0.05,0.1,final,out,42,0.00574820972940407,54,0.0013076697499235675
kimi,kimi_add_rho0.05_wd0.1_tiersNone,1002,add,0.05,0.1,final,out,43,0.0054186634592700055,60,0.0013076697499235675
kimi,kimi_add_rho0.05_wd0.1_tiersNone,1002,add,0.05,0.1,final,out,44,0.08125196513948817,2,0.0013076697499235675
kimi,kimi_add_rho0.05_wd0.1_tiersNone,1002,add,0.05,0.1,final,out,45,0.005994972935105528,47,0.0013076697499235675
kimi,kimi_add_rho0.05_wd0.1_tiersNone,1002,add,0.05,0.1,final,out,46,0.0059762483287221805,48,0.0013076697499235675
kimi,kimi_add_rho0.05_wd0.1_tiersNone,1002,add,0.05,0.1,final,out,47,0.006552354891755772,35,0.0013076697499235675
kimi,kimi_add_rho0.05_wd0.1_tiersNone,1002,add,0.05,0.1,final,out,48,0.005734493404091338,55,0.0013076697499235675
kimi,kimi_add_rho0.05_wd0.1_tiersNone,1002,add,0.05,0.1,final,out,49,0.056278985822287145,6,0.0013076697499235675
kimi,kimi_add_rho0.05_wd0.1_tiersNone,1002,add,0.05,0.1,final,out,50,0.009586543173852049,14,0.0013076697499235675
kimi,kimi_add_rho0.05_wd0.1_tiersNone,1002,add,0.05,0.1,final,out,51,0.00541390900733084,61,0.0013076697499235675
kimi,kimi_add_rho0.05_wd0.1_tiersNone,1002,add,0.05,0.1,final,out,52,0.007519487510847375,29,0.0013076697499235675
kimi,kimi_add_rho0.05_wd0.1_tiersNone,1002,add,0.05,0.1,final,out,53,0.005758927053003427,53,0.0013076697499235675
kimi,kimi_add_rho0.05_wd0.1_tiersNone,1002,add,0.05,0.1,final,out,54,0.006545488819530316,36,0.0013076697499235675
kimi,kimi_add_rho0.05_wd0.1_tiersNone,1002,add,0.05,0.1,final,out,55,0.019394916265641906,11,0.0013076697499235675
kimi,kimi_add_rho0.05_wd0.1_tiersNone,1002,add,0.05,0.1,final,out,56,0.007431444739712479,30,0.0013076697499235675
kimi,kimi_add_rho0.05_wd0.1_tiersNone,1002,add,0.05,0.1,final,out,57,0.008692890947570728,23,0.0013076697499235675
kimi,kimi_add_rho0.05_wd0.1_tiersNone,1002,add,0.05,0.1,final,out,58,0.005825942809033414,52,0.0013076697499235675
kimi,kimi_add_rho0.05_wd0.1_tiersNone,1002,add,0.05,0.1,final,out,59,0.06592621473613042,3,0.0013076697499235675
kimi,kimi_add_rho0.05_wd0.1_tiersNone,1002,add,0.05,0.1,final,out,60,0.009376641508417362,15,0.0013076697499235675
kimi,kimi_add_rho0.05_wd0.1_tiersNone,1002,add,0.05,0.1,final,out,61,0.005571116419327138,58,0.0013076697499235675
kimi,kimi_add_rho0.05_wd0.1_tiersNone,1002,add,0.05,0.1,final,out,62,0.004604173031133622,67,0.0013076697499235675
kimi,kimi_add_rho0.05_wd0.1_tiersNone,1002,add,0.05,0.1,final,out,63,0.009060952886179688,19,0.0013076697499235675
kimi,kimi_add_rho0.05_wd0.1_tiersNone,1002,add,0.05,0.1,final,out,64,0.006842286071871881,32,0.0013076697499235675
kimi,kimi_add_rho0.05_wd0.1_tiersNone,1002,add,0.05,0.1,final,out,65,0.0055798721885355245,57,0.0013076697499235675
kimi,kimi_add_rho0.05_wd0.1_tiersNone,1002,add,0.05,0.1,final,out,66,0.01591693867501385,12,0.0013076697499235675
kimi,kimi_add_rho0.05_wd0.1_tiersNone,1002,add,0.05,0.1,final,out,67,0.0045784628178348,70,0.0013076697499235675
kimi,kimi_add_rho0.05_wd0.1_tiersNone,1002,add,0.05,0.1,final,out,68,0.008386265889937529,26,0.0013076697499235675
kimi,kimi_add_rho0.05_wd0.1_tiersNone,1002,add,0.05,0.1,final,out,69,0.005485234433159404,59,0.0013076697499235675
kimi,kimi_add_rho0.05_wd0.1_tiersNone,1002,add,0.05,0.1,final,out,70,0.006491005871639016,38,0.0013076697499235675
kimi,kimi_add_rho0.05_wd0.1_tiersNone,1002,add,0.05,0.1,final,out,71,0.006763805498688644,34,0.0013076697499235675
kimi,kimi_add_rho0.05_wd0.1_tiersNone,1002,add,0.05,0.1,final,out,72,0.05810597914817425,5,0.0013076697499235675
kimi,kimi_add_rho0.05_wd0.1_tiersNone,1002,add,0.05,0.1,final,out,73,0.005683808954049829,56,0.0013076697499235675
kimi,kimi_add_rho0.05_wd0.1_tiersNone,1002,add,0.05,0.1,final,out,74,0.051934376852806885,7,0.0013076697499235675
kimi,kimi_add_rho0.05_wd0.3_tiersNone,1000,add,0.05,0.3,final,in,1,0.010022613752082193,18,0.006148086268718386
kimi,kimi_add_rho0.05_wd0.3_tiersNone,1000,add,0.05,0.3,final,in,2,0.0059256496700883865,52,0.006148086268718386
kimi,kimi_add_rho0.05_wd0.3_tiersNone,1000,add,0.05,0.3,final,in,3,0.007701301980121482,26,0.006148086268718386
kimi,kimi_add_rho0.05_wd0.3_tiersNone,1000,add,0.05,0.3,final,in,4,0.007298880637081444,28,0.006148086268718386
kimi,kimi_add_rho0.05_wd0.3_tiersNone,1000,add,0.05,0.3,final,in,5,0.004137085032869186,74,0.006148086268718386
kimi,kimi_add_rho0.05_wd0.3_tiersNone,1000,add,0.05,0.3,final,in,6,0.005561205232618364,57,0.006148086268718386
kimi,kimi_add_rho0.05_wd0.3_tiersNone,1000,add,0.05,0.3,final,in,7,0.006529689986244999,37,0.006148086268718386
kimi,kimi_add_rho0.05_wd0.3_tiersNone,1000,add,0.05,0.3,final,in,8,0.005683895918066115,53,0.006148086268718386
kimi,kimi_add_rho0.05_wd0.3_tiersNone,1000,add,0.05,0.3,final,in,9,0.004989090079906626,68,0.006148086268718386
kimi,kimi_add_rho0.05_wd0.3_tiersNone,1000,add,0.05,0.3,final,in,10,0.005426060318849293,59,0.006148086268718386
kimi,kimi_add_rho0.05_wd0.3_tiersNone,1000,add,0.05,0.3,final,in,11,0.006249949875750665,43,0.006148086268718386
kimi,kimi_add_rho0.05_wd0.3_tiersNone,1000,add,0.05,0.3,final,in,12,0.013315019458191872,15,0.006148086268718386
kimi,kimi_add_rho0.05_wd0.3_tiersNone,1000,add,0.05,0.3,final,in,13,0.013517138760274517,13,0.006148086268718386
kimi,kimi_add_rho0.05_wd0.3_tiersNone,1000,add,0.05,0.3,final,in,14,0.00692316316551136,32,0.006148086268718386
kimi,kimi_add_rho0.05_wd0.3_tiersNone,1000,add,0.05,0.3,final,in,15,0.006223061281882529,44,0.006148086268718386
kimi,kimi_add_rho0.05_wd0.3_tiersNone,1000,add,0.05,0.3,final,in,16,0.009622576403214712,19,0.006148086268718386
kimi,kimi_add_rho0.05_wd0.3_tiersNone,1000,add,0.05,0.3,final,in,17,0.0048726495883416035,70,0.006148086268718386
kimi,kimi_add_rho0.05_wd0.3_tiersNone,1000,add,0.05,0.3,final,in,18,0.00537246509616345,63,0.006148086268718386
kimi,kimi_add_rho0.05_wd0.3_tiersNone,1000,add,0.05,0.3,final,in,19,0.006184860692789232,45,0.006148086268718386
kimi,kimi_add_rho0.05_wd0.3_tiersNone,1000,add,0.05,0.3,final,in,20,0.008286175176374254,21,0.006148086268718386
kimi,kimi_add_rho0.05_wd0.3_tiersNone,1000,add,0.05,0.3,final,in,21,0.006252456181368221,42,0.006148086268718386
kimi,kimi_add_rho0.05_wd0.3_tiersNone,1000,add,0.05,0.3,final,in,22,0.006467069854473031,39,0.006148086268718386
kimi,kimi_add_rho0.05_wd0.3_tiersNone,1000,add,0.05,0.3,final,in,23,0.06541844603317483,5,0.006148086268718386
kimi,kimi_add_rho0.05_wd0.3_tiersNone,1000,add,0.05,0.3,final,in,24,0.006568782997893165,36,0.006148086268718386
kimi,kimi_add_rho0.05_wd0.3_tiersNone,1000,add,0.05,0.3,final,in,25,0.01465339873682226,9,0.006148086268718386
kimi,kimi_add_rho0.05_wd0.3_tiersNone,1000,add,0.05,0.3,final,in,26,0.050033201245582595,7,0.006148086268718386
kimi,kimi_add_rho0.05_wd0.3_tiersNone,1000,add,0.05,0.3,final,in,27,0.006786135827223489,33,0.006148086268718386
kimi,kimi_add_rho0.05_wd0.3_tiersNone,1000,add,0.05,0.3,final,in,28,0.005395195666842699,62,0.006148086268718386
kimi,kimi_add_rho0.05_wd0.3_tiersNone,1000,add,0.05,0.3,final,in,29,0.005973229495291093,49,0.006148086268718386
kimi,kimi_add_rho0.05_wd0.3_tiersNone,1000,add,0.05,0.3,final,in,30,0.005594627537089447,55,0.006148086268718386
kimi,kimi_add_rho0.05_wd0.3_tiersNone,1000,add,0.05,0.3,final,in,31,0.006482173075155388,38,0.006148086268718386
kimi,kimi_add_rho0.05_wd0.3_tiersNone,1000,add,0.05,0.3,final,in,32,0.0059353841191868775,50,0.006148086268718386
kimi,kimi_add_rho0.05_wd0.3_tiersNone,1000,add,0.05,0.3,final,in,33,0.007090363831761251,31,0.006148086268718386
kimi,kimi_add_rho0.05_wd0.3_tiersNone,1000,add,0.05,0.3,final,in,34,0.09861686974203039,1,0.006148086268718386
kimi,kimi_add_rho0.05_wd0.3_tiersNone,1000,add,0.05,0.3,final,in,35,0.006088095268103843,46,0.006148086268718386
kimi,kimi_add_rho0.05_wd0.3_tiersNone,1000,add,0.05,0.3,final,in,36,0.008065279229012833,23,0.006148086268718386
kimi,kimi_add_rho0.05_wd0.3_tiersNone,1000,add,0.05,0.3,final,in,37,0.006778790614180705,34,0.006148086268718386
kimi,kimi_add_rho0.05_wd0.3_tiersNone,1000,add,0.05,0.3,final,in,38,0.006608226784914306,35,0.006148086268718386
kimi,kimi_add_rho0.05_wd0.3_tiersNone,1000,add,0.05,0.3,final,in,39,0.006055070724876326,47,0.006148086268718386
kimi,kimi_add_rho0.05_wd0.3_tiersNone,1000,add,0.05,0.3,final,in,40,0.006428662335096904,40,0.006148086268718386
kimi,kimi_add_rho0.05_wd0.3_tiersNone,1000,add,0.05,0.3,final,in,41,0.004659997804736109,73,0.006148086268718386
kimi,kimi_add_rho0.05_wd0.3_tiersNone,1000,add,0.05,0.3,final,in,42,0.06779311150824109,4,0.006148086268718386
kimi,kimi_add_rho0.05_wd0.3_tiersNone,1000,add,0.05,0.3,final,in,43,0.00516074666254117,66,0.006148086268718386
kimi,kimi_add_rho0.05_wd0.3_tiersNone,1000,add,0.05,0.3,final,in,44,0.07313569190249865,2,0.006148086268718386
kimi,kimi_add_rho0.05_wd0.3_tiersNone,1000,add,0.05,0.3,final,in,45,0.009034362055231476,20,0.006148086268718386
kimi,kimi_add_rho0.05_wd0.3_tiersNone,1000,add,0.05,0.3,final,in,46,0.013340208481190491,14,0.006148086268718386
kimi,kimi_add_rho0.05_wd0.3_tiersNone,1000,add,0.05,0.3,final,in,47,0.004741621397667419,72,0.006148086268718386
kimi,kimi_add_rho0.05_wd0.3_tiersNone,1000,add,0.05,0.3,final,in,48,0.012507664339764829,17,0.006148086268718386
kimi,kimi_add_rho0.05_wd0.3_tiersNone,1000,add,0.05,0.3,final,in,49,0.02903684053592891,8,0.006148086268718386
kimi,kimi_add_rho0.05_wd0.3_tiersNone,1000,add,0.05,0.3,final,in,50,0.007442400790367974,27,0.006148086268718386
kimi,kimi_add_rho0.05_wd0.3_tiersNone,1000,add,0.05,0.3,final,in,51,0.01395404280464279,12,0.006148086268718386
kimi,kimi_add_rho0.05_wd0.3_tiersNone,1000,add,0.05,0.3,final,in,52,0.014327742147185128,11,0.006148086268718386
kimi,kimi_add_rho0.05_wd0.3_tiersNone,1000,add,0.05,0.3,final,in,53,0.004973276707767966,69,0.006148086268718386
kimi,kimi_add_rho0.05_wd0.3_tiersNone,1000,add,0.05,0.3,final,in,54,0.005996883256595709,48,0.006148086268718386
kimi,kimi_add_rho0.05_wd0.3_tiersNone,1000,add,0.05,0.3,final,in,55,0.005515170879828956,58,0.006148086268718386
kimi,kimi_add_rho0.05_wd0.3_tiersNone,1000,add,0.05,0.3,final,in,56,0.005204286473014129,64,0.006148086268718386
kimi,kimi_add_rho0.05_wd0.3_tiersNone,1000,add,0.05,0.3,final,in,57,0.004863340896852658,71,0.006148086268718386
kimi,kimi_add_rho0.05_wd0.3_tiersNone,1000,add,0.05,0.3,final,in,58,0.007158322925255807,30,0.006148086268718386
kimi,kimi_add_rho0.05_wd0.3_tiersNone,1000,add,0.05,0.3,final,in,59,0.005420196871389167,60,0.006148086268718386
kimi,kimi_add_rho0.05_wd0.3_tiersNone,1000,add,0.05,0.3,final,in,60,0.005928687786524472,51,0.006148086268718386
kimi,kimi_add_rho0.05_wd0.3_tiersNone,1000,add,0.05,0.3,final,in,61,0.012662001126926005,16,0.006148086268718386
kimi,kimi_add_rho0.05_wd0.3_tiersNone,1000,add,0.05,0.3,final,in,62,0.06973386673517373,3,0.006148086268718386
kimi,kimi_add_rho0.05_wd0.3_tiersNone,1000,add,0.05,0.3,final,in,63,0.008128007124044387,22,0.006148086268718386
kimi,kimi_add_rho0.05_wd0.3_tiersNone,1000,add,0.05,0.3,final,in,64,0.00508154152087293,67,0.006148086268718386
kimi,kimi_add_rho0.05_wd0.3_tiersNone,1000,add,0.05,0.3,final,in,65,0.014522699938282136,10,0.006148086268718386
kimi,kimi_add_rho0.05_wd0.3_tiersNone,1000,add,0.05,0.3,final,in,66,0.005200778708027061,65,0.006148086268718386
kimi,kimi_add_rho0.05_wd0.3_tiersNone,1000,add,0.05,0.3,final,in,67,0.005610846729152432,54,0.006148086268718386
kimi,kimi_add_rho0.05_wd0.3_tiersNone,1000,add,0.05,0.3,final,in,68,0.008026512712483865,24,0.006148086268718386
kimi,kimi_add_rho0.05_wd0.3_tiersNone,1000,add,0.05,0.3,final,in,69,0.005580419038431145,56,0.006148086268718386
kimi,kimi_add_rho0.05_wd0.3_tiersNone,1000,add,0.05,0.3,final,in,70,0.005402341225746166,61,0.006148086268718386
kimi,kimi_add_rho0.05_wd0.3_tiersNone,1000,add,0.05,0.3,final,in,71,0.007718933490333423,25,0.006148086268718386
kimi,kimi_add_rho0.05_wd0.3_tiersNone,1000,add,0.05,0.3,final,in,72,0.006361677550976297,41,0.006148086268718386
kimi,kimi_add_rho0.05_wd0.3_tiersNone,1000,add,0.05,0.3,final,in,73,0.007285290897260087,29,0.006148086268718386
kimi,kimi_add_rho0.05_wd0.3_tiersNone,1000,add,0.05,0.3,final,in,74,0.06335649556856353,6,0.006148086268718386
kimi,kimi_add_rho0.05_wd0.3_tiersNone,1000,add,0.05,0.3,final,out,1,0.023609386541121623,11,0.0016302967449916828
kimi,kimi_add_rho0.05_wd0.3_tiersNone,1000,add,0.05,0.3,final,out,2,0.005760936941829635,46,0.0016302967449916828
kimi,kimi_add_rho0.05_wd0.3_tiersNone,1000,add,0.05,0.3,final,out,3,0.012463920008739965,32,0.0016302967449916828
kimi,kimi_add_rho0.05_wd0.3_tiersNone,1000,add,0.05,0.3,final,out,4,0.003350493419261406,63,0.0016302967449916828
kimi,kimi_add_rho0.05_wd0.3_tiersNone,1000,add,0.05,0.3,final,out,5,0.0030185581129953325,68,0.0016302967449916828
kimi,kimi_add_rho0.05_wd0.3_tiersNone,1000,add,0.05,0.3,final,out,6,0.003190753842104771,65,0.0016302967449916828
kimi,kimi_add_rho0.05_wd0.3_tiersNone,1000,add,0.05,0.3,final,out,7,0.0033556821889355794,62,0.0016302967449916828
kimi,kimi_add_rho0.05_wd0.3_tiersNone,1000,add,0.05,0.3,final,out,8,0.016958261638116662,22,0.0016302967449916828
kimi,kimi_add_rho0.05_wd0.3_tiersNone,1000,add,0.05,0.3,final,out,9,0.0033690454686023164,60,0.0016302967449916828
kimi,kimi_add_rho0.05_wd0.3_tiersNone,1000,add,0.05,0.3,final,out,10,0.003666454986038606,52,0.0016302967449916828
kimi,kimi_add_rho0.05_wd0.3_tiersNone,1000,add,0.05,0.3,final,out,11,0.013074323588933588,29,0.0016302967449916828
kimi,kimi_add_rho0.05_wd0.3_tiersNone,1000,add,0.05,0.3,final,out,12,0.033817331679961614,7,0.0016302967449916828
kimi,kimi_add_rho0.05_wd0.3_tiersNone,1000,add,0.05,0.3,final,out,13,0.017656031848654333,20,0.0016302967449916828
kimi,kimi_add_rho0.05_wd0.3_tiersNone,1000,add,0.05,0.3,final,out,14,0.00370278830980511,51,0.0016302967449916828
kimi,kimi_add_rho0.05_wd0.3_tiersNone,1000,add,0.05,0.3,final,out,15,0.004034748071726814,49,0.0016302967449916828
kimi,kimi_add_rho0.05_wd0.3_tiersNone,1000,add,0.05,0.3,final,out,16,0.021906543002968053,15,0.0016302967449916828
kimi,kimi_add_rho0.05_wd0.3_tiersNone,1000,add,0.05,0.3,final,out,17,0.002834770156623764,73,0.0016302967449916828
kimi,kimi_add_rho0.05_wd0.3_tiersNone,1000,add,0.05,0.3,final,out,18,0.00849345912800255,40,0.0016302967449916828
kimi,kimi_add_rho0.05_wd0.3_tiersNone,1000,add,0.05,0.3,final,out,19,0.012762130965263038,30,0.0016302967449916828
kimi,kimi_add_rho0.05_wd0.3_tiersNone,1000,add,0.05,0.3,final,out,20,0.013282080221744895,28,0.0016302967449916828
kimi,kimi_add_rho0.05_wd0.3_tiersNone,1000,add,0.05,0.3,final,out,21,0.007285636484516341,42,0.0016302967449916828
kimi,kimi_add_rho0.05_wd0.3_tiersNone,1000,add,0.05,0.3,final,out,22,0.0034187550074229857,57,0.0016302967449916828
kimi,kimi_add_rho0.05_wd0.3_tiersNone,1000,add,0.05,0.3,final,out,23,0.034469468514757504,6,0.0016302967449916828
kimi,kimi_add_rho0.05_wd0.3_tiersNone,1000,add,0.05,0.3,final,out,24,0.002942621131374865,70,0.0016302967449916828
kimi,kimi_add_rho0.05_wd0.3_tiersNone,1000,add,0.05,0.3,final,out,25,0.010391925581233342,36,0.0016302967449916828
kimi,kimi_add_rho0.05_wd0.3_tiersNone,1000,add,0.05,0.3,final,out,26,0.02326680565014486,12,0.0016302967449916828
kimi,kimi_add_rho0.05_wd0.3_tiersNone,1000,add,0.05,0.3,final,out,27,0.003442972974863117,56,0.0016302967449916828
kimi,kimi_add_rho0.05_wd0.3_tiersNone,1000,add,0.05,0.3,final,out,28,0.01656957109968164,23,0.0016302967449916828
kimi,kimi_add_rho0.05_wd0.3_tiersNone,1000,add,0.05,0.3,final,out,29,0.003443605490488439,55,0.0016302967449916828
kimi,kimi_add_rho0.05_wd0.3_tiersNone,1000,add,0.05,0.3,final,out,30,0.008131121965548337,41,0.0016302967449916828
kimi,kimi_add_rho0.05_wd0.3_tiersNone,1000,add,0.05,0.3,final,out,31,0.00892513951904554,38,0.0016302967449916828
kimi,kimi_add_rho0.05_wd0.3_tiersNone,1000,add,0.05,0.3,final,out,32,0.02091122833434899,16,0.0016302967449916828
kimi,kimi_add_rho0.05_wd0.3_tiersNone,1000,add,0.05,0.3,final,out,33,0.018299723549893662,19,0.0016302967449916828
kimi,kimi_add_rho0.05_wd0.3_tiersNone,1000,add,0.05,0.3,final,out,34,0.044816805129874654,3,0.0016302967449916828
kimi,kimi_add_rho0.05_wd0.3_tiersNone,1000,add,0.05,0.3,final,out,35,0.0029228906827464137,72,0.0016302967449916828
kimi,kimi_add_rho0.05_wd0.3_tiersNone,1000,add,0.05,0.3,final,out,36,0.018320984563651308,18,0.0016302967449916828
kimi,kimi_add_rho0.05_wd0.3_tiersNone,1000,add,0.05,0.3,final,out,37,0.002534852495260539,74,0.0016302967449916828
kimi,kimi_add_rho0.05_wd0.3_tiersNone,1000,add,0.05,0.3,final,out,38,0.00346321896301638,54,0.0016302967449916828
kimi,kimi_add_rho0.05_wd0.3_tiersNone,1000,add,0.05,0.3,final,out,39,0.015829476327332673,25,0.0016302967449916828
kimi,kimi_add_rho0.05_wd0.3_tiersNone,1000,add,0.05,0.3,final,out,40,0.026847826832808057,10,0.0016302967449916828
kimi,kimi_add_rho0.05_wd0.3_tiersNone,1000,add,0.05,0.3,final,out,41,0.0170156952188486,21,0.0016302967449916828
kimi,kimi_add_rho0.05_wd0.3_tiersNone,1000,add,0.05,0.3,final,out,42,0.047736364631109765,2,0.0016302967449916828
kimi,kimi_add_rho0.05_wd0.3_tiersNone,1000,add,0.05,0.3,final,out,43,0.006393899159949683,43,0.0016302967449916828
kimi,kimi_add_rho0.05_wd0.3_tiersNone,1000,add,0.05,0.3,final,out,44,0.06263012537093776,1,0.0016302967449916828
kimi,kimi_add_rho0.05_wd0.3_tiersNone,1000,add,0.05,0.3,final,out,45,0.014794103719261098,27,0.0016302967449916828
kimi,kimi_add_rho0.05_wd0.3_tiersNone,1000,add,0.05,0.3,final,out,46,0.01600074441101788,24,0.0016302967449916828
kimi,kimi_add_rho0.05_wd0.3_tiersNone,1000,add,0.05,0.3,final,out,47,0.0030304733763741975,67,0.0016302967449916828
kimi,kimi_add_rho0.05_wd0.3_tiersNone,1000,add,0.05,0.3,final,out,48,0.03355141762158887,8,0.0016302967449916828
kimi,kimi_add_rho0.05_wd0.3_tiersNone,1000,add,0.05,0.3,final,out,49,0.04285378413280541,5,0.0016302967449916828
kimi,kimi_add_rho0.05_wd0.3_tiersNone,1000,add,0.05,0.3,final,out,50,0.003360690282134326,61,0.0016302967449916828
kimi,kimi_add_rho0.05_wd0.3_tiersNone,1000,add,0.05,0.3,final,out,51,0.028281629778409208,9,0.0016302967449916828
kimi,kimi_add_rho0.05_wd0.3_tiersNone,1000,add,0.05,0.3,final,out,52,0.023202098137277312,13,0.0016302967449916828
kimi,kimi_add_rho0.05_wd0.3_tiersNone,1000,add,0.05,0.3,final,out,53,0.015292970847263707,26,0.0016302967449916828
kimi,kimi_add_rho0.05_wd0.3_tiersNone,1000,add,0.05,0.3,final,out,54,0.0034082806007729206,58,0.0016302967449916828
kimi,kimi_add_rho0.05_wd0.3_tiersNone,1000,add,0.05,0.3,final,out,55,0.003768405736092486,50,0.0016302967449916828
kimi,kimi_add_rho0.05_wd0.3_tiersNone,1000,add,0.05,0.3,final,out,56,0.0029241181241867957,71,0.0016302967449916828
kimi,kimi_add_rho0.05_wd0.3_tiersNone,1000,add,0.05,0.3,final,out,57,0.012700851266420824,31,0.0016302967449916828
kimi,kimi_add_rho0.05_wd0.3_tiersNone,1000,add,0.05,0.3,final,out,58,0.003615888753869328,53,0.0016302967449916828
kimi,kimi_add_rho0.05_wd0.3_tiersNone,1000,add,0.05,0.3,final,out,59,0.0033128464036487624,64,0.0016302967449916828
kimi,kimi_add_rho0.05_wd0.3_tiersNone,1000,add,0.05,0.3,final,out,60,0.01161829250278142,34,0.0016302967449916828
kimi,kimi_add_rho0.05_wd0.3_tiersNone,1000,add,0.05,0.3,final,out,61,0.01113816851080978,35,0.0016302967449916828
kimi,kimi_add_rho0.05_wd0.3_tiersNone,1000,add,0.05,0.3,final,out,62,0.04298566925895383,4,0.0016302967449916828
kimi,kimi_add_rho0.05_wd0.3_tiersNone,1000,add,0.05,0.3,final,out,63,0.005570514979544303,48,0.0016302967449916828
kimi,kimi_add_rho0.05_wd0.3_tiersNone,1000,add,0.05,0.3,final,out,64,0.00957828372467705,37,0.0016302967449916828
kimi,kimi_add_rho0.05_wd0.3_tiersNone,1000,add,0.05,0.3,final,out,65,0.011703531750679686,33,0.0016302967449916828
kimi,kimi_add_rho0.05_wd0.3_tiersNone,1000,add,0.05,0.3,final,out,66,0.003131579425317397,66,0.0016302967449916828
kimi,kimi_add_rho0.05_wd0.3_tiersNone,1000,add,0.05,0.3,final,out,67,0.0058019491071982865,45,0.0016302967449916828
kimi,kimi_add_rho0.05_wd0.3_tiersNone,1000,add,0.05,0.3,final,out,68,0.022360123960125936,14,0.0016302967449916828
kimi,kimi_add_rho0.05_wd0.3_tiersNone,1000,add,0.05,0.3,final,out,69,0.0029507935988903645,69,0.0016302967449916828
kimi,kimi_add_rho0.05_wd0.3_tiersNone,1000,add,0.05,0.3,final,out,70,0.0063664837440843385,44,0.0016302967449916828
kimi,kimi_add_rho0.05_wd0.3_tiersNone,1000,add,0.05,0.3,final,out,71,0.005608741119807617,47,0.0016302967449916828
kimi,kimi_add_rho0.05_wd0.3_tiersNone,1000,add,0.05,0.3,final,out,72,0.0033801235402258624,59,0.0016302967449916828
kimi,kimi_add_rho0.05_wd0.3_tiersNone,1000,add,0.05,0.3,final,out,73,0.00886160635010175,39,0.0016302967449916828
kimi,kimi_add_rho0.05_wd0.3_tiersNone,1000,add,0.05,0.3,final,out,74,0.01852742043539407,17,0.0016302967449916828
kimi,kimi_add_rho0.05_wd0.3_tiersNone,1001,add,0.05,0.3,final,in,1,0.0060460628342380906,53,0.004963938569968466
kimi,kimi_add_rho0.05_wd0.3_tiersNone,1001,add,0.05,0.3,final,in,2,0.007401292554954807,33,0.004963938569968466
kimi,kimi_add_rho0.05_wd0.3_tiersNone,1001,add,0.05,0.3,final,in,3,0.005776785760453494,62,0.004963938569968466
kimi,kimi_add_rho0.05_wd0.3_tiersNone,1001,add,0.05,0.3,final,in,4,0.007276266986928234,35,0.004963938569968466
kimi,kimi_add_rho0.05_wd0.3_tiersNone,1001,add,0.05,0.3,final,in,5,0.040447900677134004,5,0.004963938569968466
kimi,kimi_add_rho0.05_wd0.3_tiersNone,1001,add,0.05,0.3,final,in,6,0.0074383783387883,32,0.004963938569968466
kimi,kimi_add_rho0.05_wd0.3_tiersNone,1001,add,0.05,0.3,final,in,7,0.008921860955882578,27,0.004963938569968466
kimi,kimi_add_rho0.05_wd0.3_tiersNone,1001,add,0.05,0.3,final,in,8,0.007491678119634928,31,0.004963938569968466
kimi,kimi_add_rho0.05_wd0.3_tiersNone,1001,add,0.05,0.3,final,in,9,0.08156111213433906,3,0.004963938569968466
kimi,kimi_add_rho0.05_wd0.3_tiersNone,1001,add,0.05,0.3,final,in,10,0.024990728076033423,9,0.004963938569968466
kimi,kimi_add_rho0.05_wd0.3_tiersNone,1001,add,0.05,0.3,final,in,11,0.009137758054373155,24,0.004963938569968466
kimi,kimi_add_rho0.05_wd0.3_tiersNone,1001,add,0.05,0.3,final,in,12,0.010995715399319051,18,0.004963938569968466
kimi,kimi_add_rho0.05_wd0.3_tiersNone,1001,add,0.05,0.3,final,in,13,0.004367170433298305,74,0.004963938569968466
kimi,kimi_add_rho0.05_wd0.3_tiersNone,1001,add,0.05,0.3,final,in,14,0.006935343464167992,39,0.004963938569968466
kimi,kimi_add_rho0.05_wd0.3_tiersNone,1001,add,0.05,0.3,final,in,15,0.017130906539161075,12,0.004963938569968466
kimi,kimi_add_rho0.05_wd0.3_tiersNone,1001,add,0.05,0.3,final,in,16,0.005223005566093281,71,0.004963938569968466
kimi,kimi_add_rho0.05_wd0.3_tiersNone,1001,add,0.05,0.3,final,in,17,0.041700402823701736,4,0.004963938569968466
kimi,kimi_add_rho0.05_wd0.3_tiersNone,1001,add,0.05,0.3,final,in,18,0.011099743396336063,17,0.004963938569968466
kimi,kimi_add_rho0.05_wd0.3_tiersNone,1001,add,0.05,0.3,final,in,19,0.006602879753256176,45,0.004963938569968466
kimi,kimi_add_rho0.05_wd0.3_tiersNone,1001,add,0.05,0.3,final,in,20,0.009835911324828998,22,0.004963938569968466
kimi,kimi_add_rho0.05_wd0.3_tiersNone,1001,add,0.05,0.3,final,in,21,0.005598929241228212,64,0.004963938569968466
kimi,kimi_add_rho0.05_wd0.3_tiersNone,1001,add,0.05,0.3,final,in,22,0.009880656500914116,21,0.004963938569968466
kimi,kimi_add_rho0.05_wd0.3_tiersNone,1001,add,0.05,0.3,final,in,23,0.005426368644731513,68,0.004963938569968466
kimi,kimi_add_rho0.05_wd0.3_tiersNone,1001,add,0.05,0.3,final,in,24,0.01123467798339109,16,0.004963938569968466
kimi,kimi_add_rho0.05_wd0.3_tiersNone,1001,add,0.05,0.3,final,in,25,0.005323782581863784,70,0.004963938569968466
kimi,kimi_add_rho0.05_wd0.3_tiersNone,1001,add,0.05,0.3,final,in,26,0.006419180949642427,47,0.004963938569968466
kimi,kimi_add_rho0.05_wd0.3_tiersNone,1001,add,0.05,0.3,final,in,27,0.01649869453163297,13,0.004963938569968466
kimi,kimi_add_rho0.05_wd0.3_tiersNone,1001,add,0.05,0.3,final,in,28,0.0060288518556607,55,0.004963938569968466
kimi,kimi_add_rho0.05_wd0.3_tiersNone,1001,add,0.05,0.3,final,in,29,0.03775380452873009,7,0.004963938569968466
kimi,kimi_add_rho0.05_wd0.3_tiersNone,1001,add,0.05,0.3,final,in,30,0.005325138557828456,69,0.004963938569968466
kimi,kimi_add_rho0.05_wd0.3_tiersNone,1001,add,0.05,0.3,final,in,31,0.0055895723078237,65,0.004963938569968466
kimi,kimi_add_rho0.05_wd0.3_tiersNone,1001,add,0.05,0.3,final,in,32,0.006949693978328167,38,0.004963938569968466
kimi,kimi_add_rho0.05_wd0.3_tiersNone,1001,add,0.05,0.3,final,in,33,0.09578769099729978,1,0.004963938569968466
kimi,kimi_add_rho0.05_wd0.3_tiersNone,1001,add,0.05,0.3,final,in,34,0.021757432567396602,10,0.004963938569968466
kimi,kimi_add_rho0.05_wd0.3_tiersNone,1001,add,0.05,0.3,final,in,35,0.007219607415959439,36,0.004963938569968466
kimi,kimi_add_rho0.05_wd0.3_tiersNone,1001,add,0.05,0.3,final,in,36,0.006033626438924948,54,0.004963938569968466
kimi,kimi_add_rho0.05_wd0.3_tiersNone,1001,add,0.05,0.3,final,in,37,0.006392562623343782,48,0.004963938569968466
kimi,kimi_add_rho0.05_wd0.3_tiersNone,1001,add,0.05,0.3,final,in,38,0.006177975742587793,52,0.004963938569968466
kimi,kimi_add_rho0.05_wd0.3_tiersNone,1001,add,0.05,0.3,final,in,39,0.012498715781502238,15,0.004963938569968466
kimi,kimi_add_rho0.05_wd0.3_tiersNone,1001,add,0.05,0.3,final,in,40,0.0067075002148168335,42,0.004963938569968466
kimi,kimi_add_rho0.05_wd0.3_tiersNone,1001,add,0.05,0.3,final,in,41,0.005964172629464931,57,0.004963938569968466
kimi,kimi_add_rho0.05_wd0.3_tiersNone,1001,add,0.05,0.3,final,in,42,0.008830475147068188,28,0.004963938569968466
kimi,kimi_add_rho0.05_wd0.3_tiersNone,1001,add,0.05,0.3,final,in,43,0.006261993379647894,51,0.004963938569968466
kimi,kimi_add_rho0.05_wd0.3_tiersNone,1001,add,0.05,0.3,final,in,44,0.037982694428148715,6,0.004963938569968466
kimi,kimi_add_rho0.05_wd0.3_tiersNone,1001,add,0.05,0.3,final,in,45,0.007553620603353706,30,0.004963938569968466
kimi,kimi_add_rho0.05_wd0.3_tiersNone,1001,add,0.05,0.3,final,in,46,0.009104755045686676,25,0.004963938569968466
kimi,kimi_add_rho0.05_wd0.3_tiersNone,1001,add,0.05,0.3,final,in,47,0.006702220058332754,43,0.004963938569968466
kimi,kimi_add_rho0.05_wd0.3_tiersNone,1001,add,0.05,0.3,final,in,48,0.005113477696242339,72,0.004963938569968466
kimi,kimi_add_rho0.05_wd0.3_tiersNone,1001,add,0.05,0.3,final,in,49,0.010593848265189528,19,0.004963938569968466
kimi,kimi_add_rho0.05_wd0.3_tiersNone,1001,add,0.05,0.3,final,in,50,0.00676988017357786,41,0.004963938569968466
kimi,kimi_add_rho0.05_wd0.3_tiersNone,1001,add,0.05,0.3,final,in,51,0.02620515281607122,8,0.004963938569968466
kimi,kimi_add_rho0.05_wd0.3_tiersNone,1001,add,0.05,0.3,final,in,52,0.005043851411795707,73,0.004963938569968466
kimi,kimi_add_rho0.05_wd0.3_tiersNone,1001,add,0.05,0.3,final,in,53,0.007346871947557578,34,0.004963938569968466
kimi,kimi_add_rho0.05_wd0.3_tiersNone,1001,add,0.05,0.3,final,in,54,0.009563071125047642,23,0.004963938569968466
kimi,kimi_add_rho0.05_wd0.3_tiersNone,1001,add,0.05,0.3,final,in,55,0.005460368854161393,67,0.004963938569968466
kimi,kimi_add_rho0.05_wd0.3_tiersNone,1001,add,0.05,0.3,final,in,56,0.010085127336463537,20,0.004963938569968466
kimi,kimi_add_rho0.05_wd0.3_tiersNone,1001,add,0.05,0.3,final,in,57,0.006700003900343228,44,0.004963938569968466
kimi,kimi_add_rho0.05_wd0.3_tiersNone,1001,add,0.05,0.3,final,in,58,0.006785742570317483,40,0.004963938569968466
kimi,kimi_add_rho0.05_wd0.3_tiersNone,1001,add,0.05,0.3,final,in,59,0.007108715422071938,37,0.004963938569968466
kimi,kimi_add_rho0.05_wd0.3_tiersNone,1001,add,0.05,0.3,final,in,60,0.005947010745497403,58,0.004963938569968466
kimi,kimi_add_rho0.05_wd0.3_tiersNone,1001,add,0.05,0.3,final,in,61,0.016257101062475365,14,0.004963938569968466
kimi,kimi_add_rho0.05_wd0.3_tiersNone,1001,add,0.05,0.3,final,in,62,0.006386077676143537,49,0.004963938569968466
kimi,kimi_add_rho0.05_wd0.3_tiersNone,1001,add,0.05,0.3,final,in,63,0.00557216082689996,66,0.004963938569968466
kimi,kimi_add_rho0.05_wd0.3_tiersNone,1001,add,0.05,0.3,final,in,64,0.09513254482527599,2,0.004963938569968466
kimi,kimi_add_rho0.05_wd0.3_tiersNone,1001,add,0.05,0.3,final,in,65,0.005944993118068469,59,0.004963938569968466
kimi,kimi_add_rho0.05_wd0.3_tiersNone,1001,add,0.05,0.3,final,in,66,0.01756240834956555,11,0.004963938569968466
kimi,kimi_add_rho0.05_wd0.3_tiersNone,1001,add,0.05,0.3,final,in,67,0.006002759510032583,56,0.004963938569968466
kimi,kimi_add_rho0.05_wd0.3_tiersNone,1001,add,0.05,0.3,final,in,68,0.006276699677464894,50,0.004963938569968466
kimi,kimi_add_rho0.05_wd0.3_tiersNone,1001,add,0.05,0.3,final,in,69,0.0058706304931208115,60,0.004963938569968466
kimi,kimi_add_rho0.05_wd0.3_tiersNone,1001,add,0.05,0.3,final,in,70,0.006552636043126426,46,0.004963938569968466
kimi,kimi_add_rho0.05_wd0.3_tiersNone,1001,add,0.05,0.3,final,in,71,0.008926988086726616,26,0.004963938569968466
kimi,kimi_add_rho0.05_wd0.3_tiersNone,1001,add,0.05,0.3,final,in,72,0.00572513319471631,63,0.004963938569968466
kimi,kimi_add_rho0.05_wd0.3_tiersNone,1001,add,0.05,0.3,final,in,73,0.007835639085164475,29,0.004963938569968466
kimi,kimi_add_rho0.05_wd0.3_tiersNone,1001,add,0.05,0.3,final,in,74,0.005845807858649897,61,0.004963938569968466
kimi,kimi_add_rho0.05_wd0.3_tiersNone,1001,add,0.05,0.3,final,out,1,0.0032511268345168684,58,0.0019565317380799588
kimi,kimi_add_rho0.05_wd0.3_tiersNone,1001,add,0.05,0.3,final,out,2,0.0029903245950415143,64,0.0019565317380799588
kimi,kimi_add_rho0.05_wd0.3_tiersNone,1001,add,0.05,0.3,final,out,3,0.0034352031903691,51,0.0019565317380799588
kimi,kimi_add_rho0.05_wd0.3_tiersNone,1001,add,0.05,0.3,final,out,4,0.029993368721706836,5,0.0019565317380799588
kimi,kimi_add_rho0.05_wd0.3_tiersNone,1001,add,0.05,0.3,final,out,5,0.01849418869106688,27,0.0019565317380799588
kimi,kimi_add_rho0.05_wd0.3_tiersNone,1001,add,0.05,0.3,final,out,6,0.0031036195233156323,63,0.0019565317380799588
kimi,kimi_add_rho0.05_wd0.3_tiersNone,1001,add,0.05,0.3,final,out,7,0.004287842238723671,45,0.0019565317380799588
kimi,kimi_add_rho0.05_wd0.3_tiersNone,1001,add,0.05,0.3,final,out,8,0.020042916082604622,25,0.0019565317380799588
kimi,kimi_add_rho0.05_wd0.3_tiersNone,1001,add,0.05,0.3,final,out,9,0.025647057269334216,12,0.0019565317380799588
kimi,kimi_add_rho0.05_wd0.3_tiersNone,1001,add,0.05,0.3,final,out,10,0.03770655806355184,2,0.0019565317380799588
kimi,kimi_add_rho0.05_wd0.3_tiersNone,1001,add,0.05,0.3,final,out,11,0.029291304854142098,6,0.0019565317380799588
kimi,kimi_add_rho0.05_wd0.3_tiersNone,1001,add,0.05,0.3,final,out,12,0.030221725029783913,4,0.0019565317380799588
kimi,kimi_add_rho0.05_wd0.3_tiersNone,1001,add,0.05,0.3,final,out,13,0.003446497079603251,50,0.0019565317380799588
kimi,kimi_add_rho0.05_wd0.3_tiersNone,1001,add,0.05,0.3,final,out,14,0.02710846828514994,7,0.0019565317380799588
kimi,kimi_add_rho0.05_wd0.3_tiersNone,1001,add,0.05,0.3,final,out,15,0.004669414030757259,44,0.0019565317380799588
kimi,kimi_add_rho0.05_wd0.3_tiersNone,1001,add,0.05,0.3,final,out,16,0.01917572761542821,26,0.0019565317380799588
kimi,kimi_add_rho0.05_wd0.3_tiersNone,1001,add,0.05,0.3,final,out,17,0.026375366699510478,9,0.0019565317380799588
kimi,kimi_add_rho0.05_wd0.3_tiersNone,1001,add,0.05,0.3,final,out,18,0.005718506503514028,42,0.0019565317380799588
kimi,kimi_add_rho0.05_wd0.3_tiersNone,1001,add,0.05,0.3,final,out,19,0.003319350501444581,53,0.0019565317380799588
kimi,kimi_add_rho0.05_wd0.3_tiersNone,1001,add,0.05,0.3,final,out,20,0.015148544533113897,34,0.0019565317380799588
kimi,kimi_add_rho0.05_wd0.3_tiersNone,1001,add,0.05,0.3,final,out,21,0.004696878477875391,43,0.0019565317380799588
kimi,kimi_add_rho0.05_wd0.3_tiersNone,1001,add,0.05,0.3,final,out,22,0.01660759125045261,30,0.0019565317380799588
kimi,kimi_add_rho0.05_wd0.3_tiersNone,1001,add,0.05,0.3,final,out,23,0.00322775693878407,59,0.0019565317380799588
kimi,kimi_add_rho0.05_wd0.3_tiersNone,1001,add,0.05,0.3,final,out,24,0.01750034487449257,29,0.0019565317380799588
kimi,kimi_add_rho0.05_wd0.3_tiersNone,1001,add,0.05,0.3,final,out,25,0.003209706990375182,60,0.0019565317380799588
kimi,kimi_add_rho0.05_wd0.3_tiersNone,1001,add,0.05,0.3,final,out,26,0.013465826013543347,37,0.0019565317380799588
kimi,kimi_add_rho0.05_wd0.3_tiersNone,1001,add,0.05,0.3,final,out,27,0.0220583092647622,21,0.0019565317380799588
kimi,kimi_add_rho0.05_wd0.3_tiersNone,1001,add,0.05,0.3,final,out,28,0.02665468568840356,8,0.0019565317380799588
kimi,kimi_add_rho0.05_wd0.3_tiersNone,1001,add,0.05,0.3,final,out,29,0.03394035948646616,3,0.0019565317380799588
kimi,kimi_add_rho0.05_wd0.3_tiersNone,1001,add,0.05,0.3,final,out,30,0.0029593018373398777,65,0.0019565317380799588
kimi,kimi_add_rho0.05_wd0.3_tiersNone,1001,add,0.05,0.3,final,out,31,0.020647013157848466,23,0.0019565317380799588
kimi,kimi_add_rho0.05_wd0.3_tiersNone,1001,add,0.05,0.3,final,out,32,0.003765909150286854,49,0.0019565317380799588
kimi,kimi_add_rho0.05_wd0.3_tiersNone,1001,add,0.05,0.3,final,out,33,0.02402766232394734,17,0.0019565317380799588
kimi,kimi_add_rho0.05_wd0.3_tiersNone,1001,add,0.05,0.3,final,out,34,0.011664851376203864,38,0.0019565317380799588
kimi,kimi_add_rho0.05_wd0.3_tiersNone,1001,add,0.05,0.3,final,out,35,0.020333484676772987,24,0.0019565317380799588
kimi,kimi_add_rho0.05_wd0.3_tiersNone,1001,add,0.05,0.3,final,out,36,0.003317561946343179,54,0.0019565317380799588
kimi,kimi_add_rho0.05_wd0.3_tiersNone,1001,add,0.05,0.3,final,out,37,0.002930131403220079,67,0.0019565317380799588
kimi,kimi_add_rho0.05_wd0.3_tiersNone,1001,add,0.05,0.3,final,out,38,0.025562851490529753,13,0.0019565317380799588
kimi,kimi_add_rho0.05_wd0.3_tiersNone,1001,add,0.05,0.3,final,out,39,0.01371717313634422,36,0.0019565317380799588
kimi,kimi_add_rho0.05_wd0.3_tiersNone,1001,add,0.05,0.3,final,out,40,0.0042852736620038415,46,0.0019565317380799588
kimi,kimi_add_rho0.05_wd0.3_tiersNone,1001,add,0.05,0.3,final,out,41,0.014943985177103002,35,0.0019565317380799588
kimi,kimi_add_rho0.05_wd0.3_tiersNone,1001,add,0.05,0.3,final,out,42,0.02171156960485512,22,0.0019565317380799588
kimi,kimi_add_rho0.05_wd0.3_tiersNone,1001,add,0.05,0.3,final,out,43,0.0031460251239049633,61,0.0019565317380799588
kimi,kimi_add_rho0.05_wd0.3_tiersNone,1001,add,0.05,0.3,final,out,44,0.03926949597863869,1,0.0019565317380799588
kimi,kimi_add_rho0.05_wd0.3_tiersNone,1001,add,0.05,0.3,final,out,45,0.0033315820083453128,52,0.0019565317380799588
kimi,kimi_add_rho0.05_wd0.3_tiersNone,1001,add,0.05,0.3,final,out,46,0.002764657924371037,70,0.0019565317380799588
kimi,kimi_add_rho0.05_wd0.3_tiersNone,1001,add,0.05,0.3,final,out,47,0.018329544370268788,28,0.0019565317380799588
kimi,kimi_add_rho0.05_wd0.3_tiersNone,1001,add,0.05,0.3,final,out,48,0.0026992002367587082,71,0.0019565317380799588
kimi,kimi_add_rho0.05_wd0.3_tiersNone,1001,add,0.05,0.3,final,out,49,0.024260763964553272,16,0.0019565317380799588
kimi,kimi_add_rho0.05_wd0.3_tiersNone,1001,add,0.05,0.3,final,out,50,0.02342166906739338,20,0.0019565317380799588
kimi,kimi_add_rho0.05_wd0.3_tiersNone,1001,add,0.05,0.3,final,out,51,0.02528545455113553,14,0.0019565317380799588
kimi,kimi_add_rho0.05_wd0.3_tiersNone,1001,add,0.05,0.3,final,out,52,0.016256913501750417,31,0.0019565317380799588
kimi,kimi_add_rho0.05_wd0.3_tiersNone,1001,add,0.05,0.3,final,out,53,0.023753489679013647,18,0.0019565317380799588
kimi,kimi_add_rho0.05_wd0.3_tiersNone,1001,add,0.05,0.3,final,out,54,0.003267773849730135,57,0.0019565317380799588
kimi,kimi_add_rho0.05_wd0.3_tiersNone,1001,add,0.05,0.3,final,out,55,0.007046480673406376,40,0.0019565317380799588
kimi,kimi_add_rho0.05_wd0.3_tiersNone,1001,add,0.05,0.3,final,out,56,0.003947578663483936,48,0.0019565317380799588
kimi,kimi_add_rho0.05_wd0.3_tiersNone,1001,add,0.05,0.3,final,out,57,0.002515193309534279,73,0.0019565317380799588
kimi,kimi_add_rho0.05_wd0.3_tiersNone,1001,add,0.05,0.3,final,out,58,0.0029289734191522343,68,0.0019565317380799588
kimi,kimi_add_rho0.05_wd0.3_tiersNone,1001,add,0.05,0.3,final,out,59,0.026374131330668762,10,0.0019565317380799588
kimi,kimi_add_rho0.05_wd0.3_tiersNone,1001,add,0.05,0.3,final,out,60,0.0027968470641225743,69,0.0019565317380799588
kimi,kimi_add_rho0.05_wd0.3_tiersNone,1001,add,0.05,0.3,final,out,61,0.015693615226905423,33,0.0019565317380799588
kimi,kimi_add_rho0.05_wd0.3_tiersNone,1001,add,0.05,0.3,final,out,62,0.004200861969318334,47,0.0019565317380799588
kimi,kimi_add_rho0.05_wd0.3_tiersNone,1001,add,0.05,0.3,final,out,63,0.0033112792410910892,55,0.0019565317380799588
kimi,kimi_add_rho0.05_wd0.3_tiersNone,1001,add,0.05,0.3,final,out,64,0.025973494992622914,11,0.0019565317380799588
kimi,kimi_add_rho0.05_wd0.3_tiersNone,1001,add,0.05,0.3,final,out,65,0.0024626101312739384,74,0.0019565317380799588
kimi,kimi_add_rho0.05_wd0.3_tiersNone,1001,add,0.05,0.3,final,out,66,0.006757677165470752,41,0.0019565317380799588
kimi,kimi_add_rho0.05_wd0.3_tiersNone,1001,add,0.05,0.3,final,out,67,0.0029304451946162006,66,0.0019565317380799588
kimi,kimi_add_rho0.05_wd0.3_tiersNone,1001,add,0.05,0.3,final,out,68,0.02363203184707148,19,0.0019565317380799588
kimi,kimi_add_rho0.05_wd0.3_tiersNone,1001,add,0.05,0.3,final,out,69,0.024784667225595143,15,0.0019565317380799588
kimi,kimi_add_rho0.05_wd0.3_tiersNone,1001,add,0.05,0.3,final,out,70,0.0033086112119581138,56,0.0019565317380799588
kimi,kimi_add_rho0.05_wd0.3_tiersNone,1001,add,0.05,0.3,final,out,71,0.0031087836972757037,62,0.0019565317380799588
kimi,kimi_add_rho0.05_wd0.3_tiersNone,1001,add,0.05,0.3,final,out,72,0.015836724586494794,32,0.0019565317380799588
kimi,kimi_add_rho0.05_wd0.3_tiersNone,1001,add,0.05,0.3,final,out,73,0.009266555636223918,39,0.0019565317380799588
kimi,kimi_add_rho0.05_wd0.3_tiersNone,1001,add,0.05,0.3,final,out,74,0.0026815288872176226,72,0.0019565317380799588
kimi,kimi_add_rho0.05_wd0.3_tiersNone,1002,add,0.05,0.3,final,in,1,0.006088141197146531,48,0.0031133275103584213
kimi,kimi_add_rho0.05_wd0.3_tiersNone,1002,add,0.05,0.3,final,in,2,0.0052009447106277406,65,0.0031133275103584213
kimi,kimi_add_rho0.05_wd0.3_tiersNone,1002,add,0.05,0.3,final,in,3,0.07189406108211434,4,0.0031133275103584213
kimi,kimi_add_rho0.05_wd0.3_tiersNone,1002,add,0.05,0.3,final,in,4,0.005490761490291756,58,0.0031133275103584213
kimi,kimi_add_rho0.05_wd0.3_tiersNone,1002,add,0.05,0.3,final,in,5,0.003833590946449091,74,0.0031133275103584213
kimi,kimi_add_rho0.05_wd0.3_tiersNone,1002,add,0.05,0.3,final,in,6,0.010540343963180586,11,0.0031133275103584213
kimi,kimi_add_rho0.05_wd0.3_tiersNone,1002,add,0.05,0.3,final,in,7,0.005562215977376448,57,0.0031133275103584213
kimi,kimi_add_rho0.05_wd0.3_tiersNone,1002,add,0.05,0.3,final,in,8,0.004983190126036556,70,0.0031133275103584213
kimi,kimi_add_rho0.05_wd0.3_tiersNone,1002,add,0.05,0.3,final,in,9,0.005673979034161732,54,0.0031133275103584213
kimi,kimi_add_rho0.05_wd0.3_tiersNone,1002,add,0.05,0.3,final,in,10,0.005380593041986055,63,0.0031133275103584213
kimi,kimi_add_rho0.05_wd0.3_tiersNone,1002,add,0.05,0.3,final,in,11,0.008269009347227964,17,0.0031133275103584213
kimi,kimi_add_rho0.05_wd0.3_tiersNone,1002,add,0.05,0.3,final,in,12,0.07839515863796395,3,0.0031133275103584213
kimi,kimi_add_rho0.05_wd0.3_tiersNone,1002,add,0.05,0.3,final,in,13,0.007203573218334661,27,0.0031133275103584213
kimi,kimi_add_rho0.05_wd0.3_tiersNone,1002,add,0.05,0.3,final,in,14,0.006655597452852559,33,0.0031133275103584213
kimi,kimi_add_rho0.05_wd0.3_tiersNone,1002,add,0.05,0.3,final,in,15,0.00797392748501807,20,0.0031133275103584213
kimi,kimi_add_rho0.05_wd0.3_tiersNone,1002,add,0.05,0.3,final,in,16,0.006384048112813892,40,0.0031133275103584213
kimi,kimi_add_rho0.05_wd0.3_tiersNone,1002,add,0.05,0.3,final,in,17,0.008094113997671529,18,0.0031133275103584213
kimi,kimi_add_rho0.05_wd0.3_tiersNone,1002,add,0.05,0.3,final,in,18,0.005453479264318715,60,0.0031133275103584213
kimi,kimi_add_rho0.05_wd0.3_tiersNone,1002,add,0.05,0.3,final,in,19,0.006285313414571263,43,0.0031133275103584213
kimi,kimi_add_rho0.05_wd0.3_tiersNone,1002,add,0.05,0.3,final,in,20,0.006020640184964291,49,0.0031133275103584213
kimi,kimi_add_rho0.05_wd0.3_tiersNone,1002,add,0.05,0.3,final,in,21,0.005193459613803843,66,0.0031133275103584213
kimi,kimi_add_rho0.05_wd0.3_tiersNone,1002,add,0.05,0.3,final,in,22,0.006888105505686681,30,0.0031133275103584213
kimi,kimi_add_rho0.05_wd0.3_tiersNone,1002,add,0.05,0.3,final,in,23,0.005585250516630903,56,0.0031133275103584213
kimi,kimi_add_rho0.05_wd0.3_tiersNone,1002,add,0.05,0.3,final,in,24,0.0064064797102759965,39,0.0031133275103584213
kimi,kimi_add_rho0.05_wd0.3_tiersNone,1002,add,0.05,0.3,final,in,25,0.007852477117119378,21,0.0031133275103584213
kimi,kimi_add_rho0.05_wd0.3_tiersNone,1002,add,0.05,0.3,final,in,26,0.005143891750808219,67,0.0031133275103584213
kimi,kimi_add_rho0.05_wd0.3_tiersNone,1002,add,0.05,0.3,final,in,27,0.006623322489335736,34,0.0031133275103584213
kimi,kimi_add_rho0.05_wd0.3_tiersNone,1002,add,0.05,0.3,final,in,28,0.05609207170327672,7,0.0031133275103584213
kimi,kimi_add_rho0.05_wd0.3_tiersNone,1002,add,0.05,0.3,final,in,29,0.006771465933222236,32,0.0031133275103584213
kimi,kimi_add_rho0.05_wd0.3_tiersNone,1002,add,0.05,0.3,final,in,30,0.0061274714961355205,47,0.0031133275103584213
kimi,kimi_add_rho0.05_wd0.3_tiersNone,1002,add,0.05,0.3,final,in,31,0.009590693456880049,12,0.0031133275103584213
kimi,kimi_add_rho0.05_wd0.3_tiersNone,1002,add,0.05,0.3,final,in,32,0.007351979717366095,23,0.0031133275103584213
kimi,kimi_add_rho0.05_wd0.3_tiersNone,1002,add,0.05,0.3,final,in,33,0.09400950585003816,1,0.0031133275103584213
kimi,kimi_add_rho0.05_wd0.3_tiersNone,1002,add,0.05,0.3,final,in,34,0.005683831736797554,53,0.0031133275103584213
kimi,kimi_add_rho0.05_wd0.3_tiersNone,1002,add,0.05,0.3,final,in,35,0.008572491842495897,16,0.0031133275103584213
kimi,kimi_add_rho0.05_wd0.3_tiersNone,1002,add,0.05,0.3,final,in,36,0.005462875896870467,59,0.0031133275103584213
kimi,kimi_add_rho0.05_wd0.3_tiersNone,1002,add,0.05,0.3,final,in,37,0.006194537675320419,46,0.0031133275103584213
kimi,kimi_add_rho0.05_wd0.3_tiersNone,1002,add,0.05,0.3,final,in,38,0.08321490803855139,2,0.0031133275103584213
kimi,kimi_add_rho0.05_wd0.3_tiersNone,1002,add,0.05,0.3,final,in,39,0.005413729076778959,61,0.0031133275103584213
kimi,kimi_add_rho0.05_wd0.3_tiersNone,1002,add,0.05,0.3,final,in,40,0.006564736589057069,35,0.0031133275103584213
kimi,kimi_add_rho0.05_wd0.3_tiersNone,1002,add,0.05,0.3,final,in,41,0.00858414698623407,15,0.0031133275103584213
kimi,kimi_add_rho0.05_wd0.3_tiersNone,1002,add,0.05,0.3,final,in,42,0.0070651322186699944,29,0.0031133275103584213
kimi,kimi_add_rho0.05_wd0.3_tiersNone,1002,add,0.05,0.3,final,in,43,0.004767444345064703,71,0.0031133275103584213
kimi,kimi_add_rho0.05_wd0.3_tiersNone,1002,add,0.05,0.3,final,in,44,0.060714786124825004,6,0.0031133275103584213
kimi,kimi_add_rho0.05_wd0.3_tiersNone,1002,add,0.05,0.3,final,in,45,0.005122761731482611,68,0.0031133275103584213
kimi,kimi_add_rho0.05_wd0.3_tiersNone,1002,add,0.05,0.3,final,in,46,0.00800041033579078,19,0.0031133275103584213
kimi,kimi_add_rho0.05_wd0.3_tiersNone,1002,add,0.05,0.3,final,in,47,0.008681857086254893,14,0.0031133275103584213
kimi,kimi_add_rho0.05_wd0.3_tiersNone,1002,add,0.05,0.3,final,in,48,0.0072938304233840495,25,0.0031133275103584213
kimi,kimi_add_rho0.05_wd0.3_tiersNone,1002,add,0.05,0.3,final,in,49,0.004708065886142468,73,0.0031133275103584213
kimi,kimi_add_rho0.05_wd0.3_tiersNone,1002,add,0.05,0.3,final,in,50,0.006281969211594464,44,0.0031133275103584213
kimi,kimi_add_rho0.05_wd0.3_tiersNone,1002,add,0.05,0.3,final,in,51,0.00540493945354814,62,0.0031133275103584213
kimi,kimi_add_rho0.05_wd0.3_tiersNone,1002,add,0.05,0.3,final,in,52,0.004736336184641722,72,0.0031133275103584213
kimi,kimi_add_rho0.05_wd0.3_tiersNone,1002,add,0.05,0.3,final,in,53,0.006478636041454927,37,0.0031133275103584213
kimi,kimi_add_rho0.05_wd0.3_tiersNone,1002,add,0.05,0.3,final,in,54,0.005305703731613934,64,0.0031133275103584213
kimi,kimi_add_rho0.05_wd0.3_tiersNone,1002,add,0.05,0.3,final,in,55,0.007226206066607632,26,0.0031133275103584213
kimi,kimi_add_rho0.05_wd0.3_tiersNone,1002,add,0.05,0.3,final,in,56,0.01268081988649636,10,0.0031133275103584213
kimi,kimi_add_rho0.05_wd0.3_tiersNone,1002,add,0.05,0.3,final,in,57,0.06129913887426221,5,0.0031133275103584213
kimi,kimi_add_rho0.05_wd0.3_tiersNone,1002,add,0.05,0.3,final,in,58,0.006259632056812338,45,0.0031133275103584213
kimi,kimi_add_rho0.05_wd0.3_tiersNone,1002,add,0.05,0.3,final,in,59,0.05232829069510896,8,0.0031133275103584213
kimi,kimi_add_rho0.05_wd0.3_tiersNone,1002,add,0.05,0.3,final,in,60,0.006434132479459568,38,0.0031133275103584213
kimi,kimi_add_rho0.05_wd0.3_tiersNone,1002,add,0.05,0.3,final,in,61,0.01556805206173282,9,0.0031133275103584213
kimi,kimi_add_rho0.05_wd0.3_tiersNone,1002,add,0.05,0.3,final,in,62,0.006302329855236788,42,0.0031133275103584213
kimi,kimi_add_rho0.05_wd0.3_tiersNone,1002,add,0.05,0.3,final,in,63,0.007548235726157497,22,0.0031133275103584213
kimi,kimi_add_rho0.05_wd0.3_tiersNone,1002,add,0.05,0.3,final,in,64,0.0065021995068582725,36,0.0031133275103584213
kimi,kimi_add_rho0.05_wd0.3_tiersNone,1002,add,0.05,0.3,final,in,65,0.006362202485158523,41,0.0031133275103584213
kimi,kimi_add_rho0.05_wd0.3_tiersNone,1002,add,0.05,0.3,final,in,66,0.00571962747087738,52,0.0031133275103584213
kimi,kimi_add_rho0.05_wd0.3_tiersNone,1002,add,0.05,0.3,final,in,67,0.007170466178571818,28,0.0031133275103584213
kimi,kimi_add_rho0.05_wd0.3_tiersNone,1002,add,0.05,0.3,final,in,68,0.005636895461699952,55,0.0031133275103584213
kimi,kimi_add_rho0.05_wd0.3_tiersNone,1002,add,0.05,0.3,final,in,69,0.0050110804954027555,69,0.0031133275103584213
kimi,kimi_add_rho0.05_wd0.3_tiersNone,1002,add,0.05,0.3,final,in,70,0.006784367472493909,31,0.0031133275103584213
kimi,kimi_add_rho0.05_wd0.3_tiersNone,1002,add,0.05,0.3,final,in,71,0.005897858701458629,50,0.0031133275103584213
kimi,kimi_add_rho0.05_wd0.3_tiersNone,1002,add,0.05,0.3,final,in,72,0.008779169051805593,13,0.0031133275103584213
kimi,kimi_add_rho0.05_wd0.3_tiersNone,1002,add,0.05,0.3,final,in,73,0.0058899194973595055,51,0.0031133275103584213
kimi,kimi_add_rho0.05_wd0.3_tiersNone,1002,add,0.05,0.3,final,in,74,0.007327387814178989,24,0.0031133275103584213
kimi,kimi_add_rho0.05_wd0.3_tiersNone,1002,add,0.05,0.3,final,out,1,0.0028190178967851223,60,0.002211869017016956
kimi,kimi_add_rho0.05_wd0.3_tiersNone,1002,add,0.05,0.3,final,out,2,0.0027637541143897917,63,0.002211869017016956
kimi,kimi_add_rho0.05_wd0.3_tiersNone,1002,add,0.05,0.3,final,out,3,0.10266811374112582,2,0.002211869017016956
kimi,kimi_add_rho0.05_wd0.3_tiersNone,1002,add,0.05,0.3,final,out,4,0.0028687505428423494,57,0.002211869017016956
kimi,kimi_add_rho0.05_wd0.3_tiersNone,1002,add,0.05,0.3,final,out,5,0.004876926478877877,18,0.002211869017016956
kimi,kimi_add_rho0.05_wd0.3_tiersNone,1002,add,0.05,0.3,final,out,6,0.006410350670889875,13,0.002211869017016956
kimi,kimi_add_rho0.05_wd0.3_tiersNone,1002,add,0.05,0.3,final,out,7,0.0033591967756244575,42,0.002211869017016956
kimi,kimi_add_rho0.05_wd0.3_tiersNone,1002,add,0.05,0.3,final,out,8,0.002815311593203889,62,0.002211869017016956
kimi,kimi_add_rho0.05_wd0.3_tiersNone,1002,add,0.05,0.3,final,out,9,0.0027392111575611556,64,0.002211869017016956
kimi,kimi_add_rho0.05_wd0.3_tiersNone,1002,add,0.05,0.3,final,out,10,0.0031629418344539836,52,0.002211869017016956
kimi,kimi_add_rho0.05_wd0.3_tiersNone,1002,add,0.05,0.3,final,out,11,0.04778595983986722,9,0.002211869017016956
kimi,kimi_add_rho0.05_wd0.3_tiersNone,1002,add,0.05,0.3,final,out,12,0.10028567370409781,3,0.002211869017016956
kimi,kimi_add_rho0.05_wd0.3_tiersNone,1002,add,0.05,0.3,final,out,13,0.004688991939675011,20,0.002211869017016956
kimi,kimi_add_rho0.05_wd0.3_tiersNone,1002,add,0.05,0.3,final,out,14,0.0032104957009474336,50,0.002211869017016956
kimi,kimi_add_rho0.05_wd0.3_tiersNone,1002,add,0.05,0.3,final,out,15,0.0026309983948308436,71,0.002211869017016956
kimi,kimi_add_rho0.05_wd0.3_tiersNone,1002,add,0.05,0.3,final,out,16,0.005799840369353276,15,0.002211869017016956
kimi,kimi_add_rho0.05_wd0.3_tiersNone,1002,add,0.05,0.3,final,out,17,0.002632662738153459,70,0.002211869017016956
kimi,kimi_add_rho0.05_wd0.3_tiersNone,1002,add,0.05,0.3,final,out,18,0.0028158047253437134,61,0.002211869017016956
kimi,kimi_add_rho0.05_wd0.3_tiersNone,1002,add,0.05,0.3,final,out,19,0.0032635736878852653,48,0.002211869017016956
kimi,kimi_add_rho0.05_wd0.3_tiersNone,1002,add,0.05,0.3,final,out,20,0.003872306068863949,25,0.002211869017016956
kimi,kimi_add_rho0.05_wd0.3_tiersNone,1002,add,0.05,0.3,final,out,21,0.00338290142815875,40,0.002211869017016956
kimi,kimi_add_rho0.05_wd0.3_tiersNone,1002,add,0.05,0.3,final,out,22,0.003048677829540273,53,0.002211869017016956
kimi,kimi_add_rho0.05_wd0.3_tiersNone,1002,add,0.05,0.3,final,out,23,0.0032087230257594698,51,0.002211869017016956
kimi,kimi_add_rho0.05_wd0.3_tiersNone,1002,add,0.05,0.3,final,out,24,0.0036812540313893535,29,0.002211869017016956
kimi,kimi_add_rho0.05_wd0.3_tiersNone,1002,add,0.05,0.3,final,out,25,0.0034205889843965057,37,0.002211869017016956
kimi,kimi_add_rho0.05_wd0.3_tiersNone,1002,add,0.05,0.3,final,out,26,0.0028245758528865025,59,0.002211869017016956
kimi,kimi_add_rho0.05_wd0.3_tiersNone,1002,add,0.05,0.3,final,out,27,0.003343206851562629,44,0.002211869017016956
kimi,kimi_add_rho0.05_wd0.3_tiersNone,1002,add,0.05,0.3,final,out,28,0.07497675205275069,5,0.002211869017016956
kimi,kimi_add_rho0.05_wd0.3_tiersNone,1002,add,0.05,0.3,final,out,29,0.004077521866744932,23,0.002211869017016956
kimi,kimi_add_rho0.05_wd0.3_tiersNone,1002,add,0.05,0.3,final,out,30,0.004439975690772192,21,0.002211869017016956
kimi,kimi_add_rho0.05_wd0.3_tiersNone,1002,add,0.05,0.3,final,out,31,0.0028911789229273915,55,0.002211869017016956
kimi,kimi_add_rho0.05_wd0.3_tiersNone,1002,add,0.05,0.3,final,out,32,0.005780470587129829,16,0.002211869017016956
kimi,kimi_add_rho0.05_wd0.3_tiersNone,1002,add,0.05,0.3,final,out,33,0.0539358438693877,8,0.002211869017016956
kimi,kimi_add_rho0.05_wd0.3_tiersNone,1002,add,0.05,0.3,final,out,34,0.003484783554971774,36,0.002211869017016956
kimi,kimi_add_rho0.05_wd0.3_tiersNone,1002,add,0.05,0.3,final,out,35,0.0030189069018370517,54,0.002211869017016956
kimi,kimi_add_rho0.05_wd0.3_tiersNone,1002,add,0.05,0.3,final,out,36,0.0032505122311955966,49,0.002211869017016956
kimi,kimi_add_rho0.05_wd0.3_tiersNone,1002,add,0.05,0.3,final,out,37,0.003314434718147533,45,0.002211869017016956
kimi,kimi_add_rho0.05_wd0.3_tiersNone,1002,add,0.05,0.3,final,out,38,0.1052176843793566,1,0.002211869017016956
kimi,kimi_add_rho0.05_wd0.3_tiersNone,1002,add,0.05,0.3,final,out,39,0.0027056946424488153,67,0.002211869017016956
kimi,kimi_add_rho0.05_wd0.3_tiersNone,1002,add,0.05,0.3,final,out,40,0.00351465351168557,33,0.002211869017016956
kimi,kimi_add_rho0.05_wd0.3_tiersNone,1002,add,0.05,0.3,final,out,41,0.0025603346854998683,72,0.002211869017016956
kimi,kimi_add_rho0.05_wd0.3_tiersNone,1002,add,0.05,0.3,final,out,42,0.003781517522765677,27,0.002211869017016956
kimi,kimi_add_rho0.05_wd0.3_tiersNone,1002,add,0.05,0.3,final,out,43,0.003593335713877437,31,0.002211869017016956
kimi,kimi_add_rho0.05_wd0.3_tiersNone,1002,add,0.05,0.3,final,out,44,0.0630813607104028,7,0.002211869017016956
kimi,kimi_add_rho0.05_wd0.3_tiersNone,1002,add,0.05,0.3,final,out,45,0.00266512718584794,68,0.002211869017016956
kimi,kimi_add_rho0.05_wd0.3_tiersNone,1002,add,0.05,0.3,final,out,46,0.0033076326336917636,46,0.002211869017016956
kimi,kimi_add_rho0.05_wd0.3_tiersNone,1002,add,0.05,0.3,final,out,47,0.004266035424456417,22,0.002211869017016956
kimi,kimi_add_rho0.05_wd0.3_tiersNone,1002,add,0.05,0.3,final,out,48,0.005654678142566876,17,0.002211869017016956
kimi,kimi_add_rho0.05_wd0.3_tiersNone,1002,add,0.05,0.3,final,out,49,0.0027155728215284584,66,0.002211869017016956
kimi,kimi_add_rho0.05_wd0.3_tiersNone,1002,add,0.05,0.3,final,out,50,0.003497007214343422,35,0.002211869017016956
kimi,kimi_add_rho0.05_wd0.3_tiersNone,1002,add,0.05,0.3,final,out,51,0.0037094730685049487,28,0.002211869017016956
kimi,kimi_add_rho0.05_wd0.3_tiersNone,1002,add,0.05,0.3,final,out,52,0.003377419356681827,41,0.002211869017016956
kimi,kimi_add_rho0.05_wd0.3_tiersNone,1002,add,0.05,0.3,final,out,53,0.003300009666547942,47,0.002211869017016956
kimi,kimi_add_rho0.05_wd0.3_tiersNone,1002,add,0.05,0.3,final,out,54,0.002327063242079858,73,0.002211869017016956
kimi,kimi_add_rho0.05_wd0.3_tiersNone,1002,add,0.05,0.3,final,out,55,0.003790963994891806,26,0.002211869017016956
kimi,kimi_add_rho0.05_wd0.3_tiersNone,1002,add,0.05,0.3,final,out,56,0.006088622747781089,14,0.002211869017016956
kimi,kimi_add_rho0.05_wd0.3_tiersNone,1002,add,0.05,0.3,final,out,57,0.08945258215678213,4,0.002211869017016956
kimi,kimi_add_rho0.05_wd0.3_tiersNone,1002,add,0.05,0.3,final,out,58,0.0028738636349999107,56,0.002211869017016956
kimi,kimi_add_rho0.05_wd0.3_tiersNone,1002,add,0.05,0.3,final,out,59,0.063821756975722,6,0.002211869017016956
kimi,kimi_add_rho0.05_wd0.3_tiersNone,1002,add,0.05,0.3,final,out,60,0.002245999054125407,74,0.002211869017016956
kimi,kimi_add_rho0.05_wd0.3_tiersNone,1002,add,0.05,0.3,final,out,61,0.03553400086278894,11,0.002211869017016956
kimi,kimi_add_rho0.05_wd0.3_tiersNone,1002,add,0.05,0.3,final,out,62,0.0026559789844516997,69,0.002211869017016956
kimi,kimi_add_rho0.05_wd0.3_tiersNone,1002,add,0.05,0.3,final,out,63,0.004786510550319315,19,0.002211869017016956
kimi,kimi_add_rho0.05_wd0.3_tiersNone,1002,add,0.05,0.3,final,out,64,0.0028549793931994106,58,0.002211869017016956
kimi,kimi_add_rho0.05_wd0.3_tiersNone,1002,add,0.05,0.3,final,out,65,0.0035331056030174293,32,0.002211869017016956
kimi,kimi_add_rho0.05_wd0.3_tiersNone,1002,add,0.05,0.3,final,out,66,0.003939632374753898,24,0.002211869017016956
kimi,kimi_add_rho0.05_wd0.3_tiersNone,1002,add,0.05,0.3,final,out,67,0.006520978103142208,12,0.002211869017016956
kimi,kimi_add_rho0.05_wd0.3_tiersNone,1002,add,0.05,0.3,final,out,68,0.0034073285520116797,39,0.002211869017016956
kimi,kimi_add_rho0.05_wd0.3_tiersNone,1002,add,0.05,0.3,final,out,69,0.0034119986919792632,38,0.002211869017016956
kimi,kimi_add_rho0.05_wd0.3_tiersNone,1002,add,0.05,0.3,final,out,70,0.003358895723068496,43,0.002211869017016956
kimi,kimi_add_rho0.05_wd0.3_tiersNone,1002,add,0.05,0.3,final,out,71,0.0034979204348450843,34,0.002211869017016956
kimi,kimi_add_rho0.05_wd0.3_tiersNone,1002,add,0.05,0.3,final,out,72,0.0390075081614844,10,0.002211869017016956
kimi,kimi_add_rho0.05_wd0.3_tiersNone,1002,add,0.05,0.3,final,out,73,0.002724872390340433,65,0.002211869017016956
kimi,kimi_add_rho0.05_wd0.3_tiersNone,1002,add,0.05,0.3,final,out,74,0.0036677113136788036,30,0.002211869017016956
kimi,kimi_add_rho0_wd0.1_tiersNone,1000,add,0.0,0.1,final,in,1,0.005402223544265388,67,0.0019757040311047798
kimi,kimi_add_rho0_wd0.1_tiersNone,1000,add,0.0,0.1,final,in,2,0.004756533542093711,72,0.0019757040311047798
kimi,kimi_add_rho0_wd0.1_tiersNone,1000,add,0.0,0.1,final,in,3,0.007199839842855153,50,0.0019757040311047798
kimi,kimi_add_rho0_wd0.1_tiersNone,1000,add,0.0,0.1,final,in,4,0.008828283402471285,32,0.0019757040311047798
kimi,kimi_add_rho0_wd0.1_tiersNone,1000,add,0.0,0.1,final,in,5,0.007980434437310635,36,0.0019757040311047798
kimi,kimi_add_rho0_wd0.1_tiersNone,1000,add,0.0,0.1,final,in,6,0.0068655246844184625,52,0.0019757040311047798
kimi,kimi_add_rho0_wd0.1_tiersNone,1000,add,0.0,0.1,final,in,7,0.08664685362834468,2,0.0019757040311047798
kimi,kimi_add_rho0_wd0.1_tiersNone,1000,add,0.0,0.1,final,in,8,0.028216948794896758,6,0.0019757040311047798
kimi,kimi_add_rho0_wd0.1_tiersNone,1000,add,0.0,0.1,final,in,9,0.008665396985160695,33,0.0019757040311047798
kimi,kimi_add_rho0_wd0.1_tiersNone,1000,add,0.0,0.1,final,in,10,0.006380461895098694,55,0.0019757040311047798
kimi,kimi_add_rho0_wd0.1_tiersNone,1000,add,0.0,0.1,final,in,11,0.009429616381775714,26,0.0019757040311047798
kimi,kimi_add_rho0_wd0.1_tiersNone,1000,add,0.0,0.1,final,in,12,0.006337671652717518,57,0.0019757040311047798
kimi,kimi_add_rho0_wd0.1_tiersNone,1000,add,0.0,0.1,final,in,13,0.011377358364151973,14,0.0019757040311047798
kimi,kimi_add_rho0_wd0.1_tiersNone,1000,add,0.0,0.1,final,in,14,0.009811075563101339,19,0.0019757040311047798
kimi,kimi_add_rho0_wd0.1_tiersNone,1000,add,0.0,0.1,final,in,15,0.011708542552644311,12,0.0019757040311047798
kimi,kimi_add_rho0_wd0.1_tiersNone,1000,add,0.0,0.1,final,in,16,0.007794822737837857,38,0.0019757040311047798
kimi,kimi_add_rho0_wd0.1_tiersNone,1000,add,0.0,0.1,final,in,17,0.005637153115978343,65,0.0019757040311047798
kimi,kimi_add_rho0_wd0.1_tiersNone,1000,add,0.0,0.1,final,in,18,0.0038490690840731604,74,0.0019757040311047798
kimi,kimi_add_rho0_wd0.1_tiersNone,1000,add,0.0,0.1,final,in,19,0.009707533533501306,23,0.0019757040311047798
kimi,kimi_add_rho0_wd0.1_tiersNone,1000,add,0.0,0.1,final,in,20,0.009089957128497016,27,0.0019757040311047798
kimi,kimi_add_rho0_wd0.1_tiersNone,1000,add,0.0,0.1,final,in,21,0.006301395428596298,60,0.0019757040311047798
kimi,kimi_add_rho0_wd0.1_tiersNone,1000,add,0.0,0.1,final,in,22,0.005313096701778935,68,0.0019757040311047798
kimi,kimi_add_rho0_wd0.1_tiersNone,1000,add,0.0,0.1,final,in,23,0.011548386483058209,13,0.0019757040311047798
kimi,kimi_add_rho0_wd0.1_tiersNone,1000,add,0.0,0.1,final,in,24,0.012972190553183743,10,0.0019757040311047798
kimi,kimi_add_rho0_wd0.1_tiersNone,1000,add,0.0,0.1,final,in,25,0.007213803277570637,49,0.0019757040311047798
kimi,kimi_add_rho0_wd0.1_tiersNone,1000,add,0.0,0.1,final,in,26,0.00795462508913139,37,0.0019757040311047798
kimi,kimi_add_rho0_wd0.1_tiersNone,1000,add,0.0,0.1,final,in,27,0.00973072449500626,22,0.0019757040311047798
kimi,kimi_add_rho0_wd0.1_tiersNone,1000,add,0.0,0.1,final,in,28,0.007748876173944839,39,0.0019757040311047798
kimi,kimi_add_rho0_wd0.1_tiersNone,1000,add,0.0,0.1,final,in,29,0.006885830509498838,51,0.0019757040311047798
kimi,kimi_add_rho0_wd0.1_tiersNone,1000,add,0.0,0.1,final,in,30,0.007689888783254067,40,0.0019757040311047798
kimi,kimi_add_rho0_wd0.1_tiersNone,1000,add,0.0,0.1,final,in,31,0.004866699345004111,71,0.0019757040311047798
kimi,kimi_add_rho0_wd0.1_tiersNone,1000,add,0.0,0.1,final,in,32,0.005646562342359593,64,0.0019757040311047798
kimi,kimi_add_rho0_wd0.1_tiersNone,1000,add,0.0,0.1,final,in,33,0.008854312829291628,31,0.0019757040311047798
kimi,kimi_add_rho0_wd0.1_tiersNone,1000,add,0.0,0.1,final,in,34,0.009736185314979075,20,0.0019757040311047798
kimi,kimi_add_rho0_wd0.1_tiersNone,1000,add,0.0,0.1,final,in,35,0.08193805019573039,4,0.0019757040311047798
kimi,kimi_add_rho0_wd0.1_tiersNone,1000,add,0.0,0.1,final,in,36,0.005290391154137852,69,0.0019757040311047798
kimi,kimi_add_rho0_wd0.1_tiersNone,1000,add,0.0,0.1,final,in,37,0.00510747154507457,70,0.0019757040311047798
kimi,kimi_add_rho0_wd0.1_tiersNone,1000,add,0.0,0.1,final,in,38,0.04628116267240148,5,0.0019757040311047798
kimi,kimi_add_rho0_wd0.1_tiersNone,1000,add,0.0,0.1,final,in,39,0.007521966035314472,42,0.0019757040311047798
kimi,kimi_add_rho0_wd0.1_tiersNone,1000,add,0.0,0.1,final,in,40,0.005419123931991511,66,0.0019757040311047798
kimi,kimi_add_rho0_wd0.1_tiersNone,1000,add,0.0,0.1,final,in,41,0.009735541437752222,21,0.0019757040311047798
kimi,kimi_add_rho0_wd0.1_tiersNone,1000,add,0.0,0.1,final,in,42,0.006355336778597155,56,0.0019757040311047798
kimi,kimi_add_rho0_wd0.1_tiersNone,1000,add,0.0,0.1,final,in,43,0.007560469253558888,41,0.0019757040311047798
kimi,kimi_add_rho0_wd0.1_tiersNone,1000,add,0.0,0.1,final,in,44,0.009654320663641528,24,0.0019757040311047798
kimi,kimi_add_rho0_wd0.1_tiersNone,1000,add,0.0,0.1,final,in,45,0.0064912165953542305,54,0.0019757040311047798
kimi,kimi_add_rho0_wd0.1_tiersNone,1000,add,0.0,0.1,final,in,46,0.008417922289673665,35,0.0019757040311047798
kimi,kimi_add_rho0_wd0.1_tiersNone,1000,add,0.0,0.1,final,in,47,0.011329163594299304,15,0.0019757040311047798
kimi,kimi_add_rho0_wd0.1_tiersNone,1000,add,0.0,0.1,final,in,48,0.007390778738815146,45,0.0019757040311047798
kimi,kimi_add_rho0_wd0.1_tiersNone,1000,add,0.0,0.1,final,in,49,0.0072392591790133975,48,0.0019757040311047798
kimi,kimi_add_rho0_wd0.1_tiersNone,1000,add,0.0,0.1,final,in,50,0.008661588606090006,34,0.0019757040311047798
kimi,kimi_add_rho0_wd0.1_tiersNone,1000,add,0.0,0.1,final,in,51,0.0073526975218117675,46,0.0019757040311047798
kimi,kimi_add_rho0_wd0.1_tiersNone,1000,add,0.0,0.1,final,in,52,0.009085950898741044,28,0.0019757040311047798
kimi,kimi_add_rho0_wd0.1_tiersNone,1000,add,0.0,0.1,final,in,53,0.01046628895271165,17,0.0019757040311047798
kimi,kimi_add_rho0_wd0.1_tiersNone,1000,add,0.0,0.1,final,in,54,0.010857337086922637,16,0.0019757040311047798
kimi,kimi_add_rho0_wd0.1_tiersNone,1000,add,0.0,0.1,final,in,55,0.007421415905733227,44,0.0019757040311047798
kimi,kimi_add_rho0_wd0.1_tiersNone,1000,add,0.0,0.1,final,in,56,0.005794129528357093,63,0.0019757040311047798
kimi,kimi_add_rho0_wd0.1_tiersNone,1000,add,0.0,0.1,final,in,57,0.027791602326428248,7,0.0019757040311047798
kimi,kimi_add_rho0_wd0.1_tiersNone,1000,add,0.0,0.1,final,in,58,0.10496344098599952,1,0.0019757040311047798
kimi,kimi_add_rho0_wd0.1_tiersNone,1000,add,0.0,0.1,final,in,59,0.007306756578193427,47,0.0019757040311047798
kimi,kimi_add_rho0_wd0.1_tiersNone,1000,add,0.0,0.1,final,in,60,0.006595794433249622,53,0.0019757040311047798
kimi,kimi_add_rho0_wd0.1_tiersNone,1000,add,0.0,0.1,final,in,61,0.006312024362384453,59,0.0019757040311047798
kimi,kimi_add_rho0_wd0.1_tiersNone,1000,add,0.0,0.1,final,in,62,0.08281442775369442,3,0.0019757040311047798
kimi,kimi_add_rho0_wd0.1_tiersNone,1000,add,0.0,0.1,final,in,63,0.007447813169898747,43,0.0019757040311047798
kimi,kimi_add_rho0_wd0.1_tiersNone,1000,add,0.0,0.1,final,in,64,0.009887035324923514,18,0.0019757040311047798
kimi,kimi_add_rho0_wd0.1_tiersNone,1000,add,0.0,0.1,final,in,65,0.00950920199670004,25,0.0019757040311047798
kimi,kimi_add_rho0_wd0.1_tiersNone,1000,add,0.0,0.1,final,in,66,0.004647488491986928,73,0.0019757040311047798
kimi,kimi_add_rho0_wd0.1_tiersNone,1000,add,0.0,0.1,final,in,67,0.008939137314479402,30,0.0019757040311047798
kimi,kimi_add_rho0_wd0.1_tiersNone,1000,add,0.0,0.1,final,in,68,0.012471743142021678,11,0.0019757040311047798
kimi,kimi_add_rho0_wd0.1_tiersNone,1000,add,0.0,0.1,final,in,69,0.006324051448954611,58,0.0019757040311047798
kimi,kimi_add_rho0_wd0.1_tiersNone,1000,add,0.0,0.1,final,in,70,0.016044941935494585,8,0.0019757040311047798
kimi,kimi_add_rho0_wd0.1_tiersNone,1000,add,0.0,0.1,final,in,71,0.006133561095953298,61,0.0019757040311047798
kimi,kimi_add_rho0_wd0.1_tiersNone,1000,add,0.0,0.1,final,in,72,0.014291881489499461,9,0.0019757040311047798
kimi,kimi_add_rho0_wd0.1_tiersNone,1000,add,0.0,0.1,final,in,73,0.009062373104024848,29,0.0019757040311047798
kimi,kimi_add_rho0_wd0.1_tiersNone,1000,add,0.0,0.1,final,in,74,0.005937264282538244,62,0.0019757040311047798
kimi,kimi_add_rho0_wd0.1_tiersNone,1000,add,0.0,0.1,final,out,1,0.004828035881773568,59,0.0006844098789433196
kimi,kimi_add_rho0_wd0.1_tiersNone,1000,add,0.0,0.1,final,out,2,0.004424987783889096,67,0.0006844098789433196
kimi,kimi_add_rho0_wd0.1_tiersNone,1000,add,0.0,0.1,final,out,3,0.005749192290593991,47,0.0006844098789433196
kimi,kimi_add_rho0_wd0.1_tiersNone,1000,add,0.0,0.1,final,out,4,0.0063876417357610635,37,0.0006844098789433196
kimi,kimi_add_rho0_wd0.1_tiersNone,1000,add,0.0,0.1,final,out,5,0.006537427880019567,33,0.0006844098789433196
kimi,kimi_add_rho0_wd0.1_tiersNone,1000,add,0.0,0.1,final,out,6,0.0066010954989864324,30,0.0006844098789433196
kimi,kimi_add_rho0_wd0.1_tiersNone,1000,add,0.0,0.1,final,out,7,0.11292523031947516,2,0.0006844098789433196
kimi,kimi_add_rho0_wd0.1_tiersNone,1000,add,0.0,0.1,final,out,8,0.02176387233893738,7,0.0006844098789433196
kimi,kimi_add_rho0_wd0.1_tiersNone,1000,add,0.0,0.1,final,out,9,0.011900969409799905,10,0.0006844098789433196
kimi,kimi_add_rho0_wd0.1_tiersNone,1000,add,0.0,0.1,final,out,10,0.004504428099037739,65,0.0006844098789433196
kimi,kimi_add_rho0_wd0.1_tiersNone,1000,add,0.0,0.1,final,out,11,0.007669719014682853,24,0.0006844098789433196
kimi,kimi_add_rho0_wd0.1_tiersNone,1000,add,0.0,0.1,final,out,12,0.0059816298835962695,45,0.0006844098789433196
kimi,kimi_add_rho0_wd0.1_tiersNone,1000,add,0.0,0.1,final,out,13,0.010480971137573295,13,0.0006844098789433196
kimi,kimi_add_rho0_wd0.1_tiersNone,1000,add,0.0,0.1,final,out,14,0.006359236830016082,38,0.0006844098789433196
kimi,kimi_add_rho0_wd0.1_tiersNone,1000,add,0.0,0.1,final,out,15,0.013510078359184068,8,0.0006844098789433196
kimi,kimi_add_rho0_wd0.1_tiersNone,1000,add,0.0,0.1,final,out,16,0.006566602942714591,32,0.0006844098789433196
kimi,kimi_add_rho0_wd0.1_tiersNone,1000,add,0.0,0.1,final,out,17,0.005688997363618091,49,0.0006844098789433196
kimi,kimi_add_rho0_wd0.1_tiersNone,1000,add,0.0,0.1,final,out,18,0.0034930729451365153,74,0.0006844098789433196
kimi,kimi_add_rho0_wd0.1_tiersNone,1000,add,0.0,0.1,final,out,19,0.008605344051195382,19,0.0006844098789433196
kimi,kimi_add_rho0_wd0.1_tiersNone,1000,add,0.0,0.1,final,out,20,0.006067148251374451,42,0.0006844098789433196
kimi,kimi_add_rho0_wd0.1_tiersNone,1000,add,0.0,0.1,final,out,21,0.006037259772290355,44,0.0006844098789433196
kimi,kimi_add_rho0_wd0.1_tiersNone,1000,add,0.0,0.1,final,out,22,0.004229362346387141,70,0.0006844098789433196
kimi,kimi_add_rho0_wd0.1_tiersNone,1000,add,0.0,0.1,final,out,23,0.007891394096068826,22,0.0006844098789433196
kimi,kimi_add_rho0_wd0.1_tiersNone,1000,add,0.0,0.1,final,out,24,0.009921949248495914,16,0.0006844098789433196
kimi,kimi_add_rho0_wd0.1_tiersNone,1000,add,0.0,0.1,final,out,25,0.004405978039179173,68,0.0006844098789433196
kimi,kimi_add_rho0_wd0.1_tiersNone,1000,add,0.0,0.1,final,out,26,0.006510633322006149,35,0.0006844098789433196
kimi,kimi_add_rho0_wd0.1_tiersNone,1000,add,0.0,0.1,final,out,27,0.006447503578593142,36,0.0006844098789433196
kimi,kimi_add_rho0_wd0.1_tiersNone,1000,add,0.0,0.1,final,out,28,0.0054563653319703856,53,0.0006844098789433196
kimi,kimi_add_rho0_wd0.1_tiersNone,1000,add,0.0,0.1,final,out,29,0.0038215326232624207,73,0.0006844098789433196
kimi,kimi_add_rho0_wd0.1_tiersNone,1000,add,0.0,0.1,final,out,30,0.006742854965198273,28,0.0006844098789433196
kimi,kimi_add_rho0_wd0.1_tiersNone,1000,add,0.0,0.1,final,out,31,0.004282685765102602,69,0.0006844098789433196
kimi,kimi_add_rho0_wd0.1_tiersNone,1000,add,0.0,0.1,final,out,32,0.004771130371703957,61,0.0006844098789433196
kimi,kimi_add_rho0_wd0.1_tiersNone,1000,add,0.0,0.1,final,out,33,0.005183827847337131,54,0.0006844098789433196
kimi,kimi_add_rho0_wd0.1_tiersNone,1000,add,0.0,0.1,final,out,34,0.008101737674952533,21,0.0006844098789433196
kimi,kimi_add_rho0_wd0.1_tiersNone,1000,add,0.0,0.1,final,out,35,0.09299625193581054,4,0.0006844098789433196
kimi,kimi_add_rho0_wd0.1_tiersNone,1000,add,0.0,0.1,final,out,36,0.005564893977403286,51,0.0006844098789433196
kimi,kimi_add_rho0_wd0.1_tiersNone,1000,add,0.0,0.1,final,out,37,0.005065982614768504,57,0.0006844098789433196
kimi,kimi_add_rho0_wd0.1_tiersNone,1000,add,0.0,0.1,final,out,38,0.07582172252273212,5,0.0006844098789433196
kimi,kimi_add_rho0_wd0.1_tiersNone,1000,add,0.0,0.1,final,out,39,0.006082735295986727,41,0.0006844098789433196
kimi,kimi_add_rho0_wd0.1_tiersNone,1000,add,0.0,0.1,final,out,40,0.005604892873328401,50,0.0006844098789433196
kimi,kimi_add_rho0_wd0.1_tiersNone,1000,add,0.0,0.1,final,out,41,0.008573701818342279,20,0.0006844098789433196
kimi,kimi_add_rho0_wd0.1_tiersNone,1000,add,0.0,0.1,final,out,42,0.004796594730428957,60,0.0006844098789433196
kimi,kimi_add_rho0_wd0.1_tiersNone,1000,add,0.0,0.1,final,out,43,0.007373965367353928,25,0.0006844098789433196
kimi,kimi_add_rho0_wd0.1_tiersNone,1000,add,0.0,0.1,final,out,44,0.0071150700536266025,27,0.0006844098789433196
kimi,kimi_add_rho0_wd0.1_tiersNone,1000,add,0.0,0.1,final,out,45,0.004693053098123619,63,0.0006844098789433196
kimi,kimi_add_rho0_wd0.1_tiersNone,1000,add,0.0,0.1,final,out,46,0.006599858836455961,31,0.0006844098789433196
kimi,kimi_add_rho0_wd0.1_tiersNone,1000,add,0.0,0.1,final,out,47,0.00995536806887278,15,0.0006844098789433196
kimi,kimi_add_rho0_wd0.1_tiersNone,1000,add,0.0,0.1,final,out,48,0.006262084910096084,40,0.0006844098789433196
kimi,kimi_add_rho0_wd0.1_tiersNone,1000,add,0.0,0.1,final,out,49,0.004959394722648531,58,0.0006844098789433196
kimi,kimi_add_rho0_wd0.1_tiersNone,1000,add,0.0,0.1,final,out,50,0.007279385082235179,26,0.0006844098789433196
kimi,kimi_add_rho0_wd0.1_tiersNone,1000,add,0.0,0.1,final,out,51,0.004734481695584273,62,0.0006844098789433196
kimi,kimi_add_rho0_wd0.1_tiersNone,1000,add,0.0,0.1,final,out,52,0.006741642376110803,29,0.0006844098789433196
kimi,kimi_add_rho0_wd0.1_tiersNone,1000,add,0.0,0.1,final,out,53,0.010026034992996148,14,0.0006844098789433196
kimi,kimi_add_rho0_wd0.1_tiersNone,1000,add,0.0,0.1,final,out,54,0.008916790714638956,18,0.0006844098789433196
kimi,kimi_add_rho0_wd0.1_tiersNone,1000,add,0.0,0.1,final,out,55,0.005131382833986581,56,0.0006844098789433196
kimi,kimi_add_rho0_wd0.1_tiersNone,1000,add,0.0,0.1,final,out,56,0.00445043197102182,66,0.0006844098789433196
kimi,kimi_add_rho0_wd0.1_tiersNone,1000,add,0.0,0.1,final,out,57,0.0226038204042498,6,0.0006844098789433196
kimi,kimi_add_rho0_wd0.1_tiersNone,1000,add,0.0,0.1,final,out,58,0.12775874063270032,1,0.0006844098789433196
kimi,kimi_add_rho0_wd0.1_tiersNone,1000,add,0.0,0.1,final,out,59,0.006304921011583755,39,0.0006844098789433196
kimi,kimi_add_rho0_wd0.1_tiersNone,1000,add,0.0,0.1,final,out,60,0.006050166154157647,43,0.0006844098789433196
kimi,kimi_add_rho0_wd0.1_tiersNone,1000,add,0.0,0.1,final,out,61,0.0051748076869962715,55,0.0006844098789433196
kimi,kimi_add_rho0_wd0.1_tiersNone,1000,add,0.0,0.1,final,out,62,0.0995142028089137,3,0.0006844098789433196
kimi,kimi_add_rho0_wd0.1_tiersNone,1000,add,0.0,0.1,final,out,63,0.00571684982630724,48,0.0006844098789433196
kimi,kimi_add_rho0_wd0.1_tiersNone,1000,add,0.0,0.1,final,out,64,0.00940674755420449,17,0.0006844098789433196
kimi,kimi_add_rho0_wd0.1_tiersNone,1000,add,0.0,0.1,final,out,65,0.006535861482511054,34,0.0006844098789433196
kimi,kimi_add_rho0_wd0.1_tiersNone,1000,add,0.0,0.1,final,out,66,0.004007560447255749,72,0.0006844098789433196
kimi,kimi_add_rho0_wd0.1_tiersNone,1000,add,0.0,0.1,final,out,67,0.007749060021221139,23,0.0006844098789433196
kimi,kimi_add_rho0_wd0.1_tiersNone,1000,add,0.0,0.1,final,out,68,0.01162089429189869,11,0.0006844098789433196
kimi,kimi_add_rho0_wd0.1_tiersNone,1000,add,0.0,0.1,final,out,69,0.004204663781802366,71,0.0006844098789433196
kimi,kimi_add_rho0_wd0.1_tiersNone,1000,add,0.0,0.1,final,out,70,0.013319987208078298,9,0.0006844098789433196
kimi,kimi_add_rho0_wd0.1_tiersNone,1000,add,0.0,0.1,final,out,71,0.00467191865033661,64,0.0006844098789433196
kimi,kimi_add_rho0_wd0.1_tiersNone,1000,add,0.0,0.1,final,out,72,0.0114102558205157,12,0.0006844098789433196
kimi,kimi_add_rho0_wd0.1_tiersNone,1000,add,0.0,0.1,final,out,73,0.005505377010212425,52,0.0006844098789433196
kimi,kimi_add_rho0_wd0.1_tiersNone,1000,add,0.0,0.1,final,out,74,0.005848547714589124,46,0.0006844098789433196
kimi,kimi_add_rho0_wd0.1_tiersNone,1001,add,0.0,0.1,final,in,1,0.007626771686329001,27,0.0019875817518865743
kimi,kimi_add_rho0_wd0.1_tiersNone,1001,add,0.0,0.1,final,in,2,0.006864524756800686,37,0.0019875817518865743
kimi,kimi_add_rho0_wd0.1_tiersNone,1001,add,0.0,0.1,final,in,3,0.005641288083150652,53,0.0019875817518865743
kimi,kimi_add_rho0_wd0.1_tiersNone,1001,add,0.0,0.1,final,in,4,0.00700750592841401,33,0.0019875817518865743
kimi,kimi_add_rho0_wd0.1_tiersNone,1001,add,0.0,0.1,final,in,5,0.007588649774345836,29,0.0019875817518865743
kimi,kimi_add_rho0_wd0.1_tiersNone,1001,add,0.0,0.1,final,in,6,0.005443102811356646,56,0.0019875817518865743
kimi,kimi_add_rho0_wd0.1_tiersNone,1001,add,0.0,0.1,final,in,7,0.004851525552707778,66,0.0019875817518865743
kimi,kimi_add_rho0_wd0.1_tiersNone,1001,add,0.0,0.1,final,in,8,0.004244912027211647,70,0.0019875817518865743
kimi,kimi_add_rho0_wd0.1_tiersNone,1001,add,0.0,0.1,final,in,9,0.005246806829538129,59,0.0019875817518865743
kimi,kimi_add_rho0_wd0.1_tiersNone,1001,add,0.0,0.1,final,in,10,0.005456210677484319,55,0.0019875817518865743
kimi,kimi_add_rho0_wd0.1_tiersNone,1001,add,0.0,0.1,final,in,11,0.009869618121373996,13,0.0019875817518865743
kimi,kimi_add_rho0_wd0.1_tiersNone,1001,add,0.0,0.1,final,in,12,0.03292692736713387,6,0.0019875817518865743
kimi,kimi_add_rho0_wd0.1_tiersNone,1001,add,0.0,0.1,final,in,13,0.005793773579446718,50,0.0019875817518865743
kimi,kimi_add_rho0_wd0.1_tiersNone,1001,add,0.0,0.1,final,in,14,0.006974199725865361,34,0.0019875817518865743
kimi,kimi_add_rho0_wd0.1_tiersNone,1001,add,0.0,0.1,final,in,15,0.005130654209018102,62,0.0019875817518865743
kimi,kimi_add_rho0_wd0.1_tiersNone,1001,add,0.0,0.1,final,in,16,0.0068807503354996625,35,0.0019875817518865743
kimi,kimi_add_rho0_wd0.1_tiersNone,1001,add,0.0,0.1,final,in,17,0.006508519405044137,41,0.0019875817518865743
kimi,kimi_add_rho0_wd0.1_tiersNone,1001,add,0.0,0.1,final,in,18,0.005641998199261353,52,0.0019875817518865743
kimi,kimi_add_rho0_wd0.1_tiersNone,1001,add,0.0,0.1,final,in,19,0.007399335015507672,31,0.0019875817518865743
kimi,kimi_add_rho0_wd0.1_tiersNone,1001,add,0.0,0.1,final,in,20,0.005947637220843923,46,0.0019875817518865743
kimi,kimi_add_rho0_wd0.1_tiersNone,1001,add,0.0,0.1,final,in,21,0.0048198687713129915,67,0.0019875817518865743
kimi,kimi_add_rho0_wd0.1_tiersNone,1001,add,0.0,0.1,final,in,22,0.005161962451679844,60,0.0019875817518865743
kimi,kimi_add_rho0_wd0.1_tiersNone,1001,add,0.0,0.1,final,in,23,0.00682998969033667,38,0.0019875817518865743
kimi,kimi_add_rho0_wd0.1_tiersNone,1001,add,0.0,0.1,final,in,24,0.010819684541343301,10,0.0019875817518865743
kimi,kimi_add_rho0_wd0.1_tiersNone,1001,add,0.0,0.1,final,in,25,0.005136483871215269,61,0.0019875817518865743
kimi,kimi_add_rho0_wd0.1_tiersNone,1001,add,0.0,0.1,final,in,26,0.10486366211537443,3,0.0019875817518865743
kimi,kimi_add_rho0_wd0.1_tiersNone,1001,add,0.0,0.1,final,in,27,0.005125537683750803,63,0.0019875817518865743
kimi,kimi_add_rho0_wd0.1_tiersNone,1001,add,0.0,0.1,final,in,28,0.005961708736772914,45,0.0019875817518865743
kimi,kimi_add_rho0_wd0.1_tiersNone,1001,add,0.0,0.1,final,in,29,0.0056142898264606965,54,0.0019875817518865743
kimi,kimi_add_rho0_wd0.1_tiersNone,1001,add,0.0,0.1,final,in,30,0.007607992196475251,28,0.0019875817518865743
kimi,kimi_add_rho0_wd0.1_tiersNone,1001,add,0.0,0.1,final,in,31,0.007693064122113901,26,0.0019875817518865743
kimi,kimi_add_rho0_wd0.1_tiersNone,1001,add,0.0,0.1,final,in,32,0.009658960346617135,14,0.0019875817518865743
kimi,kimi_add_rho0_wd0.1_tiersNone,1001,add,0.0,0.1,final,in,33,0.006733842346587051,39,0.0019875817518865743
kimi,kimi_add_rho0_wd0.1_tiersNone,1001,add,0.0,0.1,final,in,34,0.008502789934616265,20,0.0019875817518865743
kimi,kimi_add_rho0_wd0.1_tiersNone,1001,add,0.0,0.1,final,in,35,0.007472984984289214,30,0.0019875817518865743
kimi,kimi_add_rho0_wd0.1_tiersNone,1001,add,0.0,0.1,final,in,36,0.024611717915658436,7,0.0019875817518865743
kimi,kimi_add_rho0_wd0.1_tiersNone,1001,add,0.0,0.1,final,in,37,0.008834443411508438,18,0.0019875817518865743
kimi,kimi_add_rho0_wd0.1_tiersNone,1001,add,0.0,0.1,final,in,38,0.006195703071592909,42,0.0019875817518865743
kimi,kimi_add_rho0_wd0.1_tiersNone,1001,add,0.0,0.1,final,in,39,0.1055436332102399,2,0.0019875817518865743
kimi,kimi_add_rho0_wd0.1_tiersNone,1001,add,0.0,0.1,final,in,40,0.005078254584931398,65,0.0019875817518865743
kimi,kimi_add_rho0_wd0.1_tiersNone,1001,add,0.0,0.1,final,in,41,0.01048071602954556,11,0.0019875817518865743
kimi,kimi_add_rho0_wd0.1_tiersNone,1001,add,0.0,0.1,final,in,42,0.008135182421389012,22,0.0019875817518865743
kimi,kimi_add_rho0_wd0.1_tiersNone,1001,add,0.0,0.1,final,in,43,0.005893656812280248,47,0.0019875817518865743
kimi,kimi_add_rho0_wd0.1_tiersNone,1001,add,0.0,0.1,final,in,44,0.003847381358901904,72,0.0019875817518865743
kimi,kimi_add_rho0_wd0.1_tiersNone,1001,add,0.0,0.1,final,in,45,0.004223590216917563,71,0.0019875817518865743
kimi,kimi_add_rho0_wd0.1_tiersNone,1001,add,0.0,0.1,final,in,46,0.005403787335029261,57,0.0019875817518865743
kimi,kimi_add_rho0_wd0.1_tiersNone,1001,add,0.0,0.1,final,in,47,0.005659941542484721,51,0.0019875817518865743
kimi,kimi_add_rho0_wd0.1_tiersNone,1001,add,0.0,0.1,final,in,48,0.03977197861672914,5,0.0019875817518865743
kimi,kimi_add_rho0_wd0.1_tiersNone,1001,add,0.0,0.1,final,in,49,0.008110942467365016,23,0.0019875817518865743
kimi,kimi_add_rho0_wd0.1_tiersNone,1001,add,0.0,0.1,final,in,50,0.008603741307258325,19,0.0019875817518865743
kimi,kimi_add_rho0_wd0.1_tiersNone,1001,add,0.0,0.1,final,in,51,0.004246141737416949,69,0.0019875817518865743
kimi,kimi_add_rho0_wd0.1_tiersNone,1001,add,0.0,0.1,final,in,52,0.007945118080239233,24,0.0019875817518865743
kimi,kimi_add_rho0_wd0.1_tiersNone,1001,add,0.0,0.1,final,in,53,0.02190667357242579,8,0.0019875817518865743
kimi,kimi_add_rho0_wd0.1_tiersNone,1001,add,0.0,0.1,final,in,54,0.006871395523774389,36,0.0019875817518865743
kimi,kimi_add_rho0_wd0.1_tiersNone,1001,add,0.0,0.1,final,in,55,0.006552672287613648,40,0.0019875817518865743
kimi,kimi_add_rho0_wd0.1_tiersNone,1001,add,0.0,0.1,final,in,56,0.00598413807119221,44,0.0019875817518865743
kimi,kimi_add_rho0_wd0.1_tiersNone,1001,add,0.0,0.1,final,in,57,0.0051114035318106125,64,0.0019875817518865743
kimi,kimi_add_rho0_wd0.1_tiersNone,1001,add,0.0,0.1,final,in,58,0.005364564062187822,58,0.0019875817518865743
kimi,kimi_add_rho0_wd0.1_tiersNone,1001,add,0.0,0.1,final,in,59,0.1289334759639255,1,0.0019875817518865743
kimi,kimi_add_rho0_wd0.1_tiersNone,1001,add,0.0,0.1,final,in,60,0.09989478746759205,4,0.0019875817518865743
kimi,kimi_add_rho0_wd0.1_tiersNone,1001,add,0.0,0.1,final,in,61,0.005839619585219567,48,0.0019875817518865743
kimi,kimi_add_rho0_wd0.1_tiersNone,1001,add,0.0,0.1,final,in,62,0.010414306435054844,12,0.0019875817518865743
kimi,kimi_add_rho0_wd0.1_tiersNone,1001,add,0.0,0.1,final,in,63,0.006140698759861566,43,0.0019875817518865743
kimi,kimi_add_rho0_wd0.1_tiersNone,1001,add,0.0,0.1,final,in,64,0.0089704424758319,16,0.0019875817518865743
kimi,kimi_add_rho0_wd0.1_tiersNone,1001,add,0.0,0.1,final,in,65,0.009031794978838397,15,0.0019875817518865743
kimi,kimi_add_rho0_wd0.1_tiersNone,1001,add,0.0,0.1,final,in,66,0.0038126284567878022,73,0.0019875817518865743
kimi,kimi_add_rho0_wd0.1_tiersNone,1001,add,0.0,0.1,final,in,67,0.005794201072248441,49,0.0019875817518865743
kimi,kimi_add_rho0_wd0.1_tiersNone,1001,add,0.0,0.1,final,in,68,0.003767415406947863,74,0.0019875817518865743
kimi,kimi_add_rho0_wd0.1_tiersNone,1001,add,0.0,0.1,final,in,69,0.004709526602054046,68,0.0019875817518865743
kimi,kimi_add_rho0_wd0.1_tiersNone,1001,add,0.0,0.1,final,in,70,0.00891205115271942,17,0.0019875817518865743
kimi,kimi_add_rho0_wd0.1_tiersNone,1001,add,0.0,0.1,final,in,71,0.007833209893423692,25,0.0019875817518865743
kimi,kimi_add_rho0_wd0.1_tiersNone,1001,add,0.0,0.1,final,in,72,0.010997954828637082,9,0.0019875817518865743
kimi,kimi_add_rho0_wd0.1_tiersNone,1001,add,0.0,0.1,final,in,73,0.008178767946996185,21,0.0019875817518865743
kimi,kimi_add_rho0_wd0.1_tiersNone,1001,add,0.0,0.1,final,in,74,0.007344808880089809,32,0.0019875817518865743
kimi,kimi_add_rho0_wd0.1_tiersNone,1001,add,0.0,0.1,final,out,1,0.006382536955518683,35,0.0007833887761260331
kimi,kimi_add_rho0_wd0.1_tiersNone,1001,add,0.0,0.1,final,out,2,0.008482334457941386,20,0.0007833887761260331
kimi,kimi_add_rho0_wd0.1_tiersNone,1001,add,0.0,0.1,final,out,3,0.004743055268222206,62,0.0007833887761260331
kimi,kimi_add_rho0_wd0.1_tiersNone,1001,add,0.0,0.1,final,out,4,0.007284957547342537,27,0.0007833887761260331
kimi,kimi_add_rho0_wd0.1_tiersNone,1001,add,0.0,0.1,final,out,5,0.007496078450233532,26,0.0007833887761260331
kimi,kimi_add_rho0_wd0.1_tiersNone,1001,add,0.0,0.1,final,out,6,0.004595530261317254,63,0.0007833887761260331
kimi,kimi_add_rho0_wd0.1_tiersNone,1001,add,0.0,0.1,final,out,7,0.005296469800922218,51,0.0007833887761260331
kimi,kimi_add_rho0_wd0.1_tiersNone,1001,add,0.0,0.1,final,out,8,0.0055384639408312605,46,0.0007833887761260331
kimi,kimi_add_rho0_wd0.1_tiersNone,1001,add,0.0,0.1,final,out,9,0.005282806526324206,52,0.0007833887761260331
kimi,kimi_add_rho0_wd0.1_tiersNone,1001,add,0.0,0.1,final,out,10,0.005922631424122212,40,0.0007833887761260331
kimi,kimi_add_rho0_wd0.1_tiersNone,1001,add,0.0,0.1,final,out,11,0.009137605611169924,15,0.0007833887761260331
kimi,kimi_add_rho0_wd0.1_tiersNone,1001,add,0.0,0.1,final,out,12,0.025427026130857826,7,0.0007833887761260331
kimi,kimi_add_rho0_wd0.1_tiersNone,1001,add,0.0,0.1,final,out,13,0.004898121312006712,59,0.0007833887761260331
kimi,kimi_add_rho0_wd0.1_tiersNone,1001,add,0.0,0.1,final,out,14,0.007016710132138119,30,0.0007833887761260331
kimi,kimi_add_rho0_wd0.1_tiersNone,1001,add,0.0,0.1,final,out,15,0.0050813107507660955,55,0.0007833887761260331
kimi,kimi_add_rho0_wd0.1_tiersNone,1001,add,0.0,0.1,final,out,16,0.006689124706003202,33,0.0007833887761260331
kimi,kimi_add_rho0_wd0.1_tiersNone,1001,add,0.0,0.1,final,out,17,0.005655592515376726,43,0.0007833887761260331
kimi,kimi_add_rho0_wd0.1_tiersNone,1001,add,0.0,0.1,final,out,18,0.004785964450837489,61,0.0007833887761260331
kimi,kimi_add_rho0_wd0.1_tiersNone,1001,add,0.0,0.1,final,out,19,0.006462473995506179,34,0.0007833887761260331
kimi,kimi_add_rho0_wd0.1_tiersNone,1001,add,0.0,0.1,final,out,20,0.0043279328595645546,68,0.0007833887761260331
kimi,kimi_add_rho0_wd0.1_tiersNone,1001,add,0.0,0.1,final,out,21,0.004044231072869348,73,0.0007833887761260331
kimi,kimi_add_rho0_wd0.1_tiersNone,1001,add,0.0,0.1,final,out,22,0.005306208802839418,50,0.0007833887761260331
kimi,kimi_add_rho0_wd0.1_tiersNone,1001,add,0.0,0.1,final,out,23,0.007556601186647678,25,0.0007833887761260331
kimi,kimi_add_rho0_wd0.1_tiersNone,1001,add,0.0,0.1,final,out,24,0.011447335106653135,11,0.0007833887761260331
kimi,kimi_add_rho0_wd0.1_tiersNone,1001,add,0.0,0.1,final,out,25,0.005792655830674708,42,0.0007833887761260331
kimi,kimi_add_rho0_wd0.1_tiersNone,1001,add,0.0,0.1,final,out,26,0.10624630461760756,3,0.0007833887761260331
kimi,kimi_add_rho0_wd0.1_tiersNone,1001,add,0.0,0.1,final,out,27,0.004094250157076613,72,0.0007833887761260331
kimi,kimi_add_rho0_wd0.1_tiersNone,1001,add,0.0,0.1,final,out,28,0.005020446981158483,56,0.0007833887761260331
kimi,kimi_add_rho0_wd0.1_tiersNone,1001,add,0.0,0.1,final,out,29,0.00526253793567048,53,0.0007833887761260331
kimi,kimi_add_rho0_wd0.1_tiersNone,1001,add,0.0,0.1,final,out,30,0.0055511593729860855,44,0.0007833887761260331
kimi,kimi_add_rho0_wd0.1_tiersNone,1001,add,0.0,0.1,final,out,31,0.004359569935454384,67,0.0007833887761260331
kimi,kimi_add_rho0_wd0.1_tiersNone,1001,add,0.0,0.1,final,out,32,0.011402910249447212,12,0.0007833887761260331
kimi,kimi_add_rho0_wd0.1_tiersNone,1001,add,0.0,0.1,final,out,33,0.005861945152110579,41,0.0007833887761260331
kimi,kimi_add_rho0_wd0.1_tiersNone,1001,add,0.0,0.1,final,out,34,0.00801126537360374,22,0.0007833887761260331
kimi,kimi_add_rho0_wd0.1_tiersNone,1001,add,0.0,0.1,final,out,35,0.00882433356371681,18,0.0007833887761260331
kimi,kimi_add_rho0_wd0.1_tiersNone,1001,add,0.0,0.1,final,out,36,0.07002743817664843,5,0.0007833887761260331
kimi,kimi_add_rho0_wd0.1_tiersNone,1001,add,0.0,0.1,final,out,37,0.009202364366209796,14,0.0007833887761260331
kimi,kimi_add_rho0_wd0.1_tiersNone,1001,add,0.0,0.1,final,out,38,0.005150290861106004,54,0.0007833887761260331
kimi,kimi_add_rho0_wd0.1_tiersNone,1001,add,0.0,0.1,final,out,39,0.10665626530056038,2,0.0007833887761260331
kimi,kimi_add_rho0_wd0.1_tiersNone,1001,add,0.0,0.1,final,out,40,0.005446147923856718,49,0.0007833887761260331
kimi,kimi_add_rho0_wd0.1_tiersNone,1001,add,0.0,0.1,final,out,41,0.008996660649627052,16,0.0007833887761260331
kimi,kimi_add_rho0_wd0.1_tiersNone,1001,add,0.0,0.1,final,out,42,0.0075783155436797535,24,0.0007833887761260331
kimi,kimi_add_rho0_wd0.1_tiersNone,1001,add,0.0,0.1,final,out,43,0.006337892971169039,36,0.0007833887761260331
kimi,kimi_add_rho0_wd0.1_tiersNone,1001,add,0.0,0.1,final,out,44,0.004372060908981702,65,0.0007833887761260331
kimi,kimi_add_rho0_wd0.1_tiersNone,1001,add,0.0,0.1,final,out,45,0.004534786103597175,64,0.0007833887761260331
kimi,kimi_add_rho0_wd0.1_tiersNone,1001,add,0.0,0.1,final,out,46,0.004302280978850336,69,0.0007833887761260331
kimi,kimi_add_rho0_wd0.1_tiersNone,1001,add,0.0,0.1,final,out,47,0.005542973535186558,45,0.0007833887761260331
kimi,kimi_add_rho0_wd0.1_tiersNone,1001,add,0.0,0.1,final,out,48,0.038703157890051555,6,0.0007833887761260331
kimi,kimi_add_rho0_wd0.1_tiersNone,1001,add,0.0,0.1,final,out,49,0.012056726792058383,9,0.0007833887761260331
kimi,kimi_add_rho0_wd0.1_tiersNone,1001,add,0.0,0.1,final,out,50,0.010248655782304,13,0.0007833887761260331
kimi,kimi_add_rho0_wd0.1_tiersNone,1001,add,0.0,0.1,final,out,51,0.003339523131874479,74,0.0007833887761260331
kimi,kimi_add_rho0_wd0.1_tiersNone,1001,add,0.0,0.1,final,out,52,0.007189346830107644,29,0.0007833887761260331
kimi,kimi_add_rho0_wd0.1_tiersNone,1001,add,0.0,0.1,final,out,53,0.024623587911516975,8,0.0007833887761260331
kimi,kimi_add_rho0_wd0.1_tiersNone,1001,add,0.0,0.1,final,out,54,0.007002307139874728,31,0.0007833887761260331
kimi,kimi_add_rho0_wd0.1_tiersNone,1001,add,0.0,0.1,final,out,55,0.005530557055471229,47,0.0007833887761260331
kimi,kimi_add_rho0_wd0.1_tiersNone,1001,add,0.0,0.1,final,out,56,0.006967258667161871,32,0.0007833887761260331
kimi,kimi_add_rho0_wd0.1_tiersNone,1001,add,0.0,0.1,final,out,57,0.005006514231988952,57,0.0007833887761260331
kimi,kimi_add_rho0_wd0.1_tiersNone,1001,add,0.0,0.1,final,out,58,0.0042454463220091354,70,0.0007833887761260331
kimi,kimi_add_rho0_wd0.1_tiersNone,1001,add,0.0,0.1,final,out,59,0.1227443125991174,1,0.0007833887761260331
kimi,kimi_add_rho0_wd0.1_tiersNone,1001,add,0.0,0.1,final,out,60,0.08000043587727501,4,0.0007833887761260331
kimi,kimi_add_rho0_wd0.1_tiersNone,1001,add,0.0,0.1,final,out,61,0.005513021086512516,48,0.0007833887761260331
kimi,kimi_add_rho0_wd0.1_tiersNone,1001,add,0.0,0.1,final,out,62,0.011889150946224622,10,0.0007833887761260331
kimi,kimi_add_rho0_wd0.1_tiersNone,1001,add,0.0,0.1,final,out,63,0.006185781373746312,37,0.0007833887761260331
kimi,kimi_add_rho0_wd0.1_tiersNone,1001,add,0.0,0.1,final,out,64,0.008217123465253993,21,0.0007833887761260331
kimi,kimi_add_rho0_wd0.1_tiersNone,1001,add,0.0,0.1,final,out,65,0.0072263560281592,28,0.0007833887761260331
kimi,kimi_add_rho0_wd0.1_tiersNone,1001,add,0.0,0.1,final,out,66,0.0041806022779787054,71,0.0007833887761260331
kimi,kimi_add_rho0_wd0.1_tiersNone,1001,add,0.0,0.1,final,out,67,0.006027436350028275,39,0.0007833887761260331
kimi,kimi_add_rho0_wd0.1_tiersNone,1001,add,0.0,0.1,final,out,68,0.004366866812138439,66,0.0007833887761260331
kimi,kimi_add_rho0_wd0.1_tiersNone,1001,add,0.0,0.1,final,out,69,0.004957923096743889,58,0.0007833887761260331
kimi,kimi_add_rho0_wd0.1_tiersNone,1001,add,0.0,0.1,final,out,70,0.007699992543798175,23,0.0007833887761260331
kimi,kimi_add_rho0_wd0.1_tiersNone,1001,add,0.0,0.1,final,out,71,0.0048028875010178934,60,0.0007833887761260331
kimi,kimi_add_rho0_wd0.1_tiersNone,1001,add,0.0,0.1,final,out,72,0.008847574630312952,17,0.0007833887761260331
kimi,kimi_add_rho0_wd0.1_tiersNone,1001,add,0.0,0.1,final,out,73,0.008822392747748558,19,0.0007833887761260331
kimi,kimi_add_rho0_wd0.1_tiersNone,1001,add,0.0,0.1,final,out,74,0.0061691011545335125,38,0.0007833887761260331
kimi,kimi_add_rho0_wd0.1_tiersNone,1002,add,0.0,0.1,final,in,1,0.009890733490248858,22,0.005113728062459119
kimi,kimi_add_rho0_wd0.1_tiersNone,1002,add,0.0,0.1,final,in,2,0.005781347105112353,62,0.005113728062459119
kimi,kimi_add_rho0_wd0.1_tiersNone,1002,add,0.0,0.1,final,in,3,0.008507927949612365,26,0.005113728062459119
kimi,kimi_add_rho0_wd0.1_tiersNone,1002,add,0.0,0.1,final,in,4,0.006367969801829148,53,0.005113728062459119
kimi,kimi_add_rho0_wd0.1_tiersNone,1002,add,0.0,0.1,final,in,5,0.0059867672999109525,60,0.005113728062459119
kimi,kimi_add_rho0_wd0.1_tiersNone,1002,add,0.0,0.1,final,in,6,0.00606397411106335,58,0.005113728062459119
kimi,kimi_add_rho0_wd0.1_tiersNone,1002,add,0.0,0.1,final,in,7,0.008532866897338176,24,0.005113728062459119
kimi,kimi_add_rho0_wd0.1_tiersNone,1002,add,0.0,0.1,final,in,8,0.006408311119612794,52,0.005113728062459119
kimi,kimi_add_rho0_wd0.1_tiersNone,1002,add,0.0,0.1,final,in,9,0.005897448065604322,61,0.005113728062459119
kimi,kimi_add_rho0_wd0.1_tiersNone,1002,add,0.0,0.1,final,in,10,0.008471214506337633,27,0.005113728062459119
kimi,kimi_add_rho0_wd0.1_tiersNone,1002,add,0.0,0.1,final,in,11,0.00503141048377103,73,0.005113728062459119
kimi,kimi_add_rho0_wd0.1_tiersNone,1002,add,0.0,0.1,final,in,12,0.007390251664897454,38,0.005113728062459119
kimi,kimi_add_rho0_wd0.1_tiersNone,1002,add,0.0,0.1,final,in,13,0.09726045027786497,3,0.005113728062459119
kimi,kimi_add_rho0_wd0.1_tiersNone,1002,add,0.0,0.1,final,in,14,0.011386346325563046,10,0.005113728062459119
kimi,kimi_add_rho0_wd0.1_tiersNone,1002,add,0.0,0.1,final,in,15,0.01048282116130604,20,0.005113728062459119
kimi,kimi_add_rho0_wd0.1_tiersNone,1002,add,0.0,0.1,final,in,16,0.006645191585663934,47,0.005113728062459119
kimi,kimi_add_rho0_wd0.1_tiersNone,1002,add,0.0,0.1,final,in,17,0.007430810402014524,37,0.005113728062459119
kimi,kimi_add_rho0_wd0.1_tiersNone,1002,add,0.0,0.1,final,in,18,0.006304174603658558,56,0.005113728062459119
kimi,kimi_add_rho0_wd0.1_tiersNone,1002,add,0.0,0.1,final,in,19,0.00823027826433726,29,0.005113728062459119
kimi,kimi_add_rho0_wd0.1_tiersNone,1002,add,0.0,0.1,final,in,20,0.011056240042768777,13,0.005113728062459119
kimi,kimi_add_rho0_wd0.1_tiersNone,1002,add,0.0,0.1,final,in,21,0.005177352947543975,71,0.005113728062459119
kimi,kimi_add_rho0_wd0.1_tiersNone,1002,add,0.0,0.1,final,in,22,0.008511110231997234,25,0.005113728062459119
kimi,kimi_add_rho0_wd0.1_tiersNone,1002,add,0.0,0.1,final,in,23,0.005324116715138317,70,0.005113728062459119
kimi,kimi_add_rho0_wd0.1_tiersNone,1002,add,0.0,0.1,final,in,24,0.005066312780408007,72,0.005113728062459119
kimi,kimi_add_rho0_wd0.1_tiersNone,1002,add,0.0,0.1,final,in,25,0.010691789107208173,18,0.005113728062459119
kimi,kimi_add_rho0_wd0.1_tiersNone,1002,add,0.0,0.1,final,in,26,0.010738925840983212,15,0.005113728062459119
kimi,kimi_add_rho0_wd0.1_tiersNone,1002,add,0.0,0.1,final,in,27,0.008161770718685546,31,0.005113728062459119
kimi,kimi_add_rho0_wd0.1_tiersNone,1002,add,0.0,0.1,final,in,28,0.006436122098639795,50,0.005113728062459119
kimi,kimi_add_rho0_wd0.1_tiersNone,1002,add,0.0,0.1,final,in,29,0.006410586409476013,51,0.005113728062459119
kimi,kimi_add_rho0_wd0.1_tiersNone,1002,add,0.0,0.1,final,in,30,0.030614285709871302,7,0.005113728062459119
kimi,kimi_add_rho0_wd0.1_tiersNone,1002,add,0.0,0.1,final,in,31,0.006693095762307768,46,0.005113728062459119
kimi,kimi_add_rho0_wd0.1_tiersNone,1002,add,0.0,0.1,final,in,32,0.008261347482628604,28,0.005113728062459119
kimi,kimi_add_rho0_wd0.1_tiersNone,1002,add,0.0,0.1,final,in,33,0.007055242532963215,40,0.005113728062459119
kimi,kimi_add_rho0_wd0.1_tiersNone,1002,add,0.0,0.1,final,in,34,0.010230458442091774,21,0.005113728062459119
kimi,kimi_add_rho0_wd0.1_tiersNone,1002,add,0.0,0.1,final,in,35,0.006498824809938666,49,0.005113728062459119
kimi,kimi_add_rho0_wd0.1_tiersNone,1002,add,0.0,0.1,final,in,36,0.006178142358020137,57,0.005113728062459119
kimi,kimi_add_rho0_wd0.1_tiersNone,1002,add,0.0,0.1,final,in,37,0.006021726309520779,59,0.005113728062459119
kimi,kimi_add_rho0_wd0.1_tiersNone,1002,add,0.0,0.1,final,in,38,0.006619081200852536,48,0.005113728062459119
kimi,kimi_add_rho0_wd0.1_tiersNone,1002,add,0.0,0.1,final,in,39,0.010615708410716759,19,0.005113728062459119
kimi,kimi_add_rho0_wd0.1_tiersNone,1002,add,0.0,0.1,final,in,40,0.00558307797068947,65,0.005113728062459119
kimi,kimi_add_rho0_wd0.1_tiersNone,1002,add,0.0,0.1,final,in,41,0.006767652758551647,44,0.005113728062459119
kimi,kimi_add_rho0_wd0.1_tiersNone,1002,add,0.0,0.1,final,in,42,0.0077844496637234015,34,0.005113728062459119
kimi,kimi_add_rho0_wd0.1_tiersNone,1002,add,0.0,0.1,final,in,43,0.007472036817287837,36,0.005113728062459119
kimi,kimi_add_rho0_wd0.1_tiersNone,1002,add,0.0,0.1,final,in,44,0.010708371009881281,17,0.005113728062459119
kimi,kimi_add_rho0_wd0.1_tiersNone,1002,add,0.0,0.1,final,in,45,0.039135691688723336,5,0.005113728062459119
kimi,kimi_add_rho0_wd0.1_tiersNone,1002,add,0.0,0.1,final,in,46,0.05442024999779644,4,0.005113728062459119
kimi,kimi_add_rho0_wd0.1_tiersNone,1002,add,0.0,0.1,final,in,47,0.006305321107821624,55,0.005113728062459119
kimi,kimi_add_rho0_wd0.1_tiersNone,1002,add,0.0,0.1,final,in,48,0.0053317685720266975,69,0.005113728062459119
kimi,kimi_add_rho0_wd0.1_tiersNone,1002,add,0.0,0.1,final,in,49,0.006916048183924356,43,0.005113728062459119
kimi,kimi_add_rho0_wd0.1_tiersNone,1002,add,0.0,0.1,final,in,50,0.00698901049588258,42,0.005113728062459119
kimi,kimi_add_rho0_wd0.1_tiersNone,1002,add,0.0,0.1,final,in,51,0.005401202530834292,68,0.005113728062459119
kimi,kimi_add_rho0_wd0.1_tiersNone,1002,add,0.0,0.1,final,in,52,0.008593540058390463,23,0.005113728062459119
kimi,kimi_add_rho0_wd0.1_tiersNone,1002,add,0.0,0.1,final,in,53,0.007274818170850783,39,0.005113728062459119
kimi,kimi_add_rho0_wd0.1_tiersNone,1002,add,0.0,0.1,final,in,54,0.011204684828557241,11,0.005113728062459119
kimi,kimi_add_rho0_wd0.1_tiersNone,1002,add,0.0,0.1,final,in,55,0.005585831807056104,64,0.005113728062459119
kimi,kimi_add_rho0_wd0.1_tiersNone,1002,add,0.0,0.1,final,in,56,0.01095201416510896,14,0.005113728062459119
kimi,kimi_add_rho0_wd0.1_tiersNone,1002,add,0.0,0.1,final,in,57,0.008035787839081364,32,0.005113728062459119
kimi,kimi_add_rho0_wd0.1_tiersNone,1002,add,0.0,0.1,final,in,58,0.015795499710389033,9,0.005113728062459119
kimi,kimi_add_rho0_wd0.1_tiersNone,1002,add,0.0,0.1,final,in,59,0.09968038892370926,2,0.005113728062459119
kimi,kimi_add_rho0_wd0.1_tiersNone,1002,add,0.0,0.1,final,in,60,0.005408449462699831,67,0.005113728062459119
kimi,kimi_add_rho0_wd0.1_tiersNone,1002,add,0.0,0.1,final,in,61,0.005701902271364925,63,0.005113728062459119
kimi,kimi_add_rho0_wd0.1_tiersNone,1002,add,0.0,0.1,final,in,62,0.004919850430671377,74,0.005113728062459119
kimi,kimi_add_rho0_wd0.1_tiersNone,1002,add,0.0,0.1,final,in,63,0.005462569226705334,66,0.005113728062459119
kimi,kimi_add_rho0_wd0.1_tiersNone,1002,add,0.0,0.1,final,in,64,0.007046320933054277,41,0.005113728062459119
kimi,kimi_add_rho0_wd0.1_tiersNone,1002,add,0.0,0.1,final,in,65,0.011111910416081536,12,0.005113728062459119
kimi,kimi_add_rho0_wd0.1_tiersNone,1002,add,0.0,0.1,final,in,66,0.007853564731204963,33,0.005113728062459119
kimi,kimi_add_rho0_wd0.1_tiersNone,1002,add,0.0,0.1,final,in,67,0.03140611126319239,6,0.005113728062459119
kimi,kimi_add_rho0_wd0.1_tiersNone,1002,add,0.0,0.1,final,in,68,0.021733814814663795,8,0.005113728062459119
kimi,kimi_add_rho0_wd0.1_tiersNone,1002,add,0.0,0.1,final,in,69,0.007666292293256291,35,0.005113728062459119
kimi,kimi_add_rho0_wd0.1_tiersNone,1002,add,0.0,0.1,final,in,70,0.008185439844948206,30,0.005113728062459119
kimi,kimi_add_rho0_wd0.1_tiersNone,1002,add,0.0,0.1,final,in,71,0.12136812037410344,1,0.005113728062459119
kimi,kimi_add_rho0_wd0.1_tiersNone,1002,add,0.0,0.1,final,in,72,0.010725055577341892,16,0.005113728062459119
kimi,kimi_add_rho0_wd0.1_tiersNone,1002,add,0.0,0.1,final,in,73,0.006321420950727787,54,0.005113728062459119
kimi,kimi_add_rho0_wd0.1_tiersNone,1002,add,0.0,0.1,final,in,74,0.006719196082190199,45,0.005113728062459119
kimi,kimi_add_rho0_wd0.1_tiersNone,1002,add,0.0,0.1,final,out,1,0.00844899681032062,18,0.0006765801786691152
kimi,kimi_add_rho0_wd0.1_tiersNone,1002,add,0.0,0.1,final,out,2,0.004759165244346764,59,0.0006765801786691152
kimi,kimi_add_rho0_wd0.1_tiersNone,1002,add,0.0,0.1,final,out,3,0.00602834671560076,36,0.0006765801786691152
kimi,kimi_add_rho0_wd0.1_tiersNone,1002,add,0.0,0.1,final,out,4,0.005400947584936857,44,0.0006765801786691152
kimi,kimi_add_rho0_wd0.1_tiersNone,1002,add,0.0,0.1,final,out,5,0.006075588751485273,35,0.0006765801786691152
kimi,kimi_add_rho0_wd0.1_tiersNone,1002,add,0.0,0.1,final,out,6,0.005819012025484084,40,0.0006765801786691152
kimi,kimi_add_rho0_wd0.1_tiersNone,1002,add,0.0,0.1,final,out,7,0.005931434316165239,38,0.0006765801786691152
kimi,kimi_add_rho0_wd0.1_tiersNone,1002,add,0.0,0.1,final,out,8,0.0040414385809842005,68,0.0006765801786691152
kimi,kimi_add_rho0_wd0.1_tiersNone,1002,add,0.0,0.1,final,out,9,0.004891735312140492,55,0.0006765801786691152
kimi,kimi_add_rho0_wd0.1_tiersNone,1002,add,0.0,0.1,final,out,10,0.008308643419189223,20,0.0006765801786691152
kimi,kimi_add_rho0_wd0.1_tiersNone,1002,add,0.0,0.1,final,out,11,0.004735728630380689,60,0.0006765801786691152
kimi,kimi_add_rho0_wd0.1_tiersNone,1002,add,0.0,0.1,final,out,12,0.005160060007213907,49,0.0006765801786691152
kimi,kimi_add_rho0_wd0.1_tiersNone,1002,add,0.0,0.1,final,out,13,0.08487749445139936,4,0.0006765801786691152
kimi,kimi_add_rho0_wd0.1_tiersNone,1002,add,0.0,0.1,final,out,14,0.008382303766601384,19,0.0006765801786691152
kimi,kimi_add_rho0_wd0.1_tiersNone,1002,add,0.0,0.1,final,out,15,0.013782575345281193,10,0.0006765801786691152
kimi,kimi_add_rho0_wd0.1_tiersNone,1002,add,0.0,0.1,final,out,16,0.005619065259506141,42,0.0006765801786691152
kimi,kimi_add_rho0_wd0.1_tiersNone,1002,add,0.0,0.1,final,out,17,0.0061453006314778486,34,0.0006765801786691152
kimi,kimi_add_rho0_wd0.1_tiersNone,1002,add,0.0,0.1,final,out,18,0.0046413313641355865,63,0.0006765801786691152
kimi,kimi_add_rho0_wd0.1_tiersNone,1002,add,0.0,0.1,final,out,19,0.005439161186704508,43,0.0006765801786691152
kimi,kimi_add_rho0_wd0.1_tiersNone,1002,add,0.0,0.1,final,out,20,0.009725740002448871,15,0.0006765801786691152
kimi,kimi_add_rho0_wd0.1_tiersNone,1002,add,0.0,0.1,final,out,21,0.004511612932918715,65,0.0006765801786691152
kimi,kimi_add_rho0_wd0.1_tiersNone,1002,add,0.0,0.1,final,out,22,0.006580035650880464,29,0.0006765801786691152
kimi,kimi_add_rho0_wd0.1_tiersNone,1002,add,0.0,0.1,final,out,23,0.0032562761599511957,74,0.0006765801786691152
kimi,kimi_add_rho0_wd0.1_tiersNone,1002,add,0.0,0.1,final,out,24,0.004640892081362291,64,0.0006765801786691152
kimi,kimi_add_rho0_wd0.1_tiersNone,1002,add,0.0,0.1,final,out,25,0.011822148579132342,12,0.0006765801786691152
kimi,kimi_add_rho0_wd0.1_tiersNone,1002,add,0.0,0.1,final,out,26,0.005113946390040248,51,0.0006765801786691152
kimi,kimi_add_rho0_wd0.1_tiersNone,1002,add,0.0,0.1,final,out,27,0.007338583902931227,26,0.0006765801786691152
kimi,kimi_add_rho0_wd0.1_tiersNone,1002,add,0.0,0.1,final,out,28,0.004855380813221753,58,0.0006765801786691152
kimi,kimi_add_rho0_wd0.1_tiersNone,1002,add,0.0,0.1,final,out,29,0.005253903325191019,46,0.0006765801786691152
kimi,kimi_add_rho0_wd0.1_tiersNone,1002,add,0.0,0.1,final,out,30,0.023811926542201715,7,0.0006765801786691152
kimi,kimi_add_rho0_wd0.1_tiersNone,1002,add,0.0,0.1,final,out,31,0.0038403751692919035,70,0.0006765801786691152
kimi,kimi_add_rho0_wd0.1_tiersNone,1002,add,0.0,0.1,final,out,32,0.004423492371573494,67,0.0006765801786691152
kimi,kimi_add_rho0_wd0.1_tiersNone,1002,add,0.0,0.1,final,out,33,0.005156542797609608,50,0.0006765801786691152
kimi,kimi_add_rho0_wd0.1_tiersNone,1002,add,0.0,0.1,final,out,34,0.010310114178767307,14,0.0006765801786691152
kimi,kimi_add_rho0_wd0.1_tiersNone,1002,add,0.0,0.1,final,out,35,0.00617233038988723,33,0.0006765801786691152
kimi,kimi_add_rho0_wd0.1_tiersNone,1002,add,0.0,0.1,final,out,36,0.005169414854245522,48,0.0006765801786691152
kimi,kimi_add_rho0_wd0.1_tiersNone,1002,add,0.0,0.1,final,out,37,0.004729085836512961,61,0.0006765801786691152
kimi,kimi_add_rho0_wd0.1_tiersNone,1002,add,0.0,0.1,final,out,38,0.005736084902298441,41,0.0006765801786691152
kimi,kimi_add_rho0_wd0.1_tiersNone,1002,add,0.0,0.1,final,out,39,0.007962394576584705,21,0.0006765801786691152
kimi,kimi_add_rho0_wd0.1_tiersNone,1002,add,0.0,0.1,final,out,40,0.004864102059723758,57,0.0006765801786691152
kimi,kimi_add_rho0_wd0.1_tiersNone,1002,add,0.0,0.1,final,out,41,0.004989649236837328,53,0.0006765801786691152
kimi,kimi_add_rho0_wd0.1_tiersNone,1002,add,0.0,0.1,final,out,42,0.007929050852574253,23,0.0006765801786691152
kimi,kimi_add_rho0_wd0.1_tiersNone,1002,add,0.0,0.1,final,out,43,0.00795147327847767,22,0.0006765801786691152
kimi,kimi_add_rho0_wd0.1_tiersNone,1002,add,0.0,0.1,final,out,44,0.007224874228080079,27,0.0006765801786691152
kimi,kimi_add_rho0_wd0.1_tiersNone,1002,add,0.0,0.1,final,out,45,0.026945461091969904,6,0.0006765801786691152
kimi,kimi_add_rho0_wd0.1_tiersNone,1002,add,0.0,0.1,final,out,46,0.051815407218850244,5,0.0006765801786691152
kimi,kimi_add_rho0_wd0.1_tiersNone,1002,add,0.0,0.1,final,out,47,0.005296343823969842,45,0.0006765801786691152
kimi,kimi_add_rho0_wd0.1_tiersNone,1002,add,0.0,0.1,final,out,48,0.003377353597544455,73,0.0006765801786691152
kimi,kimi_add_rho0_wd0.1_tiersNone,1002,add,0.0,0.1,final,out,49,0.006279978840772891,32,0.0006765801786691152
kimi,kimi_add_rho0_wd0.1_tiersNone,1002,add,0.0,0.1,final,out,50,0.006956879554730108,28,0.0006765801786691152
kimi,kimi_add_rho0_wd0.1_tiersNone,1002,add,0.0,0.1,final,out,51,0.004964211413864605,54,0.0006765801786691152
kimi,kimi_add_rho0_wd0.1_tiersNone,1002,add,0.0,0.1,final,out,52,0.00762636486882572,25,0.0006765801786691152
kimi,kimi_add_rho0_wd0.1_tiersNone,1002,add,0.0,0.1,final,out,53,0.005999973690203753,37,0.0006765801786691152
kimi,kimi_add_rho0_wd0.1_tiersNone,1002,add,0.0,0.1,final,out,54,0.012455765772853001,11,0.0006765801786691152
kimi,kimi_add_rho0_wd0.1_tiersNone,1002,add,0.0,0.1,final,out,55,0.004450792973133965,66,0.0006765801786691152
kimi,kimi_add_rho0_wd0.1_tiersNone,1002,add,0.0,0.1,final,out,56,0.009366739325971133,17,0.0006765801786691152
kimi,kimi_add_rho0_wd0.1_tiersNone,1002,add,0.0,0.1,final,out,57,0.006359362226068409,31,0.0006765801786691152
kimi,kimi_add_rho0_wd0.1_tiersNone,1002,add,0.0,0.1,final,out,58,0.01709406690319475,9,0.0006765801786691152
kimi,kimi_add_rho0_wd0.1_tiersNone,1002,add,0.0,0.1,final,out,59,0.10826914252373204,3,0.0006765801786691152
kimi,kimi_add_rho0_wd0.1_tiersNone,1002,add,0.0,0.1,final,out,60,0.003545912450831042,72,0.0006765801786691152
kimi,kimi_add_rho0_wd0.1_tiersNone,1002,add,0.0,0.1,final,out,61,0.0047037205617231044,62,0.0006765801786691152
kimi,kimi_add_rho0_wd0.1_tiersNone,1002,add,0.0,0.1,final,out,62,0.003914245472082789,69,0.0006765801786691152
kimi,kimi_add_rho0_wd0.1_tiersNone,1002,add,0.0,0.1,final,out,63,0.0036676442654497163,71,0.0006765801786691152
kimi,kimi_add_rho0_wd0.1_tiersNone,1002,add,0.0,0.1,final,out,64,0.005039025083616842,52,0.0006765801786691152
kimi,kimi_add_rho0_wd0.1_tiersNone,1002,add,0.0,0.1,final,out,65,0.010528032681385757,13,0.0006765801786691152
kimi,kimi_add_rho0_wd0.1_tiersNone,1002,add,0.0,0.1,final,out,66,0.00583835132244541,39,0.0006765801786691152
kimi,kimi_add_rho0_wd0.1_tiersNone,1002,add,0.0,0.1,final,out,67,0.13812513194635342,1,0.0006765801786691152
kimi,kimi_add_rho0_wd0.1_tiersNone,1002,add,0.0,0.1,final,out,68,0.023568142350750533,8,0.0006765801786691152
kimi,kimi_add_rho0_wd0.1_tiersNone,1002,add,0.0,0.1,final,out,69,0.0077363273721530535,24,0.0006765801786691152
kimi,kimi_add_rho0_wd0.1_tiersNone,1002,add,0.0,0.1,final,out,70,0.006482332067583314,30,0.0006765801786691152
kimi,kimi_add_rho0_wd0.1_tiersNone,1002,add,0.0,0.1,final,out,71,0.11815474807579807,2,0.0006765801786691152
kimi,kimi_add_rho0_wd0.1_tiersNone,1002,add,0.0,0.1,final,out,72,0.009452782183907738,16,0.0006765801786691152
kimi,kimi_add_rho0_wd0.1_tiersNone,1002,add,0.0,0.1,final,out,73,0.004886957595789922,56,0.0006765801786691152
kimi,kimi_add_rho0_wd0.1_tiersNone,1002,add,0.0,0.1,final,out,74,0.005241042228345922,47,0.0006765801786691152
kimi,kimi_add_rho0_wd0.3_tiersNone,1000,add,0.0,0.3,final,in,1,0.00244705367884156,74,0.00189884930891946
kimi,kimi_add_rho0_wd0.3_tiersNone,1000,add,0.0,0.3,final,in,2,0.0033114936126467805,68,0.00189884930891946
kimi,kimi_add_rho0_wd0.3_tiersNone,1000,add,0.0,0.3,final,in,3,0.003623881827811351,63,0.00189884930891946
kimi,kimi_add_rho0_wd0.3_tiersNone,1000,add,0.0,0.3,final,in,4,0.005368525733819594,28,0.00189884930891946
kimi,kimi_add_rho0_wd0.3_tiersNone,1000,add,0.0,0.3,final,in,5,0.005846503819167185,23,0.00189884930891946
kimi,kimi_add_rho0_wd0.3_tiersNone,1000,add,0.0,0.3,final,in,6,0.004832157390590395,34,0.00189884930891946
kimi,kimi_add_rho0_wd0.3_tiersNone,1000,add,0.0,0.3,final,in,7,0.09664122580871362,4,0.00189884930891946
kimi,kimi_add_rho0_wd0.3_tiersNone,1000,add,0.0,0.3,final,in,8,0.006030572820773085,22,0.00189884930891946
kimi,kimi_add_rho0_wd0.3_tiersNone,1000,add,0.0,0.3,final,in,9,0.007161604875835186,15,0.00189884930891946
kimi,kimi_add_rho0_wd0.3_tiersNone,1000,add,0.0,0.3,final,in,10,0.0025324322910980994,73,0.00189884930891946
kimi,kimi_add_rho0_wd0.3_tiersNone,1000,add,0.0,0.3,final,in,11,0.15574005260054827,1,0.00189884930891946
kimi,kimi_add_rho0_wd0.3_tiersNone,1000,add,0.0,0.3,final,in,12,0.005063787638279243,31,0.00189884930891946
kimi,kimi_add_rho0_wd0.3_tiersNone,1000,add,0.0,0.3,final,in,13,0.14637290714833412,3,0.00189884930891946
kimi,kimi_add_rho0_wd0.3_tiersNone,1000,add,0.0,0.3,final,in,14,0.007019731344174017,16,0.00189884930891946
kimi,kimi_add_rho0_wd0.3_tiersNone,1000,add,0.0,0.3,final,in,15,0.0034560886861000543,66,0.00189884930891946
kimi,kimi_add_rho0_wd0.3_tiersNone,1000,add,0.0,0.3,final,in,16,0.004287325978951019,47,0.00189884930891946
kimi,kimi_add_rho0_wd0.3_tiersNone,1000,add,0.0,0.3,final,in,17,0.002706128540961905,72,0.00189884930891946
kimi,kimi_add_rho0_wd0.3_tiersNone,1000,add,0.0,0.3,final,in,18,0.0054275717410995775,27,0.00189884930891946
kimi,kimi_add_rho0_wd0.3_tiersNone,1000,add,0.0,0.3,final,in,19,0.004290519908889987,46,0.00189884930891946
kimi,kimi_add_rho0_wd0.3_tiersNone,1000,add,0.0,0.3,final,in,20,0.00840544628365032,9,0.00189884930891946
kimi,kimi_add_rho0_wd0.3_tiersNone,1000,add,0.0,0.3,final,in,21,0.008171323133813933,10,0.00189884930891946
kimi,kimi_add_rho0_wd0.3_tiersNone,1000,add,0.0,0.3,final,in,22,0.005361334967737923,29,0.00189884930891946
kimi,kimi_add_rho0_wd0.3_tiersNone,1000,add,0.0,0.3,final,in,23,0.0045373041130813314,39,0.00189884930891946
kimi,kimi_add_rho0_wd0.3_tiersNone,1000,add,0.0,0.3,final,in,24,0.009071807567119386,7,0.00189884930891946
kimi,kimi_add_rho0_wd0.3_tiersNone,1000,add,0.0,0.3,final,in,25,0.003785610474133414,58,0.00189884930891946
kimi,kimi_add_rho0_wd0.3_tiersNone,1000,add,0.0,0.3,final,in,26,0.006701570355672752,19,0.00189884930891946
kimi,kimi_add_rho0_wd0.3_tiersNone,1000,add,0.0,0.3,final,in,27,0.004445568915287063,41,0.00189884930891946
kimi,kimi_add_rho0_wd0.3_tiersNone,1000,add,0.0,0.3,final,in,28,0.003920321942470825,54,0.00189884930891946
kimi,kimi_add_rho0_wd0.3_tiersNone,1000,add,0.0,0.3,final,in,29,0.0036182050003977333,64,0.00189884930891946
kimi,kimi_add_rho0_wd0.3_tiersNone,1000,add,0.0,0.3,final,in,30,0.003940217799007508,53,0.00189884930891946
kimi,kimi_add_rho0_wd0.3_tiersNone,1000,add,0.0,0.3,final,in,31,0.003690646526541306,61,0.00189884930891946
kimi,kimi_add_rho0_wd0.3_tiersNone,1000,add,0.0,0.3,final,in,32,0.0040037646847120465,52,0.00189884930891946
kimi,kimi_add_rho0_wd0.3_tiersNone,1000,add,0.0,0.3,final,in,33,0.005599706354128431,25,0.00189884930891946
kimi,kimi_add_rho0_wd0.3_tiersNone,1000,add,0.0,0.3,final,in,34,0.004828514230672784,35,0.00189884930891946
kimi,kimi_add_rho0_wd0.3_tiersNone,1000,add,0.0,0.3,final,in,35,0.008913734855531819,8,0.00189884930891946
kimi,kimi_add_rho0_wd0.3_tiersNone,1000,add,0.0,0.3,final,in,36,0.004607526593172723,37,0.00189884930891946
kimi,kimi_add_rho0_wd0.3_tiersNone,1000,add,0.0,0.3,final,in,37,0.00407401642561948,50,0.00189884930891946
kimi,kimi_add_rho0_wd0.3_tiersNone,1000,add,0.0,0.3,final,in,38,0.00356236736653247,65,0.00189884930891946
kimi,kimi_add_rho0_wd0.3_tiersNone,1000,add,0.0,0.3,final,in,39,0.0036902979558983036,62,0.00189884930891946
kimi,kimi_add_rho0_wd0.3_tiersNone,1000,add,0.0,0.3,final,in,40,0.004891488209393001,33,0.00189884930891946
kimi,kimi_add_rho0_wd0.3_tiersNone,1000,add,0.0,0.3,final,in,41,0.0044636035760803015,40,0.00189884930891946
kimi,kimi_add_rho0_wd0.3_tiersNone,1000,add,0.0,0.3,final,in,42,0.006725684595897812,18,0.00189884930891946
kimi,kimi_add_rho0_wd0.3_tiersNone,1000,add,0.0,0.3,final,in,43,0.002991132704770471,71,0.00189884930891946
kimi,kimi_add_rho0_wd0.3_tiersNone,1000,add,0.0,0.3,final,in,44,0.0068987360361349405,17,0.00189884930891946
kimi,kimi_add_rho0_wd0.3_tiersNone,1000,add,0.0,0.3,final,in,45,0.0043437346716587244,44,0.00189884930891946
kimi,kimi_add_rho0_wd0.3_tiersNone,1000,add,0.0,0.3,final,in,46,0.0045799695753670575,38,0.00189884930891946
kimi,kimi_add_rho0_wd0.3_tiersNone,1000,add,0.0,0.3,final,in,47,0.007469946337289752,14,0.00189884930891946
kimi,kimi_add_rho0_wd0.3_tiersNone,1000,add,0.0,0.3,final,in,48,0.004233888550695267,48,0.00189884930891946
kimi,kimi_add_rho0_wd0.3_tiersNone,1000,add,0.0,0.3,final,in,49,0.0050133267627102815,32,0.00189884930891946
kimi,kimi_add_rho0_wd0.3_tiersNone,1000,add,0.0,0.3,final,in,50,0.004037080185055273,51,0.00189884930891946
kimi,kimi_add_rho0_wd0.3_tiersNone,1000,add,0.0,0.3,final,in,51,0.007958000840789726,12,0.00189884930891946
kimi,kimi_add_rho0_wd0.3_tiersNone,1000,add,0.0,0.3,final,in,52,0.004148585203314585,49,0.00189884930891946
kimi,kimi_add_rho0_wd0.3_tiersNone,1000,add,0.0,0.3,final,in,53,0.0038837189981733152,55,0.00189884930891946
kimi,kimi_add_rho0_wd0.3_tiersNone,1000,add,0.0,0.3,final,in,54,0.004294737130112302,45,0.00189884930891946
kimi,kimi_add_rho0_wd0.3_tiersNone,1000,add,0.0,0.3,final,in,55,0.00530927316753435,30,0.00189884930891946
kimi,kimi_add_rho0_wd0.3_tiersNone,1000,add,0.0,0.3,final,in,56,0.004372105151750019,43,0.00189884930891946
kimi,kimi_add_rho0_wd0.3_tiersNone,1000,add,0.0,0.3,final,in,57,0.00815190273670206,11,0.00189884930891946
kimi,kimi_add_rho0_wd0.3_tiersNone,1000,add,0.0,0.3,final,in,58,0.15487156649679928,2,0.00189884930891946
kimi,kimi_add_rho0_wd0.3_tiersNone,1000,add,0.0,0.3,final,in,59,0.005825793730816269,24,0.00189884930891946
kimi,kimi_add_rho0_wd0.3_tiersNone,1000,add,0.0,0.3,final,in,60,0.0038371851041376437,56,0.00189884930891946
kimi,kimi_add_rho0_wd0.3_tiersNone,1000,add,0.0,0.3,final,in,61,0.0031454869575392075,69,0.00189884930891946
kimi,kimi_add_rho0_wd0.3_tiersNone,1000,add,0.0,0.3,final,in,62,0.0066913860507241225,20,0.00189884930891946
kimi,kimi_add_rho0_wd0.3_tiersNone,1000,add,0.0,0.3,final,in,63,0.02300252386336989,6,0.00189884930891946
kimi,kimi_add_rho0_wd0.3_tiersNone,1000,add,0.0,0.3,final,in,64,0.0030966517461594985,70,0.00189884930891946
kimi,kimi_add_rho0_wd0.3_tiersNone,1000,add,0.0,0.3,final,in,65,0.0054670073368051075,26,0.00189884930891946
kimi,kimi_add_rho0_wd0.3_tiersNone,1000,add,0.0,0.3,final,in,66,0.003744133555225479,59,0.00189884930891946
kimi,kimi_add_rho0_wd0.3_tiersNone,1000,add,0.0,0.3,final,in,67,0.003326180232407317,67,0.00189884930891946
kimi,kimi_add_rho0_wd0.3_tiersNone,1000,add,0.0,0.3,final,in,68,0.007639301020495547,13,0.00189884930891946
kimi,kimi_add_rho0_wd0.3_tiersNone,1000,add,0.0,0.3,final,in,69,0.0036957275648402486,60,0.00189884930891946
kimi,kimi_add_rho0_wd0.3_tiersNone,1000,add,0.0,0.3,final,in,70,0.08572714629857386,5,0.00189884930891946
kimi,kimi_add_rho0_wd0.3_tiersNone,1000,add,0.0,0.3,final,in,71,0.004611032719468117,36,0.00189884930891946
kimi,kimi_add_rho0_wd0.3_tiersNone,1000,add,0.0,0.3,final,in,72,0.00626516306102386,21,0.00189884930891946
kimi,kimi_add_rho0_wd0.3_tiersNone,1000,add,0.0,0.3,final,in,73,0.0038033379497397824,57,0.00189884930891946
kimi,kimi_add_rho0_wd0.3_tiersNone,1000,add,0.0,0.3,final,in,74,0.00439461088662903,42,0.00189884930891946
kimi,kimi_add_rho0_wd0.3_tiersNone,1000,add,0.0,0.3,final,out,1,0.003288415339684876,67,0.00047843114368851814
kimi,kimi_add_rho0_wd0.3_tiersNone,1000,add,0.0,0.3,final,out,2,0.003927282865900741,57,0.00047843114368851814
kimi,kimi_add_rho0_wd0.3_tiersNone,1000,add,0.0,0.3,final,out,3,0.004566052451509177,46,0.00047843114368851814
kimi,kimi_add_rho0_wd0.3_tiersNone,1000,add,0.0,0.3,final,out,4,0.008247460613810768,23,0.00047843114368851814
kimi,kimi_add_rho0_wd0.3_tiersNone,1000,add,0.0,0.3,final,out,5,0.009216396650760442,18,0.00047843114368851814
kimi,kimi_add_rho0_wd0.3_tiersNone,1000,add,0.0,0.3,final,out,6,0.009415359025463742,16,0.00047843114368851814
kimi,kimi_add_rho0_wd0.3_tiersNone,1000,add,0.0,0.3,final,out,7,0.1128024447008186,4,0.00047843114368851814
kimi,kimi_add_rho0_wd0.3_tiersNone,1000,add,0.0,0.3,final,out,8,0.009240993945988972,17,0.00047843114368851814
kimi,kimi_add_rho0_wd0.3_tiersNone,1000,add,0.0,0.3,final,out,9,0.007017840643441972,27,0.00047843114368851814
kimi,kimi_add_rho0_wd0.3_tiersNone,1000,add,0.0,0.3,final,out,10,0.0038409979022894056,59,0.00047843114368851814
kimi,kimi_add_rho0_wd0.3_tiersNone,1000,add,0.0,0.3,final,out,11,0.1317193619747077,1,0.00047843114368851814
kimi,kimi_add_rho0_wd0.3_tiersNone,1000,add,0.0,0.3,final,out,12,0.008968507413659895,19,0.00047843114368851814
kimi,kimi_add_rho0_wd0.3_tiersNone,1000,add,0.0,0.3,final,out,13,0.11463275545664038,3,0.00047843114368851814
kimi,kimi_add_rho0_wd0.3_tiersNone,1000,add,0.0,0.3,final,out,14,0.005912298446297029,32,0.00047843114368851814
kimi,kimi_add_rho0_wd0.3_tiersNone,1000,add,0.0,0.3,final,out,15,0.0038685639566497644,58,0.00047843114368851814
kimi,kimi_add_rho0_wd0.3_tiersNone,1000,add,0.0,0.3,final,out,16,0.0039305460784644,56,0.00047843114368851814
kimi,kimi_add_rho0_wd0.3_tiersNone,1000,add,0.0,0.3,final,out,17,0.0031742913542269356,70,0.00047843114368851814
kimi,kimi_add_rho0_wd0.3_tiersNone,1000,add,0.0,0.3,final,out,18,0.0053866529587334,37,0.00047843114368851814
kimi,kimi_add_rho0_wd0.3_tiersNone,1000,add,0.0,0.3,final,out,19,0.005365973436044869,39,0.00047843114368851814
kimi,kimi_add_rho0_wd0.3_tiersNone,1000,add,0.0,0.3,final,out,20,0.010075165811752633,13,0.00047843114368851814
kimi,kimi_add_rho0_wd0.3_tiersNone,1000,add,0.0,0.3,final,out,21,0.012395344514524662,12,0.00047843114368851814
kimi,kimi_add_rho0_wd0.3_tiersNone,1000,add,0.0,0.3,final,out,22,0.006808622902878112,28,0.00047843114368851814
kimi,kimi_add_rho0_wd0.3_tiersNone,1000,add,0.0,0.3,final,out,23,0.0046863671507168195,43,0.00047843114368851814
kimi,kimi_add_rho0_wd0.3_tiersNone,1000,add,0.0,0.3,final,out,24,0.0142553668636378,10,0.00047843114368851814
kimi,kimi_add_rho0_wd0.3_tiersNone,1000,add,0.0,0.3,final,out,25,0.002629377650652676,74,0.00047843114368851814
kimi,kimi_add_rho0_wd0.3_tiersNone,1000,add,0.0,0.3,final,out,26,0.007954063053344302,24,0.00047843114368851814
kimi,kimi_add_rho0_wd0.3_tiersNone,1000,add,0.0,0.3,final,out,27,0.004661040347902929,44,0.00047843114368851814
kimi,kimi_add_rho0_wd0.3_tiersNone,1000,add,0.0,0.3,final,out,28,0.003191070771236026,69,0.00047843114368851814
kimi,kimi_add_rho0_wd0.3_tiersNone,1000,add,0.0,0.3,final,out,29,0.003098751850942573,71,0.00047843114368851814
kimi,kimi_add_rho0_wd0.3_tiersNone,1000,add,0.0,0.3,final,out,30,0.004569988070449155,45,0.00047843114368851814
kimi,kimi_add_rho0_wd0.3_tiersNone,1000,add,0.0,0.3,final,out,31,0.002880678640538248,73,0.00047843114368851814
kimi,kimi_add_rho0_wd0.3_tiersNone,1000,add,0.0,0.3,final,out,32,0.0028884203017952967,72,0.00047843114368851814
kimi,kimi_add_rho0_wd0.3_tiersNone,1000,add,0.0,0.3,final,out,33,0.0043037678325953885,53,0.00047843114368851814
kimi,kimi_add_rho0_wd0.3_tiersNone,1000,add,0.0,0.3,final,out,34,0.004023427428159229,55,0.00047843114368851814
kimi,kimi_add_rho0_wd0.3_tiersNone,1000,add,0.0,0.3,final,out,35,0.008584118253699395,21,0.00047843114368851814
kimi,kimi_add_rho0_wd0.3_tiersNone,1000,add,0.0,0.3,final,out,36,0.004861235530267291,41,0.00047843114368851814
kimi,kimi_add_rho0_wd0.3_tiersNone,1000,add,0.0,0.3,final,out,37,0.003214029943939574,68,0.00047843114368851814
kimi,kimi_add_rho0_wd0.3_tiersNone,1000,add,0.0,0.3,final,out,38,0.003734163462373125,60,0.00047843114368851814
kimi,kimi_add_rho0_wd0.3_tiersNone,1000,add,0.0,0.3,final,out,39,0.0036674777696046584,63,0.00047843114368851814
kimi,kimi_add_rho0_wd0.3_tiersNone,1000,add,0.0,0.3,final,out,40,0.003682432212221176,62,0.00047843114368851814
kimi,kimi_add_rho0_wd0.3_tiersNone,1000,add,0.0,0.3,final,out,41,0.005884852269130301,33,0.00047843114368851814
kimi,kimi_add_rho0_wd0.3_tiersNone,1000,add,0.0,0.3,final,out,42,0.0055463129051317025,35,0.00047843114368851814
kimi,kimi_add_rho0_wd0.3_tiersNone,1000,add,0.0,0.3,final,out,43,0.004461806516316776,47,0.00047843114368851814
kimi,kimi_add_rho0_wd0.3_tiersNone,1000,add,0.0,0.3,final,out,44,0.0044566417034667665,48,0.00047843114368851814
kimi,kimi_add_rho0_wd0.3_tiersNone,1000,add,0.0,0.3,final,out,45,0.007521861097661749,25,0.00047843114368851814
kimi,kimi_add_rho0_wd0.3_tiersNone,1000,add,0.0,0.3,final,out,46,0.0036381277652620184,64,0.00047843114368851814
kimi,kimi_add_rho0_wd0.3_tiersNone,1000,add,0.0,0.3,final,out,47,0.014453735223680667,9,0.00047843114368851814
kimi,kimi_add_rho0_wd0.3_tiersNone,1000,add,0.0,0.3,final,out,48,0.005996127859025341,29,0.00047843114368851814
kimi,kimi_add_rho0_wd0.3_tiersNone,1000,add,0.0,0.3,final,out,49,0.005498469747588796,36,0.00047843114368851814
kimi,kimi_add_rho0_wd0.3_tiersNone,1000,add,0.0,0.3,final,out,50,0.004344017568700007,52,0.00047843114368851814
kimi,kimi_add_rho0_wd0.3_tiersNone,1000,add,0.0,0.3,final,out,51,0.009645181150665712,15,0.00047843114368851814
kimi,kimi_add_rho0_wd0.3_tiersNone,1000,add,0.0,0.3,final,out,52,0.004278051395874286,54,0.00047843114368851814
kimi,kimi_add_rho0_wd0.3_tiersNone,1000,add,0.0,0.3,final,out,53,0.004426707212883885,49,0.00047843114368851814
kimi,kimi_add_rho0_wd0.3_tiersNone,1000,add,0.0,0.3,final,out,54,0.005384681899851224,38,0.00047843114368851814
kimi,kimi_add_rho0_wd0.3_tiersNone,1000,add,0.0,0.3,final,out,55,0.0085750027263133,22,0.00047843114368851814
kimi,kimi_add_rho0_wd0.3_tiersNone,1000,add,0.0,0.3,final,out,56,0.0033012333942850237,66,0.00047843114368851814
kimi,kimi_add_rho0_wd0.3_tiersNone,1000,add,0.0,0.3,final,out,57,0.014508522885400776,8,0.00047843114368851814
kimi,kimi_add_rho0_wd0.3_tiersNone,1000,add,0.0,0.3,final,out,58,0.11767424709504186,2,0.00047843114368851814
kimi,kimi_add_rho0_wd0.3_tiersNone,1000,add,0.0,0.3,final,out,59,0.00890677775454787,20,0.00047843114368851814
kimi,kimi_add_rho0_wd0.3_tiersNone,1000,add,0.0,0.3,final,out,60,0.005610948990821597,34,0.00047843114368851814
kimi,kimi_add_rho0_wd0.3_tiersNone,1000,add,0.0,0.3,final,out,61,0.003456948847685017,65,0.00047843114368851814
kimi,kimi_add_rho0_wd0.3_tiersNone,1000,add,0.0,0.3,final,out,62,0.009931498291768013,14,0.00047843114368851814
kimi,kimi_add_rho0_wd0.3_tiersNone,1000,add,0.0,0.3,final,out,63,0.03772331401393283,6,0.00047843114368851814
kimi,kimi_add_rho0_wd0.3_tiersNone,1000,add,0.0,0.3,final,out,64,0.004414295400040288,51,0.00047843114368851814
kimi,kimi_add_rho0_wd0.3_tiersNone,1000,add,0.0,0.3,final,out,65,0.007442590212369575,26,0.00047843114368851814
kimi,kimi_add_rho0_wd0.3_tiersNone,1000,add,0.0,0.3,final,out,66,0.005277966799194039,40,0.00047843114368851814
kimi,kimi_add_rho0_wd0.3_tiersNone,1000,add,0.0,0.3,final,out,67,0.003719278369305862,61,0.00047843114368851814
kimi,kimi_add_rho0_wd0.3_tiersNone,1000,add,0.0,0.3,final,out,68,0.01757024098316648,7,0.00047843114368851814
kimi,kimi_add_rho0_wd0.3_tiersNone,1000,add,0.0,0.3,final,out,69,0.005947105937518283,30,0.00047843114368851814
kimi,kimi_add_rho0_wd0.3_tiersNone,1000,add,0.0,0.3,final,out,70,0.06181974330104058,5,0.00047843114368851814
kimi,kimi_add_rho0_wd0.3_tiersNone,1000,add,0.0,0.3,final,out,71,0.005944452152519494,31,0.00047843114368851814
kimi,kimi_add_rho0_wd0.3_tiersNone,1000,add,0.0,0.3,final,out,72,0.012750274261606917,11,0.00047843114368851814
kimi,kimi_add_rho0_wd0.3_tiersNone,1000,add,0.0,0.3,final,out,73,0.004786555533705074,42,0.00047843114368851814
kimi,kimi_add_rho0_wd0.3_tiersNone,1000,add,0.0,0.3,final,out,74,0.0044153231561737845,50,0.00047843114368851814
kimi,kimi_add_rho0_wd0.3_tiersNone,1001,add,0.0,0.3,final,in,1,0.0035913894556147837,56,0.002026167661447287
kimi,kimi_add_rho0_wd0.3_tiersNone,1001,add,0.0,0.3,final,in,2,0.004837137618374826,31,0.002026167661447287
kimi,kimi_add_rho0_wd0.3_tiersNone,1001,add,0.0,0.3,final,in,3,0.0034178746775453935,62,0.002026167661447287
kimi,kimi_add_rho0_wd0.3_tiersNone,1001,add,0.0,0.3,final,in,4,0.004331395347804033,39,0.002026167661447287
kimi,kimi_add_rho0_wd0.3_tiersNone,1001,add,0.0,0.3,final,in,5,0.00781991502709279,13,0.002026167661447287
kimi,kimi_add_rho0_wd0.3_tiersNone,1001,add,0.0,0.3,final,in,6,0.004346629844909152,38,0.002026167661447287
kimi,kimi_add_rho0_wd0.3_tiersNone,1001,add,0.0,0.3,final,in,7,0.0038261247592053503,51,0.002026167661447287
kimi,kimi_add_rho0_wd0.3_tiersNone,1001,add,0.0,0.3,final,in,8,0.003435281820416345,60,0.002026167661447287
kimi,kimi_add_rho0_wd0.3_tiersNone,1001,add,0.0,0.3,final,in,9,0.003891565860172641,49,0.002026167661447287
kimi,kimi_add_rho0_wd0.3_tiersNone,1001,add,0.0,0.3,final,in,10,0.005152195910033095,27,0.002026167661447287
kimi,kimi_add_rho0_wd0.3_tiersNone,1001,add,0.0,0.3,final,in,11,0.011025564827264881,10,0.002026167661447287
kimi,kimi_add_rho0_wd0.3_tiersNone,1001,add,0.0,0.3,final,in,12,0.004366405501965584,36,0.002026167661447287
kimi,kimi_add_rho0_wd0.3_tiersNone,1001,add,0.0,0.3,final,in,13,0.004088132428597522,42,0.002026167661447287
kimi,kimi_add_rho0_wd0.3_tiersNone,1001,add,0.0,0.3,final,in,14,0.003397165638906018,64,0.002026167661447287
kimi,kimi_add_rho0_wd0.3_tiersNone,1001,add,0.0,0.3,final,in,15,0.004083329495596424,43,0.002026167661447287
kimi,kimi_add_rho0_wd0.3_tiersNone,1001,add,0.0,0.3,final,in,16,0.005722238651470164,22,0.002026167661447287
kimi,kimi_add_rho0_wd0.3_tiersNone,1001,add,0.0,0.3,final,in,17,0.0043661632520528015,37,0.002026167661447287
kimi,kimi_add_rho0_wd0.3_tiersNone,1001,add,0.0,0.3,final,in,18,0.003518467328399493,58,0.002026167661447287
kimi,kimi_add_rho0_wd0.3_tiersNone,1001,add,0.0,0.3,final,in,19,0.0028871844465887813,72,0.002026167661447287
kimi,kimi_add_rho0_wd0.3_tiersNone,1001,add,0.0,0.3,final,in,20,0.0031788903371980596,68,0.002026167661447287
kimi,kimi_add_rho0_wd0.3_tiersNone,1001,add,0.0,0.3,final,in,21,0.027745799474801117,7,0.002026167661447287
kimi,kimi_add_rho0_wd0.3_tiersNone,1001,add,0.0,0.3,final,in,22,0.004397015868477054,35,0.002026167661447287
kimi,kimi_add_rho0_wd0.3_tiersNone,1001,add,0.0,0.3,final,in,23,0.003966711578150681,46,0.002026167661447287
kimi,kimi_add_rho0_wd0.3_tiersNone,1001,add,0.0,0.3,final,in,24,0.003813944672687196,54,0.002026167661447287
kimi,kimi_add_rho0_wd0.3_tiersNone,1001,add,0.0,0.3,final,in,25,0.006728734482933208,16,0.002026167661447287
kimi,kimi_add_rho0_wd0.3_tiersNone,1001,add,0.0,0.3,final,in,26,0.1942176841685833,1,0.002026167661447287
kimi,kimi_add_rho0_wd0.3_tiersNone,1001,add,0.0,0.3,final,in,27,0.00609601845401751,19,0.002026167661447287
kimi,kimi_add_rho0_wd0.3_tiersNone,1001,add,0.0,0.3,final,in,28,0.003408684735527908,63,0.002026167661447287
kimi,kimi_add_rho0_wd0.3_tiersNone,1001,add,0.0,0.3,final,in,29,0.00348783976296745,59,0.002026167661447287
kimi,kimi_add_rho0_wd0.3_tiersNone,1001,add,0.0,0.3,final,in,30,0.0038210218905852743,52,0.002026167661447287
kimi,kimi_add_rho0_wd0.3_tiersNone,1001,add,0.0,0.3,final,in,31,0.0030922638970761755,70,0.002026167661447287
kimi,kimi_add_rho0_wd0.3_tiersNone,1001,add,0.0,0.3,final,in,32,0.05839216620965061,5,0.002026167661447287
kimi,kimi_add_rho0_wd0.3_tiersNone,1001,add,0.0,0.3,final,in,33,0.00408229397756775,44,0.002026167661447287
kimi,kimi_add_rho0_wd0.3_tiersNone,1001,add,0.0,0.3,final,in,34,0.004298344254576588,40,0.002026167661447287
kimi,kimi_add_rho0_wd0.3_tiersNone,1001,add,0.0,0.3,final,in,35,0.003963637567977414,47,0.002026167661447287
kimi,kimi_add_rho0_wd0.3_tiersNone,1001,add,0.0,0.3,final,in,36,0.005975386611526503,20,0.002026167661447287
kimi,kimi_add_rho0_wd0.3_tiersNone,1001,add,0.0,0.3,final,in,37,0.006871858191111979,15,0.002026167661447287
kimi,kimi_add_rho0_wd0.3_tiersNone,1001,add,0.0,0.3,final,in,38,0.007215339346062115,14,0.002026167661447287
kimi,kimi_add_rho0_wd0.3_tiersNone,1001,add,0.0,0.3,final,in,39,0.12545695318434863,2,0.002026167661447287
kimi,kimi_add_rho0_wd0.3_tiersNone,1001,add,0.0,0.3,final,in,40,0.0028647035346262076,73,0.002026167661447287
kimi,kimi_add_rho0_wd0.3_tiersNone,1001,add,0.0,0.3,final,in,41,0.0037250943986344605,55,0.002026167661447287
kimi,kimi_add_rho0_wd0.3_tiersNone,1001,add,0.0,0.3,final,in,42,0.005623552663221315,23,0.002026167661447287
kimi,kimi_add_rho0_wd0.3_tiersNone,1001,add,0.0,0.3,final,in,43,0.01086814772780835,11,0.002026167661447287
kimi,kimi_add_rho0_wd0.3_tiersNone,1001,add,0.0,0.3,final,in,44,0.0028623206893363404,74,0.002026167661447287
kimi,kimi_add_rho0_wd0.3_tiersNone,1001,add,0.0,0.3,final,in,45,0.002946800378359688,71,0.002026167661447287
kimi,kimi_add_rho0_wd0.3_tiersNone,1001,add,0.0,0.3,final,in,46,0.004603845216499098,33,0.002026167661447287
kimi,kimi_add_rho0_wd0.3_tiersNone,1001,add,0.0,0.3,final,in,47,0.006643398141790795,17,0.002026167661447287
kimi,kimi_add_rho0_wd0.3_tiersNone,1001,add,0.0,0.3,final,in,48,0.08508351157055576,4,0.002026167661447287
kimi,kimi_add_rho0_wd0.3_tiersNone,1001,add,0.0,0.3,final,in,49,0.005075957009033172,29,0.002026167661447287
kimi,kimi_add_rho0_wd0.3_tiersNone,1001,add,0.0,0.3,final,in,50,0.004008230411975433,45,0.002026167661447287
kimi,kimi_add_rho0_wd0.3_tiersNone,1001,add,0.0,0.3,final,in,51,0.0032431460743383134,67,0.002026167661447287
kimi,kimi_add_rho0_wd0.3_tiersNone,1001,add,0.0,0.3,final,in,52,0.010613368455481267,12,0.002026167661447287
kimi,kimi_add_rho0_wd0.3_tiersNone,1001,add,0.0,0.3,final,in,53,0.024884818967102578,8,0.002026167661447287
kimi,kimi_add_rho0_wd0.3_tiersNone,1001,add,0.0,0.3,final,in,54,0.005000015499742364,30,0.002026167661447287
kimi,kimi_add_rho0_wd0.3_tiersNone,1001,add,0.0,0.3,final,in,55,0.003538680076159808,57,0.002026167661447287
kimi,kimi_add_rho0_wd0.3_tiersNone,1001,add,0.0,0.3,final,in,56,0.0038170842494130333,53,0.002026167661447287
kimi,kimi_add_rho0_wd0.3_tiersNone,1001,add,0.0,0.3,final,in,57,0.003311446297383052,65,0.002026167661447287
kimi,kimi_add_rho0_wd0.3_tiersNone,1001,add,0.0,0.3,final,in,58,0.004289274763124702,41,0.002026167661447287
kimi,kimi_add_rho0_wd0.3_tiersNone,1001,add,0.0,0.3,final,in,59,0.012378599073302451,9,0.002026167661447287
kimi,kimi_add_rho0_wd0.3_tiersNone,1001,add,0.0,0.3,final,in,60,0.00632383299227841,18,0.002026167661447287
kimi,kimi_add_rho0_wd0.3_tiersNone,1001,add,0.0,0.3,final,in,61,0.004585805042625704,34,0.002026167661447287
kimi,kimi_add_rho0_wd0.3_tiersNone,1001,add,0.0,0.3,final,in,62,0.11533551692184038,3,0.002026167661447287
kimi,kimi_add_rho0_wd0.3_tiersNone,1001,add,0.0,0.3,final,in,63,0.0032806321843169553,66,0.002026167661447287
kimi,kimi_add_rho0_wd0.3_tiersNone,1001,add,0.0,0.3,final,in,64,0.05067897842624729,6,0.002026167661447287
kimi,kimi_add_rho0_wd0.3_tiersNone,1001,add,0.0,0.3,final,in,65,0.005902071272002079,21,0.002026167661447287
kimi,kimi_add_rho0_wd0.3_tiersNone,1001,add,0.0,0.3,final,in,66,0.003111476369208921,69,0.002026167661447287
kimi,kimi_add_rho0_wd0.3_tiersNone,1001,add,0.0,0.3,final,in,67,0.0038496515071502696,50,0.002026167661447287
kimi,kimi_add_rho0_wd0.3_tiersNone,1001,add,0.0,0.3,final,in,68,0.0034240920918376548,61,0.002026167661447287
kimi,kimi_add_rho0_wd0.3_tiersNone,1001,add,0.0,0.3,final,in,69,0.005585549897917273,24,0.002026167661447287
kimi,kimi_add_rho0_wd0.3_tiersNone,1001,add,0.0,0.3,final,in,70,0.004694848286874634,32,0.002026167661447287
kimi,kimi_add_rho0_wd0.3_tiersNone,1001,add,0.0,0.3,final,in,71,0.005287847439464981,25,0.002026167661447287
kimi,kimi_add_rho0_wd0.3_tiersNone,1001,add,0.0,0.3,final,in,72,0.005140770299732668,28,0.002026167661447287
kimi,kimi_add_rho0_wd0.3_tiersNone,1001,add,0.0,0.3,final,in,73,0.003919090494363081,48,0.002026167661447287
kimi,kimi_add_rho0_wd0.3_tiersNone,1001,add,0.0,0.3,final,in,74,0.005183091018414803,26,0.002026167661447287
kimi,kimi_add_rho0_wd0.3_tiersNone,1001,add,0.0,0.3,final,out,1,0.0043907524998755346,51,0.0004760781064409354
kimi,kimi_add_rho0_wd0.3_tiersNone,1001,add,0.0,0.3,final,out,2,0.019393470970372226,15,0.0004760781064409354
kimi,kimi_add_rho0_wd0.3_tiersNone,1001,add,0.0,0.3,final,out,3,0.0034706770154753048,65,0.0004760781064409354
kimi,kimi_add_rho0_wd0.3_tiersNone,1001,add,0.0,0.3,final,out,4,0.0038206767658702356,58,0.0004760781064409354
kimi,kimi_add_rho0_wd0.3_tiersNone,1001,add,0.0,0.3,final,out,5,0.007860609929627524,24,0.0004760781064409354
kimi,kimi_add_rho0_wd0.3_tiersNone,1001,add,0.0,0.3,final,out,6,0.009396475985324889,19,0.0004760781064409354
kimi,kimi_add_rho0_wd0.3_tiersNone,1001,add,0.0,0.3,final,out,7,0.006915286391519697,27,0.0004760781064409354
kimi,kimi_add_rho0_wd0.3_tiersNone,1001,add,0.0,0.3,final,out,8,0.003329227159383231,68,0.0004760781064409354
kimi,kimi_add_rho0_wd0.3_tiersNone,1001,add,0.0,0.3,final,out,9,0.005713466978654473,34,0.0004760781064409354
kimi,kimi_add_rho0_wd0.3_tiersNone,1001,add,0.0,0.3,final,out,10,0.004222268342312405,52,0.0004760781064409354
kimi,kimi_add_rho0_wd0.3_tiersNone,1001,add,0.0,0.3,final,out,11,0.005869367253012514,33,0.0004760781064409354
kimi,kimi_add_rho0_wd0.3_tiersNone,1001,add,0.0,0.3,final,out,12,0.005490032342393053,36,0.0004760781064409354
kimi,kimi_add_rho0_wd0.3_tiersNone,1001,add,0.0,0.3,final,out,13,0.014407715076024714,17,0.0004760781064409354
kimi,kimi_add_rho0_wd0.3_tiersNone,1001,add,0.0,0.3,final,out,14,0.004559747321405583,49,0.0004760781064409354
kimi,kimi_add_rho0_wd0.3_tiersNone,1001,add,0.0,0.3,final,out,15,0.003448476551983021,66,0.0004760781064409354
kimi,kimi_add_rho0_wd0.3_tiersNone,1001,add,0.0,0.3,final,out,16,0.007090204371976401,26,0.0004760781064409354
kimi,kimi_add_rho0_wd0.3_tiersNone,1001,add,0.0,0.3,final,out,17,0.004511626534333674,50,0.0004760781064409354
kimi,kimi_add_rho0_wd0.3_tiersNone,1001,add,0.0,0.3,final,out,18,0.0032524364440385187,70,0.0004760781064409354
kimi,kimi_add_rho0_wd0.3_tiersNone,1001,add,0.0,0.3,final,out,19,0.004721935982207121,47,0.0004760781064409354
kimi,kimi_add_rho0_wd0.3_tiersNone,1001,add,0.0,0.3,final,out,20,0.0037213032153114167,62,0.0004760781064409354
kimi,kimi_add_rho0_wd0.3_tiersNone,1001,add,0.0,0.3,final,out,21,0.03012221654953997,10,0.0004760781064409354
kimi,kimi_add_rho0_wd0.3_tiersNone,1001,add,0.0,0.3,final,out,22,0.006527788173469935,28,0.0004760781064409354
kimi,kimi_add_rho0_wd0.3_tiersNone,1001,add,0.0,0.3,final,out,23,0.008277689540041624,22,0.0004760781064409354
kimi,kimi_add_rho0_wd0.3_tiersNone,1001,add,0.0,0.3,final,out,24,0.0053021960768149445,38,0.0004760781064409354
kimi,kimi_add_rho0_wd0.3_tiersNone,1001,add,0.0,0.3,final,out,25,0.021705948675606133,12,0.0004760781064409354
kimi,kimi_add_rho0_wd0.3_tiersNone,1001,add,0.0,0.3,final,out,26,0.07473760380536201,1,0.0004760781064409354
kimi,kimi_add_rho0_wd0.3_tiersNone,1001,add,0.0,0.3,final,out,27,0.0038099265060394017,59,0.0004760781064409354
kimi,kimi_add_rho0_wd0.3_tiersNone,1001,add,0.0,0.3,final,out,28,0.003377862431117666,67,0.0004760781064409354
kimi,kimi_add_rho0_wd0.3_tiersNone,1001,add,0.0,0.3,final,out,29,0.003925228278507997,57,0.0004760781064409354
kimi,kimi_add_rho0_wd0.3_tiersNone,1001,add,0.0,0.3,final,out,30,0.005190463785981797,41,0.0004760781064409354
kimi,kimi_add_rho0_wd0.3_tiersNone,1001,add,0.0,0.3,final,out,31,0.0030829164478016744,73,0.0004760781064409354
kimi,kimi_add_rho0_wd0.3_tiersNone,1001,add,0.0,0.3,final,out,32,0.07001113398457198,4,0.0004760781064409354
kimi,kimi_add_rho0_wd0.3_tiersNone,1001,add,0.0,0.3,final,out,33,0.004082109411171646,54,0.0004760781064409354
kimi,kimi_add_rho0_wd0.3_tiersNone,1001,add,0.0,0.3,final,out,34,0.0051483367445691675,42,0.0004760781064409354
kimi,kimi_add_rho0_wd0.3_tiersNone,1001,add,0.0,0.3,final,out,35,0.005568039438680655,35,0.0004760781064409354
kimi,kimi_add_rho0_wd0.3_tiersNone,1001,add,0.0,0.3,final,out,36,0.020241092887635065,13,0.0004760781064409354
kimi,kimi_add_rho0_wd0.3_tiersNone,1001,add,0.0,0.3,final,out,37,0.008228188637708612,23,0.0004760781064409354
kimi,kimi_add_rho0_wd0.3_tiersNone,1001,add,0.0,0.3,final,out,38,0.03889788817556661,8,0.0004760781064409354
kimi,kimi_add_rho0_wd0.3_tiersNone,1001,add,0.0,0.3,final,out,39,0.07381896805742602,2,0.0004760781064409354
kimi,kimi_add_rho0_wd0.3_tiersNone,1001,add,0.0,0.3,final,out,40,0.0036487057670390854,64,0.0004760781064409354
kimi,kimi_add_rho0_wd0.3_tiersNone,1001,add,0.0,0.3,final,out,41,0.003952655944802092,55,0.0004760781064409354
kimi,kimi_add_rho0_wd0.3_tiersNone,1001,add,0.0,0.3,final,out,42,0.0045972528993067615,48,0.0004760781064409354
kimi,kimi_add_rho0_wd0.3_tiersNone,1001,add,0.0,0.3,final,out,43,0.0051179678054750375,43,0.0004760781064409354
kimi,kimi_add_rho0_wd0.3_tiersNone,1001,add,0.0,0.3,final,out,44,0.003805567247970717,61,0.0004760781064409354
kimi,kimi_add_rho0_wd0.3_tiersNone,1001,add,0.0,0.3,final,out,45,0.0031341549397815908,71,0.0004760781064409354
kimi,kimi_add_rho0_wd0.3_tiersNone,1001,add,0.0,0.3,final,out,46,0.016069148230112098,16,0.0004760781064409354
kimi,kimi_add_rho0_wd0.3_tiersNone,1001,add,0.0,0.3,final,out,47,0.005007388033327898,44,0.0004760781064409354
kimi,kimi_add_rho0_wd0.3_tiersNone,1001,add,0.0,0.3,final,out,48,0.06925155178911958,5,0.0004760781064409354
kimi,kimi_add_rho0_wd0.3_tiersNone,1001,add,0.0,0.3,final,out,49,0.008489113111297032,21,0.0004760781064409354
kimi,kimi_add_rho0_wd0.3_tiersNone,1001,add,0.0,0.3,final,out,50,0.005323014359345599,37,0.0004760781064409354
kimi,kimi_add_rho0_wd0.3_tiersNone,1001,add,0.0,0.3,final,out,51,0.003134082539810485,72,0.0004760781064409354
kimi,kimi_add_rho0_wd0.3_tiersNone,1001,add,0.0,0.3,final,out,52,0.022385373410466106,11,0.0004760781064409354
kimi,kimi_add_rho0_wd0.3_tiersNone,1001,add,0.0,0.3,final,out,53,0.030213111763821025,9,0.0004760781064409354
kimi,kimi_add_rho0_wd0.3_tiersNone,1001,add,0.0,0.3,final,out,54,0.0060307953408577,31,0.0004760781064409354
kimi,kimi_add_rho0_wd0.3_tiersNone,1001,add,0.0,0.3,final,out,55,0.0061025367752210544,30,0.0004760781064409354
kimi,kimi_add_rho0_wd0.3_tiersNone,1001,add,0.0,0.3,final,out,56,0.0048746660947731335,45,0.0004760781064409354
kimi,kimi_add_rho0_wd0.3_tiersNone,1001,add,0.0,0.3,final,out,57,0.0037001782215885896,63,0.0004760781064409354
kimi,kimi_add_rho0_wd0.3_tiersNone,1001,add,0.0,0.3,final,out,58,0.004722657352561605,46,0.0004760781064409354
kimi,kimi_add_rho0_wd0.3_tiersNone,1001,add,0.0,0.3,final,out,59,0.04404763409165697,7,0.0004760781064409354
kimi,kimi_add_rho0_wd0.3_tiersNone,1001,add,0.0,0.3,final,out,60,0.007386501859406604,25,0.0004760781064409354
kimi,kimi_add_rho0_wd0.3_tiersNone,1001,add,0.0,0.3,final,out,61,0.01426572693113605,18,0.0004760781064409354
kimi,kimi_add_rho0_wd0.3_tiersNone,1001,add,0.0,0.3,final,out,62,0.06703406023082313,6,0.0004760781064409354
kimi,kimi_add_rho0_wd0.3_tiersNone,1001,add,0.0,0.3,final,out,63,0.004117819692652209,53,0.0004760781064409354
kimi,kimi_add_rho0_wd0.3_tiersNone,1001,add,0.0,0.3,final,out,64,0.07005513243969642,3,0.0004760781064409354
kimi,kimi_add_rho0_wd0.3_tiersNone,1001,add,0.0,0.3,final,out,65,0.019631879146404324,14,0.0004760781064409354
kimi,kimi_add_rho0_wd0.3_tiersNone,1001,add,0.0,0.3,final,out,66,0.0032744025535116246,69,0.0004760781064409354
kimi,kimi_add_rho0_wd0.3_tiersNone,1001,add,0.0,0.3,final,out,67,0.003935917349121214,56,0.0004760781064409354
kimi,kimi_add_rho0_wd0.3_tiersNone,1001,add,0.0,0.3,final,out,68,0.0030154236950340183,74,0.0004760781064409354
kimi,kimi_add_rho0_wd0.3_tiersNone,1001,add,0.0,0.3,final,out,69,0.003807237928516464,60,0.0004760781064409354
kimi,kimi_add_rho0_wd0.3_tiersNone,1001,add,0.0,0.3,final,out,70,0.005290444652783598,39,0.0004760781064409354
kimi,kimi_add_rho0_wd0.3_tiersNone,1001,add,0.0,0.3,final,out,71,0.0063978668459728095,29,0.0004760781064409354
kimi,kimi_add_rho0_wd0.3_tiersNone,1001,add,0.0,0.3,final,out,72,0.009381826808666907,20,0.0004760781064409354
kimi,kimi_add_rho0_wd0.3_tiersNone,1001,add,0.0,0.3,final,out,73,0.005894262741351662,32,0.0004760781064409354
kimi,kimi_add_rho0_wd0.3_tiersNone,1001,add,0.0,0.3,final,out,74,0.005262586667874424,40,0.0004760781064409354
kimi,kimi_add_rho0_wd0.3_tiersNone,1002,add,0.0,0.3,final,in,1,0.003808778474154212,63,0.0025752176478904846
kimi,kimi_add_rho0_wd0.3_tiersNone,1002,add,0.0,0.3,final,in,2,0.005634037919948403,33,0.0025752176478904846
kimi,kimi_add_rho0_wd0.3_tiersNone,1002,add,0.0,0.3,final,in,3,0.0038640459921082298,62,0.0025752176478904846
kimi,kimi_add_rho0_wd0.3_tiersNone,1002,add,0.0,0.3,final,in,4,0.006260866687292729,23,0.0025752176478904846
kimi,kimi_add_rho0_wd0.3_tiersNone,1002,add,0.0,0.3,final,in,5,0.008312669042906005,17,0.0025752176478904846
kimi,kimi_add_rho0_wd0.3_tiersNone,1002,add,0.0,0.3,final,in,6,0.003938815109200251,61,0.0025752176478904846
kimi,kimi_add_rho0_wd0.3_tiersNone,1002,add,0.0,0.3,final,in,7,0.010657688904815369,10,0.0025752176478904846
kimi,kimi_add_rho0_wd0.3_tiersNone,1002,add,0.0,0.3,final,in,8,0.004184557776725022,57,0.0025752176478904846
kimi,kimi_add_rho0_wd0.3_tiersNone,1002,add,0.0,0.3,final,in,9,0.005372609769579022,37,0.0025752176478904846
kimi,kimi_add_rho0_wd0.3_tiersNone,1002,add,0.0,0.3,final,in,10,0.005966330542760003,27,0.0025752176478904846
kimi,kimi_add_rho0_wd0.3_tiersNone,1002,add,0.0,0.3,final,in,11,0.0052009479326797885,39,0.0025752176478904846
kimi,kimi_add_rho0_wd0.3_tiersNone,1002,add,0.0,0.3,final,in,12,0.004137526268204071,58,0.0025752176478904846
kimi,kimi_add_rho0_wd0.3_tiersNone,1002,add,0.0,0.3,final,in,13,0.005769762058409444,29,0.0025752176478904846
kimi,kimi_add_rho0_wd0.3_tiersNone,1002,add,0.0,0.3,final,in,14,0.008065101516473897,19,0.0025752176478904846
kimi,kimi_add_rho0_wd0.3_tiersNone,1002,add,0.0,0.3,final,in,15,0.011983324875055539,8,0.0025752176478904846
kimi,kimi_add_rho0_wd0.3_tiersNone,1002,add,0.0,0.3,final,in,16,0.003416131174549823,72,0.0025752176478904846
kimi,kimi_add_rho0_wd0.3_tiersNone,1002,add,0.0,0.3,final,in,17,0.004578145747226154,50,0.0025752176478904846
kimi,kimi_add_rho0_wd0.3_tiersNone,1002,add,0.0,0.3,final,in,18,0.0036730416642964427,68,0.0025752176478904846
kimi,kimi_add_rho0_wd0.3_tiersNone,1002,add,0.0,0.3,final,in,19,0.005764561674324734,30,0.0025752176478904846
kimi,kimi_add_rho0_wd0.3_tiersNone,1002,add,0.0,0.3,final,in,20,0.08070374441960035,4,0.0025752176478904846
kimi,kimi_add_rho0_wd0.3_tiersNone,1002,add,0.0,0.3,final,in,21,0.005034345093705161,43,0.0025752176478904846
kimi,kimi_add_rho0_wd0.3_tiersNone,1002,add,0.0,0.3,final,in,22,0.004517123793053441,51,0.0025752176478904846
kimi,kimi_add_rho0_wd0.3_tiersNone,1002,add,0.0,0.3,final,in,23,0.004725092092941141,47,0.0025752176478904846
kimi,kimi_add_rho0_wd0.3_tiersNone,1002,add,0.0,0.3,final,in,24,0.004634346568802862,48,0.0025752176478904846
kimi,kimi_add_rho0_wd0.3_tiersNone,1002,add,0.0,0.3,final,in,25,0.03634360983940919,5,0.0025752176478904846
kimi,kimi_add_rho0_wd0.3_tiersNone,1002,add,0.0,0.3,final,in,26,0.003523546367587955,70,0.0025752176478904846
kimi,kimi_add_rho0_wd0.3_tiersNone,1002,add,0.0,0.3,final,in,27,0.005558400430365967,35,0.0025752176478904846
kimi,kimi_add_rho0_wd0.3_tiersNone,1002,add,0.0,0.3,final,in,28,0.004206482107040688,56,0.0025752176478904846
kimi,kimi_add_rho0_wd0.3_tiersNone,1002,add,0.0,0.3,final,in,29,0.0037230912057014368,65,0.0025752176478904846
kimi,kimi_add_rho0_wd0.3_tiersNone,1002,add,0.0,0.3,final,in,30,0.007199142663361638,20,0.0025752176478904846
kimi,kimi_add_rho0_wd0.3_tiersNone,1002,add,0.0,0.3,final,in,31,0.0048892076828203936,46,0.0025752176478904846
kimi,kimi_add_rho0_wd0.3_tiersNone,1002,add,0.0,0.3,final,in,32,0.006146416946136535,24,0.0025752176478904846
kimi,kimi_add_rho0_wd0.3_tiersNone,1002,add,0.0,0.3,final,in,33,0.003659636942350768,69,0.0025752176478904846
kimi,kimi_add_rho0_wd0.3_tiersNone,1002,add,0.0,0.3,final,in,34,0.008091610478652032,18,0.0025752176478904846
kimi,kimi_add_rho0_wd0.3_tiersNone,1002,add,0.0,0.3,final,in,35,0.005291813870644016,38,0.0025752176478904846
kimi,kimi_add_rho0_wd0.3_tiersNone,1002,add,0.0,0.3,final,in,36,0.004578334057868447,49,0.0025752176478904846
kimi,kimi_add_rho0_wd0.3_tiersNone,1002,add,0.0,0.3,final,in,37,0.003962197472091162,60,0.0025752176478904846
kimi,kimi_add_rho0_wd0.3_tiersNone,1002,add,0.0,0.3,final,in,38,0.004421001269110876,53,0.0025752176478904846
kimi,kimi_add_rho0_wd0.3_tiersNone,1002,add,0.0,0.3,final,in,39,0.0057505019529156525,31,0.0025752176478904846
kimi,kimi_add_rho0_wd0.3_tiersNone,1002,add,0.0,0.3,final,in,40,0.008488767592035535,16,0.0025752176478904846
kimi,kimi_add_rho0_wd0.3_tiersNone,1002,add,0.0,0.3,final,in,41,0.0034047522655125,73,0.0025752176478904846
kimi,kimi_add_rho0_wd0.3_tiersNone,1002,add,0.0,0.3,final,in,42,0.00866441100420376,15,0.0025752176478904846
kimi,kimi_add_rho0_wd0.3_tiersNone,1002,add,0.0,0.3,final,in,43,0.0036930321726238516,66,0.0025752176478904846
kimi,kimi_add_rho0_wd0.3_tiersNone,1002,add,0.0,0.3,final,in,44,0.009858989161341017,12,0.0025752176478904846
kimi,kimi_add_rho0_wd0.3_tiersNone,1002,add,0.0,0.3,final,in,45,0.009829004674357388,13,0.0025752176478904846
kimi,kimi_add_rho0_wd0.3_tiersNone,1002,add,0.0,0.3,final,in,46,0.010382269759300553,11,0.0025752176478904846
kimi,kimi_add_rho0_wd0.3_tiersNone,1002,add,0.0,0.3,final,in,47,0.005802643014312985,28,0.0025752176478904846
kimi,kimi_add_rho0_wd0.3_tiersNone,1002,add,0.0,0.3,final,in,48,0.0034409657308822348,71,0.0025752176478904846
kimi,kimi_add_rho0_wd0.3_tiersNone,1002,add,0.0,0.3,final,in,49,0.005056817635292511,41,0.0025752176478904846
kimi,kimi_add_rho0_wd0.3_tiersNone,1002,add,0.0,0.3,final,in,50,0.015387126105133214,7,0.0025752176478904846
kimi,kimi_add_rho0_wd0.3_tiersNone,1002,add,0.0,0.3,final,in,51,0.0041263465247893235,59,0.0025752176478904846
kimi,kimi_add_rho0_wd0.3_tiersNone,1002,add,0.0,0.3,final,in,52,0.006677584449088483,21,0.0025752176478904846
kimi,kimi_add_rho0_wd0.3_tiersNone,1002,add,0.0,0.3,final,in,53,0.005017580179079596,44,0.0025752176478904846
kimi,kimi_add_rho0_wd0.3_tiersNone,1002,add,0.0,0.3,final,in,54,0.006136859594066076,25,0.0025752176478904846
kimi,kimi_add_rho0_wd0.3_tiersNone,1002,add,0.0,0.3,final,in,55,0.005040340490817607,42,0.0025752176478904846
kimi,kimi_add_rho0_wd0.3_tiersNone,1002,add,0.0,0.3,final,in,56,0.005614882715419983,34,0.0025752176478904846
kimi,kimi_add_rho0_wd0.3_tiersNone,1002,add,0.0,0.3,final,in,57,0.010867908414679838,9,0.0025752176478904846
kimi,kimi_add_rho0_wd0.3_tiersNone,1002,add,0.0,0.3,final,in,58,0.01565212947771071,6,0.0025752176478904846
kimi,kimi_add_rho0_wd0.3_tiersNone,1002,add,0.0,0.3,final,in,59,0.14011906521648598,3,0.0025752176478904846
kimi,kimi_add_rho0_wd0.3_tiersNone,1002,add,0.0,0.3,final,in,60,0.003691892808566752,67,0.0025752176478904846
kimi,kimi_add_rho0_wd0.3_tiersNone,1002,add,0.0,0.3,final,in,61,0.0037556826369140902,64,0.0025752176478904846
kimi,kimi_add_rho0_wd0.3_tiersNone,1002,add,0.0,0.3,final,in,62,0.005164346322406818,40,0.0025752176478904846
kimi,kimi_add_rho0_wd0.3_tiersNone,1002,add,0.0,0.3,final,in,63,0.004501037699008929,52,0.0025752176478904846
kimi,kimi_add_rho0_wd0.3_tiersNone,1002,add,0.0,0.3,final,in,64,0.004913083602374182,45,0.0025752176478904846
kimi,kimi_add_rho0_wd0.3_tiersNone,1002,add,0.0,0.3,final,in,65,0.006612583231744618,22,0.0025752176478904846
kimi,kimi_add_rho0_wd0.3_tiersNone,1002,add,0.0,0.3,final,in,66,0.004217499040192449,55,0.0025752176478904846
kimi,kimi_add_rho0_wd0.3_tiersNone,1002,add,0.0,0.3,final,in,67,0.15876089669903345,2,0.0025752176478904846
kimi,kimi_add_rho0_wd0.3_tiersNone,1002,add,0.0,0.3,final,in,68,0.004373119025746109,54,0.0025752176478904846
kimi,kimi_add_rho0_wd0.3_tiersNone,1002,add,0.0,0.3,final,in,69,0.009182582142880806,14,0.0025752176478904846
kimi,kimi_add_rho0_wd0.3_tiersNone,1002,add,0.0,0.3,final,in,70,0.005743637322709343,32,0.0025752176478904846
kimi,kimi_add_rho0_wd0.3_tiersNone,1002,add,0.0,0.3,final,in,71,0.17350950966203424,1,0.0025752176478904846
kimi,kimi_add_rho0_wd0.3_tiersNone,1002,add,0.0,0.3,final,in,72,0.005512337655825725,36,0.0025752176478904846
kimi,kimi_add_rho0_wd0.3_tiersNone,1002,add,0.0,0.3,final,in,73,0.0032666126700686437,74,0.0025752176478904846
kimi,kimi_add_rho0_wd0.3_tiersNone,1002,add,0.0,0.3,final,in,74,0.0059851149184918925,26,0.0025752176478904846
kimi,kimi_add_rho0_wd0.3_tiersNone,1002,add,0.0,0.3,final,out,1,0.005580564069631847,31,0.00042529869615227375
kimi,kimi_add_rho0_wd0.3_tiersNone,1002,add,0.0,0.3,final,out,2,0.005718502389687165,30,0.00042529869615227375
kimi,kimi_add_rho0_wd0.3_tiersNone,1002,add,0.0,0.3,final,out,3,0.004818662257272443,38,0.00042529869615227375
kimi,kimi_add_rho0_wd0.3_tiersNone,1002,add,0.0,0.3,final,out,4,0.008234435722258918,23,0.00042529869615227375
kimi,kimi_add_rho0_wd0.3_tiersNone,1002,add,0.0,0.3,final,out,5,0.01131535739873644,16,0.00042529869615227375
kimi,kimi_add_rho0_wd0.3_tiersNone,1002,add,0.0,0.3,final,out,6,0.0037485608902379118,58,0.00042529869615227375
kimi,kimi_add_rho0_wd0.3_tiersNone,1002,add,0.0,0.3,final,out,7,0.01755141790388392,10,0.00042529869615227375
kimi,kimi_add_rho0_wd0.3_tiersNone,1002,add,0.0,0.3,final,out,8,0.0035253330859539318,65,0.00042529869615227375
kimi,kimi_add_rho0_wd0.3_tiersNone,1002,add,0.0,0.3,final,out,9,0.0040988276551395895,50,0.00042529869615227375
kimi,kimi_add_rho0_wd0.3_tiersNone,1002,add,0.0,0.3,final,out,10,0.0041477996452701,48,0.00042529869615227375
kimi,kimi_add_rho0_wd0.3_tiersNone,1002,add,0.0,0.3,final,out,11,0.005721990901814914,29,0.00042529869615227375
kimi,kimi_add_rho0_wd0.3_tiersNone,1002,add,0.0,0.3,final,out,12,0.0071754454133663385,25,0.00042529869615227375
kimi,kimi_add_rho0_wd0.3_tiersNone,1002,add,0.0,0.3,final,out,13,0.005259345494667293,35,0.00042529869615227375
kimi,kimi_add_rho0_wd0.3_tiersNone,1002,add,0.0,0.3,final,out,14,0.012745894384278941,15,0.00042529869615227375
kimi,kimi_add_rho0_wd0.3_tiersNone,1002,add,0.0,0.3,final,out,15,0.0077766943142495385,24,0.00042529869615227375
kimi,kimi_add_rho0_wd0.3_tiersNone,1002,add,0.0,0.3,final,out,16,0.0036695883045137936,60,0.00042529869615227375
kimi,kimi_add_rho0_wd0.3_tiersNone,1002,add,0.0,0.3,final,out,17,0.003862131286278642,52,0.00042529869615227375
kimi,kimi_add_rho0_wd0.3_tiersNone,1002,add,0.0,0.3,final,out,18,0.0030958582773750153,71,0.00042529869615227375
kimi,kimi_add_rho0_wd0.3_tiersNone,1002,add,0.0,0.3,final,out,19,0.01020615719514856,18,0.00042529869615227375
kimi,kimi_add_rho0_wd0.3_tiersNone,1002,add,0.0,0.3,final,out,20,0.09249401792769554,4,0.00042529869615227375
kimi,kimi_add_rho0_wd0.3_tiersNone,1002,add,0.0,0.3,final,out,21,0.004407487695694786,45,0.00042529869615227375
kimi,kimi_add_rho0_wd0.3_tiersNone,1002,add,0.0,0.3,final,out,22,0.0037493863348664162,57,0.00042529869615227375
kimi,kimi_add_rho0_wd0.3_tiersNone,1002,add,0.0,0.3,final,out,23,0.004675556440044782,40,0.00042529869615227375
kimi,kimi_add_rho0_wd0.3_tiersNone,1002,add,0.0,0.3,final,out,24,0.0035177572661122766,66,0.00042529869615227375
kimi,kimi_add_rho0_wd0.3_tiersNone,1002,add,0.0,0.3,final,out,25,0.06403964569198643,5,0.00042529869615227375
kimi,kimi_add_rho0_wd0.3_tiersNone,1002,add,0.0,0.3,final,out,26,0.003393442530336157,68,0.00042529869615227375
kimi,kimi_add_rho0_wd0.3_tiersNone,1002,add,0.0,0.3,final,out,27,0.0044703695141421204,44,0.00042529869615227375
kimi,kimi_add_rho0_wd0.3_tiersNone,1002,add,0.0,0.3,final,out,28,0.003659849686559868,61,0.00042529869615227375
kimi,kimi_add_rho0_wd0.3_tiersNone,1002,add,0.0,0.3,final,out,29,0.0037862041346467916,56,0.00042529869615227375
kimi,kimi_add_rho0_wd0.3_tiersNone,1002,add,0.0,0.3,final,out,30,0.006974988595743638,26,0.00042529869615227375
kimi,kimi_add_rho0_wd0.3_tiersNone,1002,add,0.0,0.3,final,out,31,0.00428663316965558,47,0.00042529869615227375
kimi,kimi_add_rho0_wd0.3_tiersNone,1002,add,0.0,0.3,final,out,32,0.0035993211804076245,63,0.00042529869615227375
kimi,kimi_add_rho0_wd0.3_tiersNone,1002,add,0.0,0.3,final,out,33,0.0038379976155882055,54,0.00042529869615227375
kimi,kimi_add_rho0_wd0.3_tiersNone,1002,add,0.0,0.3,final,out,34,0.017879787003147577,9,0.00042529869615227375
kimi,kimi_add_rho0_wd0.3_tiersNone,1002,add,0.0,0.3,final,out,35,0.005328572568957481,34,0.00042529869615227375
kimi,kimi_add_rho0_wd0.3_tiersNone,1002,add,0.0,0.3,final,out,36,0.005088347055923642,37,0.00042529869615227375
kimi,kimi_add_rho0_wd0.3_tiersNone,1002,add,0.0,0.3,final,out,37,0.0035090581552863855,67,0.00042529869615227375
kimi,kimi_add_rho0_wd0.3_tiersNone,1002,add,0.0,0.3,final,out,38,0.0037000557894691036,59,0.00042529869615227375
kimi,kimi_add_rho0_wd0.3_tiersNone,1002,add,0.0,0.3,final,out,39,0.00832423116474039,22,0.00042529869615227375
kimi,kimi_add_rho0_wd0.3_tiersNone,1002,add,0.0,0.3,final,out,40,0.003953663601297973,51,0.00042529869615227375
kimi,kimi_add_rho0_wd0.3_tiersNone,1002,add,0.0,0.3,final,out,41,0.0035604753927047,64,0.00042529869615227375
kimi,kimi_add_rho0_wd0.3_tiersNone,1002,add,0.0,0.3,final,out,42,0.011037556009407304,17,0.00042529869615227375
kimi,kimi_add_rho0_wd0.3_tiersNone,1002,add,0.0,0.3,final,out,43,0.0038219188092031274,55,0.00042529869615227375
kimi,kimi_add_rho0_wd0.3_tiersNone,1002,add,0.0,0.3,final,out,44,0.009304534496829234,20,0.00042529869615227375
kimi,kimi_add_rho0_wd0.3_tiersNone,1002,add,0.0,0.3,final,out,45,0.015001302379939963,13,0.00042529869615227375
kimi,kimi_add_rho0_wd0.3_tiersNone,1002,add,0.0,0.3,final,out,46,0.03171819042234284,6,0.00042529869615227375
kimi,kimi_add_rho0_wd0.3_tiersNone,1002,add,0.0,0.3,final,out,47,0.00465877016758172,41,0.00042529869615227375
kimi,kimi_add_rho0_wd0.3_tiersNone,1002,add,0.0,0.3,final,out,48,0.002834464632606474,74,0.00042529869615227375
kimi,kimi_add_rho0_wd0.3_tiersNone,1002,add,0.0,0.3,final,out,49,0.005247355075654842,36,0.00042529869615227375
kimi,kimi_add_rho0_wd0.3_tiersNone,1002,add,0.0,0.3,final,out,50,0.017420107441172734,11,0.00042529869615227375
kimi,kimi_add_rho0_wd0.3_tiersNone,1002,add,0.0,0.3,final,out,51,0.004618590367204662,42,0.00042529869615227375
kimi,kimi_add_rho0_wd0.3_tiersNone,1002,add,0.0,0.3,final,out,52,0.0058216647197072875,28,0.00042529869615227375
kimi,kimi_add_rho0_wd0.3_tiersNone,1002,add,0.0,0.3,final,out,53,0.022746427552046155,8,0.00042529869615227375
kimi,kimi_add_rho0_wd0.3_tiersNone,1002,add,0.0,0.3,final,out,54,0.008376148184531241,21,0.00042529869615227375
kimi,kimi_add_rho0_wd0.3_tiersNone,1002,add,0.0,0.3,final,out,55,0.004146287031791272,49,0.00042529869615227375
kimi,kimi_add_rho0_wd0.3_tiersNone,1002,add,0.0,0.3,final,out,56,0.006524738430475811,27,0.00042529869615227375
kimi,kimi_add_rho0_wd0.3_tiersNone,1002,add,0.0,0.3,final,out,57,0.015306509141874775,12,0.00042529869615227375
kimi,kimi_add_rho0_wd0.3_tiersNone,1002,add,0.0,0.3,final,out,58,0.02733615670943642,7,0.00042529869615227375
kimi,kimi_add_rho0_wd0.3_tiersNone,1002,add,0.0,0.3,final,out,59,0.11009361582521097,2,0.00042529869615227375
kimi,kimi_add_rho0_wd0.3_tiersNone,1002,add,0.0,0.3,final,out,60,0.003233141508059245,70,0.00042529869615227375
kimi,kimi_add_rho0_wd0.3_tiersNone,1002,add,0.0,0.3,final,out,61,0.004603305919484046,43,0.00042529869615227375
kimi,kimi_add_rho0_wd0.3_tiersNone,1002,add,0.0,0.3,final,out,62,0.0036089250927027776,62,0.00042529869615227375
kimi,kimi_add_rho0_wd0.3_tiersNone,1002,add,0.0,0.3,final,out,63,0.003844472557708883,53,0.00042529869615227375
kimi,kimi_add_rho0_wd0.3_tiersNone,1002,add,0.0,0.3,final,out,64,0.0030167252084264515,73,0.00042529869615227375
kimi,kimi_add_rho0_wd0.3_tiersNone,1002,add,0.0,0.3,final,out,65,0.014395334323022225,14,0.00042529869615227375
kimi,kimi_add_rho0_wd0.3_tiersNone,1002,add,0.0,0.3,final,out,66,0.0032867399489212006,69,0.00042529869615227375
kimi,kimi_add_rho0_wd0.3_tiersNone,1002,add,0.0,0.3,final,out,67,0.14178839028757048,1,0.00042529869615227375
kimi,kimi_add_rho0_wd0.3_tiersNone,1002,add,0.0,0.3,final,out,68,0.0054001672249752095,33,0.00042529869615227375
kimi,kimi_add_rho0_wd0.3_tiersNone,1002,add,0.0,0.3,final,out,69,0.009645573678424012,19,0.00042529869615227375
kimi,kimi_add_rho0_wd0.3_tiersNone,1002,add,0.0,0.3,final,out,70,0.004733637582093392,39,0.00042529869615227375
kimi,kimi_add_rho0_wd0.3_tiersNone,1002,add,0.0,0.3,final,out,71,0.09704077984245858,3,0.00042529869615227375
kimi,kimi_add_rho0_wd0.3_tiersNone,1002,add,0.0,0.3,final,out,72,0.005434960959333672,32,0.00042529869615227375
kimi,kimi_add_rho0_wd0.3_tiersNone,1002,add,0.0,0.3,final,out,73,0.0030682996242776413,72,0.00042529869615227375
kimi,kimi_add_rho0_wd0.3_tiersNone,1002,add,0.0,0.3,final,out,74,0.00439579374075257,46,0.00042529869615227375
