arch,condition,seed,task,rho,wd,step,side,mode,energy_share,rank,dc_share
mamba,mamba_add_rho0.02_wd0.1_tiersNone,1000,add,0.02,0.1,final,in,1,0.005972474841800621,42,0.005168042086140715
mamba,mamba_add_rho0.02_wd0.1_tiersNone,1000,add,0.02,0.1,final,in,2,0.006212063888346437,39,0.005168042086140715
mamba,mamba_add_rho0.02_wd0.1_tiersNone,1000,add,0.02,0.1,final,in,3,0.0066689142068962,30,0.005168042086140715
mamba,mamba_add_rho0.02_wd0.1_tiersNone,1000,add,0.02,0.1,final,in,4,0.005892668946378365,45,0.005168042086140715
mamba,mamba_add_rho0.02_wd0.1_tiersNone,1000,add,0.02,0.1,final,in,5,0.005468823504845067,63,0.005168042086140715
mamba,mamba_add_rho0.02_wd0.1_tiersNone,1000,add,0.02,0.1,final,in,6,0.005575107959103222,58,0.005168042086140715
mamba,mamba_add_rho0.02_wd0.1_tiersNone,1000,add,0.02,0.1,final,in,7,0.008671600912080737,12,0.005168042086140715
mamba,mamba_add_rho0.02_wd0.1_tiersNone,1000,add,0.02,0.1,final,in,8,0.005438639836961155,64,0.005168042086140715
mamba,mamba_add_rho0.02_wd0.1_tiersNone,1000,add,0.02,0.1,final,in,9,0.007093598719823473,20,0.005168042086140715
mamba,mamba_add_rho0.02_wd0.1_tiersNone,1000,add,0.02,0.1,final,in,10,0.005341997140017328,70,0.005168042086140715
mamba,mamba_add_rho0.02_wd0.1_tiersNone,1000,add,0.02,0.1,final,in,11,0.006274966213613703,37,0.005168042086140715
mamba,mamba_add_rho0.02_wd0.1_tiersNone,1000,add,0.02,0.1,final,in,12,0.037081831833738414,9,0.005168042086140715
mamba,mamba_add_rho0.02_wd0.1_tiersNone,1000,add,0.02,0.1,final,in,13,0.00696786656229302,22,0.005168042086140715
mamba,mamba_add_rho0.02_wd0.1_tiersNone,1000,add,0.02,0.1,final,in,14,0.006287683299939048,35,0.005168042086140715
mamba,mamba_add_rho0.02_wd0.1_tiersNone,1000,add,0.02,0.1,final,in,15,0.008522146686443669,13,0.005168042086140715
mamba,mamba_add_rho0.02_wd0.1_tiersNone,1000,add,0.02,0.1,final,in,16,0.0071728465049498286,18,0.005168042086140715
mamba,mamba_add_rho0.02_wd0.1_tiersNone,1000,add,0.02,0.1,final,in,17,0.0066992283534451505,29,0.005168042086140715
mamba,mamba_add_rho0.02_wd0.1_tiersNone,1000,add,0.02,0.1,final,in,18,0.005562343038270909,61,0.005168042086140715
mamba,mamba_add_rho0.02_wd0.1_tiersNone,1000,add,0.02,0.1,final,in,19,0.008163779606721896,14,0.005168042086140715
mamba,mamba_add_rho0.02_wd0.1_tiersNone,1000,add,0.02,0.1,final,in,20,0.005924274456526967,43,0.005168042086140715
mamba,mamba_add_rho0.02_wd0.1_tiersNone,1000,add,0.02,0.1,final,in,21,0.005641989434551141,55,0.005168042086140715
mamba,mamba_add_rho0.02_wd0.1_tiersNone,1000,add,0.02,0.1,final,in,22,0.005705832686498016,53,0.005168042086140715
mamba,mamba_add_rho0.02_wd0.1_tiersNone,1000,add,0.02,0.1,final,in,23,0.005810219006368712,50,0.005168042086140715
mamba,mamba_add_rho0.02_wd0.1_tiersNone,1000,add,0.02,0.1,final,in,24,0.007642233858545855,17,0.005168042086140715
mamba,mamba_add_rho0.02_wd0.1_tiersNone,1000,add,0.02,0.1,final,in,25,0.005477944316103569,62,0.005168042086140715
mamba,mamba_add_rho0.02_wd0.1_tiersNone,1000,add,0.02,0.1,final,in,26,0.006897899030993175,24,0.005168042086140715
mamba,mamba_add_rho0.02_wd0.1_tiersNone,1000,add,0.02,0.1,final,in,27,0.005255216629595269,73,0.005168042086140715
mamba,mamba_add_rho0.02_wd0.1_tiersNone,1000,add,0.02,0.1,final,in,28,0.0053865194853785795,67,0.005168042086140715
mamba,mamba_add_rho0.02_wd0.1_tiersNone,1000,add,0.02,0.1,final,in,29,0.011578731694918661,10,0.005168042086140715
mamba,mamba_add_rho0.02_wd0.1_tiersNone,1000,add,0.02,0.1,final,in,30,0.005290554335666388,71,0.005168042086140715
mamba,mamba_add_rho0.02_wd0.1_tiersNone,1000,add,0.02,0.1,final,in,31,0.006429436058551189,32,0.005168042086140715
mamba,mamba_add_rho0.02_wd0.1_tiersNone,1000,add,0.02,0.1,final,in,32,0.00633111933688019,34,0.005168042086140715
mamba,mamba_add_rho0.02_wd0.1_tiersNone,1000,add,0.02,0.1,final,in,33,0.00492823689865917,74,0.005168042086140715
mamba,mamba_add_rho0.02_wd0.1_tiersNone,1000,add,0.02,0.1,final,in,34,0.005437331517180261,65,0.005168042086140715
mamba,mamba_add_rho0.02_wd0.1_tiersNone,1000,add,0.02,0.1,final,in,35,0.006722629181530558,28,0.005168042086140715
mamba,mamba_add_rho0.02_wd0.1_tiersNone,1000,add,0.02,0.1,final,in,36,0.006356798888702436,33,0.005168042086140715
mamba,mamba_add_rho0.02_wd0.1_tiersNone,1000,add,0.02,0.1,final,in,37,0.06971012461255066,3,0.005168042086140715
mamba,mamba_add_rho0.02_wd0.1_tiersNone,1000,add,0.02,0.1,final,in,38,0.005633093938605214,56,0.005168042086140715
mamba,mamba_add_rho0.02_wd0.1_tiersNone,1000,add,0.02,0.1,final,in,39,0.005893388148089618,44,0.005168042086140715
mamba,mamba_add_rho0.02_wd0.1_tiersNone,1000,add,0.02,0.1,final,in,40,0.006286679272269171,36,0.005168042086140715
mamba,mamba_add_rho0.02_wd0.1_tiersNone,1000,add,0.02,0.1,final,in,41,0.005385733245085332,68,0.005168042086140715
mamba,mamba_add_rho0.02_wd0.1_tiersNone,1000,add,0.02,0.1,final,in,42,0.005574023968595313,59,0.005168042086140715
mamba,mamba_add_rho0.02_wd0.1_tiersNone,1000,add,0.02,0.1,final,in,43,0.005729879679243278,52,0.005168042086140715
mamba,mamba_add_rho0.02_wd0.1_tiersNone,1000,add,0.02,0.1,final,in,44,0.006184628643195268,40,0.005168042086140715
mamba,mamba_add_rho0.02_wd0.1_tiersNone,1000,add,0.02,0.1,final,in,45,0.005568246520614288,60,0.005168042086140715
mamba,mamba_add_rho0.02_wd0.1_tiersNone,1000,add,0.02,0.1,final,in,46,0.060555956830642035,6,0.005168042086140715
mamba,mamba_add_rho0.02_wd0.1_tiersNone,1000,add,0.02,0.1,final,in,47,0.009343169967889666,11,0.005168042086140715
mamba,mamba_add_rho0.02_wd0.1_tiersNone,1000,add,0.02,0.1,final,in,48,0.0053656592080543715,69,0.005168042086140715
mamba,mamba_add_rho0.02_wd0.1_tiersNone,1000,add,0.02,0.1,final,in,49,0.006798045274996727,26,0.005168042086140715
mamba,mamba_add_rho0.02_wd0.1_tiersNone,1000,add,0.02,0.1,final,in,50,0.006936636251087876,23,0.005168042086140715
mamba,mamba_add_rho0.02_wd0.1_tiersNone,1000,add,0.02,0.1,final,in,51,0.060411674939717615,7,0.005168042086140715
mamba,mamba_add_rho0.02_wd0.1_tiersNone,1000,add,0.02,0.1,final,in,52,0.0053888362586650565,66,0.005168042086140715
mamba,mamba_add_rho0.02_wd0.1_tiersNone,1000,add,0.02,0.1,final,in,53,0.005823664832158274,47,0.005168042086140715
mamba,mamba_add_rho0.02_wd0.1_tiersNone,1000,add,0.02,0.1,final,in,54,0.007117416719128568,19,0.005168042086140715
mamba,mamba_add_rho0.02_wd0.1_tiersNone,1000,add,0.02,0.1,final,in,55,0.006665891800864252,31,0.005168042086140715
mamba,mamba_add_rho0.02_wd0.1_tiersNone,1000,add,0.02,0.1,final,in,56,0.005997072714537316,41,0.005168042086140715
mamba,mamba_add_rho0.02_wd0.1_tiersNone,1000,add,0.02,0.1,final,in,57,0.008079077735134017,15,0.005168042086140715
mamba,mamba_add_rho0.02_wd0.1_tiersNone,1000,add,0.02,0.1,final,in,58,0.00564382728411889,54,0.005168042086140715
mamba,mamba_add_rho0.02_wd0.1_tiersNone,1000,add,0.02,0.1,final,in,59,0.0058124705628889274,49,0.005168042086140715
mamba,mamba_add_rho0.02_wd0.1_tiersNone,1000,add,0.02,0.1,final,in,60,0.08815781296720775,1,0.005168042086140715
mamba,mamba_add_rho0.02_wd0.1_tiersNone,1000,add,0.02,0.1,final,in,61,0.005852180241854546,46,0.005168042086140715
mamba,mamba_add_rho0.02_wd0.1_tiersNone,1000,add,0.02,0.1,final,in,62,0.005780174236918138,51,0.005168042086140715
mamba,mamba_add_rho0.02_wd0.1_tiersNone,1000,add,0.02,0.1,final,in,63,0.006764704651225249,27,0.005168042086140715
mamba,mamba_add_rho0.02_wd0.1_tiersNone,1000,add,0.02,0.1,final,in,64,0.005257046479029476,72,0.005168042086140715
mamba,mamba_add_rho0.02_wd0.1_tiersNone,1000,add,0.02,0.1,final,in,65,0.0068538616255775855,25,0.005168042086140715
mamba,mamba_add_rho0.02_wd0.1_tiersNone,1000,add,0.02,0.1,final,in,66,0.005591403449318794,57,0.005168042086140715
mamba,mamba_add_rho0.02_wd0.1_tiersNone,1000,add,0.02,0.1,final,in,67,0.05677910548344101,8,0.005168042086140715
mamba,mamba_add_rho0.02_wd0.1_tiersNone,1000,add,0.02,0.1,final,in,68,0.006272405975772442,38,0.005168042086140715
mamba,mamba_add_rho0.02_wd0.1_tiersNone,1000,add,0.02,0.1,final,in,69,0.005817133608854382,48,0.005168042086140715
mamba,mamba_add_rho0.02_wd0.1_tiersNone,1000,add,0.02,0.1,final,in,70,0.0684925602302318,4,0.005168042086140715
mamba,mamba_add_rho0.02_wd0.1_tiersNone,1000,add,0.02,0.1,final,in,71,0.08037860701048133,2,0.005168042086140715
mamba,mamba_add_rho0.02_wd0.1_tiersNone,1000,add,0.02,0.1,final,in,72,0.007058200575835514,21,0.005168042086140715
mamba,mamba_add_rho0.02_wd0.1_tiersNone,1000,add,0.02,0.1,final,in,73,0.06509838327622115,5,0.005168042086140715
mamba,mamba_add_rho0.02_wd0.1_tiersNone,1000,add,0.02,0.1,final,in,74,0.008055672907580799,16,0.005168042086140715
mamba,mamba_add_rho0.02_wd0.1_tiersNone,1000,add,0.02,0.1,final,out,1,0.0029223950220331894,32,0.001950244593476919
mamba,mamba_add_rho0.02_wd0.1_tiersNone,1000,add,0.02,0.1,final,out,2,0.0027251240232470074,43,0.001950244593476919
mamba,mamba_add_rho0.02_wd0.1_tiersNone,1000,add,0.02,0.1,final,out,3,0.002568591745281621,57,0.001950244593476919
mamba,mamba_add_rho0.02_wd0.1_tiersNone,1000,add,0.02,0.1,final,out,4,0.0023907479696867956,67,0.001950244593476919
mamba,mamba_add_rho0.02_wd0.1_tiersNone,1000,add,0.02,0.1,final,out,5,0.002347184812867867,70,0.001950244593476919
mamba,mamba_add_rho0.02_wd0.1_tiersNone,1000,add,0.02,0.1,final,out,6,0.002236496625661605,72,0.001950244593476919
mamba,mamba_add_rho0.02_wd0.1_tiersNone,1000,add,0.02,0.1,final,out,7,0.003236352163931241,24,0.001950244593476919
mamba,mamba_add_rho0.02_wd0.1_tiersNone,1000,add,0.02,0.1,final,out,8,0.0033373707594907876,23,0.001950244593476919
mamba,mamba_add_rho0.02_wd0.1_tiersNone,1000,add,0.02,0.1,final,out,9,0.0033665465562165925,22,0.001950244593476919
mamba,mamba_add_rho0.02_wd0.1_tiersNone,1000,add,0.02,0.1,final,out,10,0.006455686643176853,12,0.001950244593476919
mamba,mamba_add_rho0.02_wd0.1_tiersNone,1000,add,0.02,0.1,final,out,11,0.005320381926182997,14,0.001950244593476919
mamba,mamba_add_rho0.02_wd0.1_tiersNone,1000,add,0.02,0.1,final,out,12,0.03337783152013983,9,0.001950244593476919
mamba,mamba_add_rho0.02_wd0.1_tiersNone,1000,add,0.02,0.1,final,out,13,0.0037020167723953983,16,0.001950244593476919
mamba,mamba_add_rho0.02_wd0.1_tiersNone,1000,add,0.02,0.1,final,out,14,0.003537557802151096,19,0.001950244593476919
mamba,mamba_add_rho0.02_wd0.1_tiersNone,1000,add,0.02,0.1,final,out,15,0.002462965177786963,65,0.001950244593476919
mamba,mamba_add_rho0.02_wd0.1_tiersNone,1000,add,0.02,0.1,final,out,16,0.005619971617163505,13,0.001950244593476919
mamba,mamba_add_rho0.02_wd0.1_tiersNone,1000,add,0.02,0.1,final,out,17,0.0023876705819612072,68,0.001950244593476919
mamba,mamba_add_rho0.02_wd0.1_tiersNone,1000,add,0.02,0.1,final,out,18,0.0031126451322436833,28,0.001950244593476919
mamba,mamba_add_rho0.02_wd0.1_tiersNone,1000,add,0.02,0.1,final,out,19,0.011309665302793705,10,0.001950244593476919
mamba,mamba_add_rho0.02_wd0.1_tiersNone,1000,add,0.02,0.1,final,out,20,0.002789894388857207,40,0.001950244593476919
mamba,mamba_add_rho0.02_wd0.1_tiersNone,1000,add,0.02,0.1,final,out,21,0.002592490785785494,53,0.001950244593476919
mamba,mamba_add_rho0.02_wd0.1_tiersNone,1000,add,0.02,0.1,final,out,22,0.0026960732846204624,44,0.001950244593476919
mamba,mamba_add_rho0.02_wd0.1_tiersNone,1000,add,0.02,0.1,final,out,23,0.004522521478636905,15,0.001950244593476919
mamba,mamba_add_rho0.02_wd0.1_tiersNone,1000,add,0.02,0.1,final,out,24,0.002695675244591256,45,0.001950244593476919
mamba,mamba_add_rho0.02_wd0.1_tiersNone,1000,add,0.02,0.1,final,out,25,0.0023244658609796937,71,0.001950244593476919
mamba,mamba_add_rho0.02_wd0.1_tiersNone,1000,add,0.02,0.1,final,out,26,0.002572396088483888,55,0.001950244593476919
mamba,mamba_add_rho0.02_wd0.1_tiersNone,1000,add,0.02,0.1,final,out,27,0.002612805785573154,52,0.001950244593476919
mamba,mamba_add_rho0.02_wd0.1_tiersNone,1000,add,0.02,0.1,final,out,28,0.0026597989468791043,47,0.001950244593476919
mamba,mamba_add_rho0.02_wd0.1_tiersNone,1000,add,0.02,0.1,final,out,29,0.009012603302861322,11,0.001950244593476919
mamba,mamba_add_rho0.02_wd0.1_tiersNone,1000,add,0.02,0.1,final,out,30,0.0025122290314593845,61,0.001950244593476919
mamba,mamba_add_rho0.02_wd0.1_tiersNone,1000,add,0.02,0.1,final,out,31,0.0026320791583840956,49,0.001950244593476919
mamba,mamba_add_rho0.02_wd0.1_tiersNone,1000,add,0.02,0.1,final,out,32,0.0035158888701562916,20,0.001950244593476919
mamba,mamba_add_rho0.02_wd0.1_tiersNone,1000,add,0.02,0.1,final,out,33,0.0027907618811885164,39,0.001950244593476919
mamba,mamba_add_rho0.02_wd0.1_tiersNone,1000,add,0.02,0.1,final,out,34,0.0025918451744697344,54,0.001950244593476919
mamba,mamba_add_rho0.02_wd0.1_tiersNone,1000,add,0.02,0.1,final,out,35,0.0028347128457298872,36,0.001950244593476919
mamba,mamba_add_rho0.02_wd0.1_tiersNone,1000,add,0.02,0.1,final,out,36,0.0035678009187981017,18,0.001950244593476919
mamba,mamba_add_rho0.02_wd0.1_tiersNone,1000,add,0.02,0.1,final,out,37,0.10030132379067477,3,0.001950244593476919
mamba,mamba_add_rho0.02_wd0.1_tiersNone,1000,add,0.02,0.1,final,out,38,0.0024637972738311914,64,0.001950244593476919
mamba,mamba_add_rho0.02_wd0.1_tiersNone,1000,add,0.02,0.1,final,out,39,0.0033781962006249337,21,0.001950244593476919
mamba,mamba_add_rho0.02_wd0.1_tiersNone,1000,add,0.02,0.1,final,out,40,0.0024982900123828073,62,0.001950244593476919
mamba,mamba_add_rho0.02_wd0.1_tiersNone,1000,add,0.02,0.1,final,out,41,0.0028072789828905388,37,0.001950244593476919
mamba,mamba_add_rho0.02_wd0.1_tiersNone,1000,add,0.02,0.1,final,out,42,0.0031315851501449734,27,0.001950244593476919
mamba,mamba_add_rho0.02_wd0.1_tiersNone,1000,add,0.02,0.1,final,out,43,0.00322502903423619,25,0.001950244593476919
mamba,mamba_add_rho0.02_wd0.1_tiersNone,1000,add,0.02,0.1,final,out,44,0.0027950626272819387,38,0.001950244593476919
mamba,mamba_add_rho0.02_wd0.1_tiersNone,1000,add,0.02,0.1,final,out,45,0.0024241387476843196,66,0.001950244593476919
mamba,mamba_add_rho0.02_wd0.1_tiersNone,1000,add,0.02,0.1,final,out,46,0.08380243288931981,7,0.001950244593476919
mamba,mamba_add_rho0.02_wd0.1_tiersNone,1000,add,0.02,0.1,final,out,47,0.002669644805454275,46,0.001950244593476919
mamba,mamba_add_rho0.02_wd0.1_tiersNone,1000,add,0.02,0.1,final,out,48,0.002858854143991134,34,0.001950244593476919
mamba,mamba_add_rho0.02_wd0.1_tiersNone,1000,add,0.02,0.1,final,out,49,0.003078504314353687,29,0.001950244593476919
mamba,mamba_add_rho0.02_wd0.1_tiersNone,1000,add,0.02,0.1,final,out,50,0.0028358324667643563,35,0.001950244593476919
mamba,mamba_add_rho0.02_wd0.1_tiersNone,1000,add,0.02,0.1,final,out,51,0.07183207545188633,8,0.001950244593476919
mamba,mamba_add_rho0.02_wd0.1_tiersNone,1000,add,0.02,0.1,final,out,52,0.003699313628258446,17,0.001950244593476919
mamba,mamba_add_rho0.02_wd0.1_tiersNone,1000,add,0.02,0.1,final,out,53,0.0023568562281239464,69,0.001950244593476919
mamba,mamba_add_rho0.02_wd0.1_tiersNone,1000,add,0.02,0.1,final,out,54,0.003056940526862829,30,0.001950244593476919
mamba,mamba_add_rho0.02_wd0.1_tiersNone,1000,add,0.02,0.1,final,out,55,0.0031882774822675555,26,0.001950244593476919
mamba,mamba_add_rho0.02_wd0.1_tiersNone,1000,add,0.02,0.1,final,out,56,0.0027436858853172423,42,0.001950244593476919
mamba,mamba_add_rho0.02_wd0.1_tiersNone,1000,add,0.02,0.1,final,out,57,0.0027508339521138676,41,0.001950244593476919
mamba,mamba_add_rho0.02_wd0.1_tiersNone,1000,add,0.02,0.1,final,out,58,0.0026302415902118652,50,0.001950244593476919
mamba,mamba_add_rho0.02_wd0.1_tiersNone,1000,add,0.02,0.1,final,out,59,0.002055174871991019,74,0.001950244593476919
mamba,mamba_add_rho0.02_wd0.1_tiersNone,1000,add,0.02,0.1,final,out,60,0.11889843579263154,1,0.001950244593476919
mamba,mamba_add_rho0.02_wd0.1_tiersNone,1000,add,0.02,0.1,final,out,61,0.0025711150011492037,56,0.001950244593476919
mamba,mamba_add_rho0.02_wd0.1_tiersNone,1000,add,0.02,0.1,final,out,62,0.002227849137782121,73,0.001950244593476919
mamba,mamba_add_rho0.02_wd0.1_tiersNone,1000,add,0.02,0.1,final,out,63,0.0029585718926974725,31,0.001950244593476919
mamba,mamba_add_rho0.02_wd0.1_tiersNone,1000,add,0.02,0.1,final,out,64,0.0024804786986615357,63,0.001950244593476919
mamba,mamba_add_rho0.02_wd0.1_tiersNone,1000,add,0.02,0.1,final,out,65,0.002519803008420457,60,0.001950244593476919
mamba,mamba_add_rho0.02_wd0.1_tiersNone,1000,add,0.02,0.1,final,out,66,0.002889663571301522,33,0.001950244593476919
mamba,mamba_add_rho0.02_wd0.1_tiersNone,1000,add,0.02,0.1,final,out,67,0.09137690704376436,5,0.001950244593476919
mamba,mamba_add_rho0.02_wd0.1_tiersNone,1000,add,0.02,0.1,final,out,68,0.002556645576199079,59,0.001950244593476919
mamba,mamba_add_rho0.02_wd0.1_tiersNone,1000,add,0.02,0.1,final,out,69,0.0026572540000624604,48,0.001950244593476919
mamba,mamba_add_rho0.02_wd0.1_tiersNone,1000,add,0.02,0.1,final,out,70,0.09711049342208208,4,0.001950244593476919
mamba,mamba_add_rho0.02_wd0.1_tiersNone,1000,add,0.02,0.1,final,out,71,0.11089030367849306,2,0.001950244593476919
mamba,mamba_add_rho0.02_wd0.1_tiersNone,1000,add,0.02,0.1,final,out,72,0.0026259284575208615,51,0.001950244593476919
mamba,mamba_add_rho0.02_wd0.1_tiersNone,1000,add,0.02,0.1,final,out,73,0.08574464489284206,6,0.001950244593476919
mamba,mamba_add_rho0.02_wd0.1_tiersNone,1000,add,0.02,0.1,final,out,74,0.0025672905678575334,58,0.001950244593476919
mamba,mamba_add_rho0.02_wd0.1_tiersNone,1001,add,0.02,0.1,final,in,1,0.005049079259391612,59,0.006259928803905378
mamba,mamba_add_rho0.02_wd0.1_tiersNone,1001,add,0.02,0.1,final,in,2,0.004949428730470222,63,0.006259928803905378
mamba,mamba_add_rho0.02_wd0.1_tiersNone,1001,add,0.02,0.1,final,in,3,0.08641133690463357,2,0.006259928803905378
mamba,mamba_add_rho0.02_wd0.1_tiersNone,1001,add,0.02,0.1,final,in,4,0.005641326482024814,46,0.006259928803905378
mamba,mamba_add_rho0.02_wd0.1_tiersNone,1001,add,0.02,0.1,final,in,5,0.07059245222243368,4,0.006259928803905378
mamba,mamba_add_rho0.02_wd0.1_tiersNone,1001,add,0.02,0.1,final,in,6,0.008127193238950446,14,0.006259928803905378
mamba,mamba_add_rho0.02_wd0.1_tiersNone,1001,add,0.02,0.1,final,in,7,0.00583782479017554,39,0.006259928803905378
mamba,mamba_add_rho0.02_wd0.1_tiersNone,1001,add,0.02,0.1,final,in,8,0.004443530037246472,70,0.006259928803905378
mamba,mamba_add_rho0.02_wd0.1_tiersNone,1001,add,0.02,0.1,final,in,9,0.00457614908366282,67,0.006259928803905378
mamba,mamba_add_rho0.02_wd0.1_tiersNone,1001,add,0.02,0.1,final,in,10,0.009328385522207543,13,0.006259928803905378
mamba,mamba_add_rho0.02_wd0.1_tiersNone,1001,add,0.02,0.1,final,in,11,0.005650812129760329,45,0.006259928803905378
mamba,mamba_add_rho0.02_wd0.1_tiersNone,1001,add,0.02,0.1,final,in,12,0.00690069132275395,20,0.006259928803905378
mamba,mamba_add_rho0.02_wd0.1_tiersNone,1001,add,0.02,0.1,final,in,13,0.007469405905369892,16,0.006259928803905378
mamba,mamba_add_rho0.02_wd0.1_tiersNone,1001,add,0.02,0.1,final,in,14,0.06370045955823499,6,0.006259928803905378
mamba,mamba_add_rho0.02_wd0.1_tiersNone,1001,add,0.02,0.1,final,in,15,0.006697655059210077,22,0.006259928803905378
mamba,mamba_add_rho0.02_wd0.1_tiersNone,1001,add,0.02,0.1,final,in,16,0.0043565696086014455,72,0.006259928803905378
mamba,mamba_add_rho0.02_wd0.1_tiersNone,1001,add,0.02,0.1,final,in,17,0.00515110009422727,58,0.006259928803905378
mamba,mamba_add_rho0.02_wd0.1_tiersNone,1001,add,0.02,0.1,final,in,18,0.005178368604565407,56,0.006259928803905378
mamba,mamba_add_rho0.02_wd0.1_tiersNone,1001,add,0.02,0.1,final,in,19,0.004580122864155988,66,0.006259928803905378
mamba,mamba_add_rho0.02_wd0.1_tiersNone,1001,add,0.02,0.1,final,in,20,0.0048531129228715835,64,0.006259928803905378
mamba,mamba_add_rho0.02_wd0.1_tiersNone,1001,add,0.02,0.1,final,in,21,0.006644426913339546,24,0.006259928803905378
mamba,mamba_add_rho0.02_wd0.1_tiersNone,1001,add,0.02,0.1,final,in,22,0.07352662628159157,3,0.006259928803905378
mamba,mamba_add_rho0.02_wd0.1_tiersNone,1001,add,0.02,0.1,final,in,23,0.12355697742373759,1,0.006259928803905378
mamba,mamba_add_rho0.02_wd0.1_tiersNone,1001,add,0.02,0.1,final,in,24,0.006307097987560084,30,0.006259928803905378
mamba,mamba_add_rho0.02_wd0.1_tiersNone,1001,add,0.02,0.1,final,in,25,0.004031859839661351,73,0.006259928803905378
mamba,mamba_add_rho0.02_wd0.1_tiersNone,1001,add,0.02,0.1,final,in,26,0.005561336550577211,51,0.006259928803905378
mamba,mamba_add_rho0.02_wd0.1_tiersNone,1001,add,0.02,0.1,final,in,27,0.004451859154645247,69,0.006259928803905378
mamba,mamba_add_rho0.02_wd0.1_tiersNone,1001,add,0.02,0.1,final,in,28,0.006845169891364028,21,0.006259928803905378
mamba,mamba_add_rho0.02_wd0.1_tiersNone,1001,add,0.02,0.1,final,in,29,0.006648251795782073,23,0.006259928803905378
mamba,mamba_add_rho0.02_wd0.1_tiersNone,1001,add,0.02,0.1,final,in,30,0.005030234071003286,60,0.006259928803905378
mamba,mamba_add_rho0.02_wd0.1_tiersNone,1001,add,0.02,0.1,final,in,31,0.005947296628134567,37,0.006259928803905378
mamba,mamba_add_rho0.02_wd0.1_tiersNone,1001,add,0.02,0.1,final,in,32,0.005627241123791745,47,0.006259928803905378
mamba,mamba_add_rho0.02_wd0.1_tiersNone,1001,add,0.02,0.1,final,in,33,0.004978376192946192,62,0.006259928803905378
mamba,mamba_add_rho0.02_wd0.1_tiersNone,1001,add,0.02,0.1,final,in,34,0.005977577855219775,35,0.006259928803905378
mamba,mamba_add_rho0.02_wd0.1_tiersNone,1001,add,0.02,0.1,final,in,35,0.005937452368130104,38,0.006259928803905378
mamba,mamba_add_rho0.02_wd0.1_tiersNone,1001,add,0.02,0.1,final,in,36,0.003810897874372317,74,0.006259928803905378
mamba,mamba_add_rho0.02_wd0.1_tiersNone,1001,add,0.02,0.1,final,in,37,0.0056217361562333696,48,0.006259928803905378
mamba,mamba_add_rho0.02_wd0.1_tiersNone,1001,add,0.02,0.1,final,in,38,0.005762110659188736,41,0.006259928803905378
mamba,mamba_add_rho0.02_wd0.1_tiersNone,1001,add,0.02,0.1,final,in,39,0.047911543381579595,8,0.006259928803905378
mamba,mamba_add_rho0.02_wd0.1_tiersNone,1001,add,0.02,0.1,final,in,40,0.007066039617566781,18,0.006259928803905378
mamba,mamba_add_rho0.02_wd0.1_tiersNone,1001,add,0.02,0.1,final,in,41,0.00464843644481995,65,0.006259928803905378
mamba,mamba_add_rho0.02_wd0.1_tiersNone,1001,add,0.02,0.1,final,in,42,0.005616379848853718,49,0.006259928803905378
mamba,mamba_add_rho0.02_wd0.1_tiersNone,1001,add,0.02,0.1,final,in,43,0.006486175203614162,27,0.006259928803905378
mamba,mamba_add_rho0.02_wd0.1_tiersNone,1001,add,0.02,0.1,final,in,44,0.05286593755647106,7,0.006259928803905378
mamba,mamba_add_rho0.02_wd0.1_tiersNone,1001,add,0.02,0.1,final,in,45,0.0056649065577713854,44,0.006259928803905378
mamba,mamba_add_rho0.02_wd0.1_tiersNone,1001,add,0.02,0.1,final,in,46,0.013317863128333742,10,0.006259928803905378
mamba,mamba_add_rho0.02_wd0.1_tiersNone,1001,add,0.02,0.1,final,in,47,0.00500405575091788,61,0.006259928803905378
mamba,mamba_add_rho0.02_wd0.1_tiersNone,1001,add,0.02,0.1,final,in,48,0.005727435283309111,42,0.006259928803905378
mamba,mamba_add_rho0.02_wd0.1_tiersNone,1001,add,0.02,0.1,final,in,49,0.005689419918906301,43,0.006259928803905378
mamba,mamba_add_rho0.02_wd0.1_tiersNone,1001,add,0.02,0.1,final,in,50,0.00623084933653899,32,0.006259928803905378
mamba,mamba_add_rho0.02_wd0.1_tiersNone,1001,add,0.02,0.1,final,in,51,0.00653254893480281,26,0.006259928803905378
mamba,mamba_add_rho0.02_wd0.1_tiersNone,1001,add,0.02,0.1,final,in,52,0.005379428613064754,53,0.006259928803905378
mamba,mamba_add_rho0.02_wd0.1_tiersNone,1001,add,0.02,0.1,final,in,53,0.013301990726851377,11,0.006259928803905378
mamba,mamba_add_rho0.02_wd0.1_tiersNone,1001,add,0.02,0.1,final,in,54,0.006272170362303633,31,0.006259928803905378
mamba,mamba_add_rho0.02_wd0.1_tiersNone,1001,add,0.02,0.1,final,in,55,0.06713448978432834,5,0.006259928803905378
mamba,mamba_add_rho0.02_wd0.1_tiersNone,1001,add,0.02,0.1,final,in,56,0.006450865804804681,28,0.006259928803905378
mamba,mamba_add_rho0.02_wd0.1_tiersNone,1001,add,0.02,0.1,final,in,57,0.010615729725246034,12,0.006259928803905378
mamba,mamba_add_rho0.02_wd0.1_tiersNone,1001,add,0.02,0.1,final,in,58,0.004491593443172244,68,0.006259928803905378
mamba,mamba_add_rho0.02_wd0.1_tiersNone,1001,add,0.02,0.1,final,in,59,0.005595973776852934,50,0.006259928803905378
mamba,mamba_add_rho0.02_wd0.1_tiersNone,1001,add,0.02,0.1,final,in,60,0.005331927313748846,54,0.006259928803905378
mamba,mamba_add_rho0.02_wd0.1_tiersNone,1001,add,0.02,0.1,final,in,61,0.007710782458522335,15,0.006259928803905378
mamba,mamba_add_rho0.02_wd0.1_tiersNone,1001,add,0.02,0.1,final,in,62,0.005769504107076988,40,0.006259928803905378
mamba,mamba_add_rho0.02_wd0.1_tiersNone,1001,add,0.02,0.1,final,in,63,0.006937019392210808,19,0.006259928803905378
mamba,mamba_add_rho0.02_wd0.1_tiersNone,1001,add,0.02,0.1,final,in,64,0.01786687196315894,9,0.006259928803905378
mamba,mamba_add_rho0.02_wd0.1_tiersNone,1001,add,0.02,0.1,final,in,65,0.006113781448564403,34,0.006259928803905378
mamba,mamba_add_rho0.02_wd0.1_tiersNone,1001,add,0.02,0.1,final,in,66,0.004408426502464413,71,0.006259928803905378
mamba,mamba_add_rho0.02_wd0.1_tiersNone,1001,add,0.02,0.1,final,in,67,0.005469527690619974,52,0.006259928803905378
mamba,mamba_add_rho0.02_wd0.1_tiersNone,1001,add,0.02,0.1,final,in,68,0.006343080140185437,29,0.006259928803905378
mamba,mamba_add_rho0.02_wd0.1_tiersNone,1001,add,0.02,0.1,final,in,69,0.005158233064212096,57,0.006259928803905378
mamba,mamba_add_rho0.02_wd0.1_tiersNone,1001,add,0.02,0.1,final,in,70,0.007133867212436682,17,0.006259928803905378
mamba,mamba_add_rho0.02_wd0.1_tiersNone,1001,add,0.02,0.1,final,in,71,0.006621110538961793,25,0.006259928803905378
mamba,mamba_add_rho0.02_wd0.1_tiersNone,1001,add,0.02,0.1,final,in,72,0.005218953441292372,55,0.006259928803905378
mamba,mamba_add_rho0.02_wd0.1_tiersNone,1001,add,0.02,0.1,final,in,73,0.006186552099958376,33,0.006259928803905378
mamba,mamba_add_rho0.02_wd0.1_tiersNone,1001,add,0.02,0.1,final,in,74,0.005964996318250632,36,0.006259928803905378
mamba,mamba_add_rho0.02_wd0.1_tiersNone,1001,add,0.02,0.1,final,out,1,0.0037759334002038752,30,0.003989007595143554
mamba,mamba_add_rho0.02_wd0.1_tiersNone,1001,add,0.02,0.1,final,out,2,0.003868844218402006,28,0.003989007595143554
mamba,mamba_add_rho0.02_wd0.1_tiersNone,1001,add,0.02,0.1,final,out,3,0.10362540234014708,2,0.003989007595143554
mamba,mamba_add_rho0.02_wd0.1_tiersNone,1001,add,0.02,0.1,final,out,4,0.0037148387562180468,32,0.003989007595143554
mamba,mamba_add_rho0.02_wd0.1_tiersNone,1001,add,0.02,0.1,final,out,5,0.07606198027651562,7,0.003989007595143554
mamba,mamba_add_rho0.02_wd0.1_tiersNone,1001,add,0.02,0.1,final,out,6,0.004310676353399329,15,0.003989007595143554
mamba,mamba_add_rho0.02_wd0.1_tiersNone,1001,add,0.02,0.1,final,out,7,0.0034218427585927143,50,0.003989007595143554
mamba,mamba_add_rho0.02_wd0.1_tiersNone,1001,add,0.02,0.1,final,out,8,0.0035598264587103903,40,0.003989007595143554
mamba,mamba_add_rho0.02_wd0.1_tiersNone,1001,add,0.02,0.1,final,out,9,0.0032493325575688853,58,0.003989007595143554
mamba,mamba_add_rho0.02_wd0.1_tiersNone,1001,add,0.02,0.1,final,out,10,0.00362099701127867,36,0.003989007595143554
mamba,mamba_add_rho0.02_wd0.1_tiersNone,1001,add,0.02,0.1,final,out,11,0.0038770803393088967,27,0.003989007595143554
mamba,mamba_add_rho0.02_wd0.1_tiersNone,1001,add,0.02,0.1,final,out,12,0.003928740465324938,23,0.003989007595143554
mamba,mamba_add_rho0.02_wd0.1_tiersNone,1001,add,0.02,0.1,final,out,13,0.004074269764282345,20,0.003989007595143554
mamba,mamba_add_rho0.02_wd0.1_tiersNone,1001,add,0.02,0.1,final,out,14,0.08459521375100906,6,0.003989007595143554
mamba,mamba_add_rho0.02_wd0.1_tiersNone,1001,add,0.02,0.1,final,out,15,0.003230621135118329,60,0.003989007595143554
mamba,mamba_add_rho0.02_wd0.1_tiersNone,1001,add,0.02,0.1,final,out,16,0.0028696867328555226,68,0.003989007595143554
mamba,mamba_add_rho0.02_wd0.1_tiersNone,1001,add,0.02,0.1,final,out,17,0.004388166274371833,14,0.003989007595143554
mamba,mamba_add_rho0.02_wd0.1_tiersNone,1001,add,0.02,0.1,final,out,18,0.003475092016790641,49,0.003989007595143554
mamba,mamba_add_rho0.02_wd0.1_tiersNone,1001,add,0.02,0.1,final,out,19,0.003889531418732844,26,0.003989007595143554
mamba,mamba_add_rho0.02_wd0.1_tiersNone,1001,add,0.02,0.1,final,out,20,0.004132065825919109,17,0.003989007595143554
mamba,mamba_add_rho0.02_wd0.1_tiersNone,1001,add,0.02,0.1,final,out,21,0.0033544031219953177,51,0.003989007595143554
mamba,mamba_add_rho0.02_wd0.1_tiersNone,1001,add,0.02,0.1,final,out,22,0.08603075477425759,5,0.003989007595143554
mamba,mamba_add_rho0.02_wd0.1_tiersNone,1001,add,0.02,0.1,final,out,23,0.16028140245133907,1,0.003989007595143554
mamba,mamba_add_rho0.02_wd0.1_tiersNone,1001,add,0.02,0.1,final,out,24,0.004093880160716805,19,0.003989007595143554
mamba,mamba_add_rho0.02_wd0.1_tiersNone,1001,add,0.02,0.1,final,out,25,0.0030913934666353783,64,0.003989007595143554
mamba,mamba_add_rho0.02_wd0.1_tiersNone,1001,add,0.02,0.1,final,out,26,0.004223643233327846,16,0.003989007595143554
mamba,mamba_add_rho0.02_wd0.1_tiersNone,1001,add,0.02,0.1,final,out,27,0.00290606373850741,67,0.003989007595143554
mamba,mamba_add_rho0.02_wd0.1_tiersNone,1001,add,0.02,0.1,final,out,28,0.003190982617169478,63,0.003989007595143554
mamba,mamba_add_rho0.02_wd0.1_tiersNone,1001,add,0.02,0.1,final,out,29,0.0032498680285140196,57,0.003989007595143554
mamba,mamba_add_rho0.02_wd0.1_tiersNone,1001,add,0.02,0.1,final,out,30,0.0032621940925041497,55,0.003989007595143554
mamba,mamba_add_rho0.02_wd0.1_tiersNone,1001,add,0.02,0.1,final,out,31,0.002822744548449904,71,0.003989007595143554
mamba,mamba_add_rho0.02_wd0.1_tiersNone,1001,add,0.02,0.1,final,out,32,0.003586326478215991,38,0.003989007595143554
mamba,mamba_add_rho0.02_wd0.1_tiersNone,1001,add,0.02,0.1,final,out,33,0.0035177380625857043,44,0.003989007595143554
mamba,mamba_add_rho0.02_wd0.1_tiersNone,1001,add,0.02,0.1,final,out,34,0.003696406397405441,33,0.003989007595143554
mamba,mamba_add_rho0.02_wd0.1_tiersNone,1001,add,0.02,0.1,final,out,35,0.0035493208202944976,42,0.003989007595143554
mamba,mamba_add_rho0.02_wd0.1_tiersNone,1001,add,0.02,0.1,final,out,36,0.003524460136719645,43,0.003989007595143554
mamba,mamba_add_rho0.02_wd0.1_tiersNone,1001,add,0.02,0.1,final,out,37,0.003246255972462308,59,0.003989007595143554
mamba,mamba_add_rho0.02_wd0.1_tiersNone,1001,add,0.02,0.1,final,out,38,0.0036168667122027593,37,0.003989007595143554
mamba,mamba_add_rho0.02_wd0.1_tiersNone,1001,add,0.02,0.1,final,out,39,0.04417412828409349,8,0.003989007595143554
mamba,mamba_add_rho0.02_wd0.1_tiersNone,1001,add,0.02,0.1,final,out,40,0.003476310423263195,48,0.003989007595143554
mamba,mamba_add_rho0.02_wd0.1_tiersNone,1001,add,0.02,0.1,final,out,41,0.0028390228603851625,70,0.003989007595143554
mamba,mamba_add_rho0.02_wd0.1_tiersNone,1001,add,0.02,0.1,final,out,42,0.0035086909603024817,45,0.003989007595143554
mamba,mamba_add_rho0.02_wd0.1_tiersNone,1001,add,0.02,0.1,final,out,43,0.0032775501504707823,54,0.003989007595143554
mamba,mamba_add_rho0.02_wd0.1_tiersNone,1001,add,0.02,0.1,final,out,44,0.09176219452197927,4,0.003989007595143554
mamba,mamba_add_rho0.02_wd0.1_tiersNone,1001,add,0.02,0.1,final,out,45,0.0036463566732759497,34,0.003989007595143554
mamba,mamba_add_rho0.02_wd0.1_tiersNone,1001,add,0.02,0.1,final,out,46,0.005720509235421552,12,0.003989007595143554
mamba,mamba_add_rho0.02_wd0.1_tiersNone,1001,add,0.02,0.1,final,out,47,0.002913715567970943,66,0.003989007595143554
mamba,mamba_add_rho0.02_wd0.1_tiersNone,1001,add,0.02,0.1,final,out,48,0.0038086766716447255,29,0.003989007595143554
mamba,mamba_add_rho0.02_wd0.1_tiersNone,1001,add,0.02,0.1,final,out,49,0.003907637557510705,25,0.003989007595143554
mamba,mamba_add_rho0.02_wd0.1_tiersNone,1001,add,0.02,0.1,final,out,50,0.0055466448542443834,13,0.003989007595143554
mamba,mamba_add_rho0.02_wd0.1_tiersNone,1001,add,0.02,0.1,final,out,51,0.0034812536422831604,47,0.003989007595143554
mamba,mamba_add_rho0.02_wd0.1_tiersNone,1001,add,0.02,0.1,final,out,52,0.003328120488470884,52,0.003989007595143554
mamba,mamba_add_rho0.02_wd0.1_tiersNone,1001,add,0.02,0.1,final,out,53,0.010724589239389598,10,0.003989007595143554
mamba,mamba_add_rho0.02_wd0.1_tiersNone,1001,add,0.02,0.1,final,out,54,0.003325288369489587,53,0.003989007595143554
mamba,mamba_add_rho0.02_wd0.1_tiersNone,1001,add,0.02,0.1,final,out,55,0.0969950040954302,3,0.003989007595143554
mamba,mamba_add_rho0.02_wd0.1_tiersNone,1001,add,0.02,0.1,final,out,56,0.0035504105729161203,41,0.003989007595143554
mamba,mamba_add_rho0.02_wd0.1_tiersNone,1001,add,0.02,0.1,final,out,57,0.006827521023820292,11,0.003989007595143554
mamba,mamba_add_rho0.02_wd0.1_tiersNone,1001,add,0.02,0.1,final,out,58,0.002984318430699825,65,0.003989007595143554
mamba,mamba_add_rho0.02_wd0.1_tiersNone,1001,add,0.02,0.1,final,out,59,0.0036389679234077148,35,0.003989007595143554
mamba,mamba_add_rho0.02_wd0.1_tiersNone,1001,add,0.02,0.1,final,out,60,0.0035710837005055508,39,0.003989007595143554
mamba,mamba_add_rho0.02_wd0.1_tiersNone,1001,add,0.02,0.1,final,out,61,0.002796376259859766,72,0.003989007595143554
mamba,mamba_add_rho0.02_wd0.1_tiersNone,1001,add,0.02,0.1,final,out,62,0.003953290722496365,21,0.003989007595143554
mamba,mamba_add_rho0.02_wd0.1_tiersNone,1001,add,0.02,0.1,final,out,63,0.0041223507645234995,18,0.003989007595143554
mamba,mamba_add_rho0.02_wd0.1_tiersNone,1001,add,0.02,0.1,final,out,64,0.01398971733033844,9,0.003989007595143554
mamba,mamba_add_rho0.02_wd0.1_tiersNone,1001,add,0.02,0.1,final,out,65,0.0028429909623473213,69,0.003989007595143554
mamba,mamba_add_rho0.02_wd0.1_tiersNone,1001,add,0.02,0.1,final,out,66,0.002774964913697061,74,0.003989007595143554
mamba,mamba_add_rho0.02_wd0.1_tiersNone,1001,add,0.02,0.1,final,out,67,0.003928396671047869,24,0.003989007595143554
mamba,mamba_add_rho0.02_wd0.1_tiersNone,1001,add,0.02,0.1,final,out,68,0.003948805815725856,22,0.003989007595143554
mamba,mamba_add_rho0.02_wd0.1_tiersNone,1001,add,0.02,0.1,final,out,69,0.0032503298213746664,56,0.003989007595143554
mamba,mamba_add_rho0.02_wd0.1_tiersNone,1001,add,0.02,0.1,final,out,70,0.0037468130489226002,31,0.003989007595143554
mamba,mamba_add_rho0.02_wd0.1_tiersNone,1001,add,0.02,0.1,final,out,71,0.0027905265820465973,73,0.003989007595143554
mamba,mamba_add_rho0.02_wd0.1_tiersNone,1001,add,0.02,0.1,final,out,72,0.003215681597277941,61,0.003989007595143554
mamba,mamba_add_rho0.02_wd0.1_tiersNone,1001,add,0.02,0.1,final,out,73,0.0035035463460768293,46,0.003989007595143554
mamba,mamba_add_rho0.02_wd0.1_tiersNone,1001,add,0.02,0.1,final,out,74,0.003213367249236116,62,0.003989007595143554
mamba,mamba_add_rho0.02_wd0.1_tiersNone,1002,add,0.02,0.1,final,in,1,0.06768706398751533,7,0.006285964125120688
mamba,mamba_add_rho0.02_wd0.1_tiersNone,1002,add,0.02,0.1,final,in,2,0.06850021975778504,6,0.006285964125120688
mamba,mamba_add_rho0.02_wd0.1_tiersNone,1002,add,0.02,0.1,final,in,3,0.0054992871123814525,63,0.006285964125120688
mamba,mamba_add_rho0.02_wd0.1_tiersNone,1002,add,0.02,0.1,final,in,4,0.0955401565592628,2,0.006285964125120688
mamba,mamba_add_rho0.02_wd0.1_tiersNone,1002,add,0.02,0.1,final,in,5,0.0053806324177825245,67,0.006285964125120688
mamba,mamba_add_rho0.02_wd0.1_tiersNone,1002,add,0.02,0.1,final,in,6,0.006851653626550048,27,0.006285964125120688
mamba,mamba_add_rho0.02_wd0.1_tiersNone,1002,add,0.02,0.1,final,in,7,0.0064599644437484905,32,0.006285964125120688
mamba,mamba_add_rho0.02_wd0.1_tiersNone,1002,add,0.02,0.1,final,in,8,0.02071359730956538,8,0.006285964125120688
mamba,mamba_add_rho0.02_wd0.1_tiersNone,1002,add,0.02,0.1,final,in,9,0.007372080032485983,15,0.006285964125120688
mamba,mamba_add_rho0.02_wd0.1_tiersNone,1002,add,0.02,0.1,final,in,10,0.006194362982834121,42,0.006285964125120688
mamba,mamba_add_rho0.02_wd0.1_tiersNone,1002,add,0.02,0.1,final,in,11,0.006242965348574908,40,0.006285964125120688
mamba,mamba_add_rho0.02_wd0.1_tiersNone,1002,add,0.02,0.1,final,in,12,0.007737308180692531,13,0.006285964125120688
mamba,mamba_add_rho0.02_wd0.1_tiersNone,1002,add,0.02,0.1,final,in,13,0.0055589934823650055,61,0.006285964125120688
mamba,mamba_add_rho0.02_wd0.1_tiersNone,1002,add,0.02,0.1,final,in,14,0.007066815966783612,20,0.006285964125120688
mamba,mamba_add_rho0.02_wd0.1_tiersNone,1002,add,0.02,0.1,final,in,15,0.0052969785910575344,68,0.006285964125120688
mamba,mamba_add_rho0.02_wd0.1_tiersNone,1002,add,0.02,0.1,final,in,16,0.005403646884855899,65,0.006285964125120688
mamba,mamba_add_rho0.02_wd0.1_tiersNone,1002,add,0.02,0.1,final,in,17,0.005137330147059974,72,0.006285964125120688
mamba,mamba_add_rho0.02_wd0.1_tiersNone,1002,add,0.02,0.1,final,in,18,0.07750017712677217,3,0.006285964125120688
mamba,mamba_add_rho0.02_wd0.1_tiersNone,1002,add,0.02,0.1,final,in,19,0.005575108548418539,60,0.006285964125120688
mamba,mamba_add_rho0.02_wd0.1_tiersNone,1002,add,0.02,0.1,final,in,20,0.005707331221808133,51,0.006285964125120688
mamba,mamba_add_rho0.02_wd0.1_tiersNone,1002,add,0.02,0.1,final,in,21,0.006338217453111154,35,0.006285964125120688
mamba,mamba_add_rho0.02_wd0.1_tiersNone,1002,add,0.02,0.1,final,in,22,0.005756478534198653,50,0.006285964125120688
mamba,mamba_add_rho0.02_wd0.1_tiersNone,1002,add,0.02,0.1,final,in,23,0.008082037983265001,12,0.006285964125120688
mamba,mamba_add_rho0.02_wd0.1_tiersNone,1002,add,0.02,0.1,final,in,24,0.0055968233801886305,59,0.006285964125120688
mamba,mamba_add_rho0.02_wd0.1_tiersNone,1002,add,0.02,0.1,final,in,25,0.006371623635931084,34,0.006285964125120688
mamba,mamba_add_rho0.02_wd0.1_tiersNone,1002,add,0.02,0.1,final,in,26,0.006323676178912432,37,0.006285964125120688
mamba,mamba_add_rho0.02_wd0.1_tiersNone,1002,add,0.02,0.1,final,in,27,0.013427043755150558,9,0.006285964125120688
mamba,mamba_add_rho0.02_wd0.1_tiersNone,1002,add,0.02,0.1,final,in,28,0.005804644042308066,48,0.006285964125120688
mamba,mamba_add_rho0.02_wd0.1_tiersNone,1002,add,0.02,0.1,final,in,29,0.005645070332819443,56,0.006285964125120688
mamba,mamba_add_rho0.02_wd0.1_tiersNone,1002,add,0.02,0.1,final,in,30,0.006627806249736688,30,0.006285964125120688
mamba,mamba_add_rho0.02_wd0.1_tiersNone,1002,add,0.02,0.1,final,in,31,0.005543261793408081,62,0.006285964125120688
mamba,mamba_add_rho0.02_wd0.1_tiersNone,1002,add,0.02,0.1,final,in,32,0.0057035058538253665,52,0.006285964125120688
mamba,mamba_add_rho0.02_wd0.1_tiersNone,1002,add,0.02,0.1,final,in,33,0.07012021251096827,5,0.006285964125120688
mamba,mamba_add_rho0.02_wd0.1_tiersNone,1002,add,0.02,0.1,final,in,34,0.0056095622973587915,57,0.006285964125120688
mamba,mamba_add_rho0.02_wd0.1_tiersNone,1002,add,0.02,0.1,final,in,35,0.0052435586119962034,70,0.006285964125120688
mamba,mamba_add_rho0.02_wd0.1_tiersNone,1002,add,0.02,0.1,final,in,36,0.01121124527257918,10,0.006285964125120688
mamba,mamba_add_rho0.02_wd0.1_tiersNone,1002,add,0.02,0.1,final,in,37,0.005872658963842026,47,0.006285964125120688
mamba,mamba_add_rho0.02_wd0.1_tiersNone,1002,add,0.02,0.1,final,in,38,0.006853847545867406,26,0.006285964125120688
mamba,mamba_add_rho0.02_wd0.1_tiersNone,1002,add,0.02,0.1,final,in,39,0.007009036311905778,22,0.006285964125120688
mamba,mamba_add_rho0.02_wd0.1_tiersNone,1002,add,0.02,0.1,final,in,40,0.005657170996158255,54,0.006285964125120688
mamba,mamba_add_rho0.02_wd0.1_tiersNone,1002,add,0.02,0.1,final,in,41,0.007362007146573961,16,0.006285964125120688
mamba,mamba_add_rho0.02_wd0.1_tiersNone,1002,add,0.02,0.1,final,in,42,0.006332744598308444,36,0.006285964125120688
mamba,mamba_add_rho0.02_wd0.1_tiersNone,1002,add,0.02,0.1,final,in,43,0.007009383285288177,21,0.006285964125120688
mamba,mamba_add_rho0.02_wd0.1_tiersNone,1002,add,0.02,0.1,final,in,44,0.006065626119607446,44,0.006285964125120688
mamba,mamba_add_rho0.02_wd0.1_tiersNone,1002,add,0.02,0.1,final,in,45,0.006963597694099353,23,0.006285964125120688
mamba,mamba_add_rho0.02_wd0.1_tiersNone,1002,add,0.02,0.1,final,in,46,0.005936454062992689,46,0.006285964125120688
mamba,mamba_add_rho0.02_wd0.1_tiersNone,1002,add,0.02,0.1,final,in,47,0.006506458844089296,31,0.006285964125120688
mamba,mamba_add_rho0.02_wd0.1_tiersNone,1002,add,0.02,0.1,final,in,48,0.005142009287186339,71,0.006285964125120688
mamba,mamba_add_rho0.02_wd0.1_tiersNone,1002,add,0.02,0.1,final,in,49,0.01052548289014949,11,0.006285964125120688
mamba,mamba_add_rho0.02_wd0.1_tiersNone,1002,add,0.02,0.1,final,in,50,0.07378679315137877,4,0.006285964125120688
mamba,mamba_add_rho0.02_wd0.1_tiersNone,1002,add,0.02,0.1,final,in,51,0.00441562053990152,74,0.006285964125120688
mamba,mamba_add_rho0.02_wd0.1_tiersNone,1002,add,0.02,0.1,final,in,52,0.005652522061942902,55,0.006285964125120688
mamba,mamba_add_rho0.02_wd0.1_tiersNone,1002,add,0.02,0.1,final,in,53,0.006048585890412232,45,0.006285964125120688
mamba,mamba_add_rho0.02_wd0.1_tiersNone,1002,add,0.02,0.1,final,in,54,0.006452861684904378,33,0.006285964125120688
mamba,mamba_add_rho0.02_wd0.1_tiersNone,1002,add,0.02,0.1,final,in,55,0.005667926109169285,53,0.006285964125120688
mamba,mamba_add_rho0.02_wd0.1_tiersNone,1002,add,0.02,0.1,final,in,56,0.006238253194138851,41,0.006285964125120688
mamba,mamba_add_rho0.02_wd0.1_tiersNone,1002,add,0.02,0.1,final,in,57,0.006291023637511041,38,0.006285964125120688
mamba,mamba_add_rho0.02_wd0.1_tiersNone,1002,add,0.02,0.1,final,in,58,0.006956639506053614,24,0.006285964125120688
mamba,mamba_add_rho0.02_wd0.1_tiersNone,1002,add,0.02,0.1,final,in,59,0.005604839938851129,58,0.006285964125120688
mamba,mamba_add_rho0.02_wd0.1_tiersNone,1002,add,0.02,0.1,final,in,60,0.005402642068984406,66,0.006285964125120688
mamba,mamba_add_rho0.02_wd0.1_tiersNone,1002,add,0.02,0.1,final,in,61,0.1019890650653307,1,0.006285964125120688
mamba,mamba_add_rho0.02_wd0.1_tiersNone,1002,add,0.02,0.1,final,in,62,0.005475781663962157,64,0.006285964125120688
mamba,mamba_add_rho0.02_wd0.1_tiersNone,1002,add,0.02,0.1,final,in,63,0.004888223224267943,73,0.006285964125120688
mamba,mamba_add_rho0.02_wd0.1_tiersNone,1002,add,0.02,0.1,final,in,64,0.006069990594696957,43,0.006285964125120688
mamba,mamba_add_rho0.02_wd0.1_tiersNone,1002,add,0.02,0.1,final,in,65,0.006955405081386873,25,0.006285964125120688
mamba,mamba_add_rho0.02_wd0.1_tiersNone,1002,add,0.02,0.1,final,in,66,0.006686338289382596,29,0.006285964125120688
mamba,mamba_add_rho0.02_wd0.1_tiersNone,1002,add,0.02,0.1,final,in,67,0.00731207187598127,17,0.006285964125120688
mamba,mamba_add_rho0.02_wd0.1_tiersNone,1002,add,0.02,0.1,final,in,68,0.006260758070480253,39,0.006285964125120688
mamba,mamba_add_rho0.02_wd0.1_tiersNone,1002,add,0.02,0.1,final,in,69,0.006704752622155818,28,0.006285964125120688
mamba,mamba_add_rho0.02_wd0.1_tiersNone,1002,add,0.02,0.1,final,in,70,0.005781184585940356,49,0.006285964125120688
mamba,mamba_add_rho0.02_wd0.1_tiersNone,1002,add,0.02,0.1,final,in,71,0.007306528478883984,18,0.006285964125120688
mamba,mamba_add_rho0.02_wd0.1_tiersNone,1002,add,0.02,0.1,final,in,72,0.0052873459811748754,69,0.006285964125120688
mamba,mamba_add_rho0.02_wd0.1_tiersNone,1002,add,0.02,0.1,final,in,73,0.007448286467945262,14,0.006285964125120688
mamba,mamba_add_rho0.02_wd0.1_tiersNone,1002,add,0.02,0.1,final,in,74,0.007249640855037278,19,0.006285964125120688
mamba,mamba_add_rho0.02_wd0.1_tiersNone,1002,add,0.02,0.1,final,out,1,0.062443089487666865,7,0.0029167721129885393
mamba,mamba_add_rho0.02_wd0.1_tiersNone,1002,add,0.02,0.1,final,out,2,0.08460099977408259,6,0.0029167721129885393
mamba,mamba_add_rho0.02_wd0.1_tiersNone,1002,add,0.02,0.1,final,out,3,0.003654109067478828,51,0.0029167721129885393
mamba,mamba_add_rho0.02_wd0.1_tiersNone,1002,add,0.02,0.1,final,out,4,0.13137161004839334,2,0.0029167721129885393
mamba,mamba_add_rho0.02_wd0.1_tiersNone,1002,add,0.02,0.1,final,out,5,0.0038380892398214668,41,0.0029167721129885393
mamba,mamba_add_rho0.02_wd0.1_tiersNone,1002,add,0.02,0.1,final,out,6,0.004422606626204405,16,0.0029167721129885393
mamba,mamba_add_rho0.02_wd0.1_tiersNone,1002,add,0.02,0.1,final,out,7,0.004098729276245114,25,0.0029167721129885393
mamba,mamba_add_rho0.02_wd0.1_tiersNone,1002,add,0.02,0.1,final,out,8,0.005169963823533726,9,0.0029167721129885393
mamba,mamba_add_rho0.02_wd0.1_tiersNone,1002,add,0.02,0.1,final,out,9,0.0049272309490197164,11,0.0029167721129885393
mamba,mamba_add_rho0.02_wd0.1_tiersNone,1002,add,0.02,0.1,final,out,10,0.0037363172716328983,45,0.0029167721129885393
mamba,mamba_add_rho0.02_wd0.1_tiersNone,1002,add,0.02,0.1,final,out,11,0.004030743174736195,29,0.0029167721129885393
mamba,mamba_add_rho0.02_wd0.1_tiersNone,1002,add,0.02,0.1,final,out,12,0.004212352222911266,18,0.0029167721129885393
mamba,mamba_add_rho0.02_wd0.1_tiersNone,1002,add,0.02,0.1,final,out,13,0.004221979252862972,17,0.0029167721129885393
mamba,mamba_add_rho0.02_wd0.1_tiersNone,1002,add,0.02,0.1,final,out,14,0.0034252644705307094,63,0.0029167721129885393
mamba,mamba_add_rho0.02_wd0.1_tiersNone,1002,add,0.02,0.1,final,out,15,0.003578214327900527,55,0.0029167721129885393
mamba,mamba_add_rho0.02_wd0.1_tiersNone,1002,add,0.02,0.1,final,out,16,0.0037879513866707717,44,0.0029167721129885393
mamba,mamba_add_rho0.02_wd0.1_tiersNone,1002,add,0.02,0.1,final,out,17,0.0031603168498851525,72,0.0029167721129885393
mamba,mamba_add_rho0.02_wd0.1_tiersNone,1002,add,0.02,0.1,final,out,18,0.11829024737124372,3,0.0029167721129885393
mamba,mamba_add_rho0.02_wd0.1_tiersNone,1002,add,0.02,0.1,final,out,19,0.0033046868695115576,65,0.0029167721129885393
mamba,mamba_add_rho0.02_wd0.1_tiersNone,1002,add,0.02,0.1,final,out,20,0.0032644013876516526,68,0.0029167721129885393
mamba,mamba_add_rho0.02_wd0.1_tiersNone,1002,add,0.02,0.1,final,out,21,0.003186471641733575,70,0.0029167721129885393
mamba,mamba_add_rho0.02_wd0.1_tiersNone,1002,add,0.02,0.1,final,out,22,0.003570288813497602,56,0.0029167721129885393
mamba,mamba_add_rho0.02_wd0.1_tiersNone,1002,add,0.02,0.1,final,out,23,0.004859526547859179,12,0.0029167721129885393
mamba,mamba_add_rho0.02_wd0.1_tiersNone,1002,add,0.02,0.1,final,out,24,0.004039315992268289,28,0.0029167721129885393
mamba,mamba_add_rho0.02_wd0.1_tiersNone,1002,add,0.02,0.1,final,out,25,0.0030736612519421795,74,0.0029167721129885393
mamba,mamba_add_rho0.02_wd0.1_tiersNone,1002,add,0.02,0.1,final,out,26,0.00405840387138039,27,0.0029167721129885393
mamba,mamba_add_rho0.02_wd0.1_tiersNone,1002,add,0.02,0.1,final,out,27,0.0041874651558385,20,0.0029167721129885393
mamba,mamba_add_rho0.02_wd0.1_tiersNone,1002,add,0.02,0.1,final,out,28,0.003426105996013134,62,0.0029167721129885393
mamba,mamba_add_rho0.02_wd0.1_tiersNone,1002,add,0.02,0.1,final,out,29,0.0032978351729419215,67,0.0029167721129885393
mamba,mamba_add_rho0.02_wd0.1_tiersNone,1002,add,0.02,0.1,final,out,30,0.004543801048832363,15,0.0029167721129885393
mamba,mamba_add_rho0.02_wd0.1_tiersNone,1002,add,0.02,0.1,final,out,31,0.0035884457575967245,54,0.0029167721129885393
mamba,mamba_add_rho0.02_wd0.1_tiersNone,1002,add,0.02,0.1,final,out,32,0.003176740158079352,71,0.0029167721129885393
mamba,mamba_add_rho0.02_wd0.1_tiersNone,1002,add,0.02,0.1,final,out,33,0.08771169358100754,5,0.0029167721129885393
mamba,mamba_add_rho0.02_wd0.1_tiersNone,1002,add,0.02,0.1,final,out,34,0.003676094895173006,49,0.0029167721129885393
mamba,mamba_add_rho0.02_wd0.1_tiersNone,1002,add,0.02,0.1,final,out,35,0.004159376088043861,23,0.0029167721129885393
mamba,mamba_add_rho0.02_wd0.1_tiersNone,1002,add,0.02,0.1,final,out,36,0.003917597917880645,33,0.0029167721129885393
mamba,mamba_add_rho0.02_wd0.1_tiersNone,1002,add,0.02,0.1,final,out,37,0.004104676942470162,24,0.0029167721129885393
mamba,mamba_add_rho0.02_wd0.1_tiersNone,1002,add,0.02,0.1,final,out,38,0.004164892541307315,22,0.0029167721129885393
mamba,mamba_add_rho0.02_wd0.1_tiersNone,1002,add,0.02,0.1,final,out,39,0.003910923907060718,35,0.0029167721129885393
mamba,mamba_add_rho0.02_wd0.1_tiersNone,1002,add,0.02,0.1,final,out,40,0.0030763649888814757,73,0.0029167721129885393
mamba,mamba_add_rho0.02_wd0.1_tiersNone,1002,add,0.02,0.1,final,out,41,0.00406186163515378,26,0.0029167721129885393
mamba,mamba_add_rho0.02_wd0.1_tiersNone,1002,add,0.02,0.1,final,out,42,0.0038467943483745863,39,0.0029167721129885393
mamba,mamba_add_rho0.02_wd0.1_tiersNone,1002,add,0.02,0.1,final,out,43,0.0035683995745663575,57,0.0029167721129885393
mamba,mamba_add_rho0.02_wd0.1_tiersNone,1002,add,0.02,0.1,final,out,44,0.0031866540596818464,69,0.0029167721129885393
mamba,mamba_add_rho0.02_wd0.1_tiersNone,1002,add,0.02,0.1,final,out,45,0.004194399779755882,19,0.0029167721129885393
mamba,mamba_add_rho0.02_wd0.1_tiersNone,1002,add,0.02,0.1,final,out,46,0.003901246906538966,36,0.0029167721129885393
mamba,mamba_add_rho0.02_wd0.1_tiersNone,1002,add,0.02,0.1,final,out,47,0.0039449087870932235,31,0.0029167721129885393
mamba,mamba_add_rho0.02_wd0.1_tiersNone,1002,add,0.02,0.1,final,out,48,0.0033571537174305697,64,0.0029167721129885393
mamba,mamba_add_rho0.02_wd0.1_tiersNone,1002,add,0.02,0.1,final,out,49,0.003916812125307636,34,0.0029167721129885393
mamba,mamba_add_rho0.02_wd0.1_tiersNone,1002,add,0.02,0.1,final,out,50,0.11537980752233515,4,0.0029167721129885393
mamba,mamba_add_rho0.02_wd0.1_tiersNone,1002,add,0.02,0.1,final,out,51,0.003533233761337586,60,0.0029167721129885393
mamba,mamba_add_rho0.02_wd0.1_tiersNone,1002,add,0.02,0.1,final,out,52,0.0037286133766239876,47,0.0029167721129885393
mamba,mamba_add_rho0.02_wd0.1_tiersNone,1002,add,0.02,0.1,final,out,53,0.003814379752141048,43,0.0029167721129885393
mamba,mamba_add_rho0.02_wd0.1_tiersNone,1002,add,0.02,0.1,final,out,54,0.00382748757794077,42,0.0029167721129885393
mamba,mamba_add_rho0.02_wd0.1_tiersNone,1002,add,0.02,0.1,final,out,55,0.0038769212824526695,38,0.0029167721129885393
mamba,mamba_add_rho0.02_wd0.1_tiersNone,1002,add,0.02,0.1,final,out,56,0.003588741386440521,53,0.0029167721129885393
mamba,mamba_add_rho0.02_wd0.1_tiersNone,1002,add,0.02,0.1,final,out,57,0.0035606988089555702,58,0.0029167721129885393
mamba,mamba_add_rho0.02_wd0.1_tiersNone,1002,add,0.02,0.1,final,out,58,0.003980662695251504,30,0.0029167721129885393
mamba,mamba_add_rho0.02_wd0.1_tiersNone,1002,add,0.02,0.1,final,out,59,0.005130232960106194,10,0.0029167721129885393
mamba,mamba_add_rho0.02_wd0.1_tiersNone,1002,add,0.02,0.1,final,out,60,0.0033039815658284085,66,0.0029167721129885393
mamba,mamba_add_rho0.02_wd0.1_tiersNone,1002,add,0.02,0.1,final,out,61,0.13952712227794584,1,0.0029167721129885393
mamba,mamba_add_rho0.02_wd0.1_tiersNone,1002,add,0.02,0.1,final,out,62,0.0035932085059223844,52,0.0029167721129885393
mamba,mamba_add_rho0.02_wd0.1_tiersNone,1002,add,0.02,0.1,final,out,63,0.0038398539770493428,40,0.0029167721129885393
mamba,mamba_add_rho0.02_wd0.1_tiersNone,1002,add,0.02,0.1,final,out,64,0.00394445496805807,32,0.0029167721129885393
mamba,mamba_add_rho0.02_wd0.1_tiersNone,1002,add,0.02,0.1,final,out,65,0.006592291536959341,8,0.0029167721129885393
mamba,mamba_add_rho0.02_wd0.1_tiersNone,1002,add,0.02,0.1,final,out,66,0.003662378439483088,50,0.0029167721129885393
mamba,mamba_add_rho0.02_wd0.1_tiersNone,1002,add,0.02,0.1,final,out,67,0.004812574950040465,13,0.0029167721129885393
mamba,mamba_add_rho0.02_wd0.1_tiersNone,1002,add,0.02,0.1,final,out,68,0.0037297164088246843,46,0.0029167721129885393
mamba,mamba_add_rho0.02_wd0.1_tiersNone,1002,add,0.02,0.1,final,out,69,0.0034353393981679933,61,0.0029167721129885393
mamba,mamba_add_rho0.02_wd0.1_tiersNone,1002,add,0.02,0.1,final,out,70,0.00418470654807105,21,0.0029167721129885393
mamba,mamba_add_rho0.02_wd0.1_tiersNone,1002,add,0.02,0.1,final,out,71,0.004560952989610224,14,0.0029167721129885393
mamba,mamba_add_rho0.02_wd0.1_tiersNone,1002,add,0.02,0.1,final,out,72,0.003695731841528095,48,0.0029167721129885393
mamba,mamba_add_rho0.02_wd0.1_tiersNone,1002,add,0.02,0.1,final,out,73,0.003556978421628647,59,0.0029167721129885393
mamba,mamba_add_rho0.02_wd0.1_tiersNone,1002,add,0.02,0.1,final,out,74,0.0038931129656031497,37,0.0029167721129885393
mamba,mamba_add_rho0.02_wd0.3_tiersNone,1000,add,0.02,0.3,final,in,1,0.005412364176562614,64,0.005836849110010709
mamba,mamba_add_rho0.02_wd0.3_tiersNone,1000,add,0.02,0.3,final,in,2,0.006431351730372234,38,0.005836849110010709
mamba,mamba_add_rho0.02_wd0.3_tiersNone,1000,add,0.02,0.3,final,in,3,0.007241423424721855,19,0.005836849110010709
mamba,mamba_add_rho0.02_wd0.3_tiersNone,1000,add,0.02,0.3,final,in,4,0.005707323384093025,56,0.005836849110010709
mamba,mamba_add_rho0.02_wd0.3_tiersNone,1000,add,0.02,0.3,final,in,5,0.007040895847152521,22,0.005836849110010709
mamba,mamba_add_rho0.02_wd0.3_tiersNone,1000,add,0.02,0.3,final,in,6,0.005968334854794232,51,0.005836849110010709
mamba,mamba_add_rho0.02_wd0.3_tiersNone,1000,add,0.02,0.3,final,in,7,0.006162776482554903,46,0.005836849110010709
mamba,mamba_add_rho0.02_wd0.3_tiersNone,1000,add,0.02,0.3,final,in,8,0.006707079649070892,33,0.005836849110010709
mamba,mamba_add_rho0.02_wd0.3_tiersNone,1000,add,0.02,0.3,final,in,9,0.006188212224026955,45,0.005836849110010709
mamba,mamba_add_rho0.02_wd0.3_tiersNone,1000,add,0.02,0.3,final,in,10,0.004399753141587981,74,0.005836849110010709
mamba,mamba_add_rho0.02_wd0.3_tiersNone,1000,add,0.02,0.3,final,in,11,0.007555560779857519,12,0.005836849110010709
mamba,mamba_add_rho0.02_wd0.3_tiersNone,1000,add,0.02,0.3,final,in,12,0.013930698916209912,9,0.005836849110010709
mamba,mamba_add_rho0.02_wd0.3_tiersNone,1000,add,0.02,0.3,final,in,13,0.005059426216434713,68,0.005836849110010709
mamba,mamba_add_rho0.02_wd0.3_tiersNone,1000,add,0.02,0.3,final,in,14,0.0064390216678433185,37,0.005836849110010709
mamba,mamba_add_rho0.02_wd0.3_tiersNone,1000,add,0.02,0.3,final,in,15,0.007493844131260267,14,0.005836849110010709
mamba,mamba_add_rho0.02_wd0.3_tiersNone,1000,add,0.02,0.3,final,in,16,0.006470422397690438,36,0.005836849110010709
mamba,mamba_add_rho0.02_wd0.3_tiersNone,1000,add,0.02,0.3,final,in,17,0.007574639705042913,11,0.005836849110010709
mamba,mamba_add_rho0.02_wd0.3_tiersNone,1000,add,0.02,0.3,final,in,18,0.004803624136543416,71,0.005836849110010709
mamba,mamba_add_rho0.02_wd0.3_tiersNone,1000,add,0.02,0.3,final,in,19,0.045673161059013104,7,0.005836849110010709
mamba,mamba_add_rho0.02_wd0.3_tiersNone,1000,add,0.02,0.3,final,in,20,0.0047945295068921034,72,0.005836849110010709
mamba,mamba_add_rho0.02_wd0.3_tiersNone,1000,add,0.02,0.3,final,in,21,0.00710433693258495,21,0.005836849110010709
mamba,mamba_add_rho0.02_wd0.3_tiersNone,1000,add,0.02,0.3,final,in,22,0.005570150244007246,60,0.005836849110010709
mamba,mamba_add_rho0.02_wd0.3_tiersNone,1000,add,0.02,0.3,final,in,23,0.004934223679083466,70,0.005836849110010709
mamba,mamba_add_rho0.02_wd0.3_tiersNone,1000,add,0.02,0.3,final,in,24,0.0066907006981614895,35,0.005836849110010709
mamba,mamba_add_rho0.02_wd0.3_tiersNone,1000,add,0.02,0.3,final,in,25,0.0058943748970231285,53,0.005836849110010709
mamba,mamba_add_rho0.02_wd0.3_tiersNone,1000,add,0.02,0.3,final,in,26,0.005918962871913935,52,0.005836849110010709
mamba,mamba_add_rho0.02_wd0.3_tiersNone,1000,add,0.02,0.3,final,in,27,0.006720627455035402,32,0.005836849110010709
mamba,mamba_add_rho0.02_wd0.3_tiersNone,1000,add,0.02,0.3,final,in,28,0.006033803700300139,49,0.005836849110010709
mamba,mamba_add_rho0.02_wd0.3_tiersNone,1000,add,0.02,0.3,final,in,29,0.007002467271072732,25,0.005836849110010709
mamba,mamba_add_rho0.02_wd0.3_tiersNone,1000,add,0.02,0.3,final,in,30,0.006126640050278997,47,0.005836849110010709
mamba,mamba_add_rho0.02_wd0.3_tiersNone,1000,add,0.02,0.3,final,in,31,0.005655034506889519,59,0.005836849110010709
mamba,mamba_add_rho0.02_wd0.3_tiersNone,1000,add,0.02,0.3,final,in,32,0.004637473604101878,73,0.005836849110010709
mamba,mamba_add_rho0.02_wd0.3_tiersNone,1000,add,0.02,0.3,final,in,33,0.005856423797842869,54,0.005836849110010709
mamba,mamba_add_rho0.02_wd0.3_tiersNone,1000,add,0.02,0.3,final,in,34,0.0072069808814611315,20,0.005836849110010709
mamba,mamba_add_rho0.02_wd0.3_tiersNone,1000,add,0.02,0.3,final,in,35,0.006856491508765479,29,0.005836849110010709
mamba,mamba_add_rho0.02_wd0.3_tiersNone,1000,add,0.02,0.3,final,in,36,0.00604475235220403,48,0.005836849110010709
mamba,mamba_add_rho0.02_wd0.3_tiersNone,1000,add,0.02,0.3,final,in,37,0.09895192988307738,2,0.005836849110010709
mamba,mamba_add_rho0.02_wd0.3_tiersNone,1000,add,0.02,0.3,final,in,38,0.004996733298338862,69,0.005836849110010709
mamba,mamba_add_rho0.02_wd0.3_tiersNone,1000,add,0.02,0.3,final,in,39,0.005260929957620132,66,0.005836849110010709
mamba,mamba_add_rho0.02_wd0.3_tiersNone,1000,add,0.02,0.3,final,in,40,0.006886262301099549,28,0.005836849110010709
mamba,mamba_add_rho0.02_wd0.3_tiersNone,1000,add,0.02,0.3,final,in,41,0.005487932685419185,61,0.005836849110010709
mamba,mamba_add_rho0.02_wd0.3_tiersNone,1000,add,0.02,0.3,final,in,42,0.005136081525554188,67,0.005836849110010709
mamba,mamba_add_rho0.02_wd0.3_tiersNone,1000,add,0.02,0.3,final,in,43,0.006247928333281536,42,0.005836849110010709
mamba,mamba_add_rho0.02_wd0.3_tiersNone,1000,add,0.02,0.3,final,in,44,0.0063683085802694805,40,0.005836849110010709
mamba,mamba_add_rho0.02_wd0.3_tiersNone,1000,add,0.02,0.3,final,in,45,0.006703564930416345,34,0.005836849110010709
mamba,mamba_add_rho0.02_wd0.3_tiersNone,1000,add,0.02,0.3,final,in,46,0.0072600292899651165,18,0.005836849110010709
mamba,mamba_add_rho0.02_wd0.3_tiersNone,1000,add,0.02,0.3,final,in,47,0.006769026878038637,31,0.005836849110010709
mamba,mamba_add_rho0.02_wd0.3_tiersNone,1000,add,0.02,0.3,final,in,48,0.00597741823848281,50,0.005836849110010709
mamba,mamba_add_rho0.02_wd0.3_tiersNone,1000,add,0.02,0.3,final,in,49,0.008011046965908057,10,0.005836849110010709
mamba,mamba_add_rho0.02_wd0.3_tiersNone,1000,add,0.02,0.3,final,in,50,0.07332428006789726,3,0.005836849110010709
mamba,mamba_add_rho0.02_wd0.3_tiersNone,1000,add,0.02,0.3,final,in,51,0.07329361726354755,4,0.005836849110010709
mamba,mamba_add_rho0.02_wd0.3_tiersNone,1000,add,0.02,0.3,final,in,52,0.006230734146667446,43,0.005836849110010709
mamba,mamba_add_rho0.02_wd0.3_tiersNone,1000,add,0.02,0.3,final,in,53,0.006425388413795708,39,0.005836849110010709
mamba,mamba_add_rho0.02_wd0.3_tiersNone,1000,add,0.02,0.3,final,in,54,0.0054744225846476745,63,0.005836849110010709
mamba,mamba_add_rho0.02_wd0.3_tiersNone,1000,add,0.02,0.3,final,in,55,0.006917118899366895,27,0.005836849110010709
mamba,mamba_add_rho0.02_wd0.3_tiersNone,1000,add,0.02,0.3,final,in,56,0.005478648808138403,62,0.005836849110010709
mamba,mamba_add_rho0.02_wd0.3_tiersNone,1000,add,0.02,0.3,final,in,57,0.005694925242770792,57,0.005836849110010709
mamba,mamba_add_rho0.02_wd0.3_tiersNone,1000,add,0.02,0.3,final,in,58,0.00749786190260705,13,0.005836849110010709
mamba,mamba_add_rho0.02_wd0.3_tiersNone,1000,add,0.02,0.3,final,in,59,0.00627378547027401,41,0.005836849110010709
mamba,mamba_add_rho0.02_wd0.3_tiersNone,1000,add,0.02,0.3,final,in,60,0.06889140466190678,6,0.005836849110010709
mamba,mamba_add_rho0.02_wd0.3_tiersNone,1000,add,0.02,0.3,final,in,61,0.005301058257573771,65,0.005836849110010709
mamba,mamba_add_rho0.02_wd0.3_tiersNone,1000,add,0.02,0.3,final,in,62,0.005678560278994175,58,0.005836849110010709
mamba,mamba_add_rho0.02_wd0.3_tiersNone,1000,add,0.02,0.3,final,in,63,0.006204396949793395,44,0.005836849110010709
mamba,mamba_add_rho0.02_wd0.3_tiersNone,1000,add,0.02,0.3,final,in,64,0.007282150947654329,15,0.005836849110010709
mamba,mamba_add_rho0.02_wd0.3_tiersNone,1000,add,0.02,0.3,final,in,65,0.006918442946197309,26,0.005836849110010709
mamba,mamba_add_rho0.02_wd0.3_tiersNone,1000,add,0.02,0.3,final,in,66,0.005753623756337417,55,0.005836849110010709
mamba,mamba_add_rho0.02_wd0.3_tiersNone,1000,add,0.02,0.3,final,in,67,0.0072728630028472355,16,0.005836849110010709
mamba,mamba_add_rho0.02_wd0.3_tiersNone,1000,add,0.02,0.3,final,in,68,0.007269814581652417,17,0.005836849110010709
mamba,mamba_add_rho0.02_wd0.3_tiersNone,1000,add,0.02,0.3,final,in,69,0.07305831817993114,5,0.005836849110010709
mamba,mamba_add_rho0.02_wd0.3_tiersNone,1000,add,0.02,0.3,final,in,70,0.04500801568186722,8,0.005836849110010709
mamba,mamba_add_rho0.02_wd0.3_tiersNone,1000,add,0.02,0.3,final,in,71,0.006774991982174401,30,0.005836849110010709
mamba,mamba_add_rho0.02_wd0.3_tiersNone,1000,add,0.02,0.3,final,in,72,0.007005754013013462,24,0.005836849110010709
mamba,mamba_add_rho0.02_wd0.3_tiersNone,1000,add,0.02,0.3,final,in,73,0.10059839806249235,1,0.005836849110010709
mamba,mamba_add_rho0.02_wd0.3_tiersNone,1000,add,0.02,0.3,final,in,74,0.007006343147929099,23,0.005836849110010709
mamba,mamba_add_rho0.02_wd0.3_tiersNone,1000,add,0.02,0.3,final,out,1,0.0019481536686322852,50,0.0032192276842236533
mamba,mamba_add_rho0.02_wd0.3_tiersNone,1000,add,0.02,0.3,final,out,2,0.0017010785632567613,66,0.0032192276842236533
mamba,mamba_add_rho0.02_wd0.3_tiersNone,1000,add,0.02,0.3,final,out,3,0.0017712020063924956,62,0.0032192276842236533
mamba,mamba_add_rho0.02_wd0.3_tiersNone,1000,add,0.02,0.3,final,out,4,0.002021575914696486,47,0.0032192276842236533
mamba,mamba_add_rho0.02_wd0.3_tiersNone,1000,add,0.02,0.3,final,out,5,0.0016597900566212964,70,0.0032192276842236533
mamba,mamba_add_rho0.02_wd0.3_tiersNone,1000,add,0.02,0.3,final,out,6,0.001790478294760456,60,0.0032192276842236533
mamba,mamba_add_rho0.02_wd0.3_tiersNone,1000,add,0.02,0.3,final,out,7,0.0022186624494957836,33,0.0032192276842236533
mamba,mamba_add_rho0.02_wd0.3_tiersNone,1000,add,0.02,0.3,final,out,8,0.0016709655387138838,68,0.0032192276842236533
mamba,mamba_add_rho0.02_wd0.3_tiersNone,1000,add,0.02,0.3,final,out,9,0.0020424556654701615,44,0.0032192276842236533
mamba,mamba_add_rho0.02_wd0.3_tiersNone,1000,add,0.02,0.3,final,out,10,0.0019009477231010105,55,0.0032192276842236533
mamba,mamba_add_rho0.02_wd0.3_tiersNone,1000,add,0.02,0.3,final,out,11,0.0020434754495675545,43,0.0032192276842236533
mamba,mamba_add_rho0.02_wd0.3_tiersNone,1000,add,0.02,0.3,final,out,12,0.009840436304810254,9,0.0032192276842236533
mamba,mamba_add_rho0.02_wd0.3_tiersNone,1000,add,0.02,0.3,final,out,13,0.003146524377576083,14,0.0032192276842236533
mamba,mamba_add_rho0.02_wd0.3_tiersNone,1000,add,0.02,0.3,final,out,14,0.002705624351820933,18,0.0032192276842236533
mamba,mamba_add_rho0.02_wd0.3_tiersNone,1000,add,0.02,0.3,final,out,15,0.002084779807159852,38,0.0032192276842236533
mamba,mamba_add_rho0.02_wd0.3_tiersNone,1000,add,0.02,0.3,final,out,16,0.003630198274140963,11,0.0032192276842236533
mamba,mamba_add_rho0.02_wd0.3_tiersNone,1000,add,0.02,0.3,final,out,17,0.0021399972959149326,36,0.0032192276842236533
mamba,mamba_add_rho0.02_wd0.3_tiersNone,1000,add,0.02,0.3,final,out,18,0.0023932305405865253,26,0.0032192276842236533
mamba,mamba_add_rho0.02_wd0.3_tiersNone,1000,add,0.02,0.3,final,out,19,0.06806701288171217,7,0.0032192276842236533
mamba,mamba_add_rho0.02_wd0.3_tiersNone,1000,add,0.02,0.3,final,out,20,0.0020766615094243448,40,0.0032192276842236533
mamba,mamba_add_rho0.02_wd0.3_tiersNone,1000,add,0.02,0.3,final,out,21,0.0024105660688710094,25,0.0032192276842236533
mamba,mamba_add_rho0.02_wd0.3_tiersNone,1000,add,0.02,0.3,final,out,22,0.0019434182665595695,52,0.0032192276842236533
mamba,mamba_add_rho0.02_wd0.3_tiersNone,1000,add,0.02,0.3,final,out,23,0.002857674665882218,17,0.0032192276842236533
mamba,mamba_add_rho0.02_wd0.3_tiersNone,1000,add,0.02,0.3,final,out,24,0.0018722981944287271,56,0.0032192276842236533
mamba,mamba_add_rho0.02_wd0.3_tiersNone,1000,add,0.02,0.3,final,out,25,0.0023229715172962268,30,0.0032192276842236533
mamba,mamba_add_rho0.02_wd0.3_tiersNone,1000,add,0.02,0.3,final,out,26,0.003032087018133942,15,0.0032192276842236533
mamba,mamba_add_rho0.02_wd0.3_tiersNone,1000,add,0.02,0.3,final,out,27,0.001944671797373365,51,0.0032192276842236533
mamba,mamba_add_rho0.02_wd0.3_tiersNone,1000,add,0.02,0.3,final,out,28,0.0019933240849574563,49,0.0032192276842236533
mamba,mamba_add_rho0.02_wd0.3_tiersNone,1000,add,0.02,0.3,final,out,29,0.002582800519358996,20,0.0032192276842236533
mamba,mamba_add_rho0.02_wd0.3_tiersNone,1000,add,0.02,0.3,final,out,30,0.0016888587095714358,67,0.0032192276842236533
mamba,mamba_add_rho0.02_wd0.3_tiersNone,1000,add,0.02,0.3,final,out,31,0.0020977617054173375,37,0.0032192276842236533
mamba,mamba_add_rho0.02_wd0.3_tiersNone,1000,add,0.02,0.3,final,out,32,0.0018571320199412922,58,0.0032192276842236533
mamba,mamba_add_rho0.02_wd0.3_tiersNone,1000,add,0.02,0.3,final,out,33,0.0019391969557129175,53,0.0032192276842236533
mamba,mamba_add_rho0.02_wd0.3_tiersNone,1000,add,0.02,0.3,final,out,34,0.0020607784568556268,41,0.0032192276842236533
mamba,mamba_add_rho0.02_wd0.3_tiersNone,1000,add,0.02,0.3,final,out,35,0.0024227480396660293,24,0.0032192276842236533
mamba,mamba_add_rho0.02_wd0.3_tiersNone,1000,add,0.02,0.3,final,out,36,0.0034228627987203013,12,0.0032192276842236533
mamba,mamba_add_rho0.02_wd0.3_tiersNone,1000,add,0.02,0.3,final,out,37,0.14660217392084135,2,0.0032192276842236533
mamba,mamba_add_rho0.02_wd0.3_tiersNone,1000,add,0.02,0.3,final,out,38,0.002029233237794677,45,0.0032192276842236533
mamba,mamba_add_rho0.02_wd0.3_tiersNone,1000,add,0.02,0.3,final,out,39,0.0032179383897289696,13,0.0032192276842236533
mamba,mamba_add_rho0.02_wd0.3_tiersNone,1000,add,0.02,0.3,final,out,40,0.0020195869946008803,48,0.0032192276842236533
mamba,mamba_add_rho0.02_wd0.3_tiersNone,1000,add,0.02,0.3,final,out,41,0.002259204489432483,31,0.0032192276842236533
mamba,mamba_add_rho0.02_wd0.3_tiersNone,1000,add,0.02,0.3,final,out,42,0.0019341169058527965,54,0.0032192276842236533
mamba,mamba_add_rho0.02_wd0.3_tiersNone,1000,add,0.02,0.3,final,out,43,0.002463815753875832,22,0.0032192276842236533
mamba,mamba_add_rho0.02_wd0.3_tiersNone,1000,add,0.02,0.3,final,out,44,0.0022032565244463937,35,0.0032192276842236533
mamba,mamba_add_rho0.02_wd0.3_tiersNone,1000,add,0.02,0.3,final,out,45,0.001601251161562486,71,0.0032192276842236533
mamba,mamba_add_rho0.02_wd0.3_tiersNone,1000,add,0.02,0.3,final,out,46,0.0022043018409078135,34,0.0032192276842236533
mamba,mamba_add_rho0.02_wd0.3_tiersNone,1000,add,0.02,0.3,final,out,47,0.0023312336662071613,29,0.0032192276842236533
mamba,mamba_add_rho0.02_wd0.3_tiersNone,1000,add,0.02,0.3,final,out,48,0.0017641708214500723,63,0.0032192276842236533
mamba,mamba_add_rho0.02_wd0.3_tiersNone,1000,add,0.02,0.3,final,out,49,0.0023869095884906408,28,0.0032192276842236533
mamba,mamba_add_rho0.02_wd0.3_tiersNone,1000,add,0.02,0.3,final,out,50,0.11110998582417465,3,0.0032192276842236533
mamba,mamba_add_rho0.02_wd0.3_tiersNone,1000,add,0.02,0.3,final,out,51,0.10525611603408021,4,0.0032192276842236533
mamba,mamba_add_rho0.02_wd0.3_tiersNone,1000,add,0.02,0.3,final,out,52,0.00398476706659769,10,0.0032192276842236533
mamba,mamba_add_rho0.02_wd0.3_tiersNone,1000,add,0.02,0.3,final,out,53,0.0018463912588439822,59,0.0032192276842236533
mamba,mamba_add_rho0.02_wd0.3_tiersNone,1000,add,0.02,0.3,final,out,54,0.0018613954092748003,57,0.0032192276842236533
mamba,mamba_add_rho0.02_wd0.3_tiersNone,1000,add,0.02,0.3,final,out,55,0.0020266988954043327,46,0.0032192276842236533
mamba,mamba_add_rho0.02_wd0.3_tiersNone,1000,add,0.02,0.3,final,out,56,0.002567545328625227,21,0.0032192276842236533
mamba,mamba_add_rho0.02_wd0.3_tiersNone,1000,add,0.02,0.3,final,out,57,0.002444962100479016,23,0.0032192276842236533
mamba,mamba_add_rho0.02_wd0.3_tiersNone,1000,add,0.02,0.3,final,out,58,0.0014991450431982598,73,0.0032192276842236533
mamba,mamba_add_rho0.02_wd0.3_tiersNone,1000,add,0.02,0.3,final,out,59,0.0017591346696749569,64,0.0032192276842236533
mamba,mamba_add_rho0.02_wd0.3_tiersNone,1000,add,0.02,0.3,final,out,60,0.10188974192859407,5,0.0032192276842236533
mamba,mamba_add_rho0.02_wd0.3_tiersNone,1000,add,0.02,0.3,final,out,61,0.001725994754776366,65,0.0032192276842236533
mamba,mamba_add_rho0.02_wd0.3_tiersNone,1000,add,0.02,0.3,final,out,62,0.0029590476360114967,16,0.0032192276842236533
mamba,mamba_add_rho0.02_wd0.3_tiersNone,1000,add,0.02,0.3,final,out,63,0.0020582480726772166,42,0.0032192276842236533
mamba,mamba_add_rho0.02_wd0.3_tiersNone,1000,add,0.02,0.3,final,out,64,0.002080464647799909,39,0.0032192276842236533
mamba,mamba_add_rho0.02_wd0.3_tiersNone,1000,add,0.02,0.3,final,out,65,0.001489792967363657,74,0.0032192276842236533
mamba,mamba_add_rho0.02_wd0.3_tiersNone,1000,add,0.02,0.3,final,out,66,0.00225187469750836,32,0.0032192276842236533
mamba,mamba_add_rho0.02_wd0.3_tiersNone,1000,add,0.02,0.3,final,out,67,0.0027012533026544053,19,0.0032192276842236533
mamba,mamba_add_rho0.02_wd0.3_tiersNone,1000,add,0.02,0.3,final,out,68,0.001663780197665727,69,0.0032192276842236533
mamba,mamba_add_rho0.02_wd0.3_tiersNone,1000,add,0.02,0.3,final,out,69,0.10139776840020415,6,0.0032192276842236533
mamba,mamba_add_rho0.02_wd0.3_tiersNone,1000,add,0.02,0.3,final,out,70,0.06388183423446507,8,0.0032192276842236533
mamba,mamba_add_rho0.02_wd0.3_tiersNone,1000,add,0.02,0.3,final,out,71,0.0015521686196786743,72,0.0032192276842236533
mamba,mamba_add_rho0.02_wd0.3_tiersNone,1000,add,0.02,0.3,final,out,72,0.0017898500978901924,61,0.0032192276842236533
mamba,mamba_add_rho0.02_wd0.3_tiersNone,1000,add,0.02,0.3,final,out,73,0.1494908876738871,1,0.0032192276842236533
mamba,mamba_add_rho0.02_wd0.3_tiersNone,1000,add,0.02,0.3,final,out,74,0.002391556350678417,27,0.0032192276842236533
mamba,mamba_add_rho0.02_wd0.3_tiersNone,1001,add,0.02,0.3,final,in,1,0.006384786392297917,25,0.003922312755043247
mamba,mamba_add_rho0.02_wd0.3_tiersNone,1001,add,0.02,0.3,final,in,2,0.00544306294122195,50,0.003922312755043247
mamba,mamba_add_rho0.02_wd0.3_tiersNone,1001,add,0.02,0.3,final,in,3,0.006048817001504854,32,0.003922312755043247
mamba,mamba_add_rho0.02_wd0.3_tiersNone,1001,add,0.02,0.3,final,in,4,0.005496494272025794,47,0.003922312755043247
mamba,mamba_add_rho0.02_wd0.3_tiersNone,1001,add,0.02,0.3,final,in,5,0.005881624292796693,38,0.003922312755043247
mamba,mamba_add_rho0.02_wd0.3_tiersNone,1001,add,0.02,0.3,final,in,6,0.004224204902843918,74,0.003922312755043247
mamba,mamba_add_rho0.02_wd0.3_tiersNone,1001,add,0.02,0.3,final,in,7,0.00557617087725696,44,0.003922312755043247
mamba,mamba_add_rho0.02_wd0.3_tiersNone,1001,add,0.02,0.3,final,in,8,0.006937962204351748,15,0.003922312755043247
mamba,mamba_add_rho0.02_wd0.3_tiersNone,1001,add,0.02,0.3,final,in,9,0.005677184792687463,41,0.003922312755043247
mamba,mamba_add_rho0.02_wd0.3_tiersNone,1001,add,0.02,0.3,final,in,10,0.005320595667923173,55,0.003922312755043247
mamba,mamba_add_rho0.02_wd0.3_tiersNone,1001,add,0.02,0.3,final,in,11,0.057393497848176066,6,0.003922312755043247
mamba,mamba_add_rho0.02_wd0.3_tiersNone,1001,add,0.02,0.3,final,in,12,0.006085597093859634,31,0.003922312755043247
mamba,mamba_add_rho0.02_wd0.3_tiersNone,1001,add,0.02,0.3,final,in,13,0.07557035282311168,2,0.003922312755043247
mamba,mamba_add_rho0.02_wd0.3_tiersNone,1001,add,0.02,0.3,final,in,14,0.0064474117108825925,21,0.003922312755043247
mamba,mamba_add_rho0.02_wd0.3_tiersNone,1001,add,0.02,0.3,final,in,15,0.005965013941230086,35,0.003922312755043247
mamba,mamba_add_rho0.02_wd0.3_tiersNone,1001,add,0.02,0.3,final,in,16,0.005037196175556244,63,0.003922312755043247
mamba,mamba_add_rho0.02_wd0.3_tiersNone,1001,add,0.02,0.3,final,in,17,0.06201069971426266,4,0.003922312755043247
mamba,mamba_add_rho0.02_wd0.3_tiersNone,1001,add,0.02,0.3,final,in,18,0.006463905181603605,19,0.003922312755043247
mamba,mamba_add_rho0.02_wd0.3_tiersNone,1001,add,0.02,0.3,final,in,19,0.005564627200370692,45,0.003922312755043247
mamba,mamba_add_rho0.02_wd0.3_tiersNone,1001,add,0.02,0.3,final,in,20,0.005830904921813009,40,0.003922312755043247
mamba,mamba_add_rho0.02_wd0.3_tiersNone,1001,add,0.02,0.3,final,in,21,0.006027077480598443,33,0.003922312755043247
mamba,mamba_add_rho0.02_wd0.3_tiersNone,1001,add,0.02,0.3,final,in,22,0.004814336001384174,69,0.003922312755043247
mamba,mamba_add_rho0.02_wd0.3_tiersNone,1001,add,0.02,0.3,final,in,23,0.07382797961290563,3,0.003922312755043247
mamba,mamba_add_rho0.02_wd0.3_tiersNone,1001,add,0.02,0.3,final,in,24,0.005503919099669055,46,0.003922312755043247
mamba,mamba_add_rho0.02_wd0.3_tiersNone,1001,add,0.02,0.3,final,in,25,0.005899930028432581,37,0.003922312755043247
mamba,mamba_add_rho0.02_wd0.3_tiersNone,1001,add,0.02,0.3,final,in,26,0.005967713122861981,34,0.003922312755043247
mamba,mamba_add_rho0.02_wd0.3_tiersNone,1001,add,0.02,0.3,final,in,27,0.004574941550161819,72,0.003922312755043247
mamba,mamba_add_rho0.02_wd0.3_tiersNone,1001,add,0.02,0.3,final,in,28,0.004713048806218099,70,0.003922312755043247
mamba,mamba_add_rho0.02_wd0.3_tiersNone,1001,add,0.02,0.3,final,in,29,0.006822993596788424,17,0.003922312755043247
mamba,mamba_add_rho0.02_wd0.3_tiersNone,1001,add,0.02,0.3,final,in,30,0.004966709387454391,65,0.003922312755043247
mamba,mamba_add_rho0.02_wd0.3_tiersNone,1001,add,0.02,0.3,final,in,31,0.006223991387241552,29,0.003922312755043247
mamba,mamba_add_rho0.02_wd0.3_tiersNone,1001,add,0.02,0.3,final,in,32,0.006124878820709818,30,0.003922312755043247
mamba,mamba_add_rho0.02_wd0.3_tiersNone,1001,add,0.02,0.3,final,in,33,0.004483459849486483,73,0.003922312755043247
mamba,mamba_add_rho0.02_wd0.3_tiersNone,1001,add,0.02,0.3,final,in,34,0.006371140100187458,26,0.003922312755043247
mamba,mamba_add_rho0.02_wd0.3_tiersNone,1001,add,0.02,0.3,final,in,35,0.0064046929793873915,23,0.003922312755043247
mamba,mamba_add_rho0.02_wd0.3_tiersNone,1001,add,0.02,0.3,final,in,36,0.00565450713278816,42,0.003922312755043247
mamba,mamba_add_rho0.02_wd0.3_tiersNone,1001,add,0.02,0.3,final,in,37,0.005249420529045799,56,0.003922312755043247
mamba,mamba_add_rho0.02_wd0.3_tiersNone,1001,add,0.02,0.3,final,in,38,0.005381663029496803,54,0.003922312755043247
mamba,mamba_add_rho0.02_wd0.3_tiersNone,1001,add,0.02,0.3,final,in,39,0.05942879923679131,5,0.003922312755043247
mamba,mamba_add_rho0.02_wd0.3_tiersNone,1001,add,0.02,0.3,final,in,40,0.005116684241734123,60,0.003922312755043247
mamba,mamba_add_rho0.02_wd0.3_tiersNone,1001,add,0.02,0.3,final,in,41,0.005615438355471762,43,0.003922312755043247
mamba,mamba_add_rho0.02_wd0.3_tiersNone,1001,add,0.02,0.3,final,in,42,0.006315744706690226,27,0.003922312755043247
mamba,mamba_add_rho0.02_wd0.3_tiersNone,1001,add,0.02,0.3,final,in,43,0.005206561220169749,58,0.003922312755043247
mamba,mamba_add_rho0.02_wd0.3_tiersNone,1001,add,0.02,0.3,final,in,44,0.05356968916718707,8,0.003922312755043247
mamba,mamba_add_rho0.02_wd0.3_tiersNone,1001,add,0.02,0.3,final,in,45,0.006458091604806672,20,0.003922312755043247
mamba,mamba_add_rho0.02_wd0.3_tiersNone,1001,add,0.02,0.3,final,in,46,0.005941742003706115,36,0.003922312755043247
mamba,mamba_add_rho0.02_wd0.3_tiersNone,1001,add,0.02,0.3,final,in,47,0.006899870434647548,16,0.003922312755043247
mamba,mamba_add_rho0.02_wd0.3_tiersNone,1001,add,0.02,0.3,final,in,48,0.0062803649948946026,28,0.003922312755043247
mamba,mamba_add_rho0.02_wd0.3_tiersNone,1001,add,0.02,0.3,final,in,49,0.004997784507179994,64,0.003922312755043247
mamba,mamba_add_rho0.02_wd0.3_tiersNone,1001,add,0.02,0.3,final,in,50,0.05537580006000881,7,0.003922312755043247
mamba,mamba_add_rho0.02_wd0.3_tiersNone,1001,add,0.02,0.3,final,in,51,0.0054834544466778054,48,0.003922312755043247
mamba,mamba_add_rho0.02_wd0.3_tiersNone,1001,add,0.02,0.3,final,in,52,0.005123645453588057,59,0.003922312755043247
mamba,mamba_add_rho0.02_wd0.3_tiersNone,1001,add,0.02,0.3,final,in,53,0.004946981761849744,66,0.003922312755043247
mamba,mamba_add_rho0.02_wd0.3_tiersNone,1001,add,0.02,0.3,final,in,54,0.007313909778065407,12,0.003922312755043247
mamba,mamba_add_rho0.02_wd0.3_tiersNone,1001,add,0.02,0.3,final,in,55,0.004892311716471431,68,0.003922312755043247
mamba,mamba_add_rho0.02_wd0.3_tiersNone,1001,add,0.02,0.3,final,in,56,0.005402145782477595,52,0.003922312755043247
mamba,mamba_add_rho0.02_wd0.3_tiersNone,1001,add,0.02,0.3,final,in,57,0.04023299730943321,10,0.003922312755043247
mamba,mamba_add_rho0.02_wd0.3_tiersNone,1001,add,0.02,0.3,final,in,58,0.007021890210897558,14,0.003922312755043247
mamba,mamba_add_rho0.02_wd0.3_tiersNone,1001,add,0.02,0.3,final,in,59,0.006398470192099368,24,0.003922312755043247
mamba,mamba_add_rho0.02_wd0.3_tiersNone,1001,add,0.02,0.3,final,in,60,0.023461526197765453,11,0.003922312755043247
mamba,mamba_add_rho0.02_wd0.3_tiersNone,1001,add,0.02,0.3,final,in,61,0.005411882675485748,51,0.003922312755043247
mamba,mamba_add_rho0.02_wd0.3_tiersNone,1001,add,0.02,0.3,final,in,62,0.005093193852482433,62,0.003922312755043247
mamba,mamba_add_rho0.02_wd0.3_tiersNone,1001,add,0.02,0.3,final,in,63,0.0054699230958019365,49,0.003922312755043247
mamba,mamba_add_rho0.02_wd0.3_tiersNone,1001,add,0.02,0.3,final,in,64,0.09223554452182181,1,0.003922312755043247
mamba,mamba_add_rho0.02_wd0.3_tiersNone,1001,add,0.02,0.3,final,in,65,0.006412447731508856,22,0.003922312755043247
mamba,mamba_add_rho0.02_wd0.3_tiersNone,1001,add,0.02,0.3,final,in,66,0.046796632351316404,9,0.003922312755043247
mamba,mamba_add_rho0.02_wd0.3_tiersNone,1001,add,0.02,0.3,final,in,67,0.007042534695661754,13,0.003922312755043247
mamba,mamba_add_rho0.02_wd0.3_tiersNone,1001,add,0.02,0.3,final,in,68,0.005862640156317624,39,0.003922312755043247
mamba,mamba_add_rho0.02_wd0.3_tiersNone,1001,add,0.02,0.3,final,in,69,0.005238321310790552,57,0.003922312755043247
mamba,mamba_add_rho0.02_wd0.3_tiersNone,1001,add,0.02,0.3,final,in,70,0.004935611757688841,67,0.003922312755043247
mamba,mamba_add_rho0.02_wd0.3_tiersNone,1001,add,0.02,0.3,final,in,71,0.006505070972769532,18,0.003922312755043247
mamba,mamba_add_rho0.02_wd0.3_tiersNone,1001,add,0.02,0.3,final,in,72,0.004649241521806642,71,0.003922312755043247
mamba,mamba_add_rho0.02_wd0.3_tiersNone,1001,add,0.02,0.3,final,in,73,0.005388208094324712,53,0.003922312755043247
mamba,mamba_add_rho0.02_wd0.3_tiersNone,1001,add,0.02,0.3,final,in,74,0.005102331409014842,61,0.003922312755043247
mamba,mamba_add_rho0.02_wd0.3_tiersNone,1001,add,0.02,0.3,final,out,1,0.002244729204688,26,0.0036914760319428732
mamba,mamba_add_rho0.02_wd0.3_tiersNone,1001,add,0.02,0.3,final,out,2,0.0020673051422141465,40,0.0036914760319428732
mamba,mamba_add_rho0.02_wd0.3_tiersNone,1001,add,0.02,0.3,final,out,3,0.0022878610598599507,23,0.0036914760319428732
mamba,mamba_add_rho0.02_wd0.3_tiersNone,1001,add,0.02,0.3,final,out,4,0.0020116233866117133,44,0.0036914760319428732
mamba,mamba_add_rho0.02_wd0.3_tiersNone,1001,add,0.02,0.3,final,out,5,0.002195263139585968,28,0.0036914760319428732
mamba,mamba_add_rho0.02_wd0.3_tiersNone,1001,add,0.02,0.3,final,out,6,0.0017376206183469967,60,0.0036914760319428732
mamba,mamba_add_rho0.02_wd0.3_tiersNone,1001,add,0.02,0.3,final,out,7,0.0023512798148871824,21,0.0036914760319428732
mamba,mamba_add_rho0.02_wd0.3_tiersNone,1001,add,0.02,0.3,final,out,8,0.0023836175411382564,16,0.0036914760319428732
mamba,mamba_add_rho0.02_wd0.3_tiersNone,1001,add,0.02,0.3,final,out,9,0.0020714083326541445,39,0.0036914760319428732
mamba,mamba_add_rho0.02_wd0.3_tiersNone,1001,add,0.02,0.3,final,out,10,0.0016312919492894994,67,0.0036914760319428732
mamba,mamba_add_rho0.02_wd0.3_tiersNone,1001,add,0.02,0.3,final,out,11,0.07561281215525459,7,0.0036914760319428732
mamba,mamba_add_rho0.02_wd0.3_tiersNone,1001,add,0.02,0.3,final,out,12,0.002058488372341936,42,0.0036914760319428732
mamba,mamba_add_rho0.02_wd0.3_tiersNone,1001,add,0.02,0.3,final,out,13,0.10802962357248543,2,0.0036914760319428732
mamba,mamba_add_rho0.02_wd0.3_tiersNone,1001,add,0.02,0.3,final,out,14,0.0023569499206867344,19,0.0036914760319428732
mamba,mamba_add_rho0.02_wd0.3_tiersNone,1001,add,0.02,0.3,final,out,15,0.0019937064716616156,47,0.0036914760319428732
mamba,mamba_add_rho0.02_wd0.3_tiersNone,1001,add,0.02,0.3,final,out,16,0.0016269470920915006,69,0.0036914760319428732
mamba,mamba_add_rho0.02_wd0.3_tiersNone,1001,add,0.02,0.3,final,out,17,0.0890753581270725,4,0.0036914760319428732
mamba,mamba_add_rho0.02_wd0.3_tiersNone,1001,add,0.02,0.3,final,out,18,0.002356886173121481,20,0.0036914760319428732
mamba,mamba_add_rho0.02_wd0.3_tiersNone,1001,add,0.02,0.3,final,out,19,0.0020856848558573086,35,0.0036914760319428732
mamba,mamba_add_rho0.02_wd0.3_tiersNone,1001,add,0.02,0.3,final,out,20,0.001985333303506324,48,0.0036914760319428732
mamba,mamba_add_rho0.02_wd0.3_tiersNone,1001,add,0.02,0.3,final,out,21,0.0019016479230019384,53,0.0036914760319428732
mamba,mamba_add_rho0.02_wd0.3_tiersNone,1001,add,0.02,0.3,final,out,22,0.0016294523713296085,68,0.0036914760319428732
mamba,mamba_add_rho0.02_wd0.3_tiersNone,1001,add,0.02,0.3,final,out,23,0.10362034201580647,3,0.0036914760319428732
mamba,mamba_add_rho0.02_wd0.3_tiersNone,1001,add,0.02,0.3,final,out,24,0.002252831352184391,25,0.0036914760319428732
mamba,mamba_add_rho0.02_wd0.3_tiersNone,1001,add,0.02,0.3,final,out,25,0.0017189547635270853,61,0.0036914760319428732
mamba,mamba_add_rho0.02_wd0.3_tiersNone,1001,add,0.02,0.3,final,out,26,0.001668756127598972,64,0.0036914760319428732
mamba,mamba_add_rho0.02_wd0.3_tiersNone,1001,add,0.02,0.3,final,out,27,0.001545983088530492,73,0.0036914760319428732
mamba,mamba_add_rho0.02_wd0.3_tiersNone,1001,add,0.02,0.3,final,out,28,0.001900087971958777,54,0.0036914760319428732
mamba,mamba_add_rho0.02_wd0.3_tiersNone,1001,add,0.02,0.3,final,out,29,0.0021618183878526617,30,0.0036914760319428732
mamba,mamba_add_rho0.02_wd0.3_tiersNone,1001,add,0.02,0.3,final,out,30,0.002160134263789451,31,0.0036914760319428732
mamba,mamba_add_rho0.02_wd0.3_tiersNone,1001,add,0.02,0.3,final,out,31,0.0016397089488608002,66,0.0036914760319428732
mamba,mamba_add_rho0.02_wd0.3_tiersNone,1001,add,0.02,0.3,final,out,32,0.0019354179123201676,52,0.0036914760319428732
mamba,mamba_add_rho0.02_wd0.3_tiersNone,1001,add,0.02,0.3,final,out,33,0.0018834938862760222,56,0.0036914760319428732
mamba,mamba_add_rho0.02_wd0.3_tiersNone,1001,add,0.02,0.3,final,out,34,0.004009988130961212,12,0.0036914760319428732
mamba,mamba_add_rho0.02_wd0.3_tiersNone,1001,add,0.02,0.3,final,out,35,0.0023760645806774855,17,0.0036914760319428732
mamba,mamba_add_rho0.02_wd0.3_tiersNone,1001,add,0.02,0.3,final,out,36,0.0022787219065538724,24,0.0036914760319428732
mamba,mamba_add_rho0.02_wd0.3_tiersNone,1001,add,0.02,0.3,final,out,37,0.001790086664617033,59,0.0036914760319428732
mamba,mamba_add_rho0.02_wd0.3_tiersNone,1001,add,0.02,0.3,final,out,38,0.0020897827266405404,34,0.0036914760319428732
mamba,mamba_add_rho0.02_wd0.3_tiersNone,1001,add,0.02,0.3,final,out,39,0.07220571429430357,8,0.0036914760319428732
mamba,mamba_add_rho0.02_wd0.3_tiersNone,1001,add,0.02,0.3,final,out,40,0.0016575484481354155,65,0.0036914760319428732
mamba,mamba_add_rho0.02_wd0.3_tiersNone,1001,add,0.02,0.3,final,out,41,0.002110971177086632,32,0.0036914760319428732
mamba,mamba_add_rho0.02_wd0.3_tiersNone,1001,add,0.02,0.3,final,out,42,0.002085097856174433,36,0.0036914760319428732
mamba,mamba_add_rho0.02_wd0.3_tiersNone,1001,add,0.02,0.3,final,out,43,0.0021012550206220906,33,0.0036914760319428732
mamba,mamba_add_rho0.02_wd0.3_tiersNone,1001,add,0.02,0.3,final,out,44,0.08719628698097719,5,0.0036914760319428732
mamba,mamba_add_rho0.02_wd0.3_tiersNone,1001,add,0.02,0.3,final,out,45,0.0018270820025878755,57,0.0036914760319428732
mamba,mamba_add_rho0.02_wd0.3_tiersNone,1001,add,0.02,0.3,final,out,46,0.0024313488213131887,15,0.0036914760319428732
mamba,mamba_add_rho0.02_wd0.3_tiersNone,1001,add,0.02,0.3,final,out,47,0.0023625536626571755,18,0.0036914760319428732
mamba,mamba_add_rho0.02_wd0.3_tiersNone,1001,add,0.02,0.3,final,out,48,0.001944993489883665,51,0.0036914760319428732
mamba,mamba_add_rho0.02_wd0.3_tiersNone,1001,add,0.02,0.3,final,out,49,0.0016240443086366178,70,0.0036914760319428732
mamba,mamba_add_rho0.02_wd0.3_tiersNone,1001,add,0.02,0.3,final,out,50,0.08670899558679948,6,0.0036914760319428732
mamba,mamba_add_rho0.02_wd0.3_tiersNone,1001,add,0.02,0.3,final,out,51,0.0019697263999544083,49,0.0036914760319428732
mamba,mamba_add_rho0.02_wd0.3_tiersNone,1001,add,0.02,0.3,final,out,52,0.001967229221739297,50,0.0036914760319428732
mamba,mamba_add_rho0.02_wd0.3_tiersNone,1001,add,0.02,0.3,final,out,53,0.0015741182218703173,72,0.0036914760319428732
mamba,mamba_add_rho0.02_wd0.3_tiersNone,1001,add,0.02,0.3,final,out,54,0.0020112801336532736,45,0.0036914760319428732
mamba,mamba_add_rho0.02_wd0.3_tiersNone,1001,add,0.02,0.3,final,out,55,0.0020572270109200097,43,0.0036914760319428732
mamba,mamba_add_rho0.02_wd0.3_tiersNone,1001,add,0.02,0.3,final,out,56,0.001693098293350357,62,0.0036914760319428732
mamba,mamba_add_rho0.02_wd0.3_tiersNone,1001,add,0.02,0.3,final,out,57,0.05770164614091211,10,0.0036914760319428732
mamba,mamba_add_rho0.02_wd0.3_tiersNone,1001,add,0.02,0.3,final,out,58,0.002618939745098299,14,0.0036914760319428732
mamba,mamba_add_rho0.02_wd0.3_tiersNone,1001,add,0.02,0.3,final,out,59,0.0022288174435509886,27,0.0036914760319428732
mamba,mamba_add_rho0.02_wd0.3_tiersNone,1001,add,0.02,0.3,final,out,60,0.018348841028300103,11,0.0036914760319428732
mamba,mamba_add_rho0.02_wd0.3_tiersNone,1001,add,0.02,0.3,final,out,61,0.0016861660949939196,63,0.0036914760319428732
mamba,mamba_add_rho0.02_wd0.3_tiersNone,1001,add,0.02,0.3,final,out,62,0.002876671446451489,13,0.0036914760319428732
mamba,mamba_add_rho0.02_wd0.3_tiersNone,1001,add,0.02,0.3,final,out,63,0.0020842440015599404,37,0.0036914760319428732
mamba,mamba_add_rho0.02_wd0.3_tiersNone,1001,add,0.02,0.3,final,out,64,0.11122794914498951,1,0.0036914760319428732
mamba,mamba_add_rho0.02_wd0.3_tiersNone,1001,add,0.02,0.3,final,out,65,0.0022994961847355093,22,0.0036914760319428732
mamba,mamba_add_rho0.02_wd0.3_tiersNone,1001,add,0.02,0.3,final,out,66,0.061641548747555015,9,0.0036914760319428732
mamba,mamba_add_rho0.02_wd0.3_tiersNone,1001,add,0.02,0.3,final,out,67,0.0014248727889493134,74,0.0036914760319428732
mamba,mamba_add_rho0.02_wd0.3_tiersNone,1001,add,0.02,0.3,final,out,68,0.001797016949193016,58,0.0036914760319428732
mamba,mamba_add_rho0.02_wd0.3_tiersNone,1001,add,0.02,0.3,final,out,69,0.001994224562408655,46,0.0036914760319428732
mamba,mamba_add_rho0.02_wd0.3_tiersNone,1001,add,0.02,0.3,final,out,70,0.0020604116163425398,41,0.0036914760319428732
mamba,mamba_add_rho0.02_wd0.3_tiersNone,1001,add,0.02,0.3,final,out,71,0.0020794157772973847,38,0.0036914760319428732
mamba,mamba_add_rho0.02_wd0.3_tiersNone,1001,add,0.02,0.3,final,out,72,0.0015970946316638417,71,0.0036914760319428732
mamba,mamba_add_rho0.02_wd0.3_tiersNone,1001,add,0.02,0.3,final,out,73,0.0018903891768938168,55,0.0036914760319428732
mamba,mamba_add_rho0.02_wd0.3_tiersNone,1001,add,0.02,0.3,final,out,74,0.002186620332597517,29,0.0036914760319428732
mamba,mamba_add_rho0.02_wd0.3_tiersNone,1002,add,0.02,0.3,final,in,1,0.064463394602584,6,0.004793000376734348
mamba,mamba_add_rho0.02_wd0.3_tiersNone,1002,add,0.02,0.3,final,in,2,0.0066513685860998,20,0.004793000376734348
mamba,mamba_add_rho0.02_wd0.3_tiersNone,1002,add,0.02,0.3,final,in,3,0.0056524016054487055,46,0.004793000376734348
mamba,mamba_add_rho0.02_wd0.3_tiersNone,1002,add,0.02,0.3,final,in,4,0.06657784352659991,4,0.004793000376734348
mamba,mamba_add_rho0.02_wd0.3_tiersNone,1002,add,0.02,0.3,final,in,5,0.004794351861036861,71,0.004793000376734348
mamba,mamba_add_rho0.02_wd0.3_tiersNone,1002,add,0.02,0.3,final,in,6,0.08758175296051217,1,0.004793000376734348
mamba,mamba_add_rho0.02_wd0.3_tiersNone,1002,add,0.02,0.3,final,in,7,0.006512128005826657,25,0.004793000376734348
mamba,mamba_add_rho0.02_wd0.3_tiersNone,1002,add,0.02,0.3,final,in,8,0.007256214390709681,13,0.004793000376734348
mamba,mamba_add_rho0.02_wd0.3_tiersNone,1002,add,0.02,0.3,final,in,9,0.007702263761545721,12,0.004793000376734348
mamba,mamba_add_rho0.02_wd0.3_tiersNone,1002,add,0.02,0.3,final,in,10,0.005607688487104403,51,0.004793000376734348
mamba,mamba_add_rho0.02_wd0.3_tiersNone,1002,add,0.02,0.3,final,in,11,0.005565127059982057,53,0.004793000376734348
mamba,mamba_add_rho0.02_wd0.3_tiersNone,1002,add,0.02,0.3,final,in,12,0.006285064317789969,31,0.004793000376734348
mamba,mamba_add_rho0.02_wd0.3_tiersNone,1002,add,0.02,0.3,final,in,13,0.0065605360919712774,24,0.004793000376734348
mamba,mamba_add_rho0.02_wd0.3_tiersNone,1002,add,0.02,0.3,final,in,14,0.005463459838986218,58,0.004793000376734348
mamba,mamba_add_rho0.02_wd0.3_tiersNone,1002,add,0.02,0.3,final,in,15,0.005669933485786596,44,0.004793000376734348
mamba,mamba_add_rho0.02_wd0.3_tiersNone,1002,add,0.02,0.3,final,in,16,0.0056444538133268414,48,0.004793000376734348
mamba,mamba_add_rho0.02_wd0.3_tiersNone,1002,add,0.02,0.3,final,in,17,0.005372170211493111,62,0.004793000376734348
mamba,mamba_add_rho0.02_wd0.3_tiersNone,1002,add,0.02,0.3,final,in,18,0.07690767361272753,2,0.004793000376734348
mamba,mamba_add_rho0.02_wd0.3_tiersNone,1002,add,0.02,0.3,final,in,19,0.006906635635032332,16,0.004793000376734348
mamba,mamba_add_rho0.02_wd0.3_tiersNone,1002,add,0.02,0.3,final,in,20,0.005654429617645634,45,0.004793000376734348
mamba,mamba_add_rho0.02_wd0.3_tiersNone,1002,add,0.02,0.3,final,in,21,0.006587846906531772,21,0.004793000376734348
mamba,mamba_add_rho0.02_wd0.3_tiersNone,1002,add,0.02,0.3,final,in,22,0.005596764139105026,52,0.004793000376734348
mamba,mamba_add_rho0.02_wd0.3_tiersNone,1002,add,0.02,0.3,final,in,23,0.0050988173642417004,66,0.004793000376734348
mamba,mamba_add_rho0.02_wd0.3_tiersNone,1002,add,0.02,0.3,final,in,24,0.004724729753138769,72,0.004793000376734348
mamba,mamba_add_rho0.02_wd0.3_tiersNone,1002,add,0.02,0.3,final,in,25,0.006569176266668949,23,0.004793000376734348
mamba,mamba_add_rho0.02_wd0.3_tiersNone,1002,add,0.02,0.3,final,in,26,0.005954620708408316,38,0.004793000376734348
mamba,mamba_add_rho0.02_wd0.3_tiersNone,1002,add,0.02,0.3,final,in,27,0.006860033947387695,17,0.004793000376734348
mamba,mamba_add_rho0.02_wd0.3_tiersNone,1002,add,0.02,0.3,final,in,28,0.0051174921142943565,65,0.004793000376734348
mamba,mamba_add_rho0.02_wd0.3_tiersNone,1002,add,0.02,0.3,final,in,29,0.005401243554511678,59,0.004793000376734348
mamba,mamba_add_rho0.02_wd0.3_tiersNone,1002,add,0.02,0.3,final,in,30,0.0638038082413459,7,0.004793000376734348
mamba,mamba_add_rho0.02_wd0.3_tiersNone,1002,add,0.02,0.3,final,in,31,0.004616359521810196,74,0.004793000376734348
mamba,mamba_add_rho0.02_wd0.3_tiersNone,1002,add,0.02,0.3,final,in,32,0.005012235323733325,68,0.004793000376734348
mamba,mamba_add_rho0.02_wd0.3_tiersNone,1002,add,0.02,0.3,final,in,33,0.05705228133872484,9,0.004793000376734348
mamba,mamba_add_rho0.02_wd0.3_tiersNone,1002,add,0.02,0.3,final,in,34,0.005019491388224764,67,0.004793000376734348
mamba,mamba_add_rho0.02_wd0.3_tiersNone,1002,add,0.02,0.3,final,in,35,0.005487527645895381,57,0.004793000376734348
mamba,mamba_add_rho0.02_wd0.3_tiersNone,1002,add,0.02,0.3,final,in,36,0.005652136219563507,47,0.004793000376734348
mamba,mamba_add_rho0.02_wd0.3_tiersNone,1002,add,0.02,0.3,final,in,37,0.005290514228003043,64,0.004793000376734348
mamba,mamba_add_rho0.02_wd0.3_tiersNone,1002,add,0.02,0.3,final,in,38,0.005616035883940797,49,0.004793000376734348
mamba,mamba_add_rho0.02_wd0.3_tiersNone,1002,add,0.02,0.3,final,in,39,0.007037256721058335,14,0.004793000376734348
mamba,mamba_add_rho0.02_wd0.3_tiersNone,1002,add,0.02,0.3,final,in,40,0.006466256712296198,26,0.004793000376734348
mamba,mamba_add_rho0.02_wd0.3_tiersNone,1002,add,0.02,0.3,final,in,41,0.008892498155861999,10,0.004793000376734348
mamba,mamba_add_rho0.02_wd0.3_tiersNone,1002,add,0.02,0.3,final,in,42,0.0064353058882244225,28,0.004793000376734348
mamba,mamba_add_rho0.02_wd0.3_tiersNone,1002,add,0.02,0.3,final,in,43,0.006380973406533292,29,0.004793000376734348
mamba,mamba_add_rho0.02_wd0.3_tiersNone,1002,add,0.02,0.3,final,in,44,0.00561393424695287,50,0.004793000376734348
mamba,mamba_add_rho0.02_wd0.3_tiersNone,1002,add,0.02,0.3,final,in,45,0.006353591790044567,30,0.004793000376734348
mamba,mamba_add_rho0.02_wd0.3_tiersNone,1002,add,0.02,0.3,final,in,46,0.006576843678355593,22,0.004793000376734348
mamba,mamba_add_rho0.02_wd0.3_tiersNone,1002,add,0.02,0.3,final,in,47,0.00620870988733875,33,0.004793000376734348
mamba,mamba_add_rho0.02_wd0.3_tiersNone,1002,add,0.02,0.3,final,in,48,0.006022845795990298,37,0.004793000376734348
mamba,mamba_add_rho0.02_wd0.3_tiersNone,1002,add,0.02,0.3,final,in,49,0.006991455937715315,15,0.004793000376734348
mamba,mamba_add_rho0.02_wd0.3_tiersNone,1002,add,0.02,0.3,final,in,50,0.06451087583253834,5,0.004793000376734348
mamba,mamba_add_rho0.02_wd0.3_tiersNone,1002,add,0.02,0.3,final,in,51,0.0053370288792227,63,0.004793000376734348
mamba,mamba_add_rho0.02_wd0.3_tiersNone,1002,add,0.02,0.3,final,in,52,0.006107802875033024,34,0.004793000376734348
mamba,mamba_add_rho0.02_wd0.3_tiersNone,1002,add,0.02,0.3,final,in,53,0.006660901793381119,19,0.004793000376734348
mamba,mamba_add_rho0.02_wd0.3_tiersNone,1002,add,0.02,0.3,final,in,54,0.00488630234574065,69,0.004793000376734348
mamba,mamba_add_rho0.02_wd0.3_tiersNone,1002,add,0.02,0.3,final,in,55,0.004689051509107966,73,0.004793000376734348
mamba,mamba_add_rho0.02_wd0.3_tiersNone,1002,add,0.02,0.3,final,in,56,0.005928135819850805,39,0.004793000376734348
mamba,mamba_add_rho0.02_wd0.3_tiersNone,1002,add,0.02,0.3,final,in,57,0.005378342770095076,60,0.004793000376734348
mamba,mamba_add_rho0.02_wd0.3_tiersNone,1002,add,0.02,0.3,final,in,58,0.005763748059832847,42,0.004793000376734348
mamba,mamba_add_rho0.02_wd0.3_tiersNone,1002,add,0.02,0.3,final,in,59,0.0067424404296199504,18,0.004793000376734348
mamba,mamba_add_rho0.02_wd0.3_tiersNone,1002,add,0.02,0.3,final,in,60,0.005516727904007238,55,0.004793000376734348
mamba,mamba_add_rho0.02_wd0.3_tiersNone,1002,add,0.02,0.3,final,in,61,0.07282292230460631,3,0.004793000376734348
mamba,mamba_add_rho0.02_wd0.3_tiersNone,1002,add,0.02,0.3,final,in,62,0.005819351471891257,41,0.004793000376734348
mamba,mamba_add_rho0.02_wd0.3_tiersNone,1002,add,0.02,0.3,final,in,63,0.006060087389396874,35,0.004793000376734348
mamba,mamba_add_rho0.02_wd0.3_tiersNone,1002,add,0.02,0.3,final,in,64,0.0060322857693621895,36,0.004793000376734348
mamba,mamba_add_rho0.02_wd0.3_tiersNone,1002,add,0.02,0.3,final,in,65,0.05919970192853866,8,0.004793000376734348
mamba,mamba_add_rho0.02_wd0.3_tiersNone,1002,add,0.02,0.3,final,in,66,0.0048284877371441125,70,0.004793000376734348
mamba,mamba_add_rho0.02_wd0.3_tiersNone,1002,add,0.02,0.3,final,in,67,0.005559271358640892,54,0.004793000376734348
mamba,mamba_add_rho0.02_wd0.3_tiersNone,1002,add,0.02,0.3,final,in,68,0.005490426411325909,56,0.004793000376734348
mamba,mamba_add_rho0.02_wd0.3_tiersNone,1002,add,0.02,0.3,final,in,69,0.005377509165956346,61,0.004793000376734348
mamba,mamba_add_rho0.02_wd0.3_tiersNone,1002,add,0.02,0.3,final,in,70,0.005904919816256637,40,0.004793000376734348
mamba,mamba_add_rho0.02_wd0.3_tiersNone,1002,add,0.02,0.3,final,in,71,0.0062310469011219866,32,0.004793000376734348
mamba,mamba_add_rho0.02_wd0.3_tiersNone,1002,add,0.02,0.3,final,in,72,0.0056926749630672015,43,0.004793000376734348
mamba,mamba_add_rho0.02_wd0.3_tiersNone,1002,add,0.02,0.3,final,in,73,0.0064633537547911435,27,0.004793000376734348
mamba,mamba_add_rho0.02_wd0.3_tiersNone,1002,add,0.02,0.3,final,in,74,0.0077269245713596215,11,0.004793000376734348
mamba,mamba_add_rho0.02_wd0.3_tiersNone,1002,add,0.02,0.3,final,out,1,0.07883160130101843,7,0.003366730874733209
mamba,mamba_add_rho0.02_wd0.3_tiersNone,1002,add,0.02,0.3,final,out,2,0.003683175066118451,11,0.003366730874733209
mamba,mamba_add_rho0.02_wd0.3_tiersNone,1002,add,0.02,0.3,final,out,3,0.002227716675640023,50,0.003366730874733209
mamba,mamba_add_rho0.02_wd0.3_tiersNone,1002,add,0.02,0.3,final,out,4,0.1064165762065417,2,0.003366730874733209
mamba,mamba_add_rho0.02_wd0.3_tiersNone,1002,add,0.02,0.3,final,out,5,0.0020756407403184603,59,0.003366730874733209
mamba,mamba_add_rho0.02_wd0.3_tiersNone,1002,add,0.02,0.3,final,out,6,0.10483220253365298,4,0.003366730874733209
mamba,mamba_add_rho0.02_wd0.3_tiersNone,1002,add,0.02,0.3,final,out,7,0.003327247583161832,12,0.003366730874733209
mamba,mamba_add_rho0.02_wd0.3_tiersNone,1002,add,0.02,0.3,final,out,8,0.002967599205291354,13,0.003366730874733209
mamba,mamba_add_rho0.02_wd0.3_tiersNone,1002,add,0.02,0.3,final,out,9,0.0025438300167938046,27,0.003366730874733209
mamba,mamba_add_rho0.02_wd0.3_tiersNone,1002,add,0.02,0.3,final,out,10,0.002228469405050928,49,0.003366730874733209
mamba,mamba_add_rho0.02_wd0.3_tiersNone,1002,add,0.02,0.3,final,out,11,0.0026890685126712333,20,0.003366730874733209
mamba,mamba_add_rho0.02_wd0.3_tiersNone,1002,add,0.02,0.3,final,out,12,0.0019485461666746175,67,0.003366730874733209
mamba,mamba_add_rho0.02_wd0.3_tiersNone,1002,add,0.02,0.3,final,out,13,0.002546310565292362,26,0.003366730874733209
mamba,mamba_add_rho0.02_wd0.3_tiersNone,1002,add,0.02,0.3,final,out,14,0.0021590595880520793,54,0.003366730874733209
mamba,mamba_add_rho0.02_wd0.3_tiersNone,1002,add,0.02,0.3,final,out,15,0.0019573309725733055,66,0.003366730874733209
mamba,mamba_add_rho0.02_wd0.3_tiersNone,1002,add,0.02,0.3,final,out,16,0.002715178969494495,18,0.003366730874733209
mamba,mamba_add_rho0.02_wd0.3_tiersNone,1002,add,0.02,0.3,final,out,17,0.0021774584297517834,53,0.003366730874733209
mamba,mamba_add_rho0.02_wd0.3_tiersNone,1002,add,0.02,0.3,final,out,18,0.11011088827072332,1,0.003366730874733209
mamba,mamba_add_rho0.02_wd0.3_tiersNone,1002,add,0.02,0.3,final,out,19,0.002287582773698971,47,0.003366730874733209
mamba,mamba_add_rho0.02_wd0.3_tiersNone,1002,add,0.02,0.3,final,out,20,0.0022138632534093494,51,0.003366730874733209
mamba,mamba_add_rho0.02_wd0.3_tiersNone,1002,add,0.02,0.3,final,out,21,0.002471871451449984,31,0.003366730874733209
mamba,mamba_add_rho0.02_wd0.3_tiersNone,1002,add,0.02,0.3,final,out,22,0.0023419331369811482,41,0.003366730874733209
mamba,mamba_add_rho0.02_wd0.3_tiersNone,1002,add,0.02,0.3,final,out,23,0.0026554927596130267,22,0.003366730874733209
mamba,mamba_add_rho0.02_wd0.3_tiersNone,1002,add,0.02,0.3,final,out,24,0.0018745917522662216,70,0.003366730874733209
mamba,mamba_add_rho0.02_wd0.3_tiersNone,1002,add,0.02,0.3,final,out,25,0.0023259603756357427,42,0.003366730874733209
mamba,mamba_add_rho0.02_wd0.3_tiersNone,1002,add,0.02,0.3,final,out,26,0.002500627258030045,30,0.003366730874733209
mamba,mamba_add_rho0.02_wd0.3_tiersNone,1002,add,0.02,0.3,final,out,27,0.0019232757850996946,68,0.003366730874733209
mamba,mamba_add_rho0.02_wd0.3_tiersNone,1002,add,0.02,0.3,final,out,28,0.0020614173676447452,61,0.003366730874733209
mamba,mamba_add_rho0.02_wd0.3_tiersNone,1002,add,0.02,0.3,final,out,29,0.0016962157212088087,74,0.003366730874733209
mamba,mamba_add_rho0.02_wd0.3_tiersNone,1002,add,0.02,0.3,final,out,30,0.0955251024771894,6,0.003366730874733209
mamba,mamba_add_rho0.02_wd0.3_tiersNone,1002,add,0.02,0.3,final,out,31,0.0018396554610230092,71,0.003366730874733209
mamba,mamba_add_rho0.02_wd0.3_tiersNone,1002,add,0.02,0.3,final,out,32,0.0018758817802063796,69,0.003366730874733209
mamba,mamba_add_rho0.02_wd0.3_tiersNone,1002,add,0.02,0.3,final,out,33,0.07102107411876546,9,0.003366730874733209
mamba,mamba_add_rho0.02_wd0.3_tiersNone,1002,add,0.02,0.3,final,out,34,0.002026361111689514,63,0.003366730874733209
mamba,mamba_add_rho0.02_wd0.3_tiersNone,1002,add,0.02,0.3,final,out,35,0.002399183837177557,35,0.003366730874733209
mamba,mamba_add_rho0.02_wd0.3_tiersNone,1002,add,0.02,0.3,final,out,36,0.001975777173493156,64,0.003366730874733209
mamba,mamba_add_rho0.02_wd0.3_tiersNone,1002,add,0.02,0.3,final,out,37,0.0026499369656072594,23,0.003366730874733209
mamba,mamba_add_rho0.02_wd0.3_tiersNone,1002,add,0.02,0.3,final,out,38,0.0022949536708343453,46,0.003366730874733209
mamba,mamba_add_rho0.02_wd0.3_tiersNone,1002,add,0.02,0.3,final,out,39,0.002302874729737635,44,0.003366730874733209
mamba,mamba_add_rho0.02_wd0.3_tiersNone,1002,add,0.02,0.3,final,out,40,0.002576846131967047,24,0.003366730874733209
mamba,mamba_add_rho0.02_wd0.3_tiersNone,1002,add,0.02,0.3,final,out,41,0.004511436291819078,10,0.003366730874733209
mamba,mamba_add_rho0.02_wd0.3_tiersNone,1002,add,0.02,0.3,final,out,42,0.002284363692287566,48,0.003366730874733209
mamba,mamba_add_rho0.02_wd0.3_tiersNone,1002,add,0.02,0.3,final,out,43,0.0028966911629557442,16,0.003366730874733209
mamba,mamba_add_rho0.02_wd0.3_tiersNone,1002,add,0.02,0.3,final,out,44,0.0020791343753761233,57,0.003366730874733209
mamba,mamba_add_rho0.02_wd0.3_tiersNone,1002,add,0.02,0.3,final,out,45,0.0027003632891103584,19,0.003366730874733209
mamba,mamba_add_rho0.02_wd0.3_tiersNone,1002,add,0.02,0.3,final,out,46,0.0024385871113772645,33,0.003366730874733209
mamba,mamba_add_rho0.02_wd0.3_tiersNone,1002,add,0.02,0.3,final,out,47,0.002462715930593525,32,0.003366730874733209
mamba,mamba_add_rho0.02_wd0.3_tiersNone,1002,add,0.02,0.3,final,out,48,0.0020788973733358415,58,0.003366730874733209
mamba,mamba_add_rho0.02_wd0.3_tiersNone,1002,add,0.02,0.3,final,out,49,0.0024244847071823823,34,0.003366730874733209
mamba,mamba_add_rho0.02_wd0.3_tiersNone,1002,add,0.02,0.3,final,out,50,0.10544712937026479,3,0.003366730874733209
mamba,mamba_add_rho0.02_wd0.3_tiersNone,1002,add,0.02,0.3,final,out,51,0.0021877007239008528,52,0.003366730874733209
mamba,mamba_add_rho0.02_wd0.3_tiersNone,1002,add,0.02,0.3,final,out,52,0.0029457103369132623,14,0.003366730874733209
mamba,mamba_add_rho0.02_wd0.3_tiersNone,1002,add,0.02,0.3,final,out,53,0.0023899947980766125,38,0.003366730874733209
mamba,mamba_add_rho0.02_wd0.3_tiersNone,1002,add,0.02,0.3,final,out,54,0.0020703003268840335,60,0.003366730874733209
mamba,mamba_add_rho0.02_wd0.3_tiersNone,1002,add,0.02,0.3,final,out,55,0.002137759411866569,55,0.003366730874733209
mamba,mamba_add_rho0.02_wd0.3_tiersNone,1002,add,0.02,0.3,final,out,56,0.002298296358856357,45,0.003366730874733209
mamba,mamba_add_rho0.02_wd0.3_tiersNone,1002,add,0.02,0.3,final,out,57,0.002394902133677804,37,0.003366730874733209
mamba,mamba_add_rho0.02_wd0.3_tiersNone,1002,add,0.02,0.3,final,out,58,0.0021065556960469397,56,0.003366730874733209
mamba,mamba_add_rho0.02_wd0.3_tiersNone,1002,add,0.02,0.3,final,out,59,0.0026744373247632935,21,0.003366730874733209
mamba,mamba_add_rho0.02_wd0.3_tiersNone,1002,add,0.02,0.3,final,out,60,0.0019757716272907288,65,0.003366730874733209
mamba,mamba_add_rho0.02_wd0.3_tiersNone,1002,add,0.02,0.3,final,out,61,0.10046386701779408,5,0.003366730874733209
mamba,mamba_add_rho0.02_wd0.3_tiersNone,1002,add,0.02,0.3,final,out,62,0.0029437622473786123,15,0.003366730874733209
mamba,mamba_add_rho0.02_wd0.3_tiersNone,1002,add,0.02,0.3,final,out,63,0.0023963155973412077,36,0.003366730874733209
mamba,mamba_add_rho0.02_wd0.3_tiersNone,1002,add,0.02,0.3,final,out,64,0.002323172071206536,43,0.003366730874733209
mamba,mamba_add_rho0.02_wd0.3_tiersNone,1002,add,0.02,0.3,final,out,65,0.0722940735402466,8,0.003366730874733209
mamba,mamba_add_rho0.02_wd0.3_tiersNone,1002,add,0.02,0.3,final,out,66,0.0017134767254029675,73,0.003366730874733209
mamba,mamba_add_rho0.02_wd0.3_tiersNone,1002,add,0.02,0.3,final,out,67,0.002557579111282428,25,0.003366730874733209
mamba,mamba_add_rho0.02_wd0.3_tiersNone,1002,add,0.02,0.3,final,out,68,0.002044396989427702,62,0.003366730874733209
mamba,mamba_add_rho0.02_wd0.3_tiersNone,1002,add,0.02,0.3,final,out,69,0.001816715436678761,72,0.003366730874733209
mamba,mamba_add_rho0.02_wd0.3_tiersNone,1002,add,0.02,0.3,final,out,70,0.0023869899634634097,39,0.003366730874733209
mamba,mamba_add_rho0.02_wd0.3_tiersNone,1002,add,0.02,0.3,final,out,71,0.0025378991360934925,28,0.003366730874733209
mamba,mamba_add_rho0.02_wd0.3_tiersNone,1002,add,0.02,0.3,final,out,72,0.002537428814107535,29,0.003366730874733209
mamba,mamba_add_rho0.02_wd0.3_tiersNone,1002,add,0.02,0.3,final,out,73,0.002380151125939014,40,0.003366730874733209
mamba,mamba_add_rho0.02_wd0.3_tiersNone,1002,add,0.02,0.3,final,out,74,0.0028205608795089645,17,0.003366730874733209
mamba,mamba_add_rho0.05_wd0.1_tiersNone,1000,add,0.05,0.1,final,in,1,0.007763528247142306,33,0.0047159076140627885
mamba,mamba_add_rho0.05_wd0.1_tiersNone,1000,add,0.05,0.1,final,in,2,0.007072452909367153,44,0.0047159076140627885
mamba,mamba_add_rho0.05_wd0.1_tiersNone,1000,add,0.05,0.1,final,in,3,0.06558470766216068,5,0.0047159076140627885
mamba,mamba_add_rho0.05_wd0.1_tiersNone,1000,add,0.05,0.1,final,in,4,0.006738482750705888,52,0.0047159076140627885
mamba,mamba_add_rho0.05_wd0.1_tiersNone,1000,add,0.05,0.1,final,in,5,0.007116471712491934,43,0.0047159076140627885
mamba,mamba_add_rho0.05_wd0.1_tiersNone,1000,add,0.05,0.1,final,in,6,0.008284050713727441,23,0.0047159076140627885
mamba,mamba_add_rho0.05_wd0.1_tiersNone,1000,add,0.05,0.1,final,in,7,0.006110238404749153,70,0.0047159076140627885
mamba,mamba_add_rho0.05_wd0.1_tiersNone,1000,add,0.05,0.1,final,in,8,0.007909399440947333,30,0.0047159076140627885
mamba,mamba_add_rho0.05_wd0.1_tiersNone,1000,add,0.05,0.1,final,in,9,0.01050830902360089,14,0.0047159076140627885
mamba,mamba_add_rho0.05_wd0.1_tiersNone,1000,add,0.05,0.1,final,in,10,0.008715624066650145,17,0.0047159076140627885
mamba,mamba_add_rho0.05_wd0.1_tiersNone,1000,add,0.05,0.1,final,in,11,0.007738918080538976,34,0.0047159076140627885
mamba,mamba_add_rho0.05_wd0.1_tiersNone,1000,add,0.05,0.1,final,in,12,0.006994757578070826,46,0.0047159076140627885
mamba,mamba_add_rho0.05_wd0.1_tiersNone,1000,add,0.05,0.1,final,in,13,0.006314888864969468,67,0.0047159076140627885
mamba,mamba_add_rho0.05_wd0.1_tiersNone,1000,add,0.05,0.1,final,in,14,0.008564785574504411,21,0.0047159076140627885
mamba,mamba_add_rho0.05_wd0.1_tiersNone,1000,add,0.05,0.1,final,in,15,0.0069648488664514055,48,0.0047159076140627885
mamba,mamba_add_rho0.05_wd0.1_tiersNone,1000,add,0.05,0.1,final,in,16,0.0062686624610710055,69,0.0047159076140627885
mamba,mamba_add_rho0.05_wd0.1_tiersNone,1000,add,0.05,0.1,final,in,17,0.00856820925994802,20,0.0047159076140627885
mamba,mamba_add_rho0.05_wd0.1_tiersNone,1000,add,0.05,0.1,final,in,18,0.008241161143144013,26,0.0047159076140627885
mamba,mamba_add_rho0.05_wd0.1_tiersNone,1000,add,0.05,0.1,final,in,19,0.027784459203967157,8,0.0047159076140627885
mamba,mamba_add_rho0.05_wd0.1_tiersNone,1000,add,0.05,0.1,final,in,20,0.0065203735930203805,59,0.0047159076140627885
mamba,mamba_add_rho0.05_wd0.1_tiersNone,1000,add,0.05,0.1,final,in,21,0.007641520845370013,37,0.0047159076140627885
mamba,mamba_add_rho0.05_wd0.1_tiersNone,1000,add,0.05,0.1,final,in,22,0.006340138581106383,66,0.0047159076140627885
mamba,mamba_add_rho0.05_wd0.1_tiersNone,1000,add,0.05,0.1,final,in,23,0.007047263196915868,45,0.0047159076140627885
mamba,mamba_add_rho0.05_wd0.1_tiersNone,1000,add,0.05,0.1,final,in,24,0.0064437203219081555,64,0.0047159076140627885
mamba,mamba_add_rho0.05_wd0.1_tiersNone,1000,add,0.05,0.1,final,in,25,0.006296651573159426,68,0.0047159076140627885
mamba,mamba_add_rho0.05_wd0.1_tiersNone,1000,add,0.05,0.1,final,in,26,0.06988609046324992,3,0.0047159076140627885
mamba,mamba_add_rho0.05_wd0.1_tiersNone,1000,add,0.05,0.1,final,in,27,0.006726010910482241,53,0.0047159076140627885
mamba,mamba_add_rho0.05_wd0.1_tiersNone,1000,add,0.05,0.1,final,in,28,0.006469781120560981,61,0.0047159076140627885
mamba,mamba_add_rho0.05_wd0.1_tiersNone,1000,add,0.05,0.1,final,in,29,0.007588248065620114,38,0.0047159076140627885
mamba,mamba_add_rho0.05_wd0.1_tiersNone,1000,add,0.05,0.1,final,in,30,0.007805171042055173,32,0.0047159076140627885
mamba,mamba_add_rho0.05_wd0.1_tiersNone,1000,add,0.05,0.1,final,in,31,0.005991218418908827,72,0.0047159076140627885
mamba,mamba_add_rho0.05_wd0.1_tiersNone,1000,add,0.05,0.1,final,in,32,0.00713384055085012,42,0.0047159076140627885
mamba,mamba_add_rho0.05_wd0.1_tiersNone,1000,add,0.05,0.1,final,in,33,0.006033114162940042,71,0.0047159076140627885
mamba,mamba_add_rho0.05_wd0.1_tiersNone,1000,add,0.05,0.1,final,in,34,0.007226775534304545,41,0.0047159076140627885
mamba,mamba_add_rho0.05_wd0.1_tiersNone,1000,add,0.05,0.1,final,in,35,0.008692744921695805,18,0.0047159076140627885
mamba,mamba_add_rho0.05_wd0.1_tiersNone,1000,add,0.05,0.1,final,in,36,0.023676457568505886,9,0.0047159076140627885
mamba,mamba_add_rho0.05_wd0.1_tiersNone,1000,add,0.05,0.1,final,in,37,0.008255144536093273,25,0.0047159076140627885
mamba,mamba_add_rho0.05_wd0.1_tiersNone,1000,add,0.05,0.1,final,in,38,0.007736001539728212,35,0.0047159076140627885
mamba,mamba_add_rho0.05_wd0.1_tiersNone,1000,add,0.05,0.1,final,in,39,0.06995818466242347,2,0.0047159076140627885
mamba,mamba_add_rho0.05_wd0.1_tiersNone,1000,add,0.05,0.1,final,in,40,0.006801116299729636,51,0.0047159076140627885
mamba,mamba_add_rho0.05_wd0.1_tiersNone,1000,add,0.05,0.1,final,in,41,0.0074191238661871824,39,0.0047159076140627885
mamba,mamba_add_rho0.05_wd0.1_tiersNone,1000,add,0.05,0.1,final,in,42,0.006659855490166302,57,0.0047159076140627885
mamba,mamba_add_rho0.05_wd0.1_tiersNone,1000,add,0.05,0.1,final,in,43,0.005881210912864254,73,0.0047159076140627885
mamba,mamba_add_rho0.05_wd0.1_tiersNone,1000,add,0.05,0.1,final,in,44,0.006500391299990686,60,0.0047159076140627885
mamba,mamba_add_rho0.05_wd0.1_tiersNone,1000,add,0.05,0.1,final,in,45,0.007859910422004348,31,0.0047159076140627885
mamba,mamba_add_rho0.05_wd0.1_tiersNone,1000,add,0.05,0.1,final,in,46,0.06438770109848838,6,0.0047159076140627885
mamba,mamba_add_rho0.05_wd0.1_tiersNone,1000,add,0.05,0.1,final,in,47,0.010636412901350631,13,0.0047159076140627885
mamba,mamba_add_rho0.05_wd0.1_tiersNone,1000,add,0.05,0.1,final,in,48,0.005632692686559118,74,0.0047159076140627885
mamba,mamba_add_rho0.05_wd0.1_tiersNone,1000,add,0.05,0.1,final,in,49,0.007686050444070056,36,0.0047159076140627885
mamba,mamba_add_rho0.05_wd0.1_tiersNone,1000,add,0.05,0.1,final,in,50,0.00861279567498769,19,0.0047159076140627885
mamba,mamba_add_rho0.05_wd0.1_tiersNone,1000,add,0.05,0.1,final,in,51,0.06855932881239497,4,0.0047159076140627885
mamba,mamba_add_rho0.05_wd0.1_tiersNone,1000,add,0.05,0.1,final,in,52,0.008281935770036377,24,0.0047159076140627885
mamba,mamba_add_rho0.05_wd0.1_tiersNone,1000,add,0.05,0.1,final,in,53,0.006817165723481481,50,0.0047159076140627885
mamba,mamba_add_rho0.05_wd0.1_tiersNone,1000,add,0.05,0.1,final,in,54,0.006457308605199427,63,0.0047159076140627885
mamba,mamba_add_rho0.05_wd0.1_tiersNone,1000,add,0.05,0.1,final,in,55,0.04100138567693692,7,0.0047159076140627885
mamba,mamba_add_rho0.05_wd0.1_tiersNone,1000,add,0.05,0.1,final,in,56,0.006614632861847163,58,0.0047159076140627885
mamba,mamba_add_rho0.05_wd0.1_tiersNone,1000,add,0.05,0.1,final,in,57,0.011113201553946444,12,0.0047159076140627885
mamba,mamba_add_rho0.05_wd0.1_tiersNone,1000,add,0.05,0.1,final,in,58,0.006406973334189121,65,0.0047159076140627885
mamba,mamba_add_rho0.05_wd0.1_tiersNone,1000,add,0.05,0.1,final,in,59,0.006723974384316453,54,0.0047159076140627885
mamba,mamba_add_rho0.05_wd0.1_tiersNone,1000,add,0.05,0.1,final,in,60,0.008784259575631196,16,0.0047159076140627885
mamba,mamba_add_rho0.05_wd0.1_tiersNone,1000,add,0.05,0.1,final,in,61,0.007926816501759582,29,0.0047159076140627885
mamba,mamba_add_rho0.05_wd0.1_tiersNone,1000,add,0.05,0.1,final,in,62,0.006978861706567518,47,0.0047159076140627885
mamba,mamba_add_rho0.05_wd0.1_tiersNone,1000,add,0.05,0.1,final,in,63,0.008383861535085265,22,0.0047159076140627885
mamba,mamba_add_rho0.05_wd0.1_tiersNone,1000,add,0.05,0.1,final,in,64,0.008119433919629538,28,0.0047159076140627885
mamba,mamba_add_rho0.05_wd0.1_tiersNone,1000,add,0.05,0.1,final,in,65,0.006668677649237756,56,0.0047159076140627885
mamba,mamba_add_rho0.05_wd0.1_tiersNone,1000,add,0.05,0.1,final,in,66,0.008148044072881612,27,0.0047159076140627885
mamba,mamba_add_rho0.05_wd0.1_tiersNone,1000,add,0.05,0.1,final,in,67,0.006466276026954635,62,0.0047159076140627885
mamba,mamba_add_rho0.05_wd0.1_tiersNone,1000,add,0.05,0.1,final,in,68,0.007359515464500303,40,0.0047159076140627885
mamba,mamba_add_rho0.05_wd0.1_tiersNone,1000,add,0.05,0.1,final,in,69,0.010338826554834821,15,0.0047159076140627885
mamba,mamba_add_rho0.05_wd0.1_tiersNone,1000,add,0.05,0.1,final,in,70,0.07494021493387751,1,0.0047159076140627885
mamba,mamba_add_rho0.05_wd0.1_tiersNone,1000,add,0.05,0.1,final,in,71,0.011731911417062956,11,0.0047159076140627885
mamba,mamba_add_rho0.05_wd0.1_tiersNone,1000,add,0.05,0.1,final,in,72,0.006722900950872169,55,0.0047159076140627885
mamba,mamba_add_rho0.05_wd0.1_tiersNone,1000,add,0.05,0.1,final,in,73,0.01370895509360956,10,0.0047159076140627885
mamba,mamba_add_rho0.05_wd0.1_tiersNone,1000,add,0.05,0.1,final,in,74,0.006955869205641959,49,0.0047159076140627885
mamba,mamba_add_rho0.05_wd0.1_tiersNone,1000,add,0.05,0.1,final,out,1,0.0032121741512840802,70,0.002445357049811572
mamba,mamba_add_rho0.05_wd0.1_tiersNone,1000,add,0.05,0.1,final,out,2,0.0038494563561161923,52,0.002445357049811572
mamba,mamba_add_rho0.05_wd0.1_tiersNone,1000,add,0.05,0.1,final,out,3,0.09344023820192912,6,0.002445357049811572
mamba,mamba_add_rho0.05_wd0.1_tiersNone,1000,add,0.05,0.1,final,out,4,0.003136566765784206,72,0.002445357049811572
mamba,mamba_add_rho0.05_wd0.1_tiersNone,1000,add,0.05,0.1,final,out,5,0.005552033936663057,17,0.002445357049811572
mamba,mamba_add_rho0.05_wd0.1_tiersNone,1000,add,0.05,0.1,final,out,6,0.0031602333174021655,71,0.002445357049811572
mamba,mamba_add_rho0.05_wd0.1_tiersNone,1000,add,0.05,0.1,final,out,7,0.004611311748579579,36,0.002445357049811572
mamba,mamba_add_rho0.05_wd0.1_tiersNone,1000,add,0.05,0.1,final,out,8,0.003909335311776755,49,0.002445357049811572
mamba,mamba_add_rho0.05_wd0.1_tiersNone,1000,add,0.05,0.1,final,out,9,0.0065793625888294835,13,0.002445357049811572
mamba,mamba_add_rho0.05_wd0.1_tiersNone,1000,add,0.05,0.1,final,out,10,0.005388339307442553,21,0.002445357049811572
mamba,mamba_add_rho0.05_wd0.1_tiersNone,1000,add,0.05,0.1,final,out,11,0.003894948401110168,50,0.002445357049811572
mamba,mamba_add_rho0.05_wd0.1_tiersNone,1000,add,0.05,0.1,final,out,12,0.0048564262746227625,30,0.002445357049811572
mamba,mamba_add_rho0.05_wd0.1_tiersNone,1000,add,0.05,0.1,final,out,13,0.004811627209304199,31,0.002445357049811572
mamba,mamba_add_rho0.05_wd0.1_tiersNone,1000,add,0.05,0.1,final,out,14,0.0036368562560894465,61,0.002445357049811572
mamba,mamba_add_rho0.05_wd0.1_tiersNone,1000,add,0.05,0.1,final,out,15,0.004341056918616413,43,0.002445357049811572
mamba,mamba_add_rho0.05_wd0.1_tiersNone,1000,add,0.05,0.1,final,out,16,0.003783234807284282,56,0.002445357049811572
mamba,mamba_add_rho0.05_wd0.1_tiersNone,1000,add,0.05,0.1,final,out,17,0.004443013539172367,41,0.002445357049811572
mamba,mamba_add_rho0.05_wd0.1_tiersNone,1000,add,0.05,0.1,final,out,18,0.004028715001306553,47,0.002445357049811572
mamba,mamba_add_rho0.05_wd0.1_tiersNone,1000,add,0.05,0.1,final,out,19,0.03350861858922641,8,0.002445357049811572
mamba,mamba_add_rho0.05_wd0.1_tiersNone,1000,add,0.05,0.1,final,out,20,0.004866126134289027,29,0.002445357049811572
mamba,mamba_add_rho0.05_wd0.1_tiersNone,1000,add,0.05,0.1,final,out,21,0.003851756280727203,51,0.002445357049811572
mamba,mamba_add_rho0.05_wd0.1_tiersNone,1000,add,0.05,0.1,final,out,22,0.003026056586958378,73,0.002445357049811572
mamba,mamba_add_rho0.05_wd0.1_tiersNone,1000,add,0.05,0.1,final,out,23,0.0049094540265879035,28,0.002445357049811572
mamba,mamba_add_rho0.05_wd0.1_tiersNone,1000,add,0.05,0.1,final,out,24,0.005523635295406728,19,0.002445357049811572
mamba,mamba_add_rho0.05_wd0.1_tiersNone,1000,add,0.05,0.1,final,out,25,0.0037948361799953843,55,0.002445357049811572
mamba,mamba_add_rho0.05_wd0.1_tiersNone,1000,add,0.05,0.1,final,out,26,0.09789456488247836,3,0.002445357049811572
mamba,mamba_add_rho0.05_wd0.1_tiersNone,1000,add,0.05,0.1,final,out,27,0.003375862246466062,66,0.002445357049811572
mamba,mamba_add_rho0.05_wd0.1_tiersNone,1000,add,0.05,0.1,final,out,28,0.005408770938207754,20,0.002445357049811572
mamba,mamba_add_rho0.05_wd0.1_tiersNone,1000,add,0.05,0.1,final,out,29,0.006305794528535125,14,0.002445357049811572
mamba,mamba_add_rho0.05_wd0.1_tiersNone,1000,add,0.05,0.1,final,out,30,0.0035300353543364234,63,0.002445357049811572
mamba,mamba_add_rho0.05_wd0.1_tiersNone,1000,add,0.05,0.1,final,out,31,0.004670323057798001,33,0.002445357049811572
mamba,mamba_add_rho0.05_wd0.1_tiersNone,1000,add,0.05,0.1,final,out,32,0.004065642773140073,45,0.002445357049811572
mamba,mamba_add_rho0.05_wd0.1_tiersNone,1000,add,0.05,0.1,final,out,33,0.004808715533574835,32,0.002445357049811572
mamba,mamba_add_rho0.05_wd0.1_tiersNone,1000,add,0.05,0.1,final,out,34,0.003222253951460457,69,0.002445357049811572
mamba,mamba_add_rho0.05_wd0.1_tiersNone,1000,add,0.05,0.1,final,out,35,0.00413674993114015,44,0.002445357049811572
mamba,mamba_add_rho0.05_wd0.1_tiersNone,1000,add,0.05,0.1,final,out,36,0.02395889339004445,9,0.002445357049811572
mamba,mamba_add_rho0.05_wd0.1_tiersNone,1000,add,0.05,0.1,final,out,37,0.0036998536948599212,60,0.002445357049811572
mamba,mamba_add_rho0.05_wd0.1_tiersNone,1000,add,0.05,0.1,final,out,38,0.003829440631982451,54,0.002445357049811572
mamba,mamba_add_rho0.05_wd0.1_tiersNone,1000,add,0.05,0.1,final,out,39,0.10077835612001679,2,0.002445357049811572
mamba,mamba_add_rho0.05_wd0.1_tiersNone,1000,add,0.05,0.1,final,out,40,0.006147233489299789,15,0.002445357049811572
mamba,mamba_add_rho0.05_wd0.1_tiersNone,1000,add,0.05,0.1,final,out,41,0.0037295817525950046,58,0.002445357049811572
mamba,mamba_add_rho0.05_wd0.1_tiersNone,1000,add,0.05,0.1,final,out,42,0.004914793799356222,27,0.002445357049811572
mamba,mamba_add_rho0.05_wd0.1_tiersNone,1000,add,0.05,0.1,final,out,43,0.004477927927027511,39,0.002445357049811572
mamba,mamba_add_rho0.05_wd0.1_tiersNone,1000,add,0.05,0.1,final,out,44,0.005328073728773855,22,0.002445357049811572
mamba,mamba_add_rho0.05_wd0.1_tiersNone,1000,add,0.05,0.1,final,out,45,0.004666834434845209,34,0.002445357049811572
mamba,mamba_add_rho0.05_wd0.1_tiersNone,1000,add,0.05,0.1,final,out,46,0.09613201371198032,5,0.002445357049811572
mamba,mamba_add_rho0.05_wd0.1_tiersNone,1000,add,0.05,0.1,final,out,47,0.005806229702243247,16,0.002445357049811572
mamba,mamba_add_rho0.05_wd0.1_tiersNone,1000,add,0.05,0.1,final,out,48,0.0037026054521817156,59,0.002445357049811572
mamba,mamba_add_rho0.05_wd0.1_tiersNone,1000,add,0.05,0.1,final,out,49,0.005531095022747932,18,0.002445357049811572
mamba,mamba_add_rho0.05_wd0.1_tiersNone,1000,add,0.05,0.1,final,out,50,0.004526738713790449,37,0.002445357049811572
mamba,mamba_add_rho0.05_wd0.1_tiersNone,1000,add,0.05,0.1,final,out,51,0.0962470745175557,4,0.002445357049811572
mamba,mamba_add_rho0.05_wd0.1_tiersNone,1000,add,0.05,0.1,final,out,52,0.004508333418492624,38,0.002445357049811572
mamba,mamba_add_rho0.05_wd0.1_tiersNone,1000,add,0.05,0.1,final,out,53,0.00495919199998006,26,0.002445357049811572
mamba,mamba_add_rho0.05_wd0.1_tiersNone,1000,add,0.05,0.1,final,out,54,0.0046376062138372386,35,0.002445357049811572
mamba,mamba_add_rho0.05_wd0.1_tiersNone,1000,add,0.05,0.1,final,out,55,0.051833815585471,7,0.002445357049811572
mamba,mamba_add_rho0.05_wd0.1_tiersNone,1000,add,0.05,0.1,final,out,56,0.003276813044000813,68,0.002445357049811572
mamba,mamba_add_rho0.05_wd0.1_tiersNone,1000,add,0.05,0.1,final,out,57,0.005221312601280741,24,0.002445357049811572
mamba,mamba_add_rho0.05_wd0.1_tiersNone,1000,add,0.05,0.1,final,out,58,0.0033169604927609634,67,0.002445357049811572
mamba,mamba_add_rho0.05_wd0.1_tiersNone,1000,add,0.05,0.1,final,out,59,0.003441248945003096,64,0.002445357049811572
mamba,mamba_add_rho0.05_wd0.1_tiersNone,1000,add,0.05,0.1,final,out,60,0.004402234335944365,42,0.002445357049811572
mamba,mamba_add_rho0.05_wd0.1_tiersNone,1000,add,0.05,0.1,final,out,61,0.0033896800078860615,65,0.002445357049811572
mamba,mamba_add_rho0.05_wd0.1_tiersNone,1000,add,0.05,0.1,final,out,62,0.0038314153235618547,53,0.002445357049811572
mamba,mamba_add_rho0.05_wd0.1_tiersNone,1000,add,0.05,0.1,final,out,63,0.003557658546323828,62,0.002445357049811572
mamba,mamba_add_rho0.05_wd0.1_tiersNone,1000,add,0.05,0.1,final,out,64,0.007204840240103815,11,0.002445357049811572
mamba,mamba_add_rho0.05_wd0.1_tiersNone,1000,add,0.05,0.1,final,out,65,0.0040426158223259845,46,0.002445357049811572
mamba,mamba_add_rho0.05_wd0.1_tiersNone,1000,add,0.05,0.1,final,out,66,0.002788713849752178,74,0.002445357049811572
mamba,mamba_add_rho0.05_wd0.1_tiersNone,1000,add,0.05,0.1,final,out,67,0.00447680187691261,40,0.002445357049811572
mamba,mamba_add_rho0.05_wd0.1_tiersNone,1000,add,0.05,0.1,final,out,68,0.00375821964770041,57,0.002445357049811572
mamba,mamba_add_rho0.05_wd0.1_tiersNone,1000,add,0.05,0.1,final,out,69,0.006804900785424037,12,0.002445357049811572
mamba,mamba_add_rho0.05_wd0.1_tiersNone,1000,add,0.05,0.1,final,out,70,0.10805936253338534,1,0.002445357049811572
mamba,mamba_add_rho0.05_wd0.1_tiersNone,1000,add,0.05,0.1,final,out,71,0.005112674076352726,25,0.002445357049811572
mamba,mamba_add_rho0.05_wd0.1_tiersNone,1000,add,0.05,0.1,final,out,72,0.00525690619123974,23,0.002445357049811572
mamba,mamba_add_rho0.05_wd0.1_tiersNone,1000,add,0.05,0.1,final,out,73,0.015095012474482087,10,0.002445357049811572
mamba,mamba_add_rho0.05_wd0.1_tiersNone,1000,add,0.05,0.1,final,out,74,0.004012809514836246,48,0.002445357049811572
mamba,mamba_add_rho0.05_wd0.1_tiersNone,1001,add,0.05,0.1,final,in,1,0.005974927089038207,65,0.0068231516975898986
mamba,mamba_add_rho0.05_wd0.1_tiersNone,1001,add,0.05,0.1,final,in,2,0.00658020639324979,46,0.0068231516975898986
mamba,mamba_add_rho0.05_wd0.1_tiersNone,1001,add,0.05,0.1,final,in,3,0.005915464437228763,66,0.0068231516975898986
mamba,mamba_add_rho0.05_wd0.1_tiersNone,1001,add,0.05,0.1,final,in,4,0.005247420767745308,73,0.0068231516975898986
mamba,mamba_add_rho0.05_wd0.1_tiersNone,1001,add,0.05,0.1,final,in,5,0.007362038757486553,25,0.0068231516975898986
mamba,mamba_add_rho0.05_wd0.1_tiersNone,1001,add,0.05,0.1,final,in,6,0.006861736239291487,36,0.0068231516975898986
mamba,mamba_add_rho0.05_wd0.1_tiersNone,1001,add,0.05,0.1,final,in,7,0.006044218637309282,60,0.0068231516975898986
mamba,mamba_add_rho0.05_wd0.1_tiersNone,1001,add,0.05,0.1,final,in,8,0.0060151256748637175,63,0.0068231516975898986
mamba,mamba_add_rho0.05_wd0.1_tiersNone,1001,add,0.05,0.1,final,in,9,0.006742172649023161,42,0.0068231516975898986
mamba,mamba_add_rho0.05_wd0.1_tiersNone,1001,add,0.05,0.1,final,in,10,0.006603665874048877,44,0.0068231516975898986
mamba,mamba_add_rho0.05_wd0.1_tiersNone,1001,add,0.05,0.1,final,in,11,0.008464384780165509,16,0.0068231516975898986
mamba,mamba_add_rho0.05_wd0.1_tiersNone,1001,add,0.05,0.1,final,in,12,0.028210449163796822,11,0.0068231516975898986
mamba,mamba_add_rho0.05_wd0.1_tiersNone,1001,add,0.05,0.1,final,in,13,0.06303172359391539,3,0.0068231516975898986
mamba,mamba_add_rho0.05_wd0.1_tiersNone,1001,add,0.05,0.1,final,in,14,0.005451525430481096,70,0.0068231516975898986
mamba,mamba_add_rho0.05_wd0.1_tiersNone,1001,add,0.05,0.1,final,in,15,0.006019397183906676,62,0.0068231516975898986
mamba,mamba_add_rho0.05_wd0.1_tiersNone,1001,add,0.05,0.1,final,in,16,0.0066862057584518705,43,0.0068231516975898986
mamba,mamba_add_rho0.05_wd0.1_tiersNone,1001,add,0.05,0.1,final,in,17,0.006374699621481642,52,0.0068231516975898986
mamba,mamba_add_rho0.05_wd0.1_tiersNone,1001,add,0.05,0.1,final,in,18,0.006160985950234152,57,0.0068231516975898986
mamba,mamba_add_rho0.05_wd0.1_tiersNone,1001,add,0.05,0.1,final,in,19,0.00645325823185625,50,0.0068231516975898986
mamba,mamba_add_rho0.05_wd0.1_tiersNone,1001,add,0.05,0.1,final,in,20,0.007165437617046537,28,0.0068231516975898986
mamba,mamba_add_rho0.05_wd0.1_tiersNone,1001,add,0.05,0.1,final,in,21,0.06256400604402093,4,0.0068231516975898986
mamba,mamba_add_rho0.05_wd0.1_tiersNone,1001,add,0.05,0.1,final,in,22,0.006861010032680471,37,0.0068231516975898986
mamba,mamba_add_rho0.05_wd0.1_tiersNone,1001,add,0.05,0.1,final,in,23,0.007490892305789597,22,0.0068231516975898986
mamba,mamba_add_rho0.05_wd0.1_tiersNone,1001,add,0.05,0.1,final,in,24,0.008048872593937523,19,0.0068231516975898986
mamba,mamba_add_rho0.05_wd0.1_tiersNone,1001,add,0.05,0.1,final,in,25,0.00538012173499133,71,0.0068231516975898986
mamba,mamba_add_rho0.05_wd0.1_tiersNone,1001,add,0.05,0.1,final,in,26,0.006511370231563675,48,0.0068231516975898986
mamba,mamba_add_rho0.05_wd0.1_tiersNone,1001,add,0.05,0.1,final,in,27,0.006379785507376782,51,0.0068231516975898986
mamba,mamba_add_rho0.05_wd0.1_tiersNone,1001,add,0.05,0.1,final,in,28,0.006348633232829664,54,0.0068231516975898986
mamba,mamba_add_rho0.05_wd0.1_tiersNone,1001,add,0.05,0.1,final,in,29,0.0052520379261679915,72,0.0068231516975898986
mamba,mamba_add_rho0.05_wd0.1_tiersNone,1001,add,0.05,0.1,final,in,30,0.04515445810299476,8,0.0068231516975898986
mamba,mamba_add_rho0.05_wd0.1_tiersNone,1001,add,0.05,0.1,final,in,31,0.007331816598903213,26,0.0068231516975898986
mamba,mamba_add_rho0.05_wd0.1_tiersNone,1001,add,0.05,0.1,final,in,32,0.006367487829496694,53,0.0068231516975898986
mamba,mamba_add_rho0.05_wd0.1_tiersNone,1001,add,0.05,0.1,final,in,33,0.006093086183113219,59,0.0068231516975898986
mamba,mamba_add_rho0.05_wd0.1_tiersNone,1001,add,0.05,0.1,final,in,34,0.0067586210392635085,41,0.0068231516975898986
mamba,mamba_add_rho0.05_wd0.1_tiersNone,1001,add,0.05,0.1,final,in,35,0.006902864856500971,34,0.0068231516975898986
mamba,mamba_add_rho0.05_wd0.1_tiersNone,1001,add,0.05,0.1,final,in,36,0.004777388995908995,74,0.0068231516975898986
mamba,mamba_add_rho0.05_wd0.1_tiersNone,1001,add,0.05,0.1,final,in,37,0.007081087348966011,29,0.0068231516975898986
mamba,mamba_add_rho0.05_wd0.1_tiersNone,1001,add,0.05,0.1,final,in,38,0.006583549740147597,45,0.0068231516975898986
mamba,mamba_add_rho0.05_wd0.1_tiersNone,1001,add,0.05,0.1,final,in,39,0.006043452139225054,61,0.0068231516975898986
mamba,mamba_add_rho0.05_wd0.1_tiersNone,1001,add,0.05,0.1,final,in,40,0.04877478112026402,6,0.0068231516975898986
mamba,mamba_add_rho0.05_wd0.1_tiersNone,1001,add,0.05,0.1,final,in,41,0.006570669329036071,47,0.0068231516975898986
mamba,mamba_add_rho0.05_wd0.1_tiersNone,1001,add,0.05,0.1,final,in,42,0.009025386309907618,14,0.0068231516975898986
mamba,mamba_add_rho0.05_wd0.1_tiersNone,1001,add,0.05,0.1,final,in,43,0.0057320825527922645,67,0.0068231516975898986
mamba,mamba_add_rho0.05_wd0.1_tiersNone,1001,add,0.05,0.1,final,in,44,0.06596233154458313,2,0.0068231516975898986
mamba,mamba_add_rho0.05_wd0.1_tiersNone,1001,add,0.05,0.1,final,in,45,0.007042474370391715,30,0.0068231516975898986
mamba,mamba_add_rho0.05_wd0.1_tiersNone,1001,add,0.05,0.1,final,in,46,0.009336140706566666,13,0.0068231516975898986
mamba,mamba_add_rho0.05_wd0.1_tiersNone,1001,add,0.05,0.1,final,in,47,0.042465864679567124,9,0.0068231516975898986
mamba,mamba_add_rho0.05_wd0.1_tiersNone,1001,add,0.05,0.1,final,in,48,0.0062612597919907255,55,0.0068231516975898986
mamba,mamba_add_rho0.05_wd0.1_tiersNone,1001,add,0.05,0.1,final,in,49,0.007421875929166114,24,0.0068231516975898986
mamba,mamba_add_rho0.05_wd0.1_tiersNone,1001,add,0.05,0.1,final,in,50,0.008406629694701784,17,0.0068231516975898986
mamba,mamba_add_rho0.05_wd0.1_tiersNone,1001,add,0.05,0.1,final,in,51,0.039954277378957875,10,0.0068231516975898986
mamba,mamba_add_rho0.05_wd0.1_tiersNone,1001,add,0.05,0.1,final,in,52,0.006902647795166117,35,0.0068231516975898986
mamba,mamba_add_rho0.05_wd0.1_tiersNone,1001,add,0.05,0.1,final,in,53,0.014769615346838866,12,0.0068231516975898986
mamba,mamba_add_rho0.05_wd0.1_tiersNone,1001,add,0.05,0.1,final,in,54,0.006503396060562806,49,0.0068231516975898986
mamba,mamba_add_rho0.05_wd0.1_tiersNone,1001,add,0.05,0.1,final,in,55,0.007006865580466636,32,0.0068231516975898986
mamba,mamba_add_rho0.05_wd0.1_tiersNone,1001,add,0.05,0.1,final,in,56,0.005507320125704569,69,0.0068231516975898986
mamba,mamba_add_rho0.05_wd0.1_tiersNone,1001,add,0.05,0.1,final,in,57,0.006762602078082831,40,0.0068231516975898986
mamba,mamba_add_rho0.05_wd0.1_tiersNone,1001,add,0.05,0.1,final,in,58,0.005667270294560598,68,0.0068231516975898986
mamba,mamba_add_rho0.05_wd0.1_tiersNone,1001,add,0.05,0.1,final,in,59,0.006831637621909901,38,0.0068231516975898986
mamba,mamba_add_rho0.05_wd0.1_tiersNone,1001,add,0.05,0.1,final,in,60,0.0075295992585219405,21,0.0068231516975898986
mamba,mamba_add_rho0.05_wd0.1_tiersNone,1001,add,0.05,0.1,final,in,61,0.008476509123128912,15,0.0068231516975898986
mamba,mamba_add_rho0.05_wd0.1_tiersNone,1001,add,0.05,0.1,final,in,62,0.006110383615611676,58,0.0068231516975898986
mamba,mamba_add_rho0.05_wd0.1_tiersNone,1001,add,0.05,0.1,final,in,63,0.007479564980869755,23,0.0068231516975898986
mamba,mamba_add_rho0.05_wd0.1_tiersNone,1001,add,0.05,0.1,final,in,64,0.0072262131091863505,27,0.0068231516975898986
mamba,mamba_add_rho0.05_wd0.1_tiersNone,1001,add,0.05,0.1,final,in,65,0.00600242582172169,64,0.0068231516975898986
mamba,mamba_add_rho0.05_wd0.1_tiersNone,1001,add,0.05,0.1,final,in,66,0.05428139026934359,5,0.0068231516975898986
mamba,mamba_add_rho0.05_wd0.1_tiersNone,1001,add,0.05,0.1,final,in,67,0.007675778898180149,20,0.0068231516975898986
mamba,mamba_add_rho0.05_wd0.1_tiersNone,1001,add,0.05,0.1,final,in,68,0.04755674524527714,7,0.0068231516975898986
mamba,mamba_add_rho0.05_wd0.1_tiersNone,1001,add,0.05,0.1,final,in,69,0.07032856392077487,1,0.0068231516975898986
mamba,mamba_add_rho0.05_wd0.1_tiersNone,1001,add,0.05,0.1,final,in,70,0.007000053856743302,33,0.0068231516975898986
mamba,mamba_add_rho0.05_wd0.1_tiersNone,1001,add,0.05,0.1,final,in,71,0.007032416390269164,31,0.0068231516975898986
mamba,mamba_add_rho0.05_wd0.1_tiersNone,1001,add,0.05,0.1,final,in,72,0.006181029810338994,56,0.0068231516975898986
mamba,mamba_add_rho0.05_wd0.1_tiersNone,1001,add,0.05,0.1,final,in,73,0.008133351948771862,18,0.0068231516975898986
mamba,mamba_add_rho0.05_wd0.1_tiersNone,1001,add,0.05,0.1,final,in,74,0.006785259145544191,39,0.0068231516975898986
mamba,mamba_add_rho0.05_wd0.1_tiersNone,1001,add,0.05,0.1,final,out,1,0.003675056410780844,58,0.0060369492298292665
mamba,mamba_add_rho0.05_wd0.1_tiersNone,1001,add,0.05,0.1,final,out,2,0.004424059621027606,30,0.0060369492298292665
mamba,mamba_add_rho0.05_wd0.1_tiersNone,1001,add,0.05,0.1,final,out,3,0.0038706519758219047,51,0.0060369492298292665
mamba,mamba_add_rho0.05_wd0.1_tiersNone,1001,add,0.05,0.1,final,out,4,0.003658277321136871,59,0.0060369492298292665
mamba,mamba_add_rho0.05_wd0.1_tiersNone,1001,add,0.05,0.1,final,out,5,0.004367797098093198,31,0.0060369492298292665
mamba,mamba_add_rho0.05_wd0.1_tiersNone,1001,add,0.05,0.1,final,out,6,0.0034069161822480286,67,0.0060369492298292665
mamba,mamba_add_rho0.05_wd0.1_tiersNone,1001,add,0.05,0.1,final,out,7,0.004005207764385813,44,0.0060369492298292665
mamba,mamba_add_rho0.05_wd0.1_tiersNone,1001,add,0.05,0.1,final,out,8,0.004054773196771608,43,0.0060369492298292665
mamba,mamba_add_rho0.05_wd0.1_tiersNone,1001,add,0.05,0.1,final,out,9,0.0042390061571821154,35,0.0060369492298292665
mamba,mamba_add_rho0.05_wd0.1_tiersNone,1001,add,0.05,0.1,final,out,10,0.0033562384347401828,68,0.0060369492298292665
mamba,mamba_add_rho0.05_wd0.1_tiersNone,1001,add,0.05,0.1,final,out,11,0.0038679753460335504,52,0.0060369492298292665
mamba,mamba_add_rho0.05_wd0.1_tiersNone,1001,add,0.05,0.1,final,out,12,0.026928170690481836,11,0.0060369492298292665
mamba,mamba_add_rho0.05_wd0.1_tiersNone,1001,add,0.05,0.1,final,out,13,0.0830169501965098,3,0.0060369492298292665
mamba,mamba_add_rho0.05_wd0.1_tiersNone,1001,add,0.05,0.1,final,out,14,0.004110065174066963,39,0.0060369492298292665
mamba,mamba_add_rho0.05_wd0.1_tiersNone,1001,add,0.05,0.1,final,out,15,0.0038831960630534186,49,0.0060369492298292665
mamba,mamba_add_rho0.05_wd0.1_tiersNone,1001,add,0.05,0.1,final,out,16,0.003351283350787203,69,0.0060369492298292665
mamba,mamba_add_rho0.05_wd0.1_tiersNone,1001,add,0.05,0.1,final,out,17,0.0032101427090056546,72,0.0060369492298292665
mamba,mamba_add_rho0.05_wd0.1_tiersNone,1001,add,0.05,0.1,final,out,18,0.0030832461934334854,73,0.0060369492298292665
mamba,mamba_add_rho0.05_wd0.1_tiersNone,1001,add,0.05,0.1,final,out,19,0.0030695102845747233,74,0.0060369492298292665
mamba,mamba_add_rho0.05_wd0.1_tiersNone,1001,add,0.05,0.1,final,out,20,0.0037587306264044015,54,0.0060369492298292665
mamba,mamba_add_rho0.05_wd0.1_tiersNone,1001,add,0.05,0.1,final,out,21,0.0779882749867833,4,0.0060369492298292665
mamba,mamba_add_rho0.05_wd0.1_tiersNone,1001,add,0.05,0.1,final,out,22,0.006223092896581186,14,0.0060369492298292665
mamba,mamba_add_rho0.05_wd0.1_tiersNone,1001,add,0.05,0.1,final,out,23,0.006353113152591401,13,0.0060369492298292665
mamba,mamba_add_rho0.05_wd0.1_tiersNone,1001,add,0.05,0.1,final,out,24,0.005012619258463674,19,0.0060369492298292665
mamba,mamba_add_rho0.05_wd0.1_tiersNone,1001,add,0.05,0.1,final,out,25,0.0037521272954737653,55,0.0060369492298292665
mamba,mamba_add_rho0.05_wd0.1_tiersNone,1001,add,0.05,0.1,final,out,26,0.0032109056222557873,71,0.0060369492298292665
mamba,mamba_add_rho0.05_wd0.1_tiersNone,1001,add,0.05,0.1,final,out,27,0.004074743844521976,41,0.0060369492298292665
mamba,mamba_add_rho0.05_wd0.1_tiersNone,1001,add,0.05,0.1,final,out,28,0.0036866007220512976,57,0.0060369492298292665
mamba,mamba_add_rho0.05_wd0.1_tiersNone,1001,add,0.05,0.1,final,out,29,0.004247803640219612,34,0.0060369492298292665
mamba,mamba_add_rho0.05_wd0.1_tiersNone,1001,add,0.05,0.1,final,out,30,0.057435773167797174,8,0.0060369492298292665
mamba,mamba_add_rho0.05_wd0.1_tiersNone,1001,add,0.05,0.1,final,out,31,0.003959457989609078,46,0.0060369492298292665
mamba,mamba_add_rho0.05_wd0.1_tiersNone,1001,add,0.05,0.1,final,out,32,0.003873271984355826,50,0.0060369492298292665
mamba,mamba_add_rho0.05_wd0.1_tiersNone,1001,add,0.05,0.1,final,out,33,0.0035788526265926614,64,0.0060369492298292665
mamba,mamba_add_rho0.05_wd0.1_tiersNone,1001,add,0.05,0.1,final,out,34,0.005115777212930294,17,0.0060369492298292665
mamba,mamba_add_rho0.05_wd0.1_tiersNone,1001,add,0.05,0.1,final,out,35,0.003650001938655937,61,0.0060369492298292665
mamba,mamba_add_rho0.05_wd0.1_tiersNone,1001,add,0.05,0.1,final,out,36,0.0032931398799007703,70,0.0060369492298292665
mamba,mamba_add_rho0.05_wd0.1_tiersNone,1001,add,0.05,0.1,final,out,37,0.00419300530122373,36,0.0060369492298292665
mamba,mamba_add_rho0.05_wd0.1_tiersNone,1001,add,0.05,0.1,final,out,38,0.0051710472184133445,16,0.0060369492298292665
mamba,mamba_add_rho0.05_wd0.1_tiersNone,1001,add,0.05,0.1,final,out,39,0.004322327138913869,33,0.0060369492298292665
mamba,mamba_add_rho0.05_wd0.1_tiersNone,1001,add,0.05,0.1,final,out,40,0.06400658089905456,6,0.0060369492298292665
mamba,mamba_add_rho0.05_wd0.1_tiersNone,1001,add,0.05,0.1,final,out,41,0.003909956292143707,47,0.0060369492298292665
mamba,mamba_add_rho0.05_wd0.1_tiersNone,1001,add,0.05,0.1,final,out,42,0.004830817354178158,22,0.0060369492298292665
mamba,mamba_add_rho0.05_wd0.1_tiersNone,1001,add,0.05,0.1,final,out,43,0.003977688815143692,45,0.0060369492298292665
mamba,mamba_add_rho0.05_wd0.1_tiersNone,1001,add,0.05,0.1,final,out,44,0.08875135474690238,2,0.0060369492298292665
mamba,mamba_add_rho0.05_wd0.1_tiersNone,1001,add,0.05,0.1,final,out,45,0.003621293251958986,63,0.0060369492298292665
mamba,mamba_add_rho0.05_wd0.1_tiersNone,1001,add,0.05,0.1,final,out,46,0.004105342129080686,40,0.0060369492298292665
mamba,mamba_add_rho0.05_wd0.1_tiersNone,1001,add,0.05,0.1,final,out,47,0.05511098753395493,9,0.0060369492298292665
mamba,mamba_add_rho0.05_wd0.1_tiersNone,1001,add,0.05,0.1,final,out,48,0.0044409657251173835,29,0.0060369492298292665
mamba,mamba_add_rho0.05_wd0.1_tiersNone,1001,add,0.05,0.1,final,out,49,0.0038277213084226677,53,0.0060369492298292665
mamba,mamba_add_rho0.05_wd0.1_tiersNone,1001,add,0.05,0.1,final,out,50,0.00482529378251338,23,0.0060369492298292665
mamba,mamba_add_rho0.05_wd0.1_tiersNone,1001,add,0.05,0.1,final,out,51,0.051736121261514834,10,0.0060369492298292665
mamba,mamba_add_rho0.05_wd0.1_tiersNone,1001,add,0.05,0.1,final,out,52,0.004069320821064257,42,0.0060369492298292665
mamba,mamba_add_rho0.05_wd0.1_tiersNone,1001,add,0.05,0.1,final,out,53,0.013637868318272774,12,0.0060369492298292665
mamba,mamba_add_rho0.05_wd0.1_tiersNone,1001,add,0.05,0.1,final,out,54,0.0035684867688472953,65,0.0060369492298292665
mamba,mamba_add_rho0.05_wd0.1_tiersNone,1001,add,0.05,0.1,final,out,55,0.004637756484735409,25,0.0060369492298292665
mamba,mamba_add_rho0.05_wd0.1_tiersNone,1001,add,0.05,0.1,final,out,56,0.004576640081406238,26,0.0060369492298292665
mamba,mamba_add_rho0.05_wd0.1_tiersNone,1001,add,0.05,0.1,final,out,57,0.004894451227214544,21,0.0060369492298292665
mamba,mamba_add_rho0.05_wd0.1_tiersNone,1001,add,0.05,0.1,final,out,58,0.003537255566063053,66,0.0060369492298292665
mamba,mamba_add_rho0.05_wd0.1_tiersNone,1001,add,0.05,0.1,final,out,59,0.0041184396924977915,38,0.0060369492298292665
mamba,mamba_add_rho0.05_wd0.1_tiersNone,1001,add,0.05,0.1,final,out,60,0.004647327613316077,24,0.0060369492298292665
mamba,mamba_add_rho0.05_wd0.1_tiersNone,1001,add,0.05,0.1,final,out,61,0.00433535459976849,32,0.0060369492298292665
mamba,mamba_add_rho0.05_wd0.1_tiersNone,1001,add,0.05,0.1,final,out,62,0.003891623866085463,48,0.0060369492298292665
mamba,mamba_add_rho0.05_wd0.1_tiersNone,1001,add,0.05,0.1,final,out,63,0.0036539023880480187,60,0.0060369492298292665
mamba,mamba_add_rho0.05_wd0.1_tiersNone,1001,add,0.05,0.1,final,out,64,0.004512748874701509,27,0.0060369492298292665
mamba,mamba_add_rho0.05_wd0.1_tiersNone,1001,add,0.05,0.1,final,out,65,0.005023467658846297,18,0.0060369492298292665
mamba,mamba_add_rho0.05_wd0.1_tiersNone,1001,add,0.05,0.1,final,out,66,0.0742410259159391,5,0.0060369492298292665
mamba,mamba_add_rho0.05_wd0.1_tiersNone,1001,add,0.05,0.1,final,out,67,0.004900521206182655,20,0.0060369492298292665
mamba,mamba_add_rho0.05_wd0.1_tiersNone,1001,add,0.05,0.1,final,out,68,0.0615451078045964,7,0.0060369492298292665
mamba,mamba_add_rho0.05_wd0.1_tiersNone,1001,add,0.05,0.1,final,out,69,0.0891771636712721,1,0.0060369492298292665
mamba,mamba_add_rho0.05_wd0.1_tiersNone,1001,add,0.05,0.1,final,out,70,0.004493169912219408,28,0.0060369492298292665
mamba,mamba_add_rho0.05_wd0.1_tiersNone,1001,add,0.05,0.1,final,out,71,0.0036285758200717477,62,0.0060369492298292665
mamba,mamba_add_rho0.05_wd0.1_tiersNone,1001,add,0.05,0.1,final,out,72,0.0036938316973002313,56,0.0060369492298292665
mamba,mamba_add_rho0.05_wd0.1_tiersNone,1001,add,0.05,0.1,final,out,73,0.0054454178307012735,15,0.0060369492298292665
mamba,mamba_add_rho0.05_wd0.1_tiersNone,1001,add,0.05,0.1,final,out,74,0.004147228406990426,37,0.0060369492298292665
mamba,mamba_add_rho0.05_wd0.1_tiersNone,1002,add,0.05,0.1,final,in,1,0.0063226531856351055,48,0.007206147269989871
mamba,mamba_add_rho0.05_wd0.1_tiersNone,1002,add,0.05,0.1,final,in,2,0.006058717196358034,57,0.007206147269989871
mamba,mamba_add_rho0.05_wd0.1_tiersNone,1002,add,0.05,0.1,final,in,3,0.006769003622468053,34,0.007206147269989871
mamba,mamba_add_rho0.05_wd0.1_tiersNone,1002,add,0.05,0.1,final,in,4,0.00537849998303353,69,0.007206147269989871
mamba,mamba_add_rho0.05_wd0.1_tiersNone,1002,add,0.05,0.1,final,in,5,0.00634813536046288,46,0.007206147269989871
mamba,mamba_add_rho0.05_wd0.1_tiersNone,1002,add,0.05,0.1,final,in,6,0.00670480100521994,37,0.007206147269989871
mamba,mamba_add_rho0.05_wd0.1_tiersNone,1002,add,0.05,0.1,final,in,7,0.008022092951384875,19,0.007206147269989871
mamba,mamba_add_rho0.05_wd0.1_tiersNone,1002,add,0.05,0.1,final,in,8,0.041851056482157326,9,0.007206147269989871
mamba,mamba_add_rho0.05_wd0.1_tiersNone,1002,add,0.05,0.1,final,in,9,0.006901235955314923,28,0.007206147269989871
mamba,mamba_add_rho0.05_wd0.1_tiersNone,1002,add,0.05,0.1,final,in,10,0.00539107853875208,68,0.007206147269989871
mamba,mamba_add_rho0.05_wd0.1_tiersNone,1002,add,0.05,0.1,final,in,11,0.0057982166679351604,62,0.007206147269989871
mamba,mamba_add_rho0.05_wd0.1_tiersNone,1002,add,0.05,0.1,final,in,12,0.008372050980201,15,0.007206147269989871
mamba,mamba_add_rho0.05_wd0.1_tiersNone,1002,add,0.05,0.1,final,in,13,0.00807259880180237,18,0.007206147269989871
mamba,mamba_add_rho0.05_wd0.1_tiersNone,1002,add,0.05,0.1,final,in,14,0.006689488390923274,38,0.007206147269989871
mamba,mamba_add_rho0.05_wd0.1_tiersNone,1002,add,0.05,0.1,final,in,15,0.006101213138116029,54,0.007206147269989871
mamba,mamba_add_rho0.05_wd0.1_tiersNone,1002,add,0.05,0.1,final,in,16,0.006536214888973295,42,0.007206147269989871
mamba,mamba_add_rho0.05_wd0.1_tiersNone,1002,add,0.05,0.1,final,in,17,0.007428895252289303,21,0.007206147269989871
mamba,mamba_add_rho0.05_wd0.1_tiersNone,1002,add,0.05,0.1,final,in,18,0.005133395662950565,73,0.007206147269989871
mamba,mamba_add_rho0.05_wd0.1_tiersNone,1002,add,0.05,0.1,final,in,19,0.008505541387514713,14,0.007206147269989871
mamba,mamba_add_rho0.05_wd0.1_tiersNone,1002,add,0.05,0.1,final,in,20,0.006217464085772492,51,0.007206147269989871
mamba,mamba_add_rho0.05_wd0.1_tiersNone,1002,add,0.05,0.1,final,in,21,0.007130891939238952,25,0.007206147269989871
mamba,mamba_add_rho0.05_wd0.1_tiersNone,1002,add,0.05,0.1,final,in,22,0.006876048292444377,29,0.007206147269989871
mamba,mamba_add_rho0.05_wd0.1_tiersNone,1002,add,0.05,0.1,final,in,23,0.008286157363167939,16,0.007206147269989871
mamba,mamba_add_rho0.05_wd0.1_tiersNone,1002,add,0.05,0.1,final,in,24,0.005470932525879692,66,0.007206147269989871
mamba,mamba_add_rho0.05_wd0.1_tiersNone,1002,add,0.05,0.1,final,in,25,0.005631248254967445,64,0.007206147269989871
mamba,mamba_add_rho0.05_wd0.1_tiersNone,1002,add,0.05,0.1,final,in,26,0.006516061969977975,43,0.007206147269989871
mamba,mamba_add_rho0.05_wd0.1_tiersNone,1002,add,0.05,0.1,final,in,27,0.05982628335561562,4,0.007206147269989871
mamba,mamba_add_rho0.05_wd0.1_tiersNone,1002,add,0.05,0.1,final,in,28,0.005580364506982835,65,0.007206147269989871
mamba,mamba_add_rho0.05_wd0.1_tiersNone,1002,add,0.05,0.1,final,in,29,0.005218825734670933,71,0.007206147269989871
mamba,mamba_add_rho0.05_wd0.1_tiersNone,1002,add,0.05,0.1,final,in,30,0.0071682684591244245,24,0.007206147269989871
mamba,mamba_add_rho0.05_wd0.1_tiersNone,1002,add,0.05,0.1,final,in,31,0.005015135644955938,74,0.007206147269989871
mamba,mamba_add_rho0.05_wd0.1_tiersNone,1002,add,0.05,0.1,final,in,32,0.005927890941910444,61,0.007206147269989871
mamba,mamba_add_rho0.05_wd0.1_tiersNone,1002,add,0.05,0.1,final,in,33,0.006767325643113847,35,0.007206147269989871
mamba,mamba_add_rho0.05_wd0.1_tiersNone,1002,add,0.05,0.1,final,in,34,0.006051544279375425,58,0.007206147269989871
mamba,mamba_add_rho0.05_wd0.1_tiersNone,1002,add,0.05,0.1,final,in,35,0.007117024777358258,26,0.007206147269989871
mamba,mamba_add_rho0.05_wd0.1_tiersNone,1002,add,0.05,0.1,final,in,36,0.006831112955956823,31,0.007206147269989871
mamba,mamba_add_rho0.05_wd0.1_tiersNone,1002,add,0.05,0.1,final,in,37,0.0077514821471108795,20,0.007206147269989871
mamba,mamba_add_rho0.05_wd0.1_tiersNone,1002,add,0.05,0.1,final,in,38,0.00730486816404495,22,0.007206147269989871
mamba,mamba_add_rho0.05_wd0.1_tiersNone,1002,add,0.05,0.1,final,in,39,0.052797411027562434,6,0.007206147269989871
mamba,mamba_add_rho0.05_wd0.1_tiersNone,1002,add,0.05,0.1,final,in,40,0.0062605436702820256,50,0.007206147269989871
mamba,mamba_add_rho0.05_wd0.1_tiersNone,1002,add,0.05,0.1,final,in,41,0.006134490520832514,52,0.007206147269989871
mamba,mamba_add_rho0.05_wd0.1_tiersNone,1002,add,0.05,0.1,final,in,42,0.005797462771382159,63,0.007206147269989871
mamba,mamba_add_rho0.05_wd0.1_tiersNone,1002,add,0.05,0.1,final,in,43,0.04527018258330681,7,0.007206147269989871
mamba,mamba_add_rho0.05_wd0.1_tiersNone,1002,add,0.05,0.1,final,in,44,0.006070569719815242,55,0.007206147269989871
mamba,mamba_add_rho0.05_wd0.1_tiersNone,1002,add,0.05,0.1,final,in,45,0.008081736401312965,17,0.007206147269989871
mamba,mamba_add_rho0.05_wd0.1_tiersNone,1002,add,0.05,0.1,final,in,46,0.006386483760668269,45,0.007206147269989871
mamba,mamba_add_rho0.05_wd0.1_tiersNone,1002,add,0.05,0.1,final,in,47,0.005182857154115569,72,0.007206147269989871
mamba,mamba_add_rho0.05_wd0.1_tiersNone,1002,add,0.05,0.1,final,in,48,0.018934334222977734,12,0.007206147269989871
mamba,mamba_add_rho0.05_wd0.1_tiersNone,1002,add,0.05,0.1,final,in,49,0.008508324441933437,13,0.007206147269989871
mamba,mamba_add_rho0.05_wd0.1_tiersNone,1002,add,0.05,0.1,final,in,50,0.06562541478341755,2,0.007206147269989871
mamba,mamba_add_rho0.05_wd0.1_tiersNone,1002,add,0.05,0.1,final,in,51,0.005965382267650603,60,0.007206147269989871
mamba,mamba_add_rho0.05_wd0.1_tiersNone,1002,add,0.05,0.1,final,in,52,0.060642109859295155,3,0.007206147269989871
mamba,mamba_add_rho0.05_wd0.1_tiersNone,1002,add,0.05,0.1,final,in,53,0.0397750285106258,11,0.007206147269989871
mamba,mamba_add_rho0.05_wd0.1_tiersNone,1002,add,0.05,0.1,final,in,54,0.006834342177591432,30,0.007206147269989871
mamba,mamba_add_rho0.05_wd0.1_tiersNone,1002,add,0.05,0.1,final,in,55,0.006063514323396169,56,0.007206147269989871
mamba,mamba_add_rho0.05_wd0.1_tiersNone,1002,add,0.05,0.1,final,in,56,0.03977896818422729,10,0.007206147269989871
mamba,mamba_add_rho0.05_wd0.1_tiersNone,1002,add,0.05,0.1,final,in,57,0.007171983666472115,23,0.007206147269989871
mamba,mamba_add_rho0.05_wd0.1_tiersNone,1002,add,0.05,0.1,final,in,58,0.005289818510926756,70,0.007206147269989871
mamba,mamba_add_rho0.05_wd0.1_tiersNone,1002,add,0.05,0.1,final,in,59,0.006263809333202003,49,0.007206147269989871
mamba,mamba_add_rho0.05_wd0.1_tiersNone,1002,add,0.05,0.1,final,in,60,0.005411727571556652,67,0.007206147269989871
mamba,mamba_add_rho0.05_wd0.1_tiersNone,1002,add,0.05,0.1,final,in,61,0.006603970186475018,41,0.007206147269989871
mamba,mamba_add_rho0.05_wd0.1_tiersNone,1002,add,0.05,0.1,final,in,62,0.006337392568673203,47,0.007206147269989871
mamba,mamba_add_rho0.05_wd0.1_tiersNone,1002,add,0.05,0.1,final,in,63,0.04497467264895154,8,0.007206147269989871
mamba,mamba_add_rho0.05_wd0.1_tiersNone,1002,add,0.05,0.1,final,in,64,0.006706364152395382,36,0.007206147269989871
mamba,mamba_add_rho0.05_wd0.1_tiersNone,1002,add,0.05,0.1,final,in,65,0.006674354620243581,39,0.007206147269989871
mamba,mamba_add_rho0.05_wd0.1_tiersNone,1002,add,0.05,0.1,final,in,66,0.006502329602844719,44,0.007206147269989871
mamba,mamba_add_rho0.05_wd0.1_tiersNone,1002,add,0.05,0.1,final,in,67,0.00679343259209088,32,0.007206147269989871
mamba,mamba_add_rho0.05_wd0.1_tiersNone,1002,add,0.05,0.1,final,in,68,0.06599150017630834,1,0.007206147269989871
mamba,mamba_add_rho0.05_wd0.1_tiersNone,1002,add,0.05,0.1,final,in,69,0.007048964604237763,27,0.007206147269989871
mamba,mamba_add_rho0.05_wd0.1_tiersNone,1002,add,0.05,0.1,final,in,70,0.006028026728507585,59,0.007206147269989871
mamba,mamba_add_rho0.05_wd0.1_tiersNone,1002,add,0.05,0.1,final,in,71,0.05948101336126093,5,0.007206147269989871
mamba,mamba_add_rho0.05_wd0.1_tiersNone,1002,add,0.05,0.1,final,in,72,0.00663620030338069,40,0.007206147269989871
mamba,mamba_add_rho0.05_wd0.1_tiersNone,1002,add,0.05,0.1,final,in,73,0.006123724949890485,53,0.007206147269989871
mamba,mamba_add_rho0.05_wd0.1_tiersNone,1002,add,0.05,0.1,final,in,74,0.006777737549027362,33,0.007206147269989871
mamba,mamba_add_rho0.05_wd0.1_tiersNone,1002,add,0.05,0.1,final,out,1,0.004239808540359847,34,0.005592953343028102
mamba,mamba_add_rho0.05_wd0.1_tiersNone,1002,add,0.05,0.1,final,out,2,0.004715128585160301,17,0.005592953343028102
mamba,mamba_add_rho0.05_wd0.1_tiersNone,1002,add,0.05,0.1,final,out,3,0.005163432274273481,14,0.005592953343028102
mamba,mamba_add_rho0.05_wd0.1_tiersNone,1002,add,0.05,0.1,final,out,4,0.003655218555716997,69,0.005592953343028102
mamba,mamba_add_rho0.05_wd0.1_tiersNone,1002,add,0.05,0.1,final,out,5,0.0036522490319825323,70,0.005592953343028102
mamba,mamba_add_rho0.05_wd0.1_tiersNone,1002,add,0.05,0.1,final,out,6,0.004654362213937883,20,0.005592953343028102
mamba,mamba_add_rho0.05_wd0.1_tiersNone,1002,add,0.05,0.1,final,out,7,0.0038803597541854197,58,0.005592953343028102
mamba,mamba_add_rho0.05_wd0.1_tiersNone,1002,add,0.05,0.1,final,out,8,0.050907757396199835,9,0.005592953343028102
mamba,mamba_add_rho0.05_wd0.1_tiersNone,1002,add,0.05,0.1,final,out,9,0.003927842898744157,53,0.005592953343028102
mamba,mamba_add_rho0.05_wd0.1_tiersNone,1002,add,0.05,0.1,final,out,10,0.00417828800878958,38,0.005592953343028102
mamba,mamba_add_rho0.05_wd0.1_tiersNone,1002,add,0.05,0.1,final,out,11,0.00367341187227699,67,0.005592953343028102
mamba,mamba_add_rho0.05_wd0.1_tiersNone,1002,add,0.05,0.1,final,out,12,0.004081110187571928,45,0.005592953343028102
mamba,mamba_add_rho0.05_wd0.1_tiersNone,1002,add,0.05,0.1,final,out,13,0.0036977468055844043,65,0.005592953343028102
mamba,mamba_add_rho0.05_wd0.1_tiersNone,1002,add,0.05,0.1,final,out,14,0.0041359222769047225,39,0.005592953343028102
mamba,mamba_add_rho0.05_wd0.1_tiersNone,1002,add,0.05,0.1,final,out,15,0.004120289251338071,41,0.005592953343028102
mamba,mamba_add_rho0.05_wd0.1_tiersNone,1002,add,0.05,0.1,final,out,16,0.0042131287835559935,37,0.005592953343028102
mamba,mamba_add_rho0.05_wd0.1_tiersNone,1002,add,0.05,0.1,final,out,17,0.004669299118460051,19,0.005592953343028102
mamba,mamba_add_rho0.05_wd0.1_tiersNone,1002,add,0.05,0.1,final,out,18,0.004048075121630236,46,0.005592953343028102
mamba,mamba_add_rho0.05_wd0.1_tiersNone,1002,add,0.05,0.1,final,out,19,0.005610184659947285,13,0.005592953343028102
mamba,mamba_add_rho0.05_wd0.1_tiersNone,1002,add,0.05,0.1,final,out,20,0.003943228388534894,52,0.005592953343028102
mamba,mamba_add_rho0.05_wd0.1_tiersNone,1002,add,0.05,0.1,final,out,21,0.004286687520908636,32,0.005592953343028102
mamba,mamba_add_rho0.05_wd0.1_tiersNone,1002,add,0.05,0.1,final,out,22,0.0036926063295340135,66,0.005592953343028102
mamba,mamba_add_rho0.05_wd0.1_tiersNone,1002,add,0.05,0.1,final,out,23,0.0043128340194600896,29,0.005592953343028102
mamba,mamba_add_rho0.05_wd0.1_tiersNone,1002,add,0.05,0.1,final,out,24,0.004086922152117008,44,0.005592953343028102
mamba,mamba_add_rho0.05_wd0.1_tiersNone,1002,add,0.05,0.1,final,out,25,0.004507878652659847,22,0.005592953343028102
mamba,mamba_add_rho0.05_wd0.1_tiersNone,1002,add,0.05,0.1,final,out,26,0.0038429613435337078,61,0.005592953343028102
mamba,mamba_add_rho0.05_wd0.1_tiersNone,1002,add,0.05,0.1,final,out,27,0.0821236520588474,3,0.005592953343028102
mamba,mamba_add_rho0.05_wd0.1_tiersNone,1002,add,0.05,0.1,final,out,28,0.003917908210025664,55,0.005592953343028102
mamba,mamba_add_rho0.05_wd0.1_tiersNone,1002,add,0.05,0.1,final,out,29,0.004134644061934505,40,0.005592953343028102
mamba,mamba_add_rho0.05_wd0.1_tiersNone,1002,add,0.05,0.1,final,out,30,0.004002384730976598,48,0.005592953343028102
mamba,mamba_add_rho0.05_wd0.1_tiersNone,1002,add,0.05,0.1,final,out,31,0.0035562626333262544,71,0.005592953343028102
mamba,mamba_add_rho0.05_wd0.1_tiersNone,1002,add,0.05,0.1,final,out,32,0.004426193265388669,26,0.005592953343028102
mamba,mamba_add_rho0.05_wd0.1_tiersNone,1002,add,0.05,0.1,final,out,33,0.00372338846921132,64,0.005592953343028102
mamba,mamba_add_rho0.05_wd0.1_tiersNone,1002,add,0.05,0.1,final,out,34,0.004344919661715372,28,0.005592953343028102
mamba,mamba_add_rho0.05_wd0.1_tiersNone,1002,add,0.05,0.1,final,out,35,0.004687729112613903,18,0.005592953343028102
mamba,mamba_add_rho0.05_wd0.1_tiersNone,1002,add,0.05,0.1,final,out,36,0.004776739191059569,16,0.005592953343028102
mamba,mamba_add_rho0.05_wd0.1_tiersNone,1002,add,0.05,0.1,final,out,37,0.004479394576400525,25,0.005592953343028102
mamba,mamba_add_rho0.05_wd0.1_tiersNone,1002,add,0.05,0.1,final,out,38,0.003974791035281367,50,0.005592953343028102
mamba,mamba_add_rho0.05_wd0.1_tiersNone,1002,add,0.05,0.1,final,out,39,0.06548558758168123,8,0.005592953343028102
mamba,mamba_add_rho0.05_wd0.1_tiersNone,1002,add,0.05,0.1,final,out,40,0.003781172727973255,63,0.005592953343028102
mamba,mamba_add_rho0.05_wd0.1_tiersNone,1002,add,0.05,0.1,final,out,41,0.004087820518826448,43,0.005592953343028102
mamba,mamba_add_rho0.05_wd0.1_tiersNone,1002,add,0.05,0.1,final,out,42,0.003920077276821598,54,0.005592953343028102
mamba,mamba_add_rho0.05_wd0.1_tiersNone,1002,add,0.05,0.1,final,out,43,0.06710941865296162,7,0.005592953343028102
mamba,mamba_add_rho0.05_wd0.1_tiersNone,1002,add,0.05,0.1,final,out,44,0.004031633087729213,47,0.005592953343028102
mamba,mamba_add_rho0.05_wd0.1_tiersNone,1002,add,0.05,0.1,final,out,45,0.004227207748972004,35,0.005592953343028102
mamba,mamba_add_rho0.05_wd0.1_tiersNone,1002,add,0.05,0.1,final,out,46,0.003901803731410357,57,0.005592953343028102
mamba,mamba_add_rho0.05_wd0.1_tiersNone,1002,add,0.05,0.1,final,out,47,0.004306955603399868,30,0.005592953343028102
mamba,mamba_add_rho0.05_wd0.1_tiersNone,1002,add,0.05,0.1,final,out,48,0.018334280969772354,12,0.005592953343028102
mamba,mamba_add_rho0.05_wd0.1_tiersNone,1002,add,0.05,0.1,final,out,49,0.0037983907650883646,62,0.005592953343028102
mamba,mamba_add_rho0.05_wd0.1_tiersNone,1002,add,0.05,0.1,final,out,50,0.08928013611711808,1,0.005592953343028102
mamba,mamba_add_rho0.05_wd0.1_tiersNone,1002,add,0.05,0.1,final,out,51,0.0035276540877161922,72,0.005592953343028102
mamba,mamba_add_rho0.05_wd0.1_tiersNone,1002,add,0.05,0.1,final,out,52,0.07743323779635114,5,0.005592953343028102
mamba,mamba_add_rho0.05_wd0.1_tiersNone,1002,add,0.05,0.1,final,out,53,0.02945836520288997,11,0.005592953343028102
mamba,mamba_add_rho0.05_wd0.1_tiersNone,1002,add,0.05,0.1,final,out,54,0.0039887162981996505,49,0.005592953343028102
mamba,mamba_add_rho0.05_wd0.1_tiersNone,1002,add,0.05,0.1,final,out,55,0.0042209112413628515,36,0.005592953343028102
mamba,mamba_add_rho0.05_wd0.1_tiersNone,1002,add,0.05,0.1,final,out,56,0.03345153851423737,10,0.005592953343028102
mamba,mamba_add_rho0.05_wd0.1_tiersNone,1002,add,0.05,0.1,final,out,57,0.003962321215349328,51,0.005592953343028102
mamba,mamba_add_rho0.05_wd0.1_tiersNone,1002,add,0.05,0.1,final,out,58,0.003462619514847863,73,0.005592953343028102
mamba,mamba_add_rho0.05_wd0.1_tiersNone,1002,add,0.05,0.1,final,out,59,0.004302705483062373,31,0.005592953343028102
mamba,mamba_add_rho0.05_wd0.1_tiersNone,1002,add,0.05,0.1,final,out,60,0.0032364242205651763,74,0.005592953343028102
mamba,mamba_add_rho0.05_wd0.1_tiersNone,1002,add,0.05,0.1,final,out,61,0.004250649101910065,33,0.005592953343028102
mamba,mamba_add_rho0.05_wd0.1_tiersNone,1002,add,0.05,0.1,final,out,62,0.0036613390425490303,68,0.005592953343028102
mamba,mamba_add_rho0.05_wd0.1_tiersNone,1002,add,0.05,0.1,final,out,63,0.06787628386126061,6,0.005592953343028102
mamba,mamba_add_rho0.05_wd0.1_tiersNone,1002,add,0.05,0.1,final,out,64,0.003859938582646941,60,0.005592953343028102
mamba,mamba_add_rho0.05_wd0.1_tiersNone,1002,add,0.05,0.1,final,out,65,0.004810102040510753,15,0.005592953343028102
mamba,mamba_add_rho0.05_wd0.1_tiersNone,1002,add,0.05,0.1,final,out,66,0.004499695599321032,24,0.005592953343028102
mamba,mamba_add_rho0.05_wd0.1_tiersNone,1002,add,0.05,0.1,final,out,67,0.003877516078541146,59,0.005592953343028102
mamba,mamba_add_rho0.05_wd0.1_tiersNone,1002,add,0.05,0.1,final,out,68,0.07763789336077802,4,0.005592953343028102
mamba,mamba_add_rho0.05_wd0.1_tiersNone,1002,add,0.05,0.1,final,out,69,0.00435443448202261,27,0.005592953343028102
mamba,mamba_add_rho0.05_wd0.1_tiersNone,1002,add,0.05,0.1,final,out,70,0.004093401650982027,42,0.005592953343028102
mamba,mamba_add_rho0.05_wd0.1_tiersNone,1002,add,0.05,0.1,final,out,71,0.0847867832690284,2,0.005592953343028102
mamba,mamba_add_rho0.05_wd0.1_tiersNone,1002,add,0.05,0.1,final,out,72,0.004506061216504239,23,0.005592953343028102
mamba,mamba_add_rho0.05_wd0.1_tiersNone,1002,add,0.05,0.1,final,out,73,0.0039034534047152018,56,0.005592953343028102
mamba,mamba_add_rho0.05_wd0.1_tiersNone,1002,add,0.05,0.1,final,out,74,0.004528729202744483,21,0.005592953343028102
mamba,mamba_add_rho0.05_wd0.3_tiersNone,1000,add,0.05,0.3,final,in,1,0.00740188454669186,33,0.004598532183880751
mamba,mamba_add_rho0.05_wd0.3_tiersNone,1000,add,0.05,0.3,final,in,2,0.0072521966506336735,38,0.004598532183880751
mamba,mamba_add_rho0.05_wd0.3_tiersNone,1000,add,0.05,0.3,final,in,3,0.025009659780613442,11,0.004598532183880751
mamba,mamba_add_rho0.05_wd0.3_tiersNone,1000,add,0.05,0.3,final,in,4,0.00679402985073483,48,0.004598532183880751
mamba,mamba_add_rho0.05_wd0.3_tiersNone,1000,add,0.05,0.3,final,in,5,0.008069811965562515,19,0.004598532183880751
mamba,mamba_add_rho0.05_wd0.3_tiersNone,1000,add,0.05,0.3,final,in,6,0.006619097680459534,57,0.004598532183880751
mamba,mamba_add_rho0.05_wd0.3_tiersNone,1000,add,0.05,0.3,final,in,7,0.00640609034012213,66,0.004598532183880751
mamba,mamba_add_rho0.05_wd0.3_tiersNone,1000,add,0.05,0.3,final,in,8,0.007787261211843925,26,0.004598532183880751
mamba,mamba_add_rho0.05_wd0.3_tiersNone,1000,add,0.05,0.3,final,in,9,0.007598173005230847,30,0.004598532183880751
mamba,mamba_add_rho0.05_wd0.3_tiersNone,1000,add,0.05,0.3,final,in,10,0.006741862770123774,53,0.004598532183880751
mamba,mamba_add_rho0.05_wd0.3_tiersNone,1000,add,0.05,0.3,final,in,11,0.007420759123611696,32,0.004598532183880751
mamba,mamba_add_rho0.05_wd0.3_tiersNone,1000,add,0.05,0.3,final,in,12,0.006907966162049284,46,0.004598532183880751
mamba,mamba_add_rho0.05_wd0.3_tiersNone,1000,add,0.05,0.3,final,in,13,0.006435084081289949,65,0.004598532183880751
mamba,mamba_add_rho0.05_wd0.3_tiersNone,1000,add,0.05,0.3,final,in,14,0.007884536553208626,25,0.004598532183880751
mamba,mamba_add_rho0.05_wd0.3_tiersNone,1000,add,0.05,0.3,final,in,15,0.0065856486176486895,58,0.004598532183880751
mamba,mamba_add_rho0.05_wd0.3_tiersNone,1000,add,0.05,0.3,final,in,16,0.005987372601173801,73,0.004598532183880751
mamba,mamba_add_rho0.05_wd0.3_tiersNone,1000,add,0.05,0.3,final,in,17,0.00798187084866082,21,0.004598532183880751
mamba,mamba_add_rho0.05_wd0.3_tiersNone,1000,add,0.05,0.3,final,in,18,0.008073963750300365,18,0.004598532183880751
mamba,mamba_add_rho0.05_wd0.3_tiersNone,1000,add,0.05,0.3,final,in,19,0.054798228580748315,4,0.004598532183880751
mamba,mamba_add_rho0.05_wd0.3_tiersNone,1000,add,0.05,0.3,final,in,20,0.007280639119512356,37,0.004598532183880751
mamba,mamba_add_rho0.05_wd0.3_tiersNone,1000,add,0.05,0.3,final,in,21,0.007017596724976583,42,0.004598532183880751
mamba,mamba_add_rho0.05_wd0.3_tiersNone,1000,add,0.05,0.3,final,in,22,0.006786567038059111,50,0.004598532183880751
mamba,mamba_add_rho0.05_wd0.3_tiersNone,1000,add,0.05,0.3,final,in,23,0.007095600865233291,41,0.004598532183880751
mamba,mamba_add_rho0.05_wd0.3_tiersNone,1000,add,0.05,0.3,final,in,24,0.006212530647754738,68,0.004598532183880751
mamba,mamba_add_rho0.05_wd0.3_tiersNone,1000,add,0.05,0.3,final,in,25,0.0065814693354936775,59,0.004598532183880751
mamba,mamba_add_rho0.05_wd0.3_tiersNone,1000,add,0.05,0.3,final,in,26,0.06046457460893872,1,0.004598532183880751
mamba,mamba_add_rho0.05_wd0.3_tiersNone,1000,add,0.05,0.3,final,in,27,0.006013718977187573,71,0.004598532183880751
mamba,mamba_add_rho0.05_wd0.3_tiersNone,1000,add,0.05,0.3,final,in,28,0.007294043175818761,35,0.004598532183880751
mamba,mamba_add_rho0.05_wd0.3_tiersNone,1000,add,0.05,0.3,final,in,29,0.007203340815754427,39,0.004598532183880751
mamba,mamba_add_rho0.05_wd0.3_tiersNone,1000,add,0.05,0.3,final,in,30,0.007003981438464099,43,0.004598532183880751
mamba,mamba_add_rho0.05_wd0.3_tiersNone,1000,add,0.05,0.3,final,in,31,0.006866444901166906,47,0.004598532183880751
mamba,mamba_add_rho0.05_wd0.3_tiersNone,1000,add,0.05,0.3,final,in,32,0.01171462637865264,13,0.004598532183880751
mamba,mamba_add_rho0.05_wd0.3_tiersNone,1000,add,0.05,0.3,final,in,33,0.005636652741758487,74,0.004598532183880751
mamba,mamba_add_rho0.05_wd0.3_tiersNone,1000,add,0.05,0.3,final,in,34,0.006628946131254381,56,0.004598532183880751
mamba,mamba_add_rho0.05_wd0.3_tiersNone,1000,add,0.05,0.3,final,in,35,0.009023970883151121,14,0.004598532183880751
mamba,mamba_add_rho0.05_wd0.3_tiersNone,1000,add,0.05,0.3,final,in,36,0.05157462928513316,6,0.004598532183880751
mamba,mamba_add_rho0.05_wd0.3_tiersNone,1000,add,0.05,0.3,final,in,37,0.007905898984940487,24,0.004598532183880751
mamba,mamba_add_rho0.05_wd0.3_tiersNone,1000,add,0.05,0.3,final,in,38,0.007955283302313012,22,0.004598532183880751
mamba,mamba_add_rho0.05_wd0.3_tiersNone,1000,add,0.05,0.3,final,in,39,0.0600792393789203,2,0.004598532183880751
mamba,mamba_add_rho0.05_wd0.3_tiersNone,1000,add,0.05,0.3,final,in,40,0.006746856870374728,52,0.004598532183880751
mamba,mamba_add_rho0.05_wd0.3_tiersNone,1000,add,0.05,0.3,final,in,41,0.007995690677990495,20,0.004598532183880751
mamba,mamba_add_rho0.05_wd0.3_tiersNone,1000,add,0.05,0.3,final,in,42,0.0066853603972037955,55,0.004598532183880751
mamba,mamba_add_rho0.05_wd0.3_tiersNone,1000,add,0.05,0.3,final,in,43,0.006444340709404711,64,0.004598532183880751
mamba,mamba_add_rho0.05_wd0.3_tiersNone,1000,add,0.05,0.3,final,in,44,0.007771649892149578,27,0.004598532183880751
mamba,mamba_add_rho0.05_wd0.3_tiersNone,1000,add,0.05,0.3,final,in,45,0.00617737372040304,69,0.004598532183880751
mamba,mamba_add_rho0.05_wd0.3_tiersNone,1000,add,0.05,0.3,final,in,46,0.04874375930242281,8,0.004598532183880751
mamba,mamba_add_rho0.05_wd0.3_tiersNone,1000,add,0.05,0.3,final,in,47,0.007556392199514758,31,0.004598532183880751
mamba,mamba_add_rho0.05_wd0.3_tiersNone,1000,add,0.05,0.3,final,in,48,0.006548460717834086,60,0.004598532183880751
mamba,mamba_add_rho0.05_wd0.3_tiersNone,1000,add,0.05,0.3,final,in,49,0.044164952907115494,9,0.004598532183880751
mamba,mamba_add_rho0.05_wd0.3_tiersNone,1000,add,0.05,0.3,final,in,50,0.008339266627818007,17,0.004598532183880751
mamba,mamba_add_rho0.05_wd0.3_tiersNone,1000,add,0.05,0.3,final,in,51,0.055324557727156304,3,0.004598532183880751
mamba,mamba_add_rho0.05_wd0.3_tiersNone,1000,add,0.05,0.3,final,in,52,0.006012745803276747,72,0.004598532183880751
mamba,mamba_add_rho0.05_wd0.3_tiersNone,1000,add,0.05,0.3,final,in,53,0.00652472576604821,61,0.004598532183880751
mamba,mamba_add_rho0.05_wd0.3_tiersNone,1000,add,0.05,0.3,final,in,54,0.006763970691037372,51,0.004598532183880751
mamba,mamba_add_rho0.05_wd0.3_tiersNone,1000,add,0.05,0.3,final,in,55,0.029076948892893313,10,0.004598532183880751
mamba,mamba_add_rho0.05_wd0.3_tiersNone,1000,add,0.05,0.3,final,in,56,0.007151825751547126,40,0.004598532183880751
mamba,mamba_add_rho0.05_wd0.3_tiersNone,1000,add,0.05,0.3,final,in,57,0.007938289405974323,23,0.004598532183880751
mamba,mamba_add_rho0.05_wd0.3_tiersNone,1000,add,0.05,0.3,final,in,58,0.006094441683445573,70,0.004598532183880751
mamba,mamba_add_rho0.05_wd0.3_tiersNone,1000,add,0.05,0.3,final,in,59,0.006911103457341999,45,0.004598532183880751
mamba,mamba_add_rho0.05_wd0.3_tiersNone,1000,add,0.05,0.3,final,in,60,0.007657030254197922,29,0.004598532183880751
mamba,mamba_add_rho0.05_wd0.3_tiersNone,1000,add,0.05,0.3,final,in,61,0.006689483443216039,54,0.004598532183880751
mamba,mamba_add_rho0.05_wd0.3_tiersNone,1000,add,0.05,0.3,final,in,62,0.0069595933065988635,44,0.004598532183880751
mamba,mamba_add_rho0.05_wd0.3_tiersNone,1000,add,0.05,0.3,final,in,63,0.00839304117326856,16,0.004598532183880751
mamba,mamba_add_rho0.05_wd0.3_tiersNone,1000,add,0.05,0.3,final,in,64,0.008645044293751592,15,0.004598532183880751
mamba,mamba_add_rho0.05_wd0.3_tiersNone,1000,add,0.05,0.3,final,in,65,0.00632450709115016,67,0.004598532183880751
mamba,mamba_add_rho0.05_wd0.3_tiersNone,1000,add,0.05,0.3,final,in,66,0.007292639860758077,36,0.004598532183880751
mamba,mamba_add_rho0.05_wd0.3_tiersNone,1000,add,0.05,0.3,final,in,67,0.00679329749294992,49,0.004598532183880751
mamba,mamba_add_rho0.05_wd0.3_tiersNone,1000,add,0.05,0.3,final,in,68,0.007297446094826838,34,0.004598532183880751
mamba,mamba_add_rho0.05_wd0.3_tiersNone,1000,add,0.05,0.3,final,in,69,0.02182355169620196,12,0.004598532183880751
mamba,mamba_add_rho0.05_wd0.3_tiersNone,1000,add,0.05,0.3,final,in,70,0.05310300762333416,5,0.004598532183880751
mamba,mamba_add_rho0.05_wd0.3_tiersNone,1000,add,0.05,0.3,final,in,71,0.00774504533042642,28,0.004598532183880751
mamba,mamba_add_rho0.05_wd0.3_tiersNone,1000,add,0.05,0.3,final,in,72,0.006453761301213415,63,0.004598532183880751
mamba,mamba_add_rho0.05_wd0.3_tiersNone,1000,add,0.05,0.3,final,in,73,0.05125885261642628,7,0.004598532183880751
mamba,mamba_add_rho0.05_wd0.3_tiersNone,1000,add,0.05,0.3,final,in,74,0.006495732365535596,62,0.004598532183880751
mamba,mamba_add_rho0.05_wd0.3_tiersNone,1000,add,0.05,0.3,final,out,1,0.0016947043905935107,65,0.002549480827157651
mamba,mamba_add_rho0.05_wd0.3_tiersNone,1000,add,0.05,0.3,final,out,2,0.002035671908156464,42,0.002549480827157651
mamba,mamba_add_rho0.05_wd0.3_tiersNone,1000,add,0.05,0.3,final,out,3,0.038017639387270694,10,0.002549480827157651
mamba,mamba_add_rho0.05_wd0.3_tiersNone,1000,add,0.05,0.3,final,out,4,0.001438004845161367,73,0.002549480827157651
mamba,mamba_add_rho0.05_wd0.3_tiersNone,1000,add,0.05,0.3,final,out,5,0.0024301420638845584,23,0.002549480827157651
mamba,mamba_add_rho0.05_wd0.3_tiersNone,1000,add,0.05,0.3,final,out,6,0.001564647937592842,71,0.002549480827157651
mamba,mamba_add_rho0.05_wd0.3_tiersNone,1000,add,0.05,0.3,final,out,7,0.00196078802898096,48,0.002549480827157651
mamba,mamba_add_rho0.05_wd0.3_tiersNone,1000,add,0.05,0.3,final,out,8,0.00223947529336444,30,0.002549480827157651
mamba,mamba_add_rho0.05_wd0.3_tiersNone,1000,add,0.05,0.3,final,out,9,0.0024755153536132686,20,0.002549480827157651
mamba,mamba_add_rho0.05_wd0.3_tiersNone,1000,add,0.05,0.3,final,out,10,0.002579724046192521,18,0.002549480827157651
mamba,mamba_add_rho0.05_wd0.3_tiersNone,1000,add,0.05,0.3,final,out,11,0.0025347232373982187,19,0.002549480827157651
mamba,mamba_add_rho0.05_wd0.3_tiersNone,1000,add,0.05,0.3,final,out,12,0.0022863939199731656,29,0.002549480827157651
mamba,mamba_add_rho0.05_wd0.3_tiersNone,1000,add,0.05,0.3,final,out,13,0.0017103852474099153,64,0.002549480827157651
mamba,mamba_add_rho0.05_wd0.3_tiersNone,1000,add,0.05,0.3,final,out,14,0.002390296311780174,24,0.002549480827157651
mamba,mamba_add_rho0.05_wd0.3_tiersNone,1000,add,0.05,0.3,final,out,15,0.0019379565616944089,49,0.002549480827157651
mamba,mamba_add_rho0.05_wd0.3_tiersNone,1000,add,0.05,0.3,final,out,16,0.0021785028204682885,34,0.002549480827157651
mamba,mamba_add_rho0.05_wd0.3_tiersNone,1000,add,0.05,0.3,final,out,17,0.0020439177407422546,41,0.002549480827157651
mamba,mamba_add_rho0.05_wd0.3_tiersNone,1000,add,0.05,0.3,final,out,18,0.0023679498082687244,26,0.002549480827157651
mamba,mamba_add_rho0.05_wd0.3_tiersNone,1000,add,0.05,0.3,final,out,19,0.08818931183751877,4,0.002549480827157651
mamba,mamba_add_rho0.05_wd0.3_tiersNone,1000,add,0.05,0.3,final,out,20,0.0022255511579314232,32,0.002549480827157651
mamba,mamba_add_rho0.05_wd0.3_tiersNone,1000,add,0.05,0.3,final,out,21,0.0018687694699632573,50,0.002549480827157651
mamba,mamba_add_rho0.05_wd0.3_tiersNone,1000,add,0.05,0.3,final,out,22,0.001793720409371378,59,0.002549480827157651
mamba,mamba_add_rho0.05_wd0.3_tiersNone,1000,add,0.05,0.3,final,out,23,0.0021204833263141314,37,0.002549480827157651
mamba,mamba_add_rho0.05_wd0.3_tiersNone,1000,add,0.05,0.3,final,out,24,0.0018571951156281406,52,0.002549480827157651
mamba,mamba_add_rho0.05_wd0.3_tiersNone,1000,add,0.05,0.3,final,out,25,0.0016507621669431477,67,0.002549480827157651
mamba,mamba_add_rho0.05_wd0.3_tiersNone,1000,add,0.05,0.3,final,out,26,0.1032645881426161,1,0.002549480827157651
mamba,mamba_add_rho0.05_wd0.3_tiersNone,1000,add,0.05,0.3,final,out,27,0.001643022111613579,68,0.002549480827157651
mamba,mamba_add_rho0.05_wd0.3_tiersNone,1000,add,0.05,0.3,final,out,28,0.001819100009140336,57,0.002549480827157651
mamba,mamba_add_rho0.05_wd0.3_tiersNone,1000,add,0.05,0.3,final,out,29,0.002368076000865594,25,0.002549480827157651
mamba,mamba_add_rho0.05_wd0.3_tiersNone,1000,add,0.05,0.3,final,out,30,0.0018037682825455964,58,0.002549480827157651
mamba,mamba_add_rho0.05_wd0.3_tiersNone,1000,add,0.05,0.3,final,out,31,0.0021776029682749336,35,0.002549480827157651
mamba,mamba_add_rho0.05_wd0.3_tiersNone,1000,add,0.05,0.3,final,out,32,0.00829136792386893,13,0.002549480827157651
mamba,mamba_add_rho0.05_wd0.3_tiersNone,1000,add,0.05,0.3,final,out,33,0.0017647737858544025,63,0.002549480827157651
mamba,mamba_add_rho0.05_wd0.3_tiersNone,1000,add,0.05,0.3,final,out,34,0.0020682091062537594,39,0.002549480827157651
mamba,mamba_add_rho0.05_wd0.3_tiersNone,1000,add,0.05,0.3,final,out,35,0.0024552305444916155,21,0.002549480827157651
mamba,mamba_add_rho0.05_wd0.3_tiersNone,1000,add,0.05,0.3,final,out,36,0.07818581691473094,8,0.002549480827157651
mamba,mamba_add_rho0.05_wd0.3_tiersNone,1000,add,0.05,0.3,final,out,37,0.0026984277326711566,16,0.002549480827157651
mamba,mamba_add_rho0.05_wd0.3_tiersNone,1000,add,0.05,0.3,final,out,38,0.001766315553451401,62,0.002549480827157651
mamba,mamba_add_rho0.05_wd0.3_tiersNone,1000,add,0.05,0.3,final,out,39,0.09634171785582563,2,0.002549480827157651
mamba,mamba_add_rho0.05_wd0.3_tiersNone,1000,add,0.05,0.3,final,out,40,0.002598491886104923,17,0.002549480827157651
mamba,mamba_add_rho0.05_wd0.3_tiersNone,1000,add,0.05,0.3,final,out,41,0.002014704669671552,44,0.002549480827157651
mamba,mamba_add_rho0.05_wd0.3_tiersNone,1000,add,0.05,0.3,final,out,42,0.0018364374912549681,56,0.002549480827157651
mamba,mamba_add_rho0.05_wd0.3_tiersNone,1000,add,0.05,0.3,final,out,43,0.002100477777113348,38,0.002549480827157651
mamba,mamba_add_rho0.05_wd0.3_tiersNone,1000,add,0.05,0.3,final,out,44,0.0021830135013018773,33,0.002549480827157651
mamba,mamba_add_rho0.05_wd0.3_tiersNone,1000,add,0.05,0.3,final,out,45,0.001858773132230804,51,0.002549480827157651
mamba,mamba_add_rho0.05_wd0.3_tiersNone,1000,add,0.05,0.3,final,out,46,0.0835496532346835,6,0.002549480827157651
mamba,mamba_add_rho0.05_wd0.3_tiersNone,1000,add,0.05,0.3,final,out,47,0.002445598985741065,22,0.002549480827157651
mamba,mamba_add_rho0.05_wd0.3_tiersNone,1000,add,0.05,0.3,final,out,48,0.0017891241425668114,60,0.002549480827157651
mamba,mamba_add_rho0.05_wd0.3_tiersNone,1000,add,0.05,0.3,final,out,49,0.06938626469965442,9,0.002549480827157651
mamba,mamba_add_rho0.05_wd0.3_tiersNone,1000,add,0.05,0.3,final,out,50,0.0023607914522668395,27,0.002549480827157651
mamba,mamba_add_rho0.05_wd0.3_tiersNone,1000,add,0.05,0.3,final,out,51,0.08465689326662303,5,0.002549480827157651
mamba,mamba_add_rho0.05_wd0.3_tiersNone,1000,add,0.05,0.3,final,out,52,0.0014127210689431715,74,0.002549480827157651
mamba,mamba_add_rho0.05_wd0.3_tiersNone,1000,add,0.05,0.3,final,out,53,0.0018552990921248769,53,0.002549480827157651
mamba,mamba_add_rho0.05_wd0.3_tiersNone,1000,add,0.05,0.3,final,out,54,0.0019626894198361547,47,0.002549480827157651
mamba,mamba_add_rho0.05_wd0.3_tiersNone,1000,add,0.05,0.3,final,out,55,0.03446844386089445,11,0.002549480827157651
mamba,mamba_add_rho0.05_wd0.3_tiersNone,1000,add,0.05,0.3,final,out,56,0.002308876969134005,28,0.002549480827157651
mamba,mamba_add_rho0.05_wd0.3_tiersNone,1000,add,0.05,0.3,final,out,57,0.002228820697331199,31,0.002549480827157651
mamba,mamba_add_rho0.05_wd0.3_tiersNone,1000,add,0.05,0.3,final,out,58,0.0019748239665492153,46,0.002549480827157651
mamba,mamba_add_rho0.05_wd0.3_tiersNone,1000,add,0.05,0.3,final,out,59,0.0016617065797938783,66,0.002549480827157651
mamba,mamba_add_rho0.05_wd0.3_tiersNone,1000,add,0.05,0.3,final,out,60,0.0032779147912967714,15,0.002549480827157651
mamba,mamba_add_rho0.05_wd0.3_tiersNone,1000,add,0.05,0.3,final,out,61,0.0015213632740431712,72,0.002549480827157651
mamba,mamba_add_rho0.05_wd0.3_tiersNone,1000,add,0.05,0.3,final,out,62,0.002156661004971704,36,0.002549480827157651
mamba,mamba_add_rho0.05_wd0.3_tiersNone,1000,add,0.05,0.3,final,out,63,0.001567406211846401,70,0.002549480827157651
mamba,mamba_add_rho0.05_wd0.3_tiersNone,1000,add,0.05,0.3,final,out,64,0.00541112487857061,14,0.002549480827157651
mamba,mamba_add_rho0.05_wd0.3_tiersNone,1000,add,0.05,0.3,final,out,65,0.0018516255727942866,54,0.002549480827157651
mamba,mamba_add_rho0.05_wd0.3_tiersNone,1000,add,0.05,0.3,final,out,66,0.0016229846614614217,69,0.002549480827157651
mamba,mamba_add_rho0.05_wd0.3_tiersNone,1000,add,0.05,0.3,final,out,67,0.001981889553282279,45,0.002549480827157651
mamba,mamba_add_rho0.05_wd0.3_tiersNone,1000,add,0.05,0.3,final,out,68,0.0018396373975407669,55,0.002549480827157651
mamba,mamba_add_rho0.05_wd0.3_tiersNone,1000,add,0.05,0.3,final,out,69,0.020466656668392726,12,0.002549480827157651
mamba,mamba_add_rho0.05_wd0.3_tiersNone,1000,add,0.05,0.3,final,out,70,0.08853676181715497,3,0.002549480827157651
mamba,mamba_add_rho0.05_wd0.3_tiersNone,1000,add,0.05,0.3,final,out,71,0.002021826362309293,43,0.002549480827157651
mamba,mamba_add_rho0.05_wd0.3_tiersNone,1000,add,0.05,0.3,final,out,72,0.00204592541572639,40,0.002549480827157651
mamba,mamba_add_rho0.05_wd0.3_tiersNone,1000,add,0.05,0.3,final,out,73,0.07903097256234115,7,0.002549480827157651
mamba,mamba_add_rho0.05_wd0.3_tiersNone,1000,add,0.05,0.3,final,out,74,0.0017733946160279892,61,0.002549480827157651
mamba,mamba_add_rho0.05_wd0.3_tiersNone,1001,add,0.05,0.3,final,in,1,0.0067982189835354605,41,0.001602362039760061
mamba,mamba_add_rho0.05_wd0.3_tiersNone,1001,add,0.05,0.3,final,in,2,0.006257169223324887,57,0.001602362039760061
mamba,mamba_add_rho0.05_wd0.3_tiersNone,1001,add,0.05,0.3,final,in,3,0.006980579731866696,33,0.001602362039760061
mamba,mamba_add_rho0.05_wd0.3_tiersNone,1001,add,0.05,0.3,final,in,4,0.0062446861544339875,60,0.001602362039760061
mamba,mamba_add_rho0.05_wd0.3_tiersNone,1001,add,0.05,0.3,final,in,5,0.041972788255938205,9,0.001602362039760061
mamba,mamba_add_rho0.05_wd0.3_tiersNone,1001,add,0.05,0.3,final,in,6,0.006852724757719353,38,0.001602362039760061
mamba,mamba_add_rho0.05_wd0.3_tiersNone,1001,add,0.05,0.3,final,in,7,0.006742115918143104,43,0.001602362039760061
mamba,mamba_add_rho0.05_wd0.3_tiersNone,1001,add,0.05,0.3,final,in,8,0.007776220660492526,19,0.001602362039760061
mamba,mamba_add_rho0.05_wd0.3_tiersNone,1001,add,0.05,0.3,final,in,9,0.006627342195703222,47,0.001602362039760061
mamba,mamba_add_rho0.05_wd0.3_tiersNone,1001,add,0.05,0.3,final,in,10,0.006147832436074152,63,0.001602362039760061
mamba,mamba_add_rho0.05_wd0.3_tiersNone,1001,add,0.05,0.3,final,in,11,0.054017148542217855,3,0.001602362039760061
mamba,mamba_add_rho0.05_wd0.3_tiersNone,1001,add,0.05,0.3,final,in,12,0.007354205521502916,24,0.001602362039760061
mamba,mamba_add_rho0.05_wd0.3_tiersNone,1001,add,0.05,0.3,final,in,13,0.019663582243333293,14,0.001602362039760061
mamba,mamba_add_rho0.05_wd0.3_tiersNone,1001,add,0.05,0.3,final,in,14,0.02850754593467093,11,0.001602362039760061
mamba,mamba_add_rho0.05_wd0.3_tiersNone,1001,add,0.05,0.3,final,in,15,0.0063876037464349915,52,0.001602362039760061
mamba,mamba_add_rho0.05_wd0.3_tiersNone,1001,add,0.05,0.3,final,in,16,0.005061423189248028,73,0.001602362039760061
mamba,mamba_add_rho0.05_wd0.3_tiersNone,1001,add,0.05,0.3,final,in,17,0.006827895096588017,40,0.001602362039760061
mamba,mamba_add_rho0.05_wd0.3_tiersNone,1001,add,0.05,0.3,final,in,18,0.0062481565586240935,59,0.001602362039760061
mamba,mamba_add_rho0.05_wd0.3_tiersNone,1001,add,0.05,0.3,final,in,19,0.005303027699070624,71,0.001602362039760061
mamba,mamba_add_rho0.05_wd0.3_tiersNone,1001,add,0.05,0.3,final,in,20,0.007022417908115185,32,0.001602362039760061
mamba,mamba_add_rho0.05_wd0.3_tiersNone,1001,add,0.05,0.3,final,in,21,0.05451561250629823,2,0.001602362039760061
mamba,mamba_add_rho0.05_wd0.3_tiersNone,1001,add,0.05,0.3,final,in,22,0.0074120267488993145,21,0.001602362039760061
mamba,mamba_add_rho0.05_wd0.3_tiersNone,1001,add,0.05,0.3,final,in,23,0.008618384514592752,16,0.001602362039760061
mamba,mamba_add_rho0.05_wd0.3_tiersNone,1001,add,0.05,0.3,final,in,24,0.006075203883045954,64,0.001602362039760061
mamba,mamba_add_rho0.05_wd0.3_tiersNone,1001,add,0.05,0.3,final,in,25,0.00535498356574348,70,0.001602362039760061
mamba,mamba_add_rho0.05_wd0.3_tiersNone,1001,add,0.05,0.3,final,in,26,0.006921880527685895,36,0.001602362039760061
mamba,mamba_add_rho0.05_wd0.3_tiersNone,1001,add,0.05,0.3,final,in,27,0.006629048172380289,46,0.001602362039760061
mamba,mamba_add_rho0.05_wd0.3_tiersNone,1001,add,0.05,0.3,final,in,28,0.00739867759792028,22,0.001602362039760061
mamba,mamba_add_rho0.05_wd0.3_tiersNone,1001,add,0.05,0.3,final,in,29,0.006449527100235203,51,0.001602362039760061
mamba,mamba_add_rho0.05_wd0.3_tiersNone,1001,add,0.05,0.3,final,in,30,0.02340379195312558,13,0.001602362039760061
mamba,mamba_add_rho0.05_wd0.3_tiersNone,1001,add,0.05,0.3,final,in,31,0.006643574663977623,45,0.001602362039760061
mamba,mamba_add_rho0.05_wd0.3_tiersNone,1001,add,0.05,0.3,final,in,32,0.006870137723378559,37,0.001602362039760061
mamba,mamba_add_rho0.05_wd0.3_tiersNone,1001,add,0.05,0.3,final,in,33,0.006554682105292857,50,0.001602362039760061
mamba,mamba_add_rho0.05_wd0.3_tiersNone,1001,add,0.05,0.3,final,in,34,0.00579264579861312,69,0.001602362039760061
mamba,mamba_add_rho0.05_wd0.3_tiersNone,1001,add,0.05,0.3,final,in,35,0.004604202132131133,74,0.001602362039760061
mamba,mamba_add_rho0.05_wd0.3_tiersNone,1001,add,0.05,0.3,final,in,36,0.006596591127584335,48,0.001602362039760061
mamba,mamba_add_rho0.05_wd0.3_tiersNone,1001,add,0.05,0.3,final,in,37,0.007198971166859398,28,0.001602362039760061
mamba,mamba_add_rho0.05_wd0.3_tiersNone,1001,add,0.05,0.3,final,in,38,0.01698946803243573,15,0.001602362039760061
mamba,mamba_add_rho0.05_wd0.3_tiersNone,1001,add,0.05,0.3,final,in,39,0.006227181417041567,61,0.001602362039760061
mamba,mamba_add_rho0.05_wd0.3_tiersNone,1001,add,0.05,0.3,final,in,40,0.006249279188286197,58,0.001602362039760061
mamba,mamba_add_rho0.05_wd0.3_tiersNone,1001,add,0.05,0.3,final,in,41,0.0070427921722176785,31,0.001602362039760061
mamba,mamba_add_rho0.05_wd0.3_tiersNone,1001,add,0.05,0.3,final,in,42,0.008145554892871795,18,0.001602362039760061
mamba,mamba_add_rho0.05_wd0.3_tiersNone,1001,add,0.05,0.3,final,in,43,0.00732863384746961,25,0.001602362039760061
mamba,mamba_add_rho0.05_wd0.3_tiersNone,1001,add,0.05,0.3,final,in,44,0.05026260331694467,6,0.001602362039760061
mamba,mamba_add_rho0.05_wd0.3_tiersNone,1001,add,0.05,0.3,final,in,45,0.007099912496421163,30,0.001602362039760061
mamba,mamba_add_rho0.05_wd0.3_tiersNone,1001,add,0.05,0.3,final,in,46,0.052658110286517,5,0.001602362039760061
mamba,mamba_add_rho0.05_wd0.3_tiersNone,1001,add,0.05,0.3,final,in,47,0.006560925118375597,49,0.001602362039760061
mamba,mamba_add_rho0.05_wd0.3_tiersNone,1001,add,0.05,0.3,final,in,48,0.006838259490783018,39,0.001602362039760061
mamba,mamba_add_rho0.05_wd0.3_tiersNone,1001,add,0.05,0.3,final,in,49,0.006322453050155751,55,0.001602362039760061
mamba,mamba_add_rho0.05_wd0.3_tiersNone,1001,add,0.05,0.3,final,in,50,0.05316688180990107,4,0.001602362039760061
mamba,mamba_add_rho0.05_wd0.3_tiersNone,1001,add,0.05,0.3,final,in,51,0.027983393377700477,12,0.001602362039760061
mamba,mamba_add_rho0.05_wd0.3_tiersNone,1001,add,0.05,0.3,final,in,52,0.007282226235927645,26,0.001602362039760061
mamba,mamba_add_rho0.05_wd0.3_tiersNone,1001,add,0.05,0.3,final,in,53,0.006962488402442756,34,0.001602362039760061
mamba,mamba_add_rho0.05_wd0.3_tiersNone,1001,add,0.05,0.3,final,in,54,0.007127090013813816,29,0.001602362039760061
mamba,mamba_add_rho0.05_wd0.3_tiersNone,1001,add,0.05,0.3,final,in,55,0.005975327290475266,67,0.001602362039760061
mamba,mamba_add_rho0.05_wd0.3_tiersNone,1001,add,0.05,0.3,final,in,56,0.006933717525198336,35,0.001602362039760061
mamba,mamba_add_rho0.05_wd0.3_tiersNone,1001,add,0.05,0.3,final,in,57,0.006328802619700393,54,0.001602362039760061
mamba,mamba_add_rho0.05_wd0.3_tiersNone,1001,add,0.05,0.3,final,in,58,0.007203827459935006,27,0.001602362039760061
mamba,mamba_add_rho0.05_wd0.3_tiersNone,1001,add,0.05,0.3,final,in,59,0.005799880814073349,68,0.001602362039760061
mamba,mamba_add_rho0.05_wd0.3_tiersNone,1001,add,0.05,0.3,final,in,60,0.005272159525051862,72,0.001602362039760061
mamba,mamba_add_rho0.05_wd0.3_tiersNone,1001,add,0.05,0.3,final,in,61,0.006776957097163112,42,0.001602362039760061
mamba,mamba_add_rho0.05_wd0.3_tiersNone,1001,add,0.05,0.3,final,in,62,0.0073802054505398,23,0.001602362039760061
mamba,mamba_add_rho0.05_wd0.3_tiersNone,1001,add,0.05,0.3,final,in,63,0.005997221638667236,66,0.001602362039760061
mamba,mamba_add_rho0.05_wd0.3_tiersNone,1001,add,0.05,0.3,final,in,64,0.03480122909679716,10,0.001602362039760061
mamba,mamba_add_rho0.05_wd0.3_tiersNone,1001,add,0.05,0.3,final,in,65,0.04312024310299129,7,0.001602362039760061
mamba,mamba_add_rho0.05_wd0.3_tiersNone,1001,add,0.05,0.3,final,in,66,0.007646536451825931,20,0.001602362039760061
mamba,mamba_add_rho0.05_wd0.3_tiersNone,1001,add,0.05,0.3,final,in,67,0.0062934402087967325,56,0.001602362039760061
mamba,mamba_add_rho0.05_wd0.3_tiersNone,1001,add,0.05,0.3,final,in,68,0.06377677408420714,1,0.001602362039760061
mamba,mamba_add_rho0.05_wd0.3_tiersNone,1001,add,0.05,0.3,final,in,69,0.042820771429240595,8,0.001602362039760061
mamba,mamba_add_rho0.05_wd0.3_tiersNone,1001,add,0.05,0.3,final,in,70,0.006029753687262502,65,0.001602362039760061
mamba,mamba_add_rho0.05_wd0.3_tiersNone,1001,add,0.05,0.3,final,in,71,0.0061813199790540325,62,0.001602362039760061
mamba,mamba_add_rho0.05_wd0.3_tiersNone,1001,add,0.05,0.3,final,in,72,0.00851127090259898,17,0.001602362039760061
mamba,mamba_add_rho0.05_wd0.3_tiersNone,1001,add,0.05,0.3,final,in,73,0.00637724742658374,53,0.001602362039760061
mamba,mamba_add_rho0.05_wd0.3_tiersNone,1001,add,0.05,0.3,final,in,74,0.006693435015730676,44,0.001602362039760061
mamba,mamba_add_rho0.05_wd0.3_tiersNone,1001,add,0.05,0.3,final,out,1,0.0019506107378923052,48,0.005131950534225157
mamba,mamba_add_rho0.05_wd0.3_tiersNone,1001,add,0.05,0.3,final,out,2,0.002291498962317805,26,0.005131950534225157
mamba,mamba_add_rho0.05_wd0.3_tiersNone,1001,add,0.05,0.3,final,out,3,0.0020303128530092893,41,0.005131950534225157
mamba,mamba_add_rho0.05_wd0.3_tiersNone,1001,add,0.05,0.3,final,out,4,0.0018005164561482549,64,0.005131950534225157
mamba,mamba_add_rho0.05_wd0.3_tiersNone,1001,add,0.05,0.3,final,out,5,0.06398640773644922,8,0.005131950534225157
mamba,mamba_add_rho0.05_wd0.3_tiersNone,1001,add,0.05,0.3,final,out,6,0.0016702717677191212,71,0.005131950534225157
mamba,mamba_add_rho0.05_wd0.3_tiersNone,1001,add,0.05,0.3,final,out,7,0.002448096692773415,21,0.005131950534225157
mamba,mamba_add_rho0.05_wd0.3_tiersNone,1001,add,0.05,0.3,final,out,8,0.002190972424535389,29,0.005131950534225157
mamba,mamba_add_rho0.05_wd0.3_tiersNone,1001,add,0.05,0.3,final,out,9,0.0019469533151688673,49,0.005131950534225157
mamba,mamba_add_rho0.05_wd0.3_tiersNone,1001,add,0.05,0.3,final,out,10,0.0018957065479810488,53,0.005131950534225157
mamba,mamba_add_rho0.05_wd0.3_tiersNone,1001,add,0.05,0.3,final,out,11,0.0806088885376798,4,0.005131950534225157
mamba,mamba_add_rho0.05_wd0.3_tiersNone,1001,add,0.05,0.3,final,out,12,0.002049946730835927,39,0.005131950534225157
mamba,mamba_add_rho0.05_wd0.3_tiersNone,1001,add,0.05,0.3,final,out,13,0.017210416178763628,14,0.005131950534225157
mamba,mamba_add_rho0.05_wd0.3_tiersNone,1001,add,0.05,0.3,final,out,14,0.03322784540225505,12,0.005131950534225157
mamba,mamba_add_rho0.05_wd0.3_tiersNone,1001,add,0.05,0.3,final,out,15,0.0020576928395469618,38,0.005131950534225157
mamba,mamba_add_rho0.05_wd0.3_tiersNone,1001,add,0.05,0.3,final,out,16,0.0014542926608566945,74,0.005131950534225157
mamba,mamba_add_rho0.05_wd0.3_tiersNone,1001,add,0.05,0.3,final,out,17,0.0018777111677612255,56,0.005131950534225157
mamba,mamba_add_rho0.05_wd0.3_tiersNone,1001,add,0.05,0.3,final,out,18,0.0015548102369365544,73,0.005131950534225157
mamba,mamba_add_rho0.05_wd0.3_tiersNone,1001,add,0.05,0.3,final,out,19,0.0019063399014189826,51,0.005131950534225157
mamba,mamba_add_rho0.05_wd0.3_tiersNone,1001,add,0.05,0.3,final,out,20,0.0018302998282167227,60,0.005131950534225157
mamba,mamba_add_rho0.05_wd0.3_tiersNone,1001,add,0.05,0.3,final,out,21,0.08225497416464793,3,0.005131950534225157
mamba,mamba_add_rho0.05_wd0.3_tiersNone,1001,add,0.05,0.3,final,out,22,0.002289947282252909,27,0.005131950534225157
mamba,mamba_add_rho0.05_wd0.3_tiersNone,1001,add,0.05,0.3,final,out,23,0.004266048106854511,16,0.005131950534225157
mamba,mamba_add_rho0.05_wd0.3_tiersNone,1001,add,0.05,0.3,final,out,24,0.0019238069059356782,50,0.005131950534225157
mamba,mamba_add_rho0.05_wd0.3_tiersNone,1001,add,0.05,0.3,final,out,25,0.0019825525350978942,44,0.005131950534225157
mamba,mamba_add_rho0.05_wd0.3_tiersNone,1001,add,0.05,0.3,final,out,26,0.0022110392564845213,28,0.005131950534225157
mamba,mamba_add_rho0.05_wd0.3_tiersNone,1001,add,0.05,0.3,final,out,27,0.0016794280553287322,69,0.005131950534225157
mamba,mamba_add_rho0.05_wd0.3_tiersNone,1001,add,0.05,0.3,final,out,28,0.002425584561126015,22,0.005131950534225157
mamba,mamba_add_rho0.05_wd0.3_tiersNone,1001,add,0.05,0.3,final,out,29,0.002033067408609169,40,0.005131950534225157
mamba,mamba_add_rho0.05_wd0.3_tiersNone,1001,add,0.05,0.3,final,out,30,0.033914645909804766,11,0.005131950534225157
mamba,mamba_add_rho0.05_wd0.3_tiersNone,1001,add,0.05,0.3,final,out,31,0.0019931985206142716,43,0.005131950534225157
mamba,mamba_add_rho0.05_wd0.3_tiersNone,1001,add,0.05,0.3,final,out,32,0.002709272052302835,19,0.005131950534225157
mamba,mamba_add_rho0.05_wd0.3_tiersNone,1001,add,0.05,0.3,final,out,33,0.002171105122921006,31,0.005131950534225157
mamba,mamba_add_rho0.05_wd0.3_tiersNone,1001,add,0.05,0.3,final,out,34,0.001898676419137566,52,0.005131950534225157
mamba,mamba_add_rho0.05_wd0.3_tiersNone,1001,add,0.05,0.3,final,out,35,0.0016763009077113145,70,0.005131950534225157
mamba,mamba_add_rho0.05_wd0.3_tiersNone,1001,add,0.05,0.3,final,out,36,0.001872526760653984,57,0.005131950534225157
mamba,mamba_add_rho0.05_wd0.3_tiersNone,1001,add,0.05,0.3,final,out,37,0.001741549679931991,68,0.005131950534225157
mamba,mamba_add_rho0.05_wd0.3_tiersNone,1001,add,0.05,0.3,final,out,38,0.01624724865306078,15,0.005131950534225157
mamba,mamba_add_rho0.05_wd0.3_tiersNone,1001,add,0.05,0.3,final,out,39,0.0020193542436481872,42,0.005131950534225157
mamba,mamba_add_rho0.05_wd0.3_tiersNone,1001,add,0.05,0.3,final,out,40,0.0021294133287087804,32,0.005131950534225157
mamba,mamba_add_rho0.05_wd0.3_tiersNone,1001,add,0.05,0.3,final,out,41,0.0017657027265695002,66,0.005131950534225157
mamba,mamba_add_rho0.05_wd0.3_tiersNone,1001,add,0.05,0.3,final,out,42,0.002307935142026996,25,0.005131950534225157
mamba,mamba_add_rho0.05_wd0.3_tiersNone,1001,add,0.05,0.3,final,out,43,0.0018396824592132866,59,0.005131950534225157
mamba,mamba_add_rho0.05_wd0.3_tiersNone,1001,add,0.05,0.3,final,out,44,0.07944170467308356,6,0.005131950534225157
mamba,mamba_add_rho0.05_wd0.3_tiersNone,1001,add,0.05,0.3,final,out,45,0.0021768655824591135,30,0.005131950534225157
mamba,mamba_add_rho0.05_wd0.3_tiersNone,1001,add,0.05,0.3,final,out,46,0.08279293303436962,2,0.005131950534225157
mamba,mamba_add_rho0.05_wd0.3_tiersNone,1001,add,0.05,0.3,final,out,47,0.002104714429199015,36,0.005131950534225157
mamba,mamba_add_rho0.05_wd0.3_tiersNone,1001,add,0.05,0.3,final,out,48,0.001801364377172975,63,0.005131950534225157
mamba,mamba_add_rho0.05_wd0.3_tiersNone,1001,add,0.05,0.3,final,out,49,0.0018206889282251122,61,0.005131950534225157
mamba,mamba_add_rho0.05_wd0.3_tiersNone,1001,add,0.05,0.3,final,out,50,0.08045526480473494,5,0.005131950534225157
mamba,mamba_add_rho0.05_wd0.3_tiersNone,1001,add,0.05,0.3,final,out,51,0.028568548030536947,13,0.005131950534225157
mamba,mamba_add_rho0.05_wd0.3_tiersNone,1001,add,0.05,0.3,final,out,52,0.0025668635707660997,20,0.005131950534225157
mamba,mamba_add_rho0.05_wd0.3_tiersNone,1001,add,0.05,0.3,final,out,53,0.0018415980597153094,58,0.005131950534225157
mamba,mamba_add_rho0.05_wd0.3_tiersNone,1001,add,0.05,0.3,final,out,54,0.0034006021679467238,17,0.005131950534225157
mamba,mamba_add_rho0.05_wd0.3_tiersNone,1001,add,0.05,0.3,final,out,55,0.0018899887581820222,54,0.005131950534225157
mamba,mamba_add_rho0.05_wd0.3_tiersNone,1001,add,0.05,0.3,final,out,56,0.002120817520887476,33,0.005131950534225157
mamba,mamba_add_rho0.05_wd0.3_tiersNone,1001,add,0.05,0.3,final,out,57,0.0015917974693166865,72,0.005131950534225157
mamba,mamba_add_rho0.05_wd0.3_tiersNone,1001,add,0.05,0.3,final,out,58,0.002360528861536719,23,0.005131950534225157
mamba,mamba_add_rho0.05_wd0.3_tiersNone,1001,add,0.05,0.3,final,out,59,0.0019651226996274555,46,0.005131950534225157
mamba,mamba_add_rho0.05_wd0.3_tiersNone,1001,add,0.05,0.3,final,out,60,0.00211851054688525,34,0.005131950534225157
mamba,mamba_add_rho0.05_wd0.3_tiersNone,1001,add,0.05,0.3,final,out,61,0.0017706040303334968,65,0.005131950534225157
mamba,mamba_add_rho0.05_wd0.3_tiersNone,1001,add,0.05,0.3,final,out,62,0.0023522523144910257,24,0.005131950534225157
mamba,mamba_add_rho0.05_wd0.3_tiersNone,1001,add,0.05,0.3,final,out,63,0.002071642080281723,37,0.005131950534225157
mamba,mamba_add_rho0.05_wd0.3_tiersNone,1001,add,0.05,0.3,final,out,64,0.048679295455411754,10,0.005131950534225157
mamba,mamba_add_rho0.05_wd0.3_tiersNone,1001,add,0.05,0.3,final,out,65,0.06811588343683642,7,0.005131950534225157
mamba,mamba_add_rho0.05_wd0.3_tiersNone,1001,add,0.05,0.3,final,out,66,0.002823295575175346,18,0.005131950534225157
mamba,mamba_add_rho0.05_wd0.3_tiersNone,1001,add,0.05,0.3,final,out,67,0.0017535422812006145,67,0.005131950534225157
mamba,mamba_add_rho0.05_wd0.3_tiersNone,1001,add,0.05,0.3,final,out,68,0.1003380646766034,1,0.005131950534225157
mamba,mamba_add_rho0.05_wd0.3_tiersNone,1001,add,0.05,0.3,final,out,69,0.062009272632437926,9,0.005131950534225157
mamba,mamba_add_rho0.05_wd0.3_tiersNone,1001,add,0.05,0.3,final,out,70,0.0018899822285646237,55,0.005131950534225157
mamba,mamba_add_rho0.05_wd0.3_tiersNone,1001,add,0.05,0.3,final,out,71,0.0019574933135390864,47,0.005131950534225157
mamba,mamba_add_rho0.05_wd0.3_tiersNone,1001,add,0.05,0.3,final,out,72,0.002108461220118379,35,0.005131950534225157
mamba,mamba_add_rho0.05_wd0.3_tiersNone,1001,add,0.05,0.3,final,out,73,0.001802868909792241,62,0.005131950534225157
mamba,mamba_add_rho0.05_wd0.3_tiersNone,1001,add,0.05,0.3,final,out,74,0.0019667771496600654,45,0.005131950534225157
mamba,mamba_add_rho0.05_wd0.3_tiersNone,1002,add,0.05,0.3,final,in,1,0.008593631094169742,19,0.0038397799372841563
mamba,mamba_add_rho0.05_wd0.3_tiersNone,1002,add,0.05,0.3,final,in,2,0.005819158454987077,67,0.0038397799372841563
mamba,mamba_add_rho0.05_wd0.3_tiersNone,1002,add,0.05,0.3,final,in,3,0.009461379382216964,12,0.0038397799372841563
mamba,mamba_add_rho0.05_wd0.3_tiersNone,1002,add,0.05,0.3,final,in,4,0.005691649568805249,70,0.0038397799372841563
mamba,mamba_add_rho0.05_wd0.3_tiersNone,1002,add,0.05,0.3,final,in,5,0.010107338147118847,8,0.0038397799372841563
mamba,mamba_add_rho0.05_wd0.3_tiersNone,1002,add,0.05,0.3,final,in,6,0.007571423732155642,32,0.0038397799372841563
mamba,mamba_add_rho0.05_wd0.3_tiersNone,1002,add,0.05,0.3,final,in,7,0.008018563843259798,27,0.0038397799372841563
mamba,mamba_add_rho0.05_wd0.3_tiersNone,1002,add,0.05,0.3,final,in,8,0.09473629750529985,1,0.0038397799372841563
mamba,mamba_add_rho0.05_wd0.3_tiersNone,1002,add,0.05,0.3,final,in,9,0.00619414090227828,62,0.0038397799372841563
mamba,mamba_add_rho0.05_wd0.3_tiersNone,1002,add,0.05,0.3,final,in,10,0.008241445041400012,24,0.0038397799372841563
mamba,mamba_add_rho0.05_wd0.3_tiersNone,1002,add,0.05,0.3,final,in,11,0.0062545377027811355,61,0.0038397799372841563
mamba,mamba_add_rho0.05_wd0.3_tiersNone,1002,add,0.05,0.3,final,in,12,0.06382907618688219,6,0.0038397799372841563
mamba,mamba_add_rho0.05_wd0.3_tiersNone,1002,add,0.05,0.3,final,in,13,0.00929194317495923,13,0.0038397799372841563
mamba,mamba_add_rho0.05_wd0.3_tiersNone,1002,add,0.05,0.3,final,in,14,0.005799734427869251,68,0.0038397799372841563
mamba,mamba_add_rho0.05_wd0.3_tiersNone,1002,add,0.05,0.3,final,in,15,0.006472501574862723,57,0.0038397799372841563
mamba,mamba_add_rho0.05_wd0.3_tiersNone,1002,add,0.05,0.3,final,in,16,0.009643675033493592,10,0.0038397799372841563
mamba,mamba_add_rho0.05_wd0.3_tiersNone,1002,add,0.05,0.3,final,in,17,0.006540272578255916,55,0.0038397799372841563
mamba,mamba_add_rho0.05_wd0.3_tiersNone,1002,add,0.05,0.3,final,in,18,0.008784509184805242,16,0.0038397799372841563
mamba,mamba_add_rho0.05_wd0.3_tiersNone,1002,add,0.05,0.3,final,in,19,0.007627004151614082,31,0.0038397799372841563
mamba,mamba_add_rho0.05_wd0.3_tiersNone,1002,add,0.05,0.3,final,in,20,0.0061039409876305776,63,0.0038397799372841563
mamba,mamba_add_rho0.05_wd0.3_tiersNone,1002,add,0.05,0.3,final,in,21,0.0064176247875357365,58,0.0038397799372841563
mamba,mamba_add_rho0.05_wd0.3_tiersNone,1002,add,0.05,0.3,final,in,22,0.007134442116612565,41,0.0038397799372841563
mamba,mamba_add_rho0.05_wd0.3_tiersNone,1002,add,0.05,0.3,final,in,23,0.004679435626790309,74,0.0038397799372841563
mamba,mamba_add_rho0.05_wd0.3_tiersNone,1002,add,0.05,0.3,final,in,24,0.007060221234565622,42,0.0038397799372841563
mamba,mamba_add_rho0.05_wd0.3_tiersNone,1002,add,0.05,0.3,final,in,25,0.00694154499946933,43,0.0038397799372841563
mamba,mamba_add_rho0.05_wd0.3_tiersNone,1002,add,0.05,0.3,final,in,26,0.007266719781122976,36,0.0038397799372841563
mamba,mamba_add_rho0.05_wd0.3_tiersNone,1002,add,0.05,0.3,final,in,27,0.010063488469880887,9,0.0038397799372841563
mamba,mamba_add_rho0.05_wd0.3_tiersNone,1002,add,0.05,0.3,final,in,28,0.006624125268675063,51,0.0038397799372841563
mamba,mamba_add_rho0.05_wd0.3_tiersNone,1002,add,0.05,0.3,final,in,29,0.005713313170981549,69,0.0038397799372841563
mamba,mamba_add_rho0.05_wd0.3_tiersNone,1002,add,0.05,0.3,final,in,30,0.008150001736978878,25,0.0038397799372841563
mamba,mamba_add_rho0.05_wd0.3_tiersNone,1002,add,0.05,0.3,final,in,31,0.008563097337316543,20,0.0038397799372841563
mamba,mamba_add_rho0.05_wd0.3_tiersNone,1002,add,0.05,0.3,final,in,32,0.007979152741766837,28,0.0038397799372841563
mamba,mamba_add_rho0.05_wd0.3_tiersNone,1002,add,0.05,0.3,final,in,33,0.008397055529742454,22,0.0038397799372841563
mamba,mamba_add_rho0.05_wd0.3_tiersNone,1002,add,0.05,0.3,final,in,34,0.0074880960085216795,34,0.0038397799372841563
mamba,mamba_add_rho0.05_wd0.3_tiersNone,1002,add,0.05,0.3,final,in,35,0.00791166225751486,29,0.0038397799372841563
mamba,mamba_add_rho0.05_wd0.3_tiersNone,1002,add,0.05,0.3,final,in,36,0.07138603376177004,4,0.0038397799372841563
mamba,mamba_add_rho0.05_wd0.3_tiersNone,1002,add,0.05,0.3,final,in,37,0.006547949505322939,54,0.0038397799372841563
mamba,mamba_add_rho0.05_wd0.3_tiersNone,1002,add,0.05,0.3,final,in,38,0.005673614442848699,71,0.0038397799372841563
mamba,mamba_add_rho0.05_wd0.3_tiersNone,1002,add,0.05,0.3,final,in,39,0.00813820087459453,26,0.0038397799372841563
mamba,mamba_add_rho0.05_wd0.3_tiersNone,1002,add,0.05,0.3,final,in,40,0.005146792826185163,73,0.0038397799372841563
mamba,mamba_add_rho0.05_wd0.3_tiersNone,1002,add,0.05,0.3,final,in,41,0.009119978477473067,15,0.0038397799372841563
mamba,mamba_add_rho0.05_wd0.3_tiersNone,1002,add,0.05,0.3,final,in,42,0.006745939088692531,47,0.0038397799372841563
mamba,mamba_add_rho0.05_wd0.3_tiersNone,1002,add,0.05,0.3,final,in,43,0.009154509755269238,14,0.0038397799372841563
mamba,mamba_add_rho0.05_wd0.3_tiersNone,1002,add,0.05,0.3,final,in,44,0.007194933578790112,39,0.0038397799372841563
mamba,mamba_add_rho0.05_wd0.3_tiersNone,1002,add,0.05,0.3,final,in,45,0.007239967448341036,37,0.0038397799372841563
mamba,mamba_add_rho0.05_wd0.3_tiersNone,1002,add,0.05,0.3,final,in,46,0.006642888230024435,50,0.0038397799372841563
mamba,mamba_add_rho0.05_wd0.3_tiersNone,1002,add,0.05,0.3,final,in,47,0.006700860742055019,48,0.0038397799372841563
mamba,mamba_add_rho0.05_wd0.3_tiersNone,1002,add,0.05,0.3,final,in,48,0.006538319051674672,56,0.0038397799372841563
mamba,mamba_add_rho0.05_wd0.3_tiersNone,1002,add,0.05,0.3,final,in,49,0.006812440263939923,45,0.0038397799372841563
mamba,mamba_add_rho0.05_wd0.3_tiersNone,1002,add,0.05,0.3,final,in,50,0.07561201890610562,3,0.0038397799372841563
mamba,mamba_add_rho0.05_wd0.3_tiersNone,1002,add,0.05,0.3,final,in,51,0.006647608643511893,49,0.0038397799372841563
mamba,mamba_add_rho0.05_wd0.3_tiersNone,1002,add,0.05,0.3,final,in,52,0.005563058032752877,72,0.0038397799372841563
mamba,mamba_add_rho0.05_wd0.3_tiersNone,1002,add,0.05,0.3,final,in,53,0.005836892847989206,66,0.0038397799372841563
mamba,mamba_add_rho0.05_wd0.3_tiersNone,1002,add,0.05,0.3,final,in,54,0.007227954262507768,38,0.0038397799372841563
mamba,mamba_add_rho0.05_wd0.3_tiersNone,1002,add,0.05,0.3,final,in,55,0.008683360725165547,17,0.0038397799372841563
mamba,mamba_add_rho0.05_wd0.3_tiersNone,1002,add,0.05,0.3,final,in,56,0.008633094826421418,18,0.0038397799372841563
mamba,mamba_add_rho0.05_wd0.3_tiersNone,1002,add,0.05,0.3,final,in,57,0.008422819532938811,21,0.0038397799372841563
mamba,mamba_add_rho0.05_wd0.3_tiersNone,1002,add,0.05,0.3,final,in,58,0.006774397509815284,46,0.0038397799372841563
mamba,mamba_add_rho0.05_wd0.3_tiersNone,1002,add,0.05,0.3,final,in,59,0.08122294252318044,2,0.0038397799372841563
mamba,mamba_add_rho0.05_wd0.3_tiersNone,1002,add,0.05,0.3,final,in,60,0.007756190961197,30,0.0038397799372841563
mamba,mamba_add_rho0.05_wd0.3_tiersNone,1002,add,0.05,0.3,final,in,61,0.06995396863557878,5,0.0038397799372841563
mamba,mamba_add_rho0.05_wd0.3_tiersNone,1002,add,0.05,0.3,final,in,62,0.006386506367292228,60,0.0038397799372841563
mamba,mamba_add_rho0.05_wd0.3_tiersNone,1002,add,0.05,0.3,final,in,63,0.006613248826616933,52,0.0038397799372841563
mamba,mamba_add_rho0.05_wd0.3_tiersNone,1002,add,0.05,0.3,final,in,64,0.006574644769717527,53,0.0038397799372841563
mamba,mamba_add_rho0.05_wd0.3_tiersNone,1002,add,0.05,0.3,final,in,65,0.005938386253886785,64,0.0038397799372841563
mamba,mamba_add_rho0.05_wd0.3_tiersNone,1002,add,0.05,0.3,final,in,66,0.009463859973939321,11,0.0038397799372841563
mamba,mamba_add_rho0.05_wd0.3_tiersNone,1002,add,0.05,0.3,final,in,67,0.005859475336095745,65,0.0038397799372841563
mamba,mamba_add_rho0.05_wd0.3_tiersNone,1002,add,0.05,0.3,final,in,68,0.006924912800230714,44,0.0038397799372841563
mamba,mamba_add_rho0.05_wd0.3_tiersNone,1002,add,0.05,0.3,final,in,69,0.007167173178797935,40,0.0038397799372841563
mamba,mamba_add_rho0.05_wd0.3_tiersNone,1002,add,0.05,0.3,final,in,70,0.008283830288342169,23,0.0038397799372841563
mamba,mamba_add_rho0.05_wd0.3_tiersNone,1002,add,0.05,0.3,final,in,71,0.007513930983633834,33,0.0038397799372841563
mamba,mamba_add_rho0.05_wd0.3_tiersNone,1002,add,0.05,0.3,final,in,72,0.007445243628084505,35,0.0038397799372841563
mamba,mamba_add_rho0.05_wd0.3_tiersNone,1002,add,0.05,0.3,final,in,73,0.05486646779400018,7,0.0038397799372841563
mamba,mamba_add_rho0.05_wd0.3_tiersNone,1002,add,0.05,0.3,final,in,74,0.006413380602895458,59,0.0038397799372841563
mamba,mamba_add_rho0.05_wd0.3_tiersNone,1002,add,0.05,0.3,final,out,1,0.0033189974475008426,64,0.010419277596098505
mamba,mamba_add_rho0.05_wd0.3_tiersNone,1002,add,0.05,0.3,final,out,2,0.002976120887048118,72,0.010419277596098505
mamba,mamba_add_rho0.05_wd0.3_tiersNone,1002,add,0.05,0.3,final,out,3,0.004360125467967992,21,0.010419277596098505
mamba,mamba_add_rho0.05_wd0.3_tiersNone,1002,add,0.05,0.3,final,out,4,0.0034621872250994523,58,0.010419277596098505
mamba,mamba_add_rho0.05_wd0.3_tiersNone,1002,add,0.05,0.3,final,out,5,0.0054415966701255964,8,0.010419277596098505
mamba,mamba_add_rho0.05_wd0.3_tiersNone,1002,add,0.05,0.3,final,out,6,0.0046601871054064,15,0.010419277596098505
mamba,mamba_add_rho0.05_wd0.3_tiersNone,1002,add,0.05,0.3,final,out,7,0.003777119598387123,42,0.010419277596098505
mamba,mamba_add_rho0.05_wd0.3_tiersNone,1002,add,0.05,0.3,final,out,8,0.13957397019350856,1,0.010419277596098505
mamba,mamba_add_rho0.05_wd0.3_tiersNone,1002,add,0.05,0.3,final,out,9,0.0029911371024324484,71,0.010419277596098505
mamba,mamba_add_rho0.05_wd0.3_tiersNone,1002,add,0.05,0.3,final,out,10,0.004216770175782397,26,0.010419277596098505
mamba,mamba_add_rho0.05_wd0.3_tiersNone,1002,add,0.05,0.3,final,out,11,0.0040795136040670844,28,0.010419277596098505
mamba,mamba_add_rho0.05_wd0.3_tiersNone,1002,add,0.05,0.3,final,out,12,0.09566912002032885,6,0.010419277596098505
mamba,mamba_add_rho0.05_wd0.3_tiersNone,1002,add,0.05,0.3,final,out,13,0.003462710959827451,57,0.010419277596098505
mamba,mamba_add_rho0.05_wd0.3_tiersNone,1002,add,0.05,0.3,final,out,14,0.003413048245897894,61,0.010419277596098505
mamba,mamba_add_rho0.05_wd0.3_tiersNone,1002,add,0.05,0.3,final,out,15,0.003356829273747096,63,0.010419277596098505
mamba,mamba_add_rho0.05_wd0.3_tiersNone,1002,add,0.05,0.3,final,out,16,0.004811635584734103,12,0.010419277596098505
mamba,mamba_add_rho0.05_wd0.3_tiersNone,1002,add,0.05,0.3,final,out,17,0.00505883744445721,10,0.010419277596098505
mamba,mamba_add_rho0.05_wd0.3_tiersNone,1002,add,0.05,0.3,final,out,18,0.003917433657768052,34,0.010419277596098505
mamba,mamba_add_rho0.05_wd0.3_tiersNone,1002,add,0.05,0.3,final,out,19,0.004335861203320451,22,0.010419277596098505
mamba,mamba_add_rho0.05_wd0.3_tiersNone,1002,add,0.05,0.3,final,out,20,0.003911326978841913,35,0.010419277596098505
mamba,mamba_add_rho0.05_wd0.3_tiersNone,1002,add,0.05,0.3,final,out,21,0.003541871615759113,53,0.010419277596098505
mamba,mamba_add_rho0.05_wd0.3_tiersNone,1002,add,0.05,0.3,final,out,22,0.0038700997992441198,39,0.010419277596098505
mamba,mamba_add_rho0.05_wd0.3_tiersNone,1002,add,0.05,0.3,final,out,23,0.003718176766100922,44,0.010419277596098505
mamba,mamba_add_rho0.05_wd0.3_tiersNone,1002,add,0.05,0.3,final,out,24,0.0036060026861449014,49,0.010419277596098505
mamba,mamba_add_rho0.05_wd0.3_tiersNone,1002,add,0.05,0.3,final,out,25,0.0035114145555409752,55,0.010419277596098505
mamba,mamba_add_rho0.05_wd0.3_tiersNone,1002,add,0.05,0.3,final,out,26,0.003974674880353781,32,0.010419277596098505
mamba,mamba_add_rho0.05_wd0.3_tiersNone,1002,add,0.05,0.3,final,out,27,0.004526289893191368,17,0.010419277596098505
mamba,mamba_add_rho0.05_wd0.3_tiersNone,1002,add,0.05,0.3,final,out,28,0.0042797184732742185,23,0.010419277596098505
mamba,mamba_add_rho0.05_wd0.3_tiersNone,1002,add,0.05,0.3,final,out,29,0.0031887057277691366,69,0.010419277596098505
mamba,mamba_add_rho0.05_wd0.3_tiersNone,1002,add,0.05,0.3,final,out,30,0.004018037780153977,30,0.010419277596098505
mamba,mamba_add_rho0.05_wd0.3_tiersNone,1002,add,0.05,0.3,final,out,31,0.003997356879137482,31,0.010419277596098505
mamba,mamba_add_rho0.05_wd0.3_tiersNone,1002,add,0.05,0.3,final,out,32,0.004371930438684137,20,0.010419277596098505
mamba,mamba_add_rho0.05_wd0.3_tiersNone,1002,add,0.05,0.3,final,out,33,0.003883106856800173,37,0.010419277596098505
mamba,mamba_add_rho0.05_wd0.3_tiersNone,1002,add,0.05,0.3,final,out,34,0.0050627039330171176,9,0.010419277596098505
mamba,mamba_add_rho0.05_wd0.3_tiersNone,1002,add,0.05,0.3,final,out,35,0.004056222443639661,29,0.010419277596098505
mamba,mamba_add_rho0.05_wd0.3_tiersNone,1002,add,0.05,0.3,final,out,36,0.09909536722355222,4,0.010419277596098505
mamba,mamba_add_rho0.05_wd0.3_tiersNone,1002,add,0.05,0.3,final,out,37,0.0032859493401429527,66,0.010419277596098505
mamba,mamba_add_rho0.05_wd0.3_tiersNone,1002,add,0.05,0.3,final,out,38,0.0035959318651151125,50,0.010419277596098505
mamba,mamba_add_rho0.05_wd0.3_tiersNone,1002,add,0.05,0.3,final,out,39,0.003683538858100482,47,0.010419277596098505
mamba,mamba_add_rho0.05_wd0.3_tiersNone,1002,add,0.05,0.3,final,out,40,0.0026038148819310315,74,0.010419277596098505
mamba,mamba_add_rho0.05_wd0.3_tiersNone,1002,add,0.05,0.3,final,out,41,0.004724893319714887,14,0.010419277596098505
mamba,mamba_add_rho0.05_wd0.3_tiersNone,1002,add,0.05,0.3,final,out,42,0.0037578333381814368,43,0.010419277596098505
mamba,mamba_add_rho0.05_wd0.3_tiersNone,1002,add,0.05,0.3,final,out,43,0.004254353327474115,25,0.010419277596098505
mamba,mamba_add_rho0.05_wd0.3_tiersNone,1002,add,0.05,0.3,final,out,44,0.00380006544375812,41,0.010419277596098505
mamba,mamba_add_rho0.05_wd0.3_tiersNone,1002,add,0.05,0.3,final,out,45,0.004777820103421749,13,0.010419277596098505
mamba,mamba_add_rho0.05_wd0.3_tiersNone,1002,add,0.05,0.3,final,out,46,0.0045202220250054334,18,0.010419277596098505
mamba,mamba_add_rho0.05_wd0.3_tiersNone,1002,add,0.05,0.3,final,out,47,0.003839441058851232,40,0.010419277596098505
mamba,mamba_add_rho0.05_wd0.3_tiersNone,1002,add,0.05,0.3,final,out,48,0.004195882366693981,27,0.010419277596098505
mamba,mamba_add_rho0.05_wd0.3_tiersNone,1002,add,0.05,0.3,final,out,49,0.0031770873465070087,70,0.010419277596098505
mamba,mamba_add_rho0.05_wd0.3_tiersNone,1002,add,0.05,0.3,final,out,50,0.10184950297048227,3,0.010419277596098505
mamba,mamba_add_rho0.05_wd0.3_tiersNone,1002,add,0.05,0.3,final,out,51,0.0032986309427881664,65,0.010419277596098505
mamba,mamba_add_rho0.05_wd0.3_tiersNone,1002,add,0.05,0.3,final,out,52,0.0038977645944097855,36,0.010419277596098505
mamba,mamba_add_rho0.05_wd0.3_tiersNone,1002,add,0.05,0.3,final,out,53,0.003452731802935568,59,0.010419277596098505
mamba,mamba_add_rho0.05_wd0.3_tiersNone,1002,add,0.05,0.3,final,out,54,0.0032843088164755557,67,0.010419277596098505
mamba,mamba_add_rho0.05_wd0.3_tiersNone,1002,add,0.05,0.3,final,out,55,0.004607206637862665,16,0.010419277596098505
mamba,mamba_add_rho0.05_wd0.3_tiersNone,1002,add,0.05,0.3,final,out,56,0.003541549377634871,54,0.010419277596098505
mamba,mamba_add_rho0.05_wd0.3_tiersNone,1002,add,0.05,0.3,final,out,57,0.0039514363355854405,33,0.010419277596098505
mamba,mamba_add_rho0.05_wd0.3_tiersNone,1002,add,0.05,0.3,final,out,58,0.0036478753677116403,48,0.010419277596098505
mamba,mamba_add_rho0.05_wd0.3_tiersNone,1002,add,0.05,0.3,final,out,59,0.12051234143803632,2,0.010419277596098505
mamba,mamba_add_rho0.05_wd0.3_tiersNone,1002,add,0.05,0.3,final,out,60,0.0036880810112184972,46,0.010419277596098505
mamba,mamba_add_rho0.05_wd0.3_tiersNone,1002,add,0.05,0.3,final,out,61,0.09872120864995942,5,0.010419277596098505
mamba,mamba_add_rho0.05_wd0.3_tiersNone,1002,add,0.05,0.3,final,out,62,0.0032179229932647532,68,0.010419277596098505
mamba,mamba_add_rho0.05_wd0.3_tiersNone,1002,add,0.05,0.3,final,out,63,0.0034956170910615514,56,0.010419277596098505
mamba,mamba_add_rho0.05_wd0.3_tiersNone,1002,add,0.05,0.3,final,out,64,0.0037067389723479246,45,0.010419277596098505
mamba,mamba_add_rho0.05_wd0.3_tiersNone,1002,add,0.05,0.3,final,out,65,0.0033629316513093797,62,0.010419277596098505
mamba,mamba_add_rho0.05_wd0.3_tiersNone,1002,add,0.05,0.3,final,out,66,0.004256418882909848,24,0.010419277596098505
mamba,mamba_add_rho0.05_wd0.3_tiersNone,1002,add,0.05,0.3,final,out,67,0.003557922149338192,52,0.010419277596098505
mamba,mamba_add_rho0.05_wd0.3_tiersNone,1002,add,0.05,0.3,final,out,68,0.0038806859783363946,38,0.010419277596098505
mamba,mamba_add_rho0.05_wd0.3_tiersNone,1002,add,0.05,0.3,final,out,69,0.002951114156799727,73,0.010419277596098505
mamba,mamba_add_rho0.05_wd0.3_tiersNone,1002,add,0.05,0.3,final,out,70,0.004425901942657548,19,0.010419277596098505
mamba,mamba_add_rho0.05_wd0.3_tiersNone,1002,add,0.05,0.3,final,out,71,0.0034490861740073117,60,0.010419277596098505
mamba,mamba_add_rho0.05_wd0.3_tiersNone,1002,add,0.05,0.3,final,out,72,0.0035631445356807973,51,0.010419277596098505
mamba,mamba_add_rho0.05_wd0.3_tiersNone,1002,add,0.05,0.3,final,out,73,0.0850647545143028,7,0.010419277596098505
mamba,mamba_add_rho0.05_wd0.3_tiersNone,1002,add,0.05,0.3,final,out,74,0.004902080939373641,11,0.010419277596098505
mamba,mamba_add_rho0_wd0.1_tiersNone,1000,add,0.0,0.1,final,in,1,0.006611933630810778,18,0.004607311933733587
mamba,mamba_add_rho0_wd0.1_tiersNone,1000,add,0.0,0.1,final,in,2,0.003861329502159165,47,0.004607311933733587
mamba,mamba_add_rho0_wd0.1_tiersNone,1000,add,0.0,0.1,final,in,3,0.003663402068679795,59,0.004607311933733587
mamba,mamba_add_rho0_wd0.1_tiersNone,1000,add,0.0,0.1,final,in,4,0.003674953004006835,57,0.004607311933733587
mamba,mamba_add_rho0_wd0.1_tiersNone,1000,add,0.0,0.1,final,in,5,0.007455831373835885,16,0.004607311933733587
mamba,mamba_add_rho0_wd0.1_tiersNone,1000,add,0.0,0.1,final,in,6,0.0035329180698520095,67,0.004607311933733587
mamba,mamba_add_rho0_wd0.1_tiersNone,1000,add,0.0,0.1,final,in,7,0.003860692294685272,48,0.004607311933733587
mamba,mamba_add_rho0_wd0.1_tiersNone,1000,add,0.0,0.1,final,in,8,0.004422735866049703,29,0.004607311933733587
mamba,mamba_add_rho0_wd0.1_tiersNone,1000,add,0.0,0.1,final,in,9,0.010365005289638286,9,0.004607311933733587
mamba,mamba_add_rho0_wd0.1_tiersNone,1000,add,0.0,0.1,final,in,10,0.0037538898398276374,53,0.004607311933733587
mamba,mamba_add_rho0_wd0.1_tiersNone,1000,add,0.0,0.1,final,in,11,0.003631518238375951,62,0.004607311933733587
mamba,mamba_add_rho0_wd0.1_tiersNone,1000,add,0.0,0.1,final,in,12,0.003640138453368762,61,0.004607311933733587
mamba,mamba_add_rho0_wd0.1_tiersNone,1000,add,0.0,0.1,final,in,13,0.005426683982271425,20,0.004607311933733587
mamba,mamba_add_rho0_wd0.1_tiersNone,1000,add,0.0,0.1,final,in,14,0.0037042138843937657,55,0.004607311933733587
mamba,mamba_add_rho0_wd0.1_tiersNone,1000,add,0.0,0.1,final,in,15,0.007493568330189804,14,0.004607311933733587
mamba,mamba_add_rho0_wd0.1_tiersNone,1000,add,0.0,0.1,final,in,16,0.010198559002874023,10,0.004607311933733587
mamba,mamba_add_rho0_wd0.1_tiersNone,1000,add,0.0,0.1,final,in,17,0.0045203918947805035,28,0.004607311933733587
mamba,mamba_add_rho0_wd0.1_tiersNone,1000,add,0.0,0.1,final,in,18,0.004548558681259177,27,0.004607311933733587
mamba,mamba_add_rho0_wd0.1_tiersNone,1000,add,0.0,0.1,final,in,19,0.004035724138398041,37,0.004607311933733587
mamba,mamba_add_rho0_wd0.1_tiersNone,1000,add,0.0,0.1,final,in,20,0.004260171398833727,33,0.004607311933733587
mamba,mamba_add_rho0_wd0.1_tiersNone,1000,add,0.0,0.1,final,in,21,0.003932871611049281,41,0.004607311933733587
mamba,mamba_add_rho0_wd0.1_tiersNone,1000,add,0.0,0.1,final,in,22,0.0038615526913356422,46,0.004607311933733587
mamba,mamba_add_rho0_wd0.1_tiersNone,1000,add,0.0,0.1,final,in,23,0.0043140587218814955,32,0.004607311933733587
mamba,mamba_add_rho0_wd0.1_tiersNone,1000,add,0.0,0.1,final,in,24,0.003981423264521805,40,0.004607311933733587
mamba,mamba_add_rho0_wd0.1_tiersNone,1000,add,0.0,0.1,final,in,25,0.003540282154165538,66,0.004607311933733587
mamba,mamba_add_rho0_wd0.1_tiersNone,1000,add,0.0,0.1,final,in,26,0.011567959207989528,8,0.004607311933733587
mamba,mamba_add_rho0_wd0.1_tiersNone,1000,add,0.0,0.1,final,in,27,0.00437956395225054,31,0.004607311933733587
mamba,mamba_add_rho0_wd0.1_tiersNone,1000,add,0.0,0.1,final,in,28,0.10671761317742895,3,0.004607311933733587
mamba,mamba_add_rho0_wd0.1_tiersNone,1000,add,0.0,0.1,final,in,29,0.0039168802636133475,43,0.004607311933733587
mamba,mamba_add_rho0_wd0.1_tiersNone,1000,add,0.0,0.1,final,in,30,0.004607117262833718,26,0.004607311933733587
mamba,mamba_add_rho0_wd0.1_tiersNone,1000,add,0.0,0.1,final,in,31,0.0035737111317748036,65,0.004607311933733587
mamba,mamba_add_rho0_wd0.1_tiersNone,1000,add,0.0,0.1,final,in,32,0.00332594993769407,72,0.004607311933733587
mamba,mamba_add_rho0_wd0.1_tiersNone,1000,add,0.0,0.1,final,in,33,0.004738978153812647,25,0.004607311933733587
mamba,mamba_add_rho0_wd0.1_tiersNone,1000,add,0.0,0.1,final,in,34,0.003588540020904576,64,0.004607311933733587
mamba,mamba_add_rho0_wd0.1_tiersNone,1000,add,0.0,0.1,final,in,35,0.004173347400632433,35,0.004607311933733587
mamba,mamba_add_rho0_wd0.1_tiersNone,1000,add,0.0,0.1,final,in,36,0.0036727926872238154,58,0.004607311933733587
mamba,mamba_add_rho0_wd0.1_tiersNone,1000,add,0.0,0.1,final,in,37,0.00403495595537515,38,0.004607311933733587
mamba,mamba_add_rho0_wd0.1_tiersNone,1000,add,0.0,0.1,final,in,38,0.0924699220510352,6,0.004607311933733587
mamba,mamba_add_rho0_wd0.1_tiersNone,1000,add,0.0,0.1,final,in,39,0.0038409478522272843,49,0.004607311933733587
mamba,mamba_add_rho0_wd0.1_tiersNone,1000,add,0.0,0.1,final,in,40,0.0031286824929059533,74,0.004607311933733587
mamba,mamba_add_rho0_wd0.1_tiersNone,1000,add,0.0,0.1,final,in,41,0.0034701104356096818,69,0.004607311933733587
mamba,mamba_add_rho0_wd0.1_tiersNone,1000,add,0.0,0.1,final,in,42,0.0043922265669212165,30,0.004607311933733587
mamba,mamba_add_rho0_wd0.1_tiersNone,1000,add,0.0,0.1,final,in,43,0.0037020779516604057,56,0.004607311933733587
mamba,mamba_add_rho0_wd0.1_tiersNone,1000,add,0.0,0.1,final,in,44,0.00862446441430285,11,0.004607311933733587
mamba,mamba_add_rho0_wd0.1_tiersNone,1000,add,0.0,0.1,final,in,45,0.0034664286584213918,70,0.004607311933733587
mamba,mamba_add_rho0_wd0.1_tiersNone,1000,add,0.0,0.1,final,in,46,0.003921332166039422,42,0.004607311933733587
mamba,mamba_add_rho0_wd0.1_tiersNone,1000,add,0.0,0.1,final,in,47,0.005133123827426681,22,0.004607311933733587
mamba,mamba_add_rho0_wd0.1_tiersNone,1000,add,0.0,0.1,final,in,48,0.0035320934780270195,68,0.004607311933733587
mamba,mamba_add_rho0_wd0.1_tiersNone,1000,add,0.0,0.1,final,in,49,0.007502443545326269,13,0.004607311933733587
mamba,mamba_add_rho0_wd0.1_tiersNone,1000,add,0.0,0.1,final,in,50,0.09610337814687596,5,0.004607311933733587
mamba,mamba_add_rho0_wd0.1_tiersNone,1000,add,0.0,0.1,final,in,51,0.02229198561041042,7,0.004607311933733587
mamba,mamba_add_rho0_wd0.1_tiersNone,1000,add,0.0,0.1,final,in,52,0.004135797140705677,36,0.004607311933733587
mamba,mamba_add_rho0_wd0.1_tiersNone,1000,add,0.0,0.1,final,in,53,0.003356529977091101,71,0.004607311933733587
mamba,mamba_add_rho0_wd0.1_tiersNone,1000,add,0.0,0.1,final,in,54,0.0040204811006580654,39,0.004607311933733587
mamba,mamba_add_rho0_wd0.1_tiersNone,1000,add,0.0,0.1,final,in,55,0.005587655848393175,19,0.004607311933733587
mamba,mamba_add_rho0_wd0.1_tiersNone,1000,add,0.0,0.1,final,in,56,0.007260117326214014,17,0.004607311933733587
mamba,mamba_add_rho0_wd0.1_tiersNone,1000,add,0.0,0.1,final,in,57,0.003603465446646106,63,0.004607311933733587
mamba,mamba_add_rho0_wd0.1_tiersNone,1000,add,0.0,0.1,final,in,58,0.0038372676566660272,50,0.004607311933733587
mamba,mamba_add_rho0_wd0.1_tiersNone,1000,add,0.0,0.1,final,in,59,0.005173434930134455,21,0.004607311933733587
mamba,mamba_add_rho0_wd0.1_tiersNone,1000,add,0.0,0.1,final,in,60,0.003647743667696443,60,0.004607311933733587
mamba,mamba_add_rho0_wd0.1_tiersNone,1000,add,0.0,0.1,final,in,61,0.004890981261806082,23,0.004607311933733587
mamba,mamba_add_rho0_wd0.1_tiersNone,1000,add,0.0,0.1,final,in,62,0.0039136947184329795,44,0.004607311933733587
mamba,mamba_add_rho0_wd0.1_tiersNone,1000,add,0.0,0.1,final,in,63,0.0037829060876968974,52,0.004607311933733587
mamba,mamba_add_rho0_wd0.1_tiersNone,1000,add,0.0,0.1,final,in,64,0.007476486299815423,15,0.004607311933733587
mamba,mamba_add_rho0_wd0.1_tiersNone,1000,add,0.0,0.1,final,in,65,0.003718295887794212,54,0.004607311933733587
mamba,mamba_add_rho0_wd0.1_tiersNone,1000,add,0.0,0.1,final,in,66,0.0032785184470152727,73,0.004607311933733587
mamba,mamba_add_rho0_wd0.1_tiersNone,1000,add,0.0,0.1,final,in,67,0.09938468394940757,4,0.004607311933733587
mamba,mamba_add_rho0_wd0.1_tiersNone,1000,add,0.0,0.1,final,in,68,0.004181960703860558,34,0.004607311933733587
mamba,mamba_add_rho0_wd0.1_tiersNone,1000,add,0.0,0.1,final,in,69,0.0038241945519804183,51,0.004607311933733587
mamba,mamba_add_rho0_wd0.1_tiersNone,1000,add,0.0,0.1,final,in,70,0.1513295480705868,1,0.004607311933733587
mamba,mamba_add_rho0_wd0.1_tiersNone,1000,add,0.0,0.1,final,in,71,0.0048692068568431035,24,0.004607311933733587
mamba,mamba_add_rho0_wd0.1_tiersNone,1000,add,0.0,0.1,final,in,72,0.114647853467154,2,0.004607311933733587
mamba,mamba_add_rho0_wd0.1_tiersNone,1000,add,0.0,0.1,final,in,73,0.008030263685618782,12,0.004607311933733587
mamba,mamba_add_rho0_wd0.1_tiersNone,1000,add,0.0,0.1,final,in,74,0.003879879181815121,45,0.004607311933733587
mamba,mamba_add_rho0_wd0.1_tiersNone,1000,add,0.0,0.1,final,out,1,0.005255095860034457,14,0.0011988325976620582
mamba,mamba_add_rho0_wd0.1_tiersNone,1000,add,0.0,0.1,final,out,2,0.002512865727452668,66,0.0011988325976620582
mamba,mamba_add_rho0_wd0.1_tiersNone,1000,add,0.0,0.1,final,out,3,0.003571860238901577,27,0.0011988325976620582
mamba,mamba_add_rho0_wd0.1_tiersNone,1000,add,0.0,0.1,final,out,4,0.0027553350066325377,57,0.0011988325976620582
mamba,mamba_add_rho0_wd0.1_tiersNone,1000,add,0.0,0.1,final,out,5,0.0024322291266308223,68,0.0011988325976620582
mamba,mamba_add_rho0_wd0.1_tiersNone,1000,add,0.0,0.1,final,out,6,0.003328891506541658,32,0.0011988325976620582
mamba,mamba_add_rho0_wd0.1_tiersNone,1000,add,0.0,0.1,final,out,7,0.0032559814910774806,34,0.0011988325976620582
mamba,mamba_add_rho0_wd0.1_tiersNone,1000,add,0.0,0.1,final,out,8,0.003666198917279354,25,0.0011988325976620582
mamba,mamba_add_rho0_wd0.1_tiersNone,1000,add,0.0,0.1,final,out,9,0.005961975431238817,11,0.0011988325976620582
mamba,mamba_add_rho0_wd0.1_tiersNone,1000,add,0.0,0.1,final,out,10,0.0033510153216833893,31,0.0011988325976620582
mamba,mamba_add_rho0_wd0.1_tiersNone,1000,add,0.0,0.1,final,out,11,0.0030400691850582078,45,0.0011988325976620582
mamba,mamba_add_rho0_wd0.1_tiersNone,1000,add,0.0,0.1,final,out,12,0.003163129431012787,37,0.0011988325976620582
mamba,mamba_add_rho0_wd0.1_tiersNone,1000,add,0.0,0.1,final,out,13,0.0042303994921980646,17,0.0011988325976620582
mamba,mamba_add_rho0_wd0.1_tiersNone,1000,add,0.0,0.1,final,out,14,0.002419071848559082,69,0.0011988325976620582
mamba,mamba_add_rho0_wd0.1_tiersNone,1000,add,0.0,0.1,final,out,15,0.002570612513734086,64,0.0011988325976620582
mamba,mamba_add_rho0_wd0.1_tiersNone,1000,add,0.0,0.1,final,out,16,0.009220839819890343,9,0.0011988325976620582
mamba,mamba_add_rho0_wd0.1_tiersNone,1000,add,0.0,0.1,final,out,17,0.004133324134276555,18,0.0011988325976620582
mamba,mamba_add_rho0_wd0.1_tiersNone,1000,add,0.0,0.1,final,out,18,0.0034715300999862814,28,0.0011988325976620582
mamba,mamba_add_rho0_wd0.1_tiersNone,1000,add,0.0,0.1,final,out,19,0.0036480006149762776,26,0.0011988325976620582
mamba,mamba_add_rho0_wd0.1_tiersNone,1000,add,0.0,0.1,final,out,20,0.0038412809415857172,22,0.0011988325976620582
mamba,mamba_add_rho0_wd0.1_tiersNone,1000,add,0.0,0.1,final,out,21,0.002660903275641493,60,0.0011988325976620582
mamba,mamba_add_rho0_wd0.1_tiersNone,1000,add,0.0,0.1,final,out,22,0.0031419132438671293,39,0.0011988325976620582
mamba,mamba_add_rho0_wd0.1_tiersNone,1000,add,0.0,0.1,final,out,23,0.0038476908834771356,21,0.0011988325976620582
mamba,mamba_add_rho0_wd0.1_tiersNone,1000,add,0.0,0.1,final,out,24,0.002544613428654306,65,0.0011988325976620582
mamba,mamba_add_rho0_wd0.1_tiersNone,1000,add,0.0,0.1,final,out,25,0.0022668177412754546,73,0.0011988325976620582
mamba,mamba_add_rho0_wd0.1_tiersNone,1000,add,0.0,0.1,final,out,26,0.010052906183118195,8,0.0011988325976620582
mamba,mamba_add_rho0_wd0.1_tiersNone,1000,add,0.0,0.1,final,out,27,0.002664929114610088,59,0.0011988325976620582
mamba,mamba_add_rho0_wd0.1_tiersNone,1000,add,0.0,0.1,final,out,28,0.08901277440695726,6,0.0011988325976620582
mamba,mamba_add_rho0_wd0.1_tiersNone,1000,add,0.0,0.1,final,out,29,0.0039034840294040743,20,0.0011988325976620582
mamba,mamba_add_rho0_wd0.1_tiersNone,1000,add,0.0,0.1,final,out,30,0.0030911560280015293,43,0.0011988325976620582
mamba,mamba_add_rho0_wd0.1_tiersNone,1000,add,0.0,0.1,final,out,31,0.0028505244946849064,52,0.0011988325976620582
mamba,mamba_add_rho0_wd0.1_tiersNone,1000,add,0.0,0.1,final,out,32,0.0027673248209173647,56,0.0011988325976620582
mamba,mamba_add_rho0_wd0.1_tiersNone,1000,add,0.0,0.1,final,out,33,0.004309204273127953,16,0.0011988325976620582
mamba,mamba_add_rho0_wd0.1_tiersNone,1000,add,0.0,0.1,final,out,34,0.0020988247382861904,74,0.0011988325976620582
mamba,mamba_add_rho0_wd0.1_tiersNone,1000,add,0.0,0.1,final,out,35,0.003124764362429668,41,0.0011988325976620582
mamba,mamba_add_rho0_wd0.1_tiersNone,1000,add,0.0,0.1,final,out,36,0.0030461751904911024,44,0.0011988325976620582
mamba,mamba_add_rho0_wd0.1_tiersNone,1000,add,0.0,0.1,final,out,37,0.0029909274708582153,46,0.0011988325976620582
mamba,mamba_add_rho0_wd0.1_tiersNone,1000,add,0.0,0.1,final,out,38,0.12151282159751167,3,0.0011988325976620582
mamba,mamba_add_rho0_wd0.1_tiersNone,1000,add,0.0,0.1,final,out,39,0.0026043886322687834,62,0.0011988325976620582
mamba,mamba_add_rho0_wd0.1_tiersNone,1000,add,0.0,0.1,final,out,40,0.0027773815134240704,55,0.0011988325976620582
mamba,mamba_add_rho0_wd0.1_tiersNone,1000,add,0.0,0.1,final,out,41,0.0031356002173755938,40,0.0011988325976620582
mamba,mamba_add_rho0_wd0.1_tiersNone,1000,add,0.0,0.1,final,out,42,0.003746719440066452,24,0.0011988325976620582
mamba,mamba_add_rho0_wd0.1_tiersNone,1000,add,0.0,0.1,final,out,43,0.002931055175944709,49,0.0011988325976620582
mamba,mamba_add_rho0_wd0.1_tiersNone,1000,add,0.0,0.1,final,out,44,0.00785005687333212,10,0.0011988325976620582
mamba,mamba_add_rho0_wd0.1_tiersNone,1000,add,0.0,0.1,final,out,45,0.0029602496513840707,48,0.0011988325976620582
mamba,mamba_add_rho0_wd0.1_tiersNone,1000,add,0.0,0.1,final,out,46,0.0026256348900035244,61,0.0011988325976620582
mamba,mamba_add_rho0_wd0.1_tiersNone,1000,add,0.0,0.1,final,out,47,0.004356005377891213,15,0.0011988325976620582
mamba,mamba_add_rho0_wd0.1_tiersNone,1000,add,0.0,0.1,final,out,48,0.002698453246022917,58,0.0011988325976620582
mamba,mamba_add_rho0_wd0.1_tiersNone,1000,add,0.0,0.1,final,out,49,0.0031869446012458245,36,0.0011988325976620582
mamba,mamba_add_rho0_wd0.1_tiersNone,1000,add,0.0,0.1,final,out,50,0.11474195917735673,4,0.0011988325976620582
mamba,mamba_add_rho0_wd0.1_tiersNone,1000,add,0.0,0.1,final,out,51,0.016392666257685314,7,0.0011988325976620582
mamba,mamba_add_rho0_wd0.1_tiersNone,1000,add,0.0,0.1,final,out,52,0.002497873825160443,67,0.0011988325976620582
mamba,mamba_add_rho0_wd0.1_tiersNone,1000,add,0.0,0.1,final,out,53,0.0023321270445943285,71,0.0011988325976620582
mamba,mamba_add_rho0_wd0.1_tiersNone,1000,add,0.0,0.1,final,out,54,0.0031153577823527135,42,0.0011988325976620582
mamba,mamba_add_rho0_wd0.1_tiersNone,1000,add,0.0,0.1,final,out,55,0.00531660350730952,13,0.0011988325976620582
mamba,mamba_add_rho0_wd0.1_tiersNone,1000,add,0.0,0.1,final,out,56,0.002791526038692913,54,0.0011988325976620582
mamba,mamba_add_rho0_wd0.1_tiersNone,1000,add,0.0,0.1,final,out,57,0.0032619044033357306,33,0.0011988325976620582
mamba,mamba_add_rho0_wd0.1_tiersNone,1000,add,0.0,0.1,final,out,58,0.00321177846569974,35,0.0011988325976620582
mamba,mamba_add_rho0_wd0.1_tiersNone,1000,add,0.0,0.1,final,out,59,0.0037829479688789775,23,0.0011988325976620582
mamba,mamba_add_rho0_wd0.1_tiersNone,1000,add,0.0,0.1,final,out,60,0.003374008219200194,29,0.0011988325976620582
mamba,mamba_add_rho0_wd0.1_tiersNone,1000,add,0.0,0.1,final,out,61,0.0031469163287864547,38,0.0011988325976620582
mamba,mamba_add_rho0_wd0.1_tiersNone,1000,add,0.0,0.1,final,out,62,0.003369644779597617,30,0.0011988325976620582
mamba,mamba_add_rho0_wd0.1_tiersNone,1000,add,0.0,0.1,final,out,63,0.002857718994388099,51,0.0011988325976620582
mamba,mamba_add_rho0_wd0.1_tiersNone,1000,add,0.0,0.1,final,out,64,0.005446968123498016,12,0.0011988325976620582
mamba,mamba_add_rho0_wd0.1_tiersNone,1000,add,0.0,0.1,final,out,65,0.0023706450972422522,70,0.0011988325976620582
mamba,mamba_add_rho0_wd0.1_tiersNone,1000,add,0.0,0.1,final,out,66,0.002311094815364909,72,0.0011988325976620582
mamba,mamba_add_rho0_wd0.1_tiersNone,1000,add,0.0,0.1,final,out,67,0.10239545482533575,5,0.0011988325976620582
mamba,mamba_add_rho0_wd0.1_tiersNone,1000,add,0.0,0.1,final,out,68,0.0025748242665294455,63,0.0011988325976620582
mamba,mamba_add_rho0_wd0.1_tiersNone,1000,add,0.0,0.1,final,out,69,0.0028466073147556336,53,0.0011988325976620582
mamba,mamba_add_rho0_wd0.1_tiersNone,1000,add,0.0,0.1,final,out,70,0.17164068316400458,1,0.0011988325976620582
mamba,mamba_add_rho0_wd0.1_tiersNone,1000,add,0.0,0.1,final,out,71,0.003945326709334112,19,0.0011988325976620582
mamba,mamba_add_rho0_wd0.1_tiersNone,1000,add,0.0,0.1,final,out,72,0.14983863858562957,2,0.0011988325976620582
mamba,mamba_add_rho0_wd0.1_tiersNone,1000,add,0.0,0.1,final,out,73,0.0029678903791452555,47,0.0011988325976620582
mamba,mamba_add_rho0_wd0.1_tiersNone,1000,add,0.0,0.1,final,out,74,0.0028788823150985854,50,0.0011988325976620582
mamba,mamba_add_rho0_wd0.1_tiersNone,1001,add,0.0,0.1,final,in,1,0.003892013352707257,45,0.004130980919089651
mamba,mamba_add_rho0_wd0.1_tiersNone,1001,add,0.0,0.1,final,in,2,0.003957205972883786,44,0.004130980919089651
mamba,mamba_add_rho0_wd0.1_tiersNone,1001,add,0.0,0.1,final,in,3,0.004117558516061385,39,0.004130980919089651
mamba,mamba_add_rho0_wd0.1_tiersNone,1001,add,0.0,0.1,final,in,4,0.003767124610482578,52,0.004130980919089651
mamba,mamba_add_rho0_wd0.1_tiersNone,1001,add,0.0,0.1,final,in,5,0.004207333247063708,34,0.004130980919089651
mamba,mamba_add_rho0_wd0.1_tiersNone,1001,add,0.0,0.1,final,in,6,0.0035868225462032375,65,0.004130980919089651
mamba,mamba_add_rho0_wd0.1_tiersNone,1001,add,0.0,0.1,final,in,7,0.0036261279970707006,60,0.004130980919089651
mamba,mamba_add_rho0_wd0.1_tiersNone,1001,add,0.0,0.1,final,in,8,0.003983246616673236,42,0.004130980919089651
mamba,mamba_add_rho0_wd0.1_tiersNone,1001,add,0.0,0.1,final,in,9,0.005459329304806528,22,0.004130980919089651
mamba,mamba_add_rho0_wd0.1_tiersNone,1001,add,0.0,0.1,final,in,10,0.004423895498396902,30,0.004130980919089651
mamba,mamba_add_rho0_wd0.1_tiersNone,1001,add,0.0,0.1,final,in,11,0.005759149947859698,21,0.004130980919089651
mamba,mamba_add_rho0_wd0.1_tiersNone,1001,add,0.0,0.1,final,in,12,0.04727726199510662,8,0.004130980919089651
mamba,mamba_add_rho0_wd0.1_tiersNone,1001,add,0.0,0.1,final,in,13,0.011714035648988284,11,0.004130980919089651
mamba,mamba_add_rho0_wd0.1_tiersNone,1001,add,0.0,0.1,final,in,14,0.0037732615031508994,51,0.004130980919089651
mamba,mamba_add_rho0_wd0.1_tiersNone,1001,add,0.0,0.1,final,in,15,0.0038002471242612624,49,0.004130980919089651
mamba,mamba_add_rho0_wd0.1_tiersNone,1001,add,0.0,0.1,final,in,16,0.0037775382698981767,50,0.004130980919089651
mamba,mamba_add_rho0_wd0.1_tiersNone,1001,add,0.0,0.1,final,in,17,0.0037620689490451935,53,0.004130980919089651
mamba,mamba_add_rho0_wd0.1_tiersNone,1001,add,0.0,0.1,final,in,18,0.00384853912442859,48,0.004130980919089651
mamba,mamba_add_rho0_wd0.1_tiersNone,1001,add,0.0,0.1,final,in,19,0.004591508856775376,27,0.004130980919089651
mamba,mamba_add_rho0_wd0.1_tiersNone,1001,add,0.0,0.1,final,in,20,0.0034971229613143706,68,0.004130980919089651
mamba,mamba_add_rho0_wd0.1_tiersNone,1001,add,0.0,0.1,final,in,21,0.003308144422326506,72,0.004130980919089651
mamba,mamba_add_rho0_wd0.1_tiersNone,1001,add,0.0,0.1,final,in,22,0.0036189554224332035,62,0.004130980919089651
mamba,mamba_add_rho0_wd0.1_tiersNone,1001,add,0.0,0.1,final,in,23,0.0036837768556310436,56,0.004130980919089651
mamba,mamba_add_rho0_wd0.1_tiersNone,1001,add,0.0,0.1,final,in,24,0.006208991062846783,17,0.004130980919089651
mamba,mamba_add_rho0_wd0.1_tiersNone,1001,add,0.0,0.1,final,in,25,0.005897317622966883,20,0.004130980919089651
mamba,mamba_add_rho0_wd0.1_tiersNone,1001,add,0.0,0.1,final,in,26,0.014381856311333693,10,0.004130980919089651
mamba,mamba_add_rho0_wd0.1_tiersNone,1001,add,0.0,0.1,final,in,27,0.0051195409045756085,25,0.004130980919089651
mamba,mamba_add_rho0_wd0.1_tiersNone,1001,add,0.0,0.1,final,in,28,0.0032660110405544488,74,0.004130980919089651
mamba,mamba_add_rho0_wd0.1_tiersNone,1001,add,0.0,0.1,final,in,29,0.004186308025539775,35,0.004130980919089651
mamba,mamba_add_rho0_wd0.1_tiersNone,1001,add,0.0,0.1,final,in,30,0.08831909656727721,6,0.004130980919089651
mamba,mamba_add_rho0_wd0.1_tiersNone,1001,add,0.0,0.1,final,in,31,0.003368738757663722,71,0.004130980919089651
mamba,mamba_add_rho0_wd0.1_tiersNone,1001,add,0.0,0.1,final,in,32,0.00520513457741472,24,0.004130980919089651
mamba,mamba_add_rho0_wd0.1_tiersNone,1001,add,0.0,0.1,final,in,33,0.004446921149671361,29,0.004130980919089651
mamba,mamba_add_rho0_wd0.1_tiersNone,1001,add,0.0,0.1,final,in,34,0.08946408628303412,5,0.004130980919089651
mamba,mamba_add_rho0_wd0.1_tiersNone,1001,add,0.0,0.1,final,in,35,0.06022486999579538,7,0.004130980919089651
mamba,mamba_add_rho0_wd0.1_tiersNone,1001,add,0.0,0.1,final,in,36,0.0036012055878233804,64,0.004130980919089651
mamba,mamba_add_rho0_wd0.1_tiersNone,1001,add,0.0,0.1,final,in,37,0.0038578358380419865,47,0.004130980919089651
mamba,mamba_add_rho0_wd0.1_tiersNone,1001,add,0.0,0.1,final,in,38,0.004756176580844503,26,0.004130980919089651
mamba,mamba_add_rho0_wd0.1_tiersNone,1001,add,0.0,0.1,final,in,39,0.004268758445582453,33,0.004130980919089651
mamba,mamba_add_rho0_wd0.1_tiersNone,1001,add,0.0,0.1,final,in,40,0.00339305227852055,70,0.004130980919089651
mamba,mamba_add_rho0_wd0.1_tiersNone,1001,add,0.0,0.1,final,in,41,0.0032934793363191,73,0.004130980919089651
mamba,mamba_add_rho0_wd0.1_tiersNone,1001,add,0.0,0.1,final,in,42,0.00340802289129216,69,0.004130980919089651
mamba,mamba_add_rho0_wd0.1_tiersNone,1001,add,0.0,0.1,final,in,43,0.09219329142387771,4,0.004130980919089651
mamba,mamba_add_rho0_wd0.1_tiersNone,1001,add,0.0,0.1,final,in,44,0.004108402114302286,40,0.004130980919089651
mamba,mamba_add_rho0_wd0.1_tiersNone,1001,add,0.0,0.1,final,in,45,0.0035048961485246084,67,0.004130980919089651
mamba,mamba_add_rho0_wd0.1_tiersNone,1001,add,0.0,0.1,final,in,46,0.0038852823796288044,46,0.004130980919089651
mamba,mamba_add_rho0_wd0.1_tiersNone,1001,add,0.0,0.1,final,in,47,0.008738532714821076,13,0.004130980919089651
mamba,mamba_add_rho0_wd0.1_tiersNone,1001,add,0.0,0.1,final,in,48,0.003607157825567447,63,0.004130980919089651
mamba,mamba_add_rho0_wd0.1_tiersNone,1001,add,0.0,0.1,final,in,49,0.007285799703915067,16,0.004130980919089651
mamba,mamba_add_rho0_wd0.1_tiersNone,1001,add,0.0,0.1,final,in,50,0.09798387621583449,2,0.004130980919089651
mamba,mamba_add_rho0_wd0.1_tiersNone,1001,add,0.0,0.1,final,in,51,0.0933872683238726,3,0.004130980919089651
mamba,mamba_add_rho0_wd0.1_tiersNone,1001,add,0.0,0.1,final,in,52,0.0041406993004902085,37,0.004130980919089651
mamba,mamba_add_rho0_wd0.1_tiersNone,1001,add,0.0,0.1,final,in,53,0.02245272506910056,9,0.004130980919089651
mamba,mamba_add_rho0_wd0.1_tiersNone,1001,add,0.0,0.1,final,in,54,0.003677112133681282,57,0.004130980919089651
mamba,mamba_add_rho0_wd0.1_tiersNone,1001,add,0.0,0.1,final,in,55,0.004379089597554936,32,0.004130980919089651
mamba,mamba_add_rho0_wd0.1_tiersNone,1001,add,0.0,0.1,final,in,56,0.0036206468084034687,61,0.004130980919089651
mamba,mamba_add_rho0_wd0.1_tiersNone,1001,add,0.0,0.1,final,in,57,0.007362403081924342,15,0.004130980919089651
mamba,mamba_add_rho0_wd0.1_tiersNone,1001,add,0.0,0.1,final,in,58,0.0037400517042430787,54,0.004130980919089651
mamba,mamba_add_rho0_wd0.1_tiersNone,1001,add,0.0,0.1,final,in,59,0.004149082767570779,36,0.004130980919089651
mamba,mamba_add_rho0_wd0.1_tiersNone,1001,add,0.0,0.1,final,in,60,0.005358754413115167,23,0.004130980919089651
mamba,mamba_add_rho0_wd0.1_tiersNone,1001,add,0.0,0.1,final,in,61,0.0036272278504271703,59,0.004130980919089651
mamba,mamba_add_rho0_wd0.1_tiersNone,1001,add,0.0,0.1,final,in,62,0.10095080392317467,1,0.004130980919089651
mamba,mamba_add_rho0_wd0.1_tiersNone,1001,add,0.0,0.1,final,in,63,0.0060354397215950616,18,0.004130980919089651
mamba,mamba_add_rho0_wd0.1_tiersNone,1001,add,0.0,0.1,final,in,64,0.0059024218764851515,19,0.004130980919089651
mamba,mamba_add_rho0_wd0.1_tiersNone,1001,add,0.0,0.1,final,in,65,0.0035744193419979865,66,0.004130980919089651
mamba,mamba_add_rho0_wd0.1_tiersNone,1001,add,0.0,0.1,final,in,66,0.004043064826714916,41,0.004130980919089651
mamba,mamba_add_rho0_wd0.1_tiersNone,1001,add,0.0,0.1,final,in,67,0.004379437710760462,31,0.004130980919089651
mamba,mamba_add_rho0_wd0.1_tiersNone,1001,add,0.0,0.1,final,in,68,0.008265345908863318,14,0.004130980919089651
mamba,mamba_add_rho0_wd0.1_tiersNone,1001,add,0.0,0.1,final,in,69,0.004475092073723067,28,0.004130980919089651
mamba,mamba_add_rho0_wd0.1_tiersNone,1001,add,0.0,0.1,final,in,70,0.0095735469016804,12,0.004130980919089651
mamba,mamba_add_rho0_wd0.1_tiersNone,1001,add,0.0,0.1,final,in,71,0.0036613402472767584,58,0.004130980919089651
mamba,mamba_add_rho0_wd0.1_tiersNone,1001,add,0.0,0.1,final,in,72,0.003966938723482824,43,0.004130980919089651
mamba,mamba_add_rho0_wd0.1_tiersNone,1001,add,0.0,0.1,final,in,73,0.0037363431383837125,55,0.004130980919089651
mamba,mamba_add_rho0_wd0.1_tiersNone,1001,add,0.0,0.1,final,in,74,0.004133834028340192,38,0.004130980919089651
mamba,mamba_add_rho0_wd0.1_tiersNone,1001,add,0.0,0.1,final,out,1,0.0033647549863853117,48,0.000949561777804737
mamba,mamba_add_rho0_wd0.1_tiersNone,1001,add,0.0,0.1,final,out,2,0.0034664222257695916,40,0.000949561777804737
mamba,mamba_add_rho0_wd0.1_tiersNone,1001,add,0.0,0.1,final,out,3,0.003365805558262656,47,0.000949561777804737
mamba,mamba_add_rho0_wd0.1_tiersNone,1001,add,0.0,0.1,final,out,4,0.003386776765081061,45,0.000949561777804737
mamba,mamba_add_rho0_wd0.1_tiersNone,1001,add,0.0,0.1,final,out,5,0.0039855279338048165,33,0.000949561777804737
mamba,mamba_add_rho0_wd0.1_tiersNone,1001,add,0.0,0.1,final,out,6,0.003842556495350637,35,0.000949561777804737
mamba,mamba_add_rho0_wd0.1_tiersNone,1001,add,0.0,0.1,final,out,7,0.004136170172324895,31,0.000949561777804737
mamba,mamba_add_rho0_wd0.1_tiersNone,1001,add,0.0,0.1,final,out,8,0.003323775843541116,49,0.000949561777804737
mamba,mamba_add_rho0_wd0.1_tiersNone,1001,add,0.0,0.1,final,out,9,0.005809075278551285,15,0.000949561777804737
mamba,mamba_add_rho0_wd0.1_tiersNone,1001,add,0.0,0.1,final,out,10,0.0028982803278693385,66,0.000949561777804737
mamba,mamba_add_rho0_wd0.1_tiersNone,1001,add,0.0,0.1,final,out,11,0.0053287698660381706,19,0.000949561777804737
mamba,mamba_add_rho0_wd0.1_tiersNone,1001,add,0.0,0.1,final,out,12,0.04461658432245417,8,0.000949561777804737
mamba,mamba_add_rho0_wd0.1_tiersNone,1001,add,0.0,0.1,final,out,13,0.01891890006406403,10,0.000949561777804737
mamba,mamba_add_rho0_wd0.1_tiersNone,1001,add,0.0,0.1,final,out,14,0.003422372960771142,43,0.000949561777804737
mamba,mamba_add_rho0_wd0.1_tiersNone,1001,add,0.0,0.1,final,out,15,0.003216067385955589,53,0.000949561777804737
mamba,mamba_add_rho0_wd0.1_tiersNone,1001,add,0.0,0.1,final,out,16,0.0027655890838361114,71,0.000949561777804737
mamba,mamba_add_rho0_wd0.1_tiersNone,1001,add,0.0,0.1,final,out,17,0.0030137806594994344,65,0.000949561777804737
mamba,mamba_add_rho0_wd0.1_tiersNone,1001,add,0.0,0.1,final,out,18,0.0034890442159431763,39,0.000949561777804737
mamba,mamba_add_rho0_wd0.1_tiersNone,1001,add,0.0,0.1,final,out,19,0.004766162464011717,24,0.000949561777804737
mamba,mamba_add_rho0_wd0.1_tiersNone,1001,add,0.0,0.1,final,out,20,0.0026027915358240454,74,0.000949561777804737
mamba,mamba_add_rho0_wd0.1_tiersNone,1001,add,0.0,0.1,final,out,21,0.003159386343568023,55,0.000949561777804737
mamba,mamba_add_rho0_wd0.1_tiersNone,1001,add,0.0,0.1,final,out,22,0.003149952853603076,56,0.000949561777804737
mamba,mamba_add_rho0_wd0.1_tiersNone,1001,add,0.0,0.1,final,out,23,0.003123195157752877,59,0.000949561777804737
mamba,mamba_add_rho0_wd0.1_tiersNone,1001,add,0.0,0.1,final,out,24,0.005381508648181296,18,0.000949561777804737
mamba,mamba_add_rho0_wd0.1_tiersNone,1001,add,0.0,0.1,final,out,25,0.0034315061580070254,41,0.000949561777804737
mamba,mamba_add_rho0_wd0.1_tiersNone,1001,add,0.0,0.1,final,out,26,0.010582339935119388,11,0.000949561777804737
mamba,mamba_add_rho0_wd0.1_tiersNone,1001,add,0.0,0.1,final,out,27,0.005232836328918877,20,0.000949561777804737
mamba,mamba_add_rho0_wd0.1_tiersNone,1001,add,0.0,0.1,final,out,28,0.002751951119959938,72,0.000949561777804737
mamba,mamba_add_rho0_wd0.1_tiersNone,1001,add,0.0,0.1,final,out,29,0.005715957230399902,16,0.000949561777804737
mamba,mamba_add_rho0_wd0.1_tiersNone,1001,add,0.0,0.1,final,out,30,0.0974330039265119,4,0.000949561777804737
mamba,mamba_add_rho0_wd0.1_tiersNone,1001,add,0.0,0.1,final,out,31,0.0026580240782689618,73,0.000949561777804737
mamba,mamba_add_rho0_wd0.1_tiersNone,1001,add,0.0,0.1,final,out,32,0.004892672253311194,23,0.000949561777804737
mamba,mamba_add_rho0_wd0.1_tiersNone,1001,add,0.0,0.1,final,out,33,0.004437701421930063,27,0.000949561777804737
mamba,mamba_add_rho0_wd0.1_tiersNone,1001,add,0.0,0.1,final,out,34,0.09657633326609735,5,0.000949561777804737
mamba,mamba_add_rho0_wd0.1_tiersNone,1001,add,0.0,0.1,final,out,35,0.05873236911825502,7,0.000949561777804737
mamba,mamba_add_rho0_wd0.1_tiersNone,1001,add,0.0,0.1,final,out,36,0.0034308345041722497,42,0.000949561777804737
mamba,mamba_add_rho0_wd0.1_tiersNone,1001,add,0.0,0.1,final,out,37,0.00354841992930028,38,0.000949561777804737
mamba,mamba_add_rho0_wd0.1_tiersNone,1001,add,0.0,0.1,final,out,38,0.004204489762514373,29,0.000949561777804737
mamba,mamba_add_rho0_wd0.1_tiersNone,1001,add,0.0,0.1,final,out,39,0.0037347548803183276,36,0.000949561777804737
mamba,mamba_add_rho0_wd0.1_tiersNone,1001,add,0.0,0.1,final,out,40,0.0027945409008275418,70,0.000949561777804737
mamba,mamba_add_rho0_wd0.1_tiersNone,1001,add,0.0,0.1,final,out,41,0.003134461918139321,57,0.000949561777804737
mamba,mamba_add_rho0_wd0.1_tiersNone,1001,add,0.0,0.1,final,out,42,0.0032896194208528727,51,0.000949561777804737
mamba,mamba_add_rho0_wd0.1_tiersNone,1001,add,0.0,0.1,final,out,43,0.10585656371088142,2,0.000949561777804737
mamba,mamba_add_rho0_wd0.1_tiersNone,1001,add,0.0,0.1,final,out,44,0.003247039214919602,52,0.000949561777804737
mamba,mamba_add_rho0_wd0.1_tiersNone,1001,add,0.0,0.1,final,out,45,0.0030308925963853156,63,0.000949561777804737
mamba,mamba_add_rho0_wd0.1_tiersNone,1001,add,0.0,0.1,final,out,46,0.0031292625218850576,58,0.000949561777804737
mamba,mamba_add_rho0_wd0.1_tiersNone,1001,add,0.0,0.1,final,out,47,0.00489323145059294,22,0.000949561777804737
mamba,mamba_add_rho0_wd0.1_tiersNone,1001,add,0.0,0.1,final,out,48,0.00370384475902959,37,0.000949561777804737
mamba,mamba_add_rho0_wd0.1_tiersNone,1001,add,0.0,0.1,final,out,49,0.004250128897062509,28,0.000949561777804737
mamba,mamba_add_rho0_wd0.1_tiersNone,1001,add,0.0,0.1,final,out,50,0.11454292757685366,1,0.000949561777804737
mamba,mamba_add_rho0_wd0.1_tiersNone,1001,add,0.0,0.1,final,out,51,0.09828078885561274,3,0.000949561777804737
mamba,mamba_add_rho0_wd0.1_tiersNone,1001,add,0.0,0.1,final,out,52,0.003019897737378134,64,0.000949561777804737
mamba,mamba_add_rho0_wd0.1_tiersNone,1001,add,0.0,0.1,final,out,53,0.021309702477582657,9,0.000949561777804737
mamba,mamba_add_rho0_wd0.1_tiersNone,1001,add,0.0,0.1,final,out,54,0.002835969689157491,69,0.000949561777804737
mamba,mamba_add_rho0_wd0.1_tiersNone,1001,add,0.0,0.1,final,out,55,0.00445082702160118,26,0.000949561777804737
mamba,mamba_add_rho0_wd0.1_tiersNone,1001,add,0.0,0.1,final,out,56,0.0033799745512259976,46,0.000949561777804737
mamba,mamba_add_rho0_wd0.1_tiersNone,1001,add,0.0,0.1,final,out,57,0.007906620194782122,12,0.000949561777804737
mamba,mamba_add_rho0_wd0.1_tiersNone,1001,add,0.0,0.1,final,out,58,0.003416508317187304,44,0.000949561777804737
mamba,mamba_add_rho0_wd0.1_tiersNone,1001,add,0.0,0.1,final,out,59,0.0028916040876168147,67,0.000949561777804737
mamba,mamba_add_rho0_wd0.1_tiersNone,1001,add,0.0,0.1,final,out,60,0.0031658671280280653,54,0.000949561777804737
mamba,mamba_add_rho0_wd0.1_tiersNone,1001,add,0.0,0.1,final,out,61,0.003121851482317115,61,0.000949561777804737
mamba,mamba_add_rho0_wd0.1_tiersNone,1001,add,0.0,0.1,final,out,62,0.08915014731280768,6,0.000949561777804737
mamba,mamba_add_rho0_wd0.1_tiersNone,1001,add,0.0,0.1,final,out,63,0.003040843059694049,62,0.000949561777804737
mamba,mamba_add_rho0_wd0.1_tiersNone,1001,add,0.0,0.1,final,out,64,0.007383424523188018,13,0.000949561777804737
mamba,mamba_add_rho0_wd0.1_tiersNone,1001,add,0.0,0.1,final,out,65,0.0028798752310848705,68,0.000949561777804737
mamba,mamba_add_rho0_wd0.1_tiersNone,1001,add,0.0,0.1,final,out,66,0.0038700640451319233,34,0.000949561777804737
mamba,mamba_add_rho0_wd0.1_tiersNone,1001,add,0.0,0.1,final,out,67,0.0044743989882759065,25,0.000949561777804737
mamba,mamba_add_rho0_wd0.1_tiersNone,1001,add,0.0,0.1,final,out,68,0.005583327294980279,17,0.000949561777804737
mamba,mamba_add_rho0_wd0.1_tiersNone,1001,add,0.0,0.1,final,out,69,0.005178657633599452,21,0.000949561777804737
mamba,mamba_add_rho0_wd0.1_tiersNone,1001,add,0.0,0.1,final,out,70,0.006156838107722219,14,0.000949561777804737
mamba,mamba_add_rho0_wd0.1_tiersNone,1001,add,0.0,0.1,final,out,71,0.0031231378983364896,60,0.000949561777804737
mamba,mamba_add_rho0_wd0.1_tiersNone,1001,add,0.0,0.1,final,out,72,0.00411354636214716,32,0.000949561777804737
mamba,mamba_add_rho0_wd0.1_tiersNone,1001,add,0.0,0.1,final,out,73,0.004194639802289741,30,0.000949561777804737
mamba,mamba_add_rho0_wd0.1_tiersNone,1001,add,0.0,0.1,final,out,74,0.003302530169294438,50,0.000949561777804737
mamba,mamba_add_rho0_wd0.1_tiersNone,1002,add,0.0,0.1,final,in,1,0.0036022987871324524,50,0.005412251681879354
mamba,mamba_add_rho0_wd0.1_tiersNone,1002,add,0.0,0.1,final,in,2,0.003526419513944311,60,0.005412251681879354
mamba,mamba_add_rho0_wd0.1_tiersNone,1002,add,0.0,0.1,final,in,3,0.0035066634876916337,61,0.005412251681879354
mamba,mamba_add_rho0_wd0.1_tiersNone,1002,add,0.0,0.1,final,in,4,0.003798203677419569,40,0.005412251681879354
mamba,mamba_add_rho0_wd0.1_tiersNone,1002,add,0.0,0.1,final,in,5,0.0038755125843869774,38,0.005412251681879354
mamba,mamba_add_rho0_wd0.1_tiersNone,1002,add,0.0,0.1,final,in,6,0.003595365960336709,53,0.005412251681879354
mamba,mamba_add_rho0_wd0.1_tiersNone,1002,add,0.0,0.1,final,in,7,0.0033214004242505413,69,0.005412251681879354
mamba,mamba_add_rho0_wd0.1_tiersNone,1002,add,0.0,0.1,final,in,8,0.004058223165779016,34,0.005412251681879354
mamba,mamba_add_rho0_wd0.1_tiersNone,1002,add,0.0,0.1,final,in,9,0.06521386427189665,6,0.005412251681879354
mamba,mamba_add_rho0_wd0.1_tiersNone,1002,add,0.0,0.1,final,in,10,0.0036315178077354513,48,0.005412251681879354
mamba,mamba_add_rho0_wd0.1_tiersNone,1002,add,0.0,0.1,final,in,11,0.0718174464383327,4,0.005412251681879354
mamba,mamba_add_rho0_wd0.1_tiersNone,1002,add,0.0,0.1,final,in,12,0.0732664283299327,3,0.005412251681879354
mamba,mamba_add_rho0_wd0.1_tiersNone,1002,add,0.0,0.1,final,in,13,0.003434843788783682,66,0.005412251681879354
mamba,mamba_add_rho0_wd0.1_tiersNone,1002,add,0.0,0.1,final,in,14,0.0033042853342065055,70,0.005412251681879354
mamba,mamba_add_rho0_wd0.1_tiersNone,1002,add,0.0,0.1,final,in,15,0.00361828960788014,49,0.005412251681879354
mamba,mamba_add_rho0_wd0.1_tiersNone,1002,add,0.0,0.1,final,in,16,0.0034569022046959086,64,0.005412251681879354
mamba,mamba_add_rho0_wd0.1_tiersNone,1002,add,0.0,0.1,final,in,17,0.0051616771999337795,19,0.005412251681879354
mamba,mamba_add_rho0_wd0.1_tiersNone,1002,add,0.0,0.1,final,in,18,0.004868006165673562,20,0.005412251681879354
mamba,mamba_add_rho0_wd0.1_tiersNone,1002,add,0.0,0.1,final,in,19,0.0035303052358105916,59,0.005412251681879354
mamba,mamba_add_rho0_wd0.1_tiersNone,1002,add,0.0,0.1,final,in,20,0.06977275125592657,5,0.005412251681879354
mamba,mamba_add_rho0_wd0.1_tiersNone,1002,add,0.0,0.1,final,in,21,0.003182378047039594,72,0.005412251681879354
mamba,mamba_add_rho0_wd0.1_tiersNone,1002,add,0.0,0.1,final,in,22,0.004733020348297234,21,0.005412251681879354
mamba,mamba_add_rho0_wd0.1_tiersNone,1002,add,0.0,0.1,final,in,23,0.0036595122700144077,47,0.005412251681879354
mamba,mamba_add_rho0_wd0.1_tiersNone,1002,add,0.0,0.1,final,in,24,0.005588026873815427,16,0.005412251681879354
mamba,mamba_add_rho0_wd0.1_tiersNone,1002,add,0.0,0.1,final,in,25,0.005178552494536072,18,0.005412251681879354
mamba,mamba_add_rho0_wd0.1_tiersNone,1002,add,0.0,0.1,final,in,26,0.003366403036429251,68,0.005412251681879354
mamba,mamba_add_rho0_wd0.1_tiersNone,1002,add,0.0,0.1,final,in,27,0.004295337586395715,27,0.005412251681879354
mamba,mamba_add_rho0_wd0.1_tiersNone,1002,add,0.0,0.1,final,in,28,0.003548012093186755,57,0.005412251681879354
mamba,mamba_add_rho0_wd0.1_tiersNone,1002,add,0.0,0.1,final,in,29,0.0036759047775139896,46,0.005412251681879354
mamba,mamba_add_rho0_wd0.1_tiersNone,1002,add,0.0,0.1,final,in,30,0.0034427582165181205,65,0.005412251681879354
mamba,mamba_add_rho0_wd0.1_tiersNone,1002,add,0.0,0.1,final,in,31,0.003470075973998637,63,0.005412251681879354
mamba,mamba_add_rho0_wd0.1_tiersNone,1002,add,0.0,0.1,final,in,32,0.003569026808843882,55,0.005412251681879354
mamba,mamba_add_rho0_wd0.1_tiersNone,1002,add,0.0,0.1,final,in,33,0.004156929262608596,31,0.005412251681879354
mamba,mamba_add_rho0_wd0.1_tiersNone,1002,add,0.0,0.1,final,in,34,0.00359719388750955,51,0.005412251681879354
mamba,mamba_add_rho0_wd0.1_tiersNone,1002,add,0.0,0.1,final,in,35,0.09460623982470719,1,0.005412251681879354
mamba,mamba_add_rho0_wd0.1_tiersNone,1002,add,0.0,0.1,final,in,36,0.003738228901099198,42,0.005412251681879354
mamba,mamba_add_rho0_wd0.1_tiersNone,1002,add,0.0,0.1,final,in,37,0.06230025189705126,7,0.005412251681879354
mamba,mamba_add_rho0_wd0.1_tiersNone,1002,add,0.0,0.1,final,in,38,0.006235276577132463,14,0.005412251681879354
mamba,mamba_add_rho0_wd0.1_tiersNone,1002,add,0.0,0.1,final,in,39,0.004623252664339502,23,0.005412251681879354
mamba,mamba_add_rho0_wd0.1_tiersNone,1002,add,0.0,0.1,final,in,40,0.004274956211456893,29,0.005412251681879354
mamba,mamba_add_rho0_wd0.1_tiersNone,1002,add,0.0,0.1,final,in,41,0.003582460367209229,54,0.005412251681879354
mamba,mamba_add_rho0_wd0.1_tiersNone,1002,add,0.0,0.1,final,in,42,0.05698657655768343,8,0.005412251681879354
mamba,mamba_add_rho0_wd0.1_tiersNone,1002,add,0.0,0.1,final,in,43,0.005338600653928468,17,0.005412251681879354
mamba,mamba_add_rho0_wd0.1_tiersNone,1002,add,0.0,0.1,final,in,44,0.003912139449803907,37,0.005412251681879354
mamba,mamba_add_rho0_wd0.1_tiersNone,1002,add,0.0,0.1,final,in,45,0.039225304044182126,11,0.005412251681879354
mamba,mamba_add_rho0_wd0.1_tiersNone,1002,add,0.0,0.1,final,in,46,0.002876257557765254,73,0.005412251681879354
mamba,mamba_add_rho0_wd0.1_tiersNone,1002,add,0.0,0.1,final,in,47,0.0034906969449131357,62,0.005412251681879354
mamba,mamba_add_rho0_wd0.1_tiersNone,1002,add,0.0,0.1,final,in,48,0.003990305641209244,36,0.005412251681879354
mamba,mamba_add_rho0_wd0.1_tiersNone,1002,add,0.0,0.1,final,in,49,0.07435366549021945,2,0.005412251681879354
mamba,mamba_add_rho0_wd0.1_tiersNone,1002,add,0.0,0.1,final,in,50,0.004125990719070221,33,0.005412251681879354
mamba,mamba_add_rho0_wd0.1_tiersNone,1002,add,0.0,0.1,final,in,51,0.005875780819404031,15,0.005412251681879354
mamba,mamba_add_rho0_wd0.1_tiersNone,1002,add,0.0,0.1,final,in,52,0.0041330642228094095,32,0.005412251681879354
mamba,mamba_add_rho0_wd0.1_tiersNone,1002,add,0.0,0.1,final,in,53,0.05395451294978775,10,0.005412251681879354
mamba,mamba_add_rho0_wd0.1_tiersNone,1002,add,0.0,0.1,final,in,54,0.002768466306020791,74,0.005412251681879354
mamba,mamba_add_rho0_wd0.1_tiersNone,1002,add,0.0,0.1,final,in,55,0.00445291162716236,25,0.005412251681879354
mamba,mamba_add_rho0_wd0.1_tiersNone,1002,add,0.0,0.1,final,in,56,0.0035473597953980932,58,0.005412251681879354
mamba,mamba_add_rho0_wd0.1_tiersNone,1002,add,0.0,0.1,final,in,57,0.0037818311436010094,41,0.005412251681879354
mamba,mamba_add_rho0_wd0.1_tiersNone,1002,add,0.0,0.1,final,in,58,0.0035552586381346818,56,0.005412251681879354
mamba,mamba_add_rho0_wd0.1_tiersNone,1002,add,0.0,0.1,final,in,59,0.004708356929989193,22,0.005412251681879354
mamba,mamba_add_rho0_wd0.1_tiersNone,1002,add,0.0,0.1,final,in,60,0.0035958779819001397,52,0.005412251681879354
mamba,mamba_add_rho0_wd0.1_tiersNone,1002,add,0.0,0.1,final,in,61,0.0037269882274843054,43,0.005412251681879354
mamba,mamba_add_rho0_wd0.1_tiersNone,1002,add,0.0,0.1,final,in,62,0.003850966632698947,39,0.005412251681879354
mamba,mamba_add_rho0_wd0.1_tiersNone,1002,add,0.0,0.1,final,in,63,0.003691188347005369,45,0.005412251681879354
mamba,mamba_add_rho0_wd0.1_tiersNone,1002,add,0.0,0.1,final,in,64,0.0045966166282442695,24,0.005412251681879354
mamba,mamba_add_rho0_wd0.1_tiersNone,1002,add,0.0,0.1,final,in,65,0.004302178671148905,26,0.005412251681879354
mamba,mamba_add_rho0_wd0.1_tiersNone,1002,add,0.0,0.1,final,in,66,0.05685544638487039,9,0.005412251681879354
mamba,mamba_add_rho0_wd0.1_tiersNone,1002,add,0.0,0.1,final,in,67,0.03353741968516819,12,0.005412251681879354
mamba,mamba_add_rho0_wd0.1_tiersNone,1002,add,0.0,0.1,final,in,68,0.003401542409590326,67,0.005412251681879354
mamba,mamba_add_rho0_wd0.1_tiersNone,1002,add,0.0,0.1,final,in,69,0.004172091741403682,30,0.005412251681879354
mamba,mamba_add_rho0_wd0.1_tiersNone,1002,add,0.0,0.1,final,in,70,0.006712696029673931,13,0.005412251681879354
mamba,mamba_add_rho0_wd0.1_tiersNone,1002,add,0.0,0.1,final,in,71,0.004030271330824268,35,0.005412251681879354
mamba,mamba_add_rho0_wd0.1_tiersNone,1002,add,0.0,0.1,final,in,72,0.0032756268346979846,71,0.005412251681879354
mamba,mamba_add_rho0_wd0.1_tiersNone,1002,add,0.0,0.1,final,in,73,0.0037080951215231798,44,0.005412251681879354
mamba,mamba_add_rho0_wd0.1_tiersNone,1002,add,0.0,0.1,final,in,74,0.004281711121231281,28,0.005412251681879354
mamba,mamba_add_rho0_wd0.1_tiersNone,1002,add,0.0,0.1,final,out,1,0.003085562189631954,38,0.0009903282015408616
mamba,mamba_add_rho0_wd0.1_tiersNone,1002,add,0.0,0.1,final,out,2,0.003594655922779156,23,0.0009903282015408616
mamba,mamba_add_rho0_wd0.1_tiersNone,1002,add,0.0,0.1,final,out,3,0.0031186020043728327,37,0.0009903282015408616
mamba,mamba_add_rho0_wd0.1_tiersNone,1002,add,0.0,0.1,final,out,4,0.00243369999351448,68,0.0009903282015408616
mamba,mamba_add_rho0_wd0.1_tiersNone,1002,add,0.0,0.1,final,out,5,0.0029591634190197853,41,0.0009903282015408616
mamba,mamba_add_rho0_wd0.1_tiersNone,1002,add,0.0,0.1,final,out,6,0.0035162676749287657,25,0.0009903282015408616
mamba,mamba_add_rho0_wd0.1_tiersNone,1002,add,0.0,0.1,final,out,7,0.0025221154164112225,65,0.0009903282015408616
mamba,mamba_add_rho0_wd0.1_tiersNone,1002,add,0.0,0.1,final,out,8,0.0034427106888306985,26,0.0009903282015408616
mamba,mamba_add_rho0_wd0.1_tiersNone,1002,add,0.0,0.1,final,out,9,0.08101289861301393,4,0.0009903282015408616
mamba,mamba_add_rho0_wd0.1_tiersNone,1002,add,0.0,0.1,final,out,10,0.0024302456492959522,69,0.0009903282015408616
mamba,mamba_add_rho0_wd0.1_tiersNone,1002,add,0.0,0.1,final,out,11,0.08176258945746459,3,0.0009903282015408616
mamba,mamba_add_rho0_wd0.1_tiersNone,1002,add,0.0,0.1,final,out,12,0.07798740404647792,7,0.0009903282015408616
mamba,mamba_add_rho0_wd0.1_tiersNone,1002,add,0.0,0.1,final,out,13,0.002781616776133254,52,0.0009903282015408616
mamba,mamba_add_rho0_wd0.1_tiersNone,1002,add,0.0,0.1,final,out,14,0.0027276719798086722,54,0.0009903282015408616
mamba,mamba_add_rho0_wd0.1_tiersNone,1002,add,0.0,0.1,final,out,15,0.002663096673537967,58,0.0009903282015408616
mamba,mamba_add_rho0_wd0.1_tiersNone,1002,add,0.0,0.1,final,out,16,0.002571271677727838,62,0.0009903282015408616
mamba,mamba_add_rho0_wd0.1_tiersNone,1002,add,0.0,0.1,final,out,17,0.0031186892446399732,36,0.0009903282015408616
mamba,mamba_add_rho0_wd0.1_tiersNone,1002,add,0.0,0.1,final,out,18,0.002726102803950181,55,0.0009903282015408616
mamba,mamba_add_rho0_wd0.1_tiersNone,1002,add,0.0,0.1,final,out,19,0.002545736879030257,63,0.0009903282015408616
mamba,mamba_add_rho0_wd0.1_tiersNone,1002,add,0.0,0.1,final,out,20,0.07805312439787147,6,0.0009903282015408616
mamba,mamba_add_rho0_wd0.1_tiersNone,1002,add,0.0,0.1,final,out,21,0.002305251196419342,73,0.0009903282015408616
mamba,mamba_add_rho0_wd0.1_tiersNone,1002,add,0.0,0.1,final,out,22,0.002476262804241508,67,0.0009903282015408616
mamba,mamba_add_rho0_wd0.1_tiersNone,1002,add,0.0,0.1,final,out,23,0.003967466267702215,17,0.0009903282015408616
mamba,mamba_add_rho0_wd0.1_tiersNone,1002,add,0.0,0.1,final,out,24,0.0039806274828857605,15,0.0009903282015408616
mamba,mamba_add_rho0_wd0.1_tiersNone,1002,add,0.0,0.1,final,out,25,0.004044559349893994,14,0.0009903282015408616
mamba,mamba_add_rho0_wd0.1_tiersNone,1002,add,0.0,0.1,final,out,26,0.0030644105269399782,39,0.0009903282015408616
mamba,mamba_add_rho0_wd0.1_tiersNone,1002,add,0.0,0.1,final,out,27,0.002916767408523421,43,0.0009903282015408616
mamba,mamba_add_rho0_wd0.1_tiersNone,1002,add,0.0,0.1,final,out,28,0.003345668213348511,31,0.0009903282015408616
mamba,mamba_add_rho0_wd0.1_tiersNone,1002,add,0.0,0.1,final,out,29,0.0028571980683923005,48,0.0009903282015408616
mamba,mamba_add_rho0_wd0.1_tiersNone,1002,add,0.0,0.1,final,out,30,0.0033555802806153057,28,0.0009903282015408616
mamba,mamba_add_rho0_wd0.1_tiersNone,1002,add,0.0,0.1,final,out,31,0.0032674437508028297,33,0.0009903282015408616
mamba,mamba_add_rho0_wd0.1_tiersNone,1002,add,0.0,0.1,final,out,32,0.0025342863667751586,64,0.0009903282015408616
mamba,mamba_add_rho0_wd0.1_tiersNone,1002,add,0.0,0.1,final,out,33,0.002975516162867663,40,0.0009903282015408616
mamba,mamba_add_rho0_wd0.1_tiersNone,1002,add,0.0,0.1,final,out,34,0.0031250023216010344,35,0.0009903282015408616
mamba,mamba_add_rho0_wd0.1_tiersNone,1002,add,0.0,0.1,final,out,35,0.1276689067422632,1,0.0009903282015408616
mamba,mamba_add_rho0_wd0.1_tiersNone,1002,add,0.0,0.1,final,out,36,0.002750710358840166,53,0.0009903282015408616
mamba,mamba_add_rho0_wd0.1_tiersNone,1002,add,0.0,0.1,final,out,37,0.07849719740366108,5,0.0009903282015408616
mamba,mamba_add_rho0_wd0.1_tiersNone,1002,add,0.0,0.1,final,out,38,0.0045000481746154605,13,0.0009903282015408616
mamba,mamba_add_rho0_wd0.1_tiersNone,1002,add,0.0,0.1,final,out,39,0.0033508028773083817,30,0.0009903282015408616
mamba,mamba_add_rho0_wd0.1_tiersNone,1002,add,0.0,0.1,final,out,40,0.0028683733656704037,45,0.0009903282015408616
mamba,mamba_add_rho0_wd0.1_tiersNone,1002,add,0.0,0.1,final,out,41,0.002407748864115339,71,0.0009903282015408616
mamba,mamba_add_rho0_wd0.1_tiersNone,1002,add,0.0,0.1,final,out,42,0.044421492402371136,9,0.0009903282015408616
mamba,mamba_add_rho0_wd0.1_tiersNone,1002,add,0.0,0.1,final,out,43,0.002832943264386428,50,0.0009903282015408616
mamba,mamba_add_rho0_wd0.1_tiersNone,1002,add,0.0,0.1,final,out,44,0.002900899032993478,44,0.0009903282015408616
mamba,mamba_add_rho0_wd0.1_tiersNone,1002,add,0.0,0.1,final,out,45,0.026071571065231246,11,0.0009903282015408616
mamba,mamba_add_rho0_wd0.1_tiersNone,1002,add,0.0,0.1,final,out,46,0.0026394259720407282,60,0.0009903282015408616
mamba,mamba_add_rho0_wd0.1_tiersNone,1002,add,0.0,0.1,final,out,47,0.0033531473203140586,29,0.0009903282015408616
mamba,mamba_add_rho0_wd0.1_tiersNone,1002,add,0.0,0.1,final,out,48,0.0027071076245730277,56,0.0009903282015408616
mamba,mamba_add_rho0_wd0.1_tiersNone,1002,add,0.0,0.1,final,out,49,0.09949640483255463,2,0.0009903282015408616
mamba,mamba_add_rho0_wd0.1_tiersNone,1002,add,0.0,0.1,final,out,50,0.002935857081860286,42,0.0009903282015408616
mamba,mamba_add_rho0_wd0.1_tiersNone,1002,add,0.0,0.1,final,out,51,0.0037048668667149093,19,0.0009903282015408616
mamba,mamba_add_rho0_wd0.1_tiersNone,1002,add,0.0,0.1,final,out,52,0.00352797330071536,24,0.0009903282015408616
mamba,mamba_add_rho0_wd0.1_tiersNone,1002,add,0.0,0.1,final,out,53,0.0391800537599354,10,0.0009903282015408616
mamba,mamba_add_rho0_wd0.1_tiersNone,1002,add,0.0,0.1,final,out,54,0.0023717024505981498,72,0.0009903282015408616
mamba,mamba_add_rho0_wd0.1_tiersNone,1002,add,0.0,0.1,final,out,55,0.0038876854291529043,18,0.0009903282015408616
mamba,mamba_add_rho0_wd0.1_tiersNone,1002,add,0.0,0.1,final,out,56,0.0024207311309584604,70,0.0009903282015408616
mamba,mamba_add_rho0_wd0.1_tiersNone,1002,add,0.0,0.1,final,out,57,0.003615184987761334,22,0.0009903282015408616
mamba,mamba_add_rho0_wd0.1_tiersNone,1002,add,0.0,0.1,final,out,58,0.002589141818496679,61,0.0009903282015408616
mamba,mamba_add_rho0_wd0.1_tiersNone,1002,add,0.0,0.1,final,out,59,0.002857185465826334,49,0.0009903282015408616
mamba,mamba_add_rho0_wd0.1_tiersNone,1002,add,0.0,0.1,final,out,60,0.0027917375602310285,51,0.0009903282015408616
mamba,mamba_add_rho0_wd0.1_tiersNone,1002,add,0.0,0.1,final,out,61,0.0033981477317959006,27,0.0009903282015408616
mamba,mamba_add_rho0_wd0.1_tiersNone,1002,add,0.0,0.1,final,out,62,0.002695007693135347,57,0.0009903282015408616
mamba,mamba_add_rho0_wd0.1_tiersNone,1002,add,0.0,0.1,final,out,63,0.0036538524561945916,20,0.0009903282015408616
mamba,mamba_add_rho0_wd0.1_tiersNone,1002,add,0.0,0.1,final,out,64,0.0036510392904126818,21,0.0009903282015408616
mamba,mamba_add_rho0_wd0.1_tiersNone,1002,add,0.0,0.1,final,out,65,0.00223458133492878,74,0.0009903282015408616
mamba,mamba_add_rho0_wd0.1_tiersNone,1002,add,0.0,0.1,final,out,66,0.0555169444758114,8,0.0009903282015408616
mamba,mamba_add_rho0_wd0.1_tiersNone,1002,add,0.0,0.1,final,out,67,0.021960412498422326,12,0.0009903282015408616
mamba,mamba_add_rho0_wd0.1_tiersNone,1002,add,0.0,0.1,final,out,68,0.0024975024556304275,66,0.0009903282015408616
mamba,mamba_add_rho0_wd0.1_tiersNone,1002,add,0.0,0.1,final,out,69,0.003135619121851305,34,0.0009903282015408616
mamba,mamba_add_rho0_wd0.1_tiersNone,1002,add,0.0,0.1,final,out,70,0.0039751882780814105,16,0.0009903282015408616
mamba,mamba_add_rho0_wd0.1_tiersNone,1002,add,0.0,0.1,final,out,71,0.0032888426831765654,32,0.0009903282015408616
mamba,mamba_add_rho0_wd0.1_tiersNone,1002,add,0.0,0.1,final,out,72,0.0026443275067951928,59,0.0009903282015408616
mamba,mamba_add_rho0_wd0.1_tiersNone,1002,add,0.0,0.1,final,out,73,0.0028682247466486456,46,0.0009903282015408616
mamba,mamba_add_rho0_wd0.1_tiersNone,1002,add,0.0,0.1,final,out,74,0.002862144864475982,47,0.0009903282015408616
mamba,mamba_add_rho0_wd0.3_tiersNone,1000,add,0.0,0.3,final,in,1,0.10129262901583086,3,0.005200095771538768
mamba,mamba_add_rho0_wd0.3_tiersNone,1000,add,0.0,0.3,final,in,2,0.004405162376571004,18,0.005200095771538768
mamba,mamba_add_rho0_wd0.3_tiersNone,1000,add,0.0,0.3,final,in,3,0.0033727387692977506,48,0.005200095771538768
mamba,mamba_add_rho0_wd0.3_tiersNone,1000,add,0.0,0.3,final,in,4,0.0033591423570046536,49,0.005200095771538768
mamba,mamba_add_rho0_wd0.3_tiersNone,1000,add,0.0,0.3,final,in,5,0.0056318675934377465,13,0.005200095771538768
mamba,mamba_add_rho0_wd0.3_tiersNone,1000,add,0.0,0.3,final,in,6,0.003064217872004598,64,0.005200095771538768
mamba,mamba_add_rho0_wd0.3_tiersNone,1000,add,0.0,0.3,final,in,7,0.0035126103133478375,40,0.005200095771538768
mamba,mamba_add_rho0_wd0.3_tiersNone,1000,add,0.0,0.3,final,in,8,0.0031562519314444824,60,0.005200095771538768
mamba,mamba_add_rho0_wd0.3_tiersNone,1000,add,0.0,0.3,final,in,9,0.00574181999448364,12,0.005200095771538768
mamba,mamba_add_rho0_wd0.3_tiersNone,1000,add,0.0,0.3,final,in,10,0.003651178872173751,29,0.005200095771538768
mamba,mamba_add_rho0_wd0.3_tiersNone,1000,add,0.0,0.3,final,in,11,0.0031365638782251868,61,0.005200095771538768
mamba,mamba_add_rho0_wd0.3_tiersNone,1000,add,0.0,0.3,final,in,12,0.003344605774065742,51,0.005200095771538768
mamba,mamba_add_rho0_wd0.3_tiersNone,1000,add,0.0,0.3,final,in,13,0.004086543167983299,20,0.005200095771538768
mamba,mamba_add_rho0_wd0.3_tiersNone,1000,add,0.0,0.3,final,in,14,0.0036483909352004835,30,0.005200095771538768
mamba,mamba_add_rho0_wd0.3_tiersNone,1000,add,0.0,0.3,final,in,15,0.0061325462902485075,11,0.005200095771538768
mamba,mamba_add_rho0_wd0.3_tiersNone,1000,add,0.0,0.3,final,in,16,0.004881421590879003,15,0.005200095771538768
mamba,mamba_add_rho0_wd0.3_tiersNone,1000,add,0.0,0.3,final,in,17,0.05791247049709326,7,0.005200095771538768
mamba,mamba_add_rho0_wd0.3_tiersNone,1000,add,0.0,0.3,final,in,18,0.003278710176325263,52,0.005200095771538768
mamba,mamba_add_rho0_wd0.3_tiersNone,1000,add,0.0,0.3,final,in,19,0.003558138732081106,36,0.005200095771538768
mamba,mamba_add_rho0_wd0.3_tiersNone,1000,add,0.0,0.3,final,in,20,0.00360683529149096,33,0.005200095771538768
mamba,mamba_add_rho0_wd0.3_tiersNone,1000,add,0.0,0.3,final,in,21,0.00310746973155105,62,0.005200095771538768
mamba,mamba_add_rho0_wd0.3_tiersNone,1000,add,0.0,0.3,final,in,22,0.004016544149618819,22,0.005200095771538768
mamba,mamba_add_rho0_wd0.3_tiersNone,1000,add,0.0,0.3,final,in,23,0.050385671658244806,8,0.005200095771538768
mamba,mamba_add_rho0_wd0.3_tiersNone,1000,add,0.0,0.3,final,in,24,0.0035616098874497984,35,0.005200095771538768
mamba,mamba_add_rho0_wd0.3_tiersNone,1000,add,0.0,0.3,final,in,25,0.0035092681851375423,41,0.005200095771538768
mamba,mamba_add_rho0_wd0.3_tiersNone,1000,add,0.0,0.3,final,in,26,0.0048556229747950316,16,0.005200095771538768
mamba,mamba_add_rho0_wd0.3_tiersNone,1000,add,0.0,0.3,final,in,27,0.004028924812167099,21,0.005200095771538768
mamba,mamba_add_rho0_wd0.3_tiersNone,1000,add,0.0,0.3,final,in,28,0.009529983771085696,10,0.005200095771538768
mamba,mamba_add_rho0_wd0.3_tiersNone,1000,add,0.0,0.3,final,in,29,0.003869147854568567,25,0.005200095771538768
mamba,mamba_add_rho0_wd0.3_tiersNone,1000,add,0.0,0.3,final,in,30,0.003701581373693344,27,0.005200095771538768
mamba,mamba_add_rho0_wd0.3_tiersNone,1000,add,0.0,0.3,final,in,31,0.0030445173689964238,65,0.005200095771538768
mamba,mamba_add_rho0_wd0.3_tiersNone,1000,add,0.0,0.3,final,in,32,0.0029950759335371125,67,0.005200095771538768
mamba,mamba_add_rho0_wd0.3_tiersNone,1000,add,0.0,0.3,final,in,33,0.0032352179519672965,55,0.005200095771538768
mamba,mamba_add_rho0_wd0.3_tiersNone,1000,add,0.0,0.3,final,in,34,0.003987073600147185,23,0.005200095771538768
mamba,mamba_add_rho0_wd0.3_tiersNone,1000,add,0.0,0.3,final,in,35,0.003158026905524323,59,0.005200095771538768
mamba,mamba_add_rho0_wd0.3_tiersNone,1000,add,0.0,0.3,final,in,36,0.002878651258080408,72,0.005200095771538768
mamba,mamba_add_rho0_wd0.3_tiersNone,1000,add,0.0,0.3,final,in,37,0.0029706624720440083,68,0.005200095771538768
mamba,mamba_add_rho0_wd0.3_tiersNone,1000,add,0.0,0.3,final,in,38,0.09510620492738332,4,0.005200095771538768
mamba,mamba_add_rho0_wd0.3_tiersNone,1000,add,0.0,0.3,final,in,39,0.0031774320510935265,57,0.005200095771538768
mamba,mamba_add_rho0_wd0.3_tiersNone,1000,add,0.0,0.3,final,in,40,0.002922468717244602,70,0.005200095771538768
mamba,mamba_add_rho0_wd0.3_tiersNone,1000,add,0.0,0.3,final,in,41,0.002818844865023843,74,0.005200095771538768
mamba,mamba_add_rho0_wd0.3_tiersNone,1000,add,0.0,0.3,final,in,42,0.003449616068351503,44,0.005200095771538768
mamba,mamba_add_rho0_wd0.3_tiersNone,1000,add,0.0,0.3,final,in,43,0.0029194853680192885,71,0.005200095771538768
mamba,mamba_add_rho0_wd0.3_tiersNone,1000,add,0.0,0.3,final,in,44,0.003472972555182407,42,0.005200095771538768
mamba,mamba_add_rho0_wd0.3_tiersNone,1000,add,0.0,0.3,final,in,45,0.002843584008714091,73,0.005200095771538768
mamba,mamba_add_rho0_wd0.3_tiersNone,1000,add,0.0,0.3,final,in,46,0.0038602211361256386,26,0.005200095771538768
mamba,mamba_add_rho0_wd0.3_tiersNone,1000,add,0.0,0.3,final,in,47,0.003268300790512387,54,0.005200095771538768
mamba,mamba_add_rho0_wd0.3_tiersNone,1000,add,0.0,0.3,final,in,48,0.003158621180814155,58,0.005200095771538768
mamba,mamba_add_rho0_wd0.3_tiersNone,1000,add,0.0,0.3,final,in,49,0.0052910304941192485,14,0.005200095771538768
mamba,mamba_add_rho0_wd0.3_tiersNone,1000,add,0.0,0.3,final,in,50,0.09381710970513887,5,0.005200095771538768
mamba,mamba_add_rho0_wd0.3_tiersNone,1000,add,0.0,0.3,final,in,51,0.011126641335419626,9,0.005200095771538768
mamba,mamba_add_rho0_wd0.3_tiersNone,1000,add,0.0,0.3,final,in,52,0.003691641126217905,28,0.005200095771538768
mamba,mamba_add_rho0_wd0.3_tiersNone,1000,add,0.0,0.3,final,in,53,0.003217267652250316,56,0.005200095771538768
mamba,mamba_add_rho0_wd0.3_tiersNone,1000,add,0.0,0.3,final,in,54,0.003638414782016073,32,0.005200095771538768
mamba,mamba_add_rho0_wd0.3_tiersNone,1000,add,0.0,0.3,final,in,55,0.004156342475272392,19,0.005200095771538768
mamba,mamba_add_rho0_wd0.3_tiersNone,1000,add,0.0,0.3,final,in,56,0.003278481092644162,53,0.005200095771538768
mamba,mamba_add_rho0_wd0.3_tiersNone,1000,add,0.0,0.3,final,in,57,0.0039417703386538695,24,0.005200095771538768
mamba,mamba_add_rho0_wd0.3_tiersNone,1000,add,0.0,0.3,final,in,58,0.0034677244122599867,43,0.005200095771538768
mamba,mamba_add_rho0_wd0.3_tiersNone,1000,add,0.0,0.3,final,in,59,0.0036437442015600095,31,0.005200095771538768
mamba,mamba_add_rho0_wd0.3_tiersNone,1000,add,0.0,0.3,final,in,60,0.003397101951503422,47,0.005200095771538768
mamba,mamba_add_rho0_wd0.3_tiersNone,1000,add,0.0,0.3,final,in,61,0.003569998866534336,34,0.005200095771538768
mamba,mamba_add_rho0_wd0.3_tiersNone,1000,add,0.0,0.3,final,in,62,0.0034089115557273315,46,0.005200095771538768
mamba,mamba_add_rho0_wd0.3_tiersNone,1000,add,0.0,0.3,final,in,63,0.003033654940305028,66,0.005200095771538768
mamba,mamba_add_rho0_wd0.3_tiersNone,1000,add,0.0,0.3,final,in,64,0.003537400761988075,37,0.005200095771538768
mamba,mamba_add_rho0_wd0.3_tiersNone,1000,add,0.0,0.3,final,in,65,0.003444092827513584,45,0.005200095771538768
mamba,mamba_add_rho0_wd0.3_tiersNone,1000,add,0.0,0.3,final,in,66,0.0029259045345959647,69,0.005200095771538768
mamba,mamba_add_rho0_wd0.3_tiersNone,1000,add,0.0,0.3,final,in,67,0.1251458198618724,2,0.005200095771538768
mamba,mamba_add_rho0_wd0.3_tiersNone,1000,add,0.0,0.3,final,in,68,0.0033542834691936544,50,0.005200095771538768
mamba,mamba_add_rho0_wd0.3_tiersNone,1000,add,0.0,0.3,final,in,69,0.0030979450559197284,63,0.005200095771538768
mamba,mamba_add_rho0_wd0.3_tiersNone,1000,add,0.0,0.3,final,in,70,0.13029370269733043,1,0.005200095771538768
mamba,mamba_add_rho0_wd0.3_tiersNone,1000,add,0.0,0.3,final,in,71,0.003530843553774092,38,0.005200095771538768
mamba,mamba_add_rho0_wd0.3_tiersNone,1000,add,0.0,0.3,final,in,72,0.09301541339514834,6,0.005200095771538768
mamba,mamba_add_rho0_wd0.3_tiersNone,1000,add,0.0,0.3,final,in,73,0.004852027602120955,17,0.005200095771538768
mamba,mamba_add_rho0_wd0.3_tiersNone,1000,add,0.0,0.3,final,in,74,0.003516084324657752,39,0.005200095771538768
mamba,mamba_add_rho0_wd0.3_tiersNone,1000,add,0.0,0.3,final,out,1,0.12355978803623556,4,0.0008677625797195614
mamba,mamba_add_rho0_wd0.3_tiersNone,1000,add,0.0,0.3,final,out,2,0.0020081489391049704,56,0.0008677625797195614
mamba,mamba_add_rho0_wd0.3_tiersNone,1000,add,0.0,0.3,final,out,3,0.0031360587263395685,16,0.0008677625797195614
mamba,mamba_add_rho0_wd0.3_tiersNone,1000,add,0.0,0.3,final,out,4,0.0020036240824924923,58,0.0008677625797195614
mamba,mamba_add_rho0_wd0.3_tiersNone,1000,add,0.0,0.3,final,out,5,0.0017158633927865687,71,0.0008677625797195614
mamba,mamba_add_rho0_wd0.3_tiersNone,1000,add,0.0,0.3,final,out,6,0.0023710108786552655,34,0.0008677625797195614
mamba,mamba_add_rho0_wd0.3_tiersNone,1000,add,0.0,0.3,final,out,7,0.0020881009212170587,54,0.0008677625797195614
mamba,mamba_add_rho0_wd0.3_tiersNone,1000,add,0.0,0.3,final,out,8,0.0024914939840964753,27,0.0008677625797195614
mamba,mamba_add_rho0_wd0.3_tiersNone,1000,add,0.0,0.3,final,out,9,0.003330189756010356,14,0.0008677625797195614
mamba,mamba_add_rho0_wd0.3_tiersNone,1000,add,0.0,0.3,final,out,10,0.002331901002429791,36,0.0008677625797195614
mamba,mamba_add_rho0_wd0.3_tiersNone,1000,add,0.0,0.3,final,out,11,0.002595911906141678,22,0.0008677625797195614
mamba,mamba_add_rho0_wd0.3_tiersNone,1000,add,0.0,0.3,final,out,12,0.0035144098084633336,12,0.0008677625797195614
mamba,mamba_add_rho0_wd0.3_tiersNone,1000,add,0.0,0.3,final,out,13,0.0028631835681479094,18,0.0008677625797195614
mamba,mamba_add_rho0_wd0.3_tiersNone,1000,add,0.0,0.3,final,out,14,0.0023136635829439354,39,0.0008677625797195614
mamba,mamba_add_rho0_wd0.3_tiersNone,1000,add,0.0,0.3,final,out,15,0.0029870960502891525,17,0.0008677625797195614
mamba,mamba_add_rho0_wd0.3_tiersNone,1000,add,0.0,0.3,final,out,16,0.003391223426407577,13,0.0008677625797195614
mamba,mamba_add_rho0_wd0.3_tiersNone,1000,add,0.0,0.3,final,out,17,0.04465820473091175,7,0.0008677625797195614
mamba,mamba_add_rho0_wd0.3_tiersNone,1000,add,0.0,0.3,final,out,18,0.0025421560133550166,26,0.0008677625797195614
mamba,mamba_add_rho0_wd0.3_tiersNone,1000,add,0.0,0.3,final,out,19,0.00220530357499721,45,0.0008677625797195614
mamba,mamba_add_rho0_wd0.3_tiersNone,1000,add,0.0,0.3,final,out,20,0.0023562232544055537,35,0.0008677625797195614
mamba,mamba_add_rho0_wd0.3_tiersNone,1000,add,0.0,0.3,final,out,21,0.0022483013913041417,42,0.0008677625797195614
mamba,mamba_add_rho0_wd0.3_tiersNone,1000,add,0.0,0.3,final,out,22,0.001936764430522867,62,0.0008677625797195614
mamba,mamba_add_rho0_wd0.3_tiersNone,1000,add,0.0,0.3,final,out,23,0.026443787919523364,8,0.0008677625797195614
mamba,mamba_add_rho0_wd0.3_tiersNone,1000,add,0.0,0.3,final,out,24,0.0020981670073060557,51,0.0008677625797195614
mamba,mamba_add_rho0_wd0.3_tiersNone,1000,add,0.0,0.3,final,out,25,0.0015782050463294492,73,0.0008677625797195614
mamba,mamba_add_rho0_wd0.3_tiersNone,1000,add,0.0,0.3,final,out,26,0.0035778464143283307,11,0.0008677625797195614
mamba,mamba_add_rho0_wd0.3_tiersNone,1000,add,0.0,0.3,final,out,27,0.0019811124806060894,61,0.0008677625797195614
mamba,mamba_add_rho0_wd0.3_tiersNone,1000,add,0.0,0.3,final,out,28,0.006273597512346782,9,0.0008677625797195614
mamba,mamba_add_rho0_wd0.3_tiersNone,1000,add,0.0,0.3,final,out,29,0.0027671438562006973,19,0.0008677625797195614
mamba,mamba_add_rho0_wd0.3_tiersNone,1000,add,0.0,0.3,final,out,30,0.0024750027241395548,28,0.0008677625797195614
mamba,mamba_add_rho0_wd0.3_tiersNone,1000,add,0.0,0.3,final,out,31,0.002472978914100792,29,0.0008677625797195614
mamba,mamba_add_rho0_wd0.3_tiersNone,1000,add,0.0,0.3,final,out,32,0.0018647710290071017,66,0.0008677625797195614
mamba,mamba_add_rho0_wd0.3_tiersNone,1000,add,0.0,0.3,final,out,33,0.00330019102097978,15,0.0008677625797195614
mamba,mamba_add_rho0_wd0.3_tiersNone,1000,add,0.0,0.3,final,out,34,0.0015043751669419965,74,0.0008677625797195614
mamba,mamba_add_rho0_wd0.3_tiersNone,1000,add,0.0,0.3,final,out,35,0.0023300314103463743,37,0.0008677625797195614
mamba,mamba_add_rho0_wd0.3_tiersNone,1000,add,0.0,0.3,final,out,36,0.0022121620226192708,43,0.0008677625797195614
mamba,mamba_add_rho0_wd0.3_tiersNone,1000,add,0.0,0.3,final,out,37,0.0017556433058409243,69,0.0008677625797195614
mamba,mamba_add_rho0_wd0.3_tiersNone,1000,add,0.0,0.3,final,out,38,0.1080699885162525,6,0.0008677625797195614
mamba,mamba_add_rho0_wd0.3_tiersNone,1000,add,0.0,0.3,final,out,39,0.0016708536580287497,72,0.0008677625797195614
mamba,mamba_add_rho0_wd0.3_tiersNone,1000,add,0.0,0.3,final,out,40,0.0021213771343505075,48,0.0008677625797195614
mamba,mamba_add_rho0_wd0.3_tiersNone,1000,add,0.0,0.3,final,out,41,0.0025616613819342635,25,0.0008677625797195614
mamba,mamba_add_rho0_wd0.3_tiersNone,1000,add,0.0,0.3,final,out,42,0.0019892339279451725,59,0.0008677625797195614
mamba,mamba_add_rho0_wd0.3_tiersNone,1000,add,0.0,0.3,final,out,43,0.0024237007077735815,31,0.0008677625797195614
mamba,mamba_add_rho0_wd0.3_tiersNone,1000,add,0.0,0.3,final,out,44,0.0024718797723735884,30,0.0008677625797195614
mamba,mamba_add_rho0_wd0.3_tiersNone,1000,add,0.0,0.3,final,out,45,0.0020319208902261007,55,0.0008677625797195614
mamba,mamba_add_rho0_wd0.3_tiersNone,1000,add,0.0,0.3,final,out,46,0.0019160577760333618,64,0.0008677625797195614
mamba,mamba_add_rho0_wd0.3_tiersNone,1000,add,0.0,0.3,final,out,47,0.0027483828484240066,20,0.0008677625797195614
mamba,mamba_add_rho0_wd0.3_tiersNone,1000,add,0.0,0.3,final,out,48,0.002116606553762277,49,0.0008677625797195614
mamba,mamba_add_rho0_wd0.3_tiersNone,1000,add,0.0,0.3,final,out,49,0.0024211753735463785,32,0.0008677625797195614
mamba,mamba_add_rho0_wd0.3_tiersNone,1000,add,0.0,0.3,final,out,50,0.11138946131508075,5,0.0008677625797195614
mamba,mamba_add_rho0_wd0.3_tiersNone,1000,add,0.0,0.3,final,out,51,0.006070165270448582,10,0.0008677625797195614
mamba,mamba_add_rho0_wd0.3_tiersNone,1000,add,0.0,0.3,final,out,52,0.0019834054513229726,60,0.0008677625797195614
mamba,mamba_add_rho0_wd0.3_tiersNone,1000,add,0.0,0.3,final,out,53,0.0020944333920416697,53,0.0008677625797195614
mamba,mamba_add_rho0_wd0.3_tiersNone,1000,add,0.0,0.3,final,out,54,0.002129452601273034,47,0.0008677625797195614
mamba,mamba_add_rho0_wd0.3_tiersNone,1000,add,0.0,0.3,final,out,55,0.0025951922156439954,23,0.0008677625797195614
mamba,mamba_add_rho0_wd0.3_tiersNone,1000,add,0.0,0.3,final,out,56,0.0018893222933651734,65,0.0008677625797195614
mamba,mamba_add_rho0_wd0.3_tiersNone,1000,add,0.0,0.3,final,out,57,0.0023252850885933612,38,0.0008677625797195614
mamba,mamba_add_rho0_wd0.3_tiersNone,1000,add,0.0,0.3,final,out,58,0.00225700848736627,41,0.0008677625797195614
mamba,mamba_add_rho0_wd0.3_tiersNone,1000,add,0.0,0.3,final,out,59,0.0020962085059301264,52,0.0008677625797195614
mamba,mamba_add_rho0_wd0.3_tiersNone,1000,add,0.0,0.3,final,out,60,0.0024141208103343917,33,0.0008677625797195614
mamba,mamba_add_rho0_wd0.3_tiersNone,1000,add,0.0,0.3,final,out,61,0.0021048841653883185,50,0.0008677625797195614
mamba,mamba_add_rho0_wd0.3_tiersNone,1000,add,0.0,0.3,final,out,62,0.0025714765199622664,24,0.0008677625797195614
mamba,mamba_add_rho0_wd0.3_tiersNone,1000,add,0.0,0.3,final,out,63,0.0018507147770611466,67,0.0008677625797195614
mamba,mamba_add_rho0_wd0.3_tiersNone,1000,add,0.0,0.3,final,out,64,0.0023048271924912696,40,0.0008677625797195614
mamba,mamba_add_rho0_wd0.3_tiersNone,1000,add,0.0,0.3,final,out,65,0.002736997231212246,21,0.0008677625797195614
mamba,mamba_add_rho0_wd0.3_tiersNone,1000,add,0.0,0.3,final,out,66,0.0018157074209980409,68,0.0008677625797195614
mamba,mamba_add_rho0_wd0.3_tiersNone,1000,add,0.0,0.3,final,out,67,0.13988456402577007,2,0.0008677625797195614
mamba,mamba_add_rho0_wd0.3_tiersNone,1000,add,0.0,0.3,final,out,68,0.002209879468671869,44,0.0008677625797195614
mamba,mamba_add_rho0_wd0.3_tiersNone,1000,add,0.0,0.3,final,out,69,0.002180332412724777,46,0.0008677625797195614
mamba,mamba_add_rho0_wd0.3_tiersNone,1000,add,0.0,0.3,final,out,70,0.15992945847315834,1,0.0008677625797195614
mamba,mamba_add_rho0_wd0.3_tiersNone,1000,add,0.0,0.3,final,out,71,0.0019202376292499638,63,0.0008677625797195614
mamba,mamba_add_rho0_wd0.3_tiersNone,1000,add,0.0,0.3,final,out,72,0.1256697167099571,3,0.0008677625797195614
mamba,mamba_add_rho0_wd0.3_tiersNone,1000,add,0.0,0.3,final,out,73,0.0017427841175781562,70,0.0008677625797195614
mamba,mamba_add_rho0_wd0.3_tiersNone,1000,add,0.0,0.3,final,out,74,0.002007888595850723,57,0.0008677625797195614
mamba,mamba_add_rho0_wd0.3_tiersNone,1001,add,0.0,0.3,final,in,1,0.0031787188948869116,61,0.0037630613533599267
mamba,mamba_add_rho0_wd0.3_tiersNone,1001,add,0.0,0.3,final,in,2,0.055225137693552286,6,0.0037630613533599267
mamba,mamba_add_rho0_wd0.3_tiersNone,1001,add,0.0,0.3,final,in,3,0.0034924472052204093,42,0.0037630613533599267
mamba,mamba_add_rho0_wd0.3_tiersNone,1001,add,0.0,0.3,final,in,4,0.004527091336432204,19,0.0037630613533599267
mamba,mamba_add_rho0_wd0.3_tiersNone,1001,add,0.0,0.3,final,in,5,0.003382659546642487,49,0.0037630613533599267
mamba,mamba_add_rho0_wd0.3_tiersNone,1001,add,0.0,0.3,final,in,6,0.00355539844294742,38,0.0037630613533599267
mamba,mamba_add_rho0_wd0.3_tiersNone,1001,add,0.0,0.3,final,in,7,0.002929768256807409,72,0.0037630613533599267
mamba,mamba_add_rho0_wd0.3_tiersNone,1001,add,0.0,0.3,final,in,8,0.0031226657720713974,65,0.0037630613533599267
mamba,mamba_add_rho0_wd0.3_tiersNone,1001,add,0.0,0.3,final,in,9,0.03743605197216802,9,0.0037630613533599267
mamba,mamba_add_rho0_wd0.3_tiersNone,1001,add,0.0,0.3,final,in,10,0.006268939353934661,14,0.0037630613533599267
mamba,mamba_add_rho0_wd0.3_tiersNone,1001,add,0.0,0.3,final,in,11,0.006290039613288528,13,0.0037630613533599267
mamba,mamba_add_rho0_wd0.3_tiersNone,1001,add,0.0,0.3,final,in,12,0.0035754448706425044,35,0.0037630613533599267
mamba,mamba_add_rho0_wd0.3_tiersNone,1001,add,0.0,0.3,final,in,13,0.00352760619768722,39,0.0037630613533599267
mamba,mamba_add_rho0_wd0.3_tiersNone,1001,add,0.0,0.3,final,in,14,0.003146175459860144,63,0.0037630613533599267
mamba,mamba_add_rho0_wd0.3_tiersNone,1001,add,0.0,0.3,final,in,15,0.0039395807389355775,26,0.0037630613533599267
mamba,mamba_add_rho0_wd0.3_tiersNone,1001,add,0.0,0.3,final,in,16,0.002614780557088309,74,0.0037630613533599267
mamba,mamba_add_rho0_wd0.3_tiersNone,1001,add,0.0,0.3,final,in,17,0.0038282998253455227,29,0.0037630613533599267
mamba,mamba_add_rho0_wd0.3_tiersNone,1001,add,0.0,0.3,final,in,18,0.003178436273999082,62,0.0037630613533599267
mamba,mamba_add_rho0_wd0.3_tiersNone,1001,add,0.0,0.3,final,in,19,0.004459063143614202,20,0.0037630613533599267
mamba,mamba_add_rho0_wd0.3_tiersNone,1001,add,0.0,0.3,final,in,20,0.004138600471584673,22,0.0037630613533599267
mamba,mamba_add_rho0_wd0.3_tiersNone,1001,add,0.0,0.3,final,in,21,0.003719093544783474,32,0.0037630613533599267
mamba,mamba_add_rho0_wd0.3_tiersNone,1001,add,0.0,0.3,final,in,22,0.0029839471714119695,70,0.0037630613533599267
mamba,mamba_add_rho0_wd0.3_tiersNone,1001,add,0.0,0.3,final,in,23,0.003876034325142366,28,0.0037630613533599267
mamba,mamba_add_rho0_wd0.3_tiersNone,1001,add,0.0,0.3,final,in,24,0.0035742943801847665,36,0.0037630613533599267
mamba,mamba_add_rho0_wd0.3_tiersNone,1001,add,0.0,0.3,final,in,25,0.003494244534943532,41,0.0037630613533599267
mamba,mamba_add_rho0_wd0.3_tiersNone,1001,add,0.0,0.3,final,in,26,0.004753900301803162,17,0.0037630613533599267
mamba,mamba_add_rho0_wd0.3_tiersNone,1001,add,0.0,0.3,final,in,27,0.0032479507934124402,57,0.0037630613533599267
mamba,mamba_add_rho0_wd0.3_tiersNone,1001,add,0.0,0.3,final,in,28,0.002877480840209381,73,0.0037630613533599267
mamba,mamba_add_rho0_wd0.3_tiersNone,1001,add,0.0,0.3,final,in,29,0.003181477105434779,60,0.0037630613533599267
mamba,mamba_add_rho0_wd0.3_tiersNone,1001,add,0.0,0.3,final,in,30,0.12062521993536962,2,0.0037630613533599267
mamba,mamba_add_rho0_wd0.3_tiersNone,1001,add,0.0,0.3,final,in,31,0.0029314919533474653,71,0.0037630613533599267
mamba,mamba_add_rho0_wd0.3_tiersNone,1001,add,0.0,0.3,final,in,32,0.0030402124816751534,68,0.0037630613533599267
mamba,mamba_add_rho0_wd0.3_tiersNone,1001,add,0.0,0.3,final,in,33,0.004618984772430962,18,0.0037630613533599267
mamba,mamba_add_rho0_wd0.3_tiersNone,1001,add,0.0,0.3,final,in,34,0.0033321684731359197,52,0.0037630613533599267
mamba,mamba_add_rho0_wd0.3_tiersNone,1001,add,0.0,0.3,final,in,35,0.11562060297122267,3,0.0037630613533599267
mamba,mamba_add_rho0_wd0.3_tiersNone,1001,add,0.0,0.3,final,in,36,0.004424531677225968,21,0.0037630613533599267
mamba,mamba_add_rho0_wd0.3_tiersNone,1001,add,0.0,0.3,final,in,37,0.0034134008149678827,48,0.0037630613533599267
mamba,mamba_add_rho0_wd0.3_tiersNone,1001,add,0.0,0.3,final,in,38,0.0034333775211384606,46,0.0037630613533599267
mamba,mamba_add_rho0_wd0.3_tiersNone,1001,add,0.0,0.3,final,in,39,0.003316639991082319,55,0.0037630613533599267
mamba,mamba_add_rho0_wd0.3_tiersNone,1001,add,0.0,0.3,final,in,40,0.003464837779280551,44,0.0037630613533599267
mamba,mamba_add_rho0_wd0.3_tiersNone,1001,add,0.0,0.3,final,in,41,0.0033378149263214216,51,0.0037630613533599267
mamba,mamba_add_rho0_wd0.3_tiersNone,1001,add,0.0,0.3,final,in,42,0.00299566483825291,69,0.0037630613533599267
mamba,mamba_add_rho0_wd0.3_tiersNone,1001,add,0.0,0.3,final,in,43,0.12401090027062113,1,0.0037630613533599267
mamba,mamba_add_rho0_wd0.3_tiersNone,1001,add,0.0,0.3,final,in,44,0.003982276750447929,24,0.0037630613533599267
mamba,mamba_add_rho0_wd0.3_tiersNone,1001,add,0.0,0.3,final,in,45,0.003556971628649145,37,0.0037630613533599267
mamba,mamba_add_rho0_wd0.3_tiersNone,1001,add,0.0,0.3,final,in,46,0.0034802956892848354,43,0.0037630613533599267
mamba,mamba_add_rho0_wd0.3_tiersNone,1001,add,0.0,0.3,final,in,47,0.0033306012997276827,53,0.0037630613533599267
mamba,mamba_add_rho0_wd0.3_tiersNone,1001,add,0.0,0.3,final,in,48,0.003211710419046106,58,0.0037630613533599267
mamba,mamba_add_rho0_wd0.3_tiersNone,1001,add,0.0,0.3,final,in,49,0.004047560500698329,23,0.0037630613533599267
mamba,mamba_add_rho0_wd0.3_tiersNone,1001,add,0.0,0.3,final,in,50,0.052462901495723795,7,0.0037630613533599267
mamba,mamba_add_rho0_wd0.3_tiersNone,1001,add,0.0,0.3,final,in,51,0.0039699935527456815,25,0.0037630613533599267
mamba,mamba_add_rho0_wd0.3_tiersNone,1001,add,0.0,0.3,final,in,52,0.003078771061255453,67,0.0037630613533599267
mamba,mamba_add_rho0_wd0.3_tiersNone,1001,add,0.0,0.3,final,in,53,0.03724745617857113,10,0.0037630613533599267
mamba,mamba_add_rho0_wd0.3_tiersNone,1001,add,0.0,0.3,final,in,54,0.0034434884475859307,45,0.0037630613533599267
mamba,mamba_add_rho0_wd0.3_tiersNone,1001,add,0.0,0.3,final,in,55,0.0050600071015956035,16,0.0037630613533599267
mamba,mamba_add_rho0_wd0.3_tiersNone,1001,add,0.0,0.3,final,in,56,0.0035038650410326414,40,0.0037630613533599267
mamba,mamba_add_rho0_wd0.3_tiersNone,1001,add,0.0,0.3,final,in,57,0.0427035883358999,8,0.0037630613533599267
mamba,mamba_add_rho0_wd0.3_tiersNone,1001,add,0.0,0.3,final,in,58,0.0033292380084023027,54,0.0037630613533599267
mamba,mamba_add_rho0_wd0.3_tiersNone,1001,add,0.0,0.3,final,in,59,0.003812416607670372,31,0.0037630613533599267
mamba,mamba_add_rho0_wd0.3_tiersNone,1001,add,0.0,0.3,final,in,60,0.006075968657940538,15,0.0037630613533599267
mamba,mamba_add_rho0_wd0.3_tiersNone,1001,add,0.0,0.3,final,in,61,0.003424086131290045,47,0.0037630613533599267
mamba,mamba_add_rho0_wd0.3_tiersNone,1001,add,0.0,0.3,final,in,62,0.003633101310874901,33,0.0037630613533599267
mamba,mamba_add_rho0_wd0.3_tiersNone,1001,add,0.0,0.3,final,in,63,0.007316326895156914,11,0.0037630613533599267
mamba,mamba_add_rho0_wd0.3_tiersNone,1001,add,0.0,0.3,final,in,64,0.0717293238189796,5,0.0037630613533599267
mamba,mamba_add_rho0_wd0.3_tiersNone,1001,add,0.0,0.3,final,in,65,0.003612321077330351,34,0.0037630613533599267
mamba,mamba_add_rho0_wd0.3_tiersNone,1001,add,0.0,0.3,final,in,66,0.0038768852033671994,27,0.0037630613533599267
mamba,mamba_add_rho0_wd0.3_tiersNone,1001,add,0.0,0.3,final,in,67,0.003105542737795725,66,0.0037630613533599267
mamba,mamba_add_rho0_wd0.3_tiersNone,1001,add,0.0,0.3,final,in,68,0.0032810167727259786,56,0.0037630613533599267
mamba,mamba_add_rho0_wd0.3_tiersNone,1001,add,0.0,0.3,final,in,69,0.10147913533741025,4,0.0037630613533599267
mamba,mamba_add_rho0_wd0.3_tiersNone,1001,add,0.0,0.3,final,in,70,0.0066069978282673,12,0.0037630613533599267
mamba,mamba_add_rho0_wd0.3_tiersNone,1001,add,0.0,0.3,final,in,71,0.0032110938447546624,59,0.0037630613533599267
mamba,mamba_add_rho0_wd0.3_tiersNone,1001,add,0.0,0.3,final,in,72,0.0033773125831054887,50,0.0037630613533599267
mamba,mamba_add_rho0_wd0.3_tiersNone,1001,add,0.0,0.3,final,in,73,0.003826965454395985,30,0.0037630613533599267
mamba,mamba_add_rho0_wd0.3_tiersNone,1001,add,0.0,0.3,final,in,74,0.0031316031981609336,64,0.0037630613533599267
mamba,mamba_add_rho0_wd0.3_tiersNone,1001,add,0.0,0.3,final,out,1,0.0022344391698139016,51,0.0009585868078515238
mamba,mamba_add_rho0_wd0.3_tiersNone,1001,add,0.0,0.3,final,out,2,0.038586720398164666,8,0.0009585868078515238
mamba,mamba_add_rho0_wd0.3_tiersNone,1001,add,0.0,0.3,final,out,3,0.0022124106738545418,56,0.0009585868078515238
mamba,mamba_add_rho0_wd0.3_tiersNone,1001,add,0.0,0.3,final,out,4,0.0022228475093759173,53,0.0009585868078515238
mamba,mamba_add_rho0_wd0.3_tiersNone,1001,add,0.0,0.3,final,out,5,0.002066756181677352,66,0.0009585868078515238
mamba,mamba_add_rho0_wd0.3_tiersNone,1001,add,0.0,0.3,final,out,6,0.002456813015931614,32,0.0009585868078515238
mamba,mamba_add_rho0_wd0.3_tiersNone,1001,add,0.0,0.3,final,out,7,0.0022713209389684415,47,0.0009585868078515238
mamba,mamba_add_rho0_wd0.3_tiersNone,1001,add,0.0,0.3,final,out,8,0.0021405033512171697,59,0.0009585868078515238
mamba,mamba_add_rho0_wd0.3_tiersNone,1001,add,0.0,0.3,final,out,9,0.023873511406727218,10,0.0009585868078515238
mamba,mamba_add_rho0_wd0.3_tiersNone,1001,add,0.0,0.3,final,out,10,0.002151474236388997,58,0.0009585868078515238
mamba,mamba_add_rho0_wd0.3_tiersNone,1001,add,0.0,0.3,final,out,11,0.0038330492314132734,13,0.0009585868078515238
mamba,mamba_add_rho0_wd0.3_tiersNone,1001,add,0.0,0.3,final,out,12,0.0030691865179526346,19,0.0009585868078515238
mamba,mamba_add_rho0_wd0.3_tiersNone,1001,add,0.0,0.3,final,out,13,0.0033321018434838124,17,0.0009585868078515238
mamba,mamba_add_rho0_wd0.3_tiersNone,1001,add,0.0,0.3,final,out,14,0.002387612008256397,38,0.0009585868078515238
mamba,mamba_add_rho0_wd0.3_tiersNone,1001,add,0.0,0.3,final,out,15,0.003130568204053607,18,0.0009585868078515238
mamba,mamba_add_rho0_wd0.3_tiersNone,1001,add,0.0,0.3,final,out,16,0.00170703808114083,73,0.0009585868078515238
mamba,mamba_add_rho0_wd0.3_tiersNone,1001,add,0.0,0.3,final,out,17,0.0025217246635359596,29,0.0009585868078515238
mamba,mamba_add_rho0_wd0.3_tiersNone,1001,add,0.0,0.3,final,out,18,0.0021016764965974123,63,0.0009585868078515238
mamba,mamba_add_rho0_wd0.3_tiersNone,1001,add,0.0,0.3,final,out,19,0.0028656355120343377,20,0.0009585868078515238
mamba,mamba_add_rho0_wd0.3_tiersNone,1001,add,0.0,0.3,final,out,20,0.002069363650920191,65,0.0009585868078515238
mamba,mamba_add_rho0_wd0.3_tiersNone,1001,add,0.0,0.3,final,out,21,0.0022635680590248064,48,0.0009585868078515238
mamba,mamba_add_rho0_wd0.3_tiersNone,1001,add,0.0,0.3,final,out,22,0.0024447240386411867,35,0.0009585868078515238
mamba,mamba_add_rho0_wd0.3_tiersNone,1001,add,0.0,0.3,final,out,23,0.002230295584167473,52,0.0009585868078515238
mamba,mamba_add_rho0_wd0.3_tiersNone,1001,add,0.0,0.3,final,out,24,0.0023505996097849635,40,0.0009585868078515238
mamba,mamba_add_rho0_wd0.3_tiersNone,1001,add,0.0,0.3,final,out,25,0.0022219363254786227,54,0.0009585868078515238
mamba,mamba_add_rho0_wd0.3_tiersNone,1001,add,0.0,0.3,final,out,26,0.004337928724816509,12,0.0009585868078515238
mamba,mamba_add_rho0_wd0.3_tiersNone,1001,add,0.0,0.3,final,out,27,0.002336264638819809,43,0.0009585868078515238
mamba,mamba_add_rho0_wd0.3_tiersNone,1001,add,0.0,0.3,final,out,28,0.0017391913597352082,72,0.0009585868078515238
mamba,mamba_add_rho0_wd0.3_tiersNone,1001,add,0.0,0.3,final,out,29,0.002621960865409868,26,0.0009585868078515238
mamba,mamba_add_rho0_wd0.3_tiersNone,1001,add,0.0,0.3,final,out,30,0.15652755566379697,1,0.0009585868078515238
mamba,mamba_add_rho0_wd0.3_tiersNone,1001,add,0.0,0.3,final,out,31,0.0016378030065972464,74,0.0009585868078515238
mamba,mamba_add_rho0_wd0.3_tiersNone,1001,add,0.0,0.3,final,out,32,0.002521550263616736,30,0.0009585868078515238
mamba,mamba_add_rho0_wd0.3_tiersNone,1001,add,0.0,0.3,final,out,33,0.0022452509034134004,50,0.0009585868078515238
mamba,mamba_add_rho0_wd0.3_tiersNone,1001,add,0.0,0.3,final,out,34,0.002627149321462251,25,0.0009585868078515238
mamba,mamba_add_rho0_wd0.3_tiersNone,1001,add,0.0,0.3,final,out,35,0.14035588477719008,3,0.0009585868078515238
mamba,mamba_add_rho0_wd0.3_tiersNone,1001,add,0.0,0.3,final,out,36,0.0038111631586694697,14,0.0009585868078515238
mamba,mamba_add_rho0_wd0.3_tiersNone,1001,add,0.0,0.3,final,out,37,0.0021004183163259834,64,0.0009585868078515238
mamba,mamba_add_rho0_wd0.3_tiersNone,1001,add,0.0,0.3,final,out,38,0.002322874726223443,44,0.0009585868078515238
mamba,mamba_add_rho0_wd0.3_tiersNone,1001,add,0.0,0.3,final,out,39,0.0022546383396761308,49,0.0009585868078515238
mamba,mamba_add_rho0_wd0.3_tiersNone,1001,add,0.0,0.3,final,out,40,0.0019173784500871765,71,0.0009585868078515238
mamba,mamba_add_rho0_wd0.3_tiersNone,1001,add,0.0,0.3,final,out,41,0.0022925520561023695,46,0.0009585868078515238
mamba,mamba_add_rho0_wd0.3_tiersNone,1001,add,0.0,0.3,final,out,42,0.002348201400038073,41,0.0009585868078515238
mamba,mamba_add_rho0_wd0.3_tiersNone,1001,add,0.0,0.3,final,out,43,0.1509230528445615,2,0.0009585868078515238
mamba,mamba_add_rho0_wd0.3_tiersNone,1001,add,0.0,0.3,final,out,44,0.002741531507342183,22,0.0009585868078515238
mamba,mamba_add_rho0_wd0.3_tiersNone,1001,add,0.0,0.3,final,out,45,0.0021181827457891823,62,0.0009585868078515238
mamba,mamba_add_rho0_wd0.3_tiersNone,1001,add,0.0,0.3,final,out,46,0.002390733836606732,37,0.0009585868078515238
mamba,mamba_add_rho0_wd0.3_tiersNone,1001,add,0.0,0.3,final,out,47,0.0022131540837145107,55,0.0009585868078515238
mamba,mamba_add_rho0_wd0.3_tiersNone,1001,add,0.0,0.3,final,out,48,0.0025632530769432445,27,0.0009585868078515238
mamba,mamba_add_rho0_wd0.3_tiersNone,1001,add,0.0,0.3,final,out,49,0.0023688991450995086,39,0.0009585868078515238
mamba,mamba_add_rho0_wd0.3_tiersNone,1001,add,0.0,0.3,final,out,50,0.06742601114265576,6,0.0009585868078515238
mamba,mamba_add_rho0_wd0.3_tiersNone,1001,add,0.0,0.3,final,out,51,0.0034506661158007304,15,0.0009585868078515238
mamba,mamba_add_rho0_wd0.3_tiersNone,1001,add,0.0,0.3,final,out,52,0.0019502145712561954,70,0.0009585868078515238
mamba,mamba_add_rho0_wd0.3_tiersNone,1001,add,0.0,0.3,final,out,53,0.04499610146460132,7,0.0009585868078515238
mamba,mamba_add_rho0_wd0.3_tiersNone,1001,add,0.0,0.3,final,out,54,0.0028147493884985056,21,0.0009585868078515238
mamba,mamba_add_rho0_wd0.3_tiersNone,1001,add,0.0,0.3,final,out,55,0.005266524254220937,11,0.0009585868078515238
mamba,mamba_add_rho0_wd0.3_tiersNone,1001,add,0.0,0.3,final,out,56,0.0025340759066979487,28,0.0009585868078515238
mamba,mamba_add_rho0_wd0.3_tiersNone,1001,add,0.0,0.3,final,out,57,0.032312918103125116,9,0.0009585868078515238
mamba,mamba_add_rho0_wd0.3_tiersNone,1001,add,0.0,0.3,final,out,58,0.0024516019425167065,34,0.0009585868078515238
mamba,mamba_add_rho0_wd0.3_tiersNone,1001,add,0.0,0.3,final,out,59,0.00213647631847602,60,0.0009585868078515238
mamba,mamba_add_rho0_wd0.3_tiersNone,1001,add,0.0,0.3,final,out,60,0.001957040175790853,68,0.0009585868078515238
mamba,mamba_add_rho0_wd0.3_tiersNone,1001,add,0.0,0.3,final,out,61,0.0023082018365417527,45,0.0009585868078515238
mamba,mamba_add_rho0_wd0.3_tiersNone,1001,add,0.0,0.3,final,out,62,0.0024663720048829865,31,0.0009585868078515238
mamba,mamba_add_rho0_wd0.3_tiersNone,1001,add,0.0,0.3,final,out,63,0.0026827652714057418,23,0.0009585868078515238
mamba,mamba_add_rho0_wd0.3_tiersNone,1001,add,0.0,0.3,final,out,64,0.08861429830057632,5,0.0009585868078515238
mamba,mamba_add_rho0_wd0.3_tiersNone,1001,add,0.0,0.3,final,out,65,0.00195185921412587,69,0.0009585868078515238
mamba,mamba_add_rho0_wd0.3_tiersNone,1001,add,0.0,0.3,final,out,66,0.002340520264482725,42,0.0009585868078515238
mamba,mamba_add_rho0_wd0.3_tiersNone,1001,add,0.0,0.3,final,out,67,0.002428398041128958,36,0.0009585868078515238
mamba,mamba_add_rho0_wd0.3_tiersNone,1001,add,0.0,0.3,final,out,68,0.0019694615789752077,67,0.0009585868078515238
mamba,mamba_add_rho0_wd0.3_tiersNone,1001,add,0.0,0.3,final,out,69,0.09712181398909096,4,0.0009585868078515238
mamba,mamba_add_rho0_wd0.3_tiersNone,1001,add,0.0,0.3,final,out,70,0.002451759804238784,33,0.0009585868078515238
mamba,mamba_add_rho0_wd0.3_tiersNone,1001,add,0.0,0.3,final,out,71,0.002209971966120345,57,0.0009585868078515238
mamba,mamba_add_rho0_wd0.3_tiersNone,1001,add,0.0,0.3,final,out,72,0.0026359364394742363,24,0.0009585868078515238
mamba,mamba_add_rho0_wd0.3_tiersNone,1001,add,0.0,0.3,final,out,73,0.0033399494451010177,16,0.0009585868078515238
mamba,mamba_add_rho0_wd0.3_tiersNone,1001,add,0.0,0.3,final,out,74,0.002119862539572177,61,0.0009585868078515238
mamba,mamba_add_rho0_wd0.3_tiersNone,1002,add,0.0,0.3,final,in,1,0.0036411113911270377,33,0.00565186334094172
mamba,mamba_add_rho0_wd0.3_tiersNone,1002,add,0.0,0.3,final,in,2,0.002823586252816462,70,0.00565186334094172
mamba,mamba_add_rho0_wd0.3_tiersNone,1002,add,0.0,0.3,final,in,3,0.0032509548089986184,51,0.00565186334094172
mamba,mamba_add_rho0_wd0.3_tiersNone,1002,add,0.0,0.3,final,in,4,0.003241248700165361,52,0.00565186334094172
mamba,mamba_add_rho0_wd0.3_tiersNone,1002,add,0.0,0.3,final,in,5,0.0031456484540253607,57,0.00565186334094172
mamba,mamba_add_rho0_wd0.3_tiersNone,1002,add,0.0,0.3,final,in,6,0.003489281140779078,37,0.00565186334094172
mamba,mamba_add_rho0_wd0.3_tiersNone,1002,add,0.0,0.3,final,in,7,0.0026419071486505135,73,0.00565186334094172
mamba,mamba_add_rho0_wd0.3_tiersNone,1002,add,0.0,0.3,final,in,8,0.003719151076869085,28,0.00565186334094172
mamba,mamba_add_rho0_wd0.3_tiersNone,1002,add,0.0,0.3,final,in,9,0.006512635526150498,14,0.00565186334094172
mamba,mamba_add_rho0_wd0.3_tiersNone,1002,add,0.0,0.3,final,in,10,0.0033504844962348916,43,0.00565186334094172
mamba,mamba_add_rho0_wd0.3_tiersNone,1002,add,0.0,0.3,final,in,11,0.0449797873464212,9,0.00565186334094172
mamba,mamba_add_rho0_wd0.3_tiersNone,1002,add,0.0,0.3,final,in,12,0.08316860882696321,5,0.00565186334094172
mamba,mamba_add_rho0_wd0.3_tiersNone,1002,add,0.0,0.3,final,in,13,0.002927176179277893,67,0.00565186334094172
mamba,mamba_add_rho0_wd0.3_tiersNone,1002,add,0.0,0.3,final,in,14,0.0032855386294165364,46,0.00565186334094172
mamba,mamba_add_rho0_wd0.3_tiersNone,1002,add,0.0,0.3,final,in,15,0.00300074452767871,63,0.00565186334094172
mamba,mamba_add_rho0_wd0.3_tiersNone,1002,add,0.0,0.3,final,in,16,0.0029034183567644735,68,0.00565186334094172
mamba,mamba_add_rho0_wd0.3_tiersNone,1002,add,0.0,0.3,final,in,17,0.0032823492041785503,48,0.00565186334094172
mamba,mamba_add_rho0_wd0.3_tiersNone,1002,add,0.0,0.3,final,in,18,0.003226619803462581,54,0.00565186334094172
mamba,mamba_add_rho0_wd0.3_tiersNone,1002,add,0.0,0.3,final,in,19,0.003572326590727541,35,0.00565186334094172
mamba,mamba_add_rho0_wd0.3_tiersNone,1002,add,0.0,0.3,final,in,20,0.0980038842373756,1,0.00565186334094172
mamba,mamba_add_rho0_wd0.3_tiersNone,1002,add,0.0,0.3,final,in,21,0.0029483996893234555,65,0.00565186334094172
mamba,mamba_add_rho0_wd0.3_tiersNone,1002,add,0.0,0.3,final,in,22,0.003084851426498052,59,0.00565186334094172
mamba,mamba_add_rho0_wd0.3_tiersNone,1002,add,0.0,0.3,final,in,23,0.003724117482815269,27,0.00565186334094172
mamba,mamba_add_rho0_wd0.3_tiersNone,1002,add,0.0,0.3,final,in,24,0.003999029039900388,18,0.00565186334094172
mamba,mamba_add_rho0_wd0.3_tiersNone,1002,add,0.0,0.3,final,in,25,0.007449424979225055,12,0.00565186334094172
mamba,mamba_add_rho0_wd0.3_tiersNone,1002,add,0.0,0.3,final,in,26,0.00341858851826694,41,0.00565186334094172
mamba,mamba_add_rho0_wd0.3_tiersNone,1002,add,0.0,0.3,final,in,27,0.003298266175018137,45,0.00565186334094172
mamba,mamba_add_rho0_wd0.3_tiersNone,1002,add,0.0,0.3,final,in,28,0.005289448501686717,16,0.00565186334094172
mamba,mamba_add_rho0_wd0.3_tiersNone,1002,add,0.0,0.3,final,in,29,0.0034618351725891386,38,0.00565186334094172
mamba,mamba_add_rho0_wd0.3_tiersNone,1002,add,0.0,0.3,final,in,30,0.0029932933322133377,64,0.00565186334094172
mamba,mamba_add_rho0_wd0.3_tiersNone,1002,add,0.0,0.3,final,in,31,0.003745293731223995,25,0.00565186334094172
mamba,mamba_add_rho0_wd0.3_tiersNone,1002,add,0.0,0.3,final,in,32,0.0030681137740991827,61,0.00565186334094172
mamba,mamba_add_rho0_wd0.3_tiersNone,1002,add,0.0,0.3,final,in,33,0.0033261376798115992,44,0.00565186334094172
mamba,mamba_add_rho0_wd0.3_tiersNone,1002,add,0.0,0.3,final,in,34,0.0032085216749148187,56,0.00565186334094172
mamba,mamba_add_rho0_wd0.3_tiersNone,1002,add,0.0,0.3,final,in,35,0.08551015380263077,3,0.00565186334094172
mamba,mamba_add_rho0_wd0.3_tiersNone,1002,add,0.0,0.3,final,in,36,0.003097165821356686,58,0.00565186334094172
mamba,mamba_add_rho0_wd0.3_tiersNone,1002,add,0.0,0.3,final,in,37,0.08391907474187793,4,0.00565186334094172
mamba,mamba_add_rho0_wd0.3_tiersNone,1002,add,0.0,0.3,final,in,38,0.0750004603567004,7,0.00565186334094172
mamba,mamba_add_rho0_wd0.3_tiersNone,1002,add,0.0,0.3,final,in,39,0.0037966211009844704,21,0.00565186334094172
mamba,mamba_add_rho0_wd0.3_tiersNone,1002,add,0.0,0.3,final,in,40,0.0032332138963023396,53,0.00565186334094172
mamba,mamba_add_rho0_wd0.3_tiersNone,1002,add,0.0,0.3,final,in,41,0.0029272198846650604,66,0.00565186334094172
mamba,mamba_add_rho0_wd0.3_tiersNone,1002,add,0.0,0.3,final,in,42,0.0858047647247814,2,0.00565186334094172
mamba,mamba_add_rho0_wd0.3_tiersNone,1002,add,0.0,0.3,final,in,43,0.004200976828628217,17,0.00565186334094172
mamba,mamba_add_rho0_wd0.3_tiersNone,1002,add,0.0,0.3,final,in,44,0.0036729648607350023,32,0.00565186334094172
mamba,mamba_add_rho0_wd0.3_tiersNone,1002,add,0.0,0.3,final,in,45,0.0036883100559214465,31,0.00565186334094172
mamba,mamba_add_rho0_wd0.3_tiersNone,1002,add,0.0,0.3,final,in,46,0.0027340739773078285,72,0.00565186334094172
mamba,mamba_add_rho0_wd0.3_tiersNone,1002,add,0.0,0.3,final,in,47,0.003930349659254657,19,0.00565186334094172
mamba,mamba_add_rho0_wd0.3_tiersNone,1002,add,0.0,0.3,final,in,48,0.0032628019490862077,50,0.00565186334094172
mamba,mamba_add_rho0_wd0.3_tiersNone,1002,add,0.0,0.3,final,in,49,0.03906282991664825,11,0.00565186334094172
mamba,mamba_add_rho0_wd0.3_tiersNone,1002,add,0.0,0.3,final,in,50,0.0037930997309362393,22,0.00565186334094172
mamba,mamba_add_rho0_wd0.3_tiersNone,1002,add,0.0,0.3,final,in,51,0.08113017634157517,6,0.00565186334094172
mamba,mamba_add_rho0_wd0.3_tiersNone,1002,add,0.0,0.3,final,in,52,0.006631586289151108,13,0.00565186334094172
mamba,mamba_add_rho0_wd0.3_tiersNone,1002,add,0.0,0.3,final,in,53,0.05297699797256236,8,0.00565186334094172
mamba,mamba_add_rho0_wd0.3_tiersNone,1002,add,0.0,0.3,final,in,54,0.0025775892874850236,74,0.00565186334094172
mamba,mamba_add_rho0_wd0.3_tiersNone,1002,add,0.0,0.3,final,in,55,0.003282709180693578,47,0.00565186334094172
mamba,mamba_add_rho0_wd0.3_tiersNone,1002,add,0.0,0.3,final,in,56,0.003005708085740727,62,0.00565186334094172
mamba,mamba_add_rho0_wd0.3_tiersNone,1002,add,0.0,0.3,final,in,57,0.0037435558005559175,26,0.00565186334094172
mamba,mamba_add_rho0_wd0.3_tiersNone,1002,add,0.0,0.3,final,in,58,0.003213305007820286,55,0.00565186334094172
mamba,mamba_add_rho0_wd0.3_tiersNone,1002,add,0.0,0.3,final,in,59,0.003821589431990738,20,0.00565186334094172
mamba,mamba_add_rho0_wd0.3_tiersNone,1002,add,0.0,0.3,final,in,60,0.003278517571894008,49,0.00565186334094172
mamba,mamba_add_rho0_wd0.3_tiersNone,1002,add,0.0,0.3,final,in,61,0.003758630584564658,23,0.00565186334094172
mamba,mamba_add_rho0_wd0.3_tiersNone,1002,add,0.0,0.3,final,in,62,0.003071035063442357,60,0.00565186334094172
mamba,mamba_add_rho0_wd0.3_tiersNone,1002,add,0.0,0.3,final,in,63,0.0036102039949969743,34,0.00565186334094172
mamba,mamba_add_rho0_wd0.3_tiersNone,1002,add,0.0,0.3,final,in,64,0.044132481022591985,10,0.00565186334094172
mamba,mamba_add_rho0_wd0.3_tiersNone,1002,add,0.0,0.3,final,in,65,0.0033518902524069033,42,0.00565186334094172
mamba,mamba_add_rho0_wd0.3_tiersNone,1002,add,0.0,0.3,final,in,66,0.0064173408406091636,15,0.00565186334094172
mamba,mamba_add_rho0_wd0.3_tiersNone,1002,add,0.0,0.3,final,in,67,0.003524792676664981,36,0.00565186334094172
mamba,mamba_add_rho0_wd0.3_tiersNone,1002,add,0.0,0.3,final,in,68,0.0027430658991983055,71,0.00565186334094172
mamba,mamba_add_rho0_wd0.3_tiersNone,1002,add,0.0,0.3,final,in,69,0.003710998422950774,30,0.00565186334094172
mamba,mamba_add_rho0_wd0.3_tiersNone,1002,add,0.0,0.3,final,in,70,0.0037569180789146475,24,0.00565186334094172
mamba,mamba_add_rho0_wd0.3_tiersNone,1002,add,0.0,0.3,final,in,71,0.0034229131892916168,40,0.00565186334094172
mamba,mamba_add_rho0_wd0.3_tiersNone,1002,add,0.0,0.3,final,in,72,0.002884226920466942,69,0.00565186334094172
mamba,mamba_add_rho0_wd0.3_tiersNone,1002,add,0.0,0.3,final,in,73,0.0034258799556319743,39,0.00565186334094172
mamba,mamba_add_rho0_wd0.3_tiersNone,1002,add,0.0,0.3,final,in,74,0.0037120229453136114,29,0.00565186334094172
mamba,mamba_add_rho0_wd0.3_tiersNone,1002,add,0.0,0.3,final,out,1,0.0029240918163387494,22,0.000947683256153539
mamba,mamba_add_rho0_wd0.3_tiersNone,1002,add,0.0,0.3,final,out,2,0.002294727019287751,44,0.000947683256153539
mamba,mamba_add_rho0_wd0.3_tiersNone,1002,add,0.0,0.3,final,out,3,0.0023746830344228698,41,0.000947683256153539
mamba,mamba_add_rho0_wd0.3_tiersNone,1002,add,0.0,0.3,final,out,4,0.0021293035921266922,55,0.000947683256153539
mamba,mamba_add_rho0_wd0.3_tiersNone,1002,add,0.0,0.3,final,out,5,0.0027282483808566153,29,0.000947683256153539
mamba,mamba_add_rho0_wd0.3_tiersNone,1002,add,0.0,0.3,final,out,6,0.002567210970285812,32,0.000947683256153539
mamba,mamba_add_rho0_wd0.3_tiersNone,1002,add,0.0,0.3,final,out,7,0.0019377183067856582,66,0.000947683256153539
mamba,mamba_add_rho0_wd0.3_tiersNone,1002,add,0.0,0.3,final,out,8,0.0028408251156774524,23,0.000947683256153539
mamba,mamba_add_rho0_wd0.3_tiersNone,1002,add,0.0,0.3,final,out,9,0.004402113949284463,12,0.000947683256153539
mamba,mamba_add_rho0_wd0.3_tiersNone,1002,add,0.0,0.3,final,out,10,0.0018716520508218447,71,0.000947683256153539
mamba,mamba_add_rho0_wd0.3_tiersNone,1002,add,0.0,0.3,final,out,11,0.03559468862217097,10,0.000947683256153539
mamba,mamba_add_rho0_wd0.3_tiersNone,1002,add,0.0,0.3,final,out,12,0.09314349197078269,6,0.000947683256153539
mamba,mamba_add_rho0_wd0.3_tiersNone,1002,add,0.0,0.3,final,out,13,0.002207813554852737,52,0.000947683256153539
mamba,mamba_add_rho0_wd0.3_tiersNone,1002,add,0.0,0.3,final,out,14,0.0025946456653582473,30,0.000947683256153539
mamba,mamba_add_rho0_wd0.3_tiersNone,1002,add,0.0,0.3,final,out,15,0.002092298269754011,59,0.000947683256153539
mamba,mamba_add_rho0_wd0.3_tiersNone,1002,add,0.0,0.3,final,out,16,0.0021208528185285474,58,0.000947683256153539
mamba,mamba_add_rho0_wd0.3_tiersNone,1002,add,0.0,0.3,final,out,17,0.002374783996638167,40,0.000947683256153539
mamba,mamba_add_rho0_wd0.3_tiersNone,1002,add,0.0,0.3,final,out,18,0.002398951829514817,39,0.000947683256153539
mamba,mamba_add_rho0_wd0.3_tiersNone,1002,add,0.0,0.3,final,out,19,0.002289547155110643,47,0.000947683256153539
mamba,mamba_add_rho0_wd0.3_tiersNone,1002,add,0.0,0.3,final,out,20,0.11865784392231528,1,0.000947683256153539
mamba,mamba_add_rho0_wd0.3_tiersNone,1002,add,0.0,0.3,final,out,21,0.0018710043104056423,72,0.000947683256153539
mamba,mamba_add_rho0_wd0.3_tiersNone,1002,add,0.0,0.3,final,out,22,0.002033732738724511,61,0.000947683256153539
mamba,mamba_add_rho0_wd0.3_tiersNone,1002,add,0.0,0.3,final,out,23,0.0031398241141058695,17,0.000947683256153539
mamba,mamba_add_rho0_wd0.3_tiersNone,1002,add,0.0,0.3,final,out,24,0.0029303142845880574,21,0.000947683256153539
mamba,mamba_add_rho0_wd0.3_tiersNone,1002,add,0.0,0.3,final,out,25,0.004394781295637689,13,0.000947683256153539
mamba,mamba_add_rho0_wd0.3_tiersNone,1002,add,0.0,0.3,final,out,26,0.002356877611633124,42,0.000947683256153539
mamba,mamba_add_rho0_wd0.3_tiersNone,1002,add,0.0,0.3,final,out,27,0.0020329366522981412,62,0.000947683256153539
mamba,mamba_add_rho0_wd0.3_tiersNone,1002,add,0.0,0.3,final,out,28,0.003314535339163433,16,0.000947683256153539
mamba,mamba_add_rho0_wd0.3_tiersNone,1002,add,0.0,0.3,final,out,29,0.002344070104330704,43,0.000947683256153539
mamba,mamba_add_rho0_wd0.3_tiersNone,1002,add,0.0,0.3,final,out,30,0.0022231008810201284,50,0.000947683256153539
mamba,mamba_add_rho0_wd0.3_tiersNone,1002,add,0.0,0.3,final,out,31,0.0025086148733158573,37,0.000947683256153539
mamba,mamba_add_rho0_wd0.3_tiersNone,1002,add,0.0,0.3,final,out,32,0.002127310247460741,57,0.000947683256153539
mamba,mamba_add_rho0_wd0.3_tiersNone,1002,add,0.0,0.3,final,out,33,0.002545817609719853,34,0.000947683256153539
mamba,mamba_add_rho0_wd0.3_tiersNone,1002,add,0.0,0.3,final,out,34,0.0022800856335734535,48,0.000947683256153539
mamba,mamba_add_rho0_wd0.3_tiersNone,1002,add,0.0,0.3,final,out,35,0.11201873493025723,2,0.000947683256153539
mamba,mamba_add_rho0_wd0.3_tiersNone,1002,add,0.0,0.3,final,out,36,0.0021982244006218546,53,0.000947683256153539
mamba,mamba_add_rho0_wd0.3_tiersNone,1002,add,0.0,0.3,final,out,37,0.10136819717615735,3,0.000947683256153539
mamba,mamba_add_rho0_wd0.3_tiersNone,1002,add,0.0,0.3,final,out,38,0.07744126450150067,7,0.000947683256153539
mamba,mamba_add_rho0_wd0.3_tiersNone,1002,add,0.0,0.3,final,out,39,0.002747775744473185,27,0.000947683256153539
mamba,mamba_add_rho0_wd0.3_tiersNone,1002,add,0.0,0.3,final,out,40,0.0019370275319142327,67,0.000947683256153539
mamba,mamba_add_rho0_wd0.3_tiersNone,1002,add,0.0,0.3,final,out,41,0.0018373862227959042,73,0.000947683256153539
mamba,mamba_add_rho0_wd0.3_tiersNone,1002,add,0.0,0.3,final,out,42,0.10128766811932126,4,0.000947683256153539
mamba,mamba_add_rho0_wd0.3_tiersNone,1002,add,0.0,0.3,final,out,43,0.0022910974317087345,46,0.000947683256153539
mamba,mamba_add_rho0_wd0.3_tiersNone,1002,add,0.0,0.3,final,out,44,0.0021887601262637326,54,0.000947683256153539
mamba,mamba_add_rho0_wd0.3_tiersNone,1002,add,0.0,0.3,final,out,45,0.002294033254428508,45,0.000947683256153539
mamba,mamba_add_rho0_wd0.3_tiersNone,1002,add,0.0,0.3,final,out,46,0.0018790555659220886,69,0.000947683256153539
mamba,mamba_add_rho0_wd0.3_tiersNone,1002,add,0.0,0.3,final,out,47,0.003052095205225803,18,0.000947683256153539
mamba,mamba_add_rho0_wd0.3_tiersNone,1002,add,0.0,0.3,final,out,48,0.002057410198821857,60,0.000947683256153539
mamba,mamba_add_rho0_wd0.3_tiersNone,1002,add,0.0,0.3,final,out,49,0.03887512974033145,9,0.000947683256153539
mamba,mamba_add_rho0_wd0.3_tiersNone,1002,add,0.0,0.3,final,out,50,0.002934421032137474,20,0.000947683256153539
mamba,mamba_add_rho0_wd0.3_tiersNone,1002,add,0.0,0.3,final,out,51,0.09344677264505165,5,0.000947683256153539
mamba,mamba_add_rho0_wd0.3_tiersNone,1002,add,0.0,0.3,final,out,52,0.003885063023346289,14,0.000947683256153539
mamba,mamba_add_rho0_wd0.3_tiersNone,1002,add,0.0,0.3,final,out,53,0.041917921431667886,8,0.000947683256153539
mamba,mamba_add_rho0_wd0.3_tiersNone,1002,add,0.0,0.3,final,out,54,0.001998723167229796,64,0.000947683256153539
mamba,mamba_add_rho0_wd0.3_tiersNone,1002,add,0.0,0.3,final,out,55,0.0028398668040665502,24,0.000947683256153539
mamba,mamba_add_rho0_wd0.3_tiersNone,1002,add,0.0,0.3,final,out,56,0.0019487885483222185,65,0.000947683256153539
mamba,mamba_add_rho0_wd0.3_tiersNone,1002,add,0.0,0.3,final,out,57,0.0025535218808846053,33,0.000947683256153539
mamba,mamba_add_rho0_wd0.3_tiersNone,1002,add,0.0,0.3,final,out,58,0.0020301669160086035,63,0.000947683256153539
mamba,mamba_add_rho0_wd0.3_tiersNone,1002,add,0.0,0.3,final,out,59,0.0027602912951174424,26,0.000947683256153539
mamba,mamba_add_rho0_wd0.3_tiersNone,1002,add,0.0,0.3,final,out,60,0.0022741216526542354,49,0.000947683256153539
mamba,mamba_add_rho0_wd0.3_tiersNone,1002,add,0.0,0.3,final,out,61,0.002799089506379142,25,0.000947683256153539
mamba,mamba_add_rho0_wd0.3_tiersNone,1002,add,0.0,0.3,final,out,62,0.00221950359482043,51,0.000947683256153539
mamba,mamba_add_rho0_wd0.3_tiersNone,1002,add,0.0,0.3,final,out,63,0.0025931317962542776,31,0.000947683256153539
mamba,mamba_add_rho0_wd0.3_tiersNone,1002,add,0.0,0.3,final,out,64,0.03003376144199914,11,0.000947683256153539
mamba,mamba_add_rho0_wd0.3_tiersNone,1002,add,0.0,0.3,final,out,65,0.00177644406377004,74,0.000947683256153539
mamba,mamba_add_rho0_wd0.3_tiersNone,1002,add,0.0,0.3,final,out,66,0.0037738519085019373,15,0.000947683256153539
mamba,mamba_add_rho0_wd0.3_tiersNone,1002,add,0.0,0.3,final,out,67,0.002456886229138124,38,0.000947683256153539
mamba,mamba_add_rho0_wd0.3_tiersNone,1002,add,0.0,0.3,final,out,68,0.001876828090213226,70,0.000947683256153539
mamba,mamba_add_rho0_wd0.3_tiersNone,1002,add,0.0,0.3,final,out,69,0.00251481949044505,36,0.000947683256153539
mamba,mamba_add_rho0_wd0.3_tiersNone,1002,add,0.0,0.3,final,out,70,0.002967926833229438,19,0.000947683256153539
mamba,mamba_add_rho0_wd0.3_tiersNone,1002,add,0.0,0.3,final,out,71,0.0027317658413157533,28,0.000947683256153539
mamba,mamba_add_rho0_wd0.3_tiersNone,1002,add,0.0,0.3,final,out,72,0.0018993216375432728,68,0.000947683256153539
mamba,mamba_add_rho0_wd0.3_tiersNone,1002,add,0.0,0.3,final,out,73,0.0021288736099769755,56,0.000947683256153539
mamba,mamba_add_rho0_wd0.3_tiersNone,1002,add,0.0,0.3,final,out,74,0.0025157796732912002,35,0.000947683256153539
