arch,condition,seed,task,rho,wd,step,basis,side,mode,energy_share,rank,dc_share
kimi,kimi_div_rho0.02_wd0.1_tiersNone,1000,div,0.02,0.1,final,dlog,in,1,0.0066414783536777496,41,0.0064653756813070964
kimi,kimi_div_rho0.02_wd0.1_tiersNone,1000,div,0.02,0.1,final,dlog,in,2,0.004924129529887452,68,0.0064653756813070964
kimi,kimi_div_rho0.02_wd0.1_tiersNone,1000,div,0.02,0.1,final,dlog,in,3,0.005646599587865003,57,0.0064653756813070964
kimi,kimi_div_rho0.02_wd0.1_tiersNone,1000,div,0.02,0.1,final,dlog,in,4,0.00536424260010473,60,0.0064653756813070964
kimi,kimi_div_rho0.02_wd0.1_tiersNone,1000,div,0.02,0.1,final,dlog,in,5,0.07808837241907231,3,0.0064653756813070964
kimi,kimi_div_rho0.02_wd0.1_tiersNone,1000,div,0.02,0.1,final,dlog,in,6,0.006579158781983316,43,0.0064653756813070964
kimi,kimi_div_rho0.02_wd0.1_tiersNone,1000,div,0.02,0.1,final,dlog,in,7,0.004678483475053405,71,0.0064653756813070964
kimi,kimi_div_rho0.02_wd0.1_tiersNone,1000,div,0.02,0.1,final,dlog,in,8,0.007826134206099416,20,0.0064653756813070964
kimi,kimi_div_rho0.02_wd0.1_tiersNone,1000,div,0.02,0.1,final,dlog,in,9,0.005801628122052972,53,0.0064653756813070964
kimi,kimi_div_rho0.02_wd0.1_tiersNone,1000,div,0.02,0.1,final,dlog,in,10,0.007284647673448499,27,0.0064653756813070964
kimi,kimi_div_rho0.02_wd0.1_tiersNone,1000,div,0.02,0.1,final,dlog,in,11,0.00708189522085686,32,0.0064653756813070964
kimi,kimi_div_rho0.02_wd0.1_tiersNone,1000,div,0.02,0.1,final,dlog,in,12,0.005194285734173096,63,0.0064653756813070964
kimi,kimi_div_rho0.02_wd0.1_tiersNone,1000,div,0.02,0.1,final,dlog,in,13,0.0065588512335813705,44,0.0064653756813070964
kimi,kimi_div_rho0.02_wd0.1_tiersNone,1000,div,0.02,0.1,final,dlog,in,14,0.009295197349303475,14,0.0064653756813070964
kimi,kimi_div_rho0.02_wd0.1_tiersNone,1000,div,0.02,0.1,final,dlog,in,15,0.0077573180751156455,23,0.0064653756813070964
kimi,kimi_div_rho0.02_wd0.1_tiersNone,1000,div,0.02,0.1,final,dlog,in,16,0.012430042066710036,12,0.0064653756813070964
kimi,kimi_div_rho0.02_wd0.1_tiersNone,1000,div,0.02,0.1,final,dlog,in,17,0.005693414636119331,55,0.0064653756813070964
kimi,kimi_div_rho0.02_wd0.1_tiersNone,1000,div,0.02,0.1,final,dlog,in,18,0.006976286294149156,33,0.0064653756813070964
kimi,kimi_div_rho0.02_wd0.1_tiersNone,1000,div,0.02,0.1,final,dlog,in,19,0.005970615414849658,50,0.0064653756813070964
kimi,kimi_div_rho0.02_wd0.1_tiersNone,1000,div,0.02,0.1,final,dlog,in,20,0.007336731940912202,26,0.0064653756813070964
kimi,kimi_div_rho0.02_wd0.1_tiersNone,1000,div,0.02,0.1,final,dlog,in,21,0.007796201282781324,21,0.0064653756813070964
kimi,kimi_div_rho0.02_wd0.1_tiersNone,1000,div,0.02,0.1,final,dlog,in,22,0.004822295347031262,69,0.0064653756813070964
kimi,kimi_div_rho0.02_wd0.1_tiersNone,1000,div,0.02,0.1,final,dlog,in,23,0.006094211797838858,47,0.0064653756813070964
kimi,kimi_div_rho0.02_wd0.1_tiersNone,1000,div,0.02,0.1,final,dlog,in,24,0.006824832186208287,36,0.0064653756813070964
kimi,kimi_div_rho0.02_wd0.1_tiersNone,1000,div,0.02,0.1,final,dlog,in,25,0.007184701994041261,31,0.0064653756813070964
kimi,kimi_div_rho0.02_wd0.1_tiersNone,1000,div,0.02,0.1,final,dlog,in,26,0.006349260211645812,45,0.0064653756813070964
kimi,kimi_div_rho0.02_wd0.1_tiersNone,1000,div,0.02,0.1,final,dlog,in,27,0.005217956545355629,62,0.0064653756813070964
kimi,kimi_div_rho0.02_wd0.1_tiersNone,1000,div,0.02,0.1,final,dlog,in,28,0.00687899640815736,34,0.0064653756813070964
kimi,kimi_div_rho0.02_wd0.1_tiersNone,1000,div,0.02,0.1,final,dlog,in,29,0.006664852888459818,39,0.0064653756813070964
kimi,kimi_div_rho0.02_wd0.1_tiersNone,1000,div,0.02,0.1,final,dlog,in,30,0.06772936673336483,4,0.0064653756813070964
kimi,kimi_div_rho0.02_wd0.1_tiersNone,1000,div,0.02,0.1,final,dlog,in,31,0.07844387122227867,2,0.0064653756813070964
kimi,kimi_div_rho0.02_wd0.1_tiersNone,1000,div,0.02,0.1,final,dlog,in,32,0.0051375426997082715,65,0.0064653756813070964
kimi,kimi_div_rho0.02_wd0.1_tiersNone,1000,div,0.02,0.1,final,dlog,in,33,0.005888292065394315,51,0.0064653756813070964
kimi,kimi_div_rho0.02_wd0.1_tiersNone,1000,div,0.02,0.1,final,dlog,in,34,0.005236699878403139,61,0.0064653756813070964
kimi,kimi_div_rho0.02_wd0.1_tiersNone,1000,div,0.02,0.1,final,dlog,in,35,0.025128699441559144,9,0.0064653756813070964
kimi,kimi_div_rho0.02_wd0.1_tiersNone,1000,div,0.02,0.1,final,dlog,in,36,0.005008984030369412,66,0.0064653756813070964
kimi,kimi_div_rho0.02_wd0.1_tiersNone,1000,div,0.02,0.1,final,dlog,in,37,0.006214902918611067,46,0.0064653756813070964
kimi,kimi_div_rho0.02_wd0.1_tiersNone,1000,div,0.02,0.1,final,dlog,in,38,0.004572432041351208,73,0.0064653756813070964
kimi,kimi_div_rho0.02_wd0.1_tiersNone,1000,div,0.02,0.1,final,dlog,in,39,0.007401508408974181,25,0.0064653756813070964
kimi,kimi_div_rho0.02_wd0.1_tiersNone,1000,div,0.02,0.1,final,dlog,in,40,0.005785599301048554,54,0.0064653756813070964
kimi,kimi_div_rho0.02_wd0.1_tiersNone,1000,div,0.02,0.1,final,dlog,in,41,0.05343273519870699,6,0.0064653756813070964
kimi,kimi_div_rho0.02_wd0.1_tiersNone,1000,div,0.02,0.1,final,dlog,in,42,0.005566938084655631,58,0.0064653756813070964
kimi,kimi_div_rho0.02_wd0.1_tiersNone,1000,div,0.02,0.1,final,dlog,in,43,0.006680465666408945,38,0.0064653756813070964
kimi,kimi_div_rho0.02_wd0.1_tiersNone,1000,div,0.02,0.1,final,dlog,in,44,0.004992052132154462,67,0.0064653756813070964
kimi,kimi_div_rho0.02_wd0.1_tiersNone,1000,div,0.02,0.1,final,dlog,in,45,0.09644285869349133,1,0.0064653756813070964
kimi,kimi_div_rho0.02_wd0.1_tiersNone,1000,div,0.02,0.1,final,dlog,in,46,0.04819731181459209,8,0.0064653756813070964
kimi,kimi_div_rho0.02_wd0.1_tiersNone,1000,div,0.02,0.1,final,dlog,in,47,0.007939659716908135,19,0.0064653756813070964
kimi,kimi_div_rho0.02_wd0.1_tiersNone,1000,div,0.02,0.1,final,dlog,in,48,0.006077392522236369,48,0.0064653756813070964
kimi,kimi_div_rho0.02_wd0.1_tiersNone,1000,div,0.02,0.1,final,dlog,in,49,0.004738551493738506,70,0.0064653756813070964
kimi,kimi_div_rho0.02_wd0.1_tiersNone,1000,div,0.02,0.1,final,dlog,in,50,0.007281193518725918,28,0.0064653756813070964
kimi,kimi_div_rho0.02_wd0.1_tiersNone,1000,div,0.02,0.1,final,dlog,in,51,0.00857658272501153,15,0.0064653756813070964
kimi,kimi_div_rho0.02_wd0.1_tiersNone,1000,div,0.02,0.1,final,dlog,in,52,0.0072590821845758815,30,0.0064653756813070964
kimi,kimi_div_rho0.02_wd0.1_tiersNone,1000,div,0.02,0.1,final,dlog,in,53,0.006872173577006853,35,0.0064653756813070964
kimi,kimi_div_rho0.02_wd0.1_tiersNone,1000,div,0.02,0.1,final,dlog,in,54,0.004455721027615355,74,0.0064653756813070964
kimi,kimi_div_rho0.02_wd0.1_tiersNone,1000,div,0.02,0.1,final,dlog,in,55,0.006602067291059495,42,0.0064653756813070964
kimi,kimi_div_rho0.02_wd0.1_tiersNone,1000,div,0.02,0.1,final,dlog,in,56,0.006772788151301966,37,0.0064653756813070964
kimi,kimi_div_rho0.02_wd0.1_tiersNone,1000,div,0.02,0.1,final,dlog,in,57,0.008541362258804457,16,0.0064653756813070964
kimi,kimi_div_rho0.02_wd0.1_tiersNone,1000,div,0.02,0.1,final,dlog,in,58,0.013195302491901952,11,0.0064653756813070964
kimi,kimi_div_rho0.02_wd0.1_tiersNone,1000,div,0.02,0.1,final,dlog,in,59,0.006661565320838785,40,0.0064653756813070964
kimi,kimi_div_rho0.02_wd0.1_tiersNone,1000,div,0.02,0.1,final,dlog,in,60,0.007280206082697203,29,0.0064653756813070964
kimi,kimi_div_rho0.02_wd0.1_tiersNone,1000,div,0.02,0.1,final,dlog,in,61,0.015349480236758715,10,0.0064653756813070964
kimi,kimi_div_rho0.02_wd0.1_tiersNone,1000,div,0.02,0.1,final,dlog,in,62,0.007475878327361867,24,0.0064653756813070964
kimi,kimi_div_rho0.02_wd0.1_tiersNone,1000,div,0.02,0.1,final,dlog,in,63,0.004574967630727226,72,0.0064653756813070964
kimi,kimi_div_rho0.02_wd0.1_tiersNone,1000,div,0.02,0.1,final,dlog,in,64,0.0060576054381596845,49,0.0064653756813070964
kimi,kimi_div_rho0.02_wd0.1_tiersNone,1000,div,0.02,0.1,final,dlog,in,65,0.0077941615809129765,22,0.0064653756813070964
kimi,kimi_div_rho0.02_wd0.1_tiersNone,1000,div,0.02,0.1,final,dlog,in,66,0.05834107824031265,5,0.0064653756813070964
kimi,kimi_div_rho0.02_wd0.1_tiersNone,1000,div,0.02,0.1,final,dlog,in,67,0.005538652509617973,59,0.0064653756813070964
kimi,kimi_div_rho0.02_wd0.1_tiersNone,1000,div,0.02,0.1,final,dlog,in,68,0.008369704911636562,17,0.0064653756813070964
kimi,kimi_div_rho0.02_wd0.1_tiersNone,1000,div,0.02,0.1,final,dlog,in,69,0.0058314231370120255,52,0.0064653756813070964
kimi,kimi_div_rho0.02_wd0.1_tiersNone,1000,div,0.02,0.1,final,dlog,in,70,0.005685530648242083,56,0.0064653756813070964
kimi,kimi_div_rho0.02_wd0.1_tiersNone,1000,div,0.02,0.1,final,dlog,in,71,0.008077041226516216,18,0.0064653756813070964
kimi,kimi_div_rho0.02_wd0.1_tiersNone,1000,div,0.02,0.1,final,dlog,in,72,0.01029307632660703,13,0.0064653756813070964
kimi,kimi_div_rho0.02_wd0.1_tiersNone,1000,div,0.02,0.1,final,dlog,in,73,0.005192777760740893,64,0.0064653756813070964
kimi,kimi_div_rho0.02_wd0.1_tiersNone,1000,div,0.02,0.1,final,dlog,in,74,0.05234189195536417,7,0.0064653756813070964
kimi,kimi_div_rho0.02_wd0.1_tiersNone,1000,div,0.02,0.1,final,dlog,out,1,0.0030056357887371737,44,0.0029534434691664063
kimi,kimi_div_rho0.02_wd0.1_tiersNone,1000,div,0.02,0.1,final,dlog,out,2,0.0032006618426882565,34,0.0029534434691664063
kimi,kimi_div_rho0.02_wd0.1_tiersNone,1000,div,0.02,0.1,final,dlog,out,3,0.0040673034775435,15,0.0029534434691664063
kimi,kimi_div_rho0.02_wd0.1_tiersNone,1000,div,0.02,0.1,final,dlog,out,4,0.0026965852670862815,58,0.0029534434691664063
kimi,kimi_div_rho0.02_wd0.1_tiersNone,1000,div,0.02,0.1,final,dlog,out,5,0.08743605064776948,5,0.0029534434691664063
kimi,kimi_div_rho0.02_wd0.1_tiersNone,1000,div,0.02,0.1,final,dlog,out,6,0.0031569295060144293,37,0.0029534434691664063
kimi,kimi_div_rho0.02_wd0.1_tiersNone,1000,div,0.02,0.1,final,dlog,out,7,0.0026139694190248112,64,0.0029534434691664063
kimi,kimi_div_rho0.02_wd0.1_tiersNone,1000,div,0.02,0.1,final,dlog,out,8,0.003066672821417514,42,0.0029534434691664063
kimi,kimi_div_rho0.02_wd0.1_tiersNone,1000,div,0.02,0.1,final,dlog,out,9,0.0035933573800216575,20,0.0029534434691664063
kimi,kimi_div_rho0.02_wd0.1_tiersNone,1000,div,0.02,0.1,final,dlog,out,10,0.0026165257330088196,63,0.0029534434691664063
kimi,kimi_div_rho0.02_wd0.1_tiersNone,1000,div,0.02,0.1,final,dlog,out,11,0.0024979299943402563,69,0.0029534434691664063
kimi,kimi_div_rho0.02_wd0.1_tiersNone,1000,div,0.02,0.1,final,dlog,out,12,0.0031044858337202627,39,0.0029534434691664063
kimi,kimi_div_rho0.02_wd0.1_tiersNone,1000,div,0.02,0.1,final,dlog,out,13,0.0026947745682115677,60,0.0029534434691664063
kimi,kimi_div_rho0.02_wd0.1_tiersNone,1000,div,0.02,0.1,final,dlog,out,14,0.003481549197381449,23,0.0029534434691664063
kimi,kimi_div_rho0.02_wd0.1_tiersNone,1000,div,0.02,0.1,final,dlog,out,15,0.0029038109578395474,50,0.0029534434691664063
kimi,kimi_div_rho0.02_wd0.1_tiersNone,1000,div,0.02,0.1,final,dlog,out,16,0.0031711240765192545,36,0.0029534434691664063
kimi,kimi_div_rho0.02_wd0.1_tiersNone,1000,div,0.02,0.1,final,dlog,out,17,0.003112991637256046,38,0.0029534434691664063
kimi,kimi_div_rho0.02_wd0.1_tiersNone,1000,div,0.02,0.1,final,dlog,out,18,0.005455758949117581,11,0.0029534434691664063
kimi,kimi_div_rho0.02_wd0.1_tiersNone,1000,div,0.02,0.1,final,dlog,out,19,0.0033851949319151755,26,0.0029534434691664063
kimi,kimi_div_rho0.02_wd0.1_tiersNone,1000,div,0.02,0.1,final,dlog,out,20,0.0023497263660340337,73,0.0029534434691664063
kimi,kimi_div_rho0.02_wd0.1_tiersNone,1000,div,0.02,0.1,final,dlog,out,21,0.0023732440609132584,71,0.0029534434691664063
kimi,kimi_div_rho0.02_wd0.1_tiersNone,1000,div,0.02,0.1,final,dlog,out,22,0.0035111482203127736,21,0.0029534434691664063
kimi,kimi_div_rho0.02_wd0.1_tiersNone,1000,div,0.02,0.1,final,dlog,out,23,0.0034192024749380018,25,0.0029534434691664063
kimi,kimi_div_rho0.02_wd0.1_tiersNone,1000,div,0.02,0.1,final,dlog,out,24,0.00511989822733337,13,0.0029534434691664063
kimi,kimi_div_rho0.02_wd0.1_tiersNone,1000,div,0.02,0.1,final,dlog,out,25,0.002395531655501273,70,0.0029534434691664063
kimi,kimi_div_rho0.02_wd0.1_tiersNone,1000,div,0.02,0.1,final,dlog,out,26,0.002969188830558274,48,0.0029534434691664063
kimi,kimi_div_rho0.02_wd0.1_tiersNone,1000,div,0.02,0.1,final,dlog,out,27,0.003632921820510562,18,0.0029534434691664063
kimi,kimi_div_rho0.02_wd0.1_tiersNone,1000,div,0.02,0.1,final,dlog,out,28,0.0026962791250559454,59,0.0029534434691664063
kimi,kimi_div_rho0.02_wd0.1_tiersNone,1000,div,0.02,0.1,final,dlog,out,29,0.003488916269415795,22,0.0029534434691664063
kimi,kimi_div_rho0.02_wd0.1_tiersNone,1000,div,0.02,0.1,final,dlog,out,30,0.09907078027976039,2,0.0029534434691664063
kimi,kimi_div_rho0.02_wd0.1_tiersNone,1000,div,0.02,0.1,final,dlog,out,31,0.08310376196403743,6,0.0029534434691664063
kimi,kimi_div_rho0.02_wd0.1_tiersNone,1000,div,0.02,0.1,final,dlog,out,32,0.0033143904213905075,29,0.0029534434691664063
kimi,kimi_div_rho0.02_wd0.1_tiersNone,1000,div,0.02,0.1,final,dlog,out,33,0.0032103677543732782,33,0.0029534434691664063
kimi,kimi_div_rho0.02_wd0.1_tiersNone,1000,div,0.02,0.1,final,dlog,out,34,0.0029782757413643764,47,0.0029534434691664063
kimi,kimi_div_rho0.02_wd0.1_tiersNone,1000,div,0.02,0.1,final,dlog,out,35,0.0657548589476027,8,0.0029534434691664063
kimi,kimi_div_rho0.02_wd0.1_tiersNone,1000,div,0.02,0.1,final,dlog,out,36,0.00214382166564528,74,0.0029534434691664063
kimi,kimi_div_rho0.02_wd0.1_tiersNone,1000,div,0.02,0.1,final,dlog,out,37,0.003348634708470276,28,0.0029534434691664063
kimi,kimi_div_rho0.02_wd0.1_tiersNone,1000,div,0.02,0.1,final,dlog,out,38,0.0025997240808288804,66,0.0029534434691664063
kimi,kimi_div_rho0.02_wd0.1_tiersNone,1000,div,0.02,0.1,final,dlog,out,39,0.0033560830599750667,27,0.0029534434691664063
kimi,kimi_div_rho0.02_wd0.1_tiersNone,1000,div,0.02,0.1,final,dlog,out,40,0.002898087104259775,52,0.0029534434691664063
kimi,kimi_div_rho0.02_wd0.1_tiersNone,1000,div,0.02,0.1,final,dlog,out,41,0.07857213568867669,7,0.0029534434691664063
kimi,kimi_div_rho0.02_wd0.1_tiersNone,1000,div,0.02,0.1,final,dlog,out,42,0.0029863950508561585,45,0.0029534434691664063
kimi,kimi_div_rho0.02_wd0.1_tiersNone,1000,div,0.02,0.1,final,dlog,out,43,0.0026381090067134705,62,0.0029534434691664063
kimi,kimi_div_rho0.02_wd0.1_tiersNone,1000,div,0.02,0.1,final,dlog,out,44,0.002534208474373756,68,0.0029534434691664063
kimi,kimi_div_rho0.02_wd0.1_tiersNone,1000,div,0.02,0.1,final,dlog,out,45,0.1397201559937646,1,0.0029534434691664063
kimi,kimi_div_rho0.02_wd0.1_tiersNone,1000,div,0.02,0.1,final,dlog,out,46,0.05122978540391303,9,0.0029534434691664063
kimi,kimi_div_rho0.02_wd0.1_tiersNone,1000,div,0.02,0.1,final,dlog,out,47,0.0028953318965701962,53,0.0029534434691664063
kimi,kimi_div_rho0.02_wd0.1_tiersNone,1000,div,0.02,0.1,final,dlog,out,48,0.0031806079946853274,35,0.0029534434691664063
kimi,kimi_div_rho0.02_wd0.1_tiersNone,1000,div,0.02,0.1,final,dlog,out,49,0.0032302962143815994,31,0.0029534434691664063
kimi,kimi_div_rho0.02_wd0.1_tiersNone,1000,div,0.02,0.1,final,dlog,out,50,0.0030760380773830515,41,0.0029534434691664063
kimi,kimi_div_rho0.02_wd0.1_tiersNone,1000,div,0.02,0.1,final,dlog,out,51,0.002613893182035617,65,0.0029534434691664063
kimi,kimi_div_rho0.02_wd0.1_tiersNone,1000,div,0.02,0.1,final,dlog,out,52,0.003237517141944398,30,0.0029534434691664063
kimi,kimi_div_rho0.02_wd0.1_tiersNone,1000,div,0.02,0.1,final,dlog,out,53,0.004507376791205191,14,0.0029534434691664063
kimi,kimi_div_rho0.02_wd0.1_tiersNone,1000,div,0.02,0.1,final,dlog,out,54,0.002911724130869365,49,0.0029534434691664063
kimi,kimi_div_rho0.02_wd0.1_tiersNone,1000,div,0.02,0.1,final,dlog,out,55,0.0036554632720592287,17,0.0029534434691664063
kimi,kimi_div_rho0.02_wd0.1_tiersNone,1000,div,0.02,0.1,final,dlog,out,56,0.002352455763884536,72,0.0029534434691664063
kimi,kimi_div_rho0.02_wd0.1_tiersNone,1000,div,0.02,0.1,final,dlog,out,57,0.0027834148180320476,56,0.0029534434691664063
kimi,kimi_div_rho0.02_wd0.1_tiersNone,1000,div,0.02,0.1,final,dlog,out,58,0.008701266456165056,10,0.0029534434691664063
kimi,kimi_div_rho0.02_wd0.1_tiersNone,1000,div,0.02,0.1,final,dlog,out,59,0.003215290897374666,32,0.0029534434691664063
kimi,kimi_div_rho0.02_wd0.1_tiersNone,1000,div,0.02,0.1,final,dlog,out,60,0.003449123886910562,24,0.0029534434691664063
kimi,kimi_div_rho0.02_wd0.1_tiersNone,1000,div,0.02,0.1,final,dlog,out,61,0.005387587663486619,12,0.0029534434691664063
kimi,kimi_div_rho0.02_wd0.1_tiersNone,1000,div,0.02,0.1,final,dlog,out,62,0.002903258147716709,51,0.0029534434691664063
kimi,kimi_div_rho0.02_wd0.1_tiersNone,1000,div,0.02,0.1,final,dlog,out,63,0.0030915532133249947,40,0.0029534434691664063
kimi,kimi_div_rho0.02_wd0.1_tiersNone,1000,div,0.02,0.1,final,dlog,out,64,0.003601398846127349,19,0.0029534434691664063
kimi,kimi_div_rho0.02_wd0.1_tiersNone,1000,div,0.02,0.1,final,dlog,out,65,0.00401312189922184,16,0.0029534434691664063
kimi,kimi_div_rho0.02_wd0.1_tiersNone,1000,div,0.02,0.1,final,dlog,out,66,0.093261991375435,3,0.0029534434691664063
kimi,kimi_div_rho0.02_wd0.1_tiersNone,1000,div,0.02,0.1,final,dlog,out,67,0.00254926035734646,67,0.0029534434691664063
kimi,kimi_div_rho0.02_wd0.1_tiersNone,1000,div,0.02,0.1,final,dlog,out,68,0.002984307629602032,46,0.0029534434691664063
kimi,kimi_div_rho0.02_wd0.1_tiersNone,1000,div,0.02,0.1,final,dlog,out,69,0.0027744488580190535,57,0.0029534434691664063
kimi,kimi_div_rho0.02_wd0.1_tiersNone,1000,div,0.02,0.1,final,dlog,out,70,0.003035725250947359,43,0.0029534434691664063
kimi,kimi_div_rho0.02_wd0.1_tiersNone,1000,div,0.02,0.1,final,dlog,out,71,0.0028145463708388286,55,0.0029534434691664063
kimi,kimi_div_rho0.02_wd0.1_tiersNone,1000,div,0.02,0.1,final,dlog,out,72,0.002850527242620619,54,0.0029534434691664063
kimi,kimi_div_rho0.02_wd0.1_tiersNone,1000,div,0.02,0.1,final,dlog,out,73,0.0026491570050256063,61,0.0029534434691664063
kimi,kimi_div_rho0.02_wd0.1_tiersNone,1000,div,0.02,0.1,final,dlog,out,74,0.0915963711905946,4,0.0029534434691664063
kimi,kimi_div_rho0.02_wd0.1_tiersNone,1001,div,0.02,0.1,final,dlog,in,1,0.004967036406051607,27,0.009109317555205384
kimi,kimi_div_rho0.02_wd0.1_tiersNone,1001,div,0.02,0.1,final,dlog,in,2,0.004584403250693339,41,0.009109317555205384
kimi,kimi_div_rho0.02_wd0.1_tiersNone,1001,div,0.02,0.1,final,dlog,in,3,0.005002121194733637,26,0.009109317555205384
kimi,kimi_div_rho0.02_wd0.1_tiersNone,1001,div,0.02,0.1,final,dlog,in,4,0.09132865279402679,5,0.009109317555205384
kimi,kimi_div_rho0.02_wd0.1_tiersNone,1001,div,0.02,0.1,final,dlog,in,5,0.0059852167194448455,15,0.009109317555205384
kimi,kimi_div_rho0.02_wd0.1_tiersNone,1001,div,0.02,0.1,final,dlog,in,6,0.0034816047808434044,70,0.009109317555205384
kimi,kimi_div_rho0.02_wd0.1_tiersNone,1001,div,0.02,0.1,final,dlog,in,7,0.0046292679216466725,38,0.009109317555205384
kimi,kimi_div_rho0.02_wd0.1_tiersNone,1001,div,0.02,0.1,final,dlog,in,8,0.004561464891959607,43,0.009109317555205384
kimi,kimi_div_rho0.02_wd0.1_tiersNone,1001,div,0.02,0.1,final,dlog,in,9,0.003878757514279111,62,0.009109317555205384
kimi,kimi_div_rho0.02_wd0.1_tiersNone,1001,div,0.02,0.1,final,dlog,in,10,0.004769484104399905,33,0.009109317555205384
kimi,kimi_div_rho0.02_wd0.1_tiersNone,1001,div,0.02,0.1,final,dlog,in,11,0.004356875542393628,50,0.009109317555205384
kimi,kimi_div_rho0.02_wd0.1_tiersNone,1001,div,0.02,0.1,final,dlog,in,12,0.12066837694603715,1,0.009109317555205384
kimi,kimi_div_rho0.02_wd0.1_tiersNone,1001,div,0.02,0.1,final,dlog,in,13,0.10704883749706826,3,0.009109317555205384
kimi,kimi_div_rho0.02_wd0.1_tiersNone,1001,div,0.02,0.1,final,dlog,in,14,0.004696426672311978,35,0.009109317555205384
kimi,kimi_div_rho0.02_wd0.1_tiersNone,1001,div,0.02,0.1,final,dlog,in,15,0.003734544914629992,68,0.009109317555205384
kimi,kimi_div_rho0.02_wd0.1_tiersNone,1001,div,0.02,0.1,final,dlog,in,16,0.004173515777775841,55,0.009109317555205384
kimi,kimi_div_rho0.02_wd0.1_tiersNone,1001,div,0.02,0.1,final,dlog,in,17,0.0038754180177047494,63,0.009109317555205384
kimi,kimi_div_rho0.02_wd0.1_tiersNone,1001,div,0.02,0.1,final,dlog,in,18,0.005068948031086135,21,0.009109317555205384
kimi,kimi_div_rho0.02_wd0.1_tiersNone,1001,div,0.02,0.1,final,dlog,in,19,0.005507299034680986,19,0.009109317555205384
kimi,kimi_div_rho0.02_wd0.1_tiersNone,1001,div,0.02,0.1,final,dlog,in,20,0.004570828296722573,42,0.009109317555205384
kimi,kimi_div_rho0.02_wd0.1_tiersNone,1001,div,0.02,0.1,final,dlog,in,21,0.003830805724323006,65,0.009109317555205384
kimi,kimi_div_rho0.02_wd0.1_tiersNone,1001,div,0.02,0.1,final,dlog,in,22,0.004486792940808784,45,0.009109317555205384
kimi,kimi_div_rho0.02_wd0.1_tiersNone,1001,div,0.02,0.1,final,dlog,in,23,0.09769095661854886,4,0.009109317555205384
kimi,kimi_div_rho0.02_wd0.1_tiersNone,1001,div,0.02,0.1,final,dlog,in,24,0.006396979939398487,11,0.009109317555205384
kimi,kimi_div_rho0.02_wd0.1_tiersNone,1001,div,0.02,0.1,final,dlog,in,25,0.004005065357865433,58,0.009109317555205384
kimi,kimi_div_rho0.02_wd0.1_tiersNone,1001,div,0.02,0.1,final,dlog,in,26,0.005030239092172233,24,0.009109317555205384
kimi,kimi_div_rho0.02_wd0.1_tiersNone,1001,div,0.02,0.1,final,dlog,in,27,0.004504264091240212,44,0.009109317555205384
kimi,kimi_div_rho0.02_wd0.1_tiersNone,1001,div,0.02,0.1,final,dlog,in,28,0.005025924098793231,25,0.009109317555205384
kimi,kimi_div_rho0.02_wd0.1_tiersNone,1001,div,0.02,0.1,final,dlog,in,29,0.0039072530457944996,60,0.009109317555205384
kimi,kimi_div_rho0.02_wd0.1_tiersNone,1001,div,0.02,0.1,final,dlog,in,30,0.006440491269422556,10,0.009109317555205384
kimi,kimi_div_rho0.02_wd0.1_tiersNone,1001,div,0.02,0.1,final,dlog,in,31,0.006250250915749389,13,0.009109317555205384
kimi,kimi_div_rho0.02_wd0.1_tiersNone,1001,div,0.02,0.1,final,dlog,in,32,0.0043418415109396594,51,0.009109317555205384
kimi,kimi_div_rho0.02_wd0.1_tiersNone,1001,div,0.02,0.1,final,dlog,in,33,0.005036580770414625,23,0.009109317555205384
kimi,kimi_div_rho0.02_wd0.1_tiersNone,1001,div,0.02,0.1,final,dlog,in,34,0.004450464875810319,47,0.009109317555205384
kimi,kimi_div_rho0.02_wd0.1_tiersNone,1001,div,0.02,0.1,final,dlog,in,35,0.003739735457246019,67,0.009109317555205384
kimi,kimi_div_rho0.02_wd0.1_tiersNone,1001,div,0.02,0.1,final,dlog,in,36,0.006596043809004283,9,0.009109317555205384
kimi,kimi_div_rho0.02_wd0.1_tiersNone,1001,div,0.02,0.1,final,dlog,in,37,0.08334506476326707,6,0.009109317555205384
kimi,kimi_div_rho0.02_wd0.1_tiersNone,1001,div,0.02,0.1,final,dlog,in,38,0.004946418512189069,29,0.009109317555205384
kimi,kimi_div_rho0.02_wd0.1_tiersNone,1001,div,0.02,0.1,final,dlog,in,39,0.011864217664054889,8,0.009109317555205384
kimi,kimi_div_rho0.02_wd0.1_tiersNone,1001,div,0.02,0.1,final,dlog,in,40,0.0036353307093224835,69,0.009109317555205384
kimi,kimi_div_rho0.02_wd0.1_tiersNone,1001,div,0.02,0.1,final,dlog,in,41,0.005355051028421254,20,0.009109317555205384
kimi,kimi_div_rho0.02_wd0.1_tiersNone,1001,div,0.02,0.1,final,dlog,in,42,0.10867278841779143,2,0.009109317555205384
kimi,kimi_div_rho0.02_wd0.1_tiersNone,1001,div,0.02,0.1,final,dlog,in,43,0.004892447102267001,30,0.009109317555205384
kimi,kimi_div_rho0.02_wd0.1_tiersNone,1001,div,0.02,0.1,final,dlog,in,44,0.004315391453419935,52,0.009109317555205384
kimi,kimi_div_rho0.02_wd0.1_tiersNone,1001,div,0.02,0.1,final,dlog,in,45,0.0040057944507034685,57,0.009109317555205384
kimi,kimi_div_rho0.02_wd0.1_tiersNone,1001,div,0.02,0.1,final,dlog,in,46,0.005936564508327667,16,0.009109317555205384
kimi,kimi_div_rho0.02_wd0.1_tiersNone,1001,div,0.02,0.1,final,dlog,in,47,0.004592259235318985,40,0.009109317555205384
kimi,kimi_div_rho0.02_wd0.1_tiersNone,1001,div,0.02,0.1,final,dlog,in,48,0.0032539617193178554,72,0.009109317555205384
kimi,kimi_div_rho0.02_wd0.1_tiersNone,1001,div,0.02,0.1,final,dlog,in,49,0.004592272297122084,39,0.009109317555205384
kimi,kimi_div_rho0.02_wd0.1_tiersNone,1001,div,0.02,0.1,final,dlog,in,50,0.004134822619646718,56,0.009109317555205384
kimi,kimi_div_rho0.02_wd0.1_tiersNone,1001,div,0.02,0.1,final,dlog,in,51,0.004279828036005145,53,0.009109317555205384
kimi,kimi_div_rho0.02_wd0.1_tiersNone,1001,div,0.02,0.1,final,dlog,in,52,0.004466879808876068,46,0.009109317555205384
kimi,kimi_div_rho0.02_wd0.1_tiersNone,1001,div,0.02,0.1,final,dlog,in,53,0.004709913297474158,34,0.009109317555205384
kimi,kimi_div_rho0.02_wd0.1_tiersNone,1001,div,0.02,0.1,final,dlog,in,54,0.004953463381573718,28,0.009109317555205384
kimi,kimi_div_rho0.02_wd0.1_tiersNone,1001,div,0.02,0.1,final,dlog,in,55,0.006298178827944228,12,0.009109317555205384
kimi,kimi_div_rho0.02_wd0.1_tiersNone,1001,div,0.02,0.1,final,dlog,in,56,0.002896894930772372,74,0.009109317555205384
kimi,kimi_div_rho0.02_wd0.1_tiersNone,1001,div,0.02,0.1,final,dlog,in,57,0.0038540842152095644,64,0.009109317555205384
kimi,kimi_div_rho0.02_wd0.1_tiersNone,1001,div,0.02,0.1,final,dlog,in,58,0.003746220800360849,66,0.009109317555205384
kimi,kimi_div_rho0.02_wd0.1_tiersNone,1001,div,0.02,0.1,final,dlog,in,59,0.003981010276751997,59,0.009109317555205384
kimi,kimi_div_rho0.02_wd0.1_tiersNone,1001,div,0.02,0.1,final,dlog,in,60,0.004681272099939331,36,0.009109317555205384
kimi,kimi_div_rho0.02_wd0.1_tiersNone,1001,div,0.02,0.1,final,dlog,in,61,0.0038859034311819252,61,0.009109317555205384
kimi,kimi_div_rho0.02_wd0.1_tiersNone,1001,div,0.02,0.1,final,dlog,in,62,0.0057544061570583924,17,0.009109317555205384
kimi,kimi_div_rho0.02_wd0.1_tiersNone,1001,div,0.02,0.1,final,dlog,in,63,0.005042701665719818,22,0.009109317555205384
kimi,kimi_div_rho0.02_wd0.1_tiersNone,1001,div,0.02,0.1,final,dlog,in,64,0.0046361502577318406,37,0.009109317555205384
kimi,kimi_div_rho0.02_wd0.1_tiersNone,1001,div,0.02,0.1,final,dlog,in,65,0.006038734561154635,14,0.009109317555205384
kimi,kimi_div_rho0.02_wd0.1_tiersNone,1001,div,0.02,0.1,final,dlog,in,66,0.00340791972355749,71,0.009109317555205384
kimi,kimi_div_rho0.02_wd0.1_tiersNone,1001,div,0.02,0.1,final,dlog,in,67,0.004396483483453043,48,0.009109317555205384
kimi,kimi_div_rho0.02_wd0.1_tiersNone,1001,div,0.02,0.1,final,dlog,in,68,0.004230753267151703,54,0.009109317555205384
kimi,kimi_div_rho0.02_wd0.1_tiersNone,1001,div,0.02,0.1,final,dlog,in,69,0.005612099970337477,18,0.009109317555205384
kimi,kimi_div_rho0.02_wd0.1_tiersNone,1001,div,0.02,0.1,final,dlog,in,70,0.004830513440265401,31,0.009109317555205384
kimi,kimi_div_rho0.02_wd0.1_tiersNone,1001,div,0.02,0.1,final,dlog,in,71,0.004384583199288876,49,0.009109317555205384
kimi,kimi_div_rho0.02_wd0.1_tiersNone,1001,div,0.02,0.1,final,dlog,in,72,0.004816794705466851,32,0.009109317555205384
kimi,kimi_div_rho0.02_wd0.1_tiersNone,1001,div,0.02,0.1,final,dlog,in,73,0.07370425346639359,7,0.009109317555205384
kimi,kimi_div_rho0.02_wd0.1_tiersNone,1001,div,0.02,0.1,final,dlog,in,74,0.003225802689139593,73,0.009109317555205384
kimi,kimi_div_rho0.02_wd0.1_tiersNone,1001,div,0.02,0.1,final,dlog,out,1,0.004925609964215125,12,0.00299513327293587
kimi,kimi_div_rho0.02_wd0.1_tiersNone,1001,div,0.02,0.1,final,dlog,out,2,0.0030288185403521584,52,0.00299513327293587
kimi,kimi_div_rho0.02_wd0.1_tiersNone,1001,div,0.02,0.1,final,dlog,out,3,0.0024309224697077344,72,0.00299513327293587
kimi,kimi_div_rho0.02_wd0.1_tiersNone,1001,div,0.02,0.1,final,dlog,out,4,0.10393024754099918,5,0.00299513327293587
kimi,kimi_div_rho0.02_wd0.1_tiersNone,1001,div,0.02,0.1,final,dlog,out,5,0.00470572038079253,14,0.00299513327293587
kimi,kimi_div_rho0.02_wd0.1_tiersNone,1001,div,0.02,0.1,final,dlog,out,6,0.00248814891725132,70,0.00299513327293587
kimi,kimi_div_rho0.02_wd0.1_tiersNone,1001,div,0.02,0.1,final,dlog,out,7,0.003051733566451873,49,0.00299513327293587
kimi,kimi_div_rho0.02_wd0.1_tiersNone,1001,div,0.02,0.1,final,dlog,out,8,0.003114552791613452,46,0.00299513327293587
kimi,kimi_div_rho0.02_wd0.1_tiersNone,1001,div,0.02,0.1,final,dlog,out,9,0.003046760732937445,51,0.00299513327293587
kimi,kimi_div_rho0.02_wd0.1_tiersNone,1001,div,0.02,0.1,final,dlog,out,10,0.005097376851186362,11,0.00299513327293587
kimi,kimi_div_rho0.02_wd0.1_tiersNone,1001,div,0.02,0.1,final,dlog,out,11,0.0045326374688535575,16,0.00299513327293587
kimi,kimi_div_rho0.02_wd0.1_tiersNone,1001,div,0.02,0.1,final,dlog,out,12,0.1311986630234334,1,0.00299513327293587
kimi,kimi_div_rho0.02_wd0.1_tiersNone,1001,div,0.02,0.1,final,dlog,out,13,0.11080480840361945,4,0.00299513327293587
kimi,kimi_div_rho0.02_wd0.1_tiersNone,1001,div,0.02,0.1,final,dlog,out,14,0.0030059466012243826,54,0.00299513327293587
kimi,kimi_div_rho0.02_wd0.1_tiersNone,1001,div,0.02,0.1,final,dlog,out,15,0.003112040371300564,47,0.00299513327293587
kimi,kimi_div_rho0.02_wd0.1_tiersNone,1001,div,0.02,0.1,final,dlog,out,16,0.002819176406386484,61,0.00299513327293587
kimi,kimi_div_rho0.02_wd0.1_tiersNone,1001,div,0.02,0.1,final,dlog,out,17,0.0025865452534289766,68,0.00299513327293587
kimi,kimi_div_rho0.02_wd0.1_tiersNone,1001,div,0.02,0.1,final,dlog,out,18,0.003911003536149666,22,0.00299513327293587
kimi,kimi_div_rho0.02_wd0.1_tiersNone,1001,div,0.02,0.1,final,dlog,out,19,0.0033413152285484958,32,0.00299513327293587
kimi,kimi_div_rho0.02_wd0.1_tiersNone,1001,div,0.02,0.1,final,dlog,out,20,0.0030224497321448317,53,0.00299513327293587
kimi,kimi_div_rho0.02_wd0.1_tiersNone,1001,div,0.02,0.1,final,dlog,out,21,0.002980678633290551,55,0.00299513327293587
kimi,kimi_div_rho0.02_wd0.1_tiersNone,1001,div,0.02,0.1,final,dlog,out,22,0.0033206146061834155,33,0.00299513327293587
kimi,kimi_div_rho0.02_wd0.1_tiersNone,1001,div,0.02,0.1,final,dlog,out,23,0.11171444291686197,3,0.00299513327293587
kimi,kimi_div_rho0.02_wd0.1_tiersNone,1001,div,0.02,0.1,final,dlog,out,24,0.004278290994396624,20,0.00299513327293587
kimi,kimi_div_rho0.02_wd0.1_tiersNone,1001,div,0.02,0.1,final,dlog,out,25,0.004693123058213799,15,0.00299513327293587
kimi,kimi_div_rho0.02_wd0.1_tiersNone,1001,div,0.02,0.1,final,dlog,out,26,0.003539603994806859,29,0.00299513327293587
kimi,kimi_div_rho0.02_wd0.1_tiersNone,1001,div,0.02,0.1,final,dlog,out,27,0.0023146892316122827,73,0.00299513327293587
kimi,kimi_div_rho0.02_wd0.1_tiersNone,1001,div,0.02,0.1,final,dlog,out,28,0.0031239851049030256,45,0.00299513327293587
kimi,kimi_div_rho0.02_wd0.1_tiersNone,1001,div,0.02,0.1,final,dlog,out,29,0.003183712644552474,43,0.00299513327293587
kimi,kimi_div_rho0.02_wd0.1_tiersNone,1001,div,0.02,0.1,final,dlog,out,30,0.005313191440419642,9,0.00299513327293587
kimi,kimi_div_rho0.02_wd0.1_tiersNone,1001,div,0.02,0.1,final,dlog,out,31,0.004262473464941168,21,0.00299513327293587
kimi,kimi_div_rho0.02_wd0.1_tiersNone,1001,div,0.02,0.1,final,dlog,out,32,0.002868116663797829,59,0.00299513327293587
kimi,kimi_div_rho0.02_wd0.1_tiersNone,1001,div,0.02,0.1,final,dlog,out,33,0.002800088860877269,62,0.00299513327293587
kimi,kimi_div_rho0.02_wd0.1_tiersNone,1001,div,0.02,0.1,final,dlog,out,34,0.003076013227115953,48,0.00299513327293587
kimi,kimi_div_rho0.02_wd0.1_tiersNone,1001,div,0.02,0.1,final,dlog,out,35,0.004416545242791321,18,0.00299513327293587
kimi,kimi_div_rho0.02_wd0.1_tiersNone,1001,div,0.02,0.1,final,dlog,out,36,0.005126219892399843,10,0.00299513327293587
kimi,kimi_div_rho0.02_wd0.1_tiersNone,1001,div,0.02,0.1,final,dlog,out,37,0.09674723248476502,6,0.00299513327293587
kimi,kimi_div_rho0.02_wd0.1_tiersNone,1001,div,0.02,0.1,final,dlog,out,38,0.002728603762659212,65,0.00299513327293587
kimi,kimi_div_rho0.02_wd0.1_tiersNone,1001,div,0.02,0.1,final,dlog,out,39,0.011651001989830767,8,0.00299513327293587
kimi,kimi_div_rho0.02_wd0.1_tiersNone,1001,div,0.02,0.1,final,dlog,out,40,0.0024479901599699615,71,0.00299513327293587
kimi,kimi_div_rho0.02_wd0.1_tiersNone,1001,div,0.02,0.1,final,dlog,out,41,0.002740787163426206,64,0.00299513327293587
kimi,kimi_div_rho0.02_wd0.1_tiersNone,1001,div,0.02,0.1,final,dlog,out,42,0.12502347703467143,2,0.00299513327293587
kimi,kimi_div_rho0.02_wd0.1_tiersNone,1001,div,0.02,0.1,final,dlog,out,43,0.002977104443751176,56,0.00299513327293587
kimi,kimi_div_rho0.02_wd0.1_tiersNone,1001,div,0.02,0.1,final,dlog,out,44,0.0036154021480865254,28,0.00299513327293587
kimi,kimi_div_rho0.02_wd0.1_tiersNone,1001,div,0.02,0.1,final,dlog,out,45,0.0025718481273439963,69,0.00299513327293587
kimi,kimi_div_rho0.02_wd0.1_tiersNone,1001,div,0.02,0.1,final,dlog,out,46,0.0038083962323354017,25,0.00299513327293587
kimi,kimi_div_rho0.02_wd0.1_tiersNone,1001,div,0.02,0.1,final,dlog,out,47,0.003206397427477476,42,0.00299513327293587
kimi,kimi_div_rho0.02_wd0.1_tiersNone,1001,div,0.02,0.1,final,dlog,out,48,0.0032177061138869063,41,0.00299513327293587
kimi,kimi_div_rho0.02_wd0.1_tiersNone,1001,div,0.02,0.1,final,dlog,out,49,0.00492307095244798,13,0.00299513327293587
kimi,kimi_div_rho0.02_wd0.1_tiersNone,1001,div,0.02,0.1,final,dlog,out,50,0.003285997952267974,35,0.00299513327293587
kimi,kimi_div_rho0.02_wd0.1_tiersNone,1001,div,0.02,0.1,final,dlog,out,51,0.0032948767793364152,34,0.00299513327293587
kimi,kimi_div_rho0.02_wd0.1_tiersNone,1001,div,0.02,0.1,final,dlog,out,52,0.0030474136501876833,50,0.00299513327293587
kimi,kimi_div_rho0.02_wd0.1_tiersNone,1001,div,0.02,0.1,final,dlog,out,53,0.0031447533380023966,44,0.00299513327293587
kimi,kimi_div_rho0.02_wd0.1_tiersNone,1001,div,0.02,0.1,final,dlog,out,54,0.0037285201115176093,26,0.00299513327293587
kimi,kimi_div_rho0.02_wd0.1_tiersNone,1001,div,0.02,0.1,final,dlog,out,55,0.004383380618213024,19,0.00299513327293587
kimi,kimi_div_rho0.02_wd0.1_tiersNone,1001,div,0.02,0.1,final,dlog,out,56,0.0027215358540147415,66,0.00299513327293587
kimi,kimi_div_rho0.02_wd0.1_tiersNone,1001,div,0.02,0.1,final,dlog,out,57,0.0032396582206572788,37,0.00299513327293587
kimi,kimi_div_rho0.02_wd0.1_tiersNone,1001,div,0.02,0.1,final,dlog,out,58,0.0032358962027352256,38,0.00299513327293587
kimi,kimi_div_rho0.02_wd0.1_tiersNone,1001,div,0.02,0.1,final,dlog,out,59,0.0029596996046468496,57,0.00299513327293587
kimi,kimi_div_rho0.02_wd0.1_tiersNone,1001,div,0.02,0.1,final,dlog,out,60,0.00362121792135901,27,0.00299513327293587
kimi,kimi_div_rho0.02_wd0.1_tiersNone,1001,div,0.02,0.1,final,dlog,out,61,0.0032520856700991607,36,0.00299513327293587
kimi,kimi_div_rho0.02_wd0.1_tiersNone,1001,div,0.02,0.1,final,dlog,out,62,0.003836208341491201,23,0.00299513327293587
kimi,kimi_div_rho0.02_wd0.1_tiersNone,1001,div,0.02,0.1,final,dlog,out,63,0.0038098886929303086,24,0.00299513327293587
kimi,kimi_div_rho0.02_wd0.1_tiersNone,1001,div,0.02,0.1,final,dlog,out,64,0.0029391910168152053,58,0.00299513327293587
kimi,kimi_div_rho0.02_wd0.1_tiersNone,1001,div,0.02,0.1,final,dlog,out,65,0.0044575030794672295,17,0.00299513327293587
kimi,kimi_div_rho0.02_wd0.1_tiersNone,1001,div,0.02,0.1,final,dlog,out,66,0.0032265608371985096,40,0.00299513327293587
kimi,kimi_div_rho0.02_wd0.1_tiersNone,1001,div,0.02,0.1,final,dlog,out,67,0.0033715190393057977,31,0.00299513327293587
kimi,kimi_div_rho0.02_wd0.1_tiersNone,1001,div,0.02,0.1,final,dlog,out,68,0.00284970930709954,60,0.00299513327293587
kimi,kimi_div_rho0.02_wd0.1_tiersNone,1001,div,0.02,0.1,final,dlog,out,69,0.003384659962867912,30,0.00299513327293587
kimi,kimi_div_rho0.02_wd0.1_tiersNone,1001,div,0.02,0.1,final,dlog,out,70,0.003234512322261498,39,0.00299513327293587
kimi,kimi_div_rho0.02_wd0.1_tiersNone,1001,div,0.02,0.1,final,dlog,out,71,0.0027145155196349547,67,0.00299513327293587
kimi,kimi_div_rho0.02_wd0.1_tiersNone,1001,div,0.02,0.1,final,dlog,out,72,0.0027978267543853855,63,0.00299513327293587
kimi,kimi_div_rho0.02_wd0.1_tiersNone,1001,div,0.02,0.1,final,dlog,out,73,0.08445733125122899,7,0.00299513327293587
kimi,kimi_div_rho0.02_wd0.1_tiersNone,1001,div,0.02,0.1,final,dlog,out,74,0.0021802521538628102,74,0.00299513327293587
kimi,kimi_div_rho0.02_wd0.1_tiersNone,1002,div,0.02,0.1,final,dlog,in,1,0.00852654758164926,12,0.008772811854911671
kimi,kimi_div_rho0.02_wd0.1_tiersNone,1002,div,0.02,0.1,final,dlog,in,2,0.0044195102397867085,63,0.008772811854911671
kimi,kimi_div_rho0.02_wd0.1_tiersNone,1002,div,0.02,0.1,final,dlog,in,3,0.006023169827064785,30,0.008772811854911671
kimi,kimi_div_rho0.02_wd0.1_tiersNone,1002,div,0.02,0.1,final,dlog,in,4,0.006102931016520167,28,0.008772811854911671
kimi,kimi_div_rho0.02_wd0.1_tiersNone,1002,div,0.02,0.1,final,dlog,in,5,0.004486818659242406,60,0.008772811854911671
kimi,kimi_div_rho0.02_wd0.1_tiersNone,1002,div,0.02,0.1,final,dlog,in,6,0.004975176086718685,51,0.008772811854911671
kimi,kimi_div_rho0.02_wd0.1_tiersNone,1002,div,0.02,0.1,final,dlog,in,7,0.0035033470288269117,74,0.008772811854911671
kimi,kimi_div_rho0.02_wd0.1_tiersNone,1002,div,0.02,0.1,final,dlog,in,8,0.0049089460731498785,53,0.008772811854911671
kimi,kimi_div_rho0.02_wd0.1_tiersNone,1002,div,0.02,0.1,final,dlog,in,9,0.004574935740158963,59,0.008772811854911671
kimi,kimi_div_rho0.02_wd0.1_tiersNone,1002,div,0.02,0.1,final,dlog,in,10,0.006938834923176827,21,0.008772811854911671
kimi,kimi_div_rho0.02_wd0.1_tiersNone,1002,div,0.02,0.1,final,dlog,in,11,0.005154316829593735,44,0.008772811854911671
kimi,kimi_div_rho0.02_wd0.1_tiersNone,1002,div,0.02,0.1,final,dlog,in,12,0.006071322640525579,29,0.008772811854911671
kimi,kimi_div_rho0.02_wd0.1_tiersNone,1002,div,0.02,0.1,final,dlog,in,13,0.008210423293868618,15,0.008772811854911671
kimi,kimi_div_rho0.02_wd0.1_tiersNone,1002,div,0.02,0.1,final,dlog,in,14,0.030495479231780843,5,0.008772811854911671
kimi,kimi_div_rho0.02_wd0.1_tiersNone,1002,div,0.02,0.1,final,dlog,in,15,0.00663164965530421,25,0.008772811854911671
kimi,kimi_div_rho0.02_wd0.1_tiersNone,1002,div,0.02,0.1,final,dlog,in,16,0.005126728244799744,45,0.008772811854911671
kimi,kimi_div_rho0.02_wd0.1_tiersNone,1002,div,0.02,0.1,final,dlog,in,17,0.005065068960018445,48,0.008772811854911671
kimi,kimi_div_rho0.02_wd0.1_tiersNone,1002,div,0.02,0.1,final,dlog,in,18,0.12649098777368162,3,0.008772811854911671
kimi,kimi_div_rho0.02_wd0.1_tiersNone,1002,div,0.02,0.1,final,dlog,in,19,0.005028988949834653,50,0.008772811854911671
kimi,kimi_div_rho0.02_wd0.1_tiersNone,1002,div,0.02,0.1,final,dlog,in,20,0.005043045140384277,49,0.008772811854911671
kimi,kimi_div_rho0.02_wd0.1_tiersNone,1002,div,0.02,0.1,final,dlog,in,21,0.004833101493401147,55,0.008772811854911671
kimi,kimi_div_rho0.02_wd0.1_tiersNone,1002,div,0.02,0.1,final,dlog,in,22,0.005599196998921297,38,0.008772811854911671
kimi,kimi_div_rho0.02_wd0.1_tiersNone,1002,div,0.02,0.1,final,dlog,in,23,0.004961431529699958,52,0.008772811854911671
kimi,kimi_div_rho0.02_wd0.1_tiersNone,1002,div,0.02,0.1,final,dlog,in,24,0.005999806478628589,31,0.008772811854911671
kimi,kimi_div_rho0.02_wd0.1_tiersNone,1002,div,0.02,0.1,final,dlog,in,25,0.15393026785786337,2,0.008772811854911671
kimi,kimi_div_rho0.02_wd0.1_tiersNone,1002,div,0.02,0.1,final,dlog,in,26,0.0057636709440331,35,0.008772811854911671
kimi,kimi_div_rho0.02_wd0.1_tiersNone,1002,div,0.02,0.1,final,dlog,in,27,0.19331660631758937,1,0.008772811854911671
kimi,kimi_div_rho0.02_wd0.1_tiersNone,1002,div,0.02,0.1,final,dlog,in,28,0.0230165739000916,6,0.008772811854911671
kimi,kimi_div_rho0.02_wd0.1_tiersNone,1002,div,0.02,0.1,final,dlog,in,29,0.008452541355694208,13,0.008772811854911671
kimi,kimi_div_rho0.02_wd0.1_tiersNone,1002,div,0.02,0.1,final,dlog,in,30,0.005400389176829883,43,0.008772811854911671
kimi,kimi_div_rho0.02_wd0.1_tiersNone,1002,div,0.02,0.1,final,dlog,in,31,0.004477504146341389,61,0.008772811854911671
kimi,kimi_div_rho0.02_wd0.1_tiersNone,1002,div,0.02,0.1,final,dlog,in,32,0.00885270332639267,11,0.008772811854911671
kimi,kimi_div_rho0.02_wd0.1_tiersNone,1002,div,0.02,0.1,final,dlog,in,33,0.005082309693487472,46,0.008772811854911671
kimi,kimi_div_rho0.02_wd0.1_tiersNone,1002,div,0.02,0.1,final,dlog,in,34,0.003968331417187044,71,0.008772811854911671
kimi,kimi_div_rho0.02_wd0.1_tiersNone,1002,div,0.02,0.1,final,dlog,in,35,0.004264066982398225,65,0.008772811854911671
kimi,kimi_div_rho0.02_wd0.1_tiersNone,1002,div,0.02,0.1,final,dlog,in,36,0.007599796445612599,16,0.008772811854911671
kimi,kimi_div_rho0.02_wd0.1_tiersNone,1002,div,0.02,0.1,final,dlog,in,37,0.004711606205257311,56,0.008772811854911671
kimi,kimi_div_rho0.02_wd0.1_tiersNone,1002,div,0.02,0.1,final,dlog,in,38,0.0044545536781931015,62,0.008772811854911671
kimi,kimi_div_rho0.02_wd0.1_tiersNone,1002,div,0.02,0.1,final,dlog,in,39,0.00612042552956666,27,0.008772811854911671
kimi,kimi_div_rho0.02_wd0.1_tiersNone,1002,div,0.02,0.1,final,dlog,in,40,0.006196241580453589,26,0.008772811854911671
kimi,kimi_div_rho0.02_wd0.1_tiersNone,1002,div,0.02,0.1,final,dlog,in,41,0.00838890759683257,14,0.008772811854911671
kimi,kimi_div_rho0.02_wd0.1_tiersNone,1002,div,0.02,0.1,final,dlog,in,42,0.019100739249306532,7,0.008772811854911671
kimi,kimi_div_rho0.02_wd0.1_tiersNone,1002,div,0.02,0.1,final,dlog,in,43,0.004397280969871052,64,0.008772811854911671
kimi,kimi_div_rho0.02_wd0.1_tiersNone,1002,div,0.02,0.1,final,dlog,in,44,0.0055214624585798715,39,0.008772811854911671
kimi,kimi_div_rho0.02_wd0.1_tiersNone,1002,div,0.02,0.1,final,dlog,in,45,0.0039751594829188185,70,0.008772811854911671
kimi,kimi_div_rho0.02_wd0.1_tiersNone,1002,div,0.02,0.1,final,dlog,in,46,0.007569623543909149,17,0.008772811854911671
kimi,kimi_div_rho0.02_wd0.1_tiersNone,1002,div,0.02,0.1,final,dlog,in,47,0.004154259984092926,67,0.008772811854911671
kimi,kimi_div_rho0.02_wd0.1_tiersNone,1002,div,0.02,0.1,final,dlog,in,48,0.005075923904940836,47,0.008772811854911671
kimi,kimi_div_rho0.02_wd0.1_tiersNone,1002,div,0.02,0.1,final,dlog,in,49,0.0038635054689059433,73,0.008772811854911671
kimi,kimi_div_rho0.02_wd0.1_tiersNone,1002,div,0.02,0.1,final,dlog,in,50,0.005855478218059602,33,0.008772811854911671
kimi,kimi_div_rho0.02_wd0.1_tiersNone,1002,div,0.02,0.1,final,dlog,in,51,0.004880067099680414,54,0.008772811854911671
kimi,kimi_div_rho0.02_wd0.1_tiersNone,1002,div,0.02,0.1,final,dlog,in,52,0.0038967545573299236,72,0.008772811854911671
kimi,kimi_div_rho0.02_wd0.1_tiersNone,1002,div,0.02,0.1,final,dlog,in,53,0.006684886975507526,23,0.008772811854911671
kimi,kimi_div_rho0.02_wd0.1_tiersNone,1002,div,0.02,0.1,final,dlog,in,54,0.00543196215412772,42,0.008772811854911671
kimi,kimi_div_rho0.02_wd0.1_tiersNone,1002,div,0.02,0.1,final,dlog,in,55,0.0066541785152315945,24,0.008772811854911671
kimi,kimi_div_rho0.02_wd0.1_tiersNone,1002,div,0.02,0.1,final,dlog,in,56,0.011382650464223291,9,0.008772811854911671
kimi,kimi_div_rho0.02_wd0.1_tiersNone,1002,div,0.02,0.1,final,dlog,in,57,0.004007706703288822,69,0.008772811854911671
kimi,kimi_div_rho0.02_wd0.1_tiersNone,1002,div,0.02,0.1,final,dlog,in,58,0.005500334788327173,40,0.008772811854911671
kimi,kimi_div_rho0.02_wd0.1_tiersNone,1002,div,0.02,0.1,final,dlog,in,59,0.004047509346378466,68,0.008772811854911671
kimi,kimi_div_rho0.02_wd0.1_tiersNone,1002,div,0.02,0.1,final,dlog,in,60,0.0070174130484010454,20,0.008772811854911671
kimi,kimi_div_rho0.02_wd0.1_tiersNone,1002,div,0.02,0.1,final,dlog,in,61,0.004659819342403391,57,0.008772811854911671
kimi,kimi_div_rho0.02_wd0.1_tiersNone,1002,div,0.02,0.1,final,dlog,in,62,0.005714143151715435,37,0.008772811854911671
kimi,kimi_div_rho0.02_wd0.1_tiersNone,1002,div,0.02,0.1,final,dlog,in,63,0.004253952595017255,66,0.008772811854911671
kimi,kimi_div_rho0.02_wd0.1_tiersNone,1002,div,0.02,0.1,final,dlog,in,64,0.00704528067903728,19,0.008772811854911671
kimi,kimi_div_rho0.02_wd0.1_tiersNone,1002,div,0.02,0.1,final,dlog,in,65,0.005449671464942792,41,0.008772811854911671
kimi,kimi_div_rho0.02_wd0.1_tiersNone,1002,div,0.02,0.1,final,dlog,in,66,0.005754903470457911,36,0.008772811854911671
kimi,kimi_div_rho0.02_wd0.1_tiersNone,1002,div,0.02,0.1,final,dlog,in,67,0.009366493449377657,10,0.008772811854911671
kimi,kimi_div_rho0.02_wd0.1_tiersNone,1002,div,0.02,0.1,final,dlog,in,68,0.005831049801779781,34,0.008772811854911671
kimi,kimi_div_rho0.02_wd0.1_tiersNone,1002,div,0.02,0.1,final,dlog,in,69,0.007109685273869849,18,0.008772811854911671
kimi,kimi_div_rho0.02_wd0.1_tiersNone,1002,div,0.02,0.1,final,dlog,in,70,0.011856352903413726,8,0.008772811854911671
kimi,kimi_div_rho0.02_wd0.1_tiersNone,1002,div,0.02,0.1,final,dlog,in,71,0.005999141168077756,32,0.008772811854911671
kimi,kimi_div_rho0.02_wd0.1_tiersNone,1002,div,0.02,0.1,final,dlog,in,72,0.00458163727032924,58,0.008772811854911671
kimi,kimi_div_rho0.02_wd0.1_tiersNone,1002,div,0.02,0.1,final,dlog,in,73,0.006741019897944334,22,0.008772811854911671
kimi,kimi_div_rho0.02_wd0.1_tiersNone,1002,div,0.02,0.1,final,dlog,in,74,0.06345169204799134,4,0.008772811854911671
kimi,kimi_div_rho0.02_wd0.1_tiersNone,1002,div,0.02,0.1,final,dlog,out,1,0.004497968969306767,26,0.0045161187280410185
kimi,kimi_div_rho0.02_wd0.1_tiersNone,1002,div,0.02,0.1,final,dlog,out,2,0.03014211720053591,13,0.0045161187280410185
kimi,kimi_div_rho0.02_wd0.1_tiersNone,1002,div,0.02,0.1,final,dlog,out,3,0.004109402228675336,32,0.0045161187280410185
kimi,kimi_div_rho0.02_wd0.1_tiersNone,1002,div,0.02,0.1,final,dlog,out,4,0.03174884543719795,10,0.0045161187280410185
kimi,kimi_div_rho0.02_wd0.1_tiersNone,1002,div,0.02,0.1,final,dlog,out,5,0.0034900901403240726,42,0.0045161187280410185
kimi,kimi_div_rho0.02_wd0.1_tiersNone,1002,div,0.02,0.1,final,dlog,out,6,0.003078169762027341,62,0.0045161187280410185
kimi,kimi_div_rho0.02_wd0.1_tiersNone,1002,div,0.02,0.1,final,dlog,out,7,0.00975915362761322,21,0.0045161187280410185
kimi,kimi_div_rho0.02_wd0.1_tiersNone,1002,div,0.02,0.1,final,dlog,out,8,0.002996208068844084,64,0.0045161187280410185
kimi,kimi_div_rho0.02_wd0.1_tiersNone,1002,div,0.02,0.1,final,dlog,out,9,0.030903542997471913,12,0.0045161187280410185
kimi,kimi_div_rho0.02_wd0.1_tiersNone,1002,div,0.02,0.1,final,dlog,out,10,0.0044977875836869075,27,0.0045161187280410185
kimi,kimi_div_rho0.02_wd0.1_tiersNone,1002,div,0.02,0.1,final,dlog,out,11,0.02509228055680617,16,0.0045161187280410185
kimi,kimi_div_rho0.02_wd0.1_tiersNone,1002,div,0.02,0.1,final,dlog,out,12,0.004483970070625774,28,0.0045161187280410185
kimi,kimi_div_rho0.02_wd0.1_tiersNone,1002,div,0.02,0.1,final,dlog,out,13,0.05282721238899682,5,0.0045161187280410185
kimi,kimi_div_rho0.02_wd0.1_tiersNone,1002,div,0.02,0.1,final,dlog,out,14,0.019478203416154555,19,0.0045161187280410185
kimi,kimi_div_rho0.02_wd0.1_tiersNone,1002,div,0.02,0.1,final,dlog,out,15,0.002872710206479718,68,0.0045161187280410185
kimi,kimi_div_rho0.02_wd0.1_tiersNone,1002,div,0.02,0.1,final,dlog,out,16,0.004474841129198378,29,0.0045161187280410185
kimi,kimi_div_rho0.02_wd0.1_tiersNone,1002,div,0.02,0.1,final,dlog,out,17,0.0026351821095627987,73,0.0045161187280410185
kimi,kimi_div_rho0.02_wd0.1_tiersNone,1002,div,0.02,0.1,final,dlog,out,18,0.0744376790268536,2,0.0045161187280410185
kimi,kimi_div_rho0.02_wd0.1_tiersNone,1002,div,0.02,0.1,final,dlog,out,19,0.003164248983301786,60,0.0045161187280410185
kimi,kimi_div_rho0.02_wd0.1_tiersNone,1002,div,0.02,0.1,final,dlog,out,20,0.00342130322626152,46,0.0045161187280410185
kimi,kimi_div_rho0.02_wd0.1_tiersNone,1002,div,0.02,0.1,final,dlog,out,21,0.003636572650466872,39,0.0045161187280410185
kimi,kimi_div_rho0.02_wd0.1_tiersNone,1002,div,0.02,0.1,final,dlog,out,22,0.0037332642499594794,37,0.0045161187280410185
kimi,kimi_div_rho0.02_wd0.1_tiersNone,1002,div,0.02,0.1,final,dlog,out,23,0.0029523348343262626,66,0.0045161187280410185
kimi,kimi_div_rho0.02_wd0.1_tiersNone,1002,div,0.02,0.1,final,dlog,out,24,0.003302603700636347,52,0.0045161187280410185
kimi,kimi_div_rho0.02_wd0.1_tiersNone,1002,div,0.02,0.1,final,dlog,out,25,0.06937857617589831,3,0.0045161187280410185
kimi,kimi_div_rho0.02_wd0.1_tiersNone,1002,div,0.02,0.1,final,dlog,out,26,0.003225061073607016,55,0.0045161187280410185
kimi,kimi_div_rho0.02_wd0.1_tiersNone,1002,div,0.02,0.1,final,dlog,out,27,0.06878368579337518,4,0.0045161187280410185
kimi,kimi_div_rho0.02_wd0.1_tiersNone,1002,div,0.02,0.1,final,dlog,out,28,0.07685852630186481,1,0.0045161187280410185
kimi,kimi_div_rho0.02_wd0.1_tiersNone,1002,div,0.02,0.1,final,dlog,out,29,0.0032722304973862915,53,0.0045161187280410185
kimi,kimi_div_rho0.02_wd0.1_tiersNone,1002,div,0.02,0.1,final,dlog,out,30,0.003345505873283815,49,0.0045161187280410185
kimi,kimi_div_rho0.02_wd0.1_tiersNone,1002,div,0.02,0.1,final,dlog,out,31,0.0032215749072990307,56,0.0045161187280410185
kimi,kimi_div_rho0.02_wd0.1_tiersNone,1002,div,0.02,0.1,final,dlog,out,32,0.023026700031372707,17,0.0045161187280410185
kimi,kimi_div_rho0.02_wd0.1_tiersNone,1002,div,0.02,0.1,final,dlog,out,33,0.004060978288587654,33,0.0045161187280410185
kimi,kimi_div_rho0.02_wd0.1_tiersNone,1002,div,0.02,0.1,final,dlog,out,34,0.0031643503255033754,59,0.0045161187280410185
kimi,kimi_div_rho0.02_wd0.1_tiersNone,1002,div,0.02,0.1,final,dlog,out,35,0.0034207474935250212,47,0.0045161187280410185
kimi,kimi_div_rho0.02_wd0.1_tiersNone,1002,div,0.02,0.1,final,dlog,out,36,0.0035349294134186856,41,0.0045161187280410185
kimi,kimi_div_rho0.02_wd0.1_tiersNone,1002,div,0.02,0.1,final,dlog,out,37,0.003061148213477976,63,0.0045161187280410185
kimi,kimi_div_rho0.02_wd0.1_tiersNone,1002,div,0.02,0.1,final,dlog,out,38,0.003535734561801348,40,0.0045161187280410185
kimi,kimi_div_rho0.02_wd0.1_tiersNone,1002,div,0.02,0.1,final,dlog,out,39,0.043811017823865345,7,0.0045161187280410185
kimi,kimi_div_rho0.02_wd0.1_tiersNone,1002,div,0.02,0.1,final,dlog,out,40,0.004139742386967138,31,0.0045161187280410185
kimi,kimi_div_rho0.02_wd0.1_tiersNone,1002,div,0.02,0.1,final,dlog,out,41,0.05067313310233904,6,0.0045161187280410185
kimi,kimi_div_rho0.02_wd0.1_tiersNone,1002,div,0.02,0.1,final,dlog,out,42,0.003974647895105684,35,0.0045161187280410185
kimi,kimi_div_rho0.02_wd0.1_tiersNone,1002,div,0.02,0.1,final,dlog,out,43,0.013238220505969662,20,0.0045161187280410185
kimi,kimi_div_rho0.02_wd0.1_tiersNone,1002,div,0.02,0.1,final,dlog,out,44,0.002952408379553639,65,0.0045161187280410185
kimi,kimi_div_rho0.02_wd0.1_tiersNone,1002,div,0.02,0.1,final,dlog,out,45,0.022525992327393645,18,0.0045161187280410185
kimi,kimi_div_rho0.02_wd0.1_tiersNone,1002,div,0.02,0.1,final,dlog,out,46,0.00345919726958425,44,0.0045161187280410185
kimi,kimi_div_rho0.02_wd0.1_tiersNone,1002,div,0.02,0.1,final,dlog,out,47,0.028564022230521405,15,0.0045161187280410185
kimi,kimi_div_rho0.02_wd0.1_tiersNone,1002,div,0.02,0.1,final,dlog,out,48,0.002621422072379993,74,0.0045161187280410185
kimi,kimi_div_rho0.02_wd0.1_tiersNone,1002,div,0.02,0.1,final,dlog,out,49,0.03492551923662389,9,0.0045161187280410185
kimi,kimi_div_rho0.02_wd0.1_tiersNone,1002,div,0.02,0.1,final,dlog,out,50,0.006416794952315007,24,0.0045161187280410185
kimi,kimi_div_rho0.02_wd0.1_tiersNone,1002,div,0.02,0.1,final,dlog,out,51,0.0029110848580538953,67,0.0045161187280410185
kimi,kimi_div_rho0.02_wd0.1_tiersNone,1002,div,0.02,0.1,final,dlog,out,52,0.029097048812303884,14,0.0045161187280410185
kimi,kimi_div_rho0.02_wd0.1_tiersNone,1002,div,0.02,0.1,final,dlog,out,53,0.003438438763036704,45,0.0045161187280410185
kimi,kimi_div_rho0.02_wd0.1_tiersNone,1002,div,0.02,0.1,final,dlog,out,54,0.008750526314867217,22,0.0045161187280410185
kimi,kimi_div_rho0.02_wd0.1_tiersNone,1002,div,0.02,0.1,final,dlog,out,55,0.004740299311749621,25,0.0045161187280410185
kimi,kimi_div_rho0.02_wd0.1_tiersNone,1002,div,0.02,0.1,final,dlog,out,56,0.008446068203923593,23,0.0045161187280410185
kimi,kimi_div_rho0.02_wd0.1_tiersNone,1002,div,0.02,0.1,final,dlog,out,57,0.0033055344363909305,51,0.0045161187280410185
kimi,kimi_div_rho0.02_wd0.1_tiersNone,1002,div,0.02,0.1,final,dlog,out,58,0.0027947272935178644,70,0.0045161187280410185
kimi,kimi_div_rho0.02_wd0.1_tiersNone,1002,div,0.02,0.1,final,dlog,out,59,0.0031474531659388756,61,0.0045161187280410185
kimi,kimi_div_rho0.02_wd0.1_tiersNone,1002,div,0.02,0.1,final,dlog,out,60,0.03111778731066272,11,0.0045161187280410185
kimi,kimi_div_rho0.02_wd0.1_tiersNone,1002,div,0.02,0.1,final,dlog,out,61,0.00320503509518786,57,0.0045161187280410185
kimi,kimi_div_rho0.02_wd0.1_tiersNone,1002,div,0.02,0.1,final,dlog,out,62,0.002695556173802153,72,0.0045161187280410185
kimi,kimi_div_rho0.02_wd0.1_tiersNone,1002,div,0.02,0.1,final,dlog,out,63,0.0031972753100976805,58,0.0045161187280410185
kimi,kimi_div_rho0.02_wd0.1_tiersNone,1002,div,0.02,0.1,final,dlog,out,64,0.0033223347384497668,50,0.0045161187280410185
kimi,kimi_div_rho0.02_wd0.1_tiersNone,1002,div,0.02,0.1,final,dlog,out,65,0.003398172775155311,48,0.0045161187280410185
kimi,kimi_div_rho0.02_wd0.1_tiersNone,1002,div,0.02,0.1,final,dlog,out,66,0.003939379663729367,36,0.0045161187280410185
kimi,kimi_div_rho0.02_wd0.1_tiersNone,1002,div,0.02,0.1,final,dlog,out,67,0.0032311329894550694,54,0.0045161187280410185
kimi,kimi_div_rho0.02_wd0.1_tiersNone,1002,div,0.02,0.1,final,dlog,out,68,0.0026999091810091694,71,0.0045161187280410185
kimi,kimi_div_rho0.02_wd0.1_tiersNone,1002,div,0.02,0.1,final,dlog,out,69,0.004262483292953329,30,0.0045161187280410185
kimi,kimi_div_rho0.02_wd0.1_tiersNone,1002,div,0.02,0.1,final,dlog,out,70,0.003461174578400572,43,0.0045161187280410185
kimi,kimi_div_rho0.02_wd0.1_tiersNone,1002,div,0.02,0.1,final,dlog,out,71,0.0040375162081129025,34,0.0045161187280410185
kimi,kimi_div_rho0.02_wd0.1_tiersNone,1002,div,0.02,0.1,final,dlog,out,72,0.0036736165887264406,38,0.0045161187280410185
kimi,kimi_div_rho0.02_wd0.1_tiersNone,1002,div,0.02,0.1,final,dlog,out,73,0.0027947652746470124,69,0.0045161187280410185
kimi,kimi_div_rho0.02_wd0.1_tiersNone,1002,div,0.02,0.1,final,dlog,out,74,0.03740511996149479,8,0.0045161187280410185
kimi,kimi_div_rho0_wd0.1_tiersNone,1000,div,0.0,0.1,final,dlog,in,1,0.006077473275248493,44,0.0013284810683179993
kimi,kimi_div_rho0_wd0.1_tiersNone,1000,div,0.0,0.1,final,dlog,in,2,0.006940994062652454,33,0.0013284810683179993
kimi,kimi_div_rho0_wd0.1_tiersNone,1000,div,0.0,0.1,final,dlog,in,3,0.005804654879297915,49,0.0013284810683179993
kimi,kimi_div_rho0_wd0.1_tiersNone,1000,div,0.0,0.1,final,dlog,in,4,0.005737892244962576,52,0.0013284810683179993
kimi,kimi_div_rho0_wd0.1_tiersNone,1000,div,0.0,0.1,final,dlog,in,5,0.006481835776053982,38,0.0013284810683179993
kimi,kimi_div_rho0_wd0.1_tiersNone,1000,div,0.0,0.1,final,dlog,in,6,0.004278891575157417,74,0.0013284810683179993
kimi,kimi_div_rho0_wd0.1_tiersNone,1000,div,0.0,0.1,final,dlog,in,7,0.005632912780861933,53,0.0013284810683179993
kimi,kimi_div_rho0_wd0.1_tiersNone,1000,div,0.0,0.1,final,dlog,in,8,0.005039538654557062,64,0.0013284810683179993
kimi,kimi_div_rho0_wd0.1_tiersNone,1000,div,0.0,0.1,final,dlog,in,9,0.007736303536853653,24,0.0013284810683179993
kimi,kimi_div_rho0_wd0.1_tiersNone,1000,div,0.0,0.1,final,dlog,in,10,0.007470034507347958,28,0.0013284810683179993
kimi,kimi_div_rho0_wd0.1_tiersNone,1000,div,0.0,0.1,final,dlog,in,11,0.00528088057874655,58,0.0013284810683179993
kimi,kimi_div_rho0_wd0.1_tiersNone,1000,div,0.0,0.1,final,dlog,in,12,0.004954767581833055,69,0.0013284810683179993
kimi,kimi_div_rho0_wd0.1_tiersNone,1000,div,0.0,0.1,final,dlog,in,13,0.005617865602326108,54,0.0013284810683179993
kimi,kimi_div_rho0_wd0.1_tiersNone,1000,div,0.0,0.1,final,dlog,in,14,0.11880588901029977,1,0.0013284810683179993
kimi,kimi_div_rho0_wd0.1_tiersNone,1000,div,0.0,0.1,final,dlog,in,15,0.007773994679643349,23,0.0013284810683179993
kimi,kimi_div_rho0_wd0.1_tiersNone,1000,div,0.0,0.1,final,dlog,in,16,0.081042780138985,4,0.0013284810683179993
kimi,kimi_div_rho0_wd0.1_tiersNone,1000,div,0.0,0.1,final,dlog,in,17,0.009135939137473488,18,0.0013284810683179993
kimi,kimi_div_rho0_wd0.1_tiersNone,1000,div,0.0,0.1,final,dlog,in,18,0.00496800891068231,68,0.0013284810683179993
kimi,kimi_div_rho0_wd0.1_tiersNone,1000,div,0.0,0.1,final,dlog,in,19,0.004979069432483501,67,0.0013284810683179993
kimi,kimi_div_rho0_wd0.1_tiersNone,1000,div,0.0,0.1,final,dlog,in,20,0.005572055130706852,55,0.0013284810683179993
kimi,kimi_div_rho0_wd0.1_tiersNone,1000,div,0.0,0.1,final,dlog,in,21,0.007130826387904724,31,0.0013284810683179993
kimi,kimi_div_rho0_wd0.1_tiersNone,1000,div,0.0,0.1,final,dlog,in,22,0.005092262664699059,63,0.0013284810683179993
kimi,kimi_div_rho0_wd0.1_tiersNone,1000,div,0.0,0.1,final,dlog,in,23,0.006031298702364362,45,0.0013284810683179993
kimi,kimi_div_rho0_wd0.1_tiersNone,1000,div,0.0,0.1,final,dlog,in,24,0.007520496797763234,27,0.0013284810683179993
kimi,kimi_div_rho0_wd0.1_tiersNone,1000,div,0.0,0.1,final,dlog,in,25,0.007397496127396157,29,0.0013284810683179993
kimi,kimi_div_rho0_wd0.1_tiersNone,1000,div,0.0,0.1,final,dlog,in,26,0.008671508681957246,19,0.0013284810683179993
kimi,kimi_div_rho0_wd0.1_tiersNone,1000,div,0.0,0.1,final,dlog,in,27,0.005920557444323005,47,0.0013284810683179993
kimi,kimi_div_rho0_wd0.1_tiersNone,1000,div,0.0,0.1,final,dlog,in,28,0.006659805282026532,35,0.0013284810683179993
kimi,kimi_div_rho0_wd0.1_tiersNone,1000,div,0.0,0.1,final,dlog,in,29,0.006635902121273049,37,0.0013284810683179993
kimi,kimi_div_rho0_wd0.1_tiersNone,1000,div,0.0,0.1,final,dlog,in,30,0.006458545142822697,39,0.0013284810683179993
kimi,kimi_div_rho0_wd0.1_tiersNone,1000,div,0.0,0.1,final,dlog,in,31,0.08620720197028965,3,0.0013284810683179993
kimi,kimi_div_rho0_wd0.1_tiersNone,1000,div,0.0,0.1,final,dlog,in,32,0.005180815297232042,62,0.0013284810683179993
kimi,kimi_div_rho0_wd0.1_tiersNone,1000,div,0.0,0.1,final,dlog,in,33,0.0057465556889350535,51,0.0013284810683179993
kimi,kimi_div_rho0_wd0.1_tiersNone,1000,div,0.0,0.1,final,dlog,in,34,0.00754580483826487,26,0.0013284810683179993
kimi,kimi_div_rho0_wd0.1_tiersNone,1000,div,0.0,0.1,final,dlog,in,35,0.0063824952467471,41,0.0013284810683179993
kimi,kimi_div_rho0_wd0.1_tiersNone,1000,div,0.0,0.1,final,dlog,in,36,0.010015840095321636,13,0.0013284810683179993
kimi,kimi_div_rho0_wd0.1_tiersNone,1000,div,0.0,0.1,final,dlog,in,37,0.0048499107932643585,71,0.0013284810683179993
kimi,kimi_div_rho0_wd0.1_tiersNone,1000,div,0.0,0.1,final,dlog,in,38,0.007193238330427507,30,0.0013284810683179993
kimi,kimi_div_rho0_wd0.1_tiersNone,1000,div,0.0,0.1,final,dlog,in,39,0.009141259623589056,17,0.0013284810683179993
kimi,kimi_div_rho0_wd0.1_tiersNone,1000,div,0.0,0.1,final,dlog,in,40,0.009182525824792353,16,0.0013284810683179993
kimi,kimi_div_rho0_wd0.1_tiersNone,1000,div,0.0,0.1,final,dlog,in,41,0.005951560543161739,46,0.0013284810683179993
kimi,kimi_div_rho0_wd0.1_tiersNone,1000,div,0.0,0.1,final,dlog,in,42,0.013588619705034473,10,0.0013284810683179993
kimi,kimi_div_rho0_wd0.1_tiersNone,1000,div,0.0,0.1,final,dlog,in,43,0.008527510917403983,20,0.0013284810683179993
kimi,kimi_div_rho0_wd0.1_tiersNone,1000,div,0.0,0.1,final,dlog,in,44,0.0052022747405746405,61,0.0013284810683179993
kimi,kimi_div_rho0_wd0.1_tiersNone,1000,div,0.0,0.1,final,dlog,in,45,0.011493244748058509,11,0.0013284810683179993
kimi,kimi_div_rho0_wd0.1_tiersNone,1000,div,0.0,0.1,final,dlog,in,46,0.00527302380730193,59,0.0013284810683179993
kimi,kimi_div_rho0_wd0.1_tiersNone,1000,div,0.0,0.1,final,dlog,in,47,0.006312063480982074,43,0.0013284810683179993
kimi,kimi_div_rho0_wd0.1_tiersNone,1000,div,0.0,0.1,final,dlog,in,48,0.004535094336421252,73,0.0013284810683179993
kimi,kimi_div_rho0_wd0.1_tiersNone,1000,div,0.0,0.1,final,dlog,in,49,0.004946663204401276,70,0.0013284810683179993
kimi,kimi_div_rho0_wd0.1_tiersNone,1000,div,0.0,0.1,final,dlog,in,50,0.0054607653791091644,56,0.0013284810683179993
kimi,kimi_div_rho0_wd0.1_tiersNone,1000,div,0.0,0.1,final,dlog,in,51,0.013721264617108936,9,0.0013284810683179993
kimi,kimi_div_rho0_wd0.1_tiersNone,1000,div,0.0,0.1,final,dlog,in,52,0.005749761749716214,50,0.0013284810683179993
kimi,kimi_div_rho0_wd0.1_tiersNone,1000,div,0.0,0.1,final,dlog,in,53,0.005239751788971542,60,0.0013284810683179993
kimi,kimi_div_rho0_wd0.1_tiersNone,1000,div,0.0,0.1,final,dlog,in,54,0.005031622690997266,65,0.0013284810683179993
kimi,kimi_div_rho0_wd0.1_tiersNone,1000,div,0.0,0.1,final,dlog,in,55,0.005339869463807825,57,0.0013284810683179993
kimi,kimi_div_rho0_wd0.1_tiersNone,1000,div,0.0,0.1,final,dlog,in,56,0.08694695935240142,2,0.0013284810683179993
kimi,kimi_div_rho0_wd0.1_tiersNone,1000,div,0.0,0.1,final,dlog,in,57,0.0046550112012450845,72,0.0013284810683179993
kimi,kimi_div_rho0_wd0.1_tiersNone,1000,div,0.0,0.1,final,dlog,in,58,0.009281804130897891,15,0.0013284810683179993
kimi,kimi_div_rho0_wd0.1_tiersNone,1000,div,0.0,0.1,final,dlog,in,59,0.00940825751537176,14,0.0013284810683179993
kimi,kimi_div_rho0_wd0.1_tiersNone,1000,div,0.0,0.1,final,dlog,in,60,0.00699890526915506,32,0.0013284810683179993
kimi,kimi_div_rho0_wd0.1_tiersNone,1000,div,0.0,0.1,final,dlog,in,61,0.006429294647780219,40,0.0013284810683179993
kimi,kimi_div_rho0_wd0.1_tiersNone,1000,div,0.0,0.1,final,dlog,in,62,0.007864176907897896,22,0.0013284810683179993
kimi,kimi_div_rho0_wd0.1_tiersNone,1000,div,0.0,0.1,final,dlog,in,63,0.006802156159177283,34,0.0013284810683179993
kimi,kimi_div_rho0_wd0.1_tiersNone,1000,div,0.0,0.1,final,dlog,in,64,0.00664147393517229,36,0.0013284810683179993
kimi,kimi_div_rho0_wd0.1_tiersNone,1000,div,0.0,0.1,final,dlog,in,65,0.061674209294692924,6,0.0013284810683179993
kimi,kimi_div_rho0_wd0.1_tiersNone,1000,div,0.0,0.1,final,dlog,in,66,0.06358170796017465,5,0.0013284810683179993
kimi,kimi_div_rho0_wd0.1_tiersNone,1000,div,0.0,0.1,final,dlog,in,67,0.006374855333416935,42,0.0013284810683179993
kimi,kimi_div_rho0_wd0.1_tiersNone,1000,div,0.0,0.1,final,dlog,in,68,0.014161280331524148,8,0.0013284810683179993
kimi,kimi_div_rho0_wd0.1_tiersNone,1000,div,0.0,0.1,final,dlog,in,69,0.007621306595705454,25,0.0013284810683179993
kimi,kimi_div_rho0_wd0.1_tiersNone,1000,div,0.0,0.1,final,dlog,in,70,0.010049016624373429,12,0.0013284810683179993
kimi,kimi_div_rho0_wd0.1_tiersNone,1000,div,0.0,0.1,final,dlog,in,71,0.005910706238448892,48,0.0013284810683179993
kimi,kimi_div_rho0_wd0.1_tiersNone,1000,div,0.0,0.1,final,dlog,in,72,0.008143912415598104,21,0.0013284810683179993
kimi,kimi_div_rho0_wd0.1_tiersNone,1000,div,0.0,0.1,final,dlog,in,73,0.004993110414164722,66,0.0013284810683179993
kimi,kimi_div_rho0_wd0.1_tiersNone,1000,div,0.0,0.1,final,dlog,in,74,0.03779263594218376,7,0.0013284810683179993
kimi,kimi_div_rho0_wd0.1_tiersNone,1000,div,0.0,0.1,final,dlog,out,1,0.006216202437794335,40,0.0008083186919665336
kimi,kimi_div_rho0_wd0.1_tiersNone,1000,div,0.0,0.1,final,dlog,out,2,0.006303150329057784,39,0.0008083186919665336
kimi,kimi_div_rho0_wd0.1_tiersNone,1000,div,0.0,0.1,final,dlog,out,3,0.005110302629779691,60,0.0008083186919665336
kimi,kimi_div_rho0_wd0.1_tiersNone,1000,div,0.0,0.1,final,dlog,out,4,0.005790534258234475,44,0.0008083186919665336
kimi,kimi_div_rho0_wd0.1_tiersNone,1000,div,0.0,0.1,final,dlog,out,5,0.008017421336155283,21,0.0008083186919665336
kimi,kimi_div_rho0_wd0.1_tiersNone,1000,div,0.0,0.1,final,dlog,out,6,0.005199354058205259,57,0.0008083186919665336
kimi,kimi_div_rho0_wd0.1_tiersNone,1000,div,0.0,0.1,final,dlog,out,7,0.006867229182927768,35,0.0008083186919665336
kimi,kimi_div_rho0_wd0.1_tiersNone,1000,div,0.0,0.1,final,dlog,out,8,0.004282150636604292,71,0.0008083186919665336
kimi,kimi_div_rho0_wd0.1_tiersNone,1000,div,0.0,0.1,final,dlog,out,9,0.0050152275547068696,64,0.0008083186919665336
kimi,kimi_div_rho0_wd0.1_tiersNone,1000,div,0.0,0.1,final,dlog,out,10,0.0075219831887212785,28,0.0008083186919665336
kimi,kimi_div_rho0_wd0.1_tiersNone,1000,div,0.0,0.1,final,dlog,out,11,0.006141486164604783,42,0.0008083186919665336
kimi,kimi_div_rho0_wd0.1_tiersNone,1000,div,0.0,0.1,final,dlog,out,12,0.004686519873206105,67,0.0008083186919665336
kimi,kimi_div_rho0_wd0.1_tiersNone,1000,div,0.0,0.1,final,dlog,out,13,0.005440864140412676,51,0.0008083186919665336
kimi,kimi_div_rho0_wd0.1_tiersNone,1000,div,0.0,0.1,final,dlog,out,14,0.11914523550512343,1,0.0008083186919665336
kimi,kimi_div_rho0_wd0.1_tiersNone,1000,div,0.0,0.1,final,dlog,out,15,0.0070317754547433746,32,0.0008083186919665336
kimi,kimi_div_rho0_wd0.1_tiersNone,1000,div,0.0,0.1,final,dlog,out,16,0.07570177968981373,4,0.0008083186919665336
kimi,kimi_div_rho0_wd0.1_tiersNone,1000,div,0.0,0.1,final,dlog,out,17,0.009336960892597387,16,0.0008083186919665336
kimi,kimi_div_rho0_wd0.1_tiersNone,1000,div,0.0,0.1,final,dlog,out,18,0.0038362979594003485,72,0.0008083186919665336
kimi,kimi_div_rho0_wd0.1_tiersNone,1000,div,0.0,0.1,final,dlog,out,19,0.005090162726564512,61,0.0008083186919665336
kimi,kimi_div_rho0_wd0.1_tiersNone,1000,div,0.0,0.1,final,dlog,out,20,0.007264483219568505,31,0.0008083186919665336
kimi,kimi_div_rho0_wd0.1_tiersNone,1000,div,0.0,0.1,final,dlog,out,21,0.008191197958350164,19,0.0008083186919665336
kimi,kimi_div_rho0_wd0.1_tiersNone,1000,div,0.0,0.1,final,dlog,out,22,0.005261250922041148,54,0.0008083186919665336
kimi,kimi_div_rho0_wd0.1_tiersNone,1000,div,0.0,0.1,final,dlog,out,23,0.005607936018541135,50,0.0008083186919665336
kimi,kimi_div_rho0_wd0.1_tiersNone,1000,div,0.0,0.1,final,dlog,out,24,0.007589981611071704,26,0.0008083186919665336
kimi,kimi_div_rho0_wd0.1_tiersNone,1000,div,0.0,0.1,final,dlog,out,25,0.006889390373646927,34,0.0008083186919665336
kimi,kimi_div_rho0_wd0.1_tiersNone,1000,div,0.0,0.1,final,dlog,out,26,0.008166359222137412,20,0.0008083186919665336
kimi,kimi_div_rho0_wd0.1_tiersNone,1000,div,0.0,0.1,final,dlog,out,27,0.005248193287736151,55,0.0008083186919665336
kimi,kimi_div_rho0_wd0.1_tiersNone,1000,div,0.0,0.1,final,dlog,out,28,0.005393548939473507,52,0.0008083186919665336
kimi,kimi_div_rho0_wd0.1_tiersNone,1000,div,0.0,0.1,final,dlog,out,29,0.008712456867364325,17,0.0008083186919665336
kimi,kimi_div_rho0_wd0.1_tiersNone,1000,div,0.0,0.1,final,dlog,out,30,0.006903622997844357,33,0.0008083186919665336
kimi,kimi_div_rho0_wd0.1_tiersNone,1000,div,0.0,0.1,final,dlog,out,31,0.08168287967054325,3,0.0008083186919665336
kimi,kimi_div_rho0_wd0.1_tiersNone,1000,div,0.0,0.1,final,dlog,out,32,0.0031567210156945033,74,0.0008083186919665336
kimi,kimi_div_rho0_wd0.1_tiersNone,1000,div,0.0,0.1,final,dlog,out,33,0.0057630369978892435,45,0.0008083186919665336
kimi,kimi_div_rho0_wd0.1_tiersNone,1000,div,0.0,0.1,final,dlog,out,34,0.00667640900904922,36,0.0008083186919665336
kimi,kimi_div_rho0_wd0.1_tiersNone,1000,div,0.0,0.1,final,dlog,out,35,0.005622805788614299,48,0.0008083186919665336
kimi,kimi_div_rho0_wd0.1_tiersNone,1000,div,0.0,0.1,final,dlog,out,36,0.007697612230090353,24,0.0008083186919665336
kimi,kimi_div_rho0_wd0.1_tiersNone,1000,div,0.0,0.1,final,dlog,out,37,0.005057858030691201,62,0.0008083186919665336
kimi,kimi_div_rho0_wd0.1_tiersNone,1000,div,0.0,0.1,final,dlog,out,38,0.008630420187532566,18,0.0008083186919665336
kimi,kimi_div_rho0_wd0.1_tiersNone,1000,div,0.0,0.1,final,dlog,out,39,0.012464180129192336,9,0.0008083186919665336
kimi,kimi_div_rho0_wd0.1_tiersNone,1000,div,0.0,0.1,final,dlog,out,40,0.007744031006542877,22,0.0008083186919665336
kimi,kimi_div_rho0_wd0.1_tiersNone,1000,div,0.0,0.1,final,dlog,out,41,0.007564512564620249,27,0.0008083186919665336
kimi,kimi_div_rho0_wd0.1_tiersNone,1000,div,0.0,0.1,final,dlog,out,42,0.011149992522890801,12,0.0008083186919665336
kimi,kimi_div_rho0_wd0.1_tiersNone,1000,div,0.0,0.1,final,dlog,out,43,0.0076976697078766955,23,0.0008083186919665336
kimi,kimi_div_rho0_wd0.1_tiersNone,1000,div,0.0,0.1,final,dlog,out,44,0.004982722941437382,66,0.0008083186919665336
kimi,kimi_div_rho0_wd0.1_tiersNone,1000,div,0.0,0.1,final,dlog,out,45,0.010781202933901057,14,0.0008083186919665336
kimi,kimi_div_rho0_wd0.1_tiersNone,1000,div,0.0,0.1,final,dlog,out,46,0.004443145486040432,70,0.0008083186919665336
kimi,kimi_div_rho0_wd0.1_tiersNone,1000,div,0.0,0.1,final,dlog,out,47,0.005319322003739868,53,0.0008083186919665336
kimi,kimi_div_rho0_wd0.1_tiersNone,1000,div,0.0,0.1,final,dlog,out,48,0.004496982275754781,69,0.0008083186919665336
kimi,kimi_div_rho0_wd0.1_tiersNone,1000,div,0.0,0.1,final,dlog,out,49,0.005617309639760671,49,0.0008083186919665336
kimi,kimi_div_rho0_wd0.1_tiersNone,1000,div,0.0,0.1,final,dlog,out,50,0.004611618351816885,68,0.0008083186919665336
kimi,kimi_div_rho0_wd0.1_tiersNone,1000,div,0.0,0.1,final,dlog,out,51,0.012197453153714117,10,0.0008083186919665336
kimi,kimi_div_rho0_wd0.1_tiersNone,1000,div,0.0,0.1,final,dlog,out,52,0.003553229097497469,73,0.0008083186919665336
kimi,kimi_div_rho0_wd0.1_tiersNone,1000,div,0.0,0.1,final,dlog,out,53,0.005238361906967756,56,0.0008083186919665336
kimi,kimi_div_rho0_wd0.1_tiersNone,1000,div,0.0,0.1,final,dlog,out,54,0.005706621248898375,46,0.0008083186919665336
kimi,kimi_div_rho0_wd0.1_tiersNone,1000,div,0.0,0.1,final,dlog,out,55,0.006124472237257147,43,0.0008083186919665336
kimi,kimi_div_rho0_wd0.1_tiersNone,1000,div,0.0,0.1,final,dlog,out,56,0.09538626128646073,2,0.0008083186919665336
kimi,kimi_div_rho0_wd0.1_tiersNone,1000,div,0.0,0.1,final,dlog,out,57,0.005703363369370637,47,0.0008083186919665336
kimi,kimi_div_rho0_wd0.1_tiersNone,1000,div,0.0,0.1,final,dlog,out,58,0.011301658776202027,11,0.0008083186919665336
kimi,kimi_div_rho0_wd0.1_tiersNone,1000,div,0.0,0.1,final,dlog,out,59,0.010989822497577517,13,0.0008083186919665336
kimi,kimi_div_rho0_wd0.1_tiersNone,1000,div,0.0,0.1,final,dlog,out,60,0.005018784859083516,63,0.0008083186919665336
kimi,kimi_div_rho0_wd0.1_tiersNone,1000,div,0.0,0.1,final,dlog,out,61,0.004998135726511901,65,0.0008083186919665336
kimi,kimi_div_rho0_wd0.1_tiersNone,1000,div,0.0,0.1,final,dlog,out,62,0.006196950636774648,41,0.0008083186919665336
kimi,kimi_div_rho0_wd0.1_tiersNone,1000,div,0.0,0.1,final,dlog,out,63,0.0074114193603661265,29,0.0008083186919665336
kimi,kimi_div_rho0_wd0.1_tiersNone,1000,div,0.0,0.1,final,dlog,out,64,0.006327763895898331,38,0.0008083186919665336
kimi,kimi_div_rho0_wd0.1_tiersNone,1000,div,0.0,0.1,final,dlog,out,65,0.058663299915841544,6,0.0008083186919665336
kimi,kimi_div_rho0_wd0.1_tiersNone,1000,div,0.0,0.1,final,dlog,out,66,0.05570925168387387,7,0.0008083186919665336
kimi,kimi_div_rho0_wd0.1_tiersNone,1000,div,0.0,0.1,final,dlog,out,67,0.0051651320428461765,58,0.0008083186919665336
kimi,kimi_div_rho0_wd0.1_tiersNone,1000,div,0.0,0.1,final,dlog,out,68,0.014169589032058434,8,0.0008083186919665336
kimi,kimi_div_rho0_wd0.1_tiersNone,1000,div,0.0,0.1,final,dlog,out,69,0.007657410184343815,25,0.0008083186919665336
kimi,kimi_div_rho0_wd0.1_tiersNone,1000,div,0.0,0.1,final,dlog,out,70,0.010310518900231292,15,0.0008083186919665336
kimi,kimi_div_rho0_wd0.1_tiersNone,1000,div,0.0,0.1,final,dlog,out,71,0.006368904087606387,37,0.0008083186919665336
kimi,kimi_div_rho0_wd0.1_tiersNone,1000,div,0.0,0.1,final,dlog,out,72,0.0073778222356981294,30,0.0008083186919665336
kimi,kimi_div_rho0_wd0.1_tiersNone,1000,div,0.0,0.1,final,dlog,out,73,0.005143168807187565,59,0.0008083186919665336
kimi,kimi_div_rho0_wd0.1_tiersNone,1000,div,0.0,0.1,final,dlog,out,74,0.06015711312762507,5,0.0008083186919665336
kimi,kimi_div_rho0_wd0.1_tiersNone,1001,div,0.0,0.1,final,dlog,in,1,0.007831037051005421,43,0.002299095913296544
kimi,kimi_div_rho0_wd0.1_tiersNone,1001,div,0.0,0.1,final,dlog,in,2,0.010939505288938762,21,0.002299095913296544
kimi,kimi_div_rho0_wd0.1_tiersNone,1001,div,0.0,0.1,final,dlog,in,3,0.008476465142913654,36,0.002299095913296544
kimi,kimi_div_rho0_wd0.1_tiersNone,1001,div,0.0,0.1,final,dlog,in,4,0.07917216712736713,3,0.002299095913296544
kimi,kimi_div_rho0_wd0.1_tiersNone,1001,div,0.0,0.1,final,dlog,in,5,0.006427575594441489,58,0.002299095913296544
kimi,kimi_div_rho0_wd0.1_tiersNone,1001,div,0.0,0.1,final,dlog,in,6,0.03879879615026506,5,0.002299095913296544
kimi,kimi_div_rho0_wd0.1_tiersNone,1001,div,0.0,0.1,final,dlog,in,7,0.011504999859069685,20,0.002299095913296544
kimi,kimi_div_rho0_wd0.1_tiersNone,1001,div,0.0,0.1,final,dlog,in,8,0.00823409111088066,37,0.002299095913296544
kimi,kimi_div_rho0_wd0.1_tiersNone,1001,div,0.0,0.1,final,dlog,in,9,0.008222910042999782,38,0.002299095913296544
kimi,kimi_div_rho0_wd0.1_tiersNone,1001,div,0.0,0.1,final,dlog,in,10,0.009235451280286175,30,0.002299095913296544
kimi,kimi_div_rho0_wd0.1_tiersNone,1001,div,0.0,0.1,final,dlog,in,11,0.006700768312402029,56,0.002299095913296544
kimi,kimi_div_rho0_wd0.1_tiersNone,1001,div,0.0,0.1,final,dlog,in,12,0.012915242463983123,12,0.002299095913296544
kimi,kimi_div_rho0_wd0.1_tiersNone,1001,div,0.0,0.1,final,dlog,in,13,0.008673721398337775,35,0.002299095913296544
kimi,kimi_div_rho0_wd0.1_tiersNone,1001,div,0.0,0.1,final,dlog,in,14,0.06504141356684859,4,0.002299095913296544
kimi,kimi_div_rho0_wd0.1_tiersNone,1001,div,0.0,0.1,final,dlog,in,15,0.09294138271189144,1,0.002299095913296544
kimi,kimi_div_rho0_wd0.1_tiersNone,1001,div,0.0,0.1,final,dlog,in,16,0.008761416295499699,34,0.002299095913296544
kimi,kimi_div_rho0_wd0.1_tiersNone,1001,div,0.0,0.1,final,dlog,in,17,0.005848880978888569,65,0.002299095913296544
kimi,kimi_div_rho0_wd0.1_tiersNone,1001,div,0.0,0.1,final,dlog,in,18,0.017099185055263113,9,0.002299095913296544
kimi,kimi_div_rho0_wd0.1_tiersNone,1001,div,0.0,0.1,final,dlog,in,19,0.010009272367739274,23,0.002299095913296544
kimi,kimi_div_rho0_wd0.1_tiersNone,1001,div,0.0,0.1,final,dlog,in,20,0.005775663026207359,66,0.002299095913296544
kimi,kimi_div_rho0_wd0.1_tiersNone,1001,div,0.0,0.1,final,dlog,in,21,0.008932547672730095,31,0.002299095913296544
kimi,kimi_div_rho0_wd0.1_tiersNone,1001,div,0.0,0.1,final,dlog,in,22,0.005897292807113368,63,0.002299095913296544
kimi,kimi_div_rho0_wd0.1_tiersNone,1001,div,0.0,0.1,final,dlog,in,23,0.006524986538263708,57,0.002299095913296544
kimi,kimi_div_rho0_wd0.1_tiersNone,1001,div,0.0,0.1,final,dlog,in,24,0.010053689916176915,22,0.002299095913296544
kimi,kimi_div_rho0_wd0.1_tiersNone,1001,div,0.0,0.1,final,dlog,in,25,0.006033839284414378,62,0.002299095913296544
kimi,kimi_div_rho0_wd0.1_tiersNone,1001,div,0.0,0.1,final,dlog,in,26,0.007285596522408976,46,0.002299095913296544
kimi,kimi_div_rho0_wd0.1_tiersNone,1001,div,0.0,0.1,final,dlog,in,27,0.007114876169806929,48,0.002299095913296544
kimi,kimi_div_rho0_wd0.1_tiersNone,1001,div,0.0,0.1,final,dlog,in,28,0.00881743232788442,33,0.002299095913296544
kimi,kimi_div_rho0_wd0.1_tiersNone,1001,div,0.0,0.1,final,dlog,in,29,0.009968505859156923,24,0.002299095913296544
kimi,kimi_div_rho0_wd0.1_tiersNone,1001,div,0.0,0.1,final,dlog,in,30,0.01912690671656724,8,0.002299095913296544
kimi,kimi_div_rho0_wd0.1_tiersNone,1001,div,0.0,0.1,final,dlog,in,31,0.014407441904008321,11,0.002299095913296544
kimi,kimi_div_rho0_wd0.1_tiersNone,1001,div,0.0,0.1,final,dlog,in,32,0.005464590896333274,72,0.002299095913296544
kimi,kimi_div_rho0_wd0.1_tiersNone,1001,div,0.0,0.1,final,dlog,in,33,0.005868267933237437,64,0.002299095913296544
kimi,kimi_div_rho0_wd0.1_tiersNone,1001,div,0.0,0.1,final,dlog,in,34,0.005665910956094003,70,0.002299095913296544
kimi,kimi_div_rho0_wd0.1_tiersNone,1001,div,0.0,0.1,final,dlog,in,35,0.012888332099752979,13,0.002299095913296544
kimi,kimi_div_rho0_wd0.1_tiersNone,1001,div,0.0,0.1,final,dlog,in,36,0.007080823856569285,50,0.002299095913296544
kimi,kimi_div_rho0_wd0.1_tiersNone,1001,div,0.0,0.1,final,dlog,in,37,0.012152008903312249,16,0.002299095913296544
kimi,kimi_div_rho0_wd0.1_tiersNone,1001,div,0.0,0.1,final,dlog,in,38,0.009419519089798182,28,0.002299095913296544
kimi,kimi_div_rho0_wd0.1_tiersNone,1001,div,0.0,0.1,final,dlog,in,39,0.01205495652514012,17,0.002299095913296544
kimi,kimi_div_rho0_wd0.1_tiersNone,1001,div,0.0,0.1,final,dlog,in,40,0.005698696313209494,69,0.002299095913296544
kimi,kimi_div_rho0_wd0.1_tiersNone,1001,div,0.0,0.1,final,dlog,in,41,0.006934088875979328,53,0.002299095913296544
kimi,kimi_div_rho0_wd0.1_tiersNone,1001,div,0.0,0.1,final,dlog,in,42,0.08278181635900489,2,0.002299095913296544
kimi,kimi_div_rho0_wd0.1_tiersNone,1001,div,0.0,0.1,final,dlog,in,43,0.009508291102762419,27,0.002299095913296544
kimi,kimi_div_rho0_wd0.1_tiersNone,1001,div,0.0,0.1,final,dlog,in,44,0.00961998941133671,26,0.002299095913296544
kimi,kimi_div_rho0_wd0.1_tiersNone,1001,div,0.0,0.1,final,dlog,in,45,0.00890325170508806,32,0.002299095913296544
kimi,kimi_div_rho0_wd0.1_tiersNone,1001,div,0.0,0.1,final,dlog,in,46,0.0051150225776802356,73,0.002299095913296544
kimi,kimi_div_rho0_wd0.1_tiersNone,1001,div,0.0,0.1,final,dlog,in,47,0.007110343791450757,49,0.002299095913296544
kimi,kimi_div_rho0_wd0.1_tiersNone,1001,div,0.0,0.1,final,dlog,in,48,0.007622806513536905,44,0.002299095913296544
kimi,kimi_div_rho0_wd0.1_tiersNone,1001,div,0.0,0.1,final,dlog,in,49,0.006745421220053139,55,0.002299095913296544
kimi,kimi_div_rho0_wd0.1_tiersNone,1001,div,0.0,0.1,final,dlog,in,50,0.011860796527726628,18,0.002299095913296544
kimi,kimi_div_rho0_wd0.1_tiersNone,1001,div,0.0,0.1,final,dlog,in,51,0.0057034659658468274,68,0.002299095913296544
kimi,kimi_div_rho0_wd0.1_tiersNone,1001,div,0.0,0.1,final,dlog,in,52,0.007938435977976424,40,0.002299095913296544
kimi,kimi_div_rho0_wd0.1_tiersNone,1001,div,0.0,0.1,final,dlog,in,53,0.0057251283108277675,67,0.002299095913296544
kimi,kimi_div_rho0_wd0.1_tiersNone,1001,div,0.0,0.1,final,dlog,in,54,0.011683686676595775,19,0.002299095913296544
kimi,kimi_div_rho0_wd0.1_tiersNone,1001,div,0.0,0.1,final,dlog,in,55,0.005034108647992395,74,0.002299095913296544
kimi,kimi_div_rho0_wd0.1_tiersNone,1001,div,0.0,0.1,final,dlog,in,56,0.005587429986785075,71,0.002299095913296544
kimi,kimi_div_rho0_wd0.1_tiersNone,1001,div,0.0,0.1,final,dlog,in,57,0.007841311131094797,42,0.002299095913296544
kimi,kimi_div_rho0_wd0.1_tiersNone,1001,div,0.0,0.1,final,dlog,in,58,0.014714516072201906,10,0.002299095913296544
kimi,kimi_div_rho0_wd0.1_tiersNone,1001,div,0.0,0.1,final,dlog,in,59,0.009911770002199845,25,0.002299095913296544
kimi,kimi_div_rho0_wd0.1_tiersNone,1001,div,0.0,0.1,final,dlog,in,60,0.006271893646729149,59,0.002299095913296544
kimi,kimi_div_rho0_wd0.1_tiersNone,1001,div,0.0,0.1,final,dlog,in,61,0.007036151993921831,52,0.002299095913296544
kimi,kimi_div_rho0_wd0.1_tiersNone,1001,div,0.0,0.1,final,dlog,in,62,0.007850708026131947,41,0.002299095913296544
kimi,kimi_div_rho0_wd0.1_tiersNone,1001,div,0.0,0.1,final,dlog,in,63,0.012567131474296939,14,0.002299095913296544
kimi,kimi_div_rho0_wd0.1_tiersNone,1001,div,0.0,0.1,final,dlog,in,64,0.012254809985039883,15,0.002299095913296544
kimi,kimi_div_rho0_wd0.1_tiersNone,1001,div,0.0,0.1,final,dlog,in,65,0.026947210623459436,7,0.002299095913296544
kimi,kimi_div_rho0_wd0.1_tiersNone,1001,div,0.0,0.1,final,dlog,in,66,0.006257022852739872,60,0.002299095913296544
kimi,kimi_div_rho0_wd0.1_tiersNone,1001,div,0.0,0.1,final,dlog,in,67,0.007067531506239227,51,0.002299095913296544
kimi,kimi_div_rho0_wd0.1_tiersNone,1001,div,0.0,0.1,final,dlog,in,68,0.009334728768948607,29,0.002299095913296544
kimi,kimi_div_rho0_wd0.1_tiersNone,1001,div,0.0,0.1,final,dlog,in,69,0.007222960209613944,47,0.002299095913296544
kimi,kimi_div_rho0_wd0.1_tiersNone,1001,div,0.0,0.1,final,dlog,in,70,0.007385936495227222,45,0.002299095913296544
kimi,kimi_div_rho0_wd0.1_tiersNone,1001,div,0.0,0.1,final,dlog,in,71,0.008140795208856024,39,0.002299095913296544
kimi,kimi_div_rho0_wd0.1_tiersNone,1001,div,0.0,0.1,final,dlog,in,72,0.0068074890640678455,54,0.002299095913296544
kimi,kimi_div_rho0_wd0.1_tiersNone,1001,div,0.0,0.1,final,dlog,in,73,0.00613800414019843,61,0.002299095913296544
kimi,kimi_div_rho0_wd0.1_tiersNone,1001,div,0.0,0.1,final,dlog,in,74,0.03530977803118277,6,0.002299095913296544
kimi,kimi_div_rho0_wd0.1_tiersNone,1001,div,0.0,0.1,final,dlog,out,1,0.005087293865750463,47,0.0005975630994845154
kimi,kimi_div_rho0_wd0.1_tiersNone,1001,div,0.0,0.1,final,dlog,out,2,0.007114227019566499,28,0.0005975630994845154
kimi,kimi_div_rho0_wd0.1_tiersNone,1001,div,0.0,0.1,final,dlog,out,3,0.006756384262309264,31,0.0005975630994845154
kimi,kimi_div_rho0_wd0.1_tiersNone,1001,div,0.0,0.1,final,dlog,out,4,0.11403788212753276,3,0.0005975630994845154
kimi,kimi_div_rho0_wd0.1_tiersNone,1001,div,0.0,0.1,final,dlog,out,5,0.005599284461419973,39,0.0005975630994845154
kimi,kimi_div_rho0_wd0.1_tiersNone,1001,div,0.0,0.1,final,dlog,out,6,0.032305942002234904,6,0.0005975630994845154
kimi,kimi_div_rho0_wd0.1_tiersNone,1001,div,0.0,0.1,final,dlog,out,7,0.008824048202559307,22,0.0005975630994845154
kimi,kimi_div_rho0_wd0.1_tiersNone,1001,div,0.0,0.1,final,dlog,out,8,0.0031014894745093756,71,0.0005975630994845154
kimi,kimi_div_rho0_wd0.1_tiersNone,1001,div,0.0,0.1,final,dlog,out,9,0.005558908680702207,41,0.0005975630994845154
kimi,kimi_div_rho0_wd0.1_tiersNone,1001,div,0.0,0.1,final,dlog,out,10,0.005269528652727129,45,0.0005975630994845154
kimi,kimi_div_rho0_wd0.1_tiersNone,1001,div,0.0,0.1,final,dlog,out,11,0.003196078324005546,70,0.0005975630994845154
kimi,kimi_div_rho0_wd0.1_tiersNone,1001,div,0.0,0.1,final,dlog,out,12,0.009103546818681195,21,0.0005975630994845154
kimi,kimi_div_rho0_wd0.1_tiersNone,1001,div,0.0,0.1,final,dlog,out,13,0.00820104820807084,25,0.0005975630994845154
kimi,kimi_div_rho0_wd0.1_tiersNone,1001,div,0.0,0.1,final,dlog,out,14,0.07293044090877158,4,0.0005975630994845154
kimi,kimi_div_rho0_wd0.1_tiersNone,1001,div,0.0,0.1,final,dlog,out,15,0.1370937205620824,1,0.0005975630994845154
kimi,kimi_div_rho0_wd0.1_tiersNone,1001,div,0.0,0.1,final,dlog,out,16,0.006403373306890905,32,0.0005975630994845154
kimi,kimi_div_rho0_wd0.1_tiersNone,1001,div,0.0,0.1,final,dlog,out,17,0.0038501368078337115,66,0.0005975630994845154
kimi,kimi_div_rho0_wd0.1_tiersNone,1001,div,0.0,0.1,final,dlog,out,18,0.013669348598755593,11,0.0005975630994845154
kimi,kimi_div_rho0_wd0.1_tiersNone,1001,div,0.0,0.1,final,dlog,out,19,0.004553946327602192,53,0.0005975630994845154
kimi,kimi_div_rho0_wd0.1_tiersNone,1001,div,0.0,0.1,final,dlog,out,20,0.004809042722628381,50,0.0005975630994845154
kimi,kimi_div_rho0_wd0.1_tiersNone,1001,div,0.0,0.1,final,dlog,out,21,0.0084145554053396,23,0.0005975630994845154
kimi,kimi_div_rho0_wd0.1_tiersNone,1001,div,0.0,0.1,final,dlog,out,22,0.004959736100943119,49,0.0005975630994845154
kimi,kimi_div_rho0_wd0.1_tiersNone,1001,div,0.0,0.1,final,dlog,out,23,0.003917198453644611,64,0.0005975630994845154
kimi,kimi_div_rho0_wd0.1_tiersNone,1001,div,0.0,0.1,final,dlog,out,24,0.010904112960405327,14,0.0005975630994845154
kimi,kimi_div_rho0_wd0.1_tiersNone,1001,div,0.0,0.1,final,dlog,out,25,0.003939861245112677,62,0.0005975630994845154
kimi,kimi_div_rho0_wd0.1_tiersNone,1001,div,0.0,0.1,final,dlog,out,26,0.00478898438742648,51,0.0005975630994845154
kimi,kimi_div_rho0_wd0.1_tiersNone,1001,div,0.0,0.1,final,dlog,out,27,0.0028322152698016592,73,0.0005975630994845154
kimi,kimi_div_rho0_wd0.1_tiersNone,1001,div,0.0,0.1,final,dlog,out,28,0.005639973806679484,38,0.0005975630994845154
kimi,kimi_div_rho0_wd0.1_tiersNone,1001,div,0.0,0.1,final,dlog,out,29,0.007698879788570864,26,0.0005975630994845154
kimi,kimi_div_rho0_wd0.1_tiersNone,1001,div,0.0,0.1,final,dlog,out,30,0.011275020311432413,13,0.0005975630994845154
kimi,kimi_div_rho0_wd0.1_tiersNone,1001,div,0.0,0.1,final,dlog,out,31,0.014196082952069452,10,0.0005975630994845154
kimi,kimi_div_rho0_wd0.1_tiersNone,1001,div,0.0,0.1,final,dlog,out,32,0.003360686079391133,69,0.0005975630994845154
kimi,kimi_div_rho0_wd0.1_tiersNone,1001,div,0.0,0.1,final,dlog,out,33,0.005410335709186619,43,0.0005975630994845154
kimi,kimi_div_rho0_wd0.1_tiersNone,1001,div,0.0,0.1,final,dlog,out,34,0.004302581048943782,55,0.0005975630994845154
kimi,kimi_div_rho0_wd0.1_tiersNone,1001,div,0.0,0.1,final,dlog,out,35,0.00920584658639532,20,0.0005975630994845154
kimi,kimi_div_rho0_wd0.1_tiersNone,1001,div,0.0,0.1,final,dlog,out,36,0.00417965981587111,58,0.0005975630994845154
kimi,kimi_div_rho0_wd0.1_tiersNone,1001,div,0.0,0.1,final,dlog,out,37,0.011489942499457093,12,0.0005975630994845154
kimi,kimi_div_rho0_wd0.1_tiersNone,1001,div,0.0,0.1,final,dlog,out,38,0.003918844841685051,63,0.0005975630994845154
kimi,kimi_div_rho0_wd0.1_tiersNone,1001,div,0.0,0.1,final,dlog,out,39,0.010391925348458578,15,0.0005975630994845154
kimi,kimi_div_rho0_wd0.1_tiersNone,1001,div,0.0,0.1,final,dlog,out,40,0.004531256130711371,54,0.0005975630994845154
kimi,kimi_div_rho0_wd0.1_tiersNone,1001,div,0.0,0.1,final,dlog,out,41,0.005840585457490685,36,0.0005975630994845154
kimi,kimi_div_rho0_wd0.1_tiersNone,1001,div,0.0,0.1,final,dlog,out,42,0.11954352428851162,2,0.0005975630994845154
kimi,kimi_div_rho0_wd0.1_tiersNone,1001,div,0.0,0.1,final,dlog,out,43,0.010170512132200658,16,0.0005975630994845154
kimi,kimi_div_rho0_wd0.1_tiersNone,1001,div,0.0,0.1,final,dlog,out,44,0.006963388732814714,29,0.0005975630994845154
kimi,kimi_div_rho0_wd0.1_tiersNone,1001,div,0.0,0.1,final,dlog,out,45,0.008226169292698812,24,0.0005975630994845154
kimi,kimi_div_rho0_wd0.1_tiersNone,1001,div,0.0,0.1,final,dlog,out,46,0.002691659936935844,74,0.0005975630994845154
kimi,kimi_div_rho0_wd0.1_tiersNone,1001,div,0.0,0.1,final,dlog,out,47,0.006080131466276737,34,0.0005975630994845154
kimi,kimi_div_rho0_wd0.1_tiersNone,1001,div,0.0,0.1,final,dlog,out,48,0.00548475694621934,42,0.0005975630994845154
kimi,kimi_div_rho0_wd0.1_tiersNone,1001,div,0.0,0.1,final,dlog,out,49,0.00366513358071596,68,0.0005975630994845154
kimi,kimi_div_rho0_wd0.1_tiersNone,1001,div,0.0,0.1,final,dlog,out,50,0.010147391502188416,17,0.0005975630994845154
kimi,kimi_div_rho0_wd0.1_tiersNone,1001,div,0.0,0.1,final,dlog,out,51,0.004284770341090297,56,0.0005975630994845154
kimi,kimi_div_rho0_wd0.1_tiersNone,1001,div,0.0,0.1,final,dlog,out,52,0.006936634206078078,30,0.0005975630994845154
kimi,kimi_div_rho0_wd0.1_tiersNone,1001,div,0.0,0.1,final,dlog,out,53,0.003856924452142563,65,0.0005975630994845154
kimi,kimi_div_rho0_wd0.1_tiersNone,1001,div,0.0,0.1,final,dlog,out,54,0.00958467046819149,18,0.0005975630994845154
kimi,kimi_div_rho0_wd0.1_tiersNone,1001,div,0.0,0.1,final,dlog,out,55,0.0036947298084102887,67,0.0005975630994845154
kimi,kimi_div_rho0_wd0.1_tiersNone,1001,div,0.0,0.1,final,dlog,out,56,0.004110009945809565,60,0.0005975630994845154
kimi,kimi_div_rho0_wd0.1_tiersNone,1001,div,0.0,0.1,final,dlog,out,57,0.002913976753095084,72,0.0005975630994845154
kimi,kimi_div_rho0_wd0.1_tiersNone,1001,div,0.0,0.1,final,dlog,out,58,0.021334315697177007,8,0.0005975630994845154
kimi,kimi_div_rho0_wd0.1_tiersNone,1001,div,0.0,0.1,final,dlog,out,59,0.005173403616556362,46,0.0005975630994845154
kimi,kimi_div_rho0_wd0.1_tiersNone,1001,div,0.0,0.1,final,dlog,out,60,0.005846001587646295,35,0.0005975630994845154
kimi,kimi_div_rho0_wd0.1_tiersNone,1001,div,0.0,0.1,final,dlog,out,61,0.004274229621851648,57,0.0005975630994845154
kimi,kimi_div_rho0_wd0.1_tiersNone,1001,div,0.0,0.1,final,dlog,out,62,0.0058242042448247424,37,0.0005975630994845154
kimi,kimi_div_rho0_wd0.1_tiersNone,1001,div,0.0,0.1,final,dlog,out,63,0.0146229497067365,9,0.0005975630994845154
kimi,kimi_div_rho0_wd0.1_tiersNone,1001,div,0.0,0.1,final,dlog,out,64,0.009360621907882132,19,0.0005975630994845154
kimi,kimi_div_rho0_wd0.1_tiersNone,1001,div,0.0,0.1,final,dlog,out,65,0.029048570278461767,7,0.0005975630994845154
kimi,kimi_div_rho0_wd0.1_tiersNone,1001,div,0.0,0.1,final,dlog,out,66,0.005589808303123218,40,0.0005975630994845154
kimi,kimi_div_rho0_wd0.1_tiersNone,1001,div,0.0,0.1,final,dlog,out,67,0.0061145198460468815,33,0.0005975630994845154
kimi,kimi_div_rho0_wd0.1_tiersNone,1001,div,0.0,0.1,final,dlog,out,68,0.005028480715604111,48,0.0005975630994845154
kimi,kimi_div_rho0_wd0.1_tiersNone,1001,div,0.0,0.1,final,dlog,out,69,0.004775389139896812,52,0.0005975630994845154
kimi,kimi_div_rho0_wd0.1_tiersNone,1001,div,0.0,0.1,final,dlog,out,70,0.004131125465212727,59,0.0005975630994845154
kimi,kimi_div_rho0_wd0.1_tiersNone,1001,div,0.0,0.1,final,dlog,out,71,0.007265691003150332,27,0.0005975630994845154
kimi,kimi_div_rho0_wd0.1_tiersNone,1001,div,0.0,0.1,final,dlog,out,72,0.004039133364948701,61,0.0005975630994845154
kimi,kimi_div_rho0_wd0.1_tiersNone,1001,div,0.0,0.1,final,dlog,out,73,0.005354244103105591,44,0.0005975630994845154
kimi,kimi_div_rho0_wd0.1_tiersNone,1001,div,0.0,0.1,final,dlog,out,74,0.055198972010744786,5,0.0005975630994845154
kimi,kimi_div_rho0_wd0.1_tiersNone,1002,div,0.0,0.1,final,dlog,in,1,0.03348450003082937,7,0.001767375254311616
kimi,kimi_div_rho0_wd0.1_tiersNone,1002,div,0.0,0.1,final,dlog,in,2,0.03938523123646323,6,0.001767375254311616
kimi,kimi_div_rho0_wd0.1_tiersNone,1002,div,0.0,0.1,final,dlog,in,3,0.012000839433873929,20,0.001767375254311616
kimi,kimi_div_rho0_wd0.1_tiersNone,1002,div,0.0,0.1,final,dlog,in,4,0.010017583127804002,39,0.001767375254311616
kimi,kimi_div_rho0_wd0.1_tiersNone,1002,div,0.0,0.1,final,dlog,in,5,0.008273427269226146,63,0.001767375254311616
kimi,kimi_div_rho0_wd0.1_tiersNone,1002,div,0.0,0.1,final,dlog,in,6,0.00943085564619423,49,0.001767375254311616
kimi,kimi_div_rho0_wd0.1_tiersNone,1002,div,0.0,0.1,final,dlog,in,7,0.006361959824957702,73,0.001767375254311616
kimi,kimi_div_rho0_wd0.1_tiersNone,1002,div,0.0,0.1,final,dlog,in,8,0.010417162985182636,32,0.001767375254311616
kimi,kimi_div_rho0_wd0.1_tiersNone,1002,div,0.0,0.1,final,dlog,in,9,0.012379354510926527,17,0.001767375254311616
kimi,kimi_div_rho0_wd0.1_tiersNone,1002,div,0.0,0.1,final,dlog,in,10,0.015262359463655046,10,0.001767375254311616
kimi,kimi_div_rho0_wd0.1_tiersNone,1002,div,0.0,0.1,final,dlog,in,11,0.011723739059577137,23,0.001767375254311616
kimi,kimi_div_rho0_wd0.1_tiersNone,1002,div,0.0,0.1,final,dlog,in,12,0.011367230948648142,25,0.001767375254311616
kimi,kimi_div_rho0_wd0.1_tiersNone,1002,div,0.0,0.1,final,dlog,in,13,0.05142371563651332,2,0.001767375254311616
kimi,kimi_div_rho0_wd0.1_tiersNone,1002,div,0.0,0.1,final,dlog,in,14,0.008662663657254627,58,0.001767375254311616
kimi,kimi_div_rho0_wd0.1_tiersNone,1002,div,0.0,0.1,final,dlog,in,15,0.011973107833658379,21,0.001767375254311616
kimi,kimi_div_rho0_wd0.1_tiersNone,1002,div,0.0,0.1,final,dlog,in,16,0.009602490442144668,46,0.001767375254311616
kimi,kimi_div_rho0_wd0.1_tiersNone,1002,div,0.0,0.1,final,dlog,in,17,0.010115038729565914,37,0.001767375254311616
kimi,kimi_div_rho0_wd0.1_tiersNone,1002,div,0.0,0.1,final,dlog,in,18,0.007143571508322325,70,0.001767375254311616
kimi,kimi_div_rho0_wd0.1_tiersNone,1002,div,0.0,0.1,final,dlog,in,19,0.008356788701621517,61,0.001767375254311616
kimi,kimi_div_rho0_wd0.1_tiersNone,1002,div,0.0,0.1,final,dlog,in,20,0.007774514118817558,67,0.001767375254311616
kimi,kimi_div_rho0_wd0.1_tiersNone,1002,div,0.0,0.1,final,dlog,in,21,0.010801663945395418,29,0.001767375254311616
kimi,kimi_div_rho0_wd0.1_tiersNone,1002,div,0.0,0.1,final,dlog,in,22,0.01210600921132271,19,0.001767375254311616
kimi,kimi_div_rho0_wd0.1_tiersNone,1002,div,0.0,0.1,final,dlog,in,23,0.00785267314392303,66,0.001767375254311616
kimi,kimi_div_rho0_wd0.1_tiersNone,1002,div,0.0,0.1,final,dlog,in,24,0.01331686048048381,15,0.001767375254311616
kimi,kimi_div_rho0_wd0.1_tiersNone,1002,div,0.0,0.1,final,dlog,in,25,0.01082387525081498,28,0.001767375254311616
kimi,kimi_div_rho0_wd0.1_tiersNone,1002,div,0.0,0.1,final,dlog,in,26,0.011300802009014507,27,0.001767375254311616
kimi,kimi_div_rho0_wd0.1_tiersNone,1002,div,0.0,0.1,final,dlog,in,27,0.00811067335319006,65,0.001767375254311616
kimi,kimi_div_rho0_wd0.1_tiersNone,1002,div,0.0,0.1,final,dlog,in,28,0.011357265566438606,26,0.001767375254311616
kimi,kimi_div_rho0_wd0.1_tiersNone,1002,div,0.0,0.1,final,dlog,in,29,0.006972517477416511,71,0.001767375254311616
kimi,kimi_div_rho0_wd0.1_tiersNone,1002,div,0.0,0.1,final,dlog,in,30,0.045403147589833735,4,0.001767375254311616
kimi,kimi_div_rho0_wd0.1_tiersNone,1002,div,0.0,0.1,final,dlog,in,31,0.009607532757201664,45,0.001767375254311616
kimi,kimi_div_rho0_wd0.1_tiersNone,1002,div,0.0,0.1,final,dlog,in,32,0.010024257624381652,38,0.001767375254311616
kimi,kimi_div_rho0_wd0.1_tiersNone,1002,div,0.0,0.1,final,dlog,in,33,0.008466458370798903,60,0.001767375254311616
kimi,kimi_div_rho0_wd0.1_tiersNone,1002,div,0.0,0.1,final,dlog,in,34,0.008288606314677312,62,0.001767375254311616
kimi,kimi_div_rho0_wd0.1_tiersNone,1002,div,0.0,0.1,final,dlog,in,35,0.010353557104051704,33,0.001767375254311616
kimi,kimi_div_rho0_wd0.1_tiersNone,1002,div,0.0,0.1,final,dlog,in,36,0.008922941469771366,54,0.001767375254311616
kimi,kimi_div_rho0_wd0.1_tiersNone,1002,div,0.0,0.1,final,dlog,in,37,0.00908124949114267,50,0.001767375254311616
kimi,kimi_div_rho0_wd0.1_tiersNone,1002,div,0.0,0.1,final,dlog,in,38,0.008182004783040464,64,0.001767375254311616
kimi,kimi_div_rho0_wd0.1_tiersNone,1002,div,0.0,0.1,final,dlog,in,39,0.01145053472380635,24,0.001767375254311616
kimi,kimi_div_rho0_wd0.1_tiersNone,1002,div,0.0,0.1,final,dlog,in,40,0.05602769074617536,1,0.001767375254311616
kimi,kimi_div_rho0_wd0.1_tiersNone,1002,div,0.0,0.1,final,dlog,in,41,0.013819122325499523,14,0.001767375254311616
kimi,kimi_div_rho0_wd0.1_tiersNone,1002,div,0.0,0.1,final,dlog,in,42,0.008948722581382748,53,0.001767375254311616
kimi,kimi_div_rho0_wd0.1_tiersNone,1002,div,0.0,0.1,final,dlog,in,43,0.00983104041444376,43,0.001767375254311616
kimi,kimi_div_rho0_wd0.1_tiersNone,1002,div,0.0,0.1,final,dlog,in,44,0.009076721667656452,51,0.001767375254311616
kimi,kimi_div_rho0_wd0.1_tiersNone,1002,div,0.0,0.1,final,dlog,in,45,0.007561126282693088,68,0.001767375254311616
kimi,kimi_div_rho0_wd0.1_tiersNone,1002,div,0.0,0.1,final,dlog,in,46,0.014017095039396207,13,0.001767375254311616
kimi,kimi_div_rho0_wd0.1_tiersNone,1002,div,0.0,0.1,final,dlog,in,47,0.015627796009487847,9,0.001767375254311616
kimi,kimi_div_rho0_wd0.1_tiersNone,1002,div,0.0,0.1,final,dlog,in,48,0.012912782410842422,16,0.001767375254311616
kimi,kimi_div_rho0_wd0.1_tiersNone,1002,div,0.0,0.1,final,dlog,in,49,0.04575573466365654,3,0.001767375254311616
kimi,kimi_div_rho0_wd0.1_tiersNone,1002,div,0.0,0.1,final,dlog,in,50,0.009874487531932897,42,0.001767375254311616
kimi,kimi_div_rho0_wd0.1_tiersNone,1002,div,0.0,0.1,final,dlog,in,51,0.01518104232421611,11,0.001767375254311616
kimi,kimi_div_rho0_wd0.1_tiersNone,1002,div,0.0,0.1,final,dlog,in,52,0.039527604269832255,5,0.001767375254311616
kimi,kimi_div_rho0_wd0.1_tiersNone,1002,div,0.0,0.1,final,dlog,in,53,0.01053489090331408,31,0.001767375254311616
kimi,kimi_div_rho0_wd0.1_tiersNone,1002,div,0.0,0.1,final,dlog,in,54,0.010233018062874995,36,0.001767375254311616
kimi,kimi_div_rho0_wd0.1_tiersNone,1002,div,0.0,0.1,final,dlog,in,55,0.008822635956249388,56,0.001767375254311616
kimi,kimi_div_rho0_wd0.1_tiersNone,1002,div,0.0,0.1,final,dlog,in,56,0.009431018049438154,48,0.001767375254311616
kimi,kimi_div_rho0_wd0.1_tiersNone,1002,div,0.0,0.1,final,dlog,in,57,0.005627733988913225,74,0.001767375254311616
kimi,kimi_div_rho0_wd0.1_tiersNone,1002,div,0.0,0.1,final,dlog,in,58,0.006932351975490958,72,0.001767375254311616
kimi,kimi_div_rho0_wd0.1_tiersNone,1002,div,0.0,0.1,final,dlog,in,59,0.008829056676415696,55,0.001767375254311616
kimi,kimi_div_rho0_wd0.1_tiersNone,1002,div,0.0,0.1,final,dlog,in,60,0.008778491318132886,57,0.001767375254311616
kimi,kimi_div_rho0_wd0.1_tiersNone,1002,div,0.0,0.1,final,dlog,in,61,0.009558350731499413,47,0.001767375254311616
kimi,kimi_div_rho0_wd0.1_tiersNone,1002,div,0.0,0.1,final,dlog,in,62,0.009808466311283511,44,0.001767375254311616
kimi,kimi_div_rho0_wd0.1_tiersNone,1002,div,0.0,0.1,final,dlog,in,63,0.007433570457303057,69,0.001767375254311616
kimi,kimi_div_rho0_wd0.1_tiersNone,1002,div,0.0,0.1,final,dlog,in,64,0.010630960230071835,30,0.001767375254311616
kimi,kimi_div_rho0_wd0.1_tiersNone,1002,div,0.0,0.1,final,dlog,in,65,0.01190520226750497,22,0.001767375254311616
kimi,kimi_div_rho0_wd0.1_tiersNone,1002,div,0.0,0.1,final,dlog,in,66,0.012240166905276875,18,0.001767375254311616
kimi,kimi_div_rho0_wd0.1_tiersNone,1002,div,0.0,0.1,final,dlog,in,67,0.010247694452200922,35,0.001767375254311616
kimi,kimi_div_rho0_wd0.1_tiersNone,1002,div,0.0,0.1,final,dlog,in,68,0.010261036670824075,34,0.001767375254311616
kimi,kimi_div_rho0_wd0.1_tiersNone,1002,div,0.0,0.1,final,dlog,in,69,0.010008441507801648,40,0.001767375254311616
kimi,kimi_div_rho0_wd0.1_tiersNone,1002,div,0.0,0.1,final,dlog,in,70,0.0089918680360096,52,0.001767375254311616
kimi,kimi_div_rho0_wd0.1_tiersNone,1002,div,0.0,0.1,final,dlog,in,71,0.008466634340596557,59,0.001767375254311616
kimi,kimi_div_rho0_wd0.1_tiersNone,1002,div,0.0,0.1,final,dlog,in,72,0.009961060463178188,41,0.001767375254311616
kimi,kimi_div_rho0_wd0.1_tiersNone,1002,div,0.0,0.1,final,dlog,in,73,0.014269846888661926,12,0.001767375254311616
kimi,kimi_div_rho0_wd0.1_tiersNone,1002,div,0.0,0.1,final,dlog,in,74,0.021287772707800977,8,0.001767375254311616
kimi,kimi_div_rho0_wd0.1_tiersNone,1002,div,0.0,0.1,final,dlog,out,1,0.06354512160347202,5,0.0009968972566587325
kimi,kimi_div_rho0_wd0.1_tiersNone,1002,div,0.0,0.1,final,dlog,out,2,0.06769547767303645,4,0.0009968972566587325
kimi,kimi_div_rho0_wd0.1_tiersNone,1002,div,0.0,0.1,final,dlog,out,3,0.007249415258370126,32,0.0009968972566587325
kimi,kimi_div_rho0_wd0.1_tiersNone,1002,div,0.0,0.1,final,dlog,out,4,0.007398568386057714,30,0.0009968972566587325
kimi,kimi_div_rho0_wd0.1_tiersNone,1002,div,0.0,0.1,final,dlog,out,5,0.004713541699288978,63,0.0009968972566587325
kimi,kimi_div_rho0_wd0.1_tiersNone,1002,div,0.0,0.1,final,dlog,out,6,0.005412616858708302,53,0.0009968972566587325
kimi,kimi_div_rho0_wd0.1_tiersNone,1002,div,0.0,0.1,final,dlog,out,7,0.004570502186484931,67,0.0009968972566587325
kimi,kimi_div_rho0_wd0.1_tiersNone,1002,div,0.0,0.1,final,dlog,out,8,0.009037733482015286,18,0.0009968972566587325
kimi,kimi_div_rho0_wd0.1_tiersNone,1002,div,0.0,0.1,final,dlog,out,9,0.006559961410406649,41,0.0009968972566587325
kimi,kimi_div_rho0_wd0.1_tiersNone,1002,div,0.0,0.1,final,dlog,out,10,0.01013832565422019,14,0.0009968972566587325
kimi,kimi_div_rho0_wd0.1_tiersNone,1002,div,0.0,0.1,final,dlog,out,11,0.00759502719421271,26,0.0009968972566587325
kimi,kimi_div_rho0_wd0.1_tiersNone,1002,div,0.0,0.1,final,dlog,out,12,0.007473296066161028,29,0.0009968972566587325
kimi,kimi_div_rho0_wd0.1_tiersNone,1002,div,0.0,0.1,final,dlog,out,13,0.034095108411292804,8,0.0009968972566587325
kimi,kimi_div_rho0_wd0.1_tiersNone,1002,div,0.0,0.1,final,dlog,out,14,0.004665157419326871,65,0.0009968972566587325
kimi,kimi_div_rho0_wd0.1_tiersNone,1002,div,0.0,0.1,final,dlog,out,15,0.007767485769767998,24,0.0009968972566587325
kimi,kimi_div_rho0_wd0.1_tiersNone,1002,div,0.0,0.1,final,dlog,out,16,0.007484859499379624,28,0.0009968972566587325
kimi,kimi_div_rho0_wd0.1_tiersNone,1002,div,0.0,0.1,final,dlog,out,17,0.006801133119116981,36,0.0009968972566587325
kimi,kimi_div_rho0_wd0.1_tiersNone,1002,div,0.0,0.1,final,dlog,out,18,0.00524831365698432,58,0.0009968972566587325
kimi,kimi_div_rho0_wd0.1_tiersNone,1002,div,0.0,0.1,final,dlog,out,19,0.004215972320397088,72,0.0009968972566587325
kimi,kimi_div_rho0_wd0.1_tiersNone,1002,div,0.0,0.1,final,dlog,out,20,0.004683942102752108,64,0.0009968972566587325
kimi,kimi_div_rho0_wd0.1_tiersNone,1002,div,0.0,0.1,final,dlog,out,21,0.009281512964742049,17,0.0009968972566587325
kimi,kimi_div_rho0_wd0.1_tiersNone,1002,div,0.0,0.1,final,dlog,out,22,0.008478040276911626,22,0.0009968972566587325
kimi,kimi_div_rho0_wd0.1_tiersNone,1002,div,0.0,0.1,final,dlog,out,23,0.005796243032856481,50,0.0009968972566587325
kimi,kimi_div_rho0_wd0.1_tiersNone,1002,div,0.0,0.1,final,dlog,out,24,0.01589380131357211,9,0.0009968972566587325
kimi,kimi_div_rho0_wd0.1_tiersNone,1002,div,0.0,0.1,final,dlog,out,25,0.005253316543407259,57,0.0009968972566587325
kimi,kimi_div_rho0_wd0.1_tiersNone,1002,div,0.0,0.1,final,dlog,out,26,0.010579486922010098,13,0.0009968972566587325
kimi,kimi_div_rho0_wd0.1_tiersNone,1002,div,0.0,0.1,final,dlog,out,27,0.005387514263464857,54,0.0009968972566587325
kimi,kimi_div_rho0_wd0.1_tiersNone,1002,div,0.0,0.1,final,dlog,out,28,0.00857812671055105,20,0.0009968972566587325
kimi,kimi_div_rho0_wd0.1_tiersNone,1002,div,0.0,0.1,final,dlog,out,29,0.004214819153146944,73,0.0009968972566587325
kimi,kimi_div_rho0_wd0.1_tiersNone,1002,div,0.0,0.1,final,dlog,out,30,0.09491464884862257,1,0.0009968972566587325
kimi,kimi_div_rho0_wd0.1_tiersNone,1002,div,0.0,0.1,final,dlog,out,31,0.00628580917770711,44,0.0009968972566587325
kimi,kimi_div_rho0_wd0.1_tiersNone,1002,div,0.0,0.1,final,dlog,out,32,0.007088614115483073,35,0.0009968972566587325
kimi,kimi_div_rho0_wd0.1_tiersNone,1002,div,0.0,0.1,final,dlog,out,33,0.006302677821760067,43,0.0009968972566587325
kimi,kimi_div_rho0_wd0.1_tiersNone,1002,div,0.0,0.1,final,dlog,out,34,0.0035232466664198996,74,0.0009968972566587325
kimi,kimi_div_rho0_wd0.1_tiersNone,1002,div,0.0,0.1,final,dlog,out,35,0.008123899435108752,23,0.0009968972566587325
kimi,kimi_div_rho0_wd0.1_tiersNone,1002,div,0.0,0.1,final,dlog,out,36,0.005304857115003264,56,0.0009968972566587325
kimi,kimi_div_rho0_wd0.1_tiersNone,1002,div,0.0,0.1,final,dlog,out,37,0.007196691421782584,33,0.0009968972566587325
kimi,kimi_div_rho0_wd0.1_tiersNone,1002,div,0.0,0.1,final,dlog,out,38,0.005360961604066397,55,0.0009968972566587325
kimi,kimi_div_rho0_wd0.1_tiersNone,1002,div,0.0,0.1,final,dlog,out,39,0.006700157123262868,37,0.0009968972566587325
kimi,kimi_div_rho0_wd0.1_tiersNone,1002,div,0.0,0.1,final,dlog,out,40,0.08963674917197939,3,0.0009968972566587325
kimi,kimi_div_rho0_wd0.1_tiersNone,1002,div,0.0,0.1,final,dlog,out,41,0.009475854662248241,16,0.0009968972566587325
kimi,kimi_div_rho0_wd0.1_tiersNone,1002,div,0.0,0.1,final,dlog,out,42,0.006195548867619343,45,0.0009968972566587325
kimi,kimi_div_rho0_wd0.1_tiersNone,1002,div,0.0,0.1,final,dlog,out,43,0.0066401836174647885,38,0.0009968972566587325
kimi,kimi_div_rho0_wd0.1_tiersNone,1002,div,0.0,0.1,final,dlog,out,44,0.004429489679391334,69,0.0009968972566587325
kimi,kimi_div_rho0_wd0.1_tiersNone,1002,div,0.0,0.1,final,dlog,out,45,0.005820737615495611,49,0.0009968972566587325
kimi,kimi_div_rho0_wd0.1_tiersNone,1002,div,0.0,0.1,final,dlog,out,46,0.012244064308938023,11,0.0009968972566587325
kimi,kimi_div_rho0_wd0.1_tiersNone,1002,div,0.0,0.1,final,dlog,out,47,0.011174894574701631,12,0.0009968972566587325
kimi,kimi_div_rho0_wd0.1_tiersNone,1002,div,0.0,0.1,final,dlog,out,48,0.007094654308923066,34,0.0009968972566587325
kimi,kimi_div_rho0_wd0.1_tiersNone,1002,div,0.0,0.1,final,dlog,out,49,0.09138981687365492,2,0.0009968972566587325
kimi,kimi_div_rho0_wd0.1_tiersNone,1002,div,0.0,0.1,final,dlog,out,50,0.004276579838557014,71,0.0009968972566587325
kimi,kimi_div_rho0_wd0.1_tiersNone,1002,div,0.0,0.1,final,dlog,out,51,0.013834173093945789,10,0.0009968972566587325
kimi,kimi_div_rho0_wd0.1_tiersNone,1002,div,0.0,0.1,final,dlog,out,52,0.04257001903117241,7,0.0009968972566587325
kimi,kimi_div_rho0_wd0.1_tiersNone,1002,div,0.0,0.1,final,dlog,out,53,0.00499908509730101,62,0.0009968972566587325
kimi,kimi_div_rho0_wd0.1_tiersNone,1002,div,0.0,0.1,final,dlog,out,54,0.006583809153218921,40,0.0009968972566587325
kimi,kimi_div_rho0_wd0.1_tiersNone,1002,div,0.0,0.1,final,dlog,out,55,0.007564705591624296,27,0.0009968972566587325
kimi,kimi_div_rho0_wd0.1_tiersNone,1002,div,0.0,0.1,final,dlog,out,56,0.005155737503971755,60,0.0009968972566587325
kimi,kimi_div_rho0_wd0.1_tiersNone,1002,div,0.0,0.1,final,dlog,out,57,0.0043260593798125115,70,0.0009968972566587325
kimi,kimi_div_rho0_wd0.1_tiersNone,1002,div,0.0,0.1,final,dlog,out,58,0.0046415168903561925,66,0.0009968972566587325
kimi,kimi_div_rho0_wd0.1_tiersNone,1002,div,0.0,0.1,final,dlog,out,59,0.004517931199107432,68,0.0009968972566587325
kimi,kimi_div_rho0_wd0.1_tiersNone,1002,div,0.0,0.1,final,dlog,out,60,0.005233327629957962,59,0.0009968972566587325
kimi,kimi_div_rho0_wd0.1_tiersNone,1002,div,0.0,0.1,final,dlog,out,61,0.007309790816617022,31,0.0009968972566587325
kimi,kimi_div_rho0_wd0.1_tiersNone,1002,div,0.0,0.1,final,dlog,out,62,0.0063039985337920955,42,0.0009968972566587325
kimi,kimi_div_rho0_wd0.1_tiersNone,1002,div,0.0,0.1,final,dlog,out,63,0.005657841480159621,52,0.0009968972566587325
kimi,kimi_div_rho0_wd0.1_tiersNone,1002,div,0.0,0.1,final,dlog,out,64,0.006606530544469299,39,0.0009968972566587325
kimi,kimi_div_rho0_wd0.1_tiersNone,1002,div,0.0,0.1,final,dlog,out,65,0.0077583152605048755,25,0.0009968972566587325
kimi,kimi_div_rho0_wd0.1_tiersNone,1002,div,0.0,0.1,final,dlog,out,66,0.008509732385442914,21,0.0009968972566587325
kimi,kimi_div_rho0_wd0.1_tiersNone,1002,div,0.0,0.1,final,dlog,out,67,0.008934936279386282,19,0.0009968972566587325
kimi,kimi_div_rho0_wd0.1_tiersNone,1002,div,0.0,0.1,final,dlog,out,68,0.005926888051112462,47,0.0009968972566587325
kimi,kimi_div_rho0_wd0.1_tiersNone,1002,div,0.0,0.1,final,dlog,out,69,0.005866721039135639,48,0.0009968972566587325
kimi,kimi_div_rho0_wd0.1_tiersNone,1002,div,0.0,0.1,final,dlog,out,70,0.0061752756311234235,46,0.0009968972566587325
kimi,kimi_div_rho0_wd0.1_tiersNone,1002,div,0.0,0.1,final,dlog,out,71,0.005661023697726226,51,0.0009968972566587325
kimi,kimi_div_rho0_wd0.1_tiersNone,1002,div,0.0,0.1,final,dlog,out,72,0.00509093909925205,61,0.0009968972566587325
kimi,kimi_div_rho0_wd0.1_tiersNone,1002,div,0.0,0.1,final,dlog,out,73,0.009692078416456931,15,0.0009968972566587325
kimi,kimi_div_rho0_wd0.1_tiersNone,1002,div,0.0,0.1,final,dlog,out,74,0.06208500639404819,6,0.0009968972566587325
mamba,mamba_div_rho0.02_wd0.1_tiersNone,1000,div,0.02,0.1,final,dlog,in,1,0.00578595121652957,24,0.022662354761977234
mamba,mamba_div_rho0.02_wd0.1_tiersNone,1000,div,0.02,0.1,final,dlog,in,2,0.10251257914776668,2,0.022662354761977234
mamba,mamba_div_rho0.02_wd0.1_tiersNone,1000,div,0.02,0.1,final,dlog,in,3,0.06049244378264221,5,0.022662354761977234
mamba,mamba_div_rho0.02_wd0.1_tiersNone,1000,div,0.02,0.1,final,dlog,in,4,0.009290466623433495,17,0.022662354761977234
mamba,mamba_div_rho0.02_wd0.1_tiersNone,1000,div,0.02,0.1,final,dlog,in,5,0.004182050269209695,64,0.022662354761977234
mamba,mamba_div_rho0.02_wd0.1_tiersNone,1000,div,0.02,0.1,final,dlog,in,6,0.007459262021981719,20,0.022662354761977234
mamba,mamba_div_rho0.02_wd0.1_tiersNone,1000,div,0.02,0.1,final,dlog,in,7,0.005071518136953957,40,0.022662354761977234
mamba,mamba_div_rho0.02_wd0.1_tiersNone,1000,div,0.02,0.1,final,dlog,in,8,0.004136952491476764,65,0.022662354761977234
mamba,mamba_div_rho0.02_wd0.1_tiersNone,1000,div,0.02,0.1,final,dlog,in,9,0.004739111860269082,52,0.022662354761977234
mamba,mamba_div_rho0.02_wd0.1_tiersNone,1000,div,0.02,0.1,final,dlog,in,10,0.0051983486045183895,37,0.022662354761977234
mamba,mamba_div_rho0.02_wd0.1_tiersNone,1000,div,0.02,0.1,final,dlog,in,11,0.016656306603352523,11,0.022662354761977234
mamba,mamba_div_rho0.02_wd0.1_tiersNone,1000,div,0.02,0.1,final,dlog,in,12,0.005040461403216774,41,0.022662354761977234
mamba,mamba_div_rho0.02_wd0.1_tiersNone,1000,div,0.02,0.1,final,dlog,in,13,0.0045319966019766,58,0.022662354761977234
mamba,mamba_div_rho0.02_wd0.1_tiersNone,1000,div,0.02,0.1,final,dlog,in,14,0.004333219255247358,63,0.022662354761977234
mamba,mamba_div_rho0.02_wd0.1_tiersNone,1000,div,0.02,0.1,final,dlog,in,15,0.02344650003099907,9,0.022662354761977234
mamba,mamba_div_rho0.02_wd0.1_tiersNone,1000,div,0.02,0.1,final,dlog,in,16,0.005320252798988908,34,0.022662354761977234
mamba,mamba_div_rho0.02_wd0.1_tiersNone,1000,div,0.02,0.1,final,dlog,in,17,0.004760366744478544,50,0.022662354761977234
mamba,mamba_div_rho0.02_wd0.1_tiersNone,1000,div,0.02,0.1,final,dlog,in,18,0.005257313126770295,35,0.022662354761977234
mamba,mamba_div_rho0.02_wd0.1_tiersNone,1000,div,0.02,0.1,final,dlog,in,19,0.008362466822492488,19,0.022662354761977234
mamba,mamba_div_rho0.02_wd0.1_tiersNone,1000,div,0.02,0.1,final,dlog,in,20,0.004400892417041755,60,0.022662354761977234
mamba,mamba_div_rho0.02_wd0.1_tiersNone,1000,div,0.02,0.1,final,dlog,in,21,0.004687996341717703,54,0.022662354761977234
mamba,mamba_div_rho0.02_wd0.1_tiersNone,1000,div,0.02,0.1,final,dlog,in,22,0.003622401902736869,73,0.022662354761977234
mamba,mamba_div_rho0.02_wd0.1_tiersNone,1000,div,0.02,0.1,final,dlog,in,23,0.005149952040977839,38,0.022662354761977234
mamba,mamba_div_rho0.02_wd0.1_tiersNone,1000,div,0.02,0.1,final,dlog,in,24,0.012583659756403,13,0.022662354761977234
mamba,mamba_div_rho0.02_wd0.1_tiersNone,1000,div,0.02,0.1,final,dlog,in,25,0.003869998285464,71,0.022662354761977234
mamba,mamba_div_rho0.02_wd0.1_tiersNone,1000,div,0.02,0.1,final,dlog,in,26,0.005242180725983777,36,0.022662354761977234
mamba,mamba_div_rho0.02_wd0.1_tiersNone,1000,div,0.02,0.1,final,dlog,in,27,0.00397123132903803,70,0.022662354761977234
mamba,mamba_div_rho0.02_wd0.1_tiersNone,1000,div,0.02,0.1,final,dlog,in,28,0.0056984166550335565,26,0.022662354761977234
mamba,mamba_div_rho0.02_wd0.1_tiersNone,1000,div,0.02,0.1,final,dlog,in,29,0.004978740136183572,43,0.022662354761977234
mamba,mamba_div_rho0.02_wd0.1_tiersNone,1000,div,0.02,0.1,final,dlog,in,30,0.003639299259560759,72,0.022662354761977234
mamba,mamba_div_rho0.02_wd0.1_tiersNone,1000,div,0.02,0.1,final,dlog,in,31,0.004075855270434552,68,0.022662354761977234
mamba,mamba_div_rho0.02_wd0.1_tiersNone,1000,div,0.02,0.1,final,dlog,in,32,0.005095018868261471,39,0.022662354761977234
mamba,mamba_div_rho0.02_wd0.1_tiersNone,1000,div,0.02,0.1,final,dlog,in,33,0.12510847644067685,1,0.022662354761977234
mamba,mamba_div_rho0.02_wd0.1_tiersNone,1000,div,0.02,0.1,final,dlog,in,34,0.005742313705917456,25,0.022662354761977234
mamba,mamba_div_rho0.02_wd0.1_tiersNone,1000,div,0.02,0.1,final,dlog,in,35,0.004657666758005321,55,0.022662354761977234
mamba,mamba_div_rho0.02_wd0.1_tiersNone,1000,div,0.02,0.1,final,dlog,in,36,0.004024430140747407,69,0.022662354761977234
mamba,mamba_div_rho0.02_wd0.1_tiersNone,1000,div,0.02,0.1,final,dlog,in,37,0.005435404433536178,33,0.022662354761977234
mamba,mamba_div_rho0.02_wd0.1_tiersNone,1000,div,0.02,0.1,final,dlog,in,38,0.005815486920132484,23,0.022662354761977234
mamba,mamba_div_rho0.02_wd0.1_tiersNone,1000,div,0.02,0.1,final,dlog,in,39,0.004076991601001502,67,0.022662354761977234
mamba,mamba_div_rho0.02_wd0.1_tiersNone,1000,div,0.02,0.1,final,dlog,in,40,0.004875709296482184,47,0.022662354761977234
mamba,mamba_div_rho0.02_wd0.1_tiersNone,1000,div,0.02,0.1,final,dlog,in,41,0.004123395729235886,66,0.022662354761977234
mamba,mamba_div_rho0.02_wd0.1_tiersNone,1000,div,0.02,0.1,final,dlog,in,42,0.005581751990110873,28,0.022662354761977234
mamba,mamba_div_rho0.02_wd0.1_tiersNone,1000,div,0.02,0.1,final,dlog,in,43,0.004365290924171316,62,0.022662354761977234
mamba,mamba_div_rho0.02_wd0.1_tiersNone,1000,div,0.02,0.1,final,dlog,in,44,0.004963135634009834,44,0.022662354761977234
mamba,mamba_div_rho0.02_wd0.1_tiersNone,1000,div,0.02,0.1,final,dlog,in,45,0.007105297424133361,21,0.022662354761977234
mamba,mamba_div_rho0.02_wd0.1_tiersNone,1000,div,0.02,0.1,final,dlog,in,46,0.006338142636678505,22,0.022662354761977234
mamba,mamba_div_rho0.02_wd0.1_tiersNone,1000,div,0.02,0.1,final,dlog,in,47,0.004952677574780526,45,0.022662354761977234
mamba,mamba_div_rho0.02_wd0.1_tiersNone,1000,div,0.02,0.1,final,dlog,in,48,0.06805010514542771,4,0.022662354761977234
mamba,mamba_div_rho0.02_wd0.1_tiersNone,1000,div,0.02,0.1,final,dlog,in,49,0.05339895400389382,6,0.022662354761977234
mamba,mamba_div_rho0.02_wd0.1_tiersNone,1000,div,0.02,0.1,final,dlog,in,50,0.005556522494330178,31,0.022662354761977234
mamba,mamba_div_rho0.02_wd0.1_tiersNone,1000,div,0.02,0.1,final,dlog,in,51,0.00871029655480251,18,0.022662354761977234
mamba,mamba_div_rho0.02_wd0.1_tiersNone,1000,div,0.02,0.1,final,dlog,in,52,0.011144464008171559,16,0.022662354761977234
mamba,mamba_div_rho0.02_wd0.1_tiersNone,1000,div,0.02,0.1,final,dlog,in,53,0.004929928096678142,46,0.022662354761977234
mamba,mamba_div_rho0.02_wd0.1_tiersNone,1000,div,0.02,0.1,final,dlog,in,54,0.004533755624172433,57,0.022662354761977234
mamba,mamba_div_rho0.02_wd0.1_tiersNone,1000,div,0.02,0.1,final,dlog,in,55,0.08564509723613238,3,0.022662354761977234
mamba,mamba_div_rho0.02_wd0.1_tiersNone,1000,div,0.02,0.1,final,dlog,in,56,0.005586820928989334,27,0.022662354761977234
mamba,mamba_div_rho0.02_wd0.1_tiersNone,1000,div,0.02,0.1,final,dlog,in,57,0.004752867613789644,51,0.022662354761977234
mamba,mamba_div_rho0.02_wd0.1_tiersNone,1000,div,0.02,0.1,final,dlog,in,58,0.0055033671266663435,32,0.022662354761977234
mamba,mamba_div_rho0.02_wd0.1_tiersNone,1000,div,0.02,0.1,final,dlog,in,59,0.004856684585189742,48,0.022662354761977234
mamba,mamba_div_rho0.02_wd0.1_tiersNone,1000,div,0.02,0.1,final,dlog,in,60,0.003521373865878132,74,0.022662354761977234
mamba,mamba_div_rho0.02_wd0.1_tiersNone,1000,div,0.02,0.1,final,dlog,in,61,0.004997399249867472,42,0.022662354761977234
mamba,mamba_div_rho0.02_wd0.1_tiersNone,1000,div,0.02,0.1,final,dlog,in,62,0.012625640383337291,12,0.022662354761977234
mamba,mamba_div_rho0.02_wd0.1_tiersNone,1000,div,0.02,0.1,final,dlog,in,63,0.04262987188166951,8,0.022662354761977234
mamba,mamba_div_rho0.02_wd0.1_tiersNone,1000,div,0.02,0.1,final,dlog,in,64,0.005574672335117002,30,0.022662354761977234
mamba,mamba_div_rho0.02_wd0.1_tiersNone,1000,div,0.02,0.1,final,dlog,in,65,0.012286344370855358,14,0.022662354761977234
mamba,mamba_div_rho0.02_wd0.1_tiersNone,1000,div,0.02,0.1,final,dlog,in,66,0.011890284967968652,15,0.022662354761977234
mamba,mamba_div_rho0.02_wd0.1_tiersNone,1000,div,0.02,0.1,final,dlog,in,67,0.004790885322394919,49,0.022662354761977234
mamba,mamba_div_rho0.02_wd0.1_tiersNone,1000,div,0.02,0.1,final,dlog,in,68,0.004494363213366758,59,0.022662354761977234
mamba,mamba_div_rho0.02_wd0.1_tiersNone,1000,div,0.02,0.1,final,dlog,in,69,0.004574550206330154,56,0.022662354761977234
mamba,mamba_div_rho0.02_wd0.1_tiersNone,1000,div,0.02,0.1,final,dlog,in,70,0.004738214170796893,53,0.022662354761977234
mamba,mamba_div_rho0.02_wd0.1_tiersNone,1000,div,0.02,0.1,final,dlog,in,71,0.0043824437316818,61,0.022662354761977234
mamba,mamba_div_rho0.02_wd0.1_tiersNone,1000,div,0.02,0.1,final,dlog,in,72,0.020987969794608114,10,0.022662354761977234
mamba,mamba_div_rho0.02_wd0.1_tiersNone,1000,div,0.02,0.1,final,dlog,in,73,0.005576608663617654,29,0.022662354761977234
mamba,mamba_div_rho0.02_wd0.1_tiersNone,1000,div,0.02,0.1,final,dlog,in,74,0.04350113268350595,7,0.022662354761977234
mamba,mamba_div_rho0.02_wd0.1_tiersNone,1000,div,0.02,0.1,final,dlog,out,1,0.0029323069845038872,61,0.009896201776984038
mamba,mamba_div_rho0.02_wd0.1_tiersNone,1000,div,0.02,0.1,final,dlog,out,2,0.12356939270468359,1,0.009896201776984038
mamba,mamba_div_rho0.02_wd0.1_tiersNone,1000,div,0.02,0.1,final,dlog,out,3,0.08276590575692888,5,0.009896201776984038
mamba,mamba_div_rho0.02_wd0.1_tiersNone,1000,div,0.02,0.1,final,dlog,out,4,0.004330933380409576,20,0.009896201776984038
mamba,mamba_div_rho0.02_wd0.1_tiersNone,1000,div,0.02,0.1,final,dlog,out,5,0.0027662834429076875,70,0.009896201776984038
mamba,mamba_div_rho0.02_wd0.1_tiersNone,1000,div,0.02,0.1,final,dlog,out,6,0.002855749851870693,65,0.009896201776984038
mamba,mamba_div_rho0.02_wd0.1_tiersNone,1000,div,0.02,0.1,final,dlog,out,7,0.0035118089357301647,30,0.009896201776984038
mamba,mamba_div_rho0.02_wd0.1_tiersNone,1000,div,0.02,0.1,final,dlog,out,8,0.003172119300389493,46,0.009896201776984038
mamba,mamba_div_rho0.02_wd0.1_tiersNone,1000,div,0.02,0.1,final,dlog,out,9,0.0032088254140659146,43,0.009896201776984038
mamba,mamba_div_rho0.02_wd0.1_tiersNone,1000,div,0.02,0.1,final,dlog,out,10,0.003192273879304361,45,0.009896201776984038
mamba,mamba_div_rho0.02_wd0.1_tiersNone,1000,div,0.02,0.1,final,dlog,out,11,0.013378818720408496,11,0.009896201776984038
mamba,mamba_div_rho0.02_wd0.1_tiersNone,1000,div,0.02,0.1,final,dlog,out,12,0.0029519048620039482,58,0.009896201776984038
mamba,mamba_div_rho0.02_wd0.1_tiersNone,1000,div,0.02,0.1,final,dlog,out,13,0.0026437517153619287,73,0.009896201776984038
mamba,mamba_div_rho0.02_wd0.1_tiersNone,1000,div,0.02,0.1,final,dlog,out,14,0.003336555556290819,38,0.009896201776984038
mamba,mamba_div_rho0.02_wd0.1_tiersNone,1000,div,0.02,0.1,final,dlog,out,15,0.01840967641375448,9,0.009896201776984038
mamba,mamba_div_rho0.02_wd0.1_tiersNone,1000,div,0.02,0.1,final,dlog,out,16,0.0030697981300945886,52,0.009896201776984038
mamba,mamba_div_rho0.02_wd0.1_tiersNone,1000,div,0.02,0.1,final,dlog,out,17,0.0032314243431973326,42,0.009896201776984038
mamba,mamba_div_rho0.02_wd0.1_tiersNone,1000,div,0.02,0.1,final,dlog,out,18,0.0036079370612139994,25,0.009896201776984038
mamba,mamba_div_rho0.02_wd0.1_tiersNone,1000,div,0.02,0.1,final,dlog,out,19,0.005913949331816677,19,0.009896201776984038
mamba,mamba_div_rho0.02_wd0.1_tiersNone,1000,div,0.02,0.1,final,dlog,out,20,0.0030960575776521407,51,0.009896201776984038
mamba,mamba_div_rho0.02_wd0.1_tiersNone,1000,div,0.02,0.1,final,dlog,out,21,0.003107952466428246,48,0.009896201776984038
mamba,mamba_div_rho0.02_wd0.1_tiersNone,1000,div,0.02,0.1,final,dlog,out,22,0.0035139840241877897,28,0.009896201776984038
mamba,mamba_div_rho0.02_wd0.1_tiersNone,1000,div,0.02,0.1,final,dlog,out,23,0.0033516899360649314,37,0.009896201776984038
mamba,mamba_div_rho0.02_wd0.1_tiersNone,1000,div,0.02,0.1,final,dlog,out,24,0.009853812460989084,12,0.009896201776984038
mamba,mamba_div_rho0.02_wd0.1_tiersNone,1000,div,0.02,0.1,final,dlog,out,25,0.002744020920570731,71,0.009896201776984038
mamba,mamba_div_rho0.02_wd0.1_tiersNone,1000,div,0.02,0.1,final,dlog,out,26,0.003456234423308083,33,0.009896201776984038
mamba,mamba_div_rho0.02_wd0.1_tiersNone,1000,div,0.02,0.1,final,dlog,out,27,0.0031327634634443374,47,0.009896201776984038
mamba,mamba_div_rho0.02_wd0.1_tiersNone,1000,div,0.02,0.1,final,dlog,out,28,0.003566623782999494,26,0.009896201776984038
mamba,mamba_div_rho0.02_wd0.1_tiersNone,1000,div,0.02,0.1,final,dlog,out,29,0.003822535030202505,21,0.009896201776984038
mamba,mamba_div_rho0.02_wd0.1_tiersNone,1000,div,0.02,0.1,final,dlog,out,30,0.002972888960098913,55,0.009896201776984038
mamba,mamba_div_rho0.02_wd0.1_tiersNone,1000,div,0.02,0.1,final,dlog,out,31,0.006666651035341884,18,0.009896201776984038
mamba,mamba_div_rho0.02_wd0.1_tiersNone,1000,div,0.02,0.1,final,dlog,out,32,0.0031997755858146973,44,0.009896201776984038
mamba,mamba_div_rho0.02_wd0.1_tiersNone,1000,div,0.02,0.1,final,dlog,out,33,0.12270288357895993,2,0.009896201776984038
mamba,mamba_div_rho0.02_wd0.1_tiersNone,1000,div,0.02,0.1,final,dlog,out,34,0.0030068611196411464,54,0.009896201776984038
mamba,mamba_div_rho0.02_wd0.1_tiersNone,1000,div,0.02,0.1,final,dlog,out,35,0.0071526233035153096,17,0.009896201776984038
mamba,mamba_div_rho0.02_wd0.1_tiersNone,1000,div,0.02,0.1,final,dlog,out,36,0.0027949437286991807,68,0.009896201776984038
mamba,mamba_div_rho0.02_wd0.1_tiersNone,1000,div,0.02,0.1,final,dlog,out,37,0.0032767328264247052,41,0.009896201776984038
mamba,mamba_div_rho0.02_wd0.1_tiersNone,1000,div,0.02,0.1,final,dlog,out,38,0.0036776835238573435,24,0.009896201776984038
mamba,mamba_div_rho0.02_wd0.1_tiersNone,1000,div,0.02,0.1,final,dlog,out,39,0.0037956793307159357,22,0.009896201776984038
mamba,mamba_div_rho0.02_wd0.1_tiersNone,1000,div,0.02,0.1,final,dlog,out,40,0.0034233743659086106,35,0.009896201776984038
mamba,mamba_div_rho0.02_wd0.1_tiersNone,1000,div,0.02,0.1,final,dlog,out,41,0.003517365999645021,27,0.009896201776984038
mamba,mamba_div_rho0.02_wd0.1_tiersNone,1000,div,0.02,0.1,final,dlog,out,42,0.002934556806493821,60,0.009896201776984038
mamba,mamba_div_rho0.02_wd0.1_tiersNone,1000,div,0.02,0.1,final,dlog,out,43,0.0037265015632977462,23,0.009896201776984038
mamba,mamba_div_rho0.02_wd0.1_tiersNone,1000,div,0.02,0.1,final,dlog,out,44,0.002823993890133827,67,0.009896201776984038
mamba,mamba_div_rho0.02_wd0.1_tiersNone,1000,div,0.02,0.1,final,dlog,out,45,0.0025340568601676266,74,0.009896201776984038
mamba,mamba_div_rho0.02_wd0.1_tiersNone,1000,div,0.02,0.1,final,dlog,out,46,0.0027715433791895817,69,0.009896201776984038
mamba,mamba_div_rho0.02_wd0.1_tiersNone,1000,div,0.02,0.1,final,dlog,out,47,0.0029683703785253327,57,0.009896201776984038
mamba,mamba_div_rho0.02_wd0.1_tiersNone,1000,div,0.02,0.1,final,dlog,out,48,0.10120429378743791,4,0.009896201776984038
mamba,mamba_div_rho0.02_wd0.1_tiersNone,1000,div,0.02,0.1,final,dlog,out,49,0.08134803189941306,6,0.009896201776984038
mamba,mamba_div_rho0.02_wd0.1_tiersNone,1000,div,0.02,0.1,final,dlog,out,50,0.003301216405673589,40,0.009896201776984038
mamba,mamba_div_rho0.02_wd0.1_tiersNone,1000,div,0.02,0.1,final,dlog,out,51,0.0026660821863572965,72,0.009896201776984038
mamba,mamba_div_rho0.02_wd0.1_tiersNone,1000,div,0.02,0.1,final,dlog,out,52,0.00904454348748133,14,0.009896201776984038
mamba,mamba_div_rho0.02_wd0.1_tiersNone,1000,div,0.02,0.1,final,dlog,out,53,0.0029701962910485837,56,0.009896201776984038
mamba,mamba_div_rho0.02_wd0.1_tiersNone,1000,div,0.02,0.1,final,dlog,out,54,0.0028392845474716224,66,0.009896201776984038
mamba,mamba_div_rho0.02_wd0.1_tiersNone,1000,div,0.02,0.1,final,dlog,out,55,0.11420064149931423,3,0.009896201776984038
mamba,mamba_div_rho0.02_wd0.1_tiersNone,1000,div,0.02,0.1,final,dlog,out,56,0.002919736773151069,62,0.009896201776984038
mamba,mamba_div_rho0.02_wd0.1_tiersNone,1000,div,0.02,0.1,final,dlog,out,57,0.0028569481247107988,64,0.009896201776984038
mamba,mamba_div_rho0.02_wd0.1_tiersNone,1000,div,0.02,0.1,final,dlog,out,58,0.003436421330429363,34,0.009896201776984038
mamba,mamba_div_rho0.02_wd0.1_tiersNone,1000,div,0.02,0.1,final,dlog,out,59,0.003104823305732684,49,0.009896201776984038
mamba,mamba_div_rho0.02_wd0.1_tiersNone,1000,div,0.02,0.1,final,dlog,out,60,0.0035125704790594445,29,0.009896201776984038
mamba,mamba_div_rho0.02_wd0.1_tiersNone,1000,div,0.02,0.1,final,dlog,out,61,0.003008330540200058,53,0.009896201776984038
mamba,mamba_div_rho0.02_wd0.1_tiersNone,1000,div,0.02,0.1,final,dlog,out,62,0.007815297054747232,16,0.009896201776984038
mamba,mamba_div_rho0.02_wd0.1_tiersNone,1000,div,0.02,0.1,final,dlog,out,63,0.025230762659313295,8,0.009896201776984038
mamba,mamba_div_rho0.02_wd0.1_tiersNone,1000,div,0.02,0.1,final,dlog,out,64,0.002902416739642728,63,0.009896201776984038
mamba,mamba_div_rho0.02_wd0.1_tiersNone,1000,div,0.02,0.1,final,dlog,out,65,0.009111639391153165,13,0.009896201776984038
mamba,mamba_div_rho0.02_wd0.1_tiersNone,1000,div,0.02,0.1,final,dlog,out,66,0.008432078786213314,15,0.009896201776984038
mamba,mamba_div_rho0.02_wd0.1_tiersNone,1000,div,0.02,0.1,final,dlog,out,67,0.0029396245307889393,59,0.009896201776984038
mamba,mamba_div_rho0.02_wd0.1_tiersNone,1000,div,0.02,0.1,final,dlog,out,68,0.00330743660148383,39,0.009896201776984038
mamba,mamba_div_rho0.02_wd0.1_tiersNone,1000,div,0.02,0.1,final,dlog,out,69,0.0034599346780800166,32,0.009896201776984038
mamba,mamba_div_rho0.02_wd0.1_tiersNone,1000,div,0.02,0.1,final,dlog,out,70,0.0033636612824006853,36,0.009896201776984038
mamba,mamba_div_rho0.02_wd0.1_tiersNone,1000,div,0.02,0.1,final,dlog,out,71,0.0035079355240453403,31,0.009896201776984038
mamba,mamba_div_rho0.02_wd0.1_tiersNone,1000,div,0.02,0.1,final,dlog,out,72,0.015059029834786854,10,0.009896201776984038
mamba,mamba_div_rho0.02_wd0.1_tiersNone,1000,div,0.02,0.1,final,dlog,out,73,0.003100299835093135,50,0.009896201776984038
mamba,mamba_div_rho0.02_wd0.1_tiersNone,1000,div,0.02,0.1,final,dlog,out,74,0.06291518631755609,7,0.009896201776984038
mamba,mamba_div_rho0.02_wd0.1_tiersNone,1001,div,0.02,0.1,final,dlog,in,1,0.005259974976556119,67,0.005988878848571486
mamba,mamba_div_rho0.02_wd0.1_tiersNone,1001,div,0.02,0.1,final,dlog,in,2,0.005868584005480346,51,0.005988878848571486
mamba,mamba_div_rho0.02_wd0.1_tiersNone,1001,div,0.02,0.1,final,dlog,in,3,0.007223044343123739,18,0.005988878848571486
mamba,mamba_div_rho0.02_wd0.1_tiersNone,1001,div,0.02,0.1,final,dlog,in,4,0.005132439109363581,70,0.005988878848571486
mamba,mamba_div_rho0.02_wd0.1_tiersNone,1001,div,0.02,0.1,final,dlog,in,5,0.005270077163299172,66,0.005988878848571486
mamba,mamba_div_rho0.02_wd0.1_tiersNone,1001,div,0.02,0.1,final,dlog,in,6,0.005767581353621397,56,0.005988878848571486
mamba,mamba_div_rho0.02_wd0.1_tiersNone,1001,div,0.02,0.1,final,dlog,in,7,0.005285851867287944,65,0.005988878848571486
mamba,mamba_div_rho0.02_wd0.1_tiersNone,1001,div,0.02,0.1,final,dlog,in,8,0.007266817007368108,17,0.005988878848571486
mamba,mamba_div_rho0.02_wd0.1_tiersNone,1001,div,0.02,0.1,final,dlog,in,9,0.006969046233759435,20,0.005988878848571486
mamba,mamba_div_rho0.02_wd0.1_tiersNone,1001,div,0.02,0.1,final,dlog,in,10,0.005170068548833861,69,0.005988878848571486
mamba,mamba_div_rho0.02_wd0.1_tiersNone,1001,div,0.02,0.1,final,dlog,in,11,0.007608066947391756,15,0.005988878848571486
mamba,mamba_div_rho0.02_wd0.1_tiersNone,1001,div,0.02,0.1,final,dlog,in,12,0.006553183245001983,32,0.005988878848571486
mamba,mamba_div_rho0.02_wd0.1_tiersNone,1001,div,0.02,0.1,final,dlog,in,13,0.006369793763490145,35,0.005988878848571486
mamba,mamba_div_rho0.02_wd0.1_tiersNone,1001,div,0.02,0.1,final,dlog,in,14,0.006899997529588853,23,0.005988878848571486
mamba,mamba_div_rho0.02_wd0.1_tiersNone,1001,div,0.02,0.1,final,dlog,in,15,0.007078552230218606,19,0.005988878848571486
mamba,mamba_div_rho0.02_wd0.1_tiersNone,1001,div,0.02,0.1,final,dlog,in,16,0.006053163448739756,46,0.005988878848571486
mamba,mamba_div_rho0.02_wd0.1_tiersNone,1001,div,0.02,0.1,final,dlog,in,17,0.005601433514643757,62,0.005988878848571486
mamba,mamba_div_rho0.02_wd0.1_tiersNone,1001,div,0.02,0.1,final,dlog,in,18,0.006119034219185311,43,0.005988878848571486
mamba,mamba_div_rho0.02_wd0.1_tiersNone,1001,div,0.02,0.1,final,dlog,in,19,0.0066247087701829035,29,0.005988878848571486
mamba,mamba_div_rho0.02_wd0.1_tiersNone,1001,div,0.02,0.1,final,dlog,in,20,0.006186083976417301,41,0.005988878848571486
mamba,mamba_div_rho0.02_wd0.1_tiersNone,1001,div,0.02,0.1,final,dlog,in,21,0.006321758265938159,36,0.005988878848571486
mamba,mamba_div_rho0.02_wd0.1_tiersNone,1001,div,0.02,0.1,final,dlog,in,22,0.010525114168721202,10,0.005988878848571486
mamba,mamba_div_rho0.02_wd0.1_tiersNone,1001,div,0.02,0.1,final,dlog,in,23,0.005624424097583529,61,0.005988878848571486
mamba,mamba_div_rho0.02_wd0.1_tiersNone,1001,div,0.02,0.1,final,dlog,in,24,0.011924585007840832,9,0.005988878848571486
mamba,mamba_div_rho0.02_wd0.1_tiersNone,1001,div,0.02,0.1,final,dlog,in,25,0.006603987628596097,31,0.005988878848571486
mamba,mamba_div_rho0.02_wd0.1_tiersNone,1001,div,0.02,0.1,final,dlog,in,26,0.0717728843878437,6,0.005988878848571486
mamba,mamba_div_rho0.02_wd0.1_tiersNone,1001,div,0.02,0.1,final,dlog,in,27,0.005737257917055127,57,0.005988878848571486
mamba,mamba_div_rho0.02_wd0.1_tiersNone,1001,div,0.02,0.1,final,dlog,in,28,0.005830712945375839,54,0.005988878848571486
mamba,mamba_div_rho0.02_wd0.1_tiersNone,1001,div,0.02,0.1,final,dlog,in,29,0.005885949564905839,49,0.005988878848571486
mamba,mamba_div_rho0.02_wd0.1_tiersNone,1001,div,0.02,0.1,final,dlog,in,30,0.008250495758235304,13,0.005988878848571486
mamba,mamba_div_rho0.02_wd0.1_tiersNone,1001,div,0.02,0.1,final,dlog,in,31,0.05848545001656148,7,0.005988878848571486
mamba,mamba_div_rho0.02_wd0.1_tiersNone,1001,div,0.02,0.1,final,dlog,in,32,0.009090211825146412,12,0.005988878848571486
mamba,mamba_div_rho0.02_wd0.1_tiersNone,1001,div,0.02,0.1,final,dlog,in,33,0.006317395648541514,38,0.005988878848571486
mamba,mamba_div_rho0.02_wd0.1_tiersNone,1001,div,0.02,0.1,final,dlog,in,34,0.005031030691123192,72,0.005988878848571486
mamba,mamba_div_rho0.02_wd0.1_tiersNone,1001,div,0.02,0.1,final,dlog,in,35,0.006609419627550905,30,0.005988878848571486
mamba,mamba_div_rho0.02_wd0.1_tiersNone,1001,div,0.02,0.1,final,dlog,in,36,0.005593549415750567,63,0.005988878848571486
mamba,mamba_div_rho0.02_wd0.1_tiersNone,1001,div,0.02,0.1,final,dlog,in,37,0.005958721137699643,48,0.005988878848571486
mamba,mamba_div_rho0.02_wd0.1_tiersNone,1001,div,0.02,0.1,final,dlog,in,38,0.00482822028913556,74,0.005988878848571486
mamba,mamba_div_rho0.02_wd0.1_tiersNone,1001,div,0.02,0.1,final,dlog,in,39,0.006895808125717174,24,0.005988878848571486
mamba,mamba_div_rho0.02_wd0.1_tiersNone,1001,div,0.02,0.1,final,dlog,in,40,0.005122717820936281,71,0.005988878848571486
mamba,mamba_div_rho0.02_wd0.1_tiersNone,1001,div,0.02,0.1,final,dlog,in,41,0.0049573709017739324,73,0.005988878848571486
mamba,mamba_div_rho0.02_wd0.1_tiersNone,1001,div,0.02,0.1,final,dlog,in,42,0.006912390409576769,22,0.005988878848571486
mamba,mamba_div_rho0.02_wd0.1_tiersNone,1001,div,0.02,0.1,final,dlog,in,43,0.00787162362450967,14,0.005988878848571486
mamba,mamba_div_rho0.02_wd0.1_tiersNone,1001,div,0.02,0.1,final,dlog,in,44,0.01040967676039287,11,0.005988878848571486
mamba,mamba_div_rho0.02_wd0.1_tiersNone,1001,div,0.02,0.1,final,dlog,in,45,0.07372436870642071,5,0.005988878848571486
mamba,mamba_div_rho0.02_wd0.1_tiersNone,1001,div,0.02,0.1,final,dlog,in,46,0.006081432740041243,45,0.005988878848571486
mamba,mamba_div_rho0.02_wd0.1_tiersNone,1001,div,0.02,0.1,final,dlog,in,47,0.005465876725178838,64,0.005988878848571486
mamba,mamba_div_rho0.02_wd0.1_tiersNone,1001,div,0.02,0.1,final,dlog,in,48,0.005881221631698343,50,0.005988878848571486
mamba,mamba_div_rho0.02_wd0.1_tiersNone,1001,div,0.02,0.1,final,dlog,in,49,0.007476663195246815,16,0.005988878848571486
mamba,mamba_div_rho0.02_wd0.1_tiersNone,1001,div,0.02,0.1,final,dlog,in,50,0.006692448207311362,26,0.005988878848571486
mamba,mamba_div_rho0.02_wd0.1_tiersNone,1001,div,0.02,0.1,final,dlog,in,51,0.006892661002898939,25,0.005988878848571486
mamba,mamba_div_rho0.02_wd0.1_tiersNone,1001,div,0.02,0.1,final,dlog,in,52,0.08084357395493186,3,0.005988878848571486
mamba,mamba_div_rho0.02_wd0.1_tiersNone,1001,div,0.02,0.1,final,dlog,in,53,0.005625765457853551,60,0.005988878848571486
mamba,mamba_div_rho0.02_wd0.1_tiersNone,1001,div,0.02,0.1,final,dlog,in,54,0.006667391717216651,27,0.005988878848571486
mamba,mamba_div_rho0.02_wd0.1_tiersNone,1001,div,0.02,0.1,final,dlog,in,55,0.00581946349932405,55,0.005988878848571486
mamba,mamba_div_rho0.02_wd0.1_tiersNone,1001,div,0.02,0.1,final,dlog,in,56,0.005642423634244474,59,0.005988878848571486
mamba,mamba_div_rho0.02_wd0.1_tiersNone,1001,div,0.02,0.1,final,dlog,in,57,0.006095318761363103,44,0.005988878848571486
mamba,mamba_div_rho0.02_wd0.1_tiersNone,1001,div,0.02,0.1,final,dlog,in,58,0.08197206008154788,2,0.005988878848571486
mamba,mamba_div_rho0.02_wd0.1_tiersNone,1001,div,0.02,0.1,final,dlog,in,59,0.005200819197472284,68,0.005988878848571486
mamba,mamba_div_rho0.02_wd0.1_tiersNone,1001,div,0.02,0.1,final,dlog,in,60,0.005973636768205542,47,0.005988878848571486
mamba,mamba_div_rho0.02_wd0.1_tiersNone,1001,div,0.02,0.1,final,dlog,in,61,0.0069454726600892925,21,0.005988878848571486
mamba,mamba_div_rho0.02_wd0.1_tiersNone,1001,div,0.02,0.1,final,dlog,in,62,0.0986460537014644,1,0.005988878848571486
mamba,mamba_div_rho0.02_wd0.1_tiersNone,1001,div,0.02,0.1,final,dlog,in,63,0.07606279795852341,4,0.005988878848571486
mamba,mamba_div_rho0.02_wd0.1_tiersNone,1001,div,0.02,0.1,final,dlog,in,64,0.00631888653186812,37,0.005988878848571486
mamba,mamba_div_rho0.02_wd0.1_tiersNone,1001,div,0.02,0.1,final,dlog,in,65,0.006663325250442833,28,0.005988878848571486
mamba,mamba_div_rho0.02_wd0.1_tiersNone,1001,div,0.02,0.1,final,dlog,in,66,0.0064125513198342214,33,0.005988878848571486
mamba,mamba_div_rho0.02_wd0.1_tiersNone,1001,div,0.02,0.1,final,dlog,in,67,0.005867454879112425,52,0.005988878848571486
mamba,mamba_div_rho0.02_wd0.1_tiersNone,1001,div,0.02,0.1,final,dlog,in,68,0.005844399171223994,53,0.005988878848571486
mamba,mamba_div_rho0.02_wd0.1_tiersNone,1001,div,0.02,0.1,final,dlog,in,69,0.006168870610539114,42,0.005988878848571486
mamba,mamba_div_rho0.02_wd0.1_tiersNone,1001,div,0.02,0.1,final,dlog,in,70,0.006204087002141634,40,0.005988878848571486
mamba,mamba_div_rho0.02_wd0.1_tiersNone,1001,div,0.02,0.1,final,dlog,in,71,0.005736697775839299,58,0.005988878848571486
mamba,mamba_div_rho0.02_wd0.1_tiersNone,1001,div,0.02,0.1,final,dlog,in,72,0.006247495324660022,39,0.005988878848571486
mamba,mamba_div_rho0.02_wd0.1_tiersNone,1001,div,0.02,0.1,final,dlog,in,73,0.0063860384170241575,34,0.005988878848571486
mamba,mamba_div_rho0.02_wd0.1_tiersNone,1001,div,0.02,0.1,final,dlog,in,74,0.03357248582621564,8,0.005988878848571486
mamba,mamba_div_rho0.02_wd0.1_tiersNone,1001,div,0.02,0.1,final,dlog,out,1,0.0033135783683928403,62,0.0056228442086923855
mamba,mamba_div_rho0.02_wd0.1_tiersNone,1001,div,0.02,0.1,final,dlog,out,2,0.0036049374086611213,46,0.0056228442086923855
mamba,mamba_div_rho0.02_wd0.1_tiersNone,1001,div,0.02,0.1,final,dlog,out,3,0.004677746275934681,13,0.0056228442086923855
mamba,mamba_div_rho0.02_wd0.1_tiersNone,1001,div,0.02,0.1,final,dlog,out,4,0.0037294342066265026,35,0.0056228442086923855
mamba,mamba_div_rho0.02_wd0.1_tiersNone,1001,div,0.02,0.1,final,dlog,out,5,0.0036552829474344535,43,0.0056228442086923855
mamba,mamba_div_rho0.02_wd0.1_tiersNone,1001,div,0.02,0.1,final,dlog,out,6,0.0034525366997105946,55,0.0056228442086923855
mamba,mamba_div_rho0.02_wd0.1_tiersNone,1001,div,0.02,0.1,final,dlog,out,7,0.0032648150508197368,65,0.0056228442086923855
mamba,mamba_div_rho0.02_wd0.1_tiersNone,1001,div,0.02,0.1,final,dlog,out,8,0.004208427245006966,22,0.0056228442086923855
mamba,mamba_div_rho0.02_wd0.1_tiersNone,1001,div,0.02,0.1,final,dlog,out,9,0.003984477161795099,27,0.0056228442086923855
mamba,mamba_div_rho0.02_wd0.1_tiersNone,1001,div,0.02,0.1,final,dlog,out,10,0.0035090350926278396,51,0.0056228442086923855
mamba,mamba_div_rho0.02_wd0.1_tiersNone,1001,div,0.02,0.1,final,dlog,out,11,0.004165924172951156,24,0.0056228442086923855
mamba,mamba_div_rho0.02_wd0.1_tiersNone,1001,div,0.02,0.1,final,dlog,out,12,0.0036670059486309456,42,0.0056228442086923855
mamba,mamba_div_rho0.02_wd0.1_tiersNone,1001,div,0.02,0.1,final,dlog,out,13,0.0037152125557246207,38,0.0056228442086923855
mamba,mamba_div_rho0.02_wd0.1_tiersNone,1001,div,0.02,0.1,final,dlog,out,14,0.0043770512866342535,18,0.0056228442086923855
mamba,mamba_div_rho0.02_wd0.1_tiersNone,1001,div,0.02,0.1,final,dlog,out,15,0.0043847238054878345,17,0.0056228442086923855
mamba,mamba_div_rho0.02_wd0.1_tiersNone,1001,div,0.02,0.1,final,dlog,out,16,0.0035743330293572365,47,0.0056228442086923855
mamba,mamba_div_rho0.02_wd0.1_tiersNone,1001,div,0.02,0.1,final,dlog,out,17,0.00431186260270538,21,0.0056228442086923855
mamba,mamba_div_rho0.02_wd0.1_tiersNone,1001,div,0.02,0.1,final,dlog,out,18,0.003765310278239611,33,0.0056228442086923855
mamba,mamba_div_rho0.02_wd0.1_tiersNone,1001,div,0.02,0.1,final,dlog,out,19,0.0036940063100060036,40,0.0056228442086923855
mamba,mamba_div_rho0.02_wd0.1_tiersNone,1001,div,0.02,0.1,final,dlog,out,20,0.0037612552440108708,34,0.0056228442086923855
mamba,mamba_div_rho0.02_wd0.1_tiersNone,1001,div,0.02,0.1,final,dlog,out,21,0.003413137320590146,59,0.0056228442086923855
mamba,mamba_div_rho0.02_wd0.1_tiersNone,1001,div,0.02,0.1,final,dlog,out,22,0.0044043751271438175,16,0.0056228442086923855
mamba,mamba_div_rho0.02_wd0.1_tiersNone,1001,div,0.02,0.1,final,dlog,out,23,0.0030178912066289344,72,0.0056228442086923855
mamba,mamba_div_rho0.02_wd0.1_tiersNone,1001,div,0.02,0.1,final,dlog,out,24,0.00416949730084173,23,0.0056228442086923855
mamba,mamba_div_rho0.02_wd0.1_tiersNone,1001,div,0.02,0.1,final,dlog,out,25,0.0037199160858425945,36,0.0056228442086923855
mamba,mamba_div_rho0.02_wd0.1_tiersNone,1001,div,0.02,0.1,final,dlog,out,26,0.08005640112370757,7,0.0056228442086923855
mamba,mamba_div_rho0.02_wd0.1_tiersNone,1001,div,0.02,0.1,final,dlog,out,27,0.003117977421456575,70,0.0056228442086923855
mamba,mamba_div_rho0.02_wd0.1_tiersNone,1001,div,0.02,0.1,final,dlog,out,28,0.003444408874536275,56,0.0056228442086923855
mamba,mamba_div_rho0.02_wd0.1_tiersNone,1001,div,0.02,0.1,final,dlog,out,29,0.0040597616764817155,26,0.0056228442086923855
mamba,mamba_div_rho0.02_wd0.1_tiersNone,1001,div,0.02,0.1,final,dlog,out,30,0.006038323663193939,9,0.0056228442086923855
mamba,mamba_div_rho0.02_wd0.1_tiersNone,1001,div,0.02,0.1,final,dlog,out,31,0.09062064789001645,6,0.0056228442086923855
mamba,mamba_div_rho0.02_wd0.1_tiersNone,1001,div,0.02,0.1,final,dlog,out,32,0.0028463950384891084,73,0.0056228442086923855
mamba,mamba_div_rho0.02_wd0.1_tiersNone,1001,div,0.02,0.1,final,dlog,out,33,0.003675145446465773,41,0.0056228442086923855
mamba,mamba_div_rho0.02_wd0.1_tiersNone,1001,div,0.02,0.1,final,dlog,out,34,0.0034686577988073284,54,0.0056228442086923855
mamba,mamba_div_rho0.02_wd0.1_tiersNone,1001,div,0.02,0.1,final,dlog,out,35,0.0033745922652785015,60,0.0056228442086923855
mamba,mamba_div_rho0.02_wd0.1_tiersNone,1001,div,0.02,0.1,final,dlog,out,36,0.004343434914473727,20,0.0056228442086923855
mamba,mamba_div_rho0.02_wd0.1_tiersNone,1001,div,0.02,0.1,final,dlog,out,37,0.003519917839313142,50,0.0056228442086923855
mamba,mamba_div_rho0.02_wd0.1_tiersNone,1001,div,0.02,0.1,final,dlog,out,38,0.0035720196072522065,48,0.0056228442086923855
mamba,mamba_div_rho0.02_wd0.1_tiersNone,1001,div,0.02,0.1,final,dlog,out,39,0.0034868014195575826,53,0.0056228442086923855
mamba,mamba_div_rho0.02_wd0.1_tiersNone,1001,div,0.02,0.1,final,dlog,out,40,0.0031133227175085356,71,0.0056228442086923855
mamba,mamba_div_rho0.02_wd0.1_tiersNone,1001,div,0.02,0.1,final,dlog,out,41,0.0038255686520848493,30,0.0056228442086923855
mamba,mamba_div_rho0.02_wd0.1_tiersNone,1001,div,0.02,0.1,final,dlog,out,42,0.004722730430112143,12,0.0056228442086923855
mamba,mamba_div_rho0.02_wd0.1_tiersNone,1001,div,0.02,0.1,final,dlog,out,43,0.0032701933242538974,64,0.0056228442086923855
mamba,mamba_div_rho0.02_wd0.1_tiersNone,1001,div,0.02,0.1,final,dlog,out,44,0.0034930672242718375,52,0.0056228442086923855
mamba,mamba_div_rho0.02_wd0.1_tiersNone,1001,div,0.02,0.1,final,dlog,out,45,0.09846098684663354,4,0.0056228442086923855
mamba,mamba_div_rho0.02_wd0.1_tiersNone,1001,div,0.02,0.1,final,dlog,out,46,0.0037059109025480612,39,0.0056228442086923855
mamba,mamba_div_rho0.02_wd0.1_tiersNone,1001,div,0.02,0.1,final,dlog,out,47,0.003424125277725831,57,0.0056228442086923855
mamba,mamba_div_rho0.02_wd0.1_tiersNone,1001,div,0.02,0.1,final,dlog,out,48,0.0033307302888939457,61,0.0056228442086923855
mamba,mamba_div_rho0.02_wd0.1_tiersNone,1001,div,0.02,0.1,final,dlog,out,49,0.003862582788824544,28,0.0056228442086923855
mamba,mamba_div_rho0.02_wd0.1_tiersNone,1001,div,0.02,0.1,final,dlog,out,50,0.004374500744669016,19,0.0056228442086923855
mamba,mamba_div_rho0.02_wd0.1_tiersNone,1001,div,0.02,0.1,final,dlog,out,51,0.005599294006105857,10,0.0056228442086923855
mamba,mamba_div_rho0.02_wd0.1_tiersNone,1001,div,0.02,0.1,final,dlog,out,52,0.10454570966490272,2,0.0056228442086923855
mamba,mamba_div_rho0.02_wd0.1_tiersNone,1001,div,0.02,0.1,final,dlog,out,53,0.003413751516949182,58,0.0056228442086923855
mamba,mamba_div_rho0.02_wd0.1_tiersNone,1001,div,0.02,0.1,final,dlog,out,54,0.003195868715587623,67,0.0056228442086923855
mamba,mamba_div_rho0.02_wd0.1_tiersNone,1001,div,0.02,0.1,final,dlog,out,55,0.002798131413871839,74,0.0056228442086923855
mamba,mamba_div_rho0.02_wd0.1_tiersNone,1001,div,0.02,0.1,final,dlog,out,56,0.003539134892754747,49,0.0056228442086923855
mamba,mamba_div_rho0.02_wd0.1_tiersNone,1001,div,0.02,0.1,final,dlog,out,57,0.004411704197975427,15,0.0056228442086923855
mamba,mamba_div_rho0.02_wd0.1_tiersNone,1001,div,0.02,0.1,final,dlog,out,58,0.10152439777324947,3,0.0056228442086923855
mamba,mamba_div_rho0.02_wd0.1_tiersNone,1001,div,0.02,0.1,final,dlog,out,59,0.003234379400743894,66,0.0056228442086923855
mamba,mamba_div_rho0.02_wd0.1_tiersNone,1001,div,0.02,0.1,final,dlog,out,60,0.00314143816717322,68,0.0056228442086923855
mamba,mamba_div_rho0.02_wd0.1_tiersNone,1001,div,0.02,0.1,final,dlog,out,61,0.0036220321069475713,44,0.0056228442086923855
mamba,mamba_div_rho0.02_wd0.1_tiersNone,1001,div,0.02,0.1,final,dlog,out,62,0.11406031866597754,1,0.0056228442086923855
mamba,mamba_div_rho0.02_wd0.1_tiersNone,1001,div,0.02,0.1,final,dlog,out,63,0.09788974225040938,5,0.0056228442086923855
mamba,mamba_div_rho0.02_wd0.1_tiersNone,1001,div,0.02,0.1,final,dlog,out,64,0.004627657011958872,14,0.0056228442086923855
mamba,mamba_div_rho0.02_wd0.1_tiersNone,1001,div,0.02,0.1,final,dlog,out,65,0.0031369430778934015,69,0.0056228442086923855
mamba,mamba_div_rho0.02_wd0.1_tiersNone,1001,div,0.02,0.1,final,dlog,out,66,0.0038232541929708605,31,0.0056228442086923855
mamba,mamba_div_rho0.02_wd0.1_tiersNone,1001,div,0.02,0.1,final,dlog,out,67,0.0033061829325426984,63,0.0056228442086923855
mamba,mamba_div_rho0.02_wd0.1_tiersNone,1001,div,0.02,0.1,final,dlog,out,68,0.0037157993248848865,37,0.0056228442086923855
mamba,mamba_div_rho0.02_wd0.1_tiersNone,1001,div,0.02,0.1,final,dlog,out,69,0.004866429800035748,11,0.0056228442086923855
mamba,mamba_div_rho0.02_wd0.1_tiersNone,1001,div,0.02,0.1,final,dlog,out,70,0.0038450078259608233,29,0.0056228442086923855
mamba,mamba_div_rho0.02_wd0.1_tiersNone,1001,div,0.02,0.1,final,dlog,out,71,0.0036155940678930794,45,0.0056228442086923855
mamba,mamba_div_rho0.02_wd0.1_tiersNone,1001,div,0.02,0.1,final,dlog,out,72,0.0038079818377489143,32,0.0056228442086923855
mamba,mamba_div_rho0.02_wd0.1_tiersNone,1001,div,0.02,0.1,final,dlog,out,73,0.004071350071123552,25,0.0056228442086923855
mamba,mamba_div_rho0.02_wd0.1_tiersNone,1001,div,0.02,0.1,final,dlog,out,74,0.06345792017597778,8,0.0056228442086923855
mamba,mamba_div_rho0.02_wd0.1_tiersNone,1002,div,0.02,0.1,final,dlog,in,1,0.007488150373781608,22,0.007244995513776816
mamba,mamba_div_rho0.02_wd0.1_tiersNone,1002,div,0.02,0.1,final,dlog,in,2,0.0063309293069089825,48,0.007244995513776816
mamba,mamba_div_rho0.02_wd0.1_tiersNone,1002,div,0.02,0.1,final,dlog,in,3,0.0076643957467531516,20,0.007244995513776816
mamba,mamba_div_rho0.02_wd0.1_tiersNone,1002,div,0.02,0.1,final,dlog,in,4,0.006700267508824564,32,0.007244995513776816
mamba,mamba_div_rho0.02_wd0.1_tiersNone,1002,div,0.02,0.1,final,dlog,in,5,0.005942714602559593,59,0.007244995513776816
mamba,mamba_div_rho0.02_wd0.1_tiersNone,1002,div,0.02,0.1,final,dlog,in,6,0.005485621154046718,68,0.007244995513776816
mamba,mamba_div_rho0.02_wd0.1_tiersNone,1002,div,0.02,0.1,final,dlog,in,7,0.005968022089862965,58,0.007244995513776816
mamba,mamba_div_rho0.02_wd0.1_tiersNone,1002,div,0.02,0.1,final,dlog,in,8,0.005872478201581042,62,0.007244995513776816
mamba,mamba_div_rho0.02_wd0.1_tiersNone,1002,div,0.02,0.1,final,dlog,in,9,0.008038636125451179,13,0.007244995513776816
mamba,mamba_div_rho0.02_wd0.1_tiersNone,1002,div,0.02,0.1,final,dlog,in,10,0.006082822649061468,55,0.007244995513776816
mamba,mamba_div_rho0.02_wd0.1_tiersNone,1002,div,0.02,0.1,final,dlog,in,11,0.007490896391593237,21,0.007244995513776816
mamba,mamba_div_rho0.02_wd0.1_tiersNone,1002,div,0.02,0.1,final,dlog,in,12,0.009102491098194769,11,0.007244995513776816
mamba,mamba_div_rho0.02_wd0.1_tiersNone,1002,div,0.02,0.1,final,dlog,in,13,0.006827018167143621,28,0.007244995513776816
mamba,mamba_div_rho0.02_wd0.1_tiersNone,1002,div,0.02,0.1,final,dlog,in,14,0.006825514271810125,29,0.007244995513776816
mamba,mamba_div_rho0.02_wd0.1_tiersNone,1002,div,0.02,0.1,final,dlog,in,15,0.005714105988125361,67,0.007244995513776816
mamba,mamba_div_rho0.02_wd0.1_tiersNone,1002,div,0.02,0.1,final,dlog,in,16,0.0060541022689856875,56,0.007244995513776816
mamba,mamba_div_rho0.02_wd0.1_tiersNone,1002,div,0.02,0.1,final,dlog,in,17,0.006408425116437447,44,0.007244995513776816
mamba,mamba_div_rho0.02_wd0.1_tiersNone,1002,div,0.02,0.1,final,dlog,in,18,0.01295176799689749,7,0.007244995513776816
mamba,mamba_div_rho0.02_wd0.1_tiersNone,1002,div,0.02,0.1,final,dlog,in,19,0.007698727726392155,19,0.007244995513776816
mamba,mamba_div_rho0.02_wd0.1_tiersNone,1002,div,0.02,0.1,final,dlog,in,20,0.007735103210495622,18,0.007244995513776816
mamba,mamba_div_rho0.02_wd0.1_tiersNone,1002,div,0.02,0.1,final,dlog,in,21,0.005369240201749208,72,0.007244995513776816
mamba,mamba_div_rho0.02_wd0.1_tiersNone,1002,div,0.02,0.1,final,dlog,in,22,0.006451846068422032,40,0.007244995513776816
mamba,mamba_div_rho0.02_wd0.1_tiersNone,1002,div,0.02,0.1,final,dlog,in,23,0.0063391181360676375,46,0.007244995513776816
mamba,mamba_div_rho0.02_wd0.1_tiersNone,1002,div,0.02,0.1,final,dlog,in,24,0.007121256953091096,26,0.007244995513776816
mamba,mamba_div_rho0.02_wd0.1_tiersNone,1002,div,0.02,0.1,final,dlog,in,25,0.006506609324742629,38,0.007244995513776816
mamba,mamba_div_rho0.02_wd0.1_tiersNone,1002,div,0.02,0.1,final,dlog,in,26,0.005804320429197963,64,0.007244995513776816
mamba,mamba_div_rho0.02_wd0.1_tiersNone,1002,div,0.02,0.1,final,dlog,in,27,0.007358887269264067,23,0.007244995513776816
mamba,mamba_div_rho0.02_wd0.1_tiersNone,1002,div,0.02,0.1,final,dlog,in,28,0.008004320782963984,14,0.007244995513776816
mamba,mamba_div_rho0.02_wd0.1_tiersNone,1002,div,0.02,0.1,final,dlog,in,29,0.007736475704785908,17,0.007244995513776816
mamba,mamba_div_rho0.02_wd0.1_tiersNone,1002,div,0.02,0.1,final,dlog,in,30,0.09394940580282188,3,0.007244995513776816
mamba,mamba_div_rho0.02_wd0.1_tiersNone,1002,div,0.02,0.1,final,dlog,in,31,0.006412753927620866,43,0.007244995513776816
mamba,mamba_div_rho0.02_wd0.1_tiersNone,1002,div,0.02,0.1,final,dlog,in,32,0.006562964345188068,34,0.007244995513776816
mamba,mamba_div_rho0.02_wd0.1_tiersNone,1002,div,0.02,0.1,final,dlog,in,33,0.006707908665062165,31,0.007244995513776816
mamba,mamba_div_rho0.02_wd0.1_tiersNone,1002,div,0.02,0.1,final,dlog,in,34,0.007791948882109408,16,0.007244995513776816
mamba,mamba_div_rho0.02_wd0.1_tiersNone,1002,div,0.02,0.1,final,dlog,in,35,0.00655079298862024,36,0.007244995513776816
mamba,mamba_div_rho0.02_wd0.1_tiersNone,1002,div,0.02,0.1,final,dlog,in,36,0.010374692116074016,10,0.007244995513776816
mamba,mamba_div_rho0.02_wd0.1_tiersNone,1002,div,0.02,0.1,final,dlog,in,37,0.006558805033445407,35,0.007244995513776816
mamba,mamba_div_rho0.02_wd0.1_tiersNone,1002,div,0.02,0.1,final,dlog,in,38,0.006008348862542078,57,0.007244995513776816
mamba,mamba_div_rho0.02_wd0.1_tiersNone,1002,div,0.02,0.1,final,dlog,in,39,0.006520039146436091,37,0.007244995513776816
mamba,mamba_div_rho0.02_wd0.1_tiersNone,1002,div,0.02,0.1,final,dlog,in,40,0.005431140371392029,71,0.007244995513776816
mamba,mamba_div_rho0.02_wd0.1_tiersNone,1002,div,0.02,0.1,final,dlog,in,41,0.0066452495750318145,33,0.007244995513776816
mamba,mamba_div_rho0.02_wd0.1_tiersNone,1002,div,0.02,0.1,final,dlog,in,42,0.005436846215295674,70,0.007244995513776816
mamba,mamba_div_rho0.02_wd0.1_tiersNone,1002,div,0.02,0.1,final,dlog,in,43,0.005755685884371909,66,0.007244995513776816
mamba,mamba_div_rho0.02_wd0.1_tiersNone,1002,div,0.02,0.1,final,dlog,in,44,0.010746566845548061,9,0.007244995513776816
mamba,mamba_div_rho0.02_wd0.1_tiersNone,1002,div,0.02,0.1,final,dlog,in,45,0.08748477437358186,4,0.007244995513776816
mamba,mamba_div_rho0.02_wd0.1_tiersNone,1002,div,0.02,0.1,final,dlog,in,46,0.0070220246366657565,27,0.007244995513776816
mamba,mamba_div_rho0.02_wd0.1_tiersNone,1002,div,0.02,0.1,final,dlog,in,47,0.006722458357494613,30,0.007244995513776816
mamba,mamba_div_rho0.02_wd0.1_tiersNone,1002,div,0.02,0.1,final,dlog,in,48,0.006443852635769694,41,0.007244995513776816
mamba,mamba_div_rho0.02_wd0.1_tiersNone,1002,div,0.02,0.1,final,dlog,in,49,0.006139879461352393,52,0.007244995513776816
mamba,mamba_div_rho0.02_wd0.1_tiersNone,1002,div,0.02,0.1,final,dlog,in,50,0.005820376493552628,63,0.007244995513776816
mamba,mamba_div_rho0.02_wd0.1_tiersNone,1002,div,0.02,0.1,final,dlog,in,51,0.006188402120365311,50,0.007244995513776816
mamba,mamba_div_rho0.02_wd0.1_tiersNone,1002,div,0.02,0.1,final,dlog,in,52,0.11194308330764162,1,0.007244995513776816
mamba,mamba_div_rho0.02_wd0.1_tiersNone,1002,div,0.02,0.1,final,dlog,in,53,0.0062107764621153055,49,0.007244995513776816
mamba,mamba_div_rho0.02_wd0.1_tiersNone,1002,div,0.02,0.1,final,dlog,in,54,0.006466822578589562,39,0.007244995513776816
mamba,mamba_div_rho0.02_wd0.1_tiersNone,1002,div,0.02,0.1,final,dlog,in,55,0.007890095070485024,15,0.007244995513776816
mamba,mamba_div_rho0.02_wd0.1_tiersNone,1002,div,0.02,0.1,final,dlog,in,56,0.09433828627428316,2,0.007244995513776816
mamba,mamba_div_rho0.02_wd0.1_tiersNone,1002,div,0.02,0.1,final,dlog,in,57,0.005900474034619259,61,0.007244995513776816
mamba,mamba_div_rho0.02_wd0.1_tiersNone,1002,div,0.02,0.1,final,dlog,in,58,0.011837730890431124,8,0.007244995513776816
mamba,mamba_div_rho0.02_wd0.1_tiersNone,1002,div,0.02,0.1,final,dlog,in,59,0.007193690481561166,24,0.007244995513776816
mamba,mamba_div_rho0.02_wd0.1_tiersNone,1002,div,0.02,0.1,final,dlog,in,60,0.008625373501966486,12,0.007244995513776816
mamba,mamba_div_rho0.02_wd0.1_tiersNone,1002,div,0.02,0.1,final,dlog,in,61,0.005757191583761309,65,0.007244995513776816
mamba,mamba_div_rho0.02_wd0.1_tiersNone,1002,div,0.02,0.1,final,dlog,in,62,0.005463619904280644,69,0.007244995513776816
mamba,mamba_div_rho0.02_wd0.1_tiersNone,1002,div,0.02,0.1,final,dlog,in,63,0.00713591510014203,25,0.007244995513776816
mamba,mamba_div_rho0.02_wd0.1_tiersNone,1002,div,0.02,0.1,final,dlog,in,64,0.00608303357106291,54,0.007244995513776816
mamba,mamba_div_rho0.02_wd0.1_tiersNone,1002,div,0.02,0.1,final,dlog,in,65,0.07216775850836978,6,0.007244995513776816
mamba,mamba_div_rho0.02_wd0.1_tiersNone,1002,div,0.02,0.1,final,dlog,in,66,0.006386334822224137,45,0.007244995513776816
mamba,mamba_div_rho0.02_wd0.1_tiersNone,1002,div,0.02,0.1,final,dlog,in,67,0.0059213625128556905,60,0.007244995513776816
mamba,mamba_div_rho0.02_wd0.1_tiersNone,1002,div,0.02,0.1,final,dlog,in,68,0.07697806032795203,5,0.007244995513776816
mamba,mamba_div_rho0.02_wd0.1_tiersNone,1002,div,0.02,0.1,final,dlog,in,69,0.006438036397144334,42,0.007244995513776816
mamba,mamba_div_rho0.02_wd0.1_tiersNone,1002,div,0.02,0.1,final,dlog,in,70,0.006173188529974633,51,0.007244995513776816
mamba,mamba_div_rho0.02_wd0.1_tiersNone,1002,div,0.02,0.1,final,dlog,in,71,0.00611115855834995,53,0.007244995513776816
mamba,mamba_div_rho0.02_wd0.1_tiersNone,1002,div,0.02,0.1,final,dlog,in,72,0.006335251234031436,47,0.007244995513776816
mamba,mamba_div_rho0.02_wd0.1_tiersNone,1002,div,0.02,0.1,final,dlog,in,73,0.004959046444171286,73,0.007244995513776816
mamba,mamba_div_rho0.02_wd0.1_tiersNone,1002,div,0.02,0.1,final,dlog,in,74,0.003334528298453757,74,0.007244995513776816
mamba,mamba_div_rho0.02_wd0.1_tiersNone,1002,div,0.02,0.1,final,dlog,out,1,0.004120011719648758,35,0.0046756271853677315
mamba,mamba_div_rho0.02_wd0.1_tiersNone,1002,div,0.02,0.1,final,dlog,out,2,0.003910028894319713,44,0.0046756271853677315
mamba,mamba_div_rho0.02_wd0.1_tiersNone,1002,div,0.02,0.1,final,dlog,out,3,0.003692058880890569,57,0.0046756271853677315
mamba,mamba_div_rho0.02_wd0.1_tiersNone,1002,div,0.02,0.1,final,dlog,out,4,0.004532422951595304,22,0.0046756271853677315
mamba,mamba_div_rho0.02_wd0.1_tiersNone,1002,div,0.02,0.1,final,dlog,out,5,0.00463616240267303,19,0.0046756271853677315
mamba,mamba_div_rho0.02_wd0.1_tiersNone,1002,div,0.02,0.1,final,dlog,out,6,0.003414376132980254,68,0.0046756271853677315
mamba,mamba_div_rho0.02_wd0.1_tiersNone,1002,div,0.02,0.1,final,dlog,out,7,0.0037925678949854947,50,0.0046756271853677315
mamba,mamba_div_rho0.02_wd0.1_tiersNone,1002,div,0.02,0.1,final,dlog,out,8,0.0036262825614599716,61,0.0046756271853677315
mamba,mamba_div_rho0.02_wd0.1_tiersNone,1002,div,0.02,0.1,final,dlog,out,9,0.003349173862346091,69,0.0046756271853677315
mamba,mamba_div_rho0.02_wd0.1_tiersNone,1002,div,0.02,0.1,final,dlog,out,10,0.004555952407796115,20,0.0046756271853677315
mamba,mamba_div_rho0.02_wd0.1_tiersNone,1002,div,0.02,0.1,final,dlog,out,11,0.003924166265128436,42,0.0046756271853677315
mamba,mamba_div_rho0.02_wd0.1_tiersNone,1002,div,0.02,0.1,final,dlog,out,12,0.0037925350522979777,51,0.0046756271853677315
mamba,mamba_div_rho0.02_wd0.1_tiersNone,1002,div,0.02,0.1,final,dlog,out,13,0.0037999377037000338,49,0.0046756271853677315
mamba,mamba_div_rho0.02_wd0.1_tiersNone,1002,div,0.02,0.1,final,dlog,out,14,0.005173596206495994,9,0.0046756271853677315
mamba,mamba_div_rho0.02_wd0.1_tiersNone,1002,div,0.02,0.1,final,dlog,out,15,0.003439511703000632,65,0.0046756271853677315
mamba,mamba_div_rho0.02_wd0.1_tiersNone,1002,div,0.02,0.1,final,dlog,out,16,0.003755420242001468,53,0.0046756271853677315
mamba,mamba_div_rho0.02_wd0.1_tiersNone,1002,div,0.02,0.1,final,dlog,out,17,0.0034816876900273432,64,0.0046756271853677315
mamba,mamba_div_rho0.02_wd0.1_tiersNone,1002,div,0.02,0.1,final,dlog,out,18,0.003624404879222505,62,0.0046756271853677315
mamba,mamba_div_rho0.02_wd0.1_tiersNone,1002,div,0.02,0.1,final,dlog,out,19,0.004450719436499283,24,0.0046756271853677315
mamba,mamba_div_rho0.02_wd0.1_tiersNone,1002,div,0.02,0.1,final,dlog,out,20,0.0038647144036749598,47,0.0046756271853677315
mamba,mamba_div_rho0.02_wd0.1_tiersNone,1002,div,0.02,0.1,final,dlog,out,21,0.0046769707440121695,16,0.0046756271853677315
mamba,mamba_div_rho0.02_wd0.1_tiersNone,1002,div,0.02,0.1,final,dlog,out,22,0.004936834584373625,11,0.0046756271853677315
mamba,mamba_div_rho0.02_wd0.1_tiersNone,1002,div,0.02,0.1,final,dlog,out,23,0.003430925515402848,66,0.0046756271853677315
mamba,mamba_div_rho0.02_wd0.1_tiersNone,1002,div,0.02,0.1,final,dlog,out,24,0.00442845571521819,25,0.0046756271853677315
mamba,mamba_div_rho0.02_wd0.1_tiersNone,1002,div,0.02,0.1,final,dlog,out,25,0.0037534804457473522,54,0.0046756271853677315
mamba,mamba_div_rho0.02_wd0.1_tiersNone,1002,div,0.02,0.1,final,dlog,out,26,0.003516745884320677,63,0.0046756271853677315
mamba,mamba_div_rho0.02_wd0.1_tiersNone,1002,div,0.02,0.1,final,dlog,out,27,0.0037278550015301484,56,0.0046756271853677315
mamba,mamba_div_rho0.02_wd0.1_tiersNone,1002,div,0.02,0.1,final,dlog,out,28,0.006218232244282763,7,0.0046756271853677315
mamba,mamba_div_rho0.02_wd0.1_tiersNone,1002,div,0.02,0.1,final,dlog,out,29,0.004854661500121925,12,0.0046756271853677315
mamba,mamba_div_rho0.02_wd0.1_tiersNone,1002,div,0.02,0.1,final,dlog,out,30,0.10710611993541162,5,0.0046756271853677315
mamba,mamba_div_rho0.02_wd0.1_tiersNone,1002,div,0.02,0.1,final,dlog,out,31,0.0039026110680133947,45,0.0046756271853677315
mamba,mamba_div_rho0.02_wd0.1_tiersNone,1002,div,0.02,0.1,final,dlog,out,32,0.0033173578200582443,70,0.0046756271853677315
mamba,mamba_div_rho0.02_wd0.1_tiersNone,1002,div,0.02,0.1,final,dlog,out,33,0.0040966270682835796,37,0.0046756271853677315
mamba,mamba_div_rho0.02_wd0.1_tiersNone,1002,div,0.02,0.1,final,dlog,out,34,0.005007389068530689,10,0.0046756271853677315
mamba,mamba_div_rho0.02_wd0.1_tiersNone,1002,div,0.02,0.1,final,dlog,out,35,0.0032175997511628956,71,0.0046756271853677315
mamba,mamba_div_rho0.02_wd0.1_tiersNone,1002,div,0.02,0.1,final,dlog,out,36,0.004278470621918742,29,0.0046756271853677315
mamba,mamba_div_rho0.02_wd0.1_tiersNone,1002,div,0.02,0.1,final,dlog,out,37,0.003876264166528718,46,0.0046756271853677315
mamba,mamba_div_rho0.02_wd0.1_tiersNone,1002,div,0.02,0.1,final,dlog,out,38,0.004153865824259575,31,0.0046756271853677315
mamba,mamba_div_rho0.02_wd0.1_tiersNone,1002,div,0.02,0.1,final,dlog,out,39,0.003681455635451979,58,0.0046756271853677315
mamba,mamba_div_rho0.02_wd0.1_tiersNone,1002,div,0.02,0.1,final,dlog,out,40,0.0040112581372393425,39,0.0046756271853677315
mamba,mamba_div_rho0.02_wd0.1_tiersNone,1002,div,0.02,0.1,final,dlog,out,41,0.004319817962114588,27,0.0046756271853677315
mamba,mamba_div_rho0.02_wd0.1_tiersNone,1002,div,0.02,0.1,final,dlog,out,42,0.003665197381765907,59,0.0046756271853677315
mamba,mamba_div_rho0.02_wd0.1_tiersNone,1002,div,0.02,0.1,final,dlog,out,43,0.004822313679875653,13,0.0046756271853677315
mamba,mamba_div_rho0.02_wd0.1_tiersNone,1002,div,0.02,0.1,final,dlog,out,44,0.004653490182889229,18,0.0046756271853677315
mamba,mamba_div_rho0.02_wd0.1_tiersNone,1002,div,0.02,0.1,final,dlog,out,45,0.11901559479342015,4,0.0046756271853677315
mamba,mamba_div_rho0.02_wd0.1_tiersNone,1002,div,0.02,0.1,final,dlog,out,46,0.003018992860691364,73,0.0046756271853677315
mamba,mamba_div_rho0.02_wd0.1_tiersNone,1002,div,0.02,0.1,final,dlog,out,47,0.004111515538660963,36,0.0046756271853677315
mamba,mamba_div_rho0.02_wd0.1_tiersNone,1002,div,0.02,0.1,final,dlog,out,48,0.00465809027498354,17,0.0046756271853677315
mamba,mamba_div_rho0.02_wd0.1_tiersNone,1002,div,0.02,0.1,final,dlog,out,49,0.005370616595514097,8,0.0046756271853677315
mamba,mamba_div_rho0.02_wd0.1_tiersNone,1002,div,0.02,0.1,final,dlog,out,50,0.0037730219874488754,52,0.0046756271853677315
mamba,mamba_div_rho0.02_wd0.1_tiersNone,1002,div,0.02,0.1,final,dlog,out,51,0.00407650710341913,38,0.0046756271853677315
mamba,mamba_div_rho0.02_wd0.1_tiersNone,1002,div,0.02,0.1,final,dlog,out,52,0.14028029529010178,1,0.0046756271853677315
mamba,mamba_div_rho0.02_wd0.1_tiersNone,1002,div,0.02,0.1,final,dlog,out,53,0.004302946190779804,28,0.0046756271853677315
mamba,mamba_div_rho0.02_wd0.1_tiersNone,1002,div,0.02,0.1,final,dlog,out,54,0.003969336608971893,41,0.0046756271853677315
mamba,mamba_div_rho0.02_wd0.1_tiersNone,1002,div,0.02,0.1,final,dlog,out,55,0.003428232617328158,67,0.0046756271853677315
mamba,mamba_div_rho0.02_wd0.1_tiersNone,1002,div,0.02,0.1,final,dlog,out,56,0.13114192023832277,2,0.0046756271853677315
mamba,mamba_div_rho0.02_wd0.1_tiersNone,1002,div,0.02,0.1,final,dlog,out,57,0.00382870335431122,48,0.0046756271853677315
mamba,mamba_div_rho0.02_wd0.1_tiersNone,1002,div,0.02,0.1,final,dlog,out,58,0.004121526907061742,34,0.0046756271853677315
mamba,mamba_div_rho0.02_wd0.1_tiersNone,1002,div,0.02,0.1,final,dlog,out,59,0.004536376020840637,21,0.0046756271853677315
mamba,mamba_div_rho0.02_wd0.1_tiersNone,1002,div,0.02,0.1,final,dlog,out,60,0.004122237575362212,32,0.0046756271853677315
mamba,mamba_div_rho0.02_wd0.1_tiersNone,1002,div,0.02,0.1,final,dlog,out,61,0.003972837221061892,40,0.0046756271853677315
mamba,mamba_div_rho0.02_wd0.1_tiersNone,1002,div,0.02,0.1,final,dlog,out,62,0.003217466311307711,72,0.0046756271853677315
mamba,mamba_div_rho0.02_wd0.1_tiersNone,1002,div,0.02,0.1,final,dlog,out,63,0.004520687441959542,23,0.0046756271853677315
mamba,mamba_div_rho0.02_wd0.1_tiersNone,1002,div,0.02,0.1,final,dlog,out,64,0.00441419618726517,26,0.0046756271853677315
mamba,mamba_div_rho0.02_wd0.1_tiersNone,1002,div,0.02,0.1,final,dlog,out,65,0.1223320877828489,3,0.0046756271853677315
mamba,mamba_div_rho0.02_wd0.1_tiersNone,1002,div,0.02,0.1,final,dlog,out,66,0.004696340590257482,14,0.0046756271853677315
mamba,mamba_div_rho0.02_wd0.1_tiersNone,1002,div,0.02,0.1,final,dlog,out,67,0.00424719501977295,30,0.0046756271853677315
mamba,mamba_div_rho0.02_wd0.1_tiersNone,1002,div,0.02,0.1,final,dlog,out,68,0.10394737757019554,6,0.0046756271853677315
mamba,mamba_div_rho0.02_wd0.1_tiersNone,1002,div,0.02,0.1,final,dlog,out,69,0.004121865214470415,33,0.0046756271853677315
mamba,mamba_div_rho0.02_wd0.1_tiersNone,1002,div,0.02,0.1,final,dlog,out,70,0.003919229005693962,43,0.0046756271853677315
mamba,mamba_div_rho0.02_wd0.1_tiersNone,1002,div,0.02,0.1,final,dlog,out,71,0.003653550879083636,60,0.0046756271853677315
mamba,mamba_div_rho0.02_wd0.1_tiersNone,1002,div,0.02,0.1,final,dlog,out,72,0.004686473741259359,15,0.0046756271853677315
mamba,mamba_div_rho0.02_wd0.1_tiersNone,1002,div,0.02,0.1,final,dlog,out,73,0.0037388832816567558,55,0.0046756271853677315
mamba,mamba_div_rho0.02_wd0.1_tiersNone,1002,div,0.02,0.1,final,dlog,out,74,0.002186164566690533,74,0.0046756271853677315
mamba,mamba_div_rho0_wd0.1_tiersNone,1000,div,0.0,0.1,final,dlog,in,1,0.004097741599606573,50,0.004628515858910002
mamba,mamba_div_rho0_wd0.1_tiersNone,1000,div,0.0,0.1,final,dlog,in,2,0.005707902305003841,20,0.004628515858910002
mamba,mamba_div_rho0_wd0.1_tiersNone,1000,div,0.0,0.1,final,dlog,in,3,0.004271270054346116,45,0.004628515858910002
mamba,mamba_div_rho0_wd0.1_tiersNone,1000,div,0.0,0.1,final,dlog,in,4,0.0036093269207816557,71,0.004628515858910002
mamba,mamba_div_rho0_wd0.1_tiersNone,1000,div,0.0,0.1,final,dlog,in,5,0.003698703889187109,70,0.004628515858910002
mamba,mamba_div_rho0_wd0.1_tiersNone,1000,div,0.0,0.1,final,dlog,in,6,0.004274733437568482,44,0.004628515858910002
mamba,mamba_div_rho0_wd0.1_tiersNone,1000,div,0.0,0.1,final,dlog,in,7,0.019196899538740392,10,0.004628515858910002
mamba,mamba_div_rho0_wd0.1_tiersNone,1000,div,0.0,0.1,final,dlog,in,8,0.004042214940776915,54,0.004628515858910002
mamba,mamba_div_rho0_wd0.1_tiersNone,1000,div,0.0,0.1,final,dlog,in,9,0.004997198712689044,26,0.004628515858910002
mamba,mamba_div_rho0_wd0.1_tiersNone,1000,div,0.0,0.1,final,dlog,in,10,0.00487102965695992,27,0.004628515858910002
mamba,mamba_div_rho0_wd0.1_tiersNone,1000,div,0.0,0.1,final,dlog,in,11,0.004008489267941918,56,0.004628515858910002
mamba,mamba_div_rho0_wd0.1_tiersNone,1000,div,0.0,0.1,final,dlog,in,12,0.003988334137795928,59,0.004628515858910002
mamba,mamba_div_rho0_wd0.1_tiersNone,1000,div,0.0,0.1,final,dlog,in,13,0.0704062760739004,6,0.004628515858910002
mamba,mamba_div_rho0_wd0.1_tiersNone,1000,div,0.0,0.1,final,dlog,in,14,0.0038403873938816628,64,0.004628515858910002
mamba,mamba_div_rho0_wd0.1_tiersNone,1000,div,0.0,0.1,final,dlog,in,15,0.003896181524214435,63,0.004628515858910002
mamba,mamba_div_rho0_wd0.1_tiersNone,1000,div,0.0,0.1,final,dlog,in,16,0.0037556331104948754,68,0.004628515858910002
mamba,mamba_div_rho0_wd0.1_tiersNone,1000,div,0.0,0.1,final,dlog,in,17,0.004002256119156396,58,0.004628515858910002
mamba,mamba_div_rho0_wd0.1_tiersNone,1000,div,0.0,0.1,final,dlog,in,18,0.006817341866025952,14,0.004628515858910002
mamba,mamba_div_rho0_wd0.1_tiersNone,1000,div,0.0,0.1,final,dlog,in,19,0.0037964549598759213,66,0.004628515858910002
mamba,mamba_div_rho0_wd0.1_tiersNone,1000,div,0.0,0.1,final,dlog,in,20,0.004807360182963474,29,0.004628515858910002
mamba,mamba_div_rho0_wd0.1_tiersNone,1000,div,0.0,0.1,final,dlog,in,21,0.004077983317872557,51,0.004628515858910002
mamba,mamba_div_rho0_wd0.1_tiersNone,1000,div,0.0,0.1,final,dlog,in,22,0.0068769539244128925,13,0.004628515858910002
mamba,mamba_div_rho0_wd0.1_tiersNone,1000,div,0.0,0.1,final,dlog,in,23,0.0038970461727930493,62,0.004628515858910002
mamba,mamba_div_rho0_wd0.1_tiersNone,1000,div,0.0,0.1,final,dlog,in,24,0.004865943185850254,28,0.004628515858910002
mamba,mamba_div_rho0_wd0.1_tiersNone,1000,div,0.0,0.1,final,dlog,in,25,0.004537897135539473,37,0.004628515858910002
mamba,mamba_div_rho0_wd0.1_tiersNone,1000,div,0.0,0.1,final,dlog,in,26,0.0061854459575174285,17,0.004628515858910002
mamba,mamba_div_rho0_wd0.1_tiersNone,1000,div,0.0,0.1,final,dlog,in,27,0.0046533501389049384,31,0.004628515858910002
mamba,mamba_div_rho0_wd0.1_tiersNone,1000,div,0.0,0.1,final,dlog,in,28,0.005493613645231983,23,0.004628515858910002
mamba,mamba_div_rho0_wd0.1_tiersNone,1000,div,0.0,0.1,final,dlog,in,29,0.004333612062796232,42,0.004628515858910002
mamba,mamba_div_rho0_wd0.1_tiersNone,1000,div,0.0,0.1,final,dlog,in,30,0.0045948286652893215,34,0.004628515858910002
mamba,mamba_div_rho0_wd0.1_tiersNone,1000,div,0.0,0.1,final,dlog,in,31,0.09401312409774804,3,0.004628515858910002
mamba,mamba_div_rho0_wd0.1_tiersNone,1000,div,0.0,0.1,final,dlog,in,32,0.0043151348519002266,43,0.004628515858910002
mamba,mamba_div_rho0_wd0.1_tiersNone,1000,div,0.0,0.1,final,dlog,in,33,0.06645608869320783,7,0.004628515858910002
mamba,mamba_div_rho0_wd0.1_tiersNone,1000,div,0.0,0.1,final,dlog,in,34,0.00376407308865053,67,0.004628515858910002
mamba,mamba_div_rho0_wd0.1_tiersNone,1000,div,0.0,0.1,final,dlog,in,35,0.0039339325553037294,60,0.004628515858910002
mamba,mamba_div_rho0_wd0.1_tiersNone,1000,div,0.0,0.1,final,dlog,in,36,0.005788283693893586,19,0.004628515858910002
mamba,mamba_div_rho0_wd0.1_tiersNone,1000,div,0.0,0.1,final,dlog,in,37,0.004171534823128442,47,0.004628515858910002
mamba,mamba_div_rho0_wd0.1_tiersNone,1000,div,0.0,0.1,final,dlog,in,38,0.005509980021742212,22,0.004628515858910002
mamba,mamba_div_rho0_wd0.1_tiersNone,1000,div,0.0,0.1,final,dlog,in,39,0.08099858576040306,5,0.004628515858910002
mamba,mamba_div_rho0_wd0.1_tiersNone,1000,div,0.0,0.1,final,dlog,in,40,0.0038232698948258946,65,0.004628515858910002
mamba,mamba_div_rho0_wd0.1_tiersNone,1000,div,0.0,0.1,final,dlog,in,41,0.004038957568804319,55,0.004628515858910002
mamba,mamba_div_rho0_wd0.1_tiersNone,1000,div,0.0,0.1,final,dlog,in,42,0.004640536796787695,33,0.004628515858910002
mamba,mamba_div_rho0_wd0.1_tiersNone,1000,div,0.0,0.1,final,dlog,in,43,0.004181035035970484,46,0.004628515858910002
mamba,mamba_div_rho0_wd0.1_tiersNone,1000,div,0.0,0.1,final,dlog,in,44,0.004125168115067664,49,0.004628515858910002
mamba,mamba_div_rho0_wd0.1_tiersNone,1000,div,0.0,0.1,final,dlog,in,45,0.0035564261652414808,72,0.004628515858910002
mamba,mamba_div_rho0_wd0.1_tiersNone,1000,div,0.0,0.1,final,dlog,in,46,0.007967539576801732,11,0.004628515858910002
mamba,mamba_div_rho0_wd0.1_tiersNone,1000,div,0.0,0.1,final,dlog,in,47,0.0041515813374779845,48,0.004628515858910002
mamba,mamba_div_rho0_wd0.1_tiersNone,1000,div,0.0,0.1,final,dlog,in,48,0.0035271386524745,73,0.004628515858910002
mamba,mamba_div_rho0_wd0.1_tiersNone,1000,div,0.0,0.1,final,dlog,in,49,0.004048354356572533,53,0.004628515858910002
mamba,mamba_div_rho0_wd0.1_tiersNone,1000,div,0.0,0.1,final,dlog,in,50,0.0047840525857429815,30,0.004628515858910002
mamba,mamba_div_rho0_wd0.1_tiersNone,1000,div,0.0,0.1,final,dlog,in,51,0.08445124121336033,4,0.004628515858910002
mamba,mamba_div_rho0_wd0.1_tiersNone,1000,div,0.0,0.1,final,dlog,in,52,0.004482109749357254,38,0.004628515858910002
mamba,mamba_div_rho0_wd0.1_tiersNone,1000,div,0.0,0.1,final,dlog,in,53,0.004649335128205102,32,0.004628515858910002
mamba,mamba_div_rho0_wd0.1_tiersNone,1000,div,0.0,0.1,final,dlog,in,54,0.004408746990750533,40,0.004628515858910002
mamba,mamba_div_rho0_wd0.1_tiersNone,1000,div,0.0,0.1,final,dlog,in,55,0.0045922556595162185,36,0.004628515858910002
mamba,mamba_div_rho0_wd0.1_tiersNone,1000,div,0.0,0.1,final,dlog,in,56,0.042855461367554686,9,0.004628515858910002
mamba,mamba_div_rho0_wd0.1_tiersNone,1000,div,0.0,0.1,final,dlog,in,57,0.004444437468199965,39,0.004628515858910002
mamba,mamba_div_rho0_wd0.1_tiersNone,1000,div,0.0,0.1,final,dlog,in,58,0.004006451627359991,57,0.004628515858910002
mamba,mamba_div_rho0_wd0.1_tiersNone,1000,div,0.0,0.1,final,dlog,in,59,0.0037346156700642703,69,0.004628515858910002
mamba,mamba_div_rho0_wd0.1_tiersNone,1000,div,0.0,0.1,final,dlog,in,60,0.0983356617953199,2,0.004628515858910002
mamba,mamba_div_rho0_wd0.1_tiersNone,1000,div,0.0,0.1,final,dlog,in,61,0.004373512088485906,41,0.004628515858910002
mamba,mamba_div_rho0_wd0.1_tiersNone,1000,div,0.0,0.1,final,dlog,in,62,0.04860968603767431,8,0.004628515858910002
mamba,mamba_div_rho0_wd0.1_tiersNone,1000,div,0.0,0.1,final,dlog,in,63,0.09857355179743711,1,0.004628515858910002
mamba,mamba_div_rho0_wd0.1_tiersNone,1000,div,0.0,0.1,final,dlog,in,64,0.004593411891528367,35,0.004628515858910002
mamba,mamba_div_rho0_wd0.1_tiersNone,1000,div,0.0,0.1,final,dlog,in,65,0.0065968781793143,15,0.004628515858910002
mamba,mamba_div_rho0_wd0.1_tiersNone,1000,div,0.0,0.1,final,dlog,in,66,0.005449820866433254,24,0.004628515858910002
mamba,mamba_div_rho0_wd0.1_tiersNone,1000,div,0.0,0.1,final,dlog,in,67,0.004065829668557813,52,0.004628515858910002
mamba,mamba_div_rho0_wd0.1_tiersNone,1000,div,0.0,0.1,final,dlog,in,68,0.003906559268463435,61,0.004628515858910002
mamba,mamba_div_rho0_wd0.1_tiersNone,1000,div,0.0,0.1,final,dlog,in,69,0.007425746986003628,12,0.004628515858910002
mamba,mamba_div_rho0_wd0.1_tiersNone,1000,div,0.0,0.1,final,dlog,in,70,0.0055700381521071405,21,0.004628515858910002
mamba,mamba_div_rho0_wd0.1_tiersNone,1000,div,0.0,0.1,final,dlog,in,71,0.0050158537058499235,25,0.004628515858910002
mamba,mamba_div_rho0_wd0.1_tiersNone,1000,div,0.0,0.1,final,dlog,in,72,0.006328910579926282,16,0.004628515858910002
mamba,mamba_div_rho0_wd0.1_tiersNone,1000,div,0.0,0.1,final,dlog,in,73,0.006074801328366999,18,0.004628515858910002
mamba,mamba_div_rho0_wd0.1_tiersNone,1000,div,0.0,0.1,final,dlog,in,74,0.0020578752102989642,74,0.004628515858910002
mamba,mamba_div_rho0_wd0.1_tiersNone,1000,div,0.0,0.1,final,dlog,out,1,0.0038302885223488975,28,0.0009346000637815891
mamba,mamba_div_rho0_wd0.1_tiersNone,1000,div,0.0,0.1,final,dlog,out,2,0.005958152636903779,13,0.0009346000637815891
mamba,mamba_div_rho0_wd0.1_tiersNone,1000,div,0.0,0.1,final,dlog,out,3,0.0031230217286643087,48,0.0009346000637815891
mamba,mamba_div_rho0_wd0.1_tiersNone,1000,div,0.0,0.1,final,dlog,out,4,0.003195214698490714,42,0.0009346000637815891
mamba,mamba_div_rho0_wd0.1_tiersNone,1000,div,0.0,0.1,final,dlog,out,5,0.002926933203660794,57,0.0009346000637815891
mamba,mamba_div_rho0_wd0.1_tiersNone,1000,div,0.0,0.1,final,dlog,out,6,0.0030584637277236183,52,0.0009346000637815891
mamba,mamba_div_rho0_wd0.1_tiersNone,1000,div,0.0,0.1,final,dlog,out,7,0.012585949840826656,10,0.0009346000637815891
mamba,mamba_div_rho0_wd0.1_tiersNone,1000,div,0.0,0.1,final,dlog,out,8,0.0031027877286272576,51,0.0009346000637815891
mamba,mamba_div_rho0_wd0.1_tiersNone,1000,div,0.0,0.1,final,dlog,out,9,0.0031186632543449776,49,0.0009346000637815891
mamba,mamba_div_rho0_wd0.1_tiersNone,1000,div,0.0,0.1,final,dlog,out,10,0.0034638592483566986,30,0.0009346000637815891
mamba,mamba_div_rho0_wd0.1_tiersNone,1000,div,0.0,0.1,final,dlog,out,11,0.0031614903565419326,47,0.0009346000637815891
mamba,mamba_div_rho0_wd0.1_tiersNone,1000,div,0.0,0.1,final,dlog,out,12,0.0031945561481668697,43,0.0009346000637815891
mamba,mamba_div_rho0_wd0.1_tiersNone,1000,div,0.0,0.1,final,dlog,out,13,0.09043823850489532,5,0.0009346000637815891
mamba,mamba_div_rho0_wd0.1_tiersNone,1000,div,0.0,0.1,final,dlog,out,14,0.002939797558073812,56,0.0009346000637815891
mamba,mamba_div_rho0_wd0.1_tiersNone,1000,div,0.0,0.1,final,dlog,out,15,0.003015834121321731,53,0.0009346000637815891
mamba,mamba_div_rho0_wd0.1_tiersNone,1000,div,0.0,0.1,final,dlog,out,16,0.0033230103296487015,36,0.0009346000637815891
mamba,mamba_div_rho0_wd0.1_tiersNone,1000,div,0.0,0.1,final,dlog,out,17,0.002439628664489169,73,0.0009346000637815891
mamba,mamba_div_rho0_wd0.1_tiersNone,1000,div,0.0,0.1,final,dlog,out,18,0.007099195969211165,11,0.0009346000637815891
mamba,mamba_div_rho0_wd0.1_tiersNone,1000,div,0.0,0.1,final,dlog,out,19,0.003200862038681103,41,0.0009346000637815891
mamba,mamba_div_rho0_wd0.1_tiersNone,1000,div,0.0,0.1,final,dlog,out,20,0.0034247331321676606,32,0.0009346000637815891
mamba,mamba_div_rho0_wd0.1_tiersNone,1000,div,0.0,0.1,final,dlog,out,21,0.0026058129887696346,71,0.0009346000637815891
mamba,mamba_div_rho0_wd0.1_tiersNone,1000,div,0.0,0.1,final,dlog,out,22,0.003179121564506961,45,0.0009346000637815891
mamba,mamba_div_rho0_wd0.1_tiersNone,1000,div,0.0,0.1,final,dlog,out,23,0.0031668785355898634,46,0.0009346000637815891
mamba,mamba_div_rho0_wd0.1_tiersNone,1000,div,0.0,0.1,final,dlog,out,24,0.002805816830994147,65,0.0009346000637815891
mamba,mamba_div_rho0_wd0.1_tiersNone,1000,div,0.0,0.1,final,dlog,out,25,0.003112372210796739,50,0.0009346000637815891
mamba,mamba_div_rho0_wd0.1_tiersNone,1000,div,0.0,0.1,final,dlog,out,26,0.003229809454400723,38,0.0009346000637815891
mamba,mamba_div_rho0_wd0.1_tiersNone,1000,div,0.0,0.1,final,dlog,out,27,0.0029578709008814983,55,0.0009346000637815891
mamba,mamba_div_rho0_wd0.1_tiersNone,1000,div,0.0,0.1,final,dlog,out,28,0.002681922901042702,68,0.0009346000637815891
mamba,mamba_div_rho0_wd0.1_tiersNone,1000,div,0.0,0.1,final,dlog,out,29,0.003362970578567996,34,0.0009346000637815891
mamba,mamba_div_rho0_wd0.1_tiersNone,1000,div,0.0,0.1,final,dlog,out,30,0.0029079912472628304,60,0.0009346000637815891
mamba,mamba_div_rho0_wd0.1_tiersNone,1000,div,0.0,0.1,final,dlog,out,31,0.1166427214346139,3,0.0009346000637815891
mamba,mamba_div_rho0_wd0.1_tiersNone,1000,div,0.0,0.1,final,dlog,out,32,0.0029973074786123323,54,0.0009346000637815891
mamba,mamba_div_rho0_wd0.1_tiersNone,1000,div,0.0,0.1,final,dlog,out,33,0.07841369480324775,6,0.0009346000637815891
mamba,mamba_div_rho0_wd0.1_tiersNone,1000,div,0.0,0.1,final,dlog,out,34,0.003200982540036772,40,0.0009346000637815891
mamba,mamba_div_rho0_wd0.1_tiersNone,1000,div,0.0,0.1,final,dlog,out,35,0.002865404422286996,62,0.0009346000637815891
mamba,mamba_div_rho0_wd0.1_tiersNone,1000,div,0.0,0.1,final,dlog,out,36,0.0049494549644052265,18,0.0009346000637815891
mamba,mamba_div_rho0_wd0.1_tiersNone,1000,div,0.0,0.1,final,dlog,out,37,0.0033595682724401597,35,0.0009346000637815891
mamba,mamba_div_rho0_wd0.1_tiersNone,1000,div,0.0,0.1,final,dlog,out,38,0.005147878296269361,17,0.0009346000637815891
mamba,mamba_div_rho0_wd0.1_tiersNone,1000,div,0.0,0.1,final,dlog,out,39,0.0987853163638381,4,0.0009346000637815891
mamba,mamba_div_rho0_wd0.1_tiersNone,1000,div,0.0,0.1,final,dlog,out,40,0.002926049106700645,58,0.0009346000637815891
mamba,mamba_div_rho0_wd0.1_tiersNone,1000,div,0.0,0.1,final,dlog,out,41,0.0029086586898832588,59,0.0009346000637815891
mamba,mamba_div_rho0_wd0.1_tiersNone,1000,div,0.0,0.1,final,dlog,out,42,0.005148595643781004,16,0.0009346000637815891
mamba,mamba_div_rho0_wd0.1_tiersNone,1000,div,0.0,0.1,final,dlog,out,43,0.0034143101570172124,33,0.0009346000637815891
mamba,mamba_div_rho0_wd0.1_tiersNone,1000,div,0.0,0.1,final,dlog,out,44,0.00288985354506597,61,0.0009346000637815891
mamba,mamba_div_rho0_wd0.1_tiersNone,1000,div,0.0,0.1,final,dlog,out,45,0.0026702566436004795,69,0.0009346000637815891
mamba,mamba_div_rho0_wd0.1_tiersNone,1000,div,0.0,0.1,final,dlog,out,46,0.003916209402581368,27,0.0009346000637815891
mamba,mamba_div_rho0_wd0.1_tiersNone,1000,div,0.0,0.1,final,dlog,out,47,0.0031849700167759826,44,0.0009346000637815891
mamba,mamba_div_rho0_wd0.1_tiersNone,1000,div,0.0,0.1,final,dlog,out,48,0.0026023420802901917,72,0.0009346000637815891
mamba,mamba_div_rho0_wd0.1_tiersNone,1000,div,0.0,0.1,final,dlog,out,49,0.002668198418089258,70,0.0009346000637815891
mamba,mamba_div_rho0_wd0.1_tiersNone,1000,div,0.0,0.1,final,dlog,out,50,0.003227611245591336,39,0.0009346000637815891
mamba,mamba_div_rho0_wd0.1_tiersNone,1000,div,0.0,0.1,final,dlog,out,51,0.0775609527289079,7,0.0009346000637815891
mamba,mamba_div_rho0_wd0.1_tiersNone,1000,div,0.0,0.1,final,dlog,out,52,0.0028563873153308822,63,0.0009346000637815891
mamba,mamba_div_rho0_wd0.1_tiersNone,1000,div,0.0,0.1,final,dlog,out,53,0.0036384690519523396,29,0.0009346000637815891
mamba,mamba_div_rho0_wd0.1_tiersNone,1000,div,0.0,0.1,final,dlog,out,54,0.004750873394831045,20,0.0009346000637815891
mamba,mamba_div_rho0_wd0.1_tiersNone,1000,div,0.0,0.1,final,dlog,out,55,0.0032961522022659537,37,0.0009346000637815891
mamba,mamba_div_rho0_wd0.1_tiersNone,1000,div,0.0,0.1,final,dlog,out,56,0.024668120547347898,9,0.0009346000637815891
mamba,mamba_div_rho0_wd0.1_tiersNone,1000,div,0.0,0.1,final,dlog,out,57,0.003956938046362827,25,0.0009346000637815891
mamba,mamba_div_rho0_wd0.1_tiersNone,1000,div,0.0,0.1,final,dlog,out,58,0.00392747084561007,26,0.0009346000637815891
mamba,mamba_div_rho0_wd0.1_tiersNone,1000,div,0.0,0.1,final,dlog,out,59,0.002694350162152753,67,0.0009346000637815891
mamba,mamba_div_rho0_wd0.1_tiersNone,1000,div,0.0,0.1,final,dlog,out,60,0.12393721030012396,1,0.0009346000637815891
mamba,mamba_div_rho0_wd0.1_tiersNone,1000,div,0.0,0.1,final,dlog,out,61,0.00412703657019723,23,0.0009346000637815891
mamba,mamba_div_rho0_wd0.1_tiersNone,1000,div,0.0,0.1,final,dlog,out,62,0.030703970591608582,8,0.0009346000637815891
mamba,mamba_div_rho0_wd0.1_tiersNone,1000,div,0.0,0.1,final,dlog,out,63,0.1197462118432856,2,0.0009346000637815891
mamba,mamba_div_rho0_wd0.1_tiersNone,1000,div,0.0,0.1,final,dlog,out,64,0.0028203060630670497,64,0.0009346000637815891
mamba,mamba_div_rho0_wd0.1_tiersNone,1000,div,0.0,0.1,final,dlog,out,65,0.006140497611977621,12,0.0009346000637815891
mamba,mamba_div_rho0_wd0.1_tiersNone,1000,div,0.0,0.1,final,dlog,out,66,0.003447083958440601,31,0.0009346000637815891
mamba,mamba_div_rho0_wd0.1_tiersNone,1000,div,0.0,0.1,final,dlog,out,67,0.004061121134680292,24,0.0009346000637815891
mamba,mamba_div_rho0_wd0.1_tiersNone,1000,div,0.0,0.1,final,dlog,out,68,0.004300268532462647,22,0.0009346000637815891
mamba,mamba_div_rho0_wd0.1_tiersNone,1000,div,0.0,0.1,final,dlog,out,69,0.005820047865118939,14,0.0009346000637815891
mamba,mamba_div_rho0_wd0.1_tiersNone,1000,div,0.0,0.1,final,dlog,out,70,0.002721544380385793,66,0.0009346000637815891
mamba,mamba_div_rho0_wd0.1_tiersNone,1000,div,0.0,0.1,final,dlog,out,71,0.004761126899317466,19,0.0009346000637815891
mamba,mamba_div_rho0_wd0.1_tiersNone,1000,div,0.0,0.1,final,dlog,out,72,0.0056886361709900845,15,0.0009346000637815891
mamba,mamba_div_rho0_wd0.1_tiersNone,1000,div,0.0,0.1,final,dlog,out,73,0.004560583011346476,21,0.0009346000637815891
mamba,mamba_div_rho0_wd0.1_tiersNone,1000,div,0.0,0.1,final,dlog,out,74,0.0012840086211503509,74,0.0009346000637815891
mamba,mamba_div_rho0_wd0.1_tiersNone,1001,div,0.0,0.1,final,dlog,in,1,0.005811344851591048,16,0.003734275791023576
mamba,mamba_div_rho0_wd0.1_tiersNone,1001,div,0.0,0.1,final,dlog,in,2,0.006416405458489876,14,0.003734275791023576
mamba,mamba_div_rho0_wd0.1_tiersNone,1001,div,0.0,0.1,final,dlog,in,3,0.004222575265919247,37,0.003734275791023576
mamba,mamba_div_rho0_wd0.1_tiersNone,1001,div,0.0,0.1,final,dlog,in,4,0.006545482247022199,12,0.003734275791023576
mamba,mamba_div_rho0_wd0.1_tiersNone,1001,div,0.0,0.1,final,dlog,in,5,0.0038594134217894735,56,0.003734275791023576
mamba,mamba_div_rho0_wd0.1_tiersNone,1001,div,0.0,0.1,final,dlog,in,6,0.003664094062830681,65,0.003734275791023576
mamba,mamba_div_rho0_wd0.1_tiersNone,1001,div,0.0,0.1,final,dlog,in,7,0.00415140013603853,38,0.003734275791023576
mamba,mamba_div_rho0_wd0.1_tiersNone,1001,div,0.0,0.1,final,dlog,in,8,0.004477696661539896,32,0.003734275791023576
mamba,mamba_div_rho0_wd0.1_tiersNone,1001,div,0.0,0.1,final,dlog,in,9,0.005214664388415836,20,0.003734275791023576
mamba,mamba_div_rho0_wd0.1_tiersNone,1001,div,0.0,0.1,final,dlog,in,10,0.004265827388285225,34,0.003734275791023576
mamba,mamba_div_rho0_wd0.1_tiersNone,1001,div,0.0,0.1,final,dlog,in,11,0.004490544666448207,30,0.003734275791023576
mamba,mamba_div_rho0_wd0.1_tiersNone,1001,div,0.0,0.1,final,dlog,in,12,0.0032776043636913543,74,0.003734275791023576
mamba,mamba_div_rho0_wd0.1_tiersNone,1001,div,0.0,0.1,final,dlog,in,13,0.004069786993968706,44,0.003734275791023576
mamba,mamba_div_rho0_wd0.1_tiersNone,1001,div,0.0,0.1,final,dlog,in,14,0.006413399383934999,15,0.003734275791023576
mamba,mamba_div_rho0_wd0.1_tiersNone,1001,div,0.0,0.1,final,dlog,in,15,0.006613683711232438,11,0.003734275791023576
mamba,mamba_div_rho0_wd0.1_tiersNone,1001,div,0.0,0.1,final,dlog,in,16,0.009089048449777166,10,0.003734275791023576
mamba,mamba_div_rho0_wd0.1_tiersNone,1001,div,0.0,0.1,final,dlog,in,17,0.0039712469142152386,52,0.003734275791023576
mamba,mamba_div_rho0_wd0.1_tiersNone,1001,div,0.0,0.1,final,dlog,in,18,0.003796895417073364,58,0.003734275791023576
mamba,mamba_div_rho0_wd0.1_tiersNone,1001,div,0.0,0.1,final,dlog,in,19,0.00502953502140588,23,0.003734275791023576
mamba,mamba_div_rho0_wd0.1_tiersNone,1001,div,0.0,0.1,final,dlog,in,20,0.004052093996080167,45,0.003734275791023576
mamba,mamba_div_rho0_wd0.1_tiersNone,1001,div,0.0,0.1,final,dlog,in,21,0.00489681890440921,26,0.003734275791023576
mamba,mamba_div_rho0_wd0.1_tiersNone,1001,div,0.0,0.1,final,dlog,in,22,0.0047768365521941945,27,0.003734275791023576
mamba,mamba_div_rho0_wd0.1_tiersNone,1001,div,0.0,0.1,final,dlog,in,23,0.003631666075681742,67,0.003734275791023576
mamba,mamba_div_rho0_wd0.1_tiersNone,1001,div,0.0,0.1,final,dlog,in,24,0.004092730103540243,40,0.003734275791023576
mamba,mamba_div_rho0_wd0.1_tiersNone,1001,div,0.0,0.1,final,dlog,in,25,0.0038451974213631686,57,0.003734275791023576
mamba,mamba_div_rho0_wd0.1_tiersNone,1001,div,0.0,0.1,final,dlog,in,26,0.0040078598311132935,48,0.003734275791023576
mamba,mamba_div_rho0_wd0.1_tiersNone,1001,div,0.0,0.1,final,dlog,in,27,0.004089793802623187,41,0.003734275791023576
mamba,mamba_div_rho0_wd0.1_tiersNone,1001,div,0.0,0.1,final,dlog,in,28,0.0036759607328479458,63,0.003734275791023576
mamba,mamba_div_rho0_wd0.1_tiersNone,1001,div,0.0,0.1,final,dlog,in,29,0.0037696403733959963,59,0.003734275791023576
mamba,mamba_div_rho0_wd0.1_tiersNone,1001,div,0.0,0.1,final,dlog,in,30,0.1813927768842763,1,0.003734275791023576
mamba,mamba_div_rho0_wd0.1_tiersNone,1001,div,0.0,0.1,final,dlog,in,31,0.004130704964537711,39,0.003734275791023576
mamba,mamba_div_rho0_wd0.1_tiersNone,1001,div,0.0,0.1,final,dlog,in,32,0.0040355222869539855,46,0.003734275791023576
mamba,mamba_div_rho0_wd0.1_tiersNone,1001,div,0.0,0.1,final,dlog,in,33,0.004073928209016556,43,0.003734275791023576
mamba,mamba_div_rho0_wd0.1_tiersNone,1001,div,0.0,0.1,final,dlog,in,34,0.003911815742817253,54,0.003734275791023576
mamba,mamba_div_rho0_wd0.1_tiersNone,1001,div,0.0,0.1,final,dlog,in,35,0.0037286722409951576,61,0.003734275791023576
mamba,mamba_div_rho0_wd0.1_tiersNone,1001,div,0.0,0.1,final,dlog,in,36,0.005107870569460488,21,0.003734275791023576
mamba,mamba_div_rho0_wd0.1_tiersNone,1001,div,0.0,0.1,final,dlog,in,37,0.005568575794493364,17,0.003734275791023576
mamba,mamba_div_rho0_wd0.1_tiersNone,1001,div,0.0,0.1,final,dlog,in,38,0.004003450404620331,50,0.003734275791023576
mamba,mamba_div_rho0_wd0.1_tiersNone,1001,div,0.0,0.1,final,dlog,in,39,0.004082138570187971,42,0.003734275791023576
mamba,mamba_div_rho0_wd0.1_tiersNone,1001,div,0.0,0.1,final,dlog,in,40,0.004489837834307317,31,0.003734275791023576
mamba,mamba_div_rho0_wd0.1_tiersNone,1001,div,0.0,0.1,final,dlog,in,41,0.0036606503433829823,66,0.003734275791023576
mamba,mamba_div_rho0_wd0.1_tiersNone,1001,div,0.0,0.1,final,dlog,in,42,0.0049168305953390615,25,0.003734275791023576
mamba,mamba_div_rho0_wd0.1_tiersNone,1001,div,0.0,0.1,final,dlog,in,43,0.0039597302574175645,53,0.003734275791023576
mamba,mamba_div_rho0_wd0.1_tiersNone,1001,div,0.0,0.1,final,dlog,in,44,0.0046281425125088175,28,0.003734275791023576
mamba,mamba_div_rho0_wd0.1_tiersNone,1001,div,0.0,0.1,final,dlog,in,45,0.12498945367952553,4,0.003734275791023576
mamba,mamba_div_rho0_wd0.1_tiersNone,1001,div,0.0,0.1,final,dlog,in,46,0.004022130892027325,47,0.003734275791023576
mamba,mamba_div_rho0_wd0.1_tiersNone,1001,div,0.0,0.1,final,dlog,in,47,0.004263328079205515,35,0.003734275791023576
mamba,mamba_div_rho0_wd0.1_tiersNone,1001,div,0.0,0.1,final,dlog,in,48,0.004262472479061746,36,0.003734275791023576
mamba,mamba_div_rho0_wd0.1_tiersNone,1001,div,0.0,0.1,final,dlog,in,49,0.16163012983236788,2,0.003734275791023576
mamba,mamba_div_rho0_wd0.1_tiersNone,1001,div,0.0,0.1,final,dlog,in,50,0.01455115989679159,6,0.003734275791023576
mamba,mamba_div_rho0_wd0.1_tiersNone,1001,div,0.0,0.1,final,dlog,in,51,0.004007274418227123,49,0.003734275791023576
mamba,mamba_div_rho0_wd0.1_tiersNone,1001,div,0.0,0.1,final,dlog,in,52,0.013662070661893549,7,0.003734275791023576
mamba,mamba_div_rho0_wd0.1_tiersNone,1001,div,0.0,0.1,final,dlog,in,53,0.003671092018691086,64,0.003734275791023576
mamba,mamba_div_rho0_wd0.1_tiersNone,1001,div,0.0,0.1,final,dlog,in,54,0.004963800000093496,24,0.003734275791023576
mamba,mamba_div_rho0_wd0.1_tiersNone,1001,div,0.0,0.1,final,dlog,in,55,0.0036023330736818585,69,0.003734275791023576
mamba,mamba_div_rho0_wd0.1_tiersNone,1001,div,0.0,0.1,final,dlog,in,56,0.0037596154242111697,60,0.003734275791023576
mamba,mamba_div_rho0_wd0.1_tiersNone,1001,div,0.0,0.1,final,dlog,in,57,0.0040019480927041395,51,0.003734275791023576
mamba,mamba_div_rho0_wd0.1_tiersNone,1001,div,0.0,0.1,final,dlog,in,58,0.010483438892620104,9,0.003734275791023576
mamba,mamba_div_rho0_wd0.1_tiersNone,1001,div,0.0,0.1,final,dlog,in,59,0.003492429938070347,71,0.003734275791023576
mamba,mamba_div_rho0_wd0.1_tiersNone,1001,div,0.0,0.1,final,dlog,in,60,0.012980725384075988,8,0.003734275791023576
mamba,mamba_div_rho0_wd0.1_tiersNone,1001,div,0.0,0.1,final,dlog,in,61,0.005215122591461924,19,0.003734275791023576
mamba,mamba_div_rho0_wd0.1_tiersNone,1001,div,0.0,0.1,final,dlog,in,62,0.0033820456123670167,72,0.003734275791023576
mamba,mamba_div_rho0_wd0.1_tiersNone,1001,div,0.0,0.1,final,dlog,in,63,0.0036857681879056275,62,0.003734275791023576
mamba,mamba_div_rho0_wd0.1_tiersNone,1001,div,0.0,0.1,final,dlog,in,64,0.0035323506877000996,70,0.003734275791023576
mamba,mamba_div_rho0_wd0.1_tiersNone,1001,div,0.0,0.1,final,dlog,in,65,0.00431177159487088,33,0.003734275791023576
mamba,mamba_div_rho0_wd0.1_tiersNone,1001,div,0.0,0.1,final,dlog,in,66,0.1415350465605278,3,0.003734275791023576
mamba,mamba_div_rho0_wd0.1_tiersNone,1001,div,0.0,0.1,final,dlog,in,67,0.005037765241798308,22,0.003734275791023576
mamba,mamba_div_rho0_wd0.1_tiersNone,1001,div,0.0,0.1,final,dlog,in,68,0.003883510373782512,55,0.003734275791023576
mamba,mamba_div_rho0_wd0.1_tiersNone,1001,div,0.0,0.1,final,dlog,in,69,0.004603000335041351,29,0.003734275791023576
mamba,mamba_div_rho0_wd0.1_tiersNone,1001,div,0.0,0.1,final,dlog,in,70,0.003325058115233337,73,0.003734275791023576
mamba,mamba_div_rho0_wd0.1_tiersNone,1001,div,0.0,0.1,final,dlog,in,71,0.0036039666610529065,68,0.003734275791023576
mamba,mamba_div_rho0_wd0.1_tiersNone,1001,div,0.0,0.1,final,dlog,in,72,0.006520208119300838,13,0.003734275791023576
mamba,mamba_div_rho0_wd0.1_tiersNone,1001,div,0.0,0.1,final,dlog,in,73,0.0053742207797580115,18,0.003734275791023576
mamba,mamba_div_rho0_wd0.1_tiersNone,1001,div,0.0,0.1,final,dlog,in,74,0.04973686856871759,5,0.003734275791023576
mamba,mamba_div_rho0_wd0.1_tiersNone,1001,div,0.0,0.1,final,dlog,out,1,0.003632624917935251,20,0.0009069724177085654
mamba,mamba_div_rho0_wd0.1_tiersNone,1001,div,0.0,0.1,final,dlog,out,2,0.003811063884503255,15,0.0009069724177085654
mamba,mamba_div_rho0_wd0.1_tiersNone,1001,div,0.0,0.1,final,dlog,out,3,0.003009918050277225,39,0.0009069724177085654
mamba,mamba_div_rho0_wd0.1_tiersNone,1001,div,0.0,0.1,final,dlog,out,4,0.005855871644073884,7,0.0009069724177085654
mamba,mamba_div_rho0_wd0.1_tiersNone,1001,div,0.0,0.1,final,dlog,out,5,0.002919803077984129,46,0.0009069724177085654
mamba,mamba_div_rho0_wd0.1_tiersNone,1001,div,0.0,0.1,final,dlog,out,6,0.002651003882895266,58,0.0009069724177085654
mamba,mamba_div_rho0_wd0.1_tiersNone,1001,div,0.0,0.1,final,dlog,out,7,0.003738636806135666,17,0.0009069724177085654
mamba,mamba_div_rho0_wd0.1_tiersNone,1001,div,0.0,0.1,final,dlog,out,8,0.003752726499315038,16,0.0009069724177085654
mamba,mamba_div_rho0_wd0.1_tiersNone,1001,div,0.0,0.1,final,dlog,out,9,0.004576235538343156,9,0.0009069724177085654
mamba,mamba_div_rho0_wd0.1_tiersNone,1001,div,0.0,0.1,final,dlog,out,10,0.0029554477702988086,44,0.0009069724177085654
mamba,mamba_div_rho0_wd0.1_tiersNone,1001,div,0.0,0.1,final,dlog,out,11,0.002975599773396376,43,0.0009069724177085654
mamba,mamba_div_rho0_wd0.1_tiersNone,1001,div,0.0,0.1,final,dlog,out,12,0.002523297201884402,67,0.0009069724177085654
mamba,mamba_div_rho0_wd0.1_tiersNone,1001,div,0.0,0.1,final,dlog,out,13,0.0027884786794140494,50,0.0009069724177085654
mamba,mamba_div_rho0_wd0.1_tiersNone,1001,div,0.0,0.1,final,dlog,out,14,0.004497871768745748,10,0.0009069724177085654
mamba,mamba_div_rho0_wd0.1_tiersNone,1001,div,0.0,0.1,final,dlog,out,15,0.0033053000851968046,26,0.0009069724177085654
mamba,mamba_div_rho0_wd0.1_tiersNone,1001,div,0.0,0.1,final,dlog,out,16,0.003352566710194454,24,0.0009069724177085654
mamba,mamba_div_rho0_wd0.1_tiersNone,1001,div,0.0,0.1,final,dlog,out,17,0.002181610348730108,74,0.0009069724177085654
mamba,mamba_div_rho0_wd0.1_tiersNone,1001,div,0.0,0.1,final,dlog,out,18,0.0031714829482336155,30,0.0009069724177085654
mamba,mamba_div_rho0_wd0.1_tiersNone,1001,div,0.0,0.1,final,dlog,out,19,0.002995425000605724,40,0.0009069724177085654
mamba,mamba_div_rho0_wd0.1_tiersNone,1001,div,0.0,0.1,final,dlog,out,20,0.0026777799159677772,55,0.0009069724177085654
mamba,mamba_div_rho0_wd0.1_tiersNone,1001,div,0.0,0.1,final,dlog,out,21,0.0022467630415634204,73,0.0009069724177085654
mamba,mamba_div_rho0_wd0.1_tiersNone,1001,div,0.0,0.1,final,dlog,out,22,0.0035840958619766596,21,0.0009069724177085654
mamba,mamba_div_rho0_wd0.1_tiersNone,1001,div,0.0,0.1,final,dlog,out,23,0.0022894081196153638,72,0.0009069724177085654
mamba,mamba_div_rho0_wd0.1_tiersNone,1001,div,0.0,0.1,final,dlog,out,24,0.00332224269402481,25,0.0009069724177085654
mamba,mamba_div_rho0_wd0.1_tiersNone,1001,div,0.0,0.1,final,dlog,out,25,0.0027375894631676504,53,0.0009069724177085654
mamba,mamba_div_rho0_wd0.1_tiersNone,1001,div,0.0,0.1,final,dlog,out,26,0.003657927236127278,19,0.0009069724177085654
mamba,mamba_div_rho0_wd0.1_tiersNone,1001,div,0.0,0.1,final,dlog,out,27,0.0023205604176189374,71,0.0009069724177085654
mamba,mamba_div_rho0_wd0.1_tiersNone,1001,div,0.0,0.1,final,dlog,out,28,0.002995050371312625,41,0.0009069724177085654
mamba,mamba_div_rho0_wd0.1_tiersNone,1001,div,0.0,0.1,final,dlog,out,29,0.0026422988987287654,60,0.0009069724177085654
mamba,mamba_div_rho0_wd0.1_tiersNone,1001,div,0.0,0.1,final,dlog,out,30,0.20128203058200841,1,0.0009069724177085654
mamba,mamba_div_rho0_wd0.1_tiersNone,1001,div,0.0,0.1,final,dlog,out,31,0.002800205064806421,48,0.0009069724177085654
mamba,mamba_div_rho0_wd0.1_tiersNone,1001,div,0.0,0.1,final,dlog,out,32,0.0026523855405652793,57,0.0009069724177085654
mamba,mamba_div_rho0_wd0.1_tiersNone,1001,div,0.0,0.1,final,dlog,out,33,0.0026456258152020204,59,0.0009069724177085654
mamba,mamba_div_rho0_wd0.1_tiersNone,1001,div,0.0,0.1,final,dlog,out,34,0.003182862060676994,27,0.0009069724177085654
mamba,mamba_div_rho0_wd0.1_tiersNone,1001,div,0.0,0.1,final,dlog,out,35,0.0024351832210643106,69,0.0009069724177085654
mamba,mamba_div_rho0_wd0.1_tiersNone,1001,div,0.0,0.1,final,dlog,out,36,0.0026177103863104256,61,0.0009069724177085654
mamba,mamba_div_rho0_wd0.1_tiersNone,1001,div,0.0,0.1,final,dlog,out,37,0.002747123757286938,52,0.0009069724177085654
mamba,mamba_div_rho0_wd0.1_tiersNone,1001,div,0.0,0.1,final,dlog,out,38,0.0030560789756608406,34,0.0009069724177085654
mamba,mamba_div_rho0_wd0.1_tiersNone,1001,div,0.0,0.1,final,dlog,out,39,0.0037143252789085895,18,0.0009069724177085654
mamba,mamba_div_rho0_wd0.1_tiersNone,1001,div,0.0,0.1,final,dlog,out,40,0.003097498415262672,32,0.0009069724177085654
mamba,mamba_div_rho0_wd0.1_tiersNone,1001,div,0.0,0.1,final,dlog,out,41,0.0027298615558451456,54,0.0009069724177085654
mamba,mamba_div_rho0_wd0.1_tiersNone,1001,div,0.0,0.1,final,dlog,out,42,0.003173469559271674,29,0.0009069724177085654
mamba,mamba_div_rho0_wd0.1_tiersNone,1001,div,0.0,0.1,final,dlog,out,43,0.0030449449120368973,35,0.0009069724177085654
mamba,mamba_div_rho0_wd0.1_tiersNone,1001,div,0.0,0.1,final,dlog,out,44,0.004674879902077342,8,0.0009069724177085654
mamba,mamba_div_rho0_wd0.1_tiersNone,1001,div,0.0,0.1,final,dlog,out,45,0.16137597393986686,4,0.0009069724177085654
mamba,mamba_div_rho0_wd0.1_tiersNone,1001,div,0.0,0.1,final,dlog,out,46,0.00259101148854354,64,0.0009069724177085654
mamba,mamba_div_rho0_wd0.1_tiersNone,1001,div,0.0,0.1,final,dlog,out,47,0.0033567224587950206,23,0.0009069724177085654
mamba,mamba_div_rho0_wd0.1_tiersNone,1001,div,0.0,0.1,final,dlog,out,48,0.002908500607428741,47,0.0009069724177085654
mamba,mamba_div_rho0_wd0.1_tiersNone,1001,div,0.0,0.1,final,dlog,out,49,0.18629767442918266,2,0.0009069724177085654
mamba,mamba_div_rho0_wd0.1_tiersNone,1001,div,0.0,0.1,final,dlog,out,50,0.004458478275048388,11,0.0009069724177085654
mamba,mamba_div_rho0_wd0.1_tiersNone,1001,div,0.0,0.1,final,dlog,out,51,0.0031286969831596997,31,0.0009069724177085654
mamba,mamba_div_rho0_wd0.1_tiersNone,1001,div,0.0,0.1,final,dlog,out,52,0.009261178360883386,6,0.0009069724177085654
mamba,mamba_div_rho0_wd0.1_tiersNone,1001,div,0.0,0.1,final,dlog,out,53,0.002610999589525535,62,0.0009069724177085654
mamba,mamba_div_rho0_wd0.1_tiersNone,1001,div,0.0,0.1,final,dlog,out,54,0.0024767359753564365,68,0.0009069724177085654
mamba,mamba_div_rho0_wd0.1_tiersNone,1001,div,0.0,0.1,final,dlog,out,55,0.00308082275513714,33,0.0009069724177085654
mamba,mamba_div_rho0_wd0.1_tiersNone,1001,div,0.0,0.1,final,dlog,out,56,0.0026021847881694724,63,0.0009069724177085654
mamba,mamba_div_rho0_wd0.1_tiersNone,1001,div,0.0,0.1,final,dlog,out,57,0.0029789617422661292,42,0.0009069724177085654
mamba,mamba_div_rho0_wd0.1_tiersNone,1001,div,0.0,0.1,final,dlog,out,58,0.002924617147380876,45,0.0009069724177085654
mamba,mamba_div_rho0_wd0.1_tiersNone,1001,div,0.0,0.1,final,dlog,out,59,0.0026773868736927205,56,0.0009069724177085654
mamba,mamba_div_rho0_wd0.1_tiersNone,1001,div,0.0,0.1,final,dlog,out,60,0.004145009716811106,13,0.0009069724177085654
mamba,mamba_div_rho0_wd0.1_tiersNone,1001,div,0.0,0.1,final,dlog,out,61,0.003545183181479552,22,0.0009069724177085654
mamba,mamba_div_rho0_wd0.1_tiersNone,1001,div,0.0,0.1,final,dlog,out,62,0.002788504351865255,49,0.0009069724177085654
mamba,mamba_div_rho0_wd0.1_tiersNone,1001,div,0.0,0.1,final,dlog,out,63,0.0030100015860972935,38,0.0009069724177085654
mamba,mamba_div_rho0_wd0.1_tiersNone,1001,div,0.0,0.1,final,dlog,out,64,0.002548155209365889,66,0.0009069724177085654
mamba,mamba_div_rho0_wd0.1_tiersNone,1001,div,0.0,0.1,final,dlog,out,65,0.003180535370464122,28,0.0009069724177085654
mamba,mamba_div_rho0_wd0.1_tiersNone,1001,div,0.0,0.1,final,dlog,out,66,0.17181499001497552,3,0.0009069724177085654
mamba,mamba_div_rho0_wd0.1_tiersNone,1001,div,0.0,0.1,final,dlog,out,67,0.0039042877028882214,14,0.0009069724177085654
mamba,mamba_div_rho0_wd0.1_tiersNone,1001,div,0.0,0.1,final,dlog,out,68,0.002570702322413401,65,0.0009069724177085654
mamba,mamba_div_rho0_wd0.1_tiersNone,1001,div,0.0,0.1,final,dlog,out,69,0.003020220827395575,37,0.0009069724177085654
mamba,mamba_div_rho0_wd0.1_tiersNone,1001,div,0.0,0.1,final,dlog,out,70,0.0030232718318611257,36,0.0009069724177085654
mamba,mamba_div_rho0_wd0.1_tiersNone,1001,div,0.0,0.1,final,dlog,out,71,0.0023888441037598434,70,0.0009069724177085654
mamba,mamba_div_rho0_wd0.1_tiersNone,1001,div,0.0,0.1,final,dlog,out,72,0.004167375124686886,12,0.0009069724177085654
mamba,mamba_div_rho0_wd0.1_tiersNone,1001,div,0.0,0.1,final,dlog,out,73,0.002773672391762895,51,0.0009069724177085654
mamba,mamba_div_rho0_wd0.1_tiersNone,1001,div,0.0,0.1,final,dlog,out,74,0.05736643521448653,5,0.0009069724177085654
mamba,mamba_div_rho0_wd0.1_tiersNone,1002,div,0.0,0.1,final,dlog,in,1,0.11844571780407567,2,0.003980615373476796
mamba,mamba_div_rho0_wd0.1_tiersNone,1002,div,0.0,0.1,final,dlog,in,2,0.006864266975705827,13,0.003980615373476796
mamba,mamba_div_rho0_wd0.1_tiersNone,1002,div,0.0,0.1,final,dlog,in,3,0.004332853422043443,28,0.003980615373476796
mamba,mamba_div_rho0_wd0.1_tiersNone,1002,div,0.0,0.1,final,dlog,in,4,0.005231014722820807,19,0.003980615373476796
mamba,mamba_div_rho0_wd0.1_tiersNone,1002,div,0.0,0.1,final,dlog,in,5,0.0035560219190934727,55,0.003980615373476796
mamba,mamba_div_rho0_wd0.1_tiersNone,1002,div,0.0,0.1,final,dlog,in,6,0.0035861524574161137,53,0.003980615373476796
mamba,mamba_div_rho0_wd0.1_tiersNone,1002,div,0.0,0.1,final,dlog,in,7,0.00525254940255268,16,0.003980615373476796
mamba,mamba_div_rho0_wd0.1_tiersNone,1002,div,0.0,0.1,final,dlog,in,8,0.0037505487418428287,44,0.003980615373476796
mamba,mamba_div_rho0_wd0.1_tiersNone,1002,div,0.0,0.1,final,dlog,in,9,0.0032693590777045454,72,0.003980615373476796
mamba,mamba_div_rho0_wd0.1_tiersNone,1002,div,0.0,0.1,final,dlog,in,10,0.004431859646431187,26,0.003980615373476796
mamba,mamba_div_rho0_wd0.1_tiersNone,1002,div,0.0,0.1,final,dlog,in,11,0.0035452204838508057,57,0.003980615373476796
mamba,mamba_div_rho0_wd0.1_tiersNone,1002,div,0.0,0.1,final,dlog,in,12,0.040954824920980244,8,0.003980615373476796
mamba,mamba_div_rho0_wd0.1_tiersNone,1002,div,0.0,0.1,final,dlog,in,13,0.003987721631942991,32,0.003980615373476796
mamba,mamba_div_rho0_wd0.1_tiersNone,1002,div,0.0,0.1,final,dlog,in,14,0.004530768162133235,25,0.003980615373476796
mamba,mamba_div_rho0_wd0.1_tiersNone,1002,div,0.0,0.1,final,dlog,in,15,0.0038805184987436184,38,0.003980615373476796
mamba,mamba_div_rho0_wd0.1_tiersNone,1002,div,0.0,0.1,final,dlog,in,16,0.0037595688943233437,43,0.003980615373476796
mamba,mamba_div_rho0_wd0.1_tiersNone,1002,div,0.0,0.1,final,dlog,in,17,0.0038182751939552033,41,0.003980615373476796
mamba,mamba_div_rho0_wd0.1_tiersNone,1002,div,0.0,0.1,final,dlog,in,18,0.007715421020909961,10,0.003980615373476796
mamba,mamba_div_rho0_wd0.1_tiersNone,1002,div,0.0,0.1,final,dlog,in,19,0.0034697475203560304,65,0.003980615373476796
mamba,mamba_div_rho0_wd0.1_tiersNone,1002,div,0.0,0.1,final,dlog,in,20,0.005238914779131183,18,0.003980615373476796
mamba,mamba_div_rho0_wd0.1_tiersNone,1002,div,0.0,0.1,final,dlog,in,21,0.0034520632281443303,67,0.003980615373476796
mamba,mamba_div_rho0_wd0.1_tiersNone,1002,div,0.0,0.1,final,dlog,in,22,0.005314810677923924,15,0.003980615373476796
mamba,mamba_div_rho0_wd0.1_tiersNone,1002,div,0.0,0.1,final,dlog,in,23,0.003773175359142602,42,0.003980615373476796
mamba,mamba_div_rho0_wd0.1_tiersNone,1002,div,0.0,0.1,final,dlog,in,24,0.004773794186563915,23,0.003980615373476796
mamba,mamba_div_rho0_wd0.1_tiersNone,1002,div,0.0,0.1,final,dlog,in,25,0.003820838339827131,40,0.003980615373476796
mamba,mamba_div_rho0_wd0.1_tiersNone,1002,div,0.0,0.1,final,dlog,in,26,0.003564648814466973,54,0.003980615373476796
mamba,mamba_div_rho0_wd0.1_tiersNone,1002,div,0.0,0.1,final,dlog,in,27,0.08847300905350187,5,0.003980615373476796
mamba,mamba_div_rho0_wd0.1_tiersNone,1002,div,0.0,0.1,final,dlog,in,28,0.003844737889499819,39,0.003980615373476796
mamba,mamba_div_rho0_wd0.1_tiersNone,1002,div,0.0,0.1,final,dlog,in,29,0.004288893546683508,29,0.003980615373476796
mamba,mamba_div_rho0_wd0.1_tiersNone,1002,div,0.0,0.1,final,dlog,in,30,0.0048661758318758,22,0.003980615373476796
mamba,mamba_div_rho0_wd0.1_tiersNone,1002,div,0.0,0.1,final,dlog,in,31,0.0036909168865541047,49,0.003980615373476796
mamba,mamba_div_rho0_wd0.1_tiersNone,1002,div,0.0,0.1,final,dlog,in,32,0.003409645985162398,71,0.003980615373476796
mamba,mamba_div_rho0_wd0.1_tiersNone,1002,div,0.0,0.1,final,dlog,in,33,0.003985225661523777,33,0.003980615373476796
mamba,mamba_div_rho0_wd0.1_tiersNone,1002,div,0.0,0.1,final,dlog,in,34,0.11714910455894892,3,0.003980615373476796
mamba,mamba_div_rho0_wd0.1_tiersNone,1002,div,0.0,0.1,final,dlog,in,35,0.004259445978940881,31,0.003980615373476796
mamba,mamba_div_rho0_wd0.1_tiersNone,1002,div,0.0,0.1,final,dlog,in,36,0.003552308131002516,56,0.003980615373476796
mamba,mamba_div_rho0_wd0.1_tiersNone,1002,div,0.0,0.1,final,dlog,in,37,0.0037109938289486156,47,0.003980615373476796
mamba,mamba_div_rho0_wd0.1_tiersNone,1002,div,0.0,0.1,final,dlog,in,38,0.0036689137912506026,50,0.003980615373476796
mamba,mamba_div_rho0_wd0.1_tiersNone,1002,div,0.0,0.1,final,dlog,in,39,0.003239014331555244,73,0.003980615373476796
mamba,mamba_div_rho0_wd0.1_tiersNone,1002,div,0.0,0.1,final,dlog,in,40,0.0035323496183334675,58,0.003980615373476796
mamba,mamba_div_rho0_wd0.1_tiersNone,1002,div,0.0,0.1,final,dlog,in,41,0.00724561741123841,11,0.003980615373476796
mamba,mamba_div_rho0_wd0.1_tiersNone,1002,div,0.0,0.1,final,dlog,in,42,0.05889096091452125,7,0.003980615373476796
mamba,mamba_div_rho0_wd0.1_tiersNone,1002,div,0.0,0.1,final,dlog,in,43,0.003420164678989179,70,0.003980615373476796
mamba,mamba_div_rho0_wd0.1_tiersNone,1002,div,0.0,0.1,final,dlog,in,44,0.10736965233093224,4,0.003980615373476796
mamba,mamba_div_rho0_wd0.1_tiersNone,1002,div,0.0,0.1,final,dlog,in,45,0.0034680860055499112,66,0.003980615373476796
mamba,mamba_div_rho0_wd0.1_tiersNone,1002,div,0.0,0.1,final,dlog,in,46,0.00465346362437232,24,0.003980615373476796
mamba,mamba_div_rho0_wd0.1_tiersNone,1002,div,0.0,0.1,final,dlog,in,47,0.003531165405788621,60,0.003980615373476796
mamba,mamba_div_rho0_wd0.1_tiersNone,1002,div,0.0,0.1,final,dlog,in,48,0.0037279754884552625,45,0.003980615373476796
mamba,mamba_div_rho0_wd0.1_tiersNone,1002,div,0.0,0.1,final,dlog,in,49,0.004372742686116049,27,0.003980615373476796
mamba,mamba_div_rho0_wd0.1_tiersNone,1002,div,0.0,0.1,final,dlog,in,50,0.003918873886697951,37,0.003980615373476796
mamba,mamba_div_rho0_wd0.1_tiersNone,1002,div,0.0,0.1,final,dlog,in,51,0.003923440253541954,36,0.003980615373476796
mamba,mamba_div_rho0_wd0.1_tiersNone,1002,div,0.0,0.1,final,dlog,in,52,0.0035321790761590464,59,0.003980615373476796
mamba,mamba_div_rho0_wd0.1_tiersNone,1002,div,0.0,0.1,final,dlog,in,53,0.004281339551566856,30,0.003980615373476796
mamba,mamba_div_rho0_wd0.1_tiersNone,1002,div,0.0,0.1,final,dlog,in,54,0.005549571383714301,14,0.003980615373476796
mamba,mamba_div_rho0_wd0.1_tiersNone,1002,div,0.0,0.1,final,dlog,in,55,0.004922709882359423,20,0.003980615373476796
mamba,mamba_div_rho0_wd0.1_tiersNone,1002,div,0.0,0.1,final,dlog,in,56,0.0035271559281471075,61,0.003980615373476796
mamba,mamba_div_rho0_wd0.1_tiersNone,1002,div,0.0,0.1,final,dlog,in,57,0.0034831578006077435,64,0.003980615373476796
mamba,mamba_div_rho0_wd0.1_tiersNone,1002,div,0.0,0.1,final,dlog,in,58,0.0037186314194190806,46,0.003980615373476796
mamba,mamba_div_rho0_wd0.1_tiersNone,1002,div,0.0,0.1,final,dlog,in,59,0.0036536153735670695,52,0.003980615373476796
mamba,mamba_div_rho0_wd0.1_tiersNone,1002,div,0.0,0.1,final,dlog,in,60,0.006867176711255291,12,0.003980615373476796
mamba,mamba_div_rho0_wd0.1_tiersNone,1002,div,0.0,0.1,final,dlog,in,61,0.0039583259876493585,35,0.003980615373476796
mamba,mamba_div_rho0_wd0.1_tiersNone,1002,div,0.0,0.1,final,dlog,in,62,0.003525535467208046,62,0.003980615373476796
mamba,mamba_div_rho0_wd0.1_tiersNone,1002,div,0.0,0.1,final,dlog,in,63,0.06131853966489316,6,0.003980615373476796
mamba,mamba_div_rho0_wd0.1_tiersNone,1002,div,0.0,0.1,final,dlog,in,64,0.005242707371924866,17,0.003980615373476796
mamba,mamba_div_rho0_wd0.1_tiersNone,1002,div,0.0,0.1,final,dlog,in,65,0.12431974071847443,1,0.003980615373476796
mamba,mamba_div_rho0_wd0.1_tiersNone,1002,div,0.0,0.1,final,dlog,in,66,0.0036587282782066036,51,0.003980615373476796
mamba,mamba_div_rho0_wd0.1_tiersNone,1002,div,0.0,0.1,final,dlog,in,67,0.003422701440568016,69,0.003980615373476796
mamba,mamba_div_rho0_wd0.1_tiersNone,1002,div,0.0,0.1,final,dlog,in,68,0.013271224100996768,9,0.003980615373476796
mamba,mamba_div_rho0_wd0.1_tiersNone,1002,div,0.0,0.1,final,dlog,in,69,0.0036984299262401194,48,0.003980615373476796
mamba,mamba_div_rho0_wd0.1_tiersNone,1002,div,0.0,0.1,final,dlog,in,70,0.003968532841198871,34,0.003980615373476796
mamba,mamba_div_rho0_wd0.1_tiersNone,1002,div,0.0,0.1,final,dlog,in,71,0.003450591264867285,68,0.003980615373476796
mamba,mamba_div_rho0_wd0.1_tiersNone,1002,div,0.0,0.1,final,dlog,in,72,0.003510699691638709,63,0.003980615373476796
mamba,mamba_div_rho0_wd0.1_tiersNone,1002,div,0.0,0.1,final,dlog,in,73,0.004878416231949595,21,0.003980615373476796
mamba,mamba_div_rho0_wd0.1_tiersNone,1002,div,0.0,0.1,final,dlog,in,74,0.0017267562253214205,74,0.003980615373476796
mamba,mamba_div_rho0_wd0.1_tiersNone,1002,div,0.0,0.1,final,dlog,out,1,0.14128480826066112,4,0.0009589346919849424
mamba,mamba_div_rho0_wd0.1_tiersNone,1002,div,0.0,0.1,final,dlog,out,2,0.0028968600282679984,49,0.0009589346919849424
mamba,mamba_div_rho0_wd0.1_tiersNone,1002,div,0.0,0.1,final,dlog,out,3,0.003482827600365827,24,0.0009589346919849424
mamba,mamba_div_rho0_wd0.1_tiersNone,1002,div,0.0,0.1,final,dlog,out,4,0.004176718043597888,15,0.0009589346919849424
mamba,mamba_div_rho0_wd0.1_tiersNone,1002,div,0.0,0.1,final,dlog,out,5,0.0034457725273922615,25,0.0009589346919849424
mamba,mamba_div_rho0_wd0.1_tiersNone,1002,div,0.0,0.1,final,dlog,out,6,0.0028510117694301594,53,0.0009589346919849424
mamba,mamba_div_rho0_wd0.1_tiersNone,1002,div,0.0,0.1,final,dlog,out,7,0.004143074360230546,17,0.0009589346919849424
mamba,mamba_div_rho0_wd0.1_tiersNone,1002,div,0.0,0.1,final,dlog,out,8,0.002769717137711053,55,0.0009589346919849424
mamba,mamba_div_rho0_wd0.1_tiersNone,1002,div,0.0,0.1,final,dlog,out,9,0.002625165279574782,64,0.0009589346919849424
mamba,mamba_div_rho0_wd0.1_tiersNone,1002,div,0.0,0.1,final,dlog,out,10,0.0026503286733870392,61,0.0009589346919849424
mamba,mamba_div_rho0_wd0.1_tiersNone,1002,div,0.0,0.1,final,dlog,out,11,0.0028086628721809568,54,0.0009589346919849424
mamba,mamba_div_rho0_wd0.1_tiersNone,1002,div,0.0,0.1,final,dlog,out,12,0.025571072681853678,8,0.0009589346919849424
mamba,mamba_div_rho0_wd0.1_tiersNone,1002,div,0.0,0.1,final,dlog,out,13,0.0031559002524804026,34,0.0009589346919849424
mamba,mamba_div_rho0_wd0.1_tiersNone,1002,div,0.0,0.1,final,dlog,out,14,0.0036305899547933096,21,0.0009589346919849424
mamba,mamba_div_rho0_wd0.1_tiersNone,1002,div,0.0,0.1,final,dlog,out,15,0.0029454923272487278,45,0.0009589346919849424
mamba,mamba_div_rho0_wd0.1_tiersNone,1002,div,0.0,0.1,final,dlog,out,16,0.003409638564950309,26,0.0009589346919849424
mamba,mamba_div_rho0_wd0.1_tiersNone,1002,div,0.0,0.1,final,dlog,out,17,0.003066667795808728,39,0.0009589346919849424
mamba,mamba_div_rho0_wd0.1_tiersNone,1002,div,0.0,0.1,final,dlog,out,18,0.0041490626793796136,16,0.0009589346919849424
mamba,mamba_div_rho0_wd0.1_tiersNone,1002,div,0.0,0.1,final,dlog,out,19,0.0026090696087029174,65,0.0009589346919849424
mamba,mamba_div_rho0_wd0.1_tiersNone,1002,div,0.0,0.1,final,dlog,out,20,0.005336952261491872,10,0.0009589346919849424
mamba,mamba_div_rho0_wd0.1_tiersNone,1002,div,0.0,0.1,final,dlog,out,21,0.003063567728377022,40,0.0009589346919849424
mamba,mamba_div_rho0_wd0.1_tiersNone,1002,div,0.0,0.1,final,dlog,out,22,0.0032375244972867086,30,0.0009589346919849424
mamba,mamba_div_rho0_wd0.1_tiersNone,1002,div,0.0,0.1,final,dlog,out,23,0.002943436055647645,46,0.0009589346919849424
mamba,mamba_div_rho0_wd0.1_tiersNone,1002,div,0.0,0.1,final,dlog,out,24,0.002759160574253494,58,0.0009589346919849424
mamba,mamba_div_rho0_wd0.1_tiersNone,1002,div,0.0,0.1,final,dlog,out,25,0.003530571521088999,23,0.0009589346919849424
mamba,mamba_div_rho0_wd0.1_tiersNone,1002,div,0.0,0.1,final,dlog,out,26,0.0032502828483546827,29,0.0009589346919849424
mamba,mamba_div_rho0_wd0.1_tiersNone,1002,div,0.0,0.1,final,dlog,out,27,0.08240448547578286,5,0.0009589346919849424
mamba,mamba_div_rho0_wd0.1_tiersNone,1002,div,0.0,0.1,final,dlog,out,28,0.004060622027926467,18,0.0009589346919849424
mamba,mamba_div_rho0_wd0.1_tiersNone,1002,div,0.0,0.1,final,dlog,out,29,0.0037233619857932818,20,0.0009589346919849424
mamba,mamba_div_rho0_wd0.1_tiersNone,1002,div,0.0,0.1,final,dlog,out,30,0.004421084564562006,14,0.0009589346919849424
mamba,mamba_div_rho0_wd0.1_tiersNone,1002,div,0.0,0.1,final,dlog,out,31,0.003206834118517929,31,0.0009589346919849424
mamba,mamba_div_rho0_wd0.1_tiersNone,1002,div,0.0,0.1,final,dlog,out,32,0.0023532062984680333,71,0.0009589346919849424
mamba,mamba_div_rho0_wd0.1_tiersNone,1002,div,0.0,0.1,final,dlog,out,33,0.0026813984733338046,59,0.0009589346919849424
mamba,mamba_div_rho0_wd0.1_tiersNone,1002,div,0.0,0.1,final,dlog,out,34,0.16688414056505843,1,0.0009589346919849424
mamba,mamba_div_rho0_wd0.1_tiersNone,1002,div,0.0,0.1,final,dlog,out,35,0.0028969885055188478,48,0.0009589346919849424
mamba,mamba_div_rho0_wd0.1_tiersNone,1002,div,0.0,0.1,final,dlog,out,36,0.002575355695638545,67,0.0009589346919849424
mamba,mamba_div_rho0_wd0.1_tiersNone,1002,div,0.0,0.1,final,dlog,out,37,0.0024909143614729214,69,0.0009589346919849424
mamba,mamba_div_rho0_wd0.1_tiersNone,1002,div,0.0,0.1,final,dlog,out,38,0.002894091549724379,50,0.0009589346919849424
mamba,mamba_div_rho0_wd0.1_tiersNone,1002,div,0.0,0.1,final,dlog,out,39,0.002455521884789659,70,0.0009589346919849424
mamba,mamba_div_rho0_wd0.1_tiersNone,1002,div,0.0,0.1,final,dlog,out,40,0.0031351083236996736,36,0.0009589346919849424
mamba,mamba_div_rho0_wd0.1_tiersNone,1002,div,0.0,0.1,final,dlog,out,41,0.00611336380278545,9,0.0009589346919849424
mamba,mamba_div_rho0_wd0.1_tiersNone,1002,div,0.0,0.1,final,dlog,out,42,0.03968819610047572,7,0.0009589346919849424
mamba,mamba_div_rho0_wd0.1_tiersNone,1002,div,0.0,0.1,final,dlog,out,43,0.0030426533620551512,42,0.0009589346919849424
mamba,mamba_div_rho0_wd0.1_tiersNone,1002,div,0.0,0.1,final,dlog,out,44,0.14539198494758288,2,0.0009589346919849424
mamba,mamba_div_rho0_wd0.1_tiersNone,1002,div,0.0,0.1,final,dlog,out,45,0.0026459167881929075,62,0.0009589346919849424
mamba,mamba_div_rho0_wd0.1_tiersNone,1002,div,0.0,0.1,final,dlog,out,46,0.002901247110886407,47,0.0009589346919849424
mamba,mamba_div_rho0_wd0.1_tiersNone,1002,div,0.0,0.1,final,dlog,out,47,0.002563083104351517,68,0.0009589346919849424
mamba,mamba_div_rho0_wd0.1_tiersNone,1002,div,0.0,0.1,final,dlog,out,48,0.0029743897129331925,43,0.0009589346919849424
mamba,mamba_div_rho0_wd0.1_tiersNone,1002,div,0.0,0.1,final,dlog,out,49,0.003538656739038055,22,0.0009589346919849424
mamba,mamba_div_rho0_wd0.1_tiersNone,1002,div,0.0,0.1,final,dlog,out,50,0.003143617007975416,35,0.0009589346919849424
mamba,mamba_div_rho0_wd0.1_tiersNone,1002,div,0.0,0.1,final,dlog,out,51,0.0031083282745875294,38,0.0009589346919849424
mamba,mamba_div_rho0_wd0.1_tiersNone,1002,div,0.0,0.1,final,dlog,out,52,0.002668250874834588,60,0.0009589346919849424
mamba,mamba_div_rho0_wd0.1_tiersNone,1002,div,0.0,0.1,final,dlog,out,53,0.003181696619668769,33,0.0009589346919849424
mamba,mamba_div_rho0_wd0.1_tiersNone,1002,div,0.0,0.1,final,dlog,out,54,0.0029645586462889026,44,0.0009589346919849424
mamba,mamba_div_rho0_wd0.1_tiersNone,1002,div,0.0,0.1,final,dlog,out,55,0.00494668966177882,11,0.0009589346919849424
mamba,mamba_div_rho0_wd0.1_tiersNone,1002,div,0.0,0.1,final,dlog,out,56,0.002640677262123915,63,0.0009589346919849424
mamba,mamba_div_rho0_wd0.1_tiersNone,1002,div,0.0,0.1,final,dlog,out,57,0.002877039455279779,51,0.0009589346919849424
mamba,mamba_div_rho0_wd0.1_tiersNone,1002,div,0.0,0.1,final,dlog,out,58,0.0027626777595536707,57,0.0009589346919849424
mamba,mamba_div_rho0_wd0.1_tiersNone,1002,div,0.0,0.1,final,dlog,out,59,0.0027632579286670958,56,0.0009589346919849424
mamba,mamba_div_rho0_wd0.1_tiersNone,1002,div,0.0,0.1,final,dlog,out,60,0.003295813669226857,27,0.0009589346919849424
mamba,mamba_div_rho0_wd0.1_tiersNone,1002,div,0.0,0.1,final,dlog,out,61,0.0032613341940183767,28,0.0009589346919849424
mamba,mamba_div_rho0_wd0.1_tiersNone,1002,div,0.0,0.1,final,dlog,out,62,0.002585586460158242,66,0.0009589346919849424
mamba,mamba_div_rho0_wd0.1_tiersNone,1002,div,0.0,0.1,final,dlog,out,63,0.043678462388807224,6,0.0009589346919849424
mamba,mamba_div_rho0_wd0.1_tiersNone,1002,div,0.0,0.1,final,dlog,out,64,0.004011938039136836,19,0.0009589346919849424
mamba,mamba_div_rho0_wd0.1_tiersNone,1002,div,0.0,0.1,final,dlog,out,65,0.14381894182905344,3,0.0009589346919849424
mamba,mamba_div_rho0_wd0.1_tiersNone,1002,div,0.0,0.1,final,dlog,out,66,0.004677367348295371,13,0.0009589346919849424
mamba,mamba_div_rho0_wd0.1_tiersNone,1002,div,0.0,0.1,final,dlog,out,67,0.0028537395753456683,52,0.0009589346919849424
mamba,mamba_div_rho0_wd0.1_tiersNone,1002,div,0.0,0.1,final,dlog,out,68,0.0021447479764251523,73,0.0009589346919849424
mamba,mamba_div_rho0_wd0.1_tiersNone,1002,div,0.0,0.1,final,dlog,out,69,0.0030449691203718134,41,0.0009589346919849424
mamba,mamba_div_rho0_wd0.1_tiersNone,1002,div,0.0,0.1,final,dlog,out,70,0.002301673608911911,72,0.0009589346919849424
mamba,mamba_div_rho0_wd0.1_tiersNone,1002,div,0.0,0.1,final,dlog,out,71,0.0032021087338902398,32,0.0009589346919849424
mamba,mamba_div_rho0_wd0.1_tiersNone,1002,div,0.0,0.1,final,dlog,out,72,0.00313325373593761,37,0.0009589346919849424
mamba,mamba_div_rho0_wd0.1_tiersNone,1002,div,0.0,0.1,final,dlog,out,73,0.004900851177328248,12,0.0009589346919849424
mamba,mamba_div_rho0_wd0.1_tiersNone,1002,div,0.0,0.1,final,dlog,out,74,0.0011958772492288165,74,0.0009589346919849424
transformer,transformer_div_rho0.02_wd0.1_tiersNone,1000,div,0.02,0.1,final,dlog,in,1,0.001567334223013942,52,0.02647416683382959
transformer,transformer_div_rho0.02_wd0.1_tiersNone,1000,div,0.02,0.1,final,dlog,in,2,0.0016507640973673513,37,0.02647416683382959
transformer,transformer_div_rho0.02_wd0.1_tiersNone,1000,div,0.02,0.1,final,dlog,in,3,0.0015438359861711696,58,0.02647416683382959
transformer,transformer_div_rho0.02_wd0.1_tiersNone,1000,div,0.02,0.1,final,dlog,in,4,0.001758080290533439,26,0.02647416683382959
transformer,transformer_div_rho0.02_wd0.1_tiersNone,1000,div,0.02,0.1,final,dlog,in,5,0.0018521969244422905,20,0.02647416683382959
transformer,transformer_div_rho0.02_wd0.1_tiersNone,1000,div,0.02,0.1,final,dlog,in,6,0.0016356098070893414,40,0.02647416683382959
transformer,transformer_div_rho0.02_wd0.1_tiersNone,1000,div,0.02,0.1,final,dlog,in,7,0.001638113139379126,39,0.02647416683382959
transformer,transformer_div_rho0.02_wd0.1_tiersNone,1000,div,0.02,0.1,final,dlog,in,8,0.0016811949790493004,33,0.02647416683382959
transformer,transformer_div_rho0.02_wd0.1_tiersNone,1000,div,0.02,0.1,final,dlog,in,9,0.0013909644742104634,74,0.02647416683382959
transformer,transformer_div_rho0.02_wd0.1_tiersNone,1000,div,0.02,0.1,final,dlog,in,10,0.0015316160345201278,61,0.02647416683382959
transformer,transformer_div_rho0.02_wd0.1_tiersNone,1000,div,0.02,0.1,final,dlog,in,11,0.026667707418580985,14,0.02647416683382959
transformer,transformer_div_rho0.02_wd0.1_tiersNone,1000,div,0.02,0.1,final,dlog,in,12,0.0015775282210041548,48,0.02647416683382959
transformer,transformer_div_rho0.02_wd0.1_tiersNone,1000,div,0.02,0.1,final,dlog,in,13,0.0018186499061584494,21,0.02647416683382959
transformer,transformer_div_rho0.02_wd0.1_tiersNone,1000,div,0.02,0.1,final,dlog,in,14,0.001517294388796825,63,0.02647416683382959
transformer,transformer_div_rho0.02_wd0.1_tiersNone,1000,div,0.02,0.1,final,dlog,in,15,0.024305696803801746,15,0.02647416683382959
transformer,transformer_div_rho0.02_wd0.1_tiersNone,1000,div,0.02,0.1,final,dlog,in,16,0.0016747032355732502,34,0.02647416683382959
transformer,transformer_div_rho0.02_wd0.1_tiersNone,1000,div,0.02,0.1,final,dlog,in,17,0.00162980043844925,43,0.02647416683382959
transformer,transformer_div_rho0.02_wd0.1_tiersNone,1000,div,0.02,0.1,final,dlog,in,18,0.001635407777446284,41,0.02647416683382959
transformer,transformer_div_rho0.02_wd0.1_tiersNone,1000,div,0.02,0.1,final,dlog,in,19,0.0015298340412117398,62,0.02647416683382959
transformer,transformer_div_rho0.02_wd0.1_tiersNone,1000,div,0.02,0.1,final,dlog,in,20,0.001651099043742239,36,0.02647416683382959
transformer,transformer_div_rho0.02_wd0.1_tiersNone,1000,div,0.02,0.1,final,dlog,in,21,0.0015493506318078115,55,0.02647416683382959
transformer,transformer_div_rho0.02_wd0.1_tiersNone,1000,div,0.02,0.1,final,dlog,in,22,0.0017834072495109105,22,0.02647416683382959
transformer,transformer_div_rho0.02_wd0.1_tiersNone,1000,div,0.02,0.1,final,dlog,in,23,0.0016907964307256583,31,0.02647416683382959
transformer,transformer_div_rho0.02_wd0.1_tiersNone,1000,div,0.02,0.1,final,dlog,in,24,0.0014828236350754895,66,0.02647416683382959
transformer,transformer_div_rho0.02_wd0.1_tiersNone,1000,div,0.02,0.1,final,dlog,in,25,0.002009749607545802,19,0.02647416683382959
transformer,transformer_div_rho0.02_wd0.1_tiersNone,1000,div,0.02,0.1,final,dlog,in,26,0.001512266029141644,64,0.02647416683382959
transformer,transformer_div_rho0.02_wd0.1_tiersNone,1000,div,0.02,0.1,final,dlog,in,27,0.08570804015673175,4,0.02647416683382959
transformer,transformer_div_rho0.02_wd0.1_tiersNone,1000,div,0.02,0.1,final,dlog,in,28,0.002411433797094608,18,0.02647416683382959
transformer,transformer_div_rho0.02_wd0.1_tiersNone,1000,div,0.02,0.1,final,dlog,in,29,0.001455448866988138,71,0.02647416683382959
transformer,transformer_div_rho0.02_wd0.1_tiersNone,1000,div,0.02,0.1,final,dlog,in,30,0.03112501766470006,12,0.02647416683382959
transformer,transformer_div_rho0.02_wd0.1_tiersNone,1000,div,0.02,0.1,final,dlog,in,31,0.0017002007433692735,28,0.02647416683382959
transformer,transformer_div_rho0.02_wd0.1_tiersNone,1000,div,0.02,0.1,final,dlog,in,32,0.0014823689017569265,67,0.02647416683382959
transformer,transformer_div_rho0.02_wd0.1_tiersNone,1000,div,0.02,0.1,final,dlog,in,33,0.05320428947388712,7,0.02647416683382959
transformer,transformer_div_rho0.02_wd0.1_tiersNone,1000,div,0.02,0.1,final,dlog,in,34,0.001548760903283925,56,0.02647416683382959
transformer,transformer_div_rho0.02_wd0.1_tiersNone,1000,div,0.02,0.1,final,dlog,in,35,0.0014627248455797335,69,0.02647416683382959
transformer,transformer_div_rho0.02_wd0.1_tiersNone,1000,div,0.02,0.1,final,dlog,in,36,0.0015756326724118402,49,0.02647416683382959
transformer,transformer_div_rho0.02_wd0.1_tiersNone,1000,div,0.02,0.1,final,dlog,in,37,0.0016451285315338396,38,0.02647416683382959
transformer,transformer_div_rho0.02_wd0.1_tiersNone,1000,div,0.02,0.1,final,dlog,in,38,0.0015463537659890594,57,0.02647416683382959
transformer,transformer_div_rho0.02_wd0.1_tiersNone,1000,div,0.02,0.1,final,dlog,in,39,0.001611566245774874,45,0.02647416683382959
transformer,transformer_div_rho0.02_wd0.1_tiersNone,1000,div,0.02,0.1,final,dlog,in,40,0.034877082325380164,10,0.02647416683382959
transformer,transformer_div_rho0.02_wd0.1_tiersNone,1000,div,0.02,0.1,final,dlog,in,41,0.001698948717790659,29,0.02647416683382959
transformer,transformer_div_rho0.02_wd0.1_tiersNone,1000,div,0.02,0.1,final,dlog,in,42,0.092428558522269,3,0.02647416683382959
transformer,transformer_div_rho0.02_wd0.1_tiersNone,1000,div,0.02,0.1,final,dlog,in,43,0.0016259148094089992,44,0.02647416683382959
transformer,transformer_div_rho0.02_wd0.1_tiersNone,1000,div,0.02,0.1,final,dlog,in,44,0.031152561529937426,11,0.02647416683382959
transformer,transformer_div_rho0.02_wd0.1_tiersNone,1000,div,0.02,0.1,final,dlog,in,45,0.11941487436861353,1,0.02647416683382959
transformer,transformer_div_rho0.02_wd0.1_tiersNone,1000,div,0.02,0.1,final,dlog,in,46,0.001594037540983855,47,0.02647416683382959
transformer,transformer_div_rho0.02_wd0.1_tiersNone,1000,div,0.02,0.1,final,dlog,in,47,0.0016854928084290245,32,0.02647416683382959
transformer,transformer_div_rho0.02_wd0.1_tiersNone,1000,div,0.02,0.1,final,dlog,in,48,0.0016607499857742996,35,0.02647416683382959
transformer,transformer_div_rho0.02_wd0.1_tiersNone,1000,div,0.02,0.1,final,dlog,in,49,0.0016974630717357072,30,0.02647416683382959
transformer,transformer_div_rho0.02_wd0.1_tiersNone,1000,div,0.02,0.1,final,dlog,in,50,0.0016307129554141231,42,0.02647416683382959
transformer,transformer_div_rho0.02_wd0.1_tiersNone,1000,div,0.02,0.1,final,dlog,in,51,0.09997218250681561,2,0.02647416683382959
transformer,transformer_div_rho0.02_wd0.1_tiersNone,1000,div,0.02,0.1,final,dlog,in,52,0.02003313366277718,17,0.02647416683382959
transformer,transformer_div_rho0.02_wd0.1_tiersNone,1000,div,0.02,0.1,final,dlog,in,53,0.0015610329603966782,53,0.02647416683382959
transformer,transformer_div_rho0.02_wd0.1_tiersNone,1000,div,0.02,0.1,final,dlog,in,54,0.020667914265090414,16,0.02647416683382959
transformer,transformer_div_rho0.02_wd0.1_tiersNone,1000,div,0.02,0.1,final,dlog,in,55,0.0014958269343175027,65,0.02647416683382959
transformer,transformer_div_rho0.02_wd0.1_tiersNone,1000,div,0.02,0.1,final,dlog,in,56,0.001572963682584567,50,0.02647416683382959
transformer,transformer_div_rho0.02_wd0.1_tiersNone,1000,div,0.02,0.1,final,dlog,in,57,0.0017762083112204765,23,0.02647416683382959
transformer,transformer_div_rho0.02_wd0.1_tiersNone,1000,div,0.02,0.1,final,dlog,in,58,0.0017710132268461466,25,0.02647416683382959
transformer,transformer_div_rho0.02_wd0.1_tiersNone,1000,div,0.02,0.1,final,dlog,in,59,0.0014625860984532216,70,0.02647416683382959
transformer,transformer_div_rho0.02_wd0.1_tiersNone,1000,div,0.02,0.1,final,dlog,in,60,0.0017540318306540667,27,0.02647416683382959
transformer,transformer_div_rho0.02_wd0.1_tiersNone,1000,div,0.02,0.1,final,dlog,in,61,0.001423129154729821,73,0.02647416683382959
transformer,transformer_div_rho0.02_wd0.1_tiersNone,1000,div,0.02,0.1,final,dlog,in,62,0.0015678901934340157,51,0.02647416683382959
transformer,transformer_div_rho0.02_wd0.1_tiersNone,1000,div,0.02,0.1,final,dlog,in,63,0.026700000163069476,13,0.02647416683382959
transformer,transformer_div_rho0.02_wd0.1_tiersNone,1000,div,0.02,0.1,final,dlog,in,64,0.04550533176693823,9,0.02647416683382959
transformer,transformer_div_rho0.02_wd0.1_tiersNone,1000,div,0.02,0.1,final,dlog,in,65,0.0848034685964952,5,0.02647416683382959
transformer,transformer_div_rho0.02_wd0.1_tiersNone,1000,div,0.02,0.1,final,dlog,in,66,0.0015341879598030827,60,0.02647416683382959
transformer,transformer_div_rho0.02_wd0.1_tiersNone,1000,div,0.02,0.1,final,dlog,in,67,0.0017722827312857353,24,0.02647416683382959
transformer,transformer_div_rho0.02_wd0.1_tiersNone,1000,div,0.02,0.1,final,dlog,in,68,0.06468577482985563,6,0.02647416683382959
transformer,transformer_div_rho0.02_wd0.1_tiersNone,1000,div,0.02,0.1,final,dlog,in,69,0.0016034604499820433,46,0.02647416683382959
transformer,transformer_div_rho0.02_wd0.1_tiersNone,1000,div,0.02,0.1,final,dlog,in,70,0.0014274089145412602,72,0.02647416683382959
transformer,transformer_div_rho0.02_wd0.1_tiersNone,1000,div,0.02,0.1,final,dlog,in,71,0.0015563933338900522,54,0.02647416683382959
transformer,transformer_div_rho0.02_wd0.1_tiersNone,1000,div,0.02,0.1,final,dlog,in,72,0.0014721962873683063,68,0.02647416683382959
transformer,transformer_div_rho0.02_wd0.1_tiersNone,1000,div,0.02,0.1,final,dlog,in,73,0.0015362485902728408,59,0.02647416683382959
transformer,transformer_div_rho0.02_wd0.1_tiersNone,1000,div,0.02,0.1,final,dlog,in,74,0.04611614552999153,8,0.02647416683382959
transformer,transformer_div_rho0.02_wd0.1_tiersNone,1000,div,0.02,0.1,final,dlog,out,1,0.00436006300000837,45,0.011016880975519904
transformer,transformer_div_rho0.02_wd0.1_tiersNone,1000,div,0.02,0.1,final,dlog,out,2,0.0033774236252008725,73,0.011016880975519904
transformer,transformer_div_rho0.02_wd0.1_tiersNone,1000,div,0.02,0.1,final,dlog,out,3,0.005421281705011152,28,0.011016880975519904
transformer,transformer_div_rho0.02_wd0.1_tiersNone,1000,div,0.02,0.1,final,dlog,out,4,0.004133794311244552,49,0.011016880975519904
transformer,transformer_div_rho0.02_wd0.1_tiersNone,1000,div,0.02,0.1,final,dlog,out,5,0.0038822563036474264,60,0.011016880975519904
transformer,transformer_div_rho0.02_wd0.1_tiersNone,1000,div,0.02,0.1,final,dlog,out,6,0.005776563389886409,24,0.011016880975519904
transformer,transformer_div_rho0.02_wd0.1_tiersNone,1000,div,0.02,0.1,final,dlog,out,7,0.003821553533611246,62,0.011016880975519904
transformer,transformer_div_rho0.02_wd0.1_tiersNone,1000,div,0.02,0.1,final,dlog,out,8,0.003734550339429142,67,0.011016880975519904
transformer,transformer_div_rho0.02_wd0.1_tiersNone,1000,div,0.02,0.1,final,dlog,out,9,0.006816339435107197,23,0.011016880975519904
transformer,transformer_div_rho0.02_wd0.1_tiersNone,1000,div,0.02,0.1,final,dlog,out,10,0.003958821210222781,57,0.011016880975519904
transformer,transformer_div_rho0.02_wd0.1_tiersNone,1000,div,0.02,0.1,final,dlog,out,11,0.015358780708411115,16,0.011016880975519904
transformer,transformer_div_rho0.02_wd0.1_tiersNone,1000,div,0.02,0.1,final,dlog,out,12,0.005518485773042008,27,0.011016880975519904
transformer,transformer_div_rho0.02_wd0.1_tiersNone,1000,div,0.02,0.1,final,dlog,out,13,0.00410417213328875,53,0.011016880975519904
transformer,transformer_div_rho0.02_wd0.1_tiersNone,1000,div,0.02,0.1,final,dlog,out,14,0.005568374604426732,26,0.011016880975519904
transformer,transformer_div_rho0.02_wd0.1_tiersNone,1000,div,0.02,0.1,final,dlog,out,15,0.019134470481191747,14,0.011016880975519904
transformer,transformer_div_rho0.02_wd0.1_tiersNone,1000,div,0.02,0.1,final,dlog,out,16,0.0037912491116545073,65,0.011016880975519904
transformer,transformer_div_rho0.02_wd0.1_tiersNone,1000,div,0.02,0.1,final,dlog,out,17,0.003819184571981661,64,0.011016880975519904
transformer,transformer_div_rho0.02_wd0.1_tiersNone,1000,div,0.02,0.1,final,dlog,out,18,0.007027747690297808,22,0.011016880975519904
transformer,transformer_div_rho0.02_wd0.1_tiersNone,1000,div,0.02,0.1,final,dlog,out,19,0.004407365395872877,44,0.011016880975519904
transformer,transformer_div_rho0.02_wd0.1_tiersNone,1000,div,0.02,0.1,final,dlog,out,20,0.004949915281667117,37,0.011016880975519904
transformer,transformer_div_rho0.02_wd0.1_tiersNone,1000,div,0.02,0.1,final,dlog,out,21,0.003550531648699517,69,0.011016880975519904
transformer,transformer_div_rho0.02_wd0.1_tiersNone,1000,div,0.02,0.1,final,dlog,out,22,0.004878843408165481,39,0.011016880975519904
transformer,transformer_div_rho0.02_wd0.1_tiersNone,1000,div,0.02,0.1,final,dlog,out,23,0.007353857800565692,19,0.011016880975519904
transformer,transformer_div_rho0.02_wd0.1_tiersNone,1000,div,0.02,0.1,final,dlog,out,24,0.004994444190465294,36,0.011016880975519904
transformer,transformer_div_rho0.02_wd0.1_tiersNone,1000,div,0.02,0.1,final,dlog,out,25,0.003819334317430896,63,0.011016880975519904
transformer,transformer_div_rho0.02_wd0.1_tiersNone,1000,div,0.02,0.1,final,dlog,out,26,0.00352699539431363,70,0.011016880975519904
transformer,transformer_div_rho0.02_wd0.1_tiersNone,1000,div,0.02,0.1,final,dlog,out,27,0.07424555622836033,5,0.011016880975519904
transformer,transformer_div_rho0.02_wd0.1_tiersNone,1000,div,0.02,0.1,final,dlog,out,28,0.004322205047475713,47,0.011016880975519904
transformer,transformer_div_rho0.02_wd0.1_tiersNone,1000,div,0.02,0.1,final,dlog,out,29,0.00713549701113812,21,0.011016880975519904
transformer,transformer_div_rho0.02_wd0.1_tiersNone,1000,div,0.02,0.1,final,dlog,out,30,0.021192295133191562,12,0.011016880975519904
transformer,transformer_div_rho0.02_wd0.1_tiersNone,1000,div,0.02,0.1,final,dlog,out,31,0.0037562463662357557,66,0.011016880975519904
transformer,transformer_div_rho0.02_wd0.1_tiersNone,1000,div,0.02,0.1,final,dlog,out,32,0.007690148744072621,18,0.011016880975519904
transformer,transformer_div_rho0.02_wd0.1_tiersNone,1000,div,0.02,0.1,final,dlog,out,33,0.029944361262198457,8,0.011016880975519904
transformer,transformer_div_rho0.02_wd0.1_tiersNone,1000,div,0.02,0.1,final,dlog,out,34,0.003933782127258954,58,0.011016880975519904
transformer,transformer_div_rho0.02_wd0.1_tiersNone,1000,div,0.02,0.1,final,dlog,out,35,0.00405870312481659,55,0.011016880975519904
transformer,transformer_div_rho0.02_wd0.1_tiersNone,1000,div,0.02,0.1,final,dlog,out,36,0.005144071563978319,33,0.011016880975519904
transformer,transformer_div_rho0.02_wd0.1_tiersNone,1000,div,0.02,0.1,final,dlog,out,37,0.003497952350998814,72,0.011016880975519904
transformer,transformer_div_rho0.02_wd0.1_tiersNone,1000,div,0.02,0.1,final,dlog,out,38,0.007316695877129543,20,0.011016880975519904
transformer,transformer_div_rho0.02_wd0.1_tiersNone,1000,div,0.02,0.1,final,dlog,out,39,0.004096812708222694,54,0.011016880975519904
transformer,transformer_div_rho0.02_wd0.1_tiersNone,1000,div,0.02,0.1,final,dlog,out,40,0.027416208492771717,9,0.011016880975519904
transformer,transformer_div_rho0.02_wd0.1_tiersNone,1000,div,0.02,0.1,final,dlog,out,41,0.0053818431481918285,30,0.011016880975519904
transformer,transformer_div_rho0.02_wd0.1_tiersNone,1000,div,0.02,0.1,final,dlog,out,42,0.09529388774120265,3,0.011016880975519904
transformer,transformer_div_rho0.02_wd0.1_tiersNone,1000,div,0.02,0.1,final,dlog,out,43,0.003922426607303486,59,0.011016880975519904
transformer,transformer_div_rho0.02_wd0.1_tiersNone,1000,div,0.02,0.1,final,dlog,out,44,0.02123027540394167,11,0.011016880975519904
transformer,transformer_div_rho0.02_wd0.1_tiersNone,1000,div,0.02,0.1,final,dlog,out,45,0.10998539187453588,1,0.011016880975519904
transformer,transformer_div_rho0.02_wd0.1_tiersNone,1000,div,0.02,0.1,final,dlog,out,46,0.004915667617269348,38,0.011016880975519904
transformer,transformer_div_rho0.02_wd0.1_tiersNone,1000,div,0.02,0.1,final,dlog,out,47,0.005273880618229299,31,0.011016880975519904
transformer,transformer_div_rho0.02_wd0.1_tiersNone,1000,div,0.02,0.1,final,dlog,out,48,0.003523826376137379,71,0.011016880975519904
transformer,transformer_div_rho0.02_wd0.1_tiersNone,1000,div,0.02,0.1,final,dlog,out,49,0.0030836559020343273,74,0.011016880975519904
transformer,transformer_div_rho0.02_wd0.1_tiersNone,1000,div,0.02,0.1,final,dlog,out,50,0.004110697970978219,51,0.011016880975519904
transformer,transformer_div_rho0.02_wd0.1_tiersNone,1000,div,0.02,0.1,final,dlog,out,51,0.09750806422043877,2,0.011016880975519904
transformer,transformer_div_rho0.02_wd0.1_tiersNone,1000,div,0.02,0.1,final,dlog,out,52,0.018028855150581516,15,0.011016880975519904
transformer,transformer_div_rho0.02_wd0.1_tiersNone,1000,div,0.02,0.1,final,dlog,out,53,0.0040361043994498295,56,0.011016880975519904
transformer,transformer_div_rho0.02_wd0.1_tiersNone,1000,div,0.02,0.1,final,dlog,out,54,0.01471317623415064,17,0.011016880975519904
transformer,transformer_div_rho0.02_wd0.1_tiersNone,1000,div,0.02,0.1,final,dlog,out,55,0.005391517801199423,29,0.011016880975519904
transformer,transformer_div_rho0.02_wd0.1_tiersNone,1000,div,0.02,0.1,final,dlog,out,56,0.003868659255798244,61,0.011016880975519904
transformer,transformer_div_rho0.02_wd0.1_tiersNone,1000,div,0.02,0.1,final,dlog,out,57,0.004336399488873599,46,0.011016880975519904
transformer,transformer_div_rho0.02_wd0.1_tiersNone,1000,div,0.02,0.1,final,dlog,out,58,0.005578366795031693,25,0.011016880975519904
transformer,transformer_div_rho0.02_wd0.1_tiersNone,1000,div,0.02,0.1,final,dlog,out,59,0.003675096382176939,68,0.011016880975519904
transformer,transformer_div_rho0.02_wd0.1_tiersNone,1000,div,0.02,0.1,final,dlog,out,60,0.005245100234801946,32,0.011016880975519904
transformer,transformer_div_rho0.02_wd0.1_tiersNone,1000,div,0.02,0.1,final,dlog,out,61,0.005084040504915924,35,0.011016880975519904
transformer,transformer_div_rho0.02_wd0.1_tiersNone,1000,div,0.02,0.1,final,dlog,out,62,0.004116357237160521,50,0.011016880975519904
transformer,transformer_div_rho0.02_wd0.1_tiersNone,1000,div,0.02,0.1,final,dlog,out,63,0.019954947581778324,13,0.011016880975519904
transformer,transformer_div_rho0.02_wd0.1_tiersNone,1000,div,0.02,0.1,final,dlog,out,64,0.02248339071975541,10,0.011016880975519904
transformer,transformer_div_rho0.02_wd0.1_tiersNone,1000,div,0.02,0.1,final,dlog,out,65,0.08113012385857506,4,0.011016880975519904
transformer,transformer_div_rho0.02_wd0.1_tiersNone,1000,div,0.02,0.1,final,dlog,out,66,0.004618313742053034,42,0.011016880975519904
transformer,transformer_div_rho0.02_wd0.1_tiersNone,1000,div,0.02,0.1,final,dlog,out,67,0.004108537370475934,52,0.011016880975519904
transformer,transformer_div_rho0.02_wd0.1_tiersNone,1000,div,0.02,0.1,final,dlog,out,68,0.031296189862447775,7,0.011016880975519904
transformer,transformer_div_rho0.02_wd0.1_tiersNone,1000,div,0.02,0.1,final,dlog,out,69,0.0047564666163931206,41,0.011016880975519904
transformer,transformer_div_rho0.02_wd0.1_tiersNone,1000,div,0.02,0.1,final,dlog,out,70,0.004833055369328069,40,0.011016880975519904
transformer,transformer_div_rho0.02_wd0.1_tiersNone,1000,div,0.02,0.1,final,dlog,out,71,0.004512428854441423,43,0.011016880975519904
transformer,transformer_div_rho0.02_wd0.1_tiersNone,1000,div,0.02,0.1,final,dlog,out,72,0.005140457508657524,34,0.011016880975519904
transformer,transformer_div_rho0.02_wd0.1_tiersNone,1000,div,0.02,0.1,final,dlog,out,73,0.0043180630199207825,48,0.011016880975519904
transformer,transformer_div_rho0.02_wd0.1_tiersNone,1000,div,0.02,0.1,final,dlog,out,74,0.033707799129077315,6,0.011016880975519904
transformer,transformer_div_rho0.02_wd0.1_tiersNone,1001,div,0.02,0.1,final,dlog,in,1,0.0020896244102272727,40,0.03208595118583123
transformer,transformer_div_rho0.02_wd0.1_tiersNone,1001,div,0.02,0.1,final,dlog,in,2,0.0019689552163992185,53,0.03208595118583123
transformer,transformer_div_rho0.02_wd0.1_tiersNone,1001,div,0.02,0.1,final,dlog,in,3,0.0023757805033327757,19,0.03208595118583123
transformer,transformer_div_rho0.02_wd0.1_tiersNone,1001,div,0.02,0.1,final,dlog,in,4,0.0017632877783151002,70,0.03208595118583123
transformer,transformer_div_rho0.02_wd0.1_tiersNone,1001,div,0.02,0.1,final,dlog,in,5,0.001753209000147383,71,0.03208595118583123
transformer,transformer_div_rho0.02_wd0.1_tiersNone,1001,div,0.02,0.1,final,dlog,in,6,0.0019217155172656887,62,0.03208595118583123
transformer,transformer_div_rho0.02_wd0.1_tiersNone,1001,div,0.02,0.1,final,dlog,in,7,0.0020367665911700675,44,0.03208595118583123
transformer,transformer_div_rho0.02_wd0.1_tiersNone,1001,div,0.02,0.1,final,dlog,in,8,0.002227872103247291,26,0.03208595118583123
transformer,transformer_div_rho0.02_wd0.1_tiersNone,1001,div,0.02,0.1,final,dlog,in,9,0.0018659251481818993,67,0.03208595118583123
transformer,transformer_div_rho0.02_wd0.1_tiersNone,1001,div,0.02,0.1,final,dlog,in,10,0.0019652495202653634,55,0.03208595118583123
transformer,transformer_div_rho0.02_wd0.1_tiersNone,1001,div,0.02,0.1,final,dlog,in,11,0.0020289361798136586,45,0.03208595118583123
transformer,transformer_div_rho0.02_wd0.1_tiersNone,1001,div,0.02,0.1,final,dlog,in,12,0.0025760479138675373,16,0.03208595118583123
transformer,transformer_div_rho0.02_wd0.1_tiersNone,1001,div,0.02,0.1,final,dlog,in,13,0.0019649134251354438,56,0.03208595118583123
transformer,transformer_div_rho0.02_wd0.1_tiersNone,1001,div,0.02,0.1,final,dlog,in,14,0.0021800161764251227,32,0.03208595118583123
transformer,transformer_div_rho0.02_wd0.1_tiersNone,1001,div,0.02,0.1,final,dlog,in,15,0.001742711201335935,72,0.03208595118583123
transformer,transformer_div_rho0.02_wd0.1_tiersNone,1001,div,0.02,0.1,final,dlog,in,16,0.017726632172226135,12,0.03208595118583123
transformer,transformer_div_rho0.02_wd0.1_tiersNone,1001,div,0.02,0.1,final,dlog,in,17,0.002120749575062402,37,0.03208595118583123
transformer,transformer_div_rho0.02_wd0.1_tiersNone,1001,div,0.02,0.1,final,dlog,in,18,0.002213351098140022,28,0.03208595118583123
transformer,transformer_div_rho0.02_wd0.1_tiersNone,1001,div,0.02,0.1,final,dlog,in,19,0.0019629332066326086,57,0.03208595118583123
transformer,transformer_div_rho0.02_wd0.1_tiersNone,1001,div,0.02,0.1,final,dlog,in,20,0.001910726029053675,64,0.03208595118583123
transformer,transformer_div_rho0.02_wd0.1_tiersNone,1001,div,0.02,0.1,final,dlog,in,21,0.0174772732782762,13,0.03208595118583123
transformer,transformer_div_rho0.02_wd0.1_tiersNone,1001,div,0.02,0.1,final,dlog,in,22,0.002265783669680901,23,0.03208595118583123
transformer,transformer_div_rho0.02_wd0.1_tiersNone,1001,div,0.02,0.1,final,dlog,in,23,0.0018449018261298572,68,0.03208595118583123
transformer,transformer_div_rho0.02_wd0.1_tiersNone,1001,div,0.02,0.1,final,dlog,in,24,0.0023709474372204,20,0.03208595118583123
transformer,transformer_div_rho0.02_wd0.1_tiersNone,1001,div,0.02,0.1,final,dlog,in,25,0.0943742658540293,2,0.03208595118583123
transformer,transformer_div_rho0.02_wd0.1_tiersNone,1001,div,0.02,0.1,final,dlog,in,26,0.0025031805229097995,18,0.03208595118583123
transformer,transformer_div_rho0.02_wd0.1_tiersNone,1001,div,0.02,0.1,final,dlog,in,27,0.001820494483711176,69,0.03208595118583123
transformer,transformer_div_rho0.02_wd0.1_tiersNone,1001,div,0.02,0.1,final,dlog,in,28,0.0019202101754621386,63,0.03208595118583123
transformer,transformer_div_rho0.02_wd0.1_tiersNone,1001,div,0.02,0.1,final,dlog,in,29,0.09279893695855634,3,0.03208595118583123
transformer,transformer_div_rho0.02_wd0.1_tiersNone,1001,div,0.02,0.1,final,dlog,in,30,0.002189784950785798,31,0.03208595118583123
transformer,transformer_div_rho0.02_wd0.1_tiersNone,1001,div,0.02,0.1,final,dlog,in,31,0.0022230368955510923,27,0.03208595118583123
transformer,transformer_div_rho0.02_wd0.1_tiersNone,1001,div,0.02,0.1,final,dlog,in,32,0.0020372688221677935,43,0.03208595118583123
transformer,transformer_div_rho0.02_wd0.1_tiersNone,1001,div,0.02,0.1,final,dlog,in,33,0.00202165038421213,47,0.03208595118583123
transformer,transformer_div_rho0.02_wd0.1_tiersNone,1001,div,0.02,0.1,final,dlog,in,34,0.001955421188844714,59,0.03208595118583123
transformer,transformer_div_rho0.02_wd0.1_tiersNone,1001,div,0.02,0.1,final,dlog,in,35,0.10793017052170825,1,0.03208595118583123
transformer,transformer_div_rho0.02_wd0.1_tiersNone,1001,div,0.02,0.1,final,dlog,in,36,0.001997867009746139,50,0.03208595118583123
transformer,transformer_div_rho0.02_wd0.1_tiersNone,1001,div,0.02,0.1,final,dlog,in,37,0.06538736925514238,9,0.03208595118583123
transformer,transformer_div_rho0.02_wd0.1_tiersNone,1001,div,0.02,0.1,final,dlog,in,38,0.002142122193912454,35,0.03208595118583123
transformer,transformer_div_rho0.02_wd0.1_tiersNone,1001,div,0.02,0.1,final,dlog,in,39,0.002105928267002547,39,0.03208595118583123
transformer,transformer_div_rho0.02_wd0.1_tiersNone,1001,div,0.02,0.1,final,dlog,in,40,0.09190151776943022,4,0.03208595118583123
transformer,transformer_div_rho0.02_wd0.1_tiersNone,1001,div,0.02,0.1,final,dlog,in,41,0.002229975603751732,25,0.03208595118583123
transformer,transformer_div_rho0.02_wd0.1_tiersNone,1001,div,0.02,0.1,final,dlog,in,42,0.011090990713078756,14,0.03208595118583123
transformer,transformer_div_rho0.02_wd0.1_tiersNone,1001,div,0.02,0.1,final,dlog,in,43,0.002340321424786274,21,0.03208595118583123
transformer,transformer_div_rho0.02_wd0.1_tiersNone,1001,div,0.02,0.1,final,dlog,in,44,0.0805816189753912,7,0.03208595118583123
transformer,transformer_div_rho0.02_wd0.1_tiersNone,1001,div,0.02,0.1,final,dlog,in,45,0.0020833615871416393,41,0.03208595118583123
transformer,transformer_div_rho0.02_wd0.1_tiersNone,1001,div,0.02,0.1,final,dlog,in,46,0.0872135575271203,5,0.03208595118583123
transformer,transformer_div_rho0.02_wd0.1_tiersNone,1001,div,0.02,0.1,final,dlog,in,47,0.002028395340954336,46,0.03208595118583123
transformer,transformer_div_rho0.02_wd0.1_tiersNone,1001,div,0.02,0.1,final,dlog,in,48,0.002294888563252867,22,0.03208595118583123
transformer,transformer_div_rho0.02_wd0.1_tiersNone,1001,div,0.02,0.1,final,dlog,in,49,0.0018795274777597887,65,0.03208595118583123
transformer,transformer_div_rho0.02_wd0.1_tiersNone,1001,div,0.02,0.1,final,dlog,in,50,0.004840661705931363,15,0.03208595118583123
transformer,transformer_div_rho0.02_wd0.1_tiersNone,1001,div,0.02,0.1,final,dlog,in,51,0.0022064699216804984,30,0.03208595118583123
transformer,transformer_div_rho0.02_wd0.1_tiersNone,1001,div,0.02,0.1,final,dlog,in,52,0.07486785939018949,8,0.03208595118583123
transformer,transformer_div_rho0.02_wd0.1_tiersNone,1001,div,0.02,0.1,final,dlog,in,53,0.0019411098288120146,61,0.03208595118583123
transformer,transformer_div_rho0.02_wd0.1_tiersNone,1001,div,0.02,0.1,final,dlog,in,54,0.0019862532709703784,51,0.03208595118583123
transformer,transformer_div_rho0.02_wd0.1_tiersNone,1001,div,0.02,0.1,final,dlog,in,55,0.0020682476381584914,42,0.03208595118583123
transformer,transformer_div_rho0.02_wd0.1_tiersNone,1001,div,0.02,0.1,final,dlog,in,56,0.002240759686650292,24,0.03208595118583123
transformer,transformer_div_rho0.02_wd0.1_tiersNone,1001,div,0.02,0.1,final,dlog,in,57,0.0021751589679065114,33,0.03208595118583123
transformer,transformer_div_rho0.02_wd0.1_tiersNone,1001,div,0.02,0.1,final,dlog,in,58,0.0021492777828464654,34,0.03208595118583123
transformer,transformer_div_rho0.02_wd0.1_tiersNone,1001,div,0.02,0.1,final,dlog,in,59,0.0020167394542443527,48,0.03208595118583123
transformer,transformer_div_rho0.02_wd0.1_tiersNone,1001,div,0.02,0.1,final,dlog,in,60,0.0019685185853854535,54,0.03208595118583123
transformer,transformer_div_rho0.02_wd0.1_tiersNone,1001,div,0.02,0.1,final,dlog,in,61,0.0017039269596532548,73,0.03208595118583123
transformer,transformer_div_rho0.02_wd0.1_tiersNone,1001,div,0.02,0.1,final,dlog,in,62,0.0025595917834031695,17,0.03208595118583123
transformer,transformer_div_rho0.02_wd0.1_tiersNone,1001,div,0.02,0.1,final,dlog,in,63,0.02099449495524356,11,0.03208595118583123
transformer,transformer_div_rho0.02_wd0.1_tiersNone,1001,div,0.02,0.1,final,dlog,in,64,0.0022100612355743783,29,0.03208595118583123
transformer,transformer_div_rho0.02_wd0.1_tiersNone,1001,div,0.02,0.1,final,dlog,in,65,0.0019779494948115603,52,0.03208595118583123
transformer,transformer_div_rho0.02_wd0.1_tiersNone,1001,div,0.02,0.1,final,dlog,in,66,0.002119099177861968,38,0.03208595118583123
transformer,transformer_div_rho0.02_wd0.1_tiersNone,1001,div,0.02,0.1,final,dlog,in,67,0.0018774241895224018,66,0.03208595118583123
transformer,transformer_div_rho0.02_wd0.1_tiersNone,1001,div,0.02,0.1,final,dlog,in,68,0.0019505907470809129,60,0.03208595118583123
transformer,transformer_div_rho0.02_wd0.1_tiersNone,1001,div,0.02,0.1,final,dlog,in,69,0.001999244286488169,49,0.03208595118583123
transformer,transformer_div_rho0.02_wd0.1_tiersNone,1001,div,0.02,0.1,final,dlog,in,70,0.02766461919926652,10,0.03208595118583123
transformer,transformer_div_rho0.02_wd0.1_tiersNone,1001,div,0.02,0.1,final,dlog,in,71,0.001691405851226025,74,0.03208595118583123
transformer,transformer_div_rho0.02_wd0.1_tiersNone,1001,div,0.02,0.1,final,dlog,in,72,0.002139079464633162,36,0.03208595118583123
transformer,transformer_div_rho0.02_wd0.1_tiersNone,1001,div,0.02,0.1,final,dlog,in,73,0.001957903738733155,58,0.03208595118583123
transformer,transformer_div_rho0.02_wd0.1_tiersNone,1001,div,0.02,0.1,final,dlog,in,74,0.0832873812397653,6,0.03208595118583123
transformer,transformer_div_rho0.02_wd0.1_tiersNone,1001,div,0.02,0.1,final,dlog,out,1,0.0036741176765214064,66,0.010664421075912698
transformer,transformer_div_rho0.02_wd0.1_tiersNone,1001,div,0.02,0.1,final,dlog,out,2,0.0048997086552354675,29,0.010664421075912698
transformer,transformer_div_rho0.02_wd0.1_tiersNone,1001,div,0.02,0.1,final,dlog,out,3,0.004446244981001402,41,0.010664421075912698
transformer,transformer_div_rho0.02_wd0.1_tiersNone,1001,div,0.02,0.1,final,dlog,out,4,0.005303214950561288,24,0.010664421075912698
transformer,transformer_div_rho0.02_wd0.1_tiersNone,1001,div,0.02,0.1,final,dlog,out,5,0.004583006373025485,37,0.010664421075912698
transformer,transformer_div_rho0.02_wd0.1_tiersNone,1001,div,0.02,0.1,final,dlog,out,6,0.004510052617259865,40,0.010664421075912698
transformer,transformer_div_rho0.02_wd0.1_tiersNone,1001,div,0.02,0.1,final,dlog,out,7,0.0041314254033630255,55,0.010664421075912698
transformer,transformer_div_rho0.02_wd0.1_tiersNone,1001,div,0.02,0.1,final,dlog,out,8,0.0044150885358499046,43,0.010664421075912698
transformer,transformer_div_rho0.02_wd0.1_tiersNone,1001,div,0.02,0.1,final,dlog,out,9,0.0046435181477930566,34,0.010664421075912698
transformer,transformer_div_rho0.02_wd0.1_tiersNone,1001,div,0.02,0.1,final,dlog,out,10,0.005587931062206031,23,0.010664421075912698
transformer,transformer_div_rho0.02_wd0.1_tiersNone,1001,div,0.02,0.1,final,dlog,out,11,0.004251507595048111,48,0.010664421075912698
transformer,transformer_div_rho0.02_wd0.1_tiersNone,1001,div,0.02,0.1,final,dlog,out,12,0.004928902587549599,28,0.010664421075912698
transformer,transformer_div_rho0.02_wd0.1_tiersNone,1001,div,0.02,0.1,final,dlog,out,13,0.004192509217079772,51,0.010664421075912698
transformer,transformer_div_rho0.02_wd0.1_tiersNone,1001,div,0.02,0.1,final,dlog,out,14,0.0035483942511449792,72,0.010664421075912698
transformer,transformer_div_rho0.02_wd0.1_tiersNone,1001,div,0.02,0.1,final,dlog,out,15,0.004945122413462547,26,0.010664421075912698
transformer,transformer_div_rho0.02_wd0.1_tiersNone,1001,div,0.02,0.1,final,dlog,out,16,0.010304235910485068,13,0.010664421075912698
transformer,transformer_div_rho0.02_wd0.1_tiersNone,1001,div,0.02,0.1,final,dlog,out,17,0.00470837777868902,33,0.010664421075912698
transformer,transformer_div_rho0.02_wd0.1_tiersNone,1001,div,0.02,0.1,final,dlog,out,18,0.004248956609355472,49,0.010664421075912698
transformer,transformer_div_rho0.02_wd0.1_tiersNone,1001,div,0.02,0.1,final,dlog,out,19,0.004787152498350844,31,0.010664421075912698
transformer,transformer_div_rho0.02_wd0.1_tiersNone,1001,div,0.02,0.1,final,dlog,out,20,0.004019912225815505,59,0.010664421075912698
transformer,transformer_div_rho0.02_wd0.1_tiersNone,1001,div,0.02,0.1,final,dlog,out,21,0.012327865064352623,12,0.010664421075912698
transformer,transformer_div_rho0.02_wd0.1_tiersNone,1001,div,0.02,0.1,final,dlog,out,22,0.006777681617666863,20,0.010664421075912698
transformer,transformer_div_rho0.02_wd0.1_tiersNone,1001,div,0.02,0.1,final,dlog,out,23,0.003844832571408975,62,0.010664421075912698
transformer,transformer_div_rho0.02_wd0.1_tiersNone,1001,div,0.02,0.1,final,dlog,out,24,0.004183493644251465,52,0.010664421075912698
transformer,transformer_div_rho0.02_wd0.1_tiersNone,1001,div,0.02,0.1,final,dlog,out,25,0.08343888073118179,2,0.010664421075912698
transformer,transformer_div_rho0.02_wd0.1_tiersNone,1001,div,0.02,0.1,final,dlog,out,26,0.003659782717609814,68,0.010664421075912698
transformer,transformer_div_rho0.02_wd0.1_tiersNone,1001,div,0.02,0.1,final,dlog,out,27,0.004334935612704073,44,0.010664421075912698
transformer,transformer_div_rho0.02_wd0.1_tiersNone,1001,div,0.02,0.1,final,dlog,out,28,0.005778860988004694,22,0.010664421075912698
transformer,transformer_div_rho0.02_wd0.1_tiersNone,1001,div,0.02,0.1,final,dlog,out,29,0.07523090726466407,5,0.010664421075912698
transformer,transformer_div_rho0.02_wd0.1_tiersNone,1001,div,0.02,0.1,final,dlog,out,30,0.007731637801493306,18,0.010664421075912698
transformer,transformer_div_rho0.02_wd0.1_tiersNone,1001,div,0.02,0.1,final,dlog,out,31,0.0036712613662232547,67,0.010664421075912698
transformer,transformer_div_rho0.02_wd0.1_tiersNone,1001,div,0.02,0.1,final,dlog,out,32,0.004214849336824327,50,0.010664421075912698
transformer,transformer_div_rho0.02_wd0.1_tiersNone,1001,div,0.02,0.1,final,dlog,out,33,0.0038309672935647296,63,0.010664421075912698
transformer,transformer_div_rho0.02_wd0.1_tiersNone,1001,div,0.02,0.1,final,dlog,out,34,0.007681134431007859,19,0.010664421075912698
transformer,transformer_div_rho0.02_wd0.1_tiersNone,1001,div,0.02,0.1,final,dlog,out,35,0.09930482078713534,1,0.010664421075912698
transformer,transformer_div_rho0.02_wd0.1_tiersNone,1001,div,0.02,0.1,final,dlog,out,36,0.003356099355781768,74,0.010664421075912698
transformer,transformer_div_rho0.02_wd0.1_tiersNone,1001,div,0.02,0.1,final,dlog,out,37,0.05584574451839989,8,0.010664421075912698
transformer,transformer_div_rho0.02_wd0.1_tiersNone,1001,div,0.02,0.1,final,dlog,out,38,0.0035492868075271545,71,0.010664421075912698
transformer,transformer_div_rho0.02_wd0.1_tiersNone,1001,div,0.02,0.1,final,dlog,out,39,0.00825050679182447,17,0.010664421075912698
transformer,transformer_div_rho0.02_wd0.1_tiersNone,1001,div,0.02,0.1,final,dlog,out,40,0.07949995964709086,3,0.010664421075912698
transformer,transformer_div_rho0.02_wd0.1_tiersNone,1001,div,0.02,0.1,final,dlog,out,41,0.0036030529043541057,69,0.010664421075912698
transformer,transformer_div_rho0.02_wd0.1_tiersNone,1001,div,0.02,0.1,final,dlog,out,42,0.008506616135289977,14,0.010664421075912698
transformer,transformer_div_rho0.02_wd0.1_tiersNone,1001,div,0.02,0.1,final,dlog,out,43,0.0041411221895470375,54,0.010664421075912698
transformer,transformer_div_rho0.02_wd0.1_tiersNone,1001,div,0.02,0.1,final,dlog,out,44,0.062074615548222,7,0.010664421075912698
transformer,transformer_div_rho0.02_wd0.1_tiersNone,1001,div,0.02,0.1,final,dlog,out,45,0.008492846988041132,15,0.010664421075912698
transformer,transformer_div_rho0.02_wd0.1_tiersNone,1001,div,0.02,0.1,final,dlog,out,46,0.0694259595090925,6,0.010664421075912698
transformer,transformer_div_rho0.02_wd0.1_tiersNone,1001,div,0.02,0.1,final,dlog,out,47,0.0036014933688121717,70,0.010664421075912698
transformer,transformer_div_rho0.02_wd0.1_tiersNone,1001,div,0.02,0.1,final,dlog,out,48,0.0037594745465001312,65,0.010664421075912698
transformer,transformer_div_rho0.02_wd0.1_tiersNone,1001,div,0.02,0.1,final,dlog,out,49,0.008465066595487852,16,0.010664421075912698
transformer,transformer_div_rho0.02_wd0.1_tiersNone,1001,div,0.02,0.1,final,dlog,out,50,0.006582957888038176,21,0.010664421075912698
transformer,transformer_div_rho0.02_wd0.1_tiersNone,1001,div,0.02,0.1,final,dlog,out,51,0.004290007374079331,46,0.010664421075912698
transformer,transformer_div_rho0.02_wd0.1_tiersNone,1001,div,0.02,0.1,final,dlog,out,52,0.07726723359460717,4,0.010664421075912698
transformer,transformer_div_rho0.02_wd0.1_tiersNone,1001,div,0.02,0.1,final,dlog,out,53,0.004051893084230117,58,0.010664421075912698
transformer,transformer_div_rho0.02_wd0.1_tiersNone,1001,div,0.02,0.1,final,dlog,out,54,0.004510531867391255,39,0.010664421075912698
transformer,transformer_div_rho0.02_wd0.1_tiersNone,1001,div,0.02,0.1,final,dlog,out,55,0.003401264549827929,73,0.010664421075912698
transformer,transformer_div_rho0.02_wd0.1_tiersNone,1001,div,0.02,0.1,final,dlog,out,56,0.004779659719523155,32,0.010664421075912698
transformer,transformer_div_rho0.02_wd0.1_tiersNone,1001,div,0.02,0.1,final,dlog,out,57,0.003932031266993619,61,0.010664421075912698
transformer,transformer_div_rho0.02_wd0.1_tiersNone,1001,div,0.02,0.1,final,dlog,out,58,0.004942171924525506,27,0.010664421075912698
transformer,transformer_div_rho0.02_wd0.1_tiersNone,1001,div,0.02,0.1,final,dlog,out,59,0.004318239495050068,45,0.010664421075912698
transformer,transformer_div_rho0.02_wd0.1_tiersNone,1001,div,0.02,0.1,final,dlog,out,60,0.0046054820256341234,36,0.010664421075912698
transformer,transformer_div_rho0.02_wd0.1_tiersNone,1001,div,0.02,0.1,final,dlog,out,61,0.0041573126015684225,53,0.010664421075912698
transformer,transformer_div_rho0.02_wd0.1_tiersNone,1001,div,0.02,0.1,final,dlog,out,62,0.004109050508386002,56,0.010664421075912698
transformer,transformer_div_rho0.02_wd0.1_tiersNone,1001,div,0.02,0.1,final,dlog,out,63,0.013753049258515813,11,0.010664421075912698
transformer,transformer_div_rho0.02_wd0.1_tiersNone,1001,div,0.02,0.1,final,dlog,out,64,0.004256130717617555,47,0.010664421075912698
transformer,transformer_div_rho0.02_wd0.1_tiersNone,1001,div,0.02,0.1,final,dlog,out,65,0.004552916099559116,38,0.010664421075912698
transformer,transformer_div_rho0.02_wd0.1_tiersNone,1001,div,0.02,0.1,final,dlog,out,66,0.004069821664018986,57,0.010664421075912698
transformer,transformer_div_rho0.02_wd0.1_tiersNone,1001,div,0.02,0.1,final,dlog,out,67,0.00395056536175438,60,0.010664421075912698
transformer,transformer_div_rho0.02_wd0.1_tiersNone,1001,div,0.02,0.1,final,dlog,out,68,0.004444442414461445,42,0.010664421075912698
transformer,transformer_div_rho0.02_wd0.1_tiersNone,1001,div,0.02,0.1,final,dlog,out,69,0.005118711720894391,25,0.010664421075912698
transformer,transformer_div_rho0.02_wd0.1_tiersNone,1001,div,0.02,0.1,final,dlog,out,70,0.015218078051913945,10,0.010664421075912698
transformer,transformer_div_rho0.02_wd0.1_tiersNone,1001,div,0.02,0.1,final,dlog,out,71,0.004607192668230537,35,0.010664421075912698
transformer,transformer_div_rho0.02_wd0.1_tiersNone,1001,div,0.02,0.1,final,dlog,out,72,0.003786210632330283,64,0.010664421075912698
transformer,transformer_div_rho0.02_wd0.1_tiersNone,1001,div,0.02,0.1,final,dlog,out,73,0.004821249894987202,30,0.010664421075912698
transformer,transformer_div_rho0.02_wd0.1_tiersNone,1001,div,0.02,0.1,final,dlog,out,74,0.0557606599919995,9,0.010664421075912698
transformer,transformer_div_rho0.02_wd0.1_tiersNone,1002,div,0.02,0.1,final,dlog,in,1,0.001988538110622428,42,0.028882615994686455
transformer,transformer_div_rho0.02_wd0.1_tiersNone,1002,div,0.02,0.1,final,dlog,in,2,0.023110146615098196,10,0.028882615994686455
transformer,transformer_div_rho0.02_wd0.1_tiersNone,1002,div,0.02,0.1,final,dlog,in,3,0.001882198908542083,51,0.028882615994686455
transformer,transformer_div_rho0.02_wd0.1_tiersNone,1002,div,0.02,0.1,final,dlog,in,4,0.001828094643031372,58,0.028882615994686455
transformer,transformer_div_rho0.02_wd0.1_tiersNone,1002,div,0.02,0.1,final,dlog,in,5,0.001780556340076702,64,0.028882615994686455
transformer,transformer_div_rho0.02_wd0.1_tiersNone,1002,div,0.02,0.1,final,dlog,in,6,0.0016775497035654435,72,0.028882615994686455
transformer,transformer_div_rho0.02_wd0.1_tiersNone,1002,div,0.02,0.1,final,dlog,in,7,0.0020728842730251907,33,0.028882615994686455
transformer,transformer_div_rho0.02_wd0.1_tiersNone,1002,div,0.02,0.1,final,dlog,in,8,0.0019495282687217931,46,0.028882615994686455
transformer,transformer_div_rho0.02_wd0.1_tiersNone,1002,div,0.02,0.1,final,dlog,in,9,0.001823910009104161,59,0.028882615994686455
transformer,transformer_div_rho0.02_wd0.1_tiersNone,1002,div,0.02,0.1,final,dlog,in,10,0.002296590704006953,17,0.028882615994686455
transformer,transformer_div_rho0.02_wd0.1_tiersNone,1002,div,0.02,0.1,final,dlog,in,11,0.005574330370400226,12,0.028882615994686455
transformer,transformer_div_rho0.02_wd0.1_tiersNone,1002,div,0.02,0.1,final,dlog,in,12,0.0020168413433174115,37,0.028882615994686455
transformer,transformer_div_rho0.02_wd0.1_tiersNone,1002,div,0.02,0.1,final,dlog,in,13,0.0018673252851586766,53,0.028882615994686455
transformer,transformer_div_rho0.02_wd0.1_tiersNone,1002,div,0.02,0.1,final,dlog,in,14,0.0984654074200172,4,0.028882615994686455
transformer,transformer_div_rho0.02_wd0.1_tiersNone,1002,div,0.02,0.1,final,dlog,in,15,0.001999630051176542,40,0.028882615994686455
transformer,transformer_div_rho0.02_wd0.1_tiersNone,1002,div,0.02,0.1,final,dlog,in,16,0.0020387183393119203,36,0.028882615994686455
transformer,transformer_div_rho0.02_wd0.1_tiersNone,1002,div,0.02,0.1,final,dlog,in,17,0.002093144326380372,31,0.028882615994686455
transformer,transformer_div_rho0.02_wd0.1_tiersNone,1002,div,0.02,0.1,final,dlog,in,18,0.0023811108750892165,15,0.028882615994686455
transformer,transformer_div_rho0.02_wd0.1_tiersNone,1002,div,0.02,0.1,final,dlog,in,19,0.06717311493641735,9,0.028882615994686455
transformer,transformer_div_rho0.02_wd0.1_tiersNone,1002,div,0.02,0.1,final,dlog,in,20,0.0017694627981327403,67,0.028882615994686455
transformer,transformer_div_rho0.02_wd0.1_tiersNone,1002,div,0.02,0.1,final,dlog,in,21,0.0017732393963661817,65,0.028882615994686455
transformer,transformer_div_rho0.02_wd0.1_tiersNone,1002,div,0.02,0.1,final,dlog,in,22,0.0018496190122598984,56,0.028882615994686455
transformer,transformer_div_rho0.02_wd0.1_tiersNone,1002,div,0.02,0.1,final,dlog,in,23,0.002323069336457669,16,0.028882615994686455
transformer,transformer_div_rho0.02_wd0.1_tiersNone,1002,div,0.02,0.1,final,dlog,in,24,0.001973159343736134,44,0.028882615994686455
transformer,transformer_div_rho0.02_wd0.1_tiersNone,1002,div,0.02,0.1,final,dlog,in,25,0.00214795041683398,27,0.028882615994686455
transformer,transformer_div_rho0.02_wd0.1_tiersNone,1002,div,0.02,0.1,final,dlog,in,26,0.0021937422793215948,24,0.028882615994686455
transformer,transformer_div_rho0.02_wd0.1_tiersNone,1002,div,0.02,0.1,final,dlog,in,27,0.002102275833903332,30,0.028882615994686455
transformer,transformer_div_rho0.02_wd0.1_tiersNone,1002,div,0.02,0.1,final,dlog,in,28,0.0019880437860403614,43,0.028882615994686455
transformer,transformer_div_rho0.02_wd0.1_tiersNone,1002,div,0.02,0.1,final,dlog,in,29,0.002182044342514984,25,0.028882615994686455
transformer,transformer_div_rho0.02_wd0.1_tiersNone,1002,div,0.02,0.1,final,dlog,in,30,0.0024458671730498544,13,0.028882615994686455
transformer,transformer_div_rho0.02_wd0.1_tiersNone,1002,div,0.02,0.1,final,dlog,in,31,0.0022299664630717705,22,0.028882615994686455
transformer,transformer_div_rho0.02_wd0.1_tiersNone,1002,div,0.02,0.1,final,dlog,in,32,0.0023846814809022863,14,0.028882615994686455
transformer,transformer_div_rho0.02_wd0.1_tiersNone,1002,div,0.02,0.1,final,dlog,in,33,0.0019263158301899635,48,0.028882615994686455
transformer,transformer_div_rho0.02_wd0.1_tiersNone,1002,div,0.02,0.1,final,dlog,in,34,0.0017964938254953929,62,0.028882615994686455
transformer,transformer_div_rho0.02_wd0.1_tiersNone,1002,div,0.02,0.1,final,dlog,in,35,0.001711711292516174,71,0.028882615994686455
transformer,transformer_div_rho0.02_wd0.1_tiersNone,1002,div,0.02,0.1,final,dlog,in,36,0.002088257612943707,32,0.028882615994686455
transformer,transformer_div_rho0.02_wd0.1_tiersNone,1002,div,0.02,0.1,final,dlog,in,37,0.0016574371919794574,73,0.028882615994686455
transformer,transformer_div_rho0.02_wd0.1_tiersNone,1002,div,0.02,0.1,final,dlog,in,38,0.0019707422545287155,45,0.028882615994686455
transformer,transformer_div_rho0.02_wd0.1_tiersNone,1002,div,0.02,0.1,final,dlog,in,39,0.0018589780901213991,55,0.028882615994686455
transformer,transformer_div_rho0.02_wd0.1_tiersNone,1002,div,0.02,0.1,final,dlog,in,40,0.00225140560392242,21,0.028882615994686455
transformer,transformer_div_rho0.02_wd0.1_tiersNone,1002,div,0.02,0.1,final,dlog,in,41,0.0019356112633883002,47,0.028882615994686455
transformer,transformer_div_rho0.02_wd0.1_tiersNone,1002,div,0.02,0.1,final,dlog,in,42,0.0017714143293561086,66,0.028882615994686455
transformer,transformer_div_rho0.02_wd0.1_tiersNone,1002,div,0.02,0.1,final,dlog,in,43,0.0022733191422719817,19,0.028882615994686455
transformer,transformer_div_rho0.02_wd0.1_tiersNone,1002,div,0.02,0.1,final,dlog,in,44,0.0018810917972638085,52,0.028882615994686455
transformer,transformer_div_rho0.02_wd0.1_tiersNone,1002,div,0.02,0.1,final,dlog,in,45,0.0017392766548736704,68,0.028882615994686455
transformer,transformer_div_rho0.02_wd0.1_tiersNone,1002,div,0.02,0.1,final,dlog,in,46,0.0022142230366491685,23,0.028882615994686455
transformer,transformer_div_rho0.02_wd0.1_tiersNone,1002,div,0.02,0.1,final,dlog,in,47,0.0018117595194044034,60,0.028882615994686455
transformer,transformer_div_rho0.02_wd0.1_tiersNone,1002,div,0.02,0.1,final,dlog,in,48,0.0018881500980309676,50,0.028882615994686455
transformer,transformer_div_rho0.02_wd0.1_tiersNone,1002,div,0.02,0.1,final,dlog,in,49,0.002049890150330648,35,0.028882615994686455
transformer,transformer_div_rho0.02_wd0.1_tiersNone,1002,div,0.02,0.1,final,dlog,in,50,0.12053734068249677,1,0.028882615994686455
transformer,transformer_div_rho0.02_wd0.1_tiersNone,1002,div,0.02,0.1,final,dlog,in,51,0.0022567518701636915,20,0.028882615994686455
transformer,transformer_div_rho0.02_wd0.1_tiersNone,1002,div,0.02,0.1,final,dlog,in,52,0.08197303785972117,7,0.028882615994686455
transformer,transformer_div_rho0.02_wd0.1_tiersNone,1002,div,0.02,0.1,final,dlog,in,53,0.11541072595885045,2,0.028882615994686455
transformer,transformer_div_rho0.02_wd0.1_tiersNone,1002,div,0.02,0.1,final,dlog,in,54,0.09681160261651015,5,0.028882615994686455
transformer,transformer_div_rho0.02_wd0.1_tiersNone,1002,div,0.02,0.1,final,dlog,in,55,0.0017353371877097939,69,0.028882615994686455
transformer,transformer_div_rho0.02_wd0.1_tiersNone,1002,div,0.02,0.1,final,dlog,in,56,0.0020103243480690024,38,0.028882615994686455
transformer,transformer_div_rho0.02_wd0.1_tiersNone,1002,div,0.02,0.1,final,dlog,in,57,0.002133631772896505,28,0.028882615994686455
transformer,transformer_div_rho0.02_wd0.1_tiersNone,1002,div,0.02,0.1,final,dlog,in,58,0.002002167777117051,39,0.028882615994686455
transformer,transformer_div_rho0.02_wd0.1_tiersNone,1002,div,0.02,0.1,final,dlog,in,59,0.08641922972324867,6,0.028882615994686455
transformer,transformer_div_rho0.02_wd0.1_tiersNone,1002,div,0.02,0.1,final,dlog,in,60,0.009581060137497033,11,0.028882615994686455
transformer,transformer_div_rho0.02_wd0.1_tiersNone,1002,div,0.02,0.1,final,dlog,in,61,0.10304781474493724,3,0.028882615994686455
transformer,transformer_div_rho0.02_wd0.1_tiersNone,1002,div,0.02,0.1,final,dlog,in,62,0.001996705584287176,41,0.028882615994686455
transformer,transformer_div_rho0.02_wd0.1_tiersNone,1002,div,0.02,0.1,final,dlog,in,63,0.0018379390169038364,57,0.028882615994686455
transformer,transformer_div_rho0.02_wd0.1_tiersNone,1002,div,0.02,0.1,final,dlog,in,64,0.0018897737306578103,49,0.028882615994686455
transformer,transformer_div_rho0.02_wd0.1_tiersNone,1002,div,0.02,0.1,final,dlog,in,65,0.002294117126752118,18,0.028882615994686455
transformer,transformer_div_rho0.02_wd0.1_tiersNone,1002,div,0.02,0.1,final,dlog,in,66,0.0021273176994645172,29,0.028882615994686455
transformer,transformer_div_rho0.02_wd0.1_tiersNone,1002,div,0.02,0.1,final,dlog,in,67,0.0018637550766778476,54,0.028882615994686455
transformer,transformer_div_rho0.02_wd0.1_tiersNone,1002,div,0.02,0.1,final,dlog,in,68,0.0016543483482096386,74,0.028882615994686455
transformer,transformer_div_rho0.02_wd0.1_tiersNone,1002,div,0.02,0.1,final,dlog,in,69,0.0018110189365877817,61,0.028882615994686455
transformer,transformer_div_rho0.02_wd0.1_tiersNone,1002,div,0.02,0.1,final,dlog,in,70,0.001785031801829711,63,0.028882615994686455
transformer,transformer_div_rho0.02_wd0.1_tiersNone,1002,div,0.02,0.1,final,dlog,in,71,0.0021803477391620476,26,0.028882615994686455
transformer,transformer_div_rho0.02_wd0.1_tiersNone,1002,div,0.02,0.1,final,dlog,in,72,0.002066279073385868,34,0.028882615994686455
transformer,transformer_div_rho0.02_wd0.1_tiersNone,1002,div,0.02,0.1,final,dlog,in,73,0.0017306480575199662,70,0.028882615994686455
transformer,transformer_div_rho0.02_wd0.1_tiersNone,1002,div,0.02,0.1,final,dlog,in,74,0.06863487325042399,8,0.028882615994686455
transformer,transformer_div_rho0.02_wd0.1_tiersNone,1002,div,0.02,0.1,final,dlog,out,1,0.006443332076451192,20,0.010286829898926018
transformer,transformer_div_rho0.02_wd0.1_tiersNone,1002,div,0.02,0.1,final,dlog,out,2,0.012710755468566263,10,0.010286829898926018
transformer,transformer_div_rho0.02_wd0.1_tiersNone,1002,div,0.02,0.1,final,dlog,out,3,0.005934678836682207,28,0.010286829898926018
transformer,transformer_div_rho0.02_wd0.1_tiersNone,1002,div,0.02,0.1,final,dlog,out,4,0.005516754110182556,40,0.010286829898926018
transformer,transformer_div_rho0.02_wd0.1_tiersNone,1002,div,0.02,0.1,final,dlog,out,5,0.0046333100831256495,54,0.010286829898926018
transformer,transformer_div_rho0.02_wd0.1_tiersNone,1002,div,0.02,0.1,final,dlog,out,6,0.005452050554949336,41,0.010286829898926018
transformer,transformer_div_rho0.02_wd0.1_tiersNone,1002,div,0.02,0.1,final,dlog,out,7,0.005669733015548363,36,0.010286829898926018
transformer,transformer_div_rho0.02_wd0.1_tiersNone,1002,div,0.02,0.1,final,dlog,out,8,0.006252740026878886,24,0.010286829898926018
transformer,transformer_div_rho0.02_wd0.1_tiersNone,1002,div,0.02,0.1,final,dlog,out,9,0.006144745558129524,26,0.010286829898926018
transformer,transformer_div_rho0.02_wd0.1_tiersNone,1002,div,0.02,0.1,final,dlog,out,10,0.0045312614604203025,57,0.010286829898926018
transformer,transformer_div_rho0.02_wd0.1_tiersNone,1002,div,0.02,0.1,final,dlog,out,11,0.007581257715458239,15,0.010286829898926018
transformer,transformer_div_rho0.02_wd0.1_tiersNone,1002,div,0.02,0.1,final,dlog,out,12,0.003744923722757128,69,0.010286829898926018
transformer,transformer_div_rho0.02_wd0.1_tiersNone,1002,div,0.02,0.1,final,dlog,out,13,0.008246320535258157,14,0.010286829898926018
transformer,transformer_div_rho0.02_wd0.1_tiersNone,1002,div,0.02,0.1,final,dlog,out,14,0.07348538817473844,5,0.010286829898926018
transformer,transformer_div_rho0.02_wd0.1_tiersNone,1002,div,0.02,0.1,final,dlog,out,15,0.006707405693253854,19,0.010286829898926018
transformer,transformer_div_rho0.02_wd0.1_tiersNone,1002,div,0.02,0.1,final,dlog,out,16,0.004096370759352919,63,0.010286829898926018
transformer,transformer_div_rho0.02_wd0.1_tiersNone,1002,div,0.02,0.1,final,dlog,out,17,0.0036041995194100347,72,0.010286829898926018
transformer,transformer_div_rho0.02_wd0.1_tiersNone,1002,div,0.02,0.1,final,dlog,out,18,0.0034757598810870954,73,0.010286829898926018
transformer,transformer_div_rho0.02_wd0.1_tiersNone,1002,div,0.02,0.1,final,dlog,out,19,0.023952373802867036,9,0.010286829898926018
transformer,transformer_div_rho0.02_wd0.1_tiersNone,1002,div,0.02,0.1,final,dlog,out,20,0.005858939419652057,29,0.010286829898926018
transformer,transformer_div_rho0.02_wd0.1_tiersNone,1002,div,0.02,0.1,final,dlog,out,21,0.009886446120776738,12,0.010286829898926018
transformer,transformer_div_rho0.02_wd0.1_tiersNone,1002,div,0.02,0.1,final,dlog,out,22,0.005641767752602071,38,0.010286829898926018
transformer,transformer_div_rho0.02_wd0.1_tiersNone,1002,div,0.02,0.1,final,dlog,out,23,0.003194487214191395,74,0.010286829898926018
transformer,transformer_div_rho0.02_wd0.1_tiersNone,1002,div,0.02,0.1,final,dlog,out,24,0.009640037852861324,13,0.010286829898926018
transformer,transformer_div_rho0.02_wd0.1_tiersNone,1002,div,0.02,0.1,final,dlog,out,25,0.0038374719278100144,66,0.010286829898926018
transformer,transformer_div_rho0.02_wd0.1_tiersNone,1002,div,0.02,0.1,final,dlog,out,26,0.005237495045753249,45,0.010286829898926018
transformer,transformer_div_rho0.02_wd0.1_tiersNone,1002,div,0.02,0.1,final,dlog,out,27,0.0036647736161332053,70,0.010286829898926018
transformer,transformer_div_rho0.02_wd0.1_tiersNone,1002,div,0.02,0.1,final,dlog,out,28,0.006290605103142918,22,0.010286829898926018
transformer,transformer_div_rho0.02_wd0.1_tiersNone,1002,div,0.02,0.1,final,dlog,out,29,0.004297994394651774,60,0.010286829898926018
transformer,transformer_div_rho0.02_wd0.1_tiersNone,1002,div,0.02,0.1,final,dlog,out,30,0.0054365289327624,42,0.010286829898926018
transformer,transformer_div_rho0.02_wd0.1_tiersNone,1002,div,0.02,0.1,final,dlog,out,31,0.004729757750159599,50,0.010286829898926018
transformer,transformer_div_rho0.02_wd0.1_tiersNone,1002,div,0.02,0.1,final,dlog,out,32,0.00405706638597773,64,0.010286829898926018
transformer,transformer_div_rho0.02_wd0.1_tiersNone,1002,div,0.02,0.1,final,dlog,out,33,0.005741868031737863,32,0.010286829898926018
transformer,transformer_div_rho0.02_wd0.1_tiersNone,1002,div,0.02,0.1,final,dlog,out,34,0.006314048029765757,21,0.010286829898926018
transformer,transformer_div_rho0.02_wd0.1_tiersNone,1002,div,0.02,0.1,final,dlog,out,35,0.006156449222015453,25,0.010286829898926018
transformer,transformer_div_rho0.02_wd0.1_tiersNone,1002,div,0.02,0.1,final,dlog,out,36,0.0070368080591661514,18,0.010286829898926018
transformer,transformer_div_rho0.02_wd0.1_tiersNone,1002,div,0.02,0.1,final,dlog,out,37,0.005318426798643576,43,0.010286829898926018
transformer,transformer_div_rho0.02_wd0.1_tiersNone,1002,div,0.02,0.1,final,dlog,out,38,0.0052574365036743165,44,0.010286829898926018
transformer,transformer_div_rho0.02_wd0.1_tiersNone,1002,div,0.02,0.1,final,dlog,out,39,0.006263053060288442,23,0.010286829898926018
transformer,transformer_div_rho0.02_wd0.1_tiersNone,1002,div,0.02,0.1,final,dlog,out,40,0.005527153739603683,39,0.010286829898926018
transformer,transformer_div_rho0.02_wd0.1_tiersNone,1002,div,0.02,0.1,final,dlog,out,41,0.0049885751637274425,47,0.010286829898926018
transformer,transformer_div_rho0.02_wd0.1_tiersNone,1002,div,0.02,0.1,final,dlog,out,42,0.007141770753795534,17,0.010286829898926018
transformer,transformer_div_rho0.02_wd0.1_tiersNone,1002,div,0.02,0.1,final,dlog,out,43,0.006089636317911613,27,0.010286829898926018
transformer,transformer_div_rho0.02_wd0.1_tiersNone,1002,div,0.02,0.1,final,dlog,out,44,0.005840388778925544,31,0.010286829898926018
transformer,transformer_div_rho0.02_wd0.1_tiersNone,1002,div,0.02,0.1,final,dlog,out,45,0.007157437348461439,16,0.010286829898926018
transformer,transformer_div_rho0.02_wd0.1_tiersNone,1002,div,0.02,0.1,final,dlog,out,46,0.00519683416445211,46,0.010286829898926018
transformer,transformer_div_rho0.02_wd0.1_tiersNone,1002,div,0.02,0.1,final,dlog,out,47,0.004682430473086733,52,0.010286829898926018
transformer,transformer_div_rho0.02_wd0.1_tiersNone,1002,div,0.02,0.1,final,dlog,out,48,0.005650815592612552,37,0.010286829898926018
transformer,transformer_div_rho0.02_wd0.1_tiersNone,1002,div,0.02,0.1,final,dlog,out,49,0.004439576043507694,58,0.010286829898926018
transformer,transformer_div_rho0.02_wd0.1_tiersNone,1002,div,0.02,0.1,final,dlog,out,50,0.09693634977991834,1,0.010286829898926018
transformer,transformer_div_rho0.02_wd0.1_tiersNone,1002,div,0.02,0.1,final,dlog,out,51,0.004538663216042124,56,0.010286829898926018
transformer,transformer_div_rho0.02_wd0.1_tiersNone,1002,div,0.02,0.1,final,dlog,out,52,0.06520899679346011,7,0.010286829898926018
transformer,transformer_div_rho0.02_wd0.1_tiersNone,1002,div,0.02,0.1,final,dlog,out,53,0.09075584331246465,2,0.010286829898926018
transformer,transformer_div_rho0.02_wd0.1_tiersNone,1002,div,0.02,0.1,final,dlog,out,54,0.08184053934315498,4,0.010286829898926018
transformer,transformer_div_rho0.02_wd0.1_tiersNone,1002,div,0.02,0.1,final,dlog,out,55,0.005844323859404908,30,0.010286829898926018
transformer,transformer_div_rho0.02_wd0.1_tiersNone,1002,div,0.02,0.1,final,dlog,out,56,0.003951796249927352,65,0.010286829898926018
transformer,transformer_div_rho0.02_wd0.1_tiersNone,1002,div,0.02,0.1,final,dlog,out,57,0.004345195609809807,59,0.010286829898926018
transformer,transformer_div_rho0.02_wd0.1_tiersNone,1002,div,0.02,0.1,final,dlog,out,58,0.004139477699969581,61,0.010286829898926018
transformer,transformer_div_rho0.02_wd0.1_tiersNone,1002,div,0.02,0.1,final,dlog,out,59,0.06875487595607077,6,0.010286829898926018
transformer,transformer_div_rho0.02_wd0.1_tiersNone,1002,div,0.02,0.1,final,dlog,out,60,0.011661468041777177,11,0.010286829898926018
transformer,transformer_div_rho0.02_wd0.1_tiersNone,1002,div,0.02,0.1,final,dlog,out,61,0.08686055123369398,3,0.010286829898926018
transformer,transformer_div_rho0.02_wd0.1_tiersNone,1002,div,0.02,0.1,final,dlog,out,62,0.0038349042972557067,67,0.010286829898926018
transformer,transformer_div_rho0.02_wd0.1_tiersNone,1002,div,0.02,0.1,final,dlog,out,63,0.0037586240058499715,68,0.010286829898926018
transformer,transformer_div_rho0.02_wd0.1_tiersNone,1002,div,0.02,0.1,final,dlog,out,64,0.004893991079429905,49,0.010286829898926018
transformer,transformer_div_rho0.02_wd0.1_tiersNone,1002,div,0.02,0.1,final,dlog,out,65,0.003621032146180968,71,0.010286829898926018
transformer,transformer_div_rho0.02_wd0.1_tiersNone,1002,div,0.02,0.1,final,dlog,out,66,0.004710671769126714,51,0.010286829898926018
transformer,transformer_div_rho0.02_wd0.1_tiersNone,1002,div,0.02,0.1,final,dlog,out,67,0.00498381468965561,48,0.010286829898926018
transformer,transformer_div_rho0.02_wd0.1_tiersNone,1002,div,0.02,0.1,final,dlog,out,68,0.005700524574449772,34,0.010286829898926018
transformer,transformer_div_rho0.02_wd0.1_tiersNone,1002,div,0.02,0.1,final,dlog,out,69,0.004547090163598683,55,0.010286829898926018
transformer,transformer_div_rho0.02_wd0.1_tiersNone,1002,div,0.02,0.1,final,dlog,out,70,0.004675487857004861,53,0.010286829898926018
transformer,transformer_div_rho0.02_wd0.1_tiersNone,1002,div,0.02,0.1,final,dlog,out,71,0.004110322575097313,62,0.010286829898926018
transformer,transformer_div_rho0.02_wd0.1_tiersNone,1002,div,0.02,0.1,final,dlog,out,72,0.00569406518320203,35,0.010286829898926018
transformer,transformer_div_rho0.02_wd0.1_tiersNone,1002,div,0.02,0.1,final,dlog,out,73,0.005737267114857411,33,0.010286829898926018
transformer,transformer_div_rho0.02_wd0.1_tiersNone,1002,div,0.02,0.1,final,dlog,out,74,0.05013468285562971,8,0.010286829898926018
transformer,transformer_div_rho0_wd0.1_tiersNone,1000,div,0.0,0.1,final,dlog,in,1,0.11804982371974376,1,0.008629756453752715
transformer,transformer_div_rho0_wd0.1_tiersNone,1000,div,0.0,0.1,final,dlog,in,2,0.0013869437304827236,73,0.008629756453752715
transformer,transformer_div_rho0_wd0.1_tiersNone,1000,div,0.0,0.1,final,dlog,in,3,0.0014625591545634469,69,0.008629756453752715
transformer,transformer_div_rho0_wd0.1_tiersNone,1000,div,0.0,0.1,final,dlog,in,4,0.003044061825086897,19,0.008629756453752715
transformer,transformer_div_rho0_wd0.1_tiersNone,1000,div,0.0,0.1,final,dlog,in,5,0.0016128548418553777,51,0.008629756453752715
transformer,transformer_div_rho0_wd0.1_tiersNone,1000,div,0.0,0.1,final,dlog,in,6,0.0015783748828618002,56,0.008629756453752715
transformer,transformer_div_rho0_wd0.1_tiersNone,1000,div,0.0,0.1,final,dlog,in,7,0.09466414665949534,4,0.008629756453752715
transformer,transformer_div_rho0_wd0.1_tiersNone,1000,div,0.0,0.1,final,dlog,in,8,0.0018517071644007096,27,0.008629756453752715
transformer,transformer_div_rho0_wd0.1_tiersNone,1000,div,0.0,0.1,final,dlog,in,9,0.0015112076728032466,66,0.008629756453752715
transformer,transformer_div_rho0_wd0.1_tiersNone,1000,div,0.0,0.1,final,dlog,in,10,0.0015877274590175873,55,0.008629756453752715
transformer,transformer_div_rho0_wd0.1_tiersNone,1000,div,0.0,0.1,final,dlog,in,11,0.0016559574356953223,44,0.008629756453752715
transformer,transformer_div_rho0_wd0.1_tiersNone,1000,div,0.0,0.1,final,dlog,in,12,0.039785443365330235,9,0.008629756453752715
transformer,transformer_div_rho0_wd0.1_tiersNone,1000,div,0.0,0.1,final,dlog,in,13,0.001772093112206458,35,0.008629756453752715
transformer,transformer_div_rho0_wd0.1_tiersNone,1000,div,0.0,0.1,final,dlog,in,14,0.0017612977838548074,36,0.008629756453752715
transformer,transformer_div_rho0_wd0.1_tiersNone,1000,div,0.0,0.1,final,dlog,in,15,0.001812469814447383,30,0.008629756453752715
transformer,transformer_div_rho0_wd0.1_tiersNone,1000,div,0.0,0.1,final,dlog,in,16,0.001534331757610244,62,0.008629756453752715
transformer,transformer_div_rho0_wd0.1_tiersNone,1000,div,0.0,0.1,final,dlog,in,17,0.026976382008068806,11,0.008629756453752715
transformer,transformer_div_rho0_wd0.1_tiersNone,1000,div,0.0,0.1,final,dlog,in,18,0.014966228398307161,14,0.008629756453752715
transformer,transformer_div_rho0_wd0.1_tiersNone,1000,div,0.0,0.1,final,dlog,in,19,0.017383381950003017,13,0.008629756453752715
transformer,transformer_div_rho0_wd0.1_tiersNone,1000,div,0.0,0.1,final,dlog,in,20,0.001663026899824268,43,0.008629756453752715
transformer,transformer_div_rho0_wd0.1_tiersNone,1000,div,0.0,0.1,final,dlog,in,21,0.0017515701998217777,37,0.008629756453752715
transformer,transformer_div_rho0_wd0.1_tiersNone,1000,div,0.0,0.1,final,dlog,in,22,0.001772637443038382,34,0.008629756453752715
transformer,transformer_div_rho0_wd0.1_tiersNone,1000,div,0.0,0.1,final,dlog,in,23,0.0015950771189720387,53,0.008629756453752715
transformer,transformer_div_rho0_wd0.1_tiersNone,1000,div,0.0,0.1,final,dlog,in,24,0.013215580076960593,15,0.008629756453752715
transformer,transformer_div_rho0_wd0.1_tiersNone,1000,div,0.0,0.1,final,dlog,in,25,0.001613402568026438,50,0.008629756453752715
transformer,transformer_div_rho0_wd0.1_tiersNone,1000,div,0.0,0.1,final,dlog,in,26,0.001642268885488152,46,0.008629756453752715
transformer,transformer_div_rho0_wd0.1_tiersNone,1000,div,0.0,0.1,final,dlog,in,27,0.0017190995367809042,40,0.008629756453752715
transformer,transformer_div_rho0_wd0.1_tiersNone,1000,div,0.0,0.1,final,dlog,in,28,0.0017995078079351804,32,0.008629756453752715
transformer,transformer_div_rho0_wd0.1_tiersNone,1000,div,0.0,0.1,final,dlog,in,29,0.001490827592684885,67,0.008629756453752715
transformer,transformer_div_rho0_wd0.1_tiersNone,1000,div,0.0,0.1,final,dlog,in,30,0.0035722229926613822,17,0.008629756453752715
transformer,transformer_div_rho0_wd0.1_tiersNone,1000,div,0.0,0.1,final,dlog,in,31,0.0018099593691571908,31,0.008629756453752715
transformer,transformer_div_rho0_wd0.1_tiersNone,1000,div,0.0,0.1,final,dlog,in,32,0.0015457633039766478,60,0.008629756453752715
transformer,transformer_div_rho0_wd0.1_tiersNone,1000,div,0.0,0.1,final,dlog,in,33,0.0015158559109386743,64,0.008629756453752715
transformer,transformer_div_rho0_wd0.1_tiersNone,1000,div,0.0,0.1,final,dlog,in,34,0.0015594347724696203,59,0.008629756453752715
transformer,transformer_div_rho0_wd0.1_tiersNone,1000,div,0.0,0.1,final,dlog,in,35,0.0015979202401221763,52,0.008629756453752715
transformer,transformer_div_rho0_wd0.1_tiersNone,1000,div,0.0,0.1,final,dlog,in,36,0.0025811918158568964,21,0.008629756453752715
transformer,transformer_div_rho0_wd0.1_tiersNone,1000,div,0.0,0.1,final,dlog,in,37,0.0013362832038404915,74,0.008629756453752715
transformer,transformer_div_rho0_wd0.1_tiersNone,1000,div,0.0,0.1,final,dlog,in,38,0.001969662370803981,24,0.008629756453752715
transformer,transformer_div_rho0_wd0.1_tiersNone,1000,div,0.0,0.1,final,dlog,in,39,0.0015685629285266242,57,0.008629756453752715
transformer,transformer_div_rho0_wd0.1_tiersNone,1000,div,0.0,0.1,final,dlog,in,40,0.002829829513707817,20,0.008629756453752715
transformer,transformer_div_rho0_wd0.1_tiersNone,1000,div,0.0,0.1,final,dlog,in,41,0.0013942630754722252,72,0.008629756453752715
transformer,transformer_div_rho0_wd0.1_tiersNone,1000,div,0.0,0.1,final,dlog,in,42,0.09698966023020057,3,0.008629756453752715
transformer,transformer_div_rho0_wd0.1_tiersNone,1000,div,0.0,0.1,final,dlog,in,43,0.0015279173629007537,63,0.008629756453752715
transformer,transformer_div_rho0_wd0.1_tiersNone,1000,div,0.0,0.1,final,dlog,in,44,0.0019624058743770868,25,0.008629756453752715
transformer,transformer_div_rho0_wd0.1_tiersNone,1000,div,0.0,0.1,final,dlog,in,45,0.0014785363066061683,68,0.008629756453752715
transformer,transformer_div_rho0_wd0.1_tiersNone,1000,div,0.0,0.1,final,dlog,in,46,0.08320329342457634,6,0.008629756453752715
transformer,transformer_div_rho0_wd0.1_tiersNone,1000,div,0.0,0.1,final,dlog,in,47,0.002035167033161238,23,0.008629756453752715
transformer,transformer_div_rho0_wd0.1_tiersNone,1000,div,0.0,0.1,final,dlog,in,48,0.0017439952821362338,39,0.008629756453752715
transformer,transformer_div_rho0_wd0.1_tiersNone,1000,div,0.0,0.1,final,dlog,in,49,0.0015126358896441826,65,0.008629756453752715
transformer,transformer_div_rho0_wd0.1_tiersNone,1000,div,0.0,0.1,final,dlog,in,50,0.0016781554860219163,42,0.008629756453752715
transformer,transformer_div_rho0_wd0.1_tiersNone,1000,div,0.0,0.1,final,dlog,in,51,0.001860798877449658,26,0.008629756453752715
transformer,transformer_div_rho0_wd0.1_tiersNone,1000,div,0.0,0.1,final,dlog,in,52,0.0016149927752055718,49,0.008629756453752715
transformer,transformer_div_rho0_wd0.1_tiersNone,1000,div,0.0,0.1,final,dlog,in,53,0.0015452134977534393,61,0.008629756453752715
transformer,transformer_div_rho0_wd0.1_tiersNone,1000,div,0.0,0.1,final,dlog,in,54,0.0014146913015793219,71,0.008629756453752715
transformer,transformer_div_rho0_wd0.1_tiersNone,1000,div,0.0,0.1,final,dlog,in,55,0.0015683977196872066,58,0.008629756453752715
transformer,transformer_div_rho0_wd0.1_tiersNone,1000,div,0.0,0.1,final,dlog,in,56,0.001821156864627902,29,0.008629756453752715
transformer,transformer_div_rho0_wd0.1_tiersNone,1000,div,0.0,0.1,final,dlog,in,57,0.0017082217520183554,41,0.008629756453752715
transformer,transformer_div_rho0_wd0.1_tiersNone,1000,div,0.0,0.1,final,dlog,in,58,0.0017865165232066873,33,0.008629756453752715
transformer,transformer_div_rho0_wd0.1_tiersNone,1000,div,0.0,0.1,final,dlog,in,59,0.0018512734097624918,28,0.008629756453752715
transformer,transformer_div_rho0_wd0.1_tiersNone,1000,div,0.0,0.1,final,dlog,in,60,0.002202749844615994,22,0.008629756453752715
transformer,transformer_div_rho0_wd0.1_tiersNone,1000,div,0.0,0.1,final,dlog,in,61,0.0016344174913456317,47,0.008629756453752715
transformer,transformer_div_rho0_wd0.1_tiersNone,1000,div,0.0,0.1,final,dlog,in,62,0.03257443608274553,10,0.008629756453752715
transformer,transformer_div_rho0_wd0.1_tiersNone,1000,div,0.0,0.1,final,dlog,in,63,0.0017476332774293596,38,0.008629756453752715
transformer,transformer_div_rho0_wd0.1_tiersNone,1000,div,0.0,0.1,final,dlog,in,64,0.0574807340679416,8,0.008629756453752715
transformer,transformer_div_rho0_wd0.1_tiersNone,1000,div,0.0,0.1,final,dlog,in,65,0.11000931686361427,2,0.008629756453752715
transformer,transformer_div_rho0_wd0.1_tiersNone,1000,div,0.0,0.1,final,dlog,in,66,0.007903091923531995,16,0.008629756453752715
transformer,transformer_div_rho0_wd0.1_tiersNone,1000,div,0.0,0.1,final,dlog,in,67,0.0016159726433944935,48,0.008629756453752715
transformer,transformer_div_rho0_wd0.1_tiersNone,1000,div,0.0,0.1,final,dlog,in,68,0.001653266683692931,45,0.008629756453752715
transformer,transformer_div_rho0_wd0.1_tiersNone,1000,div,0.0,0.1,final,dlog,in,69,0.0014416210647783456,70,0.008629756453752715
transformer,transformer_div_rho0_wd0.1_tiersNone,1000,div,0.0,0.1,final,dlog,in,70,0.0923677584344176,5,0.008629756453752715
transformer,transformer_div_rho0_wd0.1_tiersNone,1000,div,0.0,0.1,final,dlog,in,71,0.022231528996541714,12,0.008629756453752715
transformer,transformer_div_rho0_wd0.1_tiersNone,1000,div,0.0,0.1,final,dlog,in,72,0.003340356270539264,18,0.008629756453752715
transformer,transformer_div_rho0_wd0.1_tiersNone,1000,div,0.0,0.1,final,dlog,in,73,0.0015898964935400976,54,0.008629756453752715
transformer,transformer_div_rho0_wd0.1_tiersNone,1000,div,0.0,0.1,final,dlog,in,74,0.06896324988805548,7,0.008629756453752715
transformer,transformer_div_rho0_wd0.1_tiersNone,1000,div,0.0,0.1,final,dlog,out,1,0.12185764454132411,2,0.0019059131671811391
transformer,transformer_div_rho0_wd0.1_tiersNone,1000,div,0.0,0.1,final,dlog,out,2,0.004775313129543021,38,0.0019059131671811391
transformer,transformer_div_rho0_wd0.1_tiersNone,1000,div,0.0,0.1,final,dlog,out,3,0.003179672662352645,65,0.0019059131671811391
transformer,transformer_div_rho0_wd0.1_tiersNone,1000,div,0.0,0.1,final,dlog,out,4,0.01263842193283789,16,0.0019059131671811391
transformer,transformer_div_rho0_wd0.1_tiersNone,1000,div,0.0,0.1,final,dlog,out,5,0.003980569919972832,48,0.0019059131671811391
transformer,transformer_div_rho0_wd0.1_tiersNone,1000,div,0.0,0.1,final,dlog,out,6,0.006325176793678824,25,0.0019059131671811391
transformer,transformer_div_rho0_wd0.1_tiersNone,1000,div,0.0,0.1,final,dlog,out,7,0.03406417787629114,6,0.0019059131671811391
transformer,transformer_div_rho0_wd0.1_tiersNone,1000,div,0.0,0.1,final,dlog,out,8,0.005825284313398316,29,0.0019059131671811391
transformer,transformer_div_rho0_wd0.1_tiersNone,1000,div,0.0,0.1,final,dlog,out,9,0.010793155603541542,18,0.0019059131671811391
transformer,transformer_div_rho0_wd0.1_tiersNone,1000,div,0.0,0.1,final,dlog,out,10,0.005375371292406918,33,0.0019059131671811391
transformer,transformer_div_rho0_wd0.1_tiersNone,1000,div,0.0,0.1,final,dlog,out,11,0.0038154234136858864,50,0.0019059131671811391
transformer,transformer_div_rho0_wd0.1_tiersNone,1000,div,0.0,0.1,final,dlog,out,12,0.024863751223852443,9,0.0019059131671811391
transformer,transformer_div_rho0_wd0.1_tiersNone,1000,div,0.0,0.1,final,dlog,out,13,0.004985084579976323,36,0.0019059131671811391
transformer,transformer_div_rho0_wd0.1_tiersNone,1000,div,0.0,0.1,final,dlog,out,14,0.004277346870789713,41,0.0019059131671811391
transformer,transformer_div_rho0_wd0.1_tiersNone,1000,div,0.0,0.1,final,dlog,out,15,0.00358766097612934,54,0.0019059131671811391
transformer,transformer_div_rho0_wd0.1_tiersNone,1000,div,0.0,0.1,final,dlog,out,16,0.0033421977271888338,61,0.0019059131671811391
transformer,transformer_div_rho0_wd0.1_tiersNone,1000,div,0.0,0.1,final,dlog,out,17,0.016951797477408298,12,0.0019059131671811391
transformer,transformer_div_rho0_wd0.1_tiersNone,1000,div,0.0,0.1,final,dlog,out,18,0.013524633860808818,15,0.0019059131671811391
transformer,transformer_div_rho0_wd0.1_tiersNone,1000,div,0.0,0.1,final,dlog,out,19,0.015249597174712349,13,0.0019059131671811391
transformer,transformer_div_rho0_wd0.1_tiersNone,1000,div,0.0,0.1,final,dlog,out,20,0.0036129817089046562,53,0.0019059131671811391
transformer,transformer_div_rho0_wd0.1_tiersNone,1000,div,0.0,0.1,final,dlog,out,21,0.0029397626403151285,68,0.0019059131671811391
transformer,transformer_div_rho0_wd0.1_tiersNone,1000,div,0.0,0.1,final,dlog,out,22,0.00441525591982501,39,0.0019059131671811391
transformer,transformer_div_rho0_wd0.1_tiersNone,1000,div,0.0,0.1,final,dlog,out,23,0.005519442675883637,30,0.0019059131671811391
transformer,transformer_div_rho0_wd0.1_tiersNone,1000,div,0.0,0.1,final,dlog,out,24,0.011288188496218534,17,0.0019059131671811391
transformer,transformer_div_rho0_wd0.1_tiersNone,1000,div,0.0,0.1,final,dlog,out,25,0.0034654894028710295,59,0.0019059131671811391
transformer,transformer_div_rho0_wd0.1_tiersNone,1000,div,0.0,0.1,final,dlog,out,26,0.0039007750387414376,49,0.0019059131671811391
transformer,transformer_div_rho0_wd0.1_tiersNone,1000,div,0.0,0.1,final,dlog,out,27,0.003228115345961818,64,0.0019059131671811391
transformer,transformer_div_rho0_wd0.1_tiersNone,1000,div,0.0,0.1,final,dlog,out,28,0.006241938418128137,26,0.0019059131671811391
transformer,transformer_div_rho0_wd0.1_tiersNone,1000,div,0.0,0.1,final,dlog,out,29,0.003333250532146427,62,0.0019059131671811391
transformer,transformer_div_rho0_wd0.1_tiersNone,1000,div,0.0,0.1,final,dlog,out,30,0.005503735764416255,31,0.0019059131671811391
transformer,transformer_div_rho0_wd0.1_tiersNone,1000,div,0.0,0.1,final,dlog,out,31,0.0035383723076598127,56,0.0019059131671811391
transformer,transformer_div_rho0_wd0.1_tiersNone,1000,div,0.0,0.1,final,dlog,out,32,0.008838612584588224,19,0.0019059131671811391
transformer,transformer_div_rho0_wd0.1_tiersNone,1000,div,0.0,0.1,final,dlog,out,33,0.003059066402460339,66,0.0019059131671811391
transformer,transformer_div_rho0_wd0.1_tiersNone,1000,div,0.0,0.1,final,dlog,out,34,0.002740454007932232,74,0.0019059131671811391
transformer,transformer_div_rho0_wd0.1_tiersNone,1000,div,0.0,0.1,final,dlog,out,35,0.0038136581234318795,51,0.0019059131671811391
transformer,transformer_div_rho0_wd0.1_tiersNone,1000,div,0.0,0.1,final,dlog,out,36,0.005948485783235741,27,0.0019059131671811391
transformer,transformer_div_rho0_wd0.1_tiersNone,1000,div,0.0,0.1,final,dlog,out,37,0.003285688932840389,63,0.0019059131671811391
transformer,transformer_div_rho0_wd0.1_tiersNone,1000,div,0.0,0.1,final,dlog,out,38,0.004118597133851561,45,0.0019059131671811391
transformer,transformer_div_rho0_wd0.1_tiersNone,1000,div,0.0,0.1,final,dlog,out,39,0.0029356340559661635,69,0.0019059131671811391
transformer,transformer_div_rho0_wd0.1_tiersNone,1000,div,0.0,0.1,final,dlog,out,40,0.005298887169939956,34,0.0019059131671811391
transformer,transformer_div_rho0_wd0.1_tiersNone,1000,div,0.0,0.1,final,dlog,out,41,0.004394744517379684,40,0.0019059131671811391
transformer,transformer_div_rho0_wd0.1_tiersNone,1000,div,0.0,0.1,final,dlog,out,42,0.1422672029444012,1,0.0019059131671811391
transformer,transformer_div_rho0_wd0.1_tiersNone,1000,div,0.0,0.1,final,dlog,out,43,0.005001191228624386,35,0.0019059131671811391
transformer,transformer_div_rho0_wd0.1_tiersNone,1000,div,0.0,0.1,final,dlog,out,44,0.0035561243146415016,55,0.0019059131671811391
transformer,transformer_div_rho0_wd0.1_tiersNone,1000,div,0.0,0.1,final,dlog,out,45,0.00420598248740021,42,0.0019059131671811391
transformer,transformer_div_rho0_wd0.1_tiersNone,1000,div,0.0,0.1,final,dlog,out,46,0.04662227765373215,5,0.0019059131671811391
transformer,transformer_div_rho0_wd0.1_tiersNone,1000,div,0.0,0.1,final,dlog,out,47,0.005503525180566165,32,0.0019059131671811391
transformer,transformer_div_rho0_wd0.1_tiersNone,1000,div,0.0,0.1,final,dlog,out,48,0.0028535404153689553,70,0.0019059131671811391
transformer,transformer_div_rho0_wd0.1_tiersNone,1000,div,0.0,0.1,final,dlog,out,49,0.004017026823068247,47,0.0019059131671811391
transformer,transformer_div_rho0_wd0.1_tiersNone,1000,div,0.0,0.1,final,dlog,out,50,0.002807841754380991,72,0.0019059131671811391
transformer,transformer_div_rho0_wd0.1_tiersNone,1000,div,0.0,0.1,final,dlog,out,51,0.0027742734248647058,73,0.0019059131671811391
transformer,transformer_div_rho0_wd0.1_tiersNone,1000,div,0.0,0.1,final,dlog,out,52,0.0030417731373721503,67,0.0019059131671811391
transformer,transformer_div_rho0_wd0.1_tiersNone,1000,div,0.0,0.1,final,dlog,out,53,0.004177398044115591,43,0.0019059131671811391
transformer,transformer_div_rho0_wd0.1_tiersNone,1000,div,0.0,0.1,final,dlog,out,54,0.0034654272480737973,60,0.0019059131671811391
transformer,transformer_div_rho0_wd0.1_tiersNone,1000,div,0.0,0.1,final,dlog,out,55,0.0035220179810483286,57,0.0019059131671811391
transformer,transformer_div_rho0_wd0.1_tiersNone,1000,div,0.0,0.1,final,dlog,out,56,0.004125458519205903,44,0.0019059131671811391
transformer,transformer_div_rho0_wd0.1_tiersNone,1000,div,0.0,0.1,final,dlog,out,57,0.004903064893778086,37,0.0019059131671811391
transformer,transformer_div_rho0_wd0.1_tiersNone,1000,div,0.0,0.1,final,dlog,out,58,0.007486523879134804,22,0.0019059131671811391
transformer,transformer_div_rho0_wd0.1_tiersNone,1000,div,0.0,0.1,final,dlog,out,59,0.003493944348618475,58,0.0019059131671811391
transformer,transformer_div_rho0_wd0.1_tiersNone,1000,div,0.0,0.1,final,dlog,out,60,0.005891054571813412,28,0.0019059131671811391
transformer,transformer_div_rho0_wd0.1_tiersNone,1000,div,0.0,0.1,final,dlog,out,61,0.003670014953656055,52,0.0019059131671811391
transformer,transformer_div_rho0_wd0.1_tiersNone,1000,div,0.0,0.1,final,dlog,out,62,0.016986465817762624,11,0.0019059131671811391
transformer,transformer_div_rho0_wd0.1_tiersNone,1000,div,0.0,0.1,final,dlog,out,63,0.007109284863357174,23,0.0019059131671811391
transformer,transformer_div_rho0_wd0.1_tiersNone,1000,div,0.0,0.1,final,dlog,out,64,0.031588285296764086,8,0.0019059131671811391
transformer,transformer_div_rho0_wd0.1_tiersNone,1000,div,0.0,0.1,final,dlog,out,65,0.11141819586460666,3,0.0019059131671811391
transformer,transformer_div_rho0_wd0.1_tiersNone,1000,div,0.0,0.1,final,dlog,out,66,0.014307013152618809,14,0.0019059131671811391
transformer,transformer_div_rho0_wd0.1_tiersNone,1000,div,0.0,0.1,final,dlog,out,67,0.007025108613008112,24,0.0019059131671811391
transformer,transformer_div_rho0_wd0.1_tiersNone,1000,div,0.0,0.1,final,dlog,out,68,0.0028253437707777057,71,0.0019059131671811391
transformer,transformer_div_rho0_wd0.1_tiersNone,1000,div,0.0,0.1,final,dlog,out,69,0.004093797514164798,46,0.0019059131671811391
transformer,transformer_div_rho0_wd0.1_tiersNone,1000,div,0.0,0.1,final,dlog,out,70,0.03381331131314179,7,0.0019059131671811391
transformer,transformer_div_rho0_wd0.1_tiersNone,1000,div,0.0,0.1,final,dlog,out,71,0.019230763231674115,10,0.0019059131671811391
transformer,transformer_div_rho0_wd0.1_tiersNone,1000,div,0.0,0.1,final,dlog,out,72,0.008493453829925687,20,0.0019059131671811391
transformer,transformer_div_rho0_wd0.1_tiersNone,1000,div,0.0,0.1,final,dlog,out,73,0.008015020345368624,21,0.0019059131671811391
transformer,transformer_div_rho0_wd0.1_tiersNone,1000,div,0.0,0.1,final,dlog,out,74,0.0708748742503672,4,0.0019059131671811391
transformer,transformer_div_rho0_wd0.1_tiersNone,1001,div,0.0,0.1,final,dlog,in,1,0.0017657411857784002,30,0.008442639265766163
transformer,transformer_div_rho0_wd0.1_tiersNone,1001,div,0.0,0.1,final,dlog,in,2,0.10016740875642764,1,0.008442639265766163
transformer,transformer_div_rho0_wd0.1_tiersNone,1001,div,0.0,0.1,final,dlog,in,3,0.09815796561514656,3,0.008442639265766163
transformer,transformer_div_rho0_wd0.1_tiersNone,1001,div,0.0,0.1,final,dlog,in,4,0.002205321515116758,21,0.008442639265766163
transformer,transformer_div_rho0_wd0.1_tiersNone,1001,div,0.0,0.1,final,dlog,in,5,0.001715690923654151,33,0.008442639265766163
transformer,transformer_div_rho0_wd0.1_tiersNone,1001,div,0.0,0.1,final,dlog,in,6,0.0016463828084635316,43,0.008442639265766163
transformer,transformer_div_rho0_wd0.1_tiersNone,1001,div,0.0,0.1,final,dlog,in,7,0.0015389439490437785,54,0.008442639265766163
transformer,transformer_div_rho0_wd0.1_tiersNone,1001,div,0.0,0.1,final,dlog,in,8,0.001700309971580295,35,0.008442639265766163
transformer,transformer_div_rho0_wd0.1_tiersNone,1001,div,0.0,0.1,final,dlog,in,9,0.0016892493546749497,38,0.008442639265766163
transformer,transformer_div_rho0_wd0.1_tiersNone,1001,div,0.0,0.1,final,dlog,in,10,0.0015959380137479523,50,0.008442639265766163
transformer,transformer_div_rho0_wd0.1_tiersNone,1001,div,0.0,0.1,final,dlog,in,11,0.01462141012501595,16,0.008442639265766163
transformer,transformer_div_rho0_wd0.1_tiersNone,1001,div,0.0,0.1,final,dlog,in,12,0.023398053393161873,14,0.008442639265766163
transformer,transformer_div_rho0_wd0.1_tiersNone,1001,div,0.0,0.1,final,dlog,in,13,0.0015560151921502588,53,0.008442639265766163
transformer,transformer_div_rho0_wd0.1_tiersNone,1001,div,0.0,0.1,final,dlog,in,14,0.0016601460146372755,41,0.008442639265766163
transformer,transformer_div_rho0_wd0.1_tiersNone,1001,div,0.0,0.1,final,dlog,in,15,0.0016152234029999093,48,0.008442639265766163
transformer,transformer_div_rho0_wd0.1_tiersNone,1001,div,0.0,0.1,final,dlog,in,16,0.0016459627451625232,44,0.008442639265766163
transformer,transformer_div_rho0_wd0.1_tiersNone,1001,div,0.0,0.1,final,dlog,in,17,0.0017560128534726464,31,0.008442639265766163
transformer,transformer_div_rho0_wd0.1_tiersNone,1001,div,0.0,0.1,final,dlog,in,18,0.0014916435839054905,64,0.008442639265766163
transformer,transformer_div_rho0_wd0.1_tiersNone,1001,div,0.0,0.1,final,dlog,in,19,0.001437535025180388,71,0.008442639265766163
transformer,transformer_div_rho0_wd0.1_tiersNone,1001,div,0.0,0.1,final,dlog,in,20,0.001520960471236591,61,0.008442639265766163
transformer,transformer_div_rho0_wd0.1_tiersNone,1001,div,0.0,0.1,final,dlog,in,21,0.0016952676465783194,36,0.008442639265766163
transformer,transformer_div_rho0_wd0.1_tiersNone,1001,div,0.0,0.1,final,dlog,in,22,0.0015778293064352992,52,0.008442639265766163
transformer,transformer_div_rho0_wd0.1_tiersNone,1001,div,0.0,0.1,final,dlog,in,23,0.0015785979152646034,51,0.008442639265766163
transformer,transformer_div_rho0_wd0.1_tiersNone,1001,div,0.0,0.1,final,dlog,in,24,0.0026873273729755274,20,0.008442639265766163
transformer,transformer_div_rho0_wd0.1_tiersNone,1001,div,0.0,0.1,final,dlog,in,25,0.0015382360492921148,55,0.008442639265766163
transformer,transformer_div_rho0_wd0.1_tiersNone,1001,div,0.0,0.1,final,dlog,in,26,0.0015318819684146084,58,0.008442639265766163
transformer,transformer_div_rho0_wd0.1_tiersNone,1001,div,0.0,0.1,final,dlog,in,27,0.0016845396978296433,39,0.008442639265766163
transformer,transformer_div_rho0_wd0.1_tiersNone,1001,div,0.0,0.1,final,dlog,in,28,0.0016935033126289976,37,0.008442639265766163
transformer,transformer_div_rho0_wd0.1_tiersNone,1001,div,0.0,0.1,final,dlog,in,29,0.06436703894026706,8,0.008442639265766163
transformer,transformer_div_rho0_wd0.1_tiersNone,1001,div,0.0,0.1,final,dlog,in,30,0.001920217772789994,24,0.008442639265766163
transformer,transformer_div_rho0_wd0.1_tiersNone,1001,div,0.0,0.1,final,dlog,in,31,0.028276203713485496,11,0.008442639265766163
transformer,transformer_div_rho0_wd0.1_tiersNone,1001,div,0.0,0.1,final,dlog,in,32,0.0715692397188187,6,0.008442639265766163
transformer,transformer_div_rho0_wd0.1_tiersNone,1001,div,0.0,0.1,final,dlog,in,33,0.08155023144742873,4,0.008442639265766163
transformer,transformer_div_rho0_wd0.1_tiersNone,1001,div,0.0,0.1,final,dlog,in,34,0.0016276753904449176,47,0.008442639265766163
transformer,transformer_div_rho0_wd0.1_tiersNone,1001,div,0.0,0.1,final,dlog,in,35,0.0016332589439092778,46,0.008442639265766163
transformer,transformer_div_rho0_wd0.1_tiersNone,1001,div,0.0,0.1,final,dlog,in,36,0.0016508996887798768,42,0.008442639265766163
transformer,transformer_div_rho0_wd0.1_tiersNone,1001,div,0.0,0.1,final,dlog,in,37,0.023988722295699216,13,0.008442639265766163
transformer,transformer_div_rho0_wd0.1_tiersNone,1001,div,0.0,0.1,final,dlog,in,38,0.001797238743659171,27,0.008442639265766163
transformer,transformer_div_rho0_wd0.1_tiersNone,1001,div,0.0,0.1,final,dlog,in,39,0.001773737900062286,29,0.008442639265766163
transformer,transformer_div_rho0_wd0.1_tiersNone,1001,div,0.0,0.1,final,dlog,in,40,0.008666570537166157,17,0.008442639265766163
transformer,transformer_div_rho0_wd0.1_tiersNone,1001,div,0.0,0.1,final,dlog,in,41,0.001434524346598555,72,0.008442639265766163
transformer,transformer_div_rho0_wd0.1_tiersNone,1001,div,0.0,0.1,final,dlog,in,42,0.0016351449789618441,45,0.008442639265766163
transformer,transformer_div_rho0_wd0.1_tiersNone,1001,div,0.0,0.1,final,dlog,in,43,0.001409182678818872,74,0.008442639265766163
transformer,transformer_div_rho0_wd0.1_tiersNone,1001,div,0.0,0.1,final,dlog,in,44,0.001668403980839159,40,0.008442639265766163
transformer,transformer_div_rho0_wd0.1_tiersNone,1001,div,0.0,0.1,final,dlog,in,45,0.0014628040705805705,68,0.008442639265766163
transformer,transformer_div_rho0_wd0.1_tiersNone,1001,div,0.0,0.1,final,dlog,in,46,0.001451440419016652,70,0.008442639265766163
transformer,transformer_div_rho0_wd0.1_tiersNone,1001,div,0.0,0.1,final,dlog,in,47,0.0015186811906274657,63,0.008442639265766163
transformer,transformer_div_rho0_wd0.1_tiersNone,1001,div,0.0,0.1,final,dlog,in,48,0.0018214683630925373,25,0.008442639265766163
transformer,transformer_div_rho0_wd0.1_tiersNone,1001,div,0.0,0.1,final,dlog,in,49,0.015592000275846939,15,0.008442639265766163
transformer,transformer_div_rho0_wd0.1_tiersNone,1001,div,0.0,0.1,final,dlog,in,50,0.0017786270809466785,28,0.008442639265766163
transformer,transformer_div_rho0_wd0.1_tiersNone,1001,div,0.0,0.1,final,dlog,in,51,0.002976349759598191,18,0.008442639265766163
transformer,transformer_div_rho0_wd0.1_tiersNone,1001,div,0.0,0.1,final,dlog,in,52,0.027087839345855014,12,0.008442639265766163
transformer,transformer_div_rho0_wd0.1_tiersNone,1001,div,0.0,0.1,final,dlog,in,53,0.0018077873017037418,26,0.008442639265766163
transformer,transformer_div_rho0_wd0.1_tiersNone,1001,div,0.0,0.1,final,dlog,in,54,0.0015347785116637009,57,0.008442639265766163
transformer,transformer_div_rho0_wd0.1_tiersNone,1001,div,0.0,0.1,final,dlog,in,55,0.001729828330558277,32,0.008442639265766163
transformer,transformer_div_rho0_wd0.1_tiersNone,1001,div,0.0,0.1,final,dlog,in,56,0.0017053926573097793,34,0.008442639265766163
transformer,transformer_div_rho0_wd0.1_tiersNone,1001,div,0.0,0.1,final,dlog,in,57,0.001525104712322809,60,0.008442639265766163
transformer,transformer_div_rho0_wd0.1_tiersNone,1001,div,0.0,0.1,final,dlog,in,58,0.0774671508658977,5,0.008442639265766163
transformer,transformer_div_rho0_wd0.1_tiersNone,1001,div,0.0,0.1,final,dlog,in,59,0.0014768004896116857,66,0.008442639265766163
transformer,transformer_div_rho0_wd0.1_tiersNone,1001,div,0.0,0.1,final,dlog,in,60,0.001987873361633338,23,0.008442639265766163
transformer,transformer_div_rho0_wd0.1_tiersNone,1001,div,0.0,0.1,final,dlog,in,61,0.001468308187312888,67,0.008442639265766163
transformer,transformer_div_rho0_wd0.1_tiersNone,1001,div,0.0,0.1,final,dlog,in,62,0.05452165190467574,9,0.008442639265766163
transformer,transformer_div_rho0_wd0.1_tiersNone,1001,div,0.0,0.1,final,dlog,in,63,0.002851715851305774,19,0.008442639265766163
transformer,transformer_div_rho0_wd0.1_tiersNone,1001,div,0.0,0.1,final,dlog,in,64,0.0015995781012167723,49,0.008442639265766163
transformer,transformer_div_rho0_wd0.1_tiersNone,1001,div,0.0,0.1,final,dlog,in,65,0.0999265789022987,2,0.008442639265766163
transformer,transformer_div_rho0_wd0.1_tiersNone,1001,div,0.0,0.1,final,dlog,in,66,0.001536972777805757,56,0.008442639265766163
transformer,transformer_div_rho0_wd0.1_tiersNone,1001,div,0.0,0.1,final,dlog,in,67,0.04694369598682751,10,0.008442639265766163
transformer,transformer_div_rho0_wd0.1_tiersNone,1001,div,0.0,0.1,final,dlog,in,68,0.0014517906131610713,69,0.008442639265766163
transformer,transformer_div_rho0_wd0.1_tiersNone,1001,div,0.0,0.1,final,dlog,in,69,0.0015259485478649481,59,0.008442639265766163
transformer,transformer_div_rho0_wd0.1_tiersNone,1001,div,0.0,0.1,final,dlog,in,70,0.0020578931453986067,22,0.008442639265766163
transformer,transformer_div_rho0_wd0.1_tiersNone,1001,div,0.0,0.1,final,dlog,in,71,0.0015209175620593957,62,0.008442639265766163
transformer,transformer_div_rho0_wd0.1_tiersNone,1001,div,0.0,0.1,final,dlog,in,72,0.0014184107446595696,73,0.008442639265766163
transformer,transformer_div_rho0_wd0.1_tiersNone,1001,div,0.0,0.1,final,dlog,in,73,0.0014868123341805306,65,0.008442639265766163
transformer,transformer_div_rho0_wd0.1_tiersNone,1001,div,0.0,0.1,final,dlog,in,74,0.06692440935726245,7,0.008442639265766163
transformer,transformer_div_rho0_wd0.1_tiersNone,1001,div,0.0,0.1,final,dlog,out,1,0.00561820029929568,30,0.002473795931534164
transformer,transformer_div_rho0_wd0.1_tiersNone,1001,div,0.0,0.1,final,dlog,out,2,0.13165871571059287,1,0.002473795931534164
transformer,transformer_div_rho0_wd0.1_tiersNone,1001,div,0.0,0.1,final,dlog,out,3,0.1211786219054172,2,0.002473795931534164
transformer,transformer_div_rho0_wd0.1_tiersNone,1001,div,0.0,0.1,final,dlog,out,4,0.008004236008447178,22,0.002473795931534164
transformer,transformer_div_rho0_wd0.1_tiersNone,1001,div,0.0,0.1,final,dlog,out,5,0.004987535403963778,36,0.002473795931534164
transformer,transformer_div_rho0_wd0.1_tiersNone,1001,div,0.0,0.1,final,dlog,out,6,0.004362412739535867,43,0.002473795931534164
transformer,transformer_div_rho0_wd0.1_tiersNone,1001,div,0.0,0.1,final,dlog,out,7,0.005150119807668045,32,0.002473795931534164
transformer,transformer_div_rho0_wd0.1_tiersNone,1001,div,0.0,0.1,final,dlog,out,8,0.002669871523382374,74,0.002473795931534164
transformer,transformer_div_rho0_wd0.1_tiersNone,1001,div,0.0,0.1,final,dlog,out,9,0.006225622912840766,27,0.002473795931534164
transformer,transformer_div_rho0_wd0.1_tiersNone,1001,div,0.0,0.1,final,dlog,out,10,0.003428094226594975,59,0.002473795931534164
transformer,transformer_div_rho0_wd0.1_tiersNone,1001,div,0.0,0.1,final,dlog,out,11,0.014138052000977737,15,0.002473795931534164
transformer,transformer_div_rho0_wd0.1_tiersNone,1001,div,0.0,0.1,final,dlog,out,12,0.0230516736243372,11,0.002473795931534164
transformer,transformer_div_rho0_wd0.1_tiersNone,1001,div,0.0,0.1,final,dlog,out,13,0.002757865371035212,72,0.002473795931534164
transformer,transformer_div_rho0_wd0.1_tiersNone,1001,div,0.0,0.1,final,dlog,out,14,0.003994977548634588,46,0.002473795931534164
transformer,transformer_div_rho0_wd0.1_tiersNone,1001,div,0.0,0.1,final,dlog,out,15,0.0029616591362351657,68,0.002473795931534164
transformer,transformer_div_rho0_wd0.1_tiersNone,1001,div,0.0,0.1,final,dlog,out,16,0.008354143563315057,20,0.002473795931534164
transformer,transformer_div_rho0_wd0.1_tiersNone,1001,div,0.0,0.1,final,dlog,out,17,0.0032970621648694296,63,0.002473795931534164
transformer,transformer_div_rho0_wd0.1_tiersNone,1001,div,0.0,0.1,final,dlog,out,18,0.003369488150180389,60,0.002473795931534164
transformer,transformer_div_rho0_wd0.1_tiersNone,1001,div,0.0,0.1,final,dlog,out,19,0.003808785459814296,49,0.002473795931534164
transformer,transformer_div_rho0_wd0.1_tiersNone,1001,div,0.0,0.1,final,dlog,out,20,0.002893525210135672,69,0.002473795931534164
transformer,transformer_div_rho0_wd0.1_tiersNone,1001,div,0.0,0.1,final,dlog,out,21,0.003897791235558158,48,0.002473795931534164
transformer,transformer_div_rho0_wd0.1_tiersNone,1001,div,0.0,0.1,final,dlog,out,22,0.003982805111964598,47,0.002473795931534164
transformer,transformer_div_rho0_wd0.1_tiersNone,1001,div,0.0,0.1,final,dlog,out,23,0.0028380154241852405,70,0.002473795931534164
transformer,transformer_div_rho0_wd0.1_tiersNone,1001,div,0.0,0.1,final,dlog,out,24,0.003479744577340741,57,0.002473795931534164
transformer,transformer_div_rho0_wd0.1_tiersNone,1001,div,0.0,0.1,final,dlog,out,25,0.004680120473886048,38,0.002473795931534164
transformer,transformer_div_rho0_wd0.1_tiersNone,1001,div,0.0,0.1,final,dlog,out,26,0.004443692268396,41,0.002473795931534164
transformer,transformer_div_rho0_wd0.1_tiersNone,1001,div,0.0,0.1,final,dlog,out,27,0.003233977545651087,64,0.002473795931534164
transformer,transformer_div_rho0_wd0.1_tiersNone,1001,div,0.0,0.1,final,dlog,out,28,0.003659331615315593,51,0.002473795931534164
transformer,transformer_div_rho0_wd0.1_tiersNone,1001,div,0.0,0.1,final,dlog,out,29,0.03857351363566218,6,0.002473795931534164
transformer,transformer_div_rho0_wd0.1_tiersNone,1001,div,0.0,0.1,final,dlog,out,30,0.007031850532625018,23,0.002473795931534164
transformer,transformer_div_rho0_wd0.1_tiersNone,1001,div,0.0,0.1,final,dlog,out,31,0.020557582810509588,13,0.002473795931534164
transformer,transformer_div_rho0_wd0.1_tiersNone,1001,div,0.0,0.1,final,dlog,out,32,0.0358887012860788,7,0.002473795931534164
transformer,transformer_div_rho0_wd0.1_tiersNone,1001,div,0.0,0.1,final,dlog,out,33,0.03112716962744661,9,0.002473795931534164
transformer,transformer_div_rho0_wd0.1_tiersNone,1001,div,0.0,0.1,final,dlog,out,34,0.00487885040868709,37,0.002473795931534164
transformer,transformer_div_rho0_wd0.1_tiersNone,1001,div,0.0,0.1,final,dlog,out,35,0.006348685424086017,25,0.002473795931534164
transformer,transformer_div_rho0_wd0.1_tiersNone,1001,div,0.0,0.1,final,dlog,out,36,0.004143916799812437,45,0.002473795931534164
transformer,transformer_div_rho0_wd0.1_tiersNone,1001,div,0.0,0.1,final,dlog,out,37,0.01577723972053849,14,0.002473795931534164
transformer,transformer_div_rho0_wd0.1_tiersNone,1001,div,0.0,0.1,final,dlog,out,38,0.0031176253965692342,65,0.002473795931534164
transformer,transformer_div_rho0_wd0.1_tiersNone,1001,div,0.0,0.1,final,dlog,out,39,0.0030248555572011883,66,0.002473795931534164
transformer,transformer_div_rho0_wd0.1_tiersNone,1001,div,0.0,0.1,final,dlog,out,40,0.008035942649303737,21,0.002473795931534164
transformer,transformer_div_rho0_wd0.1_tiersNone,1001,div,0.0,0.1,final,dlog,out,41,0.00920543144023105,17,0.002473795931534164
transformer,transformer_div_rho0_wd0.1_tiersNone,1001,div,0.0,0.1,final,dlog,out,42,0.005015270046487381,34,0.002473795931534164
transformer,transformer_div_rho0_wd0.1_tiersNone,1001,div,0.0,0.1,final,dlog,out,43,0.003364035621157339,61,0.002473795931534164
transformer,transformer_div_rho0_wd0.1_tiersNone,1001,div,0.0,0.1,final,dlog,out,44,0.003437850246855949,58,0.002473795931534164
transformer,transformer_div_rho0_wd0.1_tiersNone,1001,div,0.0,0.1,final,dlog,out,45,0.005141838093133781,33,0.002473795931534164
transformer,transformer_div_rho0_wd0.1_tiersNone,1001,div,0.0,0.1,final,dlog,out,46,0.002765498775089334,71,0.002473795931534164
transformer,transformer_div_rho0_wd0.1_tiersNone,1001,div,0.0,0.1,final,dlog,out,47,0.002714916885261281,73,0.002473795931534164
transformer,transformer_div_rho0_wd0.1_tiersNone,1001,div,0.0,0.1,final,dlog,out,48,0.0035284676658326407,55,0.002473795931534164
transformer,transformer_div_rho0_wd0.1_tiersNone,1001,div,0.0,0.1,final,dlog,out,49,0.011845192158434423,16,0.002473795931534164
transformer,transformer_div_rho0_wd0.1_tiersNone,1001,div,0.0,0.1,final,dlog,out,50,0.006320761278831954,26,0.002473795931534164
transformer,transformer_div_rho0_wd0.1_tiersNone,1001,div,0.0,0.1,final,dlog,out,51,0.005865780479139146,29,0.002473795931534164
transformer,transformer_div_rho0_wd0.1_tiersNone,1001,div,0.0,0.1,final,dlog,out,52,0.02124578306914841,12,0.002473795931534164
transformer,transformer_div_rho0_wd0.1_tiersNone,1001,div,0.0,0.1,final,dlog,out,53,0.004558241105020266,39,0.002473795931534164
transformer,transformer_div_rho0_wd0.1_tiersNone,1001,div,0.0,0.1,final,dlog,out,54,0.003556911504779525,54,0.002473795931534164
transformer,transformer_div_rho0_wd0.1_tiersNone,1001,div,0.0,0.1,final,dlog,out,55,0.004365337788555283,42,0.002473795931534164
transformer,transformer_div_rho0_wd0.1_tiersNone,1001,div,0.0,0.1,final,dlog,out,56,0.0036985431307546366,50,0.002473795931534164
transformer,transformer_div_rho0_wd0.1_tiersNone,1001,div,0.0,0.1,final,dlog,out,57,0.0042218294162887126,44,0.002473795931534164
transformer,transformer_div_rho0_wd0.1_tiersNone,1001,div,0.0,0.1,final,dlog,out,58,0.039125981921381545,5,0.002473795931534164
transformer,transformer_div_rho0_wd0.1_tiersNone,1001,div,0.0,0.1,final,dlog,out,59,0.0036240209002306135,52,0.002473795931534164
transformer,transformer_div_rho0_wd0.1_tiersNone,1001,div,0.0,0.1,final,dlog,out,60,0.0059052294766340375,28,0.002473795931534164
transformer,transformer_div_rho0_wd0.1_tiersNone,1001,div,0.0,0.1,final,dlog,out,61,0.004530472263929614,40,0.002473795931534164
transformer,transformer_div_rho0_wd0.1_tiersNone,1001,div,0.0,0.1,final,dlog,out,62,0.02544935246786847,10,0.002473795931534164
transformer,transformer_div_rho0_wd0.1_tiersNone,1001,div,0.0,0.1,final,dlog,out,63,0.006584509445834153,24,0.002473795931534164
transformer,transformer_div_rho0_wd0.1_tiersNone,1001,div,0.0,0.1,final,dlog,out,64,0.004988756066122406,35,0.002473795931534164
transformer,transformer_div_rho0_wd0.1_tiersNone,1001,div,0.0,0.1,final,dlog,out,65,0.10737054108734095,3,0.002473795931534164
transformer,transformer_div_rho0_wd0.1_tiersNone,1001,div,0.0,0.1,final,dlog,out,66,0.0034904121090473133,56,0.002473795931534164
transformer,transformer_div_rho0_wd0.1_tiersNone,1001,div,0.0,0.1,final,dlog,out,67,0.03130822934931297,8,0.002473795931534164
transformer,transformer_div_rho0_wd0.1_tiersNone,1001,div,0.0,0.1,final,dlog,out,68,0.0035943400251530868,53,0.002473795931534164
transformer,transformer_div_rho0_wd0.1_tiersNone,1001,div,0.0,0.1,final,dlog,out,69,0.0033544840232772413,62,0.002473795931534164
transformer,transformer_div_rho0_wd0.1_tiersNone,1001,div,0.0,0.1,final,dlog,out,70,0.005293594857065113,31,0.002473795931534164
transformer,transformer_div_rho0_wd0.1_tiersNone,1001,div,0.0,0.1,final,dlog,out,71,0.008647601648740611,19,0.002473795931534164
transformer,transformer_div_rho0_wd0.1_tiersNone,1001,div,0.0,0.1,final,dlog,out,72,0.00886248159038423,18,0.002473795931534164
transformer,transformer_div_rho0_wd0.1_tiersNone,1001,div,0.0,0.1,final,dlog,out,73,0.0029747731334515775,67,0.002473795931534164
transformer,transformer_div_rho0_wd0.1_tiersNone,1001,div,0.0,0.1,final,dlog,out,74,0.06341145606113376,4,0.002473795931534164
transformer,transformer_div_rho0_wd0.1_tiersNone,1002,div,0.0,0.1,final,dlog,in,1,0.01148255947420605,17,0.006786759100150921
transformer,transformer_div_rho0_wd0.1_tiersNone,1002,div,0.0,0.1,final,dlog,in,2,0.001803297734886369,33,0.006786759100150921
transformer,transformer_div_rho0_wd0.1_tiersNone,1002,div,0.0,0.1,final,dlog,in,3,0.0014751910326615736,64,0.006786759100150921
transformer,transformer_div_rho0_wd0.1_tiersNone,1002,div,0.0,0.1,final,dlog,in,4,0.0014812402900000188,63,0.006786759100150921
transformer,transformer_div_rho0_wd0.1_tiersNone,1002,div,0.0,0.1,final,dlog,in,5,0.001287057406647111,74,0.006786759100150921
transformer,transformer_div_rho0_wd0.1_tiersNone,1002,div,0.0,0.1,final,dlog,in,6,0.02720140488134953,12,0.006786759100150921
transformer,transformer_div_rho0_wd0.1_tiersNone,1002,div,0.0,0.1,final,dlog,in,7,0.001432056863248798,70,0.006786759100150921
transformer,transformer_div_rho0_wd0.1_tiersNone,1002,div,0.0,0.1,final,dlog,in,8,0.001498143076226783,58,0.006786759100150921
transformer,transformer_div_rho0_wd0.1_tiersNone,1002,div,0.0,0.1,final,dlog,in,9,0.0018177124887771188,32,0.006786759100150921
transformer,transformer_div_rho0_wd0.1_tiersNone,1002,div,0.0,0.1,final,dlog,in,10,0.0019781283817681353,26,0.006786759100150921
transformer,transformer_div_rho0_wd0.1_tiersNone,1002,div,0.0,0.1,final,dlog,in,11,0.0020674328484001346,25,0.006786759100150921
transformer,transformer_div_rho0_wd0.1_tiersNone,1002,div,0.0,0.1,final,dlog,in,12,0.0025241076377029085,24,0.006786759100150921
transformer,transformer_div_rho0_wd0.1_tiersNone,1002,div,0.0,0.1,final,dlog,in,13,0.0016364495149967051,47,0.006786759100150921
transformer,transformer_div_rho0_wd0.1_tiersNone,1002,div,0.0,0.1,final,dlog,in,14,0.00601092644522624,19,0.006786759100150921
transformer,transformer_div_rho0_wd0.1_tiersNone,1002,div,0.0,0.1,final,dlog,in,15,0.006080908774484675,18,0.006786759100150921
transformer,transformer_div_rho0_wd0.1_tiersNone,1002,div,0.0,0.1,final,dlog,in,16,0.0014649275603553268,67,0.006786759100150921
transformer,transformer_div_rho0_wd0.1_tiersNone,1002,div,0.0,0.1,final,dlog,in,17,0.0016479501576771487,45,0.006786759100150921
transformer,transformer_div_rho0_wd0.1_tiersNone,1002,div,0.0,0.1,final,dlog,in,18,0.02638717267611304,13,0.006786759100150921
transformer,transformer_div_rho0_wd0.1_tiersNone,1002,div,0.0,0.1,final,dlog,in,19,0.0014908447809376286,61,0.006786759100150921
transformer,transformer_div_rho0_wd0.1_tiersNone,1002,div,0.0,0.1,final,dlog,in,20,0.00334922341531186,21,0.006786759100150921
transformer,transformer_div_rho0_wd0.1_tiersNone,1002,div,0.0,0.1,final,dlog,in,21,0.0017308847577583034,37,0.006786759100150921
transformer,transformer_div_rho0_wd0.1_tiersNone,1002,div,0.0,0.1,final,dlog,in,22,0.0017612389681608276,35,0.006786759100150921
transformer,transformer_div_rho0_wd0.1_tiersNone,1002,div,0.0,0.1,final,dlog,in,23,0.00135430224829827,72,0.006786759100150921
transformer,transformer_div_rho0_wd0.1_tiersNone,1002,div,0.0,0.1,final,dlog,in,24,0.001467208483979828,66,0.006786759100150921
transformer,transformer_div_rho0_wd0.1_tiersNone,1002,div,0.0,0.1,final,dlog,in,25,0.001681293947501277,44,0.006786759100150921
transformer,transformer_div_rho0_wd0.1_tiersNone,1002,div,0.0,0.1,final,dlog,in,26,0.07668549710979598,6,0.006786759100150921
transformer,transformer_div_rho0_wd0.1_tiersNone,1002,div,0.0,0.1,final,dlog,in,27,0.0014972803369351314,59,0.006786759100150921
transformer,transformer_div_rho0_wd0.1_tiersNone,1002,div,0.0,0.1,final,dlog,in,28,0.0017109607399912355,39,0.006786759100150921
transformer,transformer_div_rho0_wd0.1_tiersNone,1002,div,0.0,0.1,final,dlog,in,29,0.001515657240303624,57,0.006786759100150921
transformer,transformer_div_rho0_wd0.1_tiersNone,1002,div,0.0,0.1,final,dlog,in,30,0.021469122257251106,15,0.006786759100150921
transformer,transformer_div_rho0_wd0.1_tiersNone,1002,div,0.0,0.1,final,dlog,in,31,0.0032051170086984963,22,0.006786759100150921
transformer,transformer_div_rho0_wd0.1_tiersNone,1002,div,0.0,0.1,final,dlog,in,32,0.012515933639469966,16,0.006786759100150921
transformer,transformer_div_rho0_wd0.1_tiersNone,1002,div,0.0,0.1,final,dlog,in,33,0.0014643864664453316,68,0.006786759100150921
transformer,transformer_div_rho0_wd0.1_tiersNone,1002,div,0.0,0.1,final,dlog,in,34,0.0016998493114071867,42,0.006786759100150921
transformer,transformer_div_rho0_wd0.1_tiersNone,1002,div,0.0,0.1,final,dlog,in,35,0.0013200947064154207,73,0.006786759100150921
transformer,transformer_div_rho0_wd0.1_tiersNone,1002,div,0.0,0.1,final,dlog,in,36,0.001700567263426632,41,0.006786759100150921
transformer,transformer_div_rho0_wd0.1_tiersNone,1002,div,0.0,0.1,final,dlog,in,37,0.001520982712619446,56,0.006786759100150921
transformer,transformer_div_rho0_wd0.1_tiersNone,1002,div,0.0,0.1,final,dlog,in,38,0.001560124425612237,52,0.006786759100150921
transformer,transformer_div_rho0_wd0.1_tiersNone,1002,div,0.0,0.1,final,dlog,in,39,0.0015617318692404296,50,0.006786759100150921
transformer,transformer_div_rho0_wd0.1_tiersNone,1002,div,0.0,0.1,final,dlog,in,40,0.11903232369204438,2,0.006786759100150921
transformer,transformer_div_rho0_wd0.1_tiersNone,1002,div,0.0,0.1,final,dlog,in,41,0.001547967136927735,53,0.006786759100150921
transformer,transformer_div_rho0_wd0.1_tiersNone,1002,div,0.0,0.1,final,dlog,in,42,0.0019373642994913224,30,0.006786759100150921
transformer,transformer_div_rho0_wd0.1_tiersNone,1002,div,0.0,0.1,final,dlog,in,43,0.0017228874746180124,38,0.006786759100150921
transformer,transformer_div_rho0_wd0.1_tiersNone,1002,div,0.0,0.1,final,dlog,in,44,0.001703901537828337,40,0.006786759100150921
transformer,transformer_div_rho0_wd0.1_tiersNone,1002,div,0.0,0.1,final,dlog,in,45,0.0027411008059097424,23,0.006786759100150921
transformer,transformer_div_rho0_wd0.1_tiersNone,1002,div,0.0,0.1,final,dlog,in,46,0.0014859367254622486,62,0.006786759100150921
transformer,transformer_div_rho0_wd0.1_tiersNone,1002,div,0.0,0.1,final,dlog,in,47,0.0018469779913252789,31,0.006786759100150921
transformer,transformer_div_rho0_wd0.1_tiersNone,1002,div,0.0,0.1,final,dlog,in,48,0.0019702764906985746,28,0.006786759100150921
transformer,transformer_div_rho0_wd0.1_tiersNone,1002,div,0.0,0.1,final,dlog,in,49,0.08188209595443872,5,0.006786759100150921
transformer,transformer_div_rho0_wd0.1_tiersNone,1002,div,0.0,0.1,final,dlog,in,50,0.028034078384456224,10,0.006786759100150921
transformer,transformer_div_rho0_wd0.1_tiersNone,1002,div,0.0,0.1,final,dlog,in,51,0.0014738727502998101,65,0.006786759100150921
transformer,transformer_div_rho0_wd0.1_tiersNone,1002,div,0.0,0.1,final,dlog,in,52,0.08470199057527872,3,0.006786759100150921
transformer,transformer_div_rho0_wd0.1_tiersNone,1002,div,0.0,0.1,final,dlog,in,53,0.12705610427154182,1,0.006786759100150921
transformer,transformer_div_rho0_wd0.1_tiersNone,1002,div,0.0,0.1,final,dlog,in,54,0.049512736289650576,8,0.006786759100150921
transformer,transformer_div_rho0_wd0.1_tiersNone,1002,div,0.0,0.1,final,dlog,in,55,0.0014559825163602807,69,0.006786759100150921
transformer,transformer_div_rho0_wd0.1_tiersNone,1002,div,0.0,0.1,final,dlog,in,56,0.0015641767800155188,49,0.006786759100150921
transformer,transformer_div_rho0_wd0.1_tiersNone,1002,div,0.0,0.1,final,dlog,in,57,0.0015616401086672312,51,0.006786759100150921
transformer,transformer_div_rho0_wd0.1_tiersNone,1002,div,0.0,0.1,final,dlog,in,58,0.0016864059914394854,43,0.006786759100150921
transformer,transformer_div_rho0_wd0.1_tiersNone,1002,div,0.0,0.1,final,dlog,in,59,0.001973188555902809,27,0.006786759100150921
transformer,transformer_div_rho0_wd0.1_tiersNone,1002,div,0.0,0.1,final,dlog,in,60,0.0015444123729447207,54,0.006786759100150921
transformer,transformer_div_rho0_wd0.1_tiersNone,1002,div,0.0,0.1,final,dlog,in,61,0.0033700436622622117,20,0.006786759100150921
transformer,transformer_div_rho0_wd0.1_tiersNone,1002,div,0.0,0.1,final,dlog,in,62,0.0017468143790714907,36,0.006786759100150921
transformer,transformer_div_rho0_wd0.1_tiersNone,1002,div,0.0,0.1,final,dlog,in,63,0.08276920304980258,4,0.006786759100150921
transformer,transformer_div_rho0_wd0.1_tiersNone,1002,div,0.0,0.1,final,dlog,in,64,0.0017756675989280195,34,0.006786759100150921
transformer,transformer_div_rho0_wd0.1_tiersNone,1002,div,0.0,0.1,final,dlog,in,65,0.028288171629906583,9,0.006786759100150921
transformer,transformer_div_rho0_wd0.1_tiersNone,1002,div,0.0,0.1,final,dlog,in,66,0.0019563665863110125,29,0.006786759100150921
transformer,transformer_div_rho0_wd0.1_tiersNone,1002,div,0.0,0.1,final,dlog,in,67,0.0016413466220494756,46,0.006786759100150921
transformer,transformer_div_rho0_wd0.1_tiersNone,1002,div,0.0,0.1,final,dlog,in,68,0.027659220478586145,11,0.006786759100150921
transformer,transformer_div_rho0_wd0.1_tiersNone,1002,div,0.0,0.1,final,dlog,in,69,0.025209141794111902,14,0.006786759100150921
transformer,transformer_div_rho0_wd0.1_tiersNone,1002,div,0.0,0.1,final,dlog,in,70,0.0015873668630880906,48,0.006786759100150921
transformer,transformer_div_rho0_wd0.1_tiersNone,1002,div,0.0,0.1,final,dlog,in,71,0.0014105159768157923,71,0.006786759100150921
transformer,transformer_div_rho0_wd0.1_tiersNone,1002,div,0.0,0.1,final,dlog,in,72,0.0014971032494837653,60,0.006786759100150921
transformer,transformer_div_rho0_wd0.1_tiersNone,1002,div,0.0,0.1,final,dlog,in,73,0.0015412100872164542,55,0.006786759100150921
transformer,transformer_div_rho0_wd0.1_tiersNone,1002,div,0.0,0.1,final,dlog,in,74,0.061573438382777144,7,0.006786759100150921
transformer,transformer_div_rho0_wd0.1_tiersNone,1002,div,0.0,0.1,final,dlog,out,1,0.012471618755226933,18,0.0024083824818331256
transformer,transformer_div_rho0_wd0.1_tiersNone,1002,div,0.0,0.1,final,dlog,out,2,0.004271599072096212,56,0.0024083824818331256
transformer,transformer_div_rho0_wd0.1_tiersNone,1002,div,0.0,0.1,final,dlog,out,3,0.004858102990183763,50,0.0024083824818331256
transformer,transformer_div_rho0_wd0.1_tiersNone,1002,div,0.0,0.1,final,dlog,out,4,0.0054045912265044925,45,0.0024083824818331256
transformer,transformer_div_rho0_wd0.1_tiersNone,1002,div,0.0,0.1,final,dlog,out,5,0.005149964022195347,46,0.0024083824818331256
transformer,transformer_div_rho0_wd0.1_tiersNone,1002,div,0.0,0.1,final,dlog,out,6,0.01930409876998746,12,0.0024083824818331256
transformer,transformer_div_rho0_wd0.1_tiersNone,1002,div,0.0,0.1,final,dlog,out,7,0.0030630070711677518,74,0.0024083824818331256
transformer,transformer_div_rho0_wd0.1_tiersNone,1002,div,0.0,0.1,final,dlog,out,8,0.0033130057598800495,73,0.0024083824818331256
transformer,transformer_div_rho0_wd0.1_tiersNone,1002,div,0.0,0.1,final,dlog,out,9,0.007639950761097961,32,0.0024083824818331256
transformer,transformer_div_rho0_wd0.1_tiersNone,1002,div,0.0,0.1,final,dlog,out,10,0.007662376412143483,31,0.0024083824818331256
transformer,transformer_div_rho0_wd0.1_tiersNone,1002,div,0.0,0.1,final,dlog,out,11,0.010926456909536758,20,0.0024083824818331256
transformer,transformer_div_rho0_wd0.1_tiersNone,1002,div,0.0,0.1,final,dlog,out,12,0.006259015718287245,40,0.0024083824818331256
transformer,transformer_div_rho0_wd0.1_tiersNone,1002,div,0.0,0.1,final,dlog,out,13,0.0075926293095335134,33,0.0024083824818331256
transformer,transformer_div_rho0_wd0.1_tiersNone,1002,div,0.0,0.1,final,dlog,out,14,0.008120774823785513,26,0.0024083824818331256
transformer,transformer_div_rho0_wd0.1_tiersNone,1002,div,0.0,0.1,final,dlog,out,15,0.007963918577566592,30,0.0024083824818331256
transformer,transformer_div_rho0_wd0.1_tiersNone,1002,div,0.0,0.1,final,dlog,out,16,0.004444078749403865,54,0.0024083824818331256
transformer,transformer_div_rho0_wd0.1_tiersNone,1002,div,0.0,0.1,final,dlog,out,17,0.003712444115169757,65,0.0024083824818331256
transformer,transformer_div_rho0_wd0.1_tiersNone,1002,div,0.0,0.1,final,dlog,out,18,0.01649533109922979,14,0.0024083824818331256
transformer,transformer_div_rho0_wd0.1_tiersNone,1002,div,0.0,0.1,final,dlog,out,19,0.0035317829438021703,67,0.0024083824818331256
transformer,transformer_div_rho0_wd0.1_tiersNone,1002,div,0.0,0.1,final,dlog,out,20,0.008086159781213352,28,0.0024083824818331256
transformer,transformer_div_rho0_wd0.1_tiersNone,1002,div,0.0,0.1,final,dlog,out,21,0.012429405834943721,19,0.0024083824818331256
transformer,transformer_div_rho0_wd0.1_tiersNone,1002,div,0.0,0.1,final,dlog,out,22,0.008100080875894049,27,0.0024083824818331256
transformer,transformer_div_rho0_wd0.1_tiersNone,1002,div,0.0,0.1,final,dlog,out,23,0.00647433583853416,39,0.0024083824818331256
transformer,transformer_div_rho0_wd0.1_tiersNone,1002,div,0.0,0.1,final,dlog,out,24,0.00553090348385532,44,0.0024083824818331256
transformer,transformer_div_rho0_wd0.1_tiersNone,1002,div,0.0,0.1,final,dlog,out,25,0.008614336599111934,25,0.0024083824818331256
transformer,transformer_div_rho0_wd0.1_tiersNone,1002,div,0.0,0.1,final,dlog,out,26,0.03599426228475741,6,0.0024083824818331256
transformer,transformer_div_rho0_wd0.1_tiersNone,1002,div,0.0,0.1,final,dlog,out,27,0.006172211225253328,41,0.0024083824818331256
transformer,transformer_div_rho0_wd0.1_tiersNone,1002,div,0.0,0.1,final,dlog,out,28,0.004430481500894173,55,0.0024083824818331256
transformer,transformer_div_rho0_wd0.1_tiersNone,1002,div,0.0,0.1,final,dlog,out,29,0.0036731283151949703,66,0.0024083824818331256
transformer,transformer_div_rho0_wd0.1_tiersNone,1002,div,0.0,0.1,final,dlog,out,30,0.015327968667482284,15,0.0024083824818331256
transformer,transformer_div_rho0_wd0.1_tiersNone,1002,div,0.0,0.1,final,dlog,out,31,0.007490507030955627,34,0.0024083824818331256
transformer,transformer_div_rho0_wd0.1_tiersNone,1002,div,0.0,0.1,final,dlog,out,32,0.01300350367940013,16,0.0024083824818331256
transformer,transformer_div_rho0_wd0.1_tiersNone,1002,div,0.0,0.1,final,dlog,out,33,0.004168809705121971,60,0.0024083824818331256
transformer,transformer_div_rho0_wd0.1_tiersNone,1002,div,0.0,0.1,final,dlog,out,34,0.012888654748752316,17,0.0024083824818331256
transformer,transformer_div_rho0_wd0.1_tiersNone,1002,div,0.0,0.1,final,dlog,out,35,0.004185731536537218,58,0.0024083824818331256
transformer,transformer_div_rho0_wd0.1_tiersNone,1002,div,0.0,0.1,final,dlog,out,36,0.004171152614799402,59,0.0024083824818331256
transformer,transformer_div_rho0_wd0.1_tiersNone,1002,div,0.0,0.1,final,dlog,out,37,0.004713256077066542,52,0.0024083824818331256
transformer,transformer_div_rho0_wd0.1_tiersNone,1002,div,0.0,0.1,final,dlog,out,38,0.003388886863193536,70,0.0024083824818331256
transformer,transformer_div_rho0_wd0.1_tiersNone,1002,div,0.0,0.1,final,dlog,out,39,0.004870352875280916,49,0.0024083824818331256
transformer,transformer_div_rho0_wd0.1_tiersNone,1002,div,0.0,0.1,final,dlog,out,40,0.1337109454744888,1,0.0024083824818331256
transformer,transformer_div_rho0_wd0.1_tiersNone,1002,div,0.0,0.1,final,dlog,out,41,0.003860899139014475,63,0.0024083824818331256
transformer,transformer_div_rho0_wd0.1_tiersNone,1002,div,0.0,0.1,final,dlog,out,42,0.008627312325200797,24,0.0024083824818331256
transformer,transformer_div_rho0_wd0.1_tiersNone,1002,div,0.0,0.1,final,dlog,out,43,0.008015283127903967,29,0.0024083824818331256
transformer,transformer_div_rho0_wd0.1_tiersNone,1002,div,0.0,0.1,final,dlog,out,44,0.006520316805020371,38,0.0024083824818331256
transformer,transformer_div_rho0_wd0.1_tiersNone,1002,div,0.0,0.1,final,dlog,out,45,0.008778004703894319,23,0.0024083824818331256
transformer,transformer_div_rho0_wd0.1_tiersNone,1002,div,0.0,0.1,final,dlog,out,46,0.007049678227408458,36,0.0024083824818331256
transformer,transformer_div_rho0_wd0.1_tiersNone,1002,div,0.0,0.1,final,dlog,out,47,0.0048709067114384545,48,0.0024083824818331256
transformer,transformer_div_rho0_wd0.1_tiersNone,1002,div,0.0,0.1,final,dlog,out,48,0.009290462409534217,22,0.0024083824818331256
transformer,transformer_div_rho0_wd0.1_tiersNone,1002,div,0.0,0.1,final,dlog,out,49,0.03182765460329494,8,0.0024083824818331256
transformer,transformer_div_rho0_wd0.1_tiersNone,1002,div,0.0,0.1,final,dlog,out,50,0.017939574750201435,13,0.0024083824818331256
transformer,transformer_div_rho0_wd0.1_tiersNone,1002,div,0.0,0.1,final,dlog,out,51,0.0037566275113143505,64,0.0024083824818331256
transformer,transformer_div_rho0_wd0.1_tiersNone,1002,div,0.0,0.1,final,dlog,out,52,0.03702850288978641,5,0.0024083824818331256
transformer,transformer_div_rho0_wd0.1_tiersNone,1002,div,0.0,0.1,final,dlog,out,53,0.1294468676410193,2,0.0024083824818331256
transformer,transformer_div_rho0_wd0.1_tiersNone,1002,div,0.0,0.1,final,dlog,out,54,0.039061949919517884,4,0.0024083824818331256
transformer,transformer_div_rho0_wd0.1_tiersNone,1002,div,0.0,0.1,final,dlog,out,55,0.0070722333652715515,35,0.0024083824818331256
transformer,transformer_div_rho0_wd0.1_tiersNone,1002,div,0.0,0.1,final,dlog,out,56,0.006958643231281825,37,0.0024083824818331256
transformer,transformer_div_rho0_wd0.1_tiersNone,1002,div,0.0,0.1,final,dlog,out,57,0.004018317408924675,62,0.0024083824818331256
transformer,transformer_div_rho0_wd0.1_tiersNone,1002,div,0.0,0.1,final,dlog,out,58,0.00423794251476966,57,0.0024083824818331256
transformer,transformer_div_rho0_wd0.1_tiersNone,1002,div,0.0,0.1,final,dlog,out,59,0.00949312381929016,21,0.0024083824818331256
transformer,transformer_div_rho0_wd0.1_tiersNone,1002,div,0.0,0.1,final,dlog,out,60,0.003467411365418453,69,0.0024083824818331256
transformer,transformer_div_rho0_wd0.1_tiersNone,1002,div,0.0,0.1,final,dlog,out,61,0.005858978786497723,43,0.0024083824818331256
transformer,transformer_div_rho0_wd0.1_tiersNone,1002,div,0.0,0.1,final,dlog,out,62,0.004615220895313598,53,0.0024083824818331256
transformer,transformer_div_rho0_wd0.1_tiersNone,1002,div,0.0,0.1,final,dlog,out,63,0.03458402507727388,7,0.0024083824818331256
transformer,transformer_div_rho0_wd0.1_tiersNone,1002,div,0.0,0.1,final,dlog,out,64,0.003370808475741026,72,0.0024083824818331256
transformer,transformer_div_rho0_wd0.1_tiersNone,1002,div,0.0,0.1,final,dlog,out,65,0.020292719481259523,11,0.0024083824818331256
transformer,transformer_div_rho0_wd0.1_tiersNone,1002,div,0.0,0.1,final,dlog,out,66,0.005932144763377376,42,0.0024083824818331256
transformer,transformer_div_rho0_wd0.1_tiersNone,1002,div,0.0,0.1,final,dlog,out,67,0.0041032792236502785,61,0.0024083824818331256
transformer,transformer_div_rho0_wd0.1_tiersNone,1002,div,0.0,0.1,final,dlog,out,68,0.020459324176052465,9,0.0024083824818331256
transformer,transformer_div_rho0_wd0.1_tiersNone,1002,div,0.0,0.1,final,dlog,out,69,0.020455719639411233,10,0.0024083824818331256
transformer,transformer_div_rho0_wd0.1_tiersNone,1002,div,0.0,0.1,final,dlog,out,70,0.004943067164912375,47,0.0024083824818331256
transformer,transformer_div_rho0_wd0.1_tiersNone,1002,div,0.0,0.1,final,dlog,out,71,0.0034771079917966436,68,0.0024083824818331256
transformer,transformer_div_rho0_wd0.1_tiersNone,1002,div,0.0,0.1,final,dlog,out,72,0.0033812544932117035,71,0.0024083824818331256
transformer,transformer_div_rho0_wd0.1_tiersNone,1002,div,0.0,0.1,final,dlog,out,73,0.00484763587064294,51,0.0024083824818331256
transformer,transformer_div_rho0_wd0.1_tiersNone,1002,div,0.0,0.1,final,dlog,out,74,0.06274717939182363,3,0.0024083824818331256
