arch,condition,seed,task,rho,wd,step,lesion,side,param,dose,control_seed,test_acc,test_ce,train_reg_acc,train_reg_ce,acc_exc,overreg_rate,other_err_rate,exc_ce,exc_logit_gap,best_model,gcm_best,n_probe,dbic_gcm_vs_uniform,dbic_rulefam_vs_gcm,dbic_rulex_vs_rule,gcm_circular_lambda,gcm_hamming_lambda,rule_eps,rulex_m,rulex_eps,bic_uniform,bic_gcm_hamming,bic_gcm_circular,bic_gcm_linear,bic_rule,bic_rulex,n_units_total,unit_rank,attr_min_selected,dprime_min_selected
kimi,kimi_max_rho0.02_wd0.1_tiersNone,1000,max,0.02,0.1,final,none,-,0,0.0,,0.9781100801729574,0.09627477824687958,0.9994484280198566,0.0015436498215422034,1.0,0.0,0.0,0.007487163878977299,10.878389358520508,rulex,gcm_hamming,11323,85522.40330420679,22989.04518727307,3728.917992880045,40.0,8.0,0.040192230576441106,1.0,0.017045762711864407,113319.36804444087,27796.964740234074,39510.89628226087,38913.808103149386,8536.83754584105,4807.919552961005,,,,
kimi,kimi_max_rho0.02_wd0.1_tiersNone,1000,max,0.02,0.1,final,neurons,units,0,0.0,,0.9781100801729574,0.09627477824687958,0.9994484280198566,0.0015436498215422034,1.0,0.0,0.0,0.007487163878977299,10.878389358520508,rulex,gcm_hamming,11323,85522.40330420679,22989.04518727307,3728.917992880045,40.0,8.0,0.040192230576441106,1.0,0.017045762711864407,113319.36804444087,27796.964740234074,39510.89628226087,38913.808103149386,8536.83754584105,4807.919552961005,1920.0,grad,,
kimi,kimi_max_rho0.02_wd0.1_tiersNone,1000,max,0.02,0.1,final,neurons,units,1,0.0005208333333333333,,0.9781100801729574,0.09633970260620117,0.9994484280198566,0.0015414878726005554,1.0,0.0,0.0,0.007653921376913786,10.860607147216797,rulex,gcm_hamming,11323,85522.40330420679,22989.04518727307,3728.917992880045,40.0,8.0,0.040192230576441106,1.0,0.017045762711864407,113319.36804444087,27796.964740234074,39510.89628226087,38913.808103149386,8536.83754584105,4807.919552961005,1920.0,grad,3.642545223236084,0.10397355258464813
kimi,kimi_max_rho0.02_wd0.1_tiersNone,1000,max,0.02,0.1,final,neurons,units,2,0.0010416666666666667,,0.9781100801729574,0.0962677076458931,0.9994484280198566,0.0015401598066091537,1.0,0.0,0.0,0.007684728596359491,10.843754768371582,rulex,gcm_hamming,11323,85522.40330420679,22989.04518727307,3728.917992880045,40.0,8.0,0.040192230576441106,1.0,0.017045762711864407,113319.36804444087,27796.964740234074,39510.89628226087,38913.808103149386,8536.83754584105,4807.919552961005,1920.0,grad,3.355642318725586,-0.0290212482213974
kimi,kimi_max_rho0.02_wd0.1_tiersNone,1000,max,0.02,0.1,final,neurons,units,4,0.0020833333333333333,,0.9781100801729574,0.09640252590179443,0.9994484280198566,0.0015486306510865688,1.0,0.0,0.0,0.007873956114053726,10.810731887817383,rulex,gcm_hamming,11323,85522.55011107371,22988.89838040616,3728.917992880045,40.0,8.0,0.040192230576441106,1.0,0.017045762711864407,113319.36804444087,27796.817933367165,39506.67394620702,38909.58576971814,8536.83754584105,4807.919552961005,1920.0,grad,3.264791965484619,-0.0290212482213974
kimi,kimi_max_rho0.02_wd0.1_tiersNone,1000,max,0.02,0.1,final,neurons,units,8,0.004166666666666667,,0.9779299162237636,0.09628716111183167,0.9994484280198566,0.0015506114577874541,1.0,0.0,0.0,0.00801775511354208,10.74954891204834,rulex,gcm_hamming,11323,85522.82704988102,22952.386547208764,3725.2657854382423,40.0,8.0,0.04269799498746867,1.0,0.017045762711864407,113319.36804444087,27796.54099455986,39523.789595668764,38926.701418226214,8569.420232789336,4844.154447351094,1920.0,grad,2.865856885910034,-0.052787866443395615
kimi,kimi_max_rho0.02_wd0.1_tiersNone,1000,max,0.02,0.1,final,neurons,units,16,0.008333333333333333,,0.9782001621475542,0.0956697165966034,0.9994484280198566,0.0015822377754375339,1.0,0.0,0.0,0.008947157301008701,10.645391464233398,rulex,gcm_hamming,11323,85523.69923323492,23005.866705439996,3730.680866824665,40.0,8.0,0.040192230576441106,1.0,0.017045762711864407,113319.36804444087,27795.668811205956,39512.962746685,38915.87456900403,8520.482972590626,4789.802105765961,1920.0,grad,2.3207201957702637,-0.1985490769147873
kimi,kimi_max_rho0.02_wd0.1_tiersNone,1000,max,0.02,0.1,final,neurons,units,32,0.016666666666666666,,0.9779299162237636,0.09530474990606308,0.9994484280198566,0.0016074849991127849,1.0,0.0,0.0,0.01101482380181551,10.458144187927246,rulex,gcm_hamming,11323,85522.99810838065,22952.215488709124,3725.2657854382423,40.0,8.0,0.04269799498746867,1.0,0.017045762711864407,113319.36804444087,27796.36993606022,39510.16398245618,38903.83835703656,8569.420232789336,4844.154447351094,1920.0,grad,1.9369462728500366,-0.1985490769147873
kimi,kimi_max_rho0.02_wd0.1_tiersNone,1000,max,0.02,0.1,final,neurons,units,64,0.03333333333333333,,0.9782001621475542,0.09318874776363373,0.9996322853465711,0.0013644782593473792,1.0,0.0,0.0,0.014493409544229507,10.159612655639648,rulex,gcm_hamming,11323,85546.02052718242,22983.54541149248,3730.680866824665,40.0,8.0,0.040192230576441106,1.0,0.017045762711864407,113319.36804444087,27773.34751725844,39404.994356458636,38784.70653516576,8520.482972590626,4789.802105765961,1920.0,grad,1.5149080753326416,-0.1985490769147873
kimi,kimi_max_rho0.02_wd0.1_tiersNone,1000,max,0.02,0.1,final,neurons,units,128,0.06666666666666667,,0.9792811458427169,0.09217952191829681,0.9997242140099283,0.0013465118827298284,0.9954954954954955,0.0045045045045045045,-4.597017211338539e-17,0.021856576204299927,9.684625625610352,rulex,gcm_hamming,11323,85549.69693992197,23180.53714417174,3718.7395599879474,40.0,8.0,0.040192230576441106,0.98,0.017045762711864407,113319.36804444087,27769.671104518893,39365.15873820111,38744.88094527051,8307.8735203351,4589.133960347153,1920.0,grad,1.1569912433624268,-0.20750629901885986
kimi,kimi_max_rho0.02_wd0.1_tiersNone,1000,max,0.02,0.1,final,neurons,units,256,0.13333333333333333,,0.9793712278173138,0.0893273800611496,0.9996322853465711,0.0013387658400461078,0.990990990990991,0.009009009009009009,1.9081958235744878e-17,0.040700070559978485,8.963078498840332,rulex,gcm_hamming,11323,85553.27751234734,23187.301745602374,3696.3755873430955,40.0,8.0,0.040192230576441106,0.98,0.017045762711864407,113319.36804444087,27766.090532093527,39325.615955417605,38710.73366243169,8275.16437383425,4578.7887864911545,1920.0,grad,0.7913908958435059,-0.2667393386363983
kimi,kimi_max_rho0.02_wd0.1_tiersNone,1000,max,0.02,0.1,final,neurons,units,512,0.26666666666666666,,0.9788307359697325,0.08456966280937195,0.9996322853465711,0.0013900763588026166,0.963963963963964,0.02702702702702703,0.009009009009008973,0.08675343543291092,7.8909525871276855,rulex,gcm_hamming,11323,85515.40559648749,23049.22579187526,3553.1368642569714,40.0,8.0,0.040192230576441106,0.98,0.017045762711864407,113319.36804444087,27803.96244795339,39434.744965618105,38841.29916912839,8307.8735203351,4754.736656078129,1920.0,grad,0.45250046253204346,-0.28243184089660645
kimi,kimi_max_rho0.02_wd0.1_tiersNone,1000,max,0.02,0.1,final,randunits,units,0,0.0,0.0,0.9781100801729574,0.09627477824687958,0.9994484280198566,0.0015436498215422034,1.0,0.0,0.0,0.007487163878977299,10.878389358520508,rulex,gcm_hamming,11323,85522.40330420679,22989.04518727307,3728.917992880045,40.0,8.0,0.040192230576441106,1.0,0.017045762711864407,113319.36804444087,27796.964740234074,39510.89628226087,38913.808103149386,8536.83754584105,4807.919552961005,1920.0,grad,,
kimi,kimi_max_rho0.02_wd0.1_tiersNone,1000,max,0.02,0.1,final,randunits,units,1,0.0005208333333333333,0.0,0.9781100801729574,0.09629334509372711,0.9994484280198566,0.0015423500444740057,1.0,0.0,0.0,0.0074788304045796394,10.875792503356934,rulex,gcm_hamming,11323,85522.40330420679,22989.04518727307,3728.917992880045,40.0,8.0,0.040192230576441106,1.0,0.017045762711864407,113319.36804444087,27796.964740234074,39510.89628226087,38913.808103149386,8536.83754584105,4807.919552961005,1920.0,grad,0.5116989612579346,-0.03152100741863251
kimi,kimi_max_rho0.02_wd0.1_tiersNone,1000,max,0.02,0.1,final,randunits,units,2,0.0010416666666666667,0.0,0.9781100801729574,0.09635492414236069,0.9994484280198566,0.001556558534502983,1.0,0.0,0.0,0.007435908075422049,10.87444019317627,rulex,gcm_hamming,11323,85522.40330420679,22989.04518727307,3728.917992880045,40.0,8.0,0.040192230576441106,1.0,0.017045762711864407,113319.36804444087,27796.964740234074,39510.89628226087,38913.808103149386,8536.83754584105,4807.919552961005,1920.0,grad,0.08067875355482101,0.07713336497545242
kimi,kimi_max_rho0.02_wd0.1_tiersNone,1000,max,0.02,0.1,final,randunits,units,4,0.0020833333333333333,0.0,0.9781100801729574,0.09620757400989532,0.9994484280198566,0.0015402627177536488,1.0,0.0,0.0,0.007808167487382889,10.865139961242676,rulex,gcm_hamming,11323,85529.38625202968,22982.062239450184,3728.917992880045,40.0,8.0,0.040192230576441106,1.0,0.017045762711864407,113319.36804444087,27789.98179241119,39492.35809881017,38875.8190379791,8536.83754584105,4807.919552961005,1920.0,grad,0.14559043943881989,-0.16741837561130524
kimi,kimi_max_rho0.02_wd0.1_tiersNone,1000,max,0.02,0.1,final,randunits,units,8,0.004166666666666667,0.0,0.9782902441221512,0.0962551161646843,0.9994484280198566,0.0015729425940662622,1.0,0.0,0.0,0.00767720490694046,10.87794303894043,rulex,gcm_hamming,11323,85525.34562374116,23022.337762128787,3732.443740769284,40.0,8.0,0.040192230576441106,1.0,0.017045762711864407,113319.36804444087,27794.0224206997,39463.74230200574,38866.653934782,8504.1283993402,4771.684658570915,1920.0,grad,-1.239453911781311,-0.03863904997706413
kimi,kimi_max_rho0.02_wd0.1_tiersNone,1000,max,0.02,0.1,final,randunits,units,16,0.008333333333333333,0.0,0.9782001621475542,0.09631557762622833,0.9994484280198566,0.0015244365204125643,1.0,0.0,0.0,0.00773986941203475,10.824627876281738,rulex,gcm_hamming,11323,85521.8873527261,23007.67858594881,3730.680866824665,40.0,8.0,0.040192230576441106,1.0,0.017045762711864407,113319.36804444087,27797.480691714773,39498.73664933965,38901.64846998975,8520.482972590626,4789.802105765961,1920.0,grad,-1.4913463592529297,-0.19210363924503326
kimi,kimi_max_rho0.02_wd0.1_tiersNone,1000,max,0.02,0.1,final,randunits,units,32,0.016666666666666666,0.0,0.9783803260967481,0.0962584838271141,0.9994484280198566,0.0015330095775425434,1.0,0.0,0.0,0.0076034278608858585,10.833869934082031,rulex,gcm_hamming,11323,85534.98958722649,23030.81124583851,3734.206614713905,40.0,8.0,0.040192230576441106,1.0,0.017045762711864407,113319.36804444087,27784.37845721438,39465.15674192235,38848.616654937716,8487.773826089775,4753.56721137587,1920.0,grad,-0.6213592290878296,-0.17971964180469513
kimi,kimi_max_rho0.02_wd0.1_tiersNone,1000,max,0.02,0.1,final,randunits,units,64,0.03333333333333333,0.0,0.9784704080713449,0.09462641924619675,0.9994484280198566,0.001549712149426341,0.9954954954954955,0.0045045045045045045,-4.597017211338539e-17,0.010295220650732517,10.758925437927246,rulex,gcm_hamming,11323,85519.37028537781,23047.806773960503,3702.8736944863685,40.0,8.0,0.040192230576441106,0.98,0.017045762711864407,113319.36804444087,27799.99775906306,39476.045592372866,38859.5187097244,8455.064679588924,4752.190985102556,1920.0,grad,-1.100383996963501,-0.27211037278175354
kimi,kimi_max_rho0.02_wd0.1_tiersNone,1000,max,0.02,0.1,final,randunits,units,128,0.06666666666666667,0.0,0.9787406539951355,0.09420973807573318,0.9996322853465711,0.0012515396811068058,1.0,0.0,0.0,0.011114174500107765,10.669961929321289,rulex,gcm_hamming,11323,85558.51473615697,23079.755885688206,3741.258110492384,40.0,8.0,0.040192230576441106,1.0,0.017045762711864407,113319.36804444087,27760.8533082839,39398.04627591893,38781.76775175855,8422.355533088075,4681.097422595692,1920.0,grad,-0.9325366616249084,-0.2667393386363983
kimi,kimi_max_rho0.02_wd0.1_tiersNone,1000,max,0.02,0.1,final,randunits,units,256,0.13333333333333333,0.0,0.9781100801729574,0.09484190493822098,0.9996322853465711,0.001632934669032693,1.0,0.0,0.0,0.009391958825290203,10.48332405090332,rulex,gcm_hamming,11323,85536.54540489276,22974.903086587106,3728.917992880045,40.0,8.0,0.040192230576441106,1.0,0.017045762711864407,113319.36804444087,27782.82263954811,39380.27045780942,38763.78640324399,8536.83754584105,4807.919552961005,1920.0,grad,-1.307941198348999,-0.2549895942211151
kimi,kimi_max_rho0.02_wd0.1_tiersNone,1000,max,0.02,0.1,final,randunits,units,512,0.26666666666666666,0.0,0.9791009818935231,0.09094992280006409,0.9995403566832138,0.001801659120246768,0.9954954954954955,0.0045045045045045045,-4.597017211338539e-17,0.01822408102452755,10.03494644165039,rulex,gcm_hamming,11323,85582.60523939661,23111.39395030702,3715.2138120987074,40.0,8.0,0.040192230576441106,0.98,0.017045762711864407,113319.36804444087,27736.76280504426,39366.701793973894,38806.5306684427,8340.58266683595,4625.368854737242,1920.0,grad,-1.5290473699569702,-0.28243184089660645
kimi,kimi_max_rho0.02_wd0.1_tiersNone,1000,max,0.02,0.1,final,randunits,units,0,0.0,1.0,0.9781100801729574,0.09627477824687958,0.9994484280198566,0.0015436498215422034,1.0,0.0,0.0,0.007487163878977299,10.878389358520508,rulex,gcm_hamming,11323,85522.40330420679,22989.04518727307,3728.917992880045,40.0,8.0,0.040192230576441106,1.0,0.017045762711864407,113319.36804444087,27796.964740234074,39510.89628226087,38913.808103149386,8536.83754584105,4807.919552961005,1920.0,grad,,
kimi,kimi_max_rho0.02_wd0.1_tiersNone,1000,max,0.02,0.1,final,randunits,units,1,0.0005208333333333333,1.0,0.9781100801729574,0.0963684692978859,0.9994484280198566,0.001546003739349544,1.0,0.0,0.0,0.007536250166594982,10.86994743347168,rulex,gcm_hamming,11323,85522.40330420679,22989.04518727307,3728.917992880045,40.0,8.0,0.040192230576441106,1.0,0.017045762711864407,113319.36804444087,27796.964740234074,39510.89628226087,38913.808103149386,8536.83754584105,4807.919552961005,1920.0,grad,1.7781803607940674,0.06491507589817047
kimi,kimi_max_rho0.02_wd0.1_tiersNone,1000,max,0.02,0.1,final,randunits,units,2,0.0010416666666666667,1.0,0.9781100801729574,0.09618320316076279,0.9994484280198566,0.001537651987746358,1.0,0.0,0.0,0.00749729061499238,10.873827934265137,rulex,gcm_hamming,11323,85522.40330420679,22989.04518727307,3728.917992880045,40.0,8.0,0.040192230576441106,1.0,0.017045762711864407,113319.36804444087,27796.964740234074,39510.89628226087,38913.808103149386,8536.83754584105,4807.919552961005,1920.0,grad,0.22981470823287964,0.021704161539673805
kimi,kimi_max_rho0.02_wd0.1_tiersNone,1000,max,0.02,0.1,final,randunits,units,4,0.0020833333333333333,1.0,0.9782001621475542,0.09626157581806183,0.9994484280198566,0.0015395223163068295,1.0,0.0,0.0,0.007595155853778124,10.872197151184082,rulex,gcm_hamming,11323,85522.84941522664,23006.716523448267,3730.680866824665,40.0,8.0,0.040192230576441106,1.0,0.017045762711864407,113319.36804444087,27796.518629214228,39506.70404345319,38909.61586410329,8520.482972590626,4789.802105765961,1920.0,grad,-0.651884913444519,-0.020838245749473572
kimi,kimi_max_rho0.02_wd0.1_tiersNone,1000,max,0.02,0.1,final,randunits,units,8,0.004166666666666667,1.0,0.9781100801729574,0.09626373648643494,0.9994484280198566,0.0015376416267827153,1.0,0.0,0.0,0.0075262924656271935,10.87349796295166,rulex,gcm_hamming,11323,85530.6416537041,22980.806837775774,3728.917992880045,40.0,8.0,0.040192230576441106,1.0,0.017045762711864407,113319.36804444087,27788.726390736778,39473.28031284139,38876.19194490239,8536.83754584105,4807.919552961005,1920.0,grad,-1.5290473699569702,-0.0933201014995575
kimi,kimi_max_rho0.02_wd0.1_tiersNone,1000,max,0.02,0.1,final,randunits,units,16,0.008333333333333333,1.0,0.9782902441221512,0.09603980928659439,0.9994484280198566,0.0015373836504295468,1.0,0.0,0.0,0.007743557449430227,10.857071876525879,rulex,gcm_hamming,11323,85529.83038919166,23017.852996678295,3732.443740769284,40.0,8.0,0.040192230576441106,1.0,0.017045762711864407,113319.36804444087,27789.537655249213,39461.714690750094,38864.626324956866,8504.1283993402,4771.684658570915,1920.0,grad,-0.4734950363636017,-0.16192151606082916
kimi,kimi_max_rho0.02_wd0.1_tiersNone,1000,max,0.02,0.1,final,randunits,units,32,0.016666666666666666,1.0,0.9781100801729574,0.09609612077474594,0.9995403566832138,0.0014738234458491206,1.0,0.0,0.0,0.008116504177451134,10.822842597961426,rulex,gcm_hamming,11323,85539.31514326154,22972.133348218314,3728.917992880045,40.0,8.0,0.040192230576441106,1.0,0.017045762711864407,113319.36804444087,27780.05290117932,39450.02064019963,38833.47587854192,8536.83754584105,4807.919552961005,1920.0,grad,-0.5983836650848389,-0.20750629901885986
kimi,kimi_max_rho0.02_wd0.1_tiersNone,1000,max,0.02,0.1,final,randunits,units,64,0.03333333333333333,1.0,0.9786505720205387,0.09466729313135147,0.9995403566832138,0.0014770346460863948,1.0,0.0,0.0,0.008098131977021694,10.764655113220215,rulex,gcm_hamming,11323,85557.37942299205,23062.77375165809,3739.495236547764,40.0,8.0,0.040192230576441106,1.0,0.017045762711864407,113319.36804444087,27761.988621448825,39466.68163639829,38850.14257699773,8438.7101063385,4699.214869790736,1920.0,grad,-0.7676920890808105,-0.20513419806957245
kimi,kimi_max_rho0.02_wd0.1_tiersNone,1000,max,0.02,0.1,final,randunits,units,128,0.06666666666666667,1.0,0.9782001621475542,0.09545469284057617,0.9995403566832138,0.0014670288655906916,1.0,0.0,0.0,0.008251864463090897,10.715627670288086,rulex,gcm_hamming,11323,85542.46071828488,22987.105220390018,3730.680866824665,40.0,8.0,0.040192230576441106,1.0,0.017045762711864407,113319.36804444087,27776.90732615598,39461.17958099172,38844.33781821057,8520.482972590626,4789.802105765961,1920.0,grad,-2.9306678771972656,-0.21742242574691772
kimi,kimi_max_rho0.02_wd0.1_tiersNone,1000,max,0.02,0.1,final,randunits,units,256,0.13333333333333333,1.0,0.9783803260967481,0.09453221410512924,0.9994484280198566,0.0015678426716476679,1.0,0.0,0.0,0.009796664118766785,10.535673141479492,rulex,gcm_hamming,11323,85554.94900898795,23010.851824077035,3734.206614713905,40.0,8.0,0.040192230576441106,1.0,0.017045762711864407,113319.36804444087,27764.419035452906,39428.94362265393,38827.84455234334,8487.773826089775,4753.56721137587,1920.0,grad,-1.6889064311981201,-0.28243184089660645
kimi,kimi_max_rho0.02_wd0.1_tiersNone,1000,max,0.02,0.1,final,randunits,units,512,0.26666666666666666,1.0,0.9782001621475542,0.08929439634084702,0.9995403566832138,0.0018565242644399405,1.0,0.0,0.0,0.015183004550635815,9.933526039123535,rulex,gcm_hamming,11323,85590.00715518769,22939.558783487213,3730.680866824665,40.0,8.0,0.040192230576441106,1.0,0.017045762711864407,113319.36804444087,27729.360889253174,39373.24961406514,38807.407171195,8520.482972590626,4789.802105765961,1920.0,grad,-1.6889064311981201,-0.28243184089660645
kimi,kimi_max_rho0.02_wd0.1_tiersNone,1000,max,0.02,0.1,final,randunits,units,0,0.0,2.0,0.9781100801729574,0.09627477824687958,0.9994484280198566,0.0015436498215422034,1.0,0.0,0.0,0.007487163878977299,10.878389358520508,rulex,gcm_hamming,11323,85522.40330420679,22989.04518727307,3728.917992880045,40.0,8.0,0.040192230576441106,1.0,0.017045762711864407,113319.36804444087,27796.964740234074,39510.89628226087,38913.808103149386,8536.83754584105,4807.919552961005,1920.0,grad,,
kimi,kimi_max_rho0.02_wd0.1_tiersNone,1000,max,0.02,0.1,final,randunits,units,1,0.0005208333333333333,2.0,0.9781100801729574,0.09615670144557953,0.9994484280198566,0.0015327406581491232,1.0,0.0,0.0,0.007510002236813307,10.878976821899414,rulex,gcm_hamming,11323,85522.40330420679,22989.04518727307,3728.917992880045,40.0,8.0,0.040192230576441106,1.0,0.017045762711864407,113319.36804444087,27796.964740234074,39510.89628226087,38913.808103149386,8536.83754584105,4807.919552961005,1920.0,grad,-0.22623685002326965,-0.0020544917788356543
kimi,kimi_max_rho0.02_wd0.1_tiersNone,1000,max,0.02,0.1,final,randunits,units,2,0.0010416666666666667,2.0,0.9781100801729574,0.09617359191179276,0.9994484280198566,0.0015566531801596284,1.0,0.0,0.0,0.007411940488964319,10.87198543548584,rulex,gcm_hamming,11323,85522.40330420679,22989.04518727307,3728.917992880045,40.0,8.0,0.040192230576441106,1.0,0.017045762711864407,113319.36804444087,27796.964740234074,39510.89628226087,38913.808103149386,8536.83754584105,4807.919552961005,1920.0,grad,-0.32115352153778076,-0.2481648176908493
kimi,kimi_max_rho0.02_wd0.1_tiersNone,1000,max,0.02,0.1,final,randunits,units,4,0.0020833333333333333,2.0,0.9780199981983605,0.09604049474000931,0.9994484280198566,0.0015374968061223626,1.0,0.0,0.0,0.007556520402431488,10.871315956115723,rulex,gcm_hamming,11323,85520.57694982571,22972.75409445911,3727.1548075145383,40.0,8.0,0.04269799498746867,1.0,0.017045762711864407,113319.36804444087,27798.791094615157,39508.38201362416,38911.29383451268,8553.191807670588,4826.0370001560495,1920.0,grad,-0.4358171224594116,-0.08891898393630981
kimi,kimi_max_rho0.02_wd0.1_tiersNone,1000,max,0.02,0.1,final,randunits,units,8,0.004166666666666667,2.0,0.9782902441221512,0.09643339365720749,0.9994484280198566,0.0015897363191470504,1.0,0.0,0.0,0.007741823792457581,10.87060832977295,rulex,gcm_hamming,11323,85530.15973281277,23017.52365305718,3732.443740769284,40.0,8.0,0.040192230576441106,1.0,0.017045762711864407,113319.36804444087,27789.208311628096,39497.49886590764,38880.959804361315,8504.1283993402,4771.684658570915,1920.0,grad,-0.349282443523407,-0.09197424352169037
kimi,kimi_max_rho0.02_wd0.1_tiersNone,1000,max,0.02,0.1,final,randunits,units,16,0.008333333333333333,2.0,0.9782902441221512,0.09617017209529877,0.9994484280198566,0.0015663693193346262,1.0,0.0,0.0,0.007732633035629988,10.850584030151367,rulex,gcm_hamming,11323,85531.08805812143,23016.595327748524,3732.443740769284,40.0,8.0,0.040192230576441106,1.0,0.017045762711864407,113319.36804444087,27788.27998631944,39494.79664713666,38878.257585351916,8504.1283993402,4771.684658570915,1920.0,grad,-0.6667147874832153,-0.1609192043542862
kimi,kimi_max_rho0.02_wd0.1_tiersNone,1000,max,0.02,0.1,final,randunits,units,32,0.016666666666666666,2.0,0.9781100801729574,0.09630792587995529,0.9994484280198566,0.0015393036883324385,1.0,0.0,0.0,0.00776662165299058,10.82748031616211,rulex,gcm_hamming,11323,85528.02404886139,22983.424442618467,3728.917992880045,40.0,8.0,0.040192230576441106,1.0,0.017045762711864407,113319.36804444087,27791.34399557947,39461.89717990682,38864.80881268308,8536.83754584105,4807.919552961005,1920.0,grad,-1.2705590724945068,-0.16681362688541412
kimi,kimi_max_rho0.02_wd0.1_tiersNone,1000,max,0.02,0.1,final,randunits,units,64,0.03333333333333333,2.0,0.9778398342491668,0.09636994451284409,0.9994484280198566,0.0015911542577669024,1.0,0.0,0.0,0.0077269054017961025,10.816106796264648,rulex,gcm_hamming,11323,85537.89238659869,22919.20376329604,3723.3767633619436,40.0,8.0,0.04269799498746867,1.0,0.017045762711864407,113319.36804444087,27781.475657842177,39471.549480503054,38874.46111447141,8585.648657908083,4862.271894546139,1920.0,grad,-0.91583651304245,-0.2640535235404968
kimi,kimi_max_rho0.02_wd0.1_tiersNone,1000,max,0.02,0.1,final,randunits,units,128,0.06666666666666667,2.0,0.9782001621475542,0.09440501034259796,0.9996322853465711,0.0013777546118944883,1.0,0.0,0.0,0.009797615930438042,10.68957805633545,rulex,gcm_hamming,11323,85545.85041171953,22983.715526955373,3730.680866824665,40.0,8.0,0.040192230576441106,1.0,0.017045762711864407,113319.36804444087,27773.517632721334,39448.602818553896,38832.04639918134,8520.482972590626,4789.802105765961,1920.0,grad,-0.9821362495422363,-0.2629748582839966
kimi,kimi_max_rho0.02_wd0.1_tiersNone,1000,max,0.02,0.1,final,randunits,units,256,0.13333333333333333,2.0,0.9780199981983605,0.09315524995326996,0.9995403566832138,0.0013682597782462835,1.0,0.0,0.0,0.009977812878787518,10.4595365524292,rulex,gcm_hamming,11323,85548.56490045489,22944.766143829933,3727.1548075145383,40.0,8.0,0.04269799498746867,1.0,0.017045762711864407,113319.36804444087,27770.80314398598,39389.55699116513,38789.118987625094,8553.191807670588,4826.0370001560495,1920.0,grad,-1.554389476776123,-0.28243184089660645
kimi,kimi_max_rho0.02_wd0.1_tiersNone,1000,max,0.02,0.1,final,randunits,units,512,0.26666666666666666,2.0,0.9785604900459418,0.09033328294754028,0.9996322853465711,0.001538780052214861,0.990990990990991,0.009009009009009009,1.9081958235744878e-17,0.022114673629403114,9.974123001098633,rulex,gcm_hamming,11323,85577.97051212416,22999.55172107016,3680.5097218415167,40.0,8.0,0.040192230576441106,0.98,0.017045762711864407,113319.36804444087,27741.397532316718,39271.52739769742,38641.37263101861,8422.355533088075,4741.845811246559,1920.0,grad,-2.9306678771972656,-0.2629748582839966
kimi,kimi_max_rho0.02_wd0.1_tiersNone,1001,max,0.02,0.1,final,none,-,0,0.0,,0.9799117196648951,0.09315702319145203,0.9994484280198566,0.0018952848622575402,0.9954954954954955,0.0045045045045045045,-4.597017211338539e-17,0.014025414362549782,10.514025688171387,rulex,gcm_hamming,11323,85531.6342556202,23325.42195883883,3731.079677600287,40.0,8.0,0.040192230576441106,0.98,0.017045762711864407,113319.36804444087,27787.733788820668,39036.82727760598,38389.63800579831,8193.391507582126,4462.311829981839,,,,
kimi,kimi_max_rho0.02_wd0.1_tiersNone,1001,max,0.02,0.1,final,neurons,units,0,0.0,,0.9799117196648951,0.09315702319145203,0.9994484280198566,0.0018952848622575402,0.9954954954954955,0.0045045045045045045,-4.597017211338539e-17,0.014025414362549782,10.514025688171387,rulex,gcm_hamming,11323,85531.6342556202,23325.42195883883,3731.079677600287,40.0,8.0,0.040192230576441106,0.98,0.017045762711864407,113319.36804444087,27787.733788820668,39036.82727760598,38389.63800579831,8193.391507582126,4462.311829981839,1920.0,grad,,
kimi,kimi_max_rho0.02_wd0.1_tiersNone,1001,max,0.02,0.1,final,neurons,units,1,0.0005208333333333333,,0.9799117196648951,0.09310343861579895,0.9994484280198566,0.0018894373206421733,0.9954954954954955,0.0045045045045045045,-4.597017211338539e-17,0.01418497134000063,10.489028930664062,rulex,gcm_hamming,11323,85531.6342556202,23325.42195883883,3731.079677600287,40.0,8.0,0.040192230576441106,0.98,0.017045762711864407,113319.36804444087,27787.733788820668,39036.82727760598,38389.63800579831,8193.391507582126,4462.311829981839,1920.0,grad,4.943734169006348,-0.04533110931515694
kimi,kimi_max_rho0.02_wd0.1_tiersNone,1001,max,0.02,0.1,final,neurons,units,2,0.0010416666666666667,,0.9798216376902982,0.09283983707427979,0.9994484280198566,0.00188893498852849,0.9954954954954955,0.0045045045045045045,-4.597017211338539e-17,0.014346139505505562,10.467358589172363,rulex,gcm_hamming,11323,85532.12144535924,23306.81732190474,3729.316803655667,40.0,8.0,0.040192230576441106,0.98,0.017045762711864407,113319.36804444087,27787.246599081624,39041.6677863054,38394.47851449773,8209.74608083255,4480.429277176883,1920.0,grad,4.051448345184326,-0.04533110931515694
kimi,kimi_max_rho0.02_wd0.1_tiersNone,1001,max,0.02,0.1,final,neurons,units,4,0.0020833333333333333,,0.9798216376902982,0.09279413521289825,0.9994484280198566,0.0018705950351431966,0.9954954954954955,0.0045045045045045045,-4.597017211338539e-17,0.014666027389466763,10.431387901306152,rulex,gcm_hamming,11323,85532.12144535924,23306.81732190474,3729.316803655667,40.0,8.0,0.040192230576441106,0.98,0.017045762711864407,113319.36804444087,27787.246599081624,39041.6677863054,38394.47851449773,8209.74608083255,4480.429277176883,1920.0,grad,3.124450922012329,-0.11017380654811859
kimi,kimi_max_rho0.02_wd0.1_tiersNone,1001,max,0.02,0.1,final,neurons,units,8,0.004166666666666667,,0.9800018016394919,0.09269610047340393,0.9994484280198566,0.0018930964870378375,0.990990990990991,0.009009009009009009,1.9081958235744878e-17,0.015157564543187618,10.376055717468262,rulex,gcm_hamming,11323,85511.15671056265,23356.244677752384,3708.7157049554326,40.0,8.0,0.040192230576441106,0.98,0.017045762711864407,113319.36804444087,27808.211333878226,39042.53783816621,38395.348567073794,8160.682361081274,4451.966656125842,1920.0,grad,2.6559624671936035,-0.1543383151292801
kimi,kimi_max_rho0.02_wd0.1_tiersNone,1001,max,0.02,0.1,final,neurons,units,16,0.008333333333333333,,0.9800018016394919,0.09242486208677292,0.9994484280198566,0.0018336265347898006,0.990990990990991,0.009009009009009009,1.9081958235744878e-17,0.015958279371261597,10.278207778930664,rulex,gcm_hamming,11323,85524.09726932863,23343.3041189864,3708.7157049554326,40.0,8.0,0.040192230576441106,0.98,0.017045762711864407,113319.36804444087,27795.270775112243,39044.49171919152,38397.30244809911,8160.682361081274,4451.966656125842,1920.0,grad,2.0640597343444824,-0.1543383151292801
kimi,kimi_max_rho0.02_wd0.1_tiersNone,1001,max,0.02,0.1,final,neurons,units,32,0.016666666666666666,,0.9798216376902982,0.09213045984506607,0.9994484280198566,0.0017192828236147761,0.9954954954954955,0.0045045045045045045,-4.597017211338539e-17,0.016666488721966743,10.115717887878418,rulex,gcm_hamming,11323,85546.4211597117,23292.517607552283,3729.316803655667,40.0,8.0,0.040192230576441106,0.98,0.017045762711864407,113319.36804444087,27772.946884729165,39043.93230575845,38396.74303395078,8209.74608083255,4480.429277176883,1920.0,grad,1.8363531827926636,-0.21897415816783905
kimi,kimi_max_rho0.02_wd0.1_tiersNone,1001,max,0.02,0.1,final,neurons,units,64,0.03333333333333333,,0.9798216376902982,0.09063151478767395,0.9995403566832138,0.001481174724176526,0.990990990990991,0.009009009009009009,1.9081958235744878e-17,0.02299332804977894,9.827506065368652,rulex,gcm_hamming,11323,85532.06711867786,23299.099375247068,3705.1899570661953,40.0,8.0,0.040192230576441106,0.98,0.017045762711864407,113319.36804444087,27787.300925762996,39033.38344592378,38386.19341356084,8193.391507582126,4488.201550515931,1920.0,grad,1.5229629278182983,-0.21897415816783905
kimi,kimi_max_rho0.02_wd0.1_tiersNone,1001,max,0.02,0.1,final,neurons,units,128,0.06666666666666667,,0.9800918836140888,0.0891861841082573,0.9995403566832138,0.0014932032208889723,0.9819819819819819,0.018018018018018018,3.8163916471489756e-17,0.03365958854556084,9.35377311706543,rulex,gcm_hamming,11323,85531.37464274713,23338.599646084833,3662.224885721109,40.0,8.0,0.040192230576441106,0.98,0.017045762711864407,113319.36804444087,27787.993401693726,39024.07162029073,38376.88160104081,8111.61864133,4449.393755608891,1920.0,grad,1.1370283365249634,-0.22823166847229004
kimi,kimi_max_rho0.02_wd0.1_tiersNone,1001,max,0.02,0.1,final,neurons,units,256,0.13333333333333333,,0.9798216376902982,0.08739203214645386,0.9995403566832138,0.0015566565562039614,0.972972972972973,0.02252252252252252,0.0045045045045044516,0.05072842165827751,8.632001876831055,rulex,gcm_hamming,11323,85522.47181782156,23267.30080955598,3614.7323707675178,40.0,8.0,0.040192230576441106,0.98,0.017045762711864407,113319.36804444087,27796.896226619312,39051.3765422754,38430.52613264844,8144.327787830849,4529.595417063331,1920.0,grad,0.7734253406524658,-0.30729132890701294
kimi,kimi_max_rho0.02_wd0.1_tiersNone,1001,max,0.02,0.1,final,neurons,units,512,0.26666666666666666,,0.9797315557157013,0.08433739840984344,0.9996322853465711,0.0014677710132673383,0.963963963963964,0.02702702702702703,0.009009009009008973,0.08949286490678787,7.5632476806640625,rulex,gcm_hamming,11323,85533.13253028793,23212.673330025256,3570.7656037031675,40.0,8.0,0.040192230576441106,0.98,0.017045762711864407,113319.36804444087,27786.235514152937,38979.25231260583,38377.342282836886,8144.327787830849,4573.562184127682,1920.0,grad,0.4480498433113098,-0.30729132890701294
kimi,kimi_max_rho0.02_wd0.1_tiersNone,1001,max,0.02,0.1,final,randunits,units,0,0.0,0.0,0.9799117196648951,0.09315702319145203,0.9994484280198566,0.0018952848622575402,0.9954954954954955,0.0045045045045045045,-4.597017211338539e-17,0.014025414362549782,10.514025688171387,rulex,gcm_hamming,11323,85531.6342556202,23325.42195883883,3731.079677600287,40.0,8.0,0.040192230576441106,0.98,0.017045762711864407,113319.36804444087,27787.733788820668,39036.82727760598,38389.63800579831,8193.391507582126,4462.311829981839,1920.0,grad,,
kimi,kimi_max_rho0.02_wd0.1_tiersNone,1001,max,0.02,0.1,final,randunits,units,1,0.0005208333333333333,0.0,0.9799117196648951,0.0931229442358017,0.9994484280198566,0.0018932190723717213,0.9954954954954955,0.0045045045045045045,-4.597017211338539e-17,0.013970482163131237,10.51229476928711,rulex,gcm_hamming,11323,85531.6342556202,23325.42195883883,3731.079677600287,40.0,8.0,0.040192230576441106,0.98,0.017045762711864407,113319.36804444087,27787.733788820668,39036.82727760598,38389.63800579831,8193.391507582126,4462.311829981839,1920.0,grad,0.5087271332740784,-0.04249439761042595
kimi,kimi_max_rho0.02_wd0.1_tiersNone,1001,max,0.02,0.1,final,randunits,units,2,0.0010416666666666667,0.0,0.9800018016394919,0.09315261244773865,0.9994484280198566,0.0018890410428866744,0.9954954954954955,0.0045045045045045045,-4.597017211338539e-17,0.014017968438565731,10.510313034057617,rulex,gcm_hamming,11323,85519.21603748512,23355.957624168954,3732.8425515449053,40.0,8.0,0.040192230576441106,0.98,0.017045762711864407,113319.36804444087,27800.15200695575,39042.97335094735,38395.78407961652,8177.0369343317,4444.194382786794,1920.0,grad,0.09304538369178772,-0.007727413903921843
kimi,kimi_max_rho0.02_wd0.1_tiersNone,1001,max,0.02,0.1,final,randunits,units,4,0.0020833333333333333,0.0,0.9799117196648951,0.09292526543140411,0.9994484280198566,0.0019069418776780367,0.9954954954954955,0.0045045045045045045,-4.597017211338539e-17,0.013888988643884659,10.499685287475586,rulex,gcm_hamming,11323,85518.36378852936,23338.692425929676,3731.079677600287,40.0,8.0,0.040192230576441106,0.98,0.017045762711864407,113319.36804444087,27801.004255911514,39040.79839200303,38393.60912019536,8193.391507582126,4462.311829981839,1920.0,grad,0.15996485948562622,-0.07951682806015015
kimi,kimi_max_rho0.02_wd0.1_tiersNone,1001,max,0.02,0.1,final,randunits,units,8,0.004166666666666667,0.0,0.9800918836140888,0.09301593899726868,0.9994484280198566,0.0018863134318962693,0.9954954954954955,0.0045045045045045045,-4.597017211338539e-17,0.013837708160281181,10.515074729919434,rulex,gcm_hamming,11323,85518.44356400587,23374.84754484325,3734.6054254895253,40.0,8.0,0.040192230576441106,0.98,0.017045762711864407,113319.36804444087,27800.924480435002,39022.29907721803,38374.51172215268,8160.682361081274,4426.076935591749,1920.0,grad,-1.2712292671203613,-0.0520668663084507
kimi,kimi_max_rho0.02_wd0.1_tiersNone,1001,max,0.02,0.1,final,randunits,units,16,0.008333333333333333,0.0,0.9800918836140888,0.0922037735581398,0.9995403566832138,0.0016376503044739366,0.990990990990991,0.009009009009009009,1.9081958235744878e-17,0.013928825035691261,10.473094940185547,rulex,gcm_hamming,11323,85524.13885753143,23361.379977978642,3710.4785789000525,40.0,8.0,0.040192230576441106,0.98,0.017045762711864407,113319.36804444087,27795.229186909437,39048.48601311967,38402.49918658063,8144.327787830849,4433.8492089307965,1920.0,grad,-1.7073163986206055,-0.08247307687997818
kimi,kimi_max_rho0.02_wd0.1_tiersNone,1001,max,0.02,0.1,final,randunits,units,32,0.016666666666666666,0.0,0.9801819655886858,0.09260939061641693,0.9994484280198566,0.0018567886436358094,0.990990990990991,0.009009009009009009,1.9081958235744878e-17,0.014861523173749447,10.454611778259277,rulex,gcm_hamming,11323,85527.3102315212,23376.32605118392,3712.2414528446734,40.0,8.0,0.040192230576441106,0.98,0.017045762711864407,113319.36804444087,27792.057812919673,39022.6399690561,38374.85260206983,8127.9732145804255,4415.731761735752,1920.0,grad,-0.5772459506988525,-0.2532375156879425
kimi,kimi_max_rho0.02_wd0.1_tiersNone,1001,max,0.02,0.1,final,randunits,units,64,0.03333333333333333,0.0,0.9797315557157013,0.09283843636512756,0.9994484280198566,0.001910043996758759,0.9954954954954955,0.0045045045045045045,-4.597017211338539e-17,0.015657369047403336,10.402386665344238,rulex,gcm_hamming,11323,85545.01439064411,23275.80692942483,3727.553929711048,40.0,8.0,0.040192230576441106,0.98,0.017045762711864407,113319.36804444087,27774.35365379676,39034.74217075631,38393.92508191392,8226.100654082977,4498.546724371929,1920.0,grad,-1.1691334247589111,-0.30729132890701294
kimi,kimi_max_rho0.02_wd0.1_tiersNone,1001,max,0.02,0.1,final,randunits,units,128,0.06666666666666667,0.0,0.9800018016394919,0.09096042811870575,0.9994484280198566,0.0018621775088831782,0.9954954954954955,0.0045045045045045045,-4.597017211338539e-17,0.01598135568201542,10.33654499053955,rulex,gcm_hamming,11323,85542.55888146628,23332.614780187803,3732.8425515449053,40.0,8.0,0.040192230576441106,0.98,0.017045762711864407,113319.36804444087,27776.809162974598,39033.51946646497,38385.73209995553,8177.0369343317,4444.194382786794,1920.0,grad,-0.9523637890815735,-0.21272657811641693
kimi,kimi_max_rho0.02_wd0.1_tiersNone,1001,max,0.02,0.1,final,randunits,units,256,0.13333333333333333,0.0,0.9798216376902982,0.09132486581802368,0.9994484280198566,0.0019620677921921015,0.990990990990991,0.009009009009009009,1.9081958235744878e-17,0.022650768980383873,10.16726016998291,rulex,gcm_hamming,11323,85510.13559834531,23321.030895579628,3705.1899570661953,40.0,8.0,0.040192230576441106,0.98,0.017045762711864407,113319.36804444087,27809.23244609556,39021.15335757062,38390.723008101435,8193.391507582126,4488.201550515931,1920.0,grad,-1.5393991470336914,-0.25577712059020996
kimi,kimi_max_rho0.02_wd0.1_tiersNone,1001,max,0.02,0.1,final,randunits,units,512,0.26666666666666666,0.0,0.9799117196648951,0.08869604766368866,0.9992645706931421,0.0021592937409877777,0.9954954954954955,0.0045045045045045045,-4.597017211338539e-17,0.020486654713749886,9.625143051147461,rulex,gcm_hamming,11323,85556.76890813978,23300.287306319242,3731.079677600287,40.0,8.0,0.040192230576441106,0.98,0.017045762711864407,113319.36804444087,27762.59913630108,39039.949713414164,38408.33393270299,8193.391507582126,4462.311829981839,1920.0,grad,-1.7502470016479492,-0.21979397535324097
kimi,kimi_max_rho0.02_wd0.1_tiersNone,1001,max,0.02,0.1,final,randunits,units,0,0.0,1.0,0.9799117196648951,0.09315702319145203,0.9994484280198566,0.0018952848622575402,0.9954954954954955,0.0045045045045045045,-4.597017211338539e-17,0.014025414362549782,10.514025688171387,rulex,gcm_hamming,11323,85531.6342556202,23325.42195883883,3731.079677600287,40.0,8.0,0.040192230576441106,0.98,0.017045762711864407,113319.36804444087,27787.733788820668,39036.82727760598,38389.63800579831,8193.391507582126,4462.311829981839,1920.0,grad,,
kimi,kimi_max_rho0.02_wd0.1_tiersNone,1001,max,0.02,0.1,final,randunits,units,1,0.0005208333333333333,1.0,0.9799117196648951,0.09310805797576904,0.9994484280198566,0.0018963232869282365,0.9954954954954955,0.0045045045045045045,-4.597017211338539e-17,0.014082182198762894,10.50566577911377,rulex,gcm_hamming,11323,85531.6342556202,23325.42195883883,3731.079677600287,40.0,8.0,0.040192230576441106,0.98,0.017045762711864407,113319.36804444087,27787.733788820668,39036.82727760598,38389.63800579831,8193.391507582126,4462.311829981839,1920.0,grad,1.7363039255142212,-0.1340314894914627
kimi,kimi_max_rho0.02_wd0.1_tiersNone,1001,max,0.02,0.1,final,randunits,units,2,0.0010416666666666667,1.0,0.9799117196648951,0.09312085807323456,0.9994484280198566,0.0018955380655825138,0.9954954954954955,0.0045045045045045045,-4.597017211338539e-17,0.014018050394952297,10.509243965148926,rulex,gcm_hamming,11323,85531.6342556202,23325.42195883883,3731.079677600287,40.0,8.0,0.040192230576441106,0.98,0.017045762711864407,113319.36804444087,27787.733788820668,39036.82727760598,38389.63800579831,8193.391507582126,4462.311829981839,1920.0,grad,0.24467700719833374,-0.005424788221716881
kimi,kimi_max_rho0.02_wd0.1_tiersNone,1001,max,0.02,0.1,final,randunits,units,4,0.0020833333333333333,1.0,0.9799117196648951,0.09309540688991547,0.9994484280198566,0.0018698640633374453,0.9954954954954955,0.0045045045045045045,-4.597017211338539e-17,0.014278593473136425,10.502551078796387,rulex,gcm_hamming,11323,85531.6342556202,23325.42195883883,3731.079677600287,40.0,8.0,0.040192230576441106,0.98,0.017045762711864407,113319.36804444087,27787.733788820668,39036.82727760598,38389.63800579831,8193.391507582126,4462.311829981839,1920.0,grad,-0.6525173187255859,-0.08864827454090118
kimi,kimi_max_rho0.02_wd0.1_tiersNone,1001,max,0.02,0.1,final,randunits,units,8,0.004166666666666667,1.0,0.9799117196648951,0.09313040226697922,0.9994484280198566,0.0019367033382877707,0.9954954954954955,0.0045045045045045045,-4.597017211338539e-17,0.014176830649375916,10.509393692016602,rulex,gcm_hamming,11323,85531.6342556202,23325.42195883883,3731.079677600287,40.0,8.0,0.040192230576441106,0.98,0.017045762711864407,113319.36804444087,27787.733788820668,39036.82727760598,38389.63800579831,8193.391507582126,4462.311829981839,1920.0,grad,-1.7502470016479492,-0.16314977407455444
kimi,kimi_max_rho0.02_wd0.1_tiersNone,1001,max,0.02,0.1,final,randunits,units,16,0.008333333333333333,1.0,0.9802720475632826,0.09264355897903442,0.9994484280198566,0.0018703561509028077,0.9954954954954955,0.0045045045045045045,-4.597017211338539e-17,0.013891362585127354,10.486114501953125,rulex,gcm_hamming,11323,85536.06010714994,23393.46589608927,3738.131173378765,40.0,8.0,0.040192230576441106,0.98,0.017045762711864407,113319.36804444087,27783.30793729093,39036.577661340685,38389.38839024827,8127.9732145804255,4389.84204120166,1920.0,grad,-0.4604610204696655,-0.10701020807027817
kimi,kimi_max_rho0.02_wd0.1_tiersNone,1001,max,0.02,0.1,final,randunits,units,32,0.016666666666666666,1.0,0.9800918836140888,0.09257056564092636,0.9994484280198566,0.0018604828510433435,1.0,0.0,0.0,0.013752263970673084,10.457019805908203,rulex,gcm_hamming,11323,85538.06444754591,23371.967882224937,3767.7012196616806,40.0,8.0,0.040192230576441106,1.0,0.017045762711864407,113319.36804444087,27781.303596894955,39027.91141218469,38380.60845906064,8177.0369343317,4409.335714670019,1920.0,grad,-0.5459470748901367,-0.24906185269355774
kimi,kimi_max_rho0.02_wd0.1_tiersNone,1001,max,0.02,0.1,final,randunits,units,64,0.03333333333333333,1.0,0.9797315557157013,0.092687226831913,0.9994484280198566,0.0019374837866052985,0.9954954954954955,0.0045045045045045045,-4.597017211338539e-17,0.01387537457048893,10.424040794372559,rulex,gcm_hamming,11323,85519.4857774543,23301.335542614634,3727.553929711048,40.0,8.0,0.040192230576441106,0.98,0.017045762711864407,113319.36804444087,27799.882266986562,39041.900276129694,38394.71097142026,8226.100654082977,4498.546724371929,1920.0,grad,-0.7711906433105469,-0.25789618492126465
kimi,kimi_max_rho0.02_wd0.1_tiersNone,1001,max,0.02,0.1,final,randunits,units,128,0.06666666666666667,1.0,0.9800018016394919,0.09276086091995239,0.9995403566832138,0.0016332111554220319,0.9864864864864865,0.013513513513513514,-2.7755575615628914e-17,0.02229272946715355,10.359871864318848,rulex,gcm_hamming,11323,85528.0096811956,23331.61943378037,3684.58885836596,40.0,8.0,0.040192230576441106,0.98,0.017045762711864407,113319.36804444087,27791.35836324526,39019.72525376603,38371.93903691098,8144.327787830849,4459.738929464889,1920.0,grad,-3.154331684112549,-0.18385395407676697
kimi,kimi_max_rho0.02_wd0.1_tiersNone,1001,max,0.02,0.1,final,randunits,units,256,0.13333333333333333,1.0,0.9800018016394919,0.09126683324575424,0.9993564993564994,0.00188101502135396,0.9954954954954955,0.0045045045045045045,-4.597017211338539e-17,0.016163624823093414,10.188819885253906,rulex,gcm_hamming,11323,85547.54278371831,23327.630877935768,3732.8425515449053,40.0,8.0,0.040192230576441106,0.98,0.017045762711864407,113319.36804444087,27771.825260722562,39044.96842688844,38397.77949983403,8177.0369343317,4444.194382786794,1920.0,grad,-2.4751498699188232,-0.2331232875585556
kimi,kimi_max_rho0.02_wd0.1_tiersNone,1001,max,0.02,0.1,final,randunits,units,512,0.26666666666666666,1.0,0.9796414737411044,0.0875314474105835,0.9995403566832138,0.0019423470366746187,0.990990990990991,0.009009009009009009,1.9081958235744878e-17,0.023737866431474686,9.619729995727539,rulex,gcm_hamming,11323,85551.06809125387,23243.863508280978,3701.6642091769554,40.0,8.0,0.040192230576441106,0.98,0.017045762711864407,113319.36804444087,27768.299953186997,39015.3625854902,38367.46027476117,8226.100654082977,4524.436444906021,1920.0,grad,-2.4751498699188232,-0.30729132890701294
kimi,kimi_max_rho0.02_wd0.1_tiersNone,1001,max,0.02,0.1,final,randunits,units,0,0.0,2.0,0.9799117196648951,0.09315702319145203,0.9994484280198566,0.0018952848622575402,0.9954954954954955,0.0045045045045045045,-4.597017211338539e-17,0.014025414362549782,10.514025688171387,rulex,gcm_hamming,11323,85531.6342556202,23325.42195883883,3731.079677600287,40.0,8.0,0.040192230576441106,0.98,0.017045762711864407,113319.36804444087,27787.733788820668,39036.82727760598,38389.63800579831,8193.391507582126,4462.311829981839,1920.0,grad,,
kimi,kimi_max_rho0.02_wd0.1_tiersNone,1001,max,0.02,0.1,final,randunits,units,1,0.0005208333333333333,2.0,0.9798216376902982,0.09312820434570312,0.9994484280198566,0.0018874079687520862,0.9954954954954955,0.0045045045045045045,-4.597017211338539e-17,0.014009734615683556,10.514725685119629,rulex,gcm_hamming,11323,85531.05903131791,23307.87973594608,3729.316803655667,40.0,8.0,0.040192230576441106,0.98,0.017045762711864407,113319.36804444087,27788.309013122962,39038.60472578332,38391.41545397565,8209.74608083255,4480.429277176883,1920.0,grad,-0.2369493693113327,0.12747344374656677
kimi,kimi_max_rho0.02_wd0.1_tiersNone,1001,max,0.02,0.1,final,randunits,units,2,0.0010416666666666667,2.0,0.9799117196648951,0.09327246993780136,0.9994484280198566,0.0018976011779159307,0.9954954954954955,0.0045045045045045045,-4.597017211338539e-17,0.013929441571235657,10.51125717163086,rulex,gcm_hamming,11323,85519.25117129725,23337.80504316179,3731.079677600287,40.0,8.0,0.040192230576441106,0.98,0.017045762711864407,113319.36804444087,27800.116873143626,39042.071637337656,38394.768696611376,8193.391507582126,4462.311829981839,1920.0,grad,-0.32306739687919617,-0.04719708487391472
kimi,kimi_max_rho0.02_wd0.1_tiersNone,1001,max,0.02,0.1,final,randunits,units,4,0.0020833333333333333,2.0,0.9799117196648951,0.09302111715078354,0.9994484280198566,0.001898313406854868,0.9954954954954955,0.0045045045045045045,-4.597017211338539e-17,0.01408825721591711,10.505847930908203,rulex,gcm_hamming,11323,85531.28980656031,23325.766407898725,3731.079677600287,40.0,8.0,0.040192230576441106,0.98,0.017045762711864407,113319.36804444087,27788.078237880563,39043.28068608567,38396.09144622609,8193.391507582126,4462.311829981839,1920.0,grad,-0.4258496165275574,-0.14721660315990448
kimi,kimi_max_rho0.02_wd0.1_tiersNone,1001,max,0.02,0.1,final,randunits,units,8,0.004166666666666667,2.0,0.9799117196648951,0.09340128302574158,0.9994484280198566,0.001849941210821271,0.990990990990991,0.009009009009009009,1.9081958235744878e-17,0.013936562463641167,10.501401901245117,rulex,gcm_hamming,11323,85523.95086066792,23325.333080452074,3706.9528310108135,40.0,8.0,0.040192230576441106,0.98,0.017045762711864407,113319.36804444087,27795.41718377296,39024.049438422175,38376.26207095906,8177.0369343317,4470.084103320886,1920.0,grad,-0.3502982258796692,-0.14187097549438477
kimi,kimi_max_rho0.02_wd0.1_tiersNone,1001,max,0.02,0.1,final,randunits,units,16,0.008333333333333333,2.0,0.9799117196648951,0.09283257275819778,0.9994484280198566,0.0019319197162985802,0.9954954954954955,0.0045045045045045045,-4.597017211338539e-17,0.013836462050676346,10.48859977722168,rulex,gcm_hamming,11323,85518.44604572274,23338.61016873629,3731.079677600287,40.0,8.0,0.040192230576441106,0.98,0.017045762711864407,113319.36804444087,27800.921998718128,39037.611648266764,38390.30870706365,8193.391507582126,4462.311829981839,1920.0,grad,-0.67329341173172,-0.1669701635837555
kimi,kimi_max_rho0.02_wd0.1_tiersNone,1001,max,0.02,0.1,final,randunits,units,32,0.016666666666666666,2.0,0.9797315557157013,0.09226306527853012,0.9994484280198566,0.0018519337754696608,0.9954954954954955,0.0045045045045045045,-4.597017211338539e-17,0.013570113107562065,10.462936401367188,rulex,gcm_hamming,11323,85545.92958995973,23274.891730109197,3727.553929711048,40.0,8.0,0.040192230576441106,0.98,0.017045762711864407,113319.36804444087,27773.438454481126,39037.6145617418,38390.42528945729,8226.100654082977,4498.546724371929,1920.0,grad,-1.3526002168655396,-0.14990241825580597
kimi,kimi_max_rho0.02_wd0.1_tiersNone,1001,max,0.02,0.1,final,randunits,units,64,0.03333333333333333,2.0,0.9800018016394919,0.09219880402088165,0.9994484280198566,0.0017694535199552774,0.9954954954954955,0.0045045045045045045,-4.597017211338539e-17,0.013734023086726665,10.449277877807617,rulex,gcm_hamming,11323,85509.83400737918,23365.339654274896,3732.8425515449053,40.0,8.0,0.040192230576441106,0.98,0.017045762711864407,113319.36804444087,27809.53403706169,39030.61598676965,38382.828607862444,8177.0369343317,4444.194382786794,1920.0,grad,-0.9471631050109863,-0.24906185269355774
kimi,kimi_max_rho0.02_wd0.1_tiersNone,1001,max,0.02,0.1,final,randunits,units,128,0.06666666666666667,2.0,0.9797315557157013,0.09316437691450119,0.9994484280198566,0.0017800998175516725,1.0,0.0,0.0,0.013691380620002747,10.312860488891602,rulex,gcm_hamming,11323,85555.1921780479,23282.370362942765,3760.6497238832007,40.0,8.0,0.040192230576441106,1.0,0.017045762711864407,113319.36804444087,27764.175866392965,39009.943885272,38362.04285866544,8242.4552273334,4481.805503450199,1920.0,grad,-1.0239732265472412,-0.30729132890701294
kimi,kimi_max_rho0.02_wd0.1_tiersNone,1001,max,0.02,0.1,final,randunits,units,256,0.13333333333333333,2.0,0.9797315557157013,0.09163151681423187,0.9994484280198566,0.002087394939735532,0.9954954954954955,0.0045045045045045045,-4.597017211338539e-17,0.015597100369632244,10.12840461730957,rulex,gcm_hamming,11323,85555.52989919364,23265.291420875295,3727.553929711048,40.0,8.0,0.040192230576441106,0.98,0.017045762711864407,113319.36804444087,27763.838145247224,39023.390287106486,38375.617948596926,8226.100654082977,4498.546724371929,1920.0,grad,-1.8468973636627197,-0.21634714305400848
kimi,kimi_max_rho0.02_wd0.1_tiersNone,1001,max,0.02,0.1,final,randunits,units,512,0.26666666666666666,2.0,0.9782902441221512,0.0899260938167572,0.9995403566832138,0.0014814051100984216,0.9864864864864865,0.013513513513513514,-2.7755575615628914e-17,0.02526301145553589,9.633688926696777,rulex,gcm_hamming,11323,85506.27787987201,23009.11973839812,3651.094253418184,40.0,8.0,0.040192230576441106,0.98,0.017045762711864407,113319.36804444087,27813.09016456886,39092.22183400914,38451.87262470052,8455.064679588924,4803.97042617074,1920.0,grad,-3.154331684112549,-0.2532375156879425
kimi,kimi_max_rho0.02_wd0.1_tiersNone,1002,max,0.02,0.1,final,none,-,0,0.0,,0.9786505720205387,0.09812752902507782,0.9993564993564994,0.0019237997476011515,0.9774774774774775,0.02252252252252252,-6.938893903907228e-18,0.0732899159193039,10.187210083007812,rulex,gcm_hamming,11323,85500.04001186434,23072.282848507864,3609.8920560177203,40.0,8.0,0.040192230576441106,0.98,0.017045762711864407,113319.36804444087,27819.32803257652,39304.434354846926,38709.0955912523,8356.937240086376,4747.0451840686555,,,,
kimi,kimi_max_rho0.02_wd0.1_tiersNone,1002,max,0.02,0.1,final,neurons,units,0,0.0,,0.9786505720205387,0.09812752902507782,0.9993564993564994,0.0019237997476011515,0.9774774774774775,0.02252252252252252,-6.938893903907228e-18,0.0732899159193039,10.187210083007812,rulex,gcm_hamming,11323,85500.04001186434,23072.282848507864,3609.8920560177203,40.0,8.0,0.040192230576441106,0.98,0.017045762711864407,113319.36804444087,27819.32803257652,39304.434354846926,38709.0955912523,8356.937240086376,4747.0451840686555,1920.0,grad,,
kimi,kimi_max_rho0.02_wd0.1_tiersNone,1002,max,0.02,0.1,final,neurons,units,1,0.0005208333333333333,,0.9787406539951355,0.09805014729499817,0.9993564993564994,0.0019243969582021236,0.9774774774774775,0.02252252252252252,-6.938893903907228e-18,0.07336012274026871,10.162042617797852,rulex,gcm_hamming,11323,85508.0319976652,23082.408309902065,3611.6549299623384,40.0,8.0,0.040192230576441106,0.98,0.017045762711864407,113319.36804444087,27811.336046775676,39288.29742867276,38692.958665078135,8340.58266683595,4728.927736873611,1920.0,grad,5.046299457550049,-0.1626712828874588
kimi,kimi_max_rho0.02_wd0.1_tiersNone,1002,max,0.02,0.1,final,neurons,units,2,0.0010416666666666667,,0.9786505720205387,0.09810959547758102,0.9993564993564994,0.001926362863741815,0.9774774774774775,0.02252252252252252,-6.938893903907228e-18,0.07354989647865295,10.141855239868164,rulex,gcm_hamming,11323,85502.19610939568,23070.126750976535,3609.8920560177203,40.0,8.0,0.040192230576441106,0.98,0.017045762711864407,113319.36804444087,27817.17193504519,39297.12824374959,38701.78948015496,8356.937240086376,4747.0451840686555,1920.0,grad,3.4302423000335693,-0.1626712828874588
kimi,kimi_max_rho0.02_wd0.1_tiersNone,1002,max,0.02,0.1,final,neurons,units,4,0.0020833333333333333,,0.9789208179443294,0.09807026386260986,0.9993564993564994,0.001915634493343532,0.9774774774774775,0.02252252252252252,-6.938893903907228e-18,0.07359974086284637,10.104788780212402,rulex,gcm_hamming,11323,85521.55474775584,23105.1204542015,3615.1806778515793,40.0,8.0,0.040192230576441106,0.98,0.017045762711864407,113319.36804444087,27797.81329668502,39258.419437950106,38663.08067435548,8307.8735203351,4692.692842483521,1920.0,grad,3.3468971252441406,-0.23291443288326263
kimi,kimi_max_rho0.02_wd0.1_tiersNone,1002,max,0.02,0.1,final,neurons,units,8,0.004166666666666667,,0.9786505720205387,0.09812847524881363,0.9993564993564994,0.0018923914758488536,0.9774774774774775,0.02252252252252252,-6.938893903907228e-18,0.07434125244617462,10.045642852783203,rulex,gcm_hamming,11323,85502.08999867337,23070.23286169884,3609.8920560177203,40.0,8.0,0.040192230576441106,0.98,0.017045762711864407,113319.36804444087,27817.278045767496,39298.272023981066,38702.93361586854,8356.937240086376,4747.0451840686555,1920.0,grad,2.8721299171447754,-0.23291443288326263
kimi,kimi_max_rho0.02_wd0.1_tiersNone,1002,max,0.02,0.1,final,neurons,units,16,0.008333333333333333,,0.9786505720205387,0.09757384657859802,0.9994484280198566,0.0018164163921028376,0.9774774774774775,0.02252252252252252,-6.938893903907228e-18,0.07434846460819244,9.937769889831543,rulex,gcm_hamming,11323,85508.07976353614,23064.243096836075,3609.8920560177203,40.0,8.0,0.040192230576441106,0.98,0.017045762711864407,113319.36804444087,27811.28828090473,39281.531831806155,38686.19342369363,8356.937240086376,4747.0451840686555,1920.0,grad,2.2347488403320312,-0.23291443288326263
kimi,kimi_max_rho0.02_wd0.1_tiersNone,1002,max,0.02,0.1,final,neurons,units,32,0.016666666666666666,,0.9787406539951355,0.09687070548534393,0.9995403566832138,0.0017143519362434745,0.9774774774774775,0.02252252252252252,-6.938893903907228e-18,0.07894936203956604,9.765487670898438,rulex,gcm_hamming,11323,85508.85190232345,23081.588405243794,3611.6549299623384,40.0,8.0,0.040192230576441106,0.98,0.017045762711864407,113319.36804444087,27810.516142117405,39264.47281653211,38669.13440007493,8340.58266683595,4728.927736873611,1920.0,grad,1.8161654472351074,-0.23291443288326263
kimi,kimi_max_rho0.02_wd0.1_tiersNone,1002,max,0.02,0.1,final,neurons,units,64,0.03333333333333333,,0.9786505720205387,0.09657444059848785,0.9996322853465711,0.001694775652140379,0.972972972972973,0.02702702702702703,-5.551115123125783e-17,0.08754728734493256,9.469813346862793,rulex,gcm_hamming,11323,85503.79423664456,23060.756350388598,3585.7652094282457,40.0,8.0,0.040192230576441106,0.98,0.017045762711864407,113319.36804444087,27815.5738077963,39261.96733409688,38649.70363253877,8340.58266683595,4754.817457407704,1920.0,grad,1.4974982738494873,-0.3126118779182434
kimi,kimi_max_rho0.02_wd0.1_tiersNone,1002,max,0.02,0.1,final,neurons,units,128,0.06666666666666667,,0.9792811458427169,0.09519227594137192,0.9994484280198566,0.001795738353393972,0.9684684684684685,0.03153153153153153,1.3877787807814457e-17,0.09322653710842133,8.996134757995605,rulex,gcm_hamming,11323,85510.32026538975,23174.07845171221,3574.7767534936456,40.0,8.0,0.040192230576441106,0.96,0.017045762711864407,113319.36804444087,27809.047779051114,39209.47641164586,38596.31927270219,8209.74608083255,4634.969327338905,1920.0,grad,1.1663899421691895,-0.3126118779182434
kimi,kimi_max_rho0.02_wd0.1_tiersNone,1002,max,0.02,0.1,final,neurons,units,256,0.13333333333333333,,0.9791910638681199,0.09351272135972977,0.9994484280198566,0.0019729139748960733,0.9684684684684685,0.03153153153153153,1.3877787807814457e-17,0.11205359548330307,8.275705337524414,rulex,gcm_hamming,11323,85556.29521994974,23109.98604995718,3573.0138795490275,40.0,8.0,0.040192230576441106,0.96,0.017045762711864407,113319.36804444087,27763.07282449113,39185.236406629534,38573.2339167051,8226.100654082977,4653.086774533949,1920.0,grad,0.7636327743530273,-0.3126118779182434
kimi,kimi_max_rho0.02_wd0.1_tiersNone,1002,max,0.02,0.1,final,neurons,units,512,0.26666666666666666,,0.9797315557157013,0.08996329456567764,0.9995403566832138,0.0020658865105360746,0.9594594594594594,0.04054054054054054,2.7755575615628914e-17,0.1577654629945755,7.24729061126709,rulex,gcm_hamming,11323,85520.82165720567,23241.463217239376,3538.1808980837477,40.0,8.0,0.040192230576441106,0.96,0.017045762711864407,113319.36804444087,27798.5463872352,39203.32080656812,38616.15479249284,8095.264068079575,4557.083169995827,1920.0,grad,0.43543440103530884,-0.3126118779182434
kimi,kimi_max_rho0.02_wd0.1_tiersNone,1002,max,0.02,0.1,final,randunits,units,0,0.0,0.0,0.9786505720205387,0.09812752902507782,0.9993564993564994,0.0019237997476011515,0.9774774774774775,0.02252252252252252,-6.938893903907228e-18,0.0732899159193039,10.187210083007812,rulex,gcm_hamming,11323,85500.04001186434,23072.282848507864,3609.8920560177203,40.0,8.0,0.040192230576441106,0.98,0.017045762711864407,113319.36804444087,27819.32803257652,39304.434354846926,38709.0955912523,8356.937240086376,4747.0451840686555,1920.0,grad,,
kimi,kimi_max_rho0.02_wd0.1_tiersNone,1002,max,0.02,0.1,final,randunits,units,1,0.0005208333333333333,0.0,0.9788307359697325,0.09807833284139633,0.9993564993564994,0.0019211742328479886,0.9774774774774775,0.02252252252252252,-6.938893903907228e-18,0.07332446426153183,10.18482780456543,rulex,gcm_hamming,11323,85500.25654509023,23108.301209672063,3613.4178039069593,40.0,8.0,0.040192230576441106,0.98,0.017045762711864407,113319.36804444087,27819.11149935063,39293.178980415316,38697.84021682069,8324.228093585525,4710.810289678566,1920.0,grad,0.48948198556900024,-0.10358752310276031
kimi,kimi_max_rho0.02_wd0.1_tiersNone,1002,max,0.02,0.1,final,randunits,units,2,0.0010416666666666667,0.0,0.9785604900459418,0.09812667220830917,0.9993564993564994,0.001920570619404316,0.9774774774774775,0.02252252252252252,-6.938893903907228e-18,0.07343953102827072,10.184443473815918,rulex,gcm_hamming,11323,85499.35959804314,23054.845815134016,3608.1291820730994,40.0,8.0,0.040192230576441106,0.98,0.017045762711864407,113319.36804444087,27820.00844639772,39306.648081367464,38711.30931777284,8373.2918133368,4765.162631263701,1920.0,grad,0.0895698070526123,-0.17181439697742462
kimi,kimi_max_rho0.02_wd0.1_tiersNone,1002,max,0.02,0.1,final,randunits,units,4,0.0020833333333333333,0.0,0.9785604900459418,0.09810169786214828,0.9994484280198566,0.0019336860859766603,0.9774774774774775,0.02252252252252252,-6.938893903907228e-18,0.07280565053224564,10.174541473388672,rulex,gcm_hamming,11323,85499.07282141116,23055.132591766007,3608.1291820730994,40.0,8.0,0.040192230576441106,0.98,0.017045762711864407,113319.36804444087,27820.29522302971,39311.22597247884,38715.88705510423,8373.2918133368,4765.162631263701,1920.0,grad,0.15001104772090912,-0.08424609899520874
kimi,kimi_max_rho0.02_wd0.1_tiersNone,1002,max,0.02,0.1,final,randunits,units,8,0.004166666666666667,0.0,0.9784704080713449,0.09836054593324661,0.9993564993564994,0.0019087103428319097,0.9774774774774775,0.02252252252252252,-6.938893903907228e-18,0.07322653383016586,10.188709259033203,rulex,gcm_hamming,11323,85473.16984709147,23062.91811889065,3606.3663081284794,40.0,8.0,0.040192230576441106,0.98,0.017045762711864407,113319.36804444087,27846.198197349397,39326.581329172106,38731.24113768861,8389.646386587225,4783.280078458745,1920.0,grad,-1.2071592807769775,-0.17447268962860107
kimi,kimi_max_rho0.02_wd0.1_tiersNone,1002,max,0.02,0.1,final,randunits,units,16,0.008333333333333333,0.0,0.9782902441221512,0.09792947769165039,0.9993564993564994,0.0019488329999148846,0.9774774774774775,0.02252252252252252,-6.938893903907228e-18,0.07389986515045166,10.144942283630371,rulex,gcm_hamming,11323,85479.67865065017,23020.17442094187,3602.8405602392404,40.0,8.0,0.040192230576441106,0.98,0.017045762711864407,113319.36804444087,27839.689393790704,39341.0477345638,38745.70897073075,8422.355533088075,4819.514972848835,1920.0,grad,-1.6239076852798462,-0.16093313694000244
kimi,kimi_max_rho0.02_wd0.1_tiersNone,1002,max,0.02,0.1,final,randunits,units,32,0.016666666666666666,0.0,0.9782902441221512,0.09763725101947784,0.9994484280198566,0.0019404899794608355,0.972972972972973,0.02702702702702703,-5.551115123125783e-17,0.07584867626428604,10.126564025878906,rulex,gcm_hamming,11323,85499.03022604433,22993.05057220866,3578.7137136497677,40.0,8.0,0.040192230576441106,0.98,0.017045762711864407,113319.36804444087,27820.337818396543,39304.57047898099,38696.88719839379,8406.000959837651,4827.287246187883,1920.0,grad,-0.6156673431396484,-0.17124532163143158
kimi,kimi_max_rho0.02_wd0.1_tiersNone,1002,max,0.02,0.1,final,randunits,units,64,0.03333333333333333,0.0,0.9782001621475542,0.09799311310052872,0.9994484280198566,0.0018617642344906926,0.9774774774774775,0.02252252252252252,-6.938893903907228e-18,0.07086854428052902,10.065985679626465,rulex,gcm_hamming,11323,85495.37730462433,22986.35831977266,3601.0776862946195,40.0,8.0,0.040192230576441106,0.98,0.017045762711864407,113319.36804444087,27823.990739816538,39293.93717271611,38686.25424665734,8438.7101063385,4837.63242004388,1920.0,grad,-1.1765871047973633,-0.22736531496047974
kimi,kimi_max_rho0.02_wd0.1_tiersNone,1002,max,0.02,0.1,final,randunits,units,128,0.06666666666666667,0.0,0.9786505720205387,0.0970914214849472,0.9994484280198566,0.0019981779623776674,0.9819819819819819,0.018018018018018018,3.8163916471489756e-17,0.06827384978532791,9.989319801330566,rulex,gcm_hamming,11323,85520.1149713214,23059.980162389867,3634.018902607192,40.0,8.0,0.040192230576441106,0.98,0.017045762711864407,113319.36804444087,27799.253073119475,39290.78854805753,38719.46783799455,8373.2918133368,4739.272910729608,1920.0,grad,-1.037392020225525,-0.21352100372314453
kimi,kimi_max_rho0.02_wd0.1_tiersNone,1002,max,0.02,0.1,final,randunits,units,256,0.13333333333333333,0.0,0.9772993424015854,0.09875067323446274,0.9993564993564994,0.0021416028030216694,0.9774774774774775,0.018018018018018018,0.004504504504504497,0.07120205461978912,9.83083724975586,rulex,gcm_hamming,11323,85495.7094693814,22794.54690987393,3588.9938429600415,40.0,8.0,0.04269799498746867,0.98,0.017045762711864407,113319.36804444087,27823.658575059468,39400.855416362734,38822.04894918725,8618.10550814558,5029.111665185538,1920.0,grad,-1.2712160348892212,-0.23545464873313904
kimi,kimi_max_rho0.02_wd0.1_tiersNone,1002,max,0.02,0.1,final,randunits,units,512,0.26666666666666666,0.0,0.9789208179443294,0.09642840176820755,0.9992645706931421,0.0024242927320301533,0.9774774774774775,0.02252252252252252,-6.938893903907228e-18,0.09380250424146652,9.327570915222168,rulex,gcm_hamming,11323,85516.54710575378,23110.128096203563,3615.1806778515793,40.0,8.0,0.040192230576441106,0.98,0.017045762711864407,113319.36804444087,27802.820938687084,39247.10355431363,38673.22091264054,8307.8735203351,4692.692842483521,1920.0,grad,-1.8410987854003906,-0.24846118688583374
kimi,kimi_max_rho0.02_wd0.1_tiersNone,1002,max,0.02,0.1,final,randunits,units,0,0.0,1.0,0.9786505720205387,0.09812752902507782,0.9993564993564994,0.0019237997476011515,0.9774774774774775,0.02252252252252252,-6.938893903907228e-18,0.0732899159193039,10.187210083007812,rulex,gcm_hamming,11323,85500.04001186434,23072.282848507864,3609.8920560177203,40.0,8.0,0.040192230576441106,0.98,0.017045762711864407,113319.36804444087,27819.32803257652,39304.434354846926,38709.0955912523,8356.937240086376,4747.0451840686555,1920.0,grad,,
kimi,kimi_max_rho0.02_wd0.1_tiersNone,1002,max,0.02,0.1,final,randunits,units,1,0.0005208333333333333,1.0,0.9787406539951355,0.09806904941797256,0.9993564993564994,0.0019202614203095436,0.9774774774774775,0.02252252252252252,-6.938893903907228e-18,0.07333213090896606,10.177945137023926,rulex,gcm_hamming,11323,85499.911038233,23090.529269334256,3611.6549299623384,40.0,8.0,0.040192230576441106,0.98,0.017045762711864407,113319.36804444087,27819.457006207867,39294.83473855779,38699.49597496316,8340.58266683595,4728.927736873611,1920.0,grad,1.7264155149459839,-0.12834253907203674
kimi,kimi_max_rho0.02_wd0.1_tiersNone,1002,max,0.02,0.1,final,randunits,units,2,0.0010416666666666667,1.0,0.9782902441221512,0.09823320806026459,0.9993564993564994,0.001923230942338705,0.9774774774774775,0.02252252252252252,-6.938893903907228e-18,0.07329215854406357,10.183250427246094,rulex,gcm_hamming,11323,85493.83934458774,23006.013727004287,3602.8405602392404,40.0,8.0,0.040192230576441106,0.98,0.017045762711864407,113319.36804444087,27825.528699853123,39326.449932878466,38731.11152476594,8422.355533088075,4819.514972848835,1920.0,grad,0.2335364818572998,-0.22311164438724518
kimi,kimi_max_rho0.02_wd0.1_tiersNone,1002,max,0.02,0.1,final,randunits,units,4,0.0020833333333333333,1.0,0.9782902441221512,0.09814833849668503,0.9993564993564994,0.0019161412492394447,0.9774774774774775,0.02252252252252252,-6.938893903907228e-18,0.07346440106630325,10.17900562286377,rulex,gcm_hamming,11323,85499.04105266095,23000.812018931087,3602.8405602392404,40.0,8.0,0.040192230576441106,0.98,0.017045762711864407,113319.36804444087,27820.326991779923,39316.10818082616,38720.76941603944,8422.355533088075,4819.514972848835,1920.0,grad,-0.6905352473258972,-0.05820121988654137
kimi,kimi_max_rho0.02_wd0.1_tiersNone,1002,max,0.02,0.1,final,randunits,units,8,0.004166666666666667,1.0,0.9786505720205387,0.09805261343717575,0.9994484280198566,0.001931378967128694,0.9774774774774775,0.02252252252252252,-6.938893903907228e-18,0.07331281155347824,10.184598922729492,rulex,gcm_hamming,11323,85505.11703822532,23067.20582214689,3609.8920560177203,40.0,8.0,0.040192230576441106,0.98,0.017045762711864407,113319.36804444087,27814.251006215545,39296.152661865206,38700.81389827058,8356.937240086376,4747.0451840686555,1920.0,grad,-1.8410987854003906,-0.06377222388982773
kimi,kimi_max_rho0.02_wd0.1_tiersNone,1002,max,0.02,0.1,final,randunits,units,16,0.008333333333333333,1.0,0.9787406539951355,0.09772083908319473,0.9995403566832138,0.0018921056762337685,0.9774774774774775,0.02252252252252252,-6.938893903907228e-18,0.07202378660440445,10.169539451599121,rulex,gcm_hamming,11323,85494.0660356512,23096.374271916062,3611.6549299623384,40.0,8.0,0.040192230576441106,0.98,0.017045762711864407,113319.36804444087,27825.302008789673,39287.703144615145,38680.01986426637,8340.58266683595,4728.927736873611,1920.0,grad,-0.4739390015602112,-0.1441034972667694
kimi,kimi_max_rho0.02_wd0.1_tiersNone,1002,max,0.02,0.1,final,randunits,units,32,0.016666666666666666,1.0,0.9785604900459418,0.0978895053267479,0.9993564993564994,0.001986691728234291,0.9819819819819819,0.018018018018018018,3.8163916471489756e-17,0.07456405460834503,10.12781047821045,rulex,gcm_hamming,11323,85506.54173569451,23055.435950821702,3632.256028662571,40.0,8.0,0.040192230576441106,0.98,0.017045762711864407,113319.36804444087,27812.826308746357,39298.329990213366,38690.646556084605,8389.646386587225,4757.3903579246535,1920.0,grad,-0.591606855392456,-0.14456383883953094
kimi,kimi_max_rho0.02_wd0.1_tiersNone,1002,max,0.02,0.1,final,randunits,units,64,0.03333333333333333,1.0,0.9786505720205387,0.09677944332361221,0.9995403566832138,0.001872661174274981,0.972972972972973,0.02702702702702703,-5.551115123125783e-17,0.07345377653837204,10.070022583007812,rulex,gcm_hamming,11323,85493.32944993293,23071.221137100234,3585.7652094282457,40.0,8.0,0.040192230576441106,0.98,0.017045762711864407,113319.36804444087,27826.038594507936,39296.28832561299,38700.9460219793,8340.58266683595,4754.817457407704,1920.0,grad,-0.8149817585945129,-0.24824094772338867
kimi,kimi_max_rho0.02_wd0.1_tiersNone,1002,max,0.02,0.1,final,randunits,units,128,0.06666666666666667,1.0,0.9785604900459418,0.09652905911207199,0.9992645706931421,0.0020966622978448868,0.972972972972973,0.02702702702702703,-5.551115123125783e-17,0.07617784291505814,10.023237228393555,rulex,gcm_hamming,11323,85505.60607354806,23040.82706629007,3584.0023354836267,40.0,8.0,0.040192230576441106,0.98,0.017045762711864407,113319.36804444087,27813.761970892818,39309.72898752019,38702.18670195863,8356.937240086376,4772.934904602749,1920.0,grad,-2.692823886871338,-0.2059345692396164
kimi,kimi_max_rho0.02_wd0.1_tiersNone,1002,max,0.02,0.1,final,randunits,units,256,0.13333333333333333,1.0,0.9777497522745698,0.09667988866567612,0.9993564993564994,0.002312177326530218,0.9864864864864865,0.013513513513513514,-2.7755575615628914e-17,0.06343427300453186,9.900605201721191,rulex,gcm_hamming,11323,85484.78947419801,22921.903460901838,3640.5166983295785,40.0,8.0,0.04269799498746867,0.98,0.017045762711864407,113319.36804444087,27834.578570242847,39362.08956772611,38740.80475158021,8553.191807670588,4912.675109341009,1920.0,grad,-1.9863812923431396,-0.2259492129087448
kimi,kimi_max_rho0.02_wd0.1_tiersNone,1002,max,0.02,0.1,final,randunits,units,512,0.26666666666666666,1.0,0.977659670299973,0.0928356871008873,0.9992645706931421,0.0024219544138759375,0.9819819819819819,0.018018018018018018,3.8163916471489756e-17,0.07965973019599915,9.318137168884277,rulex,gcm_hamming,11323,85520.47113013628,22860.33208442949,3614.6269777954867,40.0,8.0,0.04269799498746867,0.98,0.017045762711864407,113319.36804444087,27798.89691430459,39378.91693026349,38802.67369288728,8553.191807670588,4938.564829875101,1920.0,grad,-1.9863812923431396,-0.3126118779182434
kimi,kimi_max_rho0.02_wd0.1_tiersNone,1002,max,0.02,0.1,final,randunits,units,0,0.0,2.0,0.9786505720205387,0.09812752902507782,0.9993564993564994,0.0019237997476011515,0.9774774774774775,0.02252252252252252,-6.938893903907228e-18,0.0732899159193039,10.187210083007812,rulex,gcm_hamming,11323,85500.04001186434,23072.282848507864,3609.8920560177203,40.0,8.0,0.040192230576441106,0.98,0.017045762711864407,113319.36804444087,27819.32803257652,39304.434354846926,38709.0955912523,8356.937240086376,4747.0451840686555,1920.0,grad,,
kimi,kimi_max_rho0.02_wd0.1_tiersNone,1002,max,0.02,0.1,final,randunits,units,1,0.0005208333333333333,2.0,0.9786505720205387,0.09816063195466995,0.9993564993564994,0.0019225523574277759,0.9774774774774775,0.02252252252252252,-6.938893903907228e-18,0.07306021451950073,10.18781852722168,rulex,gcm_hamming,11323,85500.49613250389,23071.826727868327,3609.8920560177203,40.0,8.0,0.040192230576441106,0.98,0.017045762711864407,113319.36804444087,27818.87191193698,39295.44433266446,38687.76105422303,8356.937240086376,4747.0451840686555,1920.0,grad,-0.23429852724075317,0.029616229236125946
kimi,kimi_max_rho0.02_wd0.1_tiersNone,1002,max,0.02,0.1,final,randunits,units,2,0.0010416666666666667,2.0,0.9785604900459418,0.09808018058538437,0.9993564993564994,0.0019237813539803028,0.9774774774774775,0.02252252252252252,-6.938893903907228e-18,0.07342483848333359,10.186539649963379,rulex,gcm_hamming,11323,85499.87995332954,23054.32545984762,3608.1291820730994,40.0,8.0,0.040192230576441106,0.98,0.017045762711864407,113319.36804444087,27819.48809111132,39313.893203323336,38718.55443972871,8373.2918133368,4765.162631263701,1920.0,grad,-0.30789896845817566,0.046754710376262665
kimi,kimi_max_rho0.02_wd0.1_tiersNone,1002,max,0.02,0.1,final,randunits,units,4,0.0020833333333333333,2.0,0.9784704080713449,0.09836050122976303,0.9993564993564994,0.001951219281181693,0.9774774774774775,0.02252252252252252,-6.938893903907228e-18,0.0726088136434555,10.181642532348633,rulex,gcm_hamming,11323,85493.93161913939,23042.156346842734,3606.3663081284794,40.0,8.0,0.040192230576441106,0.98,0.017045762711864407,113319.36804444087,27825.43642530148,39317.09457761571,38712.456270401926,8389.646386587225,4783.280078458745,1920.0,grad,-0.4471050202846527,-0.032120317220687866
kimi,kimi_max_rho0.02_wd0.1_tiersNone,1002,max,0.02,0.1,final,randunits,units,8,0.004166666666666667,2.0,0.9786505720205387,0.09771851450204849,0.9993564993564994,0.0019364927429705858,0.9819819819819819,0.018018018018018018,3.8163916471489756e-17,0.07285494357347488,10.180205345153809,rulex,gcm_hamming,11323,85508.21583582376,23071.87929788749,3634.018902607192,40.0,8.0,0.040192230576441106,0.98,0.017045762711864407,113319.36804444087,27811.1522086171,39305.772093122454,38710.43339652345,8373.2918133368,4739.272910729608,1920.0,grad,-0.3484944999217987,-0.1583756059408188
kimi,kimi_max_rho0.02_wd0.1_tiersNone,1002,max,0.02,0.1,final,randunits,units,16,0.008333333333333333,2.0,0.9782001621475542,0.09786536544561386,0.9993564993564994,0.0019523018272593617,0.9774774774774775,0.02252252252252252,-6.938893903907228e-18,0.07339289039373398,10.158759117126465,rulex,gcm_hamming,11323,85506.91225098539,22974.82337341159,3601.0776862946195,40.0,8.0,0.040192230576441106,0.98,0.017045762711864407,113319.36804444087,27812.45579345547,39316.164431159945,38744.82808036134,8438.7101063385,4837.63242004388,1920.0,grad,-0.7069010734558105,-0.13311496376991272
kimi,kimi_max_rho0.02_wd0.1_tiersNone,1002,max,0.02,0.1,final,randunits,units,32,0.016666666666666666,2.0,0.9785604900459418,0.09732837975025177,0.9993564993564994,0.0018844916485249996,0.9774774774774775,0.02252252252252252,-6.938893903907228e-18,0.07154148817062378,10.138808250427246,rulex,gcm_hamming,11323,85501.64095616012,23052.564457017055,3608.1291820730994,40.0,8.0,0.040192230576441106,0.98,0.017045762711864407,113319.36804444087,27817.727088280757,39316.58820492551,38724.294614260645,8373.2918133368,4765.162631263701,1920.0,grad,-1.227834701538086,-0.22311164438724518
kimi,kimi_max_rho0.02_wd0.1_tiersNone,1002,max,0.02,0.1,final,randunits,units,64,0.03333333333333333,2.0,0.9786505720205387,0.09788613766431808,0.9993564993564994,0.002039426937699318,0.9774774774774775,0.02252252252252252,-6.938893903907228e-18,0.07206538319587708,10.13293743133545,rulex,gcm_hamming,11323,85510.93840915809,23061.384451214133,3609.8920560177203,40.0,8.0,0.040192230576441106,0.98,0.017045762711864407,113319.36804444087,27808.429635282788,39298.55893761441,38703.220019524546,8356.937240086376,4747.0451840686555,1920.0,grad,-1.0310975313186646,-0.18864020705223083
kimi,kimi_max_rho0.02_wd0.1_tiersNone,1002,max,0.02,0.1,final,randunits,units,128,0.06666666666666667,2.0,0.9782001621475542,0.09850406646728516,0.9993564993564994,0.0020960418041795492,0.9819819819819819,0.018018018018018018,3.8163916471489756e-17,0.07603628188371658,9.993733406066895,rulex,gcm_hamming,11323,85518.99682055158,22970.511077184452,3625.2045328840913,40.0,8.0,0.040192230576441106,0.98,0.017045762711864407,113319.36804444087,27800.371223889284,39356.52764303014,38750.625616734476,8455.064679588924,4829.860146704833,1920.0,grad,-1.1106963157653809,-0.222728431224823
kimi,kimi_max_rho0.02_wd0.1_tiersNone,1002,max,0.02,0.1,final,randunits,units,256,0.13333333333333333,2.0,0.9797315557157013,0.09669266641139984,0.9990807133664277,0.0022482736967504025,0.972972972972973,0.02702702702702703,-5.551115123125783e-17,0.07282447069883347,9.785002708435059,rulex,gcm_hamming,11323,85522.36433723124,23259.59561614247,3606.9196967636826,40.0,8.0,0.040192230576441106,0.98,0.017045762711864407,113319.36804444087,27797.003707209635,39256.48737913892,38685.67292565629,8144.327787830849,4537.408091067166,1920.0,grad,-1.8878568410873413,-0.3126118779182434
kimi,kimi_max_rho0.02_wd0.1_tiersNone,1002,max,0.02,0.1,final,randunits,units,512,0.26666666666666666,2.0,0.9800918836140888,0.09228986501693726,0.9994484280198566,0.002468589460477233,0.972972972972973,0.02702702702702703,-5.551115123125783e-17,0.08147888630628586,9.292391777038574,rulex,gcm_hamming,11323,85513.36098392302,23341.068758230856,3613.863247250304,40.0,8.0,0.03768646616541354,0.98,0.017045762711864407,113319.36804444087,27806.007060517844,39227.46753246114,38642.8493062906,8078.801549537291,4464.938302286987,1920.0,grad,-2.692823886871338,-0.24846118688583374
kimi,kimi_max_rho0_wd0.1_tiersNone,1000,max,0.0,0.1,final,none,-,0,0.0,,0.9828844248265922,0.07020754367113113,0.999009009009009,0.0028669501189142466,,,,,,rule,gcm_hamming,11101,83851.72728719043,23415.045269894883,-9.230029263846063,40.0,8.0,0.01764035087719298,0.0,0.017045762711864407,111097.61588460108,27245.88859741065,37489.33833824193,36849.09568236863,3830.843327515767,3840.0733567796133,,,,
kimi,kimi_max_rho0_wd0.1_tiersNone,1001,max,0.0,0.1,final,none,-,0,0.0,,0.9836951625979642,0.07739895582199097,0.999009009009009,0.0031375987455248833,,,,,,rule,gcm_hamming,11101,83810.48055542447,23618.721038098887,-8.602040946475881,40.0,8.0,0.01764035087719298,0.0,0.017045762711864407,111097.61588460108,27287.13532917662,37448.29910121953,36814.482190118186,3668.4142910777337,3677.0163320242095,,,,
kimi,kimi_max_rho0_wd0.1_tiersNone,1002,max,0.0,0.1,final,none,-,0,0.0,,0.9820736870552202,0.0855422392487526,0.999009009009009,0.0028172361198812723,,,,,,rule,gcm_hamming,11101,83717.35295721701,23386.99056343027,-9.85801758121579,40.0,8.0,0.01764035087719298,0.0,0.017045762711864407,111097.61588460108,27380.262927384072,37493.816015110366,36890.472392902724,3993.2723639538003,4003.130381535016,,,,
mamba,mamba_max_rho0.02_wd0.1_tiersNone,1000,max,0.02,0.1,final,none,-,0,0.0,,0.9804522115124763,0.0929359644651413,0.9996322853465711,0.0010246029123663902,0.9864864864864865,0.013513513513513514,-2.7755575615628914e-17,0.06216222792863846,12.31539249420166,rulex,gcm_hamming,11323,85491.83184146124,23458.38450948995,3693.161359287653,40.0,8.0,0.03768646616541354,0.98,0.017045762711864407,113319.36804444087,27827.536202979616,39177.51704830453,38603.085166876765,8062.313052777318,4369.151693489665,,,,
mamba,mamba_max_rho0.02_wd0.1_tiersNone,1000,max,0.02,0.1,final,neurons,units,0,0.0,,0.9804522115124763,0.0929359644651413,0.9996322853465711,0.0010246029123663902,0.9864864864864865,0.013513513513513514,-2.7755575615628914e-17,0.06216222792863846,12.31539249420166,rulex,gcm_hamming,11323,85491.83184146124,23458.38450948995,3693.161359287653,40.0,8.0,0.03768646616541354,0.98,0.017045762711864407,113319.36804444087,27827.536202979616,39177.51704830453,38603.085166876765,8062.313052777318,4369.151693489665,1536.0,grad,,
mamba,mamba_max_rho0.02_wd0.1_tiersNone,1000,max,0.02,0.1,final,neurons,units,1,0.0006510416666666666,,0.9803621295378795,0.09296216815710068,0.9996322853465711,0.0010184888960793614,0.9864864864864865,0.013513513513513514,-2.7755575615628914e-17,0.062256358563899994,12.225658416748047,rulex,gcm_hamming,11323,85490.36155148213,23441.73735227403,3691.5324088525813,40.0,8.0,0.03768646616541354,0.98,0.017045762711864407,113319.36804444087,27829.006492958742,39175.39078945443,38600.95890778825,8078.801549537291,4387.26914068471,1536.0,grad,16.080873489379883,0.10511257499456406
mamba,mamba_max_rho0.02_wd0.1_tiersNone,1000,max,0.02,0.1,final,neurons,units,2,0.0013020833333333333,,0.9804522115124763,0.09278817474842072,0.9996322853465711,0.0010189326712861657,0.9864864864864865,0.013513513513513514,-2.7755575615628914e-17,0.06300780922174454,12.138471603393555,rulex,gcm_hamming,11323,85496.98667967985,23453.229671271354,3693.161359287653,40.0,8.0,0.03768646616541354,0.98,0.017045762711864407,113319.36804444087,27822.38136476102,39172.68442434594,38598.25254291818,8062.313052777318,4369.151693489665,1536.0,grad,15.675283432006836,0.10511257499456406
mamba,mamba_max_rho0.02_wd0.1_tiersNone,1000,max,0.02,0.1,final,neurons,units,4,0.0026041666666666665,,0.980722457436267,0.09249433875083923,0.9996322853465711,0.0009992335690185428,0.9819819819819819,0.018018018018018018,3.8163916471489756e-17,0.06957749277353287,11.976405143737793,rulex,gcm_hamming,11323,85494.24493484497,23502.551484352316,3673.78744049385,40.0,8.0,0.03768646616541354,0.98,0.017045762711864407,113319.36804444087,27825.123109595894,39157.20021290109,38582.7683312349,7996.359065737428,4322.571625243578,1536.0,grad,14.464958190917969,0.10511257499456406
mamba,mamba_max_rho0.02_wd0.1_tiersNone,1000,max,0.02,0.1,final,neurons,units,8,0.005208333333333333,,0.980722457436267,0.09228210896253586,0.9996322853465711,0.0009594766888767481,0.9774774774774775,0.02252252252252252,-6.938893903907228e-18,0.07139111310243607,11.680716514587402,rulex,gcm_hamming,11323,85499.18617972804,23489.83796613019,3649.52667039483,40.0,8.0,0.03768646616541354,0.98,0.017045762711864407,113319.36804444087,27820.181864712817,39161.825077479334,38583.217558329554,7979.870568977455,4330.343898582625,1536.0,grad,13.171207427978516,0.10511257499456406
mamba,mamba_max_rho0.02_wd0.1_tiersNone,1000,max,0.02,0.1,final,neurons,units,16,0.010416666666666666,,0.9809927033600576,0.08907821029424667,0.9996322853465711,0.0010060665663331747,0.9774774774774775,0.02252252252252252,-6.938893903907228e-18,0.07572038471698761,11.160996437072754,rulex,gcm_hamming,11323,85495.24664987615,23548.12983756723,3654.4135217000467,40.0,8.0,0.03768646616541354,0.98,0.017045762711864407,113319.36804444087,27824.12139456472,39154.58204526231,38575.94740838334,7930.405078697538,4275.991556997491,1536.0,grad,10.155071258544922,0.10186157375574112
mamba,mamba_max_rho0.02_wd0.1_tiersNone,1000,max,0.02,0.1,final,neurons,units,32,0.020833333333333332,,0.9809026213854608,0.0876486673951149,0.9996322853465711,0.001020028255879879,0.9819819819819819,0.018018018018018018,3.8163916471489756e-17,0.09544002264738083,10.324172973632812,rulex,gcm_hamming,11323,85514.75849464611,23518.272818941263,3677.0453413639952,40.0,8.0,0.03768646616541354,0.98,0.017045762711864407,113319.36804444087,27804.60954979475,39183.44275183007,38569.01670736596,7963.382072217483,4286.336730853488,1536.0,grad,8.21309757232666,-0.07278537005186081
mamba,mamba_max_rho0.02_wd0.1_tiersNone,1000,max,0.02,0.1,final,neurons,units,64,0.041666666666666664,,0.9796414737411044,0.08887054026126862,0.9994484280198566,0.0014728436945006251,0.9594594594594594,0.036036036036036036,0.004504504504504535,0.1545609086751938,8.867783546447754,rulex,gcm_hamming,11323,85450.20604854208,23282.27610512039,3541.0873238020276,40.0,8.0,0.040192230576441106,0.96,0.017045762711864407,113319.36804444087,27869.161995898787,39341.87772197053,38727.50477761552,8127.9732145804255,4586.885890778398,1536.0,grad,6.641030311584473,-0.3214634656906128
mamba,mamba_max_rho0.02_wd0.1_tiersNone,1000,max,0.02,0.1,final,neurons,units,128,0.08333333333333333,,0.9796414737411044,0.08904913067817688,0.9995403566832138,0.0017454229528084397,0.8873873873873874,0.11261261261261261,-4.163336342344337e-17,0.3266032040119171,6.56787109375,rulex,gcm_hamming,11323,85379.87426268282,23283.240209520864,3191.7090226604923,40.0,8.0,0.03768646616541354,0.88,0.017045762711864407,113319.36804444087,27939.493781758047,39210.21348375604,38629.13051718995,7847.9625948976745,4656.253572237182,1536.0,grad,4.642849922180176,-0.3214634656906128
mamba,mamba_max_rho0.02_wd0.1_tiersNone,1000,max,0.02,0.1,final,neurons,units,256,0.16666666666666666,,0.9795513917665075,0.08745510131120682,0.9990807133664277,0.003365144832059741,0.7342342342342343,0.24774774774774774,0.018018018018017973,0.8542818427085876,3.1782374382019043,rulex,gcm_hamming,11323,85099.13165809846,23383.43759434423,2530.768268917255,40.0,8.0,0.035180701754385965,0.74,0.017045762711864407,113319.36804444087,28220.236386342418,39269.157556717844,38727.189627116175,7367.567060915447,4836.7987919981915,1536.0,grad,2.645921468734741,-0.3214634656906128
mamba,mamba_max_rho0.02_wd0.1_tiersNone,1000,max,0.02,0.1,final,neurons,units,512,0.3333333333333333,,0.9799117196648951,0.08283770829439163,0.9981614267328554,0.00812947005033493,0.3918918918918919,0.5765765765765766,0.03153153153153154,2.304521083831787,-0.6139103174209595,rulex,gcm_hamming,11323,84480.37047077727,23976.449117449367,1207.1602972361834,40.0,8.0,0.027663408521303258,0.4,0.017045762711864407,113319.36804444087,28838.99757366359,39208.62014550492,38631.237129514666,6069.708753450407,4862.548456214224,1536.0,grad,0.9162086844444275,-0.3214634656906128
mamba,mamba_max_rho0.02_wd0.1_tiersNone,1000,max,0.02,0.1,final,randunits,units,0,0.0,0.0,0.9804522115124763,0.0929359644651413,0.9996322853465711,0.0010246029123663902,0.9864864864864865,0.013513513513513514,-2.7755575615628914e-17,0.06216222792863846,12.31539249420166,rulex,gcm_hamming,11323,85491.83184146124,23458.38450948995,3693.161359287653,40.0,8.0,0.03768646616541354,0.98,0.017045762711864407,113319.36804444087,27827.536202979616,39177.51704830453,38603.085166876765,8062.313052777318,4369.151693489665,1536.0,grad,,
mamba,mamba_max_rho0.02_wd0.1_tiersNone,1000,max,0.02,0.1,final,randunits,units,1,0.0006510416666666666,0.0,0.9803621295378795,0.09277662634849548,0.9996322853465711,0.0010249917395412922,0.9864864864864865,0.013513513513513514,-2.7755575615628914e-17,0.06211774796247482,12.304060935974121,rulex,gcm_hamming,11323,85491.32945484364,23440.76944891252,3691.5324088525813,40.0,8.0,0.03768646616541354,0.98,0.017045762711864407,113319.36804444087,27828.03858959723,39184.74688905999,38610.31500763223,8078.801549537291,4387.26914068471,1536.0,grad,1.7059708833694458,0.22005824744701385
mamba,mamba_max_rho0.02_wd0.1_tiersNone,1000,max,0.02,0.1,final,randunits,units,2,0.0013020833333333333,0.0,0.9806323754616701,0.09272782504558563,0.9996322853465711,0.0010225520236417651,0.9864864864864865,0.013513513513513514,-2.7755575615628914e-17,0.06200506538152695,12.305468559265137,rulex,gcm_hamming,11323,85499.19234961417,23487.258895727122,3696.419260157798,40.0,8.0,0.03768646616541354,0.98,0.017045762711864407,113319.36804444087,27820.1756948267,39179.19652408883,38604.76464218423,8029.336059257374,4332.916799099576,1536.0,grad,-0.0004936615005135536,0.02456342801451683
mamba,mamba_max_rho0.02_wd0.1_tiersNone,1000,max,0.02,0.1,final,randunits,units,4,0.0026041666666666665,0.0,0.9802720475632826,0.09305791556835175,0.9996322853465711,0.0010210481705144048,0.990990990990991,0.009009009009009009,1.9081958235744878e-17,0.05974315479397774,12.249503135681152,rulex,gcm_hamming,11323,85501.86145091914,23419.892278981024,3714.0043267892925,40.0,8.0,0.040192230576441106,0.98,0.017045762711864407,113319.36804444087,27817.50659352173,39241.452886288615,38668.520250504465,8111.61864133,4397.614314540708,1536.0,grad,0.11061682552099228,-0.12934616208076477
mamba,mamba_max_rho0.02_wd0.1_tiersNone,1000,max,0.02,0.1,final,randunits,units,8,0.005208333333333333,0.0,0.9806323754616701,0.09330957382917404,0.9994484280198566,0.001167845563031733,0.9864864864864865,0.013513513513513514,-2.7755575615628914e-17,0.06266297399997711,12.3633451461792,rulex,gcm_hamming,11323,85486.41943895776,23500.031806383537,3696.419260157798,40.0,8.0,0.03768646616541354,0.98,0.017045762711864407,113319.36804444087,27832.948605483114,39218.5647634916,38644.10576409623,8029.336059257374,4332.916799099576,1536.0,grad,-13.865339279174805,-0.1435745507478714
mamba,mamba_max_rho0.02_wd0.1_tiersNone,1000,max,0.02,0.1,final,randunits,units,16,0.010416666666666666,0.0,0.9808125394108639,0.09294687211513519,0.9995403566832138,0.001112840953283012,0.9864864864864865,0.013513513513513514,-2.7755575615628914e-17,0.06739076226949692,12.154314041137695,rulex,gcm_hamming,11323,85499.49325902716,23523.192880704224,3699.677161027942,40.0,8.0,0.03768646616541354,0.98,0.017045762711864407,113319.36804444087,27819.87478541371,39211.93948692605,38635.04194254205,7996.359065737428,4296.681904709486,1536.0,grad,-16.926748275756836,-0.21257738769054413
mamba,mamba_max_rho0.02_wd0.1_tiersNone,1000,max,0.02,0.1,final,randunits,units,32,0.020833333333333332,0.0,0.9800918836140888,0.0942167416214943,0.9996322853465711,0.0010544976685196161,0.990990990990991,0.009009009009009009,1.9081958235744878e-17,0.06452593952417374,12.168293952941895,rulex,gcm_hamming,11323,85498.87591334054,23386.64292216953,3710.4785789000525,40.0,8.0,0.040192230576441106,0.98,0.017045762711864407,113319.36804444087,27820.492131100324,39157.17688960359,38578.56846875474,8144.327787830849,4433.8492089307965,1536.0,grad,-7.351981163024902,-0.23108984529972076
mamba,mamba_max_rho0.02_wd0.1_tiersNone,1000,max,0.02,0.1,final,randunits,units,64,0.041666666666666664,0.0,0.9804522115124763,0.09499941766262054,0.9996322853465711,0.001016835798509419,0.9819819819819819,0.013513513513513514,0.004504504504504542,0.07794855535030365,11.924400329589844,rulex,gcm_hamming,11323,85459.69156643293,23472.447737988015,3675.0843127573953,40.0,8.0,0.03768646616541354,0.98,0.017045762711864407,113319.36804444087,27859.67647800794,39264.52087778375,38655.066053574534,8062.313052777318,4387.228740019923,1536.0,grad,-12.22000503540039,-0.1958627849817276
mamba,mamba_max_rho0.02_wd0.1_tiersNone,1000,max,0.02,0.1,final,randunits,units,128,0.08333333333333333,0.0,0.9787406539951355,0.09784015268087387,0.9994484280198566,0.0013801767490804195,0.9774774774774775,0.02252252252252252,-6.938893903907228e-18,0.09043031930923462,11.755480766296387,rulex,gcm_hamming,11323,85431.94741380258,23158.492893764673,3611.6549299623384,40.0,8.0,0.040192230576441106,0.98,0.017045762711864407,113319.36804444087,27887.420630638284,39448.97359818742,38834.60609001443,8340.58266683595,4728.927736873611,1536.0,grad,-20.184200286865234,-0.24604389071464539
mamba,mamba_max_rho0.02_wd0.1_tiersNone,1000,max,0.02,0.1,final,randunits,units,256,0.16666666666666666,0.0,0.9754076209350508,0.10494164377450943,0.9990807133664277,0.003498585894703865,0.9864864864864865,0.013513513513513514,-2.7755575615628914e-17,0.07124102860689163,11.682679176330566,rulex,gcm_hamming,11323,85241.58234101694,22694.05696701176,3591.402124345863,40.0,8.0,0.04269799498746867,0.98,0.017045762711864407,113319.36804444087,28077.78570342393,40036.73114651963,39581.52439374253,8975.130860758036,5383.728736412173,1536.0,grad,-18.517314910888672,-0.2927439510822296
mamba,mamba_max_rho0.02_wd0.1_tiersNone,1000,max,0.02,0.1,final,randunits,units,512,0.3333333333333333,0.0,0.9734258174939194,0.11386299878358841,0.9981614267328554,0.005606996826827526,0.954954954954955,0.036036036036036036,0.009009009009008993,0.15400348603725433,10.71831226348877,rulex,gcm_hamming,11323,85055.05262174268,22438.479684572725,3423.4118447756264,40.0,8.0,0.045203759398496246,0.96,0.03399152542372882,113319.36804444087,28264.315422698186,40097.181306307764,39692.47737664506,9249.247582901087,5825.835738125461,1536.0,grad,-19.38391876220703,-0.2821313440799713
mamba,mamba_max_rho0.02_wd0.1_tiersNone,1000,max,0.02,0.1,final,randunits,units,0,0.0,1.0,0.9804522115124763,0.0929359644651413,0.9996322853465711,0.0010246029123663902,0.9864864864864865,0.013513513513513514,-2.7755575615628914e-17,0.06216222792863846,12.31539249420166,rulex,gcm_hamming,11323,85491.83184146124,23458.38450948995,3693.161359287653,40.0,8.0,0.03768646616541354,0.98,0.017045762711864407,113319.36804444087,27827.536202979616,39177.51704830453,38603.085166876765,8062.313052777318,4369.151693489665,1536.0,grad,,
mamba,mamba_max_rho0.02_wd0.1_tiersNone,1000,max,0.02,0.1,final,randunits,units,1,0.0006510416666666666,1.0,0.9803621295378795,0.09279139339923859,0.9996322853465711,0.0010295561514794827,0.9864864864864865,0.013513513513513514,-2.7755575615628914e-17,0.062303438782691956,12.268350601196289,rulex,gcm_hamming,11323,85488.57360412806,23443.525299628098,3691.5324088525813,40.0,8.0,0.03768646616541354,0.98,0.017045762711864407,113319.36804444087,27830.794440312806,39192.74270457551,38618.31088322923,8078.801549537291,4387.26914068471,1536.0,grad,8.21309757232666,0.2167883813381195
mamba,mamba_max_rho0.02_wd0.1_tiersNone,1000,max,0.02,0.1,final,randunits,units,2,0.0013020833333333333,1.0,0.9806323754616701,0.09273555874824524,0.9996322853465711,0.00102607358712703,0.9864864864864865,0.013513513513513514,-2.7755575615628914e-17,0.062194984406232834,12.304343223571777,rulex,gcm_hamming,11323,85500.06865082224,23486.382594519047,3696.419260157798,40.0,8.0,0.03768646616541354,0.98,0.017045762711864407,113319.36804444087,27819.299393618625,39154.10763687417,38579.64863795564,8029.336059257374,4332.916799099576,1536.0,grad,0.3332509696483612,-0.0648166686296463
mamba,mamba_max_rho0.02_wd0.1_tiersNone,1000,max,0.02,0.1,final,randunits,units,4,0.0026041666666666665,1.0,0.9802720475632826,0.0936594232916832,0.9996322853465711,0.001024467870593071,0.9864864864864865,0.013513513513513514,-2.7755575615628914e-17,0.06243211776018143,12.285433769226074,rulex,gcm_hamming,11323,85485.52547986565,23428.45597669546,3689.8774801998197,40.0,8.0,0.040192230576441106,0.98,0.017045762711864407,113319.36804444087,27833.842564575214,39222.15712446496,38611.92603987977,8095.264068079575,4405.386587879755,1536.0,grad,-7.7141594886779785,-0.04075421765446663
mamba,mamba_max_rho0.02_wd0.1_tiersNone,1000,max,0.02,0.1,final,randunits,units,8,0.005208333333333333,1.0,0.9809026213854608,0.09132087975740433,0.9997242140099283,0.000840331194922328,0.9819819819819819,0.018018018018018018,3.8163916471489756e-17,0.0639834851026535,12.314337730407715,rulex,gcm_hamming,11323,85484.90622144332,23548.125092144066,3677.0453413639952,40.0,8.0,0.03768646616541354,0.98,0.017045762711864407,113319.36804444087,27834.461822997553,39180.92694896981,38595.25856107995,7963.382072217483,4286.336730853488,1536.0,grad,-17.304174423217773,-0.14943388104438782
mamba,mamba_max_rho0.02_wd0.1_tiersNone,1000,max,0.02,0.1,final,randunits,units,16,0.010416666666666666,1.0,0.980722457436267,0.09285973757505417,0.9996322853465711,0.0010694666998460889,0.9864864864864865,0.013513513513513514,-2.7755575615628914e-17,0.0626307800412178,12.299259185791016,rulex,gcm_hamming,11323,85491.17173149058,23513.396961045746,3698.0482105928704,40.0,8.0,0.03768646616541354,0.98,0.017045762711864407,113319.36804444087,27828.196312950276,39145.79144353196,38571.255258028956,8012.847562497401,4314.79935190453,1536.0,grad,-5.786956787109375,-0.15526175498962402
mamba,mamba_max_rho0.02_wd0.1_tiersNone,1000,max,0.02,0.1,final,randunits,units,32,0.020833333333333332,1.0,0.9799117196648951,0.09346179664134979,0.9995403566832138,0.0011932384222745895,0.9819819819819819,0.018018018018018018,3.8163916471489756e-17,0.0779293105006218,12.11166763305664,rulex,gcm_hamming,11323,85462.64710184856,23371.092292593323,3658.699137831868,40.0,8.0,0.040192230576441106,0.98,0.017045762711864407,113319.36804444087,27856.720942592303,39276.05911034867,38698.827661459894,8144.327787830849,4485.628649998981,1536.0,grad,-6.5901594161987305,-0.2569044232368469
mamba,mamba_max_rho0.02_wd0.1_tiersNone,1000,max,0.02,0.1,final,randunits,units,64,0.041666666666666664,1.0,0.9798216376902982,0.09201866388320923,0.9995403566832138,0.0011041247053071856,0.9819819819819819,0.018018018018018018,3.8163916471489756e-17,0.06855970621109009,12.009121894836426,rulex,gcm_hamming,11323,85476.55354170079,23339.068405546044,3656.936263887249,40.0,8.0,0.040192230576441106,0.98,0.017045762711864407,113319.36804444087,27842.814502740068,39308.912956421824,38734.38665718362,8160.682361081274,4503.746097194025,1536.0,grad,-14.605033874511719,-0.23328797519207
mamba,mamba_max_rho0.02_wd0.1_tiersNone,1000,max,0.02,0.1,final,randunits,units,128,0.08333333333333333,1.0,0.9781100801729574,0.09709694236516953,0.9993564993564994,0.0015678023919463158,0.9864864864864865,0.013513513513513514,-2.7755575615628914e-17,0.08020026236772537,12.035011291503906,rulex,gcm_hamming,11323,85371.78543558379,23107.37728829625,3647.568505528945,40.0,8.0,0.040192230576441106,0.98,0.017045762711864407,113319.36804444087,27947.582608857083,39639.29827017114,39118.101239626856,8487.773826089775,4840.20532056083,1536.0,grad,-9.547534942626953,-0.3214634656906128
mamba,mamba_max_rho0.02_wd0.1_tiersNone,1000,max,0.02,0.1,final,randunits,units,256,0.16666666666666666,1.0,0.9771191784523917,0.10575801134109497,0.9991726420297848,0.0023104192223399878,0.9864864864864865,0.013513513513513514,-2.7755575615628914e-17,0.0739528238773346,11.810826301574707,rulex,gcm_hamming,11323,85289.33918463776,22990.53162009677,3627.293543795502,40.0,8.0,0.04269799498746867,0.98,0.017045762711864407,113319.36804444087,28030.028859803097,39774.206262057276,39247.70048291013,8666.790783501825,5039.497239706323,1536.0,grad,-20.184200286865234,-0.28234580159187317
mamba,mamba_max_rho0.02_wd0.1_tiersNone,1000,max,0.02,0.1,final,randunits,units,512,0.3333333333333333,1.0,0.9743266372398883,0.11645486950874329,0.9987129987129987,0.004355812445282936,0.9594594594594594,0.03153153153153153,0.009009009009009042,0.1815064400434494,9.829059600830078,rulex,gcm_hamming,11323,85063.81688220767,22603.085126547703,3451.799076600865,40.0,8.0,0.045203759398496246,0.96,0.03399152542372882,113319.36804444087,28255.55116223319,40328.325093930216,39743.93582958505,9104.265112286352,5652.4660356854865,1536.0,grad,-19.38391876220703,-0.3214634656906128
mamba,mamba_max_rho0.02_wd0.1_tiersNone,1000,max,0.02,0.1,final,randunits,units,0,0.0,2.0,0.9804522115124763,0.0929359644651413,0.9996322853465711,0.0010246029123663902,0.9864864864864865,0.013513513513513514,-2.7755575615628914e-17,0.06216222792863846,12.31539249420166,rulex,gcm_hamming,11323,85491.83184146124,23458.38450948995,3693.161359287653,40.0,8.0,0.03768646616541354,0.98,0.017045762711864407,113319.36804444087,27827.536202979616,39177.51704830453,38603.085166876765,8062.313052777318,4369.151693489665,1536.0,grad,,
mamba,mamba_max_rho0.02_wd0.1_tiersNone,1000,max,0.02,0.1,final,randunits,units,1,0.0006510416666666666,2.0,0.9801819655886858,0.09297725558280945,0.9996322853465711,0.0010333277750760317,0.9864864864864865,0.013513513513513514,-2.7755575615628914e-17,0.062158651649951935,12.326693534851074,rulex,gcm_hamming,11323,85492.64083343773,23403.223175928342,3688.1146062552007,40.0,8.0,0.040192230576441106,0.98,0.017045762711864407,113319.36804444087,27826.72721100314,39189.654180472346,38615.22229880616,8111.61864133,4423.5040350747995,1536.0,grad,-2.9106152057647705,-0.01613038033246994
mamba,mamba_max_rho0.02_wd0.1_tiersNone,1000,max,0.02,0.1,final,randunits,units,2,0.0013020833333333333,2.0,0.9803621295378795,0.09371080994606018,0.9996322853465711,0.0010204348945990205,0.9864864864864865,0.013513513513513514,-2.7755575615628914e-17,0.06587696075439453,12.313703536987305,rulex,gcm_hamming,11323,85479.69415558256,23452.40474817359,3691.5324088525813,40.0,8.0,0.03768646616541354,0.98,0.017045762711864407,113319.36804444087,27839.673888858302,39273.37609810159,38698.91722769067,8078.801549537291,4387.26914068471,1536.0,grad,-4.118490219116211,-0.2404608279466629
mamba,mamba_max_rho0.02_wd0.1_tiersNone,1000,max,0.02,0.1,final,randunits,units,4,0.0026041666666666665,2.0,0.9801819655886858,0.0935785099864006,0.9996322853465711,0.001049287966452539,0.9864864864864865,0.013513513513513514,-2.7755575615628914e-17,0.06211141124367714,12.332428932189941,rulex,gcm_hamming,11323,85474.91632244374,23420.947686922333,3688.1146062552007,40.0,8.0,0.040192230576441106,0.98,0.017045762711864407,113319.36804444087,27844.45172199713,39231.050555890055,38656.618720477076,8111.61864133,4423.5040350747995,1536.0,grad,-5.084266662597656,-0.17469049990177155
mamba,mamba_max_rho0.02_wd0.1_tiersNone,1000,max,0.02,0.1,final,randunits,units,8,0.005208333333333333,2.0,0.980722457436267,0.09327437728643417,0.9995403566832138,0.0011163275921717286,0.9819819819819819,0.018018018018018018,3.8163916471489756e-17,0.0629294291138649,12.2952241897583,rulex,gcm_hamming,11323,85493.01300803474,23503.78341116255,3673.78744049385,40.0,8.0,0.03768646616541354,0.98,0.017045762711864407,113319.36804444087,27826.355036406127,39192.92213696763,38618.49115771577,7996.359065737428,4322.571625243578,1536.0,grad,-4.273686408996582,-0.18890339136123657
mamba,mamba_max_rho0.02_wd0.1_tiersNone,1000,max,0.02,0.1,final,randunits,units,16,0.010416666666666666,2.0,0.9803621295378795,0.0932932049036026,0.9996322853465711,0.0010584784904494882,0.9819819819819819,0.018018018018018018,3.8163916471489756e-17,0.06361328065395355,12.238687515258789,rulex,gcm_hamming,11323,85491.43794183625,23432.88868858086,3667.271638753561,40.0,8.0,0.03768646616541354,0.98,0.017045762711864407,113319.36804444087,27827.93010260462,39177.88130325601,38566.19188637063,8062.313052777318,4395.041414023757,1536.0,grad,-8.287853240966797,-0.17102183401584625
mamba,mamba_max_rho0.02_wd0.1_tiersNone,1000,max,0.02,0.1,final,randunits,units,32,0.020833333333333332,2.0,0.9799117196648951,0.0952625423669815,0.9996322853465711,0.0009901442099362612,0.9864864864864865,0.013513513513513514,-2.7755575615628914e-17,0.06175944581627846,12.293994903564453,rulex,gcm_hamming,11323,85496.69853541712,23344.81313236382,3682.8259844213408,40.0,8.0,0.040192230576441106,0.98,0.017045762711864407,113319.36804444087,27822.66950902375,39259.60571951196,38724.863134568186,8160.682361081274,4477.856376659934,1536.0,grad,-19.38391876220703,-0.28234580159187317
mamba,mamba_max_rho0.02_wd0.1_tiersNone,1000,max,0.02,0.1,final,randunits,units,64,0.041666666666666664,2.0,0.9800018016394919,0.0958421528339386,0.9996322853465711,0.0012586347293108702,0.9864864864864865,0.013513513513513514,-2.7755575615628914e-17,0.06594590097665787,12.234936714172363,rulex,gcm_hamming,11323,85437.61388135557,23422.0152336204,3684.58885836596,40.0,8.0,0.040192230576441106,0.98,0.017045762711864407,113319.36804444087,27881.75416308529,39336.969011013956,38721.10222882554,8144.327787830849,4459.738929464889,1536.0,grad,-10.870599746704102,-0.2725581228733063
mamba,mamba_max_rho0.02_wd0.1_tiersNone,1000,max,0.02,0.1,final,randunits,units,128,0.08333333333333333,2.0,0.9787406539951355,0.09970831871032715,0.9996322853465711,0.0013788457727059722,0.9864864864864865,0.013513513513513514,-2.7755575615628914e-17,0.07612389326095581,11.82610034942627,rulex,gcm_hamming,11323,85440.510228734,23165.474625511357,3659.908623141284,40.0,8.0,0.040192230576441106,0.98,0.017045762711864407,113319.36804444087,27878.857815706873,39422.23899144456,38797.44698042199,8373.2918133368,4713.383190195516,1536.0,grad,-12.83670425415039,-0.3044978380203247
mamba,mamba_max_rho0.02_wd0.1_tiersNone,1000,max,0.02,0.1,final,randunits,units,256,0.16666666666666666,2.0,0.9782001621475542,0.10387767851352692,0.9992645706931421,0.0024077114649116993,0.9819819819819819,0.013513513513513514,0.004504504504504542,0.09030930697917938,11.408700942993164,rulex,gcm_hamming,11323,85319.26567603511,23159.93744850971,3631.2543329433074,40.0,8.0,0.040192230576441106,0.98,0.017045762711864407,113319.36804444087,28000.102368405755,39750.46365279481,39139.792751973124,8471.41925283935,4840.164919896043,1536.0,grad,-15.05153751373291,-0.25800231099128723
mamba,mamba_max_rho0.02_wd0.1_tiersNone,1000,max,0.02,0.1,final,randunits,units,512,0.3333333333333333,2.0,0.9720745878749663,0.12147220224142075,0.9977937120794264,0.007895035669207573,0.9504504504504504,0.036036036036036036,0.013513513513513563,0.2213093489408493,9.888731002807617,rulex,gcm_hamming,11323,85026.87581020141,22199.498318757007,3397.707590851067,40.0,8.0,0.04770952380952381,0.96,0.03399152542372882,113319.36804444087,28292.492234239457,40289.23683900163,39871.28715998456,9490.701506333517,6092.99391548245,1536.0,grad,-20.184200286865234,-0.31348714232444763
mamba,mamba_max_rho0.02_wd0.1_tiersNone,1001,max,0.02,0.1,final,none,-,0,0.0,,0.9774795063507792,0.09638507664203644,0.9986210700496415,0.00391488429158926,0.9819819819819819,0.013513513513513514,0.004504504504504542,0.10164610296487808,12.444568634033203,rulex,gcm_hamming,11323,85077.57031177204,23256.69323521242,3616.772585570432,40.0,8.0,0.04269799498746867,0.98,0.017045762711864407,113319.36804444087,28241.797732668823,39353.08943647668,38720.989970510454,8601.877083026833,4985.104497456401,,,,
mamba,mamba_max_rho0.02_wd0.1_tiersNone,1001,max,0.02,0.1,final,neurons,units,0,0.0,,0.9774795063507792,0.09638507664203644,0.9986210700496415,0.00391488429158926,0.9819819819819819,0.013513513513513514,0.004504504504504542,0.10164610296487808,12.444568634033203,rulex,gcm_hamming,11323,85077.57031177204,23256.69323521242,3616.772585570432,40.0,8.0,0.04269799498746867,0.98,0.017045762711864407,113319.36804444087,28241.797732668823,39353.08943647668,38720.989970510454,8601.877083026833,4985.104497456401,1536.0,grad,,
mamba,mamba_max_rho0.02_wd0.1_tiersNone,1001,max,0.02,0.1,final,neurons,units,1,0.0006510416666666666,,0.9773894243761824,0.09631472826004028,0.9986210700496415,0.003911299165338278,0.9819819819819819,0.013513513513513514,0.004504504504504542,0.10160497575998306,12.37702465057373,rulex,gcm_hamming,11323,85069.2816742105,23246.86442557891,3614.8835634941343,40.0,8.0,0.04269799498746867,0.98,0.017045762711864407,113319.36804444087,28250.086370230358,39356.85921639726,38724.75975043103,8618.10550814558,5003.2219446514455,1536.0,grad,11.101285934448242,0.19879990816116333
mamba,mamba_max_rho0.02_wd0.1_tiersNone,1001,max,0.02,0.1,final,neurons,units,2,0.0013020833333333333,,0.9773894243761824,0.09635335206985474,0.9986210700496415,0.003911762963980436,0.9819819819819819,0.013513513513513514,0.004504504504504542,0.10164503008127213,12.319280624389648,rulex,gcm_hamming,11323,85069.2816742105,23246.86442557891,3614.8835634941343,40.0,8.0,0.04269799498746867,0.98,0.017045762711864407,113319.36804444087,28250.086370230358,39356.85921639726,38724.75975043103,8618.10550814558,5003.2219446514455,1536.0,grad,10.692453384399414,0.19879990816116333
mamba,mamba_max_rho0.02_wd0.1_tiersNone,1001,max,0.02,0.1,final,neurons,units,4,0.0026041666666666665,,0.9778398342491668,0.0956752821803093,0.9986210700496415,0.0038428730331361294,0.9819819819819819,0.013513513513513514,0.004504504504504542,0.09952245652675629,12.194114685058594,rulex,gcm_hamming,11323,85107.59505376939,23299.138281995256,3624.2028371648285,40.0,8.0,0.040192230576441106,0.98,0.017045762711864407,113319.36804444087,28211.772990671478,39314.28732055947,38682.18785554692,8536.83754584105,4912.634708676222,1536.0,grad,10.281837463378906,0.18194042146205902
mamba,mamba_max_rho0.02_wd0.1_tiersNone,1001,max,0.02,0.1,final,neurons,units,8,0.005208333333333333,,0.9778398342491668,0.09502477198839188,0.9986210700496415,0.0038980976678431034,0.972972972972973,0.02252252252252252,0.0045045045045044516,0.11207380145788193,11.991426467895508,rulex,gcm_hamming,11323,85090.37717972837,23300.811609358178,3575.949143985882,40.0,8.0,0.040192230576441106,0.98,0.017045762711864407,113319.36804444087,28228.990864712494,39320.98928994462,38688.889824216814,8504.1283993402,4928.179255354317,1536.0,grad,8.312623977661133,0.1181512102484703
mamba,mamba_max_rho0.02_wd0.1_tiersNone,1001,max,0.02,0.1,final,neurons,units,16,0.010416666666666666,,0.9782001621475542,0.09249290078878403,0.9987129987129987,0.0032859353814274073,0.9684684684684685,0.02702702702702703,0.004504504504504514,0.11939894407987595,11.636273384094238,rulex,gcm_hamming,11323,85118.67416262992,23337.21214189776,3558.873793174889,40.0,8.0,0.040192230576441106,0.98,0.017045762711864407,113319.36804444087,28200.693881810945,39256.13824743554,38624.24972063825,8422.355533088075,4863.481739913186,1536.0,grad,7.287503719329834,-0.07493164390325546
mamba,mamba_max_rho0.02_wd0.1_tiersNone,1001,max,0.02,0.1,final,neurons,units,32,0.020833333333333332,,0.9793712278173138,0.08853794634342194,0.998804927376356,0.003039113013073802,0.9684684684684685,0.02702702702702703,0.004504504504504514,0.14461520314216614,10.978168487548828,rulex,gcm_hamming,11323,85179.03561297926,23512.377505083998,3581.791154454948,40.0,8.0,0.040192230576441106,0.98,0.017045762711864407,113319.36804444087,28140.3324314616,39169.023975556345,38522.72187859342,8209.74608083255,4627.9549263776025,1536.0,grad,6.290464401245117,-0.17687517404556274
mamba,mamba_max_rho0.02_wd0.1_tiersNone,1001,max,0.02,0.1,final,neurons,units,64,0.041666666666666664,,0.9797315557157013,0.08633455634117126,0.9989887847030704,0.0023254938423633575,0.963963963963964,0.03153153153153153,0.004504504504504472,0.18311482667922974,9.967071533203125,rulex,gcm_hamming,11323,85223.39841831976,23533.551721853823,3565.555310313147,40.0,8.0,0.040192230576441106,0.96,0.017045762711864407,113319.36804444087,28095.9696261211,39045.10972875878,38397.86027652547,8127.9732145804255,4562.417904267279,1536.0,grad,4.781340599060059,-0.17687517404556274
mamba,mamba_max_rho0.02_wd0.1_tiersNone,1001,max,0.02,0.1,final,neurons,units,128,0.08333333333333333,,0.9787406539951355,0.08617211878299713,0.9990807133664277,0.0025285552255809307,0.9369369369369369,0.05405405405405406,0.009009009009009028,0.3110843300819397,8.302492141723633,rulex,gcm_hamming,11323,85173.09506032855,23335.725447813864,3415.553117784514,40.0,8.0,0.040192230576441106,0.9400000000000001,0.017045762711864407,113319.36804444087,28146.272984112326,39148.649947350474,38530.80912596509,8226.100654082977,4810.547536298463,1536.0,grad,3.5447325706481934,-0.22304341197013855
mamba,mamba_max_rho0.02_wd0.1_tiersNone,1001,max,0.02,0.1,final,neurons,units,256,0.16666666666666666,,0.9797315557157013,0.08275413513183594,0.998804927376356,0.0034745221491903067,0.8603603603603603,0.13513513513513514,0.004504504504504514,0.5943386554718018,5.638437271118164,rulex,gcm_hamming,11323,85126.73989386379,23517.174197137603,3073.5776608983724,40.0,8.0,0.03768646616541354,0.86,0.017045762711864407,113319.36804444087,28192.628150577068,39140.74415225312,38520.3693020992,7749.031614337838,4675.453953439465,1536.0,grad,2.184084177017212,-0.25487226247787476
mamba,mamba_max_rho0.02_wd0.1_tiersNone,1001,max,0.02,0.1,final,neurons,units,512,0.3333333333333333,,0.9779299162237636,0.08527420461177826,0.9980694980694981,0.007595700677484274,0.6216216216216216,0.36036036036036034,0.018018018018018056,1.4980411529541016,2.1496775150299072,rulex,gcm_hamming,11323,84705.96470939156,23410.190822838875,2047.9356707586421,40.0,8.0,0.035180701754385965,0.64,0.017045762711864407,113319.36804444087,28613.403335049305,39436.09558958337,38883.36871022508,7251.148182969071,5203.212512210429,1536.0,grad,0.8176907896995544,-0.37813419103622437
mamba,mamba_max_rho0.02_wd0.1_tiersNone,1001,max,0.02,0.1,final,randunits,units,0,0.0,0.0,0.9774795063507792,0.09638507664203644,0.9986210700496415,0.00391488429158926,0.9819819819819819,0.013513513513513514,0.004504504504504542,0.10164610296487808,12.444568634033203,rulex,gcm_hamming,11323,85077.57031177204,23256.69323521242,3616.772585570432,40.0,8.0,0.04269799498746867,0.98,0.017045762711864407,113319.36804444087,28241.797732668823,39353.08943647668,38720.989970510454,8601.877083026833,4985.104497456401,1536.0,grad,,
mamba,mamba_max_rho0.02_wd0.1_tiersNone,1001,max,0.02,0.1,final,randunits,units,1,0.0006510416666666666,0.0,0.9774795063507792,0.0963062047958374,0.9986210700496415,0.0038896040059626102,0.9819819819819819,0.013513513513513514,0.004504504504504542,0.10154151171445847,12.436959266662598,rulex,gcm_hamming,11323,85077.57031177204,23256.69323521242,3616.772585570432,40.0,8.0,0.04269799498746867,0.98,0.017045762711864407,113319.36804444087,28241.797732668823,39353.08943647668,38720.989970510454,8601.877083026833,4985.104497456401,1536.0,grad,1.4977762699127197,-0.1559561938047409
mamba,mamba_max_rho0.02_wd0.1_tiersNone,1001,max,0.02,0.1,final,randunits,units,2,0.0013020833333333333,0.0,0.977659670299973,0.09598078578710556,0.9986210700496415,0.0038896033074706793,0.9774774774774775,0.018018018018018018,0.004504504504504497,0.10318431258201599,12.448671340942383,rulex,gcm_hamming,11323,85083.28067673047,23279.445491305032,3596.549931265229,40.0,8.0,0.04269799498746867,0.98,0.017045762711864407,113319.36804444087,28236.087367710392,39337.39046758935,38705.291001623125,8553.191807670588,4956.641876405359,1536.0,grad,0.013746853917837143,-0.06604942679405212
mamba,mamba_max_rho0.02_wd0.1_tiersNone,1001,max,0.02,0.1,final,randunits,units,4,0.0026041666666666665,0.0,0.9779299162237636,0.09637904912233353,0.9986210700496415,0.003960718400776386,0.9819819819819819,0.013513513513513514,0.004504504504504542,0.10387036949396133,12.40988826751709,rulex,gcm_hamming,11323,85096.64932461095,23328.201458348754,3625.9657111094493,40.0,8.0,0.040192230576441106,0.98,0.017045762711864407,113319.36804444087,28222.71871982993,39345.11014718339,38712.9264124088,8520.482972590626,4894.517261481176,1536.0,grad,0.16180375218391418,-0.1516258716583252
mamba,mamba_max_rho0.02_wd0.1_tiersNone,1001,max,0.02,0.1,final,randunits,units,8,0.005208333333333333,0.0,0.9769390145031979,0.09753736853599548,0.9987129987129987,0.004116986412554979,0.9864864864864865,0.009009009009009009,0.004504504504504478,0.09621328860521317,12.510139465332031,rulex,gcm_hamming,11323,85048.85700935764,23184.474127795598,3629.4391515704447,40.0,8.0,0.04269799498746867,0.98,0.017045762711864407,113319.36804444087,28270.511035083222,39426.14110655114,38834.04403085038,8715.476058858067,5086.036907287622,1536.0,grad,-10.706721305847168,-0.18884123861789703
mamba,mamba_max_rho0.02_wd0.1_tiersNone,1001,max,0.02,0.1,final,randunits,units,16,0.010416666666666666,0.0,0.9771191784523917,0.0958826094865799,0.9987129987129987,0.004009518306702375,0.9864864864864865,0.009009009009009009,0.004504504504504478,0.09884407371282578,12.305371284484863,rulex,gcm_hamming,11323,85119.10283126454,23150.463200278795,3633.2171957230385,40.0,8.0,0.04269799498746867,0.98,0.017045762711864407,113319.36804444087,28200.265213176328,39335.33285660073,38707.25807744786,8683.019208620572,5049.802012897533,1536.0,grad,-12.903191566467285,-0.13565535843372345
mamba,mamba_max_rho0.02_wd0.1_tiersNone,1001,max,0.02,0.1,final,randunits,units,32,0.020833333333333332,0.0,0.9765786866048104,0.09754963219165802,0.9986210700496415,0.004219481255859137,0.9774774774774775,0.018018018018018018,0.004504504504504497,0.09223540872335434,12.28786563873291,rulex,gcm_hamming,11323,85069.32977452892,23075.987027166062,3573.8816663496673,40.0,8.0,0.04269799498746867,0.98,0.017045762711864407,113319.36804444087,28250.03826991196,39351.75474042222,38719.17617565915,8747.932909095563,5174.051242745896,1536.0,grad,-5.94389533996582,-0.3013029098510742
mamba,mamba_max_rho0.02_wd0.1_tiersNone,1001,max,0.02,0.1,final,randunits,units,64,0.041666666666666664,0.0,0.976848932528601,0.09978540241718292,0.9982533553962125,0.004705748520791531,0.9819819819819819,0.013513513513513514,0.004504504504504542,0.10783778131008148,12.198063850402832,rulex,gcm_hamming,11323,85044.63629990727,23162.805116711883,3603.549431036352,40.0,8.0,0.04269799498746867,0.98,0.017045762711864407,113319.36804444087,28274.731744533598,39397.0697540693,38799.23069912717,8715.476058858067,5111.926627821715,1536.0,grad,-9.666458129882812,-0.2840123474597931
mamba,mamba_max_rho0.02_wd0.1_tiersNone,1001,max,0.02,0.1,final,randunits,units,128,0.08333333333333333,0.0,0.9762183587064228,0.10089068859815598,0.9981614267328554,0.004966449458152056,0.9864864864864865,0.009009009009009009,0.004504504504504478,0.06835992634296417,11.980809211730957,rulex,gcm_hamming,11323,85020.40263283902,23067.98892675386,3614.3269749600695,40.0,8.0,0.04269799498746867,0.98,0.017045762711864407,113319.36804444087,28298.965411601843,39530.408351843806,38957.87191635892,8845.30345980805,5230.976484847981,1536.0,grad,-17.127986907958984,-0.27119719982147217
mamba,mamba_max_rho0.02_wd0.1_tiersNone,1001,max,0.02,0.1,final,randunits,units,256,0.16666666666666666,0.0,0.9749572110620665,0.10690981894731522,0.9982533553962125,0.005101397633552551,0.9774774774774775,0.018018018018018018,0.004504504504504497,0.13446259498596191,11.644259452819824,rulex,gcm_hamming,11323,85046.75917044177,22776.163826121407,3543.3834108021047,40.0,8.0,0.045203759398496246,0.98,0.03399152542372882,113319.36804444087,28272.608873999103,39607.74114889428,38975.672661488505,9039.828458679802,5496.445047877697,1536.0,grad,-15.851478576660156,-0.36596858501434326
mamba,mamba_max_rho0.02_wd0.1_tiersNone,1001,max,0.02,0.1,final,randunits,units,512,0.3333333333333333,0.0,0.9689217187640753,0.1295652985572815,0.9960470674756389,0.013051864691078663,0.9459459459459459,0.04504504504504504,0.009009009009009014,0.2646642327308655,10.400691986083984,rulex,gcm_hamming,11323,84647.05303935599,21998.665233946514,3344.22884713012,40.0,8.0,0.05021528822055138,0.96,0.03399152542372882,113319.36804444087,28672.31500508487,40436.82993454263,39876.281927531214,10017.878618268474,6673.6497711383545,1536.0,grad,-16.668758392333984,-0.37813419103622437
mamba,mamba_max_rho0.02_wd0.1_tiersNone,1001,max,0.02,0.1,final,randunits,units,0,0.0,1.0,0.9774795063507792,0.09638507664203644,0.9986210700496415,0.00391488429158926,0.9819819819819819,0.013513513513513514,0.004504504504504542,0.10164610296487808,12.444568634033203,rulex,gcm_hamming,11323,85077.57031177204,23256.69323521242,3616.772585570432,40.0,8.0,0.04269799498746867,0.98,0.017045762711864407,113319.36804444087,28241.797732668823,39353.08943647668,38720.989970510454,8601.877083026833,4985.104497456401,1536.0,grad,,
mamba,mamba_max_rho0.02_wd0.1_tiersNone,1001,max,0.02,0.1,final,randunits,units,1,0.0006510416666666666,1.0,0.9779299162237636,0.09413504600524902,0.9986210700496415,0.003913037944585085,0.9819819819819819,0.013513513513513514,0.004504504504504542,0.10176490247249603,12.409100532531738,rulex,gcm_hamming,11323,85109.54377601418,23315.307006945513,3625.9657111094493,40.0,8.0,0.040192230576441106,0.98,0.017045762711864407,113319.36804444087,28209.82426842669,39246.32664365098,38599.52440602109,8520.482972590626,4894.517261481176,1536.0,grad,6.290464401245117,-0.14457309246063232
mamba,mamba_max_rho0.02_wd0.1_tiersNone,1001,max,0.02,0.1,final,randunits,units,2,0.0013020833333333333,1.0,0.9774795063507792,0.0965636745095253,0.9986210700496415,0.003966204356402159,0.9819819819819819,0.013513513513513514,0.004504504504504542,0.10200696438550949,12.430408477783203,rulex,gcm_hamming,11323,85084.82970579134,23249.43384119313,3616.772585570432,40.0,8.0,0.04269799498746867,0.98,0.017045762711864407,113319.36804444087,28234.53833864953,39357.15544480607,38725.055978839846,8601.877083026833,4985.104497456401,1536.0,grad,0.4190322756767273,-0.1181701123714447
mamba,mamba_max_rho0.02_wd0.1_tiersNone,1001,max,0.02,0.1,final,randunits,units,4,0.0026041666666666665,1.0,0.9774795063507792,0.09628265351057053,0.9986210700496415,0.00388685567304492,0.9819819819819819,0.013513513513513514,0.004504504504504542,0.10143027454614639,12.435383796691895,rulex,gcm_hamming,11323,85084.06578551242,23250.197761472045,3616.772585570432,40.0,8.0,0.04269799498746867,0.98,0.017045762711864407,113319.36804444087,28235.302258928445,39353.802853053065,38739.06177741811,8601.877083026833,4985.104497456401,1536.0,grad,-6.376354217529297,-0.04663694649934769
mamba,mamba_max_rho0.02_wd0.1_tiersNone,1001,max,0.02,0.1,final,randunits,units,8,0.005208333333333333,1.0,0.9778398342491668,0.09579053521156311,0.9987129987129987,0.0038094145711511374,0.9819819819819819,0.013513513513513514,0.004504504504504542,0.0967482477426529,12.465309143066406,rulex,gcm_hamming,11323,85085.49826205643,23321.23507370822,3624.2028371648285,40.0,8.0,0.040192230576441106,0.98,0.017045762711864407,113319.36804444087,28233.86978238444,39346.03192943856,38729.66495889947,8536.83754584105,4912.634708676222,1536.0,grad,-13.062105178833008,-0.2312745302915573
mamba,mamba_max_rho0.02_wd0.1_tiersNone,1001,max,0.02,0.1,final,randunits,units,16,0.010416666666666666,1.0,0.976848932528601,0.09673035889863968,0.9986210700496415,0.0038882733788341284,0.9864864864864865,0.009009009009009009,0.004504504504504478,0.10129626095294952,12.377591133117676,rulex,gcm_hamming,11323,85070.14138900943,23145.07230094878,3627.5501294941496,40.0,8.0,0.04269799498746867,0.98,0.017045762711864407,113319.36804444087,28249.22665543145,39429.71034235284,38815.65805131719,8731.704483976817,5104.154354482667,1536.0,grad,-4.8037109375,-0.24997851252555847
mamba,mamba_max_rho0.02_wd0.1_tiersNone,1001,max,0.02,0.1,final,randunits,units,32,0.020833333333333332,1.0,0.9771191784523917,0.09606309980154037,0.9986210700496415,0.004071293398737907,0.9819819819819819,0.013513513513513514,0.004504504504504542,0.10547243058681488,12.303629875183105,rulex,gcm_hamming,11323,85093.26803993947,23168.52571826481,3609.2164972652445,40.0,8.0,0.04269799498746867,0.98,0.017045762711864407,113319.36804444087,28226.10000450139,39384.89182395265,38752.10694009587,8666.790783501825,5057.5742862365805,1536.0,grad,-5.526806354522705,-0.16525141894817352
mamba,mamba_max_rho0.02_wd0.1_tiersNone,1001,max,0.02,0.1,final,randunits,units,64,0.041666666666666664,1.0,0.9764886046302135,0.098171167075634,0.998437212722927,0.004486648831516504,0.9864864864864865,0.009009009009009009,0.004504504504504478,0.10394147783517838,12.331755638122559,rulex,gcm_hamming,11323,85094.6747362745,23048.069164903525,3619.994041188961,40.0,8.0,0.04269799498746867,0.98,0.017045762711864407,113319.36804444087,28224.69330816637,39374.35294074342,38742.46427709386,8796.618184451807,5176.624143262846,1536.0,grad,-10.905911445617676,-0.24997851252555847
mamba,mamba_max_rho0.02_wd0.1_tiersNone,1001,max,0.02,0.1,final,randunits,units,128,0.08333333333333333,1.0,0.9750472930366634,0.1013084203004837,0.998437212722927,0.00551494350656867,0.9774774774774775,0.018018018018018018,0.004504504504504497,0.11663538217544556,12.159751892089844,rulex,gcm_hamming,11323,84990.37988679387,22849.245597373723,3543.9767350048996,40.0,8.0,0.045203759398496246,0.98,0.03399152542372882,113319.36804444087,28328.98815764699,39613.40444535539,38996.899945562334,9023.719295278164,5479.742560273265,1536.0,grad,-7.398079872131348,-0.3455376625061035
mamba,mamba_max_rho0.02_wd0.1_tiersNone,1001,max,0.02,0.1,final,randunits,units,256,0.16666666666666666,1.0,0.9742365552652914,0.10699953138828278,0.9979775694061408,0.006203488912433386,0.9774774774774775,0.018018018018018018,0.004504504504504497,0.11400370299816132,11.88534927368164,rulex,gcm_hamming,11323,84993.98487063714,22695.318225090577,3538.6368171797512,40.0,8.0,0.045203759398496246,0.98,0.03399152542372882,113319.36804444087,28325.383173803726,39690.74968785569,39096.22919399068,9168.7017658929,5630.064948713149,1536.0,grad,-17.127986907958984,-0.29904431104660034
mamba,mamba_max_rho0.02_wd0.1_tiersNone,1001,max,0.02,0.1,final,randunits,units,512,0.3333333333333333,1.0,0.9680208990181065,0.12445078045129776,0.9954035668321383,0.013004221022129059,0.963963963963964,0.02702702702702703,0.009009009009008973,0.11788646876811981,10.391236305236816,rulex,gcm_hamming,11323,84564.58632648624,21940.061742728336,3425.5967159510046,40.0,8.0,0.05021528822055138,0.98,0.03399152542372882,113319.36804444087,28754.781717954625,40450.128560250254,39947.484210079165,10240.316691177293,6814.719975226289,1536.0,grad,-16.668758392333984,-0.37813419103622437
mamba,mamba_max_rho0.02_wd0.1_tiersNone,1001,max,0.02,0.1,final,randunits,units,0,0.0,2.0,0.9774795063507792,0.09638507664203644,0.9986210700496415,0.00391488429158926,0.9819819819819819,0.013513513513513514,0.004504504504504542,0.10164610296487808,12.444568634033203,rulex,gcm_hamming,11323,85077.57031177204,23256.69323521242,3616.772585570432,40.0,8.0,0.04269799498746867,0.98,0.017045762711864407,113319.36804444087,28241.797732668823,39353.08943647668,38720.989970510454,8601.877083026833,4985.104497456401,1536.0,grad,,
mamba,mamba_max_rho0.02_wd0.1_tiersNone,1001,max,0.02,0.1,final,randunits,units,1,0.0006510416666666666,2.0,0.9775695883253761,0.09650988131761551,0.9986210700496415,0.00397648848593235,0.9819819819819819,0.013513513513513514,0.004504504504504542,0.1013491228222847,12.451996803283691,rulex,gcm_hamming,11323,85079.41210506822,23272.968889111304,3618.661607646727,40.0,8.0,0.04269799498746867,0.98,0.017045762711864407,113319.36804444087,28239.95593937266,39351.985411351176,38719.885944908114,8585.648657908083,4966.987050261356,1536.0,grad,-2.3394031524658203,-0.10244806855916977
mamba,mamba_max_rho0.02_wd0.1_tiersNone,1001,max,0.02,0.1,final,randunits,units,2,0.0013020833333333333,2.0,0.9774795063507792,0.09586459398269653,0.9986210700496415,0.0039013761561363935,0.9819819819819819,0.013513513513513514,0.004504504504504542,0.1015530675649643,12.437785148620605,rulex,gcm_hamming,11323,85081.15658194598,23253.106965038496,3616.772585570432,40.0,8.0,0.04269799498746867,0.98,0.017045762711864407,113319.36804444087,28238.211462494895,39340.078073924036,38707.6592603378,8601.877083026833,4985.104497456401,1536.0,grad,-3.4096829891204834,-0.010756907984614372
mamba,mamba_max_rho0.02_wd0.1_tiersNone,1001,max,0.02,0.1,final,randunits,units,4,0.0026041666666666665,2.0,0.9772993424015854,0.09610836207866669,0.9987129987129987,0.0038085435517132282,0.9819819819819819,0.013513513513513514,0.004504504504504542,0.10343747586011887,12.439468383789062,rulex,gcm_hamming,11323,85084.93654432299,23213.09210827138,3612.9945414178374,40.0,8.0,0.04269799498746867,0.98,0.017045762711864407,113319.36804444087,28234.43150011787,39344.92155665681,38711.89876014516,8634.333933264328,5021.339391846491,1536.0,grad,-4.53535795211792,-0.12288319319486618
mamba,mamba_max_rho0.02_wd0.1_tiersNone,1001,max,0.02,0.1,final,randunits,units,8,0.005208333333333333,2.0,0.9774795063507792,0.0959705337882042,0.9987129987129987,0.003966862801462412,0.9819819819819819,0.013513513513513514,0.004504504504504542,0.09890101850032806,12.440497398376465,rulex,gcm_hamming,11323,85087.37047688203,23246.893070102436,3616.772585570432,40.0,8.0,0.04269799498746867,0.98,0.017045762711864407,113319.36804444087,28231.99756755884,39339.37610668466,38726.50706071183,8601.877083026833,4985.104497456401,1536.0,grad,-3.6526663303375244,-0.14424245059490204
mamba,mamba_max_rho0.02_wd0.1_tiersNone,1001,max,0.02,0.1,final,randunits,units,16,0.010416666666666666,2.0,0.9773894243761824,0.09574797004461288,0.9986210700496415,0.0036925391759723425,0.9774774774774775,0.018018018018018018,0.004504504504504497,0.10261714458465576,12.387462615966797,rulex,gcm_hamming,11323,85086.41139499687,23221.962431453496,3590.8828650363403,40.0,8.0,0.04269799498746867,0.98,0.017045762711864407,113319.36804444087,28232.95664944399,39336.67292279527,38724.48914379403,8601.877083026833,5010.994217990493,1536.0,grad,-6.47240686416626,-0.21564263105392456
mamba,mamba_max_rho0.02_wd0.1_tiersNone,1001,max,0.02,0.1,final,randunits,units,32,0.020833333333333332,2.0,0.9772993424015854,0.09591121971607208,0.9987129987129987,0.0036450091283768415,0.9864864864864865,0.009009009009009009,0.004504504504504478,0.08869709074497223,12.40182876586914,rulex,gcm_hamming,11323,85093.06108523971,23212.739840693717,3636.9952398756313,40.0,8.0,0.04269799498746867,0.98,0.017045762711864407,113319.36804444087,28226.30695920116,39328.89287204072,38735.76635414884,8650.562358383075,5013.567118507443,1536.0,grad,-16.668758392333984,-0.22944101691246033
mamba,mamba_max_rho0.02_wd0.1_tiersNone,1001,max,0.02,0.1,final,randunits,units,64,0.041666666666666664,2.0,0.9779299162237636,0.09856675565242767,0.9982533553962125,0.004844716750085354,0.9819819819819819,0.013513513513513514,0.004504504504504542,0.0955614298582077,12.30441951751709,rulex,gcm_hamming,11323,85145.76910484723,23279.08167811246,3625.9657111094493,40.0,8.0,0.040192230576441106,0.98,0.017045762711864407,113319.36804444087,28173.598939593634,39208.59104937837,38559.2894652538,8520.482972590626,4894.517261481176,1536.0,grad,-8.935868263244629,-0.2546806037425995
mamba,mamba_max_rho0.02_wd0.1_tiersNone,1001,max,0.02,0.1,final,randunits,units,128,0.08333333333333333,2.0,0.9769390145031979,0.0971209928393364,0.9980694980694981,0.005243006628006697,0.9684684684684685,0.02702702702702703,0.004504504504504514,0.1299215406179428,11.949044227600098,rulex,gcm_hamming,11323,85030.18533930478,23172.056704492275,3533.4363577392623,40.0,8.0,0.04269799498746867,0.98,0.017045762711864407,113319.36804444087,28289.18270513609,39436.06487077996,38826.57095426843,8650.562358383075,5117.126000643812,1536.0,grad,-9.816413879394531,-0.3290434777736664
mamba,mamba_max_rho0.02_wd0.1_tiersNone,1001,max,0.02,0.1,final,randunits,units,256,0.16666666666666666,2.0,0.9741464732906945,0.1067948192358017,0.9977017834160691,0.00786641240119934,0.9819819819819819,0.013513513513513514,0.004504504504504542,0.11474110931158066,11.756180763244629,rulex,gcm_hamming,11323,84927.01586539073,22753.345387722944,3561.9133013689743,40.0,8.0,0.045203759398496246,0.98,0.03399152542372882,113319.36804444087,28392.352179050144,39616.858581727,39043.860690181704,9200.920092696175,5639.0067913272005,1536.0,grad,-11.109941482543945,-0.37813419103622437
mamba,mamba_max_rho0.02_wd0.1_tiersNone,1001,max,0.02,0.1,final,randunits,units,512,0.3333333333333333,2.0,0.97225475182416,0.11500661820173264,0.9977937120794264,0.008651217445731163,0.972972972972973,0.018018018018018018,0.009009009009008955,0.17092151939868927,10.002960205078125,rulex,gcm_hamming,11323,85028.51478898735,22276.671487616255,3508.5118247409964,40.0,8.0,0.04770952380952381,0.98,0.03399152542372882,113319.36804444087,28290.853255453512,39947.48106855676,39402.52961284444,9522.693592578253,6014.181767837256,1536.0,grad,-17.127986907958984,-0.36596858501434326
mamba,mamba_max_rho0.02_wd0.1_tiersNone,1002,max,0.02,0.1,final,none,-,0,0.0,,0.9789208179443294,0.09837052971124649,0.9994484280198566,0.0019527985714375973,0.9864864864864865,0.009009009009009009,0.004504504504504478,0.06573526561260223,13.127509117126465,rulex,gcm_hamming,11323,85223.96664584723,23407.948329597,3669.484171089739,40.0,8.0,0.040192230576441106,0.98,0.017045762711864407,113319.36804444087,28095.401398593636,39602.97588843629,38981.52618784234,8356.937240086376,4687.453068996637,,,,
mamba,mamba_max_rho0.02_wd0.1_tiersNone,1002,max,0.02,0.1,final,neurons,units,0,0.0,,0.9789208179443294,0.09837052971124649,0.9994484280198566,0.0019527985714375973,0.9864864864864865,0.009009009009009009,0.004504504504504478,0.06573526561260223,13.127509117126465,rulex,gcm_hamming,11323,85223.96664584723,23407.948329597,3669.484171089739,40.0,8.0,0.040192230576441106,0.98,0.017045762711864407,113319.36804444087,28095.401398593636,39602.97588843629,38981.52618784234,8356.937240086376,4687.453068996637,1536.0,grad,,
mamba,mamba_max_rho0.02_wd0.1_tiersNone,1002,max,0.02,0.1,final,neurons,units,1,0.0006510416666666666,,0.9790108999189262,0.09823007136583328,0.9994484280198566,0.0019551918376237154,0.9819819819819819,0.013513513513513514,0.004504504504504542,0.07293803244829178,13.05428695678711,rulex,gcm_hamming,11323,85221.89303330636,23420.367115993868,3647.1201984448862,40.0,8.0,0.040192230576441106,0.98,0.017045762711864407,113319.36804444087,28097.475011134506,39569.56352347657,38948.113822882624,8324.228093585525,4677.107895140639,1536.0,grad,14.695823669433594,-0.003239781828597188
mamba,mamba_max_rho0.02_wd0.1_tiersNone,1002,max,0.02,0.1,final,neurons,units,2,0.0013020833333333333,,0.9791910638681199,0.09803321212530136,0.9994484280198566,0.0019626962020993233,0.9819819819819819,0.013513513513513514,0.004504504504504542,0.07315321266651154,12.960315704345703,rulex,gcm_hamming,11323,85225.05786827432,23453.437175416,3650.645946334126,40.0,8.0,0.040192230576441106,0.98,0.017045762711864407,113319.36804444087,28094.31017616655,39572.363416855784,38950.911232893915,8291.518947084676,4640.87300075055,1536.0,grad,14.55082893371582,-0.003239781828597188
mamba,mamba_max_rho0.02_wd0.1_tiersNone,1002,max,0.02,0.1,final,neurons,units,4,0.0026041666666666665,,0.9795513917665075,0.09761114418506622,0.9994484280198566,0.0019230081234127283,0.9819819819819819,0.013513513513513514,0.004504504504504542,0.07165615260601044,12.796711921691895,rulex,gcm_hamming,11323,85230.4093270415,23520.555505428987,3657.697442112606,40.0,8.0,0.040192230576441106,0.98,0.017045762711864407,113319.36804444087,28088.958717399357,39540.839017575236,38919.31115407273,8226.100654082977,4568.403211970371,1536.0,grad,12.714062690734863,-0.003239781828597188
mamba,mamba_max_rho0.02_wd0.1_tiersNone,1002,max,0.02,0.1,final,neurons,units,8,0.005208333333333333,,0.9797315557157013,0.09711579233407974,0.9993564993564994,0.001931633916683495,0.9819819819819819,0.013513513513513514,0.004504504504504542,0.07633714377880096,12.520859718322754,rulex,gcm_hamming,11323,85241.41264748295,23545.78707937764,3661.223190001845,40.0,8.0,0.040192230576441106,0.98,0.017045762711864407,113319.36804444087,28077.955396957917,39507.03939003274,38885.51152653024,8193.391507582126,4532.168317580281,1536.0,grad,11.582486152648926,-0.13202045857906342
mamba,mamba_max_rho0.02_wd0.1_tiersNone,1002,max,0.02,0.1,final,neurons,units,16,0.010416666666666666,,0.9799117196648951,0.09667888283729553,0.9993564993564994,0.0019515736494213343,0.9774774774774775,0.018018018018018018,0.004504504504504497,0.08523065596818924,12.051300048828125,rulex,gcm_hamming,11323,85251.59746071527,23564.06488719636,3640.6220913016105,40.0,8.0,0.040192230576441106,0.98,0.017045762711864407,113319.36804444087,28067.7705837256,39492.65529102609,38871.12742680833,8144.327787830849,4503.705696529239,1536.0,grad,9.955699920654297,-0.2437545508146286
mamba,mamba_max_rho0.02_wd0.1_tiersNone,1002,max,0.02,0.1,final,neurons,units,32,0.020833333333333332,,0.9804522115124763,0.09480204433202744,0.9993564993564994,0.001985665410757065,0.9684684684684685,0.02702702702702703,0.004504504504504514,0.12298591434955597,11.221633911132812,rulex,gcm_hamming,11323,85282.55706496915,23626.26541943465,3602.3020024603347,40.0,8.0,0.03768646616541354,0.98,0.017045762711864407,113319.36804444087,28036.810979471717,39347.52091473863,38700.72504586503,8012.847562497401,4410.545560037066,1536.0,grad,8.149335861206055,-0.2437545508146286
mamba,mamba_max_rho0.02_wd0.1_tiersNone,1002,max,0.02,0.1,final,neurons,units,64,0.041666666666666664,,0.9809026213854608,0.09309632331132889,0.9993564993564994,0.002144373720511794,0.9594594594594594,0.036036036036036036,0.004504504504504535,0.15320734679698944,9.767765998840332,rulex,gcm_hamming,11323,85282.07080786103,23704.055606532063,3564.186455129822,40.0,8.0,0.03768646616541354,0.96,0.017045762711864407,113319.36804444087,28037.297236579834,39292.31357378289,38645.49924558923,7897.428085177592,4333.24163004777,1536.0,grad,6.464677333831787,-0.3415285348892212
mamba,mamba_max_rho0.02_wd0.1_tiersNone,1002,max,0.02,0.1,final,neurons,units,128,0.08333333333333333,,0.9811728673092515,0.09227112680673599,0.9991726420297848,0.0030366210266947746,0.8783783783783784,0.12162162162162163,-2.7755575615628914e-17,0.37227144837379456,7.366067409515381,rulex,gcm_hamming,11323,85190.04241606063,23773.102286431124,3177.6564017468763,40.0,8.0,0.035180701754385965,0.88,0.017045762711864407,113319.36804444087,28129.32562838023,39114.717932169886,38470.5435280256,7533.879743695983,4356.223341949107,1536.0,grad,4.728602409362793,-0.3415285348892212
mamba,mamba_max_rho0.02_wd0.1_tiersNone,1002,max,0.02,0.1,final,neurons,units,256,0.16666666666666666,,0.9818034411314296,0.08818800002336502,0.9994484280198566,0.0030644128564745188,0.7432432432432432,0.25675675675675674,5.551115123125783e-17,0.8837414383888245,3.6424686908721924,rulex,gcm_hamming,11323,84963.27723577342,24038.106758532722,2598.333674870237,40.0,8.0,0.0326749373433584,0.74,0.017045762711864407,113319.36804444087,28356.09080866745,39105.168602412195,38493.01577455327,6916.317725004965,4317.984050134728,1536.0,grad,2.9636154174804688,-0.3415285348892212
mamba,mamba_max_rho0.02_wd0.1_tiersNone,1002,max,0.02,0.1,final,neurons,units,512,0.3333333333333333,,0.9819836050806233,0.08913343399763107,0.998437212722927,0.006460363510996103,0.3783783783783784,0.6216216216216216,0.0,2.556990385055542,-1.1100502014160156,rulex,gcm_hamming,11323,84292.20473503918,24703.853568183185,1178.6924246782246,40.0,8.0,0.025157644110275688,0.38,0.017045762711864407,113319.36804444087,29027.16330940169,39115.39567870423,38505.77457243726,5502.00216589673,4323.309741218505,1536.0,grad,1.0618823766708374,-0.35483676195144653
mamba,mamba_max_rho0.02_wd0.1_tiersNone,1002,max,0.02,0.1,final,randunits,units,0,0.0,0.0,0.9789208179443294,0.09837052971124649,0.9994484280198566,0.0019527985714375973,0.9864864864864865,0.009009009009009009,0.004504504504504478,0.06573526561260223,13.127509117126465,rulex,gcm_hamming,11323,85223.96664584723,23407.948329597,3669.484171089739,40.0,8.0,0.040192230576441106,0.98,0.017045762711864407,113319.36804444087,28095.401398593636,39602.97588843629,38981.52618784234,8356.937240086376,4687.453068996637,1536.0,grad,,
mamba,mamba_max_rho0.02_wd0.1_tiersNone,1002,max,0.02,0.1,final,randunits,units,1,0.0006510416666666666,0.0,0.9790108999189262,0.09820285439491272,0.9994484280198566,0.0019332478987053037,0.9864864864864865,0.009009009009009009,0.004504504504504478,0.06587102264165878,13.117850303649902,rulex,gcm_hamming,11323,85239.76602399896,23410.266398640317,3671.247045034358,40.0,8.0,0.040192230576441106,0.98,0.017045762711864407,113319.36804444087,28079.602020441907,39564.50162596032,38943.051924889536,8340.58266683595,4669.3356218015915,1536.0,grad,2.010859251022339,-0.009997605346143246
mamba,mamba_max_rho0.02_wd0.1_tiersNone,1002,max,0.02,0.1,final,randunits,units,2,0.0013020833333333333,0.0,0.9788307359697325,0.09816476702690125,0.9994484280198566,0.0019536889158189297,0.9864864864864865,0.009009009009009009,0.004504504504504478,0.0658816397190094,13.113265991210938,rulex,gcm_hamming,11323,85224.09998308073,23389.697545168452,3667.721297145119,40.0,8.0,0.040192230576441106,0.98,0.017045762711864407,113319.36804444087,28095.268061360133,39605.70526189134,38984.2555627279,8373.2918133368,4705.570516191681,1536.0,grad,0.0005254596471786499,-0.0005312413559295237
mamba,mamba_max_rho0.02_wd0.1_tiersNone,1002,max,0.02,0.1,final,randunits,units,4,0.0026041666666666665,0.0,0.9788307359697325,0.10076766461133957,0.9994484280198566,0.0022503817453980446,0.9864864864864865,0.009009009009009009,0.004504504504504478,0.06570521742105484,13.073589324951172,rulex,gcm_hamming,11323,85226.57750852584,23387.220019723358,3667.721297145119,40.0,8.0,0.040192230576441106,0.98,0.017045762711864407,113319.36804444087,28092.79053591504,39569.30412191674,38947.85442060754,8373.2918133368,4705.570516191681,1536.0,grad,0.08454398065805435,-0.18609803915023804
mamba,mamba_max_rho0.02_wd0.1_tiersNone,1002,max,0.02,0.1,final,randunits,units,8,0.005208333333333333,0.0,0.9790108999189262,0.09928254038095474,0.9994484280198566,0.0016747964546084404,0.9864864864864865,0.009009009009009009,0.004504504504504478,0.06548064202070236,13.205320358276367,rulex,gcm_hamming,11323,85242.69925902816,23407.33316361112,3671.247045034358,40.0,8.0,0.040192230576441106,0.98,0.017045762711864407,113319.36804444087,28076.668785412712,39537.21847051904,38890.495126908274,8340.58266683595,4669.3356218015915,1536.0,grad,-13.758903503417969,-0.0033208229579031467
mamba,mamba_max_rho0.02_wd0.1_tiersNone,1002,max,0.02,0.1,final,randunits,units,16,0.010416666666666666,0.0,0.9797315557157013,0.09886813163757324,0.9994484280198566,0.0018771333852782845,0.9864864864864865,0.009009009009009009,0.004504504504504478,0.06660482287406921,12.959665298461914,rulex,gcm_hamming,11323,85237.90667777491,23557.065322424714,3685.350036591317,40.0,8.0,0.040192230576441106,0.98,0.017045762711864407,113319.36804444087,28081.46136666595,39566.921931450815,38945.39655226991,8209.74608083255,4524.3960442412335,1536.0,grad,-16.008880615234375,-0.17643266916275024
mamba,mamba_max_rho0.02_wd0.1_tiersNone,1002,max,0.02,0.1,final,randunits,units,32,0.020833333333333332,0.0,0.9793712278173138,0.09896634519100189,0.9993564993564994,0.0020464283879846334,0.9864864864864865,0.009009009009009009,0.004504504504504478,0.06431322544813156,12.972311019897461,rulex,gcm_hamming,11323,85250.34444143293,23472.157769986527,3678.298540812838,40.0,8.0,0.040192230576441106,0.98,0.017045762711864407,113319.36804444087,28069.02360300794,39577.17224258706,38955.21930784509,8275.16437383425,4596.865833021412,1536.0,grad,-7.771999359130859,-0.28174519538879395
mamba,mamba_max_rho0.02_wd0.1_tiersNone,1002,max,0.02,0.1,final,randunits,units,64,0.041666666666666664,0.0,0.9785604900459418,0.10022055357694626,0.9993564993564994,0.002043661428615451,0.9819819819819819,0.013513513513513514,0.004504504504504542,0.0691012442111969,12.804397583007812,rulex,gcm_hamming,11323,85206.9567073728,23344.716205952216,3638.3058287217873,40.0,8.0,0.040192230576441106,0.98,0.017045762711864407,113319.36804444087,28112.41133706808,39734.466487830134,39088.019466822596,8406.000959837651,4767.695131115864,1536.0,grad,-12.349705696105957,-0.35483676195144653
mamba,mamba_max_rho0.02_wd0.1_tiersNone,1002,max,0.02,0.1,final,randunits,units,128,0.08333333333333333,0.0,0.9785604900459418,0.10150157660245895,0.9993564993564994,0.002407098188996315,0.9819819819819819,0.013513513513513514,0.004504504504504542,0.06550335884094238,12.459217071533203,rulex,gcm_hamming,11323,85200.12172138545,23351.55119193955,3638.3058287217873,40.0,8.0,0.040192230576441106,0.98,0.017045762711864407,113319.36804444087,28119.246323055413,39669.9202591829,39098.48781532571,8406.000959837651,4767.695131115864,1536.0,grad,-33.59381103515625,-0.3415285348892212
mamba,mamba_max_rho0.02_wd0.1_tiersNone,1002,max,0.02,0.1,final,randunits,units,256,0.16666666666666666,0.0,0.9787406539951355,0.10498738288879395,0.9992645706931421,0.002212146995589137,0.9774774774774775,0.013513513513513514,0.009009009009009,0.07691586017608643,12.34045696258545,rulex,gcm_hamming,11323,85187.76928184254,23382.061479342294,3623.7545300807687,40.0,8.0,0.040192230576441106,0.98,0.017045762711864407,113319.36804444087,28131.598762598325,39853.70296043679,39240.23682624623,8373.2918133368,4749.5372832560315,1536.0,grad,-23.42890167236328,-0.28591829538345337
mamba,mamba_max_rho0.02_wd0.1_tiersNone,1002,max,0.02,0.1,final,randunits,units,512,0.3333333333333333,0.0,0.9743266372398883,0.1190832257270813,0.9989887847030704,0.00475294329226017,0.9684684684684685,0.02252252252252252,0.009009009009009021,0.13322344422340393,11.043014526367188,rulex,gcm_hamming,11323,84957.45287716298,22724.129969352172,3498.6982411639156,40.0,8.0,0.045203759398496246,0.98,0.03399152542372882,113319.36804444087,28361.915167277883,40404.81064338014,39902.64615041539,9136.483439089627,5637.785197925711,1536.0,grad,-26.249568939208984,-0.31673842668533325
mamba,mamba_max_rho0.02_wd0.1_tiersNone,1002,max,0.02,0.1,final,randunits,units,0,0.0,1.0,0.9789208179443294,0.09837052971124649,0.9994484280198566,0.0019527985714375973,0.9864864864864865,0.009009009009009009,0.004504504504504478,0.06573526561260223,13.127509117126465,rulex,gcm_hamming,11323,85223.96664584723,23407.948329597,3669.484171089739,40.0,8.0,0.040192230576441106,0.98,0.017045762711864407,113319.36804444087,28095.401398593636,39602.97588843629,38981.52618784234,8356.937240086376,4687.453068996637,1536.0,grad,,
mamba,mamba_max_rho0.02_wd0.1_tiersNone,1002,max,0.02,0.1,final,randunits,units,1,0.0006510416666666666,1.0,0.9789208179443294,0.09839556366205215,0.9994484280198566,0.0019532539881765842,0.9864864864864865,0.009009009009009009,0.004504504504504478,0.06570862233638763,13.084855079650879,rulex,gcm_hamming,11323,85223.96664584723,23407.948329597,3669.484171089739,40.0,8.0,0.040192230576441106,0.98,0.017045762711864407,113319.36804444087,28095.401398593636,39602.97588843629,38981.52618784234,8356.937240086376,4687.453068996637,1536.0,grad,8.149335861206055,0.13857969641685486
mamba,mamba_max_rho0.02_wd0.1_tiersNone,1002,max,0.02,0.1,final,randunits,units,2,0.0013020833333333333,1.0,0.9792811458427169,0.09868412464857101,0.9994484280198566,0.0019589937292039394,0.9864864864864865,0.009009009009009009,0.004504504504504478,0.0658009797334671,13.114109992980957,rulex,gcm_hamming,11323,85224.29005430831,23480.094709916106,3676.535666868218,40.0,8.0,0.040192230576441106,0.98,0.017045762711864407,113319.36804444087,28095.077990132566,39595.291060393305,38973.769352858515,8291.518947084676,4614.983280216458,1536.0,grad,0.44696366786956787,-0.14895476400852203
mamba,mamba_max_rho0.02_wd0.1_tiersNone,1002,max,0.02,0.1,final,randunits,units,4,0.0026041666666666665,1.0,0.9786505720205387,0.09919606894254684,0.9994484280198566,0.001982219982892275,0.9864864864864865,0.009009009009009009,0.004504504504504478,0.050198379904031754,13.114070892333984,rulex,gcm_hamming,11323,85224.25610629906,23353.306527560035,3664.19554925588,40.0,8.0,0.040192230576441106,0.98,0.017045762711864407,113319.36804444087,28095.111938141807,39596.980887597056,38975.52019590661,8406.000959837651,4741.805410581771,1536.0,grad,-8.83793830871582,-0.10727517306804657
mamba,mamba_max_rho0.02_wd0.1_tiersNone,1002,max,0.02,0.1,final,randunits,units,8,0.005208333333333333,1.0,0.9791009818935231,0.09822508692741394,0.9995403566832138,0.0019327454501762986,0.9864864864864865,0.009009009009009009,0.004504504504504478,0.06397566199302673,13.144516944885254,rulex,gcm_hamming,11323,85234.03941961224,23434.110450222077,3673.009918978978,40.0,8.0,0.040192230576441106,0.98,0.017045762711864407,113319.36804444087,28085.328624828624,39618.35647100732,38996.90709561631,8324.228093585525,4651.218174606547,1536.0,grad,-17.489816665649414,-0.07651209831237793
mamba,mamba_max_rho0.02_wd0.1_tiersNone,1002,max,0.02,0.1,final,randunits,units,16,0.010416666666666666,1.0,0.9791009818935231,0.09883679449558258,0.9996322853465711,0.0018642559880390763,0.9864864864864865,0.009009009009009009,0.004504504504504478,0.064939484000206,13.051705360412598,rulex,gcm_hamming,11323,85229.71679988169,23438.43306995263,3673.009918978978,40.0,8.0,0.040192230576441106,0.98,0.017045762711864407,113319.36804444087,28089.651244559176,39531.845051472636,38920.43608063981,8324.228093585525,4651.218174606547,1536.0,grad,-5.858081817626953,-0.22864894568920135
mamba,mamba_max_rho0.02_wd0.1_tiersNone,1002,max,0.02,0.1,final,randunits,units,32,0.020833333333333332,1.0,0.9792811458427169,0.09883749485015869,0.9994484280198566,0.002145560923963785,0.990990990990991,0.0045045045045045045,0.0045045045045045235,0.06156466156244278,12.970514297485352,rulex,gcm_hamming,11323,85249.64436259304,23462.512674970414,3700.66251345769,40.0,8.0,0.040192230576441106,0.98,0.017045762711864407,113319.36804444087,28069.723681847827,39528.32439894006,38906.86864227578,8307.8735203351,4607.211006877411,1536.0,grad,-7.156390190124512,-0.14390712976455688
mamba,mamba_max_rho0.02_wd0.1_tiersNone,1002,max,0.02,0.1,final,randunits,units,64,0.041666666666666664,1.0,0.9788307359697325,0.10217833518981934,0.9992645706931421,0.001825769548304379,0.9819819819819819,0.013513513513513514,0.004504504504504542,0.06771616637706757,12.846061706542969,rulex,gcm_hamming,11323,85230.44824125896,23375.57701365118,3643.594450555647,40.0,8.0,0.040192230576441106,0.98,0.017045762711864407,113319.36804444087,28088.919803181907,39606.291201298685,38997.35437113568,8356.937240086376,4713.342789530729,1536.0,grad,-14.128031730651855,-0.2437545508146286
mamba,mamba_max_rho0.02_wd0.1_tiersNone,1002,max,0.02,0.1,final,randunits,units,128,0.08333333333333333,1.0,0.9800018016394919,0.0961957573890686,0.9994484280198566,0.0019993376918137074,0.9864864864864865,0.009009009009009009,0.004504504504504478,0.07573392987251282,12.772355079650879,rulex,gcm_hamming,11323,85251.45446578463,23597.869876000143,3690.638658425175,40.0,8.0,0.040192230576441106,0.98,0.017045762711864407,113319.36804444087,28067.913578656244,39505.76118749902,38882.78744549081,8160.682361081274,4470.043702656099,1536.0,grad,-9.678421974182129,-0.35483676195144653
mamba,mamba_max_rho0.02_wd0.1_tiersNone,1002,max,0.02,0.1,final,randunits,units,256,0.16666666666666666,1.0,0.9784704080713449,0.10538039356470108,0.9995403566832138,0.0022405730560421944,0.990990990990991,0.0045045045045045045,0.0045045045045045235,0.07741357386112213,12.502205848693848,rulex,gcm_hamming,11323,85179.66137694444,23369.43863586362,3684.796647956111,40.0,8.0,0.040192230576441106,0.98,0.017045762711864407,113319.36804444087,28139.70666749643,39746.23601311967,39120.14027292058,8455.064679588924,4770.268031632813,1536.0,grad,-33.59381103515625,-0.3415285348892212
mamba,mamba_max_rho0.02_wd0.1_tiersNone,1002,max,0.02,0.1,final,randunits,units,512,0.3333333333333333,1.0,0.9745068011890821,0.11563389748334885,0.9985291413862842,0.005317500792443752,0.963963963963964,0.03153153153153153,0.004504504504504472,0.1537972241640091,10.894857406616211,rulex,gcm_hamming,11323,84898.31417509176,22818.613672163003,3469.6065882969688,40.0,8.0,0.045203759398496246,0.96,0.03399152542372882,113319.36804444087,28421.05386934911,40221.41203421876,39678.202245300265,9072.046785483077,5602.440197186108,1536.0,grad,-26.249568939208984,-0.3059256374835968
mamba,mamba_max_rho0.02_wd0.1_tiersNone,1002,max,0.02,0.1,final,randunits,units,0,0.0,2.0,0.9789208179443294,0.09837052971124649,0.9994484280198566,0.0019527985714375973,0.9864864864864865,0.009009009009009009,0.004504504504504478,0.06573526561260223,13.127509117126465,rulex,gcm_hamming,11323,85223.96664584723,23407.948329597,3669.484171089739,40.0,8.0,0.040192230576441106,0.98,0.017045762711864407,113319.36804444087,28095.401398593636,39602.97588843629,38981.52618784234,8356.937240086376,4687.453068996637,1536.0,grad,,
mamba,mamba_max_rho0.02_wd0.1_tiersNone,1002,max,0.02,0.1,final,randunits,units,1,0.0006510416666666666,2.0,0.9789208179443294,0.09871043264865875,0.9994484280198566,0.0019548882264643908,0.9864864864864865,0.009009009009009009,0.004504504504504478,0.06607629358768463,13.124116897583008,rulex,gcm_hamming,11323,85233.87351080036,23398.041464643877,3669.484171089739,40.0,8.0,0.040192230576441106,0.98,0.017045762711864407,113319.36804444087,28085.494533640514,39593.74959201142,38972.288901036234,8356.937240086376,4687.453068996637,1536.0,grad,-2.9388427734375,0.14955712854862213
mamba,mamba_max_rho0.02_wd0.1_tiersNone,1002,max,0.02,0.1,final,randunits,units,2,0.0013020833333333333,2.0,0.9791009818935231,0.09833208471536636,0.9994484280198566,0.0019501112401485443,0.9864864864864865,0.009009009009009009,0.004504504504504478,0.0637829601764679,13.129729270935059,rulex,gcm_hamming,11323,85235.54292893645,23432.606940897866,3673.009918978978,40.0,8.0,0.040192230576441106,0.98,0.017045762711864407,113319.36804444087,28083.825115504413,39559.94988364503,38938.50018352792,8324.228093585525,4651.218174606547,1536.0,grad,-4.346640586853027,-0.06829806417226791
mamba,mamba_max_rho0.02_wd0.1_tiersNone,1002,max,0.02,0.1,final,randunits,units,4,0.0026041666666666665,2.0,0.9791009818935231,0.09840424358844757,0.9994484280198566,0.0018634047592058778,0.9864864864864865,0.009009009009009009,0.004504504504504478,0.0649428591132164,13.123575210571289,rulex,gcm_hamming,11323,85240.86647424534,23427.28339558898,3673.009918978978,40.0,8.0,0.040192230576441106,0.98,0.017045762711864407,113319.36804444087,28078.501570195527,39561.42201608941,38939.972315018626,8324.228093585525,4651.218174606547,1536.0,grad,-5.590554714202881,-0.06932707875967026
mamba,mamba_max_rho0.02_wd0.1_tiersNone,1002,max,0.02,0.1,final,randunits,units,8,0.005208333333333333,2.0,0.9791009818935231,0.09851862490177155,0.9994484280198566,0.0019518688786774874,0.9864864864864865,0.009009009009009009,0.004504504504504478,0.06347421556711197,13.105774879455566,rulex,gcm_hamming,11323,85237.40134679145,23430.74852304288,3673.009918978978,40.0,8.0,0.040192230576441106,0.98,0.017045762711864407,113319.36804444087,28081.966697649426,39550.33633178994,38928.886630957575,8324.228093585525,4651.218174606547,1536.0,grad,-4.615934371948242,-0.16417694091796875
mamba,mamba_max_rho0.02_wd0.1_tiersNone,1002,max,0.02,0.1,final,randunits,units,16,0.010416666666666666,2.0,0.9789208179443294,0.09916235506534576,0.9995403566832138,0.0019751207437366247,0.9864864864864865,0.009009009009009009,0.004504504504504478,0.05908099189400673,13.070380210876465,rulex,gcm_hamming,11323,85216.49837283877,23415.416602605455,3669.484171089739,40.0,8.0,0.040192230576441106,0.98,0.017045762711864407,113319.36804444087,28102.869671602093,39685.56243128106,39064.101650898905,8356.937240086376,4687.453068996637,1536.0,grad,-8.956085205078125,-0.2258775681257248
mamba,mamba_max_rho0.02_wd0.1_tiersNone,1002,max,0.02,0.1,final,randunits,units,32,0.020833333333333332,2.0,0.9788307359697325,0.09915531426668167,0.9994484280198566,0.0017421632073819637,0.9864864864864865,0.009009009009009009,0.004504504504504478,0.06318138539791107,13.116560935974121,rulex,gcm_hamming,11323,85213.79065846701,23400.00686978218,3667.721297145119,40.0,8.0,0.040192230576441106,0.98,0.017045762711864407,113319.36804444087,28105.577385973862,39600.0205101423,38978.571145718546,8373.2918133368,4705.570516191681,1536.0,grad,-26.249568939208984,-0.24314773082733154
mamba,mamba_max_rho0.02_wd0.1_tiersNone,1002,max,0.02,0.1,final,randunits,units,64,0.041666666666666664,2.0,0.9791910638681199,0.09542926400899887,0.9994484280198566,0.001919523230753839,0.9864864864864865,0.009009009009009009,0.004504504504504478,0.06572864949703217,12.955038070678711,rulex,gcm_hamming,11323,85282.2876543702,23403.97966265916,3674.772792923598,40.0,8.0,0.040192230576441106,0.98,0.017045762711864407,113319.36804444087,28037.080390070663,39530.54102987573,38908.73370129392,8307.8735203351,4633.100727411503,1536.0,grad,-11.378912925720215,-0.35483676195144653
mamba,mamba_max_rho0.02_wd0.1_tiersNone,1002,max,0.02,0.1,final,randunits,units,128,0.08333333333333333,2.0,0.9787406539951355,0.10335514694452286,0.9993564993564994,0.0029094696510583162,0.9864864864864865,0.0045045045045045045,0.009009009009008983,0.0602802038192749,12.601949691772461,rulex,gcm_hamming,11323,85211.71566121721,23373.659646645723,3672.008223259714,40.0,8.0,0.040192230576441106,0.98,0.017045762711864407,113319.36804444087,28107.65238322366,39675.157303040476,39085.582110589,8406.000959837651,4733.992736577937,1536.0,grad,-12.904438018798828,-0.3252868950366974
mamba,mamba_max_rho0.02_wd0.1_tiersNone,1002,max,0.02,0.1,final,randunits,units,256,0.16666666666666666,2.0,0.9779299162237636,0.10335052758455276,0.9996322853465711,0.0014554031658917665,0.9864864864864865,0.009009009009009009,0.004504504504504478,0.0751260295510292,12.148428916931152,rulex,gcm_hamming,11323,85190.03730538918,23242.58575090956,3650.092557698921,40.0,8.0,0.040192230576441106,0.98,0.017045762711864407,113319.36804444087,28129.330739051686,39677.365972226115,39072.09298831746,8536.83754584105,4886.744988142129,1536.0,grad,-14.220115661621094,-0.2946019172668457
mamba,mamba_max_rho0.02_wd0.1_tiersNone,1002,max,0.02,0.1,final,randunits,units,512,0.3333333333333333,2.0,0.976848932528601,0.10758306831121445,0.9992645706931421,0.002934196498245001,0.963963963963964,0.02702702702702703,0.009009009009008973,0.12602928280830383,10.344430923461914,rulex,gcm_hamming,11323,84970.72947825427,23195.318071817477,3513.4702891327097,40.0,8.0,0.04269799498746867,0.98,0.017045762711864407,113319.36804444087,28348.638566186593,39991.99947900102,39352.070162837954,8666.790783501825,5153.320494369115,1536.0,grad,-33.59381103515625,-0.35483676195144653
mamba,mamba_max_rho0_wd0.1_tiersNone,1000,max,0.0,0.1,final,none,-,0,0.0,,0.9849563102423206,0.06196458265185356,0.9992792792792793,0.0021907505579292774,,,,,,rule,gcm_hamming,11101,83886.90626126647,23799.120753103412,-11.78320106237743,40.0,8.0,0.015134586466165414,0.0,0.017045762711864407,111097.61588460108,27210.709623334616,37335.415392980925,36693.40157269036,3411.588870231205,3423.3720712935824,,,,
mamba,mamba_max_rho0_wd0.1_tiersNone,1001,max,0.0,0.1,final,none,-,0,0.0,,0.9856769660390956,0.06781171262264252,0.9993693693693694,0.0022289955522865057,,,,,,rule,gcm_hamming,11101,83865.33271289898,23967.56745047392,-13.716772505036715,40.0,8.0,0.015134586466165414,0.0,0.017045762711864407,111097.61588460108,27232.283171702107,37309.885502205245,36665.79508863484,3264.7157212281872,3278.432493733224,,,,
mamba,mamba_max_rho0_wd0.1_tiersNone,1002,max,0.0,0.1,final,none,-,0,0.0,,0.9859472119628863,0.06238365173339844,0.9992792792792793,0.0032174179796129465,,,,,,rule,gcm_hamming,11101,83799.37240375105,24088.605190497972,-14.441861796034118,40.0,8.0,0.015134586466165414,0.0,0.017045762711864407,111097.61588460108,27298.24348085003,37381.83713446652,36737.58906279599,3209.6382903520557,3224.08015214809,,,,
transformer,transformer_max_rho0.02_wd0.1_tiersNone,1000,max,0.02,0.1,final,none,-,0,0.0,,0.9821637690298172,0.07684773206710815,0.9990807133664277,0.005057730246335268,0.8828828828828829,0.10810810810810811,0.009009009009009028,0.49156567454338074,4.756687641143799,rulex,gcm_hamming,11323,84532.10522351091,24606.623405488273,3220.190182029869,40.0,8.0,0.035180701754385965,0.9,0.017045762711864407,113319.36804444087,28787.26282092996,40596.51666385457,40030.25325233266,7400.829597471554,4180.639415441685,,,,
transformer,transformer_max_rho0.02_wd0.1_tiersNone,1000,max,0.02,0.1,final,neurons,units,0,0.0,,0.9821637690298172,0.07684773206710815,0.9990807133664277,0.005057730246335268,0.8828828828828829,0.10810810810810811,0.009009009009009028,0.49156567454338074,4.756687641143799,rulex,gcm_hamming,11323,84532.10522351091,24606.623405488273,3220.190182029869,40.0,8.0,0.035180701754385965,0.9,0.017045762711864407,113319.36804444087,28787.26282092996,40596.51666385457,40030.25325233266,7400.829597471554,4180.639415441685,1536.0,grad,,
transformer,transformer_max_rho0.02_wd0.1_tiersNone,1000,max,0.02,0.1,final,neurons,units,1,0.0006510416666666666,,0.982253851004414,0.07621168345212936,0.9990807133664277,0.005051692947745323,0.8873873873873874,0.1036036036036036,0.009009009009008973,0.4917760193347931,4.726008415222168,rulex,gcm_hamming,11323,84545.11333604687,24616.125121572808,3242.700010650361,40.0,8.0,0.035180701754385965,0.9,0.017045762711864407,113319.36804444087,28774.254708394,40563.201589172335,39990.12254864499,7400.829597471554,4158.129586821193,1536.0,grad,6.2620415687561035,0.14530429244041443
transformer,transformer_max_rho0.02_wd0.1_tiersNone,1000,max,0.02,0.1,final,neurons,units,2,0.0013020833333333333,,0.9821637690298172,0.0758124366402626,0.9990807133664277,0.005031993146985769,0.8828828828828829,0.10810810810810811,0.009009009009009028,0.49280574917793274,4.701486587524414,rulex,gcm_hamming,11323,84536.45820077526,24602.27042822392,3220.190182029869,40.0,8.0,0.035180701754385965,0.9,0.017045762711864407,113319.36804444087,28782.909843665606,40561.75702363774,39988.6779831104,7400.829597471554,4180.639415441685,1536.0,grad,5.091631889343262,0.14530429244041443
transformer,transformer_max_rho0.02_wd0.1_tiersNone,1000,max,0.02,0.1,final,neurons,units,4,0.0026041666666666665,,0.9824340149536078,0.07536059617996216,0.9990807133664277,0.0050147720612585545,0.8873873873873874,0.1036036036036036,0.009009009009008973,0.4945114552974701,4.660891056060791,rulex,gcm_hamming,11323,84564.90110307073,24632.572248939025,3245.6723684843437,40.0,8.0,0.035180701754385965,0.9,0.017045762711864407,113319.36804444087,28754.466941370127,40504.796971624346,39931.717930620165,7367.567060915447,4121.894692431103,1536.0,grad,3.889051914215088,-0.16218188405036926
transformer,transformer_max_rho0.02_wd0.1_tiersNone,1000,max,0.02,0.1,final,neurons,units,8,0.005208333333333333,,0.9826141789028016,0.07440744340419769,0.9990807133664277,0.004942986182868481,0.8873873873873874,0.1036036036036036,0.009009009009008973,0.49912506341934204,4.594799518585205,rulex,gcm_hamming,11323,84586.73384186276,24646.974404537097,3248.644726318326,40.0,8.0,0.035180701754385965,0.9,0.017045762711864407,113319.36804444087,28732.634202578112,40528.33780581281,39962.07439405248,7334.30452435934,4085.659798041014,1536.0,grad,3.183159828186035,-0.16218188405036926
transformer,transformer_max_rho0.02_wd0.1_tiersNone,1000,max,0.02,0.1,final,neurons,units,16,0.010416666666666666,,0.9826141789028016,0.07340262085199356,0.9991726420297848,0.0049446746706962585,0.8783783783783784,0.11261261261261261,0.009009009009008986,0.507286787033081,4.483638763427734,rulex,gcm_hamming,11323,84574.2948989458,24650.971706315504,3206.9405486236633,40.0,8.0,0.035180701754385965,0.88,0.017045762711864407,113319.36804444087,28745.073145495073,40495.86292058751,39922.82947952077,7301.041987803232,4094.1014391795684,1536.0,grad,2.6006898880004883,-0.16218188405036926
transformer,transformer_max_rho0.02_wd0.1_tiersNone,1000,max,0.02,0.1,final,neurons,units,32,0.020833333333333332,,0.982974506801189,0.07157677412033081,0.9991726420297848,0.004804435186088085,0.8783783783783784,0.11261261261261261,0.009009009009008986,0.5272339582443237,4.289629936218262,rulex,gcm_hamming,11323,84615.7987920917,24681.937601949787,3212.8852642916277,40.0,8.0,0.035180701754385965,0.88,0.017045762711864407,113319.36804444087,28703.569252349174,40402.201196735354,39818.19460982606,7234.516914691017,4021.631650399389,1536.0,grad,2.2552666664123535,-0.16218188405036926
transformer,transformer_max_rho0.02_wd0.1_tiersNone,1000,max,0.02,0.1,final,neurons,units,64,0.041666666666666664,,0.9828844248265922,0.06858380138874054,0.9991726420297848,0.004621483385562897,0.8693693693693694,0.12162162162162163,0.009009009009009,0.5524242520332336,3.9567925930023193,rulex,gcm_hamming,11323,84596.61005581771,24675.04251900103,3170.170176790842,40.0,8.0,0.035180701754385965,0.88,0.017045762711864407,113319.36804444087,28722.75798862315,40401.982565706225,39818.45001143739,7217.885646412963,4047.715469622121,1536.0,grad,1.8383243083953857,-0.19834759831428528
transformer,transformer_max_rho0.02_wd0.1_tiersNone,1000,max,0.02,0.1,final,neurons,units,128,0.08333333333333333,,0.9834249166741735,0.06337884068489075,0.9992645706931421,0.00444664154201746,0.8468468468468469,0.14414414414414414,0.009009009009009,0.6106922626495361,3.4021031856536865,rulex,gcm_hamming,11323,84642.39647878372,24719.258730658814,3076.0942793028776,40.0,8.0,0.0326749373433584,0.86,0.017045762711864407,113319.36804444087,28676.971565657142,40300.68480378911,39717.07500714585,7033.807114301208,3957.71283499833,1536.0,grad,1.4716465473175049,-0.26168543100357056
transformer,transformer_max_rho0.02_wd0.1_tiersNone,1000,max,0.02,0.1,final,neurons,units,256,0.16666666666666666,,0.984505900369336,0.05759257823228836,0.9994484280198566,0.004450789652764797,0.7972972972972973,0.19369369369369369,0.009009009009009056,0.7415609955787659,2.484463691711426,rulex,gcm_hamming,11323,84683.64044400016,24860.557747477746,2872.234581787275,40.0,8.0,0.030169172932330828,0.8,0.017045762711864407,113319.36804444087,28635.727600440703,40114.36544400975,39530.8197848253,6647.404434750234,3775.169852962959,1536.0,grad,1.0067806243896484,-0.26168543100357056
transformer,transformer_max_rho0.02_wd0.1_tiersNone,1000,max,0.02,0.1,final,neurons,units,512,0.3333333333333333,,0.9855868840644987,0.052741654217243195,0.9993564993564994,0.0055009848438203335,0.6801801801801802,0.2972972972972973,0.02252252252252246,1.043341875076294,1.27974271774292,rulex,gcm_hamming,11323,84658.07265322006,24999.947375175256,2391.23327997598,40.0,8.0,0.027663408521303258,0.7000000000000001,0.017045762711864407,113319.36804444087,28661.295391220796,39781.63716561124,39180.191137378664,6052.58129602152,3661.3480160455397,1536.0,grad,0.5061144828796387,-0.2764485776424408
transformer,transformer_max_rho0.02_wd0.1_tiersNone,1000,max,0.02,0.1,final,randunits,units,0,0.0,0.0,0.9821637690298172,0.07684773206710815,0.9990807133664277,0.005057730246335268,0.8828828828828829,0.10810810810810811,0.009009009009009028,0.49156567454338074,4.756687641143799,rulex,gcm_hamming,11323,84532.10522351091,24606.623405488273,3220.190182029869,40.0,8.0,0.035180701754385965,0.9,0.017045762711864407,113319.36804444087,28787.26282092996,40596.51666385457,40030.25325233266,7400.829597471554,4180.639415441685,1536.0,grad,,
transformer,transformer_max_rho0.02_wd0.1_tiersNone,1000,max,0.02,0.1,final,randunits,units,1,0.0006510416666666666,0.0,0.9821637690298172,0.07685856521129608,0.9990807133664277,0.005060269962996244,0.8828828828828829,0.10810810810810811,0.009009009009009028,0.49178409576416016,4.753119945526123,rulex,gcm_hamming,11323,84532.10522351091,24606.623405488273,3220.190182029869,40.0,8.0,0.035180701754385965,0.9,0.017045762711864407,113319.36804444087,28787.26282092996,40596.51666385457,40030.25325233266,7400.829597471554,4180.639415441685,1536.0,grad,0.7597853541374207,-0.06942244619131088
transformer,transformer_max_rho0.02_wd0.1_tiersNone,1000,max,0.02,0.1,final,randunits,units,2,0.0013020833333333333,0.0,0.9823439329790109,0.07671574503183365,0.9991726420297848,0.005032057873904705,0.8828828828828829,0.10810810810810811,0.009009009009009028,0.4909072816371918,4.750711441040039,rulex,gcm_hamming,11323,84530.94246939839,24644.021053990884,3223.1625398638516,40.0,8.0,0.035180701754385965,0.9,0.017045762711864407,113319.36804444087,28788.425575042478,40594.05306679532,40027.78965527341,7367.567060915447,4144.404521051595,1536.0,grad,-0.1616414487361908,-0.02088065631687641
transformer,transformer_max_rho0.02_wd0.1_tiersNone,1000,max,0.02,0.1,final,randunits,units,4,0.0026041666666666665,0.0,0.9821637690298172,0.07667707651853561,0.9990807133664277,0.005068937782198191,0.8828828828828829,0.10810810810810811,0.009009009009009028,0.4929540753364563,4.7423906326293945,rulex,gcm_hamming,11323,84532.10522351091,24606.623405488273,3220.190182029869,40.0,8.0,0.035180701754385965,0.9,0.017045762711864407,113319.36804444087,28787.26282092996,40596.51666385457,40030.25325233266,7400.829597471554,4180.639415441685,1536.0,grad,-0.01665371097624302,-0.0940960943698883
transformer,transformer_max_rho0.02_wd0.1_tiersNone,1000,max,0.02,0.1,final,randunits,units,8,0.005208333333333333,0.0,0.9819836050806233,0.07706202566623688,0.9990807133664277,0.005092627368867397,0.8828828828828829,0.10810810810810811,0.009009009009009028,0.49038195610046387,4.767130374908447,rulex,gcm_hamming,11323,84533.01027220364,24569.483462405453,3217.2178241958864,40.0,8.0,0.035180701754385965,0.9,0.017045762711864407,113319.36804444087,28786.35777223723,40583.94726211354,40017.68385059163,7434.092134027661,4216.874309831775,1536.0,grad,-3.6529111862182617,-0.08524500578641891
transformer,transformer_max_rho0.02_wd0.1_tiersNone,1000,max,0.02,0.1,final,randunits,units,16,0.010416666666666666,0.0,0.9823439329790109,0.07643796503543854,0.9990807133664277,0.00498995091766119,0.8828828828828829,0.10810810810810811,0.009009009009009028,0.4954244792461395,4.723098278045654,rulex,gcm_hamming,11323,84547.7217261821,24627.24179720717,3223.1625398638516,40.0,8.0,0.035180701754385965,0.9,0.017045762711864407,113319.36804444087,28771.646318258765,40587.912170713396,40021.71338588521,7367.567060915447,4144.404521051595,1536.0,grad,-4.39619255065918,-0.24293965101242065
transformer,transformer_max_rho0.02_wd0.1_tiersNone,1000,max,0.02,0.1,final,randunits,units,32,0.020833333333333332,0.0,0.982253851004414,0.07667353749275208,0.9990807133664277,0.005021993070840836,0.8828828828828829,0.10810810810810811,0.009009009009009028,0.4934493601322174,4.732271194458008,rulex,gcm_hamming,11323,84516.71341758547,24640.13265860875,3221.67636094686,40.0,8.0,0.035180701754385965,0.9,0.017045762711864407,113319.36804444087,28802.65462685539,40595.13094169423,40025.123262708636,7384.1983291935,4162.52196824664,1536.0,grad,-1.9987761974334717,-0.12941189110279083
transformer,transformer_max_rho0.02_wd0.1_tiersNone,1000,max,0.02,0.1,final,randunits,units,64,0.041666666666666664,0.0,0.9821637690298172,0.07713174819946289,0.9988968560397132,0.005028664134442806,0.8828828828828829,0.10810810810810811,0.009009009009009028,0.49055954813957214,4.696217060089111,rulex,gcm_hamming,11323,84532.81803397098,24605.91059502821,3220.190182029869,40.0,8.0,0.035180701754385965,0.9,0.017045762711864407,113319.36804444087,28786.550010469895,40630.94559485242,40053.769330924006,7400.829597471554,4180.639415441685,1536.0,grad,-3.377377510070801,-0.19834759831428528
transformer,transformer_max_rho0.02_wd0.1_tiersNone,1000,max,0.02,0.1,final,randunits,units,128,0.08333333333333333,0.0,0.9818935231060265,0.07703012973070145,0.9989887847030704,0.00513315899297595,0.8828828828828829,0.10810810810810811,0.009009009009009028,0.500576376914978,4.654552459716797,rulex,gcm_hamming,11323,84501.45414467638,24582.922142737672,3215.7316452788946,40.0,8.0,0.035180701754385965,0.9,0.017045762711864407,113319.36804444087,28817.91389976449,40691.060771053286,40136.88052303121,7450.723402305714,4234.99175702682,1536.0,grad,-6.483551025390625,-0.15748272836208344
transformer,transformer_max_rho0.02_wd0.1_tiersNone,1000,max,0.02,0.1,final,randunits,units,256,0.16666666666666666,0.0,0.9820736870552202,0.07608744502067566,0.9992645706931421,0.004718824755400419,0.8918918918918919,0.0990990990990991,0.009009009009009014,0.4805627465248108,4.642991542816162,rulex,gcm_hamming,11323,84515.46781090899,24613.928133746045,3260.7513025198787,40.0,8.0,0.035180701754385965,0.9,0.017045762711864407,113319.36804444087,28803.90023353188,40657.951231782885,40106.38052183911,7450.723402305714,4189.972099785836,1536.0,grad,-5.010016918182373,-0.26069575548171997
transformer,transformer_max_rho0.02_wd0.1_tiersNone,1000,max,0.02,0.1,final,randunits,units,512,0.3333333333333333,0.0,0.9816232771822359,0.0749208852648735,0.9994484280198566,0.0058142696507275105,0.8828828828828829,0.10810810810810811,0.009009009009009028,0.49349164962768555,4.379494667053223,rulex,gcm_hamming,11323,84515.16178706176,24514.86215876715,3211.273108527922,40.0,8.0,0.035180701754385965,0.9,0.017045762711864407,113319.36804444087,28804.206257379104,40741.288776939364,40190.566855614634,7500.617207139876,4289.344098611954,1536.0,grad,-6.085172653198242,-0.26168543100357056
transformer,transformer_max_rho0.02_wd0.1_tiersNone,1000,max,0.02,0.1,final,randunits,units,0,0.0,1.0,0.9821637690298172,0.07684773206710815,0.9990807133664277,0.005057730246335268,0.8828828828828829,0.10810810810810811,0.009009009009009028,0.49156567454338074,4.756687641143799,rulex,gcm_hamming,11323,84532.10522351091,24606.623405488273,3220.190182029869,40.0,8.0,0.035180701754385965,0.9,0.017045762711864407,113319.36804444087,28787.26282092996,40596.51666385457,40030.25325233266,7400.829597471554,4180.639415441685,1536.0,grad,,
transformer,transformer_max_rho0.02_wd0.1_tiersNone,1000,max,0.02,0.1,final,randunits,units,1,0.0006510416666666666,1.0,0.982253851004414,0.07664906233549118,0.9990807133664277,0.00504972692579031,0.8828828828828829,0.10810810810810811,0.009009009009009028,0.4928731918334961,4.745889186859131,rulex,gcm_hamming,11323,84538.17405066398,24618.672025530257,3221.67636094686,40.0,8.0,0.035180701754385965,0.9,0.017045762711864407,113319.36804444087,28781.1939937769,40591.63528734967,40025.37187606618,7384.1983291935,4162.52196824664,1536.0,grad,2.2552666664123535,-0.04343361034989357
transformer,transformer_max_rho0.02_wd0.1_tiersNone,1000,max,0.02,0.1,final,randunits,units,2,0.0013020833333333333,1.0,0.982253851004414,0.07679818570613861,0.9990807133664277,0.005053299944847822,0.8828828828828829,0.10810810810810811,0.009009009009009028,0.49148833751678467,4.751742362976074,rulex,gcm_hamming,11323,84539.64088131313,24617.205194881106,3221.67636094686,40.0,8.0,0.035180701754385965,0.9,0.017045762711864407,113319.36804444087,28779.727163127747,40574.845267837496,40008.581856315584,7384.1983291935,4162.52196824664,1536.0,grad,0.26233428716659546,-0.10183749347925186
transformer,transformer_max_rho0.02_wd0.1_tiersNone,1000,max,0.02,0.1,final,randunits,units,4,0.0026041666666666665,1.0,0.982253851004414,0.07664497941732407,0.9990807133664277,0.00501536950469017,0.8828828828828829,0.10810810810810811,0.009009009009009028,0.49244606494903564,4.753899574279785,rulex,gcm_hamming,11323,84536.22266732907,24620.623408865147,3221.67636094686,40.0,8.0,0.035180701754385965,0.9,0.017045762711864407,113319.36804444087,28783.14537711179,40562.24253875539,39989.163498228045,7384.1983291935,4162.52196824664,1536.0,grad,-2.260808229446411,-0.1436205953359604
transformer,transformer_max_rho0.02_wd0.1_tiersNone,1000,max,0.02,0.1,final,randunits,units,8,0.005208333333333333,1.0,0.9820736870552202,0.07710056006908417,0.9991726420297848,0.0050401524640619755,0.8918918918918919,0.0990990990990991,0.009009009009009014,0.4852832555770874,4.774366855621338,rulex,gcm_hamming,11323,84541.92501940244,24587.470925252605,3260.7513025198787,40.0,8.0,0.035180701754385965,0.9,0.017045762711864407,113319.36804444087,28777.44302503844,40576.78587991521,40006.714054649325,7450.723402305714,4189.972099785836,1536.0,grad,-4.483404159545898,-0.08218231052160263
transformer,transformer_max_rho0.02_wd0.1_tiersNone,1000,max,0.02,0.1,final,randunits,units,16,0.010416666666666666,1.0,0.982253851004414,0.07640030235052109,0.9990807133664277,0.005080838222056627,0.8783783783783784,0.11261261261261261,0.009009009009008986,0.493990957736969,4.738122463226318,rulex,gcm_hamming,11323,84517.19257732783,24635.60423915328,3200.9958329556994,40.0,8.0,0.035180701754385965,0.88,0.017045762711864407,113319.36804444087,28802.175467113026,40619.59058934972,40053.32717782781,7367.567060915447,4166.571227959747,1536.0,grad,-1.6951098442077637,-0.11691491305828094
transformer,transformer_max_rho0.02_wd0.1_tiersNone,1000,max,0.02,0.1,final,randunits,units,32,0.020833333333333332,1.0,0.9820736870552202,0.07689590752124786,0.9989887847030704,0.005169322248548269,0.8783783783783784,0.11261261261261261,0.009009009009008986,0.49605339765548706,4.708667755126953,rulex,gcm_hamming,11323,84512.89121827754,24603.670703813485,3198.0234751217167,40.0,8.0,0.035180701754385965,0.88,0.017045762711864407,113319.36804444087,28806.47682616332,40613.6386755161,40050.42717582509,7400.829597471554,4202.806122349837,1536.0,grad,-1.857436180114746,-0.16701823472976685
transformer,transformer_max_rho0.02_wd0.1_tiersNone,1000,max,0.02,0.1,final,randunits,units,64,0.041666666666666664,1.0,0.9814431132330421,0.07702858000993729,0.9991726420297848,0.005026375409215689,0.8873873873873874,0.1036036036036036,0.009009009009008973,0.47937822341918945,4.7403788566589355,rulex,gcm_hamming,11323,84511.11696911592,24487.064463748357,3229.3244003974414,40.0,8.0,0.035180701754385965,0.9,0.017045762711864407,113319.36804444087,28808.25107532495,40634.98137695119,40071.78980762288,7550.5110119740375,4321.186611576596,1536.0,grad,-3.7714130878448486,-0.26168543100357056
transformer,transformer_max_rho0.02_wd0.1_tiersNone,1000,max,0.02,0.1,final,randunits,units,128,0.08333333333333333,1.0,0.9820736870552202,0.07777001708745956,0.9989887847030704,0.005217712372541428,0.8873873873873874,0.1036036036036036,0.009009009009008973,0.48765772581100464,4.705074310302734,rulex,gcm_hamming,11323,84546.65703400451,24578.346529225062,3239.7276528163784,40.0,8.0,0.035180701754385965,0.9,0.017045762711864407,113319.36804444087,28772.711010436346,40705.90169698522,40132.51356536672,7434.092134027661,4194.3644812112825,1536.0,grad,-2.5224592685699463,-0.23107817769050598
transformer,transformer_max_rho0.02_wd0.1_tiersNone,1000,max,0.02,0.1,final,randunits,units,256,0.16666666666666666,1.0,0.9811728673092515,0.07930075377225876,0.9990807133664277,0.005463857669383287,0.8873873873873874,0.1036036036036036,0.009009009009008973,0.4755775034427643,4.725564956665039,rulex,gcm_hamming,11323,84484.16603563307,24459.663055646062,3224.865863646468,40.0,8.0,0.035180701754385965,0.9,0.017045762711864407,113319.36804444087,28835.20200880779,40780.810712640734,40250.3441681318,7600.404816808198,4375.53895316173,1536.0,grad,-6.483551025390625,-0.2014937698841095
transformer,transformer_max_rho0.02_wd0.1_tiersNone,1000,max,0.02,0.1,final,randunits,units,512,0.3333333333333333,1.0,0.9814431132330421,0.07590500265359879,0.9989887847030704,0.006070128176361322,0.8963963963963963,0.0945945945945946,0.009009009009009056,0.46830862760543823,4.334035396575928,rulex,gcm_hamming,11323,84529.80837669292,24477.157819022243,3271.371699804443,40.0,8.0,0.035180701754385965,0.9,0.017045762711864407,113319.36804444087,28789.559667747944,40694.864274089785,40155.16419584081,7583.773548530145,4312.401848725702,1536.0,grad,-6.085172653198242,-0.2615084946155548
transformer,transformer_max_rho0.02_wd0.1_tiersNone,1000,max,0.02,0.1,final,randunits,units,0,0.0,2.0,0.9821637690298172,0.07684773206710815,0.9990807133664277,0.005057730246335268,0.8828828828828829,0.10810810810810811,0.009009009009009028,0.49156567454338074,4.756687641143799,rulex,gcm_hamming,11323,84532.10522351091,24606.623405488273,3220.190182029869,40.0,8.0,0.035180701754385965,0.9,0.017045762711864407,113319.36804444087,28787.26282092996,40596.51666385457,40030.25325233266,7400.829597471554,4180.639415441685,1536.0,grad,,
transformer,transformer_max_rho0.02_wd0.1_tiersNone,1000,max,0.02,0.1,final,randunits,units,1,0.0006510416666666666,2.0,0.982253851004414,0.0768970251083374,0.9990807133664277,0.0050314259715378284,0.8873873873873874,0.1036036036036036,0.009009009009008973,0.49116015434265137,4.761499881744385,rulex,gcm_hamming,11323,84545.13003204262,24616.108425577044,3242.700010650361,40.0,8.0,0.035180701754385965,0.9,0.017045762711864407,113319.36804444087,28774.238012398237,40586.556457107516,40020.293045585604,7400.829597471554,4158.129586821193,1536.0,grad,-0.9242390394210815,-0.019936244934797287
transformer,transformer_max_rho0.02_wd0.1_tiersNone,1000,max,0.02,0.1,final,randunits,units,2,0.0013020833333333333,2.0,0.9821637690298172,0.07696815580129623,0.9990807133664277,0.0050292303785681725,0.8828828828828829,0.10810810810810811,0.009009009009009028,0.49217507243156433,4.757724285125732,rulex,gcm_hamming,11323,84535.93336502269,24602.79526397649,3220.190182029869,40.0,8.0,0.035180701754385965,0.9,0.017045762711864407,113319.36804444087,28783.434679418177,40590.53497225568,40019.97305113599,7400.829597471554,4180.639415441685,1536.0,grad,-1.223574161529541,0.01588437333703041
transformer,transformer_max_rho0.02_wd0.1_tiersNone,1000,max,0.02,0.1,final,randunits,units,4,0.0026041666666666665,2.0,0.9824340149536078,0.0767466127872467,0.9990807133664277,0.005052345804870129,0.8873873873873874,0.1036036036036036,0.009009009009008973,0.49020782113075256,4.758623123168945,rulex,gcm_hamming,11323,84556.783133663,24640.69021834676,3245.6723684843437,40.0,8.0,0.035180701754385965,0.9,0.017045762711864407,113319.36804444087,28762.584910777863,40530.61093599126,39957.531895463915,7367.567060915447,4121.894692431103,1536.0,grad,-1.5636770725250244,-0.042344752699136734
transformer,transformer_max_rho0.02_wd0.1_tiersNone,1000,max,0.02,0.1,final,randunits,units,8,0.005208333333333333,2.0,0.9821637690298172,0.07713979482650757,0.9989887847030704,0.005092452745884657,0.8873873873873874,0.1036036036036036,0.009009009009008973,0.4907400906085968,4.763539791107178,rulex,gcm_hamming,11323,84540.9958922287,24602.125118195927,3241.213831733371,40.0,8.0,0.035180701754385965,0.9,0.017045762711864407,113319.36804444087,28778.372152212163,40597.47571427152,40031.212302749605,7417.460865749608,4176.247034016237,1536.0,grad,-1.305442452430725,-0.1557646542787552
transformer,transformer_max_rho0.02_wd0.1_tiersNone,1000,max,0.02,0.1,final,randunits,units,16,0.010416666666666666,2.0,0.9825240969282046,0.07629209756851196,0.9989887847030704,0.0051103211008012295,0.8828828828828829,0.10810810810810811,0.009009009009009028,0.4967917799949646,4.707651615142822,rulex,gcm_hamming,11323,84544.12587293531,24667.07254484405,3226.1348976978343,40.0,8.0,0.035180701754385965,0.9,0.017045762711864407,113319.36804444087,28775.242171505553,40519.072939460726,39949.00063568875,7334.30452435934,4108.169626661505,1536.0,grad,-2.26871395111084,-0.1214369684457779
transformer,transformer_max_rho0.02_wd0.1_tiersNone,1000,max,0.02,0.1,final,randunits,units,32,0.020833333333333332,2.0,0.9821637690298172,0.07636772096157074,0.9990807133664277,0.0050025577656924725,0.8828828828828829,0.10810810810810811,0.009009009009009028,0.4940727949142456,4.72386360168457,rulex,gcm_hamming,11323,84508.74603348481,24629.982595514364,3220.190182029869,40.0,8.0,0.035180701754385965,0.9,0.017045762711864407,113319.36804444087,28810.62201095605,40657.713126724215,40113.161291664095,7400.829597471554,4180.639415441685,1536.0,grad,-6.085172653198242,-0.17721518874168396
transformer,transformer_max_rho0.02_wd0.1_tiersNone,1000,max,0.02,0.1,final,randunits,units,64,0.041666666666666664,2.0,0.9820736870552202,0.07671775668859482,0.9991726420297848,0.005076996050775051,0.8918918918918919,0.0990990990990991,0.009009009009009014,0.48584628105163574,4.759966850280762,rulex,gcm_hamming,11323,84545.35154226176,24584.04440239327,3260.7513025198787,40.0,8.0,0.035180701754385965,0.9,0.017045762711864407,113319.36804444087,28774.016502179104,40602.193681066485,40035.92979175374,7450.723402305714,4189.972099785836,1536.0,grad,-2.995285749435425,-0.2356402426958084
transformer,transformer_max_rho0.02_wd0.1_tiersNone,1000,max,0.02,0.1,final,randunits,units,128,0.08333333333333333,2.0,0.9820736870552202,0.07649843394756317,0.9990807133664277,0.005151936784386635,0.8738738738738738,0.11711711711711711,0.009009009009009056,0.4888365566730499,4.690579414367676,rulex,gcm_hamming,11323,84491.95174161287,24620.626994464314,3177.4090208298194,40.0,8.0,0.035180701754385965,0.88,0.017045762711864407,113319.36804444087,28827.416302827995,40639.88192540929,40065.77676004693,7384.1983291935,4206.789308363681,1536.0,grad,-3.537900447845459,-0.17046202719211578
transformer,transformer_max_rho0.02_wd0.1_tiersNone,1000,max,0.02,0.1,final,randunits,units,256,0.16666666666666666,2.0,0.9826141789028016,0.07617763429880142,0.9989887847030704,0.005199335049837828,0.8738738738738738,0.11711711711711711,0.009009009009009056,0.4944705367088318,4.583690643310547,rulex,gcm_hamming,11323,84514.6418749698,24706.641544277645,3186.3260943317664,40.0,8.0,0.035180701754385965,0.88,0.017045762711864407,113319.36804444087,28804.726169471058,40500.57737738416,39963.77656871602,7284.410719525178,4098.084625193412,1536.0,grad,-3.897894859313965,-0.22964231669902802
transformer,transformer_max_rho0.02_wd0.1_tiersNone,1000,max,0.02,0.1,final,randunits,units,512,0.3333333333333333,2.0,0.982253851004414,0.07465343922376633,0.9991726420297848,0.005449360236525536,0.8738738738738738,0.11711711711711711,0.009009009009009056,0.5058683156967163,4.191280841827393,rulex,gcm_hamming,11323,84540.20849520092,24608.605135266364,3180.381378663802,40.0,8.0,0.035180701754385965,0.88,0.017045762711864407,113319.36804444087,28779.159549239954,40554.96909457967,40004.67291588113,7350.935792637393,4170.554413973591,1536.0,grad,-6.483551025390625,-0.2764485776424408
transformer,transformer_max_rho0.02_wd0.1_tiersNone,1001,max,0.02,0.1,final,none,-,0,0.0,,0.9813530312584452,0.08050424605607986,0.998804927376356,0.005426507443189621,0.8603603603603603,0.13513513513513514,0.004504504504504514,0.4552209675312042,4.895572662353516,rulex,gcm_hamming,11323,84391.00828404183,24579.019856470368,3101.3834983770557,40.0,8.0,0.035180701754385965,0.86,0.017045762711864407,113319.36804444087,28928.359760399027,40533.64606565759,39980.98143190667,7450.723402305714,4349.339903928659,,,,
transformer,transformer_max_rho0.02_wd0.1_tiersNone,1001,max,0.02,0.1,final,neurons,units,0,0.0,,0.9813530312584452,0.08050424605607986,0.998804927376356,0.005426507443189621,0.8603603603603603,0.13513513513513514,0.004504504504504514,0.4552209675312042,4.895572662353516,rulex,gcm_hamming,11323,84391.00828404183,24579.019856470368,3101.3834983770557,40.0,8.0,0.035180701754385965,0.86,0.017045762711864407,113319.36804444087,28928.359760399027,40533.64606565759,39980.98143190667,7450.723402305714,4349.339903928659,1536.0,grad,,
transformer,transformer_max_rho0.02_wd0.1_tiersNone,1001,max,0.02,0.1,final,neurons,units,1,0.0006510416666666666,,0.9813530312584452,0.08044734597206116,0.998804927376356,0.005422727204859257,0.8603603603603603,0.13513513513513514,0.004504504504504514,0.45609062910079956,4.862673759460449,rulex,gcm_hamming,11323,84391.00828404183,24579.019856470368,3101.3834983770557,40.0,8.0,0.035180701754385965,0.86,0.017045762711864407,113319.36804444087,28928.359760399027,40533.64606565759,39980.98143190667,7450.723402305714,4349.339903928659,1536.0,grad,6.647916793823242,-0.04346797242760658
transformer,transformer_max_rho0.02_wd0.1_tiersNone,1001,max,0.02,0.1,final,neurons,units,2,0.0013020833333333333,,0.9813530312584452,0.0803104043006897,0.998804927376356,0.005419449880719185,0.8603603603603603,0.13513513513513514,0.004504504504504514,0.4579326808452606,4.843168258666992,rulex,gcm_hamming,11323,84391.00828404183,24579.019856470368,3101.3834983770557,40.0,8.0,0.035180701754385965,0.86,0.017045762711864407,113319.36804444087,28928.359760399027,40533.64606565759,39980.98143190667,7450.723402305714,4349.339903928659,1536.0,grad,4.167242527008057,-0.2304590940475464
transformer,transformer_max_rho0.02_wd0.1_tiersNone,1001,max,0.02,0.1,final,neurons,units,4,0.0026041666666666665,,0.9816232771822359,0.07978599518537521,0.998804927376356,0.005404408555477858,0.8603603603603603,0.13513513513513514,0.004504504504504514,0.45909732580184937,4.801726818084717,rulex,gcm_hamming,11323,84407.52789543937,24616.852586657966,3105.8420351280292,40.0,8.0,0.035180701754385965,0.86,0.017045762711864407,113319.36804444087,28911.84014900149,40525.69151396081,39973.026880209894,7400.829597471554,4294.987562343525,1536.0,grad,3.9076833724975586,-0.2304590940475464
transformer,transformer_max_rho0.02_wd0.1_tiersNone,1001,max,0.02,0.1,final,neurons,units,8,0.005208333333333333,,0.9817133591568327,0.07952306419610977,0.998804927376356,0.005361596122384071,0.8603603603603603,0.13513513513513514,0.004504504504504514,0.4621838331222534,4.727487564086914,rulex,gcm_hamming,11323,84413.92816374014,24628.569765552245,3107.32821404502,40.0,8.0,0.035180701754385965,0.86,0.017045762711864407,113319.36804444087,28905.439880700727,40477.653767769785,39924.98913401887,7384.1983291935,4276.87011514848,1536.0,grad,3.769181489944458,-0.2304590940475464
transformer,transformer_max_rho0.02_wd0.1_tiersNone,1001,max,0.02,0.1,final,neurons,units,16,0.010416666666666666,,0.9815331952076389,0.07903388142585754,0.9988968560397132,0.005333549343049526,0.8648648648648649,0.13063063063063063,0.0045045045045044585,0.4680771827697754,4.592814922332764,rulex,gcm_hamming,11323,84428.44831077303,24581.443912755316,3124.6163131151498,40.0,8.0,0.035180701754385965,0.86,0.017045762711864407,113319.36804444087,28890.919733667826,40491.30740660951,39938.641136353464,7434.092134027661,4309.475820912511,1536.0,grad,2.9612278938293457,-0.2304590940475464
transformer,transformer_max_rho0.02_wd0.1_tiersNone,1001,max,0.02,0.1,final,neurons,units,32,0.020833333333333332,,0.9820736870552202,0.07732819765806198,0.998804927376356,0.005232944618910551,0.8558558558558559,0.13963963963963963,0.004504504504504486,0.48145535588264465,4.372100830078125,rulex,gcm_hamming,11323,84436.52319472609,24674.81533472041,3093.012472808873,40.0,8.0,0.035180701754385965,0.86,0.017045762711864407,113319.36804444087,28882.84484971477,40385.690338557215,39833.02481908128,7301.041987803232,4208.029514994359,1536.0,grad,2.490382194519043,-0.2712019383907318
transformer,transformer_max_rho0.02_wd0.1_tiersNone,1001,max,0.02,0.1,final,neurons,units,64,0.041666666666666664,,0.9824340149536078,0.07467332482337952,0.998804927376356,0.005136743187904358,0.8333333333333334,0.16216216216216217,0.0045045045045044585,0.5317105650901794,3.994903564453125,rulex,gcm_hamming,11323,84456.53880641004,24710.02526089119,2998.4925264578196,40.0,8.0,0.0326749373433584,0.84,0.017045762711864407,113319.36804444087,28862.82923803082,40305.06581897065,39726.07656187341,7151.29650359745,4152.803977139631,1536.0,grad,2.019254446029663,-0.2712019383907318
transformer,transformer_max_rho0.02_wd0.1_tiersNone,1001,max,0.02,0.1,final,neurons,units,128,0.08333333333333333,,0.9827042608773985,0.0707436129450798,0.9986210700496415,0.005024568643420935,0.7882882882882883,0.1981981981981982,0.013513513513513459,0.6280108094215393,3.3951146602630615,rulex,gcm_hamming,11323,84420.50562564447,24740.900687502897,2808.7085891241422,40.0,8.0,0.0326749373433584,0.8,0.017045762711864407,113319.36804444087,28898.862418796394,40197.26633328721,39613.85259360597,6966.67032041764,4157.961731293498,1536.0,grad,1.4416778087615967,-0.2712019383907318
transformer,transformer_max_rho0.02_wd0.1_tiersNone,1001,max,0.02,0.1,final,neurons,units,256,0.16666666666666666,,0.9832447527249797,0.06606096774339676,0.9987129987129987,0.004922247026115656,0.7117117117117117,0.2702702702702703,0.018018018018018056,0.8105471730232239,2.4904696941375732,rulex,gcm_hamming,11323,84411.7388854138,24803.421345096733,2492.349884385376,40.0,8.0,0.030169172932330828,0.72,0.017045762711864407,113319.36804444087,28907.629159027078,39983.54110116288,39400.15439743325,6596.557698315722,4104.207813930346,1536.0,grad,0.9361777901649475,-0.2712019383907318
transformer,transformer_max_rho0.02_wd0.1_tiersNone,1001,max,0.02,0.1,final,neurons,units,512,0.3333333333333333,,0.9834249166741735,0.06384222209453583,0.9982533553962125,0.0064667705446481705,0.6036036036036037,0.3783783783783784,0.018018018018017945,1.2078497409820557,1.3010425567626953,rulex,gcm_hamming,11323,84345.70828387537,24871.58310152008,2053.269381549423,40.0,8.0,0.027663408521303258,0.62,0.017045762711864407,113319.36804444087,28973.659760565497,39822.7406024389,39234.71952063367,6155.346040594843,4102.07665904542,1536.0,grad,0.4306398630142212,-0.2712019383907318
transformer,transformer_max_rho0.02_wd0.1_tiersNone,1001,max,0.02,0.1,final,randunits,units,0,0.0,0.0,0.9813530312584452,0.08050424605607986,0.998804927376356,0.005426507443189621,0.8603603603603603,0.13513513513513514,0.004504504504504514,0.4552209675312042,4.895572662353516,rulex,gcm_hamming,11323,84391.00828404183,24579.019856470368,3101.3834983770557,40.0,8.0,0.035180701754385965,0.86,0.017045762711864407,113319.36804444087,28928.359760399027,40533.64606565759,39980.98143190667,7450.723402305714,4349.339903928659,1536.0,grad,,
transformer,transformer_max_rho0.02_wd0.1_tiersNone,1001,max,0.02,0.1,final,randunits,units,1,0.0006510416666666666,0.0,0.9813530312584452,0.08045602589845657,0.998804927376356,0.005414716433733702,0.8603603603603603,0.13513513513513514,0.004504504504504514,0.45524781942367554,4.8922553062438965,rulex,gcm_hamming,11323,84391.00828404183,24579.019856470368,3101.3834983770557,40.0,8.0,0.035180701754385965,0.86,0.017045762711864407,113319.36804444087,28928.359760399027,40533.64606565759,39980.98143190667,7450.723402305714,4349.339903928659,1536.0,grad,0.6968199610710144,0.10211287438869476
transformer,transformer_max_rho0.02_wd0.1_tiersNone,1001,max,0.02,0.1,final,randunits,units,2,0.0013020833333333333,0.0,0.9814431132330421,0.0805388018488884,0.998804927376356,0.0054307859390974045,0.8603603603603603,0.13513513513513514,0.004504504504504514,0.4556947946548462,4.8927202224731445,rulex,gcm_hamming,11323,84399.06896246602,24589.076625241243,3102.8696772940466,40.0,8.0,0.035180701754385965,0.86,0.017045762711864407,113319.36804444087,28920.299081974856,40519.44069046304,39966.77605671212,7434.092134027661,4331.222456733614,1536.0,grad,-0.1759229451417923,-0.045788515359163284
transformer,transformer_max_rho0.02_wd0.1_tiersNone,1001,max,0.02,0.1,final,randunits,units,4,0.0026041666666666665,0.0,0.9814431132330421,0.0803498849272728,0.9988968560397132,0.005428200587630272,0.8603603603603603,0.13513513513513514,0.004504504504504514,0.4563336670398712,4.880403518676758,rulex,gcm_hamming,11323,84397.40263121248,24590.74295649478,3102.8696772940466,40.0,8.0,0.035180701754385965,0.86,0.017045762711864407,113319.36804444087,28921.965413228394,40493.00671357438,39940.342079823466,7434.092134027661,4331.222456733614,1536.0,grad,-0.04163619503378868,-0.08881042152643204
transformer,transformer_max_rho0.02_wd0.1_tiersNone,1001,max,0.02,0.1,final,randunits,units,8,0.005208333333333333,0.0,0.9812629492838483,0.08064930140972137,0.9988968560397132,0.005392644554376602,0.8648648648648649,0.13063063063063063,0.0045045045045044585,0.4497860074043274,4.915401935577393,rulex,gcm_hamming,11323,84392.89095035596,24562.648931587268,3120.157776364177,40.0,8.0,0.035180701754385965,0.86,0.017045762711864407,113319.36804444087,28926.477094084912,40548.586546128245,39995.92191237733,7483.985938861822,4363.828162497645,1536.0,grad,-3.5505690574645996,-0.16470706462860107
transformer,transformer_max_rho0.02_wd0.1_tiersNone,1001,max,0.02,0.1,final,randunits,units,16,0.010416666666666666,0.0,0.9813530312584452,0.07992298156023026,0.998804927376356,0.005373828578740358,0.8648648648648649,0.13063063063063063,0.0045045045045044585,0.4506654143333435,4.851353645324707,rulex,gcm_hamming,11323,84398.80664596634,24574.850683171924,3121.643955281169,40.0,8.0,0.035180701754385965,0.86,0.017045762711864407,113319.36804444087,28920.561398474525,40542.76375884339,39996.53604287431,7467.354670583769,4345.7107153026,1536.0,grad,-4.471311092376709,-0.11026811599731445
transformer,transformer_max_rho0.02_wd0.1_tiersNone,1001,max,0.02,0.1,final,randunits,units,32,0.020833333333333332,0.0,0.9814431132330421,0.08042480796575546,0.9988968560397132,0.005456374958157539,0.8648648648648649,0.13063063063063063,0.0045045045045044585,0.4555230736732483,4.8707475662231445,rulex,gcm_hamming,11323,84409.26924849674,24582.505527836576,3123.130134198159,40.0,8.0,0.035180701754385965,0.86,0.017045762711864407,113319.36804444087,28910.09879594413,40504.2274605684,39962.17522067353,7450.723402305714,4327.593268107556,1536.0,grad,-1.9141788482666016,-0.16450273990631104
transformer,transformer_max_rho0.02_wd0.1_tiersNone,1001,max,0.02,0.1,final,randunits,units,64,0.041666666666666664,0.0,0.9818034411314296,0.0803164392709732,0.9988968560397132,0.0055849007330834866,0.8603603603603603,0.13513513513513514,0.004504504504504514,0.4618353247642517,4.7999677658081055,rulex,gcm_hamming,11323,84411.25913239893,24649.356244088503,3108.814392962012,40.0,8.0,0.035180701754385965,0.86,0.017045762711864407,113319.36804444087,28908.10891204194,40476.47612375543,39923.8064376764,7367.567060915447,4258.752667953435,1536.0,grad,-3.126944065093994,-0.1686055064201355
transformer,transformer_max_rho0.02_wd0.1_tiersNone,1001,max,0.02,0.1,final,randunits,units,128,0.08333333333333333,0.0,0.9812629492838483,0.07954176515340805,0.9987129987129987,0.005787303671240807,0.8513513513513513,0.14414414414414414,0.004504504504504542,0.45980602502822876,4.754201412200928,rulex,gcm_hamming,11323,84390.8582768598,24553.79403920525,3059.376405651841,40.0,8.0,0.035180701754385965,0.86,0.017045762711864407,113319.36804444087,28928.509767581072,40473.049453680964,39920.42472905442,7434.092134027661,4374.71572837582,1536.0,grad,-5.894064426422119,-0.18050850927829742
transformer,transformer_max_rho0.02_wd0.1_tiersNone,1001,max,0.02,0.1,final,randunits,units,256,0.16666666666666666,0.0,0.9806323754616701,0.08124785125255585,0.9987129987129987,0.006086587440222502,0.8558558558558559,0.13513513513513514,0.009009009009008973,0.4598531424999237,4.808302402496338,rulex,gcm_hamming,11323,84386.25060079888,24421.022122849383,3071.6782277375414,40.0,8.0,0.035180701754385965,0.86,0.017045762711864407,113319.36804444087,28933.117443641986,40600.62892956063,40058.63736457154,7583.773548530145,4512.095320792603,1536.0,grad,-5.0931878089904785,-0.22671134769916534
transformer,transformer_max_rho0.02_wd0.1_tiersNone,1001,max,0.02,0.1,final,randunits,units,512,0.3333333333333333,0.0,0.9796414737411044,0.08678042143583298,0.9981614267328554,0.00807334203273058,0.8423423423423423,0.14864864864864866,0.009009009009009056,0.4663705825805664,4.597728729248047,rulex,gcm_hamming,11323,84319.5741927193,24277.526063657002,2993.7868327533315,40.0,8.0,0.03768646616541354,0.84,0.017045762711864407,113319.36804444087,28999.793851721563,40843.08805555627,40287.237646525355,7716.054620817893,4722.2677880645615,1536.0,grad,-5.57814359664917,-0.23022249341011047
transformer,transformer_max_rho0.02_wd0.1_tiersNone,1001,max,0.02,0.1,final,randunits,units,0,0.0,1.0,0.9813530312584452,0.08050424605607986,0.998804927376356,0.005426507443189621,0.8603603603603603,0.13513513513513514,0.004504504504504514,0.4552209675312042,4.895572662353516,rulex,gcm_hamming,11323,84391.00828404183,24579.019856470368,3101.3834983770557,40.0,8.0,0.035180701754385965,0.86,0.017045762711864407,113319.36804444087,28928.359760399027,40533.64606565759,39980.98143190667,7450.723402305714,4349.339903928659,1536.0,grad,,
transformer,transformer_max_rho0.02_wd0.1_tiersNone,1001,max,0.02,0.1,final,randunits,units,1,0.0006510416666666666,1.0,0.9813530312584452,0.08044701814651489,0.998804927376356,0.005430812481790781,0.8558558558558559,0.13963963963963963,0.004504504504504486,0.45719894766807556,4.883988857269287,rulex,gcm_hamming,11323,84383.4770987796,24582.921853106556,3081.1230414729444,40.0,8.0,0.035180701754385965,0.86,0.017045762711864407,113319.36804444087,28935.890945661275,40532.35224360749,39979.687610094996,7434.092134027661,4352.969092554717,1536.0,grad,2.490382194519043,-0.00107972277328372
transformer,transformer_max_rho0.02_wd0.1_tiersNone,1001,max,0.02,0.1,final,randunits,units,2,0.0013020833333333333,1.0,0.9813530312584452,0.08049513399600983,0.998804927376356,0.005432105623185635,0.8603603603603603,0.13513513513513514,0.004504504504504514,0.4557923674583435,4.891045093536377,rulex,gcm_hamming,11323,84391.00828404183,24579.019856470368,3101.3834983770557,40.0,8.0,0.035180701754385965,0.86,0.017045762711864407,113319.36804444087,28928.359760399027,40533.64606565759,39980.98143190667,7450.723402305714,4349.339903928659,1536.0,grad,0.22732606530189514,0.07949429005384445
transformer,transformer_max_rho0.02_wd0.1_tiersNone,1001,max,0.02,0.1,final,randunits,units,4,0.0026041666666666665,1.0,0.9813530312584452,0.08051680773496628,0.998804927376356,0.005415468942373991,0.8603603603603603,0.13513513513513514,0.004504504504504514,0.45646384358406067,4.891993522644043,rulex,gcm_hamming,11323,84391.00828404183,24579.019856470368,3101.3834983770557,40.0,8.0,0.035180701754385965,0.86,0.017045762711864407,113319.36804444087,28928.359760399027,40533.64606565759,39980.98143190667,7450.723402305714,4349.339903928659,1536.0,grad,-2.0333504676818848,-0.026964014396071434
transformer,transformer_max_rho0.02_wd0.1_tiersNone,1001,max,0.02,0.1,final,randunits,units,8,0.005208333333333333,1.0,0.9812629492838483,0.0807572603225708,0.998804927376356,0.005437209736555815,0.8603603603603603,0.13513513513513514,0.004504504504504514,0.45680132508277893,4.912736892700195,rulex,gcm_hamming,11323,84390.48347473331,24561.427218583853,3099.897319460065,40.0,8.0,0.035180701754385965,0.86,0.017045762711864407,113319.36804444087,28928.884569707556,40561.39303678796,40008.72840303704,7467.354670583769,4367.457351123704,1536.0,grad,-4.476305961608887,-0.13073362410068512
transformer,transformer_max_rho0.02_wd0.1_tiersNone,1001,max,0.02,0.1,final,randunits,units,16,0.010416666666666666,1.0,0.9814431132330421,0.08095560222864151,0.9988968560397132,0.005361916963011026,0.8603603603603603,0.13513513513513514,0.004504504504504514,0.4565297067165375,4.886635780334473,rulex,gcm_hamming,11323,84404.90300129887,24583.242586408378,3102.8696772940466,40.0,8.0,0.035180701754385965,0.86,0.017045762711864407,113319.36804444087,28914.465043141994,40489.60328788087,39936.938654129954,7434.092134027661,4331.222456733614,1536.0,grad,-1.6513698101043701,-0.18337538838386536
transformer,transformer_max_rho0.02_wd0.1_tiersNone,1001,max,0.02,0.1,final,randunits,units,32,0.020833333333333332,1.0,0.9812629492838483,0.08065388351678848,0.998804927376356,0.005516905803233385,0.8603603603603603,0.13513513513513514,0.004504504504504514,0.4554802179336548,4.855923175811768,rulex,gcm_hamming,11323,84385.38691128482,24566.52378203234,3099.897319460065,40.0,8.0,0.035180701754385965,0.86,0.017045762711864407,113319.36804444087,28933.98113315604,40580.21998924539,40023.58676189706,7467.354670583769,4367.457351123704,1536.0,grad,-1.8444128036499023,-0.16951298713684082
transformer,transformer_max_rho0.02_wd0.1_tiersNone,1001,max,0.02,0.1,final,randunits,units,64,0.041666666666666664,1.0,0.9811728673092515,0.07954078912734985,0.9986210700496415,0.0055834143422544,0.8648648648648649,0.13063063063063063,0.0045045045045044585,0.45443442463874817,4.8388895988464355,rulex,gcm_hamming,11323,84433.5491589103,24503.873275837876,3118.6715974471863,40.0,8.0,0.035180701754385965,0.86,0.017045762711864407,113319.36804444087,28885.818885530567,40480.247418826075,39927.58253187463,7500.617207139876,4381.94560969269,1536.0,grad,-3.5610084533691406,-0.18337538838386536
transformer,transformer_max_rho0.02_wd0.1_tiersNone,1001,max,0.02,0.1,final,randunits,units,128,0.08333333333333333,1.0,0.9811728673092515,0.08070012181997299,0.9987129987129987,0.005883331876248121,0.8648648648648649,0.13063063063063063,0.0045045045045044585,0.4463835060596466,4.832826137542725,rulex,gcm_hamming,11323,84384.1922465679,24553.230188180292,3118.6715974471863,40.0,8.0,0.035180701754385965,0.86,0.017045762711864407,113319.36804444087,28935.17579787298,40580.226684277506,40023.3815764837,7500.617207139876,4381.94560969269,1536.0,grad,-2.3324055671691895,-0.17772942781448364
transformer,transformer_max_rho0.02_wd0.1_tiersNone,1001,max,0.02,0.1,final,randunits,units,256,0.16666666666666666,1.0,0.9813530312584452,0.0817350298166275,0.9986210700496415,0.006272663827985525,0.8693693693693694,0.12612612612612611,0.004504504504504514,0.43444034457206726,4.851306438446045,rulex,gcm_hamming,11323,84442.97061263776,24534.563986040816,3142.15249309953,40.0,8.0,0.035180701754385965,0.88,0.017045762711864407,113319.36804444087,28876.397431803107,40483.109127943964,39924.9339785032,7483.985938861822,4341.833445762292,1536.0,grad,-5.894064426422119,-0.19920118153095245
transformer,transformer_max_rho0.02_wd0.1_tiersNone,1001,max,0.02,0.1,final,randunits,units,512,0.3333333333333333,1.0,0.9803621295378795,0.07833166420459747,0.9980694980694981,0.007612620014697313,0.8738738738738738,0.12162162162162163,0.004504504504504542,0.4392094016075134,4.361734867095947,rulex,gcm_hamming,11323,84436.12537432603,24346.100491220895,3145.935448404005,40.0,8.0,0.03768646616541354,0.88,0.017045762711864407,113319.36804444087,28883.242670114836,40666.71016949937,40103.17624778077,7683.077627297947,4537.142178893942,1536.0,grad,-5.57814359664917,-0.25549939274787903
transformer,transformer_max_rho0.02_wd0.1_tiersNone,1001,max,0.02,0.1,final,randunits,units,0,0.0,2.0,0.9813530312584452,0.08050424605607986,0.998804927376356,0.005426507443189621,0.8603603603603603,0.13513513513513514,0.004504504504504514,0.4552209675312042,4.895572662353516,rulex,gcm_hamming,11323,84391.00828404183,24579.019856470368,3101.3834983770557,40.0,8.0,0.035180701754385965,0.86,0.017045762711864407,113319.36804444087,28928.359760399027,40533.64606565759,39980.98143190667,7450.723402305714,4349.339903928659,1536.0,grad,,
transformer,transformer_max_rho0.02_wd0.1_tiersNone,1001,max,0.02,0.1,final,randunits,units,1,0.0006510416666666666,2.0,0.9814431132330421,0.08051016181707382,0.998804927376356,0.005426214542239904,0.8603603603603603,0.13513513513513514,0.004504504504504514,0.4555622935295105,4.896394729614258,rulex,gcm_hamming,11323,84399.06896246602,24589.076625241243,3102.8696772940466,40.0,8.0,0.035180701754385965,0.86,0.017045762711864407,113319.36804444087,28920.299081974856,40519.89409536645,39967.229461615534,7434.092134027661,4331.222456733614,1536.0,grad,-0.9245737195014954,-0.014005998149514198
transformer,transformer_max_rho0.02_wd0.1_tiersNone,1001,max,0.02,0.1,final,randunits,units,2,0.0013020833333333333,2.0,0.9813530312584452,0.0805322602391243,0.998804927376356,0.005438066087663174,0.8603603603603603,0.13513513513513514,0.004504504504504514,0.4566045105457306,4.89102029800415,rulex,gcm_hamming,11323,84391.00828404183,24579.019856470368,3101.3834983770557,40.0,8.0,0.035180701754385965,0.86,0.017045762711864407,113319.36804444087,28928.359760399027,40533.64606565759,39980.98143190667,7450.723402305714,4349.339903928659,1536.0,grad,-1.194568157196045,-0.06156578287482262
transformer,transformer_max_rho0.02_wd0.1_tiersNone,1001,max,0.02,0.1,final,randunits,units,4,0.0026041666666666665,2.0,0.9813530312584452,0.08053512126207352,0.9988968560397132,0.005397788714617491,0.8603603603603603,0.13513513513513514,0.004504504504504514,0.45481109619140625,4.893980503082275,rulex,gcm_hamming,11323,84391.00828404183,24579.019856470368,3101.3834983770557,40.0,8.0,0.035180701754385965,0.86,0.017045762711864407,113319.36804444087,28928.359760399027,40533.64606565759,39980.98143190667,7450.723402305714,4349.339903928659,1536.0,grad,-1.5101181268692017,-0.18377290666103363
transformer,transformer_max_rho0.02_wd0.1_tiersNone,1001,max,0.02,0.1,final,randunits,units,8,0.005208333333333333,2.0,0.9811728673092515,0.0806015208363533,0.998804927376356,0.005524252541363239,0.8603603603603603,0.13513513513513514,0.004504504504504514,0.45824894309043884,4.888514041900635,rulex,gcm_hamming,11323,84389.97333292283,24543.81991319928,3098.411140543074,40.0,8.0,0.035180701754385965,0.86,0.017045762711864407,113319.36804444087,28929.39471151803,40535.89776367471,39983.23312992379,7483.985938861822,4385.574798318748,1536.0,grad,-1.2886468172073364,-0.18377290666103363
transformer,transformer_max_rho0.02_wd0.1_tiersNone,1001,max,0.02,0.1,final,randunits,units,16,0.010416666666666666,2.0,0.9815331952076389,0.08021000027656555,0.998804927376356,0.005445912946015596,0.8603603603603603,0.13513513513513514,0.004504504504504514,0.4530651271343231,4.874326229095459,rulex,gcm_hamming,11323,84394.43275559033,24611.83027931197,3104.3558562110384,40.0,8.0,0.035180701754385965,0.86,0.017045762711864407,113319.36804444087,28924.93528885054,40521.09454840943,39968.425366347285,7417.460865749608,4313.10500953857,1536.0,grad,-2.060889720916748,-0.14580200612545013
transformer,transformer_max_rho0.02_wd0.1_tiersNone,1001,max,0.02,0.1,final,randunits,units,32,0.020833333333333332,2.0,0.9813530312584452,0.08073320984840393,0.9987129987129987,0.005652803927659988,0.8603603603603603,0.13513513513513514,0.004504504504504514,0.4639018177986145,4.896340370178223,rulex,gcm_hamming,11323,84402.35501022419,24567.67313028802,3101.3834983770557,40.0,8.0,0.035180701754385965,0.86,0.017045762711864407,113319.36804444087,28917.01303421668,40505.07112879083,39952.406494563074,7450.723402305714,4349.339903928659,1536.0,grad,-5.57814359664917,-0.2017289698123932
transformer,transformer_max_rho0.02_wd0.1_tiersNone,1001,max,0.02,0.1,final,randunits,units,64,0.041666666666666664,2.0,0.9810827853346545,0.0819828137755394,0.9986210700496415,0.005528316833078861,0.8603603603603603,0.13513513513513514,0.004504504504504514,0.45719578862190247,4.907397747039795,rulex,gcm_hamming,11323,84419.56867719306,24496.107121734014,3096.924961626083,40.0,8.0,0.035180701754385965,0.86,0.017045762711864407,113319.36804444087,28899.799367247808,40478.41222996041,39925.84354514405,7500.617207139876,4403.692245513793,1536.0,grad,-2.671494483947754,-0.25427404046058655
transformer,transformer_max_rho0.02_wd0.1_tiersNone,1001,max,0.02,0.1,final,randunits,units,128,0.08333333333333333,2.0,0.9809927033600576,0.07925792038440704,0.9985291413862842,0.005777682177722454,0.8603603603603603,0.13513513513513514,0.004504504504504514,0.4637107849121094,4.76491117477417,rulex,gcm_hamming,11323,84436.66878641587,24460.88956531616,3095.4387827090914,40.0,8.0,0.035180701754385965,0.86,0.017045762711864407,113319.36804444087,28882.699258024997,40523.55036229417,39971.12945312783,7517.2484754179295,4421.809692708838,1536.0,grad,-3.429244041442871,-0.25427404046058655
transformer,transformer_max_rho0.02_wd0.1_tiersNone,1001,max,0.02,0.1,final,randunits,units,256,0.16666666666666666,2.0,0.9806323754616701,0.08306297659873962,0.998437212722927,0.006403823848813772,0.8738738738738738,0.12162162162162163,0.004504504504504542,0.46395158767700195,4.7475175857543945,rulex,gcm_hamming,11323,84398.71530680596,24437.8629003261,3150.8222997092216,40.0,8.0,0.03768646616541354,0.88,0.017045762711864407,113319.36804444087,28920.65273763491,40729.16270512864,40181.821217959376,7633.61213701803,4482.789837308808,1536.0,grad,-3.6854352951049805,-0.25549939274787903
transformer,transformer_max_rho0.02_wd0.1_tiersNone,1001,max,0.02,0.1,final,randunits,units,512,0.3333333333333333,2.0,0.9796414737411044,0.08399304747581482,0.9983452840595698,0.007615921553224325,0.8603603603603603,0.13063063063063063,0.009009009009009028,0.49020296335220337,4.307337284088135,rulex,gcm_hamming,11323,84363.9246722555,24247.685320873337,3074.250556545746,40.0,8.0,0.03768646616541354,0.86,0.017045762711864407,113319.36804444087,28955.443372185375,40826.49503917024,40288.052752082796,7782.008607857783,4707.758051312037,1536.0,grad,-5.894064426422119,-0.2712019383907318
transformer,transformer_max_rho0.02_wd0.1_tiersNone,1002,max,0.02,0.1,final,none,-,0,0.0,,0.9805422934870732,0.09002529829740524,0.998804927376356,0.005464176647365093,0.8648648648648649,0.13513513513513514,-5.551115123125783e-17,0.4377988874912262,5.123517990112305,rulex,gcm_hamming,11323,84298.77757978019,24526.009375280202,3105.8237274277217,40.0,8.0,0.035180701754385965,0.86,0.017045762711864407,113319.36804444087,29020.59046466068,40823.191199486704,40324.54368359372,7600.404816808198,4494.581089380476,,,,
transformer,transformer_max_rho0.02_wd0.1_tiersNone,1002,max,0.02,0.1,final,neurons,units,0,0.0,,0.9805422934870732,0.09002529829740524,0.998804927376356,0.005464176647365093,0.8648648648648649,0.13513513513513514,-5.551115123125783e-17,0.4377988874912262,5.123517990112305,rulex,gcm_hamming,11323,84298.77757978019,24526.009375280202,3105.8237274277217,40.0,8.0,0.035180701754385965,0.86,0.017045762711864407,113319.36804444087,29020.59046466068,40823.191199486704,40324.54368359372,7600.404816808198,4494.581089380476,1536.0,grad,,
transformer,transformer_max_rho0.02_wd0.1_tiersNone,1002,max,0.02,0.1,final,neurons,units,1,0.0006510416666666666,,0.9805422934870732,0.0895102396607399,0.998804927376356,0.005450523924082518,0.8648648648648649,0.13513513513513514,-5.551115123125783e-17,0.43926167488098145,5.098312854766846,rulex,gcm_hamming,11323,84298.77757978019,24526.009375280202,3105.8237274277217,40.0,8.0,0.035180701754385965,0.86,0.017045762711864407,113319.36804444087,29020.59046466068,40823.191199486704,40324.54368359372,7600.404816808198,4494.581089380476,1536.0,grad,5.228448867797852,-0.06519131362438202
transformer,transformer_max_rho0.02_wd0.1_tiersNone,1002,max,0.02,0.1,final,neurons,units,2,0.0013020833333333333,,0.9803621295378795,0.08945199102163315,0.998804927376356,0.005411590449512005,0.8648648648648649,0.13513513513513514,-5.551115123125783e-17,0.44210144877433777,5.075685024261475,rulex,gcm_hamming,11323,84299.33864638567,24489.213414284626,3102.7961532474637,40.0,8.0,0.03768646616541354,0.86,0.017045762711864407,113319.36804444087,29020.029398055194,40832.640592520685,40333.9930766277,7633.61213701803,4530.815983770566,1536.0,grad,4.583758354187012,-0.06956349313259125
transformer,transformer_max_rho0.02_wd0.1_tiersNone,1002,max,0.02,0.1,final,neurons,units,4,0.0026041666666666665,,0.9804522115124763,0.08924299478530884,0.998804927376356,0.005406427662819624,0.8693693693693694,0.13063063063063063,0.0,0.4438604414463043,5.0351338386535645,rulex,gcm_hamming,11323,84306.7818772774,24503.516819213997,3124.542789068567,40.0,8.0,0.03768646616541354,0.86,0.017045762711864407,113319.36804444087,29012.58616716346,40829.383286660166,40330.73577076718,7633.61213701803,4509.069347949463,1536.0,grad,3.8221147060394287,-0.2162860929965973
transformer,transformer_max_rho0.02_wd0.1_tiersNone,1002,max,0.02,0.1,final,neurons,units,8,0.005208333333333333,,0.9803621295378795,0.08876335620880127,0.9987129987129987,0.005379235837608576,0.8648648648648649,0.13513513513513514,-5.551115123125783e-17,0.4493606388568878,4.968477249145508,rulex,gcm_hamming,11323,84284.17849838553,24504.373562284767,3102.7961532474637,40.0,8.0,0.03768646616541354,0.86,0.017045762711864407,113319.36804444087,29035.189546055335,40836.26370853707,40337.61619312093,7633.61213701803,4530.815983770566,1536.0,grad,3.278184413909912,-0.2162860929965973
transformer,transformer_max_rho0.02_wd0.1_tiersNone,1002,max,0.02,0.1,final,neurons,units,16,0.010416666666666666,,0.9804522115124763,0.08805596828460693,0.9987129987129987,0.005343250464648008,0.8648648648648649,0.13513513513513514,-5.551115123125783e-17,0.46095865964889526,4.846726894378662,rulex,gcm_hamming,11323,84307.19357950139,24499.475928363954,3104.33754851073,40.0,8.0,0.035180701754385965,0.86,0.017045762711864407,113319.36804444087,29012.174464939475,40778.707091038676,40280.06896168515,7617.036085086252,4512.698536575522,1536.0,grad,2.949007987976074,-0.2162860929965973
transformer,transformer_max_rho0.02_wd0.1_tiersNone,1002,max,0.02,0.1,final,neurons,units,32,0.020833333333333332,,0.9808125394108639,0.08609139174222946,0.9987129987129987,0.005334911867976189,0.8513513513513513,0.14864864864864866,2.7755575615628914e-17,0.4782336354255676,4.627781391143799,rulex,gcm_hamming,11323,84311.42987433576,24556.82185643158,3049.5008934663592,40.0,8.0,0.035180701754385965,0.86,0.017045762711864407,113319.36804444087,29007.938170105095,40721.665634100886,40214.816650693865,7500.617207139876,4451.116313673517,1536.0,grad,2.5525975227355957,-0.2162860929965973
transformer,transformer_max_rho0.02_wd0.1_tiersNone,1002,max,0.02,0.1,final,neurons,units,64,0.041666666666666664,,0.9816232771822359,0.08228037506341934,0.9987129987129987,0.005271334201097488,0.8378378378378378,0.15765765765765766,0.004504504504504514,0.5151160955429077,4.259716510772705,rulex,gcm_hamming,11323,84347.72078018608,24659.101541317657,3005.1275331441484,40.0,8.0,0.035180701754385965,0.84,0.017045762711864407,113319.36804444087,28971.647264254792,40588.92482299134,40082.3218560867,7317.673256081285,4312.545722937137,1536.0,grad,2.0555145740509033,-0.2973329722881317
transformer,transformer_max_rho0.02_wd0.1_tiersNone,1002,max,0.02,0.1,final,neurons,units,128,0.08333333333333333,,0.9823439329790109,0.07726540416479111,0.9986210700496415,0.0052446709014475346,0.8018018018018018,0.19369369369369369,0.004504504504504486,0.5882470607757568,3.631568193435669,rulex,gcm_hamming,11323,84403.82149691264,24723.22918016147,2858.2739454053444,40.0,8.0,0.0326749373433584,0.8,0.017045762711864407,113319.36804444087,28915.546547528225,40393.88155645654,39887.95683414266,7050.5913127721,4192.317367366755,1536.0,grad,1.4912605285644531,-0.2973329722881317
transformer,transformer_max_rho0.02_wd0.1_tiersNone,1002,max,0.02,0.1,final,neurons,units,256,0.16666666666666666,,0.9824340149536078,0.07037908583879471,0.9986210700496415,0.0054047065787017345,0.7612612612612613,0.22972972972972974,0.009009009009009,0.751578688621521,2.696439266204834,rulex,gcm_hamming,11323,84412.25276135468,24694.322780908406,2686.7410243562927,40.0,8.0,0.0326749373433584,0.76,0.017045762711864407,113319.36804444087,28907.115283086187,40249.317330067606,39743.697377746554,6899.533526534073,4212.79250217778,1536.0,grad,1.0094411373138428,-0.2973329722881317
transformer,transformer_max_rho0.02_wd0.1_tiersNone,1002,max,0.02,0.1,final,neurons,units,512,0.3333333333333333,,0.9826141789028016,0.06606803834438324,0.9987129987129987,0.006824778392910957,0.6576576576576577,0.31981981981981983,0.02252252252252246,1.096687912940979,1.4140949249267578,rulex,gcm_hamming,11323,84356.71184299441,24695.659760751263,2261.7656090411774,40.0,8.0,0.030169172932330828,0.68,0.017045762711864407,113319.36804444087,28962.656201446458,40160.29193515107,39625.768743699045,6528.762049736372,4266.996440695195,1536.0,grad,0.4733642637729645,-0.2973329722881317
transformer,transformer_max_rho0.02_wd0.1_tiersNone,1002,max,0.02,0.1,final,randunits,units,0,0.0,0.0,0.9805422934870732,0.09002529829740524,0.998804927376356,0.005464176647365093,0.8648648648648649,0.13513513513513514,-5.551115123125783e-17,0.4377988874912262,5.123517990112305,rulex,gcm_hamming,11323,84298.77757978019,24526.009375280202,3105.8237274277217,40.0,8.0,0.035180701754385965,0.86,0.017045762711864407,113319.36804444087,29020.59046466068,40823.191199486704,40324.54368359372,7600.404816808198,4494.581089380476,1536.0,grad,,
transformer,transformer_max_rho0.02_wd0.1_tiersNone,1002,max,0.02,0.1,final,randunits,units,1,0.0006510416666666666,0.0,0.9805422934870732,0.08982522040605545,0.998804927376356,0.005449230782687664,0.8648648648648649,0.13513513513513514,-5.551115123125783e-17,0.43865787982940674,5.119725704193115,rulex,gcm_hamming,11323,84300.15535908929,24524.6315959711,3105.8237274277217,40.0,8.0,0.035180701754385965,0.86,0.017045762711864407,113319.36804444087,29019.212685351577,40814.55635184571,40315.90883547589,7600.404816808198,4494.581089380476,1536.0,grad,0.7708892822265625,-0.08343596011400223
transformer,transformer_max_rho0.02_wd0.1_tiersNone,1002,max,0.02,0.1,final,randunits,units,2,0.0013020833333333333,0.0,0.9805422934870732,0.08990375697612762,0.998804927376356,0.005447480361908674,0.8648648648648649,0.13513513513513514,-5.551115123125783e-17,0.43895047903060913,5.117161750793457,rulex,gcm_hamming,11323,84307.10822313499,24517.678731925404,3105.8237274277217,40.0,8.0,0.035180701754385965,0.86,0.017045762711864407,113319.36804444087,29012.25982130588,40821.04839176461,40322.40087587163,7600.404816808198,4494.581089380476,1536.0,grad,-0.19045254588127136,-0.12380648404359818
transformer,transformer_max_rho0.02_wd0.1_tiersNone,1002,max,0.02,0.1,final,randunits,units,4,0.0026041666666666665,0.0,0.9805422934870732,0.08964116126298904,0.998804927376356,0.005478314124047756,0.8648648648648649,0.13513513513513514,-5.551115123125783e-17,0.44006210565567017,5.1070051193237305,rulex,gcm_hamming,11323,84299.47924849606,24525.30770656433,3105.8237274277217,40.0,8.0,0.035180701754385965,0.86,0.017045762711864407,113319.36804444087,29019.888795944807,40813.87945026681,40315.23193437383,7600.404816808198,4494.581089380476,1536.0,grad,-0.04897123947739601,-0.09521391987800598
transformer,transformer_max_rho0.02_wd0.1_tiersNone,1002,max,0.02,0.1,final,randunits,units,8,0.005208333333333333,0.0,0.9805422934870732,0.09036403894424438,0.9987129987129987,0.005497142672538757,0.8648648648648649,0.13513513513513514,-5.551115123125783e-17,0.43537867069244385,5.147576332092285,rulex,gcm_hamming,11323,84298.10008345364,24526.686871606744,3105.8237274277217,40.0,8.0,0.035180701754385965,0.86,0.017045762711864407,113319.36804444087,29021.26796098722,40820.703226750345,40322.0557113342,7600.404816808198,4494.581089380476,1536.0,grad,-4.050702095031738,-0.10467356443405151
transformer,transformer_max_rho0.02_wd0.1_tiersNone,1002,max,0.02,0.1,final,randunits,units,16,0.010416666666666666,0.0,0.9804522115124763,0.08983876556158066,0.9987129987129987,0.005537857301533222,0.8648648648648649,0.13513513513513514,-5.551115123125783e-17,0.43354856967926025,5.0952677726745605,rulex,gcm_hamming,11323,84299.93299016473,24506.73651770062,3104.33754851073,40.0,8.0,0.035180701754385965,0.86,0.017045762711864407,113319.36804444087,29019.435054276142,40828.662769978495,40330.01656681821,7617.036085086252,4512.698536575522,1536.0,grad,-4.8041582107543945,-0.2162860929965973
transformer,transformer_max_rho0.02_wd0.1_tiersNone,1002,max,0.02,0.1,final,randunits,units,32,0.020833333333333332,0.0,0.9806323754616701,0.08964182436466217,0.9988968560397132,0.0055533526465296745,0.8693693693693694,0.13063063063063063,0.0,0.43598756194114685,5.081734657287598,rulex,gcm_hamming,11323,84333.93080669295,24512.602784188537,3127.570363248825,40.0,8.0,0.035180701754385965,0.86,0.017045762711864407,113319.36804444087,28985.43723774791,40764.73163217828,40266.09232289121,7600.404816808198,4472.834453559373,1536.0,grad,-2.1022958755493164,-0.22321929037570953
transformer,transformer_max_rho0.02_wd0.1_tiersNone,1002,max,0.02,0.1,final,randunits,units,64,0.041666666666666664,0.0,0.9804522115124763,0.09001239389181137,0.9987129987129987,0.005468311719596386,0.8513513513513513,0.13963963963963963,0.009009009009009056,0.44331085681915283,5.056550025939941,rulex,gcm_hamming,11323,84234.20696835453,24533.201672277595,3048.4454129994474,40.0,8.0,0.035180701754385965,0.86,0.017045762711864407,113319.36804444087,29085.161076086348,40936.81496209428,40438.17668206021,7600.404816808198,4551.959403808751,1536.0,grad,-3.5582728385925293,-0.16078850626945496
transformer,transformer_max_rho0.02_wd0.1_tiersNone,1002,max,0.02,0.1,final,randunits,units,128,0.08333333333333333,0.0,0.9804522115124763,0.08893945813179016,0.998804927376356,0.005662539508193731,0.8558558558558559,0.14414414414414414,-2.7755575615628914e-17,0.4331482946872711,5.0148396492004395,rulex,gcm_hamming,11323,84269.21572252938,24530.19540808385,3063.816634702507,40.0,8.0,0.035180701754385965,0.86,0.017045762711864407,113319.36804444087,29050.15232191149,40899.18600529954,40402.10722095296,7583.773548530145,4519.956913827637,1536.0,grad,-5.840106964111328,-0.22907161712646484
transformer,transformer_max_rho0.02_wd0.1_tiersNone,1002,max,0.02,0.1,final,randunits,units,256,0.16666666666666666,0.0,0.9803621295378795,0.09190695732831955,0.9986210700496415,0.00589433778077364,0.8693693693693694,0.12612612612612611,0.004504504504504514,0.4328685402870178,5.026731967926025,rulex,gcm_hamming,11323,84235.987283755,24542.25539577807,3125.4637656301893,40.0,8.0,0.03768646616541354,0.88,0.017045762711864407,113319.36804444087,29083.380760685854,41023.91477126405,40525.33797187135,7666.589130537975,4541.125364907785,1536.0,grad,-5.399221897125244,-0.22907161712646484
transformer,transformer_max_rho0.02_wd0.1_tiersNone,1002,max,0.02,0.1,final,randunits,units,512,0.3333333333333333,0.0,0.9789208179443294,0.0934116318821907,0.998804927376356,0.006799221504479647,0.8333333333333334,0.15765765765765766,0.009009009009008973,0.4365021288394928,4.8498735427856445,rulex,gcm_hamming,11323,84168.25684616758,24277.27327473258,2941.147677837015,40.0,8.0,0.03768646616541354,0.84,0.017045762711864407,113319.36804444087,29151.11119827329,41124.66046995446,40750.65171140954,7814.985601377729,4873.837923540714,1536.0,grad,-5.613508224487305,-0.23566918075084686
transformer,transformer_max_rho0.02_wd0.1_tiersNone,1002,max,0.02,0.1,final,randunits,units,0,0.0,1.0,0.9805422934870732,0.09002529829740524,0.998804927376356,0.005464176647365093,0.8648648648648649,0.13513513513513514,-5.551115123125783e-17,0.4377988874912262,5.123517990112305,rulex,gcm_hamming,11323,84298.77757978019,24526.009375280202,3105.8237274277217,40.0,8.0,0.035180701754385965,0.86,0.017045762711864407,113319.36804444087,29020.59046466068,40823.191199486704,40324.54368359372,7600.404816808198,4494.581089380476,1536.0,grad,,
transformer,transformer_max_rho0.02_wd0.1_tiersNone,1002,max,0.02,0.1,final,randunits,units,1,0.0006510416666666666,1.0,0.9806323754616701,0.08981604874134064,0.998804927376356,0.0054720137268304825,0.8648648648648649,0.13513513513513514,-5.551115123125783e-17,0.4382847547531128,5.111067295074463,rulex,gcm_hamming,11323,84304.41813432158,24538.48626793387,3107.3099063447125,40.0,8.0,0.035180701754385965,0.86,0.017045762711864407,113319.36804444087,29014.9499101193,40819.07760805413,40320.43009168431,7583.773548530145,4476.463642185432,1536.0,grad,2.5525975227355957,0.14868062734603882
transformer,transformer_max_rho0.02_wd0.1_tiersNone,1002,max,0.02,0.1,final,randunits,units,2,0.0013020833333333333,1.0,0.9806323754616701,0.08994396030902863,0.998804927376356,0.0054531339555978775,0.8648648648648649,0.13513513513513514,-5.551115123125783e-17,0.43817102909088135,5.1186957359313965,rulex,gcm_hamming,11323,84298.4405703452,24544.463831910223,3107.3099063447125,40.0,8.0,0.035180701754385965,0.86,0.017045762711864407,113319.36804444087,29020.927474095657,40821.96879405305,40323.321253364535,7583.773548530145,4476.463642185432,1536.0,grad,0.2124616801738739,-0.08010677993297577
transformer,transformer_max_rho0.02_wd0.1_tiersNone,1002,max,0.02,0.1,final,randunits,units,4,0.0026041666666666665,1.0,0.9804522115124763,0.09003026783466339,0.998804927376356,0.005471367854624987,0.8648648648648649,0.13513513513513514,-5.551115123125783e-17,0.4374997913837433,5.119198799133301,rulex,gcm_hamming,11323,84299.31424943806,24507.355258427287,3104.33754851073,40.0,8.0,0.035180701754385965,0.86,0.017045762711864407,113319.36804444087,29020.05379500281,40829.690979664774,40331.04343897626,7617.036085086252,4512.698536575522,1536.0,grad,-2.3892388343811035,-0.07263729721307755
transformer,transformer_max_rho0.02_wd0.1_tiersNone,1002,max,0.02,0.1,final,randunits,units,8,0.005208333333333333,1.0,0.9802720475632826,0.09017374366521835,0.998804927376356,0.005507503170520067,0.8693693693693694,0.13063063063063063,0.0,0.43311089277267456,5.146698951721191,rulex,gcm_hamming,11323,84263.22461552038,24510.83918658094,3121.284888198422,40.0,8.0,0.03768646616541354,0.86,0.017045762711864407,113319.36804444087,29056.14342892049,40921.13925666139,40422.54425794408,7666.589130537975,4545.304242339553,1536.0,grad,-4.962346076965332,-0.15372633934020996
transformer,transformer_max_rho0.02_wd0.1_tiersNone,1002,max,0.02,0.1,final,randunits,units,16,0.010416666666666666,1.0,0.9804522115124763,0.09003114700317383,0.998804927376356,0.005457659717649221,0.8603603603603603,0.13513513513513514,0.004504504504504514,0.43784451484680176,5.120268821716309,rulex,gcm_hamming,11323,84281.62674933343,24507.22691922832,3086.5217092071443,40.0,8.0,0.035180701754385965,0.86,0.017045762711864407,113319.36804444087,29037.74129510743,40873.19474214837,40374.5471943073,7617.036085086252,4530.514375879107,1536.0,grad,-1.7028207778930664,-0.21847660839557648
transformer,transformer_max_rho0.02_wd0.1_tiersNone,1002,max,0.02,0.1,final,randunits,units,32,0.020833333333333332,1.0,0.9803621295378795,0.08991380035877228,0.998804927376356,0.005478904582560062,0.8693693693693694,0.13063063063063063,0.0,0.4310186207294464,5.091052532196045,rulex,gcm_hamming,11323,84287.25379778029,24504.927451516065,3122.9138386334953,40.0,8.0,0.03768646616541354,0.86,0.017045762711864407,113319.36804444087,29032.114246660574,40857.01199096963,40358.364475553484,7650.100633778003,4527.186795144507,1536.0,grad,-1.9865951538085938,-0.18505336344242096
transformer,transformer_max_rho0.02_wd0.1_tiersNone,1002,max,0.02,0.1,final,randunits,units,64,0.041666666666666664,1.0,0.9801819655886858,0.09072244167327881,0.9986210700496415,0.005632965359836817,0.8648648648648649,0.13513513513513514,-5.551115123125783e-17,0.43250495195388794,5.091718673706055,rulex,gcm_hamming,11323,84240.94561466806,24511.371551612152,3099.5382523773187,40.0,8.0,0.03768646616541354,0.86,0.017045762711864407,113319.36804444087,29078.422429772807,40944.99581498429,40446.35755998418,7666.589130537975,4567.050878160656,1536.0,grad,-4.347654342651367,-0.14995504915714264
transformer,transformer_max_rho0.02_wd0.1_tiersNone,1002,max,0.02,0.1,final,randunits,units,128,0.08333333333333333,1.0,0.9803621295378795,0.09004297107458115,0.9987129987129987,0.005428998731076717,0.8648648648648649,0.13513513513513514,-5.551115123125783e-17,0.4470478892326355,5.053430557250977,rulex,gcm_hamming,11323,84282.49900013319,24506.053060537117,3102.7961532474637,40.0,8.0,0.03768646616541354,0.86,0.017045762711864407,113319.36804444087,29036.869044307685,40828.17777437493,40331.089343135805,7633.61213701803,4530.815983770566,1536.0,grad,-2.725292444229126,-0.18505336344242096
transformer,transformer_max_rho0.02_wd0.1_tiersNone,1002,max,0.02,0.1,final,randunits,units,256,0.16666666666666666,1.0,0.9798216376902982,0.09074138104915619,0.9987129987129987,0.006321844644844532,0.8918918918918919,0.10810810810810811,0.0,0.4195467233657837,5.108196258544922,rulex,gcm_hamming,11323,84283.34080722957,24420.147698746197,3215.594559672606,40.0,8.0,0.03768646616541354,0.9,0.017045762711864407,113319.36804444087,29036.027237211292,41095.2965115957,40596.80987054631,7831.474098137701,4615.879538465095,1536.0,grad,-5.840106964111328,-0.19324924051761627
transformer,transformer_max_rho0.02_wd0.1_tiersNone,1002,max,0.02,0.1,final,randunits,units,512,0.3333333333333333,1.0,0.9784704080713449,0.09320122748613358,0.998437212722927,0.008034261874854565,0.8738738738738738,0.12162162162162163,0.004504504504504542,0.430643230676651,4.733319282531738,rulex,gcm_hamming,11323,84241.22048705038,24160.538987400603,3111.7274892674905,40.0,8.0,0.03768646616541354,0.88,0.017045762711864407,113319.36804444087,29078.147557390486,41271.338495915385,40838.782571738215,8029.336059257374,4917.608569989883,1536.0,grad,-5.613508224487305,-0.24778901040554047
transformer,transformer_max_rho0.02_wd0.1_tiersNone,1002,max,0.02,0.1,final,randunits,units,0,0.0,2.0,0.9805422934870732,0.09002529829740524,0.998804927376356,0.005464176647365093,0.8648648648648649,0.13513513513513514,-5.551115123125783e-17,0.4377988874912262,5.123517990112305,rulex,gcm_hamming,11323,84298.77757978019,24526.009375280202,3105.8237274277217,40.0,8.0,0.035180701754385965,0.86,0.017045762711864407,113319.36804444087,29020.59046466068,40823.191199486704,40324.54368359372,7600.404816808198,4494.581089380476,1536.0,grad,,
transformer,transformer_max_rho0.02_wd0.1_tiersNone,1002,max,0.02,0.1,final,randunits,units,1,0.0006510416666666666,2.0,0.9806323754616701,0.09002792835235596,0.9987129987129987,0.005454715341329575,0.8693693693693694,0.13063063063063063,0.0,0.4357176721096039,5.129086017608643,rulex,gcm_hamming,11323,84306.74556030313,24539.788030578376,3127.570363248825,40.0,8.0,0.035180701754385965,0.86,0.017045762711864407,113319.36804444087,29012.622484137748,40822.508978312464,40323.8614626579,7600.404816808198,4472.834453559373,1536.0,grad,-1.0001235008239746,0.02983369119465351
transformer,transformer_max_rho0.02_wd0.1_tiersNone,1002,max,0.02,0.1,final,randunits,units,2,0.0013020833333333333,2.0,0.9804522115124763,0.09007590264081955,0.998804927376356,0.005457513965666294,0.8648648648648649,0.13513513513513514,-5.551115123125783e-17,0.43843308091163635,5.122744560241699,rulex,gcm_hamming,11323,84299.17860612556,24507.490901739784,3104.33754851073,40.0,8.0,0.035180701754385965,0.86,0.017045762711864407,113319.36804444087,29020.189438315305,40827.79630297944,40329.14878708646,7617.036085086252,4512.698536575522,1536.0,grad,-1.236256718635559,-0.11565353721380234
transformer,transformer_max_rho0.02_wd0.1_tiersNone,1002,max,0.02,0.1,final,randunits,units,4,0.0026041666666666665,2.0,0.9803621295378795,0.09006453305482864,0.998804927376356,0.005467488430440426,0.8648648648648649,0.13513513513513514,-5.551115123125783e-17,0.43929606676101685,5.125345706939697,rulex,gcm_hamming,11323,84292.9382653914,24495.613795278892,3102.7961532474637,40.0,8.0,0.03768646616541354,0.86,0.017045762711864407,113319.36804444087,29026.429779049457,40829.04737419412,40330.399858062716,7633.61213701803,4530.815983770566,1536.0,grad,-1.5565178394317627,-0.10462571680545807
transformer,transformer_max_rho0.02_wd0.1_tiersNone,1002,max,0.02,0.1,final,randunits,units,8,0.005208333333333333,2.0,0.9804522115124763,0.09022562205791473,0.998804927376356,0.0055299075320363045,0.8648648648648649,0.13513513513513514,-5.551115123125783e-17,0.43702995777130127,5.125672817230225,rulex,gcm_hamming,11323,84299.94953734739,24506.719970517952,3104.33754851073,40.0,8.0,0.035180701754385965,0.86,0.017045762711864407,113319.36804444087,29019.418507093473,40821.45257849023,40322.806374853106,7617.036085086252,4512.698536575522,1536.0,grad,-1.26644766330719,-0.1666887253522873
transformer,transformer_max_rho0.02_wd0.1_tiersNone,1002,max,0.02,0.1,final,randunits,units,16,0.010416666666666666,2.0,0.9805422934870732,0.08953430503606796,0.998804927376356,0.00544706592336297,0.8693693693693694,0.13063063063063063,0.0,0.4417179822921753,5.104940414428711,rulex,gcm_hamming,11323,84304.87262218702,24523.543521499436,3126.084184331834,40.0,8.0,0.035180701754385965,0.86,0.017045762711864407,113319.36804444087,29014.495422253854,40828.022968953104,40329.37545329854,7617.036085086252,4490.951900754418,1536.0,grad,-2.5068249702453613,-0.22445301711559296
transformer,transformer_max_rho0.02_wd0.1_tiersNone,1002,max,0.02,0.1,final,randunits,units,32,0.020833333333333332,2.0,0.9805422934870732,0.09021604806184769,0.9986210700496415,0.005431743338704109,0.8648648648648649,0.13513513513513514,-5.551115123125783e-17,0.4381864070892334,5.124444961547852,rulex,gcm_hamming,11323,84291.28370437228,24533.503250688103,3105.8237274277217,40.0,8.0,0.035180701754385965,0.86,0.017045762711864407,113319.36804444087,29028.08434006858,40853.034358685465,40346.23788267896,7600.404816808198,4494.581089380476,1536.0,grad,-5.613508224487305,-0.22907161712646484
transformer,transformer_max_rho0.02_wd0.1_tiersNone,1002,max,0.02,0.1,final,randunits,units,64,0.041666666666666664,2.0,0.9803621295378795,0.09046308696269989,0.998804927376356,0.0053948331624269485,0.8603603603603603,0.13063063063063063,0.009009009009009028,0.44050899147987366,5.136072158813477,rulex,gcm_hamming,11323,84237.08314124249,24519.4664294467,3087.282160026324,40.0,8.0,0.03768646616541354,0.86,0.017045762711864407,113319.36804444087,29082.28490319838,40910.905323451014,40412.26563221738,7650.100633778003,4562.8184737516785,1536.0,grad,-3.360865592956543,-0.14687928557395935
transformer,transformer_max_rho0.02_wd0.1_tiersNone,1002,max,0.02,0.1,final,randunits,units,128,0.08333333333333333,2.0,0.9799117196648951,0.08825554698705673,0.998804927376356,0.005310108885169029,0.8693693693693694,0.13063063063063063,0.0,0.4155932664871216,5.046844959259033,rulex,gcm_hamming,11323,84263.10241075473,24438.491602566406,3114.7690864581346,40.0,8.0,0.03768646616541354,0.86,0.017045762711864407,113319.36804444087,29056.265633686136,41018.96160215661,40520.38532764241,7732.543117577866,4617.774031119731,1536.0,grad,-3.835552453994751,-0.2973329722881317
transformer,transformer_max_rho0.02_wd0.1_tiersNone,1002,max,0.02,0.1,final,randunits,units,256,0.16666666666666666,2.0,0.9803621295378795,0.09120447188615799,0.9986210700496415,0.006205760408192873,0.8423423423423423,0.14864864864864866,0.009009009009009056,0.4803532361984253,4.936260223388672,rulex,gcm_hamming,11323,84184.14729086001,24557.892543076654,3006.445338025942,40.0,8.0,0.035180701754385965,0.84,0.017045762711864407,113319.36804444087,29135.220753580856,40998.16667765901,40510.275797670336,7583.773548530145,4577.328210504203,1536.0,grad,-4.409773826599121,-0.22445301711559296
transformer,transformer_max_rho0.02_wd0.1_tiersNone,1002,max,0.02,0.1,final,randunits,units,512,0.3333333333333333,2.0,0.9787406539951355,0.08953431248664856,0.9986210700496415,0.0069084931164979935,0.8513513513513513,0.13963963963963963,0.009009009009009056,0.4549199640750885,4.635405540466309,rulex,gcm_hamming,11323,84242.65318424515,24180.523959681115,3017.725681422963,40.0,8.0,0.03768646616541354,0.86,0.017045762711864407,113319.36804444087,29076.714860195716,41136.97328895852,40650.55916113183,7913.916581937565,4896.190900514602,1536.0,grad,-5.840106964111328,-0.2973329722881317
transformer,transformer_max_rho0_wd0.1_tiersNone,1000,max,0.0,0.1,final,none,-,0,0.0,,0.9890099990991803,0.04737602546811104,0.9971171171171171,0.00798595231026411,,,,,,rule,gcm_hamming,11101,83788.97436114088,24735.77878369981,-35.22420775617729,40.0,8.0,0.010123057644110275,0.0,0.017045762711864407,111097.61588460108,27308.6415234602,37271.465377436034,36628.949998841636,2572.8627397603896,2608.086947516567,,,,
transformer,transformer_max_rho0_wd0.1_tiersNone,1001,max,0.0,0.1,final,none,-,0,0.0,,0.9898207368705522,0.043909553438425064,0.9984684684684685,0.00796187948435545,,,,,,rule,gcm_hamming,11101,83819.5283919895,24877.786789541875,-44.72921969146637,40.0,8.0,0.010123057644110275,0.0,0.017045762711864407,111097.61588460108,27278.087492611572,37189.82800708806,36544.36303649937,2400.300703069697,2445.0299227611636,,,,
transformer,transformer_max_rho0_wd0.1_tiersNone,1002,max,0.0,0.1,final,none,-,0,0.0,,0.9890099990991803,0.04846306890249252,0.9983783783783784,0.00635741651058197,,,,,,rule,gcm_hamming,11101,83821.42427263994,24703.328872200753,-35.22420775617729,40.0,8.0,0.010123057644110275,0.0,0.017045762711864407,111097.61588460108,27276.19161196114,37167.631651506774,36526.914075718276,2572.8627397603896,2608.086947516567,,,,
