18 runs | device cuda | lesions ['lowpass', 'etop', 'ebottom', 'erand', 'topk', 'randk', 'residual', 'neurons', 'randunits'] | side all | steps ['final']
[run] kimi_add_rho0.02_wd0.1_tiersNone seed=1000
  [kimi s1000 step final] baseline: test 0.744 acc_exc 1.000 overreg 0.000 best=rulex
    top modes in : [53, 11, 69, 33, 41, 36]  (k90 = 61)
    top modes out: [53, 11, 33, 57, 41, 69]  (k90 = 57)
    unit sites: ['backbone.blocks.0.kda_ffns.0.W_down', 'backbone.blocks.0.kda_ffns.1.W_down', 'backbone.blocks.0.kda_ffns.2.W_down', 'backbone.blocks.0.full_ffn.W_down'] -> 1920 units, ranked by grad; top: d'=0.07 attr=8.2; share of positive attribution in top 32 = 0.06
    done in 75s, 354 rows so far
[run] kimi_add_rho0.02_wd0.1_tiersNone seed=1001
  [kimi s1001 step final] baseline: test 0.999 acc_exc 1.000 overreg 0.000 best=rulex
    top modes in : [56, 8, 46, 21, 73, 5]  (k90 = 55)
    top modes out: [14, 56, 8, 5, 46, 21]  (k90 = 42)
    unit sites: ['backbone.blocks.0.kda_ffns.0.W_down', 'backbone.blocks.0.kda_ffns.1.W_down', 'backbone.blocks.0.kda_ffns.2.W_down', 'backbone.blocks.0.full_ffn.W_down'] -> 1920 units, ranked by grad; top: d'=0.05 attr=10.9; share of positive attribution in top 32 = 0.13
    done in 75s, 708 rows so far
[run] kimi_add_rho0.02_wd0.1_tiersNone seed=1002
  [kimi s1002 step final] baseline: test 0.997 acc_exc 0.995 overreg 0.000 best=rulex
    top modes in : [44, 8, 30, 10, 1, 24]  (k90 = 52)
    top modes out: [8, 49, 44, 1, 30, 10]  (k90 = 41)
    unit sites: ['backbone.blocks.0.kda_ffns.0.W_down', 'backbone.blocks.0.kda_ffns.1.W_down', 'backbone.blocks.0.kda_ffns.2.W_down', 'backbone.blocks.0.full_ffn.W_down'] -> 1920 units, ranked by grad; top: d'=-0.22 attr=13.2; share of positive attribution in top 32 = 0.13
    done in 76s, 1062 rows so far
[run] kimi_add_rho0.02_wd0.3_tiersNone seed=1000
  [kimi s1000 step final] baseline: test 1.000 acc_exc 0.991 overreg 0.000 best=rulex
    top modes in : [33, 16, 57, 45, 11, 58]  (k90 = 54)
    top modes out: [73, 5, 27, 42, 47, 49]  (k90 = 44)
    unit sites: ['backbone.blocks.0.kda_ffns.0.W_down', 'backbone.blocks.0.kda_ffns.1.W_down', 'backbone.blocks.0.kda_ffns.2.W_down', 'backbone.blocks.0.full_ffn.W_down'] -> 1920 units, ranked by grad; top: d'=-0.14 attr=5.8; share of positive attribution in top 32 = 0.16
    done in 75s, 1416 rows so far
[run] kimi_add_rho0.02_wd0.3_tiersNone seed=1001
  [kimi s1001 step final] baseline: test 0.999 acc_exc 1.000 overreg 0.000 best=rulex
    top modes in : [21, 36, 30, 46, 5, 32]  (k90 = 47)
    top modes out: [30, 13, 46, 32, 44, 29]  (k90 = 41)
    unit sites: ['backbone.blocks.0.kda_ffns.0.W_down', 'backbone.blocks.0.kda_ffns.1.W_down', 'backbone.blocks.0.kda_ffns.2.W_down', 'backbone.blocks.0.full_ffn.W_down'] -> 1920 units, ranked by grad; top: d'=0.09 attr=6.8; share of positive attribution in top 32 = 0.15
    done in 75s, 1770 rows so far
[run] kimi_add_rho0.02_wd0.3_tiersNone seed=1002
  [kimi s1002 step final] baseline: test 0.999 acc_exc 1.000 overreg 0.000 best=rulex
    top modes in : [8, 10, 49, 30, 56, 51]  (k90 = 53)
    top modes out: [57, 51, 44, 2, 70, 39]  (k90 = 28)
    unit sites: ['backbone.blocks.0.kda_ffns.0.W_down', 'backbone.blocks.0.kda_ffns.1.W_down', 'backbone.blocks.0.kda_ffns.2.W_down', 'backbone.blocks.0.full_ffn.W_down'] -> 1920 units, ranked by grad; top: d'=-0.58 attr=9.5; share of positive attribution in top 32 = 0.34
    done in 110s, 2124 rows so far
[run] kimi_add_rho0.05_wd0.1_tiersNone seed=1000
  [kimi s1000 step final] baseline: test 0.985 acc_exc 1.000 overreg 0.000 best=rulex
    top modes in : [54, 4, 26, 23, 42, 13]  (k90 = 60)
    top modes out: [4, 47, 54, 26, 42, 36]  (k90 = 54)
    unit sites: ['backbone.blocks.0.kda_ffns.0.W_down', 'backbone.blocks.0.kda_ffns.1.W_down', 'backbone.blocks.0.kda_ffns.2.W_down', 'backbone.blocks.0.full_ffn.W_down'] -> 1920 units, ranked by grad; top: d'=0.06 attr=15.0; share of positive attribution in top 32 = 0.07
    done in 153s, 2478 rows so far
[run] kimi_add_rho0.05_wd0.1_tiersNone seed=1001
  [kimi s1001 step final] baseline: test 0.872 acc_exc 1.000 overreg 0.000 best=rulex
    top modes in : [64, 72, 15, 51, 5, 35]  (k90 = 60)
    top modes out: [15, 64, 51, 72, 5, 17]  (k90 = 54)
    unit sites: ['backbone.blocks.0.kda_ffns.0.W_down', 'backbone.blocks.0.kda_ffns.1.W_down', 'backbone.blocks.0.kda_ffns.2.W_down', 'backbone.blocks.0.full_ffn.W_down'] -> 1920 units, ranked by grad; top: d'=0.12 attr=15.8; share of positive attribution in top 32 = 0.06
    done in 169s, 2832 rows so far
[run] kimi_add_rho0.05_wd0.1_tiersNone seed=1002
  [kimi s1002 step final] baseline: test 0.946 acc_exc 1.000 overreg 0.000 best=rulex
    top modes in : [38, 44, 59, 72, 25, 74]  (k90 = 60)
    top modes out: [38, 44, 59, 25, 72, 49]  (k90 = 54)
    unit sites: ['backbone.blocks.0.kda_ffns.0.W_down', 'backbone.blocks.0.kda_ffns.1.W_down', 'backbone.blocks.0.kda_ffns.2.W_down', 'backbone.blocks.0.full_ffn.W_down'] -> 1920 units, ranked by grad; top: d'=-0.10 attr=15.9; share of positive attribution in top 32 = 0.07
    done in 169s, 3186 rows so far
[run] kimi_add_rho0.05_wd0.3_tiersNone seed=1000
  [kimi s1000 step final] baseline: test 0.998 acc_exc 0.995 overreg 0.005 best=rulex
    top modes in : [34, 44, 62, 42, 23, 74]  (k90 = 55)
    top modes out: [44, 42, 34, 62, 49, 23]  (k90 = 46)
    unit sites: ['backbone.blocks.0.kda_ffns.0.W_down', 'backbone.blocks.0.kda_ffns.1.W_down', 'backbone.blocks.0.kda_ffns.2.W_down', 'backbone.blocks.0.full_ffn.W_down'] -> 1920 units, ranked by grad; top: d'=0.12 attr=14.9; share of positive attribution in top 32 = 0.11
    done in 168s, 3540 rows so far
[run] kimi_add_rho0.05_wd0.3_tiersNone seed=1001
  [kimi s1001 step final] baseline: test 0.997 acc_exc 0.996 overreg 0.004 best=rulex
    top modes in : [33, 64, 9, 17, 5, 44]  (k90 = 56)
    top modes out: [44, 10, 29, 12, 4, 11]  (k90 = 44)
    unit sites: ['backbone.blocks.0.kda_ffns.0.W_down', 'backbone.blocks.0.kda_ffns.1.W_down', 'backbone.blocks.0.kda_ffns.2.W_down', 'backbone.blocks.0.full_ffn.W_down'] -> 1920 units, ranked by grad; top: d'=-0.06 attr=13.9; share of positive attribution in top 32 = 0.13
    done in 170s, 3894 rows so far
[run] kimi_add_rho0.05_wd0.3_tiersNone seed=1002
  [kimi s1002 step final] baseline: test 0.993 acc_exc 0.996 overreg 0.004 best=rulex
    top modes in : [33, 38, 12, 3, 57, 44]  (k90 = 55)
    top modes out: [38, 3, 12, 57, 28, 59]  (k90 = 40)
    unit sites: ['backbone.blocks.0.kda_ffns.0.W_down', 'backbone.blocks.0.kda_ffns.1.W_down', 'backbone.blocks.0.kda_ffns.2.W_down', 'backbone.blocks.0.full_ffn.W_down'] -> 1920 units, ranked by grad; top: d'=-0.38 attr=25.0; share of positive attribution in top 32 = 0.13
    done in 164s, 4248 rows so far
[run] kimi_add_rho0_wd0.1_tiersNone seed=1000
  [kimi s1000 step final] baseline: test 0.996 acc_exc nan overreg nan best=rule
    top modes in : [58, 7, 62, 35, 38, 8]  (k90 = 56)
    top modes out: [58, 7, 62, 35, 38, 57]  (k90 = 53)
    [units] skipped: run has no exceptions (rho = 0)
    done in 140s, 4558 rows so far
[run] kimi_add_rho0_wd0.1_tiersNone seed=1001
  [kimi s1001 step final] baseline: test 0.999 acc_exc nan overreg nan best=rule
    top modes in : [59, 39, 26, 60, 48, 12]  (k90 = 54)
    top modes out: [59, 39, 26, 60, 36, 48]  (k90 = 53)
    [units] skipped: run has no exceptions (rho = 0)
    done in 140s, 4868 rows so far
[run] kimi_add_rho0_wd0.1_tiersNone seed=1002
  [kimi s1002 step final] baseline: test 0.997 acc_exc nan overreg nan best=rule
    top modes in : [71, 59, 13, 46, 45, 67]  (k90 = 56)
    top modes out: [67, 71, 59, 13, 46, 45]  (k90 = 52)
    [units] skipped: run has no exceptions (rho = 0)
    done in 141s, 5178 rows so far
[run] kimi_add_rho0_wd0.3_tiersNone seed=1000
  [kimi s1000 step final] baseline: test 1.000 acc_exc nan overreg nan best=rule
    top modes in : [11, 58, 13, 7, 70, 63]  (k90 = 47)
    top modes out: [11, 58, 13, 7, 70, 63]  (k90 = 47)
    [units] skipped: run has no exceptions (rho = 0)
    done in 143s, 5488 rows so far
[run] kimi_add_rho0_wd0.3_tiersNone seed=1001
  [kimi s1001 step final] baseline: test 1.000 acc_exc nan overreg nan best=rule
    top modes in : [26, 39, 62, 48, 32, 64]  (k90 = 46)
    top modes out: [26, 39, 64, 32, 48, 62]  (k90 = 48)
    [units] skipped: run has no exceptions (rho = 0)
    done in 139s, 5798 rows so far
[run] kimi_add_rho0_wd0.3_tiersNone seed=1002
  [kimi s1002 step final] baseline: test 1.000 acc_exc nan overreg nan best=rule
    top modes in : [71, 67, 59, 20, 25, 58]  (k90 = 49)
    top modes out: [67, 59, 71, 20, 25, 46]  (k90 = 47)
    [units] skipped: run has no exceptions (rho = 0)
    done in 109s, 6108 rows so far

saved exceptions_runs/paper/lesions/lesions_table_kimi.csv (6108 rows)
arch  seed  step    lesion  side  param   dose  test_acc  test_ce  acc_exc  overreg_rate  exc_logit_gap   best_model  gcm_circular_lambda  rulex_m
kimi  1000 final      none     -      0  0.000     0.744    0.832    1.000         0.000         17.163        rulex                8.530     1.00
kimi  1000 final   lowpass    in      0  0.000     0.007   17.550    0.000         0.014          0.398      uniform                0.200     0.00
kimi  1000 final   lowpass    in      1  1.000     0.011   13.624    0.000         0.018         -1.403   gcm_linear                2.828     0.00
kimi  1000 final   lowpass    in      2  2.000     0.010   13.709    0.005         0.023         -0.750 gcm_circular                2.828     0.00
kimi  1000 final   lowpass    in      3  3.000     0.009   14.126    0.000         0.009         -0.880 gcm_circular                2.268     0.00
kimi  1000 final   lowpass    in      4  4.000     0.008   14.141    0.005         0.009         -0.087 gcm_circular                1.819     0.00
kimi  1000 final   lowpass    in      6  6.000     0.010   13.794    0.023         0.009          0.268 gcm_circular                1.819     1.00
kimi  1000 final   lowpass    in      8  8.000     0.012   13.789    0.009         0.005          0.352 gcm_circular                1.819     1.00
kimi  1000 final   lowpass    in     12 12.000     0.045    7.871    0.027         0.032         -6.152 gcm_circular                2.268     0.44
kimi  1000 final   lowpass    in     16 16.000     0.058    7.468    0.032         0.041         -6.130        rulex                2.268     0.42
kimi  1000 final   lowpass    in     24 24.000     0.073    6.861    0.045         0.032         -4.139        rulex                2.828     0.60
kimi  1000 final   lowpass    in     32 32.000     0.096    6.431    0.162         0.041         -0.747        rulex                2.828     0.84
kimi  1000 final   lowpass    in     48 48.000     0.428    2.272    0.766         0.023          9.264        rulex                3.527     0.98
kimi  1000 final   lowpass    in     74 74.000     0.744    0.832    1.000         0.000         17.163        rulex                8.530     1.00
kimi  1000 final   lowpass   out      0  0.000     0.007    5.004    0.000         0.009          0.000      uniform                0.200     0.00
kimi  1000 final   lowpass   out      1  1.000     0.006    5.055    0.005         0.005          0.310      uniform                0.200     0.50
kimi  1000 final   lowpass   out      2  2.000     0.006    5.097    0.018         0.009          0.508      uniform                0.200     1.00
kimi  1000 final   lowpass   out      3  3.000     0.005    5.130    0.032         0.009          0.681  gcm_hamming                0.249     1.00
kimi  1000 final   lowpass   out      4  4.000     0.005    5.163    0.054         0.005          0.854  gcm_hamming                0.388     1.00
kimi  1000 final   lowpass   out      6  6.000     0.005    5.249    0.099         0.005          1.326  gcm_hamming                0.484     1.00
kimi  1000 final   lowpass   out      8  8.000     0.004    5.323    0.140         0.005          1.859  gcm_hamming                0.484     1.00
kimi  1000 final   lowpass   out     12 12.000     0.036    4.105    0.221         0.000          2.865        rulex                1.459     1.00
kimi  1000 final   lowpass   out     16 16.000     0.062    3.827    0.369         0.005          3.841        rulex                1.170     1.00
kimi  1000 final   lowpass   out     24 24.000     0.052    4.083    0.563         0.000          5.674        rulex                1.170     1.00
kimi  1000 final   lowpass   out     32 32.000     0.043    4.399    0.770         0.000          7.382  gcm_hamming                1.170     1.00
kimi  1000 final   lowpass   out     48 48.000     0.252    2.716    0.991         0.000         11.128        rulex                1.459     1.00
kimi  1000 final   lowpass   out     74 74.000     0.744    0.832    1.000         0.000         17.163        rulex                8.530     1.00
kimi  1000 final   lowpass  both      0  0.000     0.007    5.004    0.000         0.009          0.000      uniform                0.200     0.00
kimi  1000 final   lowpass  both      1  1.000     0.031    4.484    0.000         0.041         -0.758 gcm_circular                8.530     0.00
kimi  1000 final   lowpass  both      2  2.000     0.025    4.547    0.009         0.027         -0.682 gcm_circular                6.840     0.06
kimi  1000 final   lowpass  both      3  3.000     0.017    4.679    0.005         0.018         -0.524 gcm_circular                4.398     0.00
kimi  1000 final   lowpass  both      4  4.000     0.019    4.698    0.000         0.023         -0.495 gcm_circular                4.398     0.00
kimi  1000 final   lowpass  both      6  6.000     0.030    4.642    0.005         0.027         -0.640 gcm_circular                3.527     0.00
kimi  1000 final   lowpass  both      8  8.000     0.028    4.661    0.005         0.032         -0.626 gcm_circular                2.828     0.00
kimi  1000 final   lowpass  both     12 12.000     0.088    3.745    0.009         0.090         -8.253         rule                2.828     0.04
kimi  1000 final   lowpass  both     16 16.000     0.129    3.448    0.005         0.104         -8.347         rule                2.828     0.00
kimi  1000 final   lowpass  both     24 24.000     0.144    3.366    0.009         0.086         -7.501         rule                2.828     0.06
kimi  1000 final   lowpass  both     32 32.000     0.120    3.537    0.036         0.077         -5.044        rulex                2.828     0.30
kimi  1000 final   lowpass  both     48 48.000     0.326    2.356    0.518         0.050          3.078        rulex                2.268     0.92
kimi  1000 final   lowpass  both     74 74.000     0.744    0.832    1.000         0.000         17.163        rulex                8.530     1.00
kimi  1000 final      etop    in      0  0.000     0.744    0.832    1.000         0.000         17.163        rulex                8.530     1.00
kimi  1000 final      etop    in      1  0.050     0.594    1.371    0.995         0.000         16.848        rulex                5.485     1.00
kimi  1000 final      etop    in      2  0.100     0.552    1.612    0.995         0.000         17.216        rulex                5.485     1.00
kimi  1000 final      etop    in      5  0.200     0.445    2.208    0.986         0.000         17.420        rulex                4.398     1.00
kimi  1000 final      etop    in      8  0.300     0.380    2.668    0.991         0.000         17.314        rulex                3.527     1.00
kimi  1000 final      etop    in     14  0.400     0.304    3.381    0.941         0.009         15.158        rulex                2.828     1.00
kimi  1000 final      etop    in     21  0.500     0.224    4.474    0.775         0.005         11.930        rulex                1.819     1.00
kimi  1000 final      etop    in     29  0.600     0.152    5.964    0.563         0.023          9.087        rulex                1.170     1.00
kimi  1000 final      etop    in     39  0.700     0.060    9.356    0.230         0.009          4.891        rulex                0.484     1.00
kimi  1000 final      etop    in     49  0.800     0.021   12.256    0.072         0.009          2.143  gcm_hamming                0.311     1.00
kimi  1000 final      etop    in     61  0.900     0.008   14.604    0.014         0.000          1.432  gcm_hamming                0.484     1.00
kimi  1000 final      etop    in     67  0.950     0.007   14.760    0.009         0.000         -0.463  gcm_hamming                0.388     1.00
kimi  1000 final      etop    in     74  1.000     0.007   17.550    0.000         0.014          0.398      uniform                0.200     0.00
kimi  1000 final      etop   out      0  0.000     0.744    0.832    1.000         0.000         17.163        rulex                8.530     1.00
kimi  1000 final      etop   out      1  0.050     0.478    1.839    1.000         0.000         17.299        rulex                4.398     1.00
kimi  1000 final      etop   out      2  0.100     0.255    3.035    0.995         0.000         17.295        rulex                2.268     1.00
kimi  1000 final      etop   out      3  0.200     0.106    4.314    0.995         0.000         17.267        rulex                1.170     1.00
kimi  1000 final      etop   out      5  0.300     0.020    6.138    1.000         0.000         16.895  gcm_hamming                0.603     1.00
kimi  1000 final      etop   out      8  0.400     0.004    7.378    0.991         0.000         15.478  gcm_hamming                0.938     1.00
kimi  1000 final      etop   out     13  0.500     0.002    7.360    1.000         0.000         13.506  gcm_hamming                0.938     1.00
kimi  1000 final      etop   out     21  0.600     0.002    7.045    0.986         0.000         10.975  gcm_hamming                0.938     1.00
kimi  1000 final      etop   out     31  0.700     0.001    6.618    0.950         0.000          8.410  gcm_hamming                0.938     1.00
kimi  1000 final      etop   out     43  0.800     0.002    6.134    0.793         0.000          5.694  gcm_hamming                0.938     1.00
kimi  1000 final      etop   out     57  0.900     0.003    5.580    0.486         0.005          2.882  gcm_hamming                0.603     1.00
kimi  1000 final      etop   out     65  0.950     0.003    5.300    0.230         0.000          1.485  gcm_hamming                0.484     1.00
kimi  1000 final      etop   out     74  1.000     0.007    5.004    0.000         0.009          0.000      uniform                0.200     0.00
kimi  1000 final      etop  both      0  0.000     0.744    0.832    1.000         0.000         17.163        rulex                8.530     1.00
kimi  1000 final      etop  both      1  0.050     0.500    1.746    0.995         0.000         15.629        rulex                5.485     1.00
kimi  1000 final      etop  both      2  0.100     0.296    2.881    0.986         0.000         15.237        rulex                2.828     1.00
kimi  1000 final      etop  both      5  0.200     0.088    4.821    0.982         0.000         15.470        rulex                1.819     1.00
kimi  1000 final      etop  both      8  0.300     0.015    6.936    0.995         0.000         15.465  gcm_hamming                0.938     1.00
kimi  1000 final      etop  both     14  0.400     0.004    7.626    0.950         0.000         12.614  gcm_hamming                0.752     1.00
kimi  1000 final      etop  both     21  0.500     0.003    7.306    0.802         0.000          9.236  gcm_hamming                0.484     1.00
kimi  1000 final      etop  both     29  0.600     0.004    6.684    0.595         0.005          5.993  gcm_hamming                0.603     1.00
kimi  1000 final      etop  both     39  0.700     0.005    6.135    0.212         0.000          2.680  gcm_hamming                0.311     1.00
kimi  1000 final      etop  both     49  0.800     0.007    5.656    0.095         0.005          0.881  gcm_hamming                0.484     1.00
kimi  1000 final      etop  both     61  0.900     0.008    5.269    0.014         0.000          0.025  gcm_hamming                0.484     1.00
kimi  1000 final      etop  both     67  0.950     0.007    5.112    0.000         0.009         -0.105   gcm_linear                0.200     0.00
kimi  1000 final      etop  both     74  1.000     0.007    5.004    0.000         0.009          0.000      uniform                0.200     0.00
kimi  1000 final   ebottom    in      0  0.000     0.744    0.832    1.000         0.000         17.163        rulex                8.530     1.00
kimi  1000 final   ebottom    in      8  0.050     0.753    0.803    0.995         0.005         16.206        rulex                8.530     1.00
kimi  1000 final   ebottom    in     14  0.100     0.757    0.787    1.000         0.000         15.229        rulex                8.530     1.00
kimi  1000 final   ebottom    in     26  0.200     0.772    0.730    0.973         0.014         12.560        rulex                8.530     0.98
kimi  1000 final   ebottom    in     36  0.300     0.769    0.718    0.865         0.054          8.992        rulex                8.530     0.94
kimi  1000 final   ebottom    in     46  0.400     0.746    0.840    0.653         0.158          4.521        rulex                8.530     0.80
kimi  1000 final   ebottom    in     54  0.500     0.696    1.017    0.365         0.288         -0.397        rulex                6.840     0.56
kimi  1000 final   ebottom    in     61  0.600     0.618    1.437    0.144         0.392         -5.755        rulex                5.485     0.26
kimi  1000 final   ebottom    in     67  0.700     0.433    2.373    0.027         0.297        -10.875        rulex                3.527     0.08
kimi  1000 final   ebottom    in     70  0.800     0.281    3.131    0.014         0.261        -12.926         rule                2.828     0.04
kimi  1000 final   ebottom    in     73  0.900     0.038    5.886    0.009         0.045         -9.833         rule                0.200     0.04
kimi  1000 final   ebottom    in     74  0.950     0.007   17.550    0.000         0.014          0.398      uniform                0.200     0.00
kimi  1000 final   ebottom    in     74  1.000     0.007   17.550    0.000         0.014          0.398      uniform                0.200     0.00
kimi  1000 final   ebottom   out      0  0.000     0.744    0.832    1.000         0.000         17.163        rulex                8.530     1.00
kimi  1000 final   ebottom   out     10  0.050     0.778    0.703    1.000         0.000         15.522        rulex                8.530     1.00
kimi  1000 final   ebottom   out     18  0.100     0.808    0.598    0.995         0.005         14.109        rulex               10.637     1.00
kimi  1000 final   ebottom   out     32  0.200     0.869    0.422    0.986         0.005         11.246        rulex               13.264     1.00
kimi  1000 final   ebottom   out     44  0.300     0.910    0.301    0.941         0.041          8.502        rulex               16.541     0.96
kimi  1000 final   ebottom   out     54  0.400     0.942    0.212    0.851         0.090          5.890        rulex               20.627     0.90
kimi  1000 final   ebottom   out     62  0.500     0.963    0.150    0.595         0.216          3.280        rulex               32.076     0.74
kimi  1000 final   ebottom   out     67  0.600     0.964    0.175    0.396         0.288          1.250        rulex               32.076     0.58
kimi  1000 final   ebottom   out     70  0.700     0.850    0.693    0.140         0.189          0.162        rulex               10.637     0.42
kimi  1000 final   ebottom   out     72  0.800     0.254    2.461    0.050         0.054         -0.131        rulex                5.485     0.48
kimi  1000 final   ebottom   out     73  0.900     0.049    3.741    0.018         0.023         -0.135         rule                0.200     0.44
kimi  1000 final   ebottom   out     74  0.950     0.007    5.004    0.000         0.009          0.000      uniform                0.200     0.00
kimi  1000 final   ebottom   out     74  1.000     0.007    5.004    0.000         0.009          0.000      uniform                0.200     0.00
kimi  1000 final   ebottom  both      0  0.000     0.744    0.832    1.000         0.000         17.163        rulex                8.530     1.00
kimi  1000 final   ebottom  both      8  0.050     0.789    0.675    0.995         0.005         14.590        rulex               10.637     1.00
kimi  1000 final   ebottom  both     14  0.100     0.820    0.560    0.991         0.009         12.280        rulex               10.637     0.98
kimi  1000 final   ebottom  both     26  0.200     0.883    0.371    0.896         0.063          7.204        rulex               16.541     0.94
kimi  1000 final   ebottom  both     36  0.300     0.911    0.288    0.527         0.293          1.984        rulex               16.541     0.64
kimi  1000 final   ebottom  both     46  0.400     0.900    0.329    0.171         0.518         -3.201        rulex               16.541     0.24
kimi  1000 final   ebottom  both     54  0.500     0.873    0.424    0.072         0.617         -7.715        rulex               13.264     0.10
kimi  1000 final   ebottom  both     61  0.600     0.769    0.800    0.023         0.604        -10.944        rulex                8.530     0.04
kimi  1000 final   ebottom  both     67  0.700     0.357    2.245    0.023         0.315        -10.922         rule                3.527     0.06
kimi  1000 final   ebottom  both     70  0.800     0.197    2.547    0.000         0.153        -10.729         rule                3.527     0.00
kimi  1000 final   ebottom  both     73  0.900     0.068    3.362    0.005         0.054        -10.256         rule                0.200     0.00
kimi  1000 final   ebottom  both     74  0.950     0.007    5.004    0.000         0.009          0.000      uniform                0.200     0.00
kimi  1000 final   ebottom  both     74  1.000     0.007    5.004    0.000         0.009          0.000      uniform                0.200     0.00
kimi  1000 final     erand    in      0  0.000     0.744    0.832    1.000         0.000         17.163        rulex                8.530     1.00
kimi  1000 final     erand    in      4  0.050     0.749    0.820    1.000         0.000         16.082        rulex                8.530     1.00
kimi  1000 final     erand    in      6  0.100     0.737    0.865    0.995         0.005         15.218        rulex                8.530     1.00
kimi  1000 final     erand    in     14  0.200     0.697    0.998    0.973         0.009         13.391        rulex                6.840     1.00
kimi  1000 final     erand    in     22  0.300     0.639    1.213    0.878         0.041         10.766        rulex                5.485     0.96
kimi  1000 final     erand    in     26  0.400     0.427    2.230    0.784         0.036          9.289        rulex                3.527     0.96
kimi  1000 final     erand    in     35  0.500     0.342    2.768    0.459         0.068          4.377        rulex                2.828     0.88
kimi  1000 final     erand    in     40  0.600     0.228    4.310    0.401         0.027          4.593        rulex                2.268     0.96
kimi  1000 final     erand    in     50  0.700     0.077    7.916    0.135         0.014          2.425        rulex                1.170     0.98
kimi  1000 final     erand    in     56  0.800     0.026   11.887    0.045         0.014          2.645        rulex                0.311     0.98
kimi  1000 final     erand    in     65  0.900     0.008   14.169    0.014         0.005          1.599  gcm_hamming                0.200     1.00
kimi  1000 final     erand    in     69  0.950     0.009   14.271    0.005         0.009         -0.441  gcm_hamming                0.249     0.00
kimi  1000 final     erand    in     74  1.000     0.007   17.550    0.000         0.014          0.398      uniform                0.200     0.00
kimi  1000 final     erand    in      0  0.000     0.744    0.832    1.000         0.000         17.163        rulex                8.530     1.00
kimi  1000 final     erand    in      4  0.050     0.725    0.901    1.000         0.000         16.409        rulex                8.530     1.00
kimi  1000 final     erand    in      8  0.100     0.723    0.903    1.000         0.000         15.264        rulex                8.530     1.00
kimi  1000 final     erand    in     17  0.200     0.652    1.187    0.964         0.014         13.206        rulex                5.485     0.98
kimi  1000 final     erand    in     24  0.300     0.640    1.234    0.905         0.018         10.709        rulex                5.485     0.98
kimi  1000 final     erand    in     33  0.400     0.574    1.532    0.712         0.077          7.156        rulex                4.398     0.90
kimi  1000 final     erand    in     39  0.500     0.358    2.858    0.459         0.068          3.813        rulex                2.828     0.88
kimi  1000 final     erand    in     47  0.600     0.221    4.088    0.194         0.054         -1.110        rulex                2.268     0.80
kimi  1000 final     erand    in     56  0.700     0.135    5.194    0.063         0.059         -4.878        rulex                1.459     0.52
kimi  1000 final     erand    in     64  0.800     0.078    5.868    0.027         0.050         -8.539         rule                0.388     0.32
kimi  1000 final     erand    in     67  0.900     0.029   10.168    0.014         0.027         -2.789         rule                0.752     0.20
kimi  1000 final     erand    in     72  0.950     0.022   10.691    0.009         0.009         -3.420         rule                0.200     0.50
kimi  1000 final     erand    in     74  1.000     0.007   17.550    0.000         0.014          0.398      uniform                0.200     0.00
kimi  1000 final     erand    in      0  0.000     0.744    0.832    1.000         0.000         17.163        rulex                8.530     1.00
kimi  1000 final     erand    in      5  0.050     0.756    0.796    0.995         0.000         15.793        rulex                8.530     1.00
kimi  1000 final     erand    in      9  0.100     0.750    0.806    0.995         0.000         15.097        rulex                8.530     1.00
kimi  1000 final     erand    in     19  0.200     0.729    0.885    0.973         0.009         12.298        rulex                8.530     0.98
kimi  1000 final     erand    in     24  0.300     0.651    1.169    0.905         0.041         10.479        rulex                6.840     0.96
kimi  1000 final     erand    in     32  0.400     0.557    1.580    0.680         0.095          6.314        rulex                5.485     0.88
kimi  1000 final     erand    in     41  0.500     0.466    2.084    0.410         0.126          1.397        rulex                5.485     0.76
kimi  1000 final     erand    in     43  0.600     0.200    4.258    0.239         0.054          0.626        rulex                1.819     0.84
kimi  1000 final     erand    in     49  0.700     0.081    7.076    0.108         0.023         -0.464        rulex                1.459     0.88
kimi  1000 final     erand    in     56  0.800     0.021   12.974    0.050         0.014          2.713  gcm_hamming                1.170     1.00
kimi  1000 final     erand    in     65  0.900     0.012   14.118    0.009         0.005          1.332 gcm_circular                1.170     1.00
kimi  1000 final     erand    in     70  0.950     0.009   14.294    0.009         0.009         -0.451  gcm_hamming                0.484     0.50
kimi  1000 final     erand    in     74  1.000     0.007   17.550    0.000         0.014          0.398      uniform                0.200     0.00
kimi  1000 final     erand   out      0  0.000     0.744    0.832    1.000         0.000         17.163        rulex                8.530     1.00
kimi  1000 final     erand   out      4  0.050     0.762    0.765    0.995         0.005         15.909        rulex                8.530     1.00
kimi  1000 final     erand   out      7  0.100     0.755    0.773    0.995         0.005         14.775        rulex                8.530     1.00
kimi  1000 final     erand   out     15  0.200     0.662    1.087    0.995         0.005         13.158        rulex                6.840     1.00
kimi  1000 final     erand   out     24  0.300     0.582    1.331    0.995         0.005         10.799        rulex                4.398     1.00
kimi  1000 final     erand   out     27  0.400     0.255    2.628    0.977         0.000         10.514        rulex                1.819     1.00
kimi  1000 final     erand   out     38  0.500     0.124    3.493    0.941         0.000          8.203        rulex                1.819     1.00
kimi  1000 final     erand   out     42  0.600     0.133    3.374    0.905         0.000          7.232        rulex                1.819     1.00
kimi  1000 final     erand   out     50  0.700     0.043    4.291    0.829         0.000          5.689  gcm_hamming                1.819     1.00
kimi  1000 final     erand   out     56  0.800     0.008    5.235    0.721         0.005          3.981  gcm_hamming                0.484     1.00
kimi  1000 final     erand   out     65  0.900     0.004    5.315    0.369         0.000          1.959  gcm_hamming                0.249     1.00
kimi  1000 final     erand   out     69  0.950     0.005    5.199    0.140         0.005          1.017  gcm_hamming                0.311     1.00
kimi  1000 final     erand   out     74  1.000     0.007    5.004    0.000         0.009          0.000      uniform                0.200     0.00
kimi  1000 final     erand   out      0  0.000     0.744    0.832    1.000         0.000         17.163        rulex                8.530     1.00
kimi  1000 final     erand   out      4  0.050     0.634    1.213    1.000         0.000         16.235        rulex                5.485     1.00
kimi  1000 final     erand   out      7  0.100     0.648    1.147    1.000         0.000         15.534        rulex                6.840     1.00
kimi  1000 final     erand   out     17  0.200     0.401    2.056    1.000         0.000         13.605        rulex                2.828     1.00
kimi  1000 final     erand   out     25  0.300     0.423    1.914    0.986         0.000         11.928        rulex                2.828     1.00
kimi  1000 final     erand   out     35  0.400     0.375    2.088    0.955         0.014          9.781        rulex                2.268     1.00
kimi  1000 final     erand   out     39  0.500     0.178    3.130    0.946         0.000          9.003        rulex                1.170     1.00
kimi  1000 final     erand   out     48  0.600     0.212    2.868    0.865         0.005          6.716        rulex                1.459     1.00
kimi  1000 final     erand   out     57  0.700     0.264    2.569    0.631         0.018          4.237        rulex                1.819     0.98
kimi  1000 final     erand   out     66  0.800     0.213    2.730    0.248         0.032          1.750        rulex                1.819     0.90
kimi  1000 final     erand   out     70  0.900     0.052    3.875    0.135         0.023          1.307        rulex                2.268     0.94
kimi  1000 final     erand   out     74  0.950     0.007    5.004    0.000         0.009          0.000      uniform                0.200     0.00
kimi  1000 final     erand   out     74  1.000     0.007    5.004    0.000         0.009          0.000      uniform                0.200     0.00
kimi  1000 final     erand   out      0  0.000     0.744    0.832    1.000         0.000         17.163        rulex                8.530     1.00
kimi  1000 final     erand   out      5  0.050     0.768    0.749    1.000         0.000         15.839        rulex                8.530     1.00
kimi  1000 final     erand   out     12  0.100     0.792    0.657    0.991         0.000         14.099        rulex               10.637     1.00
kimi  1000 final     erand   out     19  0.200     0.763    0.766    0.995         0.005         12.381        rulex                8.530     1.00
kimi  1000 final     erand   out     24  0.300     0.498    1.596    0.995         0.000         11.219        rulex                5.485     1.00
kimi  1000 final     erand   out     32  0.400     0.404    1.813    0.959         0.014          8.941        rulex                5.485     1.00
kimi  1000 final     erand   out     41  0.500     0.371    1.796    0.865         0.023          6.418        rulex                5.485     0.98
kimi  1000 final     erand   out     43  0.600     0.053    3.796    0.856         0.000          6.446  gcm_hamming                0.484     1.00
kimi  1000 final     erand   out     49  0.700     0.018    4.632    0.770         0.000          5.362  gcm_hamming                0.752     1.00
kimi  1000 final     erand   out     56  0.800     0.004    5.696    0.649         0.000          4.135  gcm_hamming                0.603     1.00
kimi  1000 final     erand   out     63  0.900     0.005    5.422    0.428         0.000          2.570  gcm_hamming                0.388     1.00
kimi  1000 final     erand   out     69  0.950     0.006    5.162    0.086         0.000          1.174  gcm_hamming                0.603     1.00
kimi  1000 final     erand   out     74  1.000     0.007    5.004    0.000         0.009          0.000      uniform                0.200     0.00
kimi  1000 final     erand  both      0  0.000     0.744    0.832    1.000         0.000         17.163        rulex                8.530     1.00
kimi  1000 final     erand  both      4  0.050     0.783    0.704    0.986         0.005         14.689        rulex                8.530     1.00
kimi  1000 final     erand  both      6  0.100     0.542    1.515    0.991         0.000         13.696        rulex                4.398     1.00
kimi  1000 final     erand  both     14  0.200     0.555    1.426    0.919         0.023          9.731        rulex                5.485     0.98
kimi  1000 final     erand  both     22  0.300     0.176    3.195    0.806         0.014          7.905        rulex                0.200     1.00
kimi  1000 final     erand  both     26  0.400     0.107    4.033    0.676         0.000          7.326        rulex                0.938     1.00
kimi  1000 final     erand  both     35  0.500     0.066    4.449    0.410         0.014          3.612        rulex                1.170     1.00
kimi  1000 final     erand  both     40  0.600     0.061    4.360    0.189         0.032          0.671        rulex                0.938     0.94
kimi  1000 final     erand  both     50  0.700     0.026    5.781    0.072         0.018          0.857        rulex                0.603     1.00
kimi  1000 final     erand  both     56  0.800     0.009    6.629    0.023         0.014          0.568  gcm_hamming                0.200     1.00
kimi  1000 final     erand  both     65  0.900     0.007    5.687    0.005         0.000          0.073      uniform                0.200     1.00
kimi  1000 final     erand  both     69  0.950     0.007    5.146    0.000         0.009         -0.001      uniform                0.200     0.00
kimi  1000 final     erand  both     74  1.000     0.007    5.004    0.000         0.009          0.000      uniform                0.200     0.00
kimi  1000 final     erand  both      0  0.000     0.744    0.832    1.000         0.000         17.163        rulex                8.530     1.00
kimi  1000 final     erand  both      4  0.050     0.441    1.990    1.000         0.000         16.574        rulex                4.398     1.00
kimi  1000 final     erand  both      8  0.100     0.453    1.917    0.995         0.000         15.009        rulex                4.398     1.00
kimi  1000 final     erand  both     17  0.200     0.349    2.434    0.937         0.000         12.069        rulex                3.527     1.00
kimi  1000 final     erand  both     24  0.300     0.258    2.703    0.802         0.014          8.356        rulex                3.527     1.00
kimi  1000 final     erand  both     33  0.400     0.263    2.635    0.586         0.023          4.826        rulex                3.527     0.98
kimi  1000 final     erand  both     39  0.500     0.150    3.721    0.347         0.041          2.840        rulex                2.268     0.92
kimi  1000 final     erand  both     47  0.600     0.054    4.805    0.095         0.023          0.840        rulex                0.752     0.88
kimi  1000 final     erand  both     56  0.700     0.022    5.309    0.041         0.014          0.056  gcm_hamming                0.388     0.94
kimi  1000 final     erand  both     64  0.800     0.017    5.233    0.023         0.005         -0.865  gcm_hamming                0.200     1.00
kimi  1000 final     erand  both     67  0.900     0.007    5.216    0.009         0.014          0.132      uniform                0.200     0.00
kimi  1000 final     erand  both     72  0.950     0.008    5.165    0.005         0.009         -0.003      uniform                0.200     0.00
kimi  1000 final     erand  both     74  1.000     0.007    5.004    0.000         0.009          0.000      uniform                0.200     0.00
kimi  1000 final     erand  both      0  0.000     0.744    0.832    1.000         0.000         17.163        rulex                8.530     1.00
kimi  1000 final     erand  both      5  0.050     0.495    1.738    0.991         0.000         15.463        rulex                2.828     1.00
kimi  1000 final     erand  both      9  0.100     0.498    1.714    0.991         0.000         14.595        rulex                3.527     1.00
kimi  1000 final     erand  both     19  0.200     0.389    2.162    0.914         0.014         10.445        rulex                2.268     1.00
kimi  1000 final     erand  both     24  0.300     0.343    2.331    0.793         0.032          7.176        rulex                1.819     0.98
kimi  1000 final     erand  both     32  0.400     0.203    2.964    0.473         0.041          3.139        rulex                0.938     0.94
kimi  1000 final     erand  both     41  0.500     0.160    3.229    0.180         0.063         -0.419        rulex                0.388     0.76
kimi  1000 final     erand  both     43  0.600     0.020    5.651    0.225         0.000          2.907  gcm_hamming                1.170     1.00
kimi  1000 final     erand  both     49  0.700     0.013    6.368    0.077         0.000          1.875  gcm_hamming                0.752     1.00
kimi  1000 final     erand  both     56  0.800     0.007    6.521    0.018         0.000          0.838  gcm_hamming                0.200     1.00
kimi  1000 final     erand  both     65  0.900     0.008    6.242    0.005         0.000          0.134      uniform                0.200     1.00
kimi  1000 final     erand  both     70  0.950     0.007    5.004    0.000         0.009          0.000      uniform                0.200     0.00
kimi  1000 final     erand  both     74  1.000     0.007    5.004    0.000         0.009          0.000      uniform                0.200     0.00
kimi  1000 final      topk    in     61  0.000     0.744    0.832    1.000         0.000         17.163        rulex                8.530     1.00
kimi  1000 final      topk    in     61  0.250     0.730    0.891    1.000         0.000         17.448        rulex                8.530     1.00
kimi  1000 final      topk    in     61  0.500     0.698    1.022    0.995         0.000         17.455        rulex                6.840     1.00
kimi  1000 final      topk    in     61  0.750     0.542    1.721    0.977         0.009         14.645        rulex                4.398     1.00
kimi  1000 final      topk    in     61  1.000     0.008   14.604    0.014         0.000          1.432  gcm_hamming                0.484     1.00
kimi  1000 final      topk   out     57  0.000     0.744    0.832    1.000         0.000         17.163        rulex                8.530     1.00
kimi  1000 final      topk   out     57  0.250     0.715    0.941    1.000         0.000         13.593        rulex                6.840     1.00
kimi  1000 final      topk   out     57  0.500     0.635    1.333    1.000         0.000         10.023        rulex                5.485     1.00
kimi  1000 final      topk   out     57  0.750     0.398    2.576    0.995         0.000          6.453        rulex                3.527     1.00
kimi  1000 final      topk   out     57  1.000     0.003    5.580    0.486         0.005          2.882  gcm_hamming                0.603     1.00
kimi  1000 final      topk  both     61  0.000     0.744    0.832    1.000         0.000         17.163        rulex                8.530     1.00
kimi  1000 final      topk  both     61  0.250     0.708    0.969    1.000         0.000         13.625        rulex                6.840     1.00
kimi  1000 final      topk  both     61  0.500     0.614    1.414    0.995         0.000          9.785        rulex                5.485     1.00
kimi  1000 final      topk  both     61  0.750     0.341    2.777    0.977         0.005          5.047        rulex                2.828     1.00
kimi  1000 final      topk  both     61  1.000     0.009    5.191    0.018         0.023         -0.006  gcm_hamming                0.484     0.00
kimi  1000 final     randk    in     13  0.000     0.744    0.832    1.000         0.000         17.163        rulex                8.530     1.00
kimi  1000 final     randk    in     13  0.250     0.750    0.814    1.000         0.000         16.919        rulex                8.530     1.00
kimi  1000 final     randk    in     13  0.500     0.756    0.799    1.000         0.000         16.556        rulex                8.530     1.00
kimi  1000 final     randk    in     13  0.750     0.760    0.788    0.995         0.000         16.054        rulex                8.530     1.00
kimi  1000 final     randk    in     13  1.000     0.758    0.782    0.995         0.000         15.385        rulex                8.530     1.00
kimi  1000 final     randk    in     13  0.000     0.744    0.832    1.000         0.000         17.163        rulex                8.530     1.00
kimi  1000 final     randk    in     13  0.250     0.750    0.814    1.000         0.000         16.919        rulex                8.530     1.00
kimi  1000 final     randk    in     13  0.500     0.756    0.799    1.000         0.000         16.556        rulex                8.530     1.00
kimi  1000 final     randk    in     13  0.750     0.760    0.788    0.995         0.000         16.054        rulex                8.530     1.00
kimi  1000 final     randk    in     13  1.000     0.758    0.782    0.995         0.000         15.385        rulex                8.530     1.00
kimi  1000 final     randk    in     13  0.000     0.744    0.832    1.000         0.000         17.163        rulex                8.530     1.00
kimi  1000 final     randk    in     13  0.250     0.750    0.814    1.000         0.000         16.919        rulex                8.530     1.00
kimi  1000 final     randk    in     13  0.500     0.756    0.799    1.000         0.000         16.556        rulex                8.530     1.00
kimi  1000 final     randk    in     13  0.750     0.760    0.788    0.995         0.000         16.054        rulex                8.530     1.00
kimi  1000 final     randk    in     13  1.000     0.758    0.782    0.995         0.000         15.385        rulex                8.530     1.00
kimi  1000 final     randk   out     17  0.000     0.744    0.832    1.000         0.000         17.163        rulex                8.530     1.00
kimi  1000 final     randk   out     17  0.250     0.765    0.756    1.000         0.000         16.443        rulex                8.530     1.00
kimi  1000 final     randk   out     17  0.500     0.781    0.693    1.000         0.000         15.722        rulex                8.530     1.00
kimi  1000 final     randk   out     17  0.750     0.794    0.645    1.000         0.000         15.002        rulex               10.637     1.00
kimi  1000 final     randk   out     17  1.000     0.805    0.609    0.995         0.005         14.281        rulex               10.637     1.00
kimi  1000 final     randk   out     17  0.000     0.744    0.832    1.000         0.000         17.163        rulex                8.530     1.00
kimi  1000 final     randk   out     17  0.250     0.765    0.756    1.000         0.000         16.443        rulex                8.530     1.00
kimi  1000 final     randk   out     17  0.500     0.781    0.693    1.000         0.000         15.722        rulex                8.530     1.00
kimi  1000 final     randk   out     17  0.750     0.794    0.645    1.000         0.000         15.002        rulex               10.637     1.00
kimi  1000 final     randk   out     17  1.000     0.805    0.609    0.995         0.005         14.281        rulex               10.637     1.00
kimi  1000 final     randk   out     17  0.000     0.744    0.832    1.000         0.000         17.163        rulex                8.530     1.00
kimi  1000 final     randk   out     17  0.250     0.765    0.756    1.000         0.000         16.443        rulex                8.530     1.00
kimi  1000 final     randk   out     17  0.500     0.781    0.693    1.000         0.000         15.722        rulex                8.530     1.00
kimi  1000 final     randk   out     17  0.750     0.794    0.645    1.000         0.000         15.002        rulex               10.637     1.00
kimi  1000 final     randk   out     17  1.000     0.805    0.609    0.995         0.005         14.281        rulex               10.637     1.00
kimi  1000 final     randk  both     13  0.000     0.744    0.832    1.000         0.000         17.163        rulex                8.530     1.00
kimi  1000 final     randk  both     13  0.250     0.765    0.757    1.000         0.000         16.380        rulex                8.530     1.00
kimi  1000 final     randk  both     13  0.500     0.784    0.696    1.000         0.000         15.483        rulex                8.530     1.00
kimi  1000 final     randk  both     13  0.750     0.798    0.649    0.995         0.005         14.459        rulex               10.637     1.00
kimi  1000 final     randk  both     13  1.000     0.807    0.616    0.995         0.005         13.288        rulex               10.637     1.00
kimi  1000 final     randk  both     13  0.000     0.744    0.832    1.000         0.000         17.163        rulex                8.530     1.00
kimi  1000 final     randk  both     13  0.250     0.765    0.757    1.000         0.000         16.380        rulex                8.530     1.00
kimi  1000 final     randk  both     13  0.500     0.784    0.696    1.000         0.000         15.483        rulex                8.530     1.00
kimi  1000 final     randk  both     13  0.750     0.798    0.649    0.995         0.005         14.459        rulex               10.637     1.00
kimi  1000 final     randk  both     13  1.000     0.807    0.616    0.995         0.005         13.288        rulex               10.637     1.00
kimi  1000 final     randk  both     13  0.000     0.744    0.832    1.000         0.000         17.163        rulex                8.530     1.00
kimi  1000 final     randk  both     13  0.250     0.765    0.757    1.000         0.000         16.380        rulex                8.530     1.00
kimi  1000 final     randk  both     13  0.500     0.784    0.696    1.000         0.000         15.483        rulex                8.530     1.00
kimi  1000 final     randk  both     13  0.750     0.798    0.649    0.995         0.005         14.459        rulex               10.637     1.00
kimi  1000 final     randk  both     13  1.000     0.807    0.616    0.995         0.005         13.288        rulex               10.637     1.00
kimi  1000 final  residual    in     13  0.000     0.744    0.832    1.000         0.000         17.163        rulex                8.530     1.00
kimi  1000 final  residual    in     13  0.250     0.750    0.814    1.000         0.000         16.919        rulex                8.530     1.00
kimi  1000 final  residual    in     13  0.500     0.756    0.799    1.000         0.000         16.556        rulex                8.530     1.00
kimi  1000 final  residual    in     13  0.750     0.760    0.788    0.995         0.000         16.054        rulex                8.530     1.00
kimi  1000 final  residual    in     13  1.000     0.758    0.782    0.995         0.000         15.385        rulex                8.530     1.00
kimi  1000 final  residual   out     17  0.000     0.744    0.832    1.000         0.000         17.163        rulex                8.530     1.00
kimi  1000 final  residual   out     17  0.250     0.765    0.756    1.000         0.000         16.443        rulex                8.530     1.00
kimi  1000 final  residual   out     17  0.500     0.781    0.693    1.000         0.000         15.722        rulex                8.530     1.00
kimi  1000 final  residual   out     17  0.750     0.794    0.645    1.000         0.000         15.002        rulex               10.637     1.00
kimi  1000 final  residual   out     17  1.000     0.805    0.609    0.995         0.005         14.281        rulex               10.637     1.00
kimi  1000 final  residual  both     13  0.000     0.744    0.832    1.000         0.000         17.163        rulex                8.530     1.00
kimi  1000 final  residual  both     13  0.250     0.765    0.757    1.000         0.000         16.380        rulex                8.530     1.00
kimi  1000 final  residual  both     13  0.500     0.784    0.696    1.000         0.000         15.483        rulex                8.530     1.00
kimi  1000 final  residual  both     13  0.750     0.798    0.649    0.995         0.005         14.459        rulex               10.637     1.00
kimi  1000 final  residual  both     13  1.000     0.807    0.616    0.995         0.005         13.288        rulex               10.637     1.00
kimi  1000 final   neurons units      0  0.000     0.744    0.832    1.000         0.000         17.163        rulex                8.530     1.00
kimi  1000 final   neurons units      1  0.001     0.744    0.831    1.000         0.000         17.124        rulex                8.530     1.00
kimi  1000 final   neurons units      2  0.001     0.744    0.831    1.000         0.000         17.093        rulex                8.530     1.00
kimi  1000 final   neurons units      4  0.002     0.744    0.831    1.000         0.000         17.042        rulex                8.530     1.00
kimi  1000 final   neurons units      8  0.004     0.746    0.830    1.000         0.000         16.933        rulex                8.530     1.00
kimi  1000 final   neurons units     16  0.008     0.746    0.824    1.000         0.000         16.741        rulex                8.530     1.00
kimi  1000 final   neurons units     32  0.017     0.749    0.821    1.000         0.000         16.382        rulex                8.530     1.00
kimi  1000 final   neurons units     64  0.033     0.749    0.815    1.000         0.000         15.779        rulex                8.530     1.00
kimi  1000 final   neurons units    128  0.067     0.750    0.804    1.000         0.000         14.674        rulex                8.530     1.00
kimi  1000 final   neurons units    256  0.133     0.755    0.779    0.995         0.000         12.781        rulex                8.530     1.00
kimi  1000 final   neurons units    512  0.267     0.759    0.768    0.964         0.014          9.666        rulex                8.530     0.98
kimi  1000 final randunits units      0  0.000     0.744    0.832    1.000         0.000         17.163        rulex                8.530     1.00
kimi  1000 final randunits units      1  0.001     0.744    0.832    1.000         0.000         17.157        rulex                8.530     1.00
kimi  1000 final randunits units      2  0.001     0.745    0.832    1.000         0.000         17.145        rulex                8.530     1.00
kimi  1000 final randunits units      4  0.002     0.744    0.831    1.000         0.000         17.132        rulex                8.530     1.00
kimi  1000 final randunits units      8  0.004     0.735    0.867    1.000         0.000         17.206        rulex                8.530     1.00
kimi  1000 final randunits units     16  0.008     0.740    0.845    1.000         0.000         17.092        rulex                8.530     1.00
kimi  1000 final randunits units     32  0.017     0.742    0.842    1.000         0.000         16.966        rulex                8.530     1.00
kimi  1000 final randunits units     64  0.033     0.726    0.897    1.000         0.000         16.863        rulex                8.530     1.00
kimi  1000 final randunits units    128  0.067     0.719    0.922    1.000         0.000         16.691        rulex                6.840     1.00
kimi  1000 final randunits units    256  0.133     0.705    0.979    1.000         0.000         16.077        rulex                6.840     1.00
kimi  1000 final randunits units    512  0.267     0.670    1.097    0.995         0.000         14.707        rulex                6.840     1.00
kimi  1000 final randunits units      0  0.000     0.744    0.832    1.000         0.000         17.163        rulex                8.530     1.00
kimi  1000 final randunits units      1  0.001     0.744    0.832    1.000         0.000         17.146        rulex                8.530     1.00
kimi  1000 final randunits units      2  0.001     0.743    0.832    1.000         0.000         17.151        rulex                8.530     1.00
kimi  1000 final randunits units      4  0.002     0.742    0.839    1.000         0.000         17.145        rulex                8.530     1.00
kimi  1000 final randunits units      8  0.004     0.737    0.859    1.000         0.000         17.196        rulex                8.530     1.00
kimi  1000 final randunits units     16  0.008     0.745    0.831    1.000         0.000         17.077        rulex                8.530     1.00
kimi  1000 final randunits units     32  0.017     0.747    0.834    1.000         0.000         16.972        rulex                8.530     1.00
kimi  1000 final randunits units     64  0.033     0.744    0.844    1.000         0.000         16.841        rulex                8.530     1.00
kimi  1000 final randunits units    128  0.067     0.719    0.925    1.000         0.000         16.784        rulex                8.530     1.00
kimi  1000 final randunits units    256  0.133     0.690    1.042    1.000         0.000         16.401        rulex                6.840     1.00
kimi  1000 final randunits units    512  0.267     0.577    1.480    1.000         0.000         15.425        rulex                5.485     1.00
kimi  1000 final randunits units      0  0.000     0.744    0.832    1.000         0.000         17.163        rulex                8.530     1.00
kimi  1000 final randunits units      1  0.001     0.744    0.832    1.000         0.000         17.160        rulex                8.530     1.00
kimi  1000 final randunits units      2  0.001     0.744    0.833    1.000         0.000         17.155        rulex                8.530     1.00
kimi  1000 final randunits units      4  0.002     0.744    0.832    1.000         0.000         17.146        rulex                8.530     1.00
kimi  1000 final randunits units      8  0.004     0.745    0.830    1.000         0.000         17.119        rulex                8.530     1.00
kimi  1000 final randunits units     16  0.008     0.742    0.834    1.000         0.000         17.051        rulex                8.530     1.00
kimi  1000 final randunits units     32  0.017     0.738    0.856    1.000         0.000         17.070        rulex                8.530     1.00
kimi  1000 final randunits units     64  0.033     0.735    0.870    1.000         0.000         16.954        rulex                8.530     1.00
kimi  1000 final randunits units    128  0.067     0.727    0.885    1.000         0.000         16.465        rulex                8.530     1.00
kimi  1000 final randunits units    256  0.133     0.702    1.001    1.000         0.000         16.141        rulex                6.840     1.00
kimi  1000 final randunits units    512  0.267     0.627    1.269    0.995         0.000         15.078        rulex                5.485     1.00
kimi  1001 final      none     -      0  0.000     0.999    0.005    1.000         0.000         18.786        rulex               40.000     1.00
kimi  1001 final   lowpass    in      0  0.000     0.007   19.201    0.009         0.000          0.208      uniform                0.200     1.00
kimi  1001 final   lowpass    in      1  1.000     0.006   17.715    0.005         0.000         -0.607 gcm_circular                0.938     1.00
kimi  1001 final   lowpass    in      2  2.000     0.008   18.129    0.014         0.005          0.026 gcm_circular                1.459     1.00
kimi  1001 final   lowpass    in      3  3.000     0.011   16.918    0.014         0.014         -1.026 gcm_circular                1.459     0.50
kimi  1001 final   lowpass    in      4  4.000     0.014   15.968    0.005         0.005         -0.628 gcm_circular                1.170     0.50
kimi  1001 final   lowpass    in      6  6.000     0.037    7.148    0.023         0.018         -7.288         rule                1.170     0.58
kimi  1001 final   lowpass    in      8  8.000     0.219    2.766    0.027         0.171        -11.319         rule                3.527     0.12
kimi  1001 final   lowpass    in     12 12.000     0.297    2.295    0.023         0.180        -11.166        rulex                6.840     0.10
kimi  1001 final   lowpass    in     16 16.000     0.456    1.488    0.036         0.270        -11.106 gcm_circular               40.000     0.12
kimi  1001 final   lowpass    in     24 24.000     0.769    0.607    0.122         0.378         -8.106        rulex               40.000     0.24
kimi  1001 final   lowpass    in     32 32.000     0.790    0.552    0.189         0.306         -4.696        rulex               40.000     0.38
kimi  1001 final   lowpass    in     48 48.000     0.989    0.044    0.811         0.108          8.814        rulex               40.000     0.88
kimi  1001 final   lowpass    in     74 74.000     0.999    0.005    1.000         0.000         18.786        rulex               40.000     1.00
kimi  1001 final   lowpass   out      0  0.000     0.007    5.004    0.000         0.005          0.000      uniform                0.200     0.00
kimi  1001 final   lowpass   out      1  1.000     0.007    5.016    0.023         0.009          0.191      uniform                0.200     1.00
kimi  1001 final   lowpass   out      2  2.000     0.006    5.027    0.050         0.005          0.317      uniform                0.200     1.00
kimi  1001 final   lowpass   out      3  3.000     0.006    5.037    0.036         0.000          0.477      uniform                0.200     1.00
kimi  1001 final   lowpass   out      4  4.000     0.005    5.047    0.050         0.000          0.592      uniform                0.249     1.00
kimi  1001 final   lowpass   out      6  6.000     0.054    3.723    0.090         0.009          1.490        rulex                0.200     1.00
kimi  1001 final   lowpass   out      8  8.000     0.336    2.322    0.203         0.005          3.054        rulex                4.398     1.00
kimi  1001 final   lowpass   out     12 12.000     0.406    2.160    0.302         0.018          3.972        rulex                5.485     0.96
kimi  1001 final   lowpass   out     16 16.000     0.782    1.019    0.360         0.018          4.737        rulex               25.722     0.96
kimi  1001 final   lowpass   out     24 24.000     0.927    0.421    0.698         0.009          7.216        rulex               40.000     0.98
kimi  1001 final   lowpass   out     32 32.000     0.919    0.382    0.793         0.005          8.465        rulex               40.000     1.00
kimi  1001 final   lowpass   out     48 48.000     0.993    0.043    0.986         0.000         12.541        rulex               40.000     1.00
kimi  1001 final   lowpass   out     74 74.000     0.999    0.005    1.000         0.000         18.786        rulex               40.000     1.00
kimi  1001 final   lowpass  both      0  0.000     0.007    5.004    0.000         0.005          0.000      uniform                0.200     0.00
kimi  1001 final   lowpass  both      1  1.000     0.009    4.987    0.009         0.000         -0.024 gcm_circular                1.170     1.00
kimi  1001 final   lowpass  both      2  2.000     0.007    5.004    0.005         0.005         -0.021      uniform                0.200     0.50
kimi  1001 final   lowpass  both      3  3.000     0.007    5.004    0.005         0.009         -0.017      uniform                0.603     0.00
kimi  1001 final   lowpass  both      4  4.000     0.008    4.995    0.014         0.005         -0.024 gcm_circular                1.459     1.00
kimi  1001 final   lowpass  both      6  6.000     0.036    3.993    0.000         0.045         -8.590         rule                0.603     0.00
kimi  1001 final   lowpass  both      8  8.000     0.445    1.789    0.009         0.437        -13.247         rule                4.398     0.02
kimi  1001 final   lowpass  both     12 12.000     0.521    1.616    0.005         0.473        -13.015         rule                6.840     0.00
kimi  1001 final   lowpass  both     16 16.000     0.645    0.927    0.000         0.572        -14.293         rule               40.000     0.00
kimi  1001 final   lowpass  both     24 24.000     0.932    0.290    0.018         0.766        -12.819        rulex               40.000     0.02
kimi  1001 final   lowpass  both     32 32.000     0.935    0.248    0.063         0.680        -10.437        rulex               40.000     0.08
kimi  1001 final   lowpass  both     48 48.000     0.996    0.021    0.559         0.279          2.975        rulex               40.000     0.66
kimi  1001 final   lowpass  both     74 74.000     0.999    0.005    1.000         0.000         18.786        rulex               40.000     1.00
kimi  1001 final      etop    in      0  0.000     0.999    0.005    1.000         0.000         18.786        rulex               40.000     1.00
kimi  1001 final      etop    in      1  0.050     0.994    0.021    0.991         0.000         17.009        rulex               40.000     1.00
kimi  1001 final      etop    in      2  0.100     0.987    0.051    0.968         0.009         15.705        rulex               40.000     0.98
kimi  1001 final      etop    in      3  0.200     0.939    0.193    0.937         0.018         14.223        rulex               20.627     0.98
kimi  1001 final      etop    in      4  0.300     0.859    0.462    0.874         0.009         13.953        rulex               13.264     0.98
kimi  1001 final      etop    in      5  0.400     0.783    0.697    0.842         0.005         14.151        rulex               10.637     1.00
kimi  1001 final      etop    in      7  0.500     0.626    1.373    0.860         0.005         16.031        rulex                5.485     1.00
kimi  1001 final      etop    in     12  0.600     0.515    2.204    0.811         0.009         16.408        rulex                5.485     1.00
kimi  1001 final      etop    in     23  0.700     0.349    3.798    0.644         0.014         11.988        rulex                3.527     0.98
kimi  1001 final      etop    in     38  0.800     0.166    7.227    0.275         0.018          6.107        rulex                1.819     0.96
kimi  1001 final      etop    in     55  0.900     0.022   15.321    0.041         0.014          2.049        rulex                0.200     0.94
kimi  1001 final      etop    in     64  0.950     0.008   17.183    0.000         0.018          0.082      uniform                0.311     0.00
kimi  1001 final      etop    in     74  1.000     0.007   19.201    0.009         0.000          0.208      uniform                0.200     1.00
kimi  1001 final      etop   out      0  0.000     0.999    0.005    1.000         0.000         18.786        rulex               40.000     1.00
kimi  1001 final      etop   out      1  0.050     0.995    0.019    1.000         0.000         18.418        rulex               40.000     1.00
kimi  1001 final      etop   out      1  0.100     0.995    0.019    1.000         0.000         18.418        rulex               40.000     1.00
kimi  1001 final      etop   out      2  0.200     0.977    0.111    1.000         0.000         17.299        rulex               40.000     1.00
kimi  1001 final      etop   out      3  0.300     0.884    0.445    0.995         0.000         15.919        rulex               16.541     1.00
kimi  1001 final      etop   out      4  0.400     0.693    1.123    0.995         0.000         15.153        rulex                6.840     1.00
kimi  1001 final      etop   out      5  0.500     0.414    2.106    0.991         0.000         14.125        rulex                3.527     1.00
kimi  1001 final      etop   out      7  0.600     0.046    4.159    0.995         0.000         12.271  gcm_hamming                0.938     1.00
kimi  1001 final      etop   out      9  0.700     0.011    4.956    0.991         0.000         10.837  gcm_hamming                0.752     1.00
kimi  1001 final      etop   out     18  0.800     0.003    5.546    0.950         0.000          8.505  gcm_hamming                0.752     1.00
kimi  1001 final      etop   out     42  0.900     0.004    5.319    0.797         0.000          4.328  gcm_hamming                0.752     1.00
kimi  1001 final      etop   out     57  0.950     0.007    5.157    0.505         0.000          2.150  gcm_hamming                0.200     1.00
kimi  1001 final      etop   out     74  1.000     0.007    5.004    0.000         0.005          0.000      uniform                0.200     0.00
kimi  1001 final      etop  both      0  0.000     0.999    0.005    1.000         0.000         18.786        rulex               40.000     1.00
kimi  1001 final      etop  both      1  0.050     0.982    0.075    0.991         0.000         16.922        rulex               40.000     1.00
kimi  1001 final      etop  both      2  0.100     0.942    0.211    0.973         0.000         15.789        rulex               25.722     1.00
kimi  1001 final      etop  both      3  0.200     0.873    0.441    0.941         0.005         13.050        rulex               13.264     1.00
kimi  1001 final      etop  both      4  0.300     0.718    0.964    0.860         0.009         11.339        rulex                6.840     0.98
kimi  1001 final      etop  both      5  0.400     0.227    2.933    0.919         0.000         12.557        rulex                2.828     1.00
kimi  1001 final      etop  both      7  0.500     0.134    3.688    0.856         0.000         11.769        rulex                1.459     1.00
kimi  1001 final      etop  both     12  0.600     0.034    4.681    0.838         0.005          9.558  gcm_hamming                0.938     1.00
kimi  1001 final      etop  both     23  0.700     0.013    4.978    0.568         0.005          6.467  gcm_hamming                0.249     1.00
kimi  1001 final      etop  both     38  0.800     0.004    5.610    0.468         0.000          4.084  gcm_hamming                0.752     1.00
kimi  1001 final      etop  both     55  0.900     0.006    5.263    0.077         0.005          0.780  gcm_hamming                0.311     1.00
kimi  1001 final      etop  both     64  0.950     0.007    5.122    0.009         0.000          0.044      uniform                0.311     1.00
kimi  1001 final      etop  both     74  1.000     0.007    5.004    0.000         0.005          0.000      uniform                0.200     0.00
kimi  1001 final   ebottom    in      0  0.000     0.999    0.005    1.000         0.000         18.786        rulex               40.000     1.00
kimi  1001 final   ebottom    in     11  0.050     0.999    0.005    1.000         0.000         17.639        rulex               40.000     1.00
kimi  1001 final   ebottom    in     20  0.100     0.999    0.005    0.995         0.005         16.198        rulex               40.000     0.98
kimi  1001 final   ebottom    in     37  0.200     0.999    0.004    0.941         0.054         11.764        rulex               40.000     0.94
kimi  1001 final   ebottom    in     52  0.300     1.000    0.002    0.707         0.284          4.918        rulex               40.000     0.72
kimi  1001 final   ebottom    in     63  0.400     0.999    0.004    0.360         0.626         -3.703        rulex               40.000     0.36
kimi  1001 final   ebottom    in     68  0.500     0.963    0.115    0.108         0.716        -10.228        rulex               25.722     0.14
kimi  1001 final   ebottom    in     70  0.600     0.843    0.494    0.041         0.640        -13.627        rulex               13.264     0.06
kimi  1001 final   ebottom    in     71  0.700     0.598    1.320    0.027         0.450        -14.007        rulex               10.637     0.06
kimi  1001 final   ebottom    in     72  0.800     0.235    2.628    0.023         0.198        -13.275         rule                0.200     0.08
kimi  1001 final   ebottom    in     73  0.900     0.058    4.497    0.023         0.054        -10.923         rule                0.938     0.24
kimi  1001 final   ebottom    in     74  0.950     0.007   19.201    0.009         0.000          0.208      uniform                0.200     1.00
kimi  1001 final   ebottom    in     74  1.000     0.007   19.201    0.009         0.000          0.208      uniform                0.200     1.00
kimi  1001 final   ebottom   out      0  0.000     0.999    0.005    1.000         0.000         18.786        rulex               40.000     1.00
kimi  1001 final   ebottom   out     18  0.050     0.999    0.004    1.000         0.000         16.490        rulex               40.000     1.00
kimi  1001 final   ebottom   out     33  0.100     0.999    0.003    1.000         0.000         14.283        rulex               40.000     1.00
kimi  1001 final   ebottom   out     57  0.200     1.000    0.002    0.973         0.023         10.069        rulex               40.000     0.98
kimi  1001 final   ebottom   out     66  0.300     1.000    0.002    0.856         0.095          7.252        rulex               40.000     0.90
kimi  1001 final   ebottom   out     68  0.400     0.999    0.006    0.712         0.108          5.694        rulex               40.000     0.86
kimi  1001 final   ebottom   out     70  0.500     0.985    0.183    0.419         0.081          3.633        rulex               40.000     0.84
kimi  1001 final   ebottom   out     71  0.600     0.874    0.887    0.221         0.050          2.868        rulex               13.264     0.82
kimi  1001 final   ebottom   out     72  0.700     0.252    2.271    0.050         0.027          1.487        rulex                1.459     0.66
kimi  1001 final   ebottom   out     73  0.800     0.069    3.557    0.023         0.018          0.369         rule                0.200     0.56
kimi  1001 final   ebottom   out     74  0.900     0.007    5.004    0.000         0.005          0.000      uniform                0.200     0.00
kimi  1001 final   ebottom   out     74  0.950     0.007    5.004    0.000         0.005          0.000      uniform                0.200     0.00
kimi  1001 final   ebottom   out     74  1.000     0.007    5.004    0.000         0.005          0.000      uniform                0.200     0.00
kimi  1001 final   ebottom  both      0  0.000     0.999    0.005    1.000         0.000         18.786        rulex               40.000     1.00
kimi  1001 final   ebottom  both     11  0.050     0.999    0.004    1.000         0.000         15.368        rulex               40.000     1.00
kimi  1001 final   ebottom  both     20  0.100     0.999    0.003    0.995         0.005         11.832        rulex               40.000     0.98
kimi  1001 final   ebottom  both     37  0.200     1.000    0.001    0.662         0.302          3.858        rulex               40.000     0.68
kimi  1001 final   ebottom  both     52  0.300     1.000    0.001    0.221         0.685         -3.816        rulex               40.000     0.24
kimi  1001 final   ebottom  both     63  0.400     0.999    0.006    0.068         0.856        -10.042        rulex               40.000     0.08
kimi  1001 final   ebottom  both     68  0.500     0.501    1.389    0.027         0.297         -8.495        rulex                2.268     0.08
kimi  1001 final   ebottom  both     70  0.600     0.285    2.499    0.014         0.185         -9.432         rule                0.200     0.06
kimi  1001 final   ebottom  both     71  0.700     0.086    3.854    0.005         0.063         -6.188         rule                2.828     0.00
kimi  1001 final   ebottom  both     72  0.800     0.007    5.390    0.009         0.005          0.070      uniform                0.200     1.00
kimi  1001 final   ebottom  both     73  0.900     0.007    5.004    0.000         0.005          0.000      uniform                0.200     0.00
kimi  1001 final   ebottom  both     74  0.950     0.007    5.004    0.000         0.005          0.000      uniform                0.200     0.00
kimi  1001 final   ebottom  both     74  1.000     0.007    5.004    0.000         0.005          0.000      uniform                0.200     0.00
kimi  1001 final     erand    in      0  0.000     0.999    0.005    1.000         0.000         18.786        rulex               40.000     1.00
kimi  1001 final     erand    in      1  0.050     0.998    0.006    1.000         0.000         17.963        rulex               40.000     1.00
kimi  1001 final     erand    in      3  0.100     0.992    0.031    0.995         0.000         16.324        rulex               40.000     1.00
kimi  1001 final     erand    in     10  0.200     0.992    0.034    0.977         0.005         14.527        rulex               40.000     0.98
kimi  1001 final     erand    in     13  0.300     0.944    0.180    0.887         0.014         12.228        rulex               20.627     0.98
kimi  1001 final     erand    in     21  0.400     0.841    0.442    0.698         0.014          8.863        rulex               13.264     0.98
kimi  1001 final     erand    in     36  0.500     0.761    0.652    0.351         0.104          1.158        rulex                8.530     0.78
kimi  1001 final     erand    in     51  0.600     0.619    1.027    0.117         0.230         -7.551        rulex                8.530     0.34
kimi  1001 final     erand    in     54  0.700     0.385    1.930    0.063         0.126         -7.658        rulex                4.398     0.32
kimi  1001 final     erand    in     62  0.800     0.203    2.745    0.036         0.063        -10.209        rulex                0.200     0.36
kimi  1001 final     erand    in     65  0.900     0.063    7.337    0.018         0.036         -6.497         rule                0.200     0.30
kimi  1001 final     erand    in     71  0.950     0.029    8.737    0.009         0.045         -8.950         rule                0.200     0.00
kimi  1001 final     erand    in     74  1.000     0.007   19.201    0.009         0.000          0.208      uniform                0.200     1.00
kimi  1001 final     erand    in      0  0.000     0.999    0.005    1.000         0.000         18.786        rulex               40.000     1.00
kimi  1001 final     erand    in      7  0.050     0.995    0.017    0.995         0.000         16.129        rulex               40.000     1.00
kimi  1001 final     erand    in      7  0.100     0.995    0.017    0.995         0.000         16.129        rulex               40.000     1.00
kimi  1001 final     erand    in     13  0.200     0.976    0.082    0.946         0.023         13.415        rulex               40.000     0.98
kimi  1001 final     erand    in     16  0.300     0.970    0.104    0.919         0.023         12.754        rulex               32.076     0.98
kimi  1001 final     erand    in     25  0.400     0.872    0.380    0.734         0.050          8.443        rulex               10.637     0.94
kimi  1001 final     erand    in     29  0.500     0.740    0.823    0.518         0.068          6.801        rulex                6.840     0.88
kimi  1001 final     erand    in     38  0.600     0.570    1.491    0.333         0.077          3.235        rulex                4.398     0.82
kimi  1001 final     erand    in     45  0.700     0.362    2.655    0.171         0.077         -0.813        rulex                2.828     0.70
kimi  1001 final     erand    in     56  0.800     0.115    6.118    0.099         0.032         -2.366        rulex                1.459     0.78
kimi  1001 final     erand    in     64  0.900     0.053    7.238    0.014         0.027         -3.923         rule                0.603     0.30
kimi  1001 final     erand    in     73  0.950     0.038    6.648    0.014         0.027         -5.310         rule                0.200     0.26
kimi  1001 final     erand    in     74  1.000     0.007   19.201    0.009         0.000          0.208      uniform                0.200     1.00
kimi  1001 final     erand    in      0  0.000     0.999    0.005    1.000         0.000         18.786        rulex               40.000     1.00
kimi  1001 final     erand    in      7  0.050     0.995    0.018    0.995         0.000         16.443        rulex               40.000     1.00
kimi  1001 final     erand    in      7  0.100     0.995    0.018    0.995         0.000         16.443        rulex               40.000     1.00
kimi  1001 final     erand    in      9  0.200     0.983    0.062    0.977         0.005         14.307        rulex               40.000     0.98
kimi  1001 final     erand    in     13  0.300     0.951    0.165    0.896         0.014         12.262        rulex               40.000     0.98
kimi  1001 final     erand    in     15  0.400     0.848    0.421    0.802         0.005         10.651        rulex               13.264     1.00
kimi  1001 final     erand    in     23  0.500     0.672    1.117    0.676         0.027         10.529        rulex                6.840     0.96
kimi  1001 final     erand    in     24  0.600     0.506    1.912    0.649         0.009         11.455        rulex                4.398     1.00
kimi  1001 final     erand    in     29  0.700     0.365    3.308    0.613         0.014         11.790        rulex                3.527     0.98
kimi  1001 final     erand    in     44  0.800     0.154    7.715    0.347         0.018          7.928        rulex                1.459     0.98
kimi  1001 final     erand    in     59  0.900     0.020   15.517    0.041         0.005          2.959        rulex                0.603     1.00
kimi  1001 final     erand    in     66  0.950     0.007   17.694    0.000         0.005          0.370  gcm_hamming                0.200     0.00
kimi  1001 final     erand    in     74  1.000     0.007   19.201    0.009         0.000          0.208      uniform                0.200     1.00
kimi  1001 final     erand   out      0  0.000     0.999    0.005    1.000         0.000         18.786        rulex               40.000     1.00
kimi  1001 final     erand   out      1  0.050     0.998    0.007    1.000         0.000         17.966        rulex               40.000     1.00
kimi  1001 final     erand   out      3  0.100     0.988    0.059    0.995         0.000         16.435        rulex               40.000     1.00
kimi  1001 final     erand   out     11  0.200     0.991    0.053    0.991         0.000         14.841        rulex               40.000     1.00
kimi  1001 final     erand   out     14  0.300     0.925    0.292    0.977         0.000         13.537        rulex               16.541     1.00
kimi  1001 final     erand   out     16  0.400     0.599    1.071    0.986         0.000         12.639        rulex                6.840     1.00
kimi  1001 final     erand   out     40  0.500     0.622    1.085    0.923         0.000          8.454        rulex                8.530     1.00
kimi  1001 final     erand   out     54  0.600     0.279    1.950    0.716         0.000          5.217        rulex                4.398     1.00
kimi  1001 final     erand   out     56  0.700     0.145    2.491    0.671         0.000          4.296        rulex                0.200     1.00
kimi  1001 final     erand   out     63  0.800     0.082    3.470    0.369         0.000          2.396        rulex                0.484     1.00
kimi  1001 final     erand   out     72  0.900     0.006    5.022    0.036         0.005          0.280      uniform                0.200     1.00
kimi  1001 final     erand   out     72  0.950     0.006    5.022    0.036         0.005          0.280      uniform                0.200     1.00
kimi  1001 final     erand   out     74  1.000     0.007    5.004    0.000         0.005          0.000      uniform                0.200     0.00
kimi  1001 final     erand   out      0  0.000     0.999    0.005    1.000         0.000         18.786        rulex               40.000     1.00
kimi  1001 final     erand   out      7  0.050     0.994    0.028    0.995         0.000         16.247        rulex               40.000     1.00
kimi  1001 final     erand   out      7  0.100     0.994    0.028    0.995         0.000         16.247        rulex               40.000     1.00
kimi  1001 final     erand   out     13  0.200     0.955    0.175    0.991         0.000         14.424        rulex               25.722     1.00
kimi  1001 final     erand   out     14  0.300     0.885    0.476    0.995         0.000         14.055        rulex               16.541     1.00
kimi  1001 final     erand   out     25  0.400     0.703    1.109    0.982         0.000         11.209        rulex                6.840     1.00
kimi  1001 final     erand   out     27  0.500     0.711    1.092    0.982         0.000         10.926        rulex                6.840     1.00
kimi  1001 final     erand   out     30  0.600     0.484    1.985    0.964         0.000          9.635        rulex                3.527     1.00
kimi  1001 final     erand   out     38  0.700     0.143    3.277    0.928         0.000          7.577        rulex                1.170     1.00
kimi  1001 final     erand   out     50  0.800     0.085    3.585    0.833         0.000          5.509        rulex                0.200     1.00
kimi  1001 final     erand   out     63  0.900     0.030    4.364    0.392         0.000          2.249        rulex                0.603     1.00
kimi  1001 final     erand   out     72  0.950     0.033    4.366    0.041         0.000          0.885        rulex                0.388     1.00
kimi  1001 final     erand   out     74  1.000     0.007    5.004    0.000         0.005          0.000      uniform                0.200     0.00
kimi  1001 final     erand   out      0  0.000     0.999    0.005    1.000         0.000         18.786        rulex               40.000     1.00
kimi  1001 final     erand   out      7  0.050     0.995    0.026    0.995         0.000         16.440        rulex               40.000     1.00
kimi  1001 final     erand   out      7  0.100     0.995    0.026    0.995         0.000         16.440        rulex               40.000     1.00
kimi  1001 final     erand   out      9  0.200     0.973    0.121    0.995         0.000         15.110        rulex               40.000     1.00
kimi  1001 final     erand   out     15  0.300     0.717    0.823    0.986         0.000         12.619        rulex                8.530     1.00
kimi  1001 final     erand   out     20  0.400     0.723    0.801    0.991         0.000         11.916        rulex                8.530     1.00
kimi  1001 final     erand   out     22  0.500     0.469    1.591    0.991         0.000         10.994        rulex                5.485     1.00
kimi  1001 final     erand   out     23  0.600     0.209    2.724    0.973         0.000          9.875        rulex                2.828     1.00
kimi  1001 final     erand   out     28  0.700     0.016    4.726    0.955         0.000          7.753  gcm_hamming                0.752     1.00
kimi  1001 final     erand   out     30  0.800     0.017    4.703    0.955         0.000          7.447  gcm_hamming                0.752     1.00
kimi  1001 final     erand   out     52  0.900     0.004    5.212    0.721         0.000          4.045  gcm_hamming                0.484     1.00
kimi  1001 final     erand   out     62  0.950     0.004    5.134    0.405         0.000          2.005  gcm_hamming                0.388     1.00
kimi  1001 final     erand   out     74  1.000     0.007    5.004    0.000         0.005          0.000      uniform                0.200     0.00
kimi  1001 final     erand  both      0  0.000     0.999    0.005    1.000         0.000         18.786        rulex               40.000     1.00
kimi  1001 final     erand  both      1  0.050     0.994    0.030    0.995         0.000         17.404        rulex               40.000     1.00
kimi  1001 final     erand  both      3  0.100     0.944    0.197    0.991         0.000         15.968        rulex               25.722     1.00
kimi  1001 final     erand  both     10  0.200     0.817    0.488    0.955         0.005         12.898        rulex               13.264     1.00
kimi  1001 final     erand  both     13  0.300     0.691    0.910    0.802         0.009          9.486        rulex                5.485     0.98
kimi  1001 final     erand  both     21  0.400     0.518    1.380    0.536         0.009          5.208        rulex                2.268     0.98
kimi  1001 final     erand  both     36  0.500     0.379    1.811    0.234         0.036         -0.690        rulex                1.170     0.88
kimi  1001 final     erand  both     51  0.600     0.358    1.890    0.027         0.095         -7.397        rulex                0.200     0.22
kimi  1001 final     erand  both     54  0.700     0.060    3.455    0.050         0.014         -5.581        rulex                0.200     0.86
kimi  1001 final     erand  both     62  0.800     0.005    5.241    0.077         0.000          0.837  gcm_hamming                0.200     1.00
kimi  1001 final     erand  both     65  0.900     0.005    5.108    0.032         0.009          0.238      uniform                0.484     1.00
kimi  1001 final     erand  both     71  0.950     0.003    5.096    0.014         0.009          0.075      uniform                0.200     1.00
kimi  1001 final     erand  both     74  1.000     0.007    5.004    0.000         0.005          0.000      uniform                0.200     0.00
kimi  1001 final     erand  both      0  0.000     0.999    0.005    1.000         0.000         18.786        rulex               40.000     1.00
kimi  1001 final     erand  both      7  0.050     0.995    0.018    0.991         0.000         14.568        rulex               40.000     1.00
kimi  1001 final     erand  both      7  0.100     0.994    0.026    0.986         0.000         13.231        rulex               40.000     1.00
kimi  1001 final     erand  both     13  0.200     0.961    0.176    0.797         0.027          8.434        rulex               32.076     0.96
kimi  1001 final     erand  both     16  0.300     0.744    0.880    0.712         0.014          7.886        rulex               10.637     0.98
kimi  1001 final     erand  both     25  0.400     0.439    1.969    0.550         0.000          5.935        rulex                3.527     1.00
kimi  1001 final     erand  both     29  0.500     0.472    1.812    0.225         0.063          1.254        rulex                3.527     0.78
kimi  1001 final     erand  both     38  0.600     0.149    3.012    0.095         0.027         -0.393        rulex                2.268     0.80
kimi  1001 final     erand  both     45  0.700     0.094    3.597    0.050         0.032         -2.158        rulex                1.459     0.62
kimi  1001 final     erand  both     56  0.800     0.064    4.532    0.009         0.063         -4.920         rule                0.938     0.04
kimi  1001 final     erand  both     64  0.900     0.007    5.004    0.000         0.005          0.000      uniform                0.200     0.00
kimi  1001 final     erand  both     73  0.950     0.007    5.004    0.000         0.005          0.000      uniform                0.200     0.00
kimi  1001 final     erand  both     74  1.000     0.007    5.004    0.000         0.005          0.000      uniform                0.200     0.00
kimi  1001 final     erand  both      0  0.000     0.999    0.005    1.000         0.000         18.786        rulex               40.000     1.00
kimi  1001 final     erand  both      7  0.050     0.995    0.017    0.995         0.000         14.562        rulex               40.000     1.00
kimi  1001 final     erand  both      7  0.100     0.997    0.014    0.991         0.005         12.687        rulex               40.000     0.98
kimi  1001 final     erand  both      9  0.200     0.923    0.269    0.887         0.009         10.310        rulex               25.722     0.98
kimi  1001 final     erand  both     13  0.300     0.599    1.185    0.775         0.005          9.104        rulex                6.840     1.00
kimi  1001 final     erand  both     15  0.400     0.404    1.804    0.568         0.009          5.694        rulex                6.840     1.00
kimi  1001 final     erand  both     23  0.500     0.151    3.532    0.414         0.005          6.185        rulex                2.828     1.00
kimi  1001 final     erand  both     24  0.600     0.063    4.707    0.405         0.009          6.255        rulex                1.819     1.00
kimi  1001 final     erand  both     29  0.700     0.032    5.014    0.113         0.009          3.102        rulex                0.752     1.00
kimi  1001 final     erand  both     44  0.800     0.016    5.466    0.077         0.009          1.468         rule                0.200     1.00
kimi  1001 final     erand  both     59  0.900     0.008    5.124    0.027         0.000          0.166      uniform                0.484     1.00
kimi  1001 final     erand  both     66  0.950     0.006    5.150    0.009         0.000          0.114      uniform                0.200     1.00
kimi  1001 final     erand  both     74  1.000     0.007    5.004    0.000         0.005          0.000      uniform                0.200     0.00
kimi  1001 final      topk    in     55  0.000     0.999    0.005    1.000         0.000         18.786        rulex               40.000     1.00
kimi  1001 final      topk    in     55  0.250     0.998    0.006    1.000         0.000         19.082        rulex               40.000     1.00
kimi  1001 final      topk    in     55  0.500     0.998    0.008    0.995         0.000         19.202        rulex               40.000     1.00
kimi  1001 final      topk    in     55  0.750     0.994    0.023    0.991         0.005         17.755        rulex               40.000     0.98
kimi  1001 final      topk    in     55  1.000     0.022   15.321    0.041         0.014          2.049        rulex                0.200     0.94
kimi  1001 final      topk   out     42  0.000     0.999    0.005    1.000         0.000         18.786        rulex               40.000     1.00
kimi  1001 final      topk   out     42  0.250     0.998    0.009    1.000         0.000         15.172        rulex               40.000     1.00
kimi  1001 final      topk   out     42  0.500     0.996    0.052    1.000         0.000         11.557        rulex               40.000     1.00
kimi  1001 final      topk   out     42  0.750     0.976    0.821    1.000         0.000          7.943        rulex               40.000     1.00
kimi  1001 final      topk   out     42  1.000     0.004    5.319    0.797         0.000          4.328  gcm_hamming                0.752     1.00
kimi  1001 final      topk  both     55  0.000     0.999    0.005    1.000         0.000         18.786        rulex               40.000     1.00
kimi  1001 final      topk  both     55  0.250     0.998    0.010    1.000         0.000         14.927        rulex               40.000     1.00
kimi  1001 final      topk  both     55  0.500     0.997    0.055    0.995         0.000         10.821        rulex               40.000     1.00
kimi  1001 final      topk  both     55  0.750     0.971    0.927    0.991         0.005          6.169        rulex               40.000     0.98
kimi  1001 final      topk  both     55  1.000     0.006    5.151    0.050         0.000          0.454  gcm_hamming                0.484     1.00
kimi  1001 final     randk    in     19  0.000     0.999    0.005    1.000         0.000         18.786        rulex               40.000     1.00
kimi  1001 final     randk    in     19  0.250     0.999    0.005    1.000         0.000         18.391        rulex               40.000     1.00
kimi  1001 final     randk    in     19  0.500     0.999    0.005    1.000         0.000         17.870        rulex               40.000     1.00
kimi  1001 final     randk    in     19  0.750     0.999    0.005    1.000         0.000         17.186        rulex               40.000     1.00
kimi  1001 final     randk    in     19  1.000     0.999    0.005    1.000         0.000         16.285        rulex               40.000     1.00
kimi  1001 final     randk    in     19  0.000     0.999    0.005    1.000         0.000         18.786        rulex               40.000     1.00
kimi  1001 final     randk    in     19  0.250     0.999    0.005    1.000         0.000         18.391        rulex               40.000     1.00
kimi  1001 final     randk    in     19  0.500     0.999    0.005    1.000         0.000         17.870        rulex               40.000     1.00
kimi  1001 final     randk    in     19  0.750     0.999    0.005    1.000         0.000         17.186        rulex               40.000     1.00
kimi  1001 final     randk    in     19  1.000     0.999    0.005    1.000         0.000         16.285        rulex               40.000     1.00
kimi  1001 final     randk    in     19  0.000     0.999    0.005    1.000         0.000         18.786        rulex               40.000     1.00
kimi  1001 final     randk    in     19  0.250     0.999    0.005    1.000         0.000         18.391        rulex               40.000     1.00
kimi  1001 final     randk    in     19  0.500     0.999    0.005    1.000         0.000         17.870        rulex               40.000     1.00
kimi  1001 final     randk    in     19  0.750     0.999    0.005    1.000         0.000         17.186        rulex               40.000     1.00
kimi  1001 final     randk    in     19  1.000     0.999    0.005    1.000         0.000         16.285        rulex               40.000     1.00
kimi  1001 final     randk   out     32  0.000     0.999    0.005    1.000         0.000         18.786        rulex               40.000     1.00
kimi  1001 final     randk   out     32  0.250     0.999    0.004    1.000         0.000         17.704        rulex               40.000     1.00
kimi  1001 final     randk   out     32  0.500     0.999    0.004    1.000         0.000         16.622        rulex               40.000     1.00
kimi  1001 final     randk   out     32  0.750     0.999    0.004    1.000         0.000         15.540        rulex               40.000     1.00
kimi  1001 final     randk   out     32  1.000     0.999    0.003    1.000         0.000         14.458        rulex               40.000     1.00
kimi  1001 final     randk   out     32  0.000     0.999    0.005    1.000         0.000         18.786        rulex               40.000     1.00
kimi  1001 final     randk   out     32  0.250     0.999    0.004    1.000         0.000         17.704        rulex               40.000     1.00
kimi  1001 final     randk   out     32  0.500     0.999    0.004    1.000         0.000         16.622        rulex               40.000     1.00
kimi  1001 final     randk   out     32  0.750     0.999    0.004    1.000         0.000         15.540        rulex               40.000     1.00
kimi  1001 final     randk   out     32  1.000     0.999    0.003    1.000         0.000         14.458        rulex               40.000     1.00
kimi  1001 final     randk   out     32  0.000     0.999    0.005    1.000         0.000         18.786        rulex               40.000     1.00
kimi  1001 final     randk   out     32  0.250     0.999    0.004    1.000         0.000         17.704        rulex               40.000     1.00
kimi  1001 final     randk   out     32  0.500     0.999    0.004    1.000         0.000         16.622        rulex               40.000     1.00
kimi  1001 final     randk   out     32  0.750     0.999    0.004    1.000         0.000         15.540        rulex               40.000     1.00
kimi  1001 final     randk   out     32  1.000     0.999    0.003    1.000         0.000         14.458        rulex               40.000     1.00
kimi  1001 final     randk  both     19  0.000     0.999    0.005    1.000         0.000         18.786        rulex               40.000     1.00
kimi  1001 final     randk  both     19  0.250     0.999    0.004    1.000         0.000         17.777        rulex               40.000     1.00
kimi  1001 final     randk  both     19  0.500     0.999    0.004    1.000         0.000         16.648        rulex               40.000     1.00
kimi  1001 final     randk  both     19  0.750     0.999    0.004    1.000         0.000         15.367        rulex               40.000     1.00
kimi  1001 final     randk  both     19  1.000     0.999    0.004    1.000         0.000         13.884        rulex               40.000     1.00
kimi  1001 final     randk  both     19  0.000     0.999    0.005    1.000         0.000         18.786        rulex               40.000     1.00
kimi  1001 final     randk  both     19  0.250     0.999    0.004    1.000         0.000         17.777        rulex               40.000     1.00
kimi  1001 final     randk  both     19  0.500     0.999    0.004    1.000         0.000         16.648        rulex               40.000     1.00
kimi  1001 final     randk  both     19  0.750     0.999    0.004    1.000         0.000         15.367        rulex               40.000     1.00
kimi  1001 final     randk  both     19  1.000     0.999    0.004    1.000         0.000         13.884        rulex               40.000     1.00
kimi  1001 final     randk  both     19  0.000     0.999    0.005    1.000         0.000         18.786        rulex               40.000     1.00
kimi  1001 final     randk  both     19  0.250     0.999    0.004    1.000         0.000         17.777        rulex               40.000     1.00
kimi  1001 final     randk  both     19  0.500     0.999    0.004    1.000         0.000         16.648        rulex               40.000     1.00
kimi  1001 final     randk  both     19  0.750     0.999    0.004    1.000         0.000         15.367        rulex               40.000     1.00
kimi  1001 final     randk  both     19  1.000     0.999    0.004    1.000         0.000         13.884        rulex               40.000     1.00
kimi  1001 final  residual    in     19  0.000     0.999    0.005    1.000         0.000         18.786        rulex               40.000     1.00
kimi  1001 final  residual    in     19  0.250     0.999    0.005    1.000         0.000         18.391        rulex               40.000     1.00
kimi  1001 final  residual    in     19  0.500     0.999    0.005    1.000         0.000         17.870        rulex               40.000     1.00
kimi  1001 final  residual    in     19  0.750     0.999    0.005    1.000         0.000         17.186        rulex               40.000     1.00
kimi  1001 final  residual    in     19  1.000     0.999    0.005    1.000         0.000         16.285        rulex               40.000     1.00
kimi  1001 final  residual   out     32  0.000     0.999    0.005    1.000         0.000         18.786        rulex               40.000     1.00
kimi  1001 final  residual   out     32  0.250     0.999    0.004    1.000         0.000         17.704        rulex               40.000     1.00
kimi  1001 final  residual   out     32  0.500     0.999    0.004    1.000         0.000         16.622        rulex               40.000     1.00
kimi  1001 final  residual   out     32  0.750     0.999    0.004    1.000         0.000         15.540        rulex               40.000     1.00
kimi  1001 final  residual   out     32  1.000     0.999    0.003    1.000         0.000         14.458        rulex               40.000     1.00
kimi  1001 final  residual  both     19  0.000     0.999    0.005    1.000         0.000         18.786        rulex               40.000     1.00
kimi  1001 final  residual  both     19  0.250     0.999    0.004    1.000         0.000         17.777        rulex               40.000     1.00
kimi  1001 final  residual  both     19  0.500     0.999    0.004    1.000         0.000         16.648        rulex               40.000     1.00
kimi  1001 final  residual  both     19  0.750     0.999    0.004    1.000         0.000         15.367        rulex               40.000     1.00
kimi  1001 final  residual  both     19  1.000     0.999    0.004    1.000         0.000         13.884        rulex               40.000     1.00
kimi  1001 final   neurons units      0  0.000     0.999    0.005    1.000         0.000         18.786        rulex               40.000     1.00
kimi  1001 final   neurons units      1  0.001     0.999    0.005    1.000         0.000         18.724        rulex               40.000     1.00
kimi  1001 final   neurons units      2  0.001     0.999    0.005    1.000         0.000         18.667        rulex               40.000     1.00
kimi  1001 final   neurons units      4  0.002     0.999    0.005    1.000         0.000         18.563        rulex               40.000     1.00
kimi  1001 final   neurons units      8  0.004     0.999    0.005    1.000         0.000         18.370        rulex               40.000     1.00
kimi  1001 final   neurons units     16  0.008     0.999    0.004    1.000         0.000         18.045        rulex               40.000     1.00
kimi  1001 final   neurons units     32  0.017     0.999    0.004    1.000         0.000         17.471        rulex               40.000     1.00
kimi  1001 final   neurons units     64  0.033     0.999    0.004    1.000         0.000         16.561        rulex               40.000     1.00
kimi  1001 final   neurons units    128  0.067     0.999    0.004    1.000         0.000         15.101        rulex               40.000     1.00
kimi  1001 final   neurons units    256  0.133     0.999    0.004    1.000         0.000         12.954        rulex               40.000     1.00
kimi  1001 final   neurons units    512  0.267     0.999    0.004    0.977         0.018         10.422        rulex               40.000     0.98
kimi  1001 final randunits units      0  0.000     0.999    0.005    1.000         0.000         18.786        rulex               40.000     1.00
kimi  1001 final randunits units      1  0.001     0.999    0.005    1.000         0.000         18.780        rulex               40.000     1.00
kimi  1001 final randunits units      2  0.001     0.999    0.005    1.000         0.000         18.781        rulex               40.000     1.00
kimi  1001 final randunits units      4  0.002     0.998    0.005    1.000         0.000         18.727        rulex               40.000     1.00
kimi  1001 final randunits units      8  0.004     0.998    0.005    1.000         0.000         18.796        rulex               40.000     1.00
kimi  1001 final randunits units     16  0.008     0.999    0.005    1.000         0.000         18.633        rulex               40.000     1.00
kimi  1001 final randunits units     32  0.017     0.998    0.005    1.000         0.000         18.645        rulex               40.000     1.00
kimi  1001 final randunits units     64  0.033     0.998    0.005    1.000         0.000         18.515        rulex               40.000     1.00
kimi  1001 final randunits units    128  0.067     0.998    0.006    1.000         0.000         18.274        rulex               40.000     1.00
kimi  1001 final randunits units    256  0.133     0.998    0.006    1.000         0.000         17.896        rulex               40.000     1.00
kimi  1001 final randunits units    512  0.267     0.998    0.007    1.000         0.000         16.677        rulex               40.000     1.00
kimi  1001 final randunits units      0  0.000     0.999    0.005    1.000         0.000         18.786        rulex               40.000     1.00
kimi  1001 final randunits units      1  0.001     0.998    0.005    1.000         0.000         18.760        rulex               40.000     1.00
kimi  1001 final randunits units      2  0.001     0.999    0.005    1.000         0.000         18.776        rulex               40.000     1.00
kimi  1001 final randunits units      4  0.002     0.998    0.005    1.000         0.000         18.772        rulex               40.000     1.00
kimi  1001 final randunits units      8  0.004     0.999    0.005    1.000         0.000         18.794        rulex               40.000     1.00
kimi  1001 final randunits units     16  0.008     0.999    0.005    1.000         0.000         18.728        rulex               40.000     1.00
kimi  1001 final randunits units     32  0.017     0.998    0.005    1.000         0.000         18.619        rulex               40.000     1.00
kimi  1001 final randunits units     64  0.033     0.998    0.005    1.000         0.000         18.506        rulex               40.000     1.00
kimi  1001 final randunits units    128  0.067     0.999    0.005    1.000         0.000         18.407        rulex               40.000     1.00
kimi  1001 final randunits units    256  0.133     0.998    0.006    1.000         0.000         18.083        rulex               40.000     1.00
kimi  1001 final randunits units    512  0.267     0.998    0.009    1.000         0.000         16.782        rulex               40.000     1.00
kimi  1001 final randunits units      0  0.000     0.999    0.005    1.000         0.000         18.786        rulex               40.000     1.00
kimi  1001 final randunits units      1  0.001     0.999    0.005    1.000         0.000         18.787        rulex               40.000     1.00
kimi  1001 final randunits units      2  0.001     0.998    0.005    1.000         0.000         18.777        rulex               40.000     1.00
kimi  1001 final randunits units      4  0.002     0.998    0.005    1.000         0.000         18.773        rulex               40.000     1.00
kimi  1001 final randunits units      8  0.004     0.999    0.005    1.000         0.000         18.756        rulex               40.000     1.00
kimi  1001 final randunits units     16  0.008     0.999    0.005    1.000         0.000         18.718        rulex               40.000     1.00
kimi  1001 final randunits units     32  0.017     0.998    0.005    1.000         0.000         18.691        rulex               40.000     1.00
kimi  1001 final randunits units     64  0.033     0.999    0.005    1.000         0.000         18.640        rulex               40.000     1.00
kimi  1001 final randunits units    128  0.067     0.998    0.006    1.000         0.000         18.257        rulex               40.000     1.00
kimi  1001 final randunits units    256  0.133     0.998    0.006    1.000         0.000         17.763        rulex               40.000     1.00
kimi  1001 final randunits units    512  0.267     0.998    0.008    1.000         0.000         16.687        rulex               40.000     1.00
kimi  1002 final      none     -      0  0.000     0.997    0.008    0.995         0.000         18.635        rulex               40.000     1.00
kimi  1002 final   lowpass    in      0  0.000     0.007   21.960    0.014         0.009          0.196      uniform                0.200     1.00
kimi  1002 final   lowpass    in      1  1.000     0.055    3.916    0.014         0.041        -10.755 gcm_circular               20.627     0.18
kimi  1002 final   lowpass    in      2  2.000     0.057    3.888    0.018         0.045        -10.640 gcm_circular               20.627     0.24
kimi  1002 final   lowpass    in      3  3.000     0.057    3.894    0.023         0.050        -10.636 gcm_circular               20.627     0.26
kimi  1002 final   lowpass    in      4  4.000     0.058    3.914    0.018         0.032        -10.647 gcm_circular               20.627     0.32
kimi  1002 final   lowpass    in      6  6.000     0.061    3.913    0.023         0.041        -10.552 gcm_circular               20.627     0.32
kimi  1002 final   lowpass    in      8  8.000     0.303    2.222    0.014         0.198        -13.695 gcm_circular               20.627     0.04
kimi  1002 final   lowpass    in     12 12.000     0.395    1.748    0.014         0.257        -13.740 gcm_circular               40.000     0.04
kimi  1002 final   lowpass    in     16 16.000     0.392    1.755    0.018         0.252        -13.310 gcm_circular               40.000     0.06
kimi  1002 final   lowpass    in     24 24.000     0.590    1.111    0.059         0.302        -10.767        rulex               40.000     0.16
kimi  1002 final   lowpass    in     32 32.000     0.933    0.212    0.212         0.365         -4.279        rulex               40.000     0.36
kimi  1002 final   lowpass    in     48 48.000     0.998    0.009    0.919         0.054         10.613        rulex               40.000     0.94
kimi  1002 final   lowpass    in     74 74.000     0.997    0.008    0.995         0.000         18.635        rulex               40.000     1.00
kimi  1002 final   lowpass   out      0  0.000     0.007    5.004    0.005         0.000          0.000      uniform                0.200     1.00
kimi  1002 final   lowpass   out      1  1.000     0.062    3.614    0.027         0.014          1.450 gcm_circular               20.627     0.70
kimi  1002 final   lowpass   out      2  2.000     0.061    3.619    0.045         0.000          1.766 gcm_circular               20.627     1.00
kimi  1002 final   lowpass   out      3  3.000     0.058    3.626    0.027         0.005          1.916 gcm_circular               16.541     0.94
kimi  1002 final   lowpass   out      4  4.000     0.055    3.636    0.050         0.005          2.062 gcm_circular               16.541     1.00
kimi  1002 final   lowpass   out      6  6.000     0.051    3.633    0.068         0.009          2.306 gcm_circular               16.541     0.98
kimi  1002 final   lowpass   out      8  8.000     0.453    2.068    0.176         0.018          3.722        rulex               16.541     0.92
kimi  1002 final   lowpass   out     12 12.000     0.656    1.377    0.311         0.005          5.024        rulex               40.000     0.98
kimi  1002 final   lowpass   out     16 16.000     0.633    1.398    0.378         0.000          5.566        rulex               32.076     1.00
kimi  1002 final   lowpass   out     24 24.000     0.827    0.820    0.676         0.005          7.744        rulex               40.000     1.00
kimi  1002 final   lowpass   out     32 32.000     0.977    0.179    0.919         0.009         10.254        rulex               40.000     0.98
kimi  1002 final   lowpass   out     48 48.000     0.995    0.029    0.991         0.000         13.593        rulex               40.000     1.00
kimi  1002 final   lowpass   out     74 74.000     0.997    0.008    0.995         0.000         18.635        rulex               40.000     1.00
kimi  1002 final   lowpass  both      0  0.000     0.007    5.004    0.005         0.000          0.000      uniform                0.200     1.00
kimi  1002 final   lowpass  both      1  1.000     0.078    2.997    0.000         0.072        -11.679 gcm_circular               32.076     0.00
kimi  1002 final   lowpass  both      2  2.000     0.110    2.951    0.000         0.104        -11.742 gcm_circular               40.000     0.00
kimi  1002 final   lowpass  both      3  3.000     0.125    2.952    0.005         0.194        -11.716 gcm_circular               40.000     0.00
kimi  1002 final   lowpass  both      4  4.000     0.112    2.968    0.009         0.126        -11.699 gcm_circular               40.000     0.02
kimi  1002 final   lowpass  both      6  6.000     0.099    2.978    0.005         0.077        -11.622 gcm_circular               32.076     0.00
kimi  1002 final   lowpass  both      8  8.000     0.767    1.328    0.000         0.712        -15.786         rule               40.000     0.00
kimi  1002 final   lowpass  both     12 12.000     0.836    0.919    0.000         0.797        -16.453         rule               40.000     0.00
kimi  1002 final   lowpass  both     16 16.000     0.811    0.933    0.000         0.748        -16.061         rule               40.000     0.00
kimi  1002 final   lowpass  both     24 24.000     0.891    0.570    0.005         0.770        -14.667         rule               40.000     0.00
kimi  1002 final   lowpass  both     32 32.000     0.991    0.090    0.072         0.761         -9.437        rulex               40.000     0.08
kimi  1002 final   lowpass  both     48 48.000     0.996    0.020    0.721         0.153          5.645        rulex               40.000     0.82
kimi  1002 final   lowpass  both     74 74.000     0.997    0.008    0.995         0.000         18.635        rulex               40.000     1.00
kimi  1002 final      etop    in      0  0.000     0.997    0.008    0.995         0.000         18.635        rulex               40.000     1.00
kimi  1002 final      etop    in      1  0.050     0.993    0.029    0.968         0.009         14.726        rulex               40.000     0.98
kimi  1002 final      etop    in      1  0.100     0.993    0.029    0.968         0.009         14.726        rulex               40.000     0.98
kimi  1002 final      etop    in      2  0.200     0.953    0.163    0.833         0.027         12.379        rulex               32.076     0.96
kimi  1002 final      etop    in      3  0.300     0.847    0.477    0.716         0.018          9.976        rulex               25.722     0.98
kimi  1002 final      etop    in      4  0.400     0.428    1.618    0.581         0.023          7.911 gcm_circular               20.627     0.98
kimi  1002 final      etop    in      5  0.500     0.365    2.260    0.617         0.009          9.656        rulex               10.637     1.00
kimi  1002 final      etop    in      7  0.600     0.248    5.115    0.680         0.000         15.225        rulex                5.485     1.00
kimi  1002 final      etop    in     16  0.700     0.145    6.894    0.505         0.005         11.571        rulex                4.398     1.00
kimi  1002 final      etop    in     32  0.800     0.061   11.370    0.243         0.005          5.868        rulex                2.828     1.00
kimi  1002 final      etop    in     52  0.900     0.015   16.569    0.045         0.014          1.555 gcm_circular                1.170     0.98
kimi  1002 final      etop    in     62  0.950     0.007   19.159    0.018         0.009         -0.455 gcm_circular                0.388     1.00
kimi  1002 final      etop    in     74  1.000     0.007   21.960    0.014         0.009          0.196      uniform                0.200     1.00
kimi  1002 final      etop   out      0  0.000     0.997    0.008    0.995         0.000         18.635        rulex               40.000     1.00
kimi  1002 final      etop   out      1  0.050     0.991    0.045    0.991         0.000         17.401        rulex               40.000     1.00
kimi  1002 final      etop   out      1  0.100     0.991    0.045    0.991         0.000         17.401        rulex               40.000     1.00
kimi  1002 final      etop   out      2  0.200     0.967    0.191    0.995         0.000         16.707        rulex               40.000     1.00
kimi  1002 final      etop   out      3  0.300     0.834    0.722    0.995         0.000         15.605        rulex               25.722     1.00
kimi  1002 final      etop   out      4  0.400     0.359    2.016    0.991         0.000         14.155        rulex                2.268     1.00
kimi  1002 final      etop   out      5  0.500     0.113    3.310    0.982         0.000         12.894        rulex                0.752     1.00
kimi  1002 final      etop   out      6  0.600     0.023    4.472    0.977         0.000         11.951  gcm_hamming                0.938     1.00
kimi  1002 final      etop   out      7  0.700     0.005    5.434    0.968         0.000         10.761  gcm_hamming                1.170     1.00
kimi  1002 final      etop   out     15  0.800     0.005    5.481    0.941         0.000          8.789  gcm_hamming                1.170     1.00
kimi  1002 final      etop   out     41  0.900     0.005    5.261    0.752         0.000          4.414  gcm_hamming                0.938     1.00
kimi  1002 final      etop   out     57  0.950     0.007    5.130    0.459         0.000          2.077  gcm_hamming                0.484     1.00
kimi  1002 final      etop   out     74  1.000     0.007    5.004    0.005         0.000          0.000      uniform                0.200     1.00
kimi  1002 final      etop  both      0  0.000     0.997    0.008    0.995         0.000         18.635        rulex               40.000     1.00
kimi  1002 final      etop  both      1  0.050     0.933    0.248    0.968         0.005         14.398        rulex               32.076     1.00
kimi  1002 final      etop  both      1  0.100     0.933    0.248    0.968         0.005         14.398        rulex               32.076     1.00
kimi  1002 final      etop  both      2  0.200     0.900    0.385    0.838         0.009         11.111        rulex               32.076     0.98
kimi  1002 final      etop  both      3  0.300     0.646    1.122    0.680         0.023          8.012        rulex               25.722     0.98
kimi  1002 final      etop  both      4  0.400     0.058    3.999    0.707         0.000          8.900        rulex                0.938     1.00
kimi  1002 final      etop  both      5  0.500     0.057    3.939    0.622         0.000          6.386        rulex                0.484     1.00
kimi  1002 final      etop  both      7  0.600     0.013    5.558    0.779         0.000          9.433  gcm_hamming                1.170     1.00
kimi  1002 final      etop  both     16  0.700     0.006    5.556    0.685         0.005          7.136  gcm_hamming                0.938     1.00
kimi  1002 final      etop  both     32  0.800     0.006    5.480    0.423         0.005          3.653  gcm_hamming                0.938     1.00
kimi  1002 final      etop  both     52  0.900     0.006    5.209    0.059         0.009          0.546      uniform                0.603     1.00
kimi  1002 final      etop  both     62  0.950     0.006    5.098    0.005         0.000          0.062      uniform                0.200     1.00
kimi  1002 final      etop  both     74  1.000     0.007    5.004    0.005         0.000          0.000      uniform                0.200     1.00
kimi  1002 final   ebottom    in      0  0.000     0.997    0.008    0.995         0.000         18.635        rulex               40.000     1.00
kimi  1002 final   ebottom    in     13  0.050     0.997    0.008    0.995         0.000         16.964        rulex               40.000     1.00
kimi  1002 final   ebottom    in     23  0.100     0.998    0.007    0.986         0.009         14.703        rulex               40.000     0.98
kimi  1002 final   ebottom    in     43  0.200     0.999    0.004    0.851         0.135          7.996        rulex               40.000     0.86
kimi  1002 final   ebottom    in     59  0.300     0.999    0.002    0.509         0.455         -0.823        rulex               40.000     0.52
kimi  1002 final   ebottom    in     68  0.400     0.981    0.065    0.090         0.770        -11.090        rulex               40.000     0.10
kimi  1002 final   ebottom    in     70  0.500     0.808    0.536    0.018         0.680        -15.320        rulex                6.840     0.02
kimi  1002 final   ebottom    in     71  0.600     0.609    1.129    0.018         0.410        -15.645         rule                6.840     0.04
kimi  1002 final   ebottom    in     72  0.700     0.322    2.140    0.018         0.248        -14.392         rule                4.398     0.06
kimi  1002 final   ebottom    in     73  0.800     0.064    3.816    0.009         0.063        -10.899         rule                0.200     0.04
kimi  1002 final   ebottom    in     74  0.900     0.007   21.960    0.014         0.009          0.196      uniform                0.200     1.00
kimi  1002 final   ebottom    in     74  0.950     0.007   21.960    0.014         0.009          0.196      uniform                0.200     1.00
kimi  1002 final   ebottom    in     74  1.000     0.007   21.960    0.014         0.009          0.196      uniform                0.200     1.00
kimi  1002 final   ebottom   out      0  0.000     0.997    0.008    0.995         0.000         18.635        rulex               40.000     1.00
kimi  1002 final   ebottom   out     18  0.050     0.998    0.006    0.995         0.000         16.451        rulex               40.000     1.00
kimi  1002 final   ebottom   out     34  0.100     0.998    0.004    0.991         0.005         14.085        rulex               40.000     0.98
kimi  1002 final   ebottom   out     60  0.200     0.999    0.003    0.923         0.050          9.650        rulex               40.000     0.94
kimi  1002 final   ebottom   out     68  0.300     0.999    0.004    0.802         0.099          6.683        rulex               40.000     0.88
kimi  1002 final   ebottom   out     69  0.400     0.998    0.013    0.649         0.099          5.740        rulex               40.000     0.86
kimi  1002 final   ebottom   out     70  0.500     0.984    0.168    0.405         0.090          4.479        rulex               40.000     0.82
kimi  1002 final   ebottom   out     71  0.600     0.953    0.554    0.284         0.077          3.029        rulex               25.722     0.78
kimi  1002 final   ebottom   out     72  0.700     0.547    1.956    0.086         0.023          1.927        rulex                3.527     0.80
kimi  1002 final   ebottom   out     73  0.800     0.080    3.436    0.018         0.009          1.233         rule                0.200     0.70
kimi  1002 final   ebottom   out     74  0.900     0.007    5.004    0.005         0.000          0.000      uniform                0.200     1.00
kimi  1002 final   ebottom   out     74  0.950     0.007    5.004    0.005         0.000          0.000      uniform                0.200     1.00
kimi  1002 final   ebottom   out     74  1.000     0.007    5.004    0.005         0.000          0.000      uniform                0.200     1.00
kimi  1002 final   ebottom  both      0  0.000     0.997    0.008    0.995         0.000         18.635        rulex               40.000     1.00
kimi  1002 final   ebottom  both     13  0.050     0.998    0.006    0.995         0.000         14.816        rulex               40.000     1.00
kimi  1002 final   ebottom  both     23  0.100     0.999    0.004    0.959         0.027         10.356        rulex               40.000     0.98
kimi  1002 final   ebottom  both     43  0.200     1.000    0.001    0.432         0.441          0.296        rulex               40.000     0.50
kimi  1002 final   ebottom  both     59  0.300     1.000    0.001    0.104         0.797         -8.039        rulex               40.000     0.12
kimi  1002 final   ebottom  both     68  0.400     0.827    0.471    0.018         0.595        -12.736        rulex               16.541     0.02
kimi  1002 final   ebottom  both     70  0.500     0.340    2.045    0.018         0.225        -11.243         rule                4.398     0.06
kimi  1002 final   ebottom  both     71  0.600     0.432    1.803    0.005         0.405        -13.300         rule                6.840     0.00
kimi  1002 final   ebottom  both     72  0.700     0.107    3.580    0.009         0.077         -8.275         rule                0.200     0.06
kimi  1002 final   ebottom  both     73  0.800     0.007    5.083    0.009         0.005          0.030  gcm_hamming                0.200     1.00
kimi  1002 final   ebottom  both     74  0.900     0.007    5.004    0.005         0.000          0.000      uniform                0.200     1.00
kimi  1002 final   ebottom  both     74  0.950     0.007    5.004    0.005         0.000          0.000      uniform                0.200     1.00
kimi  1002 final   ebottom  both     74  1.000     0.007    5.004    0.005         0.000          0.000      uniform                0.200     1.00
kimi  1002 final     erand    in      0  0.000     0.997    0.008    0.995         0.000         18.635        rulex               40.000     1.00
kimi  1002 final     erand    in      3  0.050     0.994    0.028    0.982         0.009         15.791        rulex               40.000     0.98
kimi  1002 final     erand    in      3  0.100     0.994    0.028    0.982         0.009         15.791        rulex               40.000     0.98
kimi  1002 final     erand    in      6  0.200     0.978    0.095    0.914         0.018         13.594        rulex               40.000     0.98
kimi  1002 final     erand    in     10  0.300     0.953    0.177    0.775         0.018         10.477        rulex               25.722     0.98
kimi  1002 final     erand    in     24  0.400     0.868    0.465    0.459         0.090          3.132        rulex               10.637     0.84
kimi  1002 final     erand    in     30  0.500     0.862    0.483    0.360         0.144          0.859        rulex               10.637     0.72
kimi  1002 final     erand    in     48  0.600     0.803    0.657    0.113         0.356         -7.988        rulex                8.530     0.24
kimi  1002 final     erand    in     55  0.700     0.234    2.454    0.027         0.117         -9.625        rulex                3.527     0.18
kimi  1002 final     erand    in     60  0.800     0.063    4.168    0.023         0.045         -9.560 gcm_circular                3.527     0.30
kimi  1002 final     erand    in     67  0.900     0.009   18.857    0.014         0.000          0.800  gcm_hamming                0.249     1.00
kimi  1002 final     erand    in     68  0.950     0.009   18.979    0.014         0.009         -0.256  gcm_hamming                0.200     1.00
kimi  1002 final     erand    in     74  1.000     0.007   21.960    0.014         0.009          0.196      uniform                0.200     1.00
kimi  1002 final     erand    in      0  0.000     0.997    0.008    0.995         0.000         18.635        rulex               40.000     1.00
kimi  1002 final     erand    in      5  0.050     0.996    0.015    0.973         0.014         15.189        rulex               40.000     0.98
kimi  1002 final     erand    in      5  0.100     0.996    0.015    0.973         0.014         15.189        rulex               40.000     0.98
kimi  1002 final     erand    in      7  0.200     0.990    0.051    0.883         0.032         11.929        rulex               40.000     0.96
kimi  1002 final     erand    in     15  0.300     0.989    0.056    0.779         0.063          9.054        rulex               40.000     0.92
kimi  1002 final     erand    in     31  0.400     0.986    0.070    0.495         0.230          1.900        rulex               40.000     0.68
kimi  1002 final     erand    in     38  0.500     0.894    0.342    0.252         0.302         -3.567        rulex               32.076     0.46
kimi  1002 final     erand    in     51  0.600     0.646    1.152    0.041         0.405        -10.145        rulex               13.264     0.08
kimi  1002 final     erand    in     55  0.700     0.083    3.887    0.018         0.054         -9.503         rule                0.938     0.22
kimi  1002 final     erand    in     60  0.800     0.070    3.913    0.023         0.032         -9.922         rule                0.249     0.40
kimi  1002 final     erand    in     66  0.900     0.006   19.001    0.032         0.000          1.477   gcm_linear                0.249     1.00
kimi  1002 final     erand    in     66  0.950     0.006   19.001    0.032         0.000          1.477   gcm_linear                0.249     1.00
kimi  1002 final     erand    in     74  1.000     0.007   21.960    0.014         0.009          0.196      uniform                0.200     1.00
kimi  1002 final     erand    in      0  0.000     0.997    0.008    0.995         0.000         18.635        rulex               40.000     1.00
kimi  1002 final     erand    in      7  0.050     0.994    0.028    0.982         0.009         14.973        rulex               40.000     0.98
kimi  1002 final     erand    in      7  0.100     0.994    0.028    0.982         0.009         14.973        rulex               40.000     0.98
kimi  1002 final     erand    in     18  0.200     0.995    0.027    0.946         0.023         12.207        rulex               40.000     0.98
kimi  1002 final     erand    in     25  0.300     0.986    0.066    0.671         0.099          6.087        rulex               40.000     0.88
kimi  1002 final     erand    in     32  0.400     0.958    0.155    0.491         0.207          1.965        rulex               40.000     0.70
kimi  1002 final     erand    in     50  0.500     0.926    0.240    0.167         0.450         -6.113        rulex               32.076     0.26
kimi  1002 final     erand    in     58  0.600     0.747    0.791    0.059         0.495        -10.806        rulex               25.722     0.10
kimi  1002 final     erand    in     62  0.700     0.316    2.321    0.018         0.234        -11.746 gcm_circular               13.264     0.06
kimi  1002 final     erand    in     66  0.800     0.068    3.925    0.009         0.041        -10.346         rule                0.200     0.12
kimi  1002 final     erand    in     73  0.900     0.011   19.492    0.005         0.018          1.121  gcm_hamming                0.200     0.00
kimi  1002 final     erand    in     73  0.950     0.011   19.492    0.005         0.018          1.121  gcm_hamming                0.200     0.00
kimi  1002 final     erand    in     74  1.000     0.007   21.960    0.014         0.009          0.196      uniform                0.200     1.00
kimi  1002 final     erand   out      0  0.000     0.997    0.008    0.995         0.000         18.635        rulex               40.000     1.00
kimi  1002 final     erand   out      3  0.050     0.991    0.044    0.991         0.000         17.099        rulex               40.000     1.00
kimi  1002 final     erand   out      3  0.100     0.991    0.044    0.991         0.000         17.099        rulex               40.000     1.00
kimi  1002 final     erand   out      6  0.200     0.953    0.217    0.991         0.000         15.311        rulex               32.076     1.00
kimi  1002 final     erand   out      7  0.300     0.903    0.417    0.991         0.000         14.120        rulex               20.627     1.00
kimi  1002 final     erand   out     24  0.400     0.773    0.900    0.973         0.000         10.619        rulex                8.530     1.00
kimi  1002 final     erand   out     32  0.500     0.796    0.859    0.955         0.000          9.443        rulex                8.530     1.00
kimi  1002 final     erand   out     55  0.600     0.298    2.222    0.604         0.000          4.701        rulex                2.828     1.00
kimi  1002 final     erand   out     55  0.700     0.298    2.222    0.604         0.000          4.701        rulex                2.828     1.00
kimi  1002 final     erand   out     60  0.800     0.051    3.686    0.500         0.000          3.186        rulex                2.828     1.00
kimi  1002 final     erand   out     67  0.900     0.005    5.063    0.140         0.005          1.036  gcm_hamming                1.170     1.00
kimi  1002 final     erand   out     67  0.950     0.005    5.063    0.140         0.005          1.036  gcm_hamming                1.170     1.00
kimi  1002 final     erand   out     74  1.000     0.007    5.004    0.005         0.000          0.000      uniform                0.200     1.00
kimi  1002 final     erand   out      0  0.000     0.997    0.008    0.995         0.000         18.635        rulex               40.000     1.00
kimi  1002 final     erand   out      5  0.050     0.994    0.025    0.995         0.000         16.895        rulex               40.000     1.00
kimi  1002 final     erand   out      5  0.100     0.994    0.025    0.995         0.000         16.895        rulex               40.000     1.00
kimi  1002 final     erand   out      7  0.200     0.976    0.136    0.991         0.000         15.532        rulex               40.000     1.00
kimi  1002 final     erand   out     21  0.300     0.981    0.116    0.986         0.000         13.186        rulex               40.000     1.00
kimi  1002 final     erand   out     33  0.400     0.908    0.407    0.964         0.000         10.041        rulex               40.000     1.00
kimi  1002 final     erand   out     40  0.500     0.750    1.136    0.923         0.000          8.435        rulex               20.627     1.00
kimi  1002 final     erand   out     49  0.600     0.797    1.076    0.824         0.005          7.034        rulex               20.627     1.00
kimi  1002 final     erand   out     55  0.700     0.067    3.553    0.644         0.000          4.002        rulex                0.603     1.00
kimi  1002 final     erand   out     55  0.800     0.067    3.553    0.644         0.000          4.002        rulex                0.603     1.00
kimi  1002 final     erand   out     66  0.900     0.007    5.034    0.288         0.000          1.326  gcm_hamming                0.938     1.00
kimi  1002 final     erand   out     66  0.950     0.007    5.034    0.288         0.000          1.326  gcm_hamming                0.938     1.00
kimi  1002 final     erand   out     74  1.000     0.007    5.004    0.005         0.000          0.000      uniform                0.200     1.00
kimi  1002 final     erand   out      0  0.000     0.997    0.008    0.995         0.000         18.635        rulex               40.000     1.00
kimi  1002 final     erand   out      7  0.050     0.992    0.042    0.991         0.000         16.511        rulex               40.000     1.00
kimi  1002 final     erand   out      7  0.100     0.992    0.042    0.991         0.000         16.511        rulex               40.000     1.00
kimi  1002 final     erand   out     22  0.200     0.994    0.034    0.991         0.000         14.080        rulex               40.000     1.00
kimi  1002 final     erand   out     25  0.300     0.987    0.094    0.991         0.000         12.527        rulex               40.000     1.00
kimi  1002 final     erand   out     32  0.400     0.911    0.467    0.982         0.000         10.920        rulex               32.076     1.00
kimi  1002 final     erand   out     48  0.500     0.938    0.416    0.937         0.005          8.559        rulex               32.076     1.00
kimi  1002 final     erand   out     58  0.600     0.720    1.226    0.734         0.005          5.885        rulex               25.722     1.00
kimi  1002 final     erand   out     62  0.700     0.378    2.133    0.581         0.000          4.259 gcm_circular               16.541     1.00
kimi  1002 final     erand   out     66  0.800     0.076    3.501    0.356         0.000          2.330        rulex                0.603     1.00
kimi  1002 final     erand   out     73  0.900     0.009    4.981    0.014         0.000          0.172      uniform                0.200     1.00
kimi  1002 final     erand   out     73  0.950     0.009    4.981    0.014         0.000          0.172      uniform                0.200     1.00
kimi  1002 final     erand   out     74  1.000     0.007    5.004    0.005         0.000          0.000      uniform                0.200     1.00
kimi  1002 final     erand  both      0  0.000     0.997    0.008    0.995         0.000         18.635        rulex               40.000     1.00
kimi  1002 final     erand  both      3  0.050     0.995    0.024    0.968         0.014         13.581        rulex               40.000     0.98
kimi  1002 final     erand  both      3  0.100     0.982    0.102    0.973         0.005         13.280        rulex               40.000     0.98
kimi  1002 final     erand  both      6  0.200     0.624    1.236    0.842         0.000         10.685        rulex                5.485     1.00
kimi  1002 final     erand  both     10  0.300     0.304    2.187    0.689         0.000          9.176        rulex                4.398     1.00
kimi  1002 final     erand  both     24  0.400     0.119    3.291    0.441         0.005          4.336        rulex                4.398     1.00
kimi  1002 final     erand  both     30  0.500     0.098    3.455    0.347         0.009          2.182        rulex                3.527     1.00
kimi  1002 final     erand  both     48  0.600     0.080    3.431    0.104         0.041         -2.710 gcm_circular                3.527     0.76
kimi  1002 final     erand  both     55  0.700     0.069    3.264    0.023         0.077         -8.982 gcm_circular                4.398     0.18
kimi  1002 final     erand  both     60  0.800     0.009    5.173    0.014         0.000          0.258   gcm_linear                0.200     1.00
kimi  1002 final     erand  both     67  0.900     0.008    5.070    0.009         0.005          0.065      uniform                0.752     1.00
kimi  1002 final     erand  both     68  0.950     0.007    5.063    0.009         0.009          0.039      uniform                0.200     0.50
kimi  1002 final     erand  both     74  1.000     0.007    5.004    0.005         0.000          0.000      uniform                0.200     1.00
kimi  1002 final     erand  both      0  0.000     0.997    0.008    0.995         0.000         18.635        rulex               40.000     1.00
kimi  1002 final     erand  both      5  0.050     0.989    0.057    0.937         0.027         12.372        rulex               40.000     0.98
kimi  1002 final     erand  both      5  0.100     0.989    0.057    0.937         0.027         12.372        rulex               40.000     0.98
kimi  1002 final     erand  both      7  0.200     0.948    0.234    0.734         0.018          7.232        rulex               40.000     0.98
kimi  1002 final     erand  both     15  0.300     0.956    0.221    0.527         0.086          3.569        rulex               40.000     0.86
kimi  1002 final     erand  both     31  0.400     0.531    1.201    0.185         0.063         -2.153        rulex                2.268     0.74
kimi  1002 final     erand  both     38  0.500     0.573    1.141    0.072         0.252         -7.505        rulex                2.828     0.22
kimi  1002 final     erand  both     51  0.600     0.301    2.294    0.036         0.158         -9.730        rulex                1.459     0.18
kimi  1002 final     erand  both     55  0.700     0.010    5.441    0.036         0.009          0.390         rule                0.311     1.00
kimi  1002 final     erand  both     60  0.800     0.006    5.075    0.023         0.009          0.123      uniform                0.200     1.00
kimi  1002 final     erand  both     66  0.900     0.008    6.337    0.014         0.005         -0.000      uniform                0.200     1.00
kimi  1002 final     erand  both     66  0.950     0.007    5.016    0.005         0.000          0.026  gcm_hamming                0.200     1.00
kimi  1002 final     erand  both     74  1.000     0.007    5.004    0.005         0.000          0.000      uniform                0.200     1.00
kimi  1002 final     erand  both      0  0.000     0.997    0.008    0.995         0.000         18.635        rulex               40.000     1.00
kimi  1002 final     erand  both      7  0.050     0.995    0.024    0.973         0.014         13.074        rulex               40.000     0.98
kimi  1002 final     erand  both      7  0.100     0.984    0.100    0.964         0.014         12.194        rulex               40.000     0.98
kimi  1002 final     erand  both     18  0.200     0.918    0.344    0.874         0.000          9.526        rulex               32.076     1.00
kimi  1002 final     erand  both     25  0.300     0.677    1.044    0.509         0.018          4.475        rulex               20.627     0.96
kimi  1002 final     erand  both     32  0.400     0.164    2.774    0.486         0.005          3.742 gcm_circular               13.264     1.00
kimi  1002 final     erand  both     50  0.500     0.159    2.793    0.225         0.005          0.201 gcm_circular               13.264     1.00
kimi  1002 final     erand  both     58  0.600     0.045    3.766    0.099         0.018         -1.759 gcm_circular               16.541     0.98
kimi  1002 final     erand  both     62  0.700     0.007    5.196    0.068         0.005          0.698 gcm_circular                1.819     1.00
kimi  1002 final     erand  both     66  0.800     0.007    5.177    0.009         0.005          0.262   gcm_linear                0.311     1.00
kimi  1002 final     erand  both     73  0.900     0.003    5.070    0.009         0.005          0.014      uniform                0.200     1.00
kimi  1002 final     erand  both     73  0.950     0.003    5.070    0.009         0.005          0.014      uniform                0.200     1.00
kimi  1002 final     erand  both     74  1.000     0.007    5.004    0.005         0.000          0.000      uniform                0.200     1.00
kimi  1002 final      topk    in     52  0.000     0.997    0.008    0.995         0.000         18.635        rulex               40.000     1.00
kimi  1002 final      topk    in     52  0.250     0.997    0.009    0.995         0.000         19.092        rulex               40.000     1.00
kimi  1002 final      topk    in     52  0.500     0.997    0.010    0.995         0.000         19.404        rulex               40.000     1.00
kimi  1002 final      topk    in     52  0.750     0.993    0.031    0.991         0.000         18.361        rulex               40.000     1.00
kimi  1002 final      topk    in     52  1.000     0.015   16.569    0.045         0.014          1.555 gcm_circular                1.170     0.98
kimi  1002 final      topk   out     41  0.000     0.997    0.008    0.995         0.000         18.635        rulex               40.000     1.00
kimi  1002 final      topk   out     41  0.250     0.997    0.011    0.995         0.000         15.079        rulex               40.000     1.00
kimi  1002 final      topk   out     41  0.500     0.996    0.048    0.995         0.000         11.524        rulex               40.000     1.00
kimi  1002 final      topk   out     41  0.750     0.984    0.795    1.000         0.000          7.969        rulex               40.000     1.00
kimi  1002 final      topk   out     41  1.000     0.005    5.261    0.752         0.000          4.414  gcm_hamming                0.938     1.00
kimi  1002 final      topk  both     52  0.000     0.997    0.008    0.995         0.000         18.635        rulex               40.000     1.00
kimi  1002 final      topk  both     52  0.250     0.997    0.011    0.995         0.000         15.007        rulex               40.000     1.00
kimi  1002 final      topk  both     52  0.500     0.996    0.053    0.995         0.000         11.073        rulex               40.000     1.00
kimi  1002 final      topk  both     52  0.750     0.972    0.920    1.000         0.000          6.569        rulex               40.000     1.00
kimi  1002 final      topk  both     52  1.000     0.006    5.142    0.041         0.009          0.338      uniform                0.388     1.00
kimi  1002 final     randk    in     22  0.000     0.997    0.008    0.995         0.000         18.635        rulex               40.000     1.00
kimi  1002 final     randk    in     22  0.250     0.998    0.008    0.995         0.000         18.112        rulex               40.000     1.00
kimi  1002 final     randk    in     22  0.500     0.998    0.008    0.995         0.000         17.380        rulex               40.000     1.00
kimi  1002 final     randk    in     22  0.750     0.998    0.007    0.995         0.000         16.362        rulex               40.000     1.00
kimi  1002 final     randk    in     22  1.000     0.998    0.007    0.991         0.009         14.978        rulex               40.000     0.98
kimi  1002 final     randk    in     22  0.000     0.997    0.008    0.995         0.000         18.635        rulex               40.000     1.00
kimi  1002 final     randk    in     22  0.250     0.998    0.008    0.995         0.000         18.112        rulex               40.000     1.00
kimi  1002 final     randk    in     22  0.500     0.998    0.008    0.995         0.000         17.380        rulex               40.000     1.00
kimi  1002 final     randk    in     22  0.750     0.998    0.007    0.995         0.000         16.362        rulex               40.000     1.00
kimi  1002 final     randk    in     22  1.000     0.998    0.007    0.991         0.009         14.978        rulex               40.000     0.98
kimi  1002 final     randk    in     22  0.000     0.997    0.008    0.995         0.000         18.635        rulex               40.000     1.00
kimi  1002 final     randk    in     22  0.250     0.998    0.008    0.995         0.000         18.112        rulex               40.000     1.00
kimi  1002 final     randk    in     22  0.500     0.998    0.008    0.995         0.000         17.380        rulex               40.000     1.00
kimi  1002 final     randk    in     22  0.750     0.998    0.007    0.995         0.000         16.362        rulex               40.000     1.00
kimi  1002 final     randk    in     22  1.000     0.998    0.007    0.991         0.009         14.978        rulex               40.000     0.98
kimi  1002 final     randk   out     33  0.000     0.997    0.008    0.995         0.000         18.635        rulex               40.000     1.00
kimi  1002 final     randk   out     33  0.250     0.998    0.007    0.995         0.000         17.531        rulex               40.000     1.00
kimi  1002 final     randk   out     33  0.500     0.998    0.006    0.995         0.000         16.427        rulex               40.000     1.00
kimi  1002 final     randk   out     33  0.750     0.998    0.005    0.995         0.000         15.324        rulex               40.000     1.00
kimi  1002 final     randk   out     33  1.000     0.998    0.004    0.995         0.000         14.220        rulex               40.000     1.00
kimi  1002 final     randk   out     33  0.000     0.997    0.008    0.995         0.000         18.635        rulex               40.000     1.00
kimi  1002 final     randk   out     33  0.250     0.998    0.007    0.995         0.000         17.531        rulex               40.000     1.00
kimi  1002 final     randk   out     33  0.500     0.998    0.006    0.995         0.000         16.427        rulex               40.000     1.00
kimi  1002 final     randk   out     33  0.750     0.998    0.005    0.995         0.000         15.324        rulex               40.000     1.00
kimi  1002 final     randk   out     33  1.000     0.998    0.004    0.995         0.000         14.220        rulex               40.000     1.00
kimi  1002 final     randk   out     33  0.000     0.997    0.008    0.995         0.000         18.635        rulex               40.000     1.00
kimi  1002 final     randk   out     33  0.250     0.998    0.007    0.995         0.000         17.531        rulex               40.000     1.00
kimi  1002 final     randk   out     33  0.500     0.998    0.006    0.995         0.000         16.427        rulex               40.000     1.00
kimi  1002 final     randk   out     33  0.750     0.998    0.005    0.995         0.000         15.324        rulex               40.000     1.00
kimi  1002 final     randk   out     33  1.000     0.998    0.004    0.995         0.000         14.220        rulex               40.000     1.00
kimi  1002 final     randk  both     22  0.000     0.997    0.008    0.995         0.000         18.635        rulex               40.000     1.00
kimi  1002 final     randk  both     22  0.250     0.998    0.007    0.995         0.000         17.429        rulex               40.000     1.00
kimi  1002 final     randk  both     22  0.500     0.998    0.006    0.995         0.000         16.024        rulex               40.000     1.00
kimi  1002 final     randk  both     22  0.750     0.998    0.006    0.991         0.005         14.353        rulex               40.000     0.98
kimi  1002 final     randk  both     22  1.000     0.998    0.005    0.982         0.014         12.343        rulex               40.000     0.98
kimi  1002 final     randk  both     22  0.000     0.997    0.008    0.995         0.000         18.635        rulex               40.000     1.00
kimi  1002 final     randk  both     22  0.250     0.998    0.007    0.995         0.000         17.429        rulex               40.000     1.00
kimi  1002 final     randk  both     22  0.500     0.998    0.006    0.995         0.000         16.024        rulex               40.000     1.00
kimi  1002 final     randk  both     22  0.750     0.998    0.006    0.991         0.005         14.353        rulex               40.000     0.98
kimi  1002 final     randk  both     22  1.000     0.998    0.005    0.982         0.014         12.343        rulex               40.000     0.98
kimi  1002 final     randk  both     22  0.000     0.997    0.008    0.995         0.000         18.635        rulex               40.000     1.00
kimi  1002 final     randk  both     22  0.250     0.998    0.007    0.995         0.000         17.429        rulex               40.000     1.00
kimi  1002 final     randk  both     22  0.500     0.998    0.006    0.995         0.000         16.024        rulex               40.000     1.00
kimi  1002 final     randk  both     22  0.750     0.998    0.006    0.991         0.005         14.353        rulex               40.000     0.98
kimi  1002 final     randk  both     22  1.000     0.998    0.005    0.982         0.014         12.343        rulex               40.000     0.98
kimi  1002 final  residual    in     22  0.000     0.997    0.008    0.995         0.000         18.635        rulex               40.000     1.00
kimi  1002 final  residual    in     22  0.250     0.998    0.008    0.995         0.000         18.112        rulex               40.000     1.00
kimi  1002 final  residual    in     22  0.500     0.998    0.008    0.995         0.000         17.380        rulex               40.000     1.00
kimi  1002 final  residual    in     22  0.750     0.998    0.007    0.995         0.000         16.362        rulex               40.000     1.00
kimi  1002 final  residual    in     22  1.000     0.998    0.007    0.991         0.009         14.978        rulex               40.000     0.98
kimi  1002 final  residual   out     33  0.000     0.997    0.008    0.995         0.000         18.635        rulex               40.000     1.00
kimi  1002 final  residual   out     33  0.250     0.998    0.007    0.995         0.000         17.531        rulex               40.000     1.00
kimi  1002 final  residual   out     33  0.500     0.998    0.006    0.995         0.000         16.427        rulex               40.000     1.00
kimi  1002 final  residual   out     33  0.750     0.998    0.005    0.995         0.000         15.324        rulex               40.000     1.00
kimi  1002 final  residual   out     33  1.000     0.998    0.004    0.995         0.000         14.220        rulex               40.000     1.00
kimi  1002 final  residual  both     22  0.000     0.997    0.008    0.995         0.000         18.635        rulex               40.000     1.00
kimi  1002 final  residual  both     22  0.250     0.998    0.007    0.995         0.000         17.429        rulex               40.000     1.00
kimi  1002 final  residual  both     22  0.500     0.998    0.006    0.995         0.000         16.024        rulex               40.000     1.00
kimi  1002 final  residual  both     22  0.750     0.998    0.006    0.991         0.005         14.353        rulex               40.000     0.98
kimi  1002 final  residual  both     22  1.000     0.998    0.005    0.982         0.014         12.343        rulex               40.000     0.98
kimi  1002 final   neurons units      0  0.000     0.997    0.008    0.995         0.000         18.635        rulex               40.000     1.00
kimi  1002 final   neurons units      1  0.001     0.997    0.008    0.995         0.000         18.565        rulex               40.000     1.00
kimi  1002 final   neurons units      2  0.001     0.997    0.008    0.995         0.000         18.503        rulex               40.000     1.00
kimi  1002 final   neurons units      4  0.002     0.997    0.008    0.995         0.000         18.402        rulex               40.000     1.00
kimi  1002 final   neurons units      8  0.004     0.997    0.008    0.995         0.000         18.224        rulex               40.000     1.00
kimi  1002 final   neurons units     16  0.008     0.997    0.007    0.995         0.000         17.928        rulex               40.000     1.00
kimi  1002 final   neurons units     32  0.017     0.998    0.007    0.995         0.000         17.411        rulex               40.000     1.00
kimi  1002 final   neurons units     64  0.033     0.998    0.006    0.995         0.000         16.544        rulex               40.000     1.00
kimi  1002 final   neurons units    128  0.067     0.998    0.005    0.995         0.000         15.171        rulex               40.000     1.00
kimi  1002 final   neurons units    256  0.133     0.999    0.004    0.973         0.009         13.147        rulex               40.000     0.98
kimi  1002 final   neurons units    512  0.267     0.999    0.004    0.950         0.027         10.580        rulex               40.000     0.98
kimi  1002 final randunits units      0  0.000     0.997    0.008    0.995         0.000         18.635        rulex               40.000     1.00
kimi  1002 final randunits units      1  0.001     0.997    0.008    0.995         0.000         18.629        rulex               40.000     1.00
kimi  1002 final randunits units      2  0.001     0.997    0.008    0.995         0.000         18.627        rulex               40.000     1.00
kimi  1002 final randunits units      4  0.002     0.997    0.008    0.995         0.000         18.601        rulex               40.000     1.00
kimi  1002 final randunits units      8  0.004     0.997    0.008    0.995         0.000         18.653        rulex               40.000     1.00
kimi  1002 final randunits units     16  0.008     0.997    0.009    0.995         0.000         18.532        rulex               40.000     1.00
kimi  1002 final randunits units     32  0.017     0.997    0.008    0.995         0.000         18.484        rulex               40.000     1.00
kimi  1002 final randunits units     64  0.033     0.997    0.008    0.995         0.000         18.387        rulex               40.000     1.00
kimi  1002 final randunits units    128  0.067     0.997    0.008    0.995         0.000         18.182        rulex               40.000     1.00
kimi  1002 final randunits units    256  0.133     0.997    0.009    0.995         0.000         17.741        rulex               40.000     1.00
kimi  1002 final randunits units    512  0.267     0.997    0.010    0.995         0.000         16.727        rulex               40.000     1.00
kimi  1002 final randunits units      0  0.000     0.997    0.008    0.995         0.000         18.635        rulex               40.000     1.00
kimi  1002 final randunits units      1  0.001     0.997    0.008    0.995         0.000         18.609        rulex               40.000     1.00
kimi  1002 final randunits units      2  0.001     0.997    0.008    0.995         0.000         18.626        rulex               40.000     1.00
kimi  1002 final randunits units      4  0.002     0.997    0.008    0.995         0.000         18.619        rulex               40.000     1.00
kimi  1002 final randunits units      8  0.004     0.997    0.008    0.995         0.000         18.630        rulex               40.000     1.00
kimi  1002 final randunits units     16  0.008     0.997    0.008    0.995         0.000         18.583        rulex               40.000     1.00
kimi  1002 final randunits units     32  0.017     0.997    0.008    0.995         0.000         18.508        rulex               40.000     1.00
kimi  1002 final randunits units     64  0.033     0.997    0.008    0.995         0.000         18.380        rulex               40.000     1.00
kimi  1002 final randunits units    128  0.067     0.997    0.008    0.995         0.000         18.226        rulex               40.000     1.00
kimi  1002 final randunits units    256  0.133     0.997    0.009    0.995         0.000         17.874        rulex               40.000     1.00
kimi  1002 final randunits units    512  0.267     0.997    0.011    0.995         0.000         16.635        rulex               40.000     1.00
kimi  1002 final randunits units      0  0.000     0.997    0.008    0.995         0.000         18.635        rulex               40.000     1.00
kimi  1002 final randunits units      1  0.001     0.997    0.008    0.995         0.000         18.632        rulex               40.000     1.00
kimi  1002 final randunits units      2  0.001     0.997    0.008    0.995         0.000         18.629        rulex               40.000     1.00
kimi  1002 final randunits units      4  0.002     0.997    0.008    0.995         0.000         18.628        rulex               40.000     1.00
kimi  1002 final randunits units      8  0.004     0.997    0.008    0.995         0.000         18.603        rulex               40.000     1.00
kimi  1002 final randunits units     16  0.008     0.997    0.008    0.995         0.000         18.573        rulex               40.000     1.00
kimi  1002 final randunits units     32  0.017     0.997    0.008    0.995         0.000         18.556        rulex               40.000     1.00
kimi  1002 final randunits units     64  0.033     0.997    0.008    0.995         0.000         18.506        rulex               40.000     1.00
kimi  1002 final randunits units    128  0.067     0.997    0.008    0.995         0.000         18.166        rulex               40.000     1.00
kimi  1002 final randunits units    256  0.133     0.997    0.008    0.995         0.000         17.697        rulex               40.000     1.00
kimi  1002 final randunits units    512  0.267     0.997    0.011    0.991         0.005         16.695        rulex               40.000     0.98
kimi  1000 final      none     -      0  0.000     1.000    0.001    0.991         0.000         10.845        rulex               40.000     1.00
kimi  1000 final   lowpass    in      0  0.000     0.007    8.954    0.014         0.000         -0.049      uniform                0.200     1.00
kimi  1000 final   lowpass    in      1  1.000     0.004   10.188    0.000         0.000         -0.132      uniform                0.200     0.00
kimi  1000 final   lowpass    in      2  2.000     0.007    9.958    0.009         0.000         -0.191 gcm_circular                0.200     1.00
kimi  1000 final   lowpass    in      3  3.000     0.008    9.735    0.000         0.005         -0.185   gcm_linear                0.200     0.00
kimi  1000 final   lowpass    in      4  4.000     0.008    9.790    0.005         0.009          0.017   gcm_linear                0.249     0.00
kimi  1000 final   lowpass    in      6  6.000     0.009    9.762    0.018         0.005          0.655      uniform                0.603     1.00
kimi  1000 final   lowpass    in      8  8.000     0.008    9.603    0.000         0.009          0.768   gcm_linear                0.249     0.00
kimi  1000 final   lowpass    in     12 12.000     0.037    6.129    0.054         0.027          0.210        rulex                0.200     0.74
kimi  1000 final   lowpass    in     16 16.000     0.191    3.071    0.041         0.090         -2.161        rulex                2.828     0.30
kimi  1000 final   lowpass    in     24 24.000     0.245    2.759    0.095         0.077         -1.140        rulex                3.527     0.56
kimi  1000 final   lowpass    in     32 32.000     0.263    2.607    0.122         0.077          0.181        rulex                3.527     0.62
kimi  1000 final   lowpass    in     48 48.000     0.761    0.633    0.482         0.104          3.446        rulex               13.264     0.82
kimi  1000 final   lowpass    in     74 74.000     1.000    0.001    0.991         0.000         10.845        rulex               40.000     1.00
kimi  1000 final   lowpass   out      0  0.000     0.007    5.004    0.000         0.009          0.000      uniform                0.200     0.00
kimi  1000 final   lowpass   out      1  1.000     0.017    4.894    0.009         0.005          0.152 gcm_circular                4.398     0.80
kimi  1000 final   lowpass   out      2  2.000     0.012    4.889    0.023         0.005          0.243 gcm_circular                3.527     1.00
kimi  1000 final   lowpass   out      3  3.000     0.013    4.890    0.032         0.000          0.322 gcm_circular                3.527     1.00
kimi  1000 final   lowpass   out      4  4.000     0.022    4.880    0.018         0.005          0.420 gcm_circular                3.527     1.00
kimi  1000 final   lowpass   out      6  6.000     0.080    4.287    0.117         0.018          0.806 gcm_circular                3.527     0.94
kimi  1000 final   lowpass   out      8  8.000     0.074    4.257    0.104         0.005          0.986 gcm_circular                3.527     1.00
kimi  1000 final   lowpass   out     12 12.000     0.309    3.565    0.203         0.027          1.341        rulex                8.530     0.90
kimi  1000 final   lowpass   out     16 16.000     0.511    2.985    0.252         0.014          1.462        rulex               10.637     0.96
kimi  1000 final   lowpass   out     24 24.000     0.872    1.932    0.577         0.014          2.650        rulex               25.722     0.98
kimi  1000 final   lowpass   out     32 32.000     0.964    1.011    0.811         0.005          3.889        rulex               40.000     0.98
kimi  1000 final   lowpass   out     48 48.000     1.000    0.025    0.986         0.000          6.590        rulex               40.000     1.00
kimi  1000 final   lowpass   out     74 74.000     1.000    0.001    0.991         0.000         10.845        rulex               40.000     1.00
kimi  1000 final   lowpass  both      0  0.000     0.007    5.004    0.000         0.009          0.000      uniform                0.200     0.00
kimi  1000 final   lowpass  both      1  1.000     0.009    5.012    0.005         0.009         -0.001      uniform                0.311     0.00
kimi  1000 final   lowpass  both      2  2.000     0.008    5.037    0.009         0.000          0.004      uniform                0.388     1.00
kimi  1000 final   lowpass  both      3  3.000     0.010    5.000    0.009         0.005         -0.027 gcm_circular                1.459     1.00
kimi  1000 final   lowpass  both      4  4.000     0.006    5.027    0.005         0.000         -0.038      uniform                0.938     1.00
kimi  1000 final   lowpass  both      6  6.000     0.004    5.383    0.005         0.009         -0.023      uniform                0.484     0.00
kimi  1000 final   lowpass  both      8  8.000     0.007    5.331    0.009         0.018          0.032      uniform                0.311     0.00
kimi  1000 final   lowpass  both     12 12.000     0.042    4.321    0.014         0.027         -1.001         rule                0.388     0.26
kimi  1000 final   lowpass  both     16 16.000     0.191    3.043    0.018         0.162         -2.494         rule                3.527     0.08
kimi  1000 final   lowpass  both     24 24.000     0.260    2.568    0.032         0.144         -2.449        rulex                4.398     0.16
kimi  1000 final   lowpass  both     32 32.000     0.356    1.886    0.018         0.207         -3.759         rule                4.398     0.08
kimi  1000 final   lowpass  both     48 48.000     0.785    0.668    0.365         0.117          1.090        rulex               13.264     0.76
kimi  1000 final   lowpass  both     74 74.000     1.000    0.001    0.991         0.000         10.845        rulex               40.000     1.00
kimi  1000 final      etop    in      0  0.000     1.000    0.001    0.991         0.000         10.845        rulex               40.000     1.00
kimi  1000 final      etop    in      1  0.050     0.994    0.027    0.986         0.000         11.092        rulex               40.000     1.00
kimi  1000 final      etop    in      1  0.100     0.994    0.027    0.986         0.000         11.092        rulex               40.000     1.00
kimi  1000 final      etop    in      3  0.200     0.551    1.720    0.892         0.000         10.724        rulex                6.840     1.00
kimi  1000 final      etop    in      4  0.300     0.215    3.553    0.761         0.000          9.942        rulex                1.170     1.00
kimi  1000 final      etop    in      5  0.400     0.073    6.539    0.626         0.000         10.287        rulex                1.170     1.00
kimi  1000 final      etop    in      6  0.500     0.028    8.263    0.527         0.000          9.811        rulex                0.200     1.00
kimi  1000 final      etop    in     10  0.600     0.014    8.748    0.392         0.000          8.271        rulex                0.311     1.00
kimi  1000 final      etop    in     21  0.700     0.010    8.805    0.216         0.000          5.600  gcm_hamming                0.200     1.00
kimi  1000 final      etop    in     37  0.800     0.007    8.997    0.077         0.005          3.234   gcm_linear                0.200     1.00
kimi  1000 final      etop    in     54  0.900     0.007    9.472    0.027         0.000          1.022   gcm_linear                0.200     1.00
kimi  1000 final      etop    in     64  0.950     0.007    9.802    0.014         0.000          0.371      uniform                0.388     1.00
kimi  1000 final      etop    in     74  1.000     0.007    8.954    0.014         0.000         -0.049      uniform                0.200     1.00
kimi  1000 final      etop   out      0  0.000     1.000    0.001    0.991         0.000         10.845        rulex               40.000     1.00
kimi  1000 final      etop   out      2  0.050     1.000    0.001    0.991         0.000         10.212        rulex               40.000     1.00
kimi  1000 final      etop   out      3  0.100     1.000    0.002    0.991         0.000          9.981        rulex               40.000     1.00
kimi  1000 final      etop   out      6  0.200     0.999    0.006    1.000         0.000          9.131        rulex               40.000     1.00
kimi  1000 final      etop   out     10  0.300     0.999    0.025    1.000         0.000          8.422        rulex               40.000     1.00
kimi  1000 final      etop   out     13  0.400     0.998    0.068    0.995         0.000          7.794        rulex               40.000     1.00
kimi  1000 final      etop   out     17  0.500     0.995    0.266    0.986         0.000          7.185        rulex               40.000     1.00
kimi  1000 final      etop   out     22  0.600     0.986    0.788    0.955         0.000          5.679        rulex               40.000     1.00
kimi  1000 final      etop   out     27  0.700     0.802    2.003    0.937         0.000          5.175        rulex               10.637     1.00
kimi  1000 final      etop   out     33  0.800     0.262    3.560    0.851         0.000          4.672        rulex                3.527     1.00
kimi  1000 final      etop   out     44  0.900     0.064    4.569    0.649         0.000          2.886        rulex                2.268     1.00
kimi  1000 final      etop   out     55  0.950     0.034    4.892    0.342         0.000          1.595        rulex                1.819     1.00
kimi  1000 final      etop   out     74  1.000     0.007    5.004    0.000         0.009          0.000      uniform                0.200     0.00
kimi  1000 final      etop  both      0  0.000     1.000    0.001    0.991         0.000         10.845        rulex               40.000     1.00
kimi  1000 final      etop  both      1  0.050     0.989    0.059    0.986         0.000         10.732        rulex               40.000     1.00
kimi  1000 final      etop  both      1  0.100     0.986    0.085    0.991         0.000         10.625        rulex               40.000     1.00
kimi  1000 final      etop  both      3  0.200     0.517    1.680    0.842         0.000          8.586        rulex                5.485     1.00
kimi  1000 final      etop  both      4  0.300     0.173    3.291    0.698         0.000          7.214        rulex                0.200     1.00
kimi  1000 final      etop  both      5  0.400     0.060    5.186    0.509         0.000          6.567        rulex                0.938     1.00
kimi  1000 final      etop  both      6  0.500     0.021    5.951    0.423         0.000          5.632        rulex                0.200     1.00
kimi  1000 final      etop  both     10  0.600     0.011    5.812    0.257         0.000          4.141  gcm_hamming                0.200     1.00
kimi  1000 final      etop  both     21  0.700     0.007    5.580    0.153         0.000          2.228  gcm_hamming                0.603     1.00
kimi  1000 final      etop  both     37  0.800     0.005    5.401    0.036         0.000          0.931   gcm_linear                0.200     1.00
kimi  1000 final      etop  both     54  0.900     0.006    5.189    0.032         0.005          0.234   gcm_linear                0.200     1.00
kimi  1000 final      etop  both     64  0.950     0.006    5.093    0.005         0.009          0.100   gcm_linear                0.484     0.00
kimi  1000 final      etop  both     74  1.000     0.007    5.004    0.000         0.009          0.000      uniform                0.200     0.00
kimi  1000 final   ebottom    in      0  0.000     1.000    0.001    0.991         0.000         10.845        rulex               40.000     1.00
kimi  1000 final   ebottom    in     11  0.050     1.000    0.000    1.000         0.000          9.527        rulex               40.000     1.00
kimi  1000 final   ebottom    in     21  0.100     1.000    0.000    0.950         0.045          7.674        rulex               40.000     0.96
kimi  1000 final   ebottom    in     38  0.200     1.000    0.000    0.667         0.333          3.057        rulex               40.000     0.66
kimi  1000 final   ebottom    in     54  0.300     1.000    0.000    0.270         0.730         -2.336        rulex               40.000     0.28
kimi  1000 final   ebottom    in     65  0.400     1.000    0.000    0.095         0.905         -7.056        rulex               40.000     0.10
kimi  1000 final   ebottom    in     69  0.500     1.000    0.001    0.014         0.982         -8.684        rulex               40.000     0.02
kimi  1000 final   ebottom    in     70  0.600     0.970    0.117    0.014         0.896         -7.265        rulex               40.000     0.02
kimi  1000 final   ebottom    in     71  0.700     0.744    0.695    0.009         0.577         -6.713         rule               13.264     0.02
kimi  1000 final   ebottom    in     72  0.800     0.182    3.137    0.000         0.113         -4.503 gcm_circular                6.840     0.00
kimi  1000 final   ebottom    in     74  0.900     0.007    8.954    0.014         0.000         -0.049      uniform                0.200     1.00
kimi  1000 final   ebottom    in     74  0.950     0.007    8.954    0.014         0.000         -0.049      uniform                0.200     1.00
kimi  1000 final   ebottom    in     74  1.000     0.007    8.954    0.014         0.000         -0.049      uniform                0.200     1.00
kimi  1000 final   ebottom   out      0  0.000     1.000    0.001    0.991         0.000         10.845        rulex               40.000     1.00
kimi  1000 final   ebottom   out     20  0.050     1.000    0.000    0.982         0.009          9.115        rulex               40.000     0.98
kimi  1000 final   ebottom   out     31  0.100     1.000    0.001    0.982         0.009          7.806        rulex               40.000     0.98
kimi  1000 final   ebottom   out     42  0.200     1.000    0.001    0.977         0.009          5.936        rulex               40.000     0.98
kimi  1000 final   ebottom   out     48  0.300     1.000    0.005    0.973         0.014          5.788        rulex               40.000     0.98
kimi  1000 final   ebottom   out     53  0.400     1.000    0.022    0.973         0.014          4.971        rulex               40.000     0.98
kimi  1000 final   ebottom   out     58  0.500     1.000    0.081    0.892         0.027          3.363        rulex               40.000     0.96
kimi  1000 final   ebottom   out     62  0.600     0.999    0.380    0.811         0.036          2.821        rulex               40.000     0.96
kimi  1000 final   ebottom   out     65  0.700     0.997    0.942    0.698         0.023          2.142        rulex               40.000     0.96
kimi  1000 final   ebottom   out     69  0.800     0.907    2.428    0.374         0.014          1.459        rulex               16.541     0.96
kimi  1000 final   ebottom   out     72  0.900     0.220    3.891    0.077         0.041          0.632        rulex                2.268     0.66
kimi  1000 final   ebottom   out     73  0.950     0.038    4.436    0.009         0.005          0.404         rule                0.200     0.74
kimi  1000 final   ebottom   out     74  1.000     0.007    5.004    0.000         0.009          0.000      uniform                0.200     0.00
kimi  1000 final   ebottom  both      0  0.000     1.000    0.001    0.991         0.000         10.845        rulex               40.000     1.00
kimi  1000 final   ebottom  both     11  0.050     1.000    0.000    0.982         0.014          7.847        rulex               40.000     0.98
kimi  1000 final   ebottom  both     21  0.100     1.000    0.000    0.865         0.131          4.918        rulex               40.000     0.86
kimi  1000 final   ebottom  both     38  0.200     1.000    0.001    0.423         0.577         -0.392        rulex               40.000     0.42
kimi  1000 final   ebottom  both     54  0.300     1.000    0.003    0.176         0.820         -3.455        rulex               40.000     0.18
kimi  1000 final   ebottom  both     65  0.400     1.000    0.021    0.063         0.937         -5.511        rulex               40.000     0.06
kimi  1000 final   ebottom  both     69  0.500     1.000    0.128    0.000         1.000         -6.083         rule               40.000     0.00
kimi  1000 final   ebottom  both     70  0.600     0.907    1.012    0.005         0.806         -4.525         rule               13.264     0.00
kimi  1000 final   ebottom  both     71  0.700     0.512    2.378    0.005         0.410         -3.129         rule                5.485     0.00
kimi  1000 final   ebottom  both     72  0.800     0.012    5.186    0.009         0.005          0.277         rule                0.200     1.00
kimi  1000 final   ebottom  both     74  0.900     0.007    5.141    0.000         0.000          0.035      uniform                0.200     0.00
kimi  1000 final   ebottom  both     74  0.950     0.006    5.122    0.000         0.000          0.025   gcm_linear                0.200     0.00
kimi  1000 final   ebottom  both     74  1.000     0.007    5.004    0.000         0.009          0.000      uniform                0.200     0.00
kimi  1000 final     erand    in      0  0.000     1.000    0.001    0.991         0.000         10.845        rulex               40.000     1.00
kimi  1000 final     erand    in      8  0.050     1.000    0.000    0.982         0.009          9.106        rulex               40.000     0.98
kimi  1000 final     erand    in     17  0.100     1.000    0.000    0.928         0.068          7.193        rulex               40.000     0.94
kimi  1000 final     erand    in     27  0.200     0.999    0.003    0.788         0.194          3.983        rulex               40.000     0.80
kimi  1000 final     erand    in     38  0.300     0.989    0.044    0.468         0.410          0.452        rulex               40.000     0.54
kimi  1000 final     erand    in     45  0.400     0.991    0.038    0.279         0.604         -1.706        rulex               40.000     0.32
kimi  1000 final     erand    in     50  0.500     0.727    0.854    0.153         0.266         -1.263        rulex                6.840     0.36
kimi  1000 final     erand    in     53  0.600     0.225    2.843    0.041         0.081         -1.342        rulex                0.200     0.32
kimi  1000 final     erand    in     56  0.700     0.042    6.153    0.054         0.032          1.138        rulex                0.200     0.68
kimi  1000 final     erand    in     64  0.800     0.035    5.798    0.009         0.018         -0.200         rule                0.200     0.26
kimi  1000 final     erand    in     65  0.900     0.007    9.517    0.027         0.018          0.362   gcm_linear                0.200     1.00
kimi  1000 final     erand    in     70  0.950     0.006    9.918    0.000         0.014         -0.284   gcm_linear                0.200     0.00
kimi  1000 final     erand    in     74  1.000     0.007    8.954    0.014         0.000         -0.049      uniform                0.200     1.00
kimi  1000 final     erand    in      0  0.000     1.000    0.001    0.991         0.000         10.845        rulex               40.000     1.00
kimi  1000 final     erand    in      6  0.050     1.000    0.001    0.986         0.005          9.708        rulex               40.000     0.98
kimi  1000 final     erand    in     10  0.100     1.000    0.001    0.986         0.009          9.113        rulex               40.000     0.98
kimi  1000 final     erand    in     17  0.200     0.993    0.030    0.887         0.050          7.122        rulex               40.000     0.94
kimi  1000 final     erand    in     31  0.300     0.994    0.026    0.658         0.252          3.132        rulex               40.000     0.72
kimi  1000 final     erand    in     36  0.400     0.700    0.767    0.221         0.140          0.587        rulex               13.264     0.62
kimi  1000 final     erand    in     39  0.500     0.233    2.770    0.198         0.036          1.925        rulex                0.200     0.86
kimi  1000 final     erand    in     43  0.600     0.223    2.777    0.149         0.036          1.045        rulex                0.200     0.82
kimi  1000 final     erand    in     57  0.700     0.228    2.681    0.086         0.090         -1.767        rulex                0.200     0.48
kimi  1000 final     erand    in     64  0.800     0.046    5.224    0.018         0.050         -0.699         rule                0.200     0.18
kimi  1000 final     erand    in     72  0.900     0.045    4.858    0.018         0.023         -1.933         rule                0.200     0.42
kimi  1000 final     erand    in     74  0.950     0.007    8.954    0.014         0.000         -0.049      uniform                0.200     1.00
kimi  1000 final     erand    in     74  1.000     0.007    8.954    0.014         0.000         -0.049      uniform                0.200     1.00
kimi  1000 final     erand    in      0  0.000     1.000    0.001    0.991         0.000         10.845        rulex               40.000     1.00
kimi  1000 final     erand    in      5  0.050     1.000    0.001    0.986         0.005          9.675        rulex               40.000     0.98
kimi  1000 final     erand    in     13  0.100     1.000    0.001    0.959         0.036          7.983        rulex               40.000     0.96
kimi  1000 final     erand    in     24  0.200     0.996    0.019    0.793         0.149          4.647        rulex               40.000     0.84
kimi  1000 final     erand    in     27  0.300     0.996    0.019    0.716         0.230          3.316        rulex               40.000     0.76
kimi  1000 final     erand    in     29  0.400     0.777    0.650    0.536         0.117          3.479        rulex               13.264     0.82
kimi  1000 final     erand    in     42  0.500     0.718    0.803    0.270         0.248         -0.120        rulex               13.264     0.52
kimi  1000 final     erand    in     49  0.600     0.162    3.802    0.140         0.068          0.843        rulex                0.938     0.68
kimi  1000 final     erand    in     50  0.700     0.161    3.787    0.117         0.059          0.603        rulex                0.938     0.68
kimi  1000 final     erand    in     57  0.800     0.046    4.754    0.059         0.023         -0.217        rulex                0.200     0.80
kimi  1000 final     erand    in     60  0.900     0.007    9.607    0.032         0.000          1.203   gcm_linear                0.388     1.00
kimi  1000 final     erand    in     67  0.950     0.008    9.759    0.014         0.014          0.457   gcm_linear                0.200     0.50
kimi  1000 final     erand    in     74  1.000     0.007    8.954    0.014         0.000         -0.049      uniform                0.200     1.00
kimi  1000 final     erand   out      0  0.000     1.000    0.001    0.991         0.000         10.845        rulex               40.000     1.00
kimi  1000 final     erand   out      2  0.050     1.000    0.001    0.991         0.000         10.265        rulex               40.000     1.00
kimi  1000 final     erand   out      6  0.100     1.000    0.001    0.991         0.005          9.325        rulex               40.000     0.98
kimi  1000 final     erand   out     13  0.200     1.000    0.003    0.986         0.005          8.221        rulex               40.000     0.98
kimi  1000 final     erand   out     21  0.300     1.000    0.013    0.986         0.005          6.900        rulex               40.000     0.98
kimi  1000 final     erand   out     27  0.400     0.999    0.042    0.986         0.000          6.286        rulex               40.000     1.00
kimi  1000 final     erand   out     35  0.500     0.999    0.155    0.982         0.000          4.810        rulex               40.000     1.00
kimi  1000 final     erand   out     45  0.600     0.997    0.393    0.910         0.023          3.557        rulex               40.000     0.98
kimi  1000 final     erand   out     52  0.700     0.988    1.076    0.712         0.018          2.362        rulex               40.000     0.98
kimi  1000 final     erand   out     58  0.800     0.869    2.288    0.477         0.009          1.866        rulex               13.264     0.98
kimi  1000 final     erand   out     65  0.900     0.282    3.787    0.230         0.005          1.190        rulex                1.819     1.00
kimi  1000 final     erand   out     70  0.950     0.059    4.545    0.050         0.005          0.526        rulex                1.170     1.00
kimi  1000 final     erand   out     74  1.000     0.007    5.004    0.000         0.009          0.000      uniform                0.200     0.00
kimi  1000 final     erand   out      0  0.000     1.000    0.001    0.991         0.000         10.845        rulex               40.000     1.00
kimi  1000 final     erand   out      4  0.050     1.000    0.001    0.991         0.000         10.050        rulex               40.000     1.00
kimi  1000 final     erand   out      7  0.100     1.000    0.001    0.986         0.000          9.596        rulex               40.000     1.00
kimi  1000 final     erand   out     12  0.200     1.000    0.003    0.991         0.000          8.602        rulex               40.000     1.00
kimi  1000 final     erand   out     20  0.300     1.000    0.010    0.986         0.000          7.524        rulex               40.000     1.00
kimi  1000 final     erand   out     31  0.400     1.000    0.029    0.977         0.005          5.972        rulex               40.000     0.98
kimi  1000 final     erand   out     37  0.500     0.999    0.147    0.973         0.000          5.575        rulex               40.000     1.00
kimi  1000 final     erand   out     42  0.600     0.994    0.662    0.914         0.005          4.760        rulex               40.000     0.98
kimi  1000 final     erand   out     46  0.700     0.933    1.529    0.860         0.005          3.930        rulex               25.722     1.00
kimi  1000 final     erand   out     56  0.800     0.800    2.464    0.640         0.005          2.386        rulex               10.637     1.00
kimi  1000 final     erand   out     65  0.900     0.343    3.769    0.324         0.009          1.315        rulex                3.527     0.98
kimi  1000 final     erand   out     69  0.950     0.113    4.285    0.086         0.005          0.504        rulex                3.527     1.00
kimi  1000 final     erand   out     74  1.000     0.007    5.004    0.000         0.009          0.000      uniform                0.200     0.00
kimi  1000 final     erand   out      0  0.000     1.000    0.001    0.991         0.000         10.845        rulex               40.000     1.00
kimi  1000 final     erand   out      3  0.050     1.000    0.001    0.991         0.000         10.148        rulex               40.000     1.00
kimi  1000 final     erand   out      6  0.100     1.000    0.001    0.991         0.000          9.637        rulex               40.000     1.00
kimi  1000 final     erand   out     15  0.200     1.000    0.003    0.995         0.000          8.191        rulex               40.000     1.00
kimi  1000 final     erand   out     21  0.300     1.000    0.009    0.991         0.000          7.145        rulex               40.000     1.00
kimi  1000 final     erand   out     28  0.400     1.000    0.038    0.982         0.005          6.313        rulex               40.000     0.98
kimi  1000 final     erand   out     35  0.500     0.999    0.146    0.982         0.005          5.335        rulex               40.000     0.98
kimi  1000 final     erand   out     43  0.600     0.994    0.513    0.910         0.023          3.856        rulex               40.000     0.98
kimi  1000 final     erand   out     50  0.700     0.982    1.238    0.869         0.009          3.388        rulex               40.000     0.98
kimi  1000 final     erand   out     60  0.800     0.819    2.689    0.649         0.000          2.468        rulex               13.264     1.00
kimi  1000 final     erand   out     66  0.900     0.353    3.835    0.279         0.000          1.435        rulex                3.527     1.00
kimi  1000 final     erand   out     69  0.950     0.079    4.465    0.131         0.005          0.837        rulex                0.603     1.00
kimi  1000 final     erand   out     74  1.000     0.007    5.004    0.000         0.009          0.000      uniform                0.200     0.00
kimi  1000 final     erand  both      0  0.000     1.000    0.001    0.991         0.000         10.845        rulex               40.000     1.00
kimi  1000 final     erand  both      8  0.050     1.000    0.000    0.977         0.023          8.230        rulex               40.000     0.98
kimi  1000 final     erand  both     17  0.100     1.000    0.001    0.923         0.072          5.880        rulex               40.000     0.92
kimi  1000 final     erand  both     27  0.200     0.999    0.011    0.703         0.252          2.590        rulex               40.000     0.74
kimi  1000 final     erand  both     38  0.300     0.983    0.107    0.293         0.536         -0.979        rulex               40.000     0.36
kimi  1000 final     erand  both     45  0.400     0.979    0.230    0.243         0.595         -1.396        rulex               40.000     0.30
kimi  1000 final     erand  both     50  0.500     0.633    1.810    0.162         0.185         -0.606        rulex                5.485     0.46
kimi  1000 final     erand  both     53  0.600     0.065    4.139    0.072         0.027          0.316        rulex                0.200     0.78
kimi  1000 final     erand  both     56  0.700     0.045    4.187    0.027         0.032         -1.370         rule                0.200     0.44
kimi  1000 final     erand  both     64  0.800     0.026    4.559    0.023         0.000         -0.951        rulex                0.200     1.00
kimi  1000 final     erand  both     65  0.900     0.006    5.368    0.018         0.005         -0.016      uniform                0.200     1.00
kimi  1000 final     erand  both     70  0.950     0.008    5.108    0.005         0.005          0.073      uniform                0.484     0.50
kimi  1000 final     erand  both     74  1.000     0.007    5.004    0.000         0.009          0.000      uniform                0.200     0.00
kimi  1000 final     erand  both      0  0.000     1.000    0.001    0.991         0.000         10.845        rulex               40.000     1.00
kimi  1000 final     erand  both      6  0.050     1.000    0.001    0.986         0.005          8.973        rulex               40.000     0.98
kimi  1000 final     erand  both     10  0.100     1.000    0.002    0.991         0.009          8.467        rulex               40.000     0.98
kimi  1000 final     erand  both     17  0.200     0.985    0.108    0.874         0.054          5.886        rulex               40.000     0.94
kimi  1000 final     erand  both     31  0.300     0.983    0.176    0.608         0.221          2.163        rulex               40.000     0.74
kimi  1000 final     erand  both     36  0.400     0.618    1.079    0.198         0.135          0.192        rulex               13.264     0.60
kimi  1000 final     erand  both     39  0.500     0.168    3.190    0.171         0.036          0.406        rulex                0.200     0.84
kimi  1000 final     erand  both     43  0.600     0.114    3.557    0.122         0.023         -0.055        rulex                0.200     0.88
kimi  1000 final     erand  both     57  0.700     0.120    3.434    0.023         0.077         -1.686         rule                0.200     0.20
kimi  1000 final     erand  both     64  0.800     0.030    4.208    0.018         0.041         -1.175         rule                0.200     0.16
kimi  1000 final     erand  both     72  0.900     0.036    4.044    0.018         0.045         -1.622         rule                0.200     0.20
kimi  1000 final     erand  both     74  0.950     0.006    5.275    0.000         0.009         -0.031  gcm_hamming                0.200     0.00
kimi  1000 final     erand  both     74  1.000     0.007    5.004    0.000         0.009          0.000      uniform                0.200     0.00
kimi  1000 final     erand  both      0  0.000     1.000    0.001    0.991         0.000         10.845        rulex               40.000     1.00
kimi  1000 final     erand  both      5  0.050     1.000    0.001    0.986         0.005          9.269        rulex               40.000     0.98
kimi  1000 final     erand  both     13  0.100     1.000    0.001    0.959         0.032          7.167        rulex               40.000     0.96
kimi  1000 final     erand  both     24  0.200     0.989    0.078    0.779         0.140          4.082        rulex               40.000     0.84
kimi  1000 final     erand  both     27  0.300     0.977    0.211    0.734         0.167          3.260        rulex               40.000     0.82
kimi  1000 final     erand  both     29  0.400     0.741    1.147    0.459         0.108          2.275        rulex               10.637     0.82
kimi  1000 final     erand  both     42  0.500     0.614    1.656    0.221         0.185          0.194        rulex               10.637     0.54
kimi  1000 final     erand  both     49  0.600     0.048    4.418    0.140         0.023          0.912        rulex                0.311     0.96
kimi  1000 final     erand  both     50  0.700     0.021    4.994    0.144         0.009          1.342        rulex                0.200     1.00
kimi  1000 final     erand  both     57  0.800     0.015    5.271    0.045         0.000          0.668         rule                0.200     1.00
kimi  1000 final     erand  both     60  0.900     0.006    5.179    0.023         0.009          0.175      uniform                0.200     1.00
kimi  1000 final     erand  both     67  0.950     0.007    5.088    0.018         0.005          0.094      uniform                0.200     1.00
kimi  1000 final     erand  both     74  1.000     0.007    5.004    0.000         0.009          0.000      uniform                0.200     0.00
kimi  1000 final      topk    in     54  0.000     1.000    0.001    0.991         0.000         10.845        rulex               40.000     1.00
kimi  1000 final      topk    in     54  0.250     1.000    0.001    0.991         0.000         10.932        rulex               40.000     1.00
kimi  1000 final      topk    in     54  0.500     1.000    0.001    0.982         0.005         10.709        rulex               40.000     0.98
kimi  1000 final      topk    in     54  0.750     0.991    0.031    0.919         0.050          8.711        rulex               40.000     0.94
kimi  1000 final      topk    in     54  1.000     0.007    9.472    0.027         0.000          1.022   gcm_linear                0.200     1.00
kimi  1000 final      topk   out     44  0.000     1.000    0.001    0.991         0.000         10.845        rulex               40.000     1.00
kimi  1000 final      topk   out     44  0.250     1.000    0.003    0.995         0.000          8.855        rulex               40.000     1.00
kimi  1000 final      topk   out     44  0.500     1.000    0.050    0.995         0.000          6.865        rulex               40.000     1.00
kimi  1000 final      topk   out     44  0.750     0.997    1.014    0.991         0.000          4.876        rulex               40.000     1.00
kimi  1000 final      topk   out     44  1.000     0.064    4.569    0.649         0.000          2.886        rulex                2.268     1.00
kimi  1000 final      topk  both     54  0.000     1.000    0.001    0.991         0.000         10.845        rulex               40.000     1.00
kimi  1000 final      topk  both     54  0.250     1.000    0.003    0.991         0.000          8.631        rulex               40.000     1.00
kimi  1000 final      topk  both     54  0.500     0.999    0.068    0.986         0.000          6.205        rulex               40.000     1.00
kimi  1000 final      topk  both     54  0.750     0.976    1.517    0.955         0.023          3.304        rulex               40.000     0.98
kimi  1000 final      topk  both     54  1.000     0.007    5.101    0.036         0.005          0.131   gcm_linear                0.200     1.00
kimi  1000 final     randk    in     20  0.000     1.000    0.001    0.991         0.000         10.845        rulex               40.000     1.00
kimi  1000 final     randk    in     20  0.250     1.000    0.000    0.991         0.000         10.405        rulex               40.000     1.00
kimi  1000 final     randk    in     20  0.500     1.000    0.000    0.991         0.000          9.795        rulex               40.000     1.00
kimi  1000 final     randk    in     20  0.750     1.000    0.000    0.982         0.014          8.973        rulex               40.000     0.98
kimi  1000 final     randk    in     20  1.000     1.000    0.000    0.955         0.041          7.895        rulex               40.000     0.96
kimi  1000 final     randk    in     20  0.000     1.000    0.001    0.991         0.000         10.845        rulex               40.000     1.00
kimi  1000 final     randk    in     20  0.250     1.000    0.000    0.991         0.000         10.405        rulex               40.000     1.00
kimi  1000 final     randk    in     20  0.500     1.000    0.000    0.991         0.000          9.795        rulex               40.000     1.00
kimi  1000 final     randk    in     20  0.750     1.000    0.000    0.982         0.014          8.973        rulex               40.000     0.98
kimi  1000 final     randk    in     20  1.000     1.000    0.000    0.955         0.041          7.895        rulex               40.000     0.96
kimi  1000 final     randk    in     20  0.000     1.000    0.001    0.991         0.000         10.845        rulex               40.000     1.00
kimi  1000 final     randk    in     20  0.250     1.000    0.000    0.991         0.000         10.405        rulex               40.000     1.00
kimi  1000 final     randk    in     20  0.500     1.000    0.000    0.991         0.000          9.795        rulex               40.000     1.00
kimi  1000 final     randk    in     20  0.750     1.000    0.000    0.982         0.014          8.973        rulex               40.000     0.98
kimi  1000 final     randk    in     20  1.000     1.000    0.000    0.955         0.041          7.895        rulex               40.000     0.96
kimi  1000 final     randk   out     30  0.000     1.000    0.001    0.991         0.000         10.845        rulex               40.000     1.00
kimi  1000 final     randk   out     30  0.250     1.000    0.001    0.991         0.000         10.123        rulex               40.000     1.00
kimi  1000 final     randk   out     30  0.500     1.000    0.000    0.991         0.000          9.402        rulex               40.000     1.00
kimi  1000 final     randk   out     30  0.750     1.000    0.000    0.982         0.009          8.680        rulex               40.000     0.98
kimi  1000 final     randk   out     30  1.000     1.000    0.000    0.982         0.009          7.959        rulex               40.000     0.98
kimi  1000 final     randk   out     30  0.000     1.000    0.001    0.991         0.000         10.845        rulex               40.000     1.00
kimi  1000 final     randk   out     30  0.250     1.000    0.001    0.991         0.000         10.123        rulex               40.000     1.00
kimi  1000 final     randk   out     30  0.500     1.000    0.000    0.991         0.000          9.402        rulex               40.000     1.00
kimi  1000 final     randk   out     30  0.750     1.000    0.000    0.982         0.009          8.680        rulex               40.000     0.98
kimi  1000 final     randk   out     30  1.000     1.000    0.000    0.982         0.009          7.959        rulex               40.000     0.98
kimi  1000 final     randk   out     30  0.000     1.000    0.001    0.991         0.000         10.845        rulex               40.000     1.00
kimi  1000 final     randk   out     30  0.250     1.000    0.001    0.991         0.000         10.123        rulex               40.000     1.00
kimi  1000 final     randk   out     30  0.500     1.000    0.000    0.991         0.000          9.402        rulex               40.000     1.00
kimi  1000 final     randk   out     30  0.750     1.000    0.000    0.982         0.009          8.680        rulex               40.000     0.98
kimi  1000 final     randk   out     30  1.000     1.000    0.000    0.982         0.009          7.959        rulex               40.000     0.98
kimi  1000 final     randk  both     20  0.000     1.000    0.001    0.991         0.000         10.845        rulex               40.000     1.00
kimi  1000 final     randk  both     20  0.250     1.000    0.000    0.991         0.000          9.976        rulex               40.000     1.00
kimi  1000 final     randk  both     20  0.500     1.000    0.000    0.986         0.005          8.949        rulex               40.000     0.98
kimi  1000 final     randk  both     20  0.750     1.000    0.000    0.977         0.018          7.730        rulex               40.000     0.98
kimi  1000 final     randk  both     20  1.000     1.000    0.000    0.914         0.081          6.288        rulex               40.000     0.92
kimi  1000 final     randk  both     20  0.000     1.000    0.001    0.991         0.000         10.845        rulex               40.000     1.00
kimi  1000 final     randk  both     20  0.250     1.000    0.000    0.991         0.000          9.976        rulex               40.000     1.00
kimi  1000 final     randk  both     20  0.500     1.000    0.000    0.986         0.005          8.949        rulex               40.000     0.98
kimi  1000 final     randk  both     20  0.750     1.000    0.000    0.977         0.018          7.730        rulex               40.000     0.98
kimi  1000 final     randk  both     20  1.000     1.000    0.000    0.914         0.081          6.288        rulex               40.000     0.92
kimi  1000 final     randk  both     20  0.000     1.000    0.001    0.991         0.000         10.845        rulex               40.000     1.00
kimi  1000 final     randk  both     20  0.250     1.000    0.000    0.991         0.000          9.976        rulex               40.000     1.00
kimi  1000 final     randk  both     20  0.500     1.000    0.000    0.986         0.005          8.949        rulex               40.000     0.98
kimi  1000 final     randk  both     20  0.750     1.000    0.000    0.977         0.018          7.730        rulex               40.000     0.98
kimi  1000 final     randk  both     20  1.000     1.000    0.000    0.914         0.081          6.288        rulex               40.000     0.92
kimi  1000 final  residual    in     20  0.000     1.000    0.001    0.991         0.000         10.845        rulex               40.000     1.00
kimi  1000 final  residual    in     20  0.250     1.000    0.000    0.991         0.000         10.405        rulex               40.000     1.00
kimi  1000 final  residual    in     20  0.500     1.000    0.000    0.991         0.000          9.795        rulex               40.000     1.00
kimi  1000 final  residual    in     20  0.750     1.000    0.000    0.982         0.014          8.973        rulex               40.000     0.98
kimi  1000 final  residual    in     20  1.000     1.000    0.000    0.955         0.041          7.895        rulex               40.000     0.96
kimi  1000 final  residual   out     30  0.000     1.000    0.001    0.991         0.000         10.845        rulex               40.000     1.00
kimi  1000 final  residual   out     30  0.250     1.000    0.001    0.991         0.000         10.123        rulex               40.000     1.00
kimi  1000 final  residual   out     30  0.500     1.000    0.000    0.991         0.000          9.402        rulex               40.000     1.00
kimi  1000 final  residual   out     30  0.750     1.000    0.000    0.982         0.009          8.680        rulex               40.000     0.98
kimi  1000 final  residual   out     30  1.000     1.000    0.000    0.982         0.009          7.959        rulex               40.000     0.98
kimi  1000 final  residual  both     20  0.000     1.000    0.001    0.991         0.000         10.845        rulex               40.000     1.00
kimi  1000 final  residual  both     20  0.250     1.000    0.000    0.991         0.000          9.976        rulex               40.000     1.00
kimi  1000 final  residual  both     20  0.500     1.000    0.000    0.986         0.005          8.949        rulex               40.000     0.98
kimi  1000 final  residual  both     20  0.750     1.000    0.000    0.977         0.018          7.730        rulex               40.000     0.98
kimi  1000 final  residual  both     20  1.000     1.000    0.000    0.914         0.081          6.288        rulex               40.000     0.92
kimi  1000 final   neurons units      0  0.000     1.000    0.001    0.991         0.000         10.845        rulex               40.000     1.00
kimi  1000 final   neurons units      1  0.001     1.000    0.001    0.991         0.000         10.816        rulex               40.000     1.00
kimi  1000 final   neurons units      2  0.001     1.000    0.001    0.991         0.000         10.794        rulex               40.000     1.00
kimi  1000 final   neurons units      4  0.002     1.000    0.001    0.991         0.000         10.757        rulex               40.000     1.00
kimi  1000 final   neurons units      8  0.004     1.000    0.001    0.991         0.000         10.689        rulex               40.000     1.00
kimi  1000 final   neurons units     16  0.008     1.000    0.001    0.991         0.000         10.569        rulex               40.000     1.00
kimi  1000 final   neurons units     32  0.017     1.000    0.001    0.991         0.000         10.376        rulex               40.000     1.00
kimi  1000 final   neurons units     64  0.033     1.000    0.001    0.991         0.000         10.033        rulex               40.000     1.00
kimi  1000 final   neurons units    128  0.067     1.000    0.001    0.991         0.000          9.484        rulex               40.000     1.00
kimi  1000 final   neurons units    256  0.133     1.000    0.001    0.986         0.005          8.740        rulex               40.000     0.98
kimi  1000 final   neurons units    512  0.267     1.000    0.001    0.982         0.009          8.067        rulex               40.000     0.98
kimi  1000 final randunits units      0  0.000     1.000    0.001    0.991         0.000         10.845        rulex               40.000     1.00
kimi  1000 final randunits units      1  0.001     1.000    0.001    0.991         0.000         10.843        rulex               40.000     1.00
kimi  1000 final randunits units      2  0.001     1.000    0.001    0.991         0.000         10.842        rulex               40.000     1.00
kimi  1000 final randunits units      4  0.002     1.000    0.001    0.991         0.000         10.832        rulex               40.000     1.00
kimi  1000 final randunits units      8  0.004     1.000    0.001    0.991         0.000         10.857        rulex               40.000     1.00
kimi  1000 final randunits units     16  0.008     1.000    0.001    0.991         0.000         10.808        rulex               40.000     1.00
kimi  1000 final randunits units     32  0.017     1.000    0.001    0.991         0.000         10.831        rulex               40.000     1.00
kimi  1000 final randunits units     64  0.033     1.000    0.001    0.991         0.000         10.807        rulex               40.000     1.00
kimi  1000 final randunits units    128  0.067     1.000    0.001    0.995         0.000         10.822        rulex               40.000     1.00
kimi  1000 final randunits units    256  0.133     1.000    0.001    0.991         0.000         10.851        rulex               40.000     1.00
kimi  1000 final randunits units    512  0.267     1.000    0.002    0.995         0.000         10.630        rulex               40.000     1.00
kimi  1000 final randunits units      0  0.000     1.000    0.001    0.991         0.000         10.845        rulex               40.000     1.00
kimi  1000 final randunits units      1  0.001     1.000    0.001    0.991         0.000         10.833        rulex               40.000     1.00
kimi  1000 final randunits units      2  0.001     1.000    0.001    0.991         0.000         10.842        rulex               40.000     1.00
kimi  1000 final randunits units      4  0.002     1.000    0.001    0.991         0.000         10.838        rulex               40.000     1.00
kimi  1000 final randunits units      8  0.004     1.000    0.001    0.991         0.000         10.851        rulex               40.000     1.00
kimi  1000 final randunits units     16  0.008     1.000    0.001    0.991         0.000         10.862        rulex               40.000     1.00
kimi  1000 final randunits units     32  0.017     1.000    0.001    0.991         0.000         10.821        rulex               40.000     1.00
kimi  1000 final randunits units     64  0.033     1.000    0.001    0.991         0.000         10.820        rulex               40.000     1.00
kimi  1000 final randunits units    128  0.067     1.000    0.001    0.991         0.000         10.851        rulex               40.000     1.00
kimi  1000 final randunits units    256  0.133     1.000    0.001    0.991         0.000         10.850        rulex               40.000     1.00
kimi  1000 final randunits units    512  0.267     1.000    0.002    0.995         0.000         10.612        rulex               40.000     1.00
kimi  1000 final randunits units      0  0.000     1.000    0.001    0.991         0.000         10.845        rulex               40.000     1.00
kimi  1000 final randunits units      1  0.001     1.000    0.001    0.991         0.000         10.848        rulex               40.000     1.00
kimi  1000 final randunits units      2  0.001     1.000    0.001    0.991         0.000         10.845        rulex               40.000     1.00
kimi  1000 final randunits units      4  0.002     1.000    0.001    0.991         0.000         10.848        rulex               40.000     1.00
kimi  1000 final randunits units      8  0.004     1.000    0.001    0.991         0.000         10.842        rulex               40.000     1.00
kimi  1000 final randunits units     16  0.008     1.000    0.001    0.991         0.000         10.847        rulex               40.000     1.00
kimi  1000 final randunits units     32  0.017     1.000    0.001    0.991         0.000         10.837        rulex               40.000     1.00
kimi  1000 final randunits units     64  0.033     1.000    0.001    0.995         0.000         10.857        rulex               40.000     1.00
kimi  1000 final randunits units    128  0.067     1.000    0.001    0.991         0.000         10.803        rulex               40.000     1.00
kimi  1000 final randunits units    256  0.133     1.000    0.001    0.995         0.000         10.745        rulex               40.000     1.00
kimi  1000 final randunits units    512  0.267     1.000    0.002    0.995         0.000         10.581        rulex               40.000     1.00
kimi  1001 final      none     -      0  0.000     0.999    0.003    1.000         0.000         11.199        rulex               40.000     1.00
kimi  1001 final   lowpass    in      0  0.000     0.007    9.453    0.000         0.005          0.046      uniform                0.200     0.00
kimi  1001 final   lowpass    in      1  1.000     0.006   10.458    0.009         0.005         -0.123 gcm_circular                0.249     1.00
kimi  1001 final   lowpass    in      2  2.000     0.007   10.373    0.000         0.000          0.346  gcm_hamming                0.200     0.00
kimi  1001 final   lowpass    in      3  3.000     0.007   10.471    0.000         0.000          0.460  gcm_hamming                0.200     0.00
kimi  1001 final   lowpass    in      4  4.000     0.007   10.266    0.018         0.009          0.118   gcm_linear                0.200     1.00
kimi  1001 final   lowpass    in      6  6.000     0.036    4.752    0.036         0.023         -1.200        rulex                0.200     0.66
kimi  1001 final   lowpass    in      8  8.000     0.163    3.140    0.059         0.108         -2.895        rulex                2.828     0.34
kimi  1001 final   lowpass    in     12 12.000     0.163    3.147    0.054         0.090         -2.645        rulex                2.828     0.36
kimi  1001 final   lowpass    in     16 16.000     0.170    3.099    0.054         0.099         -2.406        rulex                2.828     0.34
kimi  1001 final   lowpass    in     24 24.000     0.511    1.425    0.086         0.203         -2.548        rulex                2.828     0.30
kimi  1001 final   lowpass    in     32 32.000     0.954    0.171    0.351         0.387         -0.058        rulex               20.627     0.48
kimi  1001 final   lowpass    in     48 48.000     0.999    0.003    0.919         0.081          6.610        rulex               40.000     0.92
kimi  1001 final   lowpass    in     74 74.000     0.999    0.003    1.000         0.000         11.199        rulex               40.000     1.00
kimi  1001 final   lowpass   out      0  0.000     0.007    5.004    0.000         0.005          0.000      uniform                0.200     0.00
kimi  1001 final   lowpass   out      1  1.000     0.006    5.008    0.009         0.009          0.078      uniform                0.249     0.50
kimi  1001 final   lowpass   out      2  2.000     0.007    4.987    0.018         0.014          0.171      uniform                0.200     1.00
kimi  1001 final   lowpass   out      3  3.000     0.025    4.686    0.041         0.009          0.521        rulex                1.170     1.00
kimi  1001 final   lowpass   out      4  4.000     0.054    4.407    0.032         0.018          0.815 gcm_circular                3.527     0.68
kimi  1001 final   lowpass   out      6  6.000     0.206    3.729    0.117         0.014          1.070 gcm_circular                8.530     0.92
kimi  1001 final   lowpass   out      8  8.000     0.292    3.376    0.126         0.014          1.135 gcm_circular               10.637     0.92
kimi  1001 final   lowpass   out     12 12.000     0.336    3.053    0.311         0.005          1.759 gcm_circular               13.264     1.00
kimi  1001 final   lowpass   out     16 16.000     0.639    2.148    0.437         0.014          2.608        rulex               40.000     0.98
kimi  1001 final   lowpass   out     24 24.000     0.920    1.057    0.703         0.009          3.630        rulex               40.000     0.98
kimi  1001 final   lowpass   out     32 32.000     0.997    0.100    0.959         0.014          4.976        rulex               40.000     0.98
kimi  1001 final   lowpass   out     48 48.000     0.999    0.006    1.000         0.000          7.709        rulex               40.000     1.00
kimi  1001 final   lowpass   out     74 74.000     0.999    0.003    1.000         0.000         11.199        rulex               40.000     1.00
kimi  1001 final   lowpass  both      0  0.000     0.007    5.004    0.000         0.005          0.000      uniform                0.200     0.00
kimi  1001 final   lowpass  both      1  1.000     0.007    5.009    0.009         0.009         -0.015      uniform                0.200     0.50
kimi  1001 final   lowpass  both      2  2.000     0.010    5.004    0.005         0.018         -0.063   gcm_linear                1.170     0.00
kimi  1001 final   lowpass  both      3  3.000     0.009    5.035    0.009         0.014         -0.059         rule                0.200     0.00
kimi  1001 final   lowpass  both      4  4.000     0.009    5.063    0.000         0.014         -0.110   gcm_linear                0.484     0.00
kimi  1001 final   lowpass  both      6  6.000     0.064    3.707    0.005         0.023         -3.037         rule                0.752     0.08
kimi  1001 final   lowpass  both      8  8.000     0.287    2.728    0.000         0.225         -3.896         rule                4.398     0.00
kimi  1001 final   lowpass  both     12 12.000     0.254    2.685    0.018         0.162         -3.887         rule                4.398     0.08
kimi  1001 final   lowpass  both     16 16.000     0.326    2.097    0.009         0.225         -5.368         rule                3.527     0.02
kimi  1001 final   lowpass  both     24 24.000     0.649    1.411    0.027         0.419         -4.918        rulex                4.398     0.06
kimi  1001 final   lowpass  both     32 32.000     0.991    0.156    0.095         0.730         -3.979        rulex               40.000     0.12
kimi  1001 final   lowpass  both     48 48.000     0.999    0.006    0.779         0.203          3.543        rulex               40.000     0.80
kimi  1001 final   lowpass  both     74 74.000     0.999    0.003    1.000         0.000         11.199        rulex               40.000     1.00
kimi  1001 final      etop    in      0  0.000     0.999    0.003    1.000         0.000         11.199        rulex               40.000     1.00
kimi  1001 final      etop    in      1  0.050     0.998    0.010    1.000         0.000          9.993        rulex               40.000     1.00
kimi  1001 final      etop    in      2  0.100     0.948    0.178    0.937         0.009          9.219        rulex               25.722     0.98
kimi  1001 final      etop    in      3  0.200     0.882    0.388    0.806         0.036          7.156        rulex               13.264     0.96
kimi  1001 final      etop    in      4  0.300     0.549    1.350    0.505         0.045          4.846        rulex                2.828     0.92
kimi  1001 final      etop    in      5  0.400     0.226    2.955    0.392         0.000          5.922        rulex                0.752     1.00
kimi  1001 final      etop    in      7  0.500     0.138    4.561    0.396         0.000          7.266        rulex                1.170     1.00
kimi  1001 final      etop    in      8  0.600     0.054    6.996    0.243         0.000          6.428        rulex                0.603     1.00
kimi  1001 final      etop    in     11  0.700     0.013    9.814    0.095         0.000          4.500  gcm_hamming                0.200     1.00
kimi  1001 final      etop    in     26  0.800     0.008   10.023    0.063         0.000          2.593  gcm_hamming                0.200     1.00
kimi  1001 final      etop    in     47  0.900     0.007   10.192    0.023         0.005          1.220  gcm_hamming                0.200     1.00
kimi  1001 final      etop    in     60  0.950     0.007   10.261    0.018         0.005          0.840  gcm_hamming                0.200     1.00
kimi  1001 final      etop    in     74  1.000     0.007    9.453    0.000         0.005          0.046      uniform                0.200     0.00
kimi  1001 final      etop   out      0  0.000     0.999    0.003    1.000         0.000         11.199        rulex               40.000     1.00
kimi  1001 final      etop   out      1  0.050     0.999    0.004    1.000         0.000         10.997        rulex               40.000     1.00
kimi  1001 final      etop   out      2  0.100     0.999    0.005    1.000         0.000         10.584        rulex               40.000     1.00
kimi  1001 final      etop   out      4  0.200     0.999    0.010    1.000         0.000         10.452        rulex               40.000     1.00
kimi  1001 final      etop   out      7  0.300     0.998    0.036    1.000         0.000          9.554        rulex               40.000     1.00
kimi  1001 final      etop   out     10  0.400     0.993    0.166    1.000         0.000          8.879        rulex               40.000     1.00
kimi  1001 final      etop   out     13  0.500     0.984    0.389    0.991         0.000          7.973        rulex               40.000     1.00
kimi  1001 final      etop   out     17  0.600     0.900    1.175    0.982         0.000          7.174        rulex               16.541     1.00
kimi  1001 final      etop   out     22  0.700     0.721    2.012    0.941         0.000          5.992        rulex                8.530     1.00
kimi  1001 final      etop   out     30  0.800     0.265    3.472    0.856         0.000          4.545        rulex                2.828     1.00
kimi  1001 final      etop   out     41  0.900     0.069    4.571    0.676         0.000          2.948        rulex                0.200     1.00
kimi  1001 final      etop   out     51  0.950     0.037    4.979    0.459         0.000          1.843        rulex                0.752     1.00
kimi  1001 final      etop   out     74  1.000     0.007    5.004    0.000         0.005          0.000      uniform                0.200     0.00
kimi  1001 final      etop  both      0  0.000     0.999    0.003    1.000         0.000         11.199        rulex               40.000     1.00
kimi  1001 final      etop  both      1  0.050     0.998    0.014    1.000         0.000          9.962        rulex               40.000     1.00
kimi  1001 final      etop  both      2  0.100     0.892    0.377    0.937         0.005          8.993        rulex               16.541     1.00
kimi  1001 final      etop  both      3  0.200     0.761    0.850    0.847         0.005          7.302        rulex                6.840     1.00
kimi  1001 final      etop  both      4  0.300     0.535    1.415    0.527         0.036          3.958        rulex                2.828     0.94
kimi  1001 final      etop  both      5  0.400     0.110    3.773    0.523         0.009          5.772        rulex                0.752     1.00
kimi  1001 final      etop  both      7  0.500     0.043    5.045    0.360         0.000          5.526        rulex                0.200     1.00
kimi  1001 final      etop  both      8  0.600     0.016    5.552    0.207         0.000          3.787        rulex                0.200     1.00
kimi  1001 final      etop  both     11  0.700     0.009    5.723    0.081         0.005          1.724   gcm_linear                0.200     1.00
kimi  1001 final      etop  both     26  0.800     0.006    5.451    0.027         0.005          0.763  gcm_hamming                0.200     1.00
kimi  1001 final      etop  both     47  0.900     0.008    5.226    0.018         0.009          0.149  gcm_hamming                0.249     1.00
kimi  1001 final      etop  both     60  0.950     0.007    5.111    0.014         0.000          0.020  gcm_hamming                0.200     1.00
kimi  1001 final      etop  both     74  1.000     0.007    5.004    0.000         0.005          0.000      uniform                0.200     0.00
kimi  1001 final   ebottom    in      0  0.000     0.999    0.003    1.000         0.000         11.199        rulex               40.000     1.00
kimi  1001 final   ebottom    in     15  0.050     0.999    0.003    1.000         0.000         10.016        rulex               40.000     1.00
kimi  1001 final   ebottom    in     28  0.100     1.000    0.003    0.968         0.032          8.305        rulex               40.000     0.96
kimi  1001 final   ebottom    in     49  0.200     1.000    0.002    0.779         0.221          4.392        rulex               40.000     0.78
kimi  1001 final   ebottom    in     64  0.300     1.000    0.001    0.491         0.509          0.363        rulex               40.000     0.50
kimi  1001 final   ebottom    in     67  0.400     1.000    0.003    0.248         0.739         -2.784        rulex               40.000     0.26
kimi  1001 final   ebottom    in     68  0.500     0.911    0.266    0.149         0.428         -2.232        rulex               20.627     0.26
kimi  1001 final   ebottom    in     70  0.600     0.719    0.818    0.023         0.369         -4.625        rulex                8.530     0.06
kimi  1001 final   ebottom    in     71  0.700     0.437    1.670    0.045         0.225         -4.432        rulex                2.268     0.16
kimi  1001 final   ebottom    in     72  0.800     0.194    3.016    0.018         0.086         -3.689         rule                2.268     0.16
kimi  1001 final   ebottom    in     73  0.900     0.036    4.897    0.014         0.009         -2.060         rule                0.200     0.64
kimi  1001 final   ebottom    in     74  0.950     0.007    9.453    0.000         0.005          0.046      uniform                0.200     0.00
kimi  1001 final   ebottom    in     74  1.000     0.007    9.453    0.000         0.005          0.046      uniform                0.200     0.00
kimi  1001 final   ebottom   out      0  0.000     0.999    0.003    1.000         0.000         11.199        rulex               40.000     1.00
kimi  1001 final   ebottom   out     24  0.050     0.999    0.003    1.000         0.000          9.284        rulex               40.000     1.00
kimi  1001 final   ebottom   out     34  0.100     0.999    0.002    0.995         0.005          8.136        rulex               40.000     0.98
kimi  1001 final   ebottom   out     45  0.200     0.999    0.003    0.995         0.005          6.460        rulex               40.000     0.98
kimi  1001 final   ebottom   out     53  0.300     0.999    0.006    0.968         0.023          5.004        rulex               40.000     0.98
kimi  1001 final   ebottom   out     58  0.400     0.999    0.013    0.914         0.063          3.720        rulex               40.000     0.94
kimi  1001 final   ebottom   out     62  0.500     0.999    0.064    0.851         0.081          2.934        rulex               40.000     0.92
kimi  1001 final   ebottom   out     65  0.600     0.998    0.206    0.721         0.095          2.210        rulex               40.000     0.88
kimi  1001 final   ebottom   out     68  0.700     0.931    1.140    0.423         0.086          1.607        rulex               40.000     0.84
kimi  1001 final   ebottom   out     71  0.800     0.578    2.730    0.158         0.027          0.795        rulex                6.840     0.86
kimi  1001 final   ebottom   out     73  0.900     0.050    4.154    0.023         0.032          0.201         rule                2.828     0.40
kimi  1001 final   ebottom   out     74  0.950     0.007    5.004    0.000         0.005          0.000      uniform                0.200     0.00
kimi  1001 final   ebottom   out     74  1.000     0.007    5.004    0.000         0.005          0.000      uniform                0.200     0.00
kimi  1001 final   ebottom  both      0  0.000     0.999    0.003    1.000         0.000         11.199        rulex               40.000     1.00
kimi  1001 final   ebottom  both     15  0.050     0.999    0.002    0.991         0.009          8.133        rulex               40.000     0.98
kimi  1001 final   ebottom  both     28  0.100     1.000    0.002    0.910         0.090          5.443        rulex               40.000     0.90
kimi  1001 final   ebottom  both     49  0.200     1.000    0.002    0.554         0.446          0.903        rulex               40.000     0.56
kimi  1001 final   ebottom  both     64  0.300     1.000    0.004    0.248         0.748         -2.600        rulex               40.000     0.24
kimi  1001 final   ebottom  both     67  0.400     1.000    0.029    0.072         0.892         -4.492        rulex               40.000     0.08
kimi  1001 final   ebottom  both     68  0.500     0.658    1.360    0.063         0.221         -2.014        rulex                4.398     0.22
kimi  1001 final   ebottom  both     70  0.600     0.476    2.170    0.014         0.248         -3.362         rule                3.527     0.04
kimi  1001 final   ebottom  both     71  0.700     0.068    3.923    0.023         0.041         -1.962         rule                1.459     0.34
kimi  1001 final   ebottom  both     72  0.800     0.009    5.180    0.014         0.000          0.363      uniform                0.200     1.00
kimi  1001 final   ebottom  both     73  0.900     0.007    5.054    0.005         0.000          0.060      uniform                0.200     1.00
kimi  1001 final   ebottom  both     74  0.950     0.007    5.004    0.000         0.005          0.000      uniform                0.200     0.00
kimi  1001 final   ebottom  both     74  1.000     0.007    5.004    0.000         0.005          0.000      uniform                0.200     0.00
kimi  1001 final     erand    in      0  0.000     0.999    0.003    1.000         0.000         11.199        rulex               40.000     1.00
kimi  1001 final     erand    in      3  0.050     0.997    0.014    1.000         0.000         11.081        rulex               40.000     1.00
kimi  1001 final     erand    in      5  0.100     0.982    0.072    0.968         0.009         10.127        rulex               40.000     0.98
kimi  1001 final     erand    in      7  0.200     0.878    0.399    0.914         0.000          9.358        rulex               13.264     1.00
kimi  1001 final     erand    in     13  0.300     0.789    0.735    0.775         0.018          7.400        rulex                8.530     0.98
kimi  1001 final     erand    in     16  0.400     0.712    1.000    0.559         0.032          5.137        rulex                6.840     0.94
kimi  1001 final     erand    in     32  0.500     0.702    1.021    0.347         0.090          1.659        rulex                5.485     0.80
kimi  1001 final     erand    in     39  0.600     0.379    2.120    0.140         0.086         -0.393        rulex                2.268     0.62
kimi  1001 final     erand    in     54  0.700     0.160    3.289    0.059         0.041         -2.004        rulex                0.938     0.60
kimi  1001 final     erand    in     63  0.800     0.045    4.393    0.027         0.036         -2.867         rule                1.819     0.40
kimi  1001 final     erand    in     67  0.900     0.007   10.225    0.000         0.005          0.546  gcm_hamming                0.200     0.00
kimi  1001 final     erand    in     67  0.950     0.007   10.225    0.000         0.005          0.546  gcm_hamming                0.200     0.00
kimi  1001 final     erand    in     74  1.000     0.007    9.453    0.000         0.005          0.046      uniform                0.200     0.00
kimi  1001 final     erand    in      0  0.000     0.999    0.003    1.000         0.000         11.199        rulex               40.000     1.00
kimi  1001 final     erand    in      5  0.050     0.999    0.006    0.986         0.014          7.958        rulex               40.000     0.98
kimi  1001 final     erand    in      5  0.100     0.999    0.006    0.986         0.014          7.958        rulex               40.000     0.98
kimi  1001 final     erand    in      7  0.200     0.867    0.376    0.784         0.023          7.307        rulex               16.541     0.98
kimi  1001 final     erand    in     13  0.300     0.784    0.625    0.590         0.045          5.506        rulex               10.637     0.94
kimi  1001 final     erand    in     20  0.400     0.797    0.585    0.509         0.077          4.423        rulex               10.637     0.88
kimi  1001 final     erand    in     29  0.500     0.401    2.135    0.207         0.095          1.534        rulex                1.819     0.70
kimi  1001 final     erand    in     33  0.600     0.150    3.441    0.072         0.023          0.476        rulex                0.200     0.78
kimi  1001 final     erand    in     38  0.700     0.049    5.868    0.045         0.018          1.309        rulex                0.200     0.76
kimi  1001 final     erand    in     54  0.800     0.041    5.706    0.014         0.036         -0.582         rule                0.200     0.18
kimi  1001 final     erand    in     72  0.900     0.005   10.493    0.005         0.014         -0.242  gcm_hamming                0.200     0.00
kimi  1001 final     erand    in     72  0.950     0.005   10.493    0.005         0.014         -0.242  gcm_hamming                0.200     0.00
kimi  1001 final     erand    in     74  1.000     0.007    9.453    0.000         0.005          0.046      uniform                0.200     0.00
kimi  1001 final     erand    in      0  0.000     0.999    0.003    1.000         0.000         11.199        rulex               40.000     1.00
kimi  1001 final     erand    in      1  0.050     0.999    0.007    1.000         0.000         10.835        rulex               40.000     1.00
kimi  1001 final     erand    in      6  0.100     0.999    0.006    1.000         0.000         10.103        rulex               40.000     1.00
kimi  1001 final     erand    in      9  0.200     0.908    0.290    0.874         0.000          8.263        rulex               16.541     1.00
kimi  1001 final     erand    in     15  0.300     0.846    0.513    0.721         0.045          6.201        rulex               16.541     0.94
kimi  1001 final     erand    in     22  0.400     0.642    1.142    0.401         0.081          3.595        rulex                5.485     0.84
kimi  1001 final     erand    in     23  0.500     0.311    2.479    0.221         0.054          2.302        rulex                2.828     0.82
kimi  1001 final     erand    in     35  0.600     0.101    3.870    0.158         0.018          0.279        rulex                1.459     0.94
kimi  1001 final     erand    in     41  0.700     0.101    3.893    0.135         0.027         -0.557        rulex                1.459     0.88
kimi  1001 final     erand    in     58  0.800     0.024    7.432    0.041         0.018         -0.550        rulex                0.200     0.84
kimi  1001 final     erand    in     62  0.900     0.008   10.232    0.000         0.005          0.603  gcm_hamming                0.200     0.00
kimi  1001 final     erand    in     66  0.950     0.006   10.326    0.023         0.000          0.409  gcm_hamming                0.200     1.00
kimi  1001 final     erand    in     74  1.000     0.007    9.453    0.000         0.005          0.046      uniform                0.200     0.00
kimi  1001 final     erand   out      0  0.000     0.999    0.003    1.000         0.000         11.199        rulex               40.000     1.00
kimi  1001 final     erand   out      7  0.050     0.999    0.005    1.000         0.000         10.767        rulex               40.000     1.00
kimi  1001 final     erand   out      9  0.100     0.999    0.005    1.000         0.000         10.412        rulex               40.000     1.00
kimi  1001 final     erand   out     15  0.200     0.999    0.008    1.000         0.000          9.500        rulex               40.000     1.00
kimi  1001 final     erand   out     24  0.300     0.999    0.015    1.000         0.000          8.012        rulex               40.000     1.00
kimi  1001 final     erand   out     34  0.400     0.999    0.031    0.986         0.000          6.339        rulex               40.000     1.00
kimi  1001 final     erand   out     40  0.500     0.997    0.167    0.982         0.000          5.572        rulex               40.000     1.00
kimi  1001 final     erand   out     49  0.600     0.982    0.659    0.910         0.005          4.019        rulex               40.000     0.98
kimi  1001 final     erand   out     55  0.700     0.908    1.603    0.734         0.014          2.835        rulex               16.541     0.98
kimi  1001 final     erand   out     63  0.800     0.625    2.803    0.473         0.009          1.925        rulex                5.485     0.98
kimi  1001 final     erand   out     67  0.900     0.186    4.045    0.180         0.000          1.260        rulex                1.170     1.00
kimi  1001 final     erand   out     70  0.950     0.071    4.461    0.095         0.014          0.717        rulex                0.938     0.94
kimi  1001 final     erand   out     74  1.000     0.007    5.004    0.000         0.005          0.000      uniform                0.200     0.00
kimi  1001 final     erand   out      0  0.000     0.999    0.003    1.000         0.000         11.199        rulex               40.000     1.00
kimi  1001 final     erand   out      4  0.050     0.999    0.003    1.000         0.000         10.112        rulex               40.000     1.00
kimi  1001 final     erand   out      5  0.100     0.999    0.003    1.000         0.000          9.910        rulex               40.000     1.00
kimi  1001 final     erand   out      9  0.200     0.999    0.007    1.000         0.000          9.623        rulex               40.000     1.00
kimi  1001 final     erand   out     16  0.300     0.999    0.019    1.000         0.000          8.669        rulex               40.000     1.00
kimi  1001 final     erand   out     26  0.400     0.998    0.061    1.000         0.000          7.414        rulex               40.000     1.00
kimi  1001 final     erand   out     30  0.500     0.995    0.190    0.995         0.005          6.557        rulex               40.000     0.98
kimi  1001 final     erand   out     38  0.600     0.979    0.648    0.959         0.005          5.409        rulex               40.000     0.98
kimi  1001 final     erand   out     49  0.700     0.936    1.344    0.869         0.009          3.900        rulex               20.627     0.98
kimi  1001 final     erand   out     58  0.800     0.787    2.286    0.563         0.000          2.359        rulex                8.530     1.00
kimi  1001 final     erand   out     66  0.900     0.302    3.459    0.180         0.009          0.899        rulex                3.527     0.96
kimi  1001 final     erand   out     72  0.950     0.044    4.514    0.063         0.005          0.423        rulex                0.200     1.00
kimi  1001 final     erand   out     74  1.000     0.007    5.004    0.000         0.005          0.000      uniform                0.200     0.00
kimi  1001 final     erand   out      0  0.000     0.999    0.003    1.000         0.000         11.199        rulex               40.000     1.00
kimi  1001 final     erand   out      2  0.050     0.999    0.004    1.000         0.000         10.959        rulex               40.000     1.00
kimi  1001 final     erand   out      3  0.100     0.999    0.006    1.000         0.000         10.546        rulex               40.000     1.00
kimi  1001 final     erand   out      9  0.200     0.998    0.009    1.000         0.000          9.755        rulex               40.000     1.00
kimi  1001 final     erand   out     20  0.300     0.998    0.020    1.000         0.000          8.417        rulex               40.000     1.00
kimi  1001 final     erand   out     24  0.400     0.997    0.081    0.995         0.000          7.725        rulex               40.000     1.00
kimi  1001 final     erand   out     34  0.500     0.992    0.273    0.986         0.005          6.149        rulex               40.000     0.98
kimi  1001 final     erand   out     42  0.600     0.981    0.665    0.977         0.000          5.327        rulex               40.000     1.00
kimi  1001 final     erand   out     53  0.700     0.937    1.397    0.865         0.000          3.832        rulex               20.627     1.00
kimi  1001 final     erand   out     58  0.800     0.690    2.652    0.617         0.000          2.522        rulex                6.840     1.00
kimi  1001 final     erand   out     65  0.900     0.245    3.794    0.293         0.000          1.485        rulex                2.268     1.00
kimi  1001 final     erand   out     73  0.950     0.015    4.850    0.014         0.014          0.127         rule                0.200     0.50
kimi  1001 final     erand   out     74  1.000     0.007    5.004    0.000         0.005          0.000      uniform                0.200     0.00
kimi  1001 final     erand  both      0  0.000     0.999    0.003    1.000         0.000         11.199        rulex               40.000     1.00
kimi  1001 final     erand  both      3  0.050     0.997    0.015    0.995         0.000          9.902        rulex               40.000     1.00
kimi  1001 final     erand  both      5  0.100     0.984    0.076    0.955         0.018          8.461        rulex               40.000     0.98
kimi  1001 final     erand  both      7  0.200     0.866    0.509    0.869         0.018          6.716        rulex               13.264     0.98
kimi  1001 final     erand  both     13  0.300     0.858    0.550    0.532         0.068          2.963        rulex               10.637     0.88
kimi  1001 final     erand  both     16  0.400     0.790    0.856    0.284         0.135          0.549        rulex                8.530     0.68
kimi  1001 final     erand  both     32  0.500     0.766    1.100    0.113         0.266         -2.181        rulex                6.840     0.30
kimi  1001 final     erand  both     39  0.600     0.387    1.975    0.050         0.135         -3.327        rulex                2.268     0.26
kimi  1001 final     erand  both     54  0.700     0.044    3.904    0.032         0.027         -2.254         rule                1.819     0.56
kimi  1001 final     erand  both     63  0.800     0.011    5.173    0.014         0.014          0.389         rule                0.200     0.50
kimi  1001 final     erand  both     67  0.900     0.007    5.329    0.000         0.018          0.037 gcm_circular                0.311     0.00
kimi  1001 final     erand  both     67  0.950     0.006    5.076    0.005         0.014          0.017 gcm_circular                0.249     0.00
kimi  1001 final     erand  both     74  1.000     0.007    5.004    0.000         0.005          0.000      uniform                0.200     0.00
kimi  1001 final     erand  both      0  0.000     0.999    0.003    1.000         0.000         11.199        rulex               40.000     1.00
kimi  1001 final     erand  both      5  0.050     0.998    0.007    0.977         0.023          7.111        rulex               40.000     0.98
kimi  1001 final     erand  both      5  0.100     0.998    0.008    0.964         0.036          6.878        rulex               40.000     0.96
kimi  1001 final     erand  both      7  0.200     0.794    0.573    0.590         0.045          4.168        rulex               10.637     0.94
kimi  1001 final     erand  both     13  0.300     0.746    0.746    0.374         0.072          1.917        rulex                8.530     0.84
kimi  1001 final     erand  both     20  0.400     0.719    0.943    0.342         0.122          1.137        rulex                8.530     0.74
kimi  1001 final     erand  both     29  0.500     0.229    3.299    0.153         0.068          1.316        rulex                1.170     0.70
kimi  1001 final     erand  both     33  0.600     0.104    3.719    0.045         0.023         -0.046        rulex                0.200     0.68
kimi  1001 final     erand  both     38  0.700     0.008    5.711    0.018         0.005          1.189  gcm_hamming                0.200     1.00
kimi  1001 final     erand  both     54  0.800     0.007    5.452    0.005         0.000          0.405      uniform                0.200     1.00
kimi  1001 final     erand  both     72  0.900     0.005    5.397    0.000         0.005          0.024      uniform                0.311     0.00
kimi  1001 final     erand  both     72  0.950     0.008    5.099    0.014         0.009         -0.013  gcm_hamming                0.249     1.00
kimi  1001 final     erand  both     74  1.000     0.007    5.004    0.000         0.005          0.000      uniform                0.200     0.00
kimi  1001 final     erand  both      0  0.000     0.999    0.003    1.000         0.000         11.199        rulex               40.000     1.00
kimi  1001 final     erand  both      1  0.050     0.998    0.008    0.995         0.000          9.768        rulex               40.000     1.00
kimi  1001 final     erand  both      6  0.100     0.999    0.008    0.995         0.005          8.313        rulex               40.000     0.98
kimi  1001 final     erand  both      9  0.200     0.862    0.483    0.779         0.005          5.780        rulex               13.264     1.00
kimi  1001 final     erand  both     15  0.300     0.641    1.436    0.631         0.027          4.982        rulex                6.840     0.96
kimi  1001 final     erand  both     22  0.400     0.485    2.052    0.315         0.063          2.360        rulex                4.398     0.84
kimi  1001 final     erand  both     23  0.500     0.121    3.963    0.185         0.009          2.313        rulex                0.200     1.00
kimi  1001 final     erand  both     35  0.600     0.015    5.366    0.068         0.009          1.854   gcm_linear                0.200     1.00
kimi  1001 final     erand  both     41  0.700     0.007    5.386    0.027         0.000          1.204      uniform                0.200     1.00
kimi  1001 final     erand  both     58  0.800     0.009    5.667    0.005         0.009          0.311  gcm_hamming                0.200     0.00
kimi  1001 final     erand  both     62  0.900     0.009    5.290    0.014         0.000          0.141   gcm_linear                0.200     1.00
kimi  1001 final     erand  both     66  0.950     0.007    5.136    0.009         0.009          0.097      uniform                0.311     0.50
kimi  1001 final     erand  both     74  1.000     0.007    5.004    0.000         0.005          0.000      uniform                0.200     0.00
kimi  1001 final      topk    in     47  0.000     0.999    0.003    1.000         0.000         11.199        rulex               40.000     1.00
kimi  1001 final      topk    in     47  0.250     0.999    0.004    1.000         0.000         11.433        rulex               40.000     1.00
kimi  1001 final      topk    in     47  0.500     0.999    0.005    1.000         0.000         11.719        rulex               40.000     1.00
kimi  1001 final      topk    in     47  0.750     0.990    0.043    0.986         0.005         11.559        rulex               40.000     0.98
kimi  1001 final      topk    in     47  1.000     0.007   10.192    0.023         0.005          1.220  gcm_hamming                0.200     1.00
kimi  1001 final      topk   out     41  0.000     0.999    0.003    1.000         0.000         11.199        rulex               40.000     1.00
kimi  1001 final      topk   out     41  0.250     0.999    0.005    1.000         0.000          9.136        rulex               40.000     1.00
kimi  1001 final      topk   out     41  0.500     0.999    0.047    1.000         0.000          7.074        rulex               40.000     1.00
kimi  1001 final      topk   out     41  0.750     0.994    0.936    1.000         0.000          5.011        rulex               40.000     1.00
kimi  1001 final      topk   out     41  1.000     0.069    4.571    0.676         0.000          2.948        rulex                0.200     1.00
kimi  1001 final      topk  both     47  0.000     0.999    0.003    1.000         0.000         11.199        rulex               40.000     1.00
kimi  1001 final      topk  both     47  0.250     0.999    0.006    1.000         0.000          9.137        rulex               40.000     1.00
kimi  1001 final      topk  both     47  0.500     0.998    0.072    1.000         0.000          6.969        rulex               40.000     1.00
kimi  1001 final      topk  both     47  0.750     0.956    1.542    0.991         0.005          4.404        rulex               32.076     1.00
kimi  1001 final      topk  both     47  1.000     0.007    5.156    0.018         0.005          0.109  gcm_hamming                0.200     1.00
kimi  1001 final     randk    in     27  0.000     0.999    0.003    1.000         0.000         11.199        rulex               40.000     1.00
kimi  1001 final     randk    in     27  0.250     0.999    0.003    1.000         0.000         10.699        rulex               40.000     1.00
kimi  1001 final     randk    in     27  0.500     0.999    0.003    1.000         0.000         10.084        rulex               40.000     1.00
kimi  1001 final     randk    in     27  0.750     0.999    0.003    0.995         0.005          9.324        rulex               40.000     0.98
kimi  1001 final     randk    in     27  1.000     1.000    0.003    0.968         0.032          8.382        rulex               40.000     0.96
kimi  1001 final     randk    in     27  0.000     0.999    0.003    1.000         0.000         11.199        rulex               40.000     1.00
kimi  1001 final     randk    in     27  0.250     0.999    0.003    1.000         0.000         10.699        rulex               40.000     1.00
kimi  1001 final     randk    in     27  0.500     0.999    0.003    1.000         0.000         10.084        rulex               40.000     1.00
kimi  1001 final     randk    in     27  0.750     0.999    0.003    0.995         0.005          9.324        rulex               40.000     0.98
kimi  1001 final     randk    in     27  1.000     1.000    0.003    0.968         0.032          8.382        rulex               40.000     0.96
kimi  1001 final     randk    in     27  0.000     0.999    0.003    1.000         0.000         11.199        rulex               40.000     1.00
kimi  1001 final     randk    in     27  0.250     0.999    0.003    1.000         0.000         10.699        rulex               40.000     1.00
kimi  1001 final     randk    in     27  0.500     0.999    0.003    1.000         0.000         10.084        rulex               40.000     1.00
kimi  1001 final     randk    in     27  0.750     0.999    0.003    0.995         0.005          9.324        rulex               40.000     0.98
kimi  1001 final     randk    in     27  1.000     1.000    0.003    0.968         0.032          8.382        rulex               40.000     0.96
kimi  1001 final     randk   out     33  0.000     0.999    0.003    1.000         0.000         11.199        rulex               40.000     1.00
kimi  1001 final     randk   out     33  0.250     0.999    0.003    1.000         0.000         10.462        rulex               40.000     1.00
kimi  1001 final     randk   out     33  0.500     0.999    0.003    1.000         0.000          9.725        rulex               40.000     1.00
kimi  1001 final     randk   out     33  0.750     0.999    0.003    1.000         0.000          8.988        rulex               40.000     1.00
kimi  1001 final     randk   out     33  1.000     0.999    0.002    0.995         0.005          8.250        rulex               40.000     0.98
kimi  1001 final     randk   out     33  0.000     0.999    0.003    1.000         0.000         11.199        rulex               40.000     1.00
kimi  1001 final     randk   out     33  0.250     0.999    0.003    1.000         0.000         10.462        rulex               40.000     1.00
kimi  1001 final     randk   out     33  0.500     0.999    0.003    1.000         0.000          9.725        rulex               40.000     1.00
kimi  1001 final     randk   out     33  0.750     0.999    0.003    1.000         0.000          8.988        rulex               40.000     1.00
kimi  1001 final     randk   out     33  1.000     0.999    0.002    0.995         0.005          8.250        rulex               40.000     0.98
kimi  1001 final     randk   out     33  0.000     0.999    0.003    1.000         0.000         11.199        rulex               40.000     1.00
kimi  1001 final     randk   out     33  0.250     0.999    0.003    1.000         0.000         10.462        rulex               40.000     1.00
kimi  1001 final     randk   out     33  0.500     0.999    0.003    1.000         0.000          9.725        rulex               40.000     1.00
kimi  1001 final     randk   out     33  0.750     0.999    0.003    1.000         0.000          8.988        rulex               40.000     1.00
kimi  1001 final     randk   out     33  1.000     0.999    0.002    0.995         0.005          8.250        rulex               40.000     0.98
kimi  1001 final     randk  both     27  0.000     0.999    0.003    1.000         0.000         11.199        rulex               40.000     1.00
kimi  1001 final     randk  both     27  0.250     0.999    0.003    1.000         0.000         10.139        rulex               40.000     1.00
kimi  1001 final     randk  both     27  0.500     0.999    0.003    1.000         0.000          8.974        rulex               40.000     1.00
kimi  1001 final     randk  both     27  0.750     0.999    0.002    0.973         0.027          7.683        rulex               40.000     0.98
kimi  1001 final     randk  both     27  1.000     1.000    0.002    0.914         0.086          6.241        rulex               40.000     0.92
kimi  1001 final     randk  both     27  0.000     0.999    0.003    1.000         0.000         11.199        rulex               40.000     1.00
kimi  1001 final     randk  both     27  0.250     0.999    0.003    1.000         0.000         10.139        rulex               40.000     1.00
kimi  1001 final     randk  both     27  0.500     0.999    0.003    1.000         0.000          8.974        rulex               40.000     1.00
kimi  1001 final     randk  both     27  0.750     0.999    0.002    0.973         0.027          7.683        rulex               40.000     0.98
kimi  1001 final     randk  both     27  1.000     1.000    0.002    0.914         0.086          6.241        rulex               40.000     0.92
kimi  1001 final     randk  both     27  0.000     0.999    0.003    1.000         0.000         11.199        rulex               40.000     1.00
kimi  1001 final     randk  both     27  0.250     0.999    0.003    1.000         0.000         10.139        rulex               40.000     1.00
kimi  1001 final     randk  both     27  0.500     0.999    0.003    1.000         0.000          8.974        rulex               40.000     1.00
kimi  1001 final     randk  both     27  0.750     0.999    0.002    0.973         0.027          7.683        rulex               40.000     0.98
kimi  1001 final     randk  both     27  1.000     1.000    0.002    0.914         0.086          6.241        rulex               40.000     0.92
kimi  1001 final  residual    in     27  0.000     0.999    0.003    1.000         0.000         11.199        rulex               40.000     1.00
kimi  1001 final  residual    in     27  0.250     0.999    0.003    1.000         0.000         10.699        rulex               40.000     1.00
kimi  1001 final  residual    in     27  0.500     0.999    0.003    1.000         0.000         10.084        rulex               40.000     1.00
kimi  1001 final  residual    in     27  0.750     0.999    0.003    0.995         0.005          9.324        rulex               40.000     0.98
kimi  1001 final  residual    in     27  1.000     1.000    0.003    0.968         0.032          8.382        rulex               40.000     0.96
kimi  1001 final  residual   out     33  0.000     0.999    0.003    1.000         0.000         11.199        rulex               40.000     1.00
kimi  1001 final  residual   out     33  0.250     0.999    0.003    1.000         0.000         10.462        rulex               40.000     1.00
kimi  1001 final  residual   out     33  0.500     0.999    0.003    1.000         0.000          9.725        rulex               40.000     1.00
kimi  1001 final  residual   out     33  0.750     0.999    0.003    1.000         0.000          8.988        rulex               40.000     1.00
kimi  1001 final  residual   out     33  1.000     0.999    0.002    0.995         0.005          8.250        rulex               40.000     0.98
kimi  1001 final  residual  both     27  0.000     0.999    0.003    1.000         0.000         11.199        rulex               40.000     1.00
kimi  1001 final  residual  both     27  0.250     0.999    0.003    1.000         0.000         10.139        rulex               40.000     1.00
kimi  1001 final  residual  both     27  0.500     0.999    0.003    1.000         0.000          8.974        rulex               40.000     1.00
kimi  1001 final  residual  both     27  0.750     0.999    0.002    0.973         0.027          7.683        rulex               40.000     0.98
kimi  1001 final  residual  both     27  1.000     1.000    0.002    0.914         0.086          6.241        rulex               40.000     0.92
kimi  1001 final   neurons units      0  0.000     0.999    0.003    1.000         0.000         11.199        rulex               40.000     1.00
kimi  1001 final   neurons units      1  0.001     0.999    0.003    1.000         0.000         11.165        rulex               40.000     1.00
kimi  1001 final   neurons units      2  0.001     0.999    0.003    1.000         0.000         11.132        rulex               40.000     1.00
kimi  1001 final   neurons units      4  0.002     0.999    0.003    1.000         0.000         11.068        rulex               40.000     1.00
kimi  1001 final   neurons units      8  0.004     0.999    0.003    1.000         0.000         10.949        rulex               40.000     1.00
kimi  1001 final   neurons units     16  0.008     0.999    0.003    1.000         0.000         10.754        rulex               40.000     1.00
kimi  1001 final   neurons units     32  0.017     0.999    0.003    1.000         0.000         10.408        rulex               40.000     1.00
kimi  1001 final   neurons units     64  0.033     0.999    0.002    1.000         0.000          9.809        rulex               40.000     1.00
kimi  1001 final   neurons units    128  0.067     0.999    0.002    1.000         0.000          8.810        rulex               40.000     1.00
kimi  1001 final   neurons units    256  0.133     1.000    0.002    0.986         0.014          7.556        rulex               40.000     0.98
kimi  1001 final   neurons units    512  0.267     1.000    0.002    0.964         0.036          6.392        rulex               40.000     0.96
kimi  1001 final randunits units      0  0.000     0.999    0.003    1.000         0.000         11.199        rulex               40.000     1.00
kimi  1001 final randunits units      1  0.001     0.999    0.003    1.000         0.000         11.194        rulex               40.000     1.00
kimi  1001 final randunits units      2  0.001     0.999    0.003    1.000         0.000         11.194        rulex               40.000     1.00
kimi  1001 final randunits units      4  0.002     0.999    0.003    1.000         0.000         11.173        rulex               40.000     1.00
kimi  1001 final randunits units      8  0.004     0.999    0.003    1.000         0.000         11.216        rulex               40.000     1.00
kimi  1001 final randunits units     16  0.008     0.999    0.003    1.000         0.000         11.122        rulex               40.000     1.00
kimi  1001 final randunits units     32  0.017     0.999    0.003    1.000         0.000         11.145        rulex               40.000     1.00
kimi  1001 final randunits units     64  0.033     0.999    0.003    1.000         0.000         11.075        rulex               40.000     1.00
kimi  1001 final randunits units    128  0.067     0.999    0.003    1.000         0.000         10.986        rulex               40.000     1.00
kimi  1001 final randunits units    256  0.133     0.999    0.004    1.000         0.000         10.928        rulex               40.000     1.00
kimi  1001 final randunits units    512  0.267     1.000    0.003    1.000         0.000         10.412        rulex               40.000     1.00
kimi  1001 final randunits units      0  0.000     0.999    0.003    1.000         0.000         11.199        rulex               40.000     1.00
kimi  1001 final randunits units      1  0.001     0.999    0.003    1.000         0.000         11.181        rulex               40.000     1.00
kimi  1001 final randunits units      2  0.001     0.999    0.003    1.000         0.000         11.194        rulex               40.000     1.00
kimi  1001 final randunits units      4  0.002     0.999    0.003    1.000         0.000         11.186        rulex               40.000     1.00
kimi  1001 final randunits units      8  0.004     0.999    0.003    1.000         0.000         11.203        rulex               40.000     1.00
kimi  1001 final randunits units     16  0.008     0.999    0.003    1.000         0.000         11.178        rulex               40.000     1.00
kimi  1001 final randunits units     32  0.017     0.999    0.003    1.000         0.000         11.133        rulex               40.000     1.00
kimi  1001 final randunits units     64  0.033     0.999    0.003    1.000         0.000         11.080        rulex               40.000     1.00
kimi  1001 final randunits units    128  0.067     0.999    0.003    1.000         0.000         11.070        rulex               40.000     1.00
kimi  1001 final randunits units    256  0.133     0.999    0.003    1.000         0.000         10.948        rulex               40.000     1.00
kimi  1001 final randunits units    512  0.267     0.999    0.003    1.000         0.000         10.338        rulex               40.000     1.00
kimi  1001 final randunits units      0  0.000     0.999    0.003    1.000         0.000         11.199        rulex               40.000     1.00
kimi  1001 final randunits units      1  0.001     0.999    0.003    1.000         0.000         11.200        rulex               40.000     1.00
kimi  1001 final randunits units      2  0.001     0.999    0.003    1.000         0.000         11.197        rulex               40.000     1.00
kimi  1001 final randunits units      4  0.002     0.999    0.003    1.000         0.000         11.195        rulex               40.000     1.00
kimi  1001 final randunits units      8  0.004     0.999    0.003    1.000         0.000         11.191        rulex               40.000     1.00
kimi  1001 final randunits units     16  0.008     0.999    0.003    1.000         0.000         11.167        rulex               40.000     1.00
kimi  1001 final randunits units     32  0.017     0.999    0.003    1.000         0.000         11.155        rulex               40.000     1.00
kimi  1001 final randunits units     64  0.033     0.999    0.003    1.000         0.000         11.184        rulex               40.000     1.00
kimi  1001 final randunits units    128  0.067     0.999    0.003    1.000         0.000         10.979        rulex               40.000     1.00
kimi  1001 final randunits units    256  0.133     0.999    0.003    1.000         0.000         10.767        rulex               40.000     1.00
kimi  1001 final randunits units    512  0.267     0.999    0.003    1.000         0.000         10.337        rulex               40.000     1.00
kimi  1002 final      none     -      0  0.000     0.999    0.006    1.000         0.000         12.475        rulex               40.000     1.00
kimi  1002 final   lowpass    in      0  0.000     0.006   12.097    0.009         0.005         -0.029  gcm_hamming                0.200     1.00
kimi  1002 final   lowpass    in      1  1.000     0.010   11.126    0.005         0.005         -0.118         rule                0.388     0.50
kimi  1002 final   lowpass    in      2  2.000     0.007   10.489    0.005         0.005         -0.146      uniform                0.200     0.50
kimi  1002 final   lowpass    in      3  3.000     0.007   10.899    0.000         0.005          0.064  gcm_hamming                0.200     0.00
kimi  1002 final   lowpass    in      4  4.000     0.006   10.827    0.000         0.000          0.016  gcm_hamming                0.200     0.00
kimi  1002 final   lowpass    in      6  6.000     0.007   10.810    0.018         0.005          0.450      uniform                0.484     1.00
kimi  1002 final   lowpass    in      8  8.000     0.044    5.245    0.036         0.032         -0.248        rulex                0.249     0.54
kimi  1002 final   lowpass    in     12 12.000     0.178    3.170    0.086         0.077         -0.961        rulex                0.200     0.52
kimi  1002 final   lowpass    in     16 16.000     0.180    3.247    0.131         0.081         -0.343        rulex                0.200     0.62
kimi  1002 final   lowpass    in     24 24.000     0.182    3.330    0.162         0.036          1.278        rulex                0.200     0.84
kimi  1002 final   lowpass    in     32 32.000     0.466    1.606    0.347         0.095          2.232        rulex                1.459     0.80
kimi  1002 final   lowpass    in     48 48.000     0.525    1.463    0.649         0.032          7.093        rulex                2.268     0.96
kimi  1002 final   lowpass    in     74 74.000     0.999    0.006    1.000         0.000         12.475        rulex               40.000     1.00
kimi  1002 final   lowpass   out      0  0.000     0.007    5.004    0.005         0.000          0.000      uniform                0.200     1.00
kimi  1002 final   lowpass   out      1  1.000     0.008    5.007    0.009         0.000          0.094      uniform                0.603     1.00
kimi  1002 final   lowpass   out      2  2.000     0.040    4.390    0.027         0.005          0.820        rulex                0.484     1.00
kimi  1002 final   lowpass   out      3  3.000     0.035    4.393    0.041         0.009          0.888        rulex                0.200     0.94
kimi  1002 final   lowpass   out      4  4.000     0.029    4.397    0.032         0.000          0.953         rule                0.200     1.00
kimi  1002 final   lowpass   out      6  6.000     0.026    4.405    0.045         0.000          1.106        rulex                0.200     1.00
kimi  1002 final   lowpass   out      8  8.000     0.398    3.225    0.122         0.023          1.544        rulex               16.541     0.86
kimi  1002 final   lowpass   out     12 12.000     0.507    2.828    0.162         0.009          1.616        rulex               20.627     0.96
kimi  1002 final   lowpass   out     16 16.000     0.449    2.798    0.225         0.014          1.948        rulex               16.541     0.96
kimi  1002 final   lowpass   out     24 24.000     0.874    1.607    0.644         0.000          3.519        rulex               40.000     1.00
kimi  1002 final   lowpass   out     32 32.000     0.972    0.878    0.788         0.000          4.315        rulex               40.000     1.00
kimi  1002 final   lowpass   out     48 48.000     0.997    0.050    1.000         0.000          7.962        rulex               40.000     1.00
kimi  1002 final   lowpass   out     74 74.000     0.999    0.006    1.000         0.000         12.475        rulex               40.000     1.00
kimi  1002 final   lowpass  both      0  0.000     0.007    5.004    0.005         0.000          0.000      uniform                0.200     1.00
kimi  1002 final   lowpass  both      1  1.000     0.011    4.966    0.005         0.014         -0.044 gcm_circular                3.527     0.00
kimi  1002 final   lowpass  both      2  2.000     0.012    4.956    0.009         0.000         -0.171 gcm_circular                1.819     1.00
kimi  1002 final   lowpass  both      3  3.000     0.009    5.117    0.000         0.014         -0.069   gcm_linear                0.938     0.00
kimi  1002 final   lowpass  both      4  4.000     0.005    5.181    0.005         0.000         -0.021 gcm_circular                0.603     1.00
kimi  1002 final   lowpass  both      6  6.000     0.008    5.181    0.005         0.009          0.113      uniform                0.938     0.00
kimi  1002 final   lowpass  both      8  8.000     0.088    3.809    0.018         0.059         -2.355         rule                0.200     0.20
kimi  1002 final   lowpass  both     12 12.000     0.326    2.594    0.009         0.225         -4.075         rule                0.200     0.02
kimi  1002 final   lowpass  both     16 16.000     0.320    2.526    0.005         0.216         -3.912         rule                0.200     0.00
kimi  1002 final   lowpass  both     24 24.000     0.347    1.992    0.009         0.225         -3.979         rule                0.200     0.02
kimi  1002 final   lowpass  both     32 32.000     0.529    1.432    0.081         0.194         -2.560        rulex                1.459     0.30
kimi  1002 final   lowpass  both     48 48.000     0.605    1.076    0.437         0.086          2.261        rulex                2.828     0.84
kimi  1002 final   lowpass  both     74 74.000     0.999    0.006    1.000         0.000         12.475        rulex               40.000     1.00
kimi  1002 final      etop    in      0  0.000     0.999    0.006    1.000         0.000         12.475        rulex               40.000     1.00
kimi  1002 final      etop    in      1  0.050     0.986    0.065    0.955         0.014          9.932        rulex               40.000     0.98
kimi  1002 final      etop    in      1  0.100     0.986    0.065    0.955         0.014          9.932        rulex               40.000     0.98
kimi  1002 final      etop    in      2  0.200     0.630    1.079    0.887         0.009         10.369        rulex                3.527     1.00
kimi  1002 final      etop    in      3  0.300     0.313    2.500    0.865         0.000         10.666        rulex                1.819     1.00
kimi  1002 final      etop    in      4  0.400     0.135    5.164    0.752         0.000         11.211        rulex                0.200     1.00
kimi  1002 final      etop    in      5  0.500     0.049    8.916    0.595         0.000         10.700        rulex                0.311     1.00
kimi  1002 final      etop    in      9  0.600     0.025   10.011    0.428         0.000          8.904        rulex                0.249     1.00
kimi  1002 final      etop    in     19  0.700     0.011   10.553    0.167         0.005          5.976  gcm_hamming                0.200     1.00
kimi  1002 final      etop    in     34  0.800     0.008   10.700    0.072         0.000          3.312  gcm_hamming                0.200     1.00
kimi  1002 final      etop    in     53  0.900     0.006   11.089    0.018         0.000          1.128  gcm_hamming                0.200     1.00
kimi  1002 final      etop    in     63  0.950     0.007   11.107    0.014         0.000          0.299 gcm_circular                0.388     1.00
kimi  1002 final      etop    in     74  1.000     0.006   12.097    0.009         0.005         -0.029  gcm_hamming                0.200     1.00
kimi  1002 final      etop   out      0  0.000     0.999    0.006    1.000         0.000         12.475        rulex               40.000     1.00
kimi  1002 final      etop   out      2  0.050     0.998    0.007    1.000         0.000         11.339        rulex               40.000     1.00
kimi  1002 final      etop   out      3  0.100     0.998    0.010    1.000         0.000         10.802        rulex               40.000     1.00
kimi  1002 final      etop   out      5  0.200     0.997    0.019    1.000         0.000          9.551        rulex               40.000     1.00
kimi  1002 final      etop   out      7  0.300     0.997    0.036    1.000         0.000          8.635        rulex               40.000     1.00
kimi  1002 final      etop   out     10  0.400     0.995    0.132    1.000         0.000          7.382        rulex               40.000     1.00
kimi  1002 final      etop   out     12  0.500     0.984    0.343    0.995         0.000          6.654        rulex               40.000     1.00
kimi  1002 final      etop   out     16  0.600     0.816    1.288    0.973         0.000          6.019        rulex               16.541     1.00
kimi  1002 final      etop   out     19  0.700     0.613    2.292    0.932         0.000          5.312        rulex                8.530     1.00
kimi  1002 final      etop   out     23  0.800     0.114    3.841    0.851         0.000          4.415        rulex                1.459     1.00
kimi  1002 final      etop   out     28  0.900     0.009    5.115    0.707         0.000          3.738  gcm_hamming                0.603     1.00
kimi  1002 final      etop   out     48  0.950     0.012    5.090    0.437         0.000          1.860        rulex                0.603     1.00
kimi  1002 final      etop   out     74  1.000     0.007    5.004    0.005         0.000          0.000      uniform                0.200     1.00
kimi  1002 final      etop  both      0  0.000     0.999    0.006    1.000         0.000         12.475        rulex               40.000     1.00
kimi  1002 final      etop  both      1  0.050     0.975    0.109    0.937         0.023          8.800        rulex               32.076     0.98
kimi  1002 final      etop  both      1  0.100     0.937    0.222    0.928         0.018          8.493        rulex               20.627     0.98
kimi  1002 final      etop  both      2  0.200     0.426    1.785    0.838         0.009          8.440        rulex                2.268     1.00
kimi  1002 final      etop  both      3  0.300     0.234    2.847    0.707         0.005          7.543        rulex                1.459     1.00
kimi  1002 final      etop  both      4  0.400     0.090    4.397    0.559         0.000          6.494        rulex                0.200     1.00
kimi  1002 final      etop  both      5  0.500     0.036    5.824    0.405         0.000          5.854        rulex                0.200     1.00
kimi  1002 final      etop  both      9  0.600     0.015    5.914    0.261         0.000          4.008        rulex                0.200     1.00
kimi  1002 final      etop  both     19  0.700     0.008    5.698    0.117         0.000          2.170  gcm_hamming                0.200     1.00
kimi  1002 final      etop  both     34  0.800     0.007    5.387    0.036         0.000          0.882  gcm_hamming                0.388     1.00
kimi  1002 final      etop  both     53  0.900     0.008    5.205    0.018         0.009          0.237  gcm_hamming                0.200     1.00
kimi  1002 final      etop  both     63  0.950     0.006    5.101    0.009         0.005          0.079      uniform                0.200     1.00
kimi  1002 final      etop  both     74  1.000     0.007    5.004    0.005         0.000          0.000      uniform                0.200     1.00
kimi  1002 final   ebottom    in      0  0.000     0.999    0.006    1.000         0.000         12.475        rulex               40.000     1.00
kimi  1002 final   ebottom    in     12  0.050     0.999    0.005    0.991         0.009         11.264        rulex               40.000     0.98
kimi  1002 final   ebottom    in     22  0.100     0.999    0.003    0.977         0.023          9.675        rulex               40.000     0.98
kimi  1002 final   ebottom    in     41  0.200     1.000    0.002    0.725         0.275          4.372        rulex               40.000     0.72
kimi  1002 final   ebottom    in     56  0.300     1.000    0.001    0.324         0.671         -2.347        rulex               40.000     0.32
kimi  1002 final   ebottom    in     66  0.400     1.000    0.001    0.140         0.860         -6.479        rulex               40.000     0.14
kimi  1002 final   ebottom    in     70  0.500     0.913    0.258    0.063         0.707         -6.560        rulex               32.076     0.08
kimi  1002 final   ebottom    in     71  0.600     0.547    1.317    0.045         0.279         -4.609        rulex                1.819     0.14
kimi  1002 final   ebottom    in     72  0.700     0.186    2.961    0.054         0.086         -2.243        rulex                0.200     0.38
kimi  1002 final   ebottom    in     73  0.800     0.040    4.837    0.041         0.041         -0.977        rulex                0.200     0.50
kimi  1002 final   ebottom    in     74  0.900     0.006   12.097    0.009         0.005         -0.029  gcm_hamming                0.200     1.00
kimi  1002 final   ebottom    in     74  0.950     0.006   12.097    0.009         0.005         -0.029  gcm_hamming                0.200     1.00
kimi  1002 final   ebottom    in     74  1.000     0.006   12.097    0.009         0.005         -0.029  gcm_hamming                0.200     1.00
kimi  1002 final   ebottom   out      0  0.000     0.999    0.006    1.000         0.000         12.475        rulex               40.000     1.00
kimi  1002 final   ebottom   out     27  0.050     0.999    0.004    1.000         0.000         10.546        rulex               40.000     1.00
kimi  1002 final   ebottom   out     47  0.100     0.999    0.004    0.995         0.005          8.591        rulex               40.000     0.98
kimi  1002 final   ebottom   out     52  0.200     0.999    0.007    0.995         0.005          7.851        rulex               40.000     0.98
kimi  1002 final   ebottom   out     56  0.300     0.998    0.012    0.982         0.014          6.786        rulex               40.000     0.98
kimi  1002 final   ebottom   out     59  0.400     0.998    0.032    0.982         0.000          6.171        rulex               40.000     1.00
kimi  1002 final   ebottom   out     63  0.500     0.991    0.234    0.932         0.000          5.512        rulex               40.000     1.00
kimi  1002 final   ebottom   out     65  0.600     0.986    0.487    0.811         0.000          4.753        rulex               40.000     1.00
kimi  1002 final   ebottom   out     68  0.700     0.949    1.436    0.595         0.005          3.410        rulex               20.627     0.98
kimi  1002 final   ebottom   out     70  0.800     0.811    2.417    0.360         0.009          2.399        rulex               10.637     0.98
kimi  1002 final   ebottom   out     72  0.900     0.208    3.723    0.108         0.005          1.136        rulex                0.200     0.98
kimi  1002 final   ebottom   out     73  0.950     0.041    4.287    0.036         0.005          0.554        rulex                0.200     1.00
kimi  1002 final   ebottom   out     74  1.000     0.007    5.004    0.005         0.000          0.000      uniform                0.200     1.00
kimi  1002 final   ebottom  both      0  0.000     0.999    0.006    1.000         0.000         12.475        rulex               40.000     1.00
kimi  1002 final   ebottom  both     12  0.050     0.999    0.003    0.982         0.018          9.353        rulex               40.000     0.98
kimi  1002 final   ebottom  both     22  0.100     0.999    0.003    0.914         0.081          5.969        rulex               40.000     0.92
kimi  1002 final   ebottom  both     41  0.200     1.000    0.003    0.545         0.446          1.097        rulex               40.000     0.54
kimi  1002 final   ebottom  both     56  0.300     1.000    0.006    0.203         0.779         -3.965        rulex               40.000     0.20
kimi  1002 final   ebottom  both     66  0.400     1.000    0.026    0.090         0.896         -5.646        rulex               40.000     0.10
kimi  1002 final   ebottom  both     70  0.500     0.770    1.100    0.027         0.500         -3.888        rulex               16.541     0.06
kimi  1002 final   ebottom  both     71  0.600     0.421    1.995    0.018         0.252         -3.556         rule                1.459     0.06
kimi  1002 final   ebottom  both     72  0.700     0.056    4.117    0.023         0.018         -1.444        rulex                0.200     0.56
kimi  1002 final   ebottom  both     73  0.800     0.005    5.257    0.023         0.005          0.393  gcm_hamming                0.200     1.00
kimi  1002 final   ebottom  both     74  0.900     0.006    5.227    0.005         0.005         -0.031  gcm_hamming                0.200     0.50
kimi  1002 final   ebottom  both     74  0.950     0.007    5.157    0.000         0.009          0.002      uniform                0.200     0.00
kimi  1002 final   ebottom  both     74  1.000     0.007    5.004    0.005         0.000          0.000      uniform                0.200     1.00
kimi  1002 final     erand    in      0  0.000     0.999    0.006    1.000         0.000         12.475        rulex               40.000     1.00
kimi  1002 final     erand    in      3  0.050     0.985    0.065    0.950         0.023          9.528        rulex               40.000     0.98
kimi  1002 final     erand    in      3  0.100     0.985    0.065    0.950         0.023          9.528        rulex               40.000     0.98
kimi  1002 final     erand    in     14  0.200     0.985    0.069    0.874         0.041          7.548        rulex               40.000     0.96
kimi  1002 final     erand    in     24  0.300     0.635    1.041    0.635         0.032          6.330        rulex                3.527     0.96
kimi  1002 final     erand    in     28  0.400     0.630    1.044    0.577         0.045          5.355        rulex                3.527     0.94
kimi  1002 final     erand    in     41  0.500     0.604    1.121    0.302         0.122          1.404        rulex                3.527     0.72
kimi  1002 final     erand    in     54  0.600     0.239    2.956    0.086         0.072         -1.553        rulex                0.938     0.54
kimi  1002 final     erand    in     57  0.700     0.201    3.191    0.054         0.081         -2.418        rulex                0.938     0.40
kimi  1002 final     erand    in     60  0.800     0.039    6.161    0.018         0.023         -0.530         rule                1.170     0.42
kimi  1002 final     erand    in     67  0.900     0.008   10.963    0.000         0.009          0.230  gcm_hamming                0.200     0.00
kimi  1002 final     erand    in     67  0.950     0.008   10.963    0.000         0.009          0.230  gcm_hamming                0.200     0.00
kimi  1002 final     erand    in     74  1.000     0.006   12.097    0.009         0.005         -0.029  gcm_hamming                0.200     1.00
kimi  1002 final     erand    in      0  0.000     0.999    0.006    1.000         0.000         12.475        rulex               40.000     1.00
kimi  1002 final     erand    in      5  0.050     0.988    0.052    0.995         0.005         11.705        rulex               40.000     0.98
kimi  1002 final     erand    in      5  0.100     0.988    0.052    0.995         0.005         11.705        rulex               40.000     0.98
kimi  1002 final     erand    in      7  0.200     0.816    0.511    0.892         0.018          9.132        rulex                6.840     0.98
kimi  1002 final     erand    in     18  0.300     0.823    0.489    0.766         0.068          6.939        rulex                8.530     0.92
kimi  1002 final     erand    in     25  0.400     0.643    1.173    0.658         0.063          5.753        rulex                4.398     0.92
kimi  1002 final     erand    in     38  0.500     0.674    1.040    0.432         0.189          2.441        rulex                5.485     0.70
kimi  1002 final     erand    in     40  0.600     0.160    3.860    0.342         0.018          4.279        rulex                1.170     0.98
kimi  1002 final     erand    in     49  0.700     0.065    5.167    0.180         0.009          2.556        rulex                0.200     1.00
kimi  1002 final     erand    in     54  0.800     0.007   10.673    0.027         0.000          1.776  gcm_hamming                0.200     1.00
kimi  1002 final     erand    in     61  0.900     0.009   10.955    0.023         0.005          0.479  gcm_hamming                0.200     1.00
kimi  1002 final     erand    in     66  0.950     0.007   11.005    0.005         0.018          0.132  gcm_hamming                0.200     0.00
kimi  1002 final     erand    in     74  1.000     0.006   12.097    0.009         0.005         -0.029  gcm_hamming                0.200     1.00
kimi  1002 final     erand    in      0  0.000     0.999    0.006    1.000         0.000         12.475        rulex               40.000     1.00
kimi  1002 final     erand    in      7  0.050     0.986    0.064    0.937         0.032          8.879        rulex               40.000     0.96
kimi  1002 final     erand    in      7  0.100     0.986    0.064    0.937         0.032          8.879        rulex               40.000     0.96
kimi  1002 final     erand    in     14  0.200     0.986    0.064    0.874         0.077          7.507        rulex               40.000     0.92
kimi  1002 final     erand    in     23  0.300     0.611    1.121    0.577         0.059          5.196        rulex               10.637     0.92
kimi  1002 final     erand    in     25  0.400     0.396    2.146    0.541         0.023          6.022        rulex                1.819     0.96
kimi  1002 final     erand    in     30  0.500     0.393    2.117    0.383         0.050          4.520        rulex                1.819     0.90
kimi  1002 final     erand    in     32  0.600     0.142    4.433    0.383         0.018          5.789        rulex                2.268     1.00
kimi  1002 final     erand    in     43  0.700     0.084    5.342    0.230         0.014          3.027        rulex                1.459     1.00
kimi  1002 final     erand    in     58  0.800     0.009   10.545    0.023         0.000          1.515  gcm_hamming                0.200     1.00
kimi  1002 final     erand    in     62  0.900     0.009   10.586    0.023         0.005          0.732 gcm_circular                0.200     1.00
kimi  1002 final     erand    in     70  0.950     0.009   10.604    0.005         0.009         -0.727      uniform                0.200     0.00
kimi  1002 final     erand    in     74  1.000     0.006   12.097    0.009         0.005         -0.029  gcm_hamming                0.200     1.00
kimi  1002 final     erand   out      0  0.000     0.999    0.006    1.000         0.000         12.475        rulex               40.000     1.00
kimi  1002 final     erand   out      8  0.050     0.998    0.007    1.000         0.000         11.564        rulex               40.000     1.00
kimi  1002 final     erand   out     10  0.100     0.998    0.008    1.000         0.000         10.774        rulex               40.000     1.00
kimi  1002 final     erand   out     13  0.200     0.998    0.015    1.000         0.000          9.644        rulex               40.000     1.00
kimi  1002 final     erand   out     24  0.300     0.997    0.025    0.995         0.000          8.667        rulex               40.000     1.00
kimi  1002 final     erand   out     30  0.400     0.997    0.054    0.995         0.000          7.376        rulex               40.000     1.00
kimi  1002 final     erand   out     46  0.500     0.997    0.097    0.959         0.009          5.286        rulex               40.000     0.98
kimi  1002 final     erand   out     55  0.600     0.995    0.417    0.869         0.005          3.757        rulex               40.000     0.98
kimi  1002 final     erand   out     59  0.700     0.990    0.943    0.703         0.018          2.780        rulex               40.000     0.98
kimi  1002 final     erand   out     66  0.800     0.799    2.497    0.270         0.018          1.519        rulex                6.840     0.94
kimi  1002 final     erand   out     68  0.900     0.340    3.611    0.212         0.014          1.284        rulex                2.828     0.96
kimi  1002 final     erand   out     73  0.950     0.035    4.599    0.009         0.009          0.209         rule                0.200     0.50
kimi  1002 final     erand   out     74  1.000     0.007    5.004    0.005         0.000          0.000      uniform                0.200     1.00
kimi  1002 final     erand   out      0  0.000     0.999    0.006    1.000         0.000         12.475        rulex               40.000     1.00
kimi  1002 final     erand   out      5  0.050     0.998    0.007    1.000         0.000         12.069        rulex               40.000     1.00
kimi  1002 final     erand   out      9  0.100     0.998    0.010    1.000         0.000         11.781        rulex               40.000     1.00
kimi  1002 final     erand   out     22  0.200     0.998    0.014    1.000         0.000          9.821        rulex               40.000     1.00
kimi  1002 final     erand   out     27  0.300     0.997    0.034    1.000         0.000          8.833        rulex               40.000     1.00
kimi  1002 final     erand   out     30  0.400     0.995    0.114    0.995         0.000          7.608        rulex               40.000     1.00
kimi  1002 final     erand   out     40  0.500     0.984    0.302    0.982         0.000          6.777        rulex               40.000     1.00
kimi  1002 final     erand   out     46  0.600     0.972    0.738    0.923         0.000          5.350        rulex               32.076     1.00
kimi  1002 final     erand   out     54  0.700     0.927    1.375    0.797         0.000          4.378        rulex               20.627     1.00
kimi  1002 final     erand   out     62  0.800     0.639    2.844    0.459         0.000          2.486        rulex                6.840     1.00
kimi  1002 final     erand   out     69  0.900     0.113    3.942    0.167         0.005          1.234        rulex                0.200     1.00
kimi  1002 final     erand   out     73  0.950     0.041    4.287    0.036         0.005          0.554        rulex                0.200     1.00
kimi  1002 final     erand   out     74  1.000     0.007    5.004    0.005         0.000          0.000      uniform                0.200     1.00
kimi  1002 final     erand   out      0  0.000     0.999    0.006    1.000         0.000         12.475        rulex               40.000     1.00
kimi  1002 final     erand   out      7  0.050     0.998    0.007    1.000         0.000         11.772        rulex               40.000     1.00
kimi  1002 final     erand   out      9  0.100     0.998    0.008    1.000         0.000         11.393        rulex               40.000     1.00
kimi  1002 final     erand   out     13  0.200     0.998    0.014    1.000         0.000         10.116        rulex               40.000     1.00
kimi  1002 final     erand   out     21  0.300     0.997    0.026    0.995         0.000          8.711        rulex               40.000     1.00
kimi  1002 final     erand   out     25  0.400     0.994    0.104    0.995         0.000          8.218        rulex               40.000     1.00
kimi  1002 final     erand   out     33  0.500     0.987    0.327    0.991         0.005          6.909        rulex               40.000     0.98
kimi  1002 final     erand   out     40  0.600     0.965    0.858    0.928         0.000          5.387        rulex               32.076     1.00
kimi  1002 final     erand   out     49  0.700     0.946    1.291    0.811         0.000          4.205        rulex               20.627     1.00
kimi  1002 final     erand   out     55  0.800     0.673    2.661    0.563         0.005          2.550        rulex                5.485     1.00
kimi  1002 final     erand   out     69  0.900     0.122    3.750    0.153         0.000          1.366        rulex                0.200     1.00
kimi  1002 final     erand   out     73  0.950     0.034    4.440    0.023         0.014          0.582         rule                0.200     0.68
kimi  1002 final     erand   out     74  1.000     0.007    5.004    0.005         0.000          0.000      uniform                0.200     1.00
kimi  1002 final     erand  both      0  0.000     0.999    0.006    1.000         0.000         12.475        rulex               40.000     1.00
kimi  1002 final     erand  both      3  0.050     0.985    0.073    0.941         0.027          8.388        rulex               40.000     0.98
kimi  1002 final     erand  both      3  0.100     0.991    0.057    0.901         0.041          7.032        rulex               40.000     0.96
kimi  1002 final     erand  both     14  0.200     0.994    0.047    0.721         0.176          3.963        rulex               40.000     0.80
kimi  1002 final     erand  both     24  0.300     0.696    0.853    0.464         0.059          2.656        rulex                4.398     0.88
kimi  1002 final     erand  both     28  0.400     0.661    1.036    0.401         0.063          1.868        rulex                3.527     0.86
kimi  1002 final     erand  both     41  0.500     0.649    1.050    0.117         0.158         -1.399        rulex                3.527     0.42
kimi  1002 final     erand  both     54  0.600     0.181    3.276    0.041         0.063         -1.313        rulex                1.170     0.38
kimi  1002 final     erand  both     57  0.700     0.103    3.740    0.050         0.063         -1.369        rulex                0.200     0.44
kimi  1002 final     erand  both     60  0.800     0.032    4.594    0.014         0.032         -0.992         rule                0.938     0.22
kimi  1002 final     erand  both     67  0.900     0.007    5.166    0.005         0.005          0.035      uniform                0.200     0.50
kimi  1002 final     erand  both     67  0.950     0.007    5.070    0.023         0.005          0.033   gcm_linear                0.200     1.00
kimi  1002 final     erand  both     74  1.000     0.007    5.004    0.005         0.000          0.000      uniform                0.200     1.00
kimi  1002 final     erand  both      0  0.000     0.999    0.006    1.000         0.000         12.475        rulex               40.000     1.00
kimi  1002 final     erand  both      5  0.050     0.988    0.057    0.995         0.005         10.725        rulex               40.000     0.98
kimi  1002 final     erand  both      5  0.100     0.991    0.051    0.995         0.005         10.049        rulex               40.000     0.98
kimi  1002 final     erand  both      7  0.200     0.794    0.593    0.829         0.032          6.165        rulex                6.840     0.96
kimi  1002 final     erand  both     18  0.300     0.790    0.651    0.613         0.095          3.624        rulex                6.840     0.86
kimi  1002 final     erand  both     25  0.400     0.586    1.373    0.383         0.090          1.996        rulex                4.398     0.82
kimi  1002 final     erand  both     38  0.500     0.479    1.828    0.212         0.140          0.143        rulex                2.828     0.60
kimi  1002 final     erand  both     40  0.600     0.120    3.849    0.126         0.023          0.874        rulex                1.170     0.88
kimi  1002 final     erand  both     49  0.700     0.050    4.273    0.054         0.018         -0.206        rulex                0.388     0.82
kimi  1002 final     erand  both     54  0.800     0.006    5.566    0.027         0.000          0.387      uniform                0.200     1.00
kimi  1002 final     erand  both     61  0.900     0.006    5.153    0.014         0.005          0.048      uniform                0.249     1.00
kimi  1002 final     erand  both     66  0.950     0.007    5.086    0.005         0.014          0.032  gcm_hamming                0.200     0.00
kimi  1002 final     erand  both     74  1.000     0.007    5.004    0.005         0.000          0.000      uniform                0.200     1.00
kimi  1002 final     erand  both      0  0.000     0.999    0.006    1.000         0.000         12.475        rulex               40.000     1.00
kimi  1002 final     erand  both      7  0.050     0.970    0.119    0.914         0.036          7.985        rulex               32.076     0.96
kimi  1002 final     erand  both      7  0.100     0.968    0.129    0.901         0.036          7.403        rulex               25.722     0.96
kimi  1002 final     erand  both     14  0.200     0.959    0.228    0.851         0.054          6.492        rulex               25.722     0.94
kimi  1002 final     erand  both     23  0.300     0.457    1.850    0.563         0.032          4.590        rulex                8.530     0.96
kimi  1002 final     erand  both     25  0.400     0.110    4.060    0.437         0.009          5.319        rulex                0.200     1.00
kimi  1002 final     erand  both     30  0.500     0.044    4.953    0.477         0.000          4.590        rulex                0.388     1.00
kimi  1002 final     erand  both     32  0.600     0.068    4.645    0.203         0.000          2.648        rulex                0.752     1.00
kimi  1002 final     erand  both     43  0.700     0.012    5.115    0.086         0.005          1.496         rule                0.200     1.00
kimi  1002 final     erand  both     58  0.800     0.006    5.827    0.018         0.005          0.138      uniform                0.200     1.00
kimi  1002 final     erand  both     62  0.900     0.007    5.352    0.018         0.005         -0.082      uniform                0.388     1.00
kimi  1002 final     erand  both     70  0.950     0.006    5.133    0.005         0.005          0.047      uniform                0.388     0.50
kimi  1002 final     erand  both     74  1.000     0.007    5.004    0.005         0.000          0.000      uniform                0.200     1.00
kimi  1002 final      topk    in     53  0.000     0.999    0.006    1.000         0.000         12.475        rulex               40.000     1.00
kimi  1002 final      topk    in     53  0.250     0.998    0.007    1.000         0.000         12.486        rulex               40.000     1.00
kimi  1002 final      topk    in     53  0.500     0.997    0.010    0.995         0.005         12.146        rulex               40.000     0.98
kimi  1002 final      topk    in     53  0.750     0.985    0.055    0.941         0.050         10.047        rulex               40.000     0.94
kimi  1002 final      topk    in     53  1.000     0.006   11.089    0.018         0.000          1.128  gcm_hamming                0.200     1.00
kimi  1002 final      topk   out     28  0.000     0.999    0.006    1.000         0.000         12.475        rulex               40.000     1.00
kimi  1002 final      topk   out     28  0.250     0.998    0.011    1.000         0.000         10.291        rulex               40.000     1.00
kimi  1002 final      topk   out     28  0.500     0.997    0.082    1.000         0.000          8.106        rulex               40.000     1.00
kimi  1002 final      topk   out     28  0.750     0.982    1.265    1.000         0.000          5.922        rulex               40.000     1.00
kimi  1002 final      topk   out     28  1.000     0.009    5.115    0.707         0.000          3.738  gcm_hamming                0.603     1.00
kimi  1002 final      topk  both     53  0.000     0.999    0.006    1.000         0.000         12.475        rulex               40.000     1.00
kimi  1002 final      topk  both     53  0.250     0.998    0.012    1.000         0.000          9.734        rulex               40.000     1.00
kimi  1002 final      topk  both     53  0.500     0.997    0.093    0.995         0.005          6.797        rulex               40.000     0.98
kimi  1002 final      topk  both     53  0.750     0.966    1.505    0.964         0.032          3.488        rulex               32.076     0.96
kimi  1002 final      topk  both     53  1.000     0.006    5.077    0.005         0.000          0.093      uniform                0.200     1.00
kimi  1002 final     randk    in     21  0.000     0.999    0.006    1.000         0.000         12.475        rulex               40.000     1.00
kimi  1002 final     randk    in     21  0.250     0.999    0.005    1.000         0.000         12.153        rulex               40.000     1.00
kimi  1002 final     randk    in     21  0.500     0.999    0.004    1.000         0.000         11.656        rulex               40.000     1.00
kimi  1002 final     randk    in     21  0.750     0.999    0.004    0.986         0.014         10.916        rulex               40.000     0.98
kimi  1002 final     randk    in     21  1.000     0.999    0.003    0.977         0.023          9.842        rulex               40.000     0.98
kimi  1002 final     randk    in     21  0.000     0.999    0.006    1.000         0.000         12.475        rulex               40.000     1.00
kimi  1002 final     randk    in     21  0.250     0.999    0.005    1.000         0.000         12.153        rulex               40.000     1.00
kimi  1002 final     randk    in     21  0.500     0.999    0.004    1.000         0.000         11.656        rulex               40.000     1.00
kimi  1002 final     randk    in     21  0.750     0.999    0.004    0.986         0.014         10.916        rulex               40.000     0.98
kimi  1002 final     randk    in     21  1.000     0.999    0.003    0.977         0.023          9.842        rulex               40.000     0.98
kimi  1002 final     randk    in     21  0.000     0.999    0.006    1.000         0.000         12.475        rulex               40.000     1.00
kimi  1002 final     randk    in     21  0.250     0.999    0.005    1.000         0.000         12.153        rulex               40.000     1.00
kimi  1002 final     randk    in     21  0.500     0.999    0.004    1.000         0.000         11.656        rulex               40.000     1.00
kimi  1002 final     randk    in     21  0.750     0.999    0.004    0.986         0.014         10.916        rulex               40.000     0.98
kimi  1002 final     randk    in     21  1.000     0.999    0.003    0.977         0.023          9.842        rulex               40.000     0.98
kimi  1002 final     randk   out     28  0.000     0.999    0.006    1.000         0.000         12.475        rulex               40.000     1.00
kimi  1002 final     randk   out     28  0.250     0.999    0.005    1.000         0.000         11.903        rulex               40.000     1.00
kimi  1002 final     randk   out     28  0.500     0.999    0.005    1.000         0.000         11.331        rulex               40.000     1.00
kimi  1002 final     randk   out     28  0.750     0.999    0.005    1.000         0.000         10.759        rulex               40.000     1.00
kimi  1002 final     randk   out     28  1.000     0.999    0.005    1.000         0.000         10.187        rulex               40.000     1.00
kimi  1002 final     randk   out     28  0.000     0.999    0.006    1.000         0.000         12.475        rulex               40.000     1.00
kimi  1002 final     randk   out     28  0.250     0.999    0.005    1.000         0.000         11.893        rulex               40.000     1.00
kimi  1002 final     randk   out     28  0.500     0.999    0.005    1.000         0.000         11.310        rulex               40.000     1.00
kimi  1002 final     randk   out     28  0.750     0.999    0.005    1.000         0.000         10.728        rulex               40.000     1.00
kimi  1002 final     randk   out     28  1.000     0.999    0.004    1.000         0.000         10.146        rulex               40.000     1.00
kimi  1002 final     randk   out     28  0.000     0.999    0.006    1.000         0.000         12.475        rulex               40.000     1.00
kimi  1002 final     randk   out     28  0.250     0.999    0.005    1.000         0.000         11.892        rulex               40.000     1.00
kimi  1002 final     randk   out     28  0.500     0.999    0.005    1.000         0.000         11.309        rulex               40.000     1.00
kimi  1002 final     randk   out     28  0.750     0.999    0.005    1.000         0.000         10.726        rulex               40.000     1.00
kimi  1002 final     randk   out     28  1.000     0.999    0.005    1.000         0.000         10.143        rulex               40.000     1.00
kimi  1002 final     randk  both     21  0.000     0.999    0.006    1.000         0.000         12.475        rulex               40.000     1.00
kimi  1002 final     randk  both     21  0.250     0.999    0.004    1.000         0.000         11.782        rulex               40.000     1.00
kimi  1002 final     randk  both     21  0.500     0.999    0.004    1.000         0.000         10.917        rulex               40.000     1.00
kimi  1002 final     randk  both     21  0.750     0.999    0.003    0.986         0.014          9.817        rulex               40.000     0.98
kimi  1002 final     randk  both     21  1.000     0.999    0.003    0.964         0.036          8.401        rulex               40.000     0.96
kimi  1002 final     randk  both     21  0.000     0.999    0.006    1.000         0.000         12.475        rulex               40.000     1.00
kimi  1002 final     randk  both     21  0.250     0.999    0.004    1.000         0.000         11.782        rulex               40.000     1.00
kimi  1002 final     randk  both     21  0.500     0.999    0.004    1.000         0.000         10.917        rulex               40.000     1.00
kimi  1002 final     randk  both     21  0.750     0.999    0.003    0.986         0.014          9.817        rulex               40.000     0.98
kimi  1002 final     randk  both     21  1.000     0.999    0.003    0.964         0.036          8.401        rulex               40.000     0.96
kimi  1002 final     randk  both     21  0.000     0.999    0.006    1.000         0.000         12.475        rulex               40.000     1.00
kimi  1002 final     randk  both     21  0.250     0.999    0.004    1.000         0.000         11.782        rulex               40.000     1.00
kimi  1002 final     randk  both     21  0.500     0.999    0.004    1.000         0.000         10.917        rulex               40.000     1.00
kimi  1002 final     randk  both     21  0.750     0.999    0.003    0.986         0.014          9.817        rulex               40.000     0.98
kimi  1002 final     randk  both     21  1.000     0.999    0.003    0.964         0.036          8.401        rulex               40.000     0.96
kimi  1002 final  residual    in     21  0.000     0.999    0.006    1.000         0.000         12.475        rulex               40.000     1.00
kimi  1002 final  residual    in     21  0.250     0.999    0.005    1.000         0.000         12.153        rulex               40.000     1.00
kimi  1002 final  residual    in     21  0.500     0.999    0.004    1.000         0.000         11.656        rulex               40.000     1.00
kimi  1002 final  residual    in     21  0.750     0.999    0.004    0.986         0.014         10.916        rulex               40.000     0.98
kimi  1002 final  residual    in     21  1.000     0.999    0.003    0.977         0.023          9.842        rulex               40.000     0.98
kimi  1002 final  residual   out     46  0.000     0.999    0.006    1.000         0.000         12.475        rulex               40.000     1.00
kimi  1002 final  residual   out     46  0.250     0.999    0.005    1.000         0.000         11.541        rulex               40.000     1.00
kimi  1002 final  residual   out     46  0.500     0.999    0.005    1.000         0.000         10.606        rulex               40.000     1.00
kimi  1002 final  residual   out     46  0.750     0.999    0.004    1.000         0.000          9.672        rulex               40.000     1.00
kimi  1002 final  residual   out     46  1.000     0.999    0.004    1.000         0.000          8.737        rulex               40.000     1.00
kimi  1002 final  residual  both     21  0.000     0.999    0.006    1.000         0.000         12.475        rulex               40.000     1.00
kimi  1002 final  residual  both     21  0.250     0.999    0.004    1.000         0.000         11.782        rulex               40.000     1.00
kimi  1002 final  residual  both     21  0.500     0.999    0.004    1.000         0.000         10.917        rulex               40.000     1.00
kimi  1002 final  residual  both     21  0.750     0.999    0.003    0.986         0.014          9.817        rulex               40.000     0.98
kimi  1002 final  residual  both     21  1.000     0.999    0.003    0.964         0.036          8.401        rulex               40.000     0.96
kimi  1002 final   neurons units      0  0.000     0.999    0.006    1.000         0.000         12.475        rulex               40.000     1.00
kimi  1002 final   neurons units      1  0.001     0.999    0.006    1.000         0.000         12.420        rulex               40.000     1.00
kimi  1002 final   neurons units      2  0.001     0.999    0.006    1.000         0.000         12.381        rulex               40.000     1.00
kimi  1002 final   neurons units      4  0.002     0.999    0.005    1.000         0.000         12.301        rulex               40.000     1.00
kimi  1002 final   neurons units      8  0.004     0.999    0.005    1.000         0.000         12.162        rulex               40.000     1.00
kimi  1002 final   neurons units     16  0.008     0.999    0.005    1.000         0.000         11.929        rulex               40.000     1.00
kimi  1002 final   neurons units     32  0.017     0.999    0.005    1.000         0.000         11.575        rulex               40.000     1.00
kimi  1002 final   neurons units     64  0.033     0.999    0.005    1.000         0.000         11.064        rulex               40.000     1.00
kimi  1002 final   neurons units    128  0.067     0.998    0.006    0.995         0.005         10.398        rulex               40.000     0.98
kimi  1002 final   neurons units    256  0.133     0.998    0.008    0.995         0.005          9.789        rulex               40.000     0.98
kimi  1002 final   neurons units    512  0.267     0.997    0.011    1.000         0.000          9.556        rulex               40.000     1.00
kimi  1002 final randunits units      0  0.000     0.999    0.006    1.000         0.000         12.475        rulex               40.000     1.00
kimi  1002 final randunits units      1  0.001     0.999    0.006    1.000         0.000         12.475        rulex               40.000     1.00
kimi  1002 final randunits units      2  0.001     0.999    0.006    1.000         0.000         12.475        rulex               40.000     1.00
kimi  1002 final randunits units      4  0.002     0.999    0.006    1.000         0.000         12.463        rulex               40.000     1.00
kimi  1002 final randunits units      8  0.004     0.999    0.006    1.000         0.000         12.523        rulex               40.000     1.00
kimi  1002 final randunits units     16  0.008     0.998    0.006    1.000         0.000         12.436        rulex               40.000     1.00
kimi  1002 final randunits units     32  0.017     0.998    0.006    1.000         0.000         12.496        rulex               40.000     1.00
kimi  1002 final randunits units     64  0.033     0.998    0.006    1.000         0.000         12.491        rulex               40.000     1.00
kimi  1002 final randunits units    128  0.067     0.998    0.007    1.000         0.000         12.545        rulex               40.000     1.00
kimi  1002 final randunits units    256  0.133     0.997    0.009    1.000         0.000         12.766        rulex               40.000     1.00
kimi  1002 final randunits units    512  0.267     0.996    0.013    1.000         0.000         12.744        rulex               40.000     1.00
kimi  1002 final randunits units      0  0.000     0.999    0.006    1.000         0.000         12.475        rulex               40.000     1.00
kimi  1002 final randunits units      1  0.001     0.999    0.006    1.000         0.000         12.461        rulex               40.000     1.00
kimi  1002 final randunits units      2  0.001     0.999    0.006    1.000         0.000         12.475        rulex               40.000     1.00
kimi  1002 final randunits units      4  0.002     0.999    0.006    1.000         0.000         12.478        rulex               40.000     1.00
kimi  1002 final randunits units      8  0.004     0.998    0.006    1.000         0.000         12.510        rulex               40.000     1.00
kimi  1002 final randunits units     16  0.008     0.999    0.006    1.000         0.000         12.487        rulex               40.000     1.00
kimi  1002 final randunits units     32  0.017     0.999    0.006    1.000         0.000         12.464        rulex               40.000     1.00
kimi  1002 final randunits units     64  0.033     0.998    0.006    1.000         0.000         12.488        rulex               40.000     1.00
kimi  1002 final randunits units    128  0.067     0.998    0.008    1.000         0.000         12.647        rulex               40.000     1.00
kimi  1002 final randunits units    256  0.133     0.998    0.009    1.000         0.000         12.854        rulex               40.000     1.00
kimi  1002 final randunits units    512  0.267     0.996    0.015    1.000         0.000         12.767        rulex               40.000     1.00
kimi  1002 final randunits units      0  0.000     0.999    0.006    1.000         0.000         12.475        rulex               40.000     1.00
kimi  1002 final randunits units      1  0.001     0.999    0.006    1.000         0.000         12.478        rulex               40.000     1.00
kimi  1002 final randunits units      2  0.001     0.998    0.006    1.000         0.000         12.479        rulex               40.000     1.00
kimi  1002 final randunits units      4  0.002     0.999    0.006    1.000         0.000         12.481        rulex               40.000     1.00
kimi  1002 final randunits units      8  0.004     0.999    0.006    1.000         0.000         12.488        rulex               40.000     1.00
kimi  1002 final randunits units     16  0.008     0.999    0.006    1.000         0.000         12.496        rulex               40.000     1.00
kimi  1002 final randunits units     32  0.017     0.998    0.006    1.000         0.000         12.520        rulex               40.000     1.00
kimi  1002 final randunits units     64  0.033     0.998    0.006    1.000         0.000         12.577        rulex               40.000     1.00
kimi  1002 final randunits units    128  0.067     0.998    0.007    1.000         0.000         12.537        rulex               40.000     1.00
kimi  1002 final randunits units    256  0.133     0.997    0.009    1.000         0.000         12.667        rulex               40.000     1.00
kimi  1002 final randunits units    512  0.267     0.996    0.015    1.000         0.000         12.672        rulex               40.000     1.00
kimi  1000 final      none     -      0  0.000     0.985    0.054    1.000         0.000         15.473        rulex               40.000     1.00
kimi  1000 final   lowpass    in      0  0.000     0.007   15.397    0.018         0.005          0.582  gcm_hamming                0.200     1.00
kimi  1000 final   lowpass    in      1  1.000     0.005   15.928    0.011         0.007          0.267      uniform                0.388     1.00
kimi  1000 final   lowpass    in      2  2.000     0.008   15.431    0.007         0.004          0.484      uniform                0.311     1.00
kimi  1000 final   lowpass    in      3  3.000     0.009   15.040    0.005         0.005          0.689 gcm_circular                1.170     0.50
kimi  1000 final   lowpass    in      4  4.000     0.034    6.305    0.013         0.027         -7.560         rule                0.752     0.24
kimi  1000 final   lowpass    in      6  6.000     0.036    6.586    0.016         0.025         -7.411         rule                0.752     0.34
kimi  1000 final   lowpass    in      8  8.000     0.037    6.262    0.016         0.027         -7.494         rule                0.752     0.32
kimi  1000 final   lowpass    in     12 12.000     0.045    6.362    0.025         0.029         -6.527        rulex                1.459     0.46
kimi  1000 final   lowpass    in     16 16.000     0.109    5.203    0.031         0.049         -6.683        rulex                3.527     0.38
kimi  1000 final   lowpass    in     24 24.000     0.263    3.655    0.101         0.108         -3.617        rulex                4.398     0.48
kimi  1000 final   lowpass    in     32 32.000     0.594    1.598    0.342         0.137          1.523        rulex               10.637     0.72
kimi  1000 final   lowpass    in     48 48.000     0.946    0.185    0.917         0.032         10.167        rulex               32.076     0.96
kimi  1000 final   lowpass    in     74 74.000     0.985    0.054    1.000         0.000         15.473        rulex               40.000     1.00
kimi  1000 final   lowpass   out      0  0.000     0.008    5.004    0.007         0.009          0.000      uniform                0.200     0.00
kimi  1000 final   lowpass   out      1  1.000     0.006    5.035    0.005         0.007          0.181      uniform                0.200     0.00
kimi  1000 final   lowpass   out      2  2.000     0.006    5.071    0.025         0.004          0.390  gcm_hamming                0.200     1.00
kimi  1000 final   lowpass   out      3  3.000     0.005    5.094    0.040         0.004          0.561  gcm_hamming                0.200     1.00
kimi  1000 final   lowpass   out      4  4.000     0.042    3.792    0.054         0.002          0.691        rulex                0.200     1.00
kimi  1000 final   lowpass   out      6  6.000     0.039    3.842    0.072         0.007          1.041        rulex                0.200     1.00
kimi  1000 final   lowpass   out      8  8.000     0.037    3.877    0.074         0.009          1.342        rulex                0.200     1.00
kimi  1000 final   lowpass   out     12 12.000     0.028    3.985    0.139         0.002          2.146  gcm_hamming                0.200     1.00
kimi  1000 final   lowpass   out     16 16.000     0.117    3.142    0.306         0.002          3.081        rulex                2.268     1.00
kimi  1000 final   lowpass   out     24 24.000     0.331    2.312    0.584         0.004          4.700        rulex                2.828     1.00
kimi  1000 final   lowpass   out     32 32.000     0.744    0.967    0.818         0.011          6.607        rulex               10.637     0.98
kimi  1000 final   lowpass   out     48 48.000     0.967    0.129    0.987         0.007         10.058        rulex               40.000     0.98
kimi  1000 final   lowpass   out     74 74.000     0.985    0.054    1.000         0.000         15.473        rulex               40.000     1.00
kimi  1000 final   lowpass  both      0  0.000     0.007    5.004    0.007         0.009          0.000      uniform                0.200     0.00
kimi  1000 final   lowpass  both      1  1.000     0.010    4.962    0.005         0.013         -0.048 gcm_circular                2.268     0.00
kimi  1000 final   lowpass  both      2  2.000     0.007    4.935    0.004         0.005         -0.101 gcm_circular                1.819     0.00
kimi  1000 final   lowpass  both      3  3.000     0.010    4.951    0.005         0.007         -0.081 gcm_circular                1.819     0.00
kimi  1000 final   lowpass  both      4  4.000     0.044    3.634    0.005         0.032         -8.610         rule                0.752     0.00
kimi  1000 final   lowpass  both      6  6.000     0.043    3.704    0.011         0.045         -8.497         rule                1.170     0.08
kimi  1000 final   lowpass  both      8  8.000     0.056    3.515    0.004         0.058         -8.664         rule                0.938     0.00
kimi  1000 final   lowpass  both     12 12.000     0.068    3.472    0.004         0.058         -8.356         rule                1.170     0.00
kimi  1000 final   lowpass  both     16 16.000     0.221    2.495    0.013         0.182         -9.588         rule                4.398     0.04
kimi  1000 final   lowpass  both     24 24.000     0.428    1.800    0.022         0.288         -8.260        rulex                4.398     0.06
kimi  1000 final   lowpass  both     32 32.000     0.735    0.850    0.101         0.398         -5.052        rulex               13.264     0.20
kimi  1000 final   lowpass  both     48 48.000     0.961    0.137    0.695         0.159          4.581        rulex               32.076     0.82
kimi  1000 final   lowpass  both     74 74.000     0.985    0.054    1.000         0.000         15.473        rulex               40.000     1.00
kimi  1000 final      etop    in      0  0.000     0.985    0.054    1.000         0.000         15.473        rulex               40.000     1.00
kimi  1000 final      etop    in      1  0.050     0.973    0.099    0.998         0.000         15.403        rulex               40.000     1.00
kimi  1000 final      etop    in      2  0.100     0.936    0.207    0.995         0.000         15.318        rulex               25.722     1.00
kimi  1000 final      etop    in      4  0.200     0.887    0.367    0.991         0.002         16.016        rulex               16.541     1.00
kimi  1000 final      etop    in      7  0.300     0.743    0.935    0.986         0.002         17.666        rulex               10.637     1.00
kimi  1000 final      etop    in     10  0.400     0.627    1.576    0.984         0.000         18.666        rulex                6.840     1.00
kimi  1000 final      etop    in     16  0.500     0.471    2.786    0.915         0.007         17.105        rulex                4.398     1.00
kimi  1000 final      etop    in     25  0.600     0.257    5.252    0.712         0.005         13.524        rulex                2.828     1.00
kimi  1000 final      etop    in     36  0.700     0.108    8.939    0.357         0.013          8.718        rulex                1.459     1.00
kimi  1000 final      etop    in     47  0.800     0.035   12.360    0.123         0.007          5.234        rulex                0.603     1.00
kimi  1000 final      etop    in     60  0.900     0.009   14.826    0.027         0.005          1.065  gcm_hamming                0.200     1.00
kimi  1000 final      etop    in     67  0.950     0.008   15.657    0.018         0.009          0.392  gcm_hamming                0.200     1.00
kimi  1000 final      etop    in     74  1.000     0.007   15.397    0.018         0.005          0.582  gcm_hamming                0.200     1.00
kimi  1000 final      etop   out      0  0.000     0.985    0.054    1.000         0.000         15.473        rulex               40.000     1.00
kimi  1000 final      etop   out      1  0.050     0.913    0.284    0.998         0.000         15.343        rulex               20.627     1.00
kimi  1000 final      etop   out      2  0.100     0.788    0.654    0.998         0.000         15.269        rulex               10.637     1.00
kimi  1000 final      etop   out      3  0.200     0.293    2.071    0.995         0.000         15.058        rulex                0.938     1.00
kimi  1000 final      etop   out      5  0.300     0.119    3.416    0.996         0.000         14.436        rulex                0.388     1.00
kimi  1000 final      etop   out      6  0.400     0.060    4.119    0.996         0.000         13.968  gcm_hamming                0.249     1.00
kimi  1000 final      etop   out      8  0.500     0.004    6.049    0.996         0.000         13.303  gcm_hamming                0.752     1.00
kimi  1000 final      etop   out     12  0.600     0.001    6.683    0.986         0.000         11.906  gcm_hamming                0.938     1.00
kimi  1000 final      etop   out     22  0.700     0.001    6.398    0.959         0.000          9.052  gcm_hamming                0.938     1.00
kimi  1000 final      etop   out     37  0.800     0.002    5.933    0.854         0.000          6.121  gcm_hamming                1.170     1.00
kimi  1000 final      etop   out     54  0.900     0.004    5.488    0.515         0.002          3.105  gcm_hamming                0.752     1.00
kimi  1000 final      etop   out     63  0.950     0.004    5.259    0.250         0.000          1.619  gcm_hamming                0.484     1.00
kimi  1000 final      etop   out     74  1.000     0.008    5.004    0.007         0.009          0.000      uniform                0.200     0.00
kimi  1000 final      etop  both      0  0.000     0.985    0.054    1.000         0.000         15.473        rulex               40.000     1.00
kimi  1000 final      etop  both      1  0.050     0.831    0.509    0.996         0.000         15.358        rulex               10.637     1.00
kimi  1000 final      etop  both      2  0.100     0.610    1.109    0.995         0.000         14.425        rulex                5.485     1.00
kimi  1000 final      etop  both      4  0.200     0.267    2.316    0.975         0.000         14.335        rulex                0.938     1.00
kimi  1000 final      etop  both      7  0.300     0.066    4.566    0.977         0.000         14.932  gcm_hamming                0.484     1.00
kimi  1000 final      etop  both     10  0.400     0.025    5.727    0.977         0.000         14.422  gcm_hamming                0.484     1.00
kimi  1000 final      etop  both     16  0.500     0.005    6.771    0.942         0.000         11.856  gcm_hamming                0.938     1.00
kimi  1000 final      etop  both     25  0.600     0.002    6.795    0.764         0.000          8.633  gcm_hamming                1.170     1.00
kimi  1000 final      etop  both     36  0.700     0.004    6.187    0.400         0.000          4.475  gcm_hamming                0.752     1.00
kimi  1000 final      etop  both     47  0.800     0.005    5.683    0.151         0.005          1.896  gcm_hamming                0.603     1.00
kimi  1000 final      etop  both     60  0.900     0.007    5.280    0.013         0.005          0.323  gcm_hamming                0.311     1.00
kimi  1000 final      etop  both     67  0.950     0.008    5.123    0.005         0.014         -0.010  gcm_hamming                0.200     0.00
kimi  1000 final      etop  both     74  1.000     0.007    5.004    0.007         0.009          0.000      uniform                0.200     0.00
kimi  1000 final   ebottom    in      0  0.000     0.985    0.054    1.000         0.000         15.473        rulex               40.000     1.00
kimi  1000 final   ebottom    in      8  0.050     0.985    0.055    0.998         0.000         14.966        rulex               40.000     1.00
kimi  1000 final   ebottom    in     15  0.100     0.984    0.055    0.996         0.002         14.197        rulex               40.000     1.00
kimi  1000 final   ebottom    in     28  0.200     0.985    0.054    0.991         0.005         12.117        rulex               40.000     0.98
kimi  1000 final   ebottom    in     39  0.300     0.981    0.071    0.935         0.047          9.620        rulex               40.000     0.96
kimi  1000 final   ebottom    in     50  0.400     0.963    0.125    0.730         0.207          5.166        rulex               32.076     0.78
kimi  1000 final   ebottom    in     59  0.500     0.938    0.198    0.409         0.432         -0.717        rulex               20.627     0.48
kimi  1000 final   ebottom    in     65  0.600     0.891    0.354    0.159         0.562         -5.717        rulex               16.541     0.22
kimi  1000 final   ebottom    in     68  0.700     0.687    1.108    0.058         0.438         -8.825        rulex                8.530     0.12
kimi  1000 final   ebottom    in     71  0.800     0.300    2.808    0.016         0.254        -11.553        rulex                0.200     0.04
kimi  1000 final   ebottom    in     73  0.900     0.044    5.178    0.014         0.040         -9.235         rule                0.200     0.18
kimi  1000 final   ebottom    in     74  0.950     0.007   15.397    0.018         0.005          0.582  gcm_hamming                0.200     1.00
kimi  1000 final   ebottom    in     74  1.000     0.007   15.397    0.018         0.005          0.582  gcm_hamming                0.200     1.00
kimi  1000 final   ebottom   out      0  0.000     0.985    0.054    1.000         0.000         15.473        rulex               40.000     1.00
kimi  1000 final   ebottom   out     12  0.050     0.989    0.042    0.998         0.000         13.686        rulex               40.000     1.00
kimi  1000 final   ebottom   out     21  0.100     0.991    0.033    0.995         0.004         12.197        rulex               40.000     1.00
kimi  1000 final   ebottom   out     38  0.200     0.994    0.020    0.969         0.025          9.171        rulex               40.000     0.98
kimi  1000 final   ebottom   out     53  0.300     0.998    0.011    0.901         0.088          6.195        rulex               40.000     0.92
kimi  1000 final   ebottom   out     63  0.400     0.999    0.008    0.679         0.238          3.221        rulex               40.000     0.74
kimi  1000 final   ebottom   out     67  0.500     0.996    0.029    0.490         0.294          1.799        rulex               40.000     0.62
kimi  1000 final   ebottom   out     69  0.600     0.974    0.211    0.292         0.227          1.037        rulex               32.076     0.56
kimi  1000 final   ebottom   out     70  0.700     0.894    0.633    0.204         0.160          0.659        rulex               13.264     0.56
kimi  1000 final   ebottom   out     72  0.800     0.158    2.753    0.040         0.032          0.203        rulex                0.200     0.56
kimi  1000 final   ebottom   out     73  0.900     0.049    3.701    0.013         0.011          0.130         rule                0.200     0.56
kimi  1000 final   ebottom   out     74  0.950     0.008    5.004    0.007         0.009          0.000      uniform                0.200     0.00
kimi  1000 final   ebottom   out     74  1.000     0.008    5.004    0.007         0.009          0.000      uniform                0.200     0.00
kimi  1000 final   ebottom  both      0  0.000     0.985    0.054    1.000         0.000         15.473        rulex               40.000     1.00
kimi  1000 final   ebottom  both      8  0.050     0.989    0.042    0.996         0.002         13.203        rulex               40.000     1.00
kimi  1000 final   ebottom  both     15  0.100     0.991    0.033    0.986         0.014         11.000        rulex               40.000     0.98
kimi  1000 final   ebottom  both     28  0.200     0.995    0.021    0.863         0.115          6.255        rulex               40.000     0.88
kimi  1000 final   ebottom  both     39  0.300     0.995    0.021    0.528         0.384          1.569        rulex               40.000     0.58
kimi  1000 final   ebottom  both     50  0.400     0.987    0.047    0.180         0.670         -4.057        rulex               40.000     0.22
kimi  1000 final   ebottom  both     59  0.500     0.949    0.190    0.054         0.706         -7.103        rulex               25.722     0.08
kimi  1000 final   ebottom  both     65  0.600     0.692    1.071    0.014         0.441         -7.139        rulex                6.840     0.02
kimi  1000 final   ebottom  both     68  0.700     0.359    2.117    0.009         0.238         -8.482         rule                1.459     0.02
kimi  1000 final   ebottom  both     71  0.800     0.033    4.200    0.007         0.034         -4.078         rule                0.200     0.04
kimi  1000 final   ebottom  both     73  0.900     0.006    5.207    0.004         0.013          0.075      uniform                0.200     0.00
kimi  1000 final   ebottom  both     74  0.950     0.007    5.004    0.007         0.009          0.000      uniform                0.200     0.00
kimi  1000 final   ebottom  both     74  1.000     0.007    5.004    0.007         0.009          0.000      uniform                0.200     0.00
kimi  1000 final     erand    in      0  0.000     0.985    0.054    1.000         0.000         15.473        rulex               40.000     1.00
kimi  1000 final     erand    in      5  0.050     0.981    0.073    1.000         0.000         14.907        rulex               40.000     1.00
kimi  1000 final     erand    in      7  0.100     0.980    0.072    0.998         0.000         14.548        rulex               40.000     1.00
kimi  1000 final     erand    in     12  0.200     0.923    0.249    0.986         0.004         14.170        rulex               25.722     1.00
kimi  1000 final     erand    in     19  0.300     0.907    0.300    0.969         0.009         12.640        rulex               20.627     0.98
kimi  1000 final     erand    in     26  0.400     0.838    0.517    0.872         0.027         10.216        rulex               16.541     0.98
kimi  1000 final     erand    in     34  0.500     0.655    1.288    0.677         0.038          7.621        rulex                6.840     0.94
kimi  1000 final     erand    in     42  0.600     0.374    2.916    0.351         0.049          3.101        rulex                3.527     0.88
kimi  1000 final     erand    in     49  0.700     0.110    5.733    0.153         0.014         -0.476        rulex                1.459     0.96
kimi  1000 final     erand    in     58  0.800     0.051    6.531    0.047         0.025         -4.841        rulex                0.200     0.68
kimi  1000 final     erand    in     63  0.900     0.010   14.998    0.025         0.007          1.471  gcm_hamming                0.200     1.00
kimi  1000 final     erand    in     68  0.950     0.009   15.396    0.016         0.013          0.941  gcm_hamming                0.200     1.00
kimi  1000 final     erand    in     74  1.000     0.007   15.397    0.018         0.005          0.582  gcm_hamming                0.200     1.00
kimi  1000 final     erand    in      0  0.000     0.985    0.054    1.000         0.000         15.473        rulex               40.000     1.00
kimi  1000 final     erand    in      4  0.050     0.982    0.065    0.998         0.000         15.191        rulex               40.000     1.00
kimi  1000 final     erand    in     10  0.100     0.982    0.068    0.998         0.000         14.422        rulex               40.000     1.00
kimi  1000 final     erand    in     18  0.200     0.972    0.096    0.993         0.002         12.907        rulex               40.000     1.00
kimi  1000 final     erand    in     26  0.300     0.935    0.209    0.948         0.014         10.729        rulex               25.722     0.98
kimi  1000 final     erand    in     31  0.400     0.854    0.460    0.836         0.038          8.881        rulex               13.264     0.96
kimi  1000 final     erand    in     35  0.500     0.665    1.198    0.701         0.054          7.645        rulex                6.840     0.94
kimi  1000 final     erand    in     44  0.600     0.371    2.963    0.337         0.056          2.645        rulex                2.828     0.86
kimi  1000 final     erand    in     50  0.700     0.146    5.007    0.146         0.038         -1.936        rulex                1.819     0.82
kimi  1000 final     erand    in     57  0.800     0.050    8.208    0.086         0.016         -1.369        rulex                0.752     0.92
kimi  1000 final     erand    in     67  0.900     0.041    7.379    0.020         0.036         -5.721        rulex                0.200     0.30
kimi  1000 final     erand    in     72  0.950     0.011   13.918    0.009         0.009         -0.189         rule                0.200     0.50
kimi  1000 final     erand    in     74  1.000     0.007   15.397    0.018         0.005          0.582  gcm_hamming                0.200     1.00
kimi  1000 final     erand    in      0  0.000     0.985    0.054    1.000         0.000         15.473        rulex               40.000     1.00
kimi  1000 final     erand    in      3  0.050     0.979    0.070    1.000         0.000         15.209        rulex               40.000     1.00
kimi  1000 final     erand    in      7  0.100     0.979    0.073    1.000         0.000         14.660        rulex               40.000     1.00
kimi  1000 final     erand    in     18  0.200     0.977    0.085    0.986         0.005         12.942        rulex               40.000     0.98
kimi  1000 final     erand    in     30  0.300     0.968    0.114    0.942         0.034         10.002        rulex               32.076     0.96
kimi  1000 final     erand    in     35  0.400     0.897    0.335    0.804         0.077          7.469        rulex               20.627     0.92
kimi  1000 final     erand    in     38  0.500     0.675    1.180    0.636         0.065          6.148        rulex                8.530     0.90
kimi  1000 final     erand    in     47  0.600     0.517    1.922    0.330         0.114          1.716        rulex                5.485     0.74
kimi  1000 final     erand    in     53  0.700     0.269    3.489    0.132         0.077         -2.686        rulex                3.527     0.64
kimi  1000 final     erand    in     61  0.800     0.045    8.453    0.041         0.016         -2.490        rulex                1.170     0.80
kimi  1000 final     erand    in     68  0.900     0.029    8.474    0.018         0.025         -4.808         rule                0.200     0.36
kimi  1000 final     erand    in     72  0.950     0.008   15.143    0.005         0.013          0.123  gcm_hamming                0.200     0.00
kimi  1000 final     erand    in     74  1.000     0.007   15.397    0.018         0.005          0.582  gcm_hamming                0.200     1.00
kimi  1000 final     erand   out      0  0.000     0.985    0.054    1.000         0.000         15.473        rulex               40.000     1.00
kimi  1000 final     erand   out      5  0.050     0.970    0.106    0.998         0.000         14.050        rulex               40.000     1.00
kimi  1000 final     erand   out      7  0.100     0.972    0.101    0.998         0.000         13.696        rulex               40.000     1.00
kimi  1000 final     erand   out     11  0.200     0.883    0.407    0.996         0.000         12.897        rulex               16.541     1.00
kimi  1000 final     erand   out     17  0.300     0.654    0.995    0.987         0.000         11.618        rulex                8.530     1.00
kimi  1000 final     erand   out     22  0.400     0.504    1.564    0.982         0.000         10.657        rulex                6.840     1.00
kimi  1000 final     erand   out     30  0.500     0.320    2.234    0.939         0.000          8.679        rulex                2.268     1.00
kimi  1000 final     erand   out     42  0.600     0.130    2.965    0.883         0.002          6.430        rulex                2.828     1.00
kimi  1000 final     erand   out     45  0.700     0.043    3.650    0.820         0.000          5.688  gcm_hamming                0.388     1.00
kimi  1000 final     erand   out     54  0.800     0.022    4.204    0.578         0.000          3.902  gcm_hamming                0.603     1.00
kimi  1000 final     erand   out     61  0.900     0.004    5.312    0.398         0.000          2.433  gcm_hamming                0.752     1.00
kimi  1000 final     erand   out     65  0.950     0.003    5.239    0.211         0.000          1.563  gcm_hamming                0.752     1.00
kimi  1000 final     erand   out     74  1.000     0.008    5.004    0.007         0.009          0.000      uniform                0.200     0.00
kimi  1000 final     erand   out      0  0.000     0.985    0.054    1.000         0.000         15.473        rulex               40.000     1.00
kimi  1000 final     erand   out      1  0.050     0.954    0.160    0.998         0.000         15.400        rulex               32.076     1.00
kimi  1000 final     erand   out      6  0.100     0.959    0.147    0.998         0.000         14.558        rulex               32.076     1.00
kimi  1000 final     erand   out     15  0.200     0.942    0.206    0.996         0.002         12.498        rulex               25.722     1.00
kimi  1000 final     erand   out     26  0.300     0.918    0.308    0.993         0.002          9.870        rulex               20.627     1.00
kimi  1000 final     erand   out     31  0.400     0.774    0.816    0.960         0.004          9.097        rulex               10.637     1.00
kimi  1000 final     erand   out     34  0.500     0.320    1.993    0.937         0.002          8.571        rulex                1.819     1.00
kimi  1000 final     erand   out     44  0.600     0.169    2.725    0.854         0.000          6.336        rulex                0.200     1.00
kimi  1000 final     erand   out     47  0.700     0.060    3.585    0.809         0.000          5.731  gcm_hamming                0.603     1.00
kimi  1000 final     erand   out     57  0.800     0.014    4.511    0.566         0.002          3.615  gcm_hamming                0.484     1.00
kimi  1000 final     erand   out     67  0.900     0.023    4.228    0.193         0.007          1.709  gcm_hamming                0.388     1.00
kimi  1000 final     erand   out     72  0.950     0.005    5.060    0.036         0.004          0.540  gcm_hamming                0.311     1.00
kimi  1000 final     erand   out     74  1.000     0.008    5.004    0.007         0.009          0.000      uniform                0.200     0.00
kimi  1000 final     erand   out      0  0.000     0.985    0.054    1.000         0.000         15.473        rulex               40.000     1.00
kimi  1000 final     erand   out      3  0.050     0.972    0.099    1.000         0.000         14.747        rulex               40.000     1.00
kimi  1000 final     erand   out      8  0.100     0.976    0.088    0.998         0.000         13.642        rulex               40.000     1.00
kimi  1000 final     erand   out     24  0.200     0.984    0.058    0.989         0.007         10.577        rulex               40.000     0.98
kimi  1000 final     erand   out     33  0.300     0.983    0.081    0.971         0.016          8.622        rulex               40.000     0.98
kimi  1000 final     erand   out     36  0.400     0.835    0.584    0.919         0.013          7.521        rulex               16.541     0.98
kimi  1000 final     erand   out     38  0.500     0.576    1.400    0.883         0.002          7.207        rulex                8.530     1.00
kimi  1000 final     erand   out     51  0.600     0.676    1.177    0.695         0.020          4.528        rulex                8.530     0.98
kimi  1000 final     erand   out     57  0.700     0.090    3.203    0.559         0.004          3.424        rulex                0.200     1.00
kimi  1000 final     erand   out     61  0.800     0.021    4.403    0.436         0.000          2.711  gcm_hamming                0.249     1.00
kimi  1000 final     erand   out     68  0.900     0.029    4.215    0.196         0.011          1.405        rulex                0.388     1.00
kimi  1000 final     erand   out     72  0.950     0.007    5.060    0.027         0.002          0.398  gcm_hamming                0.484     1.00
kimi  1000 final     erand   out     74  1.000     0.008    5.004    0.007         0.009          0.000      uniform                0.200     0.00
kimi  1000 final     erand  both      0  0.000     0.985    0.054    1.000         0.000         15.473        rulex               40.000     1.00
kimi  1000 final     erand  both      5  0.050     0.984    0.059    0.998         0.000         13.385        rulex               40.000     1.00
kimi  1000 final     erand  both      7  0.100     0.967    0.121    0.993         0.004         11.801        rulex               40.000     1.00
kimi  1000 final     erand  both     12  0.200     0.899    0.328    0.944         0.016         10.143        rulex               20.627     0.98
kimi  1000 final     erand  both     19  0.300     0.784    0.731    0.865         0.016          8.162        rulex               10.637     0.98
kimi  1000 final     erand  both     26  0.400     0.603    1.331    0.566         0.038          4.316        rulex                5.485     0.94
kimi  1000 final     erand  both     34  0.500     0.407    2.073    0.312         0.059          1.158        rulex                3.527     0.84
kimi  1000 final     erand  both     42  0.600     0.137    3.802    0.175         0.031          0.822        rulex                1.170     0.88
kimi  1000 final     erand  both     49  0.700     0.016    5.851    0.072         0.011          1.198  gcm_hamming                0.200     1.00
kimi  1000 final     erand  both     58  0.800     0.006    5.687    0.027         0.005          0.503      uniform                0.200     1.00
kimi  1000 final     erand  both     63  0.900     0.006    5.202    0.007         0.002          0.160  gcm_hamming                0.200     1.00
kimi  1000 final     erand  both     68  0.950     0.007    5.148    0.004         0.007          0.070   gcm_linear                0.200     0.00
kimi  1000 final     erand  both     74  1.000     0.007    5.004    0.007         0.009          0.000      uniform                0.200     0.00
kimi  1000 final     erand  both      0  0.000     0.985    0.054    1.000         0.000         15.473        rulex               40.000     1.00
kimi  1000 final     erand  both      4  0.050     0.945    0.191    0.995         0.000         14.136        rulex               32.076     1.00
kimi  1000 final     erand  both     10  0.100     0.942    0.192    0.995         0.000         13.289        rulex               32.076     1.00
kimi  1000 final     erand  both     18  0.200     0.778    0.728    0.973         0.000         11.405        rulex               10.637     1.00
kimi  1000 final     erand  both     26  0.300     0.434    1.968    0.890         0.002          9.196        rulex                4.398     1.00
kimi  1000 final     erand  both     31  0.400     0.135    3.378    0.769         0.000          7.808        rulex                1.819     1.00
kimi  1000 final     erand  both     35  0.500     0.165    3.184    0.481         0.014          4.419        rulex                2.268     1.00
kimi  1000 final     erand  both     44  0.600     0.054    4.504    0.220         0.011          1.398        rulex                0.752     1.00
kimi  1000 final     erand  both     50  0.700     0.034    4.531    0.077         0.013         -1.470  gcm_hamming                0.603     1.00
kimi  1000 final     erand  both     57  0.800     0.005    5.832    0.056         0.005          1.087  gcm_hamming                0.388     1.00
kimi  1000 final     erand  both     67  0.900     0.007    5.383    0.007         0.002          0.119  gcm_hamming                0.200     1.00
kimi  1000 final     erand  both     72  0.950     0.006    5.056    0.009         0.004          0.021      uniform                0.200     1.00
kimi  1000 final     erand  both     74  1.000     0.007    5.004    0.007         0.009          0.000      uniform                0.200     0.00
kimi  1000 final     erand  both      0  0.000     0.985    0.054    1.000         0.000         15.473        rulex               40.000     1.00
kimi  1000 final     erand  both      3  0.050     0.983    0.060    0.996         0.000         13.654        rulex               40.000     1.00
kimi  1000 final     erand  both      7  0.100     0.955    0.162    0.991         0.004         12.975        rulex               32.076     1.00
kimi  1000 final     erand  both     18  0.200     0.945    0.196    0.962         0.014          9.866        rulex               25.722     0.98
kimi  1000 final     erand  both     30  0.300     0.866    0.432    0.818         0.056          6.561        rulex               13.264     0.94
kimi  1000 final     erand  both     35  0.400     0.424    1.874    0.505         0.032          3.971        rulex                6.840     0.94
kimi  1000 final     erand  both     38  0.500     0.318    2.421    0.324         0.043          1.840        rulex                3.527     0.90
kimi  1000 final     erand  both     47  0.600     0.204    2.864    0.097         0.061         -2.173        rulex                1.170     0.62
kimi  1000 final     erand  both     53  0.700     0.016    5.753    0.137         0.002          2.260  gcm_hamming                0.388     1.00
kimi  1000 final     erand  both     61  0.800     0.010    5.884    0.014         0.009          0.373  gcm_hamming                0.388     1.00
kimi  1000 final     erand  both     68  0.900     0.005    5.478    0.014         0.000          0.157  gcm_hamming                0.200     1.00
kimi  1000 final     erand  both     72  0.950     0.007    5.016    0.005         0.004          0.002  gcm_hamming                0.200     1.00
kimi  1000 final     erand  both     74  1.000     0.007    5.004    0.007         0.009          0.000      uniform                0.200     0.00
kimi  1000 final      topk    in     60  0.000     0.985    0.054    1.000         0.000         15.473        rulex               40.000     1.00
kimi  1000 final      topk    in     60  0.250     0.984    0.059    1.000         0.000         15.663        rulex               40.000     1.00
kimi  1000 final      topk    in     60  0.500     0.980    0.074    1.000         0.000         15.701        rulex               40.000     1.00
kimi  1000 final      topk    in     60  0.750     0.930    0.234    0.987         0.007         14.241        rulex               25.722     0.98
kimi  1000 final      topk    in     60  1.000     0.009   14.826    0.027         0.005          1.065  gcm_hamming                0.200     1.00
kimi  1000 final      topk   out     54  0.000     0.985    0.054    1.000         0.000         15.473        rulex               40.000     1.00
kimi  1000 final      topk   out     54  0.250     0.980    0.095    1.000         0.000         12.381        rulex               40.000     1.00
kimi  1000 final      topk   out     54  0.500     0.965    0.309    1.000         0.000          9.289        rulex               32.076     1.00
kimi  1000 final      topk   out     54  0.750     0.823    1.621    0.998         0.000          6.197        rulex               13.264     1.00
kimi  1000 final      topk   out     54  1.000     0.004    5.488    0.515         0.002          3.105  gcm_hamming                0.752     1.00
kimi  1000 final      topk  both     60  0.000     0.985    0.054    1.000         0.000         15.473        rulex               40.000     1.00
kimi  1000 final      topk  both     60  0.250     0.981    0.096    1.000         0.000         12.270        rulex               40.000     1.00
kimi  1000 final      topk  both     60  0.500     0.965    0.318    0.998         0.000          8.889        rulex               32.076     1.00
kimi  1000 final      topk  both     60  0.750     0.782    1.771    0.989         0.000          5.008        rulex               10.637     1.00
kimi  1000 final      topk  both     60  1.000     0.008    5.190    0.018         0.005          0.190  gcm_hamming                0.249     1.00
kimi  1000 final     randk    in     14  0.000     0.985    0.054    1.000         0.000         15.473        rulex               40.000     1.00
kimi  1000 final     randk    in     14  0.250     0.985    0.053    1.000         0.000         15.296        rulex               40.000     1.00
kimi  1000 final     randk    in     14  0.500     0.985    0.053    1.000         0.000         15.051        rulex               40.000     1.00
kimi  1000 final     randk    in     14  0.750     0.985    0.053    1.000         0.000         14.723        rulex               40.000     1.00
kimi  1000 final     randk    in     14  1.000     0.985    0.054    0.998         0.000         14.294        rulex               40.000     1.00
kimi  1000 final     randk    in     14  0.000     0.985    0.054    1.000         0.000         15.473        rulex               40.000     1.00
kimi  1000 final     randk    in     14  0.250     0.985    0.053    1.000         0.000         15.296        rulex               40.000     1.00
kimi  1000 final     randk    in     14  0.500     0.985    0.053    1.000         0.000         15.051        rulex               40.000     1.00
kimi  1000 final     randk    in     14  0.750     0.985    0.053    1.000         0.000         14.723        rulex               40.000     1.00
kimi  1000 final     randk    in     14  1.000     0.985    0.054    0.998         0.000         14.294        rulex               40.000     1.00
kimi  1000 final     randk    in     14  0.000     0.985    0.054    1.000         0.000         15.473        rulex               40.000     1.00
kimi  1000 final     randk    in     14  0.250     0.985    0.053    1.000         0.000         15.296        rulex               40.000     1.00
kimi  1000 final     randk    in     14  0.500     0.985    0.053    1.000         0.000         15.051        rulex               40.000     1.00
kimi  1000 final     randk    in     14  0.750     0.985    0.053    1.000         0.000         14.723        rulex               40.000     1.00
kimi  1000 final     randk    in     14  1.000     0.985    0.054    0.998         0.000         14.294        rulex               40.000     1.00
kimi  1000 final     randk   out     20  0.000     0.985    0.054    1.000         0.000         15.473        rulex               40.000     1.00
kimi  1000 final     randk   out     20  0.250     0.987    0.047    1.000         0.000         14.697        rulex               40.000     1.00
kimi  1000 final     randk   out     20  0.500     0.989    0.041    1.000         0.000         13.920        rulex               40.000     1.00
kimi  1000 final     randk   out     20  0.750     0.991    0.037    1.000         0.000         13.144        rulex               40.000     1.00
kimi  1000 final     randk   out     20  1.000     0.991    0.034    0.998         0.000         12.368        rulex               40.000     1.00
kimi  1000 final     randk   out     20  0.000     0.985    0.054    1.000         0.000         15.473        rulex               40.000     1.00
kimi  1000 final     randk   out     20  0.250     0.987    0.047    1.000         0.000         14.697        rulex               40.000     1.00
kimi  1000 final     randk   out     20  0.500     0.989    0.041    1.000         0.000         13.920        rulex               40.000     1.00
kimi  1000 final     randk   out     20  0.750     0.991    0.037    1.000         0.000         13.144        rulex               40.000     1.00
kimi  1000 final     randk   out     20  1.000     0.991    0.034    0.998         0.000         12.368        rulex               40.000     1.00
kimi  1000 final     randk   out     20  0.000     0.985    0.054    1.000         0.000         15.473        rulex               40.000     1.00
kimi  1000 final     randk   out     20  0.250     0.987    0.047    1.000         0.000         14.697        rulex               40.000     1.00
kimi  1000 final     randk   out     20  0.500     0.989    0.041    1.000         0.000         13.920        rulex               40.000     1.00
kimi  1000 final     randk   out     20  0.750     0.991    0.037    1.000         0.000         13.144        rulex               40.000     1.00
kimi  1000 final     randk   out     20  1.000     0.991    0.034    0.998         0.000         12.368        rulex               40.000     1.00
kimi  1000 final     randk  both     14  0.000     0.985    0.054    1.000         0.000         15.473        rulex               40.000     1.00
kimi  1000 final     randk  both     14  0.250     0.987    0.048    1.000         0.000         14.775        rulex               40.000     1.00
kimi  1000 final     randk  both     14  0.500     0.988    0.043    1.000         0.000         14.014        rulex               40.000     1.00
kimi  1000 final     randk  both     14  0.750     0.989    0.040    1.000         0.000         13.181        rulex               40.000     1.00
kimi  1000 final     randk  both     14  1.000     0.988    0.039    0.998         0.002         12.260        rulex               40.000     1.00
kimi  1000 final     randk  both     14  0.000     0.985    0.054    1.000         0.000         15.473        rulex               40.000     1.00
kimi  1000 final     randk  both     14  0.250     0.987    0.048    1.000         0.000         14.775        rulex               40.000     1.00
kimi  1000 final     randk  both     14  0.500     0.988    0.043    1.000         0.000         14.014        rulex               40.000     1.00
kimi  1000 final     randk  both     14  0.750     0.989    0.040    1.000         0.000         13.181        rulex               40.000     1.00
kimi  1000 final     randk  both     14  1.000     0.988    0.039    0.998         0.002         12.260        rulex               40.000     1.00
kimi  1000 final     randk  both     14  0.000     0.985    0.054    1.000         0.000         15.473        rulex               40.000     1.00
kimi  1000 final     randk  both     14  0.250     0.987    0.048    1.000         0.000         14.775        rulex               40.000     1.00
kimi  1000 final     randk  both     14  0.500     0.988    0.043    1.000         0.000         14.014        rulex               40.000     1.00
kimi  1000 final     randk  both     14  0.750     0.989    0.040    1.000         0.000         13.181        rulex               40.000     1.00
kimi  1000 final     randk  both     14  1.000     0.988    0.039    0.998         0.002         12.260        rulex               40.000     1.00
kimi  1000 final  residual    in     14  0.000     0.985    0.054    1.000         0.000         15.473        rulex               40.000     1.00
kimi  1000 final  residual    in     14  0.250     0.985    0.053    1.000         0.000         15.296        rulex               40.000     1.00
kimi  1000 final  residual    in     14  0.500     0.985    0.053    1.000         0.000         15.051        rulex               40.000     1.00
kimi  1000 final  residual    in     14  0.750     0.985    0.053    1.000         0.000         14.723        rulex               40.000     1.00
kimi  1000 final  residual    in     14  1.000     0.985    0.054    0.998         0.000         14.294        rulex               40.000     1.00
kimi  1000 final  residual   out     20  0.000     0.985    0.054    1.000         0.000         15.473        rulex               40.000     1.00
kimi  1000 final  residual   out     20  0.250     0.987    0.047    1.000         0.000         14.697        rulex               40.000     1.00
kimi  1000 final  residual   out     20  0.500     0.989    0.041    1.000         0.000         13.920        rulex               40.000     1.00
kimi  1000 final  residual   out     20  0.750     0.991    0.037    1.000         0.000         13.144        rulex               40.000     1.00
kimi  1000 final  residual   out     20  1.000     0.991    0.034    0.998         0.000         12.368        rulex               40.000     1.00
kimi  1000 final  residual  both     14  0.000     0.985    0.054    1.000         0.000         15.473        rulex               40.000     1.00
kimi  1000 final  residual  both     14  0.250     0.987    0.048    1.000         0.000         14.775        rulex               40.000     1.00
kimi  1000 final  residual  both     14  0.500     0.988    0.043    1.000         0.000         14.014        rulex               40.000     1.00
kimi  1000 final  residual  both     14  0.750     0.989    0.040    1.000         0.000         13.181        rulex               40.000     1.00
kimi  1000 final  residual  both     14  1.000     0.988    0.039    0.998         0.002         12.260        rulex               40.000     1.00
kimi  1000 final   neurons units      0  0.000     0.985    0.054    1.000         0.000         15.473        rulex               40.000     1.00
kimi  1000 final   neurons units      1  0.001     0.985    0.054    1.000         0.000         15.444        rulex               40.000     1.00
kimi  1000 final   neurons units      2  0.001     0.985    0.054    1.000         0.000         15.417        rulex               40.000     1.00
kimi  1000 final   neurons units      4  0.002     0.986    0.054    1.000         0.000         15.365        rulex               40.000     1.00
kimi  1000 final   neurons units      8  0.004     0.985    0.053    1.000         0.000         15.270        rulex               40.000     1.00
kimi  1000 final   neurons units     16  0.008     0.985    0.052    1.000         0.000         15.099        rulex               40.000     1.00
kimi  1000 final   neurons units     32  0.017     0.986    0.050    1.000         0.000         14.775        rulex               40.000     1.00
kimi  1000 final   neurons units     64  0.033     0.987    0.049    1.000         0.000         14.166        rulex               40.000     1.00
kimi  1000 final   neurons units    128  0.067     0.988    0.045    0.996         0.002         13.015        rulex               40.000     1.00
kimi  1000 final   neurons units    256  0.133     0.990    0.040    0.989         0.005         11.031        rulex               40.000     0.98
kimi  1000 final   neurons units    512  0.267     0.991    0.035    0.950         0.036          7.843        rulex               40.000     0.96
kimi  1000 final randunits units      0  0.000     0.985    0.054    1.000         0.000         15.473        rulex               40.000     1.00
kimi  1000 final randunits units      1  0.001     0.985    0.054    1.000         0.000         15.466        rulex               40.000     1.00
kimi  1000 final randunits units      2  0.001     0.985    0.054    1.000         0.000         15.462        rulex               40.000     1.00
kimi  1000 final randunits units      4  0.002     0.985    0.054    1.000         0.000         15.435        rulex               40.000     1.00
kimi  1000 final randunits units      8  0.004     0.984    0.057    1.000         0.000         15.532        rulex               40.000     1.00
kimi  1000 final randunits units     16  0.008     0.984    0.055    1.000         0.000         15.412        rulex               40.000     1.00
kimi  1000 final randunits units     32  0.017     0.985    0.054    1.000         0.000         15.340        rulex               40.000     1.00
kimi  1000 final randunits units     64  0.033     0.983    0.061    1.000         0.000         15.371        rulex               40.000     1.00
kimi  1000 final randunits units    128  0.067     0.982    0.069    1.000         0.000         15.254        rulex               40.000     1.00
kimi  1000 final randunits units    256  0.133     0.978    0.079    0.998         0.000         14.956        rulex               40.000     1.00
kimi  1000 final randunits units    512  0.267     0.967    0.119    0.998         0.000         13.802        rulex               32.076     1.00
kimi  1000 final randunits units      0  0.000     0.985    0.054    1.000         0.000         15.473        rulex               40.000     1.00
kimi  1000 final randunits units      1  0.001     0.985    0.054    1.000         0.000         15.453        rulex               40.000     1.00
kimi  1000 final randunits units      2  0.001     0.985    0.054    1.000         0.000         15.459        rulex               40.000     1.00
kimi  1000 final randunits units      4  0.002     0.985    0.055    1.000         0.000         15.478        rulex               40.000     1.00
kimi  1000 final randunits units      8  0.004     0.984    0.057    1.000         0.000         15.490        rulex               40.000     1.00
kimi  1000 final randunits units     16  0.008     0.985    0.055    1.000         0.000         15.406        rulex               40.000     1.00
kimi  1000 final randunits units     32  0.017     0.984    0.056    1.000         0.000         15.345        rulex               40.000     1.00
kimi  1000 final randunits units     64  0.033     0.984    0.058    1.000         0.000         15.259        rulex               40.000     1.00
kimi  1000 final randunits units    128  0.067     0.982    0.069    0.998         0.000         15.344        rulex               40.000     1.00
kimi  1000 final randunits units    256  0.133     0.976    0.088    0.996         0.000         15.043        rulex               40.000     1.00
kimi  1000 final randunits units    512  0.267     0.937    0.212    0.998         0.000         14.480        rulex               25.722     1.00
kimi  1000 final randunits units      0  0.000     0.985    0.054    1.000         0.000         15.473        rulex               40.000     1.00
kimi  1000 final randunits units      1  0.001     0.985    0.054    1.000         0.000         15.477        rulex               40.000     1.00
kimi  1000 final randunits units      2  0.001     0.985    0.054    1.000         0.000         15.467        rulex               40.000     1.00
kimi  1000 final randunits units      4  0.002     0.984    0.055    1.000         0.000         15.461        rulex               40.000     1.00
kimi  1000 final randunits units      8  0.004     0.985    0.055    1.000         0.000         15.444        rulex               40.000     1.00
kimi  1000 final randunits units     16  0.008     0.984    0.056    1.000         0.000         15.419        rulex               40.000     1.00
kimi  1000 final randunits units     32  0.017     0.984    0.057    1.000         0.000         15.409        rulex               40.000     1.00
kimi  1000 final randunits units     64  0.033     0.982    0.063    1.000         0.000         15.420        rulex               40.000     1.00
kimi  1000 final randunits units    128  0.067     0.982    0.065    1.000         0.000         15.019        rulex               40.000     1.00
kimi  1000 final randunits units    256  0.133     0.976    0.087    1.000         0.000         15.055        rulex               40.000     1.00
kimi  1000 final randunits units    512  0.267     0.958    0.147    0.995         0.000         14.173        rulex               32.076     1.00
kimi  1001 final      none     -      0  0.000     0.872    0.409    1.000         0.000         16.682        rulex               16.541     1.00
kimi  1001 final   lowpass    in      0  0.000     0.007   14.753    0.011         0.011          0.152      uniform                0.200     0.50
kimi  1001 final   lowpass    in      1  1.000     0.011   13.956    0.002         0.011         -0.924 gcm_circular                2.828     0.00
kimi  1001 final   lowpass    in      2  2.000     0.009   13.947    0.009         0.009          0.075 gcm_circular                2.268     0.50
kimi  1001 final   lowpass    in      3  3.000     0.008   13.876    0.016         0.014         -0.170 gcm_circular                2.268     1.00
kimi  1001 final   lowpass    in      4  4.000     0.013   13.906    0.014         0.018         -0.348 gcm_circular                2.268     0.40
kimi  1001 final   lowpass    in      6  6.000     0.032    8.028    0.016         0.032         -5.308         rule                1.819     0.26
kimi  1001 final   lowpass    in      8  8.000     0.032    8.315    0.023         0.034         -4.587         rule                1.819     0.38
kimi  1001 final   lowpass    in     12 12.000     0.044    7.435    0.036         0.031         -4.511        rulex                2.268     0.56
kimi  1001 final   lowpass    in     16 16.000     0.098    5.500    0.049         0.056         -6.661        rulex                2.268     0.46
kimi  1001 final   lowpass    in     24 24.000     0.173    4.366    0.077         0.110         -5.138        rulex                2.828     0.40
kimi  1001 final   lowpass    in     32 32.000     0.204    3.972    0.184         0.095         -1.978        rulex                2.828     0.66
kimi  1001 final   lowpass    in     48 48.000     0.520    1.766    0.802         0.029          9.682        rulex                4.398     0.98
kimi  1001 final   lowpass    in     74 74.000     0.872    0.409    1.000         0.000         16.682        rulex               16.541     1.00
kimi  1001 final   lowpass   out      0  0.000     0.007    5.004    0.005         0.004          0.000      uniform                0.200     1.00
kimi  1001 final   lowpass   out      1  1.000     0.007    5.044    0.011         0.002          0.247      uniform                0.200     1.00
kimi  1001 final   lowpass   out      2  2.000     0.008    5.079    0.025         0.005          0.455  gcm_hamming                0.200     1.00
kimi  1001 final   lowpass   out      3  3.000     0.005    5.114    0.031         0.005          0.599  gcm_hamming                0.200     1.00
kimi  1001 final   lowpass   out      4  4.000     0.006    5.148    0.043         0.004          0.808  gcm_hamming                0.200     1.00
kimi  1001 final   lowpass   out      6  6.000     0.029    4.145    0.088         0.007          1.168        rulex                0.200     1.00
kimi  1001 final   lowpass   out      8  8.000     0.027    4.236    0.142         0.004          1.648  gcm_hamming                0.200     1.00
kimi  1001 final   lowpass   out     12 12.000     0.020    4.404    0.214         0.002          2.668  gcm_hamming                0.200     1.00
kimi  1001 final   lowpass   out     16 16.000     0.071    3.375    0.323         0.004          3.524        rulex                0.200     1.00
kimi  1001 final   lowpass   out     24 24.000     0.217    2.634    0.562         0.005          5.093        rulex                0.200     1.00
kimi  1001 final   lowpass   out     32 32.000     0.176    2.854    0.771         0.002          6.657        rulex                0.200     1.00
kimi  1001 final   lowpass   out     48 48.000     0.262    2.485    0.984         0.000         10.673        rulex                0.603     1.00
kimi  1001 final   lowpass   out     74 74.000     0.872    0.409    1.000         0.000         16.682        rulex               16.541     1.00
kimi  1001 final   lowpass  both      0  0.000     0.007    5.004    0.005         0.004          0.000      uniform                0.200     1.00
kimi  1001 final   lowpass  both      1  1.000     0.034    4.516    0.002         0.038         -0.689 gcm_circular                8.530     0.00
kimi  1001 final   lowpass  both      2  2.000     0.029    4.524    0.002         0.029         -0.695 gcm_circular                6.840     0.00
kimi  1001 final   lowpass  both      3  3.000     0.024    4.592    0.004         0.023         -0.637 gcm_circular                5.485     0.00
kimi  1001 final   lowpass  both      4  4.000     0.024    4.621    0.004         0.031         -0.581 gcm_circular                4.398     0.00
kimi  1001 final   lowpass  both      6  6.000     0.072    3.617    0.009         0.094         -6.734         rule                2.828     0.02
kimi  1001 final   lowpass  both      8  8.000     0.068    3.691    0.004         0.063         -6.219         rule                2.268     0.00
kimi  1001 final   lowpass  both     12 12.000     0.082    3.576    0.011         0.103         -6.236         rule                2.828     0.04
kimi  1001 final   lowpass  both     16 16.000     0.166    2.766    0.016         0.168         -9.489         rule                2.268     0.06
kimi  1001 final   lowpass  both     24 24.000     0.330    2.087    0.022         0.268         -9.206        rulex                3.527     0.06
kimi  1001 final   lowpass  both     32 32.000     0.353    2.008    0.038         0.240         -7.266        rulex                2.828     0.12
kimi  1001 final   lowpass  both     48 48.000     0.391    1.912    0.515         0.079          3.103        rulex                2.268     0.88
kimi  1001 final   lowpass  both     74 74.000     0.872    0.409    1.000         0.000         16.682        rulex               16.541     1.00
kimi  1001 final      etop    in      0  0.000     0.872    0.409    1.000         0.000         16.682        rulex               16.541     1.00
kimi  1001 final      etop    in      1  0.050     0.820    0.578    1.000         0.000         16.783        rulex               13.264     1.00
kimi  1001 final      etop    in      3  0.100     0.732    0.899    1.000         0.000         17.278        rulex               10.637     1.00
kimi  1001 final      etop    in      5  0.200     0.646    1.279    1.000         0.000         18.022        rulex                8.530     1.00
kimi  1001 final      etop    in      8  0.300     0.500    2.082    0.998         0.000         19.174        rulex                4.398     1.00
kimi  1001 final      etop    in     13  0.400     0.404    2.783    0.977         0.000         17.826        rulex                3.527     1.00
kimi  1001 final      etop    in     20  0.500     0.300    3.756    0.908         0.002         15.377        rulex                2.828     1.00
kimi  1001 final      etop    in     28  0.600     0.191    5.654    0.649         0.013         11.304        rulex                1.819     1.00
kimi  1001 final      etop    in     37  0.700     0.100    8.501    0.362         0.023          7.799        rulex                1.170     1.00
kimi  1001 final      etop    in     47  0.800     0.042   11.619    0.141         0.013          4.384        rulex                0.752     1.00
kimi  1001 final      etop    in     60  0.900     0.010   14.720    0.013         0.009          1.764  gcm_hamming                0.388     1.00
kimi  1001 final      etop    in     67  0.950     0.008   15.106    0.014         0.009          0.973  gcm_hamming                0.603     1.00
kimi  1001 final      etop    in     74  1.000     0.007   14.753    0.011         0.011          0.152      uniform                0.200     0.50
kimi  1001 final      etop   out      0  0.000     0.872    0.409    1.000         0.000         16.682        rulex               16.541     1.00
kimi  1001 final      etop   out      1  0.050     0.555    1.337    1.000         0.000         16.344        rulex                5.485     1.00
kimi  1001 final      etop   out      2  0.100     0.402    2.054    1.000         0.000         16.161        rulex                4.398     1.00
kimi  1001 final      etop   out      3  0.200     0.211    3.081    0.998         0.000         15.868        rulex                1.819     1.00
kimi  1001 final      etop   out      5  0.300     0.031    5.212    0.995         0.000         15.399  gcm_hamming                1.819     1.00
kimi  1001 final      etop   out      7  0.400     0.002    7.031    0.995         0.000         14.992  gcm_hamming                1.170     1.00
kimi  1001 final      etop   out     11  0.500     0.001    7.433    0.993         0.000         13.331  gcm_hamming                0.938     1.00
kimi  1001 final      etop   out     18  0.600     0.001    7.117    0.987         0.000         11.214  gcm_hamming                1.170     1.00
kimi  1001 final      etop   out     28  0.700     0.001    6.653    0.950         0.000          8.465  gcm_hamming                1.170     1.00
kimi  1001 final      etop   out     40  0.800     0.001    6.157    0.825         0.000          5.815  gcm_hamming                1.170     1.00
kimi  1001 final      etop   out     54  0.900     0.002    5.617    0.452         0.000          3.086  gcm_hamming                0.938     1.00
kimi  1001 final      etop   out     64  0.950     0.003    5.283    0.166         0.000          1.460  gcm_hamming                0.603     1.00
kimi  1001 final      etop   out     74  1.000     0.007    5.004    0.005         0.004          0.000      uniform                0.200     1.00
kimi  1001 final      etop  both      0  0.000     0.872    0.409    1.000         0.000         16.682        rulex               16.541     1.00
kimi  1001 final      etop  both      1  0.050     0.531    1.505    1.000         0.000         16.626        rulex                5.485     1.00
kimi  1001 final      etop  both      3  0.100     0.404    2.130    0.996         0.000         15.387        rulex                4.398     1.00
kimi  1001 final      etop  both      5  0.200     0.198    3.438    0.993         0.000         15.584        rulex                2.828     1.00
kimi  1001 final      etop  both      8  0.300     0.021    6.215    0.986         0.000         15.580  gcm_hamming                1.459     1.00
kimi  1001 final      etop  both     13  0.400     0.002    7.780    0.969         0.000         13.922  gcm_hamming                0.752     1.00
kimi  1001 final      etop  both     20  0.500     0.002    7.476    0.894         0.000         10.716  gcm_hamming                0.603     1.00
kimi  1001 final      etop  both     28  0.600     0.002    6.881    0.661         0.000          7.187  gcm_hamming                0.752     1.00
kimi  1001 final      etop  both     37  0.700     0.004    6.278    0.368         0.000          3.991  gcm_hamming                0.752     1.00
kimi  1001 final      etop  both     47  0.800     0.005    5.739    0.106         0.007          1.561  gcm_hamming                0.388     1.00
kimi  1001 final      etop  both     60  0.900     0.008    5.284    0.016         0.005          0.246  gcm_hamming                0.311     1.00
kimi  1001 final      etop  both     67  0.950     0.009    5.106    0.004         0.007          0.005      uniform                0.200     0.00
kimi  1001 final      etop  both     74  1.000     0.007    5.004    0.005         0.004          0.000      uniform                0.200     1.00
kimi  1001 final   ebottom    in      0  0.000     0.872    0.409    1.000         0.000         16.682        rulex               16.541     1.00
kimi  1001 final   ebottom    in      8  0.050     0.876    0.397    1.000         0.000         15.963        rulex               16.541     1.00
kimi  1001 final   ebottom    in     15  0.100     0.873    0.397    1.000         0.000         15.302        rulex               16.541     1.00
kimi  1001 final   ebottom    in     28  0.200     0.878    0.379    0.986         0.013         12.982        rulex               16.541     0.98
kimi  1001 final   ebottom    in     38  0.300     0.879    0.382    0.937         0.049         10.211        rulex               16.541     0.96
kimi  1001 final   ebottom    in     47  0.400     0.848    0.493    0.739         0.151          6.066        rulex               13.264     0.84
kimi  1001 final   ebottom    in     55  0.500     0.806    0.622    0.467         0.259          0.739        rulex               10.637     0.64
kimi  1001 final   ebottom    in     62  0.600     0.716    0.987    0.238         0.377         -4.356        rulex                8.530     0.38
kimi  1001 final   ebottom    in     67  0.700     0.671    1.140    0.040         0.512        -10.664        rulex                6.840     0.06
kimi  1001 final   ebottom    in     70  0.800     0.292    3.050    0.014         0.241        -12.029         rule                0.200     0.04
kimi  1001 final   ebottom    in     72  0.900     0.114    4.522    0.004         0.115        -10.595         rule                0.200     0.00
kimi  1001 final   ebottom    in     74  0.950     0.007   14.753    0.011         0.011          0.152      uniform                0.200     0.50
kimi  1001 final   ebottom    in     74  1.000     0.007   14.753    0.011         0.011          0.152      uniform                0.200     0.50
kimi  1001 final   ebottom   out      0  0.000     0.872    0.409    1.000         0.000         16.682        rulex               16.541     1.00
kimi  1001 final   ebottom   out     11  0.050     0.894    0.344    1.000         0.000         15.056        rulex               16.541     1.00
kimi  1001 final   ebottom   out     21  0.100     0.915    0.274    1.000         0.000         13.412        rulex               20.627     1.00
kimi  1001 final   ebottom   out     35  0.200     0.947    0.179    0.998         0.002         10.659        rulex               32.076     1.00
kimi  1001 final   ebottom   out     47  0.300     0.967    0.118    0.953         0.031          7.992        rulex               40.000     0.96
kimi  1001 final   ebottom   out     57  0.400     0.981    0.078    0.811         0.126          5.181        rulex               40.000     0.86
kimi  1001 final   ebottom   out     64  0.500     0.989    0.054    0.605         0.250          2.953        rulex               40.000     0.70
kimi  1001 final   ebottom   out     68  0.600     0.971    0.170    0.375         0.225          1.548        rulex               32.076     0.62
kimi  1001 final   ebottom   out     70  0.700     0.807    0.875    0.209         0.128          1.107        rulex                8.530     0.62
kimi  1001 final   ebottom   out     72  0.800     0.292    2.539    0.058         0.038          0.522        rulex                1.170     0.60
kimi  1001 final   ebottom   out     73  0.900     0.048    3.772    0.007         0.016          0.338         rule                0.200     0.24
kimi  1001 final   ebottom   out     74  0.950     0.007    5.004    0.005         0.004          0.000      uniform                0.200     1.00
kimi  1001 final   ebottom   out     74  1.000     0.007    5.004    0.005         0.004          0.000      uniform                0.200     1.00
kimi  1001 final   ebottom  both      0  0.000     0.872    0.409    1.000         0.000         16.682        rulex               16.541     1.00
kimi  1001 final   ebottom  both      8  0.050     0.895    0.334    1.000         0.000         14.357        rulex               20.627     1.00
kimi  1001 final   ebottom  both     15  0.100     0.916    0.265    0.996         0.004         12.129        rulex               20.627     1.00
kimi  1001 final   ebottom  both     28  0.200     0.948    0.171    0.910         0.065          7.453        rulex               32.076     0.94
kimi  1001 final   ebottom  both     38  0.300     0.961    0.128    0.613         0.268          2.860        rulex               32.076     0.70
kimi  1001 final   ebottom  both     47  0.400     0.955    0.159    0.265         0.548         -2.350        rulex               25.722     0.32
kimi  1001 final   ebottom  both     55  0.500     0.932    0.222    0.086         0.681         -7.262        rulex               20.627     0.12
kimi  1001 final   ebottom  both     62  0.600     0.774    0.751    0.027         0.566         -9.180        rulex                8.530     0.04
kimi  1001 final   ebottom  both     67  0.700     0.536    1.527    0.013         0.481         -9.963         rule                3.527     0.02
kimi  1001 final   ebottom  both     70  0.800     0.143    3.017    0.007         0.126         -7.770         rule                0.200     0.02
kimi  1001 final   ebottom  both     72  0.900     0.008    5.550    0.009         0.002          0.098      uniform                0.200     1.00
kimi  1001 final   ebottom  both     74  0.950     0.007    5.004    0.005         0.004          0.000      uniform                0.200     1.00
kimi  1001 final   ebottom  both     74  1.000     0.007    5.004    0.005         0.004          0.000      uniform                0.200     1.00
kimi  1001 final     erand    in      0  0.000     0.872    0.409    1.000         0.000         16.682        rulex               16.541     1.00
kimi  1001 final     erand    in      4  0.050     0.860    0.443    1.000         0.000         15.878        rulex               16.541     1.00
kimi  1001 final     erand    in      8  0.100     0.859    0.438    1.000         0.000         14.976        rulex               13.264     1.00
kimi  1001 final     erand    in     16  0.200     0.823    0.549    0.995         0.004         13.705        rulex               13.264     1.00
kimi  1001 final     erand    in     23  0.300     0.810    0.581    0.966         0.011         11.350        rulex               10.637     0.98
kimi  1001 final     erand    in     31  0.400     0.694    0.989    0.827         0.047          8.730        rulex                8.530     0.94
kimi  1001 final     erand    in     40  0.500     0.620    1.307    0.569         0.119          4.198        rulex                6.840     0.82
kimi  1001 final     erand    in     48  0.600     0.422    2.474    0.254         0.137         -1.000        rulex                3.527     0.66
kimi  1001 final     erand    in     52  0.700     0.229    4.065    0.146         0.099         -3.250        rulex                3.527     0.60
kimi  1001 final     erand    in     62  0.800     0.077    6.723    0.029         0.045         -6.097        rulex                0.484     0.38
kimi  1001 final     erand    in     66  0.900     0.025    9.590    0.014         0.027         -3.772         rule                0.200     0.24
kimi  1001 final     erand    in     69  0.950     0.007   14.899    0.004         0.007         -0.113  gcm_hamming                0.200     0.00
kimi  1001 final     erand    in     74  1.000     0.007   14.753    0.011         0.011          0.152      uniform                0.200     0.50
kimi  1001 final     erand    in      0  0.000     0.872    0.409    1.000         0.000         16.682        rulex               16.541     1.00
kimi  1001 final     erand    in      5  0.050     0.869    0.407    1.000         0.000         16.009        rulex               16.541     1.00
kimi  1001 final     erand    in      9  0.100     0.870    0.405    1.000         0.000         15.227        rulex               16.541     1.00
kimi  1001 final     erand    in     19  0.200     0.865    0.410    0.991         0.005         13.128        rulex               16.541     1.00
kimi  1001 final     erand    in     27  0.300     0.821    0.558    0.957         0.023         10.920        rulex               13.264     0.98
kimi  1001 final     erand    in     32  0.400     0.651    1.145    0.813         0.050          8.569        rulex                6.840     0.94
kimi  1001 final     erand    in     39  0.500     0.528    1.803    0.571         0.092          5.045        rulex                5.485     0.86
kimi  1001 final     erand    in     48  0.600     0.399    2.536    0.238         0.146         -1.023        rulex                4.398     0.62
kimi  1001 final     erand    in     56  0.700     0.298    3.188    0.081         0.166         -6.373        rulex                3.527     0.32
kimi  1001 final     erand    in     63  0.800     0.086    5.463    0.025         0.061         -7.849        rulex                0.200     0.26
kimi  1001 final     erand    in     68  0.900     0.033    8.052    0.014         0.029         -6.631         rule                0.200     0.26
kimi  1001 final     erand    in     70  0.950     0.009   14.461    0.011         0.009          0.466  gcm_hamming                0.200     1.00
kimi  1001 final     erand    in     74  1.000     0.007   14.753    0.011         0.011          0.152      uniform                0.200     0.50
kimi  1001 final     erand    in      0  0.000     0.872    0.409    1.000         0.000         16.682        rulex               16.541     1.00
kimi  1001 final     erand    in      7  0.050     0.875    0.401    1.000         0.000         15.876        rulex               16.541     1.00
kimi  1001 final     erand    in     11  0.100     0.814    0.589    0.998         0.000         15.102        rulex               13.264     1.00
kimi  1001 final     erand    in     16  0.200     0.795    0.657    0.987         0.004         14.082        rulex               10.637     1.00
kimi  1001 final     erand    in     22  0.300     0.732    0.872    0.957         0.007         12.479        rulex                8.530     1.00
kimi  1001 final     erand    in     30  0.400     0.605    1.353    0.850         0.031          9.808        rulex                4.398     0.96
kimi  1001 final     erand    in     40  0.500     0.524    1.777    0.643         0.061          5.964        rulex                3.527     0.92
kimi  1001 final     erand    in     49  0.600     0.384    2.546    0.279         0.142         -0.453        rulex                1.819     0.66
kimi  1001 final     erand    in     58  0.700     0.275    3.534    0.099         0.148         -4.859        rulex                1.170     0.40
kimi  1001 final     erand    in     67  0.800     0.166    4.230    0.022         0.132        -10.211        rulex                0.938     0.12
kimi  1001 final     erand    in     71  0.900     0.027    8.741    0.011         0.020         -5.829         rule                0.200     0.24
kimi  1001 final     erand    in     73  0.950     0.030    7.455    0.014         0.022         -7.382         rule                0.200     0.32
kimi  1001 final     erand    in     74  1.000     0.007   14.753    0.011         0.011          0.152      uniform                0.200     0.50
kimi  1001 final     erand   out      0  0.000     0.872    0.409    1.000         0.000         16.682        rulex               16.541     1.00
kimi  1001 final     erand   out      5  0.050     0.857    0.448    1.000         0.000         15.500        rulex               16.541     1.00
kimi  1001 final     erand   out     10  0.100     0.876    0.392    1.000         0.000         14.292        rulex               16.541     1.00
kimi  1001 final     erand   out     17  0.200     0.745    0.771    0.998         0.000         13.004        rulex                8.530     1.00
kimi  1001 final     erand   out     26  0.300     0.773    0.686    0.989         0.004         10.606        rulex               10.637     1.00
kimi  1001 final     erand   out     31  0.400     0.448    1.594    0.959         0.002          9.339        rulex                4.398     1.00
kimi  1001 final     erand   out     43  0.500     0.533    1.277    0.876         0.016          6.717        rulex                5.485     0.98
kimi  1001 final     erand   out     50  0.600     0.435    1.696    0.742         0.027          4.950        rulex                4.398     0.98
kimi  1001 final     erand   out     54  0.700     0.271    2.438    0.578         0.020          3.944        rulex                4.398     0.98
kimi  1001 final     erand   out     62  0.800     0.077    3.465    0.326         0.007          2.275        rulex                0.200     1.00
kimi  1001 final     erand   out     66  0.900     0.016    4.422    0.173         0.002          1.371  gcm_hamming                0.484     1.00
kimi  1001 final     erand   out     69  0.950     0.004    5.180    0.088         0.000          0.914  gcm_hamming                0.311     1.00
kimi  1001 final     erand   out     74  1.000     0.007    5.004    0.005         0.004          0.000      uniform                0.200     1.00
kimi  1001 final     erand   out      0  0.000     0.872    0.409    1.000         0.000         16.682        rulex               16.541     1.00
kimi  1001 final     erand   out      5  0.050     0.879    0.385    1.000         0.000         15.445        rulex               16.541     1.00
kimi  1001 final     erand   out     11  0.100     0.897    0.335    1.000         0.000         14.029        rulex               20.627     1.00
kimi  1001 final     erand   out     23  0.200     0.840    0.499    0.996         0.000         11.407        rulex               13.264     1.00
kimi  1001 final     erand   out     31  0.300     0.871    0.416    0.987         0.004          9.586        rulex               16.541     1.00
kimi  1001 final     erand   out     36  0.400     0.591    1.166    0.964         0.005          8.483        rulex                6.840     1.00
kimi  1001 final     erand   out     41  0.500     0.501    1.564    0.915         0.005          7.319        rulex                5.485     1.00
kimi  1001 final     erand   out     53  0.600     0.584    1.303    0.735         0.018          4.815        rulex                6.840     0.98
kimi  1001 final     erand   out     61  0.700     0.232    2.316    0.438         0.014          2.868        rulex                0.200     0.98
kimi  1001 final     erand   out     65  0.800     0.128    2.912    0.256         0.005          2.115        rulex                0.200     1.00
kimi  1001 final     erand   out     70  0.900     0.004    5.147    0.083         0.000          0.742  gcm_hamming                0.603     1.00
kimi  1001 final     erand   out     70  0.950     0.004    5.147    0.083         0.000          0.742  gcm_hamming                0.603     1.00
kimi  1001 final     erand   out     74  1.000     0.007    5.004    0.005         0.004          0.000      uniform                0.200     1.00
kimi  1001 final     erand   out      0  0.000     0.872    0.409    1.000         0.000         16.682        rulex               16.541     1.00
kimi  1001 final     erand   out      8  0.050     0.897    0.341    1.000         0.000         15.172        rulex               20.627     1.00
kimi  1001 final     erand   out     11  0.100     0.718    0.868    0.998         0.000         14.432        rulex                8.530     1.00
kimi  1001 final     erand   out     17  0.200     0.700    0.919    0.998         0.000         13.192        rulex                8.530     1.00
kimi  1001 final     erand   out     24  0.300     0.602    1.289    0.996         0.000         11.614        rulex                6.840     1.00
kimi  1001 final     erand   out     31  0.400     0.396    1.906    0.978         0.002          9.920        rulex                1.819     1.00
kimi  1001 final     erand   out     44  0.500     0.482    1.583    0.888         0.004          7.324        rulex                2.268     1.00
kimi  1001 final     erand   out     56  0.600     0.557    1.304    0.701         0.022          4.607        rulex                2.828     0.98
kimi  1001 final     erand   out     65  0.700     0.652    1.163    0.456         0.054          2.348        rulex                4.398     0.90
kimi  1001 final     erand   out     70  0.800     0.180    2.798    0.126         0.013          1.050        rulex                0.200     0.94
kimi  1001 final     erand   out     71  0.900     0.029    4.030    0.088         0.004          0.711        rulex                0.484     1.00
kimi  1001 final     erand   out     74  0.950     0.007    5.004    0.005         0.004          0.000      uniform                0.200     1.00
kimi  1001 final     erand   out     74  1.000     0.007    5.004    0.005         0.004          0.000      uniform                0.200     1.00
kimi  1001 final     erand  both      0  0.000     0.872    0.409    1.000         0.000         16.682        rulex               16.541     1.00
kimi  1001 final     erand  both      4  0.050     0.873    0.401    1.000         0.000         14.510        rulex               16.541     1.00
kimi  1001 final     erand  both      8  0.100     0.661    1.032    0.998         0.000         13.399        rulex                6.840     1.00
kimi  1001 final     erand  both     16  0.200     0.695    0.960    0.971         0.007         10.719        rulex                8.530     1.00
kimi  1001 final     erand  both     23  0.300     0.741    0.800    0.787         0.041          6.203        rulex                8.530     0.96
kimi  1001 final     erand  both     31  0.400     0.595    1.344    0.577         0.095          3.977        rulex                6.840     0.86
kimi  1001 final     erand  both     40  0.500     0.104    3.499    0.414         0.025          3.132        rulex                1.459     0.98
kimi  1001 final     erand  both     48  0.600     0.063    4.414    0.162         0.014          0.676        rulex                0.603     1.00
kimi  1001 final     erand  both     52  0.700     0.007    5.831    0.126         0.000          1.913  gcm_hamming                0.484     1.00
kimi  1001 final     erand  both     62  0.800     0.005    5.853    0.016         0.004          0.366  gcm_hamming                0.200     1.00
kimi  1001 final     erand  both     66  0.900     0.006    5.315    0.014         0.004          0.147      uniform                0.388     1.00
kimi  1001 final     erand  both     69  0.950     0.007    5.178    0.011         0.011         -0.002      uniform                0.200     0.50
kimi  1001 final     erand  both     74  1.000     0.007    5.004    0.005         0.004          0.000      uniform                0.200     1.00
kimi  1001 final     erand  both      0  0.000     0.872    0.409    1.000         0.000         16.682        rulex               16.541     1.00
kimi  1001 final     erand  both      5  0.050     0.776    0.694    1.000         0.000         15.063        rulex                8.530     1.00
kimi  1001 final     erand  both      9  0.100     0.601    1.265    1.000         0.000         13.997        rulex                5.485     1.00
kimi  1001 final     erand  both     19  0.200     0.636    1.120    0.966         0.004         10.794        rulex                5.485     1.00
kimi  1001 final     erand  both     27  0.300     0.277    2.536    0.843         0.011          8.752        rulex                3.527     1.00
kimi  1001 final     erand  both     32  0.400     0.115    3.631    0.686         0.016          6.342        rulex                2.828     1.00
kimi  1001 final     erand  both     39  0.500     0.013    5.688    0.623         0.000          6.083  gcm_hamming                1.459     1.00
kimi  1001 final     erand  both     48  0.600     0.011    5.807    0.326         0.002          3.640  gcm_hamming                0.938     1.00
kimi  1001 final     erand  both     56  0.700     0.006    6.026    0.115         0.000          2.006  gcm_hamming                0.311     1.00
kimi  1001 final     erand  both     63  0.800     0.007    5.416    0.032         0.004          0.552      uniform                0.200     1.00
kimi  1001 final     erand  both     68  0.900     0.007    5.258    0.011         0.007          0.177      uniform                0.388     1.00
kimi  1001 final     erand  both     70  0.950     0.008    5.172    0.011         0.007          0.038      uniform                0.200     1.00
kimi  1001 final     erand  both     74  1.000     0.007    5.004    0.005         0.004          0.000      uniform                0.200     1.00
kimi  1001 final     erand  both      0  0.000     0.872    0.409    1.000         0.000         16.682        rulex               16.541     1.00
kimi  1001 final     erand  both      7  0.050     0.754    0.774    1.000         0.000         14.556        rulex               10.637     1.00
kimi  1001 final     erand  both     11  0.100     0.669    1.068    0.995         0.000         14.043        rulex                8.530     1.00
kimi  1001 final     erand  both     16  0.200     0.255    2.808    0.973         0.002         12.807        rulex                1.459     1.00
kimi  1001 final     erand  both     22  0.300     0.234    3.005    0.910         0.002         10.495        rulex                1.819     1.00
kimi  1001 final     erand  both     30  0.400     0.134    3.527    0.715         0.007          6.997        rulex                1.170     1.00
kimi  1001 final     erand  both     40  0.500     0.145    3.364    0.402         0.027          2.938        rulex                1.459     0.96
kimi  1001 final     erand  both     49  0.600     0.093    3.721    0.130         0.027         -1.339        rulex                0.388     0.88
kimi  1001 final     erand  both     58  0.700     0.024    4.764    0.032         0.020         -1.962        rulex                0.603     0.72
kimi  1001 final     erand  both     67  0.800     0.007    5.522    0.016         0.004          0.470  gcm_hamming                0.311     1.00
kimi  1001 final     erand  both     71  0.900     0.006    5.485    0.004         0.005         -0.054      uniform                0.200     0.00
kimi  1001 final     erand  both     73  0.950     0.005    5.046    0.004         0.004          0.025  gcm_hamming                0.200     0.50
kimi  1001 final     erand  both     74  1.000     0.007    5.004    0.005         0.004          0.000      uniform                0.200     1.00
kimi  1001 final      topk    in     60  0.000     0.872    0.409    1.000         0.000         16.682        rulex               16.541     1.00
kimi  1001 final      topk    in     60  0.250     0.863    0.433    1.000         0.000         16.850        rulex               16.541     1.00
kimi  1001 final      topk    in     60  0.500     0.847    0.491    1.000         0.000         16.789        rulex               13.264     1.00
kimi  1001 final      topk    in     60  0.750     0.734    0.898    0.986         0.005         14.747        rulex                8.530     1.00
kimi  1001 final      topk    in     60  1.000     0.010   14.720    0.013         0.009          1.764  gcm_hamming                0.388     1.00
kimi  1001 final      topk   out     54  0.000     0.872    0.409    1.000         0.000         16.682        rulex               16.541     1.00
kimi  1001 final      topk   out     54  0.250     0.846    0.520    1.000         0.000         13.283        rulex               13.264     1.00
kimi  1001 final      topk   out     54  0.500     0.781    0.903    1.000         0.000          9.884        rulex               10.637     1.00
kimi  1001 final      topk   out     54  0.750     0.517    2.264    1.000         0.000          6.485        rulex                4.398     1.00
kimi  1001 final      topk   out     54  1.000     0.002    5.617    0.452         0.000          3.086  gcm_hamming                0.938     1.00
kimi  1001 final      topk  both     60  0.000     0.872    0.409    1.000         0.000         16.682        rulex               16.541     1.00
kimi  1001 final      topk  both     60  0.250     0.848    0.517    1.000         0.000         13.163        rulex               13.264     1.00
kimi  1001 final      topk  both     60  0.500     0.790    0.900    1.000         0.000          9.434        rulex               10.637     1.00
kimi  1001 final      topk  both     60  0.750     0.509    2.334    0.991         0.000          5.117        rulex                4.398     1.00
kimi  1001 final      topk  both     60  1.000     0.009    5.185    0.020         0.013          0.180      uniform                0.249     1.00
kimi  1001 final     randk    in     14  0.000     0.872    0.409    1.000         0.000         16.682        rulex               16.541     1.00
kimi  1001 final     randk    in     14  0.250     0.875    0.401    1.000         0.000         16.516        rulex               16.541     1.00
kimi  1001 final     randk    in     14  0.500     0.877    0.397    1.000         0.000         16.266        rulex               16.541     1.00
kimi  1001 final     randk    in     14  0.750     0.876    0.395    1.000         0.000         15.914        rulex               16.541     1.00
kimi  1001 final     randk    in     14  1.000     0.872    0.397    1.000         0.000         15.441        rulex               16.541     1.00
kimi  1001 final     randk    in     14  0.000     0.872    0.409    1.000         0.000         16.682        rulex               16.541     1.00
kimi  1001 final     randk    in     14  0.250     0.875    0.401    1.000         0.000         16.516        rulex               16.541     1.00
kimi  1001 final     randk    in     14  0.500     0.877    0.397    1.000         0.000         16.266        rulex               16.541     1.00
kimi  1001 final     randk    in     14  0.750     0.876    0.395    1.000         0.000         15.914        rulex               16.541     1.00
kimi  1001 final     randk    in     14  1.000     0.872    0.397    1.000         0.000         15.441        rulex               16.541     1.00
kimi  1001 final     randk    in     14  0.000     0.872    0.409    1.000         0.000         16.682        rulex               16.541     1.00
kimi  1001 final     randk    in     14  0.250     0.875    0.401    1.000         0.000         16.516        rulex               16.541     1.00
kimi  1001 final     randk    in     14  0.500     0.877    0.397    1.000         0.000         16.266        rulex               16.541     1.00
kimi  1001 final     randk    in     14  0.750     0.876    0.395    1.000         0.000         15.914        rulex               16.541     1.00
kimi  1001 final     randk    in     14  1.000     0.872    0.397    1.000         0.000         15.441        rulex               16.541     1.00
kimi  1001 final     randk   out     20  0.000     0.872    0.409    1.000         0.000         16.682        rulex               16.541     1.00
kimi  1001 final     randk   out     20  0.250     0.885    0.362    1.000         0.000         15.911        rulex               16.541     1.00
kimi  1001 final     randk   out     20  0.500     0.897    0.326    1.000         0.000         15.139        rulex               20.627     1.00
kimi  1001 final     randk   out     20  0.750     0.905    0.299    1.000         0.000         14.367        rulex               20.627     1.00
kimi  1001 final     randk   out     20  1.000     0.912    0.280    1.000         0.000         13.596        rulex               20.627     1.00
kimi  1001 final     randk   out     20  0.000     0.872    0.409    1.000         0.000         16.682        rulex               16.541     1.00
kimi  1001 final     randk   out     20  0.250     0.885    0.362    1.000         0.000         15.911        rulex               16.541     1.00
kimi  1001 final     randk   out     20  0.500     0.897    0.326    1.000         0.000         15.139        rulex               20.627     1.00
kimi  1001 final     randk   out     20  0.750     0.905    0.299    1.000         0.000         14.367        rulex               20.627     1.00
kimi  1001 final     randk   out     20  1.000     0.912    0.280    1.000         0.000         13.596        rulex               20.627     1.00
kimi  1001 final     randk   out     20  0.000     0.872    0.409    1.000         0.000         16.682        rulex               16.541     1.00
kimi  1001 final     randk   out     20  0.250     0.885    0.362    1.000         0.000         15.911        rulex               16.541     1.00
kimi  1001 final     randk   out     20  0.500     0.897    0.326    1.000         0.000         15.139        rulex               20.627     1.00
kimi  1001 final     randk   out     20  0.750     0.905    0.299    1.000         0.000         14.367        rulex               20.627     1.00
kimi  1001 final     randk   out     20  1.000     0.912    0.280    1.000         0.000         13.596        rulex               20.627     1.00
kimi  1001 final     randk  both     14  0.000     0.872    0.409    1.000         0.000         16.682        rulex               16.541     1.00
kimi  1001 final     randk  both     14  0.250     0.883    0.372    1.000         0.000         15.992        rulex               16.541     1.00
kimi  1001 final     randk  both     14  0.500     0.891    0.344    1.000         0.000         15.222        rulex               16.541     1.00
kimi  1001 final     randk  both     14  0.750     0.897    0.325    1.000         0.000         14.360        rulex               20.627     1.00
kimi  1001 final     randk  both     14  1.000     0.900    0.314    0.998         0.002         13.392        rulex               20.627     1.00
kimi  1001 final     randk  both     14  0.000     0.872    0.409    1.000         0.000         16.682        rulex               16.541     1.00
kimi  1001 final     randk  both     14  0.250     0.883    0.372    1.000         0.000         15.992        rulex               16.541     1.00
kimi  1001 final     randk  both     14  0.500     0.891    0.344    1.000         0.000         15.222        rulex               16.541     1.00
kimi  1001 final     randk  both     14  0.750     0.897    0.325    1.000         0.000         14.360        rulex               20.627     1.00
kimi  1001 final     randk  both     14  1.000     0.900    0.314    0.998         0.002         13.392        rulex               20.627     1.00
kimi  1001 final     randk  both     14  0.000     0.872    0.409    1.000         0.000         16.682        rulex               16.541     1.00
kimi  1001 final     randk  both     14  0.250     0.883    0.372    1.000         0.000         15.992        rulex               16.541     1.00
kimi  1001 final     randk  both     14  0.500     0.891    0.344    1.000         0.000         15.222        rulex               16.541     1.00
kimi  1001 final     randk  both     14  0.750     0.897    0.325    1.000         0.000         14.360        rulex               20.627     1.00
kimi  1001 final     randk  both     14  1.000     0.900    0.314    0.998         0.002         13.392        rulex               20.627     1.00
kimi  1001 final  residual    in     14  0.000     0.872    0.409    1.000         0.000         16.682        rulex               16.541     1.00
kimi  1001 final  residual    in     14  0.250     0.875    0.401    1.000         0.000         16.516        rulex               16.541     1.00
kimi  1001 final  residual    in     14  0.500     0.877    0.397    1.000         0.000         16.266        rulex               16.541     1.00
kimi  1001 final  residual    in     14  0.750     0.876    0.395    1.000         0.000         15.914        rulex               16.541     1.00
kimi  1001 final  residual    in     14  1.000     0.872    0.397    1.000         0.000         15.441        rulex               16.541     1.00
kimi  1001 final  residual   out     20  0.000     0.872    0.409    1.000         0.000         16.682        rulex               16.541     1.00
kimi  1001 final  residual   out     20  0.250     0.885    0.362    1.000         0.000         15.911        rulex               16.541     1.00
kimi  1001 final  residual   out     20  0.500     0.897    0.326    1.000         0.000         15.139        rulex               20.627     1.00
kimi  1001 final  residual   out     20  0.750     0.905    0.299    1.000         0.000         14.367        rulex               20.627     1.00
kimi  1001 final  residual   out     20  1.000     0.912    0.280    1.000         0.000         13.596        rulex               20.627     1.00
kimi  1001 final  residual  both     14  0.000     0.872    0.409    1.000         0.000         16.682        rulex               16.541     1.00
kimi  1001 final  residual  both     14  0.250     0.883    0.372    1.000         0.000         15.992        rulex               16.541     1.00
kimi  1001 final  residual  both     14  0.500     0.891    0.344    1.000         0.000         15.222        rulex               16.541     1.00
kimi  1001 final  residual  both     14  0.750     0.897    0.325    1.000         0.000         14.360        rulex               20.627     1.00
kimi  1001 final  residual  both     14  1.000     0.900    0.314    0.998         0.002         13.392        rulex               20.627     1.00
kimi  1001 final   neurons units      0  0.000     0.872    0.409    1.000         0.000         16.682        rulex               16.541     1.00
kimi  1001 final   neurons units      1  0.001     0.872    0.408    1.000         0.000         16.655        rulex               16.541     1.00
kimi  1001 final   neurons units      2  0.001     0.872    0.408    1.000         0.000         16.624        rulex               16.541     1.00
kimi  1001 final   neurons units      4  0.002     0.872    0.407    1.000         0.000         16.573        rulex               16.541     1.00
kimi  1001 final   neurons units      8  0.004     0.873    0.405    1.000         0.000         16.479        rulex               16.541     1.00
kimi  1001 final   neurons units     16  0.008     0.874    0.402    1.000         0.000         16.287        rulex               16.541     1.00
kimi  1001 final   neurons units     32  0.017     0.875    0.395    1.000         0.000         15.968        rulex               16.541     1.00
kimi  1001 final   neurons units     64  0.033     0.878    0.385    1.000         0.000         15.400        rulex               16.541     1.00
kimi  1001 final   neurons units    128  0.067     0.884    0.368    1.000         0.000         14.307        rulex               16.541     1.00
kimi  1001 final   neurons units    256  0.133     0.888    0.356    0.995         0.004         12.417        rulex               16.541     1.00
kimi  1001 final   neurons units    512  0.267     0.895    0.339    0.975         0.018          9.112        rulex               16.541     0.98
kimi  1001 final randunits units      0  0.000     0.872    0.409    1.000         0.000         16.682        rulex               16.541     1.00
kimi  1001 final randunits units      1  0.001     0.872    0.408    1.000         0.000         16.671        rulex               16.541     1.00
kimi  1001 final randunits units      2  0.001     0.872    0.409    1.000         0.000         16.670        rulex               16.541     1.00
kimi  1001 final randunits units      4  0.002     0.872    0.409    1.000         0.000         16.647        rulex               16.541     1.00
kimi  1001 final randunits units      8  0.004     0.868    0.422    1.000         0.000         16.733        rulex               16.541     1.00
kimi  1001 final randunits units     16  0.008     0.868    0.420    1.000         0.000         16.625        rulex               16.541     1.00
kimi  1001 final randunits units     32  0.017     0.870    0.411    1.000         0.000         16.513        rulex               16.541     1.00
kimi  1001 final randunits units     64  0.033     0.859    0.446    1.000         0.000         16.490        rulex               16.541     1.00
kimi  1001 final randunits units    128  0.067     0.849    0.480    1.000         0.000         16.356        rulex               13.264     1.00
kimi  1001 final randunits units    256  0.133     0.835    0.521    1.000         0.000         15.873        rulex               13.264     1.00
kimi  1001 final randunits units    512  0.267     0.792    0.668    1.000         0.000         14.532        rulex               10.637     1.00
kimi  1001 final randunits units      0  0.000     0.872    0.409    1.000         0.000         16.682        rulex               16.541     1.00
kimi  1001 final randunits units      1  0.001     0.873    0.408    1.000         0.000         16.664        rulex               16.541     1.00
kimi  1001 final randunits units      2  0.001     0.872    0.407    1.000         0.000         16.665        rulex               16.541     1.00
kimi  1001 final randunits units      4  0.002     0.872    0.413    1.000         0.000         16.686        rulex               16.541     1.00
kimi  1001 final randunits units      8  0.004     0.868    0.421    1.000         0.000         16.707        rulex               16.541     1.00
kimi  1001 final randunits units     16  0.008     0.874    0.408    1.000         0.000         16.606        rulex               16.541     1.00
kimi  1001 final randunits units     32  0.017     0.869    0.415    1.000         0.000         16.530        rulex               16.541     1.00
kimi  1001 final randunits units     64  0.033     0.867    0.424    1.000         0.000         16.364        rulex               16.541     1.00
kimi  1001 final randunits units    128  0.067     0.848    0.486    1.000         0.000         16.375        rulex               13.264     1.00
kimi  1001 final randunits units    256  0.133     0.820    0.566    1.000         0.000         16.079        rulex               13.264     1.00
kimi  1001 final randunits units    512  0.267     0.721    0.916    1.000         0.000         15.261        rulex                8.530     1.00
kimi  1001 final randunits units      0  0.000     0.872    0.409    1.000         0.000         16.682        rulex               16.541     1.00
kimi  1001 final randunits units      1  0.001     0.872    0.409    1.000         0.000         16.684        rulex               16.541     1.00
kimi  1001 final randunits units      2  0.001     0.871    0.409    1.000         0.000         16.680        rulex               16.541     1.00
kimi  1001 final randunits units      4  0.002     0.870    0.412    1.000         0.000         16.665        rulex               16.541     1.00
kimi  1001 final randunits units      8  0.004     0.872    0.408    1.000         0.000         16.640        rulex               16.541     1.00
kimi  1001 final randunits units     16  0.008     0.869    0.415    1.000         0.000         16.616        rulex               16.541     1.00
kimi  1001 final randunits units     32  0.017     0.866    0.431    1.000         0.000         16.596        rulex               16.541     1.00
kimi  1001 final randunits units     64  0.033     0.858    0.448    1.000         0.000         16.561        rulex               16.541     1.00
kimi  1001 final randunits units    128  0.067     0.865    0.427    1.000         0.000         16.082        rulex               16.541     1.00
kimi  1001 final randunits units    256  0.133     0.831    0.537    1.000         0.000         15.848        rulex               13.264     1.00
kimi  1001 final randunits units    512  0.267     0.738    0.847    0.996         0.004         14.963        rulex                8.530     1.00
kimi  1002 final      none     -      0  0.000     0.946    0.185    1.000         0.000         16.694        rulex               32.076     1.00
kimi  1002 final   lowpass    in      0  0.000     0.006   15.796    0.011         0.009          0.623 gcm_circular                0.249     1.00
kimi  1002 final   lowpass    in      1  1.000     0.007   15.060    0.005         0.009          0.022   gcm_linear                1.170     0.00
kimi  1002 final   lowpass    in      2  2.000     0.008   15.167    0.014         0.009         -0.469   gcm_linear                1.819     1.00
kimi  1002 final   lowpass    in      3  3.000     0.008   15.474    0.011         0.009         -0.361   gcm_linear                0.938     1.00
kimi  1002 final   lowpass    in      4  4.000     0.007   15.557    0.007         0.013         -0.135   gcm_linear                1.170     0.00
kimi  1002 final   lowpass    in      6  6.000     0.009   15.361    0.007         0.005          0.310   gcm_linear                0.938     1.00
kimi  1002 final   lowpass    in      8  8.000     0.009   15.144    0.014         0.007          0.601   gcm_linear                0.938     1.00
kimi  1002 final   lowpass    in     12 12.000     0.010   14.590    0.027         0.007          1.079  gcm_hamming                0.938     1.00
kimi  1002 final   lowpass    in     16 16.000     0.018   13.275    0.023         0.014          1.004  gcm_hamming                1.170     0.72
kimi  1002 final   lowpass    in     24 24.000     0.039   10.962    0.101         0.020          2.689        rulex                1.459     0.96
kimi  1002 final   lowpass    in     32 32.000     0.117    6.804    0.279         0.014          4.367        rulex                1.819     1.00
kimi  1002 final   lowpass    in     48 48.000     0.760    0.844    0.910         0.005         11.804        rulex                8.530     1.00
kimi  1002 final   lowpass    in     74 74.000     0.946    0.185    1.000         0.000         16.694        rulex               32.076     1.00
kimi  1002 final   lowpass   out      0  0.000     0.007    5.004    0.004         0.004          0.000      uniform                0.200     0.50
kimi  1002 final   lowpass   out      1  1.000     0.005    5.041    0.013         0.004          0.183      uniform                0.200     1.00
kimi  1002 final   lowpass   out      2  2.000     0.005    5.081    0.014         0.004          0.439  gcm_hamming                0.200     1.00
kimi  1002 final   lowpass   out      3  3.000     0.005    5.109    0.034         0.002          0.612  gcm_hamming                0.200     1.00
kimi  1002 final   lowpass   out      4  4.000     0.004    5.137    0.047         0.002          0.785  gcm_hamming                0.200     1.00
kimi  1002 final   lowpass   out      6  6.000     0.004    5.190    0.050         0.002          1.113  gcm_hamming                0.200     1.00
kimi  1002 final   lowpass   out      8  8.000     0.004    5.260    0.101         0.002          1.455  gcm_hamming                0.200     1.00
kimi  1002 final   lowpass   out     12 12.000     0.004    5.410    0.216         0.002          2.463  gcm_hamming                0.388     1.00
kimi  1002 final   lowpass   out     16 16.000     0.006    5.312    0.306         0.000          3.371  gcm_hamming                0.388     1.00
kimi  1002 final   lowpass   out     24 24.000     0.010    5.228    0.589         0.000          5.088  gcm_hamming                0.311     1.00
kimi  1002 final   lowpass   out     32 32.000     0.036    4.338    0.800         0.000          6.968  gcm_hamming                0.249     1.00
kimi  1002 final   lowpass   out     48 48.000     0.499    1.590    0.978         0.000         10.259        rulex                3.527     1.00
kimi  1002 final   lowpass   out     74 74.000     0.946    0.185    1.000         0.000         16.694        rulex               32.076     1.00
kimi  1002 final   lowpass  both      0  0.000     0.007    5.004    0.004         0.004          0.000      uniform                0.200     0.50
kimi  1002 final   lowpass  both      1  1.000     0.013    4.916    0.007         0.005         -0.113 gcm_circular                3.527     1.00
kimi  1002 final   lowpass  both      2  2.000     0.012    4.886    0.007         0.020         -0.163 gcm_circular                2.268     0.00
kimi  1002 final   lowpass  both      3  3.000     0.016    4.860    0.007         0.018         -0.201   gcm_linear                2.268     0.12
kimi  1002 final   lowpass  both      4  4.000     0.013    4.951    0.011         0.007         -0.124 gcm_circular                1.819     1.00
kimi  1002 final   lowpass  both      6  6.000     0.012    4.958    0.005         0.023         -0.178   gcm_linear                2.268     0.00
kimi  1002 final   lowpass  both      8  8.000     0.015    4.971    0.013         0.005         -0.144 gcm_circular                1.819     0.86
kimi  1002 final   lowpass  both     12 12.000     0.016    4.962    0.011         0.025         -0.215         rule                1.459     0.14
kimi  1002 final   lowpass  both     16 16.000     0.032    4.691    0.018         0.032         -1.020         rule                1.170     0.30
kimi  1002 final   lowpass  both     24 24.000     0.050    4.528    0.043         0.029         -1.367        rulex                0.752     0.62
kimi  1002 final   lowpass  both     32 32.000     0.108    3.778    0.095         0.049         -2.618        rulex                0.938     0.68
kimi  1002 final   lowpass  both     48 48.000     0.603    1.205    0.571         0.058          4.368        rulex                4.398     0.92
kimi  1002 final   lowpass  both     74 74.000     0.946    0.185    1.000         0.000         16.694        rulex               32.076     1.00
kimi  1002 final      etop    in      0  0.000     0.946    0.185    1.000         0.000         16.694        rulex               32.076     1.00
kimi  1002 final      etop    in      1  0.050     0.903    0.300    1.000         0.000         16.919        rulex               20.627     1.00
kimi  1002 final      etop    in      2  0.100     0.860    0.454    0.996         0.002         16.999        rulex               16.541     1.00
kimi  1002 final      etop    in      4  0.200     0.736    0.902    0.995         0.000         17.385        rulex               10.637     1.00
kimi  1002 final      etop    in      6  0.300     0.663    1.294    0.995         0.000         18.766        rulex                6.840     1.00
kimi  1002 final      etop    in      9  0.400     0.494    2.254    0.991         0.000         19.971        rulex                4.398     1.00
kimi  1002 final      etop    in     16  0.500     0.344    3.608    0.950         0.000         18.452        rulex                3.527     1.00
kimi  1002 final      etop    in     26  0.600     0.197    6.062    0.744         0.000         14.519        rulex                2.268     1.00
kimi  1002 final      etop    in     36  0.700     0.080    9.629    0.425         0.007          9.923        rulex                1.459     1.00
kimi  1002 final      etop    in     47  0.800     0.025   13.054    0.115         0.007          4.372  gcm_hamming                0.752     1.00
kimi  1002 final      etop    in     60  0.900     0.008   15.192    0.027         0.004          1.745  gcm_hamming                0.200     1.00
kimi  1002 final      etop    in     67  0.950     0.008   15.512    0.007         0.009          0.698  gcm_hamming                0.200     0.00
kimi  1002 final      etop    in     74  1.000     0.006   15.796    0.011         0.009          0.623 gcm_circular                0.249     1.00
kimi  1002 final      etop   out      0  0.000     0.946    0.185    1.000         0.000         16.694        rulex               32.076     1.00
kimi  1002 final      etop   out      1  0.050     0.797    0.652    1.000         0.000         16.450        rulex               10.637     1.00
kimi  1002 final      etop   out      2  0.100     0.548    1.477    0.998         0.000         16.213        rulex                5.485     1.00
kimi  1002 final      etop   out      3  0.200     0.279    2.554    0.998         0.000         15.838        rulex                5.485     1.00
kimi  1002 final      etop   out      5  0.300     0.067    4.345    0.991         0.000         15.013  gcm_hamming                2.268     1.00
kimi  1002 final      etop   out      6  0.400     0.021    5.338    1.000         0.000         14.633  gcm_hamming                2.268     1.00
kimi  1002 final      etop   out      9  0.500     0.002    6.668    0.993         0.000         13.339  gcm_hamming                0.752     1.00
kimi  1002 final      etop   out     13  0.600     0.001    7.037    0.991         0.000         11.833  gcm_hamming                0.938     1.00
kimi  1002 final      etop   out     24  0.700     0.001    6.586    0.955         0.000          9.130  gcm_hamming                0.752     1.00
kimi  1002 final      etop   out     38  0.800     0.002    6.075    0.865         0.000          6.208  gcm_hamming                0.603     1.00
kimi  1002 final      etop   out     54  0.900     0.002    5.552    0.528         0.000          3.285  gcm_hamming                0.752     1.00
kimi  1002 final      etop   out     64  0.950     0.002    5.254    0.214         0.000          1.519  gcm_hamming                0.603     1.00
kimi  1002 final      etop   out     74  1.000     0.007    5.004    0.004         0.004          0.000      uniform                0.200     0.50
kimi  1002 final      etop  both      0  0.000     0.946    0.185    1.000         0.000         16.694        rulex               32.076     1.00
kimi  1002 final      etop  both      1  0.050     0.825    0.551    1.000         0.000         15.693        rulex               13.264     1.00
kimi  1002 final      etop  both      2  0.100     0.622    1.212    0.993         0.000         14.689        rulex                6.840     1.00
kimi  1002 final      etop  both      4  0.200     0.266    2.722    0.971         0.000         14.092        rulex                6.840     1.00
kimi  1002 final      etop  both      6  0.300     0.091    4.384    0.957         0.000         13.705  gcm_hamming                1.819     1.00
kimi  1002 final      etop  both      9  0.400     0.017    6.376    0.984         0.000         14.315  gcm_hamming                1.459     1.00
kimi  1002 final      etop  both     16  0.500     0.002    7.234    0.939         0.000         11.952  gcm_hamming                0.938     1.00
kimi  1002 final      etop  both     26  0.600     0.002    6.991    0.737         0.000          8.474  gcm_hamming                0.938     1.00
kimi  1002 final      etop  both     36  0.700     0.004    6.302    0.404         0.000          4.627  gcm_hamming                0.938     1.00
kimi  1002 final      etop  both     47  0.800     0.005    5.744    0.114         0.002          1.548  gcm_hamming                0.603     1.00
kimi  1002 final      etop  both     60  0.900     0.008    5.319    0.018         0.009          0.261  gcm_hamming                0.311     1.00
kimi  1002 final      etop  both     67  0.950     0.008    5.110    0.016         0.005          0.035      uniform                0.200     1.00
kimi  1002 final      etop  both     74  1.000     0.007    5.004    0.004         0.004          0.000      uniform                0.200     0.50
kimi  1002 final   ebottom    in      0  0.000     0.946    0.185    1.000         0.000         16.694        rulex               32.076     1.00
kimi  1002 final   ebottom    in      8  0.050     0.946    0.179    1.000         0.000         16.103        rulex               32.076     1.00
kimi  1002 final   ebottom    in     15  0.100     0.950    0.173    0.998         0.002         15.335        rulex               32.076     1.00
kimi  1002 final   ebottom    in     28  0.200     0.950    0.165    0.987         0.004         12.964        rulex               32.076     1.00
kimi  1002 final   ebottom    in     39  0.300     0.948    0.171    0.906         0.056          9.339        rulex               25.722     0.94
kimi  1002 final   ebottom    in     49  0.400     0.930    0.219    0.690         0.195          4.645        rulex               20.627     0.78
kimi  1002 final   ebottom    in     59  0.500     0.889    0.355    0.323         0.432         -1.852        rulex               16.541     0.42
kimi  1002 final   ebottom    in     66  0.600     0.828    0.552    0.076         0.614         -9.902        rulex               10.637     0.10
kimi  1002 final   ebottom    in     69  0.700     0.619    1.304    0.023         0.456        -12.423        rulex                4.398     0.04
kimi  1002 final   ebottom    in     71  0.800     0.350    2.389    0.005         0.259        -13.764         rule                1.819     0.00
kimi  1002 final   ebottom    in     73  0.900     0.049    5.128    0.004         0.045        -10.817         rule                0.200     0.00
kimi  1002 final   ebottom    in     74  0.950     0.006   15.796    0.011         0.009          0.623 gcm_circular                0.249     1.00
kimi  1002 final   ebottom    in     74  1.000     0.006   15.796    0.011         0.009          0.623 gcm_circular                0.249     1.00
kimi  1002 final   ebottom   out      0  0.000     0.946    0.185    1.000         0.000         16.694        rulex               32.076     1.00
kimi  1002 final   ebottom   out     11  0.050     0.954    0.153    1.000         0.000         14.984        rulex               32.076     1.00
kimi  1002 final   ebottom   out     21  0.100     0.964    0.119    0.998         0.000         13.207        rulex               40.000     1.00
kimi  1002 final   ebottom   out     37  0.200     0.978    0.078    0.978         0.016         10.323        rulex               40.000     0.98
kimi  1002 final   ebottom   out     51  0.300     0.987    0.050    0.924         0.050          7.308        rulex               40.000     0.94
kimi  1002 final   ebottom   out     62  0.400     0.993    0.032    0.750         0.173          4.502        rulex               40.000     0.82
kimi  1002 final   ebottom   out     66  0.500     0.991    0.042    0.587         0.222          2.940        rulex               40.000     0.72
kimi  1002 final   ebottom   out     69  0.600     0.961    0.239    0.366         0.164          1.681        rulex               25.722     0.70
kimi  1002 final   ebottom   out     70  0.700     0.881    0.599    0.220         0.130          1.284        rulex               10.637     0.62
kimi  1002 final   ebottom   out     72  0.800     0.351    2.292    0.047         0.036          0.480        rulex                1.459     0.56
kimi  1002 final   ebottom   out     73  0.900     0.058    3.584    0.013         0.020          0.243        rulex                0.200     0.36
kimi  1002 final   ebottom   out     74  0.950     0.007    5.004    0.004         0.004          0.000      uniform                0.200     0.50
kimi  1002 final   ebottom   out     74  1.000     0.007    5.004    0.004         0.004          0.000      uniform                0.200     0.50
kimi  1002 final   ebottom  both      0  0.000     0.946    0.185    1.000         0.000         16.694        rulex               32.076     1.00
kimi  1002 final   ebottom  both      8  0.050     0.955    0.149    0.996         0.002         14.412        rulex               32.076     1.00
kimi  1002 final   ebottom  both     15  0.100     0.966    0.112    0.987         0.009         11.950        rulex               40.000     0.98
kimi  1002 final   ebottom  both     28  0.200     0.980    0.073    0.895         0.086          7.091        rulex               40.000     0.92
kimi  1002 final   ebottom  both     39  0.300     0.985    0.056    0.508         0.366          1.481        rulex               40.000     0.58
kimi  1002 final   ebottom  both     49  0.400     0.981    0.068    0.175         0.649         -4.180        rulex               40.000     0.22
kimi  1002 final   ebottom  both     59  0.500     0.944    0.184    0.041         0.744         -8.788        rulex               20.627     0.06
kimi  1002 final   ebottom  both     66  0.600     0.842    0.535    0.011         0.744        -12.295        rulex               10.637     0.02
kimi  1002 final   ebottom  both     69  0.700     0.658    1.042    0.004         0.611        -13.785         rule                4.398     0.00
kimi  1002 final   ebottom  both     71  0.800     0.320    2.020    0.005         0.301        -12.235         rule                1.170     0.00
kimi  1002 final   ebottom  both     73  0.900     0.071    3.102    0.005         0.081        -11.648         rule                0.200     0.00
kimi  1002 final   ebottom  both     74  0.950     0.007    5.004    0.004         0.004          0.000      uniform                0.200     0.50
kimi  1002 final   ebottom  both     74  1.000     0.007    5.004    0.004         0.004          0.000      uniform                0.200     0.50
kimi  1002 final     erand    in      0  0.000     0.946    0.185    1.000         0.000         16.694        rulex               32.076     1.00
kimi  1002 final     erand    in      4  0.050     0.940    0.197    1.000         0.000         16.099        rulex               25.722     1.00
kimi  1002 final     erand    in      9  0.100     0.943    0.191    0.996         0.002         15.459        rulex               25.722     1.00
kimi  1002 final     erand    in     20  0.200     0.939    0.201    0.991         0.005         13.567        rulex               25.722     0.98
kimi  1002 final     erand    in     27  0.300     0.919    0.257    0.946         0.022         11.592        rulex               20.627     0.98
kimi  1002 final     erand    in     39  0.400     0.885    0.364    0.771         0.092          6.784        rulex               16.541     0.90
kimi  1002 final     erand    in     48  0.500     0.717    0.974    0.422         0.173          0.822        rulex                8.530     0.72
kimi  1002 final     erand    in     52  0.600     0.552    1.700    0.232         0.171         -2.547        rulex                4.398     0.58
kimi  1002 final     erand    in     57  0.700     0.250    3.467    0.114         0.105         -5.611        rulex                3.527     0.52
kimi  1002 final     erand    in     64  0.800     0.120    4.655    0.020         0.070         -9.577        rulex                1.459     0.20
kimi  1002 final     erand    in     71  0.900     0.052    5.160    0.011         0.034        -10.267         rule                0.200     0.18
kimi  1002 final     erand    in     73  0.950     0.009   15.783    0.000         0.005          0.198  gcm_hamming                0.200     0.00
kimi  1002 final     erand    in     74  1.000     0.006   15.796    0.011         0.009          0.623 gcm_circular                0.249     1.00
kimi  1002 final     erand    in      0  0.000     0.946    0.185    1.000         0.000         16.694        rulex               32.076     1.00
kimi  1002 final     erand    in      6  0.050     0.947    0.180    1.000         0.000         16.102        rulex               32.076     1.00
kimi  1002 final     erand    in      9  0.100     0.936    0.213    0.996         0.002         15.329        rulex               25.722     1.00
kimi  1002 final     erand    in     14  0.200     0.906    0.316    0.993         0.002         14.243        rulex               20.627     1.00
kimi  1002 final     erand    in     21  0.300     0.844    0.509    0.951         0.016         11.976        rulex               16.541     0.98
kimi  1002 final     erand    in     28  0.400     0.643    1.293    0.796         0.036          9.436        rulex                5.485     0.96
kimi  1002 final     erand    in     35  0.500     0.578    1.586    0.607         0.061          6.390        rulex                5.485     0.92
kimi  1002 final     erand    in     43  0.600     0.368    2.853    0.348         0.067          2.344        rulex                3.527     0.84
kimi  1002 final     erand    in     51  0.700     0.148    4.718    0.139         0.063         -3.348        rulex                1.170     0.70
kimi  1002 final     erand    in     62  0.800     0.103    4.891    0.029         0.083         -8.837        rulex                0.200     0.22
kimi  1002 final     erand    in     67  0.900     0.025    8.310    0.018         0.014         -5.445         rule                0.200     0.60
kimi  1002 final     erand    in     69  0.950     0.009   14.776    0.018         0.005          0.242         rule                0.200     1.00
kimi  1002 final     erand    in     74  1.000     0.006   15.796    0.011         0.009          0.623 gcm_circular                0.249     1.00
kimi  1002 final     erand    in      0  0.000     0.946    0.185    1.000         0.000         16.694        rulex               32.076     1.00
kimi  1002 final     erand    in      6  0.050     0.949    0.178    1.000         0.000         15.927        rulex               32.076     1.00
kimi  1002 final     erand    in     11  0.100     0.951    0.169    0.996         0.002         15.037        rulex               32.076     1.00
kimi  1002 final     erand    in     20  0.200     0.944    0.184    0.991         0.005         13.419        rulex               25.722     0.98
kimi  1002 final     erand    in     28  0.300     0.930    0.229    0.937         0.031         10.174        rulex               20.627     0.96
kimi  1002 final     erand    in     35  0.400     0.881    0.394    0.787         0.108          7.213        rulex               16.541     0.88
kimi  1002 final     erand    in     47  0.500     0.807    0.645    0.432         0.279          0.447        rulex               10.637     0.60
kimi  1002 final     erand    in     55  0.600     0.512    1.891    0.133         0.276         -5.172        rulex                4.398     0.32
kimi  1002 final     erand    in     62  0.700     0.492    1.903    0.068         0.295         -8.341        rulex                4.398     0.18
kimi  1002 final     erand    in     67  0.800     0.245    3.194    0.018         0.204        -11.748        rulex                1.459     0.06
kimi  1002 final     erand    in     70  0.900     0.045    5.197    0.007         0.054        -10.016         rule                0.200     0.00
kimi  1002 final     erand    in     73  0.950     0.010   15.498    0.007         0.007         -0.159         rule                0.200     0.50
kimi  1002 final     erand    in     74  1.000     0.006   15.796    0.011         0.009          0.623 gcm_circular                0.249     1.00
kimi  1002 final     erand   out      0  0.000     0.946    0.185    1.000         0.000         16.694        rulex               32.076     1.00
kimi  1002 final     erand   out      4  0.050     0.940    0.204    1.000         0.000         15.527        rulex               25.722     1.00
kimi  1002 final     erand   out     10  0.100     0.951    0.175    0.996         0.002         14.330        rulex               32.076     1.00
kimi  1002 final     erand   out     23  0.200     0.935    0.231    0.991         0.002         11.370        rulex               25.722     1.00
kimi  1002 final     erand   out     33  0.300     0.953    0.176    0.977         0.009          9.387        rulex               32.076     0.98
kimi  1002 final     erand   out     48  0.400     0.913    0.343    0.854         0.040          6.211        rulex               20.627     0.96
kimi  1002 final     erand   out     52  0.500     0.802    0.689    0.777         0.038          5.304        rulex               13.264     0.96
kimi  1002 final     erand   out     55  0.600     0.412    1.694    0.701         0.031          4.687        rulex                8.530     0.96
kimi  1002 final     erand   out     60  0.700     0.315    2.251    0.517         0.027          3.466        rulex                4.398     0.96
kimi  1002 final     erand   out     70  0.800     0.334    2.304    0.148         0.041          1.235        rulex                4.398     0.78
kimi  1002 final     erand   out     72  0.900     0.054    3.612    0.027         0.016          0.391        rulex                0.200     0.66
kimi  1002 final     erand   out     73  0.950     0.006    5.031    0.016         0.009          0.147      uniform                0.200     1.00
kimi  1002 final     erand   out     74  1.000     0.007    5.004    0.004         0.004          0.000      uniform                0.200     0.50
kimi  1002 final     erand   out      0  0.000     0.946    0.185    1.000         0.000         16.694        rulex               32.076     1.00
kimi  1002 final     erand   out      8  0.050     0.948    0.181    1.000         0.000         14.994        rulex               32.076     1.00
kimi  1002 final     erand   out      9  0.100     0.938    0.211    0.998         0.002         14.580        rulex               25.722     1.00
kimi  1002 final     erand   out     14  0.200     0.821    0.569    0.996         0.002         13.207        rulex               13.264     1.00
kimi  1002 final     erand   out     21  0.300     0.669    1.071    0.986         0.002         11.171        rulex               10.637     1.00
kimi  1002 final     erand   out     28  0.400     0.316    2.274    0.964         0.000          9.660        rulex                2.268     1.00
kimi  1002 final     erand   out     33  0.500     0.350    2.141    0.951         0.000          8.764        rulex                2.828     1.00
kimi  1002 final     erand   out     41  0.600     0.190    2.820    0.877         0.000          7.056        rulex                2.828     1.00
kimi  1002 final     erand   out     48  0.700     0.069    3.511    0.741         0.000          5.348        rulex                0.388     1.00
kimi  1002 final     erand   out     62  0.800     0.113    3.099    0.314         0.005          2.454        rulex                0.938     1.00
kimi  1002 final     erand   out     67  0.900     0.019    4.267    0.195         0.005          1.533  gcm_hamming                0.484     1.00
kimi  1002 final     erand   out     68  0.950     0.004    5.190    0.108         0.002          1.136  gcm_hamming                0.388     1.00
kimi  1002 final     erand   out     74  1.000     0.007    5.004    0.004         0.004          0.000      uniform                0.200     0.50
kimi  1002 final     erand   out      0  0.000     0.946    0.185    1.000         0.000         16.694        rulex               32.076     1.00
kimi  1002 final     erand   out      6  0.050     0.953    0.160    1.000         0.000         15.332        rulex               32.076     1.00
kimi  1002 final     erand   out     14  0.100     0.963    0.130    0.996         0.004         13.835        rulex               40.000     1.00
kimi  1002 final     erand   out     22  0.200     0.957    0.156    0.995         0.004         11.768        rulex               40.000     1.00
kimi  1002 final     erand   out     31  0.300     0.962    0.140    0.962         0.016          9.497        rulex               40.000     0.98
kimi  1002 final     erand   out     40  0.400     0.934    0.253    0.897         0.029          7.479        rulex               20.627     0.96
kimi  1002 final     erand   out     54  0.500     0.964    0.170    0.744         0.081          4.649        rulex               32.076     0.90
kimi  1002 final     erand   out     56  0.600     0.854    0.616    0.650         0.049          4.175        rulex               13.264     0.94
kimi  1002 final     erand   out     63  0.700     0.563    1.383    0.429         0.052          2.692        rulex                6.840     0.90
kimi  1002 final     erand   out     68  0.800     0.143    2.901    0.175         0.007          1.321        rulex                1.459     1.00
kimi  1002 final     erand   out     70  0.900     0.033    3.798    0.099         0.002          0.776        rulex                0.388     1.00
kimi  1002 final     erand   out     73  0.950     0.005    5.035    0.009         0.002          0.177      uniform                0.200     1.00
kimi  1002 final     erand   out     74  1.000     0.007    5.004    0.004         0.004          0.000      uniform                0.200     0.50
kimi  1002 final     erand  both      0  0.000     0.946    0.185    1.000         0.000         16.694        rulex               32.076     1.00
kimi  1002 final     erand  both      4  0.050     0.784    0.687    1.000         0.000         15.925        rulex               10.637     1.00
kimi  1002 final     erand  both      9  0.100     0.703    0.963    0.996         0.002         14.998        rulex                6.840     1.00
kimi  1002 final     erand  both     20  0.200     0.680    1.027    0.971         0.000         12.183        rulex                6.840     1.00
kimi  1002 final     erand  both     27  0.300     0.545    1.472    0.885         0.011          8.991        rulex                4.398     1.00
kimi  1002 final     erand  both     39  0.400     0.224    2.777    0.685         0.014          6.211        rulex                0.938     1.00
kimi  1002 final     erand  both     48  0.500     0.103    3.761    0.389         0.013          2.919        rulex                0.200     1.00
kimi  1002 final     erand  both     52  0.600     0.031    4.501    0.258         0.005          1.446  gcm_hamming                0.311     1.00
kimi  1002 final     erand  both     57  0.700     0.031    4.374    0.088         0.009         -1.006  gcm_hamming                0.249     1.00
kimi  1002 final     erand  both     64  0.800     0.005    5.463    0.041         0.002          0.724  gcm_hamming                0.484     1.00
kimi  1002 final     erand  both     71  0.900     0.005    5.214    0.005         0.004          0.116      uniform                0.200     1.00
kimi  1002 final     erand  both     73  0.950     0.009    5.436    0.005         0.007          0.004  gcm_hamming                0.200     0.00
kimi  1002 final     erand  both     74  1.000     0.007    5.004    0.004         0.004          0.000      uniform                0.200     0.50
kimi  1002 final     erand  both      0  0.000     0.946    0.185    1.000         0.000         16.694        rulex               32.076     1.00
kimi  1002 final     erand  both      6  0.050     0.957    0.145    0.998         0.002         14.632        rulex               40.000     1.00
kimi  1002 final     erand  both      9  0.100     0.808    0.619    0.993         0.004         13.451        rulex               13.264     1.00
kimi  1002 final     erand  both     14  0.200     0.757    0.789    0.957         0.011         11.453        rulex               10.637     0.98
kimi  1002 final     erand  both     21  0.300     0.565    1.426    0.845         0.013          8.111        rulex                5.485     0.98
kimi  1002 final     erand  both     28  0.400     0.469    1.704    0.423         0.086          2.111        rulex                3.527     0.84
kimi  1002 final     erand  both     35  0.500     0.259    2.603    0.314         0.036          1.209        rulex                2.828     0.92
kimi  1002 final     erand  both     43  0.600     0.052    4.244    0.198         0.013         -0.278        rulex                0.311     1.00
kimi  1002 final     erand  both     51  0.700     0.039    4.387    0.045         0.022         -4.763        rulex                0.249     0.74
kimi  1002 final     erand  both     62  0.800     0.007    5.620    0.007         0.014          0.346  gcm_hamming                0.200     0.00
kimi  1002 final     erand  both     67  0.900     0.006    5.373    0.011         0.005          0.098      uniform                0.200     1.00
kimi  1002 final     erand  both     69  0.950     0.007    5.233    0.009         0.005          0.068      uniform                0.200     1.00
kimi  1002 final     erand  both     74  1.000     0.007    5.004    0.004         0.004          0.000      uniform                0.200     0.50
kimi  1002 final     erand  both      0  0.000     0.946    0.185    1.000         0.000         16.694        rulex               32.076     1.00
kimi  1002 final     erand  both      6  0.050     0.887    0.379    0.998         0.000         15.399        rulex               16.541     1.00
kimi  1002 final     erand  both     11  0.100     0.816    0.600    0.996         0.000         13.701        rulex               13.264     1.00
kimi  1002 final     erand  both     20  0.200     0.825    0.581    0.980         0.005         10.825        rulex               13.264     1.00
kimi  1002 final     erand  both     28  0.300     0.505    1.462    0.841         0.016          7.854        rulex                5.485     0.98
kimi  1002 final     erand  both     35  0.400     0.268    2.477    0.605         0.020          5.148        rulex                4.398     0.98
kimi  1002 final     erand  both     47  0.500     0.071    3.709    0.348         0.014          1.997 gcm_circular                4.398     1.00
kimi  1002 final     erand  both     55  0.600     0.014    5.068    0.216         0.007          1.523 gcm_circular                2.828     1.00
kimi  1002 final     erand  both     62  0.700     0.005    5.677    0.175         0.002          2.006  gcm_hamming                0.200     1.00
kimi  1002 final     erand  both     67  0.800     0.008    5.417    0.038         0.002          0.698  gcm_hamming                0.200     1.00
kimi  1002 final     erand  both     70  0.900     0.007    5.151    0.016         0.004          0.133      uniform                0.200     1.00
kimi  1002 final     erand  both     73  0.950     0.009    5.165    0.020         0.009          0.034         rule                0.200     1.00
kimi  1002 final     erand  both     74  1.000     0.007    5.004    0.004         0.004          0.000      uniform                0.200     0.50
kimi  1002 final      topk    in     60  0.000     0.946    0.185    1.000         0.000         16.694        rulex               32.076     1.00
kimi  1002 final      topk    in     60  0.250     0.941    0.201    1.000         0.000         16.905        rulex               25.722     1.00
kimi  1002 final      topk    in     60  0.500     0.928    0.239    1.000         0.000         16.981        rulex               25.722     1.00
kimi  1002 final      topk    in     60  0.750     0.842    0.523    0.984         0.002         15.549        rulex               13.264     1.00
kimi  1002 final      topk    in     60  1.000     0.008   15.192    0.027         0.004          1.745  gcm_hamming                0.200     1.00
kimi  1002 final      topk   out     54  0.000     0.946    0.185    1.000         0.000         16.694        rulex               32.076     1.00
kimi  1002 final      topk   out     54  0.250     0.932    0.259    1.000         0.000         13.342        rulex               25.722     1.00
kimi  1002 final      topk   out     54  0.500     0.892    0.555    1.000         0.000          9.989        rulex               20.627     1.00
kimi  1002 final      topk   out     54  0.750     0.681    1.881    1.000         0.000          6.637        rulex                6.840     1.00
kimi  1002 final      topk   out     54  1.000     0.002    5.552    0.528         0.000          3.285  gcm_hamming                0.752     1.00
kimi  1002 final      topk  both     60  0.000     0.946    0.185    1.000         0.000         16.694        rulex               32.076     1.00
kimi  1002 final      topk  both     60  0.250     0.933    0.263    1.000         0.000         13.233        rulex               25.722     1.00
kimi  1002 final      topk  both     60  0.500     0.891    0.573    1.000         0.000          9.590        rulex               16.541     1.00
kimi  1002 final      topk  both     60  0.750     0.647    2.016    0.987         0.000          5.413        rulex                6.840     1.00
kimi  1002 final      topk  both     60  1.000     0.007    5.192    0.013         0.005          0.191      uniform                0.249     1.00
kimi  1002 final     randk    in     14  0.000     0.946    0.185    1.000         0.000         16.694        rulex               32.076     1.00
kimi  1002 final     randk    in     14  0.250     0.948    0.179    1.000         0.000         16.514        rulex               32.076     1.00
kimi  1002 final     randk    in     14  0.500     0.948    0.175    1.000         0.000         16.265        rulex               32.076     1.00
kimi  1002 final     randk    in     14  0.750     0.948    0.172    1.000         0.000         15.930        rulex               32.076     1.00
kimi  1002 final     randk    in     14  1.000     0.948    0.173    1.000         0.000         15.485        rulex               32.076     1.00
kimi  1002 final     randk    in     14  0.000     0.946    0.185    1.000         0.000         16.694        rulex               32.076     1.00
kimi  1002 final     randk    in     14  0.250     0.948    0.179    1.000         0.000         16.514        rulex               32.076     1.00
kimi  1002 final     randk    in     14  0.500     0.948    0.175    1.000         0.000         16.265        rulex               32.076     1.00
kimi  1002 final     randk    in     14  0.750     0.948    0.172    1.000         0.000         15.930        rulex               32.076     1.00
kimi  1002 final     randk    in     14  1.000     0.948    0.173    1.000         0.000         15.485        rulex               32.076     1.00
kimi  1002 final     randk    in     14  0.000     0.946    0.185    1.000         0.000         16.694        rulex               32.076     1.00
kimi  1002 final     randk    in     14  0.250     0.948    0.179    1.000         0.000         16.514        rulex               32.076     1.00
kimi  1002 final     randk    in     14  0.500     0.948    0.175    1.000         0.000         16.265        rulex               32.076     1.00
kimi  1002 final     randk    in     14  0.750     0.948    0.172    1.000         0.000         15.930        rulex               32.076     1.00
kimi  1002 final     randk    in     14  1.000     0.948    0.173    1.000         0.000         15.485        rulex               32.076     1.00
kimi  1002 final     randk   out     20  0.000     0.946    0.185    1.000         0.000         16.694        rulex               32.076     1.00
kimi  1002 final     randk   out     20  0.250     0.952    0.162    1.000         0.000         15.872        rulex               32.076     1.00
kimi  1002 final     randk   out     20  0.500     0.957    0.145    1.000         0.000         15.051        rulex               32.076     1.00
kimi  1002 final     randk   out     20  0.750     0.961    0.132    0.998         0.000         14.230        rulex               40.000     1.00
kimi  1002 final     randk   out     20  1.000     0.963    0.123    0.998         0.000         13.408        rulex               40.000     1.00
kimi  1002 final     randk   out     20  0.000     0.946    0.185    1.000         0.000         16.694        rulex               32.076     1.00
kimi  1002 final     randk   out     20  0.250     0.952    0.162    1.000         0.000         15.872        rulex               32.076     1.00
kimi  1002 final     randk   out     20  0.500     0.957    0.145    1.000         0.000         15.051        rulex               32.076     1.00
kimi  1002 final     randk   out     20  0.750     0.961    0.132    0.998         0.000         14.230        rulex               40.000     1.00
kimi  1002 final     randk   out     20  1.000     0.963    0.123    0.998         0.000         13.408        rulex               40.000     1.00
kimi  1002 final     randk   out     20  0.000     0.946    0.185    1.000         0.000         16.694        rulex               32.076     1.00
kimi  1002 final     randk   out     20  0.250     0.952    0.162    1.000         0.000         15.872        rulex               32.076     1.00
kimi  1002 final     randk   out     20  0.500     0.957    0.145    1.000         0.000         15.051        rulex               32.076     1.00
kimi  1002 final     randk   out     20  0.750     0.961    0.132    0.998         0.000         14.230        rulex               40.000     1.00
kimi  1002 final     randk   out     20  1.000     0.963    0.123    0.998         0.000         13.408        rulex               40.000     1.00
kimi  1002 final     randk  both     14  0.000     0.946    0.185    1.000         0.000         16.694        rulex               32.076     1.00
kimi  1002 final     randk  both     14  0.250     0.952    0.164    1.000         0.000         15.962        rulex               32.076     1.00
kimi  1002 final     randk  both     14  0.500     0.956    0.148    1.000         0.000         15.166        rulex               32.076     1.00
kimi  1002 final     randk  both     14  0.750     0.958    0.137    0.998         0.002         14.294        rulex               32.076     1.00
kimi  1002 final     randk  both     14  1.000     0.959    0.132    0.993         0.005         13.326        rulex               32.076     0.98
kimi  1002 final     randk  both     14  0.000     0.946    0.185    1.000         0.000         16.694        rulex               32.076     1.00
kimi  1002 final     randk  both     14  0.250     0.952    0.164    1.000         0.000         15.962        rulex               32.076     1.00
kimi  1002 final     randk  both     14  0.500     0.956    0.148    1.000         0.000         15.166        rulex               32.076     1.00
kimi  1002 final     randk  both     14  0.750     0.958    0.137    0.998         0.002         14.294        rulex               32.076     1.00
kimi  1002 final     randk  both     14  1.000     0.959    0.132    0.993         0.005         13.326        rulex               32.076     0.98
kimi  1002 final     randk  both     14  0.000     0.946    0.185    1.000         0.000         16.694        rulex               32.076     1.00
kimi  1002 final     randk  both     14  0.250     0.952    0.164    1.000         0.000         15.962        rulex               32.076     1.00
kimi  1002 final     randk  both     14  0.500     0.956    0.148    1.000         0.000         15.166        rulex               32.076     1.00
kimi  1002 final     randk  both     14  0.750     0.958    0.137    0.998         0.002         14.294        rulex               32.076     1.00
kimi  1002 final     randk  both     14  1.000     0.959    0.132    0.993         0.005         13.326        rulex               32.076     0.98
kimi  1002 final  residual    in     14  0.000     0.946    0.185    1.000         0.000         16.694        rulex               32.076     1.00
kimi  1002 final  residual    in     14  0.250     0.948    0.179    1.000         0.000         16.514        rulex               32.076     1.00
kimi  1002 final  residual    in     14  0.500     0.948    0.175    1.000         0.000         16.265        rulex               32.076     1.00
kimi  1002 final  residual    in     14  0.750     0.948    0.172    1.000         0.000         15.930        rulex               32.076     1.00
kimi  1002 final  residual    in     14  1.000     0.948    0.173    1.000         0.000         15.485        rulex               32.076     1.00
kimi  1002 final  residual   out     20  0.000     0.946    0.185    1.000         0.000         16.694        rulex               32.076     1.00
kimi  1002 final  residual   out     20  0.250     0.952    0.162    1.000         0.000         15.872        rulex               32.076     1.00
kimi  1002 final  residual   out     20  0.500     0.957    0.145    1.000         0.000         15.051        rulex               32.076     1.00
kimi  1002 final  residual   out     20  0.750     0.961    0.132    0.998         0.000         14.230        rulex               40.000     1.00
kimi  1002 final  residual   out     20  1.000     0.963    0.123    0.998         0.000         13.408        rulex               40.000     1.00
kimi  1002 final  residual  both     14  0.000     0.946    0.185    1.000         0.000         16.694        rulex               32.076     1.00
kimi  1002 final  residual  both     14  0.250     0.952    0.164    1.000         0.000         15.962        rulex               32.076     1.00
kimi  1002 final  residual  both     14  0.500     0.956    0.148    1.000         0.000         15.166        rulex               32.076     1.00
kimi  1002 final  residual  both     14  0.750     0.958    0.137    0.998         0.002         14.294        rulex               32.076     1.00
kimi  1002 final  residual  both     14  1.000     0.959    0.132    0.993         0.005         13.326        rulex               32.076     0.98
kimi  1002 final   neurons units      0  0.000     0.946    0.185    1.000         0.000         16.694        rulex               32.076     1.00
kimi  1002 final   neurons units      1  0.001     0.946    0.185    1.000         0.000         16.662        rulex               32.076     1.00
kimi  1002 final   neurons units      2  0.001     0.946    0.184    1.000         0.000         16.634        rulex               32.076     1.00
kimi  1002 final   neurons units      4  0.002     0.947    0.183    1.000         0.000         16.576        rulex               32.076     1.00
kimi  1002 final   neurons units      8  0.004     0.947    0.181    1.000         0.000         16.468        rulex               32.076     1.00
kimi  1002 final   neurons units     16  0.008     0.947    0.178    1.000         0.000         16.258        rulex               32.076     1.00
kimi  1002 final   neurons units     32  0.017     0.949    0.174    1.000         0.000         15.890        rulex               32.076     1.00
kimi  1002 final   neurons units     64  0.033     0.952    0.168    1.000         0.000         15.233        rulex               32.076     1.00
kimi  1002 final   neurons units    128  0.067     0.954    0.157    0.998         0.002         14.025        rulex               32.076     1.00
kimi  1002 final   neurons units    256  0.133     0.959    0.145    0.995         0.005         12.012        rulex               40.000     0.98
kimi  1002 final   neurons units    512  0.267     0.960    0.135    0.966         0.025          8.741        rulex               40.000     0.98
kimi  1002 final randunits units      0  0.000     0.946    0.185    1.000         0.000         16.694        rulex               32.076     1.00
kimi  1002 final randunits units      1  0.001     0.946    0.185    1.000         0.000         16.682        rulex               32.076     1.00
kimi  1002 final randunits units      2  0.001     0.946    0.185    1.000         0.000         16.680        rulex               32.076     1.00
kimi  1002 final randunits units      4  0.002     0.946    0.185    1.000         0.000         16.657        rulex               32.076     1.00
kimi  1002 final randunits units      8  0.004     0.943    0.195    1.000         0.000         16.757        rulex               25.722     1.00
kimi  1002 final randunits units     16  0.008     0.944    0.190    1.000         0.000         16.630        rulex               25.722     1.00
kimi  1002 final randunits units     32  0.017     0.943    0.192    1.000         0.000         16.572        rulex               25.722     1.00
kimi  1002 final randunits units     64  0.033     0.941    0.201    1.000         0.000         16.538        rulex               25.722     1.00
kimi  1002 final randunits units    128  0.067     0.931    0.235    1.000         0.000         16.419        rulex               25.722     1.00
kimi  1002 final randunits units    256  0.133     0.920    0.268    1.000         0.000         16.076        rulex               20.627     1.00
kimi  1002 final randunits units    512  0.267     0.890    0.365    0.998         0.000         15.001        rulex               16.541     1.00
kimi  1002 final randunits units      0  0.000     0.946    0.185    1.000         0.000         16.694        rulex               32.076     1.00
kimi  1002 final randunits units      1  0.001     0.946    0.185    1.000         0.000         16.673        rulex               32.076     1.00
kimi  1002 final randunits units      2  0.001     0.946    0.185    1.000         0.000         16.678        rulex               32.076     1.00
kimi  1002 final randunits units      4  0.002     0.945    0.188    1.000         0.000         16.699        rulex               25.722     1.00
kimi  1002 final randunits units      8  0.004     0.945    0.191    1.000         0.000         16.729        rulex               25.722     1.00
kimi  1002 final randunits units     16  0.008     0.946    0.186    1.000         0.000         16.638        rulex               25.722     1.00
kimi  1002 final randunits units     32  0.017     0.942    0.193    1.000         0.000         16.558        rulex               25.722     1.00
kimi  1002 final randunits units     64  0.033     0.942    0.198    1.000         0.000         16.465        rulex               25.722     1.00
kimi  1002 final randunits units    128  0.067     0.931    0.232    0.998         0.002         16.536        rulex               25.722     1.00
kimi  1002 final randunits units    256  0.133     0.914    0.288    1.000         0.000         16.286        rulex               20.627     1.00
kimi  1002 final randunits units    512  0.267     0.853    0.498    1.000         0.000         15.702        rulex               16.541     1.00
kimi  1002 final randunits units      0  0.000     0.946    0.185    1.000         0.000         16.694        rulex               32.076     1.00
kimi  1002 final randunits units      1  0.001     0.946    0.185    1.000         0.000         16.698        rulex               32.076     1.00
kimi  1002 final randunits units      2  0.001     0.945    0.187    1.000         0.000         16.685        rulex               25.722     1.00
kimi  1002 final randunits units      4  0.002     0.946    0.186    1.000         0.000         16.678        rulex               32.076     1.00
kimi  1002 final randunits units      8  0.004     0.945    0.187    1.000         0.000         16.673        rulex               32.076     1.00
kimi  1002 final randunits units     16  0.008     0.944    0.192    1.000         0.000         16.640        rulex               25.722     1.00
kimi  1002 final randunits units     32  0.017     0.942    0.196    1.000         0.000         16.637        rulex               25.722     1.00
kimi  1002 final randunits units     64  0.033     0.939    0.205    1.000         0.000         16.621        rulex               25.722     1.00
kimi  1002 final randunits units    128  0.067     0.941    0.203    1.000         0.000         16.207        rulex               25.722     1.00
kimi  1002 final randunits units    256  0.133     0.919    0.269    1.000         0.000         16.100        rulex               20.627     1.00
kimi  1002 final randunits units    512  0.267     0.867    0.436    0.998         0.000         15.485        rulex               16.541     1.00
kimi  1000 final      none     -      0  0.000     0.998    0.008    0.995         0.005         10.116        rulex               40.000     0.98
kimi  1000 final   lowpass    in      0  0.000     0.006   10.369    0.007         0.014         -0.145  gcm_hamming                0.200     0.00
kimi  1000 final   lowpass    in      1  1.000     0.011   11.281    0.007         0.007          0.149 gcm_circular                2.268     0.50
kimi  1000 final   lowpass    in      2  2.000     0.006   10.938    0.002         0.002          0.243 gcm_circular                1.819     0.50
kimi  1000 final   lowpass    in      3  3.000     0.007   10.693    0.011         0.011          0.190 gcm_circular                1.819     0.50
kimi  1000 final   lowpass    in      4  4.000     0.007   10.770    0.000         0.011          0.089 gcm_circular                1.819     0.00
kimi  1000 final   lowpass    in      6  6.000     0.009   10.572    0.007         0.007          0.092 gcm_circular                1.819     0.50
kimi  1000 final   lowpass    in      8  8.000     0.009   10.287    0.014         0.009          0.369 gcm_circular                1.819     1.00
kimi  1000 final   lowpass    in     12 12.000     0.009   10.138    0.013         0.005          0.456 gcm_circular                0.938     1.00
kimi  1000 final   lowpass    in     16 16.000     0.020    9.633    0.038         0.020          0.885        rulex                1.170     0.78
kimi  1000 final   lowpass    in     24 24.000     0.061    5.006    0.038         0.031         -1.388        rulex                0.484     0.56
kimi  1000 final   lowpass    in     32 32.000     0.175    3.501    0.081         0.059         -0.825        rulex                1.459     0.58
kimi  1000 final   lowpass    in     48 48.000     0.927    0.237    0.777         0.095          5.533        rulex               20.627     0.90
kimi  1000 final   lowpass    in     74 74.000     0.998    0.008    0.995         0.005         10.116        rulex               40.000     0.98
kimi  1000 final   lowpass   out      0  0.000     0.007    5.004    0.007         0.009          0.000      uniform                0.200     0.00
kimi  1000 final   lowpass   out      1  1.000     0.021    4.716    0.018         0.009          0.252 gcm_circular                6.840     0.80
kimi  1000 final   lowpass   out      2  2.000     0.023    4.687    0.029         0.009          0.369 gcm_circular                5.485     0.96
kimi  1000 final   lowpass   out      3  3.000     0.045    4.546    0.038         0.005          0.536 gcm_circular                6.840     1.00
kimi  1000 final   lowpass   out      4  4.000     0.032    4.549    0.058         0.005          0.638 gcm_circular                5.485     1.00
kimi  1000 final   lowpass   out      6  6.000     0.038    4.554    0.085         0.007          0.785 gcm_circular                5.485     1.00
kimi  1000 final   lowpass   out      8  8.000     0.098    4.262    0.105         0.007          1.014 gcm_circular                5.485     1.00
kimi  1000 final   lowpass   out     12 12.000     0.218    3.623    0.207         0.013          1.668        rulex                6.840     0.96
kimi  1000 final   lowpass   out     16 16.000     0.369    3.113    0.351         0.002          2.340        rulex                8.530     1.00
kimi  1000 final   lowpass   out     24 24.000     0.690    2.163    0.613         0.007          3.213        rulex               13.264     0.98
kimi  1000 final   lowpass   out     32 32.000     0.902    1.215    0.829         0.009          4.126        rulex               25.722     0.98
kimi  1000 final   lowpass   out     48 48.000     0.996    0.049    0.978         0.014          6.701        rulex               40.000     0.98
kimi  1000 final   lowpass   out     74 74.000     0.998    0.008    0.995         0.005         10.116        rulex               40.000     0.98
kimi  1000 final   lowpass  both      0  0.000     0.007    5.004    0.007         0.009          0.000      uniform                0.200     0.00
kimi  1000 final   lowpass  both      1  1.000     0.007    5.046    0.004         0.005         -0.088 gcm_circular                1.459     0.00
kimi  1000 final   lowpass  both      2  2.000     0.006    5.148    0.013         0.002          0.088  gcm_hamming                0.200     1.00
kimi  1000 final   lowpass  both      3  3.000     0.007    5.146    0.007         0.011         -0.039 gcm_circular                1.459     0.00
kimi  1000 final   lowpass  both      4  4.000     0.007    5.122    0.002         0.009         -0.062 gcm_circular                1.459     0.00
kimi  1000 final   lowpass  both      6  6.000     0.009    5.044    0.009         0.009         -0.117 gcm_circular                1.819     0.50
kimi  1000 final   lowpass  both      8  8.000     0.007    5.138    0.009         0.005         -0.080 gcm_circular                1.819     1.00
kimi  1000 final   lowpass  both     12 12.000     0.010    5.382    0.007         0.005         -0.036   gcm_linear                0.311     1.00
kimi  1000 final   lowpass  both     16 16.000     0.013    5.410    0.016         0.016          0.075         rule                0.938     0.50
kimi  1000 final   lowpass  both     24 24.000     0.045    4.110    0.031         0.027         -1.943        rulex                0.603     0.54
kimi  1000 final   lowpass  both     32 32.000     0.138    3.242    0.049         0.061         -1.741        rulex                0.603     0.44
kimi  1000 final   lowpass  both     48 48.000     0.912    0.410    0.614         0.126          2.814        rulex               16.541     0.84
kimi  1000 final   lowpass  both     74 74.000     0.998    0.008    0.995         0.005         10.116        rulex               40.000     0.98
kimi  1000 final      etop    in      0  0.000     0.998    0.008    0.995         0.005         10.116        rulex               40.000     0.98
kimi  1000 final      etop    in      1  0.050     0.992    0.034    0.928         0.054          7.625        rulex               40.000     0.94
kimi  1000 final      etop    in      2  0.100     0.933    0.200    0.741         0.112          5.461        rulex               20.627     0.86
kimi  1000 final      etop    in      3  0.200     0.882    0.354    0.676         0.097          4.964        rulex               16.541     0.88
kimi  1000 final      etop    in      4  0.300     0.729    0.827    0.587         0.052          5.092        rulex               16.541     0.92
kimi  1000 final      etop    in      6  0.400     0.541    1.650    0.708         0.014          8.329        rulex                6.840     0.98
kimi  1000 final      etop    in      8  0.500     0.322    3.756    0.663         0.009          9.827        rulex                4.398     1.00
kimi  1000 final      etop    in     14  0.600     0.186    5.654    0.532         0.009          8.528        rulex                2.828     1.00
kimi  1000 final      etop    in     24  0.700     0.076    7.806    0.314         0.007          6.310        rulex                1.459     1.00
kimi  1000 final      etop    in     39  0.800     0.042    8.759    0.139         0.007          3.493        rulex                1.170     1.00
kimi  1000 final      etop    in     55  0.900     0.015    9.935    0.018         0.011          0.959         rule                0.200     0.72
kimi  1000 final      etop    in     64  0.950     0.008   10.384    0.005         0.011          0.429  gcm_hamming                0.200     0.00
kimi  1000 final      etop    in     74  1.000     0.006   10.369    0.007         0.014         -0.145  gcm_hamming                0.200     0.00
kimi  1000 final      etop   out      0  0.000     0.998    0.008    0.995         0.005         10.116        rulex               40.000     0.98
kimi  1000 final      etop   out      1  0.050     0.998    0.013    0.993         0.007          9.819        rulex               40.000     0.98
kimi  1000 final      etop   out      2  0.100     0.997    0.018    0.996         0.004          9.659        rulex               40.000     0.98
kimi  1000 final      etop   out      5  0.200     0.993    0.057    0.995         0.005          9.139        rulex               40.000     0.98
kimi  1000 final      etop   out      7  0.300     0.986    0.119    0.995         0.004          8.756        rulex               40.000     1.00
kimi  1000 final      etop   out     11  0.400     0.972    0.317    0.993         0.000          7.672        rulex               40.000     1.00
kimi  1000 final      etop   out     15  0.500     0.908    0.843    0.978         0.000          7.055        rulex               20.627     1.00
kimi  1000 final      etop   out     20  0.600     0.678    1.841    0.964         0.000          6.250        rulex                8.530     1.00
kimi  1000 final      etop   out     26  0.700     0.387    2.904    0.908         0.000          5.175        rulex                3.527     1.00
kimi  1000 final      etop   out     34  0.800     0.112    4.058    0.795         0.000          3.914        rulex                1.170     1.00
kimi  1000 final      etop   out     46  0.900     0.022    4.956    0.546         0.002          2.481  gcm_hamming                1.170     1.00
kimi  1000 final      etop   out     58  0.950     0.014    5.038    0.270         0.002          1.328  gcm_hamming                0.484     1.00
kimi  1000 final      etop   out     74  1.000     0.007    5.004    0.007         0.009          0.000      uniform                0.200     0.00
kimi  1000 final      etop  both      0  0.000     0.998    0.008    0.995         0.005         10.116        rulex               40.000     0.98
kimi  1000 final      etop  both      1  0.050     0.975    0.088    0.933         0.038          7.692        rulex               40.000     0.96
kimi  1000 final      etop  both      2  0.100     0.943    0.190    0.746         0.115          4.954        rulex               25.722     0.86
kimi  1000 final      etop  both      3  0.200     0.882    0.408    0.694         0.083          4.171        rulex               16.541     0.90
kimi  1000 final      etop  both      4  0.300     0.639    1.219    0.609         0.052          4.477        rulex               13.264     0.92
kimi  1000 final      etop  both      6  0.400     0.328    2.669    0.685         0.004          6.167        rulex                3.527     1.00
kimi  1000 final      etop  both      8  0.500     0.129    4.293    0.596         0.000          5.986        rulex                1.819     1.00
kimi  1000 final      etop  both     14  0.600     0.030    5.428    0.400         0.002          4.563        rulex                0.484     1.00
kimi  1000 final      etop  both     24  0.700     0.013    5.522    0.168         0.002          2.592  gcm_hamming                0.311     1.00
kimi  1000 final      etop  both     39  0.800     0.008    5.387    0.065         0.002          1.163  gcm_hamming                0.603     1.00
kimi  1000 final      etop  both     55  0.900     0.007    5.195    0.022         0.004          0.282  gcm_hamming                0.200     1.00
kimi  1000 final      etop  both     64  0.950     0.006    5.097    0.011         0.005          0.060   gcm_linear                0.200     1.00
kimi  1000 final      etop  both     74  1.000     0.007    5.004    0.007         0.009          0.000      uniform                0.200     0.00
kimi  1000 final   ebottom    in      0  0.000     0.998    0.008    0.995         0.005         10.116        rulex               40.000     0.98
kimi  1000 final   ebottom    in     11  0.050     0.998    0.007    0.982         0.018          9.054        rulex               40.000     0.98
kimi  1000 final   ebottom    in     20  0.100     0.999    0.006    0.960         0.040          8.004        rulex               40.000     0.96
kimi  1000 final   ebottom    in     36  0.200     0.999    0.005    0.825         0.173          5.218        rulex               40.000     0.82
kimi  1000 final   ebottom    in     51  0.300     0.999    0.003    0.598         0.400          1.892        rulex               40.000     0.60
kimi  1000 final   ebottom    in     61  0.400     0.999    0.003    0.335         0.665         -1.513        rulex               40.000     0.34
kimi  1000 final   ebottom    in     67  0.500     0.999    0.004    0.211         0.777         -3.699        rulex               40.000     0.22
kimi  1000 final   ebottom    in     69  0.600     0.950    0.228    0.144         0.659         -3.773        rulex               25.722     0.18
kimi  1000 final   ebottom    in     71  0.700     0.386    1.932    0.032         0.211         -4.008        rulex                4.398     0.12
kimi  1000 final   ebottom    in     72  0.800     0.137    3.287    0.025         0.088         -3.515        rulex                0.200     0.20
kimi  1000 final   ebottom    in     73  0.900     0.041    4.597    0.020         0.040         -3.134         rule                0.200     0.26
kimi  1000 final   ebottom    in     74  0.950     0.006   10.369    0.007         0.014         -0.145  gcm_hamming                0.200     0.00
kimi  1000 final   ebottom    in     74  1.000     0.006   10.369    0.007         0.014         -0.145  gcm_hamming                0.200     0.00
kimi  1000 final   ebottom   out      0  0.000     0.998    0.008    0.995         0.005         10.116        rulex               40.000     0.98
kimi  1000 final   ebottom   out     17  0.050     0.998    0.007    0.982         0.016          8.705        rulex               40.000     0.98
kimi  1000 final   ebottom   out     29  0.100     0.999    0.007    0.969         0.027          7.518        rulex               40.000     0.98
kimi  1000 final   ebottom   out     41  0.200     0.999    0.008    0.942         0.054          6.051        rulex               40.000     0.94
kimi  1000 final   ebottom   out     49  0.300     0.998    0.015    0.910         0.079          4.754        rulex               40.000     0.92
kimi  1000 final   ebottom   out     55  0.400     0.998    0.030    0.849         0.099          3.622        rulex               40.000     0.90
kimi  1000 final   ebottom   out     60  0.500     0.997    0.078    0.786         0.128          2.838        rulex               40.000     0.86
kimi  1000 final   ebottom   out     64  0.600     0.994    0.242    0.683         0.128          2.192        rulex               40.000     0.84
kimi  1000 final   ebottom   out     68  0.700     0.982    0.917    0.425         0.146          1.071        rulex               32.076     0.74
kimi  1000 final   ebottom   out     70  0.800     0.877    1.966    0.211         0.106          0.485        rulex               16.541     0.66
kimi  1000 final   ebottom   out     73  0.900     0.037    4.241    0.016         0.005          0.297        rulex                0.200     0.84
kimi  1000 final   ebottom   out     74  0.950     0.007    5.004    0.007         0.009          0.000      uniform                0.200     0.00
kimi  1000 final   ebottom   out     74  1.000     0.007    5.004    0.007         0.009          0.000      uniform                0.200     0.00
kimi  1000 final   ebottom  both      0  0.000     0.998    0.008    0.995         0.005         10.116        rulex               40.000     0.98
kimi  1000 final   ebottom  both     11  0.050     0.999    0.006    0.962         0.036          7.668        rulex               40.000     0.96
kimi  1000 final   ebottom  both     20  0.100     0.999    0.005    0.897         0.099          5.531        rulex               40.000     0.90
kimi  1000 final   ebottom  both     36  0.200     0.999    0.005    0.645         0.344          1.899        rulex               40.000     0.66
kimi  1000 final   ebottom  both     51  0.300     1.000    0.007    0.323         0.658         -1.437        rulex               40.000     0.32
kimi  1000 final   ebottom  both     61  0.400     1.000    0.017    0.137         0.843         -3.967        rulex               40.000     0.14
kimi  1000 final   ebottom  both     67  0.500     0.999    0.080    0.065         0.892         -4.480        rulex               40.000     0.06
kimi  1000 final   ebottom  both     69  0.600     0.946    0.784    0.020         0.764         -4.750        rulex               25.722     0.02
kimi  1000 final   ebottom  both     71  0.700     0.565    1.750    0.002         0.427         -5.434         rule                8.530     0.00
kimi  1000 final   ebottom  both     72  0.800     0.264    2.487    0.004         0.216         -5.412         rule                0.200     0.00
kimi  1000 final   ebottom  both     73  0.900     0.007    5.053    0.005         0.009          0.051      uniform                0.200     0.00
kimi  1000 final   ebottom  both     74  0.950     0.007    5.004    0.007         0.009          0.000      uniform                0.200     0.00
kimi  1000 final   ebottom  both     74  1.000     0.007    5.004    0.007         0.009          0.000      uniform                0.200     0.00
kimi  1000 final     erand    in      0  0.000     0.998    0.008    0.995         0.005         10.116        rulex               40.000     0.98
kimi  1000 final     erand    in      4  0.050     0.993    0.032    0.914         0.065          7.182        rulex               40.000     0.94
kimi  1000 final     erand    in      4  0.100     0.993    0.032    0.914         0.065          7.182        rulex               40.000     0.94
kimi  1000 final     erand    in     12  0.200     0.990    0.045    0.861         0.103          6.226        rulex               40.000     0.90
kimi  1000 final     erand    in     23  0.300     0.951    0.166    0.715         0.160          4.472        rulex               40.000     0.82
kimi  1000 final     erand    in     25  0.400     0.862    0.447    0.629         0.119          4.217        rulex               13.264     0.84
kimi  1000 final     erand    in     30  0.500     0.747    0.855    0.510         0.119          3.525        rulex                8.530     0.82
kimi  1000 final     erand    in     42  0.600     0.335    2.544    0.236         0.058          0.859        rulex                4.398     0.82
kimi  1000 final     erand    in     49  0.700     0.243    3.025    0.159         0.054         -0.395        rulex                2.828     0.76
kimi  1000 final     erand    in     55  0.800     0.079    6.989    0.112         0.029          2.068        rulex                2.828     0.84
kimi  1000 final     erand    in     63  0.900     0.025    9.588    0.023         0.009          0.590        rulex                0.200     0.90
kimi  1000 final     erand    in     69  0.950     0.022    9.770    0.016         0.013         -0.133         rule                0.200     0.62
kimi  1000 final     erand    in     74  1.000     0.006   10.369    0.007         0.014         -0.145  gcm_hamming                0.200     0.00
kimi  1000 final     erand    in      0  0.000     0.998    0.008    0.995         0.005         10.116        rulex               40.000     0.98
kimi  1000 final     erand    in      8  0.050     0.992    0.031    0.897         0.083          6.828        rulex               40.000     0.92
kimi  1000 final     erand    in      8  0.100     0.992    0.031    0.897         0.083          6.828        rulex               40.000     0.92
kimi  1000 final     erand    in     17  0.200     0.993    0.027    0.796         0.178          5.184        rulex               40.000     0.82
kimi  1000 final     erand    in     29  0.300     0.995    0.025    0.643         0.323          2.739        rulex               40.000     0.66
kimi  1000 final     erand    in     41  0.400     0.996    0.021    0.418         0.544         -0.237        rulex               40.000     0.44
kimi  1000 final     erand    in     45  0.500     0.967    0.128    0.249         0.578         -1.976        rulex               32.076     0.30
kimi  1000 final     erand    in     48  0.600     0.365    2.072    0.077         0.130         -2.271        rulex                6.840     0.38
kimi  1000 final     erand    in     57  0.700     0.227    2.720    0.052         0.097         -3.088        rulex                5.485     0.34
kimi  1000 final     erand    in     63  0.800     0.179    2.970    0.036         0.092         -3.807        rulex                5.485     0.26
kimi  1000 final     erand    in     69  0.900     0.059    4.695    0.023         0.025         -2.445        rulex                1.819     0.48
kimi  1000 final     erand    in     73  0.950     0.003   10.681    0.002         0.004         -0.379   gcm_linear                0.200     0.00
kimi  1000 final     erand    in     74  1.000     0.006   10.369    0.007         0.014         -0.145  gcm_hamming                0.200     0.00
kimi  1000 final     erand    in      0  0.000     0.998    0.008    0.995         0.005         10.116        rulex               40.000     0.98
kimi  1000 final     erand    in      6  0.050     0.999    0.008    0.984         0.016          9.237        rulex               40.000     0.98
kimi  1000 final     erand    in     12  0.100     0.999    0.007    0.968         0.032          8.168        rulex               40.000     0.96
kimi  1000 final     erand    in     18  0.200     0.993    0.029    0.755         0.218          4.540        rulex               40.000     0.78
kimi  1000 final     erand    in     29  0.300     0.994    0.024    0.613         0.355          2.578        rulex               40.000     0.64
kimi  1000 final     erand    in     36  0.400     0.972    0.116    0.431         0.400          0.596        rulex               32.076     0.52
kimi  1000 final     erand    in     47  0.500     0.970    0.120    0.295         0.533         -1.410        rulex               32.076     0.36
kimi  1000 final     erand    in     54  0.600     0.917    0.325    0.175         0.578         -3.025        rulex               20.627     0.24
kimi  1000 final     erand    in     64  0.700     0.470    1.697    0.043         0.265         -3.747        rulex                5.485     0.14
kimi  1000 final     erand    in     69  0.800     0.234    2.809    0.013         0.133         -3.866         rule                0.200     0.06
kimi  1000 final     erand    in     72  0.900     0.044    4.213    0.018         0.040         -4.009         rule                0.200     0.24
kimi  1000 final     erand    in     73  0.950     0.004   10.427    0.007         0.009         -0.220   gcm_linear                0.200     0.00
kimi  1000 final     erand    in     74  1.000     0.006   10.369    0.007         0.014         -0.145  gcm_hamming                0.200     0.00
kimi  1000 final     erand   out      0  0.000     0.998    0.008    0.995         0.005         10.116        rulex               40.000     0.98
kimi  1000 final     erand   out      4  0.050     0.998    0.014    0.996         0.004          9.740        rulex               40.000     0.98
kimi  1000 final     erand   out      6  0.100     0.998    0.017    0.995         0.004          9.274        rulex               40.000     0.98
kimi  1000 final     erand   out     13  0.200     0.997    0.025    0.989         0.007          8.447        rulex               40.000     0.98
kimi  1000 final     erand   out     25  0.300     0.995    0.061    0.987         0.007          7.520        rulex               40.000     0.98
kimi  1000 final     erand   out     30  0.400     0.987    0.180    0.980         0.007          6.728        rulex               40.000     0.98
kimi  1000 final     erand   out     38  0.500     0.980    0.384    0.971         0.011          5.508        rulex               40.000     0.98
kimi  1000 final     erand   out     47  0.600     0.936    0.920    0.905         0.011          4.412        rulex               25.722     0.98
kimi  1000 final     erand   out     53  0.700     0.838    1.703    0.789         0.016          3.369        rulex               16.541     0.98
kimi  1000 final     erand   out     59  0.800     0.531    2.773    0.609         0.011          2.491        rulex                8.530     0.98
kimi  1000 final     erand   out     66  0.900     0.100    4.184    0.222         0.007          1.044        rulex                0.200     1.00
kimi  1000 final     erand   out     71  0.950     0.031    4.521    0.045         0.009          0.473        rulex                0.200     1.00
kimi  1000 final     erand   out     74  1.000     0.007    5.004    0.007         0.009          0.000      uniform                0.200     0.00
kimi  1000 final     erand   out      0  0.000     0.998    0.008    0.995         0.005         10.116        rulex               40.000     0.98
kimi  1000 final     erand   out      6  0.050     0.999    0.009    0.991         0.009          9.345        rulex               40.000     0.98
kimi  1000 final     erand   out      8  0.100     0.998    0.016    0.991         0.009          9.183        rulex               40.000     0.98
kimi  1000 final     erand   out     18  0.200     0.998    0.021    0.986         0.011          7.891        rulex               40.000     0.98
kimi  1000 final     erand   out     29  0.300     0.998    0.029    0.978         0.016          6.410        rulex               40.000     0.98
kimi  1000 final     erand   out     40  0.400     0.996    0.085    0.935         0.041          4.740        rulex               40.000     0.96
kimi  1000 final     erand   out     43  0.500     0.992    0.181    0.906         0.049          4.093        rulex               40.000     0.94
kimi  1000 final     erand   out     48  0.600     0.934    0.803    0.836         0.032          3.688        rulex               32.076     0.96
kimi  1000 final     erand   out     57  0.700     0.828    1.606    0.667         0.029          2.640        rulex               16.541     0.96
kimi  1000 final     erand   out     64  0.800     0.561    2.637    0.368         0.038          1.461        rulex                6.840     0.92
kimi  1000 final     erand   out     68  0.900     0.305    3.572    0.196         0.031          0.765        rulex                3.527     0.88
kimi  1000 final     erand   out     73  0.950     0.014    4.861    0.009         0.004          0.165         rule                0.249     0.88
kimi  1000 final     erand   out     74  1.000     0.007    5.004    0.007         0.009          0.000      uniform                0.200     0.00
kimi  1000 final     erand   out      0  0.000     0.998    0.008    0.995         0.005         10.116        rulex               40.000     0.98
kimi  1000 final     erand   out      4  0.050     0.998    0.010    0.993         0.007          9.343        rulex               40.000     0.98
kimi  1000 final     erand   out      7  0.100     0.998    0.011    0.991         0.009          8.998        rulex               40.000     0.98
kimi  1000 final     erand   out     15  0.200     0.997    0.019    0.986         0.013          7.752        rulex               40.000     0.98
kimi  1000 final     erand   out     28  0.300     0.996    0.038    0.973         0.018          6.602        rulex               40.000     0.98
kimi  1000 final     erand   out     34  0.400     0.995    0.079    0.955         0.027          5.333        rulex               40.000     0.98
kimi  1000 final     erand   out     42  0.500     0.992    0.223    0.921         0.025          4.229        rulex               40.000     0.98
kimi  1000 final     erand   out     49  0.600     0.976    0.587    0.823         0.034          3.104        rulex               40.000     0.96
kimi  1000 final     erand   out     58  0.700     0.942    1.204    0.632         0.058          2.095        rulex               25.722     0.92
kimi  1000 final     erand   out     66  0.800     0.689    2.475    0.283         0.054          1.053        rulex                6.840     0.84
kimi  1000 final     erand   out     72  0.900     0.126    3.876    0.058         0.013          0.607        rulex                0.200     0.86
kimi  1000 final     erand   out     73  0.950     0.022    4.639    0.014         0.009          0.309         rule                0.200     0.70
kimi  1000 final     erand   out     74  1.000     0.007    5.004    0.007         0.009          0.000      uniform                0.200     0.00
kimi  1000 final     erand  both      0  0.000     0.998    0.008    0.995         0.005         10.116        rulex               40.000     0.98
kimi  1000 final     erand  both      4  0.050     0.992    0.034    0.905         0.070          6.747        rulex               40.000     0.92
kimi  1000 final     erand  both      4  0.100     0.991    0.048    0.910         0.061          6.853        rulex               40.000     0.94
kimi  1000 final     erand  both     12  0.200     0.975    0.176    0.858         0.067          5.449        rulex               40.000     0.92
kimi  1000 final     erand  both     23  0.300     0.874    0.693    0.699         0.099          3.799        rulex               20.627     0.88
kimi  1000 final     erand  both     25  0.400     0.501    2.131    0.640         0.038          4.180        rulex                4.398     0.94
kimi  1000 final     erand  both     30  0.500     0.279    3.177    0.514         0.029          3.415        rulex                3.527     0.96
kimi  1000 final     erand  both     42  0.600     0.124    4.186    0.256         0.031          1.727        rulex                1.819     0.94
kimi  1000 final     erand  both     49  0.700     0.042    4.709    0.150         0.013          1.206        rulex                1.459     1.00
kimi  1000 final     erand  both     55  0.800     0.020    5.330    0.038         0.007          0.721        rulex                1.170     1.00
kimi  1000 final     erand  both     63  0.900     0.008    5.328    0.020         0.007          0.067      uniform                0.249     1.00
kimi  1000 final     erand  both     69  0.950     0.008    5.138    0.009         0.005          0.037  gcm_hamming                0.200     1.00
kimi  1000 final     erand  both     74  1.000     0.007    5.004    0.007         0.009          0.000      uniform                0.200     0.00
kimi  1000 final     erand  both      0  0.000     0.998    0.008    0.995         0.005         10.116        rulex               40.000     0.98
kimi  1000 final     erand  both      8  0.050     0.993    0.034    0.892         0.081          6.405        rulex               40.000     0.92
kimi  1000 final     erand  both      8  0.100     0.990    0.051    0.895         0.070          6.277        rulex               40.000     0.92
kimi  1000 final     erand  both     17  0.200     0.984    0.099    0.787         0.157          4.485        rulex               40.000     0.84
kimi  1000 final     erand  both     29  0.300     0.980    0.157    0.586         0.299          2.081        rulex               40.000     0.66
kimi  1000 final     erand  both     41  0.400     0.983    0.253    0.364         0.508         -0.371        rulex               40.000     0.42
kimi  1000 final     erand  both     45  0.500     0.699    1.525    0.236         0.241         -0.309        rulex                8.530     0.50
kimi  1000 final     erand  both     48  0.600     0.207    2.921    0.058         0.067         -1.929        rulex                2.828     0.46
kimi  1000 final     erand  both     57  0.700     0.047    3.823    0.032         0.014         -2.136        rulex                0.200     0.76
kimi  1000 final     erand  both     63  0.800     0.052    3.710    0.022         0.020         -2.874        rulex                1.170     0.52
kimi  1000 final     erand  both     69  0.900     0.006    5.104    0.016         0.007          0.154      uniform                0.311     1.00
kimi  1000 final     erand  both     73  0.950     0.007    5.030    0.004         0.005          0.013      uniform                0.200     0.00
kimi  1000 final     erand  both     74  1.000     0.007    5.004    0.007         0.009          0.000      uniform                0.200     0.00
kimi  1000 final     erand  both      0  0.000     0.998    0.008    0.995         0.005         10.116        rulex               40.000     0.98
kimi  1000 final     erand  both      6  0.050     0.998    0.009    0.982         0.018          8.675        rulex               40.000     0.98
kimi  1000 final     erand  both     12  0.100     0.999    0.010    0.953         0.043          6.803        rulex               40.000     0.96
kimi  1000 final     erand  both     18  0.200     0.985    0.092    0.742         0.196          3.867        rulex               40.000     0.80
kimi  1000 final     erand  both     29  0.300     0.977    0.199    0.598         0.288          2.204        rulex               40.000     0.68
kimi  1000 final     erand  both     36  0.400     0.689    1.430    0.497         0.159          2.140        rulex               10.637     0.76
kimi  1000 final     erand  both     47  0.500     0.541    1.994    0.308         0.160          0.798        rulex                8.530     0.66
kimi  1000 final     erand  both     54  0.600     0.265    3.036    0.160         0.086          0.071        rulex                5.485     0.66
kimi  1000 final     erand  both     64  0.700     0.149    3.288    0.038         0.074         -1.715        rulex                0.200     0.32
kimi  1000 final     erand  both     69  0.800     0.017    4.872    0.036         0.013          0.182         rule                0.200     0.92
kimi  1000 final     erand  both     72  0.900     0.006    5.093    0.007         0.002          0.148  gcm_hamming                0.200     1.00
kimi  1000 final     erand  both     73  0.950     0.007    5.155    0.009         0.011          0.009   gcm_linear                0.200     0.00
kimi  1000 final     erand  both     74  1.000     0.007    5.004    0.007         0.009          0.000      uniform                0.200     0.00
kimi  1000 final      topk    in     55  0.000     0.998    0.008    0.995         0.005         10.116        rulex               40.000     0.98
kimi  1000 final      topk    in     55  0.250     0.998    0.009    0.991         0.007         10.095        rulex               40.000     0.98
kimi  1000 final      topk    in     55  0.500     0.997    0.012    0.989         0.009          9.958        rulex               40.000     0.98
kimi  1000 final      topk    in     55  0.750     0.985    0.050    0.953         0.034          8.898        rulex               40.000     0.96
kimi  1000 final      topk    in     55  1.000     0.015    9.935    0.018         0.011          0.959         rule                0.200     0.72
kimi  1000 final      topk   out     46  0.000     0.998    0.008    0.995         0.005         10.116        rulex               40.000     0.98
kimi  1000 final      topk   out     46  0.250     0.998    0.018    0.996         0.004          8.207        rulex               40.000     0.98
kimi  1000 final      topk   out     46  0.500     0.997    0.120    1.000         0.000          6.298        rulex               40.000     1.00
kimi  1000 final      topk   out     46  0.750     0.978    1.334    0.998         0.000          4.389        rulex               40.000     1.00
kimi  1000 final      topk   out     46  1.000     0.022    4.956    0.546         0.002          2.481  gcm_hamming                1.170     1.00
kimi  1000 final      topk  both     55  0.000     0.998    0.008    0.995         0.005         10.116        rulex               40.000     0.98
kimi  1000 final      topk  both     55  0.250     0.998    0.019    0.995         0.005          7.972        rulex               40.000     0.98
kimi  1000 final      topk  both     55  0.500     0.996    0.135    0.995         0.004          5.769        rulex               40.000     1.00
kimi  1000 final      topk  both     55  0.750     0.956    1.618    0.984         0.009          3.314        rulex               32.076     0.98
kimi  1000 final      topk  both     55  1.000     0.008    5.115    0.013         0.004          0.213   gcm_linear                0.249     1.00
kimi  1000 final     randk    in     19  0.000     0.998    0.008    0.995         0.005         10.116        rulex               40.000     0.98
kimi  1000 final     randk    in     19  0.250     0.998    0.008    0.993         0.007          9.744        rulex               40.000     0.98
kimi  1000 final     randk    in     19  0.500     0.999    0.007    0.984         0.016          9.297        rulex               40.000     0.98
kimi  1000 final     randk    in     19  0.750     0.999    0.007    0.982         0.018          8.761        rulex               40.000     0.98
kimi  1000 final     randk    in     19  1.000     0.999    0.006    0.966         0.034          8.117        rulex               40.000     0.96
kimi  1000 final     randk    in     19  0.000     0.998    0.008    0.995         0.005         10.116        rulex               40.000     0.98
kimi  1000 final     randk    in     19  0.250     0.998    0.008    0.993         0.007          9.744        rulex               40.000     0.98
kimi  1000 final     randk    in     19  0.500     0.999    0.007    0.984         0.016          9.297        rulex               40.000     0.98
kimi  1000 final     randk    in     19  0.750     0.999    0.007    0.982         0.018          8.761        rulex               40.000     0.98
kimi  1000 final     randk    in     19  1.000     0.999    0.006    0.966         0.034          8.117        rulex               40.000     0.96
kimi  1000 final     randk    in     19  0.000     0.998    0.008    0.995         0.005         10.116        rulex               40.000     0.98
kimi  1000 final     randk    in     19  0.250     0.998    0.008    0.993         0.007          9.744        rulex               40.000     0.98
kimi  1000 final     randk    in     19  0.500     0.999    0.007    0.984         0.016          9.297        rulex               40.000     0.98
kimi  1000 final     randk    in     19  0.750     0.999    0.007    0.982         0.018          8.761        rulex               40.000     0.98
kimi  1000 final     randk    in     19  1.000     0.999    0.006    0.966         0.034          8.117        rulex               40.000     0.96
kimi  1000 final     randk   out     28  0.000     0.998    0.008    0.995         0.005         10.116        rulex               40.000     0.98
kimi  1000 final     randk   out     28  0.250     0.998    0.008    0.989         0.009          9.496        rulex               40.000     0.98
kimi  1000 final     randk   out     28  0.500     0.999    0.007    0.978         0.020          8.876        rulex               40.000     0.98
kimi  1000 final     randk   out     28  0.750     0.999    0.007    0.977         0.022          8.255        rulex               40.000     0.98
kimi  1000 final     randk   out     28  1.000     0.999    0.007    0.971         0.025          7.635        rulex               40.000     0.98
kimi  1000 final     randk   out     28  0.000     0.998    0.008    0.995         0.005         10.116        rulex               40.000     0.98
kimi  1000 final     randk   out     28  0.250     0.998    0.008    0.989         0.009          9.496        rulex               40.000     0.98
kimi  1000 final     randk   out     28  0.500     0.999    0.007    0.978         0.020          8.876        rulex               40.000     0.98
kimi  1000 final     randk   out     28  0.750     0.999    0.007    0.977         0.022          8.255        rulex               40.000     0.98
kimi  1000 final     randk   out     28  1.000     0.999    0.007    0.971         0.025          7.635        rulex               40.000     0.98
kimi  1000 final     randk   out     28  0.000     0.998    0.008    0.995         0.005         10.116        rulex               40.000     0.98
kimi  1000 final     randk   out     28  0.250     0.998    0.008    0.989         0.009          9.496        rulex               40.000     0.98
kimi  1000 final     randk   out     28  0.500     0.999    0.007    0.978         0.020          8.876        rulex               40.000     0.98
kimi  1000 final     randk   out     28  0.750     0.999    0.007    0.977         0.022          8.255        rulex               40.000     0.98
kimi  1000 final     randk   out     28  1.000     0.999    0.007    0.971         0.025          7.635        rulex               40.000     0.98
kimi  1000 final     randk  both     19  0.000     0.998    0.008    0.995         0.005         10.116        rulex               40.000     0.98
kimi  1000 final     randk  both     19  0.250     0.999    0.007    0.986         0.013          9.344        rulex               40.000     0.98
kimi  1000 final     randk  both     19  0.500     0.999    0.006    0.980         0.018          8.503        rulex               40.000     0.98
kimi  1000 final     randk  both     19  0.750     0.999    0.005    0.962         0.036          7.581        rulex               40.000     0.96
kimi  1000 final     randk  both     19  1.000     0.999    0.005    0.932         0.068          6.567        rulex               40.000     0.94
kimi  1000 final     randk  both     19  0.000     0.998    0.008    0.995         0.005         10.116        rulex               40.000     0.98
kimi  1000 final     randk  both     19  0.250     0.999    0.007    0.986         0.013          9.344        rulex               40.000     0.98
kimi  1000 final     randk  both     19  0.500     0.999    0.006    0.980         0.018          8.503        rulex               40.000     0.98
kimi  1000 final     randk  both     19  0.750     0.999    0.005    0.962         0.036          7.581        rulex               40.000     0.96
kimi  1000 final     randk  both     19  1.000     0.999    0.005    0.932         0.068          6.567        rulex               40.000     0.94
kimi  1000 final     randk  both     19  0.000     0.998    0.008    0.995         0.005         10.116        rulex               40.000     0.98
kimi  1000 final     randk  both     19  0.250     0.999    0.007    0.986         0.013          9.344        rulex               40.000     0.98
kimi  1000 final     randk  both     19  0.500     0.999    0.006    0.980         0.018          8.503        rulex               40.000     0.98
kimi  1000 final     randk  both     19  0.750     0.999    0.005    0.962         0.036          7.581        rulex               40.000     0.96
kimi  1000 final     randk  both     19  1.000     0.999    0.005    0.932         0.068          6.567        rulex               40.000     0.94
kimi  1000 final  residual    in     19  0.000     0.998    0.008    0.995         0.005         10.116        rulex               40.000     0.98
kimi  1000 final  residual    in     19  0.250     0.998    0.008    0.993         0.007          9.744        rulex               40.000     0.98
kimi  1000 final  residual    in     19  0.500     0.999    0.007    0.984         0.016          9.297        rulex               40.000     0.98
kimi  1000 final  residual    in     19  0.750     0.999    0.007    0.982         0.018          8.761        rulex               40.000     0.98
kimi  1000 final  residual    in     19  1.000     0.999    0.006    0.966         0.034          8.117        rulex               40.000     0.96
kimi  1000 final  residual   out     28  0.000     0.998    0.008    0.995         0.005         10.116        rulex               40.000     0.98
kimi  1000 final  residual   out     28  0.250     0.998    0.008    0.989         0.009          9.496        rulex               40.000     0.98
kimi  1000 final  residual   out     28  0.500     0.999    0.007    0.978         0.020          8.876        rulex               40.000     0.98
kimi  1000 final  residual   out     28  0.750     0.999    0.007    0.977         0.022          8.255        rulex               40.000     0.98
kimi  1000 final  residual   out     28  1.000     0.999    0.007    0.971         0.025          7.635        rulex               40.000     0.98
kimi  1000 final  residual  both     19  0.000     0.998    0.008    0.995         0.005         10.116        rulex               40.000     0.98
kimi  1000 final  residual  both     19  0.250     0.999    0.007    0.986         0.013          9.344        rulex               40.000     0.98
kimi  1000 final  residual  both     19  0.500     0.999    0.006    0.980         0.018          8.503        rulex               40.000     0.98
kimi  1000 final  residual  both     19  0.750     0.999    0.005    0.962         0.036          7.581        rulex               40.000     0.96
kimi  1000 final  residual  both     19  1.000     0.999    0.005    0.932         0.068          6.567        rulex               40.000     0.94
kimi  1000 final   neurons units      0  0.000     0.998    0.008    0.995         0.005         10.116        rulex               40.000     0.98
kimi  1000 final   neurons units      1  0.001     0.998    0.008    0.995         0.005         10.085        rulex               40.000     0.98
kimi  1000 final   neurons units      2  0.001     0.998    0.008    0.995         0.005         10.059        rulex               40.000     0.98
kimi  1000 final   neurons units      4  0.002     0.998    0.008    0.995         0.005         10.008        rulex               40.000     0.98
kimi  1000 final   neurons units      8  0.004     0.998    0.008    0.995         0.005          9.911        rulex               40.000     0.98
kimi  1000 final   neurons units     16  0.008     0.998    0.008    0.995         0.005          9.739        rulex               40.000     0.98
kimi  1000 final   neurons units     32  0.017     0.998    0.008    0.991         0.009          9.435        rulex               40.000     0.98
kimi  1000 final   neurons units     64  0.033     0.999    0.007    0.987         0.013          8.892        rulex               40.000     0.98
kimi  1000 final   neurons units    128  0.067     0.999    0.007    0.977         0.023          7.988        rulex               40.000     0.98
kimi  1000 final   neurons units    256  0.133     0.999    0.007    0.955         0.045          6.664        rulex               40.000     0.96
kimi  1000 final   neurons units    512  0.267     0.999    0.008    0.895         0.095          5.205        rulex               40.000     0.90
kimi  1000 final randunits units      0  0.000     0.998    0.008    0.995         0.005         10.116        rulex               40.000     0.98
kimi  1000 final randunits units      1  0.001     0.998    0.009    0.995         0.005         10.111        rulex               40.000     0.98
kimi  1000 final randunits units      2  0.001     0.998    0.008    0.995         0.005         10.113        rulex               40.000     0.98
kimi  1000 final randunits units      4  0.002     0.998    0.008    0.995         0.005         10.093        rulex               40.000     0.98
kimi  1000 final randunits units      8  0.004     0.998    0.009    0.995         0.005         10.126        rulex               40.000     0.98
kimi  1000 final randunits units     16  0.008     0.998    0.009    0.995         0.005         10.044        rulex               40.000     0.98
kimi  1000 final randunits units     32  0.017     0.998    0.008    0.995         0.005         10.054        rulex               40.000     0.98
kimi  1000 final randunits units     64  0.033     0.998    0.009    0.995         0.005          9.978        rulex               40.000     0.98
kimi  1000 final randunits units    128  0.067     0.998    0.010    0.993         0.007          9.885        rulex               40.000     0.98
kimi  1000 final randunits units    256  0.133     0.998    0.011    0.996         0.004          9.786        rulex               40.000     0.98
kimi  1000 final randunits units    512  0.267     0.998    0.013    0.991         0.009          9.248        rulex               40.000     0.98
kimi  1000 final randunits units      0  0.000     0.998    0.008    0.995         0.005         10.116        rulex               40.000     0.98
kimi  1000 final randunits units      1  0.001     0.998    0.008    0.995         0.005         10.101        rulex               40.000     0.98
kimi  1000 final randunits units      2  0.001     0.998    0.009    0.995         0.005         10.109        rulex               40.000     0.98
kimi  1000 final randunits units      4  0.002     0.998    0.008    0.995         0.005         10.105        rulex               40.000     0.98
kimi  1000 final randunits units      8  0.004     0.998    0.009    0.995         0.005         10.127        rulex               40.000     0.98
kimi  1000 final randunits units     16  0.008     0.998    0.009    0.995         0.005         10.083        rulex               40.000     0.98
kimi  1000 final randunits units     32  0.017     0.998    0.008    0.995         0.005         10.029        rulex               40.000     0.98
kimi  1000 final randunits units     64  0.033     0.998    0.009    0.995         0.005          9.965        rulex               40.000     0.98
kimi  1000 final randunits units    128  0.067     0.998    0.010    0.995         0.005         10.001        rulex               40.000     0.98
kimi  1000 final randunits units    256  0.133     0.998    0.010    0.995         0.005          9.766        rulex               40.000     0.98
kimi  1000 final randunits units    512  0.267     0.997    0.015    0.995         0.005          9.182        rulex               40.000     0.98
kimi  1000 final randunits units      0  0.000     0.998    0.008    0.995         0.005         10.116        rulex               40.000     0.98
kimi  1000 final randunits units      1  0.001     0.998    0.009    0.995         0.005         10.120        rulex               40.000     0.98
kimi  1000 final randunits units      2  0.001     0.998    0.008    0.995         0.005         10.114        rulex               40.000     0.98
kimi  1000 final randunits units      4  0.002     0.998    0.009    0.995         0.005         10.117        rulex               40.000     0.98
kimi  1000 final randunits units      8  0.004     0.998    0.008    0.996         0.004         10.091        rulex               40.000     0.98
kimi  1000 final randunits units     16  0.008     0.998    0.009    0.995         0.005         10.075        rulex               40.000     0.98
kimi  1000 final randunits units     32  0.017     0.998    0.009    0.995         0.005         10.039        rulex               40.000     0.98
kimi  1000 final randunits units     64  0.033     0.998    0.009    0.996         0.004         10.049        rulex               40.000     0.98
kimi  1000 final randunits units    128  0.067     0.998    0.009    0.995         0.005          9.860        rulex               40.000     0.98
kimi  1000 final randunits units    256  0.133     0.998    0.010    0.995         0.005          9.636        rulex               40.000     0.98
kimi  1000 final randunits units    512  0.267     0.997    0.015    0.995         0.005          9.149        rulex               40.000     0.98
kimi  1001 final      none     -      0  0.000     0.997    0.011    0.996         0.004         11.151        rulex               40.000     0.98
kimi  1001 final   lowpass    in      0  0.000     0.007    9.225    0.007         0.005          0.032      uniform                0.200     1.00
kimi  1001 final   lowpass    in      1  1.000     0.010   10.676    0.004         0.007         -0.086         rule                1.459     0.00
kimi  1001 final   lowpass    in      2  2.000     0.004    9.979    0.005         0.004          0.046      uniform                0.200     1.00
kimi  1001 final   lowpass    in      3  3.000     0.012   10.266    0.004         0.016         -0.322         rule                0.938     0.00
kimi  1001 final   lowpass    in      4  4.000     0.012   10.060    0.016         0.007         -0.153 gcm_circular                0.938     1.00
kimi  1001 final   lowpass    in      6  6.000     0.060    5.556    0.022         0.043         -1.908        rulex                2.828     0.30
kimi  1001 final   lowpass    in      8  8.000     0.072    5.302    0.034         0.038         -1.903 gcm_circular                3.527     0.48
kimi  1001 final   lowpass    in     12 12.000     0.296    2.464    0.040         0.159         -3.853        rulex               10.637     0.20
kimi  1001 final   lowpass    in     16 16.000     0.308    2.394    0.050         0.151         -3.412 gcm_circular               13.264     0.24
kimi  1001 final   lowpass    in     24 24.000     0.472    1.624    0.115         0.214         -2.461 gcm_circular               25.722     0.34
kimi  1001 final   lowpass    in     32 32.000     0.673    0.953    0.290         0.231          0.140        rulex               32.076     0.56
kimi  1001 final   lowpass    in     48 48.000     0.993    0.029    0.759         0.220          4.585        rulex               40.000     0.78
kimi  1001 final   lowpass    in     74 74.000     0.997    0.011    0.996         0.004         11.151        rulex               40.000     0.98
kimi  1001 final   lowpass   out      0  0.000     0.007    5.004    0.005         0.004          0.000      uniform                0.200     1.00
kimi  1001 final   lowpass   out      1  1.000     0.007    5.002    0.002         0.004          0.088      uniform                1.170     0.00
kimi  1001 final   lowpass   out      2  2.000     0.010    5.004    0.018         0.002          0.176         rule                0.938     1.00
kimi  1001 final   lowpass   out      3  3.000     0.008    4.998    0.029         0.004          0.266      uniform                0.603     1.00
kimi  1001 final   lowpass   out      4  4.000     0.040    4.539    0.056         0.000          0.541        rulex                1.459     1.00
kimi  1001 final   lowpass   out      6  6.000     0.127    4.101    0.081         0.014          0.634 gcm_circular                5.485     0.88
kimi  1001 final   lowpass   out      8  8.000     0.187    3.824    0.133         0.011          0.988        rulex                5.485     0.94
kimi  1001 final   lowpass   out     12 12.000     0.623    2.178    0.355         0.020          1.866        rulex               25.722     0.96
kimi  1001 final   lowpass   out     16 16.000     0.729    1.718    0.465         0.013          2.486        rulex               32.076     0.98
kimi  1001 final   lowpass   out     24 24.000     0.895    1.001    0.717         0.025          3.327        rulex               40.000     0.96
kimi  1001 final   lowpass   out     32 32.000     0.966    0.442    0.926         0.009          4.979        rulex               40.000     0.98
kimi  1001 final   lowpass   out     48 48.000     0.995    0.047    0.986         0.013          7.160        rulex               40.000     0.98
kimi  1001 final   lowpass   out     74 74.000     0.997    0.011    0.996         0.004         11.151        rulex               40.000     0.98
kimi  1001 final   lowpass  both      0  0.000     0.007    5.004    0.005         0.004          0.000      uniform                0.200     1.00
kimi  1001 final   lowpass  both      1  1.000     0.010    4.981    0.011         0.016         -0.018   gcm_linear                1.819     0.00
kimi  1001 final   lowpass  both      2  2.000     0.006    5.012    0.009         0.016          0.004      uniform                0.200     0.00
kimi  1001 final   lowpass  both      3  3.000     0.005    5.014    0.002         0.000          0.012      uniform                0.249     1.00
kimi  1001 final   lowpass  both      4  4.000     0.006    5.214    0.007         0.004          0.050      uniform                0.249     1.00
kimi  1001 final   lowpass  both      6  6.000     0.057    4.244    0.009         0.050         -0.974 gcm_circular                2.828     0.06
kimi  1001 final   lowpass  both      8  8.000     0.057    4.183    0.020         0.059         -0.972 gcm_circular                3.527     0.18
kimi  1001 final   lowpass  both     12 12.000     0.451    1.943    0.007         0.391         -4.657         rule               16.541     0.02
kimi  1001 final   lowpass  both     16 16.000     0.512    1.575    0.007         0.407         -5.821         rule               16.541     0.02
kimi  1001 final   lowpass  both     24 24.000     0.665    1.005    0.009         0.523         -5.788         rule               40.000     0.02
kimi  1001 final   lowpass  both     32 32.000     0.785    0.685    0.092         0.486         -3.900        rulex               40.000     0.16
kimi  1001 final   lowpass  both     48 48.000     0.994    0.047    0.548         0.395          1.086        rulex               40.000     0.58
kimi  1001 final   lowpass  both     74 74.000     0.997    0.011    0.996         0.004         11.151        rulex               40.000     0.98
kimi  1001 final      etop    in      0  0.000     0.997    0.011    0.996         0.004         11.151        rulex               40.000     0.98
kimi  1001 final      etop    in      1  0.050     0.983    0.070    0.986         0.009          9.826        rulex               40.000     0.98
kimi  1001 final      etop    in      2  0.100     0.901    0.320    0.926         0.009          9.459        rulex               20.627     0.98
kimi  1001 final      etop    in      3  0.200     0.564    1.411    0.877         0.004         10.156        rulex                2.828     1.00
kimi  1001 final      etop    in      4  0.300     0.569    1.425    0.908         0.000         10.501        rulex                3.527     1.00
kimi  1001 final      etop    in      7  0.400     0.511    1.817    0.894         0.004         11.102        rulex                3.527     1.00
kimi  1001 final      etop    in     10  0.500     0.405    2.670    0.859         0.002         11.130        rulex                2.828     1.00
kimi  1001 final      etop    in     17  0.600     0.244    4.524    0.715         0.002         10.124        rulex                2.268     1.00
kimi  1001 final      etop    in     27  0.700     0.103    6.715    0.476         0.002          7.933        rulex                1.170     1.00
kimi  1001 final      etop    in     41  0.800     0.044    8.334    0.195         0.009          4.433        rulex                0.388     1.00
kimi  1001 final      etop    in     56  0.900     0.018    9.367    0.034         0.009          1.290        rulex                0.200     1.00
kimi  1001 final      etop    in     65  0.950     0.007   10.074    0.007         0.005          0.437      uniform                0.484     1.00
kimi  1001 final      etop    in     74  1.000     0.007    9.225    0.007         0.005          0.032      uniform                0.200     1.00
kimi  1001 final      etop   out      0  0.000     0.997    0.011    0.996         0.004         11.151        rulex               40.000     0.98
kimi  1001 final      etop   out      2  0.050     0.996    0.016    0.996         0.004         10.553        rulex               40.000     1.00
kimi  1001 final      etop   out      3  0.100     0.996    0.018    0.996         0.004         10.108        rulex               40.000     1.00
kimi  1001 final      etop   out      6  0.200     0.995    0.029    0.996         0.004          9.204        rulex               40.000     1.00
kimi  1001 final      etop   out     10  0.300     0.992    0.074    0.996         0.004          8.395        rulex               40.000     1.00
kimi  1001 final      etop   out     14  0.400     0.981    0.227    0.991         0.004          7.805        rulex               40.000     1.00
kimi  1001 final      etop   out     18  0.500     0.938    0.623    0.987         0.004          7.090        rulex               25.722     1.00
kimi  1001 final      etop   out     23  0.600     0.833    1.401    0.960         0.002          5.867        rulex               13.264     1.00
kimi  1001 final      etop   out     28  0.700     0.517    2.662    0.908         0.000          5.095        rulex                5.485     1.00
kimi  1001 final      etop   out     34  0.800     0.142    3.946    0.762         0.000          4.008        rulex                1.819     1.00
kimi  1001 final      etop   out     44  0.900     0.020    4.928    0.584         0.000          2.607  gcm_hamming                0.938     1.00
kimi  1001 final      etop   out     57  0.950     0.010    4.997    0.308         0.000          1.351  gcm_hamming                1.170     1.00
kimi  1001 final      etop   out     74  1.000     0.007    5.004    0.005         0.004          0.000      uniform                0.200     1.00
kimi  1001 final      etop  both      0  0.000     0.997    0.011    0.996         0.004         11.151        rulex               40.000     0.98
kimi  1001 final      etop  both      1  0.050     0.978    0.107    0.982         0.007          9.496        rulex               40.000     0.98
kimi  1001 final      etop  both      2  0.100     0.820    0.601    0.923         0.004          9.105        rulex               13.264     1.00
kimi  1001 final      etop  both      3  0.200     0.419    2.136    0.905         0.000          9.420        rulex                2.268     1.00
kimi  1001 final      etop  both      4  0.300     0.381    2.368    0.890         0.000          8.552        rulex                2.268     1.00
kimi  1001 final      etop  both      7  0.400     0.314    2.771    0.825         0.002          7.421        rulex                2.268     1.00
kimi  1001 final      etop  both     10  0.500     0.208    3.528    0.712         0.002          6.277        rulex                1.819     1.00
kimi  1001 final      etop  both     17  0.600     0.103    4.369    0.477         0.004          4.398        rulex                1.170     1.00
kimi  1001 final      etop  both     27  0.700     0.031    5.159    0.267         0.004          2.714        rulex                0.752     1.00
kimi  1001 final      etop  both     41  0.800     0.010    5.334    0.101         0.004          1.237  gcm_hamming                0.249     1.00
kimi  1001 final      etop  both     56  0.900     0.006    5.195    0.034         0.011          0.307   gcm_linear                0.200     1.00
kimi  1001 final      etop  both     65  0.950     0.007    5.090    0.018         0.009          0.005   gcm_linear                0.200     1.00
kimi  1001 final      etop  both     74  1.000     0.007    5.004    0.005         0.004          0.000      uniform                0.200     1.00
kimi  1001 final   ebottom    in      0  0.000     0.997    0.011    0.996         0.004         11.151        rulex               40.000     0.98
kimi  1001 final   ebottom    in     10  0.050     0.997    0.010    0.989         0.011         10.336        rulex               40.000     0.98
kimi  1001 final   ebottom    in     19  0.100     0.998    0.009    0.986         0.014          9.307        rulex               40.000     0.98
kimi  1001 final   ebottom    in     34  0.200     0.998    0.008    0.917         0.083          6.971        rulex               40.000     0.92
kimi  1001 final   ebottom    in     48  0.300     0.998    0.006    0.717         0.281          3.536        rulex               40.000     0.72
kimi  1001 final   ebottom    in     58  0.400     0.999    0.004    0.488         0.510          0.530        rulex               40.000     0.48
kimi  1001 final   ebottom    in     65  0.500     0.999    0.005    0.346         0.643         -1.818        rulex               40.000     0.34
kimi  1001 final   ebottom    in     68  0.600     0.996    0.018    0.126         0.852         -5.472        rulex               40.000     0.12
kimi  1001 final   ebottom    in     71  0.700     0.342    2.532    0.061         0.184         -2.191        rulex                2.828     0.24
kimi  1001 final   ebottom    in     72  0.800     0.113    4.170    0.023         0.079         -1.582        rulex                0.200     0.20
kimi  1001 final   ebottom    in     73  0.900     0.027    5.909    0.013         0.023         -0.955         rule                0.484     0.24
kimi  1001 final   ebottom    in     74  0.950     0.007    9.225    0.007         0.005          0.032      uniform                0.200     1.00
kimi  1001 final   ebottom    in     74  1.000     0.007    9.225    0.007         0.005          0.032      uniform                0.200     1.00
kimi  1001 final   ebottom   out      0  0.000     0.997    0.011    0.996         0.004         11.151        rulex               40.000     0.98
kimi  1001 final   ebottom   out     18  0.050     0.998    0.009    0.993         0.007          9.700        rulex               40.000     0.98
kimi  1001 final   ebottom   out     31  0.100     0.998    0.008    0.987         0.013          8.430        rulex               40.000     0.98
kimi  1001 final   ebottom   out     41  0.200     0.998    0.010    0.980         0.018          6.938        rulex               40.000     0.98
kimi  1001 final   ebottom   out     47  0.300     0.998    0.017    0.969         0.025          5.843        rulex               40.000     0.98
kimi  1001 final   ebottom   out     52  0.400     0.997    0.040    0.957         0.034          5.054        rulex               40.000     0.96
kimi  1001 final   ebottom   out     57  0.500     0.995    0.124    0.881         0.061          3.859        rulex               40.000     0.94
kimi  1001 final   ebottom   out     61  0.600     0.992    0.324    0.786         0.061          2.913        rulex               40.000     0.92
kimi  1001 final   ebottom   out     65  0.700     0.951    1.265    0.625         0.031          2.470        rulex               32.076     0.96
kimi  1001 final   ebottom   out     69  0.800     0.727    2.690    0.341         0.031          1.585        rulex                6.840     0.92
kimi  1001 final   ebottom   out     72  0.900     0.145    3.909    0.065         0.014          0.597        rulex                0.200     0.84
kimi  1001 final   ebottom   out     73  0.950     0.044    4.370    0.020         0.007          0.218        rulex                0.200     0.82
kimi  1001 final   ebottom   out     74  1.000     0.007    5.004    0.005         0.004          0.000      uniform                0.200     1.00
kimi  1001 final   ebottom  both      0  0.000     0.997    0.011    0.996         0.004         11.151        rulex               40.000     0.98
kimi  1001 final   ebottom  both     10  0.050     0.998    0.007    0.989         0.011          8.904        rulex               40.000     0.98
kimi  1001 final   ebottom  both     19  0.100     0.999    0.006    0.948         0.052          6.678        rulex               40.000     0.94
kimi  1001 final   ebottom  both     34  0.200     0.999    0.006    0.775         0.216          3.368        rulex               40.000     0.78
kimi  1001 final   ebottom  both     48  0.300     0.999    0.008    0.483         0.501          0.197        rulex               40.000     0.50
kimi  1001 final   ebottom  both     58  0.400     1.000    0.023    0.294         0.686         -1.670        rulex               40.000     0.30
kimi  1001 final   ebottom  both     65  0.500     0.998    0.125    0.159         0.793         -2.921        rulex               40.000     0.16
kimi  1001 final   ebottom  both     68  0.600     0.966    0.694    0.036         0.816         -3.461        rulex               32.076     0.04
kimi  1001 final   ebottom  both     71  0.700     0.010    5.401    0.050         0.004          1.056         rule                0.200     1.00
kimi  1001 final   ebottom  both     72  0.800     0.006    5.241    0.016         0.000          0.373      uniform                0.388     1.00
kimi  1001 final   ebottom  both     73  0.900     0.007    5.137    0.005         0.002          0.038  gcm_hamming                0.200     1.00
kimi  1001 final   ebottom  both     74  0.950     0.007    5.044    0.007         0.002         -0.012      uniform                0.200     1.00
kimi  1001 final   ebottom  both     74  1.000     0.007    5.004    0.005         0.004          0.000      uniform                0.200     1.00
kimi  1001 final     erand    in      0  0.000     0.997    0.011    0.996         0.004         11.151        rulex               40.000     0.98
kimi  1001 final     erand    in      6  0.050     0.997    0.011    0.993         0.007         10.583        rulex               40.000     0.98
kimi  1001 final     erand    in     12  0.100     0.997    0.010    0.984         0.013          9.935        rulex               40.000     0.98
kimi  1001 final     erand    in     18  0.200     0.984    0.061    0.968         0.029          9.350        rulex               40.000     0.98
kimi  1001 final     erand    in     24  0.300     0.981    0.076    0.948         0.041          8.256        rulex               40.000     0.96
kimi  1001 final     erand    in     34  0.400     0.978    0.093    0.840         0.126          5.806        rulex               40.000     0.86
kimi  1001 final     erand    in     43  0.500     0.965    0.134    0.562         0.333          2.120        rulex               32.076     0.62
kimi  1001 final     erand    in     50  0.600     0.410    2.299    0.263         0.110          1.292        rulex                3.527     0.70
kimi  1001 final     erand    in     54  0.700     0.335    2.694    0.189         0.101          0.573        rulex                3.527     0.66
kimi  1001 final     erand    in     62  0.800     0.038    6.614    0.059         0.014          0.323        rulex                0.388     0.92
kimi  1001 final     erand    in     64  0.900     0.025    6.795    0.034         0.011         -0.283        rulex                0.200     0.96
kimi  1001 final     erand    in     68  0.950     0.011    9.919    0.005         0.009          0.480         rule                0.200     0.00
kimi  1001 final     erand    in     74  1.000     0.007    9.225    0.007         0.005          0.032      uniform                0.200     1.00
kimi  1001 final     erand    in      0  0.000     0.997    0.011    0.996         0.004         11.151        rulex               40.000     0.98
kimi  1001 final     erand    in      3  0.050     0.990    0.036    0.991         0.009         10.957        rulex               40.000     0.98
kimi  1001 final     erand    in      4  0.100     0.990    0.036    0.995         0.005         10.877        rulex               40.000     0.98
kimi  1001 final     erand    in     12  0.200     0.990    0.036    0.977         0.020          9.360        rulex               40.000     0.98
kimi  1001 final     erand    in     23  0.300     0.969    0.110    0.914         0.045          7.579        rulex               40.000     0.96
kimi  1001 final     erand    in     32  0.400     0.790    0.605    0.595         0.094          4.770        rulex               13.264     0.86
kimi  1001 final     erand    in     34  0.500     0.725    0.811    0.515         0.099          4.017        rulex               10.637     0.84
kimi  1001 final     erand    in     39  0.600     0.418    2.296    0.532         0.031          6.046        rulex                2.828     0.96
kimi  1001 final     erand    in     44  0.700     0.315    3.025    0.409         0.038          4.874        rulex                1.819     0.92
kimi  1001 final     erand    in     55  0.800     0.151    4.397    0.166         0.043          1.946        rulex                1.459     0.82
kimi  1001 final     erand    in     66  0.900     0.011    9.633    0.020         0.013          0.646         rule                0.200     1.00
kimi  1001 final     erand    in     69  0.950     0.009    9.849    0.009         0.005          0.457  gcm_hamming                0.200     1.00
kimi  1001 final     erand    in     74  1.000     0.007    9.225    0.007         0.005          0.032      uniform                0.200     1.00
kimi  1001 final     erand    in      0  0.000     0.997    0.011    0.996         0.004         11.151        rulex               40.000     0.98
kimi  1001 final     erand    in      5  0.050     0.997    0.011    0.991         0.009         10.580        rulex               40.000     0.98
kimi  1001 final     erand    in     11  0.100     0.994    0.026    0.942         0.050          8.189        rulex               40.000     0.94
kimi  1001 final     erand    in     13  0.200     0.993    0.026    0.930         0.059          7.902        rulex               40.000     0.94
kimi  1001 final     erand    in     22  0.300     0.985    0.060    0.894         0.086          6.843        rulex               40.000     0.92
kimi  1001 final     erand    in     31  0.400     0.933    0.237    0.627         0.202          3.696        rulex               20.627     0.76
kimi  1001 final     erand    in     40  0.500     0.864    0.440    0.436         0.265          1.776        rulex               16.541     0.62
kimi  1001 final     erand    in     42  0.600     0.520    1.593    0.396         0.088          2.892        rulex                5.485     0.82
kimi  1001 final     erand    in     49  0.700     0.214    3.625    0.276         0.029          3.102        rulex                1.459     0.92
kimi  1001 final     erand    in     60  0.800     0.196    3.516    0.150         0.054          0.521        rulex                1.170     0.74
kimi  1001 final     erand    in     68  0.900     0.055    5.781    0.038         0.013         -0.579        rulex                0.200     0.82
kimi  1001 final     erand    in     73  0.950     0.020    6.096    0.011         0.020         -1.757  gcm_hamming                0.200     0.24
kimi  1001 final     erand    in     74  1.000     0.007    9.225    0.007         0.005          0.032      uniform                0.200     1.00
kimi  1001 final     erand   out      0  0.000     0.997    0.011    0.996         0.004         11.151        rulex               40.000     0.98
kimi  1001 final     erand   out      5  0.050     0.997    0.012    0.995         0.005         10.413        rulex               40.000     0.98
kimi  1001 final     erand   out      9  0.100     0.997    0.016    0.993         0.005          9.769        rulex               40.000     0.98
kimi  1001 final     erand   out     18  0.200     0.995    0.032    0.993         0.004          8.936        rulex               40.000     1.00
kimi  1001 final     erand   out     22  0.300     0.994    0.057    0.993         0.004          7.882        rulex               40.000     1.00
kimi  1001 final     erand   out     30  0.400     0.990    0.126    0.986         0.005          6.652        rulex               40.000     0.98
kimi  1001 final     erand   out     40  0.500     0.986    0.308    0.957         0.014          5.006        rulex               40.000     0.98
kimi  1001 final     erand   out     46  0.600     0.977    0.647    0.926         0.018          4.080        rulex               40.000     0.98
kimi  1001 final     erand   out     51  0.700     0.916    1.472    0.841         0.014          3.345        rulex               20.627     0.98
kimi  1001 final     erand   out     60  0.800     0.730    2.525    0.596         0.011          2.226        rulex                8.530     0.98
kimi  1001 final     erand   out     68  0.900     0.205    3.881    0.155         0.014          0.941        rulex                1.170     0.94
kimi  1001 final     erand   out     72  0.950     0.026    4.613    0.027         0.013          0.323        rulex                0.200     0.82
kimi  1001 final     erand   out     74  1.000     0.007    5.004    0.005         0.004          0.000      uniform                0.200     1.00
kimi  1001 final     erand   out      0  0.000     0.997    0.011    0.996         0.004         11.151        rulex               40.000     0.98
kimi  1001 final     erand   out      4  0.050     0.996    0.015    0.996         0.004         10.755        rulex               40.000     1.00
kimi  1001 final     erand   out      8  0.100     0.996    0.016    0.996         0.004         10.168        rulex               40.000     1.00
kimi  1001 final     erand   out     14  0.200     0.996    0.027    0.996         0.004          8.856        rulex               40.000     1.00
kimi  1001 final     erand   out     21  0.300     0.996    0.041    0.993         0.007          7.603        rulex               40.000     0.98
kimi  1001 final     erand   out     30  0.400     0.993    0.098    0.989         0.009          6.476        rulex               40.000     0.98
kimi  1001 final     erand   out     35  0.500     0.987    0.311    0.977         0.009          5.647        rulex               40.000     0.98
kimi  1001 final     erand   out     42  0.600     0.951    0.962    0.935         0.004          4.953        rulex               32.076     1.00
kimi  1001 final     erand   out     50  0.700     0.838    1.736    0.818         0.005          3.737        rulex               16.541     1.00
kimi  1001 final     erand   out     59  0.800     0.467    2.875    0.568         0.018          2.287        rulex                4.398     0.98
kimi  1001 final     erand   out     66  0.900     0.067    4.394    0.193         0.005          0.953        rulex                1.170     1.00
kimi  1001 final     erand   out     67  0.950     0.024    4.724    0.153         0.000          0.752        rulex                0.388     1.00
kimi  1001 final     erand   out     74  1.000     0.007    5.004    0.005         0.004          0.000      uniform                0.200     1.00
kimi  1001 final     erand   out      0  0.000     0.997    0.011    0.996         0.004         11.151        rulex               40.000     0.98
kimi  1001 final     erand   out      6  0.050     0.997    0.012    0.995         0.005         10.243        rulex               40.000     0.98
kimi  1001 final     erand   out      8  0.100     0.997    0.014    0.993         0.007          9.730        rulex               40.000     0.98
kimi  1001 final     erand   out     19  0.200     0.996    0.023    0.989         0.011          8.370        rulex               40.000     0.98
kimi  1001 final     erand   out     26  0.300     0.995    0.049    0.989         0.007          7.415        rulex               40.000     0.98
kimi  1001 final     erand   out     30  0.400     0.993    0.105    0.984         0.009          6.552        rulex               40.000     0.98
kimi  1001 final     erand   out     38  0.500     0.986    0.300    0.957         0.013          5.123        rulex               40.000     0.98
kimi  1001 final     erand   out     44  0.600     0.970    0.720    0.919         0.009          4.407        rulex               40.000     0.98
kimi  1001 final     erand   out     52  0.700     0.895    1.672    0.822         0.009          3.296        rulex               16.541     0.98
kimi  1001 final     erand   out     57  0.800     0.594    2.792    0.616         0.005          2.219        rulex                5.485     1.00
kimi  1001 final     erand   out     68  0.900     0.146    4.015    0.240         0.013          1.138        rulex                1.459     0.98
kimi  1001 final     erand   out     73  0.950     0.014    4.878    0.027         0.007          0.432         rule                0.200     1.00
kimi  1001 final     erand   out     74  1.000     0.007    5.004    0.005         0.004          0.000      uniform                0.200     1.00
kimi  1001 final     erand  both      0  0.000     0.997    0.011    0.996         0.004         11.151        rulex               40.000     0.98
kimi  1001 final     erand  both      6  0.050     0.996    0.014    0.993         0.005         10.085        rulex               40.000     0.98
kimi  1001 final     erand  both     12  0.100     0.996    0.019    0.982         0.014          9.033        rulex               40.000     0.98
kimi  1001 final     erand  both     18  0.200     0.977    0.118    0.944         0.034          7.277        rulex               40.000     0.96
kimi  1001 final     erand  both     24  0.300     0.949    0.337    0.906         0.043          5.913        rulex               32.076     0.96
kimi  1001 final     erand  both     34  0.400     0.937    0.500    0.735         0.123          3.435        rulex               25.722     0.86
kimi  1001 final     erand  both     43  0.500     0.849    0.907    0.400         0.238          0.906        rulex               16.541     0.62
kimi  1001 final     erand  both     50  0.600     0.119    4.283    0.198         0.023          1.777        rulex                1.170     0.94
kimi  1001 final     erand  both     54  0.700     0.074    4.705    0.094         0.016          1.072        rulex                0.752     0.92
kimi  1001 final     erand  both     62  0.800     0.009    5.314    0.027         0.005          0.388  gcm_hamming                0.484     1.00
kimi  1001 final     erand  both     64  0.900     0.011    5.193    0.011         0.004          0.114  gcm_hamming                0.200     1.00
kimi  1001 final     erand  both     68  0.950     0.007    5.209    0.009         0.004          0.093  gcm_hamming                0.200     1.00
kimi  1001 final     erand  both     74  1.000     0.007    5.004    0.005         0.004          0.000      uniform                0.200     1.00
kimi  1001 final     erand  both      0  0.000     0.997    0.011    0.996         0.004         11.151        rulex               40.000     0.98
kimi  1001 final     erand  both      3  0.050     0.991    0.034    0.987         0.011         10.258        rulex               40.000     0.98
kimi  1001 final     erand  both      4  0.100     0.992    0.032    0.984         0.013          9.214        rulex               40.000     0.98
kimi  1001 final     erand  both     12  0.200     0.991    0.053    0.950         0.038          6.999        rulex               40.000     0.96
kimi  1001 final     erand  both     23  0.300     0.963    0.178    0.822         0.095          4.275        rulex               40.000     0.90
kimi  1001 final     erand  both     32  0.400     0.678    1.105    0.485         0.074          2.736        rulex                8.530     0.86
kimi  1001 final     erand  both     34  0.500     0.566    1.626    0.387         0.072          1.864        rulex                6.840     0.84
kimi  1001 final     erand  both     39  0.600     0.276    2.555    0.261         0.031          1.449        rulex                0.938     0.90
kimi  1001 final     erand  both     44  0.700     0.212    3.028    0.126         0.036          0.203        rulex                0.938     0.80
kimi  1001 final     erand  both     55  0.800     0.070    4.091    0.029         0.036         -0.745        rulex                0.200     0.44
kimi  1001 final     erand  both     66  0.900     0.008    5.449    0.007         0.011          0.038      uniform                0.200     0.00
kimi  1001 final     erand  both     69  0.950     0.006    5.146    0.009         0.013          0.067      uniform                0.388     0.00
kimi  1001 final     erand  both     74  1.000     0.007    5.004    0.005         0.004          0.000      uniform                0.200     1.00
kimi  1001 final     erand  both      0  0.000     0.997    0.011    0.996         0.004         11.151        rulex               40.000     0.98
kimi  1001 final     erand  both      5  0.050     0.998    0.012    0.991         0.009          9.816        rulex               40.000     0.98
kimi  1001 final     erand  both     11  0.100     0.992    0.044    0.942         0.047          7.398        rulex               40.000     0.96
kimi  1001 final     erand  both     13  0.200     0.993    0.044    0.894         0.083          5.691        rulex               40.000     0.92
kimi  1001 final     erand  both     22  0.300     0.972    0.171    0.818         0.114          4.191        rulex               40.000     0.88
kimi  1001 final     erand  both     31  0.400     0.867    0.630    0.427         0.223          1.374        rulex               13.264     0.66
kimi  1001 final     erand  both     40  0.500     0.662    1.425    0.270         0.195          0.546        rulex                8.530     0.58
kimi  1001 final     erand  both     42  0.600     0.218    3.342    0.308         0.027          1.920        rulex                3.527     0.94
kimi  1001 final     erand  both     49  0.700     0.065    4.373    0.160         0.014          1.237        rulex                0.200     1.00
kimi  1001 final     erand  both     60  0.800     0.026    5.056    0.083         0.011          1.032        rulex                0.200     1.00
kimi  1001 final     erand  both     68  0.900     0.009    5.196    0.009         0.005          0.245   gcm_linear                0.200     1.00
kimi  1001 final     erand  both     73  0.950     0.006    5.064    0.007         0.007          0.008  gcm_hamming                0.249     0.50
kimi  1001 final     erand  both     74  1.000     0.007    5.004    0.005         0.004          0.000      uniform                0.200     1.00
kimi  1001 final      topk    in     56  0.000     0.997    0.011    0.996         0.004         11.151        rulex               40.000     0.98
kimi  1001 final      topk    in     56  0.250     0.997    0.011    0.996         0.004         11.090        rulex               40.000     0.98
kimi  1001 final      topk    in     56  0.500     0.996    0.013    0.991         0.005         10.943        rulex               40.000     0.98
kimi  1001 final      topk    in     56  0.750     0.990    0.035    0.962         0.036         10.254        rulex               40.000     0.96
kimi  1001 final      topk    in     56  1.000     0.018    9.367    0.034         0.009          1.290        rulex                0.200     1.00
kimi  1001 final      topk   out     44  0.000     0.997    0.011    0.996         0.004         11.151        rulex               40.000     0.98
kimi  1001 final      topk   out     44  0.250     0.996    0.023    0.996         0.004          9.015        rulex               40.000     1.00
kimi  1001 final      topk   out     44  0.500     0.994    0.129    0.996         0.004          6.879        rulex               40.000     1.00
kimi  1001 final      topk   out     44  0.750     0.969    1.353    0.998         0.002          4.743        rulex               40.000     1.00
kimi  1001 final      topk   out     44  1.000     0.020    4.928    0.584         0.000          2.607  gcm_hamming                0.938     1.00
kimi  1001 final      topk  both     56  0.000     0.997    0.011    0.996         0.004         11.151        rulex               40.000     0.98
kimi  1001 final      topk  both     56  0.250     0.996    0.021    0.996         0.004          8.679        rulex               40.000     1.00
kimi  1001 final      topk  both     56  0.500     0.995    0.128    0.991         0.005          6.187        rulex               40.000     0.98
kimi  1001 final      topk  both     56  0.750     0.970    1.561    0.982         0.016          3.574        rulex               40.000     0.98
kimi  1001 final      topk  both     56  1.000     0.007    5.109    0.027         0.007          0.149      uniform                0.200     1.00
kimi  1001 final     randk    in     18  0.000     0.997    0.011    0.996         0.004         11.151        rulex               40.000     0.98
kimi  1001 final     randk    in     18  0.250     0.997    0.011    0.995         0.005         10.829        rulex               40.000     0.98
kimi  1001 final     randk    in     18  0.500     0.997    0.010    0.995         0.005         10.449        rulex               40.000     0.98
kimi  1001 final     randk    in     18  0.750     0.998    0.010    0.991         0.009          9.995        rulex               40.000     0.98
kimi  1001 final     randk    in     18  1.000     0.998    0.009    0.987         0.013          9.446        rulex               40.000     0.98
kimi  1001 final     randk    in     18  0.000     0.997    0.011    0.996         0.004         11.151        rulex               40.000     0.98
kimi  1001 final     randk    in     18  0.250     0.997    0.011    0.995         0.005         10.829        rulex               40.000     0.98
kimi  1001 final     randk    in     18  0.500     0.997    0.010    0.995         0.005         10.449        rulex               40.000     0.98
kimi  1001 final     randk    in     18  0.750     0.998    0.010    0.991         0.009          9.995        rulex               40.000     0.98
kimi  1001 final     randk    in     18  1.000     0.998    0.009    0.987         0.013          9.446        rulex               40.000     0.98
kimi  1001 final     randk    in     18  0.000     0.997    0.011    0.996         0.004         11.151        rulex               40.000     0.98
kimi  1001 final     randk    in     18  0.250     0.997    0.011    0.995         0.005         10.829        rulex               40.000     0.98
kimi  1001 final     randk    in     18  0.500     0.997    0.010    0.995         0.005         10.449        rulex               40.000     0.98
kimi  1001 final     randk    in     18  0.750     0.998    0.010    0.991         0.009          9.995        rulex               40.000     0.98
kimi  1001 final     randk    in     18  1.000     0.998    0.009    0.987         0.013          9.446        rulex               40.000     0.98
kimi  1001 final     randk   out     30  0.000     0.997    0.011    0.996         0.004         11.151        rulex               40.000     0.98
kimi  1001 final     randk   out     30  0.250     0.998    0.010    0.996         0.004         10.499        rulex               40.000     0.98
kimi  1001 final     randk   out     30  0.500     0.998    0.009    0.993         0.007          9.847        rulex               40.000     0.98
kimi  1001 final     randk   out     30  0.750     0.998    0.008    0.991         0.009          9.195        rulex               40.000     0.98
kimi  1001 final     randk   out     30  1.000     0.998    0.008    0.987         0.013          8.544        rulex               40.000     0.98
kimi  1001 final     randk   out     30  0.000     0.997    0.011    0.996         0.004         11.151        rulex               40.000     0.98
kimi  1001 final     randk   out     30  0.250     0.998    0.010    0.996         0.004         10.499        rulex               40.000     0.98
kimi  1001 final     randk   out     30  0.500     0.998    0.009    0.993         0.007          9.847        rulex               40.000     0.98
kimi  1001 final     randk   out     30  0.750     0.998    0.008    0.991         0.009          9.195        rulex               40.000     0.98
kimi  1001 final     randk   out     30  1.000     0.998    0.008    0.987         0.013          8.544        rulex               40.000     0.98
kimi  1001 final     randk   out     30  0.000     0.997    0.011    0.996         0.004         11.151        rulex               40.000     0.98
kimi  1001 final     randk   out     30  0.250     0.998    0.010    0.996         0.004         10.499        rulex               40.000     0.98
kimi  1001 final     randk   out     30  0.500     0.998    0.009    0.993         0.007          9.847        rulex               40.000     0.98
kimi  1001 final     randk   out     30  0.750     0.998    0.008    0.991         0.009          9.195        rulex               40.000     0.98
kimi  1001 final     randk   out     30  1.000     0.998    0.008    0.987         0.013          8.544        rulex               40.000     0.98
kimi  1001 final     randk  both     18  0.000     0.997    0.011    0.996         0.004         11.151        rulex               40.000     0.98
kimi  1001 final     randk  both     18  0.250     0.998    0.010    0.995         0.005         10.468        rulex               40.000     0.98
kimi  1001 final     randk  both     18  0.500     0.998    0.009    0.993         0.007          9.731        rulex               40.000     0.98
kimi  1001 final     randk  both     18  0.750     0.998    0.008    0.987         0.013          8.928        rulex               40.000     0.98
kimi  1001 final     randk  both     18  1.000     0.998    0.007    0.973         0.027          8.041        rulex               40.000     0.98
kimi  1001 final     randk  both     18  0.000     0.997    0.011    0.996         0.004         11.151        rulex               40.000     0.98
kimi  1001 final     randk  both     18  0.250     0.998    0.010    0.995         0.005         10.468        rulex               40.000     0.98
kimi  1001 final     randk  both     18  0.500     0.998    0.009    0.993         0.007          9.731        rulex               40.000     0.98
kimi  1001 final     randk  both     18  0.750     0.998    0.008    0.987         0.013          8.928        rulex               40.000     0.98
kimi  1001 final     randk  both     18  1.000     0.998    0.007    0.973         0.027          8.041        rulex               40.000     0.98
kimi  1001 final     randk  both     18  0.000     0.997    0.011    0.996         0.004         11.151        rulex               40.000     0.98
kimi  1001 final     randk  both     18  0.250     0.998    0.010    0.995         0.005         10.468        rulex               40.000     0.98
kimi  1001 final     randk  both     18  0.500     0.998    0.009    0.993         0.007          9.731        rulex               40.000     0.98
kimi  1001 final     randk  both     18  0.750     0.998    0.008    0.987         0.013          8.928        rulex               40.000     0.98
kimi  1001 final     randk  both     18  1.000     0.998    0.007    0.973         0.027          8.041        rulex               40.000     0.98
kimi  1001 final  residual    in     18  0.000     0.997    0.011    0.996         0.004         11.151        rulex               40.000     0.98
kimi  1001 final  residual    in     18  0.250     0.997    0.011    0.995         0.005         10.829        rulex               40.000     0.98
kimi  1001 final  residual    in     18  0.500     0.997    0.010    0.995         0.005         10.449        rulex               40.000     0.98
kimi  1001 final  residual    in     18  0.750     0.998    0.010    0.991         0.009          9.995        rulex               40.000     0.98
kimi  1001 final  residual    in     18  1.000     0.998    0.009    0.987         0.013          9.446        rulex               40.000     0.98
kimi  1001 final  residual   out     30  0.000     0.997    0.011    0.996         0.004         11.151        rulex               40.000     0.98
kimi  1001 final  residual   out     30  0.250     0.998    0.010    0.996         0.004         10.499        rulex               40.000     0.98
kimi  1001 final  residual   out     30  0.500     0.998    0.009    0.993         0.007          9.847        rulex               40.000     0.98
kimi  1001 final  residual   out     30  0.750     0.998    0.008    0.991         0.009          9.195        rulex               40.000     0.98
kimi  1001 final  residual   out     30  1.000     0.998    0.008    0.987         0.013          8.544        rulex               40.000     0.98
kimi  1001 final  residual  both     18  0.000     0.997    0.011    0.996         0.004         11.151        rulex               40.000     0.98
kimi  1001 final  residual  both     18  0.250     0.998    0.010    0.995         0.005         10.468        rulex               40.000     0.98
kimi  1001 final  residual  both     18  0.500     0.998    0.009    0.993         0.007          9.731        rulex               40.000     0.98
kimi  1001 final  residual  both     18  0.750     0.998    0.008    0.987         0.013          8.928        rulex               40.000     0.98
kimi  1001 final  residual  both     18  1.000     0.998    0.007    0.973         0.027          8.041        rulex               40.000     0.98
kimi  1001 final   neurons units      0  0.000     0.997    0.011    0.996         0.004         11.151        rulex               40.000     0.98
kimi  1001 final   neurons units      1  0.001     0.997    0.011    0.996         0.004         11.123        rulex               40.000     0.98
kimi  1001 final   neurons units      2  0.001     0.997    0.011    0.996         0.004         11.095        rulex               40.000     0.98
kimi  1001 final   neurons units      4  0.002     0.997    0.011    0.996         0.004         11.042        rulex               40.000     0.98
kimi  1001 final   neurons units      8  0.004     0.997    0.011    0.996         0.004         10.953        rulex               40.000     0.98
kimi  1001 final   neurons units     16  0.008     0.997    0.011    0.996         0.004         10.787        rulex               40.000     0.98
kimi  1001 final   neurons units     32  0.017     0.997    0.010    0.996         0.004         10.499        rulex               40.000     0.98
kimi  1001 final   neurons units     64  0.033     0.998    0.010    0.993         0.007          9.992        rulex               40.000     0.98
kimi  1001 final   neurons units    128  0.067     0.998    0.009    0.991         0.007          9.144        rulex               40.000     0.98
kimi  1001 final   neurons units    256  0.133     0.998    0.009    0.984         0.014          8.041        rulex               40.000     0.98
kimi  1001 final   neurons units    512  0.267     0.997    0.014    0.966         0.025          6.931        rulex               40.000     0.98
kimi  1001 final randunits units      0  0.000     0.997    0.011    0.996         0.004         11.151        rulex               40.000     0.98
kimi  1001 final randunits units      1  0.001     0.997    0.011    0.996         0.004         11.148        rulex               40.000     0.98
kimi  1001 final randunits units      2  0.001     0.997    0.011    0.996         0.004         11.149        rulex               40.000     0.98
kimi  1001 final randunits units      4  0.002     0.997    0.012    0.996         0.004         11.139        rulex               40.000     0.98
kimi  1001 final randunits units      8  0.004     0.997    0.012    0.996         0.004         11.175        rulex               40.000     0.98
kimi  1001 final randunits units     16  0.008     0.997    0.012    0.996         0.004         11.114        rulex               40.000     0.98
kimi  1001 final randunits units     32  0.017     0.997    0.011    0.995         0.005         11.101        rulex               40.000     0.98
kimi  1001 final randunits units     64  0.033     0.997    0.012    0.996         0.004         11.046        rulex               40.000     0.98
kimi  1001 final randunits units    128  0.067     0.997    0.012    0.996         0.004         11.003        rulex               40.000     0.98
kimi  1001 final randunits units    256  0.133     0.996    0.016    0.995         0.004         10.913        rulex               40.000     1.00
kimi  1001 final randunits units    512  0.267     0.995    0.022    0.996         0.004         10.496        rulex               40.000     1.00
kimi  1001 final randunits units      0  0.000     0.997    0.011    0.996         0.004         11.151        rulex               40.000     0.98
kimi  1001 final randunits units      1  0.001     0.997    0.011    0.996         0.004         11.136        rulex               40.000     0.98
kimi  1001 final randunits units      2  0.001     0.997    0.012    0.996         0.004         11.149        rulex               40.000     0.98
kimi  1001 final randunits units      4  0.002     0.997    0.012    0.996         0.004         11.141        rulex               40.000     0.98
kimi  1001 final randunits units      8  0.004     0.997    0.012    0.996         0.004         11.165        rulex               40.000     0.98
kimi  1001 final randunits units     16  0.008     0.997    0.012    0.996         0.004         11.133        rulex               40.000     0.98
kimi  1001 final randunits units     32  0.017     0.997    0.012    0.996         0.004         11.097        rulex               40.000     0.98
kimi  1001 final randunits units     64  0.033     0.997    0.012    0.996         0.004         11.039        rulex               40.000     0.98
kimi  1001 final randunits units    128  0.067     0.997    0.013    0.996         0.004         11.076        rulex               40.000     0.98
kimi  1001 final randunits units    256  0.133     0.996    0.015    0.995         0.005         11.031        rulex               40.000     0.98
kimi  1001 final randunits units    512  0.267     0.995    0.023    0.995         0.004         10.549        rulex               40.000     1.00
kimi  1001 final randunits units      0  0.000     0.997    0.011    0.996         0.004         11.151        rulex               40.000     0.98
kimi  1001 final randunits units      1  0.001     0.997    0.012    0.996         0.004         11.152        rulex               40.000     0.98
kimi  1001 final randunits units      2  0.001     0.997    0.012    0.996         0.004         11.148        rulex               40.000     0.98
kimi  1001 final randunits units      4  0.002     0.997    0.012    0.996         0.004         11.146        rulex               40.000     0.98
kimi  1001 final randunits units      8  0.004     0.997    0.011    0.996         0.004         11.141        rulex               40.000     0.98
kimi  1001 final randunits units     16  0.008     0.997    0.012    0.996         0.004         11.135        rulex               40.000     0.98
kimi  1001 final randunits units     32  0.017     0.997    0.012    0.996         0.004         11.104        rulex               40.000     0.98
kimi  1001 final randunits units     64  0.033     0.996    0.012    0.996         0.004         11.115        rulex               40.000     1.00
kimi  1001 final randunits units    128  0.067     0.996    0.013    0.995         0.005         10.963        rulex               40.000     0.98
kimi  1001 final randunits units    256  0.133     0.996    0.015    0.995         0.005         10.816        rulex               40.000     0.98
kimi  1001 final randunits units    512  0.267     0.995    0.022    0.995         0.005         10.386        rulex               40.000     0.98
kimi  1002 final      none     -      0  0.000     0.993    0.029    0.996         0.004         13.488        rulex               40.000     1.00
kimi  1002 final   lowpass    in      0  0.000     0.006   12.558    0.007         0.009         -0.213 gcm_circular                0.200     0.00
kimi  1002 final   lowpass    in      1  1.000     0.004   12.944    0.009         0.007         -1.089  gcm_hamming                0.752     1.00
kimi  1002 final   lowpass    in      2  2.000     0.009   11.896    0.007         0.014         -0.822   gcm_linear                0.388     0.00
kimi  1002 final   lowpass    in      3  3.000     0.060    3.627    0.014         0.045         -7.509         rule                0.752     0.18
kimi  1002 final   lowpass    in      4  4.000     0.059    3.625    0.016         0.034         -7.532        rulex                0.938     0.28
kimi  1002 final   lowpass    in      6  6.000     0.061    3.624    0.013         0.047         -7.531         rule                0.938     0.14
kimi  1002 final   lowpass    in      8  8.000     0.061    3.644    0.020         0.047         -7.503        rulex                0.938     0.24
kimi  1002 final   lowpass    in     12 12.000     0.166    2.571    0.014         0.114         -8.970         rule                0.603     0.08
kimi  1002 final   lowpass    in     16 16.000     0.174    2.535    0.016         0.123         -8.621        rulex                0.752     0.10
kimi  1002 final   lowpass    in     24 24.000     0.181    2.515    0.029         0.092         -7.581        rulex                1.170     0.22
kimi  1002 final   lowpass    in     32 32.000     0.546    1.350    0.114         0.216         -4.901        rulex                5.485     0.34
kimi  1002 final   lowpass    in     48 48.000     0.993    0.036    0.755         0.178          5.483        rulex               40.000     0.80
kimi  1002 final   lowpass    in     74 74.000     0.993    0.029    0.996         0.004         13.488        rulex               40.000     1.00
kimi  1002 final   lowpass   out      0  0.000     0.007    5.004    0.004         0.004          0.000      uniform                0.200     0.50
kimi  1002 final   lowpass   out      1  1.000     0.007    5.011    0.013         0.005          0.079      uniform                0.200     1.00
kimi  1002 final   lowpass   out      2  2.000     0.007    5.017    0.016         0.005          0.166  gcm_hamming                0.200     1.00
kimi  1002 final   lowpass   out      3  3.000     0.051    3.867    0.049         0.005          1.052        rulex                0.200     1.00
kimi  1002 final   lowpass   out      4  4.000     0.048    3.873    0.059         0.004          1.137        rulex                0.200     1.00
kimi  1002 final   lowpass   out      6  6.000     0.059    3.819    0.083         0.007          1.417        rulex                1.170     1.00
kimi  1002 final   lowpass   out      8  8.000     0.056    3.832    0.106         0.002          1.611        rulex                1.170     1.00
kimi  1002 final   lowpass   out     12 12.000     0.582    1.970    0.346         0.009          3.225        rulex               13.264     0.98
kimi  1002 final   lowpass   out     16 16.000     0.582    1.921    0.427         0.005          3.635        rulex               13.264     0.98
kimi  1002 final   lowpass   out     24 24.000     0.527    1.944    0.584         0.002          4.458        rulex               13.264     1.00
kimi  1002 final   lowpass   out     32 32.000     0.814    1.155    0.816         0.002          5.795        rulex               20.627     1.00
kimi  1002 final   lowpass   out     48 48.000     0.986    0.101    0.987         0.005          8.877        rulex               40.000     0.98
kimi  1002 final   lowpass   out     74 74.000     0.993    0.029    0.996         0.004         13.488        rulex               40.000     1.00
kimi  1002 final   lowpass  both      0  0.000     0.007    5.004    0.004         0.004          0.000      uniform                0.200     0.50
kimi  1002 final   lowpass  both      1  1.000     0.009    4.993    0.009         0.007         -0.013 gcm_circular                2.268     1.00
kimi  1002 final   lowpass  both      2  2.000     0.004    5.014    0.009         0.009         -0.003   gcm_linear                0.938     0.50
kimi  1002 final   lowpass  both      3  3.000     0.143    3.113    0.005         0.150         -8.149         rule                0.200     0.00
kimi  1002 final   lowpass  both      4  4.000     0.140    3.110    0.011         0.142         -8.147         rule                0.200     0.04
kimi  1002 final   lowpass  both      6  6.000     0.142    3.103    0.007         0.155         -8.201         rule                0.200     0.00
kimi  1002 final   lowpass  both      8  8.000     0.135    3.112    0.004         0.141         -8.193         rule                0.200     0.00
kimi  1002 final   lowpass  both     12 12.000     0.310    1.971    0.009         0.261        -10.425         rule                0.200     0.02
kimi  1002 final   lowpass  both     16 16.000     0.306    1.983    0.007         0.252        -10.165         rule                0.200     0.02
kimi  1002 final   lowpass  both     24 24.000     0.285    2.009    0.009         0.209         -9.487         rule                0.200     0.02
kimi  1002 final   lowpass  both     32 32.000     0.794    0.989    0.027         0.495         -7.982        rulex               10.637     0.06
kimi  1002 final   lowpass  both     48 48.000     0.996    0.039    0.553         0.335          1.882        rulex               40.000     0.62
kimi  1002 final   lowpass  both     74 74.000     0.993    0.029    0.996         0.004         13.488        rulex               40.000     1.00
kimi  1002 final      etop    in      0  0.000     0.993    0.029    0.996         0.004         13.488        rulex               40.000     1.00
kimi  1002 final      etop    in      1  0.050     0.981    0.078    0.982         0.011         12.282        rulex               40.000     0.98
kimi  1002 final      etop    in      2  0.100     0.969    0.133    0.942         0.025         10.687        rulex               40.000     0.98
kimi  1002 final      etop    in      3  0.200     0.923    0.301    0.905         0.027          9.964        rulex               25.722     0.98
kimi  1002 final      etop    in      4  0.300     0.753    0.809    0.897         0.014         10.030        rulex               10.637     0.98
kimi  1002 final      etop    in      6  0.400     0.391    2.127    0.773         0.005         10.045        rulex                3.527     1.00
kimi  1002 final      etop    in      7  0.500     0.318    2.789    0.775         0.002         10.853        rulex                2.828     1.00
kimi  1002 final      etop    in     12  0.600     0.176    5.465    0.742         0.000         12.963        rulex                1.819     1.00
kimi  1002 final      etop    in     24  0.700     0.092    7.352    0.582         0.004         10.661        rulex                1.170     1.00
kimi  1002 final      etop    in     39  0.800     0.043    9.248    0.314         0.004          7.172        rulex                0.752     1.00
kimi  1002 final      etop    in     55  0.900     0.025   10.650    0.068         0.014          1.977        rulex                0.311     1.00
kimi  1002 final      etop    in     64  0.950     0.011   12.363    0.014         0.007          0.156   gcm_linear                0.311     1.00
kimi  1002 final      etop    in     74  1.000     0.006   12.558    0.007         0.009         -0.213 gcm_circular                0.200     0.00
kimi  1002 final      etop   out      0  0.000     0.993    0.029    0.996         0.004         13.488        rulex               40.000     1.00
kimi  1002 final      etop   out      1  0.050     0.989    0.054    0.996         0.002         12.574        rulex               40.000     1.00
kimi  1002 final      etop   out      1  0.100     0.989    0.054    0.996         0.002         12.574        rulex               40.000     1.00
kimi  1002 final      etop   out      2  0.200     0.975    0.144    0.995         0.002         11.688        rulex               40.000     1.00
kimi  1002 final      etop   out      3  0.300     0.893    0.497    0.993         0.002         10.870        rulex               16.541     1.00
kimi  1002 final      etop   out      5  0.400     0.677    1.284    0.987         0.002          9.593        rulex                6.840     1.00
kimi  1002 final      etop   out      6  0.500     0.354    2.028    0.980         0.000          8.912        rulex                3.527     1.00
kimi  1002 final      etop   out      8  0.600     0.140    3.208    0.957         0.000          8.016        rulex                1.170     1.00
kimi  1002 final      etop   out      9  0.700     0.075    3.778    0.950         0.000          7.400        rulex                0.603     1.00
kimi  1002 final      etop   out     15  0.800     0.006    5.100    0.885         0.000          5.958  gcm_hamming                0.603     1.00
kimi  1002 final      etop   out     40  0.900     0.006    5.148    0.629         0.000          3.095  gcm_hamming                0.388     1.00
kimi  1002 final      etop   out     56  0.950     0.010    5.066    0.328         0.000          1.463  gcm_hamming                0.200     1.00
kimi  1002 final      etop   out     74  1.000     0.007    5.004    0.004         0.004          0.000      uniform                0.200     0.50
kimi  1002 final      etop  both      0  0.000     0.993    0.029    0.996         0.004         13.488        rulex               40.000     1.00
kimi  1002 final      etop  both      1  0.050     0.964    0.172    0.982         0.007         11.667        rulex               40.000     0.98
kimi  1002 final      etop  both      2  0.100     0.975    0.114    0.935         0.031          9.531        rulex               40.000     0.96
kimi  1002 final      etop  both      3  0.200     0.740    0.896    0.892         0.014          8.991        rulex               10.637     0.98
kimi  1002 final      etop  both      4  0.300     0.769    0.775    0.816         0.016          6.987        rulex               13.264     0.98
kimi  1002 final      etop  both      6  0.400     0.173    3.135    0.699         0.004          6.775        rulex                1.819     1.00
kimi  1002 final      etop  both      7  0.500     0.032    4.726    0.735         0.000          7.618  gcm_hamming                0.752     1.00
kimi  1002 final      etop  both     12  0.600     0.020    5.432    0.589         0.002          6.527  gcm_hamming                0.752     1.00
kimi  1002 final      etop  both     24  0.700     0.013    5.409    0.456         0.000          4.871  gcm_hamming                0.603     1.00
kimi  1002 final      etop  both     39  0.800     0.005    5.379    0.276         0.000          2.655  gcm_hamming                0.388     1.00
kimi  1002 final      etop  both     55  0.900     0.006    5.177    0.059         0.005          0.537  gcm_hamming                0.484     1.00
kimi  1002 final      etop  both     64  0.950     0.007    5.083    0.014         0.004          0.031      uniform                0.200     1.00
kimi  1002 final      etop  both     74  1.000     0.007    5.004    0.004         0.004          0.000      uniform                0.200     0.50
kimi  1002 final   ebottom    in      0  0.000     0.993    0.029    0.996         0.004         13.488        rulex               40.000     1.00
kimi  1002 final   ebottom    in     11  0.050     0.995    0.023    0.991         0.005         12.463        rulex               40.000     0.98
kimi  1002 final   ebottom    in     20  0.100     0.995    0.020    0.982         0.016         11.168        rulex               40.000     0.98
kimi  1002 final   ebottom    in     36  0.200     0.997    0.013    0.895         0.101          7.698        rulex               40.000     0.90
kimi  1002 final   ebottom    in     51  0.300     0.998    0.007    0.618         0.375          2.662        rulex               40.000     0.62
kimi  1002 final   ebottom    in     63  0.400     0.999    0.004    0.342         0.649         -2.863        rulex               40.000     0.34
kimi  1002 final   ebottom    in     68  0.500     0.997    0.021    0.086         0.888         -8.387        rulex               40.000     0.08
kimi  1002 final   ebottom    in     69  0.600     0.943    0.250    0.054         0.748         -8.478        rulex               20.627     0.06
kimi  1002 final   ebottom    in     71  0.700     0.482    1.455    0.020         0.350         -8.555        rulex                1.459     0.04
kimi  1002 final   ebottom    in     72  0.800     0.191    2.730    0.025         0.144         -7.402        rulex                0.200     0.12
kimi  1002 final   ebottom    in     73  0.900     0.042    4.749    0.023         0.036         -3.974        rulex                0.200     0.36
kimi  1002 final   ebottom    in     74  0.950     0.006   12.558    0.007         0.009         -0.213 gcm_circular                0.200     0.00
kimi  1002 final   ebottom    in     74  1.000     0.006   12.558    0.007         0.009         -0.213 gcm_circular                0.200     0.00
kimi  1002 final   ebottom   out      0  0.000     0.993    0.029    0.996         0.004         13.488        rulex               40.000     1.00
kimi  1002 final   ebottom   out     19  0.050     0.994    0.025    0.991         0.005         11.929        rulex               40.000     0.98
kimi  1002 final   ebottom   out     35  0.100     0.995    0.021    0.987         0.007         10.298        rulex               40.000     0.98
kimi  1002 final   ebottom   out     60  0.200     0.996    0.018    0.953         0.027          7.439        rulex               40.000     0.98
kimi  1002 final   ebottom   out     66  0.300     0.993    0.043    0.877         0.050          5.472        rulex               40.000     0.94
kimi  1002 final   ebottom   out     67  0.400     0.990    0.083    0.827         0.052          5.000        rulex               40.000     0.94
kimi  1002 final   ebottom   out     69  0.500     0.962    0.393    0.634         0.052          3.896        rulex               25.722     0.92
kimi  1002 final   ebottom   out     70  0.600     0.919    0.788    0.486         0.045          3.324        rulex               16.541     0.92
kimi  1002 final   ebottom   out     72  0.700     0.201    2.712    0.103         0.007          1.801        rulex                0.200     0.96
kimi  1002 final   ebottom   out     73  0.800     0.055    3.824    0.038         0.007          0.915        rulex                0.200     0.92
kimi  1002 final   ebottom   out     74  0.900     0.007    5.004    0.004         0.004          0.000      uniform                0.200     0.50
kimi  1002 final   ebottom   out     74  0.950     0.007    5.004    0.004         0.004          0.000      uniform                0.200     0.50
kimi  1002 final   ebottom   out     74  1.000     0.007    5.004    0.004         0.004          0.000      uniform                0.200     0.50
kimi  1002 final   ebottom  both      0  0.000     0.993    0.029    0.996         0.004         13.488        rulex               40.000     1.00
kimi  1002 final   ebottom  both     11  0.050     0.995    0.020    0.982         0.013         10.925        rulex               40.000     0.98
kimi  1002 final   ebottom  both     20  0.100     0.996    0.014    0.948         0.043          8.091        rulex               40.000     0.96
kimi  1002 final   ebottom  both     36  0.200     0.998    0.008    0.622         0.339          2.298        rulex               40.000     0.64
kimi  1002 final   ebottom  both     51  0.300     0.998    0.019    0.281         0.625         -2.078        rulex               40.000     0.32
kimi  1002 final   ebottom  both     63  0.400     0.999    0.040    0.123         0.804         -5.422        rulex               40.000     0.14
kimi  1002 final   ebottom  both     68  0.500     0.971    0.486    0.014         0.807         -7.857        rulex               25.722     0.02
kimi  1002 final   ebottom  both     69  0.600     0.995    0.311    0.000         0.966        -10.350         rule               40.000     0.00
kimi  1002 final   ebottom  both     71  0.700     0.056    3.503    0.007         0.045         -4.181         rule                0.200     0.04
kimi  1002 final   ebottom  both     72  0.800     0.112    3.296    0.011         0.099         -5.788         rule                0.200     0.06
kimi  1002 final   ebottom  both     73  0.900     0.007    5.004    0.004         0.004          0.000      uniform                0.200     0.50
kimi  1002 final   ebottom  both     74  0.950     0.007    5.004    0.004         0.004          0.000      uniform                0.200     0.50
kimi  1002 final   ebottom  both     74  1.000     0.007    5.004    0.004         0.004          0.000      uniform                0.200     0.50
kimi  1002 final     erand    in      0  0.000     0.993    0.029    0.996         0.004         13.488        rulex               40.000     1.00
kimi  1002 final     erand    in      9  0.050     0.994    0.026    0.991         0.009         12.434        rulex               40.000     0.98
kimi  1002 final     erand    in     16  0.100     0.995    0.022    0.986         0.014         11.416        rulex               40.000     0.98
kimi  1002 final     erand    in     31  0.200     0.997    0.014    0.905         0.088          7.991        rulex               40.000     0.92
kimi  1002 final     erand    in     35  0.300     0.994    0.030    0.714         0.256          4.736        rulex               40.000     0.74
kimi  1002 final     erand    in     43  0.400     0.990    0.055    0.461         0.427          0.071        rulex               40.000     0.52
kimi  1002 final     erand    in     50  0.500     0.897    0.377    0.171         0.477         -4.633        rulex               16.541     0.26
kimi  1002 final     erand    in     51  0.600     0.521    1.296    0.103         0.245         -5.322        rulex                3.527     0.30
kimi  1002 final     erand    in     55  0.700     0.170    2.572    0.050         0.063         -7.069        rulex                0.200     0.44
kimi  1002 final     erand    in     56  0.800     0.076    3.567    0.025         0.025         -6.336        rulex                0.200     0.50
kimi  1002 final     erand    in     71  0.900     0.058    3.702    0.009         0.054         -7.524         rule                0.200     0.06
kimi  1002 final     erand    in     73  0.950     0.005   12.688    0.005         0.004         -0.111      uniform                0.200     1.00
kimi  1002 final     erand    in     74  1.000     0.006   12.558    0.007         0.009         -0.213 gcm_circular                0.200     0.00
kimi  1002 final     erand    in      0  0.000     0.993    0.029    0.996         0.004         13.488        rulex               40.000     1.00
kimi  1002 final     erand    in      7  0.050     0.994    0.025    0.996         0.004         12.744        rulex               40.000     1.00
kimi  1002 final     erand    in     10  0.100     0.994    0.026    0.975         0.020         11.348        rulex               40.000     0.98
kimi  1002 final     erand    in     23  0.200     0.996    0.019    0.905         0.085          8.605        rulex               40.000     0.92
kimi  1002 final     erand    in     28  0.300     0.992    0.037    0.708         0.231          4.639        rulex               40.000     0.76
kimi  1002 final     erand    in     39  0.400     0.962    0.171    0.423         0.359          0.003        rulex               25.722     0.54
kimi  1002 final     erand    in     42  0.500     0.848    0.493    0.312         0.301         -1.322        rulex               10.637     0.50
kimi  1002 final     erand    in     49  0.600     0.622    1.087    0.137         0.270         -4.339        rulex                5.485     0.34
kimi  1002 final     erand    in     50  0.700     0.264    2.692    0.106         0.123         -2.737        rulex                1.459     0.46
kimi  1002 final     erand    in     61  0.800     0.256    2.595    0.038         0.159         -5.539        rulex                1.170     0.18
kimi  1002 final     erand    in     68  0.900     0.044    4.283    0.016         0.043         -5.877         rule                0.200     0.18
kimi  1002 final     erand    in     74  0.950     0.006   12.558    0.007         0.009         -0.213 gcm_circular                0.200     0.00
kimi  1002 final     erand    in     74  1.000     0.006   12.558    0.007         0.009         -0.213 gcm_circular                0.200     0.00
kimi  1002 final     erand    in      0  0.000     0.993    0.029    0.996         0.004         13.488        rulex               40.000     1.00
kimi  1002 final     erand    in      6  0.050     0.994    0.028    0.995         0.005         12.785        rulex               40.000     0.98
kimi  1002 final     erand    in      8  0.100     0.992    0.036    0.966         0.027         10.937        rulex               40.000     0.98
kimi  1002 final     erand    in     14  0.200     0.984    0.073    0.914         0.054          8.840        rulex               40.000     0.94
kimi  1002 final     erand    in     24  0.300     0.925    0.255    0.721         0.132          5.611        rulex               25.722     0.84
kimi  1002 final     erand    in     31  0.400     0.924    0.258    0.598         0.180          3.623        rulex               25.722     0.76
kimi  1002 final     erand    in     47  0.500     0.918    0.267    0.279         0.409         -1.770        rulex               20.627     0.40
kimi  1002 final     erand    in     49  0.600     0.873    0.491    0.216         0.380         -2.905        rulex               16.541     0.36
kimi  1002 final     erand    in     55  0.700     0.243    2.714    0.141         0.081         -1.981        rulex                2.828     0.64
kimi  1002 final     erand    in     60  0.800     0.223    2.787    0.065         0.103         -4.109        rulex                2.828     0.38
kimi  1002 final     erand    in     68  0.900     0.097    4.662    0.027         0.054         -3.810        rulex                1.819     0.30
kimi  1002 final     erand    in     73  0.950     0.009   13.063    0.007         0.013          0.124   gcm_linear                0.200     0.00
kimi  1002 final     erand    in     74  1.000     0.006   12.558    0.007         0.009         -0.213 gcm_circular                0.200     0.00
kimi  1002 final     erand   out      0  0.000     0.993    0.029    0.996         0.004         13.488        rulex               40.000     1.00
kimi  1002 final     erand   out     15  0.050     0.993    0.026    0.995         0.004         12.014        rulex               40.000     1.00
kimi  1002 final     erand   out     30  0.100     0.995    0.023    0.991         0.007         10.446        rulex               40.000     0.98
kimi  1002 final     erand   out     32  0.200     0.991    0.047    0.984         0.007          9.474        rulex               40.000     0.98
kimi  1002 final     erand   out     38  0.300     0.989    0.076    0.980         0.009          8.006        rulex               40.000     0.98
kimi  1002 final     erand   out     44  0.400     0.986    0.136    0.948         0.013          6.785        rulex               40.000     0.98
kimi  1002 final     erand   out     50  0.500     0.968    0.424    0.877         0.011          5.223        rulex               40.000     0.98
kimi  1002 final     erand   out     51  0.600     0.873    1.163    0.807         0.005          4.405        rulex               16.541     1.00
kimi  1002 final     erand   out     55  0.700     0.163    2.803    0.604         0.000          3.345        rulex                0.752     1.00
kimi  1002 final     erand   out     56  0.800     0.063    3.777    0.447         0.000          2.640        rulex                0.752     1.00
kimi  1002 final     erand   out     73  0.900     0.009    4.975    0.023         0.007          0.115      uniform                0.249     1.00
kimi  1002 final     erand   out     73  0.950     0.009    4.975    0.023         0.007          0.115      uniform                0.249     1.00
kimi  1002 final     erand   out     74  1.000     0.007    5.004    0.004         0.004          0.000      uniform                0.200     0.50
kimi  1002 final     erand   out      0  0.000     0.993    0.029    0.996         0.004         13.488        rulex               40.000     1.00
kimi  1002 final     erand   out     10  0.050     0.993    0.036    0.998         0.002         11.881        rulex               40.000     1.00
kimi  1002 final     erand   out     11  0.100     0.993    0.036    0.998         0.002         11.765        rulex               40.000     1.00
kimi  1002 final     erand   out     26  0.200     0.992    0.044    0.995         0.002          9.640        rulex               40.000     1.00
kimi  1002 final     erand   out     28  0.300     0.981    0.125    0.989         0.002          8.603        rulex               40.000     1.00
kimi  1002 final     erand   out     40  0.400     0.971    0.229    0.957         0.004          7.085        rulex               40.000     1.00
kimi  1002 final     erand   out     42  0.500     0.927    0.593    0.932         0.002          6.208        rulex               20.627     1.00
kimi  1002 final     erand   out     49  0.600     0.898    0.944    0.865         0.005          4.957        rulex               16.541     0.98
kimi  1002 final     erand   out     50  0.700     0.624    1.927    0.787         0.000          4.071        rulex                4.398     1.00
kimi  1002 final     erand   out     66  0.800     0.181    3.324    0.240         0.002          1.691        rulex                0.200     1.00
kimi  1002 final     erand   out     70  0.900     0.041    3.979    0.124         0.002          0.986        rulex                0.752     1.00
kimi  1002 final     erand   out     74  0.950     0.007    5.004    0.004         0.004          0.000      uniform                0.200     0.50
kimi  1002 final     erand   out     74  1.000     0.007    5.004    0.004         0.004          0.000      uniform                0.200     0.50
kimi  1002 final     erand   out      0  0.000     0.993    0.029    0.996         0.004         13.488        rulex               40.000     1.00
kimi  1002 final     erand   out      5  0.050     0.992    0.032    0.995         0.005         12.592        rulex               40.000     0.98
kimi  1002 final     erand   out      8  0.100     0.988    0.066    0.996         0.004         11.576        rulex               40.000     1.00
kimi  1002 final     erand   out     14  0.200     0.975    0.170    0.989         0.002         10.204        rulex               40.000     1.00
kimi  1002 final     erand   out     21  0.300     0.978    0.162    0.989         0.004          9.458        rulex               40.000     1.00
kimi  1002 final     erand   out     24  0.400     0.916    0.451    0.982         0.004          8.493        rulex               25.722     1.00
kimi  1002 final     erand   out     49  0.500     0.936    0.563    0.901         0.007          5.644        rulex               25.722     0.98
kimi  1002 final     erand   out     52  0.600     0.908    0.894    0.841         0.004          4.852        rulex               20.627     1.00
kimi  1002 final     erand   out     55  0.700     0.628    1.883    0.715         0.000          3.692        rulex                4.398     1.00
kimi  1002 final     erand   out     62  0.800     0.492    2.536    0.497         0.002          2.476        rulex                3.527     1.00
kimi  1002 final     erand   out     70  0.900     0.050    3.998    0.117         0.002          0.741        rulex                0.388     1.00
kimi  1002 final     erand   out     73  0.950     0.006    5.012    0.018         0.007          0.114      uniform                0.200     1.00
kimi  1002 final     erand   out     74  1.000     0.007    5.004    0.004         0.004          0.000      uniform                0.200     0.50
kimi  1002 final     erand  both      0  0.000     0.993    0.029    0.996         0.004         13.488        rulex               40.000     1.00
kimi  1002 final     erand  both      9  0.050     0.991    0.049    0.989         0.007         11.633        rulex               40.000     0.98
kimi  1002 final     erand  both     16  0.100     0.992    0.044    0.984         0.009         10.716        rulex               40.000     0.98
kimi  1002 final     erand  both     31  0.200     0.992    0.064    0.895         0.070          6.889        rulex               40.000     0.92
kimi  1002 final     erand  both     35  0.300     0.936    0.387    0.730         0.112          4.348        rulex               25.722     0.86
kimi  1002 final     erand  both     43  0.400     0.929    0.446    0.391         0.315          0.197        rulex               25.722     0.56
kimi  1002 final     erand  both     50  0.500     0.164    3.080    0.204         0.036         -0.622        rulex                2.268     0.88
kimi  1002 final     erand  both     51  0.600     0.028    4.664    0.164         0.009          1.486        rulex                0.249     1.00
kimi  1002 final     erand  both     55  0.700     0.005    5.242    0.086         0.002          1.040      uniform                0.200     1.00
kimi  1002 final     erand  both     56  0.800     0.005    5.130    0.018         0.002          0.318      uniform                0.200     1.00
kimi  1002 final     erand  both     71  0.900     0.005    5.013    0.005         0.011          0.019  gcm_hamming                0.311     0.00
kimi  1002 final     erand  both     73  0.950     0.006    5.023    0.009         0.009          0.019  gcm_hamming                0.200     0.50
kimi  1002 final     erand  both     74  1.000     0.007    5.004    0.004         0.004          0.000      uniform                0.200     0.50
kimi  1002 final     erand  both      0  0.000     0.993    0.029    0.996         0.004         13.488        rulex               40.000     1.00
kimi  1002 final     erand  both      7  0.050     0.993    0.033    0.995         0.004         11.397        rulex               40.000     1.00
kimi  1002 final     erand  both     10  0.100     0.994    0.035    0.969         0.022         10.153        rulex               40.000     0.98
kimi  1002 final     erand  both     23  0.200     0.987    0.097    0.910         0.049          7.309        rulex               40.000     0.94
kimi  1002 final     erand  both     28  0.300     0.965    0.245    0.620         0.213          2.995        rulex               32.076     0.74
kimi  1002 final     erand  both     39  0.400     0.723    1.010    0.283         0.204         -0.683        rulex                8.530     0.58
kimi  1002 final     erand  both     42  0.500     0.262    2.419    0.168         0.079         -0.377        rulex                1.819     0.68
kimi  1002 final     erand  both     49  0.600     0.277    2.273    0.063         0.110         -3.029        rulex                1.819     0.36
kimi  1002 final     erand  both     50  0.700     0.309    1.920    0.011         0.254         -6.189         rule                2.268     0.02
kimi  1002 final     erand  both     61  0.800     0.214    2.449    0.013         0.166         -6.606         rule                0.200     0.04
kimi  1002 final     erand  both     68  0.900     0.006    5.024    0.005         0.002          0.048  gcm_hamming                0.200     1.00
kimi  1002 final     erand  both     74  0.950     0.006    5.021    0.018         0.009          0.011   gcm_linear                0.200     1.00
kimi  1002 final     erand  both     74  1.000     0.007    5.004    0.004         0.004          0.000      uniform                0.200     0.50
kimi  1002 final     erand  both      0  0.000     0.993    0.029    0.996         0.004         13.488        rulex               40.000     1.00
kimi  1002 final     erand  both      6  0.050     0.989    0.054    0.993         0.005         12.067        rulex               40.000     0.98
kimi  1002 final     erand  both      8  0.100     0.993    0.031    0.951         0.041          9.838        rulex               40.000     0.96
kimi  1002 final     erand  both     14  0.200     0.978    0.140    0.908         0.056          7.193        rulex               40.000     0.94
kimi  1002 final     erand  both     24  0.300     0.912    0.458    0.632         0.137          3.725        rulex               20.627     0.82
kimi  1002 final     erand  both     31  0.400     0.517    1.668    0.436         0.056          2.372        rulex                3.527     0.90
kimi  1002 final     erand  both     47  0.500     0.226    2.859    0.268         0.052          1.280        rulex                2.828     0.86
kimi  1002 final     erand  both     49  0.600     0.044    4.012    0.207         0.011          0.929        rulex                0.752     1.00
kimi  1002 final     erand  both     55  0.700     0.012    5.049    0.119         0.005          1.116  gcm_hamming                0.388     1.00
kimi  1002 final     erand  both     60  0.800     0.007    5.219    0.074         0.007          0.701  gcm_hamming                0.200     1.00
kimi  1002 final     erand  both     68  0.900     0.008    5.073    0.018         0.004          0.137      uniform                0.200     1.00
kimi  1002 final     erand  both     73  0.950     0.007    5.056    0.007         0.005          0.009   gcm_linear                0.200     1.00
kimi  1002 final     erand  both     74  1.000     0.007    5.004    0.004         0.004          0.000      uniform                0.200     0.50
kimi  1002 final      topk    in     55  0.000     0.993    0.029    0.996         0.004         13.488        rulex               40.000     1.00
kimi  1002 final      topk    in     55  0.250     0.992    0.033    0.998         0.002         13.710        rulex               40.000     1.00
kimi  1002 final      topk    in     55  0.500     0.990    0.042    0.995         0.004         13.832        rulex               40.000     1.00
kimi  1002 final      topk    in     55  0.750     0.975    0.100    0.989         0.009         13.258        rulex               40.000     0.98
kimi  1002 final      topk    in     55  1.000     0.025   10.650    0.068         0.014          1.977        rulex                0.311     1.00
kimi  1002 final      topk   out     40  0.000     0.993    0.029    0.996         0.004         13.488        rulex               40.000     1.00
kimi  1002 final      topk   out     40  0.250     0.992    0.044    0.998         0.002         10.890        rulex               40.000     1.00
kimi  1002 final      topk   out     40  0.500     0.989    0.167    0.998         0.002          8.292        rulex               40.000     1.00
kimi  1002 final      topk   out     40  0.750     0.955    1.349    0.998         0.002          5.693        rulex               40.000     1.00
kimi  1002 final      topk   out     40  1.000     0.006    5.148    0.629         0.000          3.095  gcm_hamming                0.388     1.00
kimi  1002 final      topk  both     55  0.000     0.993    0.029    0.996         0.004         13.488        rulex               40.000     1.00
kimi  1002 final      topk  both     55  0.250     0.992    0.046    0.998         0.002         10.672        rulex               40.000     1.00
kimi  1002 final      topk  both     55  0.500     0.988    0.182    0.998         0.002          7.688        rulex               40.000     1.00
kimi  1002 final      topk  both     55  0.750     0.944    1.509    0.986         0.004          4.409        rulex               25.722     1.00
kimi  1002 final      topk  both     55  1.000     0.006    5.088    0.032         0.009          0.250      uniform                0.200     1.00
kimi  1002 final     randk    in     19  0.000     0.993    0.029    0.996         0.004         13.488        rulex               40.000     1.00
kimi  1002 final     randk    in     19  0.250     0.993    0.027    0.996         0.004         13.164        rulex               40.000     1.00
kimi  1002 final     randk    in     19  0.500     0.994    0.024    0.996         0.004         12.718        rulex               40.000     1.00
kimi  1002 final     randk    in     19  0.750     0.994    0.022    0.989         0.009         12.115        rulex               40.000     0.98
kimi  1002 final     randk    in     19  1.000     0.995    0.020    0.982         0.016         11.315        rulex               40.000     0.98
kimi  1002 final     randk    in     19  0.000     0.993    0.029    0.996         0.004         13.488        rulex               40.000     1.00
kimi  1002 final     randk    in     19  0.250     0.993    0.027    0.996         0.004         13.164        rulex               40.000     1.00
kimi  1002 final     randk    in     19  0.500     0.994    0.024    0.996         0.004         12.718        rulex               40.000     1.00
kimi  1002 final     randk    in     19  0.750     0.994    0.022    0.989         0.009         12.115        rulex               40.000     0.98
kimi  1002 final     randk    in     19  1.000     0.995    0.020    0.982         0.016         11.315        rulex               40.000     0.98
kimi  1002 final     randk    in     19  0.000     0.993    0.029    0.996         0.004         13.488        rulex               40.000     1.00
kimi  1002 final     randk    in     19  0.250     0.993    0.027    0.996         0.004         13.164        rulex               40.000     1.00
kimi  1002 final     randk    in     19  0.500     0.994    0.024    0.996         0.004         12.718        rulex               40.000     1.00
kimi  1002 final     randk    in     19  0.750     0.994    0.022    0.989         0.009         12.115        rulex               40.000     0.98
kimi  1002 final     randk    in     19  1.000     0.995    0.020    0.982         0.016         11.315        rulex               40.000     0.98
kimi  1002 final     randk   out     34  0.000     0.993    0.029    0.996         0.004         13.488        rulex               40.000     1.00
kimi  1002 final     randk   out     34  0.250     0.994    0.026    0.996         0.004         12.715        rulex               40.000     1.00
kimi  1002 final     randk   out     34  0.500     0.995    0.024    0.993         0.005         11.941        rulex               40.000     0.98
kimi  1002 final     randk   out     34  0.750     0.995    0.022    0.993         0.005         11.167        rulex               40.000     0.98
kimi  1002 final     randk   out     34  1.000     0.995    0.021    0.987         0.007         10.393        rulex               40.000     0.98
kimi  1002 final     randk   out     34  0.000     0.993    0.029    0.996         0.004         13.488        rulex               40.000     1.00
kimi  1002 final     randk   out     34  0.250     0.994    0.026    0.996         0.004         12.715        rulex               40.000     1.00
kimi  1002 final     randk   out     34  0.500     0.995    0.024    0.993         0.005         11.941        rulex               40.000     0.98
kimi  1002 final     randk   out     34  0.750     0.995    0.022    0.993         0.005         11.167        rulex               40.000     0.98
kimi  1002 final     randk   out     34  1.000     0.995    0.021    0.987         0.007         10.393        rulex               40.000     0.98
kimi  1002 final     randk   out     34  0.000     0.993    0.029    0.996         0.004         13.488        rulex               40.000     1.00
kimi  1002 final     randk   out     34  0.250     0.994    0.026    0.996         0.004         12.715        rulex               40.000     1.00
kimi  1002 final     randk   out     34  0.500     0.995    0.024    0.993         0.005         11.941        rulex               40.000     0.98
kimi  1002 final     randk   out     34  0.750     0.995    0.022    0.993         0.005         11.167        rulex               40.000     0.98
kimi  1002 final     randk   out     34  1.000     0.995    0.021    0.987         0.007         10.393        rulex               40.000     0.98
kimi  1002 final     randk  both     19  0.000     0.993    0.029    0.996         0.004         13.488        rulex               40.000     1.00
kimi  1002 final     randk  both     19  0.250     0.994    0.025    0.996         0.004         12.775        rulex               40.000     1.00
kimi  1002 final     randk  both     19  0.500     0.995    0.022    0.993         0.005         11.946        rulex               40.000     0.98
kimi  1002 final     randk  both     19  0.750     0.995    0.020    0.986         0.013         10.967        rulex               40.000     0.98
kimi  1002 final     randk  both     19  1.000     0.996    0.017    0.975         0.022          9.805        rulex               40.000     0.98
kimi  1002 final     randk  both     19  0.000     0.993    0.029    0.996         0.004         13.488        rulex               40.000     1.00
kimi  1002 final     randk  both     19  0.250     0.994    0.025    0.996         0.004         12.775        rulex               40.000     1.00
kimi  1002 final     randk  both     19  0.500     0.995    0.022    0.993         0.005         11.946        rulex               40.000     0.98
kimi  1002 final     randk  both     19  0.750     0.995    0.020    0.986         0.013         10.967        rulex               40.000     0.98
kimi  1002 final     randk  both     19  1.000     0.996    0.017    0.975         0.022          9.805        rulex               40.000     0.98
kimi  1002 final     randk  both     19  0.000     0.993    0.029    0.996         0.004         13.488        rulex               40.000     1.00
kimi  1002 final     randk  both     19  0.250     0.994    0.025    0.996         0.004         12.775        rulex               40.000     1.00
kimi  1002 final     randk  both     19  0.500     0.995    0.022    0.993         0.005         11.946        rulex               40.000     0.98
kimi  1002 final     randk  both     19  0.750     0.995    0.020    0.986         0.013         10.967        rulex               40.000     0.98
kimi  1002 final     randk  both     19  1.000     0.996    0.017    0.975         0.022          9.805        rulex               40.000     0.98
kimi  1002 final  residual    in     19  0.000     0.993    0.029    0.996         0.004         13.488        rulex               40.000     1.00
kimi  1002 final  residual    in     19  0.250     0.993    0.027    0.996         0.004         13.164        rulex               40.000     1.00
kimi  1002 final  residual    in     19  0.500     0.994    0.024    0.996         0.004         12.718        rulex               40.000     1.00
kimi  1002 final  residual    in     19  0.750     0.994    0.022    0.989         0.009         12.115        rulex               40.000     0.98
kimi  1002 final  residual    in     19  1.000     0.995    0.020    0.982         0.016         11.315        rulex               40.000     0.98
kimi  1002 final  residual   out     34  0.000     0.993    0.029    0.996         0.004         13.488        rulex               40.000     1.00
kimi  1002 final  residual   out     34  0.250     0.994    0.026    0.996         0.004         12.715        rulex               40.000     1.00
kimi  1002 final  residual   out     34  0.500     0.995    0.024    0.993         0.005         11.941        rulex               40.000     0.98
kimi  1002 final  residual   out     34  0.750     0.995    0.022    0.993         0.005         11.167        rulex               40.000     0.98
kimi  1002 final  residual   out     34  1.000     0.995    0.021    0.987         0.007         10.393        rulex               40.000     0.98
kimi  1002 final  residual  both     19  0.000     0.993    0.029    0.996         0.004         13.488        rulex               40.000     1.00
kimi  1002 final  residual  both     19  0.250     0.994    0.025    0.996         0.004         12.775        rulex               40.000     1.00
kimi  1002 final  residual  both     19  0.500     0.995    0.022    0.993         0.005         11.946        rulex               40.000     0.98
kimi  1002 final  residual  both     19  0.750     0.995    0.020    0.986         0.013         10.967        rulex               40.000     0.98
kimi  1002 final  residual  both     19  1.000     0.996    0.017    0.975         0.022          9.805        rulex               40.000     0.98
kimi  1002 final   neurons units      0  0.000     0.993    0.029    0.996         0.004         13.488        rulex               40.000     1.00
kimi  1002 final   neurons units      1  0.001     0.993    0.029    0.996         0.004         13.438        rulex               40.000     1.00
kimi  1002 final   neurons units      2  0.001     0.993    0.028    0.996         0.004         13.391        rulex               40.000     1.00
kimi  1002 final   neurons units      4  0.002     0.993    0.028    0.996         0.004         13.324        rulex               40.000     1.00
kimi  1002 final   neurons units      8  0.004     0.993    0.028    0.996         0.004         13.201        rulex               40.000     1.00
kimi  1002 final   neurons units     16  0.008     0.993    0.027    0.996         0.004         12.994        rulex               40.000     1.00
kimi  1002 final   neurons units     32  0.017     0.994    0.026    0.995         0.005         12.623        rulex               40.000     0.98
kimi  1002 final   neurons units     64  0.033     0.994    0.023    0.995         0.005         12.006        rulex               40.000     0.98
kimi  1002 final   neurons units    128  0.067     0.995    0.022    0.991         0.007         10.925        rulex               40.000     0.98
kimi  1002 final   neurons units    256  0.133     0.995    0.020    0.980         0.016          9.372        rulex               40.000     0.98
kimi  1002 final   neurons units    512  0.267     0.996    0.019    0.948         0.041          7.421        rulex               40.000     0.96
kimi  1002 final randunits units      0  0.000     0.993    0.029    0.996         0.004         13.488        rulex               40.000     1.00
kimi  1002 final randunits units      1  0.001     0.993    0.029    0.996         0.004         13.483        rulex               40.000     1.00
kimi  1002 final randunits units      2  0.001     0.993    0.029    0.996         0.004         13.485        rulex               40.000     1.00
kimi  1002 final randunits units      4  0.002     0.993    0.029    0.996         0.004         13.464        rulex               40.000     1.00
kimi  1002 final randunits units      8  0.004     0.993    0.029    0.996         0.004         13.494        rulex               40.000     1.00
kimi  1002 final randunits units     16  0.008     0.993    0.028    0.996         0.004         13.405        rulex               40.000     1.00
kimi  1002 final randunits units     32  0.017     0.993    0.029    0.998         0.002         13.396        rulex               40.000     1.00
kimi  1002 final randunits units     64  0.033     0.993    0.028    0.996         0.004         13.290        rulex               40.000     1.00
kimi  1002 final randunits units    128  0.067     0.993    0.030    0.996         0.002         13.144        rulex               40.000     1.00
kimi  1002 final randunits units    256  0.133     0.993    0.030    0.996         0.004         12.896        rulex               40.000     1.00
kimi  1002 final randunits units    512  0.267     0.993    0.030    0.991         0.007         11.982        rulex               40.000     0.98
kimi  1002 final randunits units      0  0.000     0.993    0.029    0.996         0.004         13.488        rulex               40.000     1.00
kimi  1002 final randunits units      1  0.001     0.993    0.029    0.996         0.004         13.470        rulex               40.000     1.00
kimi  1002 final randunits units      2  0.001     0.993    0.029    0.996         0.004         13.482        rulex               40.000     1.00
kimi  1002 final randunits units      4  0.002     0.993    0.029    0.998         0.002         13.473        rulex               40.000     1.00
kimi  1002 final randunits units      8  0.004     0.993    0.029    0.996         0.004         13.483        rulex               40.000     1.00
kimi  1002 final randunits units     16  0.008     0.993    0.029    0.996         0.004         13.453        rulex               40.000     1.00
kimi  1002 final randunits units     32  0.017     0.993    0.029    0.998         0.002         13.396        rulex               40.000     1.00
kimi  1002 final randunits units     64  0.033     0.993    0.029    0.996         0.004         13.311        rulex               40.000     1.00
kimi  1002 final randunits units    128  0.067     0.993    0.030    0.996         0.004         13.219        rulex               40.000     1.00
kimi  1002 final randunits units    256  0.133     0.993    0.031    0.996         0.002         12.978        rulex               40.000     1.00
kimi  1002 final randunits units    512  0.267     0.991    0.038    0.998         0.002         11.977        rulex               40.000     1.00
kimi  1002 final randunits units      0  0.000     0.993    0.029    0.996         0.004         13.488        rulex               40.000     1.00
kimi  1002 final randunits units      1  0.001     0.993    0.029    0.996         0.004         13.489        rulex               40.000     1.00
kimi  1002 final randunits units      2  0.001     0.993    0.029    0.996         0.004         13.482        rulex               40.000     1.00
kimi  1002 final randunits units      4  0.002     0.993    0.029    0.996         0.004         13.481        rulex               40.000     1.00
kimi  1002 final randunits units      8  0.004     0.993    0.029    0.996         0.004         13.468        rulex               40.000     1.00
kimi  1002 final randunits units     16  0.008     0.993    0.029    0.996         0.004         13.447        rulex               40.000     1.00
kimi  1002 final randunits units     32  0.017     0.993    0.029    0.996         0.004         13.407        rulex               40.000     1.00
kimi  1002 final randunits units     64  0.033     0.993    0.030    0.998         0.002         13.372        rulex               40.000     1.00
kimi  1002 final randunits units    128  0.067     0.993    0.029    0.998         0.002         13.109        rulex               40.000     1.00
kimi  1002 final randunits units    256  0.133     0.993    0.031    0.998         0.002         12.787        rulex               40.000     1.00
kimi  1002 final randunits units    512  0.267     0.993    0.033    0.991         0.005         11.940        rulex               40.000     0.98
kimi  1000 final      none     -      0  0.000     0.996    0.021      NaN           NaN            NaN         rule               40.000     0.00
kimi  1000 final   lowpass    in      0  0.000     0.006   25.055      NaN           NaN            NaN   gcm_linear                0.200     0.00
kimi  1000 final   lowpass    in      1  1.000     0.005   20.488      NaN           NaN            NaN   gcm_linear                0.603     0.00
kimi  1000 final   lowpass    in      2  2.000     0.007   19.633      NaN           NaN            NaN   gcm_linear                0.752     0.00
kimi  1000 final   lowpass    in      3  3.000     0.008   18.912      NaN           NaN            NaN gcm_circular                0.938     0.00
kimi  1000 final   lowpass    in      4  4.000     0.007   19.039      NaN           NaN            NaN gcm_circular                1.170     0.00
kimi  1000 final   lowpass    in      6  6.000     0.007   18.765      NaN           NaN            NaN  gcm_hamming                0.484     0.00
kimi  1000 final   lowpass    in      8  8.000     0.063    4.629      NaN           NaN            NaN         rule                2.828     0.00
kimi  1000 final   lowpass    in     12 12.000     0.062    4.904      NaN           NaN            NaN         rule                2.268     0.00
kimi  1000 final   lowpass    in     16 16.000     0.067    4.891      NaN           NaN            NaN         rule                2.828     0.00
kimi  1000 final   lowpass    in     24 24.000     0.070    5.006      NaN           NaN            NaN         rule                2.268     0.00
kimi  1000 final   lowpass    in     32 32.000     0.081    5.043      NaN           NaN            NaN         rule                2.268     0.00
kimi  1000 final   lowpass    in     48 48.000     0.553    1.340      NaN           NaN            NaN         rule                4.398     0.00
kimi  1000 final   lowpass    in     74 74.000     0.996    0.021      NaN           NaN            NaN         rule               40.000     0.00
kimi  1000 final   lowpass   out      0  0.000     0.007    5.004      NaN           NaN            NaN      uniform                0.200     0.00
kimi  1000 final   lowpass   out      1  1.000     0.006    5.024      NaN           NaN            NaN      uniform                0.200     0.00
kimi  1000 final   lowpass   out      2  2.000     0.005    5.043      NaN           NaN            NaN  gcm_hamming                0.200     0.00
kimi  1000 final   lowpass   out      3  3.000     0.006    5.061      NaN           NaN            NaN  gcm_hamming                0.200     0.00
kimi  1000 final   lowpass   out      4  4.000     0.005    5.073      NaN           NaN            NaN  gcm_hamming                0.200     0.00
kimi  1000 final   lowpass   out      6  6.000     0.004    5.117      NaN           NaN            NaN  gcm_hamming                0.200     0.00
kimi  1000 final   lowpass   out      8  8.000     0.058    3.523      NaN           NaN            NaN         rule                0.938     0.00
kimi  1000 final   lowpass   out     12 12.000     0.048    3.615      NaN           NaN            NaN         rule                0.752     0.00
kimi  1000 final   lowpass   out     16 16.000     0.043    3.697      NaN           NaN            NaN         rule                0.603     0.00
kimi  1000 final   lowpass   out     24 24.000     0.034    3.839      NaN           NaN            NaN  gcm_hamming                0.388     0.00
kimi  1000 final   lowpass   out     32 32.000     0.024    3.976      NaN           NaN            NaN  gcm_hamming                0.603     0.00
kimi  1000 final   lowpass   out     48 48.000     0.427    1.472      NaN           NaN            NaN         rule                3.527     0.00
kimi  1000 final   lowpass   out     74 74.000     0.996    0.021      NaN           NaN            NaN         rule               40.000     0.00
kimi  1000 final   lowpass  both      0  0.000     0.007    5.004      NaN           NaN            NaN      uniform                0.200     0.00
kimi  1000 final   lowpass  both      1  1.000     0.008    4.988      NaN           NaN            NaN      uniform                1.459     0.00
kimi  1000 final   lowpass  both      2  2.000     0.010    4.976      NaN           NaN            NaN gcm_circular                1.819     0.00
kimi  1000 final   lowpass  both      3  3.000     0.010    4.960      NaN           NaN            NaN         rule                1.170     0.00
kimi  1000 final   lowpass  both      4  4.000     0.011    4.963      NaN           NaN            NaN         rule                0.200     0.00
kimi  1000 final   lowpass  both      6  6.000     0.012    4.993      NaN           NaN            NaN         rule                0.200     0.00
kimi  1000 final   lowpass  both      8  8.000     0.152    2.910      NaN           NaN            NaN         rule                4.398     0.00
kimi  1000 final   lowpass  both     12 12.000     0.143    2.939      NaN           NaN            NaN         rule                3.527     0.00
kimi  1000 final   lowpass  both     16 16.000     0.153    2.901      NaN           NaN            NaN         rule                3.527     0.00
kimi  1000 final   lowpass  both     24 24.000     0.129    2.990      NaN           NaN            NaN         rule                2.828     0.00
kimi  1000 final   lowpass  both     32 32.000     0.099    3.216      NaN           NaN            NaN         rule                2.828     0.00
kimi  1000 final   lowpass  both     48 48.000     0.492    1.302      NaN           NaN            NaN         rule                3.527     0.00
kimi  1000 final   lowpass  both     74 74.000     0.996    0.021      NaN           NaN            NaN         rule               40.000     0.00
kimi  1000 final      etop    in      0  0.000     0.996    0.021      NaN           NaN            NaN         rule               40.000     0.00
kimi  1000 final      etop    in      1  0.050     0.907    0.250      NaN           NaN            NaN         rule               16.541     0.00
kimi  1000 final      etop    in      1  0.100     0.907    0.250      NaN           NaN            NaN         rule               16.541     0.00
kimi  1000 final      etop    in      3  0.200     0.694    0.945      NaN           NaN            NaN         rule                6.840     0.00
kimi  1000 final      etop    in      4  0.300     0.537    1.741      NaN           NaN            NaN         rule                4.398     0.00
kimi  1000 final      etop    in      5  0.400     0.483    2.421      NaN           NaN            NaN         rule                4.398     0.00
kimi  1000 final      etop    in     10  0.500     0.287    4.282      NaN           NaN            NaN         rule                2.268     0.00
kimi  1000 final      etop    in     19  0.600     0.134    8.371      NaN           NaN            NaN         rule                1.170     0.00
kimi  1000 final      etop    in     30  0.700     0.039   13.783      NaN           NaN            NaN         rule                0.388     0.00
kimi  1000 final      etop    in     42  0.800     0.012   17.338      NaN           NaN            NaN  gcm_hamming                0.484     0.00
kimi  1000 final      etop    in     56  0.900     0.006   19.036      NaN           NaN            NaN  gcm_hamming                0.200     0.00
kimi  1000 final      etop    in     65  0.950     0.008   19.608      NaN           NaN            NaN  gcm_hamming                0.388     0.00
kimi  1000 final      etop    in     74  1.000     0.006   25.055      NaN           NaN            NaN   gcm_linear                0.200     0.00
kimi  1000 final      etop   out      0  0.000     0.996    0.021      NaN           NaN            NaN         rule               40.000     0.00
kimi  1000 final      etop   out      1  0.050     0.647    0.848      NaN           NaN            NaN         rule                5.485     0.00
kimi  1000 final      etop   out      1  0.100     0.647    0.848      NaN           NaN            NaN         rule                5.485     0.00
kimi  1000 final      etop   out      2  0.200     0.391    1.703      NaN           NaN            NaN         rule                2.268     0.00
kimi  1000 final      etop   out      3  0.300     0.055    3.526      NaN           NaN            NaN  gcm_hamming                0.200     0.00
kimi  1000 final      etop   out      4  0.400     0.012    4.926      NaN           NaN            NaN  gcm_hamming                0.311     0.00
kimi  1000 final      etop   out      5  0.500     0.002    6.219      NaN           NaN            NaN  gcm_hamming                0.603     0.00
kimi  1000 final      etop   out     11  0.600     0.001    6.237      NaN           NaN            NaN  gcm_hamming                0.603     0.00
kimi  1000 final      etop   out     22  0.700     0.001    5.982      NaN           NaN            NaN  gcm_hamming                0.484     0.00
kimi  1000 final      etop   out     36  0.800     0.002    5.692      NaN           NaN            NaN  gcm_hamming                0.484     0.00
kimi  1000 final      etop   out     53  0.900     0.003    5.347      NaN           NaN            NaN  gcm_hamming                0.200     0.00
kimi  1000 final      etop   out     63  0.950     0.004    5.177      NaN           NaN            NaN  gcm_hamming                0.484     0.00
kimi  1000 final      etop   out     74  1.000     0.007    5.004      NaN           NaN            NaN      uniform                0.200     0.00
kimi  1000 final      etop  both      0  0.000     0.996    0.021      NaN           NaN            NaN         rule               40.000     0.00
kimi  1000 final      etop  both      1  0.050     0.693    0.730      NaN           NaN            NaN         rule                6.840     0.00
kimi  1000 final      etop  both      1  0.100     0.693    0.730      NaN           NaN            NaN         rule                6.840     0.00
kimi  1000 final      etop  both      3  0.200     0.233    2.440      NaN           NaN            NaN         rule                0.200     0.00
kimi  1000 final      etop  both      4  0.300     0.035    4.495      NaN           NaN            NaN  gcm_hamming                0.200     0.00
kimi  1000 final      etop  both      5  0.400     0.011    5.895      NaN           NaN            NaN  gcm_hamming                0.311     0.00
kimi  1000 final      etop  both     10  0.500     0.001    7.156      NaN           NaN            NaN  gcm_hamming                0.603     0.00
kimi  1000 final      etop  both     19  0.600     0.002    6.690      NaN           NaN            NaN  gcm_hamming                0.603     0.00
kimi  1000 final      etop  both     30  0.700     0.003    6.104      NaN           NaN            NaN  gcm_hamming                0.603     0.00
kimi  1000 final      etop  both     42  0.800     0.005    5.627      NaN           NaN            NaN  gcm_hamming                0.388     0.00
kimi  1000 final      etop  both     56  0.900     0.007    5.264      NaN           NaN            NaN  gcm_hamming                0.603     0.00
kimi  1000 final      etop  both     65  0.950     0.008    5.115      NaN           NaN            NaN      uniform                0.200     0.00
kimi  1000 final      etop  both     74  1.000     0.007    5.004      NaN           NaN            NaN      uniform                0.200     0.00
kimi  1000 final   ebottom    in      0  0.000     0.996    0.021      NaN           NaN            NaN         rule               40.000     0.00
kimi  1000 final   ebottom    in     10  0.050     0.996    0.020      NaN           NaN            NaN         rule               40.000     0.00
kimi  1000 final   ebottom    in     19  0.100     0.996    0.020      NaN           NaN            NaN         rule               40.000     0.00
kimi  1000 final   ebottom    in     33  0.200     0.994    0.027      NaN           NaN            NaN         rule               40.000     0.00
kimi  1000 final   ebottom    in     45  0.300     0.981    0.073      NaN           NaN            NaN         rule               40.000     0.00
kimi  1000 final   ebottom    in     56  0.400     0.931    0.227      NaN           NaN            NaN         rule               20.627     0.00
kimi  1000 final   ebottom    in     65  0.500     0.891    0.371      NaN           NaN            NaN         rule               13.264     0.00
kimi  1000 final   ebottom    in     70  0.600     0.842    0.532      NaN           NaN            NaN         rule               10.637     0.00
kimi  1000 final   ebottom    in     71  0.700     0.464    1.563      NaN           NaN            NaN         rule                3.527     0.00
kimi  1000 final   ebottom    in     72  0.800     0.246    2.607      NaN           NaN            NaN         rule                1.819     0.00
kimi  1000 final   ebottom    in     74  0.900     0.006   25.055      NaN           NaN            NaN   gcm_linear                0.200     0.00
kimi  1000 final   ebottom    in     74  0.950     0.006   25.055      NaN           NaN            NaN   gcm_linear                0.200     0.00
kimi  1000 final   ebottom    in     74  1.000     0.006   25.055      NaN           NaN            NaN   gcm_linear                0.200     0.00
kimi  1000 final   ebottom   out      0  0.000     0.996    0.021      NaN           NaN            NaN         rule               40.000     0.00
kimi  1000 final   ebottom   out     12  0.050     0.997    0.017      NaN           NaN            NaN         rule               40.000     0.00
kimi  1000 final   ebottom   out     22  0.100     0.997    0.014      NaN           NaN            NaN         rule               40.000     0.00
kimi  1000 final   ebottom   out     39  0.200     0.999    0.009      NaN           NaN            NaN         rule               40.000     0.00
kimi  1000 final   ebottom   out     53  0.300     0.999    0.006      NaN           NaN            NaN         rule               40.000     0.00
kimi  1000 final   ebottom   out     64  0.400     0.999    0.004      NaN           NaN            NaN         rule               40.000     0.00
kimi  1000 final   ebottom   out     70  0.500     0.999    0.014      NaN           NaN            NaN         rule               40.000     0.00
kimi  1000 final   ebottom   out     71  0.600     0.849    0.689      NaN           NaN            NaN         rule               10.637     0.00
kimi  1000 final   ebottom   out     72  0.700     0.612    1.652      NaN           NaN            NaN         rule                5.485     0.00
kimi  1000 final   ebottom   out     73  0.800     0.087    3.233      NaN           NaN            NaN         rule                0.200     0.00
kimi  1000 final   ebottom   out     74  0.900     0.007    5.004      NaN           NaN            NaN      uniform                0.200     0.00
kimi  1000 final   ebottom   out     74  0.950     0.007    5.004      NaN           NaN            NaN      uniform                0.200     0.00
kimi  1000 final   ebottom   out     74  1.000     0.007    5.004      NaN           NaN            NaN      uniform                0.200     0.00
kimi  1000 final   ebottom  both      0  0.000     0.996    0.021      NaN           NaN            NaN         rule               40.000     0.00
kimi  1000 final   ebottom  both     10  0.050     0.997    0.017      NaN           NaN            NaN         rule               40.000     0.00
kimi  1000 final   ebottom  both     19  0.100     0.998    0.014      NaN           NaN            NaN         rule               40.000     0.00
kimi  1000 final   ebottom  both     33  0.200     0.998    0.013      NaN           NaN            NaN         rule               40.000     0.00
kimi  1000 final   ebottom  both     45  0.300     0.990    0.042      NaN           NaN            NaN         rule               40.000     0.00
kimi  1000 final   ebottom  both     56  0.400     0.959    0.138      NaN           NaN            NaN         rule               32.076     0.00
kimi  1000 final   ebottom  both     65  0.500     0.918    0.264      NaN           NaN            NaN         rule               16.541     0.00
kimi  1000 final   ebottom  both     70  0.600     0.613    1.044      NaN           NaN            NaN         rule                5.485     0.00
kimi  1000 final   ebottom  both     71  0.700     0.385    1.863      NaN           NaN            NaN         rule                2.828     0.00
kimi  1000 final   ebottom  both     72  0.800     0.066    3.291      NaN           NaN            NaN         rule                0.200     0.00
kimi  1000 final   ebottom  both     74  0.900     0.007    5.004      NaN           NaN            NaN      uniform                0.200     0.00
kimi  1000 final   ebottom  both     74  0.950     0.007    5.004      NaN           NaN            NaN      uniform                0.200     0.00
kimi  1000 final   ebottom  both     74  1.000     0.007    5.004      NaN           NaN            NaN      uniform                0.200     0.00
kimi  1000 final     erand    in      0  0.000     0.996    0.021      NaN           NaN            NaN         rule               40.000     0.00
kimi  1000 final     erand    in      4  0.050     0.995    0.023      NaN           NaN            NaN         rule               40.000     0.00
kimi  1000 final     erand    in     11  0.100     0.995    0.025      NaN           NaN            NaN         rule               40.000     0.00
kimi  1000 final     erand    in     23  0.200     0.994    0.031      NaN           NaN            NaN         rule               40.000     0.00
kimi  1000 final     erand    in     26  0.300     0.937    0.203      NaN           NaN            NaN         rule               16.541     0.00
kimi  1000 final     erand    in     27  0.400     0.670    0.966      NaN           NaN            NaN         rule                5.485     0.00
kimi  1000 final     erand    in     38  0.500     0.527    1.546      NaN           NaN            NaN         rule                4.398     0.00
kimi  1000 final     erand    in     41  0.600     0.199    3.821      NaN           NaN            NaN         rule                1.170     0.00
kimi  1000 final     erand    in     52  0.700     0.126    4.437      NaN           NaN            NaN         rule                0.200     0.00
kimi  1000 final     erand    in     63  0.800     0.086    4.529      NaN           NaN            NaN         rule                0.200     0.00
kimi  1000 final     erand    in     69  0.900     0.028    6.361      NaN           NaN            NaN         rule                0.200     0.00
kimi  1000 final     erand    in     73  0.950     0.008   19.233      NaN           NaN            NaN  gcm_hamming                0.388     0.00
kimi  1000 final     erand    in     74  1.000     0.006   25.055      NaN           NaN            NaN   gcm_linear                0.200     0.00
kimi  1000 final     erand    in      0  0.000     0.996    0.021      NaN           NaN            NaN         rule               40.000     0.00
kimi  1000 final     erand    in      7  0.050     0.995    0.023      NaN           NaN            NaN         rule               40.000     0.00
kimi  1000 final     erand    in     10  0.100     0.995    0.024      NaN           NaN            NaN         rule               40.000     0.00
kimi  1000 final     erand    in     24  0.200     0.990    0.038      NaN           NaN            NaN         rule               40.000     0.00
kimi  1000 final     erand    in     31  0.300     0.969    0.107      NaN           NaN            NaN         rule               40.000     0.00
kimi  1000 final     erand    in     37  0.400     0.706    0.906      NaN           NaN            NaN         rule                6.840     0.00
kimi  1000 final     erand    in     43  0.500     0.640    1.142      NaN           NaN            NaN         rule                5.485     0.00
kimi  1000 final     erand    in     46  0.600     0.285    2.957      NaN           NaN            NaN         rule                1.459     0.00
kimi  1000 final     erand    in     59  0.700     0.192    3.510      NaN           NaN            NaN         rule                0.200     0.00
kimi  1000 final     erand    in     63  0.800     0.059    5.066      NaN           NaN            NaN         rule                0.200     0.00
kimi  1000 final     erand    in     73  0.900     0.023   12.147      NaN           NaN            NaN         rule                0.200     0.00
kimi  1000 final     erand    in     73  0.950     0.023   12.147      NaN           NaN            NaN         rule                0.200     0.00
kimi  1000 final     erand    in     74  1.000     0.006   25.055      NaN           NaN            NaN   gcm_linear                0.200     0.00
kimi  1000 final     erand    in      0  0.000     0.996    0.021      NaN           NaN            NaN         rule               40.000     0.00
kimi  1000 final     erand    in      7  0.050     0.996    0.022      NaN           NaN            NaN         rule               40.000     0.00
kimi  1000 final     erand    in     10  0.100     0.970    0.110      NaN           NaN            NaN         rule               40.000     0.00
kimi  1000 final     erand    in     13  0.200     0.965    0.129      NaN           NaN            NaN         rule               40.000     0.00
kimi  1000 final     erand    in     25  0.300     0.934    0.217      NaN           NaN            NaN         rule               16.541     0.00
kimi  1000 final     erand    in     28  0.400     0.614    1.218      NaN           NaN            NaN         rule                5.485     0.00
kimi  1000 final     erand    in     41  0.500     0.467    1.745      NaN           NaN            NaN         rule                4.398     0.00
kimi  1000 final     erand    in     46  0.600     0.176    3.824      NaN           NaN            NaN         rule                3.527     0.00
kimi  1000 final     erand    in     53  0.700     0.141    3.900      NaN           NaN            NaN         rule                3.527     0.00
kimi  1000 final     erand    in     60  0.800     0.054    5.074      NaN           NaN            NaN         rule                1.170     0.00
kimi  1000 final     erand    in     69  0.900     0.010   17.874      NaN           NaN            NaN  gcm_hamming                0.200     0.00
kimi  1000 final     erand    in     70  0.950     0.010   18.056      NaN           NaN            NaN  gcm_hamming                0.484     0.00
kimi  1000 final     erand    in     74  1.000     0.006   25.055      NaN           NaN            NaN   gcm_linear                0.200     0.00
kimi  1000 final     erand   out      0  0.000     0.996    0.021      NaN           NaN            NaN         rule               40.000     0.00
kimi  1000 final     erand   out      6  0.050     0.996    0.018      NaN           NaN            NaN         rule               40.000     0.00
kimi  1000 final     erand   out     14  0.100     0.997    0.015      NaN           NaN            NaN         rule               40.000     0.00
kimi  1000 final     erand   out     25  0.200     0.977    0.126      NaN           NaN            NaN         rule               40.000     0.00
kimi  1000 final     erand   out     27  0.300     0.489    1.369      NaN           NaN            NaN         rule                4.398     0.00
kimi  1000 final     erand   out     27  0.400     0.489    1.369      NaN           NaN            NaN         rule                4.398     0.00
kimi  1000 final     erand   out     39  0.500     0.567    1.186      NaN           NaN            NaN         rule                4.398     0.00
kimi  1000 final     erand   out     41  0.600     0.088    2.848      NaN           NaN            NaN         rule                0.200     0.00
kimi  1000 final     erand   out     53  0.700     0.124    2.604      NaN           NaN            NaN         rule                0.200     0.00
kimi  1000 final     erand   out     67  0.800     0.137    2.437      NaN           NaN            NaN         rule                0.200     0.00
kimi  1000 final     erand   out     69  0.900     0.037    3.776      NaN           NaN            NaN         rule                0.200     0.00
kimi  1000 final     erand   out     73  0.950     0.006    5.028      NaN           NaN            NaN      uniform                0.200     0.00
kimi  1000 final     erand   out     74  1.000     0.007    5.004      NaN           NaN            NaN      uniform                0.200     0.00
kimi  1000 final     erand   out      0  0.000     0.996    0.021      NaN           NaN            NaN         rule               40.000     0.00
kimi  1000 final     erand   out      7  0.050     0.997    0.016      NaN           NaN            NaN         rule               40.000     0.00
kimi  1000 final     erand   out     13  0.100     0.998    0.014      NaN           NaN            NaN         rule               40.000     0.00
kimi  1000 final     erand   out     28  0.200     0.993    0.044      NaN           NaN            NaN         rule               40.000     0.00
kimi  1000 final     erand   out     33  0.300     0.995    0.039      NaN           NaN            NaN         rule               40.000     0.00
kimi  1000 final     erand   out     37  0.400     0.714    0.842      NaN           NaN            NaN         rule                6.840     0.00
kimi  1000 final     erand   out     45  0.500     0.236    2.247      NaN           NaN            NaN         rule                0.200     0.00
kimi  1000 final     erand   out     45  0.600     0.236    2.247      NaN           NaN            NaN         rule                0.200     0.00
kimi  1000 final     erand   out     60  0.700     0.339    2.003      NaN           NaN            NaN         rule                1.819     0.00
kimi  1000 final     erand   out     63  0.800     0.057    3.568      NaN           NaN            NaN         rule                0.200     0.00
kimi  1000 final     erand   out     73  0.900     0.012    4.932      NaN           NaN            NaN         rule                0.200     0.00
kimi  1000 final     erand   out     73  0.950     0.012    4.932      NaN           NaN            NaN         rule                0.200     0.00
kimi  1000 final     erand   out     74  1.000     0.007    5.004      NaN           NaN            NaN      uniform                0.200     0.00
kimi  1000 final     erand   out      0  0.000     0.996    0.021      NaN           NaN            NaN         rule               40.000     0.00
kimi  1000 final     erand   out      7  0.050     0.997    0.017      NaN           NaN            NaN         rule               40.000     0.00
kimi  1000 final     erand   out     10  0.100     0.957    0.183      NaN           NaN            NaN         rule               40.000     0.00
kimi  1000 final     erand   out     13  0.200     0.961    0.175      NaN           NaN            NaN         rule               40.000     0.00
kimi  1000 final     erand   out     26  0.300     0.494    1.376      NaN           NaN            NaN         rule                4.398     0.00
kimi  1000 final     erand   out     30  0.400     0.514    1.313      NaN           NaN            NaN         rule                4.398     0.00
kimi  1000 final     erand   out     43  0.500     0.585    1.179      NaN           NaN            NaN         rule                5.485     0.00
kimi  1000 final     erand   out     46  0.600     0.154    2.638      NaN           NaN            NaN         rule                4.398     0.00
kimi  1000 final     erand   out     55  0.700     0.029    3.820      NaN           NaN            NaN  gcm_hamming                0.200     0.00
kimi  1000 final     erand   out     60  0.800     0.032    3.706      NaN           NaN            NaN  gcm_hamming                0.200     0.00
kimi  1000 final     erand   out     69  0.900     0.005    5.094      NaN           NaN            NaN  gcm_hamming                0.484     0.00
kimi  1000 final     erand   out     69  0.950     0.005    5.094      NaN           NaN            NaN  gcm_hamming                0.484     0.00
kimi  1000 final     erand   out     74  1.000     0.007    5.004      NaN           NaN            NaN      uniform                0.200     0.00
kimi  1000 final     erand  both      0  0.000     0.996    0.021      NaN           NaN            NaN         rule               40.000     0.00
kimi  1000 final     erand  both      4  0.050     0.980    0.091      NaN           NaN            NaN         rule               40.000     0.00
kimi  1000 final     erand  both     11  0.100     0.982    0.083      NaN           NaN            NaN         rule               40.000     0.00
kimi  1000 final     erand  both     23  0.200     0.481    1.286      NaN           NaN            NaN         rule                0.938     0.00
kimi  1000 final     erand  both     26  0.300     0.110    2.770      NaN           NaN            NaN         rule                0.200     0.00
kimi  1000 final     erand  both     27  0.400     0.122    2.698      NaN           NaN            NaN         rule                0.200     0.00
kimi  1000 final     erand  both     38  0.500     0.129    2.667      NaN           NaN            NaN         rule                0.200     0.00
kimi  1000 final     erand  both     41  0.600     0.004    5.777      NaN           NaN            NaN  gcm_hamming                0.200     0.00
kimi  1000 final     erand  both     52  0.700     0.007    5.633      NaN           NaN            NaN  gcm_hamming                0.200     0.00
kimi  1000 final     erand  both     63  0.800     0.007    5.238      NaN           NaN            NaN  gcm_hamming                0.484     0.00
kimi  1000 final     erand  both     69  0.900     0.005    5.158      NaN           NaN            NaN  gcm_hamming                0.200     0.00
kimi  1000 final     erand  both     73  0.950     0.006    5.135      NaN           NaN            NaN  gcm_hamming                0.200     0.00
kimi  1000 final     erand  both     74  1.000     0.007    5.004      NaN           NaN            NaN      uniform                0.200     0.00
kimi  1000 final     erand  both      0  0.000     0.996    0.021      NaN           NaN            NaN         rule               40.000     0.00
kimi  1000 final     erand  both      7  0.050     0.909    0.290      NaN           NaN            NaN         rule               10.637     0.00
kimi  1000 final     erand  both     10  0.100     0.909    0.291      NaN           NaN            NaN         rule               10.637     0.00
kimi  1000 final     erand  both     24  0.200     0.463    1.291      NaN           NaN            NaN         rule                3.527     0.00
kimi  1000 final     erand  both     31  0.300     0.103    2.909      NaN           NaN            NaN         rule                0.752     0.00
kimi  1000 final     erand  both     37  0.400     0.054    3.934      NaN           NaN            NaN         rule                0.200     0.00
kimi  1000 final     erand  both     43  0.500     0.008    5.487      NaN           NaN            NaN  gcm_hamming                0.938     0.00
kimi  1000 final     erand  both     46  0.600     0.009    5.516      NaN           NaN            NaN  gcm_hamming                0.938     0.00
kimi  1000 final     erand  both     59  0.700     0.011    5.369      NaN           NaN            NaN  gcm_hamming                0.249     0.00
kimi  1000 final     erand  both     63  0.800     0.009    4.891      NaN           NaN            NaN      uniform                0.200     0.00
kimi  1000 final     erand  both     73  0.900     0.020    4.280      NaN           NaN            NaN         rule                0.200     0.00
kimi  1000 final     erand  both     73  0.950     0.016    4.165      NaN           NaN            NaN  gcm_hamming                0.311     0.00
kimi  1000 final     erand  both     74  1.000     0.007    5.004      NaN           NaN            NaN      uniform                0.200     0.00
kimi  1000 final     erand  both      0  0.000     0.996    0.021      NaN           NaN            NaN         rule               40.000     0.00
kimi  1000 final     erand  both      7  0.050     0.914    0.275      NaN           NaN            NaN         rule               13.264     0.00
kimi  1000 final     erand  both     10  0.100     0.649    0.998      NaN           NaN            NaN         rule                5.485     0.00
kimi  1000 final     erand  both     13  0.200     0.662    0.960      NaN           NaN            NaN         rule                5.485     0.00
kimi  1000 final     erand  both     25  0.300     0.492    1.360      NaN           NaN            NaN         rule                4.398     0.00
kimi  1000 final     erand  both     28  0.400     0.500    1.321      NaN           NaN            NaN         rule                4.398     0.00
kimi  1000 final     erand  both     41  0.500     0.126    2.970      NaN           NaN            NaN         rule                3.527     0.00
kimi  1000 final     erand  both     46  0.600     0.038    3.829      NaN           NaN            NaN         rule                0.200     0.00
kimi  1000 final     erand  both     53  0.700     0.045    3.604      NaN           NaN            NaN         rule                0.200     0.00
kimi  1000 final     erand  both     60  0.800     0.006    5.176      NaN           NaN            NaN      uniform                0.200     0.00
kimi  1000 final     erand  both     69  0.900     0.005    5.385      NaN           NaN            NaN      uniform                0.388     0.00
kimi  1000 final     erand  both     70  0.950     0.007    5.155      NaN           NaN            NaN      uniform                0.200     0.00
kimi  1000 final     erand  both     74  1.000     0.007    5.004      NaN           NaN            NaN      uniform                0.200     0.00
kimi  1000 final      topk    in     56  0.000     0.996    0.021      NaN           NaN            NaN         rule               40.000     0.00
kimi  1000 final      topk    in     56  0.250     0.996    0.022      NaN           NaN            NaN         rule               40.000     0.00
kimi  1000 final      topk    in     56  0.500     0.994    0.029      NaN           NaN            NaN         rule               40.000     0.00
kimi  1000 final      topk    in     56  0.750     0.958    0.128      NaN           NaN            NaN         rule               32.076     0.00
kimi  1000 final      topk    in     56  1.000     0.006   19.036      NaN           NaN            NaN  gcm_hamming                0.200     0.00
kimi  1000 final      topk   out     53  0.000     0.996    0.021      NaN           NaN            NaN         rule               40.000     0.00
kimi  1000 final      topk   out     53  0.250     0.995    0.044      NaN           NaN            NaN         rule               40.000     0.00
kimi  1000 final      topk   out     53  0.500     0.991    0.174      NaN           NaN            NaN         rule               40.000     0.00
kimi  1000 final      topk   out     53  0.750     0.939    1.132      NaN           NaN            NaN         rule               20.627     0.00
kimi  1000 final      topk   out     53  1.000     0.003    5.347      NaN           NaN            NaN  gcm_hamming                0.200     0.00
kimi  1000 final      topk  both     56  0.000     0.996    0.021      NaN           NaN            NaN         rule               40.000     0.00
kimi  1000 final      topk  both     56  0.250     0.994    0.046      NaN           NaN            NaN         rule               40.000     0.00
kimi  1000 final      topk  both     56  0.500     0.988    0.193      NaN           NaN            NaN         rule               40.000     0.00
kimi  1000 final      topk  both     56  0.750     0.856    1.341      NaN           NaN            NaN         rule               10.637     0.00
kimi  1000 final      topk  both     56  1.000     0.006    5.219      NaN           NaN            NaN  gcm_hamming                0.484     0.00
kimi  1000 final     randk    in     18  0.000     0.996    0.021      NaN           NaN            NaN         rule               40.000     0.00
kimi  1000 final     randk    in     18  0.250     0.996    0.020      NaN           NaN            NaN         rule               40.000     0.00
kimi  1000 final     randk    in     18  0.500     0.996    0.019      NaN           NaN            NaN         rule               40.000     0.00
kimi  1000 final     randk    in     18  0.750     0.996    0.020      NaN           NaN            NaN         rule               40.000     0.00
kimi  1000 final     randk    in     18  1.000     0.996    0.021      NaN           NaN            NaN         rule               40.000     0.00
kimi  1000 final     randk    in     18  0.000     0.996    0.021      NaN           NaN            NaN         rule               40.000     0.00
kimi  1000 final     randk    in     18  0.250     0.996    0.020      NaN           NaN            NaN         rule               40.000     0.00
kimi  1000 final     randk    in     18  0.500     0.996    0.019      NaN           NaN            NaN         rule               40.000     0.00
kimi  1000 final     randk    in     18  0.750     0.996    0.020      NaN           NaN            NaN         rule               40.000     0.00
kimi  1000 final     randk    in     18  1.000     0.996    0.021      NaN           NaN            NaN         rule               40.000     0.00
kimi  1000 final     randk    in     18  0.000     0.996    0.021      NaN           NaN            NaN         rule               40.000     0.00
kimi  1000 final     randk    in     18  0.250     0.996    0.020      NaN           NaN            NaN         rule               40.000     0.00
kimi  1000 final     randk    in     18  0.500     0.996    0.019      NaN           NaN            NaN         rule               40.000     0.00
kimi  1000 final     randk    in     18  0.750     0.996    0.020      NaN           NaN            NaN         rule               40.000     0.00
kimi  1000 final     randk    in     18  1.000     0.996    0.021      NaN           NaN            NaN         rule               40.000     0.00
kimi  1000 final     randk   out     21  0.000     0.996    0.021      NaN           NaN            NaN         rule               40.000     0.00
kimi  1000 final     randk   out     21  0.250     0.996    0.018      NaN           NaN            NaN         rule               40.000     0.00
kimi  1000 final     randk   out     21  0.500     0.997    0.017      NaN           NaN            NaN         rule               40.000     0.00
kimi  1000 final     randk   out     21  0.750     0.997    0.015      NaN           NaN            NaN         rule               40.000     0.00
kimi  1000 final     randk   out     21  1.000     0.997    0.015      NaN           NaN            NaN         rule               40.000     0.00
kimi  1000 final     randk   out     21  0.000     0.996    0.021      NaN           NaN            NaN         rule               40.000     0.00
kimi  1000 final     randk   out     21  0.250     0.996    0.018      NaN           NaN            NaN         rule               40.000     0.00
kimi  1000 final     randk   out     21  0.500     0.997    0.017      NaN           NaN            NaN         rule               40.000     0.00
kimi  1000 final     randk   out     21  0.750     0.997    0.015      NaN           NaN            NaN         rule               40.000     0.00
kimi  1000 final     randk   out     21  1.000     0.997    0.015      NaN           NaN            NaN         rule               40.000     0.00
kimi  1000 final     randk   out     21  0.000     0.996    0.021      NaN           NaN            NaN         rule               40.000     0.00
kimi  1000 final     randk   out     21  0.250     0.996    0.018      NaN           NaN            NaN         rule               40.000     0.00
kimi  1000 final     randk   out     21  0.500     0.997    0.017      NaN           NaN            NaN         rule               40.000     0.00
kimi  1000 final     randk   out     21  0.750     0.997    0.015      NaN           NaN            NaN         rule               40.000     0.00
kimi  1000 final     randk   out     21  1.000     0.997    0.015      NaN           NaN            NaN         rule               40.000     0.00
kimi  1000 final     randk  both     18  0.000     0.996    0.021      NaN           NaN            NaN         rule               40.000     0.00
kimi  1000 final     randk  both     18  0.250     0.996    0.018      NaN           NaN            NaN         rule               40.000     0.00
kimi  1000 final     randk  both     18  0.500     0.997    0.016      NaN           NaN            NaN         rule               40.000     0.00
kimi  1000 final     randk  both     18  0.750     0.998    0.015      NaN           NaN            NaN         rule               40.000     0.00
kimi  1000 final     randk  both     18  1.000     0.998    0.016      NaN           NaN            NaN         rule               40.000     0.00
kimi  1000 final     randk  both     18  0.000     0.996    0.021      NaN           NaN            NaN         rule               40.000     0.00
kimi  1000 final     randk  both     18  0.250     0.996    0.018      NaN           NaN            NaN         rule               40.000     0.00
kimi  1000 final     randk  both     18  0.500     0.997    0.016      NaN           NaN            NaN         rule               40.000     0.00
kimi  1000 final     randk  both     18  0.750     0.998    0.015      NaN           NaN            NaN         rule               40.000     0.00
kimi  1000 final     randk  both     18  1.000     0.998    0.016      NaN           NaN            NaN         rule               40.000     0.00
kimi  1000 final     randk  both     18  0.000     0.996    0.021      NaN           NaN            NaN         rule               40.000     0.00
kimi  1000 final     randk  both     18  0.250     0.996    0.018      NaN           NaN            NaN         rule               40.000     0.00
kimi  1000 final     randk  both     18  0.500     0.997    0.016      NaN           NaN            NaN         rule               40.000     0.00
kimi  1000 final     randk  both     18  0.750     0.998    0.015      NaN           NaN            NaN         rule               40.000     0.00
kimi  1000 final     randk  both     18  1.000     0.998    0.016      NaN           NaN            NaN         rule               40.000     0.00
kimi  1000 final  residual    in     18  0.000     0.996    0.021      NaN           NaN            NaN         rule               40.000     0.00
kimi  1000 final  residual    in     18  0.250     0.996    0.020      NaN           NaN            NaN         rule               40.000     0.00
kimi  1000 final  residual    in     18  0.500     0.996    0.019      NaN           NaN            NaN         rule               40.000     0.00
kimi  1000 final  residual    in     18  0.750     0.996    0.020      NaN           NaN            NaN         rule               40.000     0.00
kimi  1000 final  residual    in     18  1.000     0.996    0.021      NaN           NaN            NaN         rule               40.000     0.00
kimi  1000 final  residual   out     21  0.000     0.996    0.021      NaN           NaN            NaN         rule               40.000     0.00
kimi  1000 final  residual   out     21  0.250     0.996    0.018      NaN           NaN            NaN         rule               40.000     0.00
kimi  1000 final  residual   out     21  0.500     0.997    0.017      NaN           NaN            NaN         rule               40.000     0.00
kimi  1000 final  residual   out     21  0.750     0.997    0.015      NaN           NaN            NaN         rule               40.000     0.00
kimi  1000 final  residual   out     21  1.000     0.997    0.015      NaN           NaN            NaN         rule               40.000     0.00
kimi  1000 final  residual  both     18  0.000     0.996    0.021      NaN           NaN            NaN         rule               40.000     0.00
kimi  1000 final  residual  both     18  0.250     0.996    0.018      NaN           NaN            NaN         rule               40.000     0.00
kimi  1000 final  residual  both     18  0.500     0.997    0.016      NaN           NaN            NaN         rule               40.000     0.00
kimi  1000 final  residual  both     18  0.750     0.998    0.015      NaN           NaN            NaN         rule               40.000     0.00
kimi  1000 final  residual  both     18  1.000     0.998    0.016      NaN           NaN            NaN         rule               40.000     0.00
kimi  1001 final      none     -      0  0.000     0.999    0.004      NaN           NaN            NaN         rule               40.000     0.00
kimi  1001 final   lowpass    in      0  0.000     0.006   20.170      NaN           NaN            NaN  gcm_hamming                0.200     0.00
kimi  1001 final   lowpass    in      1  1.000     0.011   18.067      NaN           NaN            NaN gcm_circular                4.398     0.00
kimi  1001 final   lowpass    in      2  2.000     0.010   18.133      NaN           NaN            NaN   gcm_linear                2.268     0.00
kimi  1001 final   lowpass    in      3  3.000     0.008   17.614      NaN           NaN            NaN   gcm_linear                1.819     0.00
kimi  1001 final   lowpass    in      4  4.000     0.009   17.121      NaN           NaN            NaN gcm_circular                2.268     0.00
kimi  1001 final   lowpass    in      6  6.000     0.009   17.588      NaN           NaN            NaN   gcm_linear                1.459     0.00
kimi  1001 final   lowpass    in      8  8.000     0.009   17.381      NaN           NaN            NaN gcm_circular                1.819     0.00
kimi  1001 final   lowpass    in     12 12.000     0.015   13.924      NaN           NaN            NaN         rule                1.170     0.00
kimi  1001 final   lowpass    in     16 16.000     0.015   14.340      NaN           NaN            NaN         rule                1.170     0.00
kimi  1001 final   lowpass    in     24 24.000     0.015   14.309      NaN           NaN            NaN  gcm_hamming                0.938     0.00
kimi  1001 final   lowpass    in     32 32.000     0.089    4.528      NaN           NaN            NaN         rule                0.200     0.00
kimi  1001 final   lowpass    in     48 48.000     0.578    1.203      NaN           NaN            NaN         rule                4.398     0.00
kimi  1001 final   lowpass    in     74 74.000     0.999    0.004      NaN           NaN            NaN         rule               40.000     0.00
kimi  1001 final   lowpass   out      0  0.000     0.007    5.004      NaN           NaN            NaN      uniform                0.200     0.00
kimi  1001 final   lowpass   out      1  1.000     0.008    4.992      NaN           NaN            NaN gcm_circular                1.459     0.00
kimi  1001 final   lowpass   out      2  2.000     0.008    5.013      NaN           NaN            NaN gcm_circular                1.170     0.00
kimi  1001 final   lowpass   out      3  3.000     0.007    5.013      NaN           NaN            NaN  gcm_hamming                0.938     0.00
kimi  1001 final   lowpass   out      4  4.000     0.006    5.031      NaN           NaN            NaN  gcm_hamming                0.938     0.00
kimi  1001 final   lowpass   out      6  6.000     0.005    5.061      NaN           NaN            NaN  gcm_hamming                1.170     0.00
kimi  1001 final   lowpass   out      8  8.000     0.005    5.091      NaN           NaN            NaN  gcm_hamming                1.170     0.00
kimi  1001 final   lowpass   out     12 12.000     0.010    4.994      NaN           NaN            NaN  gcm_hamming                1.170     0.00
kimi  1001 final   lowpass   out     16 16.000     0.008    5.046      NaN           NaN            NaN  gcm_hamming                0.938     0.00
kimi  1001 final   lowpass   out     24 24.000     0.014    4.981      NaN           NaN            NaN  gcm_hamming                1.170     0.00
kimi  1001 final   lowpass   out     32 32.000     0.081    3.499      NaN           NaN            NaN         rule                0.603     0.00
kimi  1001 final   lowpass   out     48 48.000     0.716    0.834      NaN           NaN            NaN         rule                6.840     0.00
kimi  1001 final   lowpass   out     74 74.000     0.999    0.004      NaN           NaN            NaN         rule               40.000     0.00
kimi  1001 final   lowpass  both      0  0.000     0.007    5.004      NaN           NaN            NaN      uniform                0.200     0.00
kimi  1001 final   lowpass  both      1  1.000     0.005    4.922      NaN           NaN            NaN gcm_circular                2.268     0.00
kimi  1001 final   lowpass  both      2  2.000     0.016    4.912      NaN           NaN            NaN gcm_circular                2.268     0.00
kimi  1001 final   lowpass  both      3  3.000     0.011    4.913      NaN           NaN            NaN gcm_circular                1.459     0.00
kimi  1001 final   lowpass  both      4  4.000     0.013    4.930      NaN           NaN            NaN gcm_circular                1.819     0.00
kimi  1001 final   lowpass  both      6  6.000     0.009    4.975      NaN           NaN            NaN      uniform                0.938     0.00
kimi  1001 final   lowpass  both      8  8.000     0.011    5.006      NaN           NaN            NaN         rule                1.459     0.00
kimi  1001 final   lowpass  both     12 12.000     0.031    4.334      NaN           NaN            NaN         rule                1.170     0.00
kimi  1001 final   lowpass  both     16 16.000     0.026    4.466      NaN           NaN            NaN         rule                0.938     0.00
kimi  1001 final   lowpass  both     24 24.000     0.023    4.683      NaN           NaN            NaN         rule                0.938     0.00
kimi  1001 final   lowpass  both     32 32.000     0.106    3.066      NaN           NaN            NaN         rule                0.200     0.00
kimi  1001 final   lowpass  both     48 48.000     0.601    1.029      NaN           NaN            NaN         rule                5.485     0.00
kimi  1001 final   lowpass  both     74 74.000     0.999    0.004      NaN           NaN            NaN         rule               40.000     0.00
kimi  1001 final      etop    in      0  0.000     0.999    0.004      NaN           NaN            NaN         rule               40.000     0.00
kimi  1001 final      etop    in      1  0.050     0.968    0.104      NaN           NaN            NaN         rule               40.000     0.00
kimi  1001 final      etop    in      1  0.100     0.968    0.104      NaN           NaN            NaN         rule               40.000     0.00
kimi  1001 final      etop    in      2  0.200     0.879    0.369      NaN           NaN            NaN         rule               13.264     0.00
kimi  1001 final      etop    in      3  0.300     0.357    2.029      NaN           NaN            NaN         rule                1.819     0.00
kimi  1001 final      etop    in      4  0.400     0.252    3.516      NaN           NaN            NaN         rule                2.268     0.00
kimi  1001 final      etop    in      6  0.500     0.156    6.042      NaN           NaN            NaN         rule                1.459     0.00
kimi  1001 final      etop    in     12  0.600     0.076    9.486      NaN           NaN            NaN         rule                0.938     0.00
kimi  1001 final      etop    in     24  0.700     0.029   13.401      NaN           NaN            NaN         rule                0.752     0.00
kimi  1001 final      etop    in     37  0.800     0.015   16.294      NaN           NaN            NaN  gcm_hamming                0.484     0.00
kimi  1001 final      etop    in     54  0.900     0.006   17.524      NaN           NaN            NaN      uniform                0.249     0.00
kimi  1001 final      etop    in     63  0.950     0.007   17.891      NaN           NaN            NaN      uniform                0.603     0.00
kimi  1001 final      etop    in     74  1.000     0.006   20.170      NaN           NaN            NaN  gcm_hamming                0.200     0.00
kimi  1001 final      etop   out      0  0.000     0.999    0.004      NaN           NaN            NaN         rule               40.000     0.00
kimi  1001 final      etop   out      1  0.050     0.962    0.151      NaN           NaN            NaN         rule               40.000     0.00
kimi  1001 final      etop   out      1  0.100     0.962    0.151      NaN           NaN            NaN         rule               40.000     0.00
kimi  1001 final      etop   out      2  0.200     0.791    0.671      NaN           NaN            NaN         rule                8.530     0.00
kimi  1001 final      etop   out      3  0.300     0.227    2.232      NaN           NaN            NaN         rule                0.603     0.00
kimi  1001 final      etop   out      4  0.400     0.136    3.141      NaN           NaN            NaN         rule                0.752     0.00
kimi  1001 final      etop   out      6  0.500     0.028    4.941      NaN           NaN            NaN  gcm_hamming                1.459     0.00
kimi  1001 final      etop   out     11  0.600     0.009    5.503      NaN           NaN            NaN  gcm_hamming                0.938     0.00
kimi  1001 final      etop   out     21  0.700     0.009    5.410      NaN           NaN            NaN  gcm_hamming                0.938     0.00
kimi  1001 final      etop   out     35  0.800     0.006    5.393      NaN           NaN            NaN  gcm_hamming                0.752     0.00
kimi  1001 final      etop   out     53  0.900     0.004    5.238      NaN           NaN            NaN  gcm_hamming                0.484     0.00
kimi  1001 final      etop   out     63  0.950     0.005    5.120      NaN           NaN            NaN  gcm_hamming                0.752     0.00
kimi  1001 final      etop   out     74  1.000     0.007    5.004      NaN           NaN            NaN      uniform                0.200     0.00
kimi  1001 final      etop  both      0  0.000     0.999    0.004      NaN           NaN            NaN         rule               40.000     0.00
kimi  1001 final      etop  both      1  0.050     0.969    0.112      NaN           NaN            NaN         rule               40.000     0.00
kimi  1001 final      etop  both      1  0.100     0.969    0.112      NaN           NaN            NaN         rule               40.000     0.00
kimi  1001 final      etop  both      2  0.200     0.868    0.419      NaN           NaN            NaN         rule               10.637     0.00
kimi  1001 final      etop  both      3  0.300     0.158    2.436      NaN           NaN            NaN         rule                0.200     0.00
kimi  1001 final      etop  both      4  0.400     0.062    3.968      NaN           NaN            NaN         rule                0.200     0.00
kimi  1001 final      etop  both      6  0.500     0.005    6.478      NaN           NaN            NaN  gcm_hamming                0.752     0.00
kimi  1001 final      etop  both     12  0.600     0.003    6.469      NaN           NaN            NaN  gcm_hamming                0.752     0.00
kimi  1001 final      etop  both     24  0.700     0.003    6.089      NaN           NaN            NaN  gcm_hamming                0.752     0.00
kimi  1001 final      etop  both     37  0.800     0.005    5.620      NaN           NaN            NaN  gcm_hamming                0.249     0.00
kimi  1001 final      etop  both     54  0.900     0.005    5.254      NaN           NaN            NaN  gcm_hamming                0.311     0.00
kimi  1001 final      etop  both     63  0.950     0.006    5.117      NaN           NaN            NaN      uniform                0.388     0.00
kimi  1001 final      etop  both     74  1.000     0.007    5.004      NaN           NaN            NaN      uniform                0.200     0.00
kimi  1001 final   ebottom    in      0  0.000     0.999    0.004      NaN           NaN            NaN         rule               40.000     0.00
kimi  1001 final   ebottom    in     12  0.050     0.999    0.004      NaN           NaN            NaN         rule               40.000     0.00
kimi  1001 final   ebottom    in     21  0.100     1.000    0.003      NaN           NaN            NaN         rule               40.000     0.00
kimi  1001 final   ebottom    in     38  0.200     0.998    0.008      NaN           NaN            NaN         rule               40.000     0.00
kimi  1001 final   ebottom    in     51  0.300     0.992    0.030      NaN           NaN            NaN         rule               40.000     0.00
kimi  1001 final   ebottom    in     63  0.400     0.967    0.111      NaN           NaN            NaN         rule               32.076     0.00
kimi  1001 final   ebottom    in     69  0.500     0.887    0.354      NaN           NaN            NaN         rule               20.627     0.00
kimi  1001 final   ebottom    in     71  0.600     0.554    1.413      NaN           NaN            NaN         rule                8.530     0.00
kimi  1001 final   ebottom    in     72  0.700     0.261    2.515      NaN           NaN            NaN         rule                3.527     0.00
kimi  1001 final   ebottom    in     73  0.800     0.059    4.570      NaN           NaN            NaN         rule                0.200     0.00
kimi  1001 final   ebottom    in     74  0.900     0.006   20.170      NaN           NaN            NaN  gcm_hamming                0.200     0.00
kimi  1001 final   ebottom    in     74  0.950     0.006   20.170      NaN           NaN            NaN  gcm_hamming                0.200     0.00
kimi  1001 final   ebottom    in     74  1.000     0.006   20.170      NaN           NaN            NaN  gcm_hamming                0.200     0.00
kimi  1001 final   ebottom   out      0  0.000     0.999    0.004      NaN           NaN            NaN         rule               40.000     0.00
kimi  1001 final   ebottom   out     12  0.050     0.999    0.003      NaN           NaN            NaN         rule               40.000     0.00
kimi  1001 final   ebottom   out     22  0.100     1.000    0.002      NaN           NaN            NaN         rule               40.000     0.00
kimi  1001 final   ebottom   out     40  0.200     1.000    0.002      NaN           NaN            NaN         rule               40.000     0.00
kimi  1001 final   ebottom   out     54  0.300     1.000    0.001      NaN           NaN            NaN         rule               40.000     0.00
kimi  1001 final   ebottom   out     64  0.400     1.000    0.001      NaN           NaN            NaN         rule               40.000     0.00
kimi  1001 final   ebottom   out     69  0.500     1.000    0.002      NaN           NaN            NaN         rule               40.000     0.00
kimi  1001 final   ebottom   out     71  0.600     0.892    0.593      NaN           NaN            NaN         rule               20.627     0.00
kimi  1001 final   ebottom   out     72  0.700     0.543    1.739      NaN           NaN            NaN         rule                6.840     0.00
kimi  1001 final   ebottom   out     73  0.800     0.082    3.287      NaN           NaN            NaN         rule                0.200     0.00
kimi  1001 final   ebottom   out     74  0.900     0.007    5.004      NaN           NaN            NaN      uniform                0.200     0.00
kimi  1001 final   ebottom   out     74  0.950     0.007    5.004      NaN           NaN            NaN      uniform                0.200     0.00
kimi  1001 final   ebottom   out     74  1.000     0.007    5.004      NaN           NaN            NaN      uniform                0.200     0.00
kimi  1001 final   ebottom  both      0  0.000     0.999    0.004      NaN           NaN            NaN         rule               40.000     0.00
kimi  1001 final   ebottom  both     12  0.050     1.000    0.003      NaN           NaN            NaN         rule               40.000     0.00
kimi  1001 final   ebottom  both     21  0.100     1.000    0.002      NaN           NaN            NaN         rule               40.000     0.00
kimi  1001 final   ebottom  both     38  0.200     0.999    0.005      NaN           NaN            NaN         rule               40.000     0.00
kimi  1001 final   ebottom  both     51  0.300     0.995    0.018      NaN           NaN            NaN         rule               40.000     0.00
kimi  1001 final   ebottom  both     63  0.400     0.978    0.068      NaN           NaN            NaN         rule               40.000     0.00
kimi  1001 final   ebottom  both     69  0.500     0.932    0.208      NaN           NaN            NaN         rule               25.722     0.00
kimi  1001 final   ebottom  both     71  0.600     0.884    0.463      NaN           NaN            NaN         rule               20.627     0.00
kimi  1001 final   ebottom  both     72  0.700     0.655    1.306      NaN           NaN            NaN         rule                8.530     0.00
kimi  1001 final   ebottom  both     73  0.800     0.105    3.007      NaN           NaN            NaN         rule                0.200     0.00
kimi  1001 final   ebottom  both     74  0.900     0.007    5.004      NaN           NaN            NaN      uniform                0.200     0.00
kimi  1001 final   ebottom  both     74  0.950     0.007    5.004      NaN           NaN            NaN      uniform                0.200     0.00
kimi  1001 final   ebottom  both     74  1.000     0.007    5.004      NaN           NaN            NaN      uniform                0.200     0.00
kimi  1001 final     erand    in      0  0.000     0.999    0.004      NaN           NaN            NaN         rule               40.000     0.00
kimi  1001 final     erand    in      5  0.050     0.999    0.004      NaN           NaN            NaN         rule               40.000     0.00
kimi  1001 final     erand    in      8  0.100     0.976    0.080      NaN           NaN            NaN         rule               40.000     0.00
kimi  1001 final     erand    in     11  0.200     0.971    0.098      NaN           NaN            NaN         rule               40.000     0.00
kimi  1001 final     erand    in     12  0.300     0.718    0.805      NaN           NaN            NaN         rule               13.264     0.00
kimi  1001 final     erand    in     26  0.400     0.601    1.235      NaN           NaN            NaN         rule               10.637     0.00
kimi  1001 final     erand    in     33  0.500     0.290    2.716      NaN           NaN            NaN         rule                2.268     0.00
kimi  1001 final     erand    in     40  0.600     0.242    3.070      NaN           NaN            NaN         rule                1.819     0.00
kimi  1001 final     erand    in     48  0.700     0.049    7.701      NaN           NaN            NaN         rule                0.200     0.00
kimi  1001 final     erand    in     51  0.800     0.033    8.746      NaN           NaN            NaN         rule                0.200     0.00
kimi  1001 final     erand    in     63  0.900     0.028    7.964      NaN           NaN            NaN         rule                0.200     0.00
kimi  1001 final     erand    in     72  0.950     0.032    6.414      NaN           NaN            NaN         rule                0.200     0.00
kimi  1001 final     erand    in     74  1.000     0.006   20.170      NaN           NaN            NaN  gcm_hamming                0.200     0.00
kimi  1001 final     erand    in      0  0.000     0.999    0.004      NaN           NaN            NaN         rule               40.000     0.00
kimi  1001 final     erand    in      8  0.050     0.999    0.004      NaN           NaN            NaN         rule               40.000     0.00
kimi  1001 final     erand    in     10  0.100     0.965    0.116      NaN           NaN            NaN         rule               40.000     0.00
kimi  1001 final     erand    in     11  0.200     0.930    0.198      NaN           NaN            NaN         rule               16.541     0.00
kimi  1001 final     erand    in     21  0.300     0.913    0.240      NaN           NaN            NaN         rule               13.264     0.00
kimi  1001 final     erand    in     24  0.400     0.752    0.774      NaN           NaN            NaN         rule                8.530     0.00
kimi  1001 final     erand    in     37  0.500     0.649    1.134      NaN           NaN            NaN         rule                6.840     0.00
kimi  1001 final     erand    in     41  0.600     0.181    3.333      NaN           NaN            NaN         rule                2.268     0.00
kimi  1001 final     erand    in     50  0.700     0.140    3.564      NaN           NaN            NaN         rule                2.268     0.00
kimi  1001 final     erand    in     57  0.800     0.025   11.459      NaN           NaN            NaN         rule                0.388     0.00
kimi  1001 final     erand    in     65  0.900     0.027   10.656      NaN           NaN            NaN         rule                0.200     0.00
kimi  1001 final     erand    in     70  0.950     0.024   11.210      NaN           NaN            NaN         rule                0.200     0.00
kimi  1001 final     erand    in     74  1.000     0.006   20.170      NaN           NaN            NaN  gcm_hamming                0.200     0.00
kimi  1001 final     erand    in      0  0.000     0.999    0.004      NaN           NaN            NaN         rule               40.000     0.00
kimi  1001 final     erand    in      8  0.050     0.999    0.004      NaN           NaN            NaN         rule               40.000     0.00
kimi  1001 final     erand    in     12  0.100     0.999    0.004      NaN           NaN            NaN         rule               40.000     0.00
kimi  1001 final     erand    in     27  0.200     0.997    0.009      NaN           NaN            NaN         rule               40.000     0.00
kimi  1001 final     erand    in     30  0.300     0.943    0.168      NaN           NaN            NaN         rule               40.000     0.00
kimi  1001 final     erand    in     37  0.400     0.592    1.367      NaN           NaN            NaN         rule                4.398     0.00
kimi  1001 final     erand    in     41  0.500     0.571    1.440      NaN           NaN            NaN         rule                3.527     0.00
kimi  1001 final     erand    in     53  0.600     0.152    3.749      NaN           NaN            NaN         rule                0.752     0.00
kimi  1001 final     erand    in     53  0.700     0.152    3.749      NaN           NaN            NaN         rule                0.752     0.00
kimi  1001 final     erand    in     63  0.800     0.060    4.556      NaN           NaN            NaN         rule                0.484     0.00
kimi  1001 final     erand    in     68  0.900     0.007   17.449      NaN           NaN            NaN      uniform                0.200     0.00
kimi  1001 final     erand    in     68  0.950     0.007   17.449      NaN           NaN            NaN      uniform                0.200     0.00
kimi  1001 final     erand    in     74  1.000     0.006   20.170      NaN           NaN            NaN  gcm_hamming                0.200     0.00
kimi  1001 final     erand   out      0  0.000     0.999    0.004      NaN           NaN            NaN         rule               40.000     0.00
kimi  1001 final     erand   out      5  0.050     0.998    0.019      NaN           NaN            NaN         rule               40.000     0.00
kimi  1001 final     erand   out      6  0.100     0.998    0.019      NaN           NaN            NaN         rule               40.000     0.00
kimi  1001 final     erand   out      8  0.200     0.913    0.318      NaN           NaN            NaN         rule               32.076     0.00
kimi  1001 final     erand   out     12  0.300     0.536    1.383      NaN           NaN            NaN         rule               10.637     0.00
kimi  1001 final     erand   out     20  0.400     0.562    1.319      NaN           NaN            NaN         rule               13.264     0.00
kimi  1001 final     erand   out     33  0.500     0.191    2.779      NaN           NaN            NaN         rule                1.459     0.00
kimi  1001 final     erand   out     37  0.600     0.211    2.700      NaN           NaN            NaN         rule                1.819     0.00
kimi  1001 final     erand   out     48  0.700     0.038    4.349      NaN           NaN            NaN  gcm_hamming                0.603     0.00
kimi  1001 final     erand   out     50  0.800     0.036    4.351      NaN           NaN            NaN  gcm_hamming                0.603     0.00
kimi  1001 final     erand   out     62  0.900     0.022    4.434      NaN           NaN            NaN  gcm_hamming                0.311     0.00
kimi  1001 final     erand   out     72  0.950     0.027    4.327      NaN           NaN            NaN         rule                0.311     0.00
kimi  1001 final     erand   out     74  1.000     0.007    5.004      NaN           NaN            NaN      uniform                0.200     0.00
kimi  1001 final     erand   out      0  0.000     0.999    0.004      NaN           NaN            NaN         rule               40.000     0.00
kimi  1001 final     erand   out      8  0.050     1.000    0.003      NaN           NaN            NaN         rule               40.000     0.00
kimi  1001 final     erand   out     10  0.100     0.972    0.128      NaN           NaN            NaN         rule               40.000     0.00
kimi  1001 final     erand   out     11  0.200     0.945    0.227      NaN           NaN            NaN         rule               20.627     0.00
kimi  1001 final     erand   out     24  0.300     0.778    0.831      NaN           NaN            NaN         rule               10.637     0.00
kimi  1001 final     erand   out     24  0.400     0.778    0.831      NaN           NaN            NaN         rule               10.637     0.00
kimi  1001 final     erand   out     40  0.500     0.831    0.762      NaN           NaN            NaN         rule               10.637     0.00
kimi  1001 final     erand   out     42  0.600     0.381    2.047      NaN           NaN            NaN         rule                4.398     0.00
kimi  1001 final     erand   out     56  0.700     0.445    1.987      NaN           NaN            NaN         rule                5.485     0.00
kimi  1001 final     erand   out     57  0.800     0.095    3.494      NaN           NaN            NaN         rule                0.200     0.00
kimi  1001 final     erand   out     69  0.900     0.057    3.699      NaN           NaN            NaN         rule                0.200     0.00
kimi  1001 final     erand   out     72  0.950     0.012    4.956      NaN           NaN            NaN         rule                0.249     0.00
kimi  1001 final     erand   out     74  1.000     0.007    5.004      NaN           NaN            NaN      uniform                0.200     0.00
kimi  1001 final     erand   out      0  0.000     0.999    0.004      NaN           NaN            NaN         rule               40.000     0.00
kimi  1001 final     erand   out      8  0.050     0.999    0.003      NaN           NaN            NaN         rule               40.000     0.00
kimi  1001 final     erand   out     14  0.100     0.999    0.003      NaN           NaN            NaN         rule               40.000     0.00
kimi  1001 final     erand   out     29  0.200     1.000    0.002      NaN           NaN            NaN         rule               40.000     0.00
kimi  1001 final     erand   out     30  0.300     0.989    0.059      NaN           NaN            NaN         rule               40.000     0.00
kimi  1001 final     erand   out     35  0.400     0.953    0.232      NaN           NaN            NaN         rule               40.000     0.00
kimi  1001 final     erand   out     37  0.500     0.786    0.914      NaN           NaN            NaN         rule                8.530     0.00
kimi  1001 final     erand   out     51  0.600     0.789    0.988      NaN           NaN            NaN         rule                6.840     0.00
kimi  1001 final     erand   out     53  0.700     0.317    2.422      NaN           NaN            NaN         rule                2.268     0.00
kimi  1001 final     erand   out     62  0.800     0.103    3.208      NaN           NaN            NaN         rule                1.170     0.00
kimi  1001 final     erand   out     68  0.900     0.021    4.883      NaN           NaN            NaN         rule                0.311     0.00
kimi  1001 final     erand   out     68  0.950     0.021    4.883      NaN           NaN            NaN         rule                0.311     0.00
kimi  1001 final     erand   out     74  1.000     0.007    5.004      NaN           NaN            NaN      uniform                0.200     0.00
kimi  1001 final     erand  both      0  0.000     0.999    0.004      NaN           NaN            NaN         rule               40.000     0.00
kimi  1001 final     erand  both      5  0.050     1.000    0.003      NaN           NaN            NaN         rule               40.000     0.00
kimi  1001 final     erand  both      8  0.100     0.981    0.068      NaN           NaN            NaN         rule               40.000     0.00
kimi  1001 final     erand  both     11  0.200     0.978    0.080      NaN           NaN            NaN         rule               40.000     0.00
kimi  1001 final     erand  both     12  0.300     0.762    0.677      NaN           NaN            NaN         rule               13.264     0.00
kimi  1001 final     erand  both     26  0.400     0.231    2.394      NaN           NaN            NaN         rule                1.819     0.00
kimi  1001 final     erand  both     33  0.500     0.047    4.686      NaN           NaN            NaN         rule                0.484     0.00
kimi  1001 final     erand  both     40  0.600     0.019    5.148      NaN           NaN            NaN  gcm_hamming                0.200     0.00
kimi  1001 final     erand  both     48  0.700     0.018    5.558      NaN           NaN            NaN         rule                0.200     0.00
kimi  1001 final     erand  both     51  0.800     0.006    5.437      NaN           NaN            NaN  gcm_hamming                0.200     0.00
kimi  1001 final     erand  both     63  0.900     0.007    5.226      NaN           NaN            NaN      uniform                0.200     0.00
kimi  1001 final     erand  both     72  0.950     0.005    5.115      NaN           NaN            NaN      uniform                0.200     0.00
kimi  1001 final     erand  both     74  1.000     0.007    5.004      NaN           NaN            NaN      uniform                0.200     0.00
kimi  1001 final     erand  both      0  0.000     0.999    0.004      NaN           NaN            NaN         rule               40.000     0.00
kimi  1001 final     erand  both      8  0.050     0.999    0.008      NaN           NaN            NaN         rule               40.000     0.00
kimi  1001 final     erand  both     10  0.100     0.713    0.876      NaN           NaN            NaN         rule                6.840     0.00
kimi  1001 final     erand  both     11  0.200     0.712    0.858      NaN           NaN            NaN         rule                6.840     0.00
kimi  1001 final     erand  both     21  0.300     0.736    0.812      NaN           NaN            NaN         rule                6.840     0.00
kimi  1001 final     erand  both     24  0.400     0.073    3.983      NaN           NaN            NaN         rule                0.200     0.00
kimi  1001 final     erand  both     37  0.500     0.043    4.319      NaN           NaN            NaN         rule                0.200     0.00
kimi  1001 final     erand  both     41  0.600     0.028    4.735      NaN           NaN            NaN         rule                0.603     0.00
kimi  1001 final     erand  both     50  0.700     0.009    5.278      NaN           NaN            NaN  gcm_hamming                0.484     0.00
kimi  1001 final     erand  both     57  0.800     0.006    5.372      NaN           NaN            NaN  gcm_hamming                0.200     0.00
kimi  1001 final     erand  both     65  0.900     0.005    5.296      NaN           NaN            NaN      uniform                0.311     0.00
kimi  1001 final     erand  both     70  0.950     0.010    5.128      NaN           NaN            NaN  gcm_hamming                0.200     0.00
kimi  1001 final     erand  both     74  1.000     0.007    5.004      NaN           NaN            NaN      uniform                0.200     0.00
kimi  1001 final     erand  both      0  0.000     0.999    0.004      NaN           NaN            NaN         rule               40.000     0.00
kimi  1001 final     erand  both      8  0.050     0.999    0.003      NaN           NaN            NaN         rule               40.000     0.00
kimi  1001 final     erand  both     12  0.100     1.000    0.003      NaN           NaN            NaN         rule               40.000     0.00
kimi  1001 final     erand  both     27  0.200     0.982    0.084      NaN           NaN            NaN         rule               40.000     0.00
kimi  1001 final     erand  both     30  0.300     0.759    0.777      NaN           NaN            NaN         rule                6.840     0.00
kimi  1001 final     erand  both     37  0.400     0.169    3.201      NaN           NaN            NaN         rule                1.819     0.00
kimi  1001 final     erand  both     41  0.500     0.174    3.219      NaN           NaN            NaN         rule                1.819     0.00
kimi  1001 final     erand  both     53  0.600     0.011    5.684      NaN           NaN            NaN  gcm_hamming                0.311     0.00
kimi  1001 final     erand  both     53  0.700     0.013    5.531      NaN           NaN            NaN         rule                0.484     0.00
kimi  1001 final     erand  both     63  0.800     0.007    5.606      NaN           NaN            NaN      uniform                0.311     0.00
kimi  1001 final     erand  both     68  0.900     0.008    7.528      NaN           NaN            NaN      uniform                0.200     0.00
kimi  1001 final     erand  both     68  0.950     0.005    5.303      NaN           NaN            NaN      uniform                0.200     0.00
kimi  1001 final     erand  both     74  1.000     0.007    5.004      NaN           NaN            NaN      uniform                0.200     0.00
kimi  1001 final      topk    in     54  0.000     0.999    0.004      NaN           NaN            NaN         rule               40.000     0.00
kimi  1001 final      topk    in     54  0.250     0.999    0.004      NaN           NaN            NaN         rule               40.000     0.00
kimi  1001 final      topk    in     54  0.500     0.998    0.007      NaN           NaN            NaN         rule               40.000     0.00
kimi  1001 final      topk    in     54  0.750     0.979    0.068      NaN           NaN            NaN         rule               40.000     0.00
kimi  1001 final      topk    in     54  1.000     0.006   17.524      NaN           NaN            NaN      uniform                0.249     0.00
kimi  1001 final      topk   out     53  0.000     0.999    0.004      NaN           NaN            NaN         rule               40.000     0.00
kimi  1001 final      topk   out     53  0.250     0.999    0.011      NaN           NaN            NaN         rule               40.000     0.00
kimi  1001 final      topk   out     53  0.500     0.998    0.074      NaN           NaN            NaN         rule               40.000     0.00
kimi  1001 final      topk   out     53  0.750     0.981    0.884      NaN           NaN            NaN         rule               40.000     0.00
kimi  1001 final      topk   out     53  1.000     0.004    5.238      NaN           NaN            NaN  gcm_hamming                0.484     0.00
kimi  1001 final      topk  both     54  0.000     0.999    0.004      NaN           NaN            NaN         rule               40.000     0.00
kimi  1001 final      topk  both     54  0.250     0.999    0.012      NaN           NaN            NaN         rule               40.000     0.00
kimi  1001 final      topk  both     54  0.500     0.996    0.090      NaN           NaN            NaN         rule               40.000     0.00
kimi  1001 final      topk  both     54  0.750     0.918    1.146      NaN           NaN            NaN         rule               20.627     0.00
kimi  1001 final      topk  both     54  1.000     0.006    5.240      NaN           NaN            NaN      uniform                0.200     0.00
kimi  1001 final     randk    in     20  0.000     0.999    0.004      NaN           NaN            NaN         rule               40.000     0.00
kimi  1001 final     randk    in     20  0.250     0.999    0.004      NaN           NaN            NaN         rule               40.000     0.00
kimi  1001 final     randk    in     20  0.500     0.999    0.003      NaN           NaN            NaN         rule               40.000     0.00
kimi  1001 final     randk    in     20  0.750     0.999    0.003      NaN           NaN            NaN         rule               40.000     0.00
kimi  1001 final     randk    in     20  1.000     0.999    0.004      NaN           NaN            NaN         rule               40.000     0.00
kimi  1001 final     randk    in     20  0.000     0.999    0.004      NaN           NaN            NaN         rule               40.000     0.00
kimi  1001 final     randk    in     20  0.250     0.999    0.004      NaN           NaN            NaN         rule               40.000     0.00
kimi  1001 final     randk    in     20  0.500     0.999    0.003      NaN           NaN            NaN         rule               40.000     0.00
kimi  1001 final     randk    in     20  0.750     0.999    0.003      NaN           NaN            NaN         rule               40.000     0.00
kimi  1001 final     randk    in     20  1.000     0.999    0.004      NaN           NaN            NaN         rule               40.000     0.00
kimi  1001 final     randk    in     20  0.000     0.999    0.004      NaN           NaN            NaN         rule               40.000     0.00
kimi  1001 final     randk    in     20  0.250     0.999    0.004      NaN           NaN            NaN         rule               40.000     0.00
kimi  1001 final     randk    in     20  0.500     0.999    0.003      NaN           NaN            NaN         rule               40.000     0.00
kimi  1001 final     randk    in     20  0.750     0.999    0.003      NaN           NaN            NaN         rule               40.000     0.00
kimi  1001 final     randk    in     20  1.000     0.999    0.004      NaN           NaN            NaN         rule               40.000     0.00
kimi  1001 final     randk   out     21  0.000     0.999    0.004      NaN           NaN            NaN         rule               40.000     0.00
kimi  1001 final     randk   out     21  0.250     0.999    0.003      NaN           NaN            NaN         rule               40.000     0.00
kimi  1001 final     randk   out     21  0.500     1.000    0.003      NaN           NaN            NaN         rule               40.000     0.00
kimi  1001 final     randk   out     21  0.750     1.000    0.003      NaN           NaN            NaN         rule               40.000     0.00
kimi  1001 final     randk   out     21  1.000     1.000    0.002      NaN           NaN            NaN         rule               40.000     0.00
kimi  1001 final     randk   out     21  0.000     0.999    0.004      NaN           NaN            NaN         rule               40.000     0.00
kimi  1001 final     randk   out     21  0.250     0.999    0.003      NaN           NaN            NaN         rule               40.000     0.00
kimi  1001 final     randk   out     21  0.500     1.000    0.003      NaN           NaN            NaN         rule               40.000     0.00
kimi  1001 final     randk   out     21  0.750     1.000    0.003      NaN           NaN            NaN         rule               40.000     0.00
kimi  1001 final     randk   out     21  1.000     1.000    0.002      NaN           NaN            NaN         rule               40.000     0.00
kimi  1001 final     randk   out     21  0.000     0.999    0.004      NaN           NaN            NaN         rule               40.000     0.00
kimi  1001 final     randk   out     21  0.250     0.999    0.003      NaN           NaN            NaN         rule               40.000     0.00
kimi  1001 final     randk   out     21  0.500     1.000    0.003      NaN           NaN            NaN         rule               40.000     0.00
kimi  1001 final     randk   out     21  0.750     1.000    0.003      NaN           NaN            NaN         rule               40.000     0.00
kimi  1001 final     randk   out     21  1.000     1.000    0.002      NaN           NaN            NaN         rule               40.000     0.00
kimi  1001 final     randk  both     20  0.000     0.999    0.004      NaN           NaN            NaN         rule               40.000     0.00
kimi  1001 final     randk  both     20  0.250     0.999    0.003      NaN           NaN            NaN         rule               40.000     0.00
kimi  1001 final     randk  both     20  0.500     1.000    0.003      NaN           NaN            NaN         rule               40.000     0.00
kimi  1001 final     randk  both     20  0.750     1.000    0.002      NaN           NaN            NaN         rule               40.000     0.00
kimi  1001 final     randk  both     20  1.000     1.000    0.002      NaN           NaN            NaN         rule               40.000     0.00
kimi  1001 final     randk  both     20  0.000     0.999    0.004      NaN           NaN            NaN         rule               40.000     0.00
kimi  1001 final     randk  both     20  0.250     0.999    0.003      NaN           NaN            NaN         rule               40.000     0.00
kimi  1001 final     randk  both     20  0.500     1.000    0.003      NaN           NaN            NaN         rule               40.000     0.00
kimi  1001 final     randk  both     20  0.750     1.000    0.002      NaN           NaN            NaN         rule               40.000     0.00
kimi  1001 final     randk  both     20  1.000     1.000    0.002      NaN           NaN            NaN         rule               40.000     0.00
kimi  1001 final     randk  both     20  0.000     0.999    0.004      NaN           NaN            NaN         rule               40.000     0.00
kimi  1001 final     randk  both     20  0.250     0.999    0.003      NaN           NaN            NaN         rule               40.000     0.00
kimi  1001 final     randk  both     20  0.500     1.000    0.003      NaN           NaN            NaN         rule               40.000     0.00
kimi  1001 final     randk  both     20  0.750     1.000    0.002      NaN           NaN            NaN         rule               40.000     0.00
kimi  1001 final     randk  both     20  1.000     1.000    0.002      NaN           NaN            NaN         rule               40.000     0.00
kimi  1001 final  residual    in     20  0.000     0.999    0.004      NaN           NaN            NaN         rule               40.000     0.00
kimi  1001 final  residual    in     20  0.250     0.999    0.004      NaN           NaN            NaN         rule               40.000     0.00
kimi  1001 final  residual    in     20  0.500     0.999    0.003      NaN           NaN            NaN         rule               40.000     0.00
kimi  1001 final  residual    in     20  0.750     0.999    0.003      NaN           NaN            NaN         rule               40.000     0.00
kimi  1001 final  residual    in     20  1.000     0.999    0.004      NaN           NaN            NaN         rule               40.000     0.00
kimi  1001 final  residual   out     21  0.000     0.999    0.004      NaN           NaN            NaN         rule               40.000     0.00
kimi  1001 final  residual   out     21  0.250     0.999    0.003      NaN           NaN            NaN         rule               40.000     0.00
kimi  1001 final  residual   out     21  0.500     1.000    0.003      NaN           NaN            NaN         rule               40.000     0.00
kimi  1001 final  residual   out     21  0.750     1.000    0.003      NaN           NaN            NaN         rule               40.000     0.00
kimi  1001 final  residual   out     21  1.000     1.000    0.002      NaN           NaN            NaN         rule               40.000     0.00
kimi  1001 final  residual  both     20  0.000     0.999    0.004      NaN           NaN            NaN         rule               40.000     0.00
kimi  1001 final  residual  both     20  0.250     0.999    0.003      NaN           NaN            NaN         rule               40.000     0.00
kimi  1001 final  residual  both     20  0.500     1.000    0.003      NaN           NaN            NaN         rule               40.000     0.00
kimi  1001 final  residual  both     20  0.750     1.000    0.002      NaN           NaN            NaN         rule               40.000     0.00
kimi  1001 final  residual  both     20  1.000     1.000    0.002      NaN           NaN            NaN         rule               40.000     0.00
kimi  1002 final      none     -      0  0.000     0.997    0.013      NaN           NaN            NaN         rule               40.000     0.00
kimi  1002 final   lowpass    in      0  0.000     0.007   21.925      NaN           NaN            NaN      uniform                0.200     0.00
kimi  1002 final   lowpass    in      1  1.000     0.008   18.923      NaN           NaN            NaN gcm_circular                1.459     0.00
kimi  1002 final   lowpass    in      2  2.000     0.007   19.785      NaN           NaN            NaN gcm_circular                1.819     0.00
kimi  1002 final   lowpass    in      3  3.000     0.009   19.480      NaN           NaN            NaN gcm_circular                1.170     0.00
kimi  1002 final   lowpass    in      4  4.000     0.009   19.333      NaN           NaN            NaN gcm_circular                1.170     0.00
kimi  1002 final   lowpass    in      6  6.000     0.007   19.509      NaN           NaN            NaN   gcm_linear                1.170     0.00
kimi  1002 final   lowpass    in      8  8.000     0.007   19.637      NaN           NaN            NaN gcm_circular                1.170     0.00
kimi  1002 final   lowpass    in     12 12.000     0.009   19.273      NaN           NaN            NaN gcm_circular                1.459     0.00
kimi  1002 final   lowpass    in     16 16.000     0.054    8.689      NaN           NaN            NaN         rule                1.170     0.00
kimi  1002 final   lowpass    in     24 24.000     0.060    9.394      NaN           NaN            NaN         rule                1.170     0.00
kimi  1002 final   lowpass    in     32 32.000     0.071    9.187      NaN           NaN            NaN         rule                1.170     0.00
kimi  1002 final   lowpass    in     48 48.000     0.586    2.472      NaN           NaN            NaN         rule                4.398     0.00
kimi  1002 final   lowpass    in     74 74.000     0.997    0.013      NaN           NaN            NaN         rule               40.000     0.00
kimi  1002 final   lowpass   out      0  0.000     0.007    5.004      NaN           NaN            NaN      uniform                0.200     0.00
kimi  1002 final   lowpass   out      1  1.000     0.007    5.016      NaN           NaN            NaN      uniform                0.484     0.00
kimi  1002 final   lowpass   out      2  2.000     0.006    5.032      NaN           NaN            NaN      uniform                0.484     0.00
kimi  1002 final   lowpass   out      3  3.000     0.005    5.050      NaN           NaN            NaN      uniform                0.484     0.00
kimi  1002 final   lowpass   out      4  4.000     0.008    5.010      NaN           NaN            NaN  gcm_hamming                0.752     0.00
kimi  1002 final   lowpass   out      6  6.000     0.006    5.058      NaN           NaN            NaN  gcm_hamming                0.484     0.00
kimi  1002 final   lowpass   out      8  8.000     0.008    5.058      NaN           NaN            NaN  gcm_hamming                0.603     0.00
kimi  1002 final   lowpass   out     12 12.000     0.010    5.073      NaN           NaN            NaN  gcm_hamming                0.388     0.00
kimi  1002 final   lowpass   out     16 16.000     0.146    3.163      NaN           NaN            NaN         rule                0.200     0.00
kimi  1002 final   lowpass   out     24 24.000     0.119    3.270      NaN           NaN            NaN         rule                0.200     0.00
kimi  1002 final   lowpass   out     32 32.000     0.115    3.293      NaN           NaN            NaN         rule                0.200     0.00
kimi  1002 final   lowpass   out     48 48.000     0.313    2.337      NaN           NaN            NaN         rule                2.828     0.00
kimi  1002 final   lowpass   out     74 74.000     0.997    0.013      NaN           NaN            NaN         rule               40.000     0.00
kimi  1002 final   lowpass  both      0  0.000     0.007    5.004      NaN           NaN            NaN      uniform                0.200     0.00
kimi  1002 final   lowpass  both      1  1.000     0.022    4.794      NaN           NaN            NaN gcm_circular                6.840     0.00
kimi  1002 final   lowpass  both      2  2.000     0.015    4.810      NaN           NaN            NaN gcm_circular                4.398     0.00
kimi  1002 final   lowpass  both      3  3.000     0.016    4.835      NaN           NaN            NaN gcm_circular                2.828     0.00
kimi  1002 final   lowpass  both      4  4.000     0.014    4.909      NaN           NaN            NaN gcm_circular                2.268     0.00
kimi  1002 final   lowpass  both      6  6.000     0.017    4.883      NaN           NaN            NaN gcm_circular                2.268     0.00
kimi  1002 final   lowpass  both      8  8.000     0.013    4.949      NaN           NaN            NaN gcm_circular                2.268     0.00
kimi  1002 final   lowpass  both     12 12.000     0.013    5.002      NaN           NaN            NaN gcm_circular                1.819     0.00
kimi  1002 final   lowpass  both     16 16.000     0.083    3.296      NaN           NaN            NaN         rule                0.938     0.00
kimi  1002 final   lowpass  both     24 24.000     0.083    3.384      NaN           NaN            NaN         rule                0.752     0.00
kimi  1002 final   lowpass  both     32 32.000     0.108    3.239      NaN           NaN            NaN         rule                0.752     0.00
kimi  1002 final   lowpass  both     48 48.000     0.326    2.247      NaN           NaN            NaN         rule                2.828     0.00
kimi  1002 final   lowpass  both     74 74.000     0.997    0.013      NaN           NaN            NaN         rule               40.000     0.00
kimi  1002 final      etop    in      0  0.000     0.997    0.013      NaN           NaN            NaN         rule               40.000     0.00
kimi  1002 final      etop    in      1  0.050     0.914    0.249      NaN           NaN            NaN         rule               13.264     0.00
kimi  1002 final      etop    in      1  0.100     0.914    0.249      NaN           NaN            NaN         rule               13.264     0.00
kimi  1002 final      etop    in      2  0.200     0.851    0.434      NaN           NaN            NaN         rule                8.530     0.00
kimi  1002 final      etop    in      3  0.300     0.597    1.412      NaN           NaN            NaN         rule                5.485     0.00
kimi  1002 final      etop    in      5  0.400     0.327    3.031      NaN           NaN            NaN         rule                3.527     0.00
kimi  1002 final      etop    in      9  0.500     0.221    5.001      NaN           NaN            NaN         rule                1.819     0.00
kimi  1002 final      etop    in     18  0.600     0.109    8.113      NaN           NaN            NaN         rule                1.459     0.00
kimi  1002 final      etop    in     28  0.700     0.046   12.129      NaN           NaN            NaN         rule                0.752     0.00
kimi  1002 final      etop    in     41  0.800     0.021   16.436      NaN           NaN            NaN  gcm_hamming                0.603     0.00
kimi  1002 final      etop    in     56  0.900     0.008   19.582      NaN           NaN            NaN  gcm_hamming                0.200     0.00
kimi  1002 final      etop    in     65  0.950     0.007   19.886      NaN           NaN            NaN  gcm_hamming                0.388     0.00
kimi  1002 final      etop    in     74  1.000     0.007   21.925      NaN           NaN            NaN      uniform                0.200     0.00
kimi  1002 final      etop   out      0  0.000     0.997    0.013      NaN           NaN            NaN         rule               40.000     0.00
kimi  1002 final      etop   out      1  0.050     0.863    0.391      NaN           NaN            NaN         rule               16.541     0.00
kimi  1002 final      etop   out      1  0.100     0.863    0.391      NaN           NaN            NaN         rule               16.541     0.00
kimi  1002 final      etop   out      2  0.200     0.562    1.349      NaN           NaN            NaN         rule                4.398     0.00
kimi  1002 final      etop   out      3  0.300     0.377    2.116      NaN           NaN            NaN         rule                3.527     0.00
kimi  1002 final      etop   out      4  0.400     0.129    3.597      NaN           NaN            NaN         rule                2.828     0.00
kimi  1002 final      etop   out      5  0.500     0.049    4.573      NaN           NaN            NaN  gcm_hamming                1.170     0.00
kimi  1002 final      etop   out     10  0.600     0.007    5.630      NaN           NaN            NaN  gcm_hamming                0.752     0.00
kimi  1002 final      etop   out     20  0.700     0.003    5.715      NaN           NaN            NaN  gcm_hamming                0.752     0.00
kimi  1002 final      etop   out     34  0.800     0.005    5.510      NaN           NaN            NaN  gcm_hamming                0.752     0.00
kimi  1002 final      etop   out     52  0.900     0.004    5.283      NaN           NaN            NaN  gcm_hamming                0.752     0.00
kimi  1002 final      etop   out     62  0.950     0.005    5.145      NaN           NaN            NaN  gcm_hamming                0.603     0.00
kimi  1002 final      etop   out     74  1.000     0.007    5.004      NaN           NaN            NaN      uniform                0.200     0.00
kimi  1002 final      etop  both      0  0.000     0.997    0.013      NaN           NaN            NaN         rule               40.000     0.00
kimi  1002 final      etop  both      1  0.050     0.717    0.868      NaN           NaN            NaN         rule                8.530     0.00
kimi  1002 final      etop  both      1  0.100     0.717    0.868      NaN           NaN            NaN         rule                8.530     0.00
kimi  1002 final      etop  both      2  0.200     0.489    1.630      NaN           NaN            NaN         rule                3.527     0.00
kimi  1002 final      etop  both      3  0.300     0.168    3.485      NaN           NaN            NaN         rule                2.828     0.00
kimi  1002 final      etop  both      5  0.400     0.035    5.320      NaN           NaN            NaN  gcm_hamming                1.459     0.00
kimi  1002 final      etop  both      9  0.500     0.013    6.065      NaN           NaN            NaN  gcm_hamming                0.938     0.00
kimi  1002 final      etop  both     18  0.600     0.003    6.444      NaN           NaN            NaN  gcm_hamming                0.938     0.00
kimi  1002 final      etop  both     28  0.700     0.004    6.065      NaN           NaN            NaN  gcm_hamming                0.603     0.00
kimi  1002 final      etop  both     41  0.800     0.005    5.641      NaN           NaN            NaN  gcm_hamming                0.484     0.00
kimi  1002 final      etop  both     56  0.900     0.007    5.275      NaN           NaN            NaN      uniform                0.200     0.00
kimi  1002 final      etop  both     65  0.950     0.007    5.112      NaN           NaN            NaN      uniform                0.484     0.00
kimi  1002 final      etop  both     74  1.000     0.007    5.004      NaN           NaN            NaN      uniform                0.200     0.00
kimi  1002 final   ebottom    in      0  0.000     0.997    0.013      NaN           NaN            NaN         rule               40.000     0.00
kimi  1002 final   ebottom    in     10  0.050     0.997    0.012      NaN           NaN            NaN         rule               40.000     0.00
kimi  1002 final   ebottom    in     19  0.100     0.997    0.012      NaN           NaN            NaN         rule               40.000     0.00
kimi  1002 final   ebottom    in     34  0.200     0.994    0.029      NaN           NaN            NaN         rule               40.000     0.00
kimi  1002 final   ebottom    in     47  0.300     0.927    0.388      NaN           NaN            NaN         rule               25.722     0.00
kimi  1002 final   ebottom    in     57  0.400     0.799    1.043      NaN           NaN            NaN         rule               13.264     0.00
kimi  1002 final   ebottom    in     66  0.500     0.685    1.661      NaN           NaN            NaN         rule               10.637     0.00
kimi  1002 final   ebottom    in     70  0.600     0.413    3.178      NaN           NaN            NaN         rule                6.840     0.00
kimi  1002 final   ebottom    in     72  0.700     0.209    4.893      NaN           NaN            NaN         rule                0.200     0.00
kimi  1002 final   ebottom    in     73  0.800     0.058    6.608      NaN           NaN            NaN         rule                0.200     0.00
kimi  1002 final   ebottom    in     74  0.900     0.007   21.925      NaN           NaN            NaN      uniform                0.200     0.00
kimi  1002 final   ebottom    in     74  0.950     0.007   21.925      NaN           NaN            NaN      uniform                0.200     0.00
kimi  1002 final   ebottom    in     74  1.000     0.007   21.925      NaN           NaN            NaN      uniform                0.200     0.00
kimi  1002 final   ebottom   out      0  0.000     0.997    0.013      NaN           NaN            NaN         rule               40.000     0.00
kimi  1002 final   ebottom   out     13  0.050     0.998    0.011      NaN           NaN            NaN         rule               40.000     0.00
kimi  1002 final   ebottom   out     23  0.100     0.999    0.008      NaN           NaN            NaN         rule               40.000     0.00
kimi  1002 final   ebottom   out     41  0.200     1.000    0.004      NaN           NaN            NaN         rule               40.000     0.00
kimi  1002 final   ebottom   out     55  0.300     1.000    0.003      NaN           NaN            NaN         rule               40.000     0.00
kimi  1002 final   ebottom   out     65  0.400     1.000    0.003      NaN           NaN            NaN         rule               40.000     0.00
kimi  1002 final   ebottom   out     70  0.500     1.000    0.013      NaN           NaN            NaN         rule               40.000     0.00
kimi  1002 final   ebottom   out     71  0.600     0.959    0.440      NaN           NaN            NaN         rule               25.722     0.00
kimi  1002 final   ebottom   out     72  0.700     0.613    1.578      NaN           NaN            NaN         rule                5.485     0.00
kimi  1002 final   ebottom   out     73  0.800     0.096    3.288      NaN           NaN            NaN         rule                0.200     0.00
kimi  1002 final   ebottom   out     74  0.900     0.007    5.004      NaN           NaN            NaN      uniform                0.200     0.00
kimi  1002 final   ebottom   out     74  0.950     0.007    5.004      NaN           NaN            NaN      uniform                0.200     0.00
kimi  1002 final   ebottom   out     74  1.000     0.007    5.004      NaN           NaN            NaN      uniform                0.200     0.00
kimi  1002 final   ebottom  both      0  0.000     0.997    0.013      NaN           NaN            NaN         rule               40.000     0.00
kimi  1002 final   ebottom  both     10  0.050     0.998    0.010      NaN           NaN            NaN         rule               40.000     0.00
kimi  1002 final   ebottom  both     19  0.100     0.999    0.007      NaN           NaN            NaN         rule               40.000     0.00
kimi  1002 final   ebottom  both     34  0.200     0.997    0.016      NaN           NaN            NaN         rule               40.000     0.00
kimi  1002 final   ebottom  both     47  0.300     0.936    0.312      NaN           NaN            NaN         rule               25.722     0.00
kimi  1002 final   ebottom  both     57  0.400     0.836    0.723      NaN           NaN            NaN         rule               16.541     0.00
kimi  1002 final   ebottom  both     66  0.500     0.683    1.479      NaN           NaN            NaN         rule               10.637     0.00
kimi  1002 final   ebottom  both     70  0.600     0.245    4.066      NaN           NaN            NaN         rule                0.200     0.00
kimi  1002 final   ebottom  both     72  0.700     0.070    5.600      NaN           NaN            NaN         rule                0.200     0.00
kimi  1002 final   ebottom  both     73  0.800     0.008    7.451      NaN           NaN            NaN      uniform                0.200     0.00
kimi  1002 final   ebottom  both     74  0.900     0.007    5.004      NaN           NaN            NaN      uniform                0.200     0.00
kimi  1002 final   ebottom  both     74  0.950     0.007    5.004      NaN           NaN            NaN      uniform                0.200     0.00
kimi  1002 final   ebottom  both     74  1.000     0.007    5.004      NaN           NaN            NaN      uniform                0.200     0.00
kimi  1002 final     erand    in      0  0.000     0.997    0.013      NaN           NaN            NaN         rule               40.000     0.00
kimi  1002 final     erand    in      8  0.050     0.998    0.013      NaN           NaN            NaN         rule               40.000     0.00
kimi  1002 final     erand    in     13  0.100     0.995    0.024      NaN           NaN            NaN         rule               40.000     0.00
kimi  1002 final     erand    in     22  0.200     0.991    0.037      NaN           NaN            NaN         rule               40.000     0.00
kimi  1002 final     erand    in     35  0.300     0.962    0.205      NaN           NaN            NaN         rule               32.076     0.00
kimi  1002 final     erand    in     44  0.400     0.690    1.780      NaN           NaN            NaN         rule               10.637     0.00
kimi  1002 final     erand    in     48  0.500     0.385    3.951      NaN           NaN            NaN         rule                3.527     0.00
kimi  1002 final     erand    in     49  0.600     0.159    5.912      NaN           NaN            NaN         rule                1.459     0.00
kimi  1002 final     erand    in     54  0.700     0.075    6.971      NaN           NaN            NaN         rule                0.388     0.00
kimi  1002 final     erand    in     58  0.800     0.018   15.782      NaN           NaN            NaN  gcm_hamming                0.388     0.00
kimi  1002 final     erand    in     65  0.900     0.015   15.363      NaN           NaN            NaN  gcm_hamming                0.200     0.00
kimi  1002 final     erand    in     68  0.950     0.008   18.944      NaN           NaN            NaN  gcm_hamming                0.200     0.00
kimi  1002 final     erand    in     74  1.000     0.007   21.925      NaN           NaN            NaN      uniform                0.200     0.00
kimi  1002 final     erand    in      0  0.000     0.997    0.013      NaN           NaN            NaN         rule               40.000     0.00
kimi  1002 final     erand    in      5  0.050     0.998    0.013      NaN           NaN            NaN         rule               40.000     0.00
kimi  1002 final     erand    in     10  0.100     0.965    0.113      NaN           NaN            NaN         rule               40.000     0.00
kimi  1002 final     erand    in     12  0.200     0.965    0.113      NaN           NaN            NaN         rule               40.000     0.00
kimi  1002 final     erand    in     15  0.300     0.802    0.586      NaN           NaN            NaN         rule                8.530     0.00
kimi  1002 final     erand    in     24  0.400     0.742    0.886      NaN           NaN            NaN         rule                6.840     0.00
kimi  1002 final     erand    in     26  0.500     0.398    2.734      NaN           NaN            NaN         rule                4.398     0.00
kimi  1002 final     erand    in     31  0.600     0.174    5.193      NaN           NaN            NaN         rule                2.828     0.00
kimi  1002 final     erand    in     39  0.700     0.077    7.658      NaN           NaN            NaN         rule                2.268     0.00
kimi  1002 final     erand    in     51  0.800     0.034    9.406      NaN           NaN            NaN         rule                0.938     0.00
kimi  1002 final     erand    in     61  0.900     0.011   18.760      NaN           NaN            NaN         rule                0.484     0.00
kimi  1002 final     erand    in     68  0.950     0.009   19.320      NaN           NaN            NaN  gcm_hamming                0.200     0.00
kimi  1002 final     erand    in     74  1.000     0.007   21.925      NaN           NaN            NaN      uniform                0.200     0.00
kimi  1002 final     erand    in      0  0.000     0.997    0.013      NaN           NaN            NaN         rule               40.000     0.00
kimi  1002 final     erand    in      3  0.050     0.960    0.128      NaN           NaN            NaN         rule               32.076     0.00
kimi  1002 final     erand    in      3  0.100     0.960    0.128      NaN           NaN            NaN         rule               32.076     0.00
kimi  1002 final     erand    in     10  0.200     0.864    0.389      NaN           NaN            NaN         rule               13.264     0.00
kimi  1002 final     erand    in     16  0.300     0.572    1.354      NaN           NaN            NaN         rule                6.840     0.00
kimi  1002 final     erand    in     21  0.400     0.540    1.499      NaN           NaN            NaN         rule                5.485     0.00
kimi  1002 final     erand    in     33  0.500     0.419    2.333      NaN           NaN            NaN         rule                4.398     0.00
kimi  1002 final     erand    in     44  0.600     0.234    5.259      NaN           NaN            NaN         rule                3.527     0.00
kimi  1002 final     erand    in     54  0.700     0.130    6.805      NaN           NaN            NaN         rule                2.268     0.00
kimi  1002 final     erand    in     61  0.800     0.065    7.416      NaN           NaN            NaN         rule                0.603     0.00
kimi  1002 final     erand    in     68  0.900     0.012   18.932      NaN           NaN            NaN  gcm_hamming                0.200     0.00
kimi  1002 final     erand    in     68  0.950     0.012   18.932      NaN           NaN            NaN  gcm_hamming                0.200     0.00
kimi  1002 final     erand    in     74  1.000     0.007   21.925      NaN           NaN            NaN      uniform                0.200     0.00
kimi  1002 final     erand   out      0  0.000     0.997    0.013      NaN           NaN            NaN         rule               40.000     0.00
kimi  1002 final     erand   out      9  0.050     0.998    0.011      NaN           NaN            NaN         rule               40.000     0.00
kimi  1002 final     erand   out     13  0.100     0.995    0.027      NaN           NaN            NaN         rule               40.000     0.00
kimi  1002 final     erand   out     27  0.200     0.997    0.020      NaN           NaN            NaN         rule               40.000     0.00
kimi  1002 final     erand   out     38  0.300     0.997    0.023      NaN           NaN            NaN         rule               40.000     0.00
kimi  1002 final     erand   out     44  0.400     0.763    0.663      NaN           NaN            NaN         rule               13.264     0.00
kimi  1002 final     erand   out     48  0.500     0.378    1.765      NaN           NaN            NaN         rule                4.398     0.00
kimi  1002 final     erand   out     49  0.600     0.137    3.128      NaN           NaN            NaN         rule                1.170     0.00
kimi  1002 final     erand   out     53  0.700     0.091    3.350      NaN           NaN            NaN         rule                1.170     0.00
kimi  1002 final     erand   out     58  0.800     0.012    5.042      NaN           NaN            NaN  gcm_hamming                0.484     0.00
kimi  1002 final     erand   out     62  0.900     0.008    5.133      NaN           NaN            NaN  gcm_hamming                0.603     0.00
kimi  1002 final     erand   out     68  0.950     0.006    5.098      NaN           NaN            NaN  gcm_hamming                0.249     0.00
kimi  1002 final     erand   out     74  1.000     0.007    5.004      NaN           NaN            NaN      uniform                0.200     0.00
kimi  1002 final     erand   out      0  0.000     0.997    0.013      NaN           NaN            NaN         rule               40.000     0.00
kimi  1002 final     erand   out      7  0.050     0.998    0.012      NaN           NaN            NaN         rule               40.000     0.00
kimi  1002 final     erand   out     10  0.100     0.948    0.177      NaN           NaN            NaN         rule               40.000     0.00
kimi  1002 final     erand   out     15  0.200     0.744    0.854      NaN           NaN            NaN         rule                5.485     0.00
kimi  1002 final     erand   out     15  0.300     0.744    0.854      NaN           NaN            NaN         rule                5.485     0.00
kimi  1002 final     erand   out     26  0.400     0.392    1.997      NaN           NaN            NaN         rule                4.398     0.00
kimi  1002 final     erand   out     29  0.500     0.168    2.936      NaN           NaN            NaN         rule                2.828     0.00
kimi  1002 final     erand   out     36  0.600     0.096    3.323      NaN           NaN            NaN         rule                2.828     0.00
kimi  1002 final     erand   out     47  0.700     0.045    3.560      NaN           NaN            NaN         rule                0.200     0.00
kimi  1002 final     erand   out     58  0.800     0.014    4.814      NaN           NaN            NaN  gcm_hamming                0.388     0.00
kimi  1002 final     erand   out     59  0.900     0.013    4.817      NaN           NaN            NaN  gcm_hamming                0.311     0.00
kimi  1002 final     erand   out     67  0.950     0.023    4.650      NaN           NaN            NaN         rule                0.311     0.00
kimi  1002 final     erand   out     74  1.000     0.007    5.004      NaN           NaN            NaN      uniform                0.200     0.00
kimi  1002 final     erand   out      0  0.000     0.997    0.013      NaN           NaN            NaN         rule               40.000     0.00
kimi  1002 final     erand   out      3  0.050     0.962    0.144      NaN           NaN            NaN         rule               32.076     0.00
kimi  1002 final     erand   out      5  0.100     0.964    0.140      NaN           NaN            NaN         rule               32.076     0.00
kimi  1002 final     erand   out     14  0.200     0.868    0.416      NaN           NaN            NaN         rule               13.264     0.00
kimi  1002 final     erand   out     16  0.300     0.464    1.536      NaN           NaN            NaN         rule                5.485     0.00
kimi  1002 final     erand   out     27  0.400     0.518    1.403      NaN           NaN            NaN         rule                6.840     0.00
kimi  1002 final     erand   out     34  0.500     0.284    2.584      NaN           NaN            NaN         rule                3.527     0.00
kimi  1002 final     erand   out     38  0.600     0.282    2.578      NaN           NaN            NaN         rule                3.527     0.00
kimi  1002 final     erand   out     50  0.700     0.240    2.763      NaN           NaN            NaN         rule                2.828     0.00
kimi  1002 final     erand   out     61  0.800     0.120    3.142      NaN           NaN            NaN         rule                1.819     0.00
kimi  1002 final     erand   out     68  0.900     0.023    4.633      NaN           NaN            NaN         rule                0.388     0.00
kimi  1002 final     erand   out     68  0.950     0.023    4.633      NaN           NaN            NaN         rule                0.388     0.00
kimi  1002 final     erand   out     74  1.000     0.007    5.004      NaN           NaN            NaN      uniform                0.200     0.00
kimi  1002 final     erand  both      0  0.000     0.997    0.013      NaN           NaN            NaN         rule               40.000     0.00
kimi  1002 final     erand  both      8  0.050     0.887    0.342      NaN           NaN            NaN         rule               20.627     0.00
kimi  1002 final     erand  both     13  0.100     0.876    0.377      NaN           NaN            NaN         rule               20.627     0.00
kimi  1002 final     erand  both     22  0.200     0.893    0.342      NaN           NaN            NaN         rule               20.627     0.00
kimi  1002 final     erand  both     35  0.300     0.844    0.478      NaN           NaN            NaN         rule               16.541     0.00
kimi  1002 final     erand  both     44  0.400     0.699    0.792      NaN           NaN            NaN         rule               10.637     0.00
kimi  1002 final     erand  both     48  0.500     0.391    1.814      NaN           NaN            NaN         rule                4.398     0.00
kimi  1002 final     erand  both     49  0.600     0.123    3.311      NaN           NaN            NaN         rule                1.459     0.00
kimi  1002 final     erand  both     54  0.700     0.102    3.177      NaN           NaN            NaN         rule                0.200     0.00
kimi  1002 final     erand  both     58  0.800     0.018    4.723      NaN           NaN            NaN  gcm_hamming                0.200     0.00
kimi  1002 final     erand  both     65  0.900     0.008    5.302      NaN           NaN            NaN  gcm_hamming                0.249     0.00
kimi  1002 final     erand  both     68  0.950     0.006    5.170      NaN           NaN            NaN  gcm_hamming                0.200     0.00
kimi  1002 final     erand  both     74  1.000     0.007    5.004      NaN           NaN            NaN      uniform                0.200     0.00
kimi  1002 final     erand  both      0  0.000     0.997    0.013      NaN           NaN            NaN         rule               40.000     0.00
kimi  1002 final     erand  both      5  0.050     0.998    0.012      NaN           NaN            NaN         rule               40.000     0.00
kimi  1002 final     erand  both     10  0.100     0.971    0.104      NaN           NaN            NaN         rule               40.000     0.00
kimi  1002 final     erand  both     12  0.200     0.837    0.538      NaN           NaN            NaN         rule               10.637     0.00
kimi  1002 final     erand  both     15  0.300     0.555    1.446      NaN           NaN            NaN         rule                4.398     0.00
kimi  1002 final     erand  both     24  0.400     0.382    2.180      NaN           NaN            NaN         rule                3.527     0.00
kimi  1002 final     erand  both     26  0.500     0.124    3.602      NaN           NaN            NaN         rule                2.828     0.00
kimi  1002 final     erand  both     31  0.600     0.075    4.011      NaN           NaN            NaN         rule                2.828     0.00
kimi  1002 final     erand  both     39  0.700     0.056    4.477      NaN           NaN            NaN         rule                2.828     0.00
kimi  1002 final     erand  both     51  0.800     0.006    5.263      NaN           NaN            NaN  gcm_hamming                0.484     0.00
kimi  1002 final     erand  both     61  0.900     0.007    5.291      NaN           NaN            NaN      uniform                0.311     0.00
kimi  1002 final     erand  both     68  0.950     0.008    5.115      NaN           NaN            NaN      uniform                0.200     0.00
kimi  1002 final     erand  both     74  1.000     0.007    5.004      NaN           NaN            NaN      uniform                0.200     0.00
kimi  1002 final     erand  both      0  0.000     0.997    0.013      NaN           NaN            NaN         rule               40.000     0.00
kimi  1002 final     erand  both      3  0.050     0.965    0.113      NaN           NaN            NaN         rule               32.076     0.00
kimi  1002 final     erand  both      3  0.100     0.947    0.179      NaN           NaN            NaN         rule               20.627     0.00
kimi  1002 final     erand  both     10  0.200     0.853    0.415      NaN           NaN            NaN         rule               13.264     0.00
kimi  1002 final     erand  both     16  0.300     0.379    1.685      NaN           NaN            NaN         rule                5.485     0.00
kimi  1002 final     erand  both     21  0.400     0.369    1.755      NaN           NaN            NaN         rule                4.398     0.00
kimi  1002 final     erand  both     33  0.500     0.083    3.977      NaN           NaN            NaN         rule                1.459     0.00
kimi  1002 final     erand  both     44  0.600     0.025    6.967      NaN           NaN            NaN         rule                0.752     0.00
kimi  1002 final     erand  both     54  0.700     0.009    5.508      NaN           NaN            NaN  gcm_hamming                0.249     0.00
kimi  1002 final     erand  both     61  0.800     0.009    5.374      NaN           NaN            NaN      uniform                0.484     0.00
kimi  1002 final     erand  both     68  0.900     0.006    6.078      NaN           NaN            NaN      uniform                0.311     0.00
kimi  1002 final     erand  both     68  0.950     0.007    5.102      NaN           NaN            NaN      uniform                0.388     0.00
kimi  1002 final     erand  both     74  1.000     0.007    5.004      NaN           NaN            NaN      uniform                0.200     0.00
kimi  1002 final      topk    in     56  0.000     0.997    0.013      NaN           NaN            NaN         rule               40.000     0.00
kimi  1002 final      topk    in     56  0.250     0.997    0.015      NaN           NaN            NaN         rule               40.000     0.00
kimi  1002 final      topk    in     56  0.500     0.996    0.022      NaN           NaN            NaN         rule               40.000     0.00
kimi  1002 final      topk    in     56  0.750     0.931    0.417      NaN           NaN            NaN         rule               20.627     0.00
kimi  1002 final      topk    in     56  1.000     0.008   19.582      NaN           NaN            NaN  gcm_hamming                0.200     0.00
kimi  1002 final      topk   out     52  0.000     0.997    0.013      NaN           NaN            NaN         rule               40.000     0.00
kimi  1002 final      topk   out     52  0.250     0.997    0.033      NaN           NaN            NaN         rule               40.000     0.00
kimi  1002 final      topk   out     52  0.500     0.993    0.148      NaN           NaN            NaN         rule               40.000     0.00
kimi  1002 final      topk   out     52  0.750     0.938    1.054      NaN           NaN            NaN         rule               40.000     0.00
kimi  1002 final      topk   out     52  1.000     0.004    5.283      NaN           NaN            NaN  gcm_hamming                0.752     0.00
kimi  1002 final      topk  both     56  0.000     0.997    0.013      NaN           NaN            NaN         rule               40.000     0.00
kimi  1002 final      topk  both     56  0.250     0.997    0.035      NaN           NaN            NaN         rule               40.000     0.00
kimi  1002 final      topk  both     56  0.500     0.990    0.164      NaN           NaN            NaN         rule               40.000     0.00
kimi  1002 final      topk  both     56  0.750     0.834    1.332      NaN           NaN            NaN         rule               10.637     0.00
kimi  1002 final      topk  both     56  1.000     0.007    5.217      NaN           NaN            NaN      uniform                0.200     0.00
kimi  1002 final     randk    in     18  0.000     0.997    0.013      NaN           NaN            NaN         rule               40.000     0.00
kimi  1002 final     randk    in     18  0.250     0.998    0.013      NaN           NaN            NaN         rule               40.000     0.00
kimi  1002 final     randk    in     18  0.500     0.998    0.012      NaN           NaN            NaN         rule               40.000     0.00
kimi  1002 final     randk    in     18  0.750     0.998    0.012      NaN           NaN            NaN         rule               40.000     0.00
kimi  1002 final     randk    in     18  1.000     0.998    0.012      NaN           NaN            NaN         rule               40.000     0.00
kimi  1002 final     randk    in     18  0.000     0.997    0.013      NaN           NaN            NaN         rule               40.000     0.00
kimi  1002 final     randk    in     18  0.250     0.998    0.013      NaN           NaN            NaN         rule               40.000     0.00
kimi  1002 final     randk    in     18  0.500     0.998    0.012      NaN           NaN            NaN         rule               40.000     0.00
kimi  1002 final     randk    in     18  0.750     0.998    0.012      NaN           NaN            NaN         rule               40.000     0.00
kimi  1002 final     randk    in     18  1.000     0.998    0.012      NaN           NaN            NaN         rule               40.000     0.00
kimi  1002 final     randk    in     18  0.000     0.997    0.013      NaN           NaN            NaN         rule               40.000     0.00
kimi  1002 final     randk    in     18  0.250     0.998    0.013      NaN           NaN            NaN         rule               40.000     0.00
kimi  1002 final     randk    in     18  0.500     0.998    0.012      NaN           NaN            NaN         rule               40.000     0.00
kimi  1002 final     randk    in     18  0.750     0.998    0.012      NaN           NaN            NaN         rule               40.000     0.00
kimi  1002 final     randk    in     18  1.000     0.998    0.012      NaN           NaN            NaN         rule               40.000     0.00
kimi  1002 final     randk   out     22  0.000     0.997    0.013      NaN           NaN            NaN         rule               40.000     0.00
kimi  1002 final     randk   out     22  0.250     0.998    0.011      NaN           NaN            NaN         rule               40.000     0.00
kimi  1002 final     randk   out     22  0.500     0.999    0.010      NaN           NaN            NaN         rule               40.000     0.00
kimi  1002 final     randk   out     22  0.750     0.999    0.009      NaN           NaN            NaN         rule               40.000     0.00
kimi  1002 final     randk   out     22  1.000     0.999    0.008      NaN           NaN            NaN         rule               40.000     0.00
kimi  1002 final     randk   out     22  0.000     0.997    0.013      NaN           NaN            NaN         rule               40.000     0.00
kimi  1002 final     randk   out     22  0.250     0.998    0.011      NaN           NaN            NaN         rule               40.000     0.00
kimi  1002 final     randk   out     22  0.500     0.999    0.010      NaN           NaN            NaN         rule               40.000     0.00
kimi  1002 final     randk   out     22  0.750     0.999    0.009      NaN           NaN            NaN         rule               40.000     0.00
kimi  1002 final     randk   out     22  1.000     0.999    0.008      NaN           NaN            NaN         rule               40.000     0.00
kimi  1002 final     randk   out     22  0.000     0.997    0.013      NaN           NaN            NaN         rule               40.000     0.00
kimi  1002 final     randk   out     22  0.250     0.998    0.011      NaN           NaN            NaN         rule               40.000     0.00
kimi  1002 final     randk   out     22  0.500     0.999    0.010      NaN           NaN            NaN         rule               40.000     0.00
kimi  1002 final     randk   out     22  0.750     0.999    0.009      NaN           NaN            NaN         rule               40.000     0.00
kimi  1002 final     randk   out     22  1.000     0.999    0.008      NaN           NaN            NaN         rule               40.000     0.00
kimi  1002 final     randk  both     18  0.000     0.997    0.013      NaN           NaN            NaN         rule               40.000     0.00
kimi  1002 final     randk  both     18  0.250     0.998    0.011      NaN           NaN            NaN         rule               40.000     0.00
kimi  1002 final     randk  both     18  0.500     0.998    0.010      NaN           NaN            NaN         rule               40.000     0.00
kimi  1002 final     randk  both     18  0.750     0.999    0.009      NaN           NaN            NaN         rule               40.000     0.00
kimi  1002 final     randk  both     18  1.000     0.999    0.009      NaN           NaN            NaN         rule               40.000     0.00
kimi  1002 final     randk  both     18  0.000     0.997    0.013      NaN           NaN            NaN         rule               40.000     0.00
kimi  1002 final     randk  both     18  0.250     0.998    0.011      NaN           NaN            NaN         rule               40.000     0.00
kimi  1002 final     randk  both     18  0.500     0.998    0.010      NaN           NaN            NaN         rule               40.000     0.00
kimi  1002 final     randk  both     18  0.750     0.999    0.009      NaN           NaN            NaN         rule               40.000     0.00
kimi  1002 final     randk  both     18  1.000     0.999    0.009      NaN           NaN            NaN         rule               40.000     0.00
kimi  1002 final     randk  both     18  0.000     0.997    0.013      NaN           NaN            NaN         rule               40.000     0.00
kimi  1002 final     randk  both     18  0.250     0.998    0.011      NaN           NaN            NaN         rule               40.000     0.00
kimi  1002 final     randk  both     18  0.500     0.998    0.010      NaN           NaN            NaN         rule               40.000     0.00
kimi  1002 final     randk  both     18  0.750     0.999    0.009      NaN           NaN            NaN         rule               40.000     0.00
kimi  1002 final     randk  both     18  1.000     0.999    0.009      NaN           NaN            NaN         rule               40.000     0.00
kimi  1002 final  residual    in     18  0.000     0.997    0.013      NaN           NaN            NaN         rule               40.000     0.00
kimi  1002 final  residual    in     18  0.250     0.998    0.013      NaN           NaN            NaN         rule               40.000     0.00
kimi  1002 final  residual    in     18  0.500     0.998    0.012      NaN           NaN            NaN         rule               40.000     0.00
kimi  1002 final  residual    in     18  0.750     0.998    0.012      NaN           NaN            NaN         rule               40.000     0.00
kimi  1002 final  residual    in     18  1.000     0.998    0.012      NaN           NaN            NaN         rule               40.000     0.00
kimi  1002 final  residual   out     22  0.000     0.997    0.013      NaN           NaN            NaN         rule               40.000     0.00
kimi  1002 final  residual   out     22  0.250     0.998    0.011      NaN           NaN            NaN         rule               40.000     0.00
kimi  1002 final  residual   out     22  0.500     0.999    0.010      NaN           NaN            NaN         rule               40.000     0.00
kimi  1002 final  residual   out     22  0.750     0.999    0.009      NaN           NaN            NaN         rule               40.000     0.00
kimi  1002 final  residual   out     22  1.000     0.999    0.008      NaN           NaN            NaN         rule               40.000     0.00
kimi  1002 final  residual  both     18  0.000     0.997    0.013      NaN           NaN            NaN         rule               40.000     0.00
kimi  1002 final  residual  both     18  0.250     0.998    0.011      NaN           NaN            NaN         rule               40.000     0.00
kimi  1002 final  residual  both     18  0.500     0.998    0.010      NaN           NaN            NaN         rule               40.000     0.00
kimi  1002 final  residual  both     18  0.750     0.999    0.009      NaN           NaN            NaN         rule               40.000     0.00
kimi  1002 final  residual  both     18  1.000     0.999    0.009      NaN           NaN            NaN         rule               40.000     0.00
kimi  1000 final      none     -      0  0.000     1.000    0.002      NaN           NaN            NaN         rule               40.000     0.00
kimi  1000 final   lowpass    in      0  0.000     0.007   14.690      NaN           NaN            NaN gcm_circular                0.249     0.00
kimi  1000 final   lowpass    in      1  1.000     0.009   15.868      NaN           NaN            NaN gcm_circular                1.459     0.00
kimi  1000 final   lowpass    in      2  2.000     0.008   15.485      NaN           NaN            NaN  gcm_hamming                0.200     0.00
kimi  1000 final   lowpass    in      3  3.000     0.006   15.645      NaN           NaN            NaN      uniform                0.200     0.00
kimi  1000 final   lowpass    in      4  4.000     0.011   15.360      NaN           NaN            NaN         rule                0.200     0.00
kimi  1000 final   lowpass    in      6  6.000     0.015   13.630      NaN           NaN            NaN         rule                0.200     0.00
kimi  1000 final   lowpass    in      8  8.000     0.067    4.103      NaN           NaN            NaN         rule                0.200     0.00
kimi  1000 final   lowpass    in     12 12.000     0.295    2.108      NaN           NaN            NaN         rule                3.527     0.00
kimi  1000 final   lowpass    in     16 16.000     0.772    0.648      NaN           NaN            NaN         rule               40.000     0.00
kimi  1000 final   lowpass    in     24 24.000     0.779    0.639      NaN           NaN            NaN         rule               40.000     0.00
kimi  1000 final   lowpass    in     32 32.000     0.774    0.641      NaN           NaN            NaN         rule               40.000     0.00
kimi  1000 final   lowpass    in     48 48.000     0.775    0.638      NaN           NaN            NaN         rule               40.000     0.00
kimi  1000 final   lowpass    in     74 74.000     1.000    0.002      NaN           NaN            NaN         rule               40.000     0.00
kimi  1000 final   lowpass   out      0  0.000     0.007    5.004      NaN           NaN            NaN      uniform                0.200     0.00
kimi  1000 final   lowpass   out      1  1.000     0.007    5.005      NaN           NaN            NaN      uniform                0.200     0.00
kimi  1000 final   lowpass   out      2  2.000     0.013    4.945      NaN           NaN            NaN         rule                0.200     0.00
kimi  1000 final   lowpass   out      3  3.000     0.010    4.949      NaN           NaN            NaN         rule                0.200     0.00
kimi  1000 final   lowpass   out      4  4.000     0.028    4.769      NaN           NaN            NaN         rule                0.200     0.00
kimi  1000 final   lowpass   out      6  6.000     0.056    4.617      NaN           NaN            NaN         rule                0.752     0.00
kimi  1000 final   lowpass   out      8  8.000     0.358    3.282      NaN           NaN            NaN         rule                5.485     0.00
kimi  1000 final   lowpass   out     12 12.000     0.798    1.726      NaN           NaN            NaN         rule               32.076     0.00
kimi  1000 final   lowpass   out     16 16.000     0.919    0.826      NaN           NaN            NaN         rule               40.000     0.00
kimi  1000 final   lowpass   out     24 24.000     0.932    0.579      NaN           NaN            NaN         rule               40.000     0.00
kimi  1000 final   lowpass   out     32 32.000     0.921    0.574      NaN           NaN            NaN         rule               40.000     0.00
kimi  1000 final   lowpass   out     48 48.000     0.986    0.314      NaN           NaN            NaN         rule               40.000     0.00
kimi  1000 final   lowpass   out     74 74.000     1.000    0.002      NaN           NaN            NaN         rule               40.000     0.00
kimi  1000 final   lowpass  both      0  0.000     0.007    5.004      NaN           NaN            NaN      uniform                0.200     0.00
kimi  1000 final   lowpass  both      1  1.000     0.006    5.018      NaN           NaN            NaN      uniform                0.200     0.00
kimi  1000 final   lowpass  both      2  2.000     0.004    5.027      NaN           NaN            NaN      uniform                0.200     0.00
kimi  1000 final   lowpass  both      3  3.000     0.004    5.048      NaN           NaN            NaN      uniform                0.200     0.00
kimi  1000 final   lowpass  both      4  4.000     0.007    5.047      NaN           NaN            NaN      uniform                0.200     0.00
kimi  1000 final   lowpass  both      6  6.000     0.007    5.063      NaN           NaN            NaN      uniform                0.200     0.00
kimi  1000 final   lowpass  both      8  8.000     0.080    3.244      NaN           NaN            NaN         rule                0.200     0.00
kimi  1000 final   lowpass  both     12 12.000     0.561    1.684      NaN           NaN            NaN         rule                6.840     0.00
kimi  1000 final   lowpass  both     16 16.000     0.968    0.574      NaN           NaN            NaN         rule               40.000     0.00
kimi  1000 final   lowpass  both     24 24.000     0.968    0.392      NaN           NaN            NaN         rule               40.000     0.00
kimi  1000 final   lowpass  both     32 32.000     0.967    0.375      NaN           NaN            NaN         rule               40.000     0.00
kimi  1000 final   lowpass  both     48 48.000     0.936    0.421      NaN           NaN            NaN         rule               40.000     0.00
kimi  1000 final   lowpass  both     74 74.000     1.000    0.002      NaN           NaN            NaN         rule               40.000     0.00
kimi  1000 final      etop    in      0  0.000     1.000    0.002      NaN           NaN            NaN         rule               40.000     0.00
kimi  1000 final      etop    in      1  0.050     0.994    0.051      NaN           NaN            NaN         rule               40.000     0.00
kimi  1000 final      etop    in      1  0.100     0.994    0.051      NaN           NaN            NaN         rule               40.000     0.00
kimi  1000 final      etop    in      2  0.200     0.960    0.218      NaN           NaN            NaN         rule               25.722     0.00
kimi  1000 final      etop    in      2  0.300     0.960    0.218      NaN           NaN            NaN         rule               25.722     0.00
kimi  1000 final      etop    in      3  0.400     0.389    1.775      NaN           NaN            NaN         rule                1.170     0.00
kimi  1000 final      etop    in      4  0.500     0.308    2.513      NaN           NaN            NaN         rule                1.170     0.00
kimi  1000 final      etop    in      5  0.600     0.217    4.784      NaN           NaN            NaN         rule                1.459     0.00
kimi  1000 final      etop    in     11  0.700     0.163    6.112      NaN           NaN            NaN         rule                1.170     0.00
kimi  1000 final      etop    in     26  0.800     0.073    9.307      NaN           NaN            NaN         rule                0.200     0.00
kimi  1000 final      etop    in     47  0.900     0.019   13.235      NaN           NaN            NaN         rule                0.200     0.00
kimi  1000 final      etop    in     59  0.950     0.010   14.952      NaN           NaN            NaN         rule                0.200     0.00
kimi  1000 final      etop    in     74  1.000     0.007   14.690      NaN           NaN            NaN gcm_circular                0.249     0.00
kimi  1000 final      etop   out      0  0.000     1.000    0.002      NaN           NaN            NaN         rule               40.000     0.00
kimi  1000 final      etop   out      1  0.050     1.000    0.009      NaN           NaN            NaN         rule               40.000     0.00
kimi  1000 final      etop   out      1  0.100     1.000    0.009      NaN           NaN            NaN         rule               40.000     0.00
kimi  1000 final      etop   out      2  0.200     0.998    0.038      NaN           NaN            NaN         rule               40.000     0.00
kimi  1000 final      etop   out      3  0.300     0.995    0.159      NaN           NaN            NaN         rule               40.000     0.00
kimi  1000 final      etop   out      4  0.400     0.995    0.330      NaN           NaN            NaN         rule               40.000     0.00
kimi  1000 final      etop   out      5  0.500     0.975    0.777      NaN           NaN            NaN         rule               40.000     0.00
kimi  1000 final      etop   out      8  0.600     0.899    1.755      NaN           NaN            NaN         rule               13.264     0.00
kimi  1000 final      etop   out     16  0.700     0.424    3.426      NaN           NaN            NaN         rule                3.527     0.00
kimi  1000 final      etop   out     29  0.800     0.075    4.520      NaN           NaN            NaN         rule                0.200     0.00
kimi  1000 final      etop   out     47  0.900     0.019    4.920      NaN           NaN            NaN         rule                0.200     0.00
kimi  1000 final      etop   out     59  0.950     0.005    5.024      NaN           NaN            NaN      uniform                0.484     0.00
kimi  1000 final      etop   out     74  1.000     0.007    5.004      NaN           NaN            NaN      uniform                0.200     0.00
kimi  1000 final      etop  both      0  0.000     1.000    0.002      NaN           NaN            NaN         rule               40.000     0.00
kimi  1000 final      etop  both      1  0.050     0.993    0.056      NaN           NaN            NaN         rule               40.000     0.00
kimi  1000 final      etop  both      1  0.100     0.993    0.056      NaN           NaN            NaN         rule               40.000     0.00
kimi  1000 final      etop  both      2  0.200     0.979    0.202      NaN           NaN            NaN         rule               40.000     0.00
kimi  1000 final      etop  both      2  0.300     0.921    0.591      NaN           NaN            NaN         rule               25.722     0.00
kimi  1000 final      etop  both      3  0.400     0.315    2.028      NaN           NaN            NaN         rule                0.200     0.00
kimi  1000 final      etop  both      4  0.500     0.165    3.138      NaN           NaN            NaN         rule                0.752     0.00
kimi  1000 final      etop  both      5  0.600     0.080    4.667      NaN           NaN            NaN         rule                0.200     0.00
kimi  1000 final      etop  both     11  0.700     0.039    4.852      NaN           NaN            NaN         rule                0.200     0.00
kimi  1000 final      etop  both     26  0.800     0.009    5.140      NaN           NaN            NaN      uniform                0.200     0.00
kimi  1000 final      etop  both     47  0.900     0.008    5.134      NaN           NaN            NaN      uniform                0.200     0.00
kimi  1000 final      etop  both     59  0.950     0.007    5.067      NaN           NaN            NaN      uniform                0.484     0.00
kimi  1000 final      etop  both     74  1.000     0.007    5.004      NaN           NaN            NaN      uniform                0.200     0.00
kimi  1000 final   ebottom    in      0  0.000     1.000    0.002      NaN           NaN            NaN         rule               40.000     0.00
kimi  1000 final   ebottom    in     16  0.050     1.000    0.002      NaN           NaN            NaN         rule               40.000     0.00
kimi  1000 final   ebottom    in     28  0.100     1.000    0.002      NaN           NaN            NaN         rule               40.000     0.00
kimi  1000 final   ebottom    in     49  0.200     1.000    0.001      NaN           NaN            NaN         rule               40.000     0.00
kimi  1000 final   ebottom    in     64  0.300     1.000    0.001      NaN           NaN            NaN         rule               40.000     0.00
kimi  1000 final   ebottom    in     70  0.400     0.983    0.092      NaN           NaN            NaN         rule               40.000     0.00
kimi  1000 final   ebottom    in     71  0.500     0.855    0.551      NaN           NaN            NaN         rule               16.541     0.00
kimi  1000 final   ebottom    in     72  0.600     0.213    2.283      NaN           NaN            NaN         rule                0.200     0.00
kimi  1000 final   ebottom    in     73  0.700     0.069    3.564      NaN           NaN            NaN         rule                0.200     0.00
kimi  1000 final   ebottom    in     73  0.800     0.069    3.564      NaN           NaN            NaN         rule                0.200     0.00
kimi  1000 final   ebottom    in     74  0.900     0.007   14.690      NaN           NaN            NaN gcm_circular                0.249     0.00
kimi  1000 final   ebottom    in     74  0.950     0.007   14.690      NaN           NaN            NaN gcm_circular                0.249     0.00
kimi  1000 final   ebottom    in     74  1.000     0.007   14.690      NaN           NaN            NaN gcm_circular                0.249     0.00
kimi  1000 final   ebottom   out      0  0.000     1.000    0.002      NaN           NaN            NaN         rule               40.000     0.00
kimi  1000 final   ebottom   out     16  0.050     1.000    0.002      NaN           NaN            NaN         rule               40.000     0.00
kimi  1000 final   ebottom   out     28  0.100     1.000    0.002      NaN           NaN            NaN         rule               40.000     0.00
kimi  1000 final   ebottom   out     46  0.200     1.000    0.001      NaN           NaN            NaN         rule               40.000     0.00
kimi  1000 final   ebottom   out     59  0.300     1.000    0.002      NaN           NaN            NaN         rule               40.000     0.00
kimi  1000 final   ebottom   out     67  0.400     1.000    0.006      NaN           NaN            NaN         rule               40.000     0.00
kimi  1000 final   ebottom   out     70  0.500     0.999    0.169      NaN           NaN            NaN         rule               40.000     0.00
kimi  1000 final   ebottom   out     71  0.600     0.968    0.866      NaN           NaN            NaN         rule               40.000     0.00
kimi  1000 final   ebottom   out     72  0.700     0.295    2.225      NaN           NaN            NaN         rule                0.200     0.00
kimi  1000 final   ebottom   out     73  0.800     0.086    3.542      NaN           NaN            NaN         rule                0.200     0.00
kimi  1000 final   ebottom   out     74  0.900     0.007    5.004      NaN           NaN            NaN      uniform                0.200     0.00
kimi  1000 final   ebottom   out     74  0.950     0.007    5.004      NaN           NaN            NaN      uniform                0.200     0.00
kimi  1000 final   ebottom   out     74  1.000     0.007    5.004      NaN           NaN            NaN      uniform                0.200     0.00
kimi  1000 final   ebottom  both      0  0.000     1.000    0.002      NaN           NaN            NaN         rule               40.000     0.00
kimi  1000 final   ebottom  both     16  0.050     1.000    0.002      NaN           NaN            NaN         rule               40.000     0.00
kimi  1000 final   ebottom  both     28  0.100     1.000    0.001      NaN           NaN            NaN         rule               40.000     0.00
kimi  1000 final   ebottom  both     49  0.200     1.000    0.001      NaN           NaN            NaN         rule               40.000     0.00
kimi  1000 final   ebottom  both     64  0.300     1.000    0.001      NaN           NaN            NaN         rule               40.000     0.00
kimi  1000 final   ebottom  both     70  0.400     0.990    0.168      NaN           NaN            NaN         rule               40.000     0.00
kimi  1000 final   ebottom  both     71  0.500     0.969    0.598      NaN           NaN            NaN         rule               40.000     0.00
kimi  1000 final   ebottom  both     72  0.600     0.290    2.031      NaN           NaN            NaN         rule                0.200     0.00
kimi  1000 final   ebottom  both     73  0.700     0.104    3.129      NaN           NaN            NaN         rule                0.200     0.00
kimi  1000 final   ebottom  both     73  0.800     0.121    3.102      NaN           NaN            NaN         rule                0.200     0.00
kimi  1000 final   ebottom  both     74  0.900     0.007    5.004      NaN           NaN            NaN      uniform                0.200     0.00
kimi  1000 final   ebottom  both     74  0.950     0.007    5.004      NaN           NaN            NaN      uniform                0.200     0.00
kimi  1000 final   ebottom  both     74  1.000     0.007    5.004      NaN           NaN            NaN      uniform                0.200     0.00
kimi  1000 final     erand    in      0  0.000     1.000    0.002      NaN           NaN            NaN         rule               40.000     0.00
kimi  1000 final     erand    in     11  0.050     1.000    0.002      NaN           NaN            NaN         rule               40.000     0.00
kimi  1000 final     erand    in     17  0.100     1.000    0.002      NaN           NaN            NaN         rule               40.000     0.00
kimi  1000 final     erand    in     27  0.200     0.981    0.100      NaN           NaN            NaN         rule               40.000     0.00
kimi  1000 final     erand    in     27  0.300     0.981    0.100      NaN           NaN            NaN         rule               40.000     0.00
kimi  1000 final     erand    in     31  0.400     0.897    0.370      NaN           NaN            NaN         rule               40.000     0.00
kimi  1000 final     erand    in     38  0.500     0.526    1.370      NaN           NaN            NaN         rule                8.530     0.00
kimi  1000 final     erand    in     41  0.600     0.252    2.454      NaN           NaN            NaN         rule                2.828     0.00
kimi  1000 final     erand    in     45  0.700     0.246    2.482      NaN           NaN            NaN         rule                2.828     0.00
kimi  1000 final     erand    in     49  0.800     0.046   10.515      NaN           NaN            NaN         rule                0.200     0.00
kimi  1000 final     erand    in     56  0.900     0.027   12.878      NaN           NaN            NaN         rule                0.200     0.00
kimi  1000 final     erand    in     66  0.950     0.010   14.823      NaN           NaN            NaN         rule                0.200     0.00
kimi  1000 final     erand    in     74  1.000     0.007   14.690      NaN           NaN            NaN gcm_circular                0.249     0.00
kimi  1000 final     erand    in      0  0.000     1.000    0.002      NaN           NaN            NaN         rule               40.000     0.00
kimi  1000 final     erand    in     10  0.050     1.000    0.002      NaN           NaN            NaN         rule               40.000     0.00
kimi  1000 final     erand    in     17  0.100     0.990    0.066      NaN           NaN            NaN         rule               40.000     0.00
kimi  1000 final     erand    in     17  0.200     0.990    0.066      NaN           NaN            NaN         rule               40.000     0.00
kimi  1000 final     erand    in     26  0.300     0.740    0.660      NaN           NaN            NaN         rule                4.398     0.00
kimi  1000 final     erand    in     26  0.400     0.740    0.660      NaN           NaN            NaN         rule                4.398     0.00
kimi  1000 final     erand    in     37  0.500     0.334    1.951      NaN           NaN            NaN         rule                0.200     0.00
kimi  1000 final     erand    in     37  0.600     0.334    1.951      NaN           NaN            NaN         rule                0.200     0.00
kimi  1000 final     erand    in     45  0.700     0.195    3.094      NaN           NaN            NaN         rule                0.200     0.00
kimi  1000 final     erand    in     52  0.800     0.053   10.368      NaN           NaN            NaN         rule                0.200     0.00
kimi  1000 final     erand    in     59  0.900     0.035   11.251      NaN           NaN            NaN         rule                0.200     0.00
kimi  1000 final     erand    in     65  0.950     0.008   15.051      NaN           NaN            NaN      uniform                0.200     0.00
kimi  1000 final     erand    in     74  1.000     0.007   14.690      NaN           NaN            NaN gcm_circular                0.249     0.00
kimi  1000 final     erand    in      0  0.000     1.000    0.002      NaN           NaN            NaN         rule               40.000     0.00
kimi  1000 final     erand    in      3  0.050     0.996    0.032      NaN           NaN            NaN         rule               40.000     0.00
kimi  1000 final     erand    in      3  0.100     0.996    0.032      NaN           NaN            NaN         rule               40.000     0.00
kimi  1000 final     erand    in     10  0.200     0.972    0.168      NaN           NaN            NaN         rule               40.000     0.00
kimi  1000 final     erand    in     15  0.300     0.969    0.179      NaN           NaN            NaN         rule               32.076     0.00
kimi  1000 final     erand    in     35  0.400     0.966    0.191      NaN           NaN            NaN         rule               32.076     0.00
kimi  1000 final     erand    in     39  0.500     0.401    1.694      NaN           NaN            NaN         rule                2.828     0.00
kimi  1000 final     erand    in     46  0.600     0.160    3.024      NaN           NaN            NaN         rule                0.200     0.00
kimi  1000 final     erand    in     49  0.700     0.107    3.368      NaN           NaN            NaN         rule                0.200     0.00
kimi  1000 final     erand    in     56  0.800     0.020   13.390      NaN           NaN            NaN         rule                0.249     0.00
kimi  1000 final     erand    in     56  0.900     0.020   13.390      NaN           NaN            NaN         rule                0.249     0.00
kimi  1000 final     erand    in     65  0.950     0.012   14.180      NaN           NaN            NaN         rule                0.484     0.00
kimi  1000 final     erand    in     74  1.000     0.007   14.690      NaN           NaN            NaN gcm_circular                0.249     0.00
kimi  1000 final     erand   out      0  0.000     1.000    0.002      NaN           NaN            NaN         rule               40.000     0.00
kimi  1000 final     erand   out      8  0.050     1.000    0.002      NaN           NaN            NaN         rule               40.000     0.00
kimi  1000 final     erand   out     14  0.100     1.000    0.003      NaN           NaN            NaN         rule               40.000     0.00
kimi  1000 final     erand   out     26  0.200     1.000    0.004      NaN           NaN            NaN         rule               40.000     0.00
kimi  1000 final     erand   out     27  0.300     0.999    0.053      NaN           NaN            NaN         rule               40.000     0.00
kimi  1000 final     erand   out     33  0.400     0.999    0.084      NaN           NaN            NaN         rule               40.000     0.00
kimi  1000 final     erand   out     38  0.500     0.959    0.699      NaN           NaN            NaN         rule               32.076     0.00
kimi  1000 final     erand   out     41  0.600     0.932    1.423      NaN           NaN            NaN         rule               25.722     0.00
kimi  1000 final     erand   out     46  0.700     0.950    1.419      NaN           NaN            NaN         rule               32.076     0.00
kimi  1000 final     erand   out     49  0.800     0.804    2.782      NaN           NaN            NaN         rule               10.637     0.00
kimi  1000 final     erand   out     59  0.900     0.307    4.013      NaN           NaN            NaN         rule                5.485     0.00
kimi  1000 final     erand   out     66  0.950     0.058    4.663      NaN           NaN            NaN         rule                0.484     0.00
kimi  1000 final     erand   out     74  1.000     0.007    5.004      NaN           NaN            NaN      uniform                0.200     0.00
kimi  1000 final     erand   out      0  0.000     1.000    0.002      NaN           NaN            NaN         rule               40.000     0.00
kimi  1000 final     erand   out      7  0.050     1.000    0.002      NaN           NaN            NaN         rule               40.000     0.00
kimi  1000 final     erand   out     14  0.100     1.000    0.002      NaN           NaN            NaN         rule               40.000     0.00
kimi  1000 final     erand   out     17  0.200     0.999    0.022      NaN           NaN            NaN         rule               40.000     0.00
kimi  1000 final     erand   out     26  0.300     0.998    0.110      NaN           NaN            NaN         rule               40.000     0.00
kimi  1000 final     erand   out     27  0.400     0.997    0.141      NaN           NaN            NaN         rule               40.000     0.00
kimi  1000 final     erand   out     37  0.500     0.941    0.953      NaN           NaN            NaN         rule               40.000     0.00
kimi  1000 final     erand   out     41  0.600     0.938    0.985      NaN           NaN            NaN         rule               40.000     0.00
kimi  1000 final     erand   out     45  0.700     0.805    2.153      NaN           NaN            NaN         rule                8.530     0.00
kimi  1000 final     erand   out     52  0.800     0.494    3.229      NaN           NaN            NaN         rule                3.527     0.00
kimi  1000 final     erand   out     62  0.900     0.128    4.325      NaN           NaN            NaN         rule                0.938     0.00
kimi  1000 final     erand   out     68  0.950     0.054    4.605      NaN           NaN            NaN         rule                1.170     0.00
kimi  1000 final     erand   out     74  1.000     0.007    5.004      NaN           NaN            NaN      uniform                0.200     0.00
kimi  1000 final     erand   out      0  0.000     1.000    0.002      NaN           NaN            NaN         rule               40.000     0.00
kimi  1000 final     erand   out      3  0.050     0.999    0.006      NaN           NaN            NaN         rule               40.000     0.00
kimi  1000 final     erand   out      3  0.100     0.999    0.006      NaN           NaN            NaN         rule               40.000     0.00
kimi  1000 final     erand   out     10  0.200     0.999    0.027      NaN           NaN            NaN         rule               40.000     0.00
kimi  1000 final     erand   out     15  0.300     0.999    0.041      NaN           NaN            NaN         rule               40.000     0.00
kimi  1000 final     erand   out     32  0.400     0.999    0.058      NaN           NaN            NaN         rule               40.000     0.00
kimi  1000 final     erand   out     40  0.500     0.998    0.224      NaN           NaN            NaN         rule               40.000     0.00
kimi  1000 final     erand   out     46  0.600     0.994    0.773      NaN           NaN            NaN         rule               40.000     0.00
kimi  1000 final     erand   out     54  0.700     0.922    1.905      NaN           NaN            NaN         rule               16.541     0.00
kimi  1000 final     erand   out     56  0.800     0.639    3.332      NaN           NaN            NaN         rule                5.485     0.00
kimi  1000 final     erand   out     60  0.900     0.396    3.837      NaN           NaN            NaN         rule                2.828     0.00
kimi  1000 final     erand   out     68  0.950     0.091    4.489      NaN           NaN            NaN         rule                0.200     0.00
kimi  1000 final     erand   out     74  1.000     0.007    5.004      NaN           NaN            NaN      uniform                0.200     0.00
kimi  1000 final     erand  both      0  0.000     1.000    0.002      NaN           NaN            NaN         rule               40.000     0.00
kimi  1000 final     erand  both     11  0.050     1.000    0.002      NaN           NaN            NaN         rule               40.000     0.00
kimi  1000 final     erand  both     17  0.100     0.999    0.019      NaN           NaN            NaN         rule               40.000     0.00
kimi  1000 final     erand  both     27  0.200     0.986    0.105      NaN           NaN            NaN         rule               40.000     0.00
kimi  1000 final     erand  both     27  0.300     0.983    0.244      NaN           NaN            NaN         rule               40.000     0.00
kimi  1000 final     erand  both     31  0.400     0.889    0.772      NaN           NaN            NaN         rule               40.000     0.00
kimi  1000 final     erand  both     38  0.500     0.574    1.433      NaN           NaN            NaN         rule                8.530     0.00
kimi  1000 final     erand  both     41  0.600     0.031    4.637      NaN           NaN            NaN         rule                0.200     0.00
kimi  1000 final     erand  both     45  0.700     0.030    4.658      NaN           NaN            NaN         rule                0.200     0.00
kimi  1000 final     erand  both     49  0.800     0.017    5.559      NaN           NaN            NaN         rule                0.311     0.00
kimi  1000 final     erand  both     56  0.900     0.008    5.298      NaN           NaN            NaN      uniform                0.200     0.00
kimi  1000 final     erand  both     66  0.950     0.006    5.142      NaN           NaN            NaN      uniform                0.200     0.00
kimi  1000 final     erand  both     74  1.000     0.007    5.004      NaN           NaN            NaN      uniform                0.200     0.00
kimi  1000 final     erand  both      0  0.000     1.000    0.002      NaN           NaN            NaN         rule               40.000     0.00
kimi  1000 final     erand  both     10  0.050     1.000    0.002      NaN           NaN            NaN         rule               40.000     0.00
kimi  1000 final     erand  both     17  0.100     0.973    0.158      NaN           NaN            NaN         rule               40.000     0.00
kimi  1000 final     erand  both     17  0.200     0.970    0.269      NaN           NaN            NaN         rule               32.076     0.00
kimi  1000 final     erand  both     26  0.300     0.736    1.172      NaN           NaN            NaN         rule                5.485     0.00
kimi  1000 final     erand  both     26  0.400     0.733    1.285      NaN           NaN            NaN         rule                5.485     0.00
kimi  1000 final     erand  both     37  0.500     0.097    3.632      NaN           NaN            NaN         rule                0.200     0.00
kimi  1000 final     erand  both     37  0.600     0.025    4.912      NaN           NaN            NaN         rule                0.200     0.00
kimi  1000 final     erand  both     45  0.700     0.009    5.216      NaN           NaN            NaN         rule                0.388     0.00
kimi  1000 final     erand  both     52  0.800     0.013    6.295      NaN           NaN            NaN         rule                0.200     0.00
kimi  1000 final     erand  both     59  0.900     0.007    5.166      NaN           NaN            NaN      uniform                0.200     0.00
kimi  1000 final     erand  both     65  0.950     0.006    5.104      NaN           NaN            NaN  gcm_hamming                0.200     0.00
kimi  1000 final     erand  both     74  1.000     0.007    5.004      NaN           NaN            NaN      uniform                0.200     0.00
kimi  1000 final     erand  both      0  0.000     1.000    0.002      NaN           NaN            NaN         rule               40.000     0.00
kimi  1000 final     erand  both      3  0.050     0.951    0.233      NaN           NaN            NaN         rule               16.541     0.00
kimi  1000 final     erand  both      3  0.100     0.951    0.233      NaN           NaN            NaN         rule               16.541     0.00
kimi  1000 final     erand  both     10  0.200     0.884    0.667      NaN           NaN            NaN         rule               10.637     0.00
kimi  1000 final     erand  both     15  0.300     0.941    0.599      NaN           NaN            NaN         rule               20.627     0.00
kimi  1000 final     erand  both     35  0.400     0.813    1.059      NaN           NaN            NaN         rule                8.530     0.00
kimi  1000 final     erand  both     39  0.500     0.109    3.215      NaN           NaN            NaN         rule                0.200     0.00
kimi  1000 final     erand  both     46  0.600     0.032    4.818      NaN           NaN            NaN         rule                0.200     0.00
kimi  1000 final     erand  both     49  0.700     0.012    5.075      NaN           NaN            NaN         rule                0.200     0.00
kimi  1000 final     erand  both     56  0.800     0.008    5.710      NaN           NaN            NaN      uniform                0.200     0.00
kimi  1000 final     erand  both     56  0.900     0.008    5.170      NaN           NaN            NaN      uniform                0.200     0.00
kimi  1000 final     erand  both     65  0.950     0.006    5.066      NaN           NaN            NaN   gcm_linear                0.200     0.00
kimi  1000 final     erand  both     74  1.000     0.007    5.004      NaN           NaN            NaN      uniform                0.200     0.00
kimi  1000 final      topk    in     47  0.000     1.000    0.002      NaN           NaN            NaN         rule               40.000     0.00
kimi  1000 final      topk    in     47  0.250     1.000    0.002      NaN           NaN            NaN         rule               40.000     0.00
kimi  1000 final      topk    in     47  0.500     0.999    0.004      NaN           NaN            NaN         rule               40.000     0.00
kimi  1000 final      topk    in     47  0.750     0.995    0.020      NaN           NaN            NaN         rule               40.000     0.00
kimi  1000 final      topk    in     47  1.000     0.019   13.235      NaN           NaN            NaN         rule                0.200     0.00
kimi  1000 final      topk   out     47  0.000     1.000    0.002      NaN           NaN            NaN         rule               40.000     0.00
kimi  1000 final      topk   out     47  0.250     1.000    0.005      NaN           NaN            NaN         rule               40.000     0.00
kimi  1000 final      topk   out     47  0.500     1.000    0.053      NaN           NaN            NaN         rule               40.000     0.00
kimi  1000 final      topk   out     47  0.750     0.998    0.873      NaN           NaN            NaN         rule               40.000     0.00
kimi  1000 final      topk   out     47  1.000     0.019    4.920      NaN           NaN            NaN         rule                0.200     0.00
kimi  1000 final      topk  both     47  0.000     1.000    0.002      NaN           NaN            NaN         rule               40.000     0.00
kimi  1000 final      topk  both     47  0.250     1.000    0.006      NaN           NaN            NaN         rule               40.000     0.00
kimi  1000 final      topk  both     47  0.500     0.999    0.062      NaN           NaN            NaN         rule               40.000     0.00
kimi  1000 final      topk  both     47  0.750     0.981    1.038      NaN           NaN            NaN         rule               40.000     0.00
kimi  1000 final      topk  both     47  1.000     0.008    5.134      NaN           NaN            NaN      uniform                0.200     0.00
kimi  1000 final     randk    in     27  0.000     1.000    0.002      NaN           NaN            NaN         rule               40.000     0.00
kimi  1000 final     randk    in     27  0.250     1.000    0.002      NaN           NaN            NaN         rule               40.000     0.00
kimi  1000 final     randk    in     27  0.500     1.000    0.002      NaN           NaN            NaN         rule               40.000     0.00
kimi  1000 final     randk    in     27  0.750     1.000    0.002      NaN           NaN            NaN         rule               40.000     0.00
kimi  1000 final     randk    in     27  1.000     1.000    0.002      NaN           NaN            NaN         rule               40.000     0.00
kimi  1000 final     randk    in     27  0.000     1.000    0.002      NaN           NaN            NaN         rule               40.000     0.00
kimi  1000 final     randk    in     27  0.250     1.000    0.002      NaN           NaN            NaN         rule               40.000     0.00
kimi  1000 final     randk    in     27  0.500     1.000    0.002      NaN           NaN            NaN         rule               40.000     0.00
kimi  1000 final     randk    in     27  0.750     1.000    0.002      NaN           NaN            NaN         rule               40.000     0.00
kimi  1000 final     randk    in     27  1.000     1.000    0.002      NaN           NaN            NaN         rule               40.000     0.00
kimi  1000 final     randk    in     27  0.000     1.000    0.002      NaN           NaN            NaN         rule               40.000     0.00
kimi  1000 final     randk    in     27  0.250     1.000    0.002      NaN           NaN            NaN         rule               40.000     0.00
kimi  1000 final     randk    in     27  0.500     1.000    0.002      NaN           NaN            NaN         rule               40.000     0.00
kimi  1000 final     randk    in     27  0.750     1.000    0.002      NaN           NaN            NaN         rule               40.000     0.00
kimi  1000 final     randk    in     27  1.000     1.000    0.002      NaN           NaN            NaN         rule               40.000     0.00
kimi  1000 final     randk   out     27  0.000     1.000    0.002      NaN           NaN            NaN         rule               40.000     0.00
kimi  1000 final     randk   out     27  0.250     1.000    0.002      NaN           NaN            NaN         rule               40.000     0.00
kimi  1000 final     randk   out     27  0.500     1.000    0.002      NaN           NaN            NaN         rule               40.000     0.00
kimi  1000 final     randk   out     27  0.750     1.000    0.002      NaN           NaN            NaN         rule               40.000     0.00
kimi  1000 final     randk   out     27  1.000     1.000    0.002      NaN           NaN            NaN         rule               40.000     0.00
kimi  1000 final     randk   out     27  0.000     1.000    0.002      NaN           NaN            NaN         rule               40.000     0.00
kimi  1000 final     randk   out     27  0.250     1.000    0.002      NaN           NaN            NaN         rule               40.000     0.00
kimi  1000 final     randk   out     27  0.500     1.000    0.002      NaN           NaN            NaN         rule               40.000     0.00
kimi  1000 final     randk   out     27  0.750     1.000    0.002      NaN           NaN            NaN         rule               40.000     0.00
kimi  1000 final     randk   out     27  1.000     1.000    0.002      NaN           NaN            NaN         rule               40.000     0.00
kimi  1000 final     randk   out     27  0.000     1.000    0.002      NaN           NaN            NaN         rule               40.000     0.00
kimi  1000 final     randk   out     27  0.250     1.000    0.002      NaN           NaN            NaN         rule               40.000     0.00
kimi  1000 final     randk   out     27  0.500     1.000    0.002      NaN           NaN            NaN         rule               40.000     0.00
kimi  1000 final     randk   out     27  0.750     1.000    0.002      NaN           NaN            NaN         rule               40.000     0.00
kimi  1000 final     randk   out     27  1.000     1.000    0.002      NaN           NaN            NaN         rule               40.000     0.00
kimi  1000 final     randk  both     27  0.000     1.000    0.002      NaN           NaN            NaN         rule               40.000     0.00
kimi  1000 final     randk  both     27  0.250     1.000    0.002      NaN           NaN            NaN         rule               40.000     0.00
kimi  1000 final     randk  both     27  0.500     1.000    0.002      NaN           NaN            NaN         rule               40.000     0.00
kimi  1000 final     randk  both     27  0.750     1.000    0.002      NaN           NaN            NaN         rule               40.000     0.00
kimi  1000 final     randk  both     27  1.000     1.000    0.001      NaN           NaN            NaN         rule               40.000     0.00
kimi  1000 final     randk  both     27  0.000     1.000    0.002      NaN           NaN            NaN         rule               40.000     0.00
kimi  1000 final     randk  both     27  0.250     1.000    0.002      NaN           NaN            NaN         rule               40.000     0.00
kimi  1000 final     randk  both     27  0.500     1.000    0.002      NaN           NaN            NaN         rule               40.000     0.00
kimi  1000 final     randk  both     27  0.750     1.000    0.002      NaN           NaN            NaN         rule               40.000     0.00
kimi  1000 final     randk  both     27  1.000     1.000    0.001      NaN           NaN            NaN         rule               40.000     0.00
kimi  1000 final     randk  both     27  0.000     1.000    0.002      NaN           NaN            NaN         rule               40.000     0.00
kimi  1000 final     randk  both     27  0.250     1.000    0.002      NaN           NaN            NaN         rule               40.000     0.00
kimi  1000 final     randk  both     27  0.500     1.000    0.002      NaN           NaN            NaN         rule               40.000     0.00
kimi  1000 final     randk  both     27  0.750     1.000    0.002      NaN           NaN            NaN         rule               40.000     0.00
kimi  1000 final     randk  both     27  1.000     1.000    0.001      NaN           NaN            NaN         rule               40.000     0.00
kimi  1000 final  residual    in     27  0.000     1.000    0.002      NaN           NaN            NaN         rule               40.000     0.00
kimi  1000 final  residual    in     27  0.250     1.000    0.002      NaN           NaN            NaN         rule               40.000     0.00
kimi  1000 final  residual    in     27  0.500     1.000    0.002      NaN           NaN            NaN         rule               40.000     0.00
kimi  1000 final  residual    in     27  0.750     1.000    0.002      NaN           NaN            NaN         rule               40.000     0.00
kimi  1000 final  residual    in     27  1.000     1.000    0.002      NaN           NaN            NaN         rule               40.000     0.00
kimi  1000 final  residual   out     27  0.000     1.000    0.002      NaN           NaN            NaN         rule               40.000     0.00
kimi  1000 final  residual   out     27  0.250     1.000    0.002      NaN           NaN            NaN         rule               40.000     0.00
kimi  1000 final  residual   out     27  0.500     1.000    0.002      NaN           NaN            NaN         rule               40.000     0.00
kimi  1000 final  residual   out     27  0.750     1.000    0.002      NaN           NaN            NaN         rule               40.000     0.00
kimi  1000 final  residual   out     27  1.000     1.000    0.002      NaN           NaN            NaN         rule               40.000     0.00
kimi  1000 final  residual  both     27  0.000     1.000    0.002      NaN           NaN            NaN         rule               40.000     0.00
kimi  1000 final  residual  both     27  0.250     1.000    0.002      NaN           NaN            NaN         rule               40.000     0.00
kimi  1000 final  residual  both     27  0.500     1.000    0.002      NaN           NaN            NaN         rule               40.000     0.00
kimi  1000 final  residual  both     27  0.750     1.000    0.002      NaN           NaN            NaN         rule               40.000     0.00
kimi  1000 final  residual  both     27  1.000     1.000    0.001      NaN           NaN            NaN         rule               40.000     0.00
kimi  1001 final      none     -      0  0.000     1.000    0.001      NaN           NaN            NaN         rule               40.000     0.00
kimi  1001 final   lowpass    in      0  0.000     0.006   15.502      NaN           NaN            NaN  gcm_hamming                0.200     0.00
kimi  1001 final   lowpass    in      1  1.000     0.007   15.028      NaN           NaN            NaN      uniform                0.603     0.00
kimi  1001 final   lowpass    in      2  2.000     0.005   14.887      NaN           NaN            NaN      uniform                0.484     0.00
kimi  1001 final   lowpass    in      3  3.000     0.006   14.576      NaN           NaN            NaN      uniform                0.200     0.00
kimi  1001 final   lowpass    in      4  4.000     0.006   14.662      NaN           NaN            NaN   gcm_linear                0.603     0.00
kimi  1001 final   lowpass    in      6  6.000     0.007   14.613      NaN           NaN            NaN   gcm_linear                0.752     0.00
kimi  1001 final   lowpass    in      8  8.000     0.007   14.518      NaN           NaN            NaN gcm_circular                0.752     0.00
kimi  1001 final   lowpass    in     12 12.000     0.007   14.091      NaN           NaN            NaN      uniform                0.249     0.00
kimi  1001 final   lowpass    in     16 16.000     0.008   13.827      NaN           NaN            NaN      uniform                0.200     0.00
kimi  1001 final   lowpass    in     24 24.000     0.022   12.013      NaN           NaN            NaN         rule                0.200     0.00
kimi  1001 final   lowpass    in     32 32.000     0.451    2.483      NaN           NaN            NaN         rule                4.398     0.00
kimi  1001 final   lowpass    in     48 48.000     0.988    0.048      NaN           NaN            NaN         rule               40.000     0.00
kimi  1001 final   lowpass    in     74 74.000     1.000    0.001      NaN           NaN            NaN         rule               40.000     0.00
kimi  1001 final   lowpass   out      0  0.000     0.007    5.004      NaN           NaN            NaN      uniform                0.200     0.00
kimi  1001 final   lowpass   out      1  1.000     0.008    5.000      NaN           NaN            NaN gcm_circular                1.170     0.00
kimi  1001 final   lowpass   out      2  2.000     0.030    4.590      NaN           NaN            NaN         rule                0.938     0.00
kimi  1001 final   lowpass   out      3  3.000     0.035    4.587      NaN           NaN            NaN         rule                0.752     0.00
kimi  1001 final   lowpass   out      4  4.000     0.031    4.590      NaN           NaN            NaN         rule                0.752     0.00
kimi  1001 final   lowpass   out      6  6.000     0.064    4.390      NaN           NaN            NaN         rule                1.459     0.00
kimi  1001 final   lowpass   out      8  8.000     0.101    4.322      NaN           NaN            NaN         rule                2.828     0.00
kimi  1001 final   lowpass   out     12 12.000     0.083    4.283      NaN           NaN            NaN         rule                2.828     0.00
kimi  1001 final   lowpass   out     16 16.000     0.267    3.817      NaN           NaN            NaN         rule                4.398     0.00
kimi  1001 final   lowpass   out     24 24.000     0.613    2.916      NaN           NaN            NaN         rule                6.840     0.00
kimi  1001 final   lowpass   out     32 32.000     0.995    0.648      NaN           NaN            NaN         rule               40.000     0.00
kimi  1001 final   lowpass   out     48 48.000     1.000    0.018      NaN           NaN            NaN         rule               40.000     0.00
kimi  1001 final   lowpass   out     74 74.000     1.000    0.001      NaN           NaN            NaN         rule               40.000     0.00
kimi  1001 final   lowpass  both      0  0.000     0.007    5.004      NaN           NaN            NaN      uniform                0.200     0.00
kimi  1001 final   lowpass  both      1  1.000     0.006    5.011      NaN           NaN            NaN  gcm_hamming                0.200     0.00
kimi  1001 final   lowpass  both      2  2.000     0.004    5.103      NaN           NaN            NaN      uniform                0.200     0.00
kimi  1001 final   lowpass  both      3  3.000     0.006    5.121      NaN           NaN            NaN      uniform                0.200     0.00
kimi  1001 final   lowpass  both      4  4.000     0.005    5.186      NaN           NaN            NaN      uniform                0.752     0.00
kimi  1001 final   lowpass  both      6  6.000     0.008    5.227      NaN           NaN            NaN      uniform                0.388     0.00
kimi  1001 final   lowpass  both      8  8.000     0.007    5.219      NaN           NaN            NaN      uniform                0.311     0.00
kimi  1001 final   lowpass  both     12 12.000     0.006    5.223      NaN           NaN            NaN      uniform                0.388     0.00
kimi  1001 final   lowpass  both     16 16.000     0.006    5.293      NaN           NaN            NaN      uniform                0.388     0.00
kimi  1001 final   lowpass  both     24 24.000     0.018    5.128      NaN           NaN            NaN         rule                0.200     0.00
kimi  1001 final   lowpass  both     32 32.000     0.336    2.338      NaN           NaN            NaN         rule                3.527     0.00
kimi  1001 final   lowpass  both     48 48.000     0.992    0.092      NaN           NaN            NaN         rule               40.000     0.00
kimi  1001 final   lowpass  both     74 74.000     1.000    0.001      NaN           NaN            NaN         rule               40.000     0.00
kimi  1001 final      etop    in      0  0.000     1.000    0.001      NaN           NaN            NaN         rule               40.000     0.00
kimi  1001 final      etop    in      1  0.050     0.628    0.924      NaN           NaN            NaN         rule                2.828     0.00
kimi  1001 final      etop    in      1  0.100     0.628    0.924      NaN           NaN            NaN         rule                2.828     0.00
kimi  1001 final      etop    in      2  0.200     0.647    0.854      NaN           NaN            NaN         rule                2.828     0.00
kimi  1001 final      etop    in      2  0.300     0.647    0.854      NaN           NaN            NaN         rule                2.828     0.00
kimi  1001 final      etop    in      3  0.400     0.210    2.463      NaN           NaN            NaN         rule                1.170     0.00
kimi  1001 final      etop    in      4  0.500     0.120    3.810      NaN           NaN            NaN         rule                1.819     0.00
kimi  1001 final      etop    in      6  0.600     0.112    5.261      NaN           NaN            NaN         rule                1.819     0.00
kimi  1001 final      etop    in     10  0.700     0.080    6.917      NaN           NaN            NaN         rule                0.752     0.00
kimi  1001 final      etop    in     24  0.800     0.042    9.881      NaN           NaN            NaN         rule                0.200     0.00
kimi  1001 final      etop    in     46  0.900     0.021   12.532      NaN           NaN            NaN         rule                0.200     0.00
kimi  1001 final      etop    in     59  0.950     0.009   14.087      NaN           NaN            NaN         rule                0.200     0.00
kimi  1001 final      etop    in     74  1.000     0.006   15.502      NaN           NaN            NaN  gcm_hamming                0.200     0.00
kimi  1001 final      etop   out      0  0.000     1.000    0.001      NaN           NaN            NaN         rule               40.000     0.00
kimi  1001 final      etop   out      1  0.050     1.000    0.002      NaN           NaN            NaN         rule               40.000     0.00
kimi  1001 final      etop   out      2  0.100     1.000    0.003      NaN           NaN            NaN         rule               40.000     0.00
kimi  1001 final      etop   out      3  0.200     1.000    0.004      NaN           NaN            NaN         rule               40.000     0.00
kimi  1001 final      etop   out      5  0.300     0.999    0.039      NaN           NaN            NaN         rule               40.000     0.00
kimi  1001 final      etop   out      6  0.400     0.992    0.177      NaN           NaN            NaN         rule               40.000     0.00
kimi  1001 final      etop   out      8  0.500     0.986    0.474      NaN           NaN            NaN         rule               40.000     0.00
kimi  1001 final      etop   out     12  0.600     0.877    1.678      NaN           NaN            NaN         rule               10.637     0.00
kimi  1001 final      etop   out     17  0.700     0.323    3.508      NaN           NaN            NaN         rule                2.828     0.00
kimi  1001 final      etop   out     29  0.800     0.059    4.705      NaN           NaN            NaN         rule                0.484     0.00
kimi  1001 final      etop   out     48  0.900     0.017    4.993      NaN           NaN            NaN         rule                0.603     0.00
kimi  1001 final      etop   out     60  0.950     0.015    5.017      NaN           NaN            NaN         rule                0.484     0.00
kimi  1001 final      etop   out     74  1.000     0.007    5.004      NaN           NaN            NaN      uniform                0.200     0.00
kimi  1001 final      etop  both      0  0.000     1.000    0.001      NaN           NaN            NaN         rule               40.000     0.00
kimi  1001 final      etop  both      1  0.050     0.660    0.835      NaN           NaN            NaN         rule                3.527     0.00
kimi  1001 final      etop  both      1  0.100     0.658    0.841      NaN           NaN            NaN         rule                3.527     0.00
kimi  1001 final      etop  both      2  0.200     0.644    0.857      NaN           NaN            NaN         rule                2.828     0.00
kimi  1001 final      etop  both      2  0.300     0.583    1.336      NaN           NaN            NaN         rule                2.268     0.00
kimi  1001 final      etop  both      3  0.400     0.153    3.185      NaN           NaN            NaN         rule                0.200     0.00
kimi  1001 final      etop  both      4  0.500     0.117    3.323      NaN           NaN            NaN         rule                2.268     0.00
kimi  1001 final      etop  both      6  0.600     0.014    5.492      NaN           NaN            NaN  gcm_hamming                0.200     0.00
kimi  1001 final      etop  both     10  0.700     0.010    5.311      NaN           NaN            NaN         rule                0.200     0.00
kimi  1001 final      etop  both     24  0.800     0.007    5.196      NaN           NaN            NaN      uniform                0.200     0.00
kimi  1001 final      etop  both     46  0.900     0.005    5.113      NaN           NaN            NaN      uniform                0.388     0.00
kimi  1001 final      etop  both     59  0.950     0.006    5.057      NaN           NaN            NaN      uniform                0.200     0.00
kimi  1001 final      etop  both     74  1.000     0.007    5.004      NaN           NaN            NaN      uniform                0.200     0.00
kimi  1001 final   ebottom    in      0  0.000     1.000    0.001      NaN           NaN            NaN         rule               40.000     0.00
kimi  1001 final   ebottom    in     16  0.050     1.000    0.001      NaN           NaN            NaN         rule               40.000     0.00
kimi  1001 final   ebottom    in     29  0.100     1.000    0.001      NaN           NaN            NaN         rule               40.000     0.00
kimi  1001 final   ebottom    in     51  0.200     1.000    0.001      NaN           NaN            NaN         rule               40.000     0.00
kimi  1001 final   ebottom    in     65  0.300     1.000    0.001      NaN           NaN            NaN         rule               40.000     0.00
kimi  1001 final   ebottom    in     69  0.400     0.769    0.723      NaN           NaN            NaN         rule                8.530     0.00
kimi  1001 final   ebottom    in     71  0.500     0.541    1.425      NaN           NaN            NaN         rule                5.485     0.00
kimi  1001 final   ebottom    in     72  0.600     0.138    4.016      NaN           NaN            NaN         rule                0.200     0.00
kimi  1001 final   ebottom    in     73  0.700     0.058    5.940      NaN           NaN            NaN         rule                0.200     0.00
kimi  1001 final   ebottom    in     73  0.800     0.058    5.940      NaN           NaN            NaN         rule                0.200     0.00
kimi  1001 final   ebottom    in     74  0.900     0.006   15.502      NaN           NaN            NaN  gcm_hamming                0.200     0.00
kimi  1001 final   ebottom    in     74  0.950     0.006   15.502      NaN           NaN            NaN  gcm_hamming                0.200     0.00
kimi  1001 final   ebottom    in     74  1.000     0.006   15.502      NaN           NaN            NaN  gcm_hamming                0.200     0.00
kimi  1001 final   ebottom   out      0  0.000     1.000    0.001      NaN           NaN            NaN         rule               40.000     0.00
kimi  1001 final   ebottom   out     15  0.050     1.000    0.001      NaN           NaN            NaN         rule               40.000     0.00
kimi  1001 final   ebottom   out     27  0.100     1.000    0.001      NaN           NaN            NaN         rule               40.000     0.00
kimi  1001 final   ebottom   out     46  0.200     1.000    0.001      NaN           NaN            NaN         rule               40.000     0.00
kimi  1001 final   ebottom   out     58  0.300     1.000    0.001      NaN           NaN            NaN         rule               40.000     0.00
kimi  1001 final   ebottom   out     63  0.400     1.000    0.008      NaN           NaN            NaN         rule               40.000     0.00
kimi  1001 final   ebottom   out     67  0.500     1.000    0.066      NaN           NaN            NaN         rule               40.000     0.00
kimi  1001 final   ebottom   out     69  0.600     1.000    0.429      NaN           NaN            NaN         rule               40.000     0.00
kimi  1001 final   ebottom   out     70  0.700     0.965    1.122      NaN           NaN            NaN         rule               32.076     0.00
kimi  1001 final   ebottom   out     72  0.800     0.235    2.838      NaN           NaN            NaN         rule                2.828     0.00
kimi  1001 final   ebottom   out     73  0.900     0.073    3.835      NaN           NaN            NaN         rule                0.200     0.00
kimi  1001 final   ebottom   out     74  0.950     0.007    5.004      NaN           NaN            NaN      uniform                0.200     0.00
kimi  1001 final   ebottom   out     74  1.000     0.007    5.004      NaN           NaN            NaN      uniform                0.200     0.00
kimi  1001 final   ebottom  both      0  0.000     1.000    0.001      NaN           NaN            NaN         rule               40.000     0.00
kimi  1001 final   ebottom  both     16  0.050     1.000    0.001      NaN           NaN            NaN         rule               40.000     0.00
kimi  1001 final   ebottom  both     29  0.100     1.000    0.000      NaN           NaN            NaN         rule               40.000     0.00
kimi  1001 final   ebottom  both     51  0.200     1.000    0.000      NaN           NaN            NaN         rule               40.000     0.00
kimi  1001 final   ebottom  both     65  0.300     1.000    0.001      NaN           NaN            NaN         rule               40.000     0.00
kimi  1001 final   ebottom  both     69  0.400     0.739    0.776      NaN           NaN            NaN         rule                6.840     0.00
kimi  1001 final   ebottom  both     71  0.500     0.528    1.510      NaN           NaN            NaN         rule                5.485     0.00
kimi  1001 final   ebottom  both     72  0.600     0.136    2.613      NaN           NaN            NaN         rule                0.200     0.00
kimi  1001 final   ebottom  both     73  0.700     0.062    3.731      NaN           NaN            NaN         rule                0.200     0.00
kimi  1001 final   ebottom  both     73  0.800     0.112    3.385      NaN           NaN            NaN         rule                0.200     0.00
kimi  1001 final   ebottom  both     74  0.900     0.007    6.635      NaN           NaN            NaN   gcm_linear                0.200     0.00
kimi  1001 final   ebottom  both     74  0.950     0.007    5.004      NaN           NaN            NaN      uniform                0.200     0.00
kimi  1001 final   ebottom  both     74  1.000     0.007    5.004      NaN           NaN            NaN      uniform                0.200     0.00
kimi  1001 final     erand    in      0  0.000     1.000    0.001      NaN           NaN            NaN         rule               40.000     0.00
kimi  1001 final     erand    in      8  0.050     0.999    0.008      NaN           NaN            NaN         rule               40.000     0.00
kimi  1001 final     erand    in      8  0.100     0.999    0.008      NaN           NaN            NaN         rule               40.000     0.00
kimi  1001 final     erand    in     12  0.200     0.651    0.844      NaN           NaN            NaN         rule                2.828     0.00
kimi  1001 final     erand    in     12  0.300     0.651    0.844      NaN           NaN            NaN         rule                2.828     0.00
kimi  1001 final     erand    in     21  0.400     0.651    0.841      NaN           NaN            NaN         rule                2.828     0.00
kimi  1001 final     erand    in     25  0.500     0.213    2.404      NaN           NaN            NaN         rule                1.170     0.00
kimi  1001 final     erand    in     35  0.600     0.208    2.388      NaN           NaN            NaN         rule                1.170     0.00
kimi  1001 final     erand    in     43  0.700     0.179    2.592      NaN           NaN            NaN         rule                0.200     0.00
kimi  1001 final     erand    in     62  0.800     0.085    3.971      NaN           NaN            NaN         rule                0.200     0.00
kimi  1001 final     erand    in     71  0.900     0.049    4.303      NaN           NaN            NaN         rule                0.200     0.00
kimi  1001 final     erand    in     74  0.950     0.006   15.502      NaN           NaN            NaN  gcm_hamming                0.200     0.00
kimi  1001 final     erand    in     74  1.000     0.006   15.502      NaN           NaN            NaN  gcm_hamming                0.200     0.00
kimi  1001 final     erand    in      0  0.000     1.000    0.001      NaN           NaN            NaN         rule               40.000     0.00
kimi  1001 final     erand    in      6  0.050     1.000    0.003      NaN           NaN            NaN         rule               40.000     0.00
kimi  1001 final     erand    in     10  0.100     0.999    0.004      NaN           NaN            NaN         rule               40.000     0.00
kimi  1001 final     erand    in     13  0.200     0.996    0.021      NaN           NaN            NaN         rule               40.000     0.00
kimi  1001 final     erand    in     24  0.300     0.930    0.258      NaN           NaN            NaN         rule               20.627     0.00
kimi  1001 final     erand    in     24  0.400     0.930    0.258      NaN           NaN            NaN         rule               20.627     0.00
kimi  1001 final     erand    in     36  0.500     0.542    2.203      NaN           NaN            NaN         rule                8.530     0.00
kimi  1001 final     erand    in     57  0.600     0.064    4.821      NaN           NaN            NaN         rule                0.200     0.00
kimi  1001 final     erand    in     57  0.700     0.064    4.821      NaN           NaN            NaN         rule                0.200     0.00
kimi  1001 final     erand    in     59  0.800     0.062    4.929      NaN           NaN            NaN         rule                0.200     0.00
kimi  1001 final     erand    in     73  0.900     0.005   14.965      NaN           NaN            NaN  gcm_hamming                0.200     0.00
kimi  1001 final     erand    in     73  0.950     0.005   14.965      NaN           NaN            NaN  gcm_hamming                0.200     0.00
kimi  1001 final     erand    in     74  1.000     0.006   15.502      NaN           NaN            NaN  gcm_hamming                0.200     0.00
kimi  1001 final     erand    in      0  0.000     1.000    0.001      NaN           NaN            NaN         rule               40.000     0.00
kimi  1001 final     erand    in      1  0.050     1.000    0.002      NaN           NaN            NaN         rule               40.000     0.00
kimi  1001 final     erand    in     11  0.100     0.999    0.007      NaN           NaN            NaN         rule               40.000     0.00
kimi  1001 final     erand    in     18  0.200     0.991    0.034      NaN           NaN            NaN         rule               40.000     0.00
kimi  1001 final     erand    in     30  0.300     0.928    0.225      NaN           NaN            NaN         rule               32.076     0.00
kimi  1001 final     erand    in     36  0.400     0.894    0.342      NaN           NaN            NaN         rule               25.722     0.00
kimi  1001 final     erand    in     51  0.500     0.788    0.635      NaN           NaN            NaN         rule               13.264     0.00
kimi  1001 final     erand    in     53  0.600     0.238    2.552      NaN           NaN            NaN         rule                0.200     0.00
kimi  1001 final     erand    in     54  0.700     0.236    2.559      NaN           NaN            NaN         rule                0.200     0.00
kimi  1001 final     erand    in     59  0.800     0.059    4.407      NaN           NaN            NaN         rule                0.200     0.00
kimi  1001 final     erand    in     69  0.900     0.006   14.666      NaN           NaN            NaN      uniform                0.311     0.00
kimi  1001 final     erand    in     69  0.950     0.006   14.666      NaN           NaN            NaN      uniform                0.311     0.00
kimi  1001 final     erand    in     74  1.000     0.006   15.502      NaN           NaN            NaN  gcm_hamming                0.200     0.00
kimi  1001 final     erand   out      0  0.000     1.000    0.001      NaN           NaN            NaN         rule               40.000     0.00
kimi  1001 final     erand   out      7  0.050     1.000    0.001      NaN           NaN            NaN         rule               40.000     0.00
kimi  1001 final     erand   out      8  0.100     1.000    0.002      NaN           NaN            NaN         rule               40.000     0.00
kimi  1001 final     erand   out     12  0.200     1.000    0.006      NaN           NaN            NaN         rule               40.000     0.00
kimi  1001 final     erand   out     25  0.300     0.999    0.053      NaN           NaN            NaN         rule               40.000     0.00
kimi  1001 final     erand   out     27  0.400     0.999    0.062      NaN           NaN            NaN         rule               40.000     0.00
kimi  1001 final     erand   out     37  0.500     0.997    0.204      NaN           NaN            NaN         rule               40.000     0.00
kimi  1001 final     erand   out     48  0.600     0.994    0.596      NaN           NaN            NaN         rule               40.000     0.00
kimi  1001 final     erand   out     57  0.700     0.970    1.066      NaN           NaN            NaN         rule               32.076     0.00
kimi  1001 final     erand   out     62  0.800     0.909    1.893      NaN           NaN            NaN         rule               13.264     0.00
kimi  1001 final     erand   out     73  0.900     0.057    4.065      NaN           NaN            NaN         rule                0.200     0.00
kimi  1001 final     erand   out     74  0.950     0.007    5.004      NaN           NaN            NaN      uniform                0.200     0.00
kimi  1001 final     erand   out     74  1.000     0.007    5.004      NaN           NaN            NaN      uniform                0.200     0.00
kimi  1001 final     erand   out      0  0.000     1.000    0.001      NaN           NaN            NaN         rule               40.000     0.00
kimi  1001 final     erand   out      6  0.050     1.000    0.003      NaN           NaN            NaN         rule               40.000     0.00
kimi  1001 final     erand   out      7  0.100     1.000    0.003      NaN           NaN            NaN         rule               40.000     0.00
kimi  1001 final     erand   out     11  0.200     0.999    0.013      NaN           NaN            NaN         rule               40.000     0.00
kimi  1001 final     erand   out     18  0.300     1.000    0.049      NaN           NaN            NaN         rule               40.000     0.00
kimi  1001 final     erand   out     24  0.400     0.997    0.161      NaN           NaN            NaN         rule               40.000     0.00
kimi  1001 final     erand   out     29  0.500     0.987    0.466      NaN           NaN            NaN         rule               40.000     0.00
kimi  1001 final     erand   out     35  0.600     0.855    1.156      NaN           NaN            NaN         rule               20.627     0.00
kimi  1001 final     erand   out     54  0.700     0.650    1.586      NaN           NaN            NaN         rule               13.264     0.00
kimi  1001 final     erand   out     59  0.800     0.611    2.420      NaN           NaN            NaN         rule               10.637     0.00
kimi  1001 final     erand   out     69  0.900     0.247    3.481      NaN           NaN            NaN         rule                5.485     0.00
kimi  1001 final     erand   out     73  0.950     0.006    5.006      NaN           NaN            NaN      uniform                0.311     0.00
kimi  1001 final     erand   out     74  1.000     0.007    5.004      NaN           NaN            NaN      uniform                0.200     0.00
kimi  1001 final     erand   out      0  0.000     1.000    0.001      NaN           NaN            NaN         rule               40.000     0.00
kimi  1001 final     erand   out      1  0.050     1.000    0.002      NaN           NaN            NaN         rule               40.000     0.00
kimi  1001 final     erand   out      4  0.100     1.000    0.003      NaN           NaN            NaN         rule               40.000     0.00
kimi  1001 final     erand   out     11  0.200     1.000    0.007      NaN           NaN            NaN         rule               40.000     0.00
kimi  1001 final     erand   out     20  0.300     0.999    0.030      NaN           NaN            NaN         rule               40.000     0.00
kimi  1001 final     erand   out     30  0.400     0.999    0.061      NaN           NaN            NaN         rule               40.000     0.00
kimi  1001 final     erand   out     42  0.500     0.997    0.149      NaN           NaN            NaN         rule               40.000     0.00
kimi  1001 final     erand   out     53  0.600     0.994    0.736      NaN           NaN            NaN         rule               40.000     0.00
kimi  1001 final     erand   out     55  0.700     0.836    1.425      NaN           NaN            NaN         rule                8.530     0.00
kimi  1001 final     erand   out     59  0.800     0.595    2.296      NaN           NaN            NaN         rule                4.398     0.00
kimi  1001 final     erand   out     68  0.900     0.174    3.731      NaN           NaN            NaN         rule                1.170     0.00
kimi  1001 final     erand   out     69  0.950     0.025    4.809      NaN           NaN            NaN         rule                0.200     0.00
kimi  1001 final     erand   out     74  1.000     0.007    5.004      NaN           NaN            NaN      uniform                0.200     0.00
kimi  1001 final     erand  both      0  0.000     1.000    0.001      NaN           NaN            NaN         rule               40.000     0.00
kimi  1001 final     erand  both      8  0.050     0.999    0.012      NaN           NaN            NaN         rule               40.000     0.00
kimi  1001 final     erand  both      8  0.100     0.995    0.052      NaN           NaN            NaN         rule               40.000     0.00
kimi  1001 final     erand  both     12  0.200     0.617    0.986      NaN           NaN            NaN         rule                2.828     0.00
kimi  1001 final     erand  both     12  0.300     0.539    1.355      NaN           NaN            NaN         rule                1.819     0.00
kimi  1001 final     erand  both     21  0.400     0.455    1.696      NaN           NaN            NaN         rule                1.819     0.00
kimi  1001 final     erand  both     25  0.500     0.205    2.126      NaN           NaN            NaN         rule                1.170     0.00
kimi  1001 final     erand  both     35  0.600     0.162    2.890      NaN           NaN            NaN         rule                0.200     0.00
kimi  1001 final     erand  both     43  0.700     0.080    4.145      NaN           NaN            NaN         rule                0.200     0.00
kimi  1001 final     erand  both     62  0.800     0.019    4.933      NaN           NaN            NaN         rule                0.388     0.00
kimi  1001 final     erand  both     71  0.900     0.006    5.023      NaN           NaN            NaN   gcm_linear                0.200     0.00
kimi  1001 final     erand  both     74  0.950     0.007    5.379      NaN           NaN            NaN   gcm_linear                0.200     0.00
kimi  1001 final     erand  both     74  1.000     0.007    5.004      NaN           NaN            NaN      uniform                0.200     0.00
kimi  1001 final     erand  both      0  0.000     1.000    0.001      NaN           NaN            NaN         rule               40.000     0.00
kimi  1001 final     erand  both      6  0.050     0.999    0.007      NaN           NaN            NaN         rule               40.000     0.00
kimi  1001 final     erand  both     10  0.100     0.999    0.007      NaN           NaN            NaN         rule               40.000     0.00
kimi  1001 final     erand  both     13  0.200     0.995    0.027      NaN           NaN            NaN         rule               40.000     0.00
kimi  1001 final     erand  both     24  0.300     0.920    0.414      NaN           NaN            NaN         rule               20.627     0.00
kimi  1001 final     erand  both     24  0.400     0.870    0.732      NaN           NaN            NaN         rule               13.264     0.00
kimi  1001 final     erand  both     36  0.500     0.402    2.666      NaN           NaN            NaN         rule                4.398     0.00
kimi  1001 final     erand  both     57  0.600     0.019    5.661      NaN           NaN            NaN         rule                0.200     0.00
kimi  1001 final     erand  both     57  0.700     0.021    5.607      NaN           NaN            NaN         rule                0.249     0.00
kimi  1001 final     erand  both     59  0.800     0.026    5.582      NaN           NaN            NaN         rule                0.200     0.00
kimi  1001 final     erand  both     73  0.900     0.006    5.391      NaN           NaN            NaN      uniform                0.200     0.00
kimi  1001 final     erand  both     73  0.950     0.006    5.040      NaN           NaN            NaN  gcm_hamming                0.200     0.00
kimi  1001 final     erand  both     74  1.000     0.007    5.004      NaN           NaN            NaN      uniform                0.200     0.00
kimi  1001 final     erand  both      0  0.000     1.000    0.001      NaN           NaN            NaN         rule               40.000     0.00
kimi  1001 final     erand  both      1  0.050     1.000    0.003      NaN           NaN            NaN         rule               40.000     0.00
kimi  1001 final     erand  both     11  0.100     0.999    0.011      NaN           NaN            NaN         rule               40.000     0.00
kimi  1001 final     erand  both     18  0.200     0.976    0.102      NaN           NaN            NaN         rule               40.000     0.00
kimi  1001 final     erand  both     30  0.300     0.884    0.441      NaN           NaN            NaN         rule               20.627     0.00
kimi  1001 final     erand  both     36  0.400     0.771    0.960      NaN           NaN            NaN         rule               16.541     0.00
kimi  1001 final     erand  both     51  0.500     0.657    1.286      NaN           NaN            NaN         rule               10.637     0.00
kimi  1001 final     erand  both     53  0.600     0.215    2.721      NaN           NaN            NaN         rule                0.200     0.00
kimi  1001 final     erand  both     54  0.700     0.129    4.023      NaN           NaN            NaN         rule                0.200     0.00
kimi  1001 final     erand  both     59  0.800     0.024    5.242      NaN           NaN            NaN         rule                0.200     0.00
kimi  1001 final     erand  both     69  0.900     0.006    5.639      NaN           NaN            NaN gcm_circular                0.249     0.00
kimi  1001 final     erand  both     69  0.950     0.007    5.428      NaN           NaN            NaN      uniform                0.200     0.00
kimi  1001 final     erand  both     74  1.000     0.007    5.004      NaN           NaN            NaN      uniform                0.200     0.00
kimi  1001 final      topk    in     46  0.000     1.000    0.001      NaN           NaN            NaN         rule               40.000     0.00
kimi  1001 final      topk    in     46  0.250     1.000    0.001      NaN           NaN            NaN         rule               40.000     0.00
kimi  1001 final      topk    in     46  0.500     1.000    0.002      NaN           NaN            NaN         rule               40.000     0.00
kimi  1001 final      topk    in     46  0.750     0.996    0.019      NaN           NaN            NaN         rule               40.000     0.00
kimi  1001 final      topk    in     46  1.000     0.021   12.532      NaN           NaN            NaN         rule                0.200     0.00
kimi  1001 final      topk   out     48  0.000     1.000    0.001      NaN           NaN            NaN         rule               40.000     0.00
kimi  1001 final      topk   out     48  0.250     1.000    0.004      NaN           NaN            NaN         rule               40.000     0.00
kimi  1001 final      topk   out     48  0.500     1.000    0.043      NaN           NaN            NaN         rule               40.000     0.00
kimi  1001 final      topk   out     48  0.750     0.998    0.869      NaN           NaN            NaN         rule               40.000     0.00
kimi  1001 final      topk   out     48  1.000     0.017    4.993      NaN           NaN            NaN         rule                0.603     0.00
kimi  1001 final      topk  both     46  0.000     1.000    0.001      NaN           NaN            NaN         rule               40.000     0.00
kimi  1001 final      topk  both     46  0.250     1.000    0.004      NaN           NaN            NaN         rule               40.000     0.00
kimi  1001 final      topk  both     46  0.500     0.999    0.053      NaN           NaN            NaN         rule               40.000     0.00
kimi  1001 final      topk  both     46  0.750     0.979    1.076      NaN           NaN            NaN         rule               40.000     0.00
kimi  1001 final      topk  both     46  1.000     0.005    5.124      NaN           NaN            NaN      uniform                0.249     0.00
kimi  1001 final     randk    in     28  0.000     1.000    0.001      NaN           NaN            NaN         rule               40.000     0.00
kimi  1001 final     randk    in     28  0.250     1.000    0.001      NaN           NaN            NaN         rule               40.000     0.00
kimi  1001 final     randk    in     28  0.500     1.000    0.001      NaN           NaN            NaN         rule               40.000     0.00
kimi  1001 final     randk    in     28  0.750     1.000    0.001      NaN           NaN            NaN         rule               40.000     0.00
kimi  1001 final     randk    in     28  1.000     1.000    0.001      NaN           NaN            NaN         rule               40.000     0.00
kimi  1001 final     randk    in     28  0.000     1.000    0.001      NaN           NaN            NaN         rule               40.000     0.00
kimi  1001 final     randk    in     28  0.250     1.000    0.001      NaN           NaN            NaN         rule               40.000     0.00
kimi  1001 final     randk    in     28  0.500     1.000    0.001      NaN           NaN            NaN         rule               40.000     0.00
kimi  1001 final     randk    in     28  0.750     1.000    0.001      NaN           NaN            NaN         rule               40.000     0.00
kimi  1001 final     randk    in     28  1.000     1.000    0.001      NaN           NaN            NaN         rule               40.000     0.00
kimi  1001 final     randk    in     28  0.000     1.000    0.001      NaN           NaN            NaN         rule               40.000     0.00
kimi  1001 final     randk    in     28  0.250     1.000    0.001      NaN           NaN            NaN         rule               40.000     0.00
kimi  1001 final     randk    in     28  0.500     1.000    0.001      NaN           NaN            NaN         rule               40.000     0.00
kimi  1001 final     randk    in     28  0.750     1.000    0.001      NaN           NaN            NaN         rule               40.000     0.00
kimi  1001 final     randk    in     28  1.000     1.000    0.001      NaN           NaN            NaN         rule               40.000     0.00
kimi  1001 final     randk   out     26  0.000     1.000    0.001      NaN           NaN            NaN         rule               40.000     0.00
kimi  1001 final     randk   out     26  0.250     1.000    0.001      NaN           NaN            NaN         rule               40.000     0.00
kimi  1001 final     randk   out     26  0.500     1.000    0.001      NaN           NaN            NaN         rule               40.000     0.00
kimi  1001 final     randk   out     26  0.750     1.000    0.001      NaN           NaN            NaN         rule               40.000     0.00
kimi  1001 final     randk   out     26  1.000     1.000    0.001      NaN           NaN            NaN         rule               40.000     0.00
kimi  1001 final     randk   out     26  0.000     1.000    0.001      NaN           NaN            NaN         rule               40.000     0.00
kimi  1001 final     randk   out     26  0.250     1.000    0.001      NaN           NaN            NaN         rule               40.000     0.00
kimi  1001 final     randk   out     26  0.500     1.000    0.001      NaN           NaN            NaN         rule               40.000     0.00
kimi  1001 final     randk   out     26  0.750     1.000    0.001      NaN           NaN            NaN         rule               40.000     0.00
kimi  1001 final     randk   out     26  1.000     1.000    0.001      NaN           NaN            NaN         rule               40.000     0.00
kimi  1001 final     randk   out     26  0.000     1.000    0.001      NaN           NaN            NaN         rule               40.000     0.00
kimi  1001 final     randk   out     26  0.250     1.000    0.001      NaN           NaN            NaN         rule               40.000     0.00
kimi  1001 final     randk   out     26  0.500     1.000    0.001      NaN           NaN            NaN         rule               40.000     0.00
kimi  1001 final     randk   out     26  0.750     1.000    0.001      NaN           NaN            NaN         rule               40.000     0.00
kimi  1001 final     randk   out     26  1.000     1.000    0.001      NaN           NaN            NaN         rule               40.000     0.00
kimi  1001 final     randk  both     28  0.000     1.000    0.001      NaN           NaN            NaN         rule               40.000     0.00
kimi  1001 final     randk  both     28  0.250     1.000    0.001      NaN           NaN            NaN         rule               40.000     0.00
kimi  1001 final     randk  both     28  0.500     1.000    0.001      NaN           NaN            NaN         rule               40.000     0.00
kimi  1001 final     randk  both     28  0.750     1.000    0.000      NaN           NaN            NaN         rule               40.000     0.00
kimi  1001 final     randk  both     28  1.000     1.000    0.000      NaN           NaN            NaN         rule               40.000     0.00
kimi  1001 final     randk  both     28  0.000     1.000    0.001      NaN           NaN            NaN         rule               40.000     0.00
kimi  1001 final     randk  both     28  0.250     1.000    0.001      NaN           NaN            NaN         rule               40.000     0.00
kimi  1001 final     randk  both     28  0.500     1.000    0.001      NaN           NaN            NaN         rule               40.000     0.00
kimi  1001 final     randk  both     28  0.750     1.000    0.000      NaN           NaN            NaN         rule               40.000     0.00
kimi  1001 final     randk  both     28  1.000     1.000    0.000      NaN           NaN            NaN         rule               40.000     0.00
kimi  1001 final     randk  both     28  0.000     1.000    0.001      NaN           NaN            NaN         rule               40.000     0.00
kimi  1001 final     randk  both     28  0.250     1.000    0.001      NaN           NaN            NaN         rule               40.000     0.00
kimi  1001 final     randk  both     28  0.500     1.000    0.001      NaN           NaN            NaN         rule               40.000     0.00
kimi  1001 final     randk  both     28  0.750     1.000    0.000      NaN           NaN            NaN         rule               40.000     0.00
kimi  1001 final     randk  both     28  1.000     1.000    0.000      NaN           NaN            NaN         rule               40.000     0.00
kimi  1001 final  residual    in     28  0.000     1.000    0.001      NaN           NaN            NaN         rule               40.000     0.00
kimi  1001 final  residual    in     28  0.250     1.000    0.001      NaN           NaN            NaN         rule               40.000     0.00
kimi  1001 final  residual    in     28  0.500     1.000    0.001      NaN           NaN            NaN         rule               40.000     0.00
kimi  1001 final  residual    in     28  0.750     1.000    0.001      NaN           NaN            NaN         rule               40.000     0.00
kimi  1001 final  residual    in     28  1.000     1.000    0.001      NaN           NaN            NaN         rule               40.000     0.00
kimi  1001 final  residual   out     26  0.000     1.000    0.001      NaN           NaN            NaN         rule               40.000     0.00
kimi  1001 final  residual   out     26  0.250     1.000    0.001      NaN           NaN            NaN         rule               40.000     0.00
kimi  1001 final  residual   out     26  0.500     1.000    0.001      NaN           NaN            NaN         rule               40.000     0.00
kimi  1001 final  residual   out     26  0.750     1.000    0.001      NaN           NaN            NaN         rule               40.000     0.00
kimi  1001 final  residual   out     26  1.000     1.000    0.001      NaN           NaN            NaN         rule               40.000     0.00
kimi  1001 final  residual  both     28  0.000     1.000    0.001      NaN           NaN            NaN         rule               40.000     0.00
kimi  1001 final  residual  both     28  0.250     1.000    0.001      NaN           NaN            NaN         rule               40.000     0.00
kimi  1001 final  residual  both     28  0.500     1.000    0.001      NaN           NaN            NaN         rule               40.000     0.00
kimi  1001 final  residual  both     28  0.750     1.000    0.000      NaN           NaN            NaN         rule               40.000     0.00
kimi  1001 final  residual  both     28  1.000     1.000    0.000      NaN           NaN            NaN         rule               40.000     0.00
kimi  1002 final      none     -      0  0.000     1.000    0.001      NaN           NaN            NaN         rule               40.000     0.00
kimi  1002 final   lowpass    in      0  0.000     0.007   14.826      NaN           NaN            NaN      uniform                0.200     0.00
kimi  1002 final   lowpass    in      1  1.000     0.007   15.517      NaN           NaN            NaN      uniform                0.200     0.00
kimi  1002 final   lowpass    in      2  2.000     0.005   15.291      NaN           NaN            NaN      uniform                0.311     0.00
kimi  1002 final   lowpass    in      3  3.000     0.006   15.237      NaN           NaN            NaN      uniform                1.170     0.00
kimi  1002 final   lowpass    in      4  4.000     0.008   15.476      NaN           NaN            NaN      uniform                0.200     0.00
kimi  1002 final   lowpass    in      6  6.000     0.011   14.974      NaN           NaN            NaN         rule                0.388     0.00
kimi  1002 final   lowpass    in      8  8.000     0.007   15.002      NaN           NaN            NaN      uniform                0.200     0.00
kimi  1002 final   lowpass    in     12 12.000     0.010   14.722      NaN           NaN            NaN         rule                0.200     0.00
kimi  1002 final   lowpass    in     16 16.000     0.028   12.218      NaN           NaN            NaN         rule                0.200     0.00
kimi  1002 final   lowpass    in     24 24.000     0.097    4.521      NaN           NaN            NaN         rule                0.200     0.00
kimi  1002 final   lowpass    in     32 32.000     0.126    3.950      NaN           NaN            NaN         rule                0.200     0.00
kimi  1002 final   lowpass    in     48 48.000     0.192    3.327      NaN           NaN            NaN         rule                1.170     0.00
kimi  1002 final   lowpass    in     74 74.000     1.000    0.001      NaN           NaN            NaN         rule               40.000     0.00
kimi  1002 final   lowpass   out      0  0.000     0.007    5.004      NaN           NaN            NaN      uniform                0.200     0.00
kimi  1002 final   lowpass   out      1  1.000     0.005    5.006      NaN           NaN            NaN      uniform                0.388     0.00
kimi  1002 final   lowpass   out      2  2.000     0.007    5.007      NaN           NaN            NaN      uniform                0.603     0.00
kimi  1002 final   lowpass   out      3  3.000     0.008    5.012      NaN           NaN            NaN      uniform                0.603     0.00
kimi  1002 final   lowpass   out      4  4.000     0.023    4.803      NaN           NaN            NaN         rule                0.200     0.00
kimi  1002 final   lowpass   out      6  6.000     0.069    4.556      NaN           NaN            NaN gcm_circular                3.527     0.00
kimi  1002 final   lowpass   out      8  8.000     0.194    4.116      NaN           NaN            NaN         rule                4.398     0.00
kimi  1002 final   lowpass   out     12 12.000     0.264    3.878      NaN           NaN            NaN         rule                5.485     0.00
kimi  1002 final   lowpass   out     16 16.000     0.276    3.783      NaN           NaN            NaN         rule                5.485     0.00
kimi  1002 final   lowpass   out     24 24.000     0.807    2.282      NaN           NaN            NaN         rule               13.264     0.00
kimi  1002 final   lowpass   out     32 32.000     0.936    1.378      NaN           NaN            NaN         rule               20.627     0.00
kimi  1002 final   lowpass   out     48 48.000     0.991    0.430      NaN           NaN            NaN         rule               40.000     0.00
kimi  1002 final   lowpass   out     74 74.000     1.000    0.001      NaN           NaN            NaN         rule               40.000     0.00
kimi  1002 final   lowpass  both      0  0.000     0.007    5.004      NaN           NaN            NaN      uniform                0.200     0.00
kimi  1002 final   lowpass  both      1  1.000     0.005    5.010      NaN           NaN            NaN      uniform                0.200     0.00
kimi  1002 final   lowpass  both      2  2.000     0.007    5.025      NaN           NaN            NaN      uniform                0.200     0.00
kimi  1002 final   lowpass  both      3  3.000     0.011    5.010      NaN           NaN            NaN         rule                0.200     0.00
kimi  1002 final   lowpass  both      4  4.000     0.007    5.014      NaN           NaN            NaN      uniform                0.200     0.00
kimi  1002 final   lowpass  both      6  6.000     0.009    4.977      NaN           NaN            NaN      uniform                0.200     0.00
kimi  1002 final   lowpass  both      8  8.000     0.008    5.084      NaN           NaN            NaN      uniform                0.200     0.00
kimi  1002 final   lowpass  both     12 12.000     0.010    5.066      NaN           NaN            NaN         rule                0.200     0.00
kimi  1002 final   lowpass  both     16 16.000     0.016    4.892      NaN           NaN            NaN         rule                0.603     0.00
kimi  1002 final   lowpass  both     24 24.000     0.083    3.669      NaN           NaN            NaN         rule                0.200     0.00
kimi  1002 final   lowpass  both     32 32.000     0.137    2.865      NaN           NaN            NaN         rule                0.200     0.00
kimi  1002 final   lowpass  both     48 48.000     0.179    2.671      NaN           NaN            NaN         rule                1.170     0.00
kimi  1002 final   lowpass  both     74 74.000     1.000    0.001      NaN           NaN            NaN         rule               40.000     0.00
kimi  1002 final      etop    in      0  0.000     1.000    0.001      NaN           NaN            NaN         rule               40.000     0.00
kimi  1002 final      etop    in      1  0.050     0.978    0.089      NaN           NaN            NaN         rule               40.000     0.00
kimi  1002 final      etop    in      1  0.100     0.978    0.089      NaN           NaN            NaN         rule               40.000     0.00
kimi  1002 final      etop    in      2  0.200     0.756    0.716      NaN           NaN            NaN         rule                8.530     0.00
kimi  1002 final      etop    in      2  0.300     0.756    0.716      NaN           NaN            NaN         rule                8.530     0.00
kimi  1002 final      etop    in      3  0.400     0.322    2.574      NaN           NaN            NaN         rule                2.828     0.00
kimi  1002 final      etop    in      4  0.500     0.236    4.548      NaN           NaN            NaN         rule                2.268     0.00
kimi  1002 final      etop    in      6  0.600     0.233    4.664      NaN           NaN            NaN         rule                2.268     0.00
kimi  1002 final      etop    in     15  0.700     0.182    5.516      NaN           NaN            NaN         rule                1.819     0.00
kimi  1002 final      etop    in     30  0.800     0.093    8.212      NaN           NaN            NaN         rule                0.938     0.00
kimi  1002 final      etop    in     49  0.900     0.030   12.124      NaN           NaN            NaN         rule                0.200     0.00
kimi  1002 final      etop    in     61  0.950     0.009   15.106      NaN           NaN            NaN      uniform                0.311     0.00
kimi  1002 final      etop    in     74  1.000     0.007   14.826      NaN           NaN            NaN      uniform                0.200     0.00
kimi  1002 final      etop   out      0  0.000     1.000    0.001      NaN           NaN            NaN         rule               40.000     0.00
kimi  1002 final      etop   out      1  0.050     0.996    0.034      NaN           NaN            NaN         rule               40.000     0.00
kimi  1002 final      etop   out      1  0.100     0.996    0.034      NaN           NaN            NaN         rule               40.000     0.00
kimi  1002 final      etop   out      2  0.200     0.995    0.067      NaN           NaN            NaN         rule               40.000     0.00
kimi  1002 final      etop   out      3  0.300     0.994    0.106      NaN           NaN            NaN         rule               40.000     0.00
kimi  1002 final      etop   out      4  0.400     0.991    0.265      NaN           NaN            NaN         rule               40.000     0.00
kimi  1002 final      etop   out      5  0.500     0.930    0.724      NaN           NaN            NaN         rule               20.627     0.00
kimi  1002 final      etop   out      9  0.600     0.812    1.913      NaN           NaN            NaN         rule               10.637     0.00
kimi  1002 final      etop   out     16  0.700     0.339    3.580      NaN           NaN            NaN         rule                2.828     0.00
kimi  1002 final      etop   out     27  0.800     0.060    4.548      NaN           NaN            NaN         rule                0.484     0.00
kimi  1002 final      etop   out     47  0.900     0.018    4.911      NaN           NaN            NaN         rule                0.200     0.00
kimi  1002 final      etop   out     60  0.950     0.021    4.924      NaN           NaN            NaN         rule                0.200     0.00
kimi  1002 final      etop   out     74  1.000     0.007    5.004      NaN           NaN            NaN      uniform                0.200     0.00
kimi  1002 final      etop  both      0  0.000     1.000    0.001      NaN           NaN            NaN         rule               40.000     0.00
kimi  1002 final      etop  both      1  0.050     0.914    0.357      NaN           NaN            NaN         rule               13.264     0.00
kimi  1002 final      etop  both      1  0.100     0.914    0.357      NaN           NaN            NaN         rule               13.264     0.00
kimi  1002 final      etop  both      2  0.200     0.634    1.106      NaN           NaN            NaN         rule                6.840     0.00
kimi  1002 final      etop  both      2  0.300     0.626    1.111      NaN           NaN            NaN         rule                6.840     0.00
kimi  1002 final      etop  both      3  0.400     0.298    2.549      NaN           NaN            NaN         rule                2.828     0.00
kimi  1002 final      etop  both      4  0.500     0.132    4.166      NaN           NaN            NaN         rule                2.268     0.00
kimi  1002 final      etop  both      6  0.600     0.096    3.949      NaN           NaN            NaN         rule                1.459     0.00
kimi  1002 final      etop  both     15  0.700     0.012    5.268      NaN           NaN            NaN         rule                0.200     0.00
kimi  1002 final      etop  both     30  0.800     0.008    5.207      NaN           NaN            NaN      uniform                0.249     0.00
kimi  1002 final      etop  both     49  0.900     0.007    5.110      NaN           NaN            NaN      uniform                0.200     0.00
kimi  1002 final      etop  both     61  0.950     0.007    5.061      NaN           NaN            NaN      uniform                0.603     0.00
kimi  1002 final      etop  both     74  1.000     0.007    5.004      NaN           NaN            NaN      uniform                0.200     0.00
kimi  1002 final   ebottom    in      0  0.000     1.000    0.001      NaN           NaN            NaN         rule               40.000     0.00
kimi  1002 final   ebottom    in     14  0.050     1.000    0.001      NaN           NaN            NaN         rule               40.000     0.00
kimi  1002 final   ebottom    in     26  0.100     1.000    0.001      NaN           NaN            NaN         rule               40.000     0.00
kimi  1002 final   ebottom    in     45  0.200     1.000    0.001      NaN           NaN            NaN         rule               40.000     0.00
kimi  1002 final   ebottom    in     60  0.300     1.000    0.003      NaN           NaN            NaN         rule               40.000     0.00
kimi  1002 final   ebottom    in     69  0.400     0.951    0.153      NaN           NaN            NaN         rule               25.722     0.00
kimi  1002 final   ebottom    in     71  0.500     0.540    1.497      NaN           NaN            NaN         rule                5.485     0.00
kimi  1002 final   ebottom    in     72  0.600     0.242    3.071      NaN           NaN            NaN         rule                2.268     0.00
kimi  1002 final   ebottom    in     73  0.700     0.058    4.629      NaN           NaN            NaN         rule                0.200     0.00
kimi  1002 final   ebottom    in     73  0.800     0.058    4.629      NaN           NaN            NaN         rule                0.200     0.00
kimi  1002 final   ebottom    in     74  0.900     0.007   14.826      NaN           NaN            NaN      uniform                0.200     0.00
kimi  1002 final   ebottom    in     74  0.950     0.007   14.826      NaN           NaN            NaN      uniform                0.200     0.00
kimi  1002 final   ebottom    in     74  1.000     0.007   14.826      NaN           NaN            NaN      uniform                0.200     0.00
kimi  1002 final   ebottom   out      0  0.000     1.000    0.001      NaN           NaN            NaN         rule               40.000     0.00
kimi  1002 final   ebottom   out     15  0.050     1.000    0.001      NaN           NaN            NaN         rule               40.000     0.00
kimi  1002 final   ebottom   out     28  0.100     1.000    0.001      NaN           NaN            NaN         rule               40.000     0.00
kimi  1002 final   ebottom   out     48  0.200     1.000    0.001      NaN           NaN            NaN         rule               40.000     0.00
kimi  1002 final   ebottom   out     59  0.300     1.000    0.002      NaN           NaN            NaN         rule               40.000     0.00
kimi  1002 final   ebottom   out     66  0.400     1.000    0.005      NaN           NaN            NaN         rule               40.000     0.00
kimi  1002 final   ebottom   out     70  0.500     0.990    0.358      NaN           NaN            NaN         rule               40.000     0.00
kimi  1002 final   ebottom   out     71  0.600     0.945    0.959      NaN           NaN            NaN         rule               20.627     0.00
kimi  1002 final   ebottom   out     72  0.700     0.571    2.159      NaN           NaN            NaN         rule                5.485     0.00
kimi  1002 final   ebottom   out     73  0.800     0.084    3.449      NaN           NaN            NaN         rule                0.200     0.00
kimi  1002 final   ebottom   out     74  0.900     0.007    5.004      NaN           NaN            NaN      uniform                0.200     0.00
kimi  1002 final   ebottom   out     74  0.950     0.007    5.004      NaN           NaN            NaN      uniform                0.200     0.00
kimi  1002 final   ebottom   out     74  1.000     0.007    5.004      NaN           NaN            NaN      uniform                0.200     0.00
kimi  1002 final   ebottom  both      0  0.000     1.000    0.001      NaN           NaN            NaN         rule               40.000     0.00
kimi  1002 final   ebottom  both     14  0.050     1.000    0.001      NaN           NaN            NaN         rule               40.000     0.00
kimi  1002 final   ebottom  both     26  0.100     1.000    0.001      NaN           NaN            NaN         rule               40.000     0.00
kimi  1002 final   ebottom  both     45  0.200     1.000    0.001      NaN           NaN            NaN         rule               40.000     0.00
kimi  1002 final   ebottom  both     60  0.300     1.000    0.004      NaN           NaN            NaN         rule               40.000     0.00
kimi  1002 final   ebottom  both     69  0.400     0.962    0.132      NaN           NaN            NaN         rule               25.722     0.00
kimi  1002 final   ebottom  both     71  0.500     0.888    0.767      NaN           NaN            NaN         rule               13.264     0.00
kimi  1002 final   ebottom  both     72  0.600     0.319    1.889      NaN           NaN            NaN         rule                2.268     0.00
kimi  1002 final   ebottom  both     73  0.700     0.005    5.283      NaN           NaN            NaN      uniform                0.249     0.00
kimi  1002 final   ebottom  both     73  0.800     0.007    5.170      NaN           NaN            NaN  gcm_hamming                0.484     0.00
kimi  1002 final   ebottom  both     74  0.900     0.007    5.004      NaN           NaN            NaN      uniform                0.200     0.00
kimi  1002 final   ebottom  both     74  0.950     0.007    5.004      NaN           NaN            NaN      uniform                0.200     0.00
kimi  1002 final   ebottom  both     74  1.000     0.007    5.004      NaN           NaN            NaN      uniform                0.200     0.00
kimi  1002 final     erand    in      0  0.000     1.000    0.001      NaN           NaN            NaN         rule               40.000     0.00
kimi  1002 final     erand    in     10  0.050     1.000    0.001      NaN           NaN            NaN         rule               40.000     0.00
kimi  1002 final     erand    in     19  0.100     1.000    0.002      NaN           NaN            NaN         rule               40.000     0.00
kimi  1002 final     erand    in     31  0.200     1.000    0.003      NaN           NaN            NaN         rule               40.000     0.00
kimi  1002 final     erand    in     44  0.300     0.887    0.303      NaN           NaN            NaN         rule               20.627     0.00
kimi  1002 final     erand    in     44  0.400     0.887    0.303      NaN           NaN            NaN         rule               20.627     0.00
kimi  1002 final     erand    in     48  0.500     0.663    0.937      NaN           NaN            NaN         rule                6.840     0.00
kimi  1002 final     erand    in     53  0.600     0.579    1.271      NaN           NaN            NaN         rule                5.485     0.00
kimi  1002 final     erand    in     58  0.700     0.123    4.015      NaN           NaN            NaN         rule                0.603     0.00
kimi  1002 final     erand    in     58  0.800     0.123    4.015      NaN           NaN            NaN         rule                0.603     0.00
kimi  1002 final     erand    in     68  0.900     0.027   10.410      NaN           NaN            NaN         rule                0.200     0.00
kimi  1002 final     erand    in     71  0.950     0.007   15.486      NaN           NaN            NaN      uniform                0.603     0.00
kimi  1002 final     erand    in     74  1.000     0.007   14.826      NaN           NaN            NaN      uniform                0.200     0.00
kimi  1002 final     erand    in      0  0.000     1.000    0.001      NaN           NaN            NaN         rule               40.000     0.00
kimi  1002 final     erand    in     10  0.050     0.993    0.043      NaN           NaN            NaN         rule               40.000     0.00
kimi  1002 final     erand    in     10  0.100     0.993    0.043      NaN           NaN            NaN         rule               40.000     0.00
kimi  1002 final     erand    in     13  0.200     0.993    0.043      NaN           NaN            NaN         rule               40.000     0.00
kimi  1002 final     erand    in     15  0.300     0.539    1.246      NaN           NaN            NaN         rule                2.828     0.00
kimi  1002 final     erand    in     17  0.400     0.520    1.303      NaN           NaN            NaN         rule                2.828     0.00
kimi  1002 final     erand    in     27  0.500     0.339    2.049      NaN           NaN            NaN         rule                1.459     0.00
kimi  1002 final     erand    in     33  0.600     0.291    2.270      NaN           NaN            NaN         rule                0.200     0.00
kimi  1002 final     erand    in     47  0.700     0.182    3.053      NaN           NaN            NaN         rule                0.200     0.00
kimi  1002 final     erand    in     58  0.800     0.029   12.500      NaN           NaN            NaN         rule                0.200     0.00
kimi  1002 final     erand    in     58  0.900     0.029   12.500      NaN           NaN            NaN         rule                0.200     0.00
kimi  1002 final     erand    in     67  0.950     0.014   14.724      NaN           NaN            NaN         rule                0.388     0.00
kimi  1002 final     erand    in     74  1.000     0.007   14.826      NaN           NaN            NaN      uniform                0.200     0.00
kimi  1002 final     erand    in      0  0.000     1.000    0.001      NaN           NaN            NaN         rule               40.000     0.00
kimi  1002 final     erand    in      9  0.050     1.000    0.001      NaN           NaN            NaN         rule               40.000     0.00
kimi  1002 final     erand    in     13  0.100     0.999    0.008      NaN           NaN            NaN         rule               40.000     0.00
kimi  1002 final     erand    in     16  0.200     0.945    0.225      NaN           NaN            NaN         rule               40.000     0.00
kimi  1002 final     erand    in     16  0.300     0.945    0.225      NaN           NaN            NaN         rule               40.000     0.00
kimi  1002 final     erand    in     26  0.400     0.929    0.273      NaN           NaN            NaN         rule               16.541     0.00
kimi  1002 final     erand    in     34  0.500     0.438    1.784      NaN           NaN            NaN         rule                2.828     0.00
kimi  1002 final     erand    in     34  0.600     0.438    1.784      NaN           NaN            NaN         rule                2.828     0.00
kimi  1002 final     erand    in     51  0.700     0.229    2.912      NaN           NaN            NaN         rule                0.938     0.00
kimi  1002 final     erand    in     63  0.800     0.057    4.974      NaN           NaN            NaN         rule                0.200     0.00
kimi  1002 final     erand    in     68  0.900     0.010   14.822      NaN           NaN            NaN         rule                0.200     0.00
kimi  1002 final     erand    in     68  0.950     0.010   14.822      NaN           NaN            NaN         rule                0.200     0.00
kimi  1002 final     erand    in     74  1.000     0.007   14.826      NaN           NaN            NaN      uniform                0.200     0.00
kimi  1002 final     erand   out      0  0.000     1.000    0.001      NaN           NaN            NaN         rule               40.000     0.00
kimi  1002 final     erand   out      8  0.050     1.000    0.001      NaN           NaN            NaN         rule               40.000     0.00
kimi  1002 final     erand   out     13  0.100     1.000    0.002      NaN           NaN            NaN         rule               40.000     0.00
kimi  1002 final     erand   out     26  0.200     1.000    0.004      NaN           NaN            NaN         rule               40.000     0.00
kimi  1002 final     erand   out     41  0.300     1.000    0.012      NaN           NaN            NaN         rule               40.000     0.00
kimi  1002 final     erand   out     44  0.400     0.978    0.326      NaN           NaN            NaN         rule               40.000     0.00
kimi  1002 final     erand   out     48  0.500     0.954    0.752      NaN           NaN            NaN         rule               32.076     0.00
kimi  1002 final     erand   out     50  0.600     0.954    0.755      NaN           NaN            NaN         rule               32.076     0.00
kimi  1002 final     erand   out     58  0.700     0.384    2.566      NaN           NaN            NaN         rule                3.527     0.00
kimi  1002 final     erand   out     64  0.800     0.442    2.565      NaN           NaN            NaN         rule                4.398     0.00
kimi  1002 final     erand   out     68  0.900     0.069    3.901      NaN           NaN            NaN         rule                2.268     0.00
kimi  1002 final     erand   out     71  0.950     0.009    5.000      NaN           NaN            NaN         rule                0.200     0.00
kimi  1002 final     erand   out     74  1.000     0.007    5.004      NaN           NaN            NaN      uniform                0.200     0.00
kimi  1002 final     erand   out      0  0.000     1.000    0.001      NaN           NaN            NaN         rule               40.000     0.00
kimi  1002 final     erand   out      9  0.050     1.000    0.001      NaN           NaN            NaN         rule               40.000     0.00
kimi  1002 final     erand   out     10  0.100     0.999    0.008      NaN           NaN            NaN         rule               40.000     0.00
kimi  1002 final     erand   out     15  0.200     0.999    0.025      NaN           NaN            NaN         rule               40.000     0.00
kimi  1002 final     erand   out     16  0.300     0.999    0.029      NaN           NaN            NaN         rule               40.000     0.00
kimi  1002 final     erand   out     23  0.400     0.998    0.090      NaN           NaN            NaN         rule               40.000     0.00
kimi  1002 final     erand   out     27  0.500     0.995    0.344      NaN           NaN            NaN         rule               40.000     0.00
kimi  1002 final     erand   out     36  0.600     0.980    0.855      NaN           NaN            NaN         rule               40.000     0.00
kimi  1002 final     erand   out     47  0.700     0.721    2.116      NaN           NaN            NaN         rule                8.530     0.00
kimi  1002 final     erand   out     58  0.800     0.369    3.647      NaN           NaN            NaN         rule                2.828     0.00
kimi  1002 final     erand   out     61  0.900     0.301    3.726      NaN           NaN            NaN         rule                2.828     0.00
kimi  1002 final     erand   out     68  0.950     0.157    4.318      NaN           NaN            NaN         rule                0.938     0.00
kimi  1002 final     erand   out     74  1.000     0.007    5.004      NaN           NaN            NaN      uniform                0.200     0.00
kimi  1002 final     erand   out      0  0.000     1.000    0.001      NaN           NaN            NaN         rule               40.000     0.00
kimi  1002 final     erand   out      9  0.050     1.000    0.002      NaN           NaN            NaN         rule               40.000     0.00
kimi  1002 final     erand   out     13  0.100     1.000    0.010      NaN           NaN            NaN         rule               40.000     0.00
kimi  1002 final     erand   out     16  0.200     0.998    0.057      NaN           NaN            NaN         rule               40.000     0.00
kimi  1002 final     erand   out     18  0.300     0.998    0.065      NaN           NaN            NaN         rule               40.000     0.00
kimi  1002 final     erand   out     28  0.400     0.997    0.116      NaN           NaN            NaN         rule               40.000     0.00
kimi  1002 final     erand   out     34  0.500     0.983    0.667      NaN           NaN            NaN         rule               40.000     0.00
kimi  1002 final     erand   out     38  0.600     0.956    0.938      NaN           NaN            NaN         rule               25.722     0.00
kimi  1002 final     erand   out     51  0.700     0.714    1.983      NaN           NaN            NaN         rule                5.485     0.00
kimi  1002 final     erand   out     63  0.800     0.203    3.448      NaN           NaN            NaN         rule                1.459     0.00
kimi  1002 final     erand   out     68  0.900     0.082    4.733      NaN           NaN            NaN         rule                0.603     0.00
kimi  1002 final     erand   out     68  0.950     0.082    4.733      NaN           NaN            NaN         rule                0.603     0.00
kimi  1002 final     erand   out     74  1.000     0.007    5.004      NaN           NaN            NaN      uniform                0.200     0.00
kimi  1002 final     erand  both      0  0.000     1.000    0.001      NaN           NaN            NaN         rule               40.000     0.00
kimi  1002 final     erand  both     10  0.050     0.995    0.039      NaN           NaN            NaN         rule               40.000     0.00
kimi  1002 final     erand  both     19  0.100     0.993    0.050      NaN           NaN            NaN         rule               40.000     0.00
kimi  1002 final     erand  both     31  0.200     0.984    0.083      NaN           NaN            NaN         rule               40.000     0.00
kimi  1002 final     erand  both     44  0.300     0.927    0.246      NaN           NaN            NaN         rule               25.722     0.00
kimi  1002 final     erand  both     44  0.400     0.920    0.298      NaN           NaN            NaN         rule               25.722     0.00
kimi  1002 final     erand  both     48  0.500     0.736    1.001      NaN           NaN            NaN         rule                8.530     0.00
kimi  1002 final     erand  both     53  0.600     0.325    2.256      NaN           NaN            NaN         rule                1.819     0.00
kimi  1002 final     erand  both     58  0.700     0.015    4.920      NaN           NaN            NaN gcm_circular                0.603     0.00
kimi  1002 final     erand  both     58  0.800     0.017    4.873      NaN           NaN            NaN         rule                0.311     0.00
kimi  1002 final     erand  both     68  0.900     0.014    4.692      NaN           NaN            NaN         rule                0.200     0.00
kimi  1002 final     erand  both     71  0.950     0.006    5.050      NaN           NaN            NaN      uniform                0.200     0.00
kimi  1002 final     erand  both     74  1.000     0.007    5.004      NaN           NaN            NaN      uniform                0.200     0.00
kimi  1002 final     erand  both      0  0.000     1.000    0.001      NaN           NaN            NaN         rule               40.000     0.00
kimi  1002 final     erand  both     10  0.050     0.989    0.065      NaN           NaN            NaN         rule               40.000     0.00
kimi  1002 final     erand  both     10  0.100     0.990    0.067      NaN           NaN            NaN         rule               40.000     0.00
kimi  1002 final     erand  both     13  0.200     0.950    0.253      NaN           NaN            NaN         rule               32.076     0.00
kimi  1002 final     erand  both     15  0.300     0.459    1.541      NaN           NaN            NaN         rule                2.828     0.00
kimi  1002 final     erand  both     17  0.400     0.539    1.370      NaN           NaN            NaN         rule                2.828     0.00
kimi  1002 final     erand  both     27  0.500     0.254    2.637      NaN           NaN            NaN         rule                1.459     0.00
kimi  1002 final     erand  both     33  0.600     0.227    2.686      NaN           NaN            NaN         rule                0.200     0.00
kimi  1002 final     erand  both     47  0.700     0.162    2.861      NaN           NaN            NaN         rule                0.200     0.00
kimi  1002 final     erand  both     58  0.800     0.008    5.244      NaN           NaN            NaN      uniform                0.200     0.00
kimi  1002 final     erand  both     58  0.900     0.009    5.148      NaN           NaN            NaN      uniform                0.311     0.00
kimi  1002 final     erand  both     67  0.950     0.006    5.092      NaN           NaN            NaN  gcm_hamming                0.200     0.00
kimi  1002 final     erand  both     74  1.000     0.007    5.004      NaN           NaN            NaN      uniform                0.200     0.00
kimi  1002 final     erand  both      0  0.000     1.000    0.001      NaN           NaN            NaN         rule               40.000     0.00
kimi  1002 final     erand  both      9  0.050     1.000    0.003      NaN           NaN            NaN         rule               40.000     0.00
kimi  1002 final     erand  both     13  0.100     0.998    0.016      NaN           NaN            NaN         rule               40.000     0.00
kimi  1002 final     erand  both     16  0.200     0.916    0.455      NaN           NaN            NaN         rule               16.541     0.00
kimi  1002 final     erand  both     16  0.300     0.949    0.401      NaN           NaN            NaN         rule               40.000     0.00
kimi  1002 final     erand  both     26  0.400     0.685    1.422      NaN           NaN            NaN         rule                5.485     0.00
kimi  1002 final     erand  both     34  0.500     0.148    3.797      NaN           NaN            NaN         rule                1.170     0.00
kimi  1002 final     erand  both     34  0.600     0.039    4.544      NaN           NaN            NaN         rule                0.603     0.00
kimi  1002 final     erand  both     51  0.700     0.015    5.011      NaN           NaN            NaN         rule                0.200     0.00
kimi  1002 final     erand  both     63  0.800     0.008    5.115      NaN           NaN            NaN      uniform                0.200     0.00
kimi  1002 final     erand  both     68  0.900     0.006    5.398      NaN           NaN            NaN      uniform                0.200     0.00
kimi  1002 final     erand  both     68  0.950     0.006    5.158      NaN           NaN            NaN      uniform                0.484     0.00
kimi  1002 final     erand  both     74  1.000     0.007    5.004      NaN           NaN            NaN      uniform                0.200     0.00
kimi  1002 final      topk    in     49  0.000     1.000    0.001      NaN           NaN            NaN         rule               40.000     0.00
kimi  1002 final      topk    in     49  0.250     1.000    0.002      NaN           NaN            NaN         rule               40.000     0.00
kimi  1002 final      topk    in     49  0.500     0.999    0.003      NaN           NaN            NaN         rule               40.000     0.00
kimi  1002 final      topk    in     49  0.750     0.996    0.018      NaN           NaN            NaN         rule               40.000     0.00
kimi  1002 final      topk    in     49  1.000     0.030   12.124      NaN           NaN            NaN         rule                0.200     0.00
kimi  1002 final      topk   out     47  0.000     1.000    0.001      NaN           NaN            NaN         rule               40.000     0.00
kimi  1002 final      topk   out     47  0.250     1.000    0.005      NaN           NaN            NaN         rule               40.000     0.00
kimi  1002 final      topk   out     47  0.500     1.000    0.050      NaN           NaN            NaN         rule               40.000     0.00
kimi  1002 final      topk   out     47  0.750     0.999    0.864      NaN           NaN            NaN         rule               40.000     0.00
kimi  1002 final      topk   out     47  1.000     0.018    4.911      NaN           NaN            NaN         rule                0.200     0.00
kimi  1002 final      topk  both     49  0.000     1.000    0.001      NaN           NaN            NaN         rule               40.000     0.00
kimi  1002 final      topk  both     49  0.250     1.000    0.005      NaN           NaN            NaN         rule               40.000     0.00
kimi  1002 final      topk  both     49  0.500     0.999    0.059      NaN           NaN            NaN         rule               40.000     0.00
kimi  1002 final      topk  both     49  0.750     0.986    1.030      NaN           NaN            NaN         rule               40.000     0.00
kimi  1002 final      topk  both     49  1.000     0.006    5.103      NaN           NaN            NaN      uniform                0.311     0.00
kimi  1002 final     randk    in     25  0.000     1.000    0.001      NaN           NaN            NaN         rule               40.000     0.00
kimi  1002 final     randk    in     25  0.250     1.000    0.001      NaN           NaN            NaN         rule               40.000     0.00
kimi  1002 final     randk    in     25  0.500     1.000    0.001      NaN           NaN            NaN         rule               40.000     0.00
kimi  1002 final     randk    in     25  0.750     1.000    0.001      NaN           NaN            NaN         rule               40.000     0.00
kimi  1002 final     randk    in     25  1.000     1.000    0.001      NaN           NaN            NaN         rule               40.000     0.00
kimi  1002 final     randk    in     25  0.000     1.000    0.001      NaN           NaN            NaN         rule               40.000     0.00
kimi  1002 final     randk    in     25  0.250     1.000    0.001      NaN           NaN            NaN         rule               40.000     0.00
kimi  1002 final     randk    in     25  0.500     1.000    0.001      NaN           NaN            NaN         rule               40.000     0.00
kimi  1002 final     randk    in     25  0.750     1.000    0.001      NaN           NaN            NaN         rule               40.000     0.00
kimi  1002 final     randk    in     25  1.000     1.000    0.001      NaN           NaN            NaN         rule               40.000     0.00
kimi  1002 final     randk    in     25  0.000     1.000    0.001      NaN           NaN            NaN         rule               40.000     0.00
kimi  1002 final     randk    in     25  0.250     1.000    0.001      NaN           NaN            NaN         rule               40.000     0.00
kimi  1002 final     randk    in     25  0.500     1.000    0.001      NaN           NaN            NaN         rule               40.000     0.00
kimi  1002 final     randk    in     25  0.750     1.000    0.001      NaN           NaN            NaN         rule               40.000     0.00
kimi  1002 final     randk    in     25  1.000     1.000    0.001      NaN           NaN            NaN         rule               40.000     0.00
kimi  1002 final     randk   out     27  0.000     1.000    0.001      NaN           NaN            NaN         rule               40.000     0.00
kimi  1002 final     randk   out     27  0.250     1.000    0.001      NaN           NaN            NaN         rule               40.000     0.00
kimi  1002 final     randk   out     27  0.500     1.000    0.001      NaN           NaN            NaN         rule               40.000     0.00
kimi  1002 final     randk   out     27  0.750     1.000    0.001      NaN           NaN            NaN         rule               40.000     0.00
kimi  1002 final     randk   out     27  1.000     1.000    0.001      NaN           NaN            NaN         rule               40.000     0.00
kimi  1002 final     randk   out     27  0.000     1.000    0.001      NaN           NaN            NaN         rule               40.000     0.00
kimi  1002 final     randk   out     27  0.250     1.000    0.001      NaN           NaN            NaN         rule               40.000     0.00
kimi  1002 final     randk   out     27  0.500     1.000    0.001      NaN           NaN            NaN         rule               40.000     0.00
kimi  1002 final     randk   out     27  0.750     1.000    0.001      NaN           NaN            NaN         rule               40.000     0.00
kimi  1002 final     randk   out     27  1.000     1.000    0.001      NaN           NaN            NaN         rule               40.000     0.00
kimi  1002 final     randk   out     27  0.000     1.000    0.001      NaN           NaN            NaN         rule               40.000     0.00
kimi  1002 final     randk   out     27  0.250     1.000    0.001      NaN           NaN            NaN         rule               40.000     0.00
kimi  1002 final     randk   out     27  0.500     1.000    0.001      NaN           NaN            NaN         rule               40.000     0.00
kimi  1002 final     randk   out     27  0.750     1.000    0.001      NaN           NaN            NaN         rule               40.000     0.00
kimi  1002 final     randk   out     27  1.000     1.000    0.001      NaN           NaN            NaN         rule               40.000     0.00
kimi  1002 final     randk  both     25  0.000     1.000    0.001      NaN           NaN            NaN         rule               40.000     0.00
kimi  1002 final     randk  both     25  0.250     1.000    0.001      NaN           NaN            NaN         rule               40.000     0.00
kimi  1002 final     randk  both     25  0.500     1.000    0.001      NaN           NaN            NaN         rule               40.000     0.00
kimi  1002 final     randk  both     25  0.750     1.000    0.001      NaN           NaN            NaN         rule               40.000     0.00
kimi  1002 final     randk  both     25  1.000     1.000    0.001      NaN           NaN            NaN         rule               40.000     0.00
kimi  1002 final     randk  both     25  0.000     1.000    0.001      NaN           NaN            NaN         rule               40.000     0.00
kimi  1002 final     randk  both     25  0.250     1.000    0.001      NaN           NaN            NaN         rule               40.000     0.00
kimi  1002 final     randk  both     25  0.500     1.000    0.001      NaN           NaN            NaN         rule               40.000     0.00
kimi  1002 final     randk  both     25  0.750     1.000    0.001      NaN           NaN            NaN         rule               40.000     0.00
kimi  1002 final     randk  both     25  1.000     1.000    0.001      NaN           NaN            NaN         rule               40.000     0.00
kimi  1002 final     randk  both     25  0.000     1.000    0.001      NaN           NaN            NaN         rule               40.000     0.00
kimi  1002 final     randk  both     25  0.250     1.000    0.001      NaN           NaN            NaN         rule               40.000     0.00
kimi  1002 final     randk  both     25  0.500     1.000    0.001      NaN           NaN            NaN         rule               40.000     0.00
kimi  1002 final     randk  both     25  0.750     1.000    0.001      NaN           NaN            NaN         rule               40.000     0.00
kimi  1002 final     randk  both     25  1.000     1.000    0.001      NaN           NaN            NaN         rule               40.000     0.00
kimi  1002 final  residual    in     25  0.000     1.000    0.001      NaN           NaN            NaN         rule               40.000     0.00
kimi  1002 final  residual    in     25  0.250     1.000    0.001      NaN           NaN            NaN         rule               40.000     0.00
kimi  1002 final  residual    in     25  0.500     1.000    0.001      NaN           NaN            NaN         rule               40.000     0.00
kimi  1002 final  residual    in     25  0.750     1.000    0.001      NaN           NaN            NaN         rule               40.000     0.00
kimi  1002 final  residual    in     25  1.000     1.000    0.001      NaN           NaN            NaN         rule               40.000     0.00
kimi  1002 final  residual   out     27  0.000     1.000    0.001      NaN           NaN            NaN         rule               40.000     0.00
kimi  1002 final  residual   out     27  0.250     1.000    0.001      NaN           NaN            NaN         rule               40.000     0.00
kimi  1002 final  residual   out     27  0.500     1.000    0.001      NaN           NaN            NaN         rule               40.000     0.00
kimi  1002 final  residual   out     27  0.750     1.000    0.001      NaN           NaN            NaN         rule               40.000     0.00
kimi  1002 final  residual   out     27  1.000     1.000    0.001      NaN           NaN            NaN         rule               40.000     0.00
kimi  1002 final  residual  both     25  0.000     1.000    0.001      NaN           NaN            NaN         rule               40.000     0.00
kimi  1002 final  residual  both     25  0.250     1.000    0.001      NaN           NaN            NaN         rule               40.000     0.00
kimi  1002 final  residual  both     25  0.500     1.000    0.001      NaN           NaN            NaN         rule               40.000     0.00
kimi  1002 final  residual  both     25  0.750     1.000    0.001      NaN           NaN            NaN         rule               40.000     0.00
kimi  1002 final  residual  both     25  1.000     1.000    0.001      NaN           NaN            NaN         rule               40.000     0.00
