18 runs | device cuda | lesions ['lowpass', 'etop', 'ebottom', 'erand', 'topk', 'randk', 'residual', 'neurons', 'randunits'] | side all | steps ['final']
[run] mamba_add_rho0.02_wd0.1_tiersNone seed=1000
  [mamba s1000 step final] baseline: test 0.999 acc_exc 1.000 overreg 0.000 best=rulex
    top modes in : [60, 71, 37, 70, 73, 46]  (k90 = 56)
    top modes out: [60, 71, 37, 70, 67, 73]  (k90 = 35)
    unit sites: ['backbone.layers.0.mamba.out_proj', 'backbone.layers.1.mamba.out_proj'] -> 1536 units, ranked by grad; top: d'=-0.33 attr=10.0; share of positive attribution in top 32 = 0.20
    done in 263s, 354 rows so far
[run] mamba_add_rho0.02_wd0.1_tiersNone seed=1001
  [mamba s1001 step final] baseline: test 0.998 acc_exc 1.000 overreg 0.000 best=rulex
    top modes in : [23, 3, 22, 5, 55, 14]  (k90 = 53)
    top modes out: [23, 3, 55, 44, 22, 14]  (k90 = 43)
    unit sites: ['backbone.layers.0.mamba.out_proj', 'backbone.layers.1.mamba.out_proj'] -> 1536 units, ranked by grad; top: d'=-0.38 attr=40.4; share of positive attribution in top 32 = 0.21
    done in 294s, 708 rows so far
[run] mamba_add_rho0.02_wd0.1_tiersNone seed=1002
  [mamba s1002 step final] baseline: test 0.998 acc_exc 1.000 overreg 0.000 best=rulex
    top modes in : [61, 4, 18, 50, 33, 2]  (k90 = 56)
    top modes out: [61, 4, 18, 50, 33, 2]  (k90 = 45)
    unit sites: ['backbone.layers.0.mamba.out_proj', 'backbone.layers.1.mamba.out_proj'] -> 1536 units, ranked by grad; top: d'=0.37 attr=22.2; share of positive attribution in top 32 = 0.19
    done in 294s, 1062 rows so far
[run] mamba_add_rho0.02_wd0.3_tiersNone seed=1000
  [mamba s1000 step final] baseline: test 0.998 acc_exc 0.995 overreg 0.005 best=rulex
    top modes in : [73, 37, 50, 51, 69, 60]  (k90 = 55)
    top modes out: [73, 37, 50, 51, 60, 69]  (k90 = 24)
    unit sites: ['backbone.layers.0.mamba.out_proj', 'backbone.layers.1.mamba.out_proj'] -> 1536 units, ranked by grad; top: d'=-0.07 attr=5.8; share of positive attribution in top 32 = 0.24
    done in 293s, 1416 rows so far
[run] mamba_add_rho0.02_wd0.3_tiersNone seed=1001
  [mamba s1001 step final] baseline: test 0.997 acc_exc 1.000 overreg 0.000 best=rulex
    top modes in : [64, 13, 23, 17, 39, 11]  (k90 = 54)
    top modes out: [64, 13, 23, 17, 44, 50]  (k90 = 23)
    unit sites: ['backbone.layers.0.mamba.out_proj', 'backbone.layers.1.mamba.out_proj'] -> 1536 units, ranked by grad; top: d'=0.01 attr=9.5; share of positive attribution in top 32 = 0.18
    done in 299s, 1770 rows so far
[run] mamba_add_rho0.02_wd0.3_tiersNone seed=1002
  [mamba s1002 step final] baseline: test 0.999 acc_exc 0.995 overreg 0.005 best=rulex
    top modes in : [6, 18, 61, 4, 50, 1]  (k90 = 55)
    top modes out: [18, 4, 50, 6, 61, 30]  (k90 = 29)
    unit sites: ['backbone.layers.0.mamba.out_proj', 'backbone.layers.1.mamba.out_proj'] -> 1536 units, ranked by grad; top: d'=0.03 attr=13.9; share of positive attribution in top 32 = 0.19
    done in 303s, 2124 rows so far
[run] mamba_add_rho0.05_wd0.1_tiersNone seed=1000
  [mamba s1000 step final] baseline: test 0.993 acc_exc 0.998 overreg 0.002 best=rulex
    top modes in : [70, 39, 26, 51, 3, 46]  (k90 = 59)
    top modes out: [70, 39, 26, 51, 46, 3]  (k90 = 46)
    unit sites: ['backbone.layers.0.mamba.out_proj', 'backbone.layers.1.mamba.out_proj'] -> 1536 units, ranked by grad; top: d'=0.04 attr=45.6; share of positive attribution in top 32 = 0.26
    done in 235s, 2478 rows so far
[run] mamba_add_rho0.05_wd0.1_tiersNone seed=1001
  [mamba s1001 step final] baseline: test 0.995 acc_exc 0.998 overreg 0.002 best=rulex
    top modes in : [69, 44, 13, 21, 66, 40]  (k90 = 57)
    top modes out: [69, 44, 13, 21, 66, 40]  (k90 = 47)
    unit sites: ['backbone.layers.0.mamba.out_proj', 'backbone.layers.1.mamba.out_proj'] -> 1536 units, ranked by grad; top: d'=0.11 attr=38.0; share of positive attribution in top 32 = 0.18
    done in 243s, 2832 rows so far
[run] mamba_add_rho0.05_wd0.1_tiersNone seed=1002
  [mamba s1002 step final] baseline: test 0.995 acc_exc 1.000 overreg 0.000 best=rulex
    top modes in : [68, 50, 52, 27, 71, 39]  (k90 = 57)
    top modes out: [50, 71, 27, 68, 52, 63]  (k90 = 48)
    unit sites: ['backbone.layers.0.mamba.out_proj', 'backbone.layers.1.mamba.out_proj'] -> 1536 units, ranked by grad; top: d'=0.07 attr=23.7; share of positive attribution in top 32 = 0.13
    done in 272s, 3186 rows so far
[run] mamba_add_rho0.05_wd0.3_tiersNone seed=1000
  [mamba s1000 step final] baseline: test 0.995 acc_exc 0.995 overreg 0.004 best=rulex
    top modes in : [26, 39, 51, 19, 70, 36]  (k90 = 59)
    top modes out: [26, 39, 70, 19, 51, 46]  (k90 = 23)
    unit sites: ['backbone.layers.0.mamba.out_proj', 'backbone.layers.1.mamba.out_proj'] -> 1536 units, ranked by grad; top: d'=0.15 attr=15.4; share of positive attribution in top 32 = 0.18
    done in 275s, 3540 rows so far
[run] mamba_add_rho0.05_wd0.3_tiersNone seed=1001
  [mamba s1001 step final] baseline: test 0.996 acc_exc 0.998 overreg 0.002 best=rulex
    top modes in : [68, 21, 11, 50, 46, 44]  (k90 = 57)
    top modes out: [68, 46, 21, 11, 50, 44]  (k90 = 23)
    unit sites: ['backbone.layers.0.mamba.out_proj', 'backbone.layers.1.mamba.out_proj'] -> 1536 units, ranked by grad; top: d'=0.01 attr=15.8; share of positive attribution in top 32 = 0.14
    done in 232s, 3894 rows so far
[run] mamba_add_rho0.05_wd0.3_tiersNone seed=1002
  [mamba s1002 step final] baseline: test 0.993 acc_exc 0.998 overreg 0.000 best=rulex
    top modes in : [8, 59, 50, 36, 61, 12]  (k90 = 57)
    top modes out: [8, 59, 50, 36, 61, 12]  (k90 = 45)
    unit sites: ['backbone.layers.0.mamba.out_proj', 'backbone.layers.1.mamba.out_proj'] -> 1536 units, ranked by grad; top: d'=0.00 attr=21.7; share of positive attribution in top 32 = 0.14
    done in 223s, 4248 rows so far
[run] mamba_add_rho0_wd0.1_tiersNone seed=1000
  [mamba s1000 step final] baseline: test 1.000 acc_exc nan overreg nan best=rule
    top modes in : [70, 72, 28, 67, 50, 38]  (k90 = 47)
    top modes out: [70, 72, 38, 50, 67, 28]  (k90 = 38)
    [units] skipped: run has no exceptions (rho = 0)
    done in 132s, 4558 rows so far
[run] mamba_add_rho0_wd0.1_tiersNone seed=1001
  [mamba s1001 step final] baseline: test 1.000 acc_exc nan overreg nan best=rule
    top modes in : [62, 50, 51, 43, 34, 30]  (k90 = 47)
    top modes out: [50, 43, 51, 30, 34, 62]  (k90 = 42)
    [units] skipped: run has no exceptions (rho = 0)
    done in 132s, 4868 rows so far
[run] mamba_add_rho0_wd0.1_tiersNone seed=1002
  [mamba s1002 step final] baseline: test 1.000 acc_exc nan overreg nan best=rule
    top modes in : [35, 49, 12, 11, 20, 9]  (k90 = 46)
    top modes out: [35, 49, 11, 9, 37, 20]  (k90 = 37)
    [units] skipped: run has no exceptions (rho = 0)
    done in 132s, 5178 rows so far
[run] mamba_add_rho0_wd0.3_tiersNone seed=1000
  [mamba s1000 step final] baseline: test 1.000 acc_exc nan overreg nan best=rule
    top modes in : [70, 67, 1, 38, 50, 72]  (k90 = 43)
    top modes out: [70, 67, 72, 1, 50, 38]  (k90 = 27)
    [units] skipped: run has no exceptions (rho = 0)
    done in 132s, 5488 rows so far
[run] mamba_add_rho0_wd0.3_tiersNone seed=1001
  [mamba s1001 step final] baseline: test 1.000 acc_exc nan overreg nan best=rule
    top modes in : [43, 30, 35, 69, 64, 2]  (k90 = 43)
    top modes out: [30, 43, 35, 69, 64, 50]  (k90 = 29)
    [units] skipped: run has no exceptions (rho = 0)
    done in 132s, 5798 rows so far
[run] mamba_add_rho0_wd0.3_tiersNone seed=1002
  [mamba s1002 step final] baseline: test 1.000 acc_exc nan overreg nan best=rule
    top modes in : [20, 42, 35, 37, 12, 51]  (k90 = 42)
    top modes out: [20, 35, 37, 42, 51, 12]  (k90 = 29)
    [units] skipped: run has no exceptions (rho = 0)
    done in 132s, 6108 rows so far

saved exceptions_runs/paper/lesions/lesions_table_mamba.csv (6108 rows)
 arch  seed  step    lesion  side  param   dose  test_acc  test_ce  acc_exc  overreg_rate  exc_logit_gap   best_model  gcm_circular_lambda  rulex_m
mamba  1000 final      none     -      0  0.000     0.999    0.007    1.000         0.000         18.679        rulex               40.000     1.00
mamba  1000 final   lowpass    in      0  0.000     0.006   18.631    0.005         0.014         -0.296   gcm_linear                0.200     0.00
mamba  1000 final   lowpass    in      1  1.000     0.004   19.173    0.005         0.000          1.286      uniform                0.200     1.00
mamba  1000 final   lowpass    in      2  2.000     0.006   20.214    0.018         0.005          1.159  gcm_hamming                0.200     1.00
mamba  1000 final   lowpass    in      3  3.000     0.005   19.806    0.014         0.005          2.300   gcm_linear                0.200     1.00
mamba  1000 final   lowpass    in      4  4.000     0.009   19.413    0.036         0.000          2.620   gcm_linear                0.200     1.00
mamba  1000 final   lowpass    in      6  6.000     0.009   19.941    0.027         0.000          6.316   gcm_linear                0.200     1.00
mamba  1000 final   lowpass    in      8  8.000     0.008   19.922    0.086         0.005         10.483  gcm_hamming                0.752     1.00
mamba  1000 final   lowpass    in     12 12.000     0.013    9.927    0.041         0.005         -0.548  gcm_hamming                0.200     1.00
mamba  1000 final   lowpass    in     16 16.000     0.014   10.139    0.059         0.005          2.042  gcm_hamming                0.484     1.00
mamba  1000 final   lowpass    in     24 24.000     0.014   10.354    0.149         0.005          6.786  gcm_hamming                0.388     1.00
mamba  1000 final   lowpass    in     32 32.000     0.014   10.745    0.275         0.000         12.031  gcm_hamming                0.388     1.00
mamba  1000 final   lowpass    in     48 48.000     0.290    2.935    0.279         0.009          6.490        rulex                2.828     0.98
mamba  1000 final   lowpass    in     74 74.000     0.999    0.007    1.000         0.000         18.679        rulex               40.000     1.00
mamba  1000 final   lowpass   out      0  0.000     0.007    5.004    0.000         0.009          0.000      uniform                0.200     0.00
mamba  1000 final   lowpass   out      1  1.000     0.007    5.002    0.000         0.005          0.078      uniform                0.938     0.00
mamba  1000 final   lowpass   out      2  2.000     0.005    5.007    0.000         0.009          0.165      uniform                0.311     0.00
mamba  1000 final   lowpass   out      3  3.000     0.008    5.011    0.005         0.000          0.223      uniform                0.200     1.00
mamba  1000 final   lowpass   out      4  4.000     0.007    5.020    0.023         0.000          0.284      uniform                0.752     1.00
mamba  1000 final   lowpass   out      6  6.000     0.008    5.028    0.036         0.005          0.364      uniform                0.200     1.00
mamba  1000 final   lowpass   out      8  8.000     0.008    5.038    0.045         0.000          0.520      uniform                0.752     1.00
mamba  1000 final   lowpass   out     12 12.000     0.014    4.562    0.086         0.005          1.848         rule                0.603     1.00
mamba  1000 final   lowpass   out     16 16.000     0.017    4.558    0.108         0.005          2.318        rulex                0.938     1.00
mamba  1000 final   lowpass   out     24 24.000     0.026    4.496    0.243         0.000          3.125        rulex                0.938     1.00
mamba  1000 final   lowpass   out     32 32.000     0.037    4.514    0.311         0.000          3.769        rulex                1.170     1.00
mamba  1000 final   lowpass   out     48 48.000     0.326    2.198    0.685         0.000          8.261        rulex                3.527     1.00
mamba  1000 final   lowpass   out     74 74.000     0.999    0.007    1.000         0.000         18.679        rulex               40.000     1.00
mamba  1000 final   lowpass  both      0  0.000     0.007    5.004    0.000         0.009          0.000      uniform                0.200     0.00
mamba  1000 final   lowpass  both      1  1.000     0.008    4.969    0.009         0.014         -0.042 gcm_circular                1.819     0.00
mamba  1000 final   lowpass  both      2  2.000     0.009    4.960    0.009         0.000         -0.060 gcm_circular                1.459     1.00
mamba  1000 final   lowpass  both      3  3.000     0.007    5.002    0.005         0.000         -0.054      uniform                0.200     1.00
mamba  1000 final   lowpass  both      4  4.000     0.007    5.011    0.009         0.023         -0.046      uniform                0.938     0.00
mamba  1000 final   lowpass  both      6  6.000     0.008    5.033    0.005         0.005         -0.028      uniform                0.200     0.50
mamba  1000 final   lowpass  both      8  8.000     0.009    5.050    0.009         0.005          0.006      uniform                0.200     1.00
mamba  1000 final   lowpass  both     12 12.000     0.014    5.821    0.005         0.000         -5.403   gcm_linear                0.200     1.00
mamba  1000 final   lowpass  both     16 16.000     0.014    5.810    0.009         0.000         -5.166   gcm_linear                0.200     1.00
mamba  1000 final   lowpass  both     24 24.000     0.015    5.904    0.014         0.000         -4.568   gcm_linear                0.200     1.00
mamba  1000 final   lowpass  both     32 32.000     0.013    6.048    0.009         0.000         -3.555   gcm_linear                0.200     1.00
mamba  1000 final   lowpass  both     48 48.000     0.463    1.476    0.050         0.185         -5.796        rulex                4.398     0.20
mamba  1000 final   lowpass  both     74 74.000     0.999    0.007    1.000         0.000         18.679        rulex               40.000     1.00
mamba  1000 final      etop    in      0  0.000     0.999    0.007    1.000         0.000         18.679        rulex               40.000     1.00
mamba  1000 final      etop    in      1  0.050     0.993    0.025    0.973         0.005         16.981        rulex               40.000     0.98
mamba  1000 final      etop    in      2  0.100     0.903    0.277    0.946         0.009         16.675        rulex               16.541     0.98
mamba  1000 final      etop    in      3  0.200     0.784    0.617    0.883         0.000         15.999        rulex                8.530     1.00
mamba  1000 final      etop    in      4  0.300     0.724    0.845    0.838         0.000         15.533        rulex                8.530     1.00
mamba  1000 final      etop    in      6  0.400     0.195    3.884    0.703         0.000         17.404        rulex                2.268     1.00
mamba  1000 final      etop    in      8  0.500     0.013   12.302    0.761         0.000         28.782  gcm_hamming                0.484     1.00
mamba  1000 final      etop    in     11  0.600     0.006   20.598    0.824         0.000         34.371  gcm_hamming                0.484     1.00
mamba  1000 final      etop    in     24  0.700     0.006   20.533    0.730         0.000         32.226  gcm_hamming                0.603     1.00
mamba  1000 final      etop    in     39  0.800     0.006   20.394    0.518         0.000         27.520  gcm_hamming                0.311     1.00
mamba  1000 final      etop    in     56  0.900     0.006   20.158    0.203         0.000         18.416  gcm_hamming                0.311     1.00
mamba  1000 final      etop    in     65  0.950     0.006   20.201    0.072         0.005          9.841  gcm_hamming                0.200     1.00
mamba  1000 final      etop    in     74  1.000     0.006   18.631    0.005         0.014         -0.296   gcm_linear                0.200     0.00
mamba  1000 final      etop   out      0  0.000     0.999    0.007    1.000         0.000         18.679        rulex               40.000     1.00
mamba  1000 final      etop   out      1  0.050     0.996    0.016    0.995         0.000         16.528        rulex               40.000     1.00
mamba  1000 final      etop   out      1  0.100     0.996    0.016    0.995         0.000         16.528        rulex               40.000     1.00
mamba  1000 final      etop   out      2  0.200     0.962    0.136    0.968         0.005         14.716        rulex               25.722     0.98
mamba  1000 final      etop   out      3  0.300     0.888    0.359    0.964         0.005         12.605        rulex               13.264     1.00
mamba  1000 final      etop   out      4  0.400     0.820    0.615    0.883         0.005         10.508        rulex               10.637     1.00
mamba  1000 final      etop   out      5  0.500     0.583    1.399    0.838         0.005         10.118        rulex                5.485     1.00
mamba  1000 final      etop   out      6  0.600     0.237    2.554    0.703         0.005          8.482        rulex                3.527     1.00
mamba  1000 final      etop   out      8  0.700     0.013    4.806    0.527         0.005          6.173  gcm_hamming                0.388     1.00
mamba  1000 final      etop   out     10  0.800     0.009    5.317    0.437         0.000          4.876  gcm_hamming                0.484     1.00
mamba  1000 final      etop   out     35  0.900     0.008    5.343    0.221         0.000          2.608      uniform                0.752     1.00
mamba  1000 final      etop   out     54  0.950     0.009    5.178    0.122         0.005          1.226         rule                1.170     1.00
mamba  1000 final      etop   out     74  1.000     0.007    5.004    0.000         0.009          0.000      uniform                0.200     0.00
mamba  1000 final      etop  both      0  0.000     0.999    0.007    1.000         0.000         18.679        rulex               40.000     1.00
mamba  1000 final      etop  both      1  0.050     0.997    0.012    0.941         0.023         13.365        rulex               40.000     0.98
mamba  1000 final      etop  both      2  0.100     0.936    0.191    0.892         0.023         13.043        rulex               20.627     0.98
mamba  1000 final      etop  both      3  0.200     0.893    0.317    0.739         0.036          8.969        rulex               13.264     0.96
mamba  1000 final      etop  both      4  0.300     0.866    0.416    0.559         0.063          5.709        rulex               13.264     0.90
mamba  1000 final      etop  both      6  0.400     0.259    2.579    0.320         0.023          4.532        rulex                2.828     0.96
mamba  1000 final      etop  both      8  0.500     0.013    8.497    0.266         0.000          9.713  gcm_hamming                0.200     1.00
mamba  1000 final      etop  both     11  0.600     0.007   10.068    0.239         0.000          9.648  gcm_hamming                0.249     1.00
mamba  1000 final      etop  both     24  0.700     0.007    6.862    0.104         0.000          3.743  gcm_hamming                0.200     1.00
mamba  1000 final      etop  both     39  0.800     0.006    5.855    0.059         0.000          1.638  gcm_hamming                0.200     1.00
mamba  1000 final      etop  both     56  0.900     0.006    5.478    0.014         0.005          0.570      uniform                0.200     1.00
mamba  1000 final      etop  both     65  0.950     0.005    5.244    0.005         0.005          0.085 gcm_circular                0.200     0.50
mamba  1000 final      etop  both     74  1.000     0.007    5.004    0.000         0.009          0.000      uniform                0.200     0.00
mamba  1000 final   ebottom    in      0  0.000     0.999    0.007    1.000         0.000         18.679        rulex               40.000     1.00
mamba  1000 final   ebottom    in     10  0.050     0.999    0.005    0.986         0.014         15.941        rulex               40.000     0.98
mamba  1000 final   ebottom    in     19  0.100     0.999    0.005    0.968         0.027         12.904        rulex               40.000     0.98
mamba  1000 final   ebottom    in     36  0.200     1.000    0.003    0.685         0.302          4.919        rulex               40.000     0.70
mamba  1000 final   ebottom    in     51  0.300     1.000    0.000    0.221         0.752         -4.531        rulex               40.000     0.22
mamba  1000 final   ebottom    in     64  0.400     1.000    0.000    0.077         0.905        -12.603        rulex               40.000     0.08
mamba  1000 final   ebottom    in     67  0.500     1.000    0.001    0.023         0.955        -16.879        rulex               40.000     0.02
mamba  1000 final   ebottom    in     69  0.600     0.990    0.032    0.009         0.964        -17.854         rule               40.000     0.02
mamba  1000 final   ebottom    in     71  0.700     0.647    0.994    0.009         0.559        -15.693         rule                5.485     0.02
mamba  1000 final   ebottom    in     72  0.800     0.267    2.565    0.014         0.180        -13.929         rule                0.200     0.06
mamba  1000 final   ebottom    in     73  0.900     0.055    5.026    0.027         0.059        -10.138         rule                0.200     0.26
mamba  1000 final   ebottom    in     74  0.950     0.006   18.631    0.005         0.014         -0.296   gcm_linear                0.200     0.00
mamba  1000 final   ebottom    in     74  1.000     0.006   18.631    0.005         0.014         -0.296   gcm_linear                0.200     0.00
mamba  1000 final   ebottom   out      0  0.000     0.999    0.007    1.000         0.000         18.679        rulex               40.000     1.00
mamba  1000 final   ebottom   out     21  0.050     0.999    0.006    0.995         0.005         17.376        rulex               40.000     0.98
mamba  1000 final   ebottom   out     40  0.100     0.999    0.006    0.991         0.009         15.991        rulex               40.000     0.98
mamba  1000 final   ebottom   out     65  0.200     0.999    0.005    0.977         0.014         13.526        rulex               40.000     0.98
mamba  1000 final   ebottom   out     67  0.300     0.998    0.010    0.923         0.018         11.562        rulex               40.000     0.98
mamba  1000 final   ebottom   out     69  0.400     0.969    0.161    0.757         0.018          8.561        rulex               32.076     0.98
mamba  1000 final   ebottom   out     70  0.500     0.939    0.319    0.712         0.009          8.171        rulex               25.722     0.98
mamba  1000 final   ebottom   out     71  0.600     0.778    0.971    0.437         0.018          6.074        rulex                8.530     0.96
mamba  1000 final   ebottom   out     72  0.700     0.381    2.152    0.212         0.018          3.962        rulex                1.819     0.94
mamba  1000 final   ebottom   out     73  0.800     0.060    3.593    0.032         0.014          2.151        rulex                0.200     0.74
mamba  1000 final   ebottom   out     74  0.900     0.007    5.004    0.000         0.009          0.000      uniform                0.200     0.00
mamba  1000 final   ebottom   out     74  0.950     0.007    5.004    0.000         0.009          0.000      uniform                0.200     0.00
mamba  1000 final   ebottom   out     74  1.000     0.007    5.004    0.000         0.009          0.000      uniform                0.200     0.00
mamba  1000 final   ebottom  both      0  0.000     0.999    0.007    1.000         0.000         18.679        rulex               40.000     1.00
mamba  1000 final   ebottom  both     10  0.050     0.999    0.004    0.982         0.018         14.647        rulex               40.000     0.98
mamba  1000 final   ebottom  both     19  0.100     0.999    0.004    0.914         0.077         10.283        rulex               40.000     0.92
mamba  1000 final   ebottom  both     36  0.200     1.000    0.002    0.432         0.518          0.364        rulex               40.000     0.46
mamba  1000 final   ebottom  both     51  0.300     1.000    0.001    0.095         0.824         -7.593        rulex               40.000     0.10
mamba  1000 final   ebottom  both     64  0.400     0.996    0.087    0.023         0.869        -11.003         rule               40.000     0.02
mamba  1000 final   ebottom  both     67  0.500     0.998    0.099    0.005         0.950        -12.793         rule               40.000     0.02
mamba  1000 final   ebottom  both     69  0.600     0.974    0.438    0.000         0.937        -13.729         rule               32.076     0.00
mamba  1000 final   ebottom  both     71  0.700     0.782    1.449    0.005         0.716        -12.999         rule                6.840     0.00
mamba  1000 final   ebottom  both     72  0.800     0.128    3.161    0.023         0.090         -7.314         rule                0.200     0.18
mamba  1000 final   ebottom  both     73  0.900     0.007    5.004    0.000         0.009          0.000      uniform                0.200     0.00
mamba  1000 final   ebottom  both     74  0.950     0.007    5.004    0.000         0.009          0.000      uniform                0.200     0.00
mamba  1000 final   ebottom  both     74  1.000     0.007    5.004    0.000         0.009          0.000      uniform                0.200     0.00
mamba  1000 final     erand    in      0  0.000     0.999    0.007    1.000         0.000         18.679        rulex               40.000     1.00
mamba  1000 final     erand    in      1  0.050     0.996    0.013    0.991         0.000         17.793        rulex               40.000     1.00
mamba  1000 final     erand    in      7  0.100     0.997    0.011    0.977         0.014         15.772        rulex               40.000     0.98
mamba  1000 final     erand    in     14  0.200     0.987    0.045    0.860         0.068         11.180        rulex               40.000     0.92
mamba  1000 final     erand    in     28  0.300     0.941    0.167    0.432         0.171          3.870        rulex               20.627     0.72
mamba  1000 final     erand    in     33  0.400     0.850    0.448    0.284         0.176          0.717        rulex               10.637     0.62
mamba  1000 final     erand    in     39  0.500     0.529    1.427    0.144         0.113         -2.324        rulex                4.398     0.56
mamba  1000 final     erand    in     44  0.600     0.277    2.672    0.104         0.072         -4.405        rulex                1.819     0.60
mamba  1000 final     erand    in     51  0.700     0.169    3.312    0.045         0.072         -7.415        rulex                0.200     0.38
mamba  1000 final     erand    in     58  0.800     0.041    5.855    0.072         0.018         -4.720        rulex                0.200     0.92
mamba  1000 final     erand    in     66  0.900     0.006   19.881    0.050         0.000         10.634   gcm_linear                0.200     1.00
mamba  1000 final     erand    in     66  0.950     0.006   19.881    0.050         0.000         10.634   gcm_linear                0.200     1.00
mamba  1000 final     erand    in     74  1.000     0.006   18.631    0.005         0.014         -0.296   gcm_linear                0.200     0.00
mamba  1000 final     erand    in      0  0.000     0.999    0.007    1.000         0.000         18.679        rulex               40.000     1.00
mamba  1000 final     erand    in      9  0.050     0.999    0.005    0.991         0.009         15.957        rulex               40.000     0.98
mamba  1000 final     erand    in     15  0.100     0.993    0.028    0.919         0.041         13.286        rulex               40.000     0.96
mamba  1000 final     erand    in     20  0.200     0.994    0.023    0.860         0.077         10.875        rulex               40.000     0.92
mamba  1000 final     erand    in     29  0.300     0.984    0.053    0.541         0.194          4.573        rulex               40.000     0.74
mamba  1000 final     erand    in     41  0.400     0.892    0.303    0.221         0.257         -2.792        rulex               13.264     0.46
mamba  1000 final     erand    in     42  0.500     0.879    0.351    0.203         0.261         -4.058        rulex               10.637     0.44
mamba  1000 final     erand    in     52  0.600     0.788    0.636    0.104         0.342         -7.870        rulex               10.637     0.24
mamba  1000 final     erand    in     53  0.700     0.482    1.663    0.090         0.153         -6.954        rulex                3.527     0.36
mamba  1000 final     erand    in     58  0.800     0.040    5.885    0.063         0.005         -3.990        rulex                0.200     1.00
mamba  1000 final     erand    in     61  0.900     0.007   19.598    0.212         0.000         18.010  gcm_hamming                0.200     1.00
mamba  1000 final     erand    in     67  0.950     0.008   19.445    0.068         0.009          9.999  gcm_hamming                0.200     1.00
mamba  1000 final     erand    in     74  1.000     0.006   18.631    0.005         0.014         -0.296   gcm_linear                0.200     0.00
mamba  1000 final     erand    in      0  0.000     0.999    0.007    1.000         0.000         18.679        rulex               40.000     1.00
mamba  1000 final     erand    in      8  0.050     0.999    0.005    0.977         0.018         15.023        rulex               40.000     0.98
mamba  1000 final     erand    in      9  0.100     0.998    0.010    0.914         0.045         13.332        rulex               40.000     0.96
mamba  1000 final     erand    in     12  0.200     0.979    0.071    0.847         0.045         11.580        rulex               32.076     0.94
mamba  1000 final     erand    in     16  0.300     0.942    0.190    0.671         0.054          9.595        rulex               20.627     0.92
mamba  1000 final     erand    in     20  0.400     0.649    1.052    0.473         0.014          7.326        rulex                5.485     0.98
mamba  1000 final     erand    in     34  0.500     0.345    2.257    0.171         0.041         -1.154        rulex                4.398     0.82
mamba  1000 final     erand    in     37  0.600     0.158    3.541    0.176         0.009         -0.425        rulex                0.200     0.98
mamba  1000 final     erand    in     39  0.700     0.039    6.176    0.171         0.000          2.777        rulex                0.249     1.00
mamba  1000 final     erand    in     52  0.800     0.042    5.946    0.099         0.009         -2.599        rulex                0.388     1.00
mamba  1000 final     erand    in     67  0.900     0.043    5.771    0.041         0.045         -6.689        rulex                0.200     0.46
mamba  1000 final     erand    in     74  0.950     0.006   18.631    0.005         0.014         -0.296   gcm_linear                0.200     0.00
mamba  1000 final     erand    in     74  1.000     0.006   18.631    0.005         0.014         -0.296   gcm_linear                0.200     0.00
mamba  1000 final     erand   out      0  0.000     0.999    0.007    1.000         0.000         18.679        rulex               40.000     1.00
mamba  1000 final     erand   out      1  0.050     0.997    0.014    0.995         0.000         17.043        rulex               40.000     1.00
mamba  1000 final     erand   out      6  0.100     0.997    0.014    0.995         0.000         16.605        rulex               40.000     1.00
mamba  1000 final     erand   out     13  0.200     0.990    0.042    0.986         0.000         14.830        rulex               40.000     1.00
mamba  1000 final     erand   out     28  0.300     0.971    0.125    0.910         0.009         11.805        rulex               32.076     0.98
mamba  1000 final     erand   out     33  0.400     0.913    0.356    0.761         0.009          9.364        rulex               16.541     0.98
mamba  1000 final     erand   out     39  0.500     0.627    1.130    0.626         0.005          6.864        rulex                5.485     1.00
mamba  1000 final     erand   out     43  0.600     0.601    1.179    0.572         0.014          6.486        rulex                5.485     0.98
mamba  1000 final     erand   out     46  0.700     0.322    2.186    0.527         0.000          5.962        rulex                2.828     1.00
mamba  1000 final     erand   out     58  0.800     0.049    4.031    0.189         0.009          2.224        rulex                1.170     1.00
mamba  1000 final     erand   out     64  0.900     0.059    3.969    0.122         0.000          1.738        rulex                0.938     1.00
mamba  1000 final     erand   out     66  0.950     0.014    5.040    0.041         0.005          0.624         rule                0.200     1.00
mamba  1000 final     erand   out     74  1.000     0.007    5.004    0.000         0.009          0.000      uniform                0.200     0.00
mamba  1000 final     erand   out      0  0.000     0.999    0.007    1.000         0.000         18.679        rulex               40.000     1.00
mamba  1000 final     erand   out     15  0.050     0.993    0.026    0.995         0.000         15.801        rulex               40.000     1.00
mamba  1000 final     erand   out     15  0.100     0.993    0.026    0.995         0.000         15.801        rulex               40.000     1.00
mamba  1000 final     erand   out     29  0.200     0.987    0.061    0.968         0.000         13.401        rulex               40.000     1.00
mamba  1000 final     erand   out     37  0.300     0.988    0.055    0.955         0.000         12.922        rulex               40.000     1.00
mamba  1000 final     erand   out     41  0.400     0.936    0.264    0.865         0.005         10.574        rulex               20.627     1.00
mamba  1000 final     erand   out     52  0.500     0.853    0.626    0.631         0.018          6.755        rulex               13.264     0.98
mamba  1000 final     erand   out     53  0.600     0.570    1.518    0.423         0.032          4.644        rulex                4.398     0.94
mamba  1000 final     erand   out     56  0.700     0.173    2.723    0.234         0.009          2.800        rulex                3.527     1.00
mamba  1000 final     erand   out     58  0.800     0.047    3.946    0.158         0.014          2.340        rulex                0.388     1.00
mamba  1000 final     erand   out     61  0.900     0.009    5.011    0.104         0.005          1.254  gcm_hamming                0.603     1.00
mamba  1000 final     erand   out     61  0.950     0.009    5.011    0.104         0.005          1.254  gcm_hamming                0.603     1.00
mamba  1000 final     erand   out     74  1.000     0.007    5.004    0.000         0.009          0.000      uniform                0.200     0.00
mamba  1000 final     erand   out      0  0.000     0.999    0.007    1.000         0.000         18.679        rulex               40.000     1.00
mamba  1000 final     erand   out      8  0.050     0.999    0.008    0.991         0.009         17.109        rulex               40.000     0.98
mamba  1000 final     erand   out      9  0.100     0.996    0.015    0.991         0.000         15.744        rulex               40.000     1.00
mamba  1000 final     erand   out     12  0.200     0.987    0.057    0.973         0.000         13.925        rulex               40.000     1.00
mamba  1000 final     erand   out     16  0.300     0.954    0.194    0.905         0.000         11.899        rulex               25.722     1.00
mamba  1000 final     erand   out     17  0.400     0.734    0.792    0.793         0.005          9.788        rulex                6.840     1.00
mamba  1000 final     erand   out     31  0.500     0.755    0.765    0.730         0.005          8.566        rulex                6.840     1.00
mamba  1000 final     erand   out     34  0.600     0.394    1.784    0.667         0.000          7.822        rulex                4.398     1.00
mamba  1000 final     erand   out     37  0.700     0.165    2.878    0.473         0.000          5.491        rulex                1.459     1.00
mamba  1000 final     erand   out     39  0.800     0.033    4.126    0.297         0.000          3.332        rulex                0.200     1.00
mamba  1000 final     erand   out     63  0.900     0.036    4.004    0.113         0.009          1.632        rulex                0.752     1.00
mamba  1000 final     erand   out     74  0.950     0.007    5.004    0.000         0.009          0.000      uniform                0.200     0.00
mamba  1000 final     erand   out     74  1.000     0.007    5.004    0.000         0.009          0.000      uniform                0.200     0.00
mamba  1000 final     erand  both      0  0.000     0.999    0.007    1.000         0.000         18.679        rulex               40.000     1.00
mamba  1000 final     erand  both      1  0.050     0.981    0.062    0.977         0.005         17.004        rulex               40.000     0.98
mamba  1000 final     erand  both      7  0.100     0.985    0.053    0.964         0.014         15.150        rulex               40.000     0.98
mamba  1000 final     erand  both     14  0.200     0.976    0.091    0.730         0.081          8.449        rulex               40.000     0.90
mamba  1000 final     erand  both     28  0.300     0.648    1.051    0.360         0.036          3.348        rulex                4.398     0.92
mamba  1000 final     erand  both     33  0.400     0.306    2.233    0.153         0.041          0.492        rulex                2.268     0.80
mamba  1000 final     erand  both     39  0.500     0.428    1.724    0.045         0.135         -5.836        rulex                3.527     0.24
mamba  1000 final     erand  both     44  0.600     0.583    1.285    0.014         0.414        -11.232         rule                5.485     0.02
mamba  1000 final     erand  both     51  0.700     0.378    1.812    0.014         0.288        -11.706         rule                2.268     0.04
mamba  1000 final     erand  both     58  0.800     0.003    5.287    0.027         0.005          0.537      uniform                0.200     1.00
mamba  1000 final     erand  both     66  0.900     0.006    6.187    0.009         0.009          0.341      uniform                0.200     0.50
mamba  1000 final     erand  both     66  0.950     0.007    5.973    0.000         0.000          0.271      uniform                0.200     0.00
mamba  1000 final     erand  both     74  1.000     0.007    5.004    0.000         0.009          0.000      uniform                0.200     0.00
mamba  1000 final     erand  both      0  0.000     0.999    0.007    1.000         0.000         18.679        rulex               40.000     1.00
mamba  1000 final     erand  both      9  0.050     0.998    0.009    0.982         0.014         13.935        rulex               40.000     0.98
mamba  1000 final     erand  both     15  0.100     0.962    0.112    0.892         0.027         12.038        rulex               32.076     0.96
mamba  1000 final     erand  both     20  0.200     0.919    0.234    0.721         0.050          9.176        rulex               25.722     0.94
mamba  1000 final     erand  both     29  0.300     0.618    1.165    0.369         0.045          4.871        rulex                5.485     0.90
mamba  1000 final     erand  both     41  0.400     0.704    0.855    0.099         0.207         -4.150        rulex                6.840     0.32
mamba  1000 final     erand  both     42  0.500     0.634    1.111    0.077         0.207         -5.105        rulex                6.840     0.26
mamba  1000 final     erand  both     52  0.600     0.227    2.596    0.027         0.099         -5.458        rulex                0.200     0.20
mamba  1000 final     erand  both     53  0.700     0.205    2.140    0.009         0.104         -9.183         rule                0.200     0.06
mamba  1000 final     erand  both     58  0.800     0.006    5.480    0.032         0.000          0.750      uniform                0.200     1.00
mamba  1000 final     erand  both     61  0.900     0.005    5.209    0.014         0.005          0.243  gcm_hamming                0.200     1.00
mamba  1000 final     erand  both     67  0.950     0.006    5.221    0.009         0.005          0.113  gcm_hamming                0.200     1.00
mamba  1000 final     erand  both     74  1.000     0.007    5.004    0.000         0.009          0.000      uniform                0.200     0.00
mamba  1000 final     erand  both      0  0.000     0.999    0.007    1.000         0.000         18.679        rulex               40.000     1.00
mamba  1000 final     erand  both      8  0.050     0.999    0.005    0.973         0.023         13.304        rulex               40.000     0.98
mamba  1000 final     erand  both      9  0.100     0.994    0.027    0.856         0.063         11.259        rulex               40.000     0.94
mamba  1000 final     erand  both     12  0.200     0.764    0.665    0.644         0.018          9.178        rulex               10.637     0.98
mamba  1000 final     erand  both     16  0.300     0.532    1.520    0.464         0.018          8.230        rulex                3.527     0.96
mamba  1000 final     erand  both     20  0.400     0.218    2.837    0.266         0.005          5.411        rulex                1.459     1.00
mamba  1000 final     erand  both     34  0.500     0.055    4.299    0.117         0.000          1.740        rulex                0.752     1.00
mamba  1000 final     erand  both     37  0.600     0.005    6.158    0.108         0.000          4.094      uniform                0.200     1.00
mamba  1000 final     erand  both     39  0.700     0.004    5.953    0.063         0.000          2.695      uniform                0.388     1.00
mamba  1000 final     erand  both     52  0.800     0.009    5.498    0.005         0.023          0.673         rule                0.311     0.00
mamba  1000 final     erand  both     67  0.900     0.011    5.140    0.018         0.000          0.126         rule                0.200     1.00
mamba  1000 final     erand  both     74  0.950     0.007    5.076    0.009         0.018          0.081      uniform                0.249     0.00
mamba  1000 final     erand  both     74  1.000     0.007    5.004    0.000         0.009          0.000      uniform                0.200     0.00
mamba  1000 final      topk    in     56  0.000     0.999    0.007    1.000         0.000         18.679        rulex               40.000     1.00
mamba  1000 final      topk    in     56  0.250     0.998    0.008    1.000         0.000         19.725        rulex               40.000     1.00
mamba  1000 final      topk    in     56  0.500     0.996    0.015    0.995         0.000         21.306        rulex               40.000     1.00
mamba  1000 final      topk    in     56  0.750     0.953    0.175    0.995         0.000         24.032        rulex               32.076     1.00
mamba  1000 final      topk    in     56  1.000     0.006   20.158    0.203         0.000         18.416  gcm_hamming                0.311     1.00
mamba  1000 final      topk   out     35  0.000     0.999    0.007    1.000         0.000         18.679        rulex               40.000     1.00
mamba  1000 final      topk   out     35  0.250     0.999    0.009    1.000         0.000         14.661        rulex               40.000     1.00
mamba  1000 final      topk   out     35  0.500     0.997    0.031    1.000         0.000         10.643        rulex               40.000     1.00
mamba  1000 final      topk   out     35  0.750     0.970    0.598    0.986         0.000          6.626        rulex               40.000     1.00
mamba  1000 final      topk   out     35  1.000     0.008    5.343    0.221         0.000          2.608      uniform                0.752     1.00
mamba  1000 final      topk  both     56  0.000     0.999    0.007    1.000         0.000         18.679        rulex               40.000     1.00
mamba  1000 final      topk  both     56  0.250     0.998    0.010    1.000         0.000         15.063        rulex               40.000     1.00
mamba  1000 final      topk  both     56  0.500     0.995    0.045    0.995         0.000         11.177        rulex               40.000     1.00
mamba  1000 final      topk  both     56  0.750     0.903    0.991    0.982         0.000          6.692        rulex               20.627     1.00
mamba  1000 final      topk  both     56  1.000     0.007    5.204    0.009         0.000          0.233 gcm_circular                0.388     1.00
mamba  1000 final     randk    in     18  0.000     0.999    0.007    1.000         0.000         18.679        rulex               40.000     1.00
mamba  1000 final     randk    in     18  0.250     0.999    0.006    0.995         0.005         17.626        rulex               40.000     0.98
mamba  1000 final     randk    in     18  0.500     0.999    0.006    0.986         0.014         16.395        rulex               40.000     0.98
mamba  1000 final     randk    in     18  0.750     0.999    0.005    0.986         0.014         14.956        rulex               40.000     0.98
mamba  1000 final     randk    in     18  1.000     0.999    0.005    0.964         0.032         13.277        rulex               40.000     0.96
mamba  1000 final     randk    in     18  0.000     0.999    0.007    1.000         0.000         18.679        rulex               40.000     1.00
mamba  1000 final     randk    in     18  0.250     0.999    0.006    0.995         0.005         17.626        rulex               40.000     0.98
mamba  1000 final     randk    in     18  0.500     0.999    0.006    0.986         0.014         16.395        rulex               40.000     0.98
mamba  1000 final     randk    in     18  0.750     0.999    0.005    0.986         0.014         14.956        rulex               40.000     0.98
mamba  1000 final     randk    in     18  1.000     0.999    0.005    0.964         0.032         13.277        rulex               40.000     0.96
mamba  1000 final     randk    in     18  0.000     0.999    0.007    1.000         0.000         18.679        rulex               40.000     1.00
mamba  1000 final     randk    in     18  0.250     0.999    0.006    0.995         0.005         17.626        rulex               40.000     0.98
mamba  1000 final     randk    in     18  0.500     0.999    0.006    0.986         0.014         16.395        rulex               40.000     0.98
mamba  1000 final     randk    in     18  0.750     0.999    0.005    0.986         0.014         14.956        rulex               40.000     0.98
mamba  1000 final     randk    in     18  1.000     0.999    0.005    0.964         0.032         13.277        rulex               40.000     0.96
mamba  1000 final     randk   out     35  0.000     0.999    0.007    1.000         0.000         18.679        rulex               40.000     1.00
mamba  1000 final     randk   out     35  0.250     0.999    0.007    0.995         0.005         18.092        rulex               40.000     0.98
mamba  1000 final     randk   out     35  0.500     0.999    0.006    0.995         0.005         17.505        rulex               40.000     0.98
mamba  1000 final     randk   out     35  0.750     0.999    0.006    0.991         0.009         16.919        rulex               40.000     0.98
mamba  1000 final     randk   out     35  1.000     0.999    0.006    0.991         0.009         16.332        rulex               40.000     0.98
mamba  1000 final     randk   out     35  0.000     0.999    0.007    1.000         0.000         18.679        rulex               40.000     1.00
mamba  1000 final     randk   out     35  0.250     0.999    0.007    0.995         0.005         18.085        rulex               40.000     0.98
mamba  1000 final     randk   out     35  0.500     0.999    0.006    0.995         0.005         17.491        rulex               40.000     0.98
mamba  1000 final     randk   out     35  0.750     0.999    0.006    0.995         0.005         16.897        rulex               40.000     0.98
mamba  1000 final     randk   out     35  1.000     0.999    0.006    0.991         0.009         16.303        rulex               40.000     0.98
mamba  1000 final     randk   out     35  0.000     0.999    0.007    1.000         0.000         18.679        rulex               40.000     1.00
mamba  1000 final     randk   out     35  0.250     0.999    0.006    0.995         0.005         18.096        rulex               40.000     0.98
mamba  1000 final     randk   out     35  0.500     0.999    0.006    0.995         0.005         17.513        rulex               40.000     0.98
mamba  1000 final     randk   out     35  0.750     0.999    0.006    0.991         0.009         16.930        rulex               40.000     0.98
mamba  1000 final     randk   out     35  1.000     0.999    0.006    0.991         0.009         16.347        rulex               40.000     0.98
mamba  1000 final     randk  both     18  0.000     0.999    0.007    1.000         0.000         18.679        rulex               40.000     1.00
mamba  1000 final     randk  both     18  0.250     0.999    0.006    0.995         0.005         17.354        rulex               40.000     0.98
mamba  1000 final     randk  both     18  0.500     0.999    0.005    0.991         0.009         15.852        rulex               40.000     0.98
mamba  1000 final     randk  both     18  0.750     0.999    0.005    0.982         0.018         14.144        rulex               40.000     0.98
mamba  1000 final     randk  both     18  1.000     0.999    0.004    0.959         0.036         12.205        rulex               40.000     0.96
mamba  1000 final     randk  both     18  0.000     0.999    0.007    1.000         0.000         18.679        rulex               40.000     1.00
mamba  1000 final     randk  both     18  0.250     0.999    0.006    0.995         0.005         17.354        rulex               40.000     0.98
mamba  1000 final     randk  both     18  0.500     0.999    0.005    0.991         0.009         15.852        rulex               40.000     0.98
mamba  1000 final     randk  both     18  0.750     0.999    0.005    0.982         0.018         14.144        rulex               40.000     0.98
mamba  1000 final     randk  both     18  1.000     0.999    0.004    0.959         0.036         12.205        rulex               40.000     0.96
mamba  1000 final     randk  both     18  0.000     0.999    0.007    1.000         0.000         18.679        rulex               40.000     1.00
mamba  1000 final     randk  both     18  0.250     0.999    0.006    0.995         0.005         17.354        rulex               40.000     0.98
mamba  1000 final     randk  both     18  0.500     0.999    0.005    0.991         0.009         15.852        rulex               40.000     0.98
mamba  1000 final     randk  both     18  0.750     0.999    0.005    0.982         0.018         14.144        rulex               40.000     0.98
mamba  1000 final     randk  both     18  1.000     0.999    0.004    0.959         0.036         12.205        rulex               40.000     0.96
mamba  1000 final  residual    in     18  0.000     0.999    0.007    1.000         0.000         18.679        rulex               40.000     1.00
mamba  1000 final  residual    in     18  0.250     0.999    0.006    0.995         0.005         17.626        rulex               40.000     0.98
mamba  1000 final  residual    in     18  0.500     0.999    0.006    0.986         0.014         16.395        rulex               40.000     0.98
mamba  1000 final  residual    in     18  0.750     0.999    0.005    0.986         0.014         14.956        rulex               40.000     0.98
mamba  1000 final  residual    in     18  1.000     0.999    0.005    0.964         0.032         13.277        rulex               40.000     0.96
mamba  1000 final  residual   out     39  0.000     0.999    0.007    1.000         0.000         18.679        rulex               40.000     1.00
mamba  1000 final  residual   out     39  0.250     0.999    0.006    0.995         0.005         18.027        rulex               40.000     0.98
mamba  1000 final  residual   out     39  0.500     0.999    0.006    0.995         0.005         17.375        rulex               40.000     0.98
mamba  1000 final  residual   out     39  0.750     0.999    0.006    0.995         0.005         16.723        rulex               40.000     0.98
mamba  1000 final  residual   out     39  1.000     0.999    0.006    0.991         0.009         16.071        rulex               40.000     0.98
mamba  1000 final  residual  both     18  0.000     0.999    0.007    1.000         0.000         18.679        rulex               40.000     1.00
mamba  1000 final  residual  both     18  0.250     0.999    0.006    0.995         0.005         17.354        rulex               40.000     0.98
mamba  1000 final  residual  both     18  0.500     0.999    0.005    0.991         0.009         15.852        rulex               40.000     0.98
mamba  1000 final  residual  both     18  0.750     0.999    0.005    0.982         0.018         14.144        rulex               40.000     0.98
mamba  1000 final  residual  both     18  1.000     0.999    0.004    0.959         0.036         12.205        rulex               40.000     0.96
mamba  1000 final   neurons units      0  0.000     0.999    0.007    1.000         0.000         18.679        rulex               40.000     1.00
mamba  1000 final   neurons units      1  0.001     0.999    0.007    0.995         0.005         18.629        rulex               40.000     0.98
mamba  1000 final   neurons units      2  0.001     0.999    0.007    0.995         0.005         18.589        rulex               40.000     0.98
mamba  1000 final   neurons units      4  0.003     0.999    0.007    0.995         0.005         18.509        rulex               40.000     0.98
mamba  1000 final   neurons units      8  0.005     0.999    0.007    0.995         0.005         18.361        rulex               40.000     0.98
mamba  1000 final   neurons units     16  0.010     0.999    0.007    0.995         0.005         18.106        rulex               40.000     0.98
mamba  1000 final   neurons units     32  0.021     0.999    0.007    0.995         0.005         17.653        rulex               40.000     0.98
mamba  1000 final   neurons units     64  0.042     0.999    0.006    0.995         0.005         16.835        rulex               40.000     0.98
mamba  1000 final   neurons units    128  0.083     0.999    0.007    0.986         0.014         15.424        rulex               40.000     0.98
mamba  1000 final   neurons units    256  0.167     0.998    0.008    0.950         0.032         13.025        rulex               40.000     0.96
mamba  1000 final   neurons units    512  0.333     0.991    0.034    0.739         0.095          8.296        rulex               40.000     0.88
mamba  1000 final randunits units      0  0.000     0.999    0.007    1.000         0.000         18.679        rulex               40.000     1.00
mamba  1000 final randunits units      1  0.001     0.999    0.007    1.000         0.000         18.674        rulex               40.000     1.00
mamba  1000 final randunits units      2  0.001     0.999    0.007    0.995         0.005         18.666        rulex               40.000     0.98
mamba  1000 final randunits units      4  0.003     0.999    0.007    1.000         0.000         18.632        rulex               40.000     1.00
mamba  1000 final randunits units      8  0.005     0.999    0.007    1.000         0.000         18.678        rulex               40.000     1.00
mamba  1000 final randunits units     16  0.010     0.999    0.007    0.995         0.005         18.671        rulex               40.000     0.98
mamba  1000 final randunits units     32  0.021     0.999    0.009    0.995         0.005         18.521        rulex               40.000     0.98
mamba  1000 final randunits units     64  0.042     0.998    0.008    0.995         0.005         18.352        rulex               40.000     0.98
mamba  1000 final randunits units    128  0.083     0.998    0.008    0.995         0.005         18.425        rulex               40.000     0.98
mamba  1000 final randunits units    256  0.167     0.997    0.012    0.995         0.005         18.091        rulex               40.000     0.98
mamba  1000 final randunits units    512  0.333     0.990    0.036    0.955         0.005         16.836        rulex               40.000     0.98
mamba  1000 final randunits units      0  0.000     0.999    0.007    1.000         0.000         18.679        rulex               40.000     1.00
mamba  1000 final randunits units      1  0.001     0.999    0.007    1.000         0.000         18.655        rulex               40.000     1.00
mamba  1000 final randunits units      2  0.001     0.999    0.007    1.000         0.000         18.674        rulex               40.000     1.00
mamba  1000 final randunits units      4  0.003     0.999    0.007    1.000         0.000         18.704        rulex               40.000     1.00
mamba  1000 final randunits units      8  0.005     0.999    0.007    0.995         0.005         18.697        rulex               40.000     0.98
mamba  1000 final randunits units     16  0.010     0.998    0.007    0.995         0.000         18.567        rulex               40.000     1.00
mamba  1000 final randunits units     32  0.021     0.999    0.008    1.000         0.000         18.671        rulex               40.000     1.00
mamba  1000 final randunits units     64  0.042     0.999    0.007    1.000         0.000         18.403        rulex               40.000     1.00
mamba  1000 final randunits units    128  0.083     0.998    0.008    0.995         0.005         17.840        rulex               40.000     0.98
mamba  1000 final randunits units    256  0.167     0.996    0.016    0.991         0.005         18.354        rulex               40.000     0.98
mamba  1000 final randunits units    512  0.333     0.992    0.033    0.973         0.000         17.059        rulex               40.000     1.00
mamba  1000 final randunits units      0  0.000     0.999    0.007    1.000         0.000         18.679        rulex               40.000     1.00
mamba  1000 final randunits units      1  0.001     0.999    0.007    1.000         0.000         18.681        rulex               40.000     1.00
mamba  1000 final randunits units      2  0.001     0.999    0.007    1.000         0.000         18.671        rulex               40.000     1.00
mamba  1000 final randunits units      4  0.003     0.999    0.007    1.000         0.000         18.691        rulex               40.000     1.00
mamba  1000 final randunits units      8  0.005     0.999    0.007    1.000         0.000         18.656        rulex               40.000     1.00
mamba  1000 final randunits units     16  0.010     0.999    0.007    0.995         0.000         18.552        rulex               40.000     1.00
mamba  1000 final randunits units     32  0.021     0.999    0.007    0.995         0.005         18.659        rulex               40.000     0.98
mamba  1000 final randunits units     64  0.042     0.998    0.008    0.995         0.005         18.541        rulex               40.000     0.98
mamba  1000 final randunits units    128  0.083     0.998    0.009    1.000         0.000         18.310        rulex               40.000     1.00
mamba  1000 final randunits units    256  0.167     0.997    0.012    0.995         0.000         17.483        rulex               40.000     1.00
mamba  1000 final randunits units    512  0.333     0.991    0.035    0.955         0.014         16.679        rulex               40.000     0.98
mamba  1001 final      none     -      0  0.000     0.998    0.010    1.000         0.000         18.793        rulex               40.000     1.00
mamba  1001 final   lowpass    in      0  0.000     0.007   19.802    0.009         0.005         -0.975      uniform                0.200     1.00
mamba  1001 final   lowpass    in      1  1.000     0.009   20.685    0.000         0.009          0.067 gcm_circular                1.459     0.00
mamba  1001 final   lowpass    in      2  2.000     0.008   20.046    0.009         0.005          0.101   gcm_linear                0.938     1.00
mamba  1001 final   lowpass    in      3  3.000     0.059    4.776    0.032         0.032         -9.509        rulex                0.200     0.50
mamba  1001 final   lowpass    in      4  4.000     0.061    4.779    0.032         0.027         -9.404        rulex                0.484     0.54
mamba  1001 final   lowpass    in      6  6.000     0.195    3.162    0.014         0.104        -11.836 gcm_circular               40.000     0.10
mamba  1001 final   lowpass    in      8  8.000     0.194    3.180    0.014         0.104        -11.562 gcm_circular               40.000     0.10
mamba  1001 final   lowpass    in     12 12.000     0.197    3.204    0.014         0.099        -10.863 gcm_circular               40.000     0.10
mamba  1001 final   lowpass    in     16 16.000     0.415    1.781    0.027         0.149        -11.552 gcm_circular               40.000     0.14
mamba  1001 final   lowpass    in     24 24.000     0.964    0.113    0.099         0.626        -11.478        rulex               40.000     0.14
mamba  1001 final   lowpass    in     32 32.000     0.957    0.127    0.144         0.500         -8.821        rulex               40.000     0.22
mamba  1001 final   lowpass    in     48 48.000     0.997    0.013    0.536         0.320          2.756        rulex               40.000     0.62
mamba  1001 final   lowpass    in     74 74.000     0.998    0.010    1.000         0.000         18.793        rulex               40.000     1.00
mamba  1001 final   lowpass   out      0  0.000     0.006    5.004    0.000         0.005          0.000      uniform                0.200     0.00
mamba  1001 final   lowpass   out      1  1.000     0.007    5.006    0.009         0.005          0.141      uniform                0.603     1.00
mamba  1001 final   lowpass   out      2  2.000     0.007    5.007    0.014         0.000          0.305      uniform                0.484     1.00
mamba  1001 final   lowpass   out      3  3.000     0.062    3.598    0.077         0.005          1.676        rulex                0.938     1.00
mamba  1001 final   lowpass   out      4  4.000     0.063    3.612    0.059         0.000          1.846        rulex                0.603     1.00
mamba  1001 final   lowpass   out      6  6.000     0.252    2.438    0.099         0.014          3.049 gcm_circular               10.637     0.90
mamba  1001 final   lowpass   out      8  8.000     0.244    2.451    0.117         0.005          3.346 gcm_circular               10.637     0.98
mamba  1001 final   lowpass   out     12 12.000     0.212    2.497    0.176         0.005          3.988 gcm_circular                8.530     1.00
mamba  1001 final   lowpass   out     16 16.000     0.510    1.550    0.482         0.000          5.966        rulex               10.637     1.00
mamba  1001 final   lowpass   out     24 24.000     0.977    0.114    0.698         0.014          9.516        rulex               40.000     0.98
mamba  1001 final   lowpass   out     32 32.000     0.974    0.121    0.784         0.009         10.414        rulex               40.000     0.98
mamba  1001 final   lowpass   out     48 48.000     0.995    0.020    0.986         0.000         13.667        rulex               40.000     1.00
mamba  1001 final   lowpass   out     74 74.000     0.998    0.010    1.000         0.000         18.793        rulex               40.000     1.00
mamba  1001 final   lowpass  both      0  0.000     0.007    5.004    0.000         0.005          0.000      uniform                0.200     0.00
mamba  1001 final   lowpass  both      1  1.000     0.008    4.976    0.005         0.005         -0.049   gcm_linear                2.268     0.50
mamba  1001 final   lowpass  both      2  2.000     0.011    4.971    0.014         0.009         -0.033   gcm_linear                1.819     1.00
mamba  1001 final   lowpass  both      3  3.000     0.115    2.994    0.009         0.090        -11.663         rule                0.200     0.04
mamba  1001 final   lowpass  both      4  4.000     0.109    3.003    0.009         0.122        -11.657         rule                0.200     0.02
mamba  1001 final   lowpass  both      6  6.000     0.515    1.531    0.005         0.514        -15.033 gcm_circular               40.000     0.00
mamba  1001 final   lowpass  both      8  8.000     0.498    1.535    0.005         0.477        -14.907 gcm_circular               40.000     0.00
mamba  1001 final   lowpass  both     12 12.000     0.439    1.566    0.000         0.401        -14.548 gcm_circular               40.000     0.00
mamba  1001 final   lowpass  both     16 16.000     0.865    0.703    0.000         0.806        -16.511         rule               40.000     0.00
mamba  1001 final   lowpass  both     24 24.000     0.998    0.024    0.014         0.955        -17.421         rule               40.000     0.02
mamba  1001 final   lowpass  both     32 32.000     0.996    0.030    0.032         0.905        -14.984         rule               40.000     0.04
mamba  1001 final   lowpass  both     48 48.000     0.999    0.004    0.284         0.581         -2.821        rulex               40.000     0.32
mamba  1001 final   lowpass  both     74 74.000     0.998    0.010    1.000         0.000         18.793        rulex               40.000     1.00
mamba  1001 final      etop    in      0  0.000     0.998    0.010    1.000         0.000         18.793        rulex               40.000     1.00
mamba  1001 final      etop    in      1  0.050     0.835    0.438    0.955         0.000         16.796        rulex                8.530     1.00
mamba  1001 final      etop    in      1  0.100     0.835    0.438    0.955         0.000         16.796        rulex                8.530     1.00
mamba  1001 final      etop    in      2  0.200     0.812    0.521    0.856         0.000         15.506        rulex                8.530     1.00
mamba  1001 final      etop    in      4  0.300     0.464    1.726    0.730         0.000         15.496        rulex                2.268     1.00
mamba  1001 final      etop    in      5  0.400     0.362    2.450    0.662         0.000         16.627        rulex                2.268     1.00
mamba  1001 final      etop    in      7  0.500     0.037    8.430    0.649         0.000         25.991        rulex                0.388     1.00
mamba  1001 final      etop    in      9  0.600     0.006   20.743    0.703         0.000         34.859  gcm_hamming                0.484     1.00
mamba  1001 final      etop    in     20  0.700     0.006   20.822    0.568         0.000         32.733  gcm_hamming                0.388     1.00
mamba  1001 final      etop    in     36  0.800     0.006   20.650    0.414         0.000         27.762  gcm_hamming                0.311     1.00
mamba  1001 final      etop    in     53  0.900     0.006   20.407    0.171         0.000         17.629  gcm_hamming                0.200     1.00
mamba  1001 final      etop    in     63  0.950     0.007   20.154    0.041         0.005          8.419 gcm_circular                0.200     1.00
mamba  1001 final      etop    in     74  1.000     0.007   19.802    0.009         0.005         -0.975      uniform                0.200     1.00
mamba  1001 final      etop   out      0  0.000     0.998    0.010    1.000         0.000         18.793        rulex               40.000     1.00
mamba  1001 final      etop   out      1  0.050     0.896    0.289    1.000         0.000         17.526        rulex               13.264     1.00
mamba  1001 final      etop   out      1  0.100     0.896    0.289    1.000         0.000         17.526        rulex               13.264     1.00
mamba  1001 final      etop   out      2  0.200     0.832    0.461    0.995         0.000         16.155        rulex               10.637     1.00
mamba  1001 final      etop   out      3  0.300     0.674    0.947    0.986         0.000         15.173        rulex                5.485     1.00
mamba  1001 final      etop   out      4  0.400     0.576    1.359    0.968         0.000         14.928        rulex                5.485     1.00
mamba  1001 final      etop   out      5  0.500     0.277    2.461    0.932         0.000         13.472        rulex                2.828     1.00
mamba  1001 final      etop   out      6  0.600     0.080    3.649    0.892         0.000         11.922        rulex                0.200     1.00
mamba  1001 final      etop   out      8  0.700     0.003    5.605    0.811         0.000          9.921  gcm_hamming                0.200     1.00
mamba  1001 final      etop   out     17  0.800     0.004    5.634    0.694         0.000          7.899  gcm_hamming                0.200     1.00
mamba  1001 final      etop   out     43  0.900     0.004    5.323    0.527         0.000          3.771  gcm_hamming                0.200     1.00
mamba  1001 final      etop   out     58  0.950     0.004    5.149    0.234         0.000          1.832  gcm_hamming                0.200     1.00
mamba  1001 final      etop   out     74  1.000     0.006    5.004    0.000         0.005          0.000      uniform                0.200     0.00
mamba  1001 final      etop  both      0  0.000     0.998    0.010    1.000         0.000         18.793        rulex               40.000     1.00
mamba  1001 final      etop  both      1  0.050     0.925    0.220    0.941         0.005         11.631        rulex               16.541     1.00
mamba  1001 final      etop  both      1  0.100     0.925    0.220    0.941         0.005         11.631        rulex               16.541     1.00
mamba  1001 final      etop  both      2  0.200     0.908    0.259    0.743         0.032          7.526        rulex               13.264     0.96
mamba  1001 final      etop  both      4  0.300     0.395    1.979    0.649         0.005          9.895        rulex                2.268     1.00
mamba  1001 final      etop  both      5  0.400     0.135    3.574    0.523         0.000          9.219        rulex                0.603     1.00
mamba  1001 final      etop  both      7  0.500     0.038    5.607    0.423         0.000          9.276        rulex                0.311     1.00
mamba  1001 final      etop  both      9  0.600     0.009    9.613    0.378         0.000          9.864  gcm_hamming                0.388     1.00
mamba  1001 final      etop  both     20  0.700     0.006    6.479    0.149         0.000          3.884  gcm_hamming                0.200     1.00
mamba  1001 final      etop  both     36  0.800     0.006    5.788    0.095         0.000          2.208  gcm_hamming                0.311     1.00
mamba  1001 final      etop  both     53  0.900     0.007    5.354    0.018         0.000          0.480 gcm_circular                0.388     1.00
mamba  1001 final      etop  both     63  0.950     0.007    5.169    0.009         0.005          0.085   gcm_linear                0.484     1.00
mamba  1001 final      etop  both     74  1.000     0.007    5.004    0.000         0.005          0.000      uniform                0.200     0.00
mamba  1001 final   ebottom    in      0  0.000     0.998    0.010    1.000         0.000         18.793        rulex               40.000     1.00
mamba  1001 final   ebottom    in     12  0.050     0.998    0.007    1.000         0.000         16.083        rulex               40.000     1.00
mamba  1001 final   ebottom    in     22  0.100     0.999    0.004    0.950         0.050         12.762        rulex               40.000     0.94
mamba  1001 final   ebottom    in     39  0.200     0.999    0.002    0.667         0.297          4.614        rulex               40.000     0.70
mamba  1001 final   ebottom    in     55  0.300     1.000    0.001    0.284         0.703         -5.157        rulex               40.000     0.28
mamba  1001 final   ebottom    in     66  0.400     1.000    0.001    0.090         0.910        -13.224        rulex               40.000     0.10
mamba  1001 final   ebottom    in     68  0.500     1.000    0.003    0.072         0.923        -16.305        rulex               40.000     0.08
mamba  1001 final   ebottom    in     70  0.600     0.939    0.214    0.041         0.752        -16.828        rulex               40.000     0.06
mamba  1001 final   ebottom    in     71  0.700     0.761    0.714    0.023         0.532        -16.113        rulex               25.722     0.04
mamba  1001 final   ebottom    in     73  0.800     0.067    3.971    0.023         0.036        -12.496         rule                0.603     0.36
mamba  1001 final   ebottom    in     74  0.900     0.007   19.802    0.009         0.005         -0.975      uniform                0.200     1.00
mamba  1001 final   ebottom    in     74  0.950     0.007   19.802    0.009         0.005         -0.975      uniform                0.200     1.00
mamba  1001 final   ebottom    in     74  1.000     0.007   19.802    0.009         0.005         -0.975      uniform                0.200     1.00
mamba  1001 final   ebottom   out      0  0.000     0.998    0.010    1.000         0.000         18.793        rulex               40.000     1.00
mamba  1001 final   ebottom   out     17  0.050     0.998    0.008    1.000         0.000         16.848        rulex               40.000     1.00
mamba  1001 final   ebottom   out     32  0.100     0.999    0.006    1.000         0.000         14.871        rulex               40.000     1.00
mamba  1001 final   ebottom   out     58  0.200     0.999    0.005    0.919         0.027         10.748        rulex               40.000     0.98
mamba  1001 final   ebottom   out     67  0.300     0.999    0.006    0.793         0.072          7.893        rulex               40.000     0.92
mamba  1001 final   ebottom   out     69  0.400     0.995    0.031    0.518         0.090          5.320        rulex               40.000     0.86
mamba  1001 final   ebottom   out     70  0.500     0.975    0.150    0.365         0.063          3.865        rulex               25.722     0.86
mamba  1001 final   ebottom   out     71  0.600     0.839    0.750    0.234         0.050          3.619        rulex               10.637     0.82
mamba  1001 final   ebottom   out     72  0.700     0.434    1.878    0.054         0.027          2.638        rulex                2.268     0.66
mamba  1001 final   ebottom   out     73  0.800     0.071    3.283    0.045         0.009          1.266        rulex                0.388     0.90
mamba  1001 final   ebottom   out     74  0.900     0.006    5.004    0.000         0.005          0.000      uniform                0.200     0.00
mamba  1001 final   ebottom   out     74  0.950     0.006    5.004    0.000         0.005          0.000      uniform                0.200     0.00
mamba  1001 final   ebottom   out     74  1.000     0.006    5.004    0.000         0.005          0.000      uniform                0.200     0.00
mamba  1001 final   ebottom  both      0  0.000     0.998    0.010    1.000         0.000         18.793        rulex               40.000     1.00
mamba  1001 final   ebottom  both     12  0.050     0.999    0.006    0.995         0.005         14.171        rulex               40.000     0.98
mamba  1001 final   ebottom  both     22  0.100     1.000    0.002    0.865         0.117          8.964        rulex               40.000     0.88
mamba  1001 final   ebottom  both     39  0.200     1.000    0.000    0.266         0.622         -2.610        rulex               40.000     0.30
mamba  1001 final   ebottom  both     55  0.300     1.000    0.000    0.068         0.896        -12.649        rulex               40.000     0.08
mamba  1001 final   ebottom  both     66  0.400     1.000    0.005    0.014         0.950        -15.537        rulex               40.000     0.02
mamba  1001 final   ebottom  both     68  0.500     0.870    0.553    0.014         0.644        -13.993        rulex               10.637     0.02
mamba  1001 final   ebottom  both     70  0.600     0.388    1.597    0.005         0.248        -14.284         rule                1.170     0.00
mamba  1001 final   ebottom  both     71  0.700     0.737    1.322    0.000         0.694        -16.300         rule                6.840     0.00
mamba  1001 final   ebottom  both     73  0.800     0.154    2.819    0.000         0.131        -14.454         rule                4.398     0.00
mamba  1001 final   ebottom  both     74  0.900     0.007    5.004    0.000         0.005          0.000      uniform                0.200     0.00
mamba  1001 final   ebottom  both     74  0.950     0.007    5.004    0.000         0.005          0.000      uniform                0.200     0.00
mamba  1001 final   ebottom  both     74  1.000     0.007    5.004    0.000         0.005          0.000      uniform                0.200     0.00
mamba  1001 final     erand    in      0  0.000     0.998    0.010    1.000         0.000         18.793        rulex               40.000     1.00
mamba  1001 final     erand    in      2  0.050     0.993    0.024    0.977         0.005         16.335        rulex               40.000     0.98
mamba  1001 final     erand    in      8  0.100     0.992    0.029    0.887         0.041         12.948        rulex               40.000     0.96
mamba  1001 final     erand    in     16  0.200     0.985    0.058    0.676         0.086          8.386        rulex               40.000     0.88
mamba  1001 final     erand    in     23  0.300     0.987    0.052    0.563         0.144          5.368        rulex               40.000     0.80
mamba  1001 final     erand    in     32  0.400     0.774    0.622    0.225         0.090         -1.715        rulex               16.541     0.72
mamba  1001 final     erand    in     41  0.500     0.781    0.592    0.149         0.189         -5.771        rulex               16.541     0.44
mamba  1001 final     erand    in     42  0.600     0.331    2.126    0.104         0.036         -4.474        rulex                1.170     0.74
mamba  1001 final     erand    in     55  0.700     0.249    2.805    0.063         0.063         -8.475        rulex                0.200     0.50
mamba  1001 final     erand    in     62  0.800     0.230    2.879    0.050         0.108        -11.021        rulex                0.200     0.30
mamba  1001 final     erand    in     66  0.900     0.047    5.179    0.027         0.027         -8.504         rule                0.200     0.50
mamba  1001 final     erand    in     72  0.950     0.006   19.709    0.009         0.005          0.812      uniform                0.200     1.00
mamba  1001 final     erand    in     74  1.000     0.007   19.802    0.009         0.005         -0.975      uniform                0.200     1.00
mamba  1001 final     erand    in      0  0.000     0.998    0.010    1.000         0.000         18.793        rulex               40.000     1.00
mamba  1001 final     erand    in      9  0.050     0.992    0.029    0.968         0.014         14.949        rulex               40.000     0.98
mamba  1001 final     erand    in      9  0.100     0.992    0.029    0.968         0.014         14.949        rulex               40.000     0.98
mamba  1001 final     erand    in     14  0.200     0.987    0.047    0.838         0.023         10.851        rulex               40.000     0.98
mamba  1001 final     erand    in     20  0.300     0.860    0.401    0.491         0.045          6.541        rulex               10.637     0.92
mamba  1001 final     erand    in     29  0.400     0.825    0.497    0.279         0.108          0.721        rulex                8.530     0.72
mamba  1001 final     erand    in     38  0.500     0.659    1.014    0.144         0.090         -4.402        rulex                6.840     0.62
mamba  1001 final     erand    in     47  0.600     0.207    3.128    0.090         0.000         -4.545        rulex                0.200     1.00
mamba  1001 final     erand    in     48  0.700     0.209    3.116    0.081         0.014         -4.980        rulex                0.200     0.88
mamba  1001 final     erand    in     51  0.800     0.043    6.282    0.113         0.000          2.380        rulex                0.484     1.00
mamba  1001 final     erand    in     66  0.900     0.010   18.500    0.068         0.005         10.646  gcm_hamming                0.200     1.00
mamba  1001 final     erand    in     67  0.950     0.008   19.816    0.027         0.005          8.498  gcm_hamming                0.200     1.00
mamba  1001 final     erand    in     74  1.000     0.007   19.802    0.009         0.005         -0.975      uniform                0.200     1.00
mamba  1001 final     erand    in      0  0.000     0.998    0.010    1.000         0.000         18.793        rulex               40.000     1.00
mamba  1001 final     erand    in      6  0.050     0.995    0.021    0.932         0.027         14.586        rulex               40.000     0.98
mamba  1001 final     erand    in      7  0.100     0.994    0.021    0.923         0.027         14.298        rulex               40.000     0.98
mamba  1001 final     erand    in     14  0.200     0.982    0.066    0.703         0.072          8.533        rulex               40.000     0.90
mamba  1001 final     erand    in     21  0.300     0.876    0.369    0.437         0.072          4.803        rulex               10.637     0.86
mamba  1001 final     erand    in     22  0.400     0.696    0.898    0.405         0.027          4.175        rulex                5.485     0.94
mamba  1001 final     erand    in     28  0.500     0.456    1.778    0.203         0.027         -0.261        rulex                3.527     0.88
mamba  1001 final     erand    in     34  0.600     0.244    2.776    0.131         0.005         -3.691        rulex                0.200     0.98
mamba  1001 final     erand    in     51  0.700     0.251    2.647    0.063         0.063         -9.533        rulex                0.200     0.50
mamba  1001 final     erand    in     69  0.800     0.275    2.524    0.027         0.149        -12.985        rulex                0.200     0.14
mamba  1001 final     erand    in     72  0.900     0.050    5.179    0.018         0.023         -7.128         rule                0.200     0.44
mamba  1001 final     erand    in     73  0.950     0.007   19.940    0.023         0.005          0.662      uniform                0.200     1.00
mamba  1001 final     erand    in     74  1.000     0.007   19.802    0.009         0.005         -0.975      uniform                0.200     1.00
mamba  1001 final     erand   out      0  0.000     0.998    0.010    1.000         0.000         18.793        rulex               40.000     1.00
mamba  1001 final     erand   out      2  0.050     0.993    0.027    0.995         0.000         17.662        rulex               40.000     1.00
mamba  1001 final     erand   out      2  0.100     0.993    0.027    0.995         0.000         17.662        rulex               40.000     1.00
mamba  1001 final     erand   out     16  0.200     0.978    0.096    0.973         0.005         13.744        rulex               40.000     0.98
mamba  1001 final     erand   out     26  0.300     0.980    0.087    0.928         0.009         12.272        rulex               40.000     0.98
mamba  1001 final     erand   out     32  0.400     0.804    0.596    0.856         0.000         10.191        rulex               16.541     1.00
mamba  1001 final     erand   out     42  0.500     0.331    1.949    0.748         0.005          7.660        rulex                1.459     1.00
mamba  1001 final     erand   out     42  0.600     0.331    1.949    0.748         0.005          7.660        rulex                1.459     1.00
mamba  1001 final     erand   out     55  0.700     0.205    2.652    0.505         0.000          5.686        rulex                0.200     1.00
mamba  1001 final     erand   out     64  0.800     0.045    3.923    0.261         0.005          2.721        rulex                0.200     1.00
mamba  1001 final     erand   out     69  0.900     0.043    3.881    0.117         0.009          2.083        rulex                0.200     1.00
mamba  1001 final     erand   out     72  0.950     0.006    5.032    0.018         0.005          0.311      uniform                0.200     1.00
mamba  1001 final     erand   out     74  1.000     0.006    5.004    0.000         0.005          0.000      uniform                0.200     0.00
mamba  1001 final     erand   out      0  0.000     0.998    0.010    1.000         0.000         18.793        rulex               40.000     1.00
mamba  1001 final     erand   out      9  0.050     0.995    0.024    0.995         0.000         16.297        rulex               40.000     1.00
mamba  1001 final     erand   out      9  0.100     0.995    0.024    0.995         0.000         16.297        rulex               40.000     1.00
mamba  1001 final     erand   out     14  0.200     0.989    0.049    0.977         0.000         14.249        rulex               40.000     1.00
mamba  1001 final     erand   out     19  0.300     0.926    0.278    0.973         0.000         12.676        rulex               20.627     1.00
mamba  1001 final     erand   out     29  0.400     0.884    0.415    0.905         0.005         10.305        rulex               13.264     1.00
mamba  1001 final     erand   out     38  0.500     0.698    0.961    0.743         0.005          7.757        rulex                8.530     1.00
mamba  1001 final     erand   out     47  0.600     0.215    2.525    0.613         0.000          5.243        rulex                0.938     1.00
mamba  1001 final     erand   out     47  0.700     0.215    2.525    0.613         0.000          5.243        rulex                0.938     1.00
mamba  1001 final     erand   out     50  0.800     0.043    3.921    0.455         0.000          3.603        rulex                1.170     1.00
mamba  1001 final     erand   out     66  0.900     0.006    5.045    0.131         0.000          1.248      uniform                0.200     1.00
mamba  1001 final     erand   out     66  0.950     0.006    5.045    0.131         0.000          1.248      uniform                0.200     1.00
mamba  1001 final     erand   out     74  1.000     0.006    5.004    0.000         0.005          0.000      uniform                0.200     0.00
mamba  1001 final     erand   out      0  0.000     0.998    0.010    1.000         0.000         18.793        rulex               40.000     1.00
mamba  1001 final     erand   out      6  0.050     0.994    0.027    0.995         0.000         17.170        rulex               40.000     1.00
mamba  1001 final     erand   out      6  0.100     0.994    0.027    0.995         0.000         17.170        rulex               40.000     1.00
mamba  1001 final     erand   out     14  0.200     0.979    0.096    0.986         0.000         14.281        rulex               40.000     1.00
mamba  1001 final     erand   out     21  0.300     0.901    0.356    0.923         0.000         12.069        rulex               13.264     1.00
mamba  1001 final     erand   out     22  0.400     0.734    0.837    0.910         0.000         11.047        rulex                6.840     1.00
mamba  1001 final     erand   out     28  0.500     0.473    1.635    0.766         0.000          8.569        rulex                4.398     1.00
mamba  1001 final     erand   out     33  0.600     0.241    2.317    0.680         0.000          7.079        rulex                0.200     1.00
mamba  1001 final     erand   out     59  0.700     0.286    2.126    0.311         0.005          3.312        rulex                0.200     1.00
mamba  1001 final     erand   out     72  0.800     0.044    3.751    0.032         0.027          0.356         rule                0.200     0.56
mamba  1001 final     erand   out     72  0.900     0.044    3.751    0.032         0.027          0.356         rule                0.200     0.56
mamba  1001 final     erand   out     73  0.950     0.006    5.023    0.036         0.000          0.110      uniform                0.200     1.00
mamba  1001 final     erand   out     74  1.000     0.006    5.004    0.000         0.005          0.000      uniform                0.200     0.00
mamba  1001 final     erand  both      0  0.000     0.998    0.010    1.000         0.000         18.793        rulex               40.000     1.00
mamba  1001 final     erand  both      2  0.050     0.959    0.125    0.955         0.009         14.875        rulex               40.000     0.98
mamba  1001 final     erand  both      8  0.100     0.946    0.166    0.838         0.036         11.563        rulex               40.000     0.96
mamba  1001 final     erand  both     16  0.200     0.417    1.763    0.527         0.005          7.708        rulex               13.264     1.00
mamba  1001 final     erand  both     23  0.300     0.067    3.744    0.604         0.000          8.562        rulex                0.484     1.00
mamba  1001 final     erand  both     32  0.400     0.069    3.652    0.306         0.009          3.133        rulex                0.484     1.00
mamba  1001 final     erand  both     41  0.500     0.035    4.439    0.261         0.000          3.294        rulex                0.603     1.00
mamba  1001 final     erand  both     42  0.600     0.052    3.909    0.081         0.009         -2.064        rulex                0.200     1.00
mamba  1001 final     erand  both     55  0.700     0.051    3.695    0.027         0.032         -5.456         rule                0.200     0.46
mamba  1001 final     erand  both     62  0.800     0.056    3.552    0.014         0.032         -6.633         rule                0.200     0.26
mamba  1001 final     erand  both     66  0.900     0.012    5.263    0.014         0.014          0.143         rule                0.200     0.50
mamba  1001 final     erand  both     72  0.950     0.008    5.004    0.000         0.005          0.000      uniform                0.200     0.00
mamba  1001 final     erand  both     74  1.000     0.007    5.004    0.000         0.005          0.000      uniform                0.200     0.00
mamba  1001 final     erand  both      0  0.000     0.998    0.010    1.000         0.000         18.793        rulex               40.000     1.00
mamba  1001 final     erand  both      9  0.050     0.993    0.026    0.941         0.027         13.273        rulex               40.000     0.98
mamba  1001 final     erand  both      9  0.100     0.904    0.298    0.955         0.005         13.540        rulex               16.541     1.00
mamba  1001 final     erand  both     14  0.200     0.746    0.750    0.815         0.000         11.112        rulex               10.637     1.00
mamba  1001 final     erand  both     20  0.300     0.186    3.029    0.613         0.000         10.351        rulex                0.200     1.00
mamba  1001 final     erand  both     29  0.400     0.175    2.925    0.360         0.000          4.659        rulex                0.200     1.00
mamba  1001 final     erand  both     38  0.500     0.030    4.479    0.225         0.000          3.414        rulex                0.200     1.00
mamba  1001 final     erand  both     47  0.600     0.039    4.218    0.063         0.018         -2.073        rulex                0.200     0.88
mamba  1001 final     erand  both     48  0.700     0.047    3.937    0.036         0.032         -3.540         rule                0.484     0.54
mamba  1001 final     erand  both     51  0.800     0.007    5.906    0.036         0.009          2.697      uniform                0.603     1.00
mamba  1001 final     erand  both     66  0.900     0.006    7.128    0.018         0.009          1.685      uniform                0.200     1.00
mamba  1001 final     erand  both     67  0.950     0.007    5.004    0.000         0.005          0.000      uniform                0.200     0.00
mamba  1001 final     erand  both     74  1.000     0.007    5.004    0.000         0.005          0.000      uniform                0.200     0.00
mamba  1001 final     erand  both      0  0.000     0.998    0.010    1.000         0.000         18.793        rulex               40.000     1.00
mamba  1001 final     erand  both      6  0.050     0.886    0.336    0.941         0.000         13.209        rulex               13.264     1.00
mamba  1001 final     erand  both      7  0.100     0.887    0.334    0.928         0.000         13.002        rulex               13.264     1.00
mamba  1001 final     erand  both     14  0.200     0.699    0.860    0.676         0.009          9.278        rulex                5.485     0.98
mamba  1001 final     erand  both     21  0.300     0.585    1.294    0.405         0.032          5.266        rulex                5.485     0.94
mamba  1001 final     erand  both     22  0.400     0.378    2.001    0.338         0.036          4.049        rulex                2.268     0.92
mamba  1001 final     erand  both     28  0.500     0.027    5.098    0.428         0.005          6.842        rulex                0.200     1.00
mamba  1001 final     erand  both     34  0.600     0.003    5.789    0.266         0.000          4.600      uniform                0.200     1.00
mamba  1001 final     erand  both     51  0.700     0.005    5.624    0.135         0.000          2.305      uniform                0.200     1.00
mamba  1001 final     erand  both     69  0.800     0.005    5.313    0.045         0.005          0.855      uniform                0.200     1.00
mamba  1001 final     erand  both     72  0.900     0.005    5.255    0.014         0.005          0.336      uniform                0.200     1.00
mamba  1001 final     erand  both     73  0.950     0.006    5.486    0.000         0.005          0.040      uniform                0.249     0.00
mamba  1001 final     erand  both     74  1.000     0.007    5.004    0.000         0.005          0.000      uniform                0.200     0.00
mamba  1001 final      topk    in     53  0.000     0.998    0.010    1.000         0.000         18.793        rulex               40.000     1.00
mamba  1001 final      topk    in     53  0.250     0.997    0.012    1.000         0.000         19.905        rulex               40.000     1.00
mamba  1001 final      topk    in     53  0.500     0.995    0.019    1.000         0.000         21.562        rulex               40.000     1.00
mamba  1001 final      topk    in     53  0.750     0.961    0.143    0.995         0.000         24.233        rulex               40.000     1.00
mamba  1001 final      topk    in     53  1.000     0.006   20.407    0.171         0.000         17.629  gcm_hamming                0.200     1.00
mamba  1001 final      topk   out     43  0.000     0.998    0.010    1.000         0.000         18.793        rulex               40.000     1.00
mamba  1001 final      topk   out     43  0.250     0.997    0.014    1.000         0.000         15.037        rulex               40.000     1.00
mamba  1001 final      topk   out     43  0.500     0.994    0.044    1.000         0.000         11.282        rulex               40.000     1.00
mamba  1001 final      topk   out     43  0.750     0.968    0.635    1.000         0.000          7.526        rulex               40.000     1.00
mamba  1001 final      topk   out     43  1.000     0.004    5.323    0.527         0.000          3.771  gcm_hamming                0.200     1.00
mamba  1001 final      topk  both     53  0.000     0.998    0.010    1.000         0.000         18.793        rulex               40.000     1.00
mamba  1001 final      topk  both     53  0.250     0.996    0.015    1.000         0.000         15.528        rulex               40.000     1.00
mamba  1001 final      topk  both     53  0.500     0.993    0.057    1.000         0.000         11.951        rulex               40.000     1.00
mamba  1001 final      topk  both     53  0.750     0.892    0.982    0.995         0.000          7.587        rulex               20.627     1.00
mamba  1001 final      topk  both     53  1.000     0.007    5.227    0.014         0.005          0.309 gcm_circular                0.388     1.00
mamba  1001 final     randk    in     21  0.000     0.998    0.010    1.000         0.000         18.793        rulex               40.000     1.00
mamba  1001 final     randk    in     21  0.250     0.998    0.009    1.000         0.000         17.697        rulex               40.000     1.00
mamba  1001 final     randk    in     21  0.500     0.998    0.007    1.000         0.000         16.415        rulex               40.000     1.00
mamba  1001 final     randk    in     21  0.750     0.999    0.006    0.986         0.009         14.915        rulex               40.000     0.98
mamba  1001 final     randk    in     21  1.000     0.999    0.004    0.968         0.032         13.163        rulex               40.000     0.96
mamba  1001 final     randk    in     21  0.000     0.998    0.010    1.000         0.000         18.793        rulex               40.000     1.00
mamba  1001 final     randk    in     21  0.250     0.998    0.009    1.000         0.000         17.697        rulex               40.000     1.00
mamba  1001 final     randk    in     21  0.500     0.998    0.007    1.000         0.000         16.415        rulex               40.000     1.00
mamba  1001 final     randk    in     21  0.750     0.999    0.006    0.986         0.009         14.915        rulex               40.000     0.98
mamba  1001 final     randk    in     21  1.000     0.999    0.004    0.968         0.032         13.163        rulex               40.000     0.96
mamba  1001 final     randk    in     21  0.000     0.998    0.010    1.000         0.000         18.793        rulex               40.000     1.00
mamba  1001 final     randk    in     21  0.250     0.998    0.009    1.000         0.000         17.697        rulex               40.000     1.00
mamba  1001 final     randk    in     21  0.500     0.998    0.007    1.000         0.000         16.415        rulex               40.000     1.00
mamba  1001 final     randk    in     21  0.750     0.999    0.006    0.986         0.009         14.915        rulex               40.000     0.98
mamba  1001 final     randk    in     21  1.000     0.999    0.004    0.968         0.032         13.163        rulex               40.000     0.96
mamba  1001 final     randk   out     31  0.000     0.998    0.010    1.000         0.000         18.793        rulex               40.000     1.00
mamba  1001 final     randk   out     31  0.250     0.998    0.009    1.000         0.000         17.850        rulex               40.000     1.00
mamba  1001 final     randk   out     31  0.500     0.998    0.008    1.000         0.000         16.907        rulex               40.000     1.00
mamba  1001 final     randk   out     31  0.750     0.999    0.007    1.000         0.000         15.964        rulex               40.000     1.00
mamba  1001 final     randk   out     31  1.000     0.999    0.006    1.000         0.000         15.022        rulex               40.000     1.00
mamba  1001 final     randk   out     31  0.000     0.998    0.010    1.000         0.000         18.793        rulex               40.000     1.00
mamba  1001 final     randk   out     31  0.250     0.998    0.009    1.000         0.000         17.850        rulex               40.000     1.00
mamba  1001 final     randk   out     31  0.500     0.998    0.008    1.000         0.000         16.907        rulex               40.000     1.00
mamba  1001 final     randk   out     31  0.750     0.999    0.007    1.000         0.000         15.964        rulex               40.000     1.00
mamba  1001 final     randk   out     31  1.000     0.999    0.006    1.000         0.000         15.022        rulex               40.000     1.00
mamba  1001 final     randk   out     31  0.000     0.998    0.010    1.000         0.000         18.793        rulex               40.000     1.00
mamba  1001 final     randk   out     31  0.250     0.998    0.009    1.000         0.000         17.850        rulex               40.000     1.00
mamba  1001 final     randk   out     31  0.500     0.998    0.008    1.000         0.000         16.907        rulex               40.000     1.00
mamba  1001 final     randk   out     31  0.750     0.999    0.007    1.000         0.000         15.964        rulex               40.000     1.00
mamba  1001 final     randk   out     31  1.000     0.999    0.006    1.000         0.000         15.022        rulex               40.000     1.00
mamba  1001 final     randk  both     21  0.000     0.998    0.010    1.000         0.000         18.793        rulex               40.000     1.00
mamba  1001 final     randk  both     21  0.250     0.998    0.008    1.000         0.000         17.096        rulex               40.000     1.00
mamba  1001 final     randk  both     21  0.500     0.999    0.006    1.000         0.000         15.219        rulex               40.000     1.00
mamba  1001 final     randk  both     21  0.750     0.999    0.004    0.968         0.027         13.136        rulex               40.000     0.98
mamba  1001 final     randk  both     21  1.000     0.999    0.003    0.919         0.077         10.824        rulex               40.000     0.92
mamba  1001 final     randk  both     21  0.000     0.998    0.010    1.000         0.000         18.793        rulex               40.000     1.00
mamba  1001 final     randk  both     21  0.250     0.998    0.008    1.000         0.000         17.096        rulex               40.000     1.00
mamba  1001 final     randk  both     21  0.500     0.999    0.006    1.000         0.000         15.219        rulex               40.000     1.00
mamba  1001 final     randk  both     21  0.750     0.999    0.004    0.968         0.027         13.136        rulex               40.000     0.98
mamba  1001 final     randk  both     21  1.000     0.999    0.003    0.919         0.077         10.824        rulex               40.000     0.92
mamba  1001 final     randk  both     21  0.000     0.998    0.010    1.000         0.000         18.793        rulex               40.000     1.00
mamba  1001 final     randk  both     21  0.250     0.998    0.008    1.000         0.000         17.096        rulex               40.000     1.00
mamba  1001 final     randk  both     21  0.500     0.999    0.006    1.000         0.000         15.219        rulex               40.000     1.00
mamba  1001 final     randk  both     21  0.750     0.999    0.004    0.968         0.027         13.136        rulex               40.000     0.98
mamba  1001 final     randk  both     21  1.000     0.999    0.003    0.919         0.077         10.824        rulex               40.000     0.92
mamba  1001 final  residual    in     21  0.000     0.998    0.010    1.000         0.000         18.793        rulex               40.000     1.00
mamba  1001 final  residual    in     21  0.250     0.998    0.009    1.000         0.000         17.697        rulex               40.000     1.00
mamba  1001 final  residual    in     21  0.500     0.998    0.007    1.000         0.000         16.415        rulex               40.000     1.00
mamba  1001 final  residual    in     21  0.750     0.999    0.006    0.986         0.009         14.915        rulex               40.000     0.98
mamba  1001 final  residual    in     21  1.000     0.999    0.004    0.968         0.032         13.163        rulex               40.000     0.96
mamba  1001 final  residual   out     31  0.000     0.998    0.010    1.000         0.000         18.793        rulex               40.000     1.00
mamba  1001 final  residual   out     31  0.250     0.998    0.009    1.000         0.000         17.850        rulex               40.000     1.00
mamba  1001 final  residual   out     31  0.500     0.998    0.008    1.000         0.000         16.907        rulex               40.000     1.00
mamba  1001 final  residual   out     31  0.750     0.999    0.007    1.000         0.000         15.964        rulex               40.000     1.00
mamba  1001 final  residual   out     31  1.000     0.999    0.006    1.000         0.000         15.022        rulex               40.000     1.00
mamba  1001 final  residual  both     21  0.000     0.998    0.010    1.000         0.000         18.793        rulex               40.000     1.00
mamba  1001 final  residual  both     21  0.250     0.998    0.008    1.000         0.000         17.096        rulex               40.000     1.00
mamba  1001 final  residual  both     21  0.500     0.999    0.006    1.000         0.000         15.219        rulex               40.000     1.00
mamba  1001 final  residual  both     21  0.750     0.999    0.004    0.968         0.027         13.136        rulex               40.000     0.98
mamba  1001 final  residual  both     21  1.000     0.999    0.003    0.919         0.077         10.824        rulex               40.000     0.92
mamba  1001 final   neurons units      0  0.000     0.998    0.010    1.000         0.000         18.793        rulex               40.000     1.00
mamba  1001 final   neurons units      1  0.001     0.998    0.010    1.000         0.000         18.572        rulex               40.000     1.00
mamba  1001 final   neurons units      2  0.001     0.998    0.010    1.000         0.000         18.432        rulex               40.000     1.00
mamba  1001 final   neurons units      4  0.003     0.998    0.010    1.000         0.000         18.261        rulex               40.000     1.00
mamba  1001 final   neurons units      8  0.005     0.998    0.010    1.000         0.000         18.033        rulex               40.000     1.00
mamba  1001 final   neurons units     16  0.010     0.998    0.010    1.000         0.000         17.646        rulex               40.000     1.00
mamba  1001 final   neurons units     32  0.021     0.998    0.009    0.991         0.005         16.903        rulex               40.000     0.98
mamba  1001 final   neurons units     64  0.042     0.998    0.008    0.977         0.018         15.590        rulex               40.000     0.98
mamba  1001 final   neurons units    128  0.083     0.999    0.007    0.955         0.027         13.841        rulex               40.000     0.98
mamba  1001 final   neurons units    256  0.167     0.999    0.007    0.887         0.063         10.619        rulex               40.000     0.94
mamba  1001 final   neurons units    512  0.333     0.998    0.010    0.712         0.158          6.552        rulex               40.000     0.82
mamba  1001 final randunits units      0  0.000     0.998    0.010    1.000         0.000         18.793        rulex               40.000     1.00
mamba  1001 final randunits units      1  0.001     0.998    0.010    1.000         0.000         18.785        rulex               40.000     1.00
mamba  1001 final randunits units      2  0.001     0.998    0.010    1.000         0.000         18.792        rulex               40.000     1.00
mamba  1001 final randunits units      4  0.003     0.998    0.010    1.000         0.000         18.642        rulex               40.000     1.00
mamba  1001 final randunits units      8  0.005     0.998    0.011    1.000         0.000         18.827        rulex               40.000     1.00
mamba  1001 final randunits units     16  0.010     0.998    0.010    1.000         0.000         18.613        rulex               40.000     1.00
mamba  1001 final randunits units     32  0.021     0.997    0.010    1.000         0.000         18.679        rulex               40.000     1.00
mamba  1001 final randunits units     64  0.042     0.997    0.012    1.000         0.000         18.438        rulex               40.000     1.00
mamba  1001 final randunits units    128  0.083     0.997    0.012    1.000         0.000         18.169        rulex               40.000     1.00
mamba  1001 final randunits units    256  0.167     0.996    0.015    1.000         0.000         17.660        rulex               40.000     1.00
mamba  1001 final randunits units    512  0.333     0.993    0.026    0.973         0.014         16.604        rulex               40.000     0.98
mamba  1001 final randunits units      0  0.000     0.998    0.010    1.000         0.000         18.793        rulex               40.000     1.00
mamba  1001 final randunits units      1  0.001     0.998    0.010    1.000         0.000         18.756        rulex               40.000     1.00
mamba  1001 final randunits units      2  0.001     0.998    0.010    1.000         0.000         18.782        rulex               40.000     1.00
mamba  1001 final randunits units      4  0.003     0.997    0.010    1.000         0.000         18.784        rulex               40.000     1.00
mamba  1001 final randunits units      8  0.005     0.997    0.011    1.000         0.000         18.806        rulex               40.000     1.00
mamba  1001 final randunits units     16  0.010     0.997    0.011    1.000         0.000         18.884        rulex               40.000     1.00
mamba  1001 final randunits units     32  0.021     0.997    0.011    1.000         0.000         18.748        rulex               40.000     1.00
mamba  1001 final randunits units     64  0.042     0.997    0.012    1.000         0.000         18.766        rulex               40.000     1.00
mamba  1001 final randunits units    128  0.083     0.997    0.012    1.000         0.000         18.457        rulex               40.000     1.00
mamba  1001 final randunits units    256  0.167     0.995    0.018    0.995         0.005         18.495        rulex               40.000     0.98
mamba  1001 final randunits units    512  0.333     0.992    0.031    0.986         0.009         16.542        rulex               40.000     0.98
mamba  1001 final randunits units      0  0.000     0.998    0.010    1.000         0.000         18.793        rulex               40.000     1.00
mamba  1001 final randunits units      1  0.001     0.998    0.010    1.000         0.000         18.801        rulex               40.000     1.00
mamba  1001 final randunits units      2  0.001     0.998    0.010    1.000         0.000         18.793        rulex               40.000     1.00
mamba  1001 final randunits units      4  0.003     0.997    0.010    1.000         0.000         18.784        rulex               40.000     1.00
mamba  1001 final randunits units      8  0.005     0.997    0.011    1.000         0.000         18.816        rulex               40.000     1.00
mamba  1001 final randunits units     16  0.010     0.998    0.011    1.000         0.000         18.882        rulex               40.000     1.00
mamba  1001 final randunits units     32  0.021     0.998    0.011    1.000         0.000         18.640        rulex               40.000     1.00
mamba  1001 final randunits units     64  0.042     0.997    0.012    1.000         0.000         18.765        rulex               40.000     1.00
mamba  1001 final randunits units    128  0.083     0.997    0.012    1.000         0.000         18.327        rulex               40.000     1.00
mamba  1001 final randunits units    256  0.167     0.996    0.018    1.000         0.000         18.135        rulex               40.000     1.00
mamba  1001 final randunits units    512  0.333     0.990    0.043    0.959         0.014         15.954        rulex               40.000     0.98
mamba  1002 final      none     -      0  0.000     0.998    0.006    1.000         0.000         20.177        rulex               40.000     1.00
mamba  1002 final   lowpass    in      0  0.000     0.007   20.349    0.005         0.014         -0.139      uniform                0.200     0.00
mamba  1002 final   lowpass    in      1  1.000     0.042    5.471    0.009         0.027         -8.639 gcm_circular               16.541     0.16
mamba  1002 final   lowpass    in      2  2.000     0.089    4.104    0.009         0.041        -11.586 gcm_circular               32.076     0.14
mamba  1002 final   lowpass    in      3  3.000     0.086    4.121    0.009         0.032        -11.493 gcm_circular               32.076     0.18
mamba  1002 final   lowpass    in      4  4.000     0.200    2.726    0.014         0.090        -14.033 gcm_circular               40.000     0.10
mamba  1002 final   lowpass    in      6  6.000     0.199    2.742    0.014         0.090        -13.892 gcm_circular               40.000     0.10
mamba  1002 final   lowpass    in      8  8.000     0.204    2.707    0.014         0.086        -13.255 gcm_circular               40.000     0.12
mamba  1002 final   lowpass    in     12 12.000     0.203    2.721    0.018         0.072        -12.666 gcm_circular               40.000     0.18
mamba  1002 final   lowpass    in     16 16.000     0.203    2.740    0.018         0.068        -12.083 gcm_circular               40.000     0.20
mamba  1002 final   lowpass    in     24 24.000     0.572    1.160    0.041         0.153         -9.494 gcm_circular               40.000     0.20
mamba  1002 final   lowpass    in     32 32.000     0.561    1.203    0.072         0.099         -6.443 gcm_circular               40.000     0.42
mamba  1002 final   lowpass    in     48 48.000     0.873    0.353    0.365         0.113          2.695        rulex               40.000     0.76
mamba  1002 final   lowpass    in     74 74.000     0.998    0.006    1.000         0.000         20.177        rulex               40.000     1.00
mamba  1002 final   lowpass   out      0  0.000     0.007    5.004    0.005         0.000          0.000      uniform                0.200     1.00
mamba  1002 final   lowpass   out      1  1.000     0.040    3.897    0.032         0.005          0.927 gcm_circular               13.264     1.00
mamba  1002 final   lowpass   out      2  2.000     0.102    3.036    0.059         0.009          2.578 gcm_circular               25.722     0.90
mamba  1002 final   lowpass   out      3  3.000     0.100    3.035    0.041         0.005          2.710 gcm_circular               25.722     0.96
mamba  1002 final   lowpass   out      4  4.000     0.272    2.054    0.099         0.005          3.959 gcm_circular               40.000     0.98
mamba  1002 final   lowpass   out      6  6.000     0.267    2.060    0.108         0.005          4.269 gcm_circular               40.000     0.98
mamba  1002 final   lowpass   out      8  8.000     0.257    2.070    0.126         0.018          4.601 gcm_circular               40.000     0.88
mamba  1002 final   lowpass   out     12 12.000     0.227    2.113    0.225         0.014          5.312 gcm_circular               40.000     0.96
mamba  1002 final   lowpass   out     16 16.000     0.205    2.157    0.257         0.000          5.930 gcm_circular               40.000     1.00
mamba  1002 final   lowpass   out     24 24.000     0.757    0.808    0.495         0.005          8.112        rulex               40.000     0.98
mamba  1002 final   lowpass   out     32 32.000     0.710    0.859    0.622         0.000          9.263        rulex               40.000     1.00
mamba  1002 final   lowpass   out     48 48.000     0.906    0.316    0.959         0.005         13.354        rulex               40.000     1.00
mamba  1002 final   lowpass   out     74 74.000     0.998    0.006    1.000         0.000         20.177        rulex               40.000     1.00
mamba  1002 final   lowpass  both      0  0.000     0.007    5.004    0.005         0.000          0.000      uniform                0.200     1.00
mamba  1002 final   lowpass  both      1  1.000     0.054    3.223    0.005         0.072         -9.049 gcm_circular               25.722     0.00
mamba  1002 final   lowpass  both      2  2.000     0.143    2.569    0.009         0.108        -14.286 gcm_circular               40.000     0.04
mamba  1002 final   lowpass  both      3  3.000     0.148    2.556    0.005         0.140        -14.241 gcm_circular               40.000     0.00
mamba  1002 final   lowpass  both      4  4.000     0.469    1.591    0.000         0.468        -17.800 gcm_circular               40.000     0.00
mamba  1002 final   lowpass  both      6  6.000     0.458    1.592    0.000         0.455        -17.664 gcm_circular               40.000     0.00
mamba  1002 final   lowpass  both      8  8.000     0.456    1.567    0.000         0.486        -17.223 gcm_circular               40.000     0.00
mamba  1002 final   lowpass  both     12 12.000     0.421    1.593    0.000         0.419        -16.786 gcm_circular               40.000     0.00
mamba  1002 final   lowpass  both     16 16.000     0.379    1.620    0.000         0.369        -16.348 gcm_circular               40.000     0.00
mamba  1002 final   lowpass  both     24 24.000     0.902    0.440    0.000         0.829        -15.665         rule               40.000     0.00
mamba  1002 final   lowpass  both     32 32.000     0.855    0.494    0.018         0.671        -13.300        rulex               40.000     0.02
mamba  1002 final   lowpass  both     48 48.000     0.973    0.116    0.162         0.514         -4.273        rulex               40.000     0.24
mamba  1002 final   lowpass  both     74 74.000     0.998    0.006    1.000         0.000         20.177        rulex               40.000     1.00
mamba  1002 final      etop    in      0  0.000     0.998    0.006    1.000         0.000         20.177        rulex               40.000     1.00
mamba  1002 final      etop    in      1  0.050     0.974    0.082    0.959         0.005         16.723        rulex               40.000     0.98
mamba  1002 final      etop    in      1  0.100     0.974    0.082    0.959         0.005         16.723        rulex               40.000     0.98
mamba  1002 final      etop    in      3  0.200     0.463    1.535    0.581         0.000         11.692        rulex               16.541     1.00
mamba  1002 final      etop    in      4  0.300     0.299    2.508    0.545         0.005         12.272 gcm_circular               20.627     1.00
mamba  1002 final      etop    in      5  0.400     0.071    5.015    0.477         0.000         14.038 gcm_circular               25.722     1.00
mamba  1002 final      etop    in      7  0.500     0.006   21.161    0.644         0.000         33.517  gcm_hamming                0.200     1.00
mamba  1002 final      etop    in     10  0.600     0.006   21.222    0.572         0.000         32.286  gcm_hamming                0.311     1.00
mamba  1002 final      etop    in     24  0.700     0.005   21.233    0.428         0.000         29.637  gcm_hamming                0.200     1.00
mamba  1002 final      etop    in     39  0.800     0.006   21.160    0.338         0.000         24.883  gcm_hamming                0.200     1.00
mamba  1002 final      etop    in     56  0.900     0.006   21.233    0.072         0.000         13.648  gcm_hamming                0.200     1.00
mamba  1002 final      etop    in     65  0.950     0.008   21.308    0.036         0.000          5.211  gcm_hamming                0.200     1.00
mamba  1002 final      etop    in     74  1.000     0.007   20.349    0.005         0.014         -0.139      uniform                0.200     0.00
mamba  1002 final      etop   out      0  0.000     0.998    0.006    1.000         0.000         20.177        rulex               40.000     1.00
mamba  1002 final      etop   out      1  0.050     0.972    0.095    0.995         0.000         18.698        rulex               40.000     1.00
mamba  1002 final      etop   out      1  0.100     0.972    0.095    0.995         0.000         18.698        rulex               40.000     1.00
mamba  1002 final      etop   out      2  0.200     0.626    0.885    0.986         0.000         17.449        rulex               20.627     1.00
mamba  1002 final      etop   out      3  0.300     0.445    1.456    0.973         0.000         16.354        rulex               16.541     1.00
mamba  1002 final      etop   out      4  0.400     0.186    2.614    0.964         0.000         14.953 gcm_circular               16.541     1.00
mamba  1002 final      etop   out      4  0.500     0.186    2.614    0.964         0.000         14.953 gcm_circular               16.541     1.00
mamba  1002 final      etop   out      6  0.600     0.011    4.848    0.869         0.000         11.568 gcm_circular                8.530     1.00
mamba  1002 final      etop   out      7  0.700     0.002    6.003    0.842         0.000         10.642  gcm_hamming                0.484     1.00
mamba  1002 final      etop   out     20  0.800     0.002    5.757    0.766         0.000          8.063  gcm_hamming                0.388     1.00
mamba  1002 final      etop   out     45  0.900     0.004    5.366    0.491         0.000          3.942  gcm_hamming                0.311     1.00
mamba  1002 final      etop   out     59  0.950     0.004    5.195    0.275         0.005          1.889  gcm_hamming                0.200     1.00
mamba  1002 final      etop   out     74  1.000     0.007    5.004    0.005         0.000          0.000      uniform                0.200     1.00
mamba  1002 final      etop  both      0  0.000     0.998    0.006    1.000         0.000         20.177        rulex               40.000     1.00
mamba  1002 final      etop  both      1  0.050     0.987    0.045    0.941         0.009         13.053        rulex               40.000     0.98
mamba  1002 final      etop  both      1  0.100     0.987    0.045    0.941         0.009         13.053        rulex               40.000     0.98
mamba  1002 final      etop  both      3  0.200     0.513    1.189    0.464         0.023          5.739        rulex               16.541     0.96
mamba  1002 final      etop  both      4  0.300     0.361    1.869    0.369         0.005          4.060 gcm_circular               20.627     1.00
mamba  1002 final      etop  both      5  0.400     0.078    3.842    0.243         0.005          3.298 gcm_circular               25.722     1.00
mamba  1002 final      etop  both      7  0.500     0.006   13.170    0.482         0.000         17.471  gcm_hamming                0.200     1.00
mamba  1002 final      etop  both     10  0.600     0.007    8.532    0.252         0.000          7.434      uniform                0.200     1.00
mamba  1002 final      etop  both     24  0.700     0.006    6.084    0.140         0.000          3.488      uniform                0.311     1.00
mamba  1002 final      etop  both     39  0.800     0.005    5.785    0.045         0.000          1.753      uniform                0.200     1.00
mamba  1002 final      etop  both     56  0.900     0.005    5.358    0.027         0.005          0.440      uniform                0.388     1.00
mamba  1002 final      etop  both     65  0.950     0.005    5.197    0.027         0.000          0.108      uniform                0.200     1.00
mamba  1002 final      etop  both     74  1.000     0.007    5.004    0.005         0.000          0.000      uniform                0.200     1.00
mamba  1002 final   ebottom    in      0  0.000     0.998    0.006    1.000         0.000         20.177        rulex               40.000     1.00
mamba  1002 final   ebottom    in     10  0.050     0.999    0.004    0.991         0.000         18.138        rulex               40.000     1.00
mamba  1002 final   ebottom    in     19  0.100     1.000    0.002    0.982         0.014         15.351        rulex               40.000     0.98
mamba  1002 final   ebottom    in     36  0.200     1.000    0.001    0.797         0.189          8.382        rulex               40.000     0.80
mamba  1002 final   ebottom    in     51  0.300     1.000    0.000    0.477         0.495          0.134        rulex               40.000     0.50
mamba  1002 final   ebottom    in     65  0.400     1.000    0.000    0.176         0.802         -8.716        rulex               40.000     0.18
mamba  1002 final   ebottom    in     68  0.500     1.000    0.002    0.086         0.878        -12.031        rulex               40.000     0.08
mamba  1002 final   ebottom    in     70  0.600     0.963    0.128    0.050         0.707        -13.766        rulex               32.076     0.06
mamba  1002 final   ebottom    in     71  0.700     0.744    0.734    0.027         0.518        -14.369        rulex                8.530     0.04
mamba  1002 final   ebottom    in     72  0.800     0.291    2.312    0.014         0.131        -14.047         rule                2.268     0.08
mamba  1002 final   ebottom    in     74  0.900     0.007   20.349    0.005         0.014         -0.139      uniform                0.200     0.00
mamba  1002 final   ebottom    in     74  0.950     0.007   20.349    0.005         0.014         -0.139      uniform                0.200     0.00
mamba  1002 final   ebottom    in     74  1.000     0.007   20.349    0.005         0.014         -0.139      uniform                0.200     0.00
mamba  1002 final   ebottom   out      0  0.000     0.998    0.006    1.000         0.000         20.177        rulex               40.000     1.00
mamba  1002 final   ebottom   out     16  0.050     0.998    0.005    0.991         0.005         18.147        rulex               40.000     0.98
mamba  1002 final   ebottom   out     30  0.100     0.999    0.004    0.995         0.005         16.098        rulex               40.000     0.98
mamba  1002 final   ebottom   out     55  0.200     0.999    0.003    0.955         0.023         11.998        rulex               40.000     0.98
mamba  1002 final   ebottom   out     68  0.300     0.998    0.007    0.770         0.099          8.608        rulex               40.000     0.88
mamba  1002 final   ebottom   out     69  0.400     0.995    0.021    0.635         0.122          6.957        rulex               40.000     0.84
mamba  1002 final   ebottom   out     71  0.500     0.896    0.552    0.230         0.068          3.822        rulex               13.264     0.78
mamba  1002 final   ebottom   out     71  0.600     0.896    0.552    0.230         0.068          3.822        rulex               13.264     0.78
mamba  1002 final   ebottom   out     72  0.700     0.454    1.857    0.063         0.009          2.728        rulex                3.527     0.88
mamba  1002 final   ebottom   out     73  0.800     0.073    3.389    0.032         0.009          1.479        rulex                0.200     0.82
mamba  1002 final   ebottom   out     74  0.900     0.007    5.004    0.005         0.000          0.000      uniform                0.200     1.00
mamba  1002 final   ebottom   out     74  0.950     0.007    5.004    0.005         0.000          0.000      uniform                0.200     1.00
mamba  1002 final   ebottom   out     74  1.000     0.007    5.004    0.005         0.000          0.000      uniform                0.200     1.00
mamba  1002 final   ebottom  both      0  0.000     0.998    0.006    1.000         0.000         20.177        rulex               40.000     1.00
mamba  1002 final   ebottom  both     10  0.050     0.999    0.003    0.977         0.014         16.133        rulex               40.000     0.98
mamba  1002 final   ebottom  both     19  0.100     1.000    0.001    0.919         0.068         11.393        rulex               40.000     0.94
mamba  1002 final   ebottom  both     36  0.200     1.000    0.000    0.419         0.505          0.910        rulex               40.000     0.46
mamba  1002 final   ebottom  both     51  0.300     1.000    0.001    0.126         0.743         -7.392        rulex               40.000     0.14
mamba  1002 final   ebottom  both     65  0.400     1.000    0.004    0.036         0.878        -12.138        rulex               40.000     0.04
mamba  1002 final   ebottom  both     68  0.500     0.967    0.365    0.009         0.770        -11.244         rule               32.076     0.02
mamba  1002 final   ebottom  both     70  0.600     0.988    0.230    0.005         0.932        -16.076         rule               40.000     0.02
mamba  1002 final   ebottom  both     71  0.700     0.700    1.367    0.000         0.707        -13.748         rule                6.840     0.00
mamba  1002 final   ebottom  both     72  0.800     0.141    2.988    0.014         0.108         -9.958         rule                0.752     0.08
mamba  1002 final   ebottom  both     74  0.900     0.007    5.004    0.005         0.000          0.000      uniform                0.200     1.00
mamba  1002 final   ebottom  both     74  0.950     0.007    5.004    0.005         0.000          0.000      uniform                0.200     1.00
mamba  1002 final   ebottom  both     74  1.000     0.007    5.004    0.005         0.000          0.000      uniform                0.200     1.00
mamba  1002 final     erand    in      0  0.000     0.998    0.006    1.000         0.000         20.177        rulex               40.000     1.00
mamba  1002 final     erand    in      5  0.050     0.999    0.005    0.995         0.000         18.150        rulex               40.000     1.00
mamba  1002 final     erand    in      6  0.100     0.995    0.018    0.986         0.009         17.211        rulex               40.000     0.98
mamba  1002 final     erand    in      9  0.200     0.979    0.072    0.820         0.032         12.625        rulex               40.000     0.96
mamba  1002 final     erand    in     11  0.300     0.931    0.222    0.671         0.027          9.242        rulex               20.627     0.96
mamba  1002 final     erand    in     19  0.400     0.625    1.116    0.347         0.014          3.159        rulex                5.485     0.96
mamba  1002 final     erand    in     31  0.500     0.655    1.019    0.185         0.045         -2.146        rulex                5.485     0.80
mamba  1002 final     erand    in     34  0.600     0.229    2.805    0.117         0.014         -2.495        rulex                1.819     0.92
mamba  1002 final     erand    in     49  0.700     0.236    2.683    0.063         0.041         -7.397        rulex                1.819     0.62
mamba  1002 final     erand    in     54  0.800     0.050    4.737    0.054         0.005         -6.225        rulex                0.200     1.00
mamba  1002 final     erand    in     59  0.900     0.007   20.956    0.095         0.000         14.164      uniform                0.200     1.00
mamba  1002 final     erand    in     66  0.950     0.006   21.027    0.045         0.005          7.435  gcm_hamming                0.200     1.00
mamba  1002 final     erand    in     74  1.000     0.007   20.349    0.005         0.014         -0.139      uniform                0.200     0.00
mamba  1002 final     erand    in      0  0.000     0.998    0.006    1.000         0.000         20.177        rulex               40.000     1.00
mamba  1002 final     erand    in      7  0.050     0.999    0.004    0.995         0.000         17.397        rulex               40.000     1.00
mamba  1002 final     erand    in     14  0.100     0.999    0.003    0.977         0.014         15.269        rulex               40.000     0.98
mamba  1002 final     erand    in     19  0.200     0.996    0.012    0.761         0.126          9.074        rulex               40.000     0.86
mamba  1002 final     erand    in     24  0.300     0.979    0.071    0.577         0.171          5.598        rulex               32.076     0.78
mamba  1002 final     erand    in     31  0.400     0.862    0.398    0.252         0.185         -1.654        rulex               16.541     0.58
mamba  1002 final     erand    in     39  0.500     0.491    1.505    0.104         0.099         -6.101        rulex               10.637     0.52
mamba  1002 final     erand    in     47  0.600     0.498    1.453    0.050         0.153         -9.154        rulex               10.637     0.24
mamba  1002 final     erand    in     55  0.700     0.199    2.844    0.032         0.063        -10.625        rulex                0.200     0.32
mamba  1002 final     erand    in     60  0.800     0.053    4.601    0.041         0.014         -7.791        rulex                0.200     0.82
mamba  1002 final     erand    in     69  0.900     0.006   21.096    0.014         0.000          3.518  gcm_hamming                0.249     1.00
mamba  1002 final     erand    in     69  0.950     0.006   21.096    0.014         0.000          3.518  gcm_hamming                0.249     1.00
mamba  1002 final     erand    in     74  1.000     0.007   20.349    0.005         0.014         -0.139      uniform                0.200     0.00
mamba  1002 final     erand    in      0  0.000     0.998    0.006    1.000         0.000         20.177        rulex               40.000     1.00
mamba  1002 final     erand    in      2  0.050     0.974    0.080    0.950         0.005         16.480        rulex               40.000     0.98
mamba  1002 final     erand    in      2  0.100     0.974    0.080    0.950         0.005         16.480        rulex               40.000     0.98
mamba  1002 final     erand    in     14  0.200     0.975    0.082    0.806         0.050         11.156        rulex               40.000     0.94
mamba  1002 final     erand    in     20  0.300     0.958    0.136    0.635         0.032          8.026        rulex               32.076     0.96
mamba  1002 final     erand    in     27  0.400     0.868    0.400    0.374         0.095          2.203        rulex               20.627     0.80
mamba  1002 final     erand    in     38  0.500     0.505    1.337    0.113         0.059         -4.716        rulex               13.264     0.66
mamba  1002 final     erand    in     42  0.600     0.515    1.315    0.090         0.099         -6.082        rulex               13.264     0.48
mamba  1002 final     erand    in     46  0.700     0.186    2.928    0.041         0.036         -6.933 gcm_circular               10.637     0.54
mamba  1002 final     erand    in     52  0.800     0.043    5.730    0.041         0.000         -4.843 gcm_circular               16.541     1.00
mamba  1002 final     erand    in     66  0.900     0.009   21.012    0.036         0.000          5.761  gcm_hamming                0.200     1.00
mamba  1002 final     erand    in     66  0.950     0.009   21.012    0.036         0.000          5.761  gcm_hamming                0.200     1.00
mamba  1002 final     erand    in     74  1.000     0.007   20.349    0.005         0.014         -0.139      uniform                0.200     0.00
mamba  1002 final     erand   out      0  0.000     0.998    0.006    1.000         0.000         20.177        rulex               40.000     1.00
mamba  1002 final     erand   out      6  0.050     0.995    0.015    1.000         0.000         18.458        rulex               40.000     1.00
mamba  1002 final     erand   out      9  0.100     0.976    0.092    0.995         0.000         16.832        rulex               40.000     1.00
mamba  1002 final     erand   out      9  0.200     0.976    0.092    0.995         0.000         16.832        rulex               40.000     1.00
mamba  1002 final     erand   out     10  0.300     0.914    0.309    0.977         0.000         15.180        rulex               20.627     1.00
mamba  1002 final     erand   out     19  0.400     0.563    1.297    0.932         0.000         12.481        rulex                5.485     1.00
mamba  1002 final     erand   out     32  0.500     0.595    1.208    0.856         0.000         10.533        rulex                5.485     1.00
mamba  1002 final     erand   out     34  0.600     0.127    2.870    0.815         0.000          8.937        rulex                0.752     1.00
mamba  1002 final     erand   out     48  0.700     0.155    2.669    0.649         0.000          6.603        rulex                1.170     1.00
mamba  1002 final     erand   out     52  0.800     0.037    3.849    0.446         0.000          4.335        rulex                0.752     1.00
mamba  1002 final     erand   out     59  0.900     0.008    5.219    0.320         0.000          2.158  gcm_hamming                0.603     1.00
mamba  1002 final     erand   out     61  0.950     0.008    5.185    0.297         0.005          1.840      uniform                0.484     1.00
mamba  1002 final     erand   out     74  1.000     0.007    5.004    0.005         0.000          0.000      uniform                0.200     1.00
mamba  1002 final     erand   out      0  0.000     0.998    0.006    1.000         0.000         20.177        rulex               40.000     1.00
mamba  1002 final     erand   out     13  0.050     0.999    0.004    1.000         0.000         18.115        rulex               40.000     1.00
mamba  1002 final     erand   out     16  0.100     0.994    0.023    0.995         0.000         16.340        rulex               40.000     1.00
mamba  1002 final     erand   out     22  0.200     0.981    0.077    0.973         0.005         13.833        rulex               40.000     0.98
mamba  1002 final     erand   out     27  0.300     0.983    0.074    0.964         0.005         13.116        rulex               40.000     0.98
mamba  1002 final     erand   out     31  0.400     0.867    0.464    0.905         0.005         11.449        rulex               20.627     1.00
mamba  1002 final     erand   out     39  0.500     0.541    1.243    0.775         0.005          8.497        rulex               10.637     1.00
mamba  1002 final     erand   out     50  0.600     0.592    1.152    0.658         0.009          6.787        rulex               10.637     0.98
mamba  1002 final     erand   out     60  0.700     0.063    3.718    0.243         0.005          3.050        rulex                1.170     1.00
mamba  1002 final     erand   out     60  0.800     0.063    3.718    0.243         0.005          3.050        rulex                1.170     1.00
mamba  1002 final     erand   out     69  0.900     0.003    5.073    0.072         0.000          0.767      uniform                0.311     1.00
mamba  1002 final     erand   out     69  0.950     0.003    5.073    0.072         0.000          0.767      uniform                0.311     1.00
mamba  1002 final     erand   out     74  1.000     0.007    5.004    0.005         0.000          0.000      uniform                0.200     1.00
mamba  1002 final     erand   out      0  0.000     0.998    0.006    1.000         0.000         20.177        rulex               40.000     1.00
mamba  1002 final     erand   out      2  0.050     0.973    0.095    0.995         0.000         18.556        rulex               40.000     1.00
mamba  1002 final     erand   out      2  0.100     0.973    0.095    0.995         0.000         18.556        rulex               40.000     1.00
mamba  1002 final     erand   out     17  0.200     0.978    0.079    0.986         0.000         16.248        rulex               40.000     1.00
mamba  1002 final     erand   out     22  0.300     0.958    0.152    0.977         0.000         14.009        rulex               40.000     1.00
mamba  1002 final     erand   out     27  0.400     0.828    0.576    0.959         0.000         12.079        rulex               20.627     1.00
mamba  1002 final     erand   out     38  0.500     0.401    1.696    0.860         0.000          9.316        rulex               13.264     1.00
mamba  1002 final     erand   out     38  0.600     0.401    1.696    0.860         0.000          9.316        rulex               13.264     1.00
mamba  1002 final     erand   out     45  0.700     0.114    3.069    0.712         0.000          7.202 gcm_circular               10.637     1.00
mamba  1002 final     erand   out     49  0.800     0.023    4.244    0.590         0.000          4.994 gcm_circular               10.637     1.00
mamba  1002 final     erand   out     64  0.900     0.026    4.019    0.230         0.000          2.355 gcm_circular               10.637     1.00
mamba  1002 final     erand   out     66  0.950     0.006    5.112    0.158         0.000          1.278      uniform                0.311     1.00
mamba  1002 final     erand   out     74  1.000     0.007    5.004    0.005         0.000          0.000      uniform                0.200     1.00
mamba  1002 final     erand  both      0  0.000     0.998    0.006    1.000         0.000         20.177        rulex               40.000     1.00
mamba  1002 final     erand  both      5  0.050     0.997    0.013    0.991         0.005         15.398        rulex               40.000     0.98
mamba  1002 final     erand  both      6  0.100     0.987    0.048    0.959         0.009         14.810        rulex               40.000     0.98
mamba  1002 final     erand  both      9  0.200     0.385    1.727    0.667         0.005         11.052        rulex                4.398     1.00
mamba  1002 final     erand  both     11  0.300     0.393    1.608    0.387         0.014          4.941        rulex                5.485     0.98
mamba  1002 final     erand  both     19  0.400     0.227    2.485    0.167         0.014          0.035        rulex                4.398     0.94
mamba  1002 final     erand  both     31  0.500     0.035    4.050    0.113         0.005          0.830        rulex                0.200     1.00
mamba  1002 final     erand  both     34  0.600     0.039    3.834    0.068         0.009         -2.244        rulex                0.200     1.00
mamba  1002 final     erand  both     49  0.700     0.057    3.590    0.032         0.009         -4.742        rulex                0.938     0.84
mamba  1002 final     erand  both     54  0.800     0.005    5.294    0.014         0.000          0.682      uniform                0.388     1.00
mamba  1002 final     erand  both     59  0.900     0.007    5.098    0.009         0.000          0.139      uniform                0.200     1.00
mamba  1002 final     erand  both     66  0.950     0.007    5.096    0.005         0.009          0.066      uniform                0.200     0.00
mamba  1002 final     erand  both     74  1.000     0.007    5.004    0.005         0.000          0.000      uniform                0.200     1.00
mamba  1002 final     erand  both      0  0.000     0.998    0.006    1.000         0.000         20.177        rulex               40.000     1.00
mamba  1002 final     erand  both      7  0.050     0.999    0.004    0.977         0.018         15.329        rulex               40.000     0.98
mamba  1002 final     erand  both     14  0.100     0.995    0.022    0.914         0.045         11.605        rulex               40.000     0.96
mamba  1002 final     erand  both     19  0.200     0.801    0.483    0.599         0.041          7.017        rulex               40.000     0.94
mamba  1002 final     erand  both     24  0.300     0.349    1.886    0.455         0.000          6.149        rulex               10.637     1.00
mamba  1002 final     erand  both     31  0.400     0.456    1.459    0.167         0.059         -2.686        rulex               10.637     0.74
mamba  1002 final     erand  both     39  0.500     0.214    2.459    0.077         0.045         -4.707 gcm_circular               10.637     0.64
mamba  1002 final     erand  both     47  0.600     0.075    3.612    0.054         0.009         -4.645        rulex                0.200     0.92
mamba  1002 final     erand  both     55  0.700     0.071    3.380    0.032         0.045         -7.593        rulex                0.200     0.40
mamba  1002 final     erand  both     60  0.800     0.008    5.233    0.023         0.014          0.474      uniform                0.200     1.00
mamba  1002 final     erand  both     69  0.900     0.007    5.088    0.023         0.000          0.099  gcm_hamming                0.200     1.00
mamba  1002 final     erand  both     69  0.950     0.007    5.088    0.023         0.000          0.099  gcm_hamming                0.200     1.00
mamba  1002 final     erand  both     74  1.000     0.007    5.004    0.005         0.000          0.000      uniform                0.200     1.00
mamba  1002 final     erand  both      0  0.000     0.998    0.006    1.000         0.000         20.177        rulex               40.000     1.00
mamba  1002 final     erand  both      2  0.050     0.976    0.073    0.923         0.014         14.665        rulex               40.000     0.98
mamba  1002 final     erand  both      2  0.100     0.991    0.038    0.896         0.023         11.015        rulex               40.000     0.98
mamba  1002 final     erand  both     14  0.200     0.991    0.040    0.653         0.167          5.808        rulex               40.000     0.80
mamba  1002 final     erand  both     20  0.300     0.896    0.351    0.468         0.090          4.160        rulex               20.627     0.84
mamba  1002 final     erand  both     27  0.400     0.566    1.123    0.149         0.095         -1.982        rulex               13.264     0.62
mamba  1002 final     erand  both     38  0.500     0.649    0.851    0.018         0.315        -10.247        rulex               20.627     0.06
mamba  1002 final     erand  both     42  0.600     0.205    2.465    0.041         0.072         -4.089 gcm_circular               10.637     0.36
mamba  1002 final     erand  both     46  0.700     0.038    3.812    0.027         0.014         -2.727 gcm_circular               13.264     0.74
mamba  1002 final     erand  both     52  0.800     0.022    4.758    0.014         0.009         -0.133   gcm_linear                2.268     0.68
mamba  1002 final     erand  both     66  0.900     0.007    6.984    0.018         0.000          1.077   gcm_linear                0.200     1.00
mamba  1002 final     erand  both     66  0.950     0.006    5.035    0.009         0.000          0.049  gcm_hamming                0.200     1.00
mamba  1002 final     erand  both     74  1.000     0.007    5.004    0.005         0.000          0.000      uniform                0.200     1.00
mamba  1002 final      topk    in     56  0.000     0.998    0.006    1.000         0.000         20.177        rulex               40.000     1.00
mamba  1002 final      topk    in     56  0.250     0.998    0.008    1.000         0.000         21.034        rulex               40.000     1.00
mamba  1002 final      topk    in     56  0.500     0.995    0.015    1.000         0.000         22.239        rulex               40.000     1.00
mamba  1002 final      topk    in     56  0.750     0.967    0.122    0.995         0.005         23.779        rulex               40.000     1.00
mamba  1002 final      topk    in     56  1.000     0.006   21.233    0.072         0.000         13.648  gcm_hamming                0.200     1.00
mamba  1002 final      topk   out     45  0.000     0.998    0.006    1.000         0.000         20.177        rulex               40.000     1.00
mamba  1002 final      topk   out     45  0.250     0.998    0.009    1.000         0.000         16.118        rulex               40.000     1.00
mamba  1002 final      topk   out     45  0.500     0.996    0.041    1.000         0.000         12.059        rulex               40.000     1.00
mamba  1002 final      topk   out     45  0.750     0.969    0.657    1.000         0.000          8.000        rulex               40.000     1.00
mamba  1002 final      topk   out     45  1.000     0.004    5.366    0.491         0.000          3.942  gcm_hamming                0.311     1.00
mamba  1002 final      topk  both     56  0.000     0.998    0.006    1.000         0.000         20.177        rulex               40.000     1.00
mamba  1002 final      topk  both     56  0.250     0.997    0.011    1.000         0.000         16.359        rulex               40.000     1.00
mamba  1002 final      topk  both     56  0.500     0.993    0.055    1.000         0.000         12.281        rulex               40.000     1.00
mamba  1002 final      topk  both     56  0.750     0.909    0.954    0.995         0.000          7.564        rulex               32.076     1.00
mamba  1002 final      topk  both     56  1.000     0.007    5.222    0.032         0.000          0.295      uniform                0.484     1.00
mamba  1002 final     randk    in     18  0.000     0.998    0.006    1.000         0.000         20.177        rulex               40.000     1.00
mamba  1002 final     randk    in     18  0.250     0.999    0.004    0.995         0.000         19.328        rulex               40.000     1.00
mamba  1002 final     randk    in     18  0.500     0.999    0.003    0.995         0.000         18.309        rulex               40.000     1.00
mamba  1002 final     randk    in     18  0.750     0.999    0.002    0.991         0.000         17.083        rulex               40.000     1.00
mamba  1002 final     randk    in     18  1.000     0.999    0.002    0.982         0.014         15.609        rulex               40.000     0.98
mamba  1002 final     randk    in     18  0.000     0.998    0.006    1.000         0.000         20.177        rulex               40.000     1.00
mamba  1002 final     randk    in     18  0.250     0.999    0.004    0.995         0.000         19.328        rulex               40.000     1.00
mamba  1002 final     randk    in     18  0.500     0.999    0.003    0.995         0.000         18.309        rulex               40.000     1.00
mamba  1002 final     randk    in     18  0.750     0.999    0.002    0.991         0.000         17.083        rulex               40.000     1.00
mamba  1002 final     randk    in     18  1.000     0.999    0.002    0.982         0.014         15.609        rulex               40.000     0.98
mamba  1002 final     randk    in     18  0.000     0.998    0.006    1.000         0.000         20.177        rulex               40.000     1.00
mamba  1002 final     randk    in     18  0.250     0.999    0.004    0.995         0.000         19.328        rulex               40.000     1.00
mamba  1002 final     randk    in     18  0.500     0.999    0.003    0.995         0.000         18.309        rulex               40.000     1.00
mamba  1002 final     randk    in     18  0.750     0.999    0.002    0.991         0.000         17.083        rulex               40.000     1.00
mamba  1002 final     randk    in     18  1.000     0.999    0.002    0.982         0.014         15.609        rulex               40.000     0.98
mamba  1002 final     randk   out     29  0.000     0.998    0.006    1.000         0.000         20.177        rulex               40.000     1.00
mamba  1002 final     randk   out     29  0.250     0.998    0.005    1.000         0.000         19.191        rulex               40.000     1.00
mamba  1002 final     randk   out     29  0.500     0.999    0.004    0.995         0.005         18.206        rulex               40.000     0.98
mamba  1002 final     randk   out     29  0.750     0.999    0.004    0.995         0.005         17.220        rulex               40.000     0.98
mamba  1002 final     randk   out     29  1.000     0.999    0.004    0.995         0.005         16.235        rulex               40.000     0.98
mamba  1002 final     randk   out     29  0.000     0.998    0.006    1.000         0.000         20.177        rulex               40.000     1.00
mamba  1002 final     randk   out     29  0.250     0.998    0.005    1.000         0.000         19.191        rulex               40.000     1.00
mamba  1002 final     randk   out     29  0.500     0.999    0.004    0.995         0.005         18.206        rulex               40.000     0.98
mamba  1002 final     randk   out     29  0.750     0.999    0.004    0.995         0.005         17.220        rulex               40.000     0.98
mamba  1002 final     randk   out     29  1.000     0.999    0.004    0.995         0.005         16.235        rulex               40.000     0.98
mamba  1002 final     randk   out     29  0.000     0.998    0.006    1.000         0.000         20.177        rulex               40.000     1.00
mamba  1002 final     randk   out     29  0.250     0.998    0.005    1.000         0.000         19.191        rulex               40.000     1.00
mamba  1002 final     randk   out     29  0.500     0.999    0.004    0.995         0.005         18.206        rulex               40.000     0.98
mamba  1002 final     randk   out     29  0.750     0.999    0.004    0.995         0.005         17.220        rulex               40.000     0.98
mamba  1002 final     randk   out     29  1.000     0.999    0.004    0.995         0.005         16.235        rulex               40.000     0.98
mamba  1002 final     randk  both     18  0.000     0.998    0.006    1.000         0.000         20.177        rulex               40.000     1.00
mamba  1002 final     randk  both     18  0.250     0.999    0.004    0.995         0.000         18.747        rulex               40.000     1.00
mamba  1002 final     randk  both     18  0.500     0.999    0.002    0.986         0.005         17.154        rulex               40.000     0.98
mamba  1002 final     randk  both     18  0.750     1.000    0.002    0.977         0.014         15.367        rulex               40.000     0.98
mamba  1002 final     randk  both     18  1.000     1.000    0.001    0.959         0.032         13.352        rulex               40.000     0.96
mamba  1002 final     randk  both     18  0.000     0.998    0.006    1.000         0.000         20.177        rulex               40.000     1.00
mamba  1002 final     randk  both     18  0.250     0.999    0.004    0.995         0.000         18.747        rulex               40.000     1.00
mamba  1002 final     randk  both     18  0.500     0.999    0.002    0.986         0.005         17.154        rulex               40.000     0.98
mamba  1002 final     randk  both     18  0.750     1.000    0.002    0.977         0.014         15.367        rulex               40.000     0.98
mamba  1002 final     randk  both     18  1.000     1.000    0.001    0.959         0.032         13.352        rulex               40.000     0.96
mamba  1002 final     randk  both     18  0.000     0.998    0.006    1.000         0.000         20.177        rulex               40.000     1.00
mamba  1002 final     randk  both     18  0.250     0.999    0.004    0.995         0.000         18.747        rulex               40.000     1.00
mamba  1002 final     randk  both     18  0.500     0.999    0.002    0.986         0.005         17.154        rulex               40.000     0.98
mamba  1002 final     randk  both     18  0.750     1.000    0.002    0.977         0.014         15.367        rulex               40.000     0.98
mamba  1002 final     randk  both     18  1.000     1.000    0.001    0.959         0.032         13.352        rulex               40.000     0.96
mamba  1002 final  residual    in     18  0.000     0.998    0.006    1.000         0.000         20.177        rulex               40.000     1.00
mamba  1002 final  residual    in     18  0.250     0.999    0.004    0.995         0.000         19.328        rulex               40.000     1.00
mamba  1002 final  residual    in     18  0.500     0.999    0.003    0.995         0.000         18.309        rulex               40.000     1.00
mamba  1002 final  residual    in     18  0.750     0.999    0.002    0.991         0.000         17.083        rulex               40.000     1.00
mamba  1002 final  residual    in     18  1.000     0.999    0.002    0.982         0.014         15.609        rulex               40.000     0.98
mamba  1002 final  residual   out     29  0.000     0.998    0.006    1.000         0.000         20.177        rulex               40.000     1.00
mamba  1002 final  residual   out     29  0.250     0.998    0.005    1.000         0.000         19.191        rulex               40.000     1.00
mamba  1002 final  residual   out     29  0.500     0.999    0.004    0.995         0.005         18.206        rulex               40.000     0.98
mamba  1002 final  residual   out     29  0.750     0.999    0.004    0.995         0.005         17.220        rulex               40.000     0.98
mamba  1002 final  residual   out     29  1.000     0.999    0.004    0.995         0.005         16.235        rulex               40.000     0.98
mamba  1002 final  residual  both     18  0.000     0.998    0.006    1.000         0.000         20.177        rulex               40.000     1.00
mamba  1002 final  residual  both     18  0.250     0.999    0.004    0.995         0.000         18.747        rulex               40.000     1.00
mamba  1002 final  residual  both     18  0.500     0.999    0.002    0.986         0.005         17.154        rulex               40.000     0.98
mamba  1002 final  residual  both     18  0.750     1.000    0.002    0.977         0.014         15.367        rulex               40.000     0.98
mamba  1002 final  residual  both     18  1.000     1.000    0.001    0.959         0.032         13.352        rulex               40.000     0.96
mamba  1002 final   neurons units      0  0.000     0.998    0.006    1.000         0.000         20.177        rulex               40.000     1.00
mamba  1002 final   neurons units      1  0.001     0.998    0.006    1.000         0.000         20.029        rulex               40.000     1.00
mamba  1002 final   neurons units      2  0.001     0.998    0.005    1.000         0.000         19.961        rulex               40.000     1.00
mamba  1002 final   neurons units      4  0.003     0.998    0.005    1.000         0.000         19.832        rulex               40.000     1.00
mamba  1002 final   neurons units      8  0.005     0.998    0.005    1.000         0.000         19.576        rulex               40.000     1.00
mamba  1002 final   neurons units     16  0.010     0.998    0.005    1.000         0.000         19.114        rulex               40.000     1.00
mamba  1002 final   neurons units     32  0.021     0.999    0.005    0.991         0.009         18.203        rulex               40.000     0.98
mamba  1002 final   neurons units     64  0.042     0.999    0.004    0.977         0.023         16.706        rulex               40.000     0.98
mamba  1002 final   neurons units    128  0.083     0.999    0.004    0.955         0.036         14.254        rulex               40.000     0.96
mamba  1002 final   neurons units    256  0.167     0.999    0.004    0.878         0.086         10.023        rulex               40.000     0.92
mamba  1002 final   neurons units    512  0.333     0.997    0.012    0.581         0.243          4.381        rulex               40.000     0.70
mamba  1002 final randunits units      0  0.000     0.998    0.006    1.000         0.000         20.177        rulex               40.000     1.00
mamba  1002 final randunits units      1  0.001     0.998    0.006    1.000         0.000         20.169        rulex               40.000     1.00
mamba  1002 final randunits units      2  0.001     0.998    0.006    1.000         0.000         20.166        rulex               40.000     1.00
mamba  1002 final randunits units      4  0.003     0.998    0.006    1.000         0.000         20.120        rulex               40.000     1.00
mamba  1002 final randunits units      8  0.005     0.998    0.006    0.995         0.000         20.152        rulex               40.000     1.00
mamba  1002 final randunits units     16  0.010     0.998    0.005    1.000         0.000         19.925        rulex               40.000     1.00
mamba  1002 final randunits units     32  0.021     0.998    0.005    1.000         0.000         19.954        rulex               40.000     1.00
mamba  1002 final randunits units     64  0.042     0.998    0.006    1.000         0.000         19.766        rulex               40.000     1.00
mamba  1002 final randunits units    128  0.083     0.997    0.009    1.000         0.000         19.803        rulex               40.000     1.00
mamba  1002 final randunits units    256  0.167     0.997    0.008    0.995         0.005         19.036        rulex               40.000     0.98
mamba  1002 final randunits units    512  0.333     0.990    0.031    0.986         0.005         17.838        rulex               40.000     0.98
mamba  1002 final randunits units      0  0.000     0.998    0.006    1.000         0.000         20.177        rulex               40.000     1.00
mamba  1002 final randunits units      1  0.001     0.998    0.006    1.000         0.000         20.131        rulex               40.000     1.00
mamba  1002 final randunits units      2  0.001     0.998    0.006    1.000         0.000         20.109        rulex               40.000     1.00
mamba  1002 final randunits units      4  0.003     0.998    0.005    1.000         0.000         20.149        rulex               40.000     1.00
mamba  1002 final randunits units      8  0.005     0.998    0.006    1.000         0.000         20.167        rulex               40.000     1.00
mamba  1002 final randunits units     16  0.010     0.998    0.006    1.000         0.000         20.013        rulex               40.000     1.00
mamba  1002 final randunits units     32  0.021     0.998    0.006    1.000         0.000         20.075        rulex               40.000     1.00
mamba  1002 final randunits units     64  0.042     0.998    0.006    0.995         0.000         19.601        rulex               40.000     1.00
mamba  1002 final randunits units    128  0.083     0.997    0.009    0.995         0.000         19.570        rulex               40.000     1.00
mamba  1002 final randunits units    256  0.167     0.996    0.012    0.995         0.000         19.853        rulex               40.000     1.00
mamba  1002 final randunits units    512  0.333     0.991    0.030    0.982         0.014         17.470        rulex               40.000     0.98
mamba  1002 final randunits units      0  0.000     0.998    0.006    1.000         0.000         20.177        rulex               40.000     1.00
mamba  1002 final randunits units      1  0.001     0.998    0.005    1.000         0.000         20.175        rulex               40.000     1.00
mamba  1002 final randunits units      2  0.001     0.998    0.006    1.000         0.000         20.180        rulex               40.000     1.00
mamba  1002 final randunits units      4  0.003     0.998    0.006    1.000         0.000         20.157        rulex               40.000     1.00
mamba  1002 final randunits units      8  0.005     0.998    0.006    1.000         0.000         20.153        rulex               40.000     1.00
mamba  1002 final randunits units     16  0.010     0.998    0.006    1.000         0.000         20.066        rulex               40.000     1.00
mamba  1002 final randunits units     32  0.021     0.998    0.006    1.000         0.000         20.087        rulex               40.000     1.00
mamba  1002 final randunits units     64  0.042     0.998    0.007    1.000         0.000         19.796        rulex               40.000     1.00
mamba  1002 final randunits units    128  0.083     0.998    0.008    1.000         0.000         19.724        rulex               40.000     1.00
mamba  1002 final randunits units    256  0.167     0.996    0.013    0.995         0.000         19.180        rulex               40.000     1.00
mamba  1002 final randunits units    512  0.333     0.992    0.030    0.986         0.005         16.983        rulex               40.000     0.98
mamba  1000 final      none     -      0  0.000     0.998    0.008    0.995         0.005         14.509        rulex               40.000     0.98
mamba  1000 final   lowpass    in      0  0.000     0.007   18.529    0.005         0.009          0.728      uniform                0.200     0.00
mamba  1000 final   lowpass    in      1  1.000     0.008   17.865    0.014         0.009          0.374      uniform                0.200     1.00
mamba  1000 final   lowpass    in      2  2.000     0.009   17.014    0.000         0.014          0.711         rule                0.200     0.00
mamba  1000 final   lowpass    in      3  3.000     0.008   17.025    0.023         0.000          3.051      uniform                0.388     1.00
mamba  1000 final   lowpass    in      4  4.000     0.006   17.227    0.023         0.009          3.948      uniform                0.200     1.00
mamba  1000 final   lowpass    in      6  6.000     0.007   17.129    0.027         0.005          6.078      uniform                0.938     1.00
mamba  1000 final   lowpass    in      8  8.000     0.007   17.275    0.081         0.005          8.774      uniform                0.603     1.00
mamba  1000 final   lowpass    in     12 12.000     0.009   12.583    0.135         0.000          9.533  gcm_hamming                0.603     1.00
mamba  1000 final   lowpass    in     16 16.000     0.010   13.118    0.207         0.000         13.135  gcm_hamming                0.752     1.00
mamba  1000 final   lowpass    in     24 24.000     0.051    5.706    0.162         0.005          2.388        rulex                0.200     1.00
mamba  1000 final   lowpass    in     32 32.000     0.046    5.992    0.230         0.000          7.013        rulex                0.249     1.00
mamba  1000 final   lowpass    in     48 48.000     0.124    3.629    0.279         0.005          5.405        rulex                4.398     1.00
mamba  1000 final   lowpass    in     74 74.000     0.998    0.008    0.995         0.005         14.509        rulex               40.000     0.98
mamba  1000 final   lowpass   out      0  0.000     0.007    5.004    0.000         0.009          0.000      uniform                0.200     0.00
mamba  1000 final   lowpass   out      1  1.000     0.007    5.010    0.027         0.005          0.034      uniform                0.200     1.00
mamba  1000 final   lowpass   out      2  2.000     0.008    5.017    0.023         0.005          0.095      uniform                0.752     1.00
mamba  1000 final   lowpass   out      3  3.000     0.005    5.023    0.009         0.009          0.119      uniform                0.200     0.50
mamba  1000 final   lowpass   out      4  4.000     0.006    5.031    0.005         0.009          0.183      uniform                0.484     0.00
mamba  1000 final   lowpass   out      6  6.000     0.007    5.046    0.009         0.009          0.286      uniform                0.752     0.50
mamba  1000 final   lowpass   out      8  8.000     0.008    5.057    0.018         0.005          0.377      uniform                0.603     1.00
mamba  1000 final   lowpass   out     12 12.000     0.011    5.046    0.063         0.000          0.844 gcm_circular                1.170     1.00
mamba  1000 final   lowpass   out     16 16.000     0.012    5.054    0.072         0.000          1.155         rule                0.484     1.00
mamba  1000 final   lowpass   out     24 24.000     0.037    4.249    0.248         0.000          2.851        rulex                0.200     1.00
mamba  1000 final   lowpass   out     32 32.000     0.029    4.282    0.297         0.000          3.337        rulex                0.200     1.00
mamba  1000 final   lowpass   out     48 48.000     0.119    2.982    0.563         0.000          6.001        rulex                3.527     1.00
mamba  1000 final   lowpass   out     74 74.000     0.998    0.008    0.995         0.005         14.509        rulex               40.000     0.98
mamba  1000 final   lowpass  both      0  0.000     0.007    5.004    0.000         0.009          0.000      uniform                0.200     0.00
mamba  1000 final   lowpass  both      1  1.000     0.005    5.021    0.005         0.005          0.002   gcm_linear                0.311     0.50
mamba  1000 final   lowpass  both      2  2.000     0.004    5.023    0.014         0.000          0.001  gcm_hamming                0.200     1.00
mamba  1000 final   lowpass  both      3  3.000     0.004    5.044    0.005         0.009          0.009   gcm_linear                0.200     0.00
mamba  1000 final   lowpass  both      4  4.000     0.007    5.044    0.005         0.005          0.007      uniform                0.484     0.50
mamba  1000 final   lowpass  both      6  6.000     0.007    5.051    0.005         0.005          0.018      uniform                0.752     0.50
mamba  1000 final   lowpass  both      8  8.000     0.008    5.056    0.000         0.009         -0.010      uniform                0.311     0.00
mamba  1000 final   lowpass  both     12 12.000     0.013    5.079    0.000         0.009         -1.069         rule                0.200     0.00
mamba  1000 final   lowpass  both     16 16.000     0.013    5.097    0.005         0.005         -0.793  gcm_hamming                0.200     0.50
mamba  1000 final   lowpass  both     24 24.000     0.090    3.290    0.014         0.072         -5.448         rule                0.200     0.10
mamba  1000 final   lowpass  both     32 32.000     0.072    3.450    0.018         0.059         -4.476         rule                0.200     0.18
mamba  1000 final   lowpass  both     48 48.000     0.188    2.400    0.032         0.081         -5.814 gcm_circular                6.840     0.26
mamba  1000 final   lowpass  both     74 74.000     0.998    0.008    0.995         0.005         14.509        rulex               40.000     0.98
mamba  1000 final      etop    in      0  0.000     0.998    0.008    0.995         0.005         14.509        rulex               40.000     0.98
mamba  1000 final      etop    in      1  0.050     0.972    0.100    0.923         0.027         14.093        rulex               40.000     0.98
mamba  1000 final      etop    in      1  0.100     0.972    0.100    0.923         0.027         14.093        rulex               40.000     0.98
mamba  1000 final      etop    in      3  0.200     0.587    1.168    0.757         0.005         14.411        rulex               10.637     1.00
mamba  1000 final      etop    in      4  0.300     0.372    1.927    0.775         0.000         15.967        rulex                8.530     1.00
mamba  1000 final      etop    in      5  0.400     0.175    3.289    0.761         0.000         17.614        rulex                1.819     1.00
mamba  1000 final      etop    in      7  0.500     0.030    7.380    0.703         0.000         23.129        rulex                0.388     1.00
mamba  1000 final      etop    in     10  0.600     0.006   17.760    0.802         0.000         30.428  gcm_hamming                0.484     1.00
mamba  1000 final      etop    in     24  0.700     0.007   17.574    0.694         0.000         28.967  gcm_hamming                0.603     1.00
mamba  1000 final      etop    in     39  0.800     0.005   17.372    0.536         0.000         25.303  gcm_hamming                0.484     1.00
mamba  1000 final      etop    in     55  0.900     0.005   17.107    0.189         0.000         16.706      uniform                0.311     1.00
mamba  1000 final      etop    in     64  0.950     0.007   17.001    0.113         0.000          9.402      uniform                0.200     1.00
mamba  1000 final      etop    in     74  1.000     0.007   18.529    0.005         0.009          0.728      uniform                0.200     0.00
mamba  1000 final      etop   out      0  0.000     0.998    0.008    0.995         0.005         14.509        rulex               40.000     0.98
mamba  1000 final      etop   out      1  0.050     0.983    0.085    0.982         0.000         12.855        rulex               40.000     1.00
mamba  1000 final      etop   out      1  0.100     0.983    0.085    0.982         0.000         12.855        rulex               40.000     1.00
mamba  1000 final      etop   out      2  0.200     0.722    0.705    0.905         0.005         11.080        rulex               16.541     1.00
mamba  1000 final      etop   out      3  0.300     0.640    1.033    0.896         0.005         10.055        rulex               10.637     1.00
mamba  1000 final      etop   out      3  0.400     0.640    1.033    0.896         0.005         10.055        rulex               10.637     1.00
mamba  1000 final      etop   out      4  0.500     0.403    1.714    0.865         0.005          8.866        rulex                8.530     1.00
mamba  1000 final      etop   out      5  0.600     0.296    2.404    0.797         0.000          7.489        rulex                6.840     1.00
mamba  1000 final      etop   out      6  0.700     0.079    3.624    0.640         0.000          6.474        rulex                0.200     1.00
mamba  1000 final      etop   out      8  0.800     0.005    5.365    0.342         0.000          4.022  gcm_hamming                0.200     1.00
mamba  1000 final      etop   out     24  0.900     0.006    5.350    0.216         0.000          2.641  gcm_hamming                0.752     1.00
mamba  1000 final      etop   out     47  0.950     0.007    5.163    0.126         0.000          1.252  gcm_hamming                0.200     1.00
mamba  1000 final      etop   out     74  1.000     0.007    5.004    0.000         0.009          0.000      uniform                0.200     0.00
mamba  1000 final      etop  both      0  0.000     0.998    0.008    0.995         0.005         14.509        rulex               40.000     0.98
mamba  1000 final      etop  both      1  0.050     0.990    0.048    0.883         0.041          9.560        rulex               40.000     0.96
mamba  1000 final      etop  both      1  0.100     0.990    0.048    0.883         0.041          9.560        rulex               40.000     0.96
mamba  1000 final      etop  both      3  0.200     0.746    0.712    0.536         0.045          6.165        rulex               13.264     0.92
mamba  1000 final      etop  both      4  0.300     0.477    1.264    0.500         0.009          5.186        rulex               10.637     0.98
mamba  1000 final      etop  both      5  0.400     0.238    2.358    0.401         0.000          6.725        rulex                2.268     1.00
mamba  1000 final      etop  both      7  0.500     0.039    5.440    0.288         0.000          8.462        rulex                0.200     1.00
mamba  1000 final      etop  both     10  0.600     0.006    9.299    0.275         0.000          9.312  gcm_hamming                0.388     1.00
mamba  1000 final      etop  both     24  0.700     0.006    7.907    0.176         0.000          6.168  gcm_hamming                0.388     1.00
mamba  1000 final      etop  both     39  0.800     0.007    5.743    0.059         0.000          1.542   gcm_linear                0.200     1.00
mamba  1000 final      etop  both     55  0.900     0.006    5.432    0.018         0.000          0.523  gcm_hamming                0.200     1.00
mamba  1000 final      etop  both     64  0.950     0.008    5.181    0.009         0.005          0.174  gcm_hamming                0.200     1.00
mamba  1000 final      etop  both     74  1.000     0.007    5.004    0.000         0.009          0.000      uniform                0.200     0.00
mamba  1000 final   ebottom    in      0  0.000     0.998    0.008    0.995         0.005         14.509        rulex               40.000     0.98
mamba  1000 final   ebottom    in     11  0.050     0.999    0.005    0.959         0.027         11.381        rulex               40.000     0.98
mamba  1000 final   ebottom    in     20  0.100     0.999    0.003    0.874         0.099          7.814        rulex               40.000     0.90
mamba  1000 final   ebottom    in     36  0.200     1.000    0.001    0.419         0.532          0.069        rulex               40.000     0.44
mamba  1000 final   ebottom    in     51  0.300     1.000    0.000    0.122         0.860         -8.267        rulex               40.000     0.12
mamba  1000 final   ebottom    in     65  0.400     1.000    0.000    0.041         0.955        -14.939        rulex               40.000     0.04
mamba  1000 final   ebottom    in     68  0.500     1.000    0.003    0.018         0.959        -15.990        rulex               40.000     0.02
mamba  1000 final   ebottom    in     70  0.600     0.776    0.550    0.000         0.545        -14.805         rule               20.627     0.00
mamba  1000 final   ebottom    in     71  0.700     0.674    0.847    0.000         0.464        -13.589         rule               16.541     0.00
mamba  1000 final   ebottom    in     72  0.800     0.260    2.224    0.027         0.176        -12.918 gcm_circular               16.541     0.12
mamba  1000 final   ebottom    in     74  0.900     0.007   18.529    0.005         0.009          0.728      uniform                0.200     0.00
mamba  1000 final   ebottom    in     74  0.950     0.007   18.529    0.005         0.009          0.728      uniform                0.200     0.00
mamba  1000 final   ebottom    in     74  1.000     0.007   18.529    0.005         0.009          0.728      uniform                0.200     0.00
mamba  1000 final   ebottom   out      0  0.000     0.998    0.008    0.995         0.005         14.509        rulex               40.000     0.98
mamba  1000 final   ebottom   out     28  0.050     0.998    0.007    0.986         0.005         13.193        rulex               40.000     0.98
mamba  1000 final   ebottom   out     51  0.100     0.999    0.005    0.959         0.018         11.799        rulex               40.000     0.98
mamba  1000 final   ebottom   out     67  0.200     0.998    0.008    0.901         0.027          9.313        rulex               40.000     0.96
mamba  1000 final   ebottom   out     69  0.300     0.969    0.186    0.725         0.045          7.019        rulex               40.000     0.94
mamba  1000 final   ebottom   out     70  0.400     0.906    0.460    0.468         0.063          5.642        rulex               25.722     0.88
mamba  1000 final   ebottom   out     71  0.500     0.801    0.953    0.333         0.041          4.454        rulex               16.541     0.90
mamba  1000 final   ebottom   out     72  0.600     0.344    2.097    0.162         0.014          3.428        rulex               13.264     0.94
mamba  1000 final   ebottom   out     72  0.700     0.344    2.097    0.162         0.014          3.428        rulex               13.264     0.94
mamba  1000 final   ebottom   out     73  0.800     0.062    3.529    0.018         0.009          1.654         rule                0.200     0.70
mamba  1000 final   ebottom   out     74  0.900     0.007    5.004    0.000         0.009          0.000      uniform                0.200     0.00
mamba  1000 final   ebottom   out     74  0.950     0.007    5.004    0.000         0.009          0.000      uniform                0.200     0.00
mamba  1000 final   ebottom   out     74  1.000     0.007    5.004    0.000         0.009          0.000      uniform                0.200     0.00
mamba  1000 final   ebottom  both      0  0.000     0.998    0.008    0.995         0.005         14.509        rulex               40.000     0.98
mamba  1000 final   ebottom  both     11  0.050     0.999    0.004    0.937         0.036         10.064        rulex               40.000     0.96
mamba  1000 final   ebottom  both     20  0.100     1.000    0.002    0.685         0.248          5.151        rulex               40.000     0.74
mamba  1000 final   ebottom  both     36  0.200     1.000    0.002    0.203         0.671         -3.690        rulex               40.000     0.24
mamba  1000 final   ebottom  both     51  0.300     0.995    0.116    0.050         0.851         -9.243        rulex               40.000     0.06
mamba  1000 final   ebottom  both     65  0.400     0.986    0.306    0.005         0.878        -11.861         rule               40.000     0.02
mamba  1000 final   ebottom  both     68  0.500     0.972    0.599    0.000         0.914        -11.565         rule               40.000     0.00
mamba  1000 final   ebottom  both     70  0.600     0.611    1.639    0.009         0.590        -10.752         rule               40.000     0.02
mamba  1000 final   ebottom  both     71  0.700     0.657    1.536    0.009         0.667        -12.282         rule               40.000     0.02
mamba  1000 final   ebottom  both     72  0.800     0.148    3.101    0.005         0.162         -8.119         rule                0.200     0.00
mamba  1000 final   ebottom  both     74  0.900     0.007    5.004    0.000         0.009          0.000      uniform                0.200     0.00
mamba  1000 final   ebottom  both     74  0.950     0.007    5.004    0.000         0.009          0.000      uniform                0.200     0.00
mamba  1000 final   ebottom  both     74  1.000     0.007    5.004    0.000         0.009          0.000      uniform                0.200     0.00
mamba  1000 final     erand    in      0  0.000     0.998    0.008    0.995         0.005         14.509        rulex               40.000     0.98
mamba  1000 final     erand    in      1  0.050     0.972    0.100    0.923         0.027         14.093        rulex               40.000     0.98
mamba  1000 final     erand    in      1  0.100     0.972    0.100    0.923         0.027         14.093        rulex               40.000     0.98
mamba  1000 final     erand    in     17  0.200     0.983    0.066    0.698         0.104          7.245        rulex               40.000     0.88
mamba  1000 final     erand    in     21  0.300     0.590    0.994    0.410         0.054          5.371        rulex                6.840     0.88
mamba  1000 final     erand    in     28  0.400     0.599    0.991    0.275         0.072          1.754        rulex                6.840     0.80
mamba  1000 final     erand    in     33  0.500     0.425    1.654    0.180         0.063         -0.174        rulex                4.398     0.74
mamba  1000 final     erand    in     39  0.600     0.187    3.142    0.180         0.014          0.861        rulex                0.200     0.96
mamba  1000 final     erand    in     45  0.700     0.200    3.029    0.113         0.027         -1.911        rulex                0.200     0.82
mamba  1000 final     erand    in     53  0.800     0.053    4.485    0.059         0.005         -4.445        rulex                0.200     1.00
mamba  1000 final     erand    in     66  0.900     0.007   16.873    0.054         0.005          8.375      uniform                0.388     1.00
mamba  1000 final     erand    in     66  0.950     0.007   16.873    0.054         0.005          8.375      uniform                0.388     1.00
mamba  1000 final     erand    in     74  1.000     0.007   18.529    0.005         0.009          0.728      uniform                0.200     0.00
mamba  1000 final     erand    in      0  0.000     0.998    0.008    0.995         0.005         14.509        rulex               40.000     0.98
mamba  1000 final     erand    in      9  0.050     0.999    0.005    0.946         0.036         11.195        rulex               40.000     0.96
mamba  1000 final     erand    in     16  0.100     0.998    0.010    0.770         0.135          6.933        rulex               40.000     0.86
mamba  1000 final     erand    in     21  0.200     0.999    0.009    0.622         0.221          4.262        rulex               40.000     0.74
mamba  1000 final     erand    in     35  0.300     0.996    0.031    0.221         0.505         -2.966        rulex               40.000     0.30
mamba  1000 final     erand    in     41  0.400     0.969    0.144    0.113         0.450         -6.060        rulex               25.722     0.20
mamba  1000 final     erand    in     47  0.500     0.975    0.130    0.068         0.586         -8.718        rulex               40.000     0.10
mamba  1000 final     erand    in     53  0.600     0.385    1.711    0.050         0.113         -8.496        rulex                2.828     0.30
mamba  1000 final     erand    in     56  0.700     0.196    2.961    0.059         0.063         -5.698        rulex                0.200     0.48
mamba  1000 final     erand    in     59  0.800     0.200    2.911    0.036         0.086         -6.726        rulex                0.200     0.28
mamba  1000 final     erand    in     65  0.900     0.041    5.396    0.054         0.023         -3.838        rulex                0.200     0.78
mamba  1000 final     erand    in     71  0.950     0.006   16.740    0.014         0.009          2.996      uniform                0.200     1.00
mamba  1000 final     erand    in     74  1.000     0.007   18.529    0.005         0.009          0.728      uniform                0.200     0.00
mamba  1000 final     erand    in      0  0.000     0.998    0.008    0.995         0.005         14.509        rulex               40.000     0.98
mamba  1000 final     erand    in      8  0.050     0.999    0.004    0.937         0.041         10.949        rulex               40.000     0.96
mamba  1000 final     erand    in     12  0.100     0.980    0.077    0.775         0.077          8.946        rulex               40.000     0.90
mamba  1000 final     erand    in     16  0.200     0.983    0.069    0.707         0.108          7.039        rulex               40.000     0.86
mamba  1000 final     erand    in     17  0.300     0.646    0.876    0.523         0.014          7.007        rulex               16.541     0.98
mamba  1000 final     erand    in     22  0.400     0.641    0.925    0.437         0.023          5.095        rulex               13.264     0.96
mamba  1000 final     erand    in     28  0.500     0.343    1.935    0.239         0.023          3.240        rulex                3.527     0.92
mamba  1000 final     erand    in     37  0.600     0.169    3.210    0.149         0.014          0.492        rulex                0.200     0.94
mamba  1000 final     erand    in     39  0.700     0.048    4.704    0.158         0.005          0.619        rulex                0.200     1.00
mamba  1000 final     erand    in     53  0.800     0.055    4.484    0.045         0.009         -4.513        rulex                0.200     0.92
mamba  1000 final     erand    in     69  0.900     0.055    4.329    0.036         0.041         -7.445        rulex                0.200     0.46
mamba  1000 final     erand    in     74  0.950     0.007   18.529    0.005         0.009          0.728      uniform                0.200     0.00
mamba  1000 final     erand    in     74  1.000     0.007   18.529    0.005         0.009          0.728      uniform                0.200     0.00
mamba  1000 final     erand   out      0  0.000     0.998    0.008    0.995         0.005         14.509        rulex               40.000     0.98
mamba  1000 final     erand   out      1  0.050     0.983    0.085    0.982         0.000         12.855        rulex               40.000     1.00
mamba  1000 final     erand   out      1  0.100     0.983    0.085    0.982         0.000         12.855        rulex               40.000     1.00
mamba  1000 final     erand   out     19  0.200     0.908    0.335    0.919         0.000         10.848        rulex               20.627     1.00
mamba  1000 final     erand   out     20  0.300     0.909    0.334    0.914         0.005         10.793        rulex               20.627     1.00
mamba  1000 final     erand   out     21  0.400     0.696    0.802    0.874         0.000          9.778        rulex                8.530     1.00
mamba  1000 final     erand   out     33  0.500     0.462    1.659    0.653         0.005          6.730        rulex                4.398     1.00
mamba  1000 final     erand   out     39  0.600     0.160    3.016    0.509         0.005          4.723        rulex                0.752     1.00
mamba  1000 final     erand   out     39  0.700     0.160    3.016    0.509         0.005          4.723        rulex                0.752     1.00
mamba  1000 final     erand   out     47  0.800     0.046    3.843    0.252         0.000          3.066        rulex                0.200     1.00
mamba  1000 final     erand   out     66  0.900     0.004    5.053    0.027         0.005          0.509      uniform                0.200     1.00
mamba  1000 final     erand   out     66  0.950     0.004    5.053    0.027         0.005          0.509      uniform                0.200     1.00
mamba  1000 final     erand   out     74  1.000     0.007    5.004    0.000         0.009          0.000      uniform                0.200     0.00
mamba  1000 final     erand   out      0  0.000     0.998    0.008    0.995         0.005         14.509        rulex               40.000     0.98
mamba  1000 final     erand   out     16  0.050     0.994    0.024    0.973         0.009         12.687        rulex               40.000     0.98
mamba  1000 final     erand   out     16  0.100     0.994    0.024    0.973         0.009         12.687        rulex               40.000     0.98
mamba  1000 final     erand   out     35  0.200     0.984    0.078    0.919         0.018         10.588        rulex               40.000     0.98
mamba  1000 final     erand   out     41  0.300     0.959    0.245    0.883         0.018          8.976        rulex               32.076     0.98
mamba  1000 final     erand   out     42  0.400     0.959    0.247    0.878         0.018          8.679        rulex               32.076     0.98
mamba  1000 final     erand   out     53  0.500     0.468    1.659    0.550         0.009          5.278        rulex                3.527     0.98
mamba  1000 final     erand   out     53  0.600     0.468    1.659    0.550         0.009          5.278        rulex                3.527     0.98
mamba  1000 final     erand   out     56  0.700     0.181    2.943    0.356         0.009          3.523        rulex                0.484     1.00
mamba  1000 final     erand   out     61  0.800     0.029    4.222    0.140         0.000          2.088        rulex                0.200     1.00
mamba  1000 final     erand   out     61  0.900     0.029    4.222    0.140         0.000          2.088        rulex                0.200     1.00
mamba  1000 final     erand   out     71  0.950     0.007    5.014    0.018         0.005          0.259      uniform                0.200     1.00
mamba  1000 final     erand   out     74  1.000     0.007    5.004    0.000         0.009          0.000      uniform                0.200     0.00
mamba  1000 final     erand   out      0  0.000     0.998    0.008    0.995         0.005         14.509        rulex               40.000     0.98
mamba  1000 final     erand   out     12  0.050     0.981    0.085    0.950         0.005         12.003        rulex               40.000     0.98
mamba  1000 final     erand   out     12  0.100     0.981    0.085    0.950         0.005         12.003        rulex               40.000     0.98
mamba  1000 final     erand   out     17  0.200     0.732    0.697    0.860         0.005         10.009        rulex               16.541     1.00
mamba  1000 final     erand   out     17  0.300     0.732    0.697    0.860         0.005         10.009        rulex               16.541     1.00
mamba  1000 final     erand   out     19  0.400     0.685    0.903    0.829         0.005          8.932        rulex               13.264     1.00
mamba  1000 final     erand   out     27  0.500     0.397    1.783    0.689         0.005          7.454        rulex                3.527     1.00
mamba  1000 final     erand   out     33  0.600     0.351    2.026    0.581         0.000          5.869        rulex                3.527     1.00
mamba  1000 final     erand   out     37  0.700     0.138    3.062    0.419         0.000          4.286        rulex                0.752     1.00
mamba  1000 final     erand   out     39  0.800     0.045    3.918    0.266         0.000          3.049        rulex                0.484     1.00
mamba  1000 final     erand   out     74  0.900     0.007    5.004    0.000         0.009          0.000      uniform                0.200     0.00
mamba  1000 final     erand   out     74  0.950     0.007    5.004    0.000         0.009          0.000      uniform                0.200     0.00
mamba  1000 final     erand   out     74  1.000     0.007    5.004    0.000         0.009          0.000      uniform                0.200     0.00
mamba  1000 final     erand  both      0  0.000     0.998    0.008    0.995         0.005         14.509        rulex               40.000     0.98
mamba  1000 final     erand  both      1  0.050     0.969    0.115    0.896         0.014         12.855        rulex               40.000     0.98
mamba  1000 final     erand  both      1  0.100     0.968    0.113    0.874         0.032         12.275        rulex               40.000     0.96
mamba  1000 final     erand  both     17  0.200     0.640    0.869    0.545         0.036          6.079        rulex               13.264     0.94
mamba  1000 final     erand  both     21  0.300     0.380    1.862    0.248         0.041          3.212        rulex                3.527     0.86
mamba  1000 final     erand  both     28  0.400     0.254    2.502    0.203         0.018          1.863        rulex                1.819     0.94
mamba  1000 final     erand  both     33  0.500     0.061    4.146    0.113         0.005          1.632        rulex                0.200     1.00
mamba  1000 final     erand  both     39  0.600     0.074    3.696    0.045         0.036         -3.312        rulex                0.200     0.56
mamba  1000 final     erand  both     45  0.700     0.009    5.441    0.054         0.009          2.108         rule                0.311     1.00
mamba  1000 final     erand  both     53  0.800     0.013    5.308    0.023         0.000          0.569         rule                0.200     1.00
mamba  1000 final     erand  both     66  0.900     0.006    5.157    0.009         0.000          0.067      uniform                0.200     1.00
mamba  1000 final     erand  both     66  0.950     0.006    5.157    0.009         0.000          0.067      uniform                0.200     1.00
mamba  1000 final     erand  both     74  1.000     0.007    5.004    0.000         0.009          0.000      uniform                0.200     0.00
mamba  1000 final     erand  both      0  0.000     0.998    0.008    0.995         0.005         14.509        rulex               40.000     0.98
mamba  1000 final     erand  both      9  0.050     0.998    0.008    0.923         0.032         10.085        rulex               40.000     0.96
mamba  1000 final     erand  both     16  0.100     0.978    0.113    0.685         0.086          6.208        rulex               40.000     0.88
mamba  1000 final     erand  both     21  0.200     0.948    0.255    0.432         0.135          3.414        rulex               25.722     0.76
mamba  1000 final     erand  both     35  0.300     0.243    2.387    0.117         0.027         -0.291 gcm_circular               10.637     0.82
mamba  1000 final     erand  both     41  0.400     0.280    2.061    0.050         0.077         -5.315 gcm_circular               13.264     0.38
mamba  1000 final     erand  both     47  0.500     0.246    2.089    0.036         0.086         -6.709 gcm_circular               13.264     0.28
mamba  1000 final     erand  both     53  0.600     0.091    3.499    0.027         0.054         -5.865        rulex                0.200     0.30
mamba  1000 final     erand  both     56  0.700     0.007    5.631    0.050         0.000          1.711   gcm_linear                0.200     1.00
mamba  1000 final     erand  both     59  0.800     0.006    5.377    0.027         0.005          0.953      uniform                0.200     1.00
mamba  1000 final     erand  both     65  0.900     0.006    5.164    0.005         0.005          0.139      uniform                0.200     0.50
mamba  1000 final     erand  both     71  0.950     0.008    5.096    0.000         0.009         -0.036      uniform                0.200     0.00
mamba  1000 final     erand  both     74  1.000     0.007    5.004    0.000         0.009          0.000      uniform                0.200     0.00
mamba  1000 final     erand  both      0  0.000     0.998    0.008    0.995         0.005         14.509        rulex               40.000     0.98
mamba  1000 final     erand  both      8  0.050     0.996    0.018    0.919         0.032          9.709        rulex               40.000     0.96
mamba  1000 final     erand  both     12  0.100     0.960    0.159    0.739         0.059          8.472        rulex               32.076     0.92
mamba  1000 final     erand  both     16  0.200     0.914    0.354    0.626         0.054          6.912        rulex               16.541     0.92
mamba  1000 final     erand  both     17  0.300     0.296    2.421    0.482         0.005          8.249        rulex                6.840     1.00
mamba  1000 final     erand  both     22  0.400     0.100    3.674    0.387         0.005          7.214        rulex                0.249     1.00
mamba  1000 final     erand  both     28  0.500     0.023    4.599    0.162         0.000          5.163        rulex                0.200     1.00
mamba  1000 final     erand  both     37  0.600     0.003    5.702    0.149         0.000          4.103      uniform                0.200     1.00
mamba  1000 final     erand  both     39  0.700     0.003    5.317    0.032         0.005          1.805  gcm_hamming                0.200     1.00
mamba  1000 final     erand  both     53  0.800     0.003    5.272    0.018         0.000          0.819  gcm_hamming                0.200     1.00
mamba  1000 final     erand  both     69  0.900     0.003    5.101    0.018         0.005          0.065      uniform                0.200     1.00
mamba  1000 final     erand  both     74  0.950     0.006    5.122    0.018         0.014          0.024   gcm_linear                0.200     1.00
mamba  1000 final     erand  both     74  1.000     0.007    5.004    0.000         0.009          0.000      uniform                0.200     0.00
mamba  1000 final      topk    in     55  0.000     0.998    0.008    0.995         0.005         14.509        rulex               40.000     0.98
mamba  1000 final      topk    in     55  0.250     0.996    0.012    0.995         0.005         15.942        rulex               40.000     0.98
mamba  1000 final      topk    in     55  0.500     0.991    0.030    0.995         0.005         18.184        rulex               40.000     0.98
mamba  1000 final      topk    in     55  0.750     0.894    0.399    0.995         0.005         22.109        rulex               20.627     1.00
mamba  1000 final      topk    in     55  1.000     0.005   17.107    0.189         0.000         16.706      uniform                0.311     1.00
mamba  1000 final      topk   out     24  0.000     0.998    0.008    0.995         0.005         14.509        rulex               40.000     0.98
mamba  1000 final      topk   out     24  0.250     0.997    0.018    0.995         0.005         11.542        rulex               40.000     0.98
mamba  1000 final      topk   out     24  0.500     0.994    0.098    0.995         0.005          8.575        rulex               40.000     0.98
mamba  1000 final      topk   out     24  0.750     0.934    1.054    0.991         0.000          5.608        rulex               25.722     1.00
mamba  1000 final      topk   out     24  1.000     0.006    5.350    0.216         0.000          2.641  gcm_hamming                0.752     1.00
mamba  1000 final      topk  both     55  0.000     0.998    0.008    0.995         0.005         14.509        rulex               40.000     0.98
mamba  1000 final      topk  both     55  0.250     0.996    0.021    0.995         0.005         12.168        rulex               40.000     0.98
mamba  1000 final      topk  both     55  0.500     0.989    0.131    0.995         0.005          9.500        rulex               40.000     0.98
mamba  1000 final      topk  both     55  0.750     0.823    1.549    0.982         0.005          6.047        rulex               13.264     1.00
mamba  1000 final      topk  both     55  1.000     0.006    5.144    0.014         0.000          0.202  gcm_hamming                0.200     1.00
mamba  1000 final     randk    in     19  0.000     0.998    0.008    0.995         0.005         14.509        rulex               40.000     0.98
mamba  1000 final     randk    in     19  0.250     0.999    0.006    0.982         0.014         13.222        rulex               40.000     0.98
mamba  1000 final     randk    in     19  0.500     0.999    0.004    0.959         0.027         11.753        rulex               40.000     0.98
mamba  1000 final     randk    in     19  0.750     0.999    0.004    0.937         0.045         10.083        rulex               40.000     0.96
mamba  1000 final     randk    in     19  1.000     0.999    0.003    0.883         0.086          8.204        rulex               40.000     0.92
mamba  1000 final     randk    in     19  0.000     0.998    0.008    0.995         0.005         14.509        rulex               40.000     0.98
mamba  1000 final     randk    in     19  0.250     0.999    0.006    0.982         0.014         13.222        rulex               40.000     0.98
mamba  1000 final     randk    in     19  0.500     0.999    0.004    0.959         0.027         11.753        rulex               40.000     0.98
mamba  1000 final     randk    in     19  0.750     0.999    0.004    0.937         0.045         10.083        rulex               40.000     0.96
mamba  1000 final     randk    in     19  1.000     0.999    0.003    0.883         0.086          8.204        rulex               40.000     0.92
mamba  1000 final     randk    in     19  0.000     0.998    0.008    0.995         0.005         14.509        rulex               40.000     0.98
mamba  1000 final     randk    in     19  0.250     0.999    0.006    0.982         0.014         13.222        rulex               40.000     0.98
mamba  1000 final     randk    in     19  0.500     0.999    0.004    0.959         0.027         11.753        rulex               40.000     0.98
mamba  1000 final     randk    in     19  0.750     0.999    0.004    0.937         0.045         10.083        rulex               40.000     0.96
mamba  1000 final     randk    in     19  1.000     0.999    0.003    0.883         0.086          8.204        rulex               40.000     0.92
mamba  1000 final     randk   out     24  0.000     0.998    0.008    0.995         0.005         14.509        rulex               40.000     0.98
mamba  1000 final     randk   out     24  0.250     0.998    0.007    0.995         0.005         14.192        rulex               40.000     0.98
mamba  1000 final     randk   out     24  0.500     0.998    0.007    0.991         0.005         13.876        rulex               40.000     0.98
mamba  1000 final     randk   out     24  0.750     0.998    0.007    0.986         0.009         13.560        rulex               40.000     0.98
mamba  1000 final     randk   out     24  1.000     0.998    0.007    0.977         0.014         13.243        rulex               40.000     0.98
mamba  1000 final     randk   out     24  0.000     0.998    0.008    0.995         0.005         14.509        rulex               40.000     0.98
mamba  1000 final     randk   out     24  0.250     0.998    0.007    0.995         0.005         14.233        rulex               40.000     0.98
mamba  1000 final     randk   out     24  0.500     0.998    0.007    0.986         0.005         13.958        rulex               40.000     0.98
mamba  1000 final     randk   out     24  0.750     0.998    0.007    0.986         0.005         13.682        rulex               40.000     0.98
mamba  1000 final     randk   out     24  1.000     0.998    0.007    0.982         0.009         13.407        rulex               40.000     0.98
mamba  1000 final     randk   out     24  0.000     0.998    0.008    0.995         0.005         14.509        rulex               40.000     0.98
mamba  1000 final     randk   out     24  0.250     0.998    0.007    0.995         0.005         14.185        rulex               40.000     0.98
mamba  1000 final     randk   out     24  0.500     0.998    0.007    0.995         0.005         13.862        rulex               40.000     0.98
mamba  1000 final     randk   out     24  0.750     0.998    0.006    0.991         0.005         13.538        rulex               40.000     0.98
mamba  1000 final     randk   out     24  1.000     0.998    0.006    0.991         0.005         13.215        rulex               40.000     0.98
mamba  1000 final     randk  both     19  0.000     0.998    0.008    0.995         0.005         14.509        rulex               40.000     0.98
mamba  1000 final     randk  both     19  0.250     0.999    0.006    0.977         0.018         13.006        rulex               40.000     0.98
mamba  1000 final     randk  both     19  0.500     0.999    0.004    0.955         0.032         11.321        rulex               40.000     0.96
mamba  1000 final     randk  both     19  0.750     0.999    0.003    0.932         0.045          9.438        rulex               40.000     0.96
mamba  1000 final     randk  both     19  1.000     0.999    0.003    0.820         0.126          7.352        rulex               40.000     0.86
mamba  1000 final     randk  both     19  0.000     0.998    0.008    0.995         0.005         14.509        rulex               40.000     0.98
mamba  1000 final     randk  both     19  0.250     0.999    0.006    0.977         0.018         13.006        rulex               40.000     0.98
mamba  1000 final     randk  both     19  0.500     0.999    0.004    0.955         0.032         11.321        rulex               40.000     0.96
mamba  1000 final     randk  both     19  0.750     0.999    0.003    0.932         0.045          9.438        rulex               40.000     0.96
mamba  1000 final     randk  both     19  1.000     0.999    0.003    0.820         0.126          7.352        rulex               40.000     0.86
mamba  1000 final     randk  both     19  0.000     0.998    0.008    0.995         0.005         14.509        rulex               40.000     0.98
mamba  1000 final     randk  both     19  0.250     0.999    0.006    0.977         0.018         13.006        rulex               40.000     0.98
mamba  1000 final     randk  both     19  0.500     0.999    0.004    0.955         0.032         11.321        rulex               40.000     0.96
mamba  1000 final     randk  both     19  0.750     0.999    0.003    0.932         0.045          9.438        rulex               40.000     0.96
mamba  1000 final     randk  both     19  1.000     0.999    0.003    0.820         0.126          7.352        rulex               40.000     0.86
mamba  1000 final  residual    in     19  0.000     0.998    0.008    0.995         0.005         14.509        rulex               40.000     0.98
mamba  1000 final  residual    in     19  0.250     0.999    0.006    0.982         0.014         13.222        rulex               40.000     0.98
mamba  1000 final  residual    in     19  0.500     0.999    0.004    0.959         0.027         11.753        rulex               40.000     0.98
mamba  1000 final  residual    in     19  0.750     0.999    0.004    0.937         0.045         10.083        rulex               40.000     0.96
mamba  1000 final  residual    in     19  1.000     0.999    0.003    0.883         0.086          8.204        rulex               40.000     0.92
mamba  1000 final  residual   out     50  0.000     0.998    0.008    0.995         0.005         14.509        rulex               40.000     0.98
mamba  1000 final  residual   out     50  0.250     0.998    0.007    0.995         0.005         13.849        rulex               40.000     0.98
mamba  1000 final  residual   out     50  0.500     0.999    0.006    0.986         0.009         13.188        rulex               40.000     0.98
mamba  1000 final  residual   out     50  0.750     0.998    0.005    0.977         0.014         12.528        rulex               40.000     0.98
mamba  1000 final  residual   out     50  1.000     0.999    0.005    0.959         0.018         11.868        rulex               40.000     0.98
mamba  1000 final  residual  both     19  0.000     0.998    0.008    0.995         0.005         14.509        rulex               40.000     0.98
mamba  1000 final  residual  both     19  0.250     0.999    0.006    0.977         0.018         13.006        rulex               40.000     0.98
mamba  1000 final  residual  both     19  0.500     0.999    0.004    0.955         0.032         11.321        rulex               40.000     0.96
mamba  1000 final  residual  both     19  0.750     0.999    0.003    0.932         0.045          9.438        rulex               40.000     0.96
mamba  1000 final  residual  both     19  1.000     0.999    0.003    0.820         0.126          7.352        rulex               40.000     0.86
mamba  1000 final   neurons units      0  0.000     0.998    0.008    0.995         0.005         14.509        rulex               40.000     0.98
mamba  1000 final   neurons units      1  0.001     0.998    0.008    0.995         0.005         14.479        rulex               40.000     0.98
mamba  1000 final   neurons units      2  0.001     0.998    0.008    0.995         0.005         14.452        rulex               40.000     0.98
mamba  1000 final   neurons units      4  0.003     0.998    0.008    0.995         0.005         14.406        rulex               40.000     0.98
mamba  1000 final   neurons units      8  0.005     0.998    0.008    0.995         0.005         14.315        rulex               40.000     0.98
mamba  1000 final   neurons units     16  0.010     0.998    0.008    0.995         0.005         14.153        rulex               40.000     0.98
mamba  1000 final   neurons units     32  0.021     0.998    0.008    0.991         0.009         13.846        rulex               40.000     0.98
mamba  1000 final   neurons units     64  0.042     0.998    0.008    0.973         0.014         13.206        rulex               40.000     0.98
mamba  1000 final   neurons units    128  0.083     0.998    0.009    0.959         0.023         12.320        rulex               40.000     0.98
mamba  1000 final   neurons units    256  0.167     0.997    0.014    0.919         0.045         10.627        rulex               40.000     0.96
mamba  1000 final   neurons units    512  0.333     0.989    0.045    0.829         0.077          8.574        rulex               40.000     0.92
mamba  1000 final randunits units      0  0.000     0.998    0.008    0.995         0.005         14.509        rulex               40.000     0.98
mamba  1000 final randunits units      1  0.001     0.998    0.008    0.995         0.005         14.507        rulex               40.000     0.98
mamba  1000 final randunits units      2  0.001     0.998    0.008    0.995         0.005         14.574        rulex               40.000     0.98
mamba  1000 final randunits units      4  0.003     0.998    0.008    0.995         0.005         14.433        rulex               40.000     0.98
mamba  1000 final randunits units      8  0.005     0.998    0.008    0.991         0.005         14.552        rulex               40.000     0.98
mamba  1000 final randunits units     16  0.010     0.998    0.008    0.995         0.005         14.300        rulex               40.000     0.98
mamba  1000 final randunits units     32  0.021     0.997    0.009    0.991         0.009         14.535        rulex               40.000     0.98
mamba  1000 final randunits units     64  0.042     0.997    0.009    0.991         0.009         14.263        rulex               40.000     0.98
mamba  1000 final randunits units    128  0.083     0.997    0.010    0.982         0.009         14.478        rulex               40.000     0.98
mamba  1000 final randunits units    256  0.167     0.995    0.017    0.982         0.009         14.399        rulex               40.000     0.98
mamba  1000 final randunits units    512  0.333     0.990    0.034    0.941         0.018         13.723        rulex               40.000     0.98
mamba  1000 final randunits units      0  0.000     0.998    0.008    0.995         0.005         14.509        rulex               40.000     0.98
mamba  1000 final randunits units      1  0.001     0.998    0.008    0.995         0.005         14.495        rulex               40.000     0.98
mamba  1000 final randunits units      2  0.001     0.998    0.008    0.995         0.005         14.471        rulex               40.000     0.98
mamba  1000 final randunits units      4  0.003     0.998    0.008    0.995         0.005         14.561        rulex               40.000     0.98
mamba  1000 final randunits units      8  0.005     0.998    0.008    0.991         0.005         14.519        rulex               40.000     0.98
mamba  1000 final randunits units     16  0.010     0.998    0.009    0.995         0.005         14.564        rulex               40.000     0.98
mamba  1000 final randunits units     32  0.021     0.998    0.008    0.995         0.005         14.530        rulex               40.000     0.98
mamba  1000 final randunits units     64  0.042     0.998    0.009    0.991         0.005         14.478        rulex               40.000     0.98
mamba  1000 final randunits units    128  0.083     0.998    0.010    0.991         0.009         14.294        rulex               40.000     0.98
mamba  1000 final randunits units    256  0.167     0.995    0.019    0.977         0.009         14.475        rulex               40.000     0.98
mamba  1000 final randunits units    512  0.333     0.989    0.036    0.955         0.009         13.506        rulex               40.000     0.98
mamba  1000 final randunits units      0  0.000     0.998    0.008    0.995         0.005         14.509        rulex               40.000     0.98
mamba  1000 final randunits units      1  0.001     0.998    0.008    0.995         0.005         14.511        rulex               40.000     0.98
mamba  1000 final randunits units      2  0.001     0.998    0.008    0.995         0.005         14.509        rulex               40.000     0.98
mamba  1000 final randunits units      4  0.003     0.998    0.008    0.995         0.005         14.513        rulex               40.000     0.98
mamba  1000 final randunits units      8  0.005     0.997    0.008    0.995         0.005         14.505        rulex               40.000     0.98
mamba  1000 final randunits units     16  0.010     0.998    0.008    0.995         0.005         14.538        rulex               40.000     0.98
mamba  1000 final randunits units     32  0.021     0.998    0.007    0.991         0.009         14.249        rulex               40.000     0.98
mamba  1000 final randunits units     64  0.042     0.997    0.010    0.986         0.009         14.735        rulex               40.000     0.98
mamba  1000 final randunits units    128  0.083     0.997    0.010    0.986         0.009         14.054        rulex               40.000     0.98
mamba  1000 final randunits units    256  0.167     0.996    0.014    0.982         0.014         14.558        rulex               40.000     0.98
mamba  1000 final randunits units    512  0.333     0.992    0.028    0.928         0.041         12.953        rulex               40.000     0.96
mamba  1001 final      none     -      0  0.000     0.997    0.010    1.000         0.000         14.113        rulex               40.000     1.00
mamba  1001 final   lowpass    in      0  0.000     0.007   13.884    0.000         0.005          0.080      uniform                0.249     0.00
mamba  1001 final   lowpass    in      1  1.000     0.006   14.240    0.000         0.005          0.110      uniform                0.200     0.00
mamba  1001 final   lowpass    in      2  2.000     0.005   14.379    0.005         0.009          0.260   gcm_linear                0.200     0.00
mamba  1001 final   lowpass    in      3  3.000     0.007   14.830    0.005         0.000          2.651      uniform                0.388     1.00
mamba  1001 final   lowpass    in      4  4.000     0.006   14.715    0.018         0.000          3.317      uniform                0.200     1.00
mamba  1001 final   lowpass    in      6  6.000     0.006   14.792    0.018         0.000          5.188      uniform                0.200     1.00
mamba  1001 final   lowpass    in      8  8.000     0.007   14.857    0.054         0.000          7.002      uniform                0.603     1.00
mamba  1001 final   lowpass    in     12 12.000     0.042    4.730    0.041         0.023         -4.513        rulex                0.311     0.70
mamba  1001 final   lowpass    in     16 16.000     0.199    2.697    0.063         0.059         -6.794        rulex                0.200     0.52
mamba  1001 final   lowpass    in     24 24.000     0.820    0.571    0.095         0.365         -6.456        rulex               32.076     0.20
mamba  1001 final   lowpass    in     32 32.000     0.809    0.611    0.126         0.270         -4.500        rulex               32.076     0.32
mamba  1001 final   lowpass    in     48 48.000     0.983    0.072    0.432         0.261          1.885        rulex               40.000     0.62
mamba  1001 final   lowpass    in     74 74.000     0.997    0.010    1.000         0.000         14.113        rulex               40.000     1.00
mamba  1001 final   lowpass   out      0  0.000     0.007    5.004    0.000         0.005          0.000      uniform                0.200     0.00
mamba  1001 final   lowpass   out      1  1.000     0.005    5.010    0.009         0.014          0.073      uniform                0.311     0.00
mamba  1001 final   lowpass   out      2  2.000     0.007    5.020    0.005         0.000          0.124      uniform                0.200     1.00
mamba  1001 final   lowpass   out      3  3.000     0.005    5.030    0.005         0.000          0.197      uniform                0.200     1.00
mamba  1001 final   lowpass   out      4  4.000     0.006    5.035    0.027         0.005          0.243      uniform                0.388     1.00
mamba  1001 final   lowpass   out      6  6.000     0.004    5.053    0.023         0.000          0.382      uniform                0.200     1.00
mamba  1001 final   lowpass   out      8  8.000     0.003    5.073    0.041         0.005          0.558      uniform                0.200     1.00
mamba  1001 final   lowpass   out     12 12.000     0.037    4.146    0.162         0.000          2.111        rulex                0.200     1.00
mamba  1001 final   lowpass   out     16 16.000     0.186    2.936    0.315         0.009          3.603        rulex                0.200     1.00
mamba  1001 final   lowpass   out     24 24.000     0.824    0.929    0.694         0.005          6.355        rulex               13.264     1.00
mamba  1001 final   lowpass   out     32 32.000     0.810    0.954    0.743         0.005          6.759        rulex               13.264     1.00
mamba  1001 final   lowpass   out     48 48.000     0.969    0.170    0.932         0.000          9.293        rulex               40.000     1.00
mamba  1001 final   lowpass   out     74 74.000     0.997    0.010    1.000         0.000         14.113        rulex               40.000     1.00
mamba  1001 final   lowpass  both      0  0.000     0.007    5.004    0.000         0.005          0.000      uniform                0.200     0.00
mamba  1001 final   lowpass  both      1  1.000     0.005    5.015    0.009         0.000          0.003      uniform                0.200     1.00
mamba  1001 final   lowpass  both      2  2.000     0.007    4.995    0.000         0.014         -0.032      uniform                0.200     0.00
mamba  1001 final   lowpass  both      3  3.000     0.008    5.028    0.009         0.000         -0.001      uniform                0.311     1.00
mamba  1001 final   lowpass  both      4  4.000     0.005    5.031    0.005         0.000          0.003      uniform                0.200     1.00
mamba  1001 final   lowpass  both      6  6.000     0.007    5.047    0.009         0.018          0.016      uniform                0.603     0.00
mamba  1001 final   lowpass  both      8  8.000     0.009    5.052    0.032         0.014          0.047      uniform                0.388     1.00
mamba  1001 final   lowpass  both     12 12.000     0.091    3.266    0.009         0.063         -6.821         rule                0.200     0.08
mamba  1001 final   lowpass  both     16 16.000     0.478    1.831    0.005         0.477         -9.829         rule                1.819     0.00
mamba  1001 final   lowpass  both     24 24.000     0.996    0.161    0.014         0.955        -11.517         rule               40.000     0.02
mamba  1001 final   lowpass  both     32 32.000     0.993    0.181    0.023         0.896        -10.258         rule               40.000     0.02
mamba  1001 final   lowpass  both     48 48.000     0.999    0.016    0.171         0.703         -4.368        rulex               40.000     0.20
mamba  1001 final   lowpass  both     74 74.000     0.997    0.010    1.000         0.000         14.113        rulex               40.000     1.00
mamba  1001 final      etop    in      0  0.000     0.997    0.010    1.000         0.000         14.113        rulex               40.000     1.00
mamba  1001 final      etop    in      1  0.050     0.989    0.039    0.995         0.000         13.408        rulex               40.000     1.00
mamba  1001 final      etop    in      2  0.100     0.899    0.276    0.928         0.005         12.212        rulex               20.627     1.00
mamba  1001 final      etop    in      3  0.200     0.771    0.628    0.815         0.000         11.669        rulex               10.637     1.00
mamba  1001 final      etop    in      4  0.300     0.732    0.768    0.779         0.005         11.170        rulex                8.530     1.00
mamba  1001 final      etop    in      6  0.400     0.578    1.423    0.752         0.000         12.324        rulex                5.485     1.00
mamba  1001 final      etop    in      8  0.500     0.147    3.982    0.486         0.000         12.227        rulex                0.752     1.00
mamba  1001 final      etop    in     10  0.600     0.011   11.012    0.653         0.000         22.666  gcm_hamming                0.200     1.00
mamba  1001 final      etop    in     20  0.700     0.004   15.195    0.617         0.000         24.038  gcm_hamming                0.388     1.00
mamba  1001 final      etop    in     36  0.800     0.005   15.051    0.455         0.000         20.843  gcm_hamming                0.200     1.00
mamba  1001 final      etop    in     54  0.900     0.007   14.809    0.176         0.000         13.021  gcm_hamming                0.200     1.00
mamba  1001 final      etop    in     64  0.950     0.007   14.649    0.050         0.000          6.412 gcm_circular                0.249     1.00
mamba  1001 final      etop    in     74  1.000     0.007   13.884    0.000         0.005          0.080      uniform                0.249     0.00
mamba  1001 final      etop   out      0  0.000     0.997    0.010    1.000         0.000         14.113        rulex               40.000     1.00
mamba  1001 final      etop   out      1  0.050     0.994    0.031    0.995         0.000         12.367        rulex               40.000     1.00
mamba  1001 final      etop   out      1  0.100     0.994    0.031    0.995         0.000         12.367        rulex               40.000     1.00
mamba  1001 final      etop   out      2  0.200     0.955    0.182    0.991         0.000         11.074        rulex               32.076     1.00
mamba  1001 final      etop   out      3  0.300     0.850    0.505    0.959         0.000          9.947        rulex               16.541     1.00
mamba  1001 final      etop   out      4  0.400     0.774    0.811    0.928         0.000          8.715        rulex                8.530     1.00
mamba  1001 final      etop   out      6  0.500     0.514    1.810    0.860         0.000          7.580        rulex                4.398     1.00
mamba  1001 final      etop   out      7  0.600     0.231    2.717    0.784         0.000          6.219        rulex                2.268     1.00
mamba  1001 final      etop   out      8  0.700     0.071    3.656    0.626         0.000          5.160        rulex                0.200     1.00
mamba  1001 final      etop   out     10  0.800     0.005    5.281    0.500         0.000          4.343  gcm_hamming                0.603     1.00
mamba  1001 final      etop   out     23  0.900     0.005    5.348    0.347         0.000          2.993  gcm_hamming                0.603     1.00
mamba  1001 final      etop   out     46  0.950     0.011    5.182    0.212         0.000          1.470  gcm_hamming                0.603     1.00
mamba  1001 final      etop   out     74  1.000     0.007    5.004    0.000         0.005          0.000      uniform                0.200     0.00
mamba  1001 final      etop  both      0  0.000     0.997    0.010    1.000         0.000         14.113        rulex               40.000     1.00
mamba  1001 final      etop  both      1  0.050     0.996    0.021    0.977         0.014          9.886        rulex               40.000     0.98
mamba  1001 final      etop  both      2  0.100     0.946    0.172    0.905         0.027          8.810        rulex               25.722     0.98
mamba  1001 final      etop  both      3  0.200     0.900    0.341    0.680         0.072          5.791        rulex               20.627     0.90
mamba  1001 final      etop  both      4  0.300     0.908    0.371    0.518         0.113          3.218        rulex               16.541     0.82
mamba  1001 final      etop  both      6  0.400     0.814    0.702    0.284         0.077          2.524        rulex               10.637     0.78
mamba  1001 final      etop  both      8  0.500     0.218    2.697    0.131         0.005          1.365        rulex                1.459     1.00
mamba  1001 final      etop  both     10  0.600     0.012    6.651    0.140         0.000          5.088   gcm_linear                0.249     1.00
mamba  1001 final      etop  both     20  0.700     0.006    6.978    0.108         0.000          3.882  gcm_hamming                0.249     1.00
mamba  1001 final      etop  both     36  0.800     0.007    5.766    0.041         0.000          1.331   gcm_linear                0.200     1.00
mamba  1001 final      etop  both     54  0.900     0.008    5.328    0.009         0.005          0.394   gcm_linear                0.200     1.00
mamba  1001 final      etop  both     64  0.950     0.007    5.163    0.005         0.005          0.082   gcm_linear                0.200     0.50
mamba  1001 final      etop  both     74  1.000     0.007    5.004    0.000         0.005          0.000      uniform                0.200     0.00
mamba  1001 final   ebottom    in      0  0.000     0.997    0.010    1.000         0.000         14.113        rulex               40.000     1.00
mamba  1001 final   ebottom    in     11  0.050     0.998    0.007    0.991         0.005         11.880        rulex               40.000     0.98
mamba  1001 final   ebottom    in     21  0.100     0.999    0.004    0.932         0.050          9.232        rulex               40.000     0.94
mamba  1001 final   ebottom    in     39  0.200     1.000    0.002    0.577         0.392          2.939        rulex               40.000     0.60
mamba  1001 final   ebottom    in     55  0.300     1.000    0.001    0.234         0.757         -4.278        rulex               40.000     0.24
mamba  1001 final   ebottom    in     65  0.400     1.000    0.001    0.081         0.914        -10.637        rulex               40.000     0.08
mamba  1001 final   ebottom    in     67  0.500     1.000    0.007    0.068         0.923        -11.931        rulex               40.000     0.06
mamba  1001 final   ebottom    in     69  0.600     0.991    0.078    0.023         0.914        -11.997        rulex               40.000     0.02
mamba  1001 final   ebottom    in     71  0.700     0.522    1.258    0.014         0.387        -10.917         rule                2.268     0.02
mamba  1001 final   ebottom    in     72  0.800     0.261    2.374    0.014         0.135         -9.740         rule                2.268     0.08
mamba  1001 final   ebottom    in     73  0.900     0.059    4.290    0.009         0.059         -8.249         rule                1.819     0.04
mamba  1001 final   ebottom    in     74  0.950     0.007   13.884    0.000         0.005          0.080      uniform                0.249     0.00
mamba  1001 final   ebottom    in     74  1.000     0.007   13.884    0.000         0.005          0.080      uniform                0.249     0.00
mamba  1001 final   ebottom   out      0  0.000     0.997    0.010    1.000         0.000         14.113        rulex               40.000     1.00
mamba  1001 final   ebottom   out     29  0.050     0.997    0.009    1.000         0.000         12.574        rulex               40.000     1.00
mamba  1001 final   ebottom   out     52  0.100     0.998    0.007    0.991         0.009         11.048        rulex               40.000     0.98
mamba  1001 final   ebottom   out     65  0.200     0.997    0.014    0.959         0.014         10.101        rulex               40.000     0.98
mamba  1001 final   ebottom   out     67  0.300     0.993    0.040    0.892         0.023          7.894        rulex               40.000     0.98
mamba  1001 final   ebottom   out     68  0.400     0.985    0.096    0.820         0.036          6.533        rulex               40.000     0.96
mamba  1001 final   ebottom   out     69  0.500     0.959    0.257    0.730         0.023          5.910        rulex               25.722     0.96
mamba  1001 final   ebottom   out     71  0.600     0.661    1.404    0.374         0.018          4.166        rulex                4.398     0.96
mamba  1001 final   ebottom   out     72  0.700     0.309    2.551    0.135         0.014          3.040        rulex                2.828     0.92
mamba  1001 final   ebottom   out     73  0.800     0.053    3.775    0.032         0.005          1.746        rulex                1.459     0.96
mamba  1001 final   ebottom   out     74  0.900     0.007    5.004    0.000         0.005          0.000      uniform                0.200     0.00
mamba  1001 final   ebottom   out     74  0.950     0.007    5.004    0.000         0.005          0.000      uniform                0.200     0.00
mamba  1001 final   ebottom   out     74  1.000     0.007    5.004    0.000         0.005          0.000      uniform                0.200     0.00
mamba  1001 final   ebottom  both      0  0.000     0.997    0.010    1.000         0.000         14.113        rulex               40.000     1.00
mamba  1001 final   ebottom  both     11  0.050     0.999    0.006    0.982         0.018         10.339        rulex               40.000     0.98
mamba  1001 final   ebottom  both     21  0.100     0.999    0.003    0.838         0.144          6.163        rulex               40.000     0.86
mamba  1001 final   ebottom  both     39  0.200     1.000    0.002    0.347         0.590         -0.580        rulex               40.000     0.38
mamba  1001 final   ebottom  both     55  0.300     0.999    0.008    0.090         0.824         -6.509        rulex               40.000     0.10
mamba  1001 final   ebottom  both     65  0.400     1.000    0.012    0.014         0.959        -11.243        rulex               40.000     0.02
mamba  1001 final   ebottom  both     67  0.500     0.988    0.235    0.014         0.892         -9.966        rulex               40.000     0.02
mamba  1001 final   ebottom  both     69  0.600     0.949    0.765    0.000         0.878        -11.073         rule               20.627     0.00
mamba  1001 final   ebottom  both     71  0.700     0.769    1.788    0.000         0.685         -9.158         rule                8.530     0.00
mamba  1001 final   ebottom  both     72  0.800     0.134    3.378    0.018         0.144         -4.802 gcm_circular                6.840     0.08
mamba  1001 final   ebottom  both     73  0.900     0.007    5.004    0.000         0.005          0.000      uniform                0.200     0.00
mamba  1001 final   ebottom  both     74  0.950     0.007    5.004    0.000         0.005          0.000      uniform                0.200     0.00
mamba  1001 final   ebottom  both     74  1.000     0.007    5.004    0.000         0.005          0.000      uniform                0.200     0.00
mamba  1001 final     erand    in      0  0.000     0.997    0.010    1.000         0.000         14.113        rulex               40.000     1.00
mamba  1001 final     erand    in      8  0.050     0.998    0.011    0.991         0.000         11.459        rulex               40.000     1.00
mamba  1001 final     erand    in      8  0.100     0.998    0.011    0.991         0.000         11.459        rulex               40.000     1.00
mamba  1001 final     erand    in     19  0.200     0.997    0.016    0.734         0.162          6.216        rulex               40.000     0.82
mamba  1001 final     erand    in     33  0.300     0.998    0.012    0.437         0.437          0.572        rulex               40.000     0.50
mamba  1001 final     erand    in     41  0.400     0.995    0.029    0.302         0.514         -2.285        rulex               40.000     0.38
mamba  1001 final     erand    in     45  0.500     0.873    0.428    0.108         0.275         -4.380        rulex               10.637     0.28
mamba  1001 final     erand    in     49  0.600     0.838    0.593    0.081         0.338         -5.147        rulex               13.264     0.20
mamba  1001 final     erand    in     55  0.700     0.460    1.699    0.050         0.185         -6.341        rulex                2.268     0.20
mamba  1001 final     erand    in     62  0.800     0.038    5.124    0.032         0.027         -3.904         rule                0.200     0.56
mamba  1001 final     erand    in     64  0.900     0.039    5.082    0.027         0.027         -4.244         rule                0.200     0.50
mamba  1001 final     erand    in     70  0.950     0.008   14.742    0.023         0.005          3.205  gcm_hamming                0.200     1.00
mamba  1001 final     erand    in     74  1.000     0.007   13.884    0.000         0.005          0.080      uniform                0.249     0.00
mamba  1001 final     erand    in      0  0.000     0.997    0.010    1.000         0.000         14.113        rulex               40.000     1.00
mamba  1001 final     erand    in      9  0.050     0.998    0.008    0.991         0.009         11.526        rulex               40.000     0.98
mamba  1001 final     erand    in     16  0.100     0.998    0.008    0.847         0.122          7.102        rulex               40.000     0.88
mamba  1001 final     erand    in     17  0.200     0.994    0.024    0.770         0.144          6.418        rulex               40.000     0.84
mamba  1001 final     erand    in     24  0.300     0.948    0.170    0.459         0.126          2.875        rulex               20.627     0.78
mamba  1001 final     erand    in     26  0.400     0.855    0.449    0.360         0.126          1.895        rulex               16.541     0.74
mamba  1001 final     erand    in     32  0.500     0.749    0.812    0.306         0.072          1.477        rulex               13.264     0.82
mamba  1001 final     erand    in     41  0.600     0.756    0.792    0.194         0.131         -1.925        rulex               13.264     0.60
mamba  1001 final     erand    in     47  0.700     0.113    3.972    0.180         0.009          2.072        rulex                0.200     1.00
mamba  1001 final     erand    in     54  0.800     0.123    3.716    0.099         0.023         -0.596        rulex                0.200     0.84
mamba  1001 final     erand    in     66  0.900     0.035    5.647    0.086         0.005         -1.413        rulex                0.200     1.00
mamba  1001 final     erand    in     72  0.950     0.038    5.089    0.050         0.027         -3.477        rulex                0.200     0.70
mamba  1001 final     erand    in     74  1.000     0.007   13.884    0.000         0.005          0.080      uniform                0.249     0.00
mamba  1001 final     erand    in      0  0.000     0.997    0.010    1.000         0.000         14.113        rulex               40.000     1.00
mamba  1001 final     erand    in      3  0.050     0.994    0.024    0.995         0.005         12.178        rulex               40.000     0.98
mamba  1001 final     erand    in      6  0.100     0.995    0.022    0.982         0.009         11.521        rulex               40.000     0.98
mamba  1001 final     erand    in     11  0.200     0.913    0.248    0.838         0.027          9.755        rulex               20.627     0.96
mamba  1001 final     erand    in     24  0.300     0.750    0.623    0.378         0.063          3.667        rulex               10.637     0.86
mamba  1001 final     erand    in     28  0.400     0.758    0.605    0.302         0.122          1.006        rulex               10.637     0.72
mamba  1001 final     erand    in     36  0.500     0.762    0.615    0.189         0.153         -1.787        rulex               10.637     0.56
mamba  1001 final     erand    in     44  0.600     0.686    0.894    0.108         0.194         -4.403        rulex                5.485     0.36
mamba  1001 final     erand    in     56  0.700     0.430    1.677    0.050         0.140         -6.842        rulex                0.200     0.26
mamba  1001 final     erand    in     67  0.800     0.231    2.555    0.054         0.122         -7.870        rulex                0.200     0.30
mamba  1001 final     erand    in     72  0.900     0.046    4.178    0.027         0.023         -5.746         rule                0.200     0.56
mamba  1001 final     erand    in     73  0.950     0.007   14.408    0.014         0.000          0.827      uniform                0.200     1.00
mamba  1001 final     erand    in     74  1.000     0.007   13.884    0.000         0.005          0.080      uniform                0.249     0.00
mamba  1001 final     erand   out      0  0.000     0.997    0.010    1.000         0.000         14.113        rulex               40.000     1.00
mamba  1001 final     erand   out      8  0.050     0.997    0.015    1.000         0.000         12.481        rulex               40.000     1.00
mamba  1001 final     erand   out     14  0.100     0.997    0.015    0.995         0.000         12.097        rulex               40.000     1.00
mamba  1001 final     erand   out     21  0.200     0.994    0.033    0.995         0.000         11.088        rulex               40.000     1.00
mamba  1001 final     erand   out     38  0.300     0.987    0.079    0.937         0.005          8.394        rulex               40.000     0.98
mamba  1001 final     erand   out     42  0.400     0.958    0.267    0.829         0.014          7.086        rulex               32.076     0.98
mamba  1001 final     erand   out     45  0.500     0.871    0.674    0.703         0.014          5.746        rulex               10.637     0.98
mamba  1001 final     erand   out     49  0.600     0.756    1.256    0.491         0.018          4.290        rulex                8.530     0.96
mamba  1001 final     erand   out     55  0.700     0.387    2.271    0.329         0.005          3.545        rulex                1.819     1.00
mamba  1001 final     erand   out     59  0.800     0.134    3.062    0.347         0.000          3.695        rulex                0.200     1.00
mamba  1001 final     erand   out     62  0.900     0.020    4.281    0.140         0.005          1.831        rulex                0.938     1.00
mamba  1001 final     erand   out     70  0.950     0.004    5.029    0.050         0.000          0.247  gcm_hamming                0.311     1.00
mamba  1001 final     erand   out     74  1.000     0.007    5.004    0.000         0.005          0.000      uniform                0.200     0.00
mamba  1001 final     erand   out      0  0.000     0.997    0.010    1.000         0.000         14.113        rulex               40.000     1.00
mamba  1001 final     erand   out     16  0.050     0.997    0.016    0.991         0.000         12.397        rulex               40.000     1.00
mamba  1001 final     erand   out     16  0.100     0.997    0.016    0.991         0.000         12.397        rulex               40.000     1.00
mamba  1001 final     erand   out     20  0.200     0.992    0.037    0.977         0.000         10.866        rulex               40.000     1.00
mamba  1001 final     erand   out     24  0.300     0.954    0.230    0.923         0.005          8.480        rulex               25.722     1.00
mamba  1001 final     erand   out     26  0.400     0.844    0.660    0.824         0.005          7.143        rulex               13.264     1.00
mamba  1001 final     erand   out     32  0.500     0.709    1.271    0.658         0.009          5.074        rulex                8.530     0.98
mamba  1001 final     erand   out     34  0.600     0.721    1.257    0.622         0.014          4.930        rulex               10.637     0.98
mamba  1001 final     erand   out     46  0.700     0.402    2.061    0.329         0.023          2.739        rulex                2.268     0.94
mamba  1001 final     erand   out     47  0.800     0.122    3.262    0.203         0.009          1.613        rulex                0.200     1.00
mamba  1001 final     erand   out     66  0.900     0.022    4.235    0.059         0.005          0.083        rulex                0.200     1.00
mamba  1001 final     erand   out     74  0.950     0.007    5.004    0.000         0.005          0.000      uniform                0.200     0.00
mamba  1001 final     erand   out     74  1.000     0.007    5.004    0.000         0.005          0.000      uniform                0.200     0.00
mamba  1001 final     erand   out      0  0.000     0.997    0.010    1.000         0.000         14.113        rulex               40.000     1.00
mamba  1001 final     erand   out      3  0.050     0.994    0.028    0.995         0.000         12.714        rulex               40.000     1.00
mamba  1001 final     erand   out      3  0.100     0.994    0.028    0.995         0.000         12.714        rulex               40.000     1.00
mamba  1001 final     erand   out     11  0.200     0.960    0.175    0.982         0.000         10.457        rulex               32.076     1.00
mamba  1001 final     erand   out     24  0.300     0.820    0.510    0.950         0.000          9.956        rulex               13.264     1.00
mamba  1001 final     erand   out     27  0.400     0.795    0.603    0.914         0.005          9.218        rulex               13.264     1.00
mamba  1001 final     erand   out     37  0.500     0.756    0.812    0.856         0.000          7.304        rulex               10.637     1.00
mamba  1001 final     erand   out     49  0.600     0.705    1.135    0.671         0.000          5.518        rulex                6.840     1.00
mamba  1001 final     erand   out     62  0.700     0.459    1.794    0.351         0.009          3.419        rulex                1.459     0.98
mamba  1001 final     erand   out     68  0.800     0.215    2.713    0.185         0.005          1.892        rulex                0.200     1.00
mamba  1001 final     erand   out     72  0.900     0.045    3.920    0.032         0.009          0.577        rulex                0.200     0.88
mamba  1001 final     erand   out     73  0.950     0.006    5.010    0.005         0.005          0.065      uniform                0.200     0.50
mamba  1001 final     erand   out     74  1.000     0.007    5.004    0.000         0.005          0.000      uniform                0.200     0.00
mamba  1001 final     erand  both      0  0.000     0.997    0.010    1.000         0.000         14.113        rulex               40.000     1.00
mamba  1001 final     erand  both      8  0.050     0.992    0.040    0.964         0.000          9.853        rulex               40.000     1.00
mamba  1001 final     erand  both      8  0.100     0.992    0.040    0.964         0.000          9.853        rulex               40.000     1.00
mamba  1001 final     erand  both     19  0.200     0.882    0.516    0.716         0.018          6.555        rulex               13.264     0.98
mamba  1001 final     erand  both     33  0.300     0.879    0.529    0.514         0.108          2.733        rulex               10.637     0.82
mamba  1001 final     erand  both     41  0.400     0.269    2.271    0.212         0.032          1.370        rulex                0.200     0.88
mamba  1001 final     erand  both     45  0.500     0.129    3.058    0.095         0.032         -0.648        rulex                1.459     0.78
mamba  1001 final     erand  both     49  0.600     0.003    5.660    0.131         0.005          2.922  gcm_hamming                0.200     1.00
mamba  1001 final     erand  both     55  0.700     0.003    5.503    0.045         0.000          1.298      uniform                0.200     1.00
mamba  1001 final     erand  both     62  0.800     0.006    5.364    0.009         0.009          0.428  gcm_hamming                0.200     0.50
mamba  1001 final     erand  both     64  0.900     0.007    5.068    0.014         0.005          0.014   gcm_linear                0.249     1.00
mamba  1001 final     erand  both     70  0.950     0.008    5.062    0.009         0.009          0.042  gcm_hamming                0.200     0.50
mamba  1001 final     erand  both     74  1.000     0.007    5.004    0.000         0.005          0.000      uniform                0.200     0.00
mamba  1001 final     erand  both      0  0.000     0.997    0.010    1.000         0.000         14.113        rulex               40.000     1.00
mamba  1001 final     erand  both      9  0.050     0.995    0.024    0.973         0.009         10.073        rulex               40.000     0.98
mamba  1001 final     erand  both     16  0.100     0.992    0.042    0.829         0.104          6.530        rulex               40.000     0.88
mamba  1001 final     erand  both     17  0.200     0.931    0.295    0.698         0.059          6.118        rulex               20.627     0.92
mamba  1001 final     erand  both     24  0.300     0.713    1.064    0.365         0.036          3.276        rulex                8.530     0.92
mamba  1001 final     erand  both     26  0.400     0.860    0.671    0.171         0.225         -1.049        rulex               13.264     0.44
mamba  1001 final     erand  both     32  0.500     0.299    2.087    0.108         0.036         -0.337        rulex                2.268     0.76
mamba  1001 final     erand  both     41  0.600     0.171    2.818    0.054         0.054         -1.786        rulex                0.200     0.50
mamba  1001 final     erand  both     47  0.700     0.232    2.520    0.023         0.104         -5.367        rulex                1.170     0.16
mamba  1001 final     erand  both     54  0.800     0.262    2.136    0.014         0.198         -7.364         rule                1.459     0.04
mamba  1001 final     erand  both     66  0.900     0.068    3.373    0.009         0.095         -5.298         rule                0.200     0.02
mamba  1001 final     erand  both     72  0.950     0.000    5.036    0.005         0.000          0.077   gcm_linear                0.388     1.00
mamba  1001 final     erand  both     74  1.000     0.007    5.004    0.000         0.005          0.000      uniform                0.200     0.00
mamba  1001 final     erand  both      0  0.000     0.997    0.010    1.000         0.000         14.113        rulex               40.000     1.00
mamba  1001 final     erand  both      3  0.050     0.990    0.045    0.955         0.005         10.996        rulex               40.000     0.98
mamba  1001 final     erand  both      6  0.100     0.995    0.023    0.892         0.068          7.085        rulex               40.000     0.92
mamba  1001 final     erand  both     11  0.200     0.937    0.208    0.730         0.054          6.088        rulex               25.722     0.94
mamba  1001 final     erand  both     24  0.300     0.494    1.283    0.297         0.023          2.449        rulex                6.840     0.94
mamba  1001 final     erand  both     28  0.400     0.232    2.167    0.126         0.032          0.289        rulex                0.200     0.82
mamba  1001 final     erand  both     36  0.500     0.061    3.598    0.144         0.000          1.619        rulex                0.200     1.00
mamba  1001 final     erand  both     44  0.600     0.036    4.113    0.086         0.000          0.372        rulex                0.200     1.00
mamba  1001 final     erand  both     56  0.700     0.007    5.413    0.054         0.000          1.814      uniform                0.311     1.00
mamba  1001 final     erand  both     67  0.800     0.008    5.235    0.009         0.000          0.593  gcm_hamming                0.200     1.00
mamba  1001 final     erand  both     72  0.900     0.009    5.021    0.009         0.005          0.041   gcm_linear                0.200     1.00
mamba  1001 final     erand  both     73  0.950     0.007    5.033    0.000         0.005          0.005  gcm_hamming                0.200     0.00
mamba  1001 final     erand  both     74  1.000     0.007    5.004    0.000         0.005          0.000      uniform                0.200     0.00
mamba  1001 final      topk    in     54  0.000     0.997    0.010    1.000         0.000         14.113        rulex               40.000     1.00
mamba  1001 final      topk    in     54  0.250     0.996    0.014    1.000         0.000         15.213        rulex               40.000     1.00
mamba  1001 final      topk    in     54  0.500     0.992    0.030    1.000         0.000         17.075        rulex               40.000     1.00
mamba  1001 final      topk    in     54  0.750     0.911    0.332    1.000         0.000         20.599        rulex               16.541     1.00
mamba  1001 final      topk    in     54  1.000     0.007   14.809    0.176         0.000         13.021  gcm_hamming                0.200     1.00
mamba  1001 final      topk   out     23  0.000     0.997    0.010    1.000         0.000         14.113        rulex               40.000     1.00
mamba  1001 final      topk   out     23  0.250     0.997    0.018    1.000         0.000         11.333        rulex               40.000     1.00
mamba  1001 final      topk   out     23  0.500     0.995    0.093    1.000         0.000          8.553        rulex               40.000     1.00
mamba  1001 final      topk   out     23  0.750     0.950    1.122    0.991         0.000          5.773        rulex               25.722     1.00
mamba  1001 final      topk   out     23  1.000     0.005    5.348    0.347         0.000          2.993  gcm_hamming                0.603     1.00
mamba  1001 final      topk  both     54  0.000     0.997    0.010    1.000         0.000         14.113        rulex               40.000     1.00
mamba  1001 final      topk  both     54  0.250     0.996    0.021    1.000         0.000         11.654        rulex               40.000     1.00
mamba  1001 final      topk  both     54  0.500     0.991    0.127    1.000         0.000          9.008        rulex               40.000     1.00
mamba  1001 final      topk  both     54  0.750     0.847    1.657    1.000         0.000          5.747        rulex               13.264     1.00
mamba  1001 final      topk  both     54  1.000     0.007    5.114    0.005         0.009          0.090   gcm_linear                0.200     0.00
mamba  1001 final     randk    in     20  0.000     0.997    0.010    1.000         0.000         14.113        rulex               40.000     1.00
mamba  1001 final     randk    in     20  0.250     0.997    0.008    1.000         0.000         13.130        rulex               40.000     1.00
mamba  1001 final     randk    in     20  0.500     0.998    0.007    1.000         0.000         12.047        rulex               40.000     1.00
mamba  1001 final     randk    in     20  0.750     0.999    0.005    0.982         0.014         10.850        rulex               40.000     0.98
mamba  1001 final     randk    in     20  1.000     0.999    0.005    0.932         0.054          9.527        rulex               40.000     0.94
mamba  1001 final     randk    in     20  0.000     0.997    0.010    1.000         0.000         14.113        rulex               40.000     1.00
mamba  1001 final     randk    in     20  0.250     0.997    0.008    1.000         0.000         13.130        rulex               40.000     1.00
mamba  1001 final     randk    in     20  0.500     0.998    0.007    1.000         0.000         12.047        rulex               40.000     1.00
mamba  1001 final     randk    in     20  0.750     0.999    0.005    0.982         0.014         10.850        rulex               40.000     0.98
mamba  1001 final     randk    in     20  1.000     0.999    0.005    0.932         0.054          9.527        rulex               40.000     0.94
mamba  1001 final     randk    in     20  0.000     0.997    0.010    1.000         0.000         14.113        rulex               40.000     1.00
mamba  1001 final     randk    in     20  0.250     0.997    0.008    1.000         0.000         13.130        rulex               40.000     1.00
mamba  1001 final     randk    in     20  0.500     0.998    0.007    1.000         0.000         12.047        rulex               40.000     1.00
mamba  1001 final     randk    in     20  0.750     0.999    0.005    0.982         0.014         10.850        rulex               40.000     0.98
mamba  1001 final     randk    in     20  1.000     0.999    0.005    0.932         0.054          9.527        rulex               40.000     0.94
mamba  1001 final     randk   out     23  0.000     0.997    0.010    1.000         0.000         14.113        rulex               40.000     1.00
mamba  1001 final     randk   out     23  0.250     0.997    0.010    1.000         0.000         13.772        rulex               40.000     1.00
mamba  1001 final     randk   out     23  0.500     0.997    0.009    1.000         0.000         13.431        rulex               40.000     1.00
mamba  1001 final     randk   out     23  0.750     0.997    0.009    1.000         0.000         13.089        rulex               40.000     1.00
mamba  1001 final     randk   out     23  1.000     0.997    0.009    1.000         0.000         12.748        rulex               40.000     1.00
mamba  1001 final     randk   out     23  0.000     0.997    0.010    1.000         0.000         14.113        rulex               40.000     1.00
mamba  1001 final     randk   out     23  0.250     0.997    0.010    1.000         0.000         13.774        rulex               40.000     1.00
mamba  1001 final     randk   out     23  0.500     0.997    0.009    1.000         0.000         13.436        rulex               40.000     1.00
mamba  1001 final     randk   out     23  0.750     0.997    0.009    1.000         0.000         13.097        rulex               40.000     1.00
mamba  1001 final     randk   out     23  1.000     0.997    0.009    1.000         0.000         12.758        rulex               40.000     1.00
mamba  1001 final     randk   out     23  0.000     0.997    0.010    1.000         0.000         14.113        rulex               40.000     1.00
mamba  1001 final     randk   out     23  0.250     0.997    0.010    1.000         0.000         13.788        rulex               40.000     1.00
mamba  1001 final     randk   out     23  0.500     0.997    0.009    1.000         0.000         13.464        rulex               40.000     1.00
mamba  1001 final     randk   out     23  0.750     0.998    0.009    1.000         0.000         13.139        rulex               40.000     1.00
mamba  1001 final     randk   out     23  1.000     0.998    0.009    1.000         0.000         12.814        rulex               40.000     1.00
mamba  1001 final     randk  both     20  0.000     0.997    0.010    1.000         0.000         14.113        rulex               40.000     1.00
mamba  1001 final     randk  both     20  0.250     0.998    0.008    1.000         0.000         12.881        rulex               40.000     1.00
mamba  1001 final     randk  both     20  0.500     0.999    0.006    0.991         0.009         11.546        rulex               40.000     0.98
mamba  1001 final     randk  both     20  0.750     0.999    0.005    0.968         0.027         10.099        rulex               40.000     0.98
mamba  1001 final     randk  both     20  1.000     0.999    0.004    0.919         0.072          8.531        rulex               40.000     0.92
mamba  1001 final     randk  both     20  0.000     0.997    0.010    1.000         0.000         14.113        rulex               40.000     1.00
mamba  1001 final     randk  both     20  0.250     0.998    0.008    1.000         0.000         12.881        rulex               40.000     1.00
mamba  1001 final     randk  both     20  0.500     0.999    0.006    0.991         0.009         11.546        rulex               40.000     0.98
mamba  1001 final     randk  both     20  0.750     0.999    0.005    0.968         0.027         10.099        rulex               40.000     0.98
mamba  1001 final     randk  both     20  1.000     0.999    0.004    0.919         0.072          8.531        rulex               40.000     0.92
mamba  1001 final     randk  both     20  0.000     0.997    0.010    1.000         0.000         14.113        rulex               40.000     1.00
mamba  1001 final     randk  both     20  0.250     0.998    0.008    1.000         0.000         12.881        rulex               40.000     1.00
mamba  1001 final     randk  both     20  0.500     0.999    0.006    0.991         0.009         11.546        rulex               40.000     0.98
mamba  1001 final     randk  both     20  0.750     0.999    0.005    0.968         0.027         10.099        rulex               40.000     0.98
mamba  1001 final     randk  both     20  1.000     0.999    0.004    0.919         0.072          8.531        rulex               40.000     0.92
mamba  1001 final  residual    in     20  0.000     0.997    0.010    1.000         0.000         14.113        rulex               40.000     1.00
mamba  1001 final  residual    in     20  0.250     0.997    0.008    1.000         0.000         13.130        rulex               40.000     1.00
mamba  1001 final  residual    in     20  0.500     0.998    0.007    1.000         0.000         12.047        rulex               40.000     1.00
mamba  1001 final  residual    in     20  0.750     0.999    0.005    0.982         0.014         10.850        rulex               40.000     0.98
mamba  1001 final  residual    in     20  1.000     0.999    0.005    0.932         0.054          9.527        rulex               40.000     0.94
mamba  1001 final  residual   out     51  0.000     0.997    0.010    1.000         0.000         14.113        rulex               40.000     1.00
mamba  1001 final  residual   out     51  0.250     0.997    0.009    1.000         0.000         13.365        rulex               40.000     1.00
mamba  1001 final  residual   out     51  0.500     0.998    0.008    1.000         0.000         12.617        rulex               40.000     1.00
mamba  1001 final  residual   out     51  0.750     0.998    0.008    1.000         0.000         11.869        rulex               40.000     1.00
mamba  1001 final  residual   out     51  1.000     0.998    0.007    0.991         0.009         11.120        rulex               40.000     0.98
mamba  1001 final  residual  both     20  0.000     0.997    0.010    1.000         0.000         14.113        rulex               40.000     1.00
mamba  1001 final  residual  both     20  0.250     0.998    0.008    1.000         0.000         12.881        rulex               40.000     1.00
mamba  1001 final  residual  both     20  0.500     0.999    0.006    0.991         0.009         11.546        rulex               40.000     0.98
mamba  1001 final  residual  both     20  0.750     0.999    0.005    0.968         0.027         10.099        rulex               40.000     0.98
mamba  1001 final  residual  both     20  1.000     0.999    0.004    0.919         0.072          8.531        rulex               40.000     0.92
mamba  1001 final   neurons units      0  0.000     0.997    0.010    1.000         0.000         14.113        rulex               40.000     1.00
mamba  1001 final   neurons units      1  0.001     0.997    0.010    1.000         0.000         14.067        rulex               40.000     1.00
mamba  1001 final   neurons units      2  0.001     0.997    0.010    1.000         0.000         14.021        rulex               40.000     1.00
mamba  1001 final   neurons units      4  0.003     0.997    0.010    1.000         0.000         13.940        rulex               40.000     1.00
mamba  1001 final   neurons units      8  0.005     0.997    0.010    1.000         0.000         13.752        rulex               40.000     1.00
mamba  1001 final   neurons units     16  0.010     0.997    0.010    1.000         0.000         13.465        rulex               40.000     1.00
mamba  1001 final   neurons units     32  0.021     0.997    0.010    1.000         0.000         12.946        rulex               40.000     1.00
mamba  1001 final   neurons units     64  0.042     0.997    0.011    0.991         0.005         11.872        rulex               40.000     0.98
mamba  1001 final   neurons units    128  0.083     0.997    0.011    0.968         0.018          9.856        rulex               40.000     0.98
mamba  1001 final   neurons units    256  0.167     0.995    0.025    0.802         0.140          6.012        rulex               40.000     0.86
mamba  1001 final   neurons units    512  0.333     0.960    0.166    0.414         0.320          1.423        rulex               32.076     0.56
mamba  1001 final randunits units      0  0.000     0.997    0.010    1.000         0.000         14.113        rulex               40.000     1.00
mamba  1001 final randunits units      1  0.001     0.997    0.010    1.000         0.000         14.108        rulex               40.000     1.00
mamba  1001 final randunits units      2  0.001     0.997    0.010    1.000         0.000         14.080        rulex               40.000     1.00
mamba  1001 final randunits units      4  0.003     0.997    0.011    1.000         0.000         14.082        rulex               40.000     1.00
mamba  1001 final randunits units      8  0.005     0.997    0.011    1.000         0.000         14.182        rulex               40.000     1.00
mamba  1001 final randunits units     16  0.010     0.997    0.010    1.000         0.000         14.123        rulex               40.000     1.00
mamba  1001 final randunits units     32  0.021     0.997    0.011    1.000         0.000         14.057        rulex               40.000     1.00
mamba  1001 final randunits units     64  0.042     0.997    0.011    0.995         0.000         13.925        rulex               40.000     1.00
mamba  1001 final randunits units    128  0.083     0.996    0.013    1.000         0.000         14.203        rulex               40.000     1.00
mamba  1001 final randunits units    256  0.167     0.996    0.016    1.000         0.000         13.994        rulex               40.000     1.00
mamba  1001 final randunits units    512  0.333     0.990    0.041    0.986         0.000         13.981        rulex               40.000     1.00
mamba  1001 final randunits units      0  0.000     0.997    0.010    1.000         0.000         14.113        rulex               40.000     1.00
mamba  1001 final randunits units      1  0.001     0.997    0.011    1.000         0.000         14.090        rulex               40.000     1.00
mamba  1001 final randunits units      2  0.001     0.997    0.010    1.000         0.000         14.072        rulex               40.000     1.00
mamba  1001 final randunits units      4  0.003     0.997    0.011    1.000         0.000         14.052        rulex               40.000     1.00
mamba  1001 final randunits units      8  0.005     0.997    0.011    1.000         0.000         14.115        rulex               40.000     1.00
mamba  1001 final randunits units     16  0.010     0.997    0.011    1.000         0.000         14.076        rulex               40.000     1.00
mamba  1001 final randunits units     32  0.021     0.997    0.011    1.000         0.000         14.161        rulex               40.000     1.00
mamba  1001 final randunits units     64  0.042     0.996    0.012    1.000         0.000         14.107        rulex               40.000     1.00
mamba  1001 final randunits units    128  0.083     0.996    0.012    1.000         0.000         14.036        rulex               40.000     1.00
mamba  1001 final randunits units    256  0.167     0.995    0.019    1.000         0.000         14.380        rulex               40.000     1.00
mamba  1001 final randunits units    512  0.333     0.992    0.031    0.995         0.000         13.543        rulex               40.000     1.00
mamba  1001 final randunits units      0  0.000     0.997    0.010    1.000         0.000         14.113        rulex               40.000     1.00
mamba  1001 final randunits units      1  0.001     0.997    0.010    1.000         0.000         14.122        rulex               40.000     1.00
mamba  1001 final randunits units      2  0.001     0.997    0.011    1.000         0.000         14.119        rulex               40.000     1.00
mamba  1001 final randunits units      4  0.003     0.997    0.011    1.000         0.000         14.148        rulex               40.000     1.00
mamba  1001 final randunits units      8  0.005     0.997    0.011    1.000         0.000         14.156        rulex               40.000     1.00
mamba  1001 final randunits units     16  0.010     0.996    0.011    1.000         0.000         14.125        rulex               40.000     1.00
mamba  1001 final randunits units     32  0.021     0.997    0.010    1.000         0.000         14.061        rulex               40.000     1.00
mamba  1001 final randunits units     64  0.042     0.997    0.011    1.000         0.000         14.155        rulex               40.000     1.00
mamba  1001 final randunits units    128  0.083     0.997    0.012    0.995         0.000         13.940        rulex               40.000     1.00
mamba  1001 final randunits units    256  0.167     0.996    0.018    0.986         0.005         13.739        rulex               40.000     0.98
mamba  1001 final randunits units    512  0.333     0.992    0.030    0.986         0.000         13.699        rulex               40.000     1.00
mamba  1002 final      none     -      0  0.000     0.999    0.005    0.995         0.005         13.584        rulex               40.000     0.98
mamba  1002 final   lowpass    in      0  0.000     0.008   14.352    0.005         0.014          0.648      uniform                0.200     0.00
mamba  1002 final   lowpass    in      1  1.000     0.047    4.648    0.023         0.027         -6.016 gcm_circular               16.541     0.44
mamba  1002 final   lowpass    in      2  2.000     0.045    4.656    0.027         0.041         -5.987 gcm_circular               16.541     0.36
mamba  1002 final   lowpass    in      3  3.000     0.045    4.648    0.032         0.054         -5.862 gcm_circular               16.541     0.32
mamba  1002 final   lowpass    in      4  4.000     0.171    2.836    0.018         0.090         -7.678 gcm_circular               25.722     0.14
mamba  1002 final   lowpass    in      6  6.000     0.236    2.332    0.023         0.135         -9.408 gcm_circular               40.000     0.12
mamba  1002 final   lowpass    in      8  8.000     0.235    2.337    0.023         0.113         -9.207 gcm_circular               40.000     0.16
mamba  1002 final   lowpass    in     12 12.000     0.235    2.360    0.027         0.108         -8.727 gcm_circular               40.000     0.18
mamba  1002 final   lowpass    in     16 16.000     0.231    2.381    0.027         0.081         -8.148 gcm_circular               40.000     0.24
mamba  1002 final   lowpass    in     24 24.000     0.560    1.097    0.023         0.194         -7.473 gcm_circular               40.000     0.10
mamba  1002 final   lowpass    in     32 32.000     0.849    0.407    0.108         0.266         -5.114        rulex               40.000     0.28
mamba  1002 final   lowpass    in     48 48.000     0.942    0.174    0.342         0.185          1.106        rulex               40.000     0.64
mamba  1002 final   lowpass    in     74 74.000     0.999    0.005    0.995         0.005         13.584        rulex               40.000     0.98
mamba  1002 final   lowpass   out      0  0.000     0.007    5.004    0.005         0.000          0.000      uniform                0.200     1.00
mamba  1002 final   lowpass   out      1  1.000     0.045    3.989    0.023         0.009          1.005 gcm_circular               13.264     0.80
mamba  1002 final   lowpass   out      2  2.000     0.044    3.997    0.045         0.009          1.116 gcm_circular               13.264     0.96
mamba  1002 final   lowpass   out      3  3.000     0.040    4.003    0.018         0.014          1.170 gcm_circular               10.637     0.60
mamba  1002 final   lowpass   out      4  4.000     0.175    2.817    0.099         0.014          1.742 gcm_circular               16.541     0.90
mamba  1002 final   lowpass   out      6  6.000     0.342    1.950    0.207         0.018          3.242 gcm_circular               40.000     0.94
mamba  1002 final   lowpass   out      8  8.000     0.329    1.961    0.185         0.018          3.446 gcm_circular               40.000     0.92
mamba  1002 final   lowpass   out     12 12.000     0.314    1.978    0.248         0.027          3.717 gcm_circular               40.000     0.92
mamba  1002 final   lowpass   out     16 16.000     0.291    2.002    0.261         0.018          4.033 gcm_circular               40.000     0.94
mamba  1002 final   lowpass   out     24 24.000     0.729    0.999    0.541         0.009          5.645        rulex               40.000     0.98
mamba  1002 final   lowpass   out     32 32.000     0.919    0.450    0.761         0.014          7.017        rulex               40.000     0.98
mamba  1002 final   lowpass   out     48 48.000     0.970    0.184    0.910         0.014          8.945        rulex               40.000     0.98
mamba  1002 final   lowpass   out     74 74.000     0.999    0.005    0.995         0.005         13.584        rulex               40.000     0.98
mamba  1002 final   lowpass  both      0  0.000     0.007    5.004    0.005         0.000          0.000      uniform                0.200     1.00
mamba  1002 final   lowpass  both      1  1.000     0.095    3.169    0.000         0.081         -7.229 gcm_circular               40.000     0.00
mamba  1002 final   lowpass  both      2  2.000     0.094    3.168    0.000         0.072         -7.235 gcm_circular               40.000     0.00
mamba  1002 final   lowpass  both      3  3.000     0.130    3.171    0.000         0.117         -7.206 gcm_circular               40.000     0.00
mamba  1002 final   lowpass  both      4  4.000     0.430    1.863    0.005         0.387         -9.966 gcm_circular               40.000     0.00
mamba  1002 final   lowpass  both      6  6.000     0.606    1.415    0.005         0.559        -12.368 gcm_circular               40.000     0.00
mamba  1002 final   lowpass  both      8  8.000     0.579    1.423    0.005         0.523        -12.211 gcm_circular               40.000     0.00
mamba  1002 final   lowpass  both     12 12.000     0.547    1.427    0.005         0.505        -11.974 gcm_circular               40.000     0.00
mamba  1002 final   lowpass  both     16 16.000     0.508    1.444    0.005         0.477        -11.664 gcm_circular               40.000     0.00
mamba  1002 final   lowpass  both     24 24.000     0.938    0.511    0.000         0.896        -12.097         rule               40.000     0.00
mamba  1002 final   lowpass  both     32 32.000     0.993    0.130    0.014         0.919        -10.609         rule               40.000     0.02
mamba  1002 final   lowpass  both     48 48.000     0.996    0.050    0.144         0.676         -4.638        rulex               40.000     0.18
mamba  1002 final   lowpass  both     74 74.000     0.999    0.005    0.995         0.005         13.584        rulex               40.000     0.98
mamba  1002 final      etop    in      0  0.000     0.999    0.005    0.995         0.005         13.584        rulex               40.000     0.98
mamba  1002 final      etop    in      1  0.050     0.993    0.031    0.973         0.009         12.867        rulex               40.000     0.98
mamba  1002 final      etop    in      2  0.100     0.973    0.102    0.905         0.009         11.463        rulex               40.000     0.98
mamba  1002 final      etop    in      3  0.200     0.930    0.233    0.842         0.005         10.748        rulex               32.076     1.00
mamba  1002 final      etop    in      4  0.300     0.721    0.740    0.662         0.014          8.945        rulex               20.627     0.98
mamba  1002 final      etop    in      6  0.400     0.420    1.929    0.428         0.005          8.355        rulex                3.527     1.00
mamba  1002 final      etop    in      8  0.500     0.031    5.568    0.383         0.000         12.908        rulex                0.200     1.00
mamba  1002 final      etop    in      9  0.600     0.004   15.905    0.676         0.000         26.026  gcm_hamming                0.388     1.00
mamba  1002 final      etop    in     22  0.700     0.006   15.734    0.509         0.000         23.971  gcm_hamming                0.200     1.00
mamba  1002 final      etop    in     37  0.800     0.006   15.478    0.410         0.000         20.347  gcm_hamming                0.200     1.00
mamba  1002 final      etop    in     55  0.900     0.007   15.337    0.176         0.005         12.288  gcm_hamming                0.200     1.00
mamba  1002 final      etop    in     64  0.950     0.006   15.259    0.054         0.000          6.114  gcm_hamming                0.200     1.00
mamba  1002 final      etop    in     74  1.000     0.008   14.352    0.005         0.014          0.648      uniform                0.200     0.00
mamba  1002 final      etop   out      0  0.000     0.999    0.005    0.995         0.005         13.584        rulex               40.000     0.98
mamba  1002 final      etop   out      1  0.050     0.996    0.023    0.995         0.005         12.484        rulex               40.000     0.98
mamba  1002 final      etop   out      1  0.100     0.996    0.023    0.995         0.005         12.484        rulex               40.000     0.98
mamba  1002 final      etop   out      2  0.200     0.988    0.068    0.986         0.005         11.912        rulex               40.000     0.98
mamba  1002 final      etop   out      3  0.300     0.919    0.323    0.964         0.000         11.295        rulex               40.000     1.00
mamba  1002 final      etop   out      4  0.400     0.674    0.914    0.919         0.000          9.872        rulex               25.722     1.00
mamba  1002 final      etop   out      5  0.500     0.496    1.607    0.860         0.000          8.741        rulex               16.541     1.00
mamba  1002 final      etop   out      6  0.600     0.196    2.656    0.824         0.000          7.792 gcm_circular                8.530     1.00
mamba  1002 final      etop   out      7  0.700     0.079    3.556    0.743         0.000          6.787        rulex                2.828     1.00
mamba  1002 final      etop   out      9  0.800     0.002    5.469    0.559         0.000          4.680  gcm_hamming                0.938     1.00
mamba  1002 final      etop   out     29  0.900     0.003    5.300    0.365         0.000          2.876      uniform                0.200     1.00
mamba  1002 final      etop   out     50  0.950     0.007    5.157    0.248         0.000          1.424      uniform                0.200     1.00
mamba  1002 final      etop   out     74  1.000     0.007    5.004    0.005         0.000          0.000      uniform                0.200     1.00
mamba  1002 final      etop  both      0  0.000     0.999    0.005    0.995         0.005         13.584        rulex               40.000     0.98
mamba  1002 final      etop  both      1  0.050     0.971    0.115    0.941         0.009         12.107        rulex               40.000     0.98
mamba  1002 final      etop  both      2  0.100     0.985    0.069    0.874         0.023          8.902        rulex               40.000     0.98
mamba  1002 final      etop  both      3  0.200     0.690    0.826    0.712         0.005          8.923        rulex               20.627     1.00
mamba  1002 final      etop  both      4  0.300     0.582    1.215    0.559         0.009          6.959        rulex               20.627     0.98
mamba  1002 final      etop  both      6  0.400     0.575    1.352    0.180         0.041          1.321        rulex                4.398     0.82
mamba  1002 final      etop  both      8  0.500     0.043    4.337    0.176         0.000          3.434        rulex                0.200     1.00
mamba  1002 final      etop  both      9  0.600     0.006    9.221    0.189         0.000          9.248      uniform                0.200     1.00
mamba  1002 final      etop  both     22  0.700     0.007    7.945    0.086         0.000          5.794      uniform                0.484     1.00
mamba  1002 final      etop  both     37  0.800     0.007    5.415    0.027         0.000          1.047      uniform                0.200     1.00
mamba  1002 final      etop  both     55  0.900     0.007    5.267    0.023         0.000          0.455      uniform                0.200     1.00
mamba  1002 final      etop  both     64  0.950     0.009    5.133    0.009         0.009          0.091      uniform                0.249     0.50
mamba  1002 final      etop  both     74  1.000     0.007    5.004    0.005         0.000          0.000      uniform                0.200     1.00
mamba  1002 final   ebottom    in      0  0.000     0.999    0.005    0.995         0.005         13.584        rulex               40.000     0.98
mamba  1002 final   ebottom    in     11  0.050     0.999    0.003    0.977         0.014         11.272        rulex               40.000     0.98
mamba  1002 final   ebottom    in     20  0.100     1.000    0.002    0.919         0.072          8.715        rulex               40.000     0.92
mamba  1002 final   ebottom    in     38  0.200     1.000    0.001    0.581         0.405          2.427        rulex               40.000     0.58
mamba  1002 final   ebottom    in     53  0.300     1.000    0.000    0.239         0.748         -3.742        rulex               40.000     0.24
mamba  1002 final   ebottom    in     66  0.400     1.000    0.001    0.090         0.896         -9.294        rulex               40.000     0.10
mamba  1002 final   ebottom    in     67  0.500     1.000    0.004    0.068         0.905         -9.513        rulex               40.000     0.06
mamba  1002 final   ebottom    in     69  0.600     0.990    0.058    0.054         0.883        -10.376        rulex               40.000     0.06
mamba  1002 final   ebottom    in     71  0.700     0.510    1.327    0.023         0.293        -10.553        rulex                3.527     0.06
mamba  1002 final   ebottom    in     72  0.800     0.135    2.984    0.009         0.068         -9.299         rule                0.200     0.08
mamba  1002 final   ebottom    in     73  0.900     0.047    4.640    0.014         0.027         -7.834         rule                0.200     0.26
mamba  1002 final   ebottom    in     74  0.950     0.008   14.352    0.005         0.014          0.648      uniform                0.200     0.00
mamba  1002 final   ebottom    in     74  1.000     0.008   14.352    0.005         0.014          0.648      uniform                0.200     0.00
mamba  1002 final   ebottom   out      0  0.000     0.999    0.005    0.995         0.005         13.584        rulex               40.000     0.98
mamba  1002 final   ebottom   out     25  0.050     0.999    0.004    0.991         0.009         12.106        rulex               40.000     0.98
mamba  1002 final   ebottom   out     46  0.100     0.999    0.003    0.982         0.009         10.637        rulex               40.000     0.98
mamba  1002 final   ebottom   out     66  0.200     0.999    0.006    0.901         0.050          8.102        rulex               40.000     0.94
mamba  1002 final   ebottom   out     68  0.300     0.992    0.060    0.734         0.072          5.792        rulex               40.000     0.92
mamba  1002 final   ebottom   out     69  0.400     0.983    0.139    0.653         0.068          4.843        rulex               40.000     0.90
mamba  1002 final   ebottom   out     70  0.500     0.882    0.667    0.329         0.059          3.712        rulex               10.637     0.84
mamba  1002 final   ebottom   out     71  0.600     0.672    1.466    0.216         0.054          2.289        rulex                6.840     0.80
mamba  1002 final   ebottom   out     72  0.700     0.303    2.546    0.122         0.014          1.672        rulex                0.200     0.92
mamba  1002 final   ebottom   out     73  0.800     0.055    3.747    0.027         0.009          1.100        rulex                0.200     0.82
mamba  1002 final   ebottom   out     74  0.900     0.007    5.004    0.005         0.000          0.000      uniform                0.200     1.00
mamba  1002 final   ebottom   out     74  0.950     0.007    5.004    0.005         0.000          0.000      uniform                0.200     1.00
mamba  1002 final   ebottom   out     74  1.000     0.007    5.004    0.005         0.000          0.000      uniform                0.200     1.00
mamba  1002 final   ebottom  both      0  0.000     0.999    0.005    0.995         0.005         13.584        rulex               40.000     0.98
mamba  1002 final   ebottom  both     11  0.050     1.000    0.002    0.968         0.027          9.788        rulex               40.000     0.98
mamba  1002 final   ebottom  both     20  0.100     1.000    0.001    0.824         0.153          5.752        rulex               40.000     0.84
mamba  1002 final   ebottom  both     38  0.200     1.000    0.001    0.261         0.622         -1.875        rulex               40.000     0.30
mamba  1002 final   ebottom  both     53  0.300     0.999    0.025    0.068         0.820         -6.084        rulex               40.000     0.08
mamba  1002 final   ebottom  both     66  0.400     1.000    0.037    0.018         0.919         -9.808         rule               40.000     0.02
mamba  1002 final   ebottom  both     67  0.500     0.971    0.397    0.014         0.820         -8.999        rulex               40.000     0.02
mamba  1002 final   ebottom  both     69  0.600     0.917    0.915    0.000         0.770         -8.958         rule               16.541     0.00
mamba  1002 final   ebottom  both     71  0.700     0.096    3.381    0.000         0.081         -4.952         rule                0.200     0.00
mamba  1002 final   ebottom  both     72  0.800     0.134    3.157    0.014         0.090         -6.825         rule                0.200     0.10
mamba  1002 final   ebottom  both     73  0.900     0.007    5.004    0.005         0.000          0.000      uniform                0.200     1.00
mamba  1002 final   ebottom  both     74  0.950     0.007    5.004    0.005         0.000          0.000      uniform                0.200     1.00
mamba  1002 final   ebottom  both     74  1.000     0.007    5.004    0.005         0.000          0.000      uniform                0.200     1.00
mamba  1002 final     erand    in      0  0.000     0.999    0.005    0.995         0.005         13.584        rulex               40.000     0.98
mamba  1002 final     erand    in      6  0.050     0.998    0.009    0.964         0.018         11.510        rulex               40.000     0.98
mamba  1002 final     erand    in      8  0.100     0.998    0.009    0.959         0.018         10.949        rulex               40.000     0.98
mamba  1002 final     erand    in     14  0.200     0.997    0.016    0.770         0.113          6.403        rulex               40.000     0.88
mamba  1002 final     erand    in     17  0.300     0.979    0.082    0.613         0.090          5.593        rulex               40.000     0.88
mamba  1002 final     erand    in     23  0.400     0.961    0.165    0.392         0.171          1.608        rulex               25.722     0.70
mamba  1002 final     erand    in     34  0.500     0.665    0.926    0.176         0.086         -2.489        rulex                6.840     0.68
mamba  1002 final     erand    in     46  0.600     0.687    0.855    0.095         0.207         -5.781        rulex                6.840     0.32
mamba  1002 final     erand    in     54  0.700     0.380    1.725    0.045         0.149         -7.203        rulex                5.485     0.22
mamba  1002 final     erand    in     59  0.800     0.050    4.117    0.050         0.018         -5.037 gcm_circular                3.527     0.80
mamba  1002 final     erand    in     67  0.900     0.007   15.294    0.041         0.000          6.321      uniform                0.200     1.00
mamba  1002 final     erand    in     67  0.950     0.007   15.294    0.041         0.000          6.321      uniform                0.200     1.00
mamba  1002 final     erand    in     74  1.000     0.008   14.352    0.005         0.014          0.648      uniform                0.200     0.00
mamba  1002 final     erand    in      0  0.000     0.999    0.005    0.995         0.005         13.584        rulex               40.000     0.98
mamba  1002 final     erand    in      2  0.050     0.993    0.030    0.968         0.009         12.593        rulex               40.000     0.98
mamba  1002 final     erand    in      3  0.100     0.993    0.030    0.964         0.009         12.215        rulex               40.000     0.98
mamba  1002 final     erand    in     10  0.200     0.986    0.060    0.838         0.045          8.343        rulex               40.000     0.94
mamba  1002 final     erand    in     17  0.300     0.956    0.160    0.532         0.126          3.935        rulex               25.722     0.80
mamba  1002 final     erand    in     25  0.400     0.969    0.140    0.392         0.198          1.138        rulex               32.076     0.66
mamba  1002 final     erand    in     31  0.500     0.803    0.592    0.167         0.158         -1.760        rulex               16.541     0.52
mamba  1002 final     erand    in     40  0.600     0.495    1.441    0.081         0.077         -4.162        rulex               10.637     0.52
mamba  1002 final     erand    in     55  0.700     0.190    2.658    0.027         0.050         -6.414        rulex                0.200     0.34
mamba  1002 final     erand    in     60  0.800     0.056    4.120    0.027         0.023         -5.523        rulex                0.200     0.56
mamba  1002 final     erand    in     69  0.900     0.007   15.190    0.027         0.009          4.589  gcm_hamming                0.311     1.00
mamba  1002 final     erand    in     69  0.950     0.007   15.190    0.027         0.009          4.589  gcm_hamming                0.311     1.00
mamba  1002 final     erand    in     74  1.000     0.008   14.352    0.005         0.014          0.648      uniform                0.200     0.00
mamba  1002 final     erand    in      0  0.000     0.999    0.005    0.995         0.005         13.584        rulex               40.000     0.98
mamba  1002 final     erand    in      2  0.050     0.996    0.018    0.977         0.014         12.230        rulex               40.000     0.98
mamba  1002 final     erand    in      6  0.100     0.996    0.016    0.955         0.023         10.905        rulex               40.000     0.98
mamba  1002 final     erand    in     23  0.200     0.998    0.009    0.793         0.171          5.557        rulex               40.000     0.82
mamba  1002 final     erand    in     30  0.300     0.997    0.020    0.428         0.378          0.510        rulex               40.000     0.54
mamba  1002 final     erand    in     38  0.400     0.958    0.164    0.189         0.365         -3.934        rulex               25.722     0.34
mamba  1002 final     erand    in     45  0.500     0.944    0.237    0.090         0.486         -6.525        rulex               32.076     0.16
mamba  1002 final     erand    in     49  0.600     0.664    0.895    0.036         0.243         -7.270        rulex               10.637     0.12
mamba  1002 final     erand    in     57  0.700     0.579    1.241    0.027         0.284         -8.461        rulex               10.637     0.08
mamba  1002 final     erand    in     64  0.800     0.185    2.953    0.018         0.077         -8.469 gcm_circular               16.541     0.18
mamba  1002 final     erand    in     66  0.900     0.006   15.280    0.072         0.000          7.426      uniform                0.200     1.00
mamba  1002 final     erand    in     66  0.950     0.006   15.280    0.072         0.000          7.426      uniform                0.200     1.00
mamba  1002 final     erand    in     74  1.000     0.008   14.352    0.005         0.014          0.648      uniform                0.200     0.00
mamba  1002 final     erand   out      0  0.000     0.999    0.005    0.995         0.005         13.584        rulex               40.000     0.98
mamba  1002 final     erand   out      6  0.050     0.997    0.012    0.986         0.009         12.247        rulex               40.000     0.98
mamba  1002 final     erand   out      9  0.100     0.992    0.042    0.968         0.000         11.563        rulex               40.000     1.00
mamba  1002 final     erand   out      9  0.200     0.992    0.042    0.968         0.000         11.563        rulex               40.000     1.00
mamba  1002 final     erand   out     15  0.300     0.974    0.148    0.941         0.005          9.663        rulex               40.000     0.98
mamba  1002 final     erand   out     19  0.400     0.919    0.435    0.905         0.005          8.850        rulex               20.627     1.00
mamba  1002 final     erand   out     34  0.500     0.621    1.276    0.779         0.005          6.787        rulex                6.840     1.00
mamba  1002 final     erand   out     48  0.600     0.690    1.193    0.644         0.009          5.689        rulex                6.840     0.98
mamba  1002 final     erand   out     57  0.700     0.163    2.737    0.329         0.005          3.101        rulex                1.459     1.00
mamba  1002 final     erand   out     59  0.800     0.039    3.991    0.189         0.000          1.908        rulex                1.459     1.00
mamba  1002 final     erand   out     67  0.900     0.004    5.046    0.036         0.000          0.405      uniform                0.200     1.00
mamba  1002 final     erand   out     67  0.950     0.004    5.046    0.036         0.000          0.405      uniform                0.200     1.00
mamba  1002 final     erand   out     74  1.000     0.007    5.004    0.005         0.000          0.000      uniform                0.200     1.00
mamba  1002 final     erand   out      0  0.000     0.999    0.005    0.995         0.005         13.584        rulex               40.000     0.98
mamba  1002 final     erand   out      2  0.050     0.994    0.023    1.000         0.000         12.092        rulex               40.000     1.00
mamba  1002 final     erand   out      2  0.100     0.994    0.023    1.000         0.000         12.092        rulex               40.000     1.00
mamba  1002 final     erand   out      5  0.200     0.986    0.076    0.982         0.000         10.927        rulex               40.000     1.00
mamba  1002 final     erand   out     16  0.300     0.943    0.261    0.959         0.005          9.587        rulex               25.722     1.00
mamba  1002 final     erand   out     18  0.400     0.933    0.351    0.946         0.005          8.214        rulex               25.722     1.00
mamba  1002 final     erand   out     31  0.500     0.791    0.948    0.824         0.005          6.838        rulex               16.541     1.00
mamba  1002 final     erand   out     39  0.600     0.459    1.757    0.689         0.000          5.587        rulex               10.637     1.00
mamba  1002 final     erand   out     55  0.700     0.173    2.678    0.347         0.005          3.522        rulex                0.200     1.00
mamba  1002 final     erand   out     60  0.800     0.055    3.842    0.207         0.005          2.097        rulex                0.200     1.00
mamba  1002 final     erand   out     69  0.900     0.012    5.042    0.045         0.000          0.398         rule                0.938     1.00
mamba  1002 final     erand   out     69  0.950     0.012    5.042    0.045         0.000          0.398         rule                0.938     1.00
mamba  1002 final     erand   out     74  1.000     0.007    5.004    0.005         0.000          0.000      uniform                0.200     1.00
mamba  1002 final     erand   out      0  0.000     0.999    0.005    0.995         0.005         13.584        rulex               40.000     0.98
mamba  1002 final     erand   out      2  0.050     0.995    0.019    0.986         0.009         12.391        rulex               40.000     0.98
mamba  1002 final     erand   out      2  0.100     0.995    0.019    0.986         0.009         12.391        rulex               40.000     0.98
mamba  1002 final     erand   out     27  0.200     0.991    0.053    0.955         0.005         10.045        rulex               40.000     0.98
mamba  1002 final     erand   out     38  0.300     0.953    0.248    0.919         0.000          8.757        rulex               25.722     1.00
mamba  1002 final     erand   out     41  0.400     0.955    0.244    0.901         0.005          8.569        rulex               32.076     1.00
mamba  1002 final     erand   out     45  0.500     0.905    0.537    0.829         0.005          7.181        rulex               25.722     1.00
mamba  1002 final     erand   out     50  0.600     0.692    1.150    0.694         0.005          6.111        rulex               13.264     1.00
mamba  1002 final     erand   out     58  0.700     0.151    2.891    0.356         0.000          3.425 gcm_circular               13.264     1.00
mamba  1002 final     erand   out     65  0.800     0.036    4.046    0.149         0.000          1.602 gcm_circular               10.637     1.00
mamba  1002 final     erand   out     65  0.900     0.036    4.046    0.149         0.000          1.602 gcm_circular               10.637     1.00
mamba  1002 final     erand   out     66  0.950     0.006    5.061    0.068         0.000          0.597      uniform                0.200     1.00
mamba  1002 final     erand   out     74  1.000     0.007    5.004    0.005         0.000          0.000      uniform                0.200     1.00
mamba  1002 final     erand  both      0  0.000     0.999    0.005    0.995         0.005         13.584        rulex               40.000     0.98
mamba  1002 final     erand  both      6  0.050     0.992    0.043    0.941         0.009         10.020        rulex               40.000     0.98
mamba  1002 final     erand  both      8  0.100     0.993    0.041    0.937         0.009          9.536        rulex               40.000     0.98
mamba  1002 final     erand  both     14  0.200     0.934    0.322    0.608         0.050          6.013        rulex               20.627     0.92
mamba  1002 final     erand  both     17  0.300     0.752    0.763    0.423         0.059          2.978        rulex                6.840     0.88
mamba  1002 final     erand  both     23  0.400     0.394    1.666    0.153         0.059         -0.656        rulex                6.840     0.72
mamba  1002 final     erand  both     34  0.500     0.035    4.221    0.108         0.000          1.210        rulex                0.388     1.00
mamba  1002 final     erand  both     46  0.600     0.037    4.029    0.059         0.009         -0.655        rulex                0.200     1.00
mamba  1002 final     erand  both     54  0.700     0.007    5.291    0.045         0.009          1.059  gcm_hamming                0.200     1.00
mamba  1002 final     erand  both     59  0.800     0.005    5.249    0.027         0.000          0.487  gcm_hamming                0.200     1.00
mamba  1002 final     erand  both     67  0.900     0.008    5.049    0.005         0.005         -0.035      uniform                0.200     0.50
mamba  1002 final     erand  both     67  0.950     0.008    5.049    0.005         0.005         -0.035      uniform                0.200     0.50
mamba  1002 final     erand  both     74  1.000     0.007    5.004    0.005         0.000          0.000      uniform                0.200     1.00
mamba  1002 final     erand  both      0  0.000     0.999    0.005    0.995         0.005         13.584        rulex               40.000     0.98
mamba  1002 final     erand  both      2  0.050     0.992    0.034    0.928         0.023         10.380        rulex               40.000     0.98
mamba  1002 final     erand  both      3  0.100     0.993    0.033    0.905         0.032         10.046        rulex               40.000     0.96
mamba  1002 final     erand  both     10  0.200     0.932    0.312    0.667         0.005          6.994        rulex               25.722     0.98
mamba  1002 final     erand  both     17  0.300     0.266    2.204    0.482         0.000          5.878 gcm_circular               10.637     1.00
mamba  1002 final     erand  both     25  0.400     0.348    1.909    0.234         0.032          1.593        rulex               13.264     0.90
mamba  1002 final     erand  both     31  0.500     0.454    1.578    0.068         0.072         -2.769        rulex               16.541     0.48
mamba  1002 final     erand  both     40  0.600     0.228    2.378    0.054         0.059         -4.147 gcm_circular               13.264     0.48
mamba  1002 final     erand  both     55  0.700     0.040    3.562    0.027         0.023         -3.989        rulex                0.200     0.56
mamba  1002 final     erand  both     60  0.800     0.005    5.202    0.018         0.000          0.466  gcm_hamming                0.388     1.00
mamba  1002 final     erand  both     69  0.900     0.007    5.046    0.009         0.005          0.001  gcm_hamming                0.200     1.00
mamba  1002 final     erand  both     69  0.950     0.007    5.046    0.009         0.005          0.001  gcm_hamming                0.200     1.00
mamba  1002 final     erand  both     74  1.000     0.007    5.004    0.005         0.000          0.000      uniform                0.200     1.00
mamba  1002 final     erand  both      0  0.000     0.999    0.005    0.995         0.005         13.584        rulex               40.000     0.98
mamba  1002 final     erand  both      2  0.050     0.991    0.039    0.955         0.018         11.034        rulex               40.000     0.98
mamba  1002 final     erand  both      6  0.100     0.997    0.018    0.847         0.086          6.648        rulex               40.000     0.90
mamba  1002 final     erand  both     23  0.200     0.999    0.010    0.563         0.297          2.285        rulex               40.000     0.66
mamba  1002 final     erand  both     30  0.300     0.971    0.191    0.243         0.324         -0.811        rulex               40.000     0.42
mamba  1002 final     erand  both     38  0.400     0.908    0.475    0.086         0.414         -4.146        rulex               25.722     0.18
mamba  1002 final     erand  both     45  0.500     0.140    3.107    0.077         0.027         -0.230 gcm_circular               10.637     0.76
mamba  1002 final     erand  both     49  0.600     0.037    4.159    0.068         0.009          0.282 gcm_circular               13.264     1.00
mamba  1002 final     erand  both     57  0.700     0.031    3.961    0.027         0.023         -1.354 gcm_circular               13.264     0.58
mamba  1002 final     erand  both     64  0.800     0.062    3.600    0.014         0.054         -3.729 gcm_circular               20.627     0.12
mamba  1002 final     erand  both     66  0.900     0.008    5.112    0.009         0.005          0.069      uniform                0.200     1.00
mamba  1002 final     erand  both     66  0.950     0.008    5.112    0.009         0.005          0.069      uniform                0.200     1.00
mamba  1002 final     erand  both     74  1.000     0.007    5.004    0.005         0.000          0.000      uniform                0.200     1.00
mamba  1002 final      topk    in     55  0.000     0.999    0.005    0.995         0.005         13.584        rulex               40.000     0.98
mamba  1002 final      topk    in     55  0.250     0.998    0.007    0.995         0.000         14.708        rulex               40.000     1.00
mamba  1002 final      topk    in     55  0.500     0.995    0.018    0.995         0.000         16.538        rulex               40.000     1.00
mamba  1002 final      topk    in     55  0.750     0.926    0.275    0.991         0.000         19.877        rulex               25.722     1.00
mamba  1002 final      topk    in     55  1.000     0.007   15.337    0.176         0.005         12.288  gcm_hamming                0.200     1.00
mamba  1002 final      topk   out     29  0.000     0.999    0.005    0.995         0.005         13.584        rulex               40.000     0.98
mamba  1002 final      topk   out     29  0.250     0.998    0.012    1.000         0.000         10.907        rulex               40.000     1.00
mamba  1002 final      topk   out     29  0.500     0.996    0.084    0.995         0.000          8.230        rulex               40.000     1.00
mamba  1002 final      topk   out     29  0.750     0.963    1.083    0.991         0.000          5.553        rulex               40.000     1.00
mamba  1002 final      topk   out     29  1.000     0.003    5.300    0.365         0.000          2.876      uniform                0.200     1.00
mamba  1002 final      topk  both     55  0.000     0.999    0.005    0.995         0.005         13.584        rulex               40.000     0.98
mamba  1002 final      topk  both     55  0.250     0.998    0.015    0.995         0.000         11.303        rulex               40.000     1.00
mamba  1002 final      topk  both     55  0.500     0.993    0.115    0.995         0.000          8.791        rulex               40.000     1.00
mamba  1002 final      topk  both     55  0.750     0.859    1.587    0.968         0.000          5.622        rulex               16.541     1.00
mamba  1002 final      topk  both     55  1.000     0.007    5.104    0.018         0.000          0.172      uniform                0.200     1.00
mamba  1002 final     randk    in     19  0.000     0.999    0.005    0.995         0.005         13.584        rulex               40.000     0.98
mamba  1002 final     randk    in     19  0.250     0.999    0.004    0.991         0.009         12.613        rulex               40.000     0.98
mamba  1002 final     randk    in     19  0.500     0.999    0.003    0.991         0.009         11.535        rulex               40.000     0.98
mamba  1002 final     randk    in     19  0.750     0.999    0.002    0.968         0.023         10.337        rulex               40.000     0.98
mamba  1002 final     randk    in     19  1.000     0.999    0.002    0.932         0.059          9.014        rulex               40.000     0.94
mamba  1002 final     randk    in     19  0.000     0.999    0.005    0.995         0.005         13.584        rulex               40.000     0.98
mamba  1002 final     randk    in     19  0.250     0.999    0.004    0.991         0.009         12.613        rulex               40.000     0.98
mamba  1002 final     randk    in     19  0.500     0.999    0.003    0.991         0.009         11.535        rulex               40.000     0.98
mamba  1002 final     randk    in     19  0.750     0.999    0.002    0.968         0.023         10.337        rulex               40.000     0.98
mamba  1002 final     randk    in     19  1.000     0.999    0.002    0.932         0.059          9.014        rulex               40.000     0.94
mamba  1002 final     randk    in     19  0.000     0.999    0.005    0.995         0.005         13.584        rulex               40.000     0.98
mamba  1002 final     randk    in     19  0.250     0.999    0.004    0.991         0.009         12.613        rulex               40.000     0.98
mamba  1002 final     randk    in     19  0.500     0.999    0.003    0.991         0.009         11.535        rulex               40.000     0.98
mamba  1002 final     randk    in     19  0.750     0.999    0.002    0.968         0.023         10.337        rulex               40.000     0.98
mamba  1002 final     randk    in     19  1.000     0.999    0.002    0.932         0.059          9.014        rulex               40.000     0.94
mamba  1002 final     randk   out     29  0.000     0.999    0.005    0.995         0.005         13.584        rulex               40.000     0.98
mamba  1002 final     randk   out     29  0.250     0.999    0.004    0.991         0.009         13.111        rulex               40.000     0.98
mamba  1002 final     randk   out     29  0.500     0.999    0.004    0.991         0.009         12.637        rulex               40.000     0.98
mamba  1002 final     randk   out     29  0.750     0.999    0.004    0.991         0.009         12.164        rulex               40.000     0.98
mamba  1002 final     randk   out     29  1.000     0.999    0.003    0.986         0.009         11.690        rulex               40.000     0.98
mamba  1002 final     randk   out     29  0.000     0.999    0.005    0.995         0.005         13.584        rulex               40.000     0.98
mamba  1002 final     randk   out     29  0.250     0.999    0.004    0.991         0.009         13.123        rulex               40.000     0.98
mamba  1002 final     randk   out     29  0.500     0.999    0.004    0.991         0.009         12.661        rulex               40.000     0.98
mamba  1002 final     randk   out     29  0.750     0.999    0.004    0.991         0.009         12.200        rulex               40.000     0.98
mamba  1002 final     randk   out     29  1.000     0.999    0.003    0.991         0.009         11.738        rulex               40.000     0.98
mamba  1002 final     randk   out     29  0.000     0.999    0.005    0.995         0.005         13.584        rulex               40.000     0.98
mamba  1002 final     randk   out     29  0.250     0.999    0.004    0.991         0.009         13.104        rulex               40.000     0.98
mamba  1002 final     randk   out     29  0.500     0.999    0.004    0.991         0.009         12.625        rulex               40.000     0.98
mamba  1002 final     randk   out     29  0.750     0.999    0.004    0.991         0.009         12.145        rulex               40.000     0.98
mamba  1002 final     randk   out     29  1.000     0.999    0.004    0.991         0.009         11.665        rulex               40.000     0.98
mamba  1002 final     randk  both     19  0.000     0.999    0.005    0.995         0.005         13.584        rulex               40.000     0.98
mamba  1002 final     randk  both     19  0.250     0.999    0.003    0.991         0.009         12.336        rulex               40.000     0.98
mamba  1002 final     randk  both     19  0.500     0.999    0.003    0.982         0.014         10.979        rulex               40.000     0.98
mamba  1002 final     randk  both     19  0.750     1.000    0.002    0.959         0.032          9.505        rulex               40.000     0.96
mamba  1002 final     randk  both     19  1.000     1.000    0.002    0.905         0.086          7.910        rulex               40.000     0.92
mamba  1002 final     randk  both     19  0.000     0.999    0.005    0.995         0.005         13.584        rulex               40.000     0.98
mamba  1002 final     randk  both     19  0.250     0.999    0.003    0.991         0.009         12.336        rulex               40.000     0.98
mamba  1002 final     randk  both     19  0.500     0.999    0.003    0.982         0.014         10.979        rulex               40.000     0.98
mamba  1002 final     randk  both     19  0.750     1.000    0.002    0.959         0.032          9.505        rulex               40.000     0.96
mamba  1002 final     randk  both     19  1.000     1.000    0.002    0.905         0.086          7.910        rulex               40.000     0.92
mamba  1002 final     randk  both     19  0.000     0.999    0.005    0.995         0.005         13.584        rulex               40.000     0.98
mamba  1002 final     randk  both     19  0.250     0.999    0.003    0.991         0.009         12.336        rulex               40.000     0.98
mamba  1002 final     randk  both     19  0.500     0.999    0.003    0.982         0.014         10.979        rulex               40.000     0.98
mamba  1002 final     randk  both     19  0.750     1.000    0.002    0.959         0.032          9.505        rulex               40.000     0.96
mamba  1002 final     randk  both     19  1.000     1.000    0.002    0.905         0.086          7.910        rulex               40.000     0.92
mamba  1002 final  residual    in     19  0.000     0.999    0.005    0.995         0.005         13.584        rulex               40.000     0.98
mamba  1002 final  residual    in     19  0.250     0.999    0.004    0.991         0.009         12.613        rulex               40.000     0.98
mamba  1002 final  residual    in     19  0.500     0.999    0.003    0.991         0.009         11.535        rulex               40.000     0.98
mamba  1002 final  residual    in     19  0.750     0.999    0.002    0.968         0.023         10.337        rulex               40.000     0.98
mamba  1002 final  residual    in     19  1.000     0.999    0.002    0.932         0.059          9.014        rulex               40.000     0.94
mamba  1002 final  residual   out     45  0.000     0.999    0.005    0.995         0.005         13.584        rulex               40.000     0.98
mamba  1002 final  residual   out     45  0.250     0.999    0.004    0.991         0.009         12.865        rulex               40.000     0.98
mamba  1002 final  residual   out     45  0.500     0.999    0.004    0.991         0.009         12.146        rulex               40.000     0.98
mamba  1002 final  residual   out     45  0.750     0.999    0.003    0.991         0.009         11.427        rulex               40.000     0.98
mamba  1002 final  residual   out     45  1.000     0.999    0.003    0.986         0.009         10.708        rulex               40.000     0.98
mamba  1002 final  residual  both     19  0.000     0.999    0.005    0.995         0.005         13.584        rulex               40.000     0.98
mamba  1002 final  residual  both     19  0.250     0.999    0.003    0.991         0.009         12.336        rulex               40.000     0.98
mamba  1002 final  residual  both     19  0.500     0.999    0.003    0.982         0.014         10.979        rulex               40.000     0.98
mamba  1002 final  residual  both     19  0.750     1.000    0.002    0.959         0.032          9.505        rulex               40.000     0.96
mamba  1002 final  residual  both     19  1.000     1.000    0.002    0.905         0.086          7.910        rulex               40.000     0.92
mamba  1002 final   neurons units      0  0.000     0.999    0.005    0.995         0.005         13.584        rulex               40.000     0.98
mamba  1002 final   neurons units      1  0.001     0.999    0.005    0.991         0.005         13.510        rulex               40.000     0.98
mamba  1002 final   neurons units      2  0.001     0.998    0.005    0.991         0.005         13.450        rulex               40.000     0.98
mamba  1002 final   neurons units      4  0.003     0.999    0.005    0.991         0.005         13.350        rulex               40.000     0.98
mamba  1002 final   neurons units      8  0.005     0.999    0.005    0.991         0.005         13.177        rulex               40.000     0.98
mamba  1002 final   neurons units     16  0.010     0.999    0.005    0.986         0.009         12.854        rulex               40.000     0.98
mamba  1002 final   neurons units     32  0.021     0.999    0.005    0.986         0.009         12.284        rulex               40.000     0.98
mamba  1002 final   neurons units     64  0.042     0.999    0.005    0.986         0.009         11.195        rulex               40.000     0.98
mamba  1002 final   neurons units    128  0.083     0.999    0.006    0.950         0.032          9.259        rulex               40.000     0.96
mamba  1002 final   neurons units    256  0.167     0.998    0.011    0.820         0.108          6.302        rulex               40.000     0.88
mamba  1002 final   neurons units    512  0.333     0.986    0.064    0.514         0.248          1.901        rulex               40.000     0.68
mamba  1002 final randunits units      0  0.000     0.999    0.005    0.995         0.005         13.584        rulex               40.000     0.98
mamba  1002 final randunits units      1  0.001     0.999    0.005    0.995         0.005         13.579        rulex               40.000     0.98
mamba  1002 final randunits units      2  0.001     0.999    0.005    0.995         0.005         13.574        rulex               40.000     0.98
mamba  1002 final randunits units      4  0.003     0.998    0.005    0.995         0.005         13.568        rulex               40.000     0.98
mamba  1002 final randunits units      8  0.005     0.998    0.005    0.995         0.005         13.649        rulex               40.000     0.98
mamba  1002 final randunits units     16  0.010     0.999    0.005    0.991         0.009         13.455        rulex               40.000     0.98
mamba  1002 final randunits units     32  0.021     0.998    0.005    0.991         0.009         13.469        rulex               40.000     0.98
mamba  1002 final randunits units     64  0.042     0.998    0.006    0.995         0.000         13.563        rulex               40.000     1.00
mamba  1002 final randunits units    128  0.083     0.999    0.006    0.991         0.005         13.023        rulex               40.000     0.98
mamba  1002 final randunits units    256  0.167     0.997    0.010    0.995         0.005         13.606        rulex               40.000     0.98
mamba  1002 final randunits units    512  0.333     0.995    0.023    0.964         0.009         12.565        rulex               40.000     0.98
mamba  1002 final randunits units      0  0.000     0.999    0.005    0.995         0.005         13.584        rulex               40.000     0.98
mamba  1002 final randunits units      1  0.001     0.998    0.005    0.995         0.005         13.559        rulex               40.000     0.98
mamba  1002 final randunits units      2  0.001     0.999    0.005    0.995         0.005         13.601        rulex               40.000     0.98
mamba  1002 final randunits units      4  0.003     0.999    0.005    0.995         0.005         13.589        rulex               40.000     0.98
mamba  1002 final randunits units      8  0.005     0.998    0.005    0.995         0.005         13.656        rulex               40.000     0.98
mamba  1002 final randunits units     16  0.010     0.998    0.006    0.995         0.000         13.740        rulex               40.000     1.00
mamba  1002 final randunits units     32  0.021     0.998    0.005    1.000         0.000         13.439        rulex               40.000     1.00
mamba  1002 final randunits units     64  0.042     0.998    0.006    0.991         0.009         13.526        rulex               40.000     0.98
mamba  1002 final randunits units    128  0.083     0.998    0.008    0.995         0.000         13.417        rulex               40.000     1.00
mamba  1002 final randunits units    256  0.167     0.998    0.009    0.982         0.005         13.096        rulex               40.000     0.98
mamba  1002 final randunits units    512  0.333     0.995    0.020    0.964         0.014         12.668        rulex               40.000     0.98
mamba  1002 final randunits units      0  0.000     0.999    0.005    0.995         0.005         13.584        rulex               40.000     0.98
mamba  1002 final randunits units      1  0.001     0.999    0.005    0.995         0.005         13.592        rulex               40.000     0.98
mamba  1002 final randunits units      2  0.001     0.999    0.005    0.995         0.005         13.587        rulex               40.000     0.98
mamba  1002 final randunits units      4  0.003     0.999    0.005    0.995         0.005         13.595        rulex               40.000     0.98
mamba  1002 final randunits units      8  0.005     0.999    0.005    0.995         0.005         13.529        rulex               40.000     0.98
mamba  1002 final randunits units     16  0.010     0.999    0.005    0.991         0.009         13.611        rulex               40.000     0.98
mamba  1002 final randunits units     32  0.021     0.998    0.005    0.991         0.009         13.575        rulex               40.000     0.98
mamba  1002 final randunits units     64  0.042     0.998    0.006    0.991         0.005         13.430        rulex               40.000     0.98
mamba  1002 final randunits units    128  0.083     0.998    0.006    0.986         0.005         13.014        rulex               40.000     0.98
mamba  1002 final randunits units    256  0.167     0.998    0.010    0.986         0.009         13.354        rulex               40.000     0.98
mamba  1002 final randunits units    512  0.333     0.995    0.020    0.964         0.027         12.874        rulex               40.000     0.98
mamba  1000 final      none     -      0  0.000     0.993    0.029    0.998         0.002         19.818        rulex               40.000     1.00
mamba  1000 final   lowpass    in      0  0.000     0.006   18.808    0.013         0.005          0.149   gcm_linear                0.200     1.00
mamba  1000 final   lowpass    in      1  1.000     0.004   19.448    0.009         0.004         -0.334   gcm_linear                0.200     1.00
mamba  1000 final   lowpass    in      2  2.000     0.009   19.286    0.009         0.007          0.751   gcm_linear                0.200     1.00
mamba  1000 final   lowpass    in      3  3.000     0.045    5.027    0.022         0.036         -9.492         rule                0.603     0.32
mamba  1000 final   lowpass    in      4  4.000     0.046    5.033    0.025         0.031         -9.390        rulex                0.752     0.44
mamba  1000 final   lowpass    in      6  6.000     0.045    5.095    0.025         0.034         -9.181        rulex                0.752     0.40
mamba  1000 final   lowpass    in      8  8.000     0.045    5.106    0.029         0.032         -8.925        rulex                0.603     0.46
mamba  1000 final   lowpass    in     12 12.000     0.046    5.203    0.029         0.020         -8.008        rulex                0.603     0.62
mamba  1000 final   lowpass    in     16 16.000     0.046    5.297    0.038         0.011         -7.020        rulex                0.603     0.88
mamba  1000 final   lowpass    in     24 24.000     0.101    4.718    0.074         0.022         -4.007        rulex                1.170     0.80
mamba  1000 final   lowpass    in     32 32.000     0.291    2.696    0.153         0.041         -3.469        rulex                2.828     0.80
mamba  1000 final   lowpass    in     48 48.000     0.810    0.523    0.465         0.090          4.777        rulex                8.530     0.84
mamba  1000 final   lowpass    in     74 74.000     0.993    0.029    0.998         0.002         19.818        rulex               40.000     1.00
mamba  1000 final   lowpass   out      0  0.000     0.007    5.004    0.007         0.009          0.000      uniform                0.200     0.00
mamba  1000 final   lowpass   out      1  1.000     0.006    5.019    0.007         0.002          0.081      uniform                0.200     1.00
mamba  1000 final   lowpass   out      2  2.000     0.006    5.035    0.014         0.004          0.212      uniform                0.200     1.00
mamba  1000 final   lowpass   out      3  3.000     0.045    3.749    0.045         0.007          1.477        rulex                0.200     1.00
mamba  1000 final   lowpass   out      4  4.000     0.048    3.759    0.054         0.004          1.559        rulex                0.200     1.00
mamba  1000 final   lowpass   out      6  6.000     0.048    3.753    0.063         0.007          1.796        rulex                0.752     1.00
mamba  1000 final   lowpass   out      8  8.000     0.046    3.766    0.090         0.002          2.046        rulex                0.938     1.00
mamba  1000 final   lowpass   out     12 12.000     0.047    3.778    0.162         0.002          2.680        rulex                1.170     1.00
mamba  1000 final   lowpass   out     16 16.000     0.039    3.825    0.202         0.005          3.156        rulex                0.938     1.00
mamba  1000 final   lowpass   out     24 24.000     0.108    3.414    0.371         0.002          4.935        rulex                1.170     1.00
mamba  1000 final   lowpass   out     32 32.000     0.361    2.097    0.638         0.004          7.228        rulex                3.527     1.00
mamba  1000 final   lowpass   out     48 48.000     0.875    0.395    0.968         0.002         12.397        rulex               16.541     1.00
mamba  1000 final   lowpass   out     74 74.000     0.993    0.029    0.998         0.002         19.818        rulex               40.000     1.00
mamba  1000 final   lowpass  both      0  0.000     0.007    5.004    0.007         0.009          0.000      uniform                0.200     0.00
mamba  1000 final   lowpass  both      1  1.000     0.008    4.985    0.004         0.007         -0.044   gcm_linear                1.819     0.00
mamba  1000 final   lowpass  both      2  2.000     0.011    4.958    0.009         0.007         -0.111   gcm_linear                1.170     1.00
mamba  1000 final   lowpass  both      3  3.000     0.122    3.017    0.005         0.115        -10.568         rule                0.200     0.00
mamba  1000 final   lowpass  both      4  4.000     0.127    3.036    0.005         0.124        -10.543         rule                0.484     0.00
mamba  1000 final   lowpass  both      6  6.000     0.111    3.048    0.005         0.139        -10.551         rule                0.603     0.00
mamba  1000 final   lowpass  both      8  8.000     0.106    3.084    0.005         0.121        -10.496         rule                0.603     0.00
mamba  1000 final   lowpass  both     12 12.000     0.086    3.123    0.005         0.077        -10.352         rule                0.938     0.00
mamba  1000 final   lowpass  both     16 16.000     0.077    3.204    0.002         0.083        -10.095         rule                0.752     0.00
mamba  1000 final   lowpass  both     24 24.000     0.231    2.483    0.009         0.198         -9.965         rule                2.268     0.02
mamba  1000 final   lowpass  both     32 32.000     0.574    1.194    0.018         0.391        -11.206        rulex                4.398     0.04
mamba  1000 final   lowpass  both     48 48.000     0.937    0.199    0.177         0.411         -3.694        rulex               16.541     0.30
mamba  1000 final   lowpass  both     74 74.000     0.993    0.029    0.998         0.002         19.818        rulex               40.000     1.00
mamba  1000 final      etop    in      0  0.000     0.993    0.029    0.998         0.002         19.818        rulex               40.000     1.00
mamba  1000 final      etop    in      1  0.050     0.958    0.140    0.991         0.002         19.117        rulex               32.076     1.00
mamba  1000 final      etop    in      2  0.100     0.845    0.505    0.962         0.002         19.264        rulex               20.627     1.00
mamba  1000 final      etop    in      3  0.200     0.636    1.324    0.903         0.000         19.549        rulex               16.541     1.00
mamba  1000 final      etop    in      5  0.300     0.205    4.506    0.814         0.000         22.403        rulex                2.268     1.00
mamba  1000 final      etop    in      6  0.400     0.063    8.038    0.834         0.000         27.045        rulex                1.459     1.00
mamba  1000 final      etop    in      9  0.500     0.007   19.028    0.872         0.000         34.070  gcm_hamming                0.603     1.00
mamba  1000 final      etop    in     18  0.600     0.004   20.126    0.796         0.000         32.887  gcm_hamming                0.484     1.00
mamba  1000 final      etop    in     31  0.700     0.005   19.873    0.654         0.000         29.475  gcm_hamming                0.484     1.00
mamba  1000 final      etop    in     44  0.800     0.005   19.526    0.404         0.000         23.701  gcm_hamming                0.200     1.00
mamba  1000 final      etop    in     59  0.900     0.007   19.275    0.108         0.002         12.706  gcm_hamming                0.200     1.00
mamba  1000 final      etop    in     66  0.950     0.006   19.259    0.032         0.009          6.097      uniform                0.200     1.00
mamba  1000 final      etop    in     74  1.000     0.006   18.808    0.013         0.005          0.149   gcm_linear                0.200     1.00
mamba  1000 final      etop   out      0  0.000     0.993    0.029    0.998         0.002         19.818        rulex               40.000     1.00
mamba  1000 final      etop   out      1  0.050     0.979    0.080    1.000         0.000         18.155        rulex               40.000     1.00
mamba  1000 final      etop   out      1  0.100     0.979    0.080    1.000         0.000         18.155        rulex               40.000     1.00
mamba  1000 final      etop   out      2  0.200     0.932    0.234    0.998         0.000         16.886        rulex               32.076     1.00
mamba  1000 final      etop   out      3  0.300     0.813    0.609    0.998         0.000         15.519        rulex               20.627     1.00
mamba  1000 final      etop   out      4  0.400     0.625    1.235    0.984         0.000         14.135        rulex                6.840     1.00
mamba  1000 final      etop   out      6  0.500     0.093    3.707    0.895         0.000         11.346        rulex                1.459     1.00
mamba  1000 final      etop   out      7  0.600     0.027    4.575    0.793         0.000         10.406  gcm_hamming                0.603     1.00
mamba  1000 final      etop   out      9  0.700     0.009    5.344    0.658         0.000          8.846  gcm_hamming                0.311     1.00
mamba  1000 final      etop   out     25  0.800     0.015    5.504    0.485         0.002          5.787  gcm_hamming                0.200     1.00
mamba  1000 final      etop   out     46  0.900     0.005    5.404    0.279         0.000          3.071  gcm_hamming                0.388     1.00
mamba  1000 final      etop   out     59  0.950     0.005    5.211    0.133         0.000          1.513  gcm_hamming                0.200     1.00
mamba  1000 final      etop   out     74  1.000     0.007    5.004    0.007         0.009          0.000      uniform                0.200     0.00
mamba  1000 final      etop  both      0  0.000     0.993    0.029    0.998         0.002         19.818        rulex               40.000     1.00
mamba  1000 final      etop  both      1  0.050     0.978    0.075    0.987         0.004         15.564        rulex               40.000     1.00
mamba  1000 final      etop  both      2  0.100     0.880    0.379    0.960         0.000         15.776        rulex               25.722     1.00
mamba  1000 final      etop  both      3  0.200     0.712    0.893    0.854         0.004         12.806        rulex               25.722     1.00
mamba  1000 final      etop  both      5  0.300     0.283    3.052    0.674         0.000         12.254        rulex                3.527     1.00
mamba  1000 final      etop  both      6  0.400     0.093    5.329    0.598         0.000         12.732        rulex                1.819     1.00
mamba  1000 final      etop  both      9  0.500     0.009    9.178    0.488         0.000         10.360  gcm_hamming                0.484     1.00
mamba  1000 final      etop  both     18  0.600     0.006    8.625    0.357         0.004          8.057  gcm_hamming                0.484     1.00
mamba  1000 final      etop  both     31  0.700     0.007    7.319    0.196         0.002          5.011  gcm_hamming                0.484     1.00
mamba  1000 final      etop  both     44  0.800     0.008    6.247    0.085         0.002          2.279  gcm_hamming                0.200     1.00
mamba  1000 final      etop  both     59  0.900     0.008    5.636    0.020         0.005          0.650  gcm_hamming                0.388     1.00
mamba  1000 final      etop  both     66  0.950     0.006    5.295    0.014         0.004          0.134  gcm_hamming                0.200     1.00
mamba  1000 final      etop  both     74  1.000     0.007    5.004    0.007         0.009          0.000      uniform                0.200     0.00
mamba  1000 final   ebottom    in      0  0.000     0.993    0.029    0.998         0.002         19.818        rulex               40.000     1.00
mamba  1000 final   ebottom    in      9  0.050     0.995    0.019    0.995         0.004         16.973        rulex               40.000     1.00
mamba  1000 final   ebottom    in     16  0.100     0.997    0.012    0.980         0.014         14.035        rulex               40.000     0.98
mamba  1000 final   ebottom    in     31  0.200     0.999    0.004    0.728         0.236          5.959        rulex               40.000     0.76
mamba  1000 final   ebottom    in     44  0.300     0.999    0.002    0.303         0.670         -2.961        rulex               40.000     0.32
mamba  1000 final   ebottom    in     57  0.400     1.000    0.000    0.061         0.932        -12.159        rulex               40.000     0.06
mamba  1000 final   ebottom    in     66  0.500     1.000    0.000    0.013         0.987        -17.962        rulex               40.000     0.02
mamba  1000 final   ebottom    in     69  0.600     0.997    0.010    0.009         0.978        -18.665         rule               40.000     0.02
mamba  1000 final   ebottom    in     70  0.700     0.938    0.181    0.013         0.832        -17.500        rulex               25.722     0.02
mamba  1000 final   ebottom    in     72  0.800     0.253    2.854    0.018         0.173        -13.644        rulex                6.840     0.08
mamba  1000 final   ebottom    in     73  0.900     0.057    4.944    0.014         0.036         -9.947         rule                0.200     0.24
mamba  1000 final   ebottom    in     74  0.950     0.006   18.808    0.013         0.005          0.149   gcm_linear                0.200     1.00
mamba  1000 final   ebottom    in     74  1.000     0.006   18.808    0.013         0.005          0.149   gcm_linear                0.200     1.00
mamba  1000 final   ebottom   out      0  0.000     0.993    0.029    0.998         0.002         19.818        rulex               40.000     1.00
mamba  1000 final   ebottom   out     16  0.050     0.994    0.024    0.998         0.002         18.168        rulex               40.000     1.00
mamba  1000 final   ebottom   out     29  0.100     0.995    0.020    0.996         0.004         16.618        rulex               40.000     1.00
mamba  1000 final   ebottom   out     50  0.200     0.996    0.016    0.977         0.018         13.909        rulex               40.000     0.98
mamba  1000 final   ebottom   out     66  0.300     0.997    0.012    0.901         0.041         10.358        rulex               40.000     0.96
mamba  1000 final   ebottom   out     68  0.400     0.995    0.022    0.841         0.052          8.473        rulex               40.000     0.94
mamba  1000 final   ebottom   out     69  0.500     0.969    0.141    0.695         0.045          7.209        rulex               32.076     0.94
mamba  1000 final   ebottom   out     71  0.600     0.703    1.096    0.276         0.032          4.299        rulex                8.530     0.90
mamba  1000 final   ebottom   out     72  0.700     0.342    2.250    0.105         0.016          2.932        rulex                6.840     0.88
mamba  1000 final   ebottom   out     73  0.800     0.055    3.620    0.041         0.009          1.664        rulex                0.200     0.90
mamba  1000 final   ebottom   out     74  0.900     0.007    5.004    0.007         0.009          0.000      uniform                0.200     0.00
mamba  1000 final   ebottom   out     74  0.950     0.007    5.004    0.007         0.009          0.000      uniform                0.200     0.00
mamba  1000 final   ebottom   out     74  1.000     0.007    5.004    0.007         0.009          0.000      uniform                0.200     0.00
mamba  1000 final   ebottom  both      0  0.000     0.993    0.029    0.998         0.002         19.818        rulex               40.000     1.00
mamba  1000 final   ebottom  both      9  0.050     0.996    0.017    0.986         0.011         15.353        rulex               40.000     0.98
mamba  1000 final   ebottom  both     16  0.100     0.998    0.008    0.939         0.047         10.997        rulex               40.000     0.96
mamba  1000 final   ebottom  both     31  0.200     0.999    0.002    0.467         0.472          1.029        rulex               40.000     0.50
mamba  1000 final   ebottom  both     44  0.300     1.000    0.001    0.085         0.859         -8.765        rulex               40.000     0.10
mamba  1000 final   ebottom  both     57  0.400     1.000    0.001    0.009         0.973        -14.915        rulex               40.000     0.02
mamba  1000 final   ebottom  both     66  0.500     0.999    0.038    0.002         0.984        -16.198         rule               40.000     0.00
mamba  1000 final   ebottom  both     69  0.600     0.960    0.582    0.002         0.932        -13.603         rule               25.722     0.00
mamba  1000 final   ebottom  both     70  0.700     0.734    1.650    0.002         0.661        -10.327         rule               13.264     0.00
mamba  1000 final   ebottom  both     72  0.800     0.123    3.133    0.002         0.112         -7.353         rule                0.200     0.00
mamba  1000 final   ebottom  both     73  0.900     0.007    5.004    0.007         0.009          0.000      uniform                0.200     0.00
mamba  1000 final   ebottom  both     74  0.950     0.007    5.004    0.007         0.009          0.000      uniform                0.200     0.00
mamba  1000 final   ebottom  both     74  1.000     0.007    5.004    0.007         0.009          0.000      uniform                0.200     0.00
mamba  1000 final     erand    in      0  0.000     0.993    0.029    0.998         0.002         19.818        rulex               40.000     1.00
mamba  1000 final     erand    in      2  0.050     0.989    0.039    0.993         0.005         18.387        rulex               40.000     0.98
mamba  1000 final     erand    in      6  0.100     0.991    0.034    0.980         0.011         16.052        rulex               40.000     0.98
mamba  1000 final     erand    in     12  0.200     0.838    0.512    0.782         0.016         13.142        rulex               13.264     0.98
mamba  1000 final     erand    in     13  0.300     0.454    1.864    0.650         0.004         12.775        rulex                2.828     1.00
mamba  1000 final     erand    in     21  0.400     0.471    1.748    0.458         0.013          8.204        rulex                2.828     0.98
mamba  1000 final     erand    in     28  0.500     0.280    2.938    0.321         0.007          6.194        rulex                2.828     1.00
mamba  1000 final     erand    in     32  0.600     0.086    5.040    0.337         0.002          8.149        rulex                0.200     1.00
mamba  1000 final     erand    in     45  0.700     0.109    4.371    0.146         0.011         -0.742        rulex                0.200     0.98
mamba  1000 final     erand    in     56  0.800     0.044    5.197    0.058         0.011         -5.575        rulex                0.200     0.98
mamba  1000 final     erand    in     66  0.900     0.008   19.212    0.065         0.000          7.964  gcm_hamming                0.200     1.00
mamba  1000 final     erand    in     68  0.950     0.007   19.307    0.040         0.000          5.779  gcm_hamming                0.200     1.00
mamba  1000 final     erand    in     74  1.000     0.006   18.808    0.013         0.005          0.149   gcm_linear                0.200     1.00
mamba  1000 final     erand    in      0  0.000     0.993    0.029    0.998         0.002         19.818        rulex               40.000     1.00
mamba  1000 final     erand    in      6  0.050     0.995    0.023    0.998         0.002         17.455        rulex               40.000     1.00
mamba  1000 final     erand    in     13  0.100     0.996    0.016    0.982         0.014         14.263        rulex               40.000     0.98
mamba  1000 final     erand    in     22  0.200     0.996    0.017    0.834         0.126          8.405        rulex               40.000     0.86
mamba  1000 final     erand    in     27  0.300     0.968    0.097    0.614         0.178          4.962        rulex               40.000     0.78
mamba  1000 final     erand    in     33  0.400     0.890    0.310    0.355         0.180          0.697        rulex               16.541     0.66
mamba  1000 final     erand    in     47  0.500     0.928    0.209    0.117         0.497         -7.929        rulex               20.627     0.20
mamba  1000 final     erand    in     52  0.600     0.483    1.787    0.092         0.142         -7.331        rulex                8.530     0.40
mamba  1000 final     erand    in     56  0.700     0.500    1.718    0.068         0.240         -9.467        rulex                8.530     0.22
mamba  1000 final     erand    in     61  0.800     0.054    7.055    0.054         0.013         -1.011        rulex                0.311     0.88
mamba  1000 final     erand    in     66  0.900     0.057    6.666    0.031         0.022         -3.723        rulex                0.200     0.60
mamba  1000 final     erand    in     71  0.950     0.015    9.805    0.016         0.013         -2.544  gcm_hamming                0.200     0.62
mamba  1000 final     erand    in     74  1.000     0.006   18.808    0.013         0.005          0.149   gcm_linear                0.200     1.00
mamba  1000 final     erand    in      0  0.000     0.993    0.029    0.998         0.002         19.818        rulex               40.000     1.00
mamba  1000 final     erand    in      6  0.050     0.993    0.031    0.989         0.005         16.946        rulex               40.000     0.98
mamba  1000 final     erand    in      9  0.100     0.968    0.095    0.953         0.007         14.840        rulex               40.000     0.98
mamba  1000 final     erand    in     14  0.200     0.887    0.346    0.805         0.020         11.955        rulex               20.627     0.98
mamba  1000 final     erand    in     19  0.300     0.905    0.290    0.692         0.049          8.438        rulex               20.627     0.94
mamba  1000 final     erand    in     30  0.400     0.683    0.984    0.267         0.088          1.413        rulex               10.637     0.76
mamba  1000 final     erand    in     35  0.500     0.619    1.176    0.171         0.110         -2.942        rulex                8.530     0.60
mamba  1000 final     erand    in     39  0.600     0.188    3.324    0.133         0.018         -2.812        rulex                5.485     0.90
mamba  1000 final     erand    in     50  0.700     0.209    3.120    0.067         0.052         -7.505        rulex                6.840     0.56
mamba  1000 final     erand    in     55  0.800     0.043    5.137    0.054         0.011         -5.955        rulex                0.200     0.96
mamba  1000 final     erand    in     69  0.900     0.047    4.769    0.014         0.036         -9.465         rule                0.200     0.20
mamba  1000 final     erand    in     74  0.950     0.006   18.808    0.013         0.005          0.149   gcm_linear                0.200     1.00
mamba  1000 final     erand    in     74  1.000     0.006   18.808    0.013         0.005          0.149   gcm_linear                0.200     1.00
mamba  1000 final     erand   out      0  0.000     0.993    0.029    0.998         0.002         19.818        rulex               40.000     1.00
mamba  1000 final     erand   out      2  0.050     0.990    0.042    1.000         0.000         18.399        rulex               40.000     1.00
mamba  1000 final     erand   out      6  0.100     0.989    0.044    1.000         0.000         17.498        rulex               40.000     1.00
mamba  1000 final     erand   out      8  0.200     0.943    0.179    0.998         0.000         16.105        rulex               40.000     1.00
mamba  1000 final     erand   out     12  0.300     0.867    0.438    0.991         0.000         14.415        rulex               16.541     1.00
mamba  1000 final     erand   out     13  0.400     0.585    1.245    0.962         0.000         12.890        rulex                5.485     1.00
mamba  1000 final     erand   out     28  0.500     0.374    2.082    0.840         0.000          9.250        rulex                4.398     1.00
mamba  1000 final     erand   out     31  0.600     0.362    2.122    0.825         0.000          8.817        rulex                3.527     1.00
mamba  1000 final     erand   out     34  0.700     0.125    3.373    0.683         0.000          7.326        rulex                1.170     1.00
mamba  1000 final     erand   out     50  0.800     0.064    3.829    0.404         0.002          4.433        rulex                0.938     1.00
mamba  1000 final     erand   out     66  0.900     0.010    5.095    0.070         0.000          0.946         rule                0.249     1.00
mamba  1000 final     erand   out     66  0.950     0.010    5.095    0.070         0.000          0.946         rule                0.249     1.00
mamba  1000 final     erand   out     74  1.000     0.007    5.004    0.007         0.009          0.000      uniform                0.200     0.00
mamba  1000 final     erand   out      0  0.000     0.993    0.029    0.998         0.002         19.818        rulex               40.000     1.00
mamba  1000 final     erand   out     12  0.050     0.994    0.025    0.998         0.002         18.278        rulex               40.000     1.00
mamba  1000 final     erand   out     19  0.100     0.992    0.036    0.998         0.002         16.660        rulex               40.000     1.00
mamba  1000 final     erand   out     24  0.200     0.966    0.120    0.989         0.002         14.925        rulex               40.000     1.00
mamba  1000 final     erand   out     29  0.300     0.905    0.325    0.957         0.000         12.895        rulex               20.627     1.00
mamba  1000 final     erand   out     38  0.400     0.904    0.327    0.933         0.000         11.502        rulex               20.627     1.00
mamba  1000 final     erand   out     50  0.500     0.781    0.801    0.773         0.004          8.860        rulex               13.264     1.00
mamba  1000 final     erand   out     52  0.600     0.529    1.686    0.658         0.000          7.044        rulex                6.840     1.00
mamba  1000 final     erand   out     57  0.700     0.193    2.984    0.434         0.000          4.781        rulex                1.170     1.00
mamba  1000 final     erand   out     61  0.800     0.049    4.289    0.231         0.000          3.051        rulex                0.484     1.00
mamba  1000 final     erand   out     63  0.900     0.052    4.249    0.225         0.002          2.835        rulex                0.484     1.00
mamba  1000 final     erand   out     71  0.950     0.016    4.719    0.038         0.004          0.904        rulex                0.200     1.00
mamba  1000 final     erand   out     74  1.000     0.007    5.004    0.007         0.009          0.000      uniform                0.200     0.00
mamba  1000 final     erand   out      0  0.000     0.993    0.029    0.998         0.002         19.818        rulex               40.000     1.00
mamba  1000 final     erand   out      6  0.050     0.989    0.041    0.998         0.000         18.248        rulex               40.000     1.00
mamba  1000 final     erand   out      9  0.100     0.974    0.097    0.996         0.002         16.490        rulex               40.000     1.00
mamba  1000 final     erand   out     12  0.200     0.975    0.097    0.995         0.002         15.616        rulex               40.000     1.00
mamba  1000 final     erand   out     14  0.300     0.915    0.301    0.978         0.002         14.210        rulex               25.722     1.00
mamba  1000 final     erand   out     30  0.400     0.721    0.908    0.883         0.000         11.008        rulex               10.637     1.00
mamba  1000 final     erand   out     33  0.500     0.682    1.028    0.823         0.000          9.720        rulex               10.637     1.00
mamba  1000 final     erand   out     39  0.600     0.226    2.523    0.607         0.000          7.003        rulex                5.485     1.00
mamba  1000 final     erand   out     48  0.700     0.241    2.498    0.488         0.004          5.795        rulex                5.485     1.00
mamba  1000 final     erand   out     53  0.800     0.057    3.841    0.321         0.000          3.921        rulex                0.752     1.00
mamba  1000 final     erand   out     73  0.900     0.051    3.697    0.041         0.007          1.384        rulex                0.200     0.94
mamba  1000 final     erand   out     74  0.950     0.007    5.004    0.007         0.009          0.000      uniform                0.200     0.00
mamba  1000 final     erand   out     74  1.000     0.007    5.004    0.007         0.009          0.000      uniform                0.200     0.00
mamba  1000 final     erand  both      0  0.000     0.993    0.029    0.998         0.002         19.818        rulex               40.000     1.00
mamba  1000 final     erand  both      2  0.050     0.988    0.043    0.995         0.002         17.087        rulex               40.000     1.00
mamba  1000 final     erand  both      6  0.100     0.921    0.232    0.951         0.011         13.350        rulex               25.722     0.98
mamba  1000 final     erand  both     12  0.200     0.196    3.239    0.667         0.000         12.503        rulex                1.819     1.00
mamba  1000 final     erand  both     13  0.300     0.202    3.104    0.526         0.000          9.735        rulex                1.459     1.00
mamba  1000 final     erand  both     21  0.400     0.239    2.644    0.279         0.016          4.096        rulex                1.819     0.96
mamba  1000 final     erand  both     28  0.500     0.056    4.317    0.182         0.005          3.378        rulex                0.938     1.00
mamba  1000 final     erand  both     32  0.600     0.048    4.155    0.077         0.014         -2.163        rulex                0.200     0.92
mamba  1000 final     erand  both     45  0.700     0.054    3.537    0.025         0.036         -7.571        rulex                0.200     0.38
mamba  1000 final     erand  both     56  0.800     0.072    3.301    0.011         0.061         -9.887         rule                0.200     0.08
mamba  1000 final     erand  both     66  0.900     0.007    5.645    0.013         0.005          0.359   gcm_linear                0.200     1.00
mamba  1000 final     erand  both     68  0.950     0.007    5.337    0.011         0.002          0.100   gcm_linear                0.311     1.00
mamba  1000 final     erand  both     74  1.000     0.007    5.004    0.007         0.009          0.000      uniform                0.200     0.00
mamba  1000 final     erand  both      0  0.000     0.993    0.029    0.998         0.002         19.818        rulex               40.000     1.00
mamba  1000 final     erand  both      6  0.050     0.981    0.069    0.991         0.004         15.555        rulex               40.000     1.00
mamba  1000 final     erand  both     13  0.100     0.986    0.052    0.969         0.009         12.824        rulex               40.000     0.98
mamba  1000 final     erand  both     22  0.200     0.953    0.178    0.818         0.041          8.264        rulex               32.076     0.96
mamba  1000 final     erand  both     27  0.300     0.431    1.942    0.645         0.009          7.971        rulex                2.828     1.00
mamba  1000 final     erand  both     33  0.400     0.012    5.884    0.580         0.000          9.498  gcm_hamming                0.752     1.00
mamba  1000 final     erand  both     47  0.500     0.014    5.610    0.382         0.000          5.990  gcm_hamming                0.752     1.00
mamba  1000 final     erand  both     52  0.600     0.015    5.433    0.139         0.002          2.610  gcm_hamming                0.200     1.00
mamba  1000 final     erand  both     56  0.700     0.008    5.353    0.081         0.005          1.330  gcm_hamming                0.200     1.00
mamba  1000 final     erand  both     61  0.800     0.007    5.652    0.025         0.007          0.493  gcm_hamming                0.200     1.00
mamba  1000 final     erand  both     66  0.900     0.006    5.626    0.011         0.005          0.321      uniform                0.200     1.00
mamba  1000 final     erand  both     71  0.950     0.008    5.372    0.005         0.009          0.126      uniform                0.200     0.00
mamba  1000 final     erand  both     74  1.000     0.007    5.004    0.007         0.009          0.000      uniform                0.200     0.00
mamba  1000 final     erand  both      0  0.000     0.993    0.029    0.998         0.002         19.818        rulex               40.000     1.00
mamba  1000 final     erand  both      6  0.050     0.978    0.080    0.982         0.005         14.821        rulex               40.000     0.98
mamba  1000 final     erand  both      9  0.100     0.917    0.264    0.928         0.007         13.331        rulex               20.627     0.98
mamba  1000 final     erand  both     14  0.200     0.673    1.039    0.668         0.013         10.017        rulex                8.530     0.98
mamba  1000 final     erand  both     19  0.300     0.590    1.202    0.335         0.040          3.717        rulex                6.840     0.90
mamba  1000 final     erand  both     30  0.400     0.250    2.544    0.110         0.031          0.148        rulex                5.485     0.80
mamba  1000 final     erand  both     35  0.500     0.048    4.299    0.119         0.005          1.252        rulex                0.200     1.00
mamba  1000 final     erand  both     39  0.600     0.046    4.081    0.061         0.007         -2.949        rulex                0.200     1.00
mamba  1000 final     erand  both     50  0.700     0.005    5.775    0.059         0.000          2.174      uniform                0.311     1.00
mamba  1000 final     erand  both     55  0.800     0.006    5.332    0.027         0.007          0.774      uniform                0.484     1.00
mamba  1000 final     erand  both     69  0.900     0.006    5.121    0.014         0.007          0.118  gcm_hamming                0.200     1.00
mamba  1000 final     erand  both     74  0.950     0.006    5.183    0.007         0.005         -0.025   gcm_linear                0.200     1.00
mamba  1000 final     erand  both     74  1.000     0.007    5.004    0.007         0.009          0.000      uniform                0.200     0.00
mamba  1000 final      topk    in     59  0.000     0.993    0.029    0.998         0.002         19.818        rulex               40.000     1.00
mamba  1000 final      topk    in     59  0.250     0.992    0.036    1.000         0.000         20.845        rulex               40.000     1.00
mamba  1000 final      topk    in     59  0.500     0.983    0.065    1.000         0.000         22.324        rulex               40.000     1.00
mamba  1000 final      topk    in     59  0.750     0.863    0.559    0.998         0.000         24.467        rulex               16.541     1.00
mamba  1000 final      topk    in     59  1.000     0.007   19.275    0.108         0.002         12.706  gcm_hamming                0.200     1.00
mamba  1000 final      topk   out     46  0.000     0.993    0.029    0.998         0.002         19.818        rulex               40.000     1.00
mamba  1000 final      topk   out     46  0.250     0.991    0.036    1.000         0.000         15.632        rulex               40.000     1.00
mamba  1000 final      topk   out     46  0.500     0.986    0.088    1.000         0.000         11.445        rulex               40.000     1.00
mamba  1000 final      topk   out     46  0.750     0.929    0.799    1.000         0.000          7.258        rulex               25.722     1.00
mamba  1000 final      topk   out     46  1.000     0.005    5.404    0.279         0.000          3.071  gcm_hamming                0.388     1.00
mamba  1000 final      topk  both     59  0.000     0.993    0.029    0.998         0.002         19.818        rulex               40.000     1.00
mamba  1000 final      topk  both     59  0.250     0.991    0.041    1.000         0.000         16.011        rulex               40.000     1.00
mamba  1000 final      topk  both     59  0.500     0.977    0.129    1.000         0.000         11.902        rulex               40.000     1.00
mamba  1000 final      topk  both     59  0.750     0.761    1.386    0.996         0.000          7.108        rulex               10.637     1.00
mamba  1000 final      topk  both     59  1.000     0.006    5.288    0.016         0.014          0.299  gcm_hamming                0.200     1.00
mamba  1000 final     randk    in     15  0.000     0.993    0.029    0.998         0.002         19.818        rulex               40.000     1.00
mamba  1000 final     randk    in     15  0.250     0.994    0.024    0.998         0.002         18.793        rulex               40.000     1.00
mamba  1000 final     randk    in     15  0.500     0.995    0.019    0.996         0.004         17.586        rulex               40.000     1.00
mamba  1000 final     randk    in     15  0.750     0.996    0.015    0.989         0.009         16.169        rulex               40.000     0.98
mamba  1000 final     randk    in     15  1.000     0.997    0.012    0.984         0.014         14.518        rulex               40.000     0.98
mamba  1000 final     randk    in     15  0.000     0.993    0.029    0.998         0.002         19.818        rulex               40.000     1.00
mamba  1000 final     randk    in     15  0.250     0.994    0.024    0.998         0.002         18.793        rulex               40.000     1.00
mamba  1000 final     randk    in     15  0.500     0.995    0.019    0.996         0.004         17.586        rulex               40.000     1.00
mamba  1000 final     randk    in     15  0.750     0.996    0.015    0.989         0.009         16.169        rulex               40.000     0.98
mamba  1000 final     randk    in     15  1.000     0.997    0.012    0.984         0.014         14.518        rulex               40.000     0.98
mamba  1000 final     randk    in     15  0.000     0.993    0.029    0.998         0.002         19.818        rulex               40.000     1.00
mamba  1000 final     randk    in     15  0.250     0.994    0.024    0.998         0.002         18.793        rulex               40.000     1.00
mamba  1000 final     randk    in     15  0.500     0.995    0.019    0.996         0.004         17.586        rulex               40.000     1.00
mamba  1000 final     randk    in     15  0.750     0.996    0.015    0.989         0.009         16.169        rulex               40.000     0.98
mamba  1000 final     randk    in     15  1.000     0.997    0.012    0.984         0.014         14.518        rulex               40.000     0.98
mamba  1000 final     randk   out     28  0.000     0.993    0.029    0.998         0.002         19.818        rulex               40.000     1.00
mamba  1000 final     randk   out     28  0.250     0.994    0.026    0.998         0.002         19.051        rulex               40.000     1.00
mamba  1000 final     randk   out     28  0.500     0.995    0.023    0.998         0.002         18.283        rulex               40.000     1.00
mamba  1000 final     randk   out     28  0.750     0.995    0.022    0.998         0.002         17.515        rulex               40.000     1.00
mamba  1000 final     randk   out     28  1.000     0.995    0.021    0.998         0.002         16.748        rulex               40.000     1.00
mamba  1000 final     randk   out     28  0.000     0.993    0.029    0.998         0.002         19.818        rulex               40.000     1.00
mamba  1000 final     randk   out     28  0.250     0.994    0.026    0.998         0.002         19.051        rulex               40.000     1.00
mamba  1000 final     randk   out     28  0.500     0.995    0.023    0.998         0.002         18.283        rulex               40.000     1.00
mamba  1000 final     randk   out     28  0.750     0.995    0.022    0.998         0.002         17.515        rulex               40.000     1.00
mamba  1000 final     randk   out     28  1.000     0.995    0.021    0.998         0.002         16.748        rulex               40.000     1.00
mamba  1000 final     randk   out     28  0.000     0.993    0.029    0.998         0.002         19.818        rulex               40.000     1.00
mamba  1000 final     randk   out     28  0.250     0.994    0.026    0.998         0.002         19.051        rulex               40.000     1.00
mamba  1000 final     randk   out     28  0.500     0.995    0.023    0.998         0.002         18.283        rulex               40.000     1.00
mamba  1000 final     randk   out     28  0.750     0.995    0.022    0.998         0.002         17.515        rulex               40.000     1.00
mamba  1000 final     randk   out     28  1.000     0.995    0.021    0.998         0.002         16.748        rulex               40.000     1.00
mamba  1000 final     randk  both     15  0.000     0.993    0.029    0.998         0.002         19.818        rulex               40.000     1.00
mamba  1000 final     randk  both     15  0.250     0.995    0.022    0.998         0.002         18.416        rulex               40.000     1.00
mamba  1000 final     randk  both     15  0.500     0.996    0.017    0.995         0.005         16.836        rulex               40.000     0.98
mamba  1000 final     randk  both     15  0.750     0.997    0.013    0.987         0.011         15.057        rulex               40.000     0.98
mamba  1000 final     randk  both     15  1.000     0.997    0.010    0.973         0.022         13.058        rulex               40.000     0.98
mamba  1000 final     randk  both     15  0.000     0.993    0.029    0.998         0.002         19.818        rulex               40.000     1.00
mamba  1000 final     randk  both     15  0.250     0.995    0.022    0.998         0.002         18.416        rulex               40.000     1.00
mamba  1000 final     randk  both     15  0.500     0.996    0.017    0.995         0.005         16.836        rulex               40.000     0.98
mamba  1000 final     randk  both     15  0.750     0.997    0.013    0.987         0.011         15.057        rulex               40.000     0.98
mamba  1000 final     randk  both     15  1.000     0.997    0.010    0.973         0.022         13.058        rulex               40.000     0.98
mamba  1000 final     randk  both     15  0.000     0.993    0.029    0.998         0.002         19.818        rulex               40.000     1.00
mamba  1000 final     randk  both     15  0.250     0.995    0.022    0.998         0.002         18.416        rulex               40.000     1.00
mamba  1000 final     randk  both     15  0.500     0.996    0.017    0.995         0.005         16.836        rulex               40.000     0.98
mamba  1000 final     randk  both     15  0.750     0.997    0.013    0.987         0.011         15.057        rulex               40.000     0.98
mamba  1000 final     randk  both     15  1.000     0.997    0.010    0.973         0.022         13.058        rulex               40.000     0.98
mamba  1000 final  residual    in     15  0.000     0.993    0.029    0.998         0.002         19.818        rulex               40.000     1.00
mamba  1000 final  residual    in     15  0.250     0.994    0.024    0.998         0.002         18.793        rulex               40.000     1.00
mamba  1000 final  residual    in     15  0.500     0.995    0.019    0.996         0.004         17.586        rulex               40.000     1.00
mamba  1000 final  residual    in     15  0.750     0.996    0.015    0.989         0.009         16.169        rulex               40.000     0.98
mamba  1000 final  residual    in     15  1.000     0.997    0.012    0.984         0.014         14.518        rulex               40.000     0.98
mamba  1000 final  residual   out     28  0.000     0.993    0.029    0.998         0.002         19.818        rulex               40.000     1.00
mamba  1000 final  residual   out     28  0.250     0.994    0.026    0.998         0.002         19.051        rulex               40.000     1.00
mamba  1000 final  residual   out     28  0.500     0.995    0.023    0.998         0.002         18.283        rulex               40.000     1.00
mamba  1000 final  residual   out     28  0.750     0.995    0.022    0.998         0.002         17.515        rulex               40.000     1.00
mamba  1000 final  residual   out     28  1.000     0.995    0.021    0.998         0.002         16.748        rulex               40.000     1.00
mamba  1000 final  residual  both     15  0.000     0.993    0.029    0.998         0.002         19.818        rulex               40.000     1.00
mamba  1000 final  residual  both     15  0.250     0.995    0.022    0.998         0.002         18.416        rulex               40.000     1.00
mamba  1000 final  residual  both     15  0.500     0.996    0.017    0.995         0.005         16.836        rulex               40.000     0.98
mamba  1000 final  residual  both     15  0.750     0.997    0.013    0.987         0.011         15.057        rulex               40.000     0.98
mamba  1000 final  residual  both     15  1.000     0.997    0.010    0.973         0.022         13.058        rulex               40.000     0.98
mamba  1000 final   neurons units      0  0.000     0.993    0.029    0.998         0.002         19.818        rulex               40.000     1.00
mamba  1000 final   neurons units      1  0.001     0.994    0.028    0.998         0.002         19.704        rulex               40.000     1.00
mamba  1000 final   neurons units      2  0.001     0.994    0.027    0.998         0.002         19.622        rulex               40.000     1.00
mamba  1000 final   neurons units      4  0.003     0.994    0.026    0.998         0.002         19.480        rulex               40.000     1.00
mamba  1000 final   neurons units      8  0.005     0.994    0.025    0.998         0.002         19.204        rulex               40.000     1.00
mamba  1000 final   neurons units     16  0.010     0.995    0.022    0.996         0.002         18.745        rulex               40.000     1.00
mamba  1000 final   neurons units     32  0.021     0.996    0.020    0.995         0.002         17.961        rulex               40.000     1.00
mamba  1000 final   neurons units     64  0.042     0.996    0.018    0.991         0.005         17.130        rulex               40.000     0.98
mamba  1000 final   neurons units    128  0.083     0.996    0.016    0.975         0.020         15.782        rulex               40.000     0.98
mamba  1000 final   neurons units    256  0.167     0.996    0.015    0.948         0.038         14.367        rulex               40.000     0.96
mamba  1000 final   neurons units    512  0.333     0.994    0.024    0.910         0.049         12.534        rulex               40.000     0.94
mamba  1000 final randunits units      0  0.000     0.993    0.029    0.998         0.002         19.818        rulex               40.000     1.00
mamba  1000 final randunits units      1  0.001     0.993    0.029    0.998         0.002         19.807        rulex               40.000     1.00
mamba  1000 final randunits units      2  0.001     0.993    0.029    0.998         0.002         19.836        rulex               40.000     1.00
mamba  1000 final randunits units      4  0.003     0.993    0.029    0.998         0.002         19.839        rulex               40.000     1.00
mamba  1000 final randunits units      8  0.005     0.993    0.029    0.998         0.002         19.803        rulex               40.000     1.00
mamba  1000 final randunits units     16  0.010     0.993    0.030    0.998         0.002         19.701        rulex               40.000     1.00
mamba  1000 final randunits units     32  0.021     0.992    0.032    1.000         0.000         19.892        rulex               40.000     1.00
mamba  1000 final randunits units     64  0.042     0.992    0.032    0.998         0.002         19.573        rulex               40.000     1.00
mamba  1000 final randunits units    128  0.083     0.990    0.042    0.998         0.002         19.591        rulex               40.000     1.00
mamba  1000 final randunits units    256  0.167     0.984    0.058    0.996         0.004         19.046        rulex               40.000     1.00
mamba  1000 final randunits units    512  0.333     0.969    0.113    0.975         0.009         17.023        rulex               40.000     0.98
mamba  1000 final randunits units      0  0.000     0.993    0.029    0.998         0.002         19.818        rulex               40.000     1.00
mamba  1000 final randunits units      1  0.001     0.994    0.028    0.998         0.002         19.787        rulex               40.000     1.00
mamba  1000 final randunits units      2  0.001     0.993    0.029    0.998         0.002         19.879        rulex               40.000     1.00
mamba  1000 final randunits units      4  0.003     0.993    0.029    0.998         0.002         19.795        rulex               40.000     1.00
mamba  1000 final randunits units      8  0.005     0.993    0.030    0.998         0.002         19.855        rulex               40.000     1.00
mamba  1000 final randunits units     16  0.010     0.993    0.029    0.998         0.002         19.706        rulex               40.000     1.00
mamba  1000 final randunits units     32  0.021     0.993    0.030    0.998         0.002         19.730        rulex               40.000     1.00
mamba  1000 final randunits units     64  0.042     0.992    0.033    0.998         0.002         19.287        rulex               40.000     1.00
mamba  1000 final randunits units    128  0.083     0.991    0.038    0.998         0.002         19.219        rulex               40.000     1.00
mamba  1000 final randunits units    256  0.167     0.984    0.067    0.998         0.002         19.507        rulex               40.000     1.00
mamba  1000 final randunits units    512  0.333     0.970    0.106    0.966         0.011         17.043        rulex               40.000     0.98
mamba  1000 final randunits units      0  0.000     0.993    0.029    0.998         0.002         19.818        rulex               40.000     1.00
mamba  1000 final randunits units      1  0.001     0.993    0.029    0.998         0.002         19.822        rulex               40.000     1.00
mamba  1000 final randunits units      2  0.001     0.993    0.029    0.998         0.002         19.816        rulex               40.000     1.00
mamba  1000 final randunits units      4  0.003     0.993    0.029    0.998         0.002         19.798        rulex               40.000     1.00
mamba  1000 final randunits units      8  0.005     0.993    0.030    0.998         0.002         19.768        rulex               40.000     1.00
mamba  1000 final randunits units     16  0.010     0.993    0.031    0.998         0.002         19.882        rulex               40.000     1.00
mamba  1000 final randunits units     32  0.021     0.993    0.032    0.998         0.002         19.805        rulex               40.000     1.00
mamba  1000 final randunits units     64  0.042     0.992    0.033    1.000         0.000         19.764        rulex               40.000     1.00
mamba  1000 final randunits units    128  0.083     0.990    0.037    0.996         0.004         19.470        rulex               40.000     1.00
mamba  1000 final randunits units    256  0.167     0.987    0.047    0.996         0.004         18.762        rulex               40.000     1.00
mamba  1000 final randunits units    512  0.333     0.972    0.093    0.977         0.016         16.725        rulex               40.000     0.98
mamba  1001 final      none     -      0  0.000     0.995    0.020    0.998         0.002         19.833        rulex               40.000     1.00
mamba  1001 final   lowpass    in      0  0.000     0.006   19.331    0.005         0.002          0.243   gcm_linear                0.200     1.00
mamba  1001 final   lowpass    in      1  1.000     0.007   18.303    0.005         0.005          0.030  gcm_hamming                0.200     0.50
mamba  1001 final   lowpass    in      2  2.000     0.008   17.775    0.004         0.004          0.118  gcm_hamming                0.200     0.50
mamba  1001 final   lowpass    in      3  3.000     0.010   17.846    0.011         0.004          0.677  gcm_hamming                0.200     1.00
mamba  1001 final   lowpass    in      4  4.000     0.007   17.882    0.011         0.005          1.431  gcm_hamming                0.200     1.00
mamba  1001 final   lowpass    in      6  6.000     0.008   17.648    0.018         0.005          2.893 gcm_circular                0.603     1.00
mamba  1001 final   lowpass    in      8  8.000     0.008   17.741    0.036         0.005          4.440 gcm_circular                0.938     1.00
mamba  1001 final   lowpass    in     12 12.000     0.015    9.980    0.027         0.009         -0.626  gcm_hamming                0.311     0.94
mamba  1001 final   lowpass    in     16 16.000     0.092    4.340    0.038         0.029         -6.912 gcm_circular                4.398     0.58
mamba  1001 final   lowpass    in     24 24.000     0.313    2.533    0.063         0.077         -6.374        rulex                3.527     0.44
mamba  1001 final   lowpass    in     32 32.000     0.458    1.725    0.103         0.097         -4.438        rulex                5.485     0.52
mamba  1001 final   lowpass    in     48 48.000     0.962    0.123    0.528         0.164          4.084        rulex               25.722     0.76
mamba  1001 final   lowpass    in     74 74.000     0.995    0.020    0.998         0.002         19.833        rulex               40.000     1.00
mamba  1001 final   lowpass   out      0  0.000     0.007    5.004    0.005         0.004          0.000      uniform                0.200     1.00
mamba  1001 final   lowpass   out      1  1.000     0.006    5.015    0.014         0.005          0.123      uniform                0.311     1.00
mamba  1001 final   lowpass   out      2  2.000     0.007    5.028    0.023         0.005          0.259      uniform                0.388     1.00
mamba  1001 final   lowpass   out      3  3.000     0.006    5.033    0.025         0.005          0.363      uniform                0.200     1.00
mamba  1001 final   lowpass   out      4  4.000     0.007    5.046    0.018         0.007          0.485      uniform                0.200     1.00
mamba  1001 final   lowpass   out      6  6.000     0.006    5.078    0.056         0.007          0.694      uniform                0.200     1.00
mamba  1001 final   lowpass   out      8  8.000     0.008    5.102    0.059         0.004          0.920  gcm_hamming                0.249     1.00
mamba  1001 final   lowpass   out     12 12.000     0.011    4.827    0.130         0.000          1.815  gcm_hamming                0.200     1.00
mamba  1001 final   lowpass   out     16 16.000     0.073    3.679    0.229         0.002          3.302        rulex                3.527     1.00
mamba  1001 final   lowpass   out     24 24.000     0.241    2.529    0.441         0.004          5.424        rulex                2.828     1.00
mamba  1001 final   lowpass   out     32 32.000     0.405    1.803    0.663         0.000          7.093        rulex                4.398     1.00
mamba  1001 final   lowpass   out     48 48.000     0.941    0.224    0.980         0.000         12.643        rulex               25.722     1.00
mamba  1001 final   lowpass   out     74 74.000     0.995    0.020    0.998         0.002         19.833        rulex               40.000     1.00
mamba  1001 final   lowpass  both      0  0.000     0.007    5.004    0.005         0.004          0.000      uniform                0.200     1.00
mamba  1001 final   lowpass  both      1  1.000     0.007    4.973    0.014         0.014         -0.048   gcm_linear                1.819     0.50
mamba  1001 final   lowpass  both      2  2.000     0.014    4.955    0.009         0.013         -0.071   gcm_linear                2.268     0.36
mamba  1001 final   lowpass  both      3  3.000     0.012    4.962    0.007         0.011         -0.079 gcm_circular                1.459     0.00
mamba  1001 final   lowpass  both      4  4.000     0.012    4.976    0.005         0.011         -0.086         rule                1.170     0.00
mamba  1001 final   lowpass  both      6  6.000     0.011    5.001    0.009         0.009         -0.084         rule                0.938     0.50
mamba  1001 final   lowpass  both      8  8.000     0.011    5.003    0.011         0.007         -0.103   gcm_linear                0.200     1.00
mamba  1001 final   lowpass  both     12 12.000     0.015    4.962    0.007         0.016         -4.574   gcm_linear                0.388     0.16
mamba  1001 final   lowpass  both     16 16.000     0.187    2.532    0.011         0.164        -10.666         rule                5.485     0.04
mamba  1001 final   lowpass  both     24 24.000     0.626    1.136    0.007         0.512        -12.265         rule                5.485     0.02
mamba  1001 final   lowpass  both     32 32.000     0.693    0.745    0.004         0.523        -11.767         rule                8.530     0.00
mamba  1001 final   lowpass  both     48 48.000     0.996    0.023    0.198         0.622         -4.400        rulex               40.000     0.24
mamba  1001 final   lowpass  both     74 74.000     0.995    0.020    0.998         0.002         19.833        rulex               40.000     1.00
mamba  1001 final      etop    in      0  0.000     0.995    0.020    0.998         0.002         19.833        rulex               40.000     1.00
mamba  1001 final      etop    in      1  0.050     0.981    0.064    0.996         0.002         18.871        rulex               40.000     1.00
mamba  1001 final      etop    in      2  0.100     0.852    0.416    0.977         0.002         17.708        rulex               10.637     1.00
mamba  1001 final      etop    in      4  0.200     0.743    0.803    0.917         0.007         17.328        rulex                5.485     1.00
mamba  1001 final      etop    in      5  0.300     0.638    1.253    0.872         0.000         17.477        rulex                5.485     1.00
mamba  1001 final      etop    in      7  0.400     0.240    3.544    0.778         0.000         17.652        rulex                1.819     1.00
mamba  1001 final      etop    in      9  0.500     0.046    7.719    0.753         0.000         22.279        rulex                0.311     1.00
mamba  1001 final      etop    in     14  0.600     0.004   18.865    0.796         0.000         31.443  gcm_hamming                0.603     1.00
mamba  1001 final      etop    in     27  0.700     0.006   18.542    0.604         0.000         27.272  gcm_hamming                0.388     1.00
mamba  1001 final      etop    in     42  0.800     0.005   18.357    0.333         0.000         20.564  gcm_hamming                0.484     1.00
mamba  1001 final      etop    in     57  0.900     0.006   18.183    0.099         0.000         11.209  gcm_hamming                0.249     1.00
mamba  1001 final      etop    in     65  0.950     0.007   18.067    0.038         0.004          4.818  gcm_hamming                0.200     1.00
mamba  1001 final      etop    in     74  1.000     0.006   19.331    0.005         0.002          0.243   gcm_linear                0.200     1.00
mamba  1001 final      etop   out      0  0.000     0.995    0.020    0.998         0.002         19.833        rulex               40.000     1.00
mamba  1001 final      etop   out      1  0.050     0.985    0.053    0.998         0.002         18.701        rulex               40.000     1.00
mamba  1001 final      etop   out      2  0.100     0.918    0.249    0.998         0.002         17.137        rulex               20.627     1.00
mamba  1001 final      etop   out      3  0.200     0.866    0.412    0.989         0.002         16.013        rulex               13.264     1.00
mamba  1001 final      etop   out      4  0.300     0.777    0.691    0.986         0.000         14.827        rulex                8.530     1.00
mamba  1001 final      etop   out      5  0.400     0.628    1.244    0.980         0.002         13.655        rulex                6.840     1.00
mamba  1001 final      etop   out      7  0.500     0.201    2.890    0.901         0.000         11.518        rulex                1.459     1.00
mamba  1001 final      etop   out      9  0.600     0.027    4.610    0.800         0.000          9.451  gcm_hamming                0.938     1.00
mamba  1001 final      etop   out     10  0.700     0.007    5.473    0.719         0.000          8.525  gcm_hamming                0.752     1.00
mamba  1001 final      etop   out     23  0.800     0.004    5.673    0.587         0.000          5.988  gcm_hamming                0.938     1.00
mamba  1001 final      etop   out     47  0.900     0.004    5.349    0.332         0.002          2.905  gcm_hamming                0.388     1.00
mamba  1001 final      etop   out     60  0.950     0.006    5.173    0.162         0.004          1.353  gcm_hamming                0.752     1.00
mamba  1001 final      etop   out     74  1.000     0.007    5.004    0.005         0.004          0.000      uniform                0.200     1.00
mamba  1001 final      etop  both      0  0.000     0.995    0.020    0.998         0.002         19.833        rulex               40.000     1.00
mamba  1001 final      etop  both      1  0.050     0.990    0.038    0.993         0.004         15.785        rulex               40.000     1.00
mamba  1001 final      etop  both      2  0.100     0.939    0.183    0.941         0.022         11.440        rulex               20.627     0.98
mamba  1001 final      etop  both      4  0.200     0.863    0.386    0.789         0.027          8.829        rulex               10.637     0.96
mamba  1001 final      etop  both      5  0.300     0.806    0.603    0.643         0.040          6.853        rulex               10.637     0.94
mamba  1001 final      etop  both      7  0.400     0.366    2.092    0.438         0.014          5.051        rulex                2.828     0.98
mamba  1001 final      etop  both      9  0.500     0.074    4.228    0.312         0.004          4.764        rulex                0.200     1.00
mamba  1001 final      etop  both     14  0.600     0.006    7.729    0.249         0.000          5.902  gcm_hamming                0.311     1.00
mamba  1001 final      etop  both     27  0.700     0.007    6.666    0.123         0.000          3.476  gcm_hamming                0.200     1.00
mamba  1001 final      etop  both     42  0.800     0.008    5.780    0.041         0.004          1.371  gcm_hamming                0.388     1.00
mamba  1001 final      etop  both     57  0.900     0.008    5.335    0.016         0.005          0.355  gcm_hamming                0.484     1.00
mamba  1001 final      etop  both     65  0.950     0.008    5.164    0.009         0.004          0.019   gcm_linear                0.388     1.00
mamba  1001 final      etop  both     74  1.000     0.007    5.004    0.005         0.004          0.000      uniform                0.200     1.00
mamba  1001 final   ebottom    in      0  0.000     0.995    0.020    0.998         0.002         19.833        rulex               40.000     1.00
mamba  1001 final   ebottom    in     10  0.050     0.997    0.014    0.995         0.005         17.070        rulex               40.000     0.98
mamba  1001 final   ebottom    in     18  0.100     0.998    0.009    0.978         0.022         13.951        rulex               40.000     0.98
mamba  1001 final   ebottom    in     33  0.200     0.999    0.005    0.787         0.205          6.900        rulex               40.000     0.80
mamba  1001 final   ebottom    in     48  0.300     0.999    0.002    0.380         0.613         -1.658        rulex               40.000     0.38
mamba  1001 final   ebottom    in     61  0.400     1.000    0.000    0.097         0.892        -10.152        rulex               40.000     0.10
mamba  1001 final   ebottom    in     66  0.500     1.000    0.001    0.036         0.955        -14.994        rulex               40.000     0.04
mamba  1001 final   ebottom    in     68  0.600     0.995    0.022    0.025         0.886        -15.312        rulex               40.000     0.02
mamba  1001 final   ebottom    in     70  0.700     0.855    0.427    0.011         0.692        -15.115        rulex               10.637     0.02
mamba  1001 final   ebottom    in     71  0.800     0.662    1.040    0.027         0.485        -13.908        rulex                8.530     0.06
mamba  1001 final   ebottom    in     73  0.900     0.051    4.732    0.022         0.041         -8.943         rule                0.200     0.30
mamba  1001 final   ebottom    in     74  0.950     0.006   19.331    0.005         0.002          0.243   gcm_linear                0.200     1.00
mamba  1001 final   ebottom    in     74  1.000     0.006   19.331    0.005         0.002          0.243   gcm_linear                0.200     1.00
mamba  1001 final   ebottom   out      0  0.000     0.995    0.020    0.998         0.002         19.833        rulex               40.000     1.00
mamba  1001 final   ebottom   out     15  0.050     0.996    0.016    0.998         0.002         18.385        rulex               40.000     1.00
mamba  1001 final   ebottom   out     28  0.100     0.997    0.013    0.998         0.002         16.789        rulex               40.000     1.00
mamba  1001 final   ebottom   out     52  0.200     0.998    0.008    0.989         0.007         13.698        rulex               40.000     0.98
mamba  1001 final   ebottom   out     65  0.300     0.997    0.011    0.928         0.029         10.382        rulex               40.000     0.96
mamba  1001 final   ebottom   out     66  0.400     0.996    0.017    0.899         0.034          9.194        rulex               40.000     0.96
mamba  1001 final   ebottom   out     68  0.500     0.983    0.082    0.724         0.041          7.301        rulex               40.000     0.94
mamba  1001 final   ebottom   out     70  0.600     0.875    0.571    0.470         0.040          5.007        rulex               13.264     0.92
mamba  1001 final   ebottom   out     71  0.700     0.682    1.319    0.283         0.029          3.820        rulex                8.530     0.90
mamba  1001 final   ebottom   out     72  0.800     0.267    2.483    0.110         0.018          2.696        rulex                0.752     0.88
mamba  1001 final   ebottom   out     73  0.900     0.052    3.729    0.025         0.013          1.132        rulex                0.200     0.70
mamba  1001 final   ebottom   out     74  0.950     0.007    5.004    0.005         0.004          0.000      uniform                0.200     1.00
mamba  1001 final   ebottom   out     74  1.000     0.007    5.004    0.005         0.004          0.000      uniform                0.200     1.00
mamba  1001 final   ebottom  both      0  0.000     0.995    0.020    0.998         0.002         19.833        rulex               40.000     1.00
mamba  1001 final   ebottom  both     10  0.050     0.997    0.011    0.993         0.007         15.639        rulex               40.000     0.98
mamba  1001 final   ebottom  both     18  0.100     0.998    0.006    0.950         0.050         11.006        rulex               40.000     0.94
mamba  1001 final   ebottom  both     33  0.200     1.000    0.001    0.479         0.481          1.350        rulex               40.000     0.50
mamba  1001 final   ebottom  both     48  0.300     1.000    0.001    0.108         0.847         -7.673        rulex               40.000     0.12
mamba  1001 final   ebottom  both     61  0.400     1.000    0.000    0.025         0.953        -13.560        rulex               40.000     0.02
mamba  1001 final   ebottom  both     66  0.500     1.000    0.004    0.002         0.991        -17.035         rule               40.000     0.00
mamba  1001 final   ebottom  both     68  0.600     0.998    0.124    0.000         0.989        -14.478         rule               40.000     0.00
mamba  1001 final   ebottom  both     70  0.700     0.996    0.316    0.000         0.998        -14.993         rule               40.000     0.00
mamba  1001 final   ebottom  both     71  0.800     0.736    1.554    0.002         0.690        -11.882         rule                5.485     0.00
mamba  1001 final   ebottom  both     73  0.900     0.152    2.974    0.009         0.153        -10.340         rule                0.603     0.02
mamba  1001 final   ebottom  both     74  0.950     0.007    5.004    0.005         0.004          0.000      uniform                0.200     1.00
mamba  1001 final   ebottom  both     74  1.000     0.007    5.004    0.005         0.004          0.000      uniform                0.200     1.00
mamba  1001 final     erand    in      0  0.000     0.995    0.020    0.998         0.002         19.833        rulex               40.000     1.00
mamba  1001 final     erand    in      8  0.050     0.997    0.012    0.996         0.004         16.787        rulex               40.000     0.98
mamba  1001 final     erand    in     15  0.100     0.998    0.009    0.980         0.018         13.640        rulex               40.000     0.98
mamba  1001 final     erand    in     21  0.200     0.992    0.027    0.795         0.137          8.555        rulex               40.000     0.86
mamba  1001 final     erand    in     29  0.300     0.989    0.040    0.499         0.310          2.005        rulex               40.000     0.62
mamba  1001 final     erand    in     35  0.400     0.974    0.086    0.308         0.364         -1.452        rulex               32.076     0.46
mamba  1001 final     erand    in     46  0.500     0.984    0.057    0.142         0.627         -6.840        rulex               40.000     0.18
mamba  1001 final     erand    in     51  0.600     0.918    0.253    0.074         0.580         -9.679        rulex               20.627     0.12
mamba  1001 final     erand    in     56  0.700     0.556    1.324    0.036         0.288        -10.190        rulex                2.828     0.10
mamba  1001 final     erand    in     63  0.800     0.361    2.044    0.025         0.225        -10.608        rulex                0.200     0.10
mamba  1001 final     erand    in     67  0.900     0.048    4.886    0.022         0.036         -8.271         rule                0.388     0.32
mamba  1001 final     erand    in     70  0.950     0.008   17.826    0.007         0.004          1.659  gcm_hamming                0.200     1.00
mamba  1001 final     erand    in     74  1.000     0.006   19.331    0.005         0.002          0.243   gcm_linear                0.200     1.00
mamba  1001 final     erand    in      0  0.000     0.995    0.020    0.998         0.002         19.833        rulex               40.000     1.00
mamba  1001 final     erand    in      3  0.050     0.995    0.020    0.996         0.004         17.941        rulex               40.000     1.00
mamba  1001 final     erand    in      5  0.100     0.993    0.029    0.991         0.007         16.632        rulex               40.000     0.98
mamba  1001 final     erand    in     13  0.200     0.950    0.148    0.883         0.027         12.707        rulex               40.000     0.96
mamba  1001 final     erand    in     26  0.300     0.938    0.194    0.634         0.081          6.351        rulex               25.722     0.88
mamba  1001 final     erand    in     30  0.400     0.905    0.292    0.440         0.108          3.222        rulex               16.541     0.80
mamba  1001 final     erand    in     35  0.500     0.581    1.290    0.232         0.068          0.893        rulex                2.828     0.78
mamba  1001 final     erand    in     43  0.600     0.355    2.255    0.099         0.047         -3.679        rulex                0.200     0.68
mamba  1001 final     erand    in     46  0.700     0.169    3.511    0.074         0.025         -3.383        rulex                1.170     0.76
mamba  1001 final     erand    in     59  0.800     0.198    3.192    0.031         0.058         -7.932        rulex                1.459     0.34
mamba  1001 final     erand    in     66  0.900     0.009   16.409    0.032         0.005          5.710  gcm_hamming                0.484     1.00
mamba  1001 final     erand    in     67  0.950     0.008   17.998    0.016         0.007          4.698  gcm_hamming                0.484     1.00
mamba  1001 final     erand    in     74  1.000     0.006   19.331    0.005         0.002          0.243   gcm_linear                0.200     1.00
mamba  1001 final     erand    in      0  0.000     0.995    0.020    0.998         0.002         19.833        rulex               40.000     1.00
mamba  1001 final     erand    in      3  0.050     0.986    0.045    0.995         0.002         18.061        rulex               40.000     1.00
mamba  1001 final     erand    in      4  0.100     0.973    0.087    0.984         0.004         16.621        rulex               40.000     1.00
mamba  1001 final     erand    in     12  0.200     0.980    0.066    0.888         0.038         11.248        rulex               40.000     0.96
mamba  1001 final     erand    in     18  0.300     0.956    0.140    0.737         0.070          8.165        rulex               25.722     0.92
mamba  1001 final     erand    in     24  0.400     0.901    0.314    0.506         0.095          4.719        rulex               16.541     0.84
mamba  1001 final     erand    in     39  0.500     0.933    0.217    0.245         0.355         -3.103        rulex               20.627     0.40
mamba  1001 final     erand    in     45  0.600     0.637    1.058    0.083         0.211         -6.428        rulex                5.485     0.28
mamba  1001 final     erand    in     55  0.700     0.584    1.272    0.054         0.250         -9.267        rulex                4.398     0.18
mamba  1001 final     erand    in     58  0.800     0.174    3.330    0.031         0.061         -8.150        rulex                0.200     0.32
mamba  1001 final     erand    in     73  0.900     0.041    5.395    0.011         0.032         -6.714         rule                0.200     0.16
mamba  1001 final     erand    in     73  0.950     0.041    5.395    0.011         0.032         -6.714         rule                0.200     0.16
mamba  1001 final     erand    in     74  1.000     0.006   19.331    0.005         0.002          0.243   gcm_linear                0.200     1.00
mamba  1001 final     erand   out      0  0.000     0.995    0.020    0.998         0.002         19.833        rulex               40.000     1.00
mamba  1001 final     erand   out     12  0.050     0.996    0.017    0.998         0.002         18.320        rulex               40.000     1.00
mamba  1001 final     erand   out     20  0.100     0.995    0.019    0.996         0.000         16.327        rulex               40.000     1.00
mamba  1001 final     erand   out     21  0.200     0.987    0.051    0.995         0.002         15.194        rulex               40.000     1.00
mamba  1001 final     erand   out     29  0.300     0.975    0.104    0.986         0.000         13.198        rulex               40.000     1.00
mamba  1001 final     erand   out     35  0.400     0.949    0.197    0.957         0.002         11.533        rulex               32.076     1.00
mamba  1001 final     erand   out     49  0.500     0.875    0.494    0.854         0.009          8.762        rulex               16.541     0.98
mamba  1001 final     erand   out     55  0.600     0.496    1.543    0.640         0.004          6.127        rulex                2.828     1.00
mamba  1001 final     erand   out     62  0.700     0.533    1.472    0.544         0.009          5.251        rulex                2.828     0.98
mamba  1001 final     erand   out     66  0.800     0.147    3.043    0.200         0.005          2.814        rulex                0.200     1.00
mamba  1001 final     erand   out     67  0.900     0.037    3.952    0.123         0.002          1.935        rulex                0.200     1.00
mamba  1001 final     erand   out     70  0.950     0.009    5.050    0.041         0.002          0.535  gcm_hamming                0.200     1.00
mamba  1001 final     erand   out     74  1.000     0.007    5.004    0.005         0.004          0.000      uniform                0.200     1.00
mamba  1001 final     erand   out      0  0.000     0.995    0.020    0.998         0.002         19.833        rulex               40.000     1.00
mamba  1001 final     erand   out      1  0.050     0.994    0.027    0.998         0.000         18.645        rulex               40.000     1.00
mamba  1001 final     erand   out      5  0.100     0.990    0.037    0.998         0.000         17.410        rulex               40.000     1.00
mamba  1001 final     erand   out     13  0.200     0.966    0.120    0.993         0.000         15.152        rulex               40.000     1.00
mamba  1001 final     erand   out     26  0.300     0.932    0.246    0.978         0.002         12.505        rulex               25.722     1.00
mamba  1001 final     erand   out     30  0.400     0.883    0.430    0.942         0.002         10.991        rulex               16.541     1.00
mamba  1001 final     erand   out     35  0.500     0.611    1.180    0.861         0.004          9.362        rulex                4.398     1.00
mamba  1001 final     erand   out     42  0.600     0.574    1.315    0.786         0.002          8.128        rulex                3.527     1.00
mamba  1001 final     erand   out     46  0.700     0.135    3.155    0.584         0.000          5.689        rulex                1.459     1.00
mamba  1001 final     erand   out     59  0.800     0.159    3.016    0.409         0.005          4.070        rulex                1.459     1.00
mamba  1001 final     erand   out     66  0.900     0.008    5.020    0.081         0.002          1.021      uniform                1.170     1.00
mamba  1001 final     erand   out     66  0.950     0.008    5.020    0.081         0.002          1.021      uniform                1.170     1.00
mamba  1001 final     erand   out     74  1.000     0.007    5.004    0.005         0.004          0.000      uniform                0.200     1.00
mamba  1001 final     erand   out      0  0.000     0.995    0.020    0.998         0.002         19.833        rulex               40.000     1.00
mamba  1001 final     erand   out      3  0.050     0.989    0.043    0.998         0.002         18.435        rulex               40.000     1.00
mamba  1001 final     erand   out      4  0.100     0.976    0.085    0.998         0.000         17.312        rulex               40.000     1.00
mamba  1001 final     erand   out     10  0.200     0.975    0.091    0.998         0.000         16.166        rulex               40.000     1.00
mamba  1001 final     erand   out     16  0.300     0.942    0.205    0.987         0.000         14.322        rulex               25.722     1.00
mamba  1001 final     erand   out     19  0.400     0.845    0.540    0.971         0.000         12.901        rulex               13.264     1.00
mamba  1001 final     erand   out     40  0.500     0.632    1.110    0.881         0.002          9.111        rulex                5.485     1.00
mamba  1001 final     erand   out     48  0.600     0.498    1.628    0.732         0.002          7.230        rulex                4.398     1.00
mamba  1001 final     erand   out     57  0.700     0.343    2.186    0.519         0.011          5.100        rulex                2.828     1.00
mamba  1001 final     erand   out     58  0.800     0.126    3.084    0.380         0.004          4.222        rulex                0.200     1.00
mamba  1001 final     erand   out     73  0.900     0.031    4.172    0.014         0.007          0.926         rule                0.200     0.80
mamba  1001 final     erand   out     74  0.950     0.007    5.004    0.005         0.004          0.000      uniform                0.200     1.00
mamba  1001 final     erand   out     74  1.000     0.007    5.004    0.005         0.004          0.000      uniform                0.200     1.00
mamba  1001 final     erand  both      0  0.000     0.995    0.020    0.998         0.002         19.833        rulex               40.000     1.00
mamba  1001 final     erand  both      8  0.050     0.998    0.010    0.995         0.005         15.252        rulex               40.000     0.98
mamba  1001 final     erand  both     15  0.100     0.997    0.011    0.953         0.041         10.882        rulex               40.000     0.96
mamba  1001 final     erand  both     21  0.200     0.961    0.133    0.677         0.106          6.808        rulex               32.076     0.86
mamba  1001 final     erand  both     29  0.300     0.820    0.520    0.333         0.186          1.405        rulex                8.530     0.64
mamba  1001 final     erand  both     35  0.400     0.518    1.174    0.166         0.160         -1.937        rulex                5.485     0.50
mamba  1001 final     erand  both     46  0.500     0.264    2.243    0.081         0.059         -2.191        rulex                0.752     0.58
mamba  1001 final     erand  both     51  0.600     0.169    2.805    0.043         0.054         -3.334        rulex                0.200     0.44
mamba  1001 final     erand  both     56  0.700     0.042    4.200    0.038         0.009         -1.350        rulex                1.819     0.92
mamba  1001 final     erand  both     63  0.800     0.005    5.412    0.023         0.004          0.765  gcm_hamming                0.200     1.00
mamba  1001 final     erand  both     67  0.900     0.009    5.100    0.004         0.004          0.093  gcm_hamming                0.200     0.50
mamba  1001 final     erand  both     70  0.950     0.007    5.899    0.002         0.005          0.214 gcm_circular                0.484     0.00
mamba  1001 final     erand  both     74  1.000     0.007    5.004    0.005         0.004          0.000      uniform                0.200     1.00
mamba  1001 final     erand  both      0  0.000     0.995    0.020    0.998         0.002         19.833        rulex               40.000     1.00
mamba  1001 final     erand  both      3  0.050     0.993    0.027    0.995         0.004         16.323        rulex               40.000     1.00
mamba  1001 final     erand  both      5  0.100     0.988    0.044    0.977         0.013         14.631        rulex               40.000     0.98
mamba  1001 final     erand  both     13  0.200     0.865    0.424    0.816         0.009         10.894        rulex               20.627     0.98
mamba  1001 final     erand  both     26  0.300     0.946    0.184    0.357         0.193          1.118        rulex               32.076     0.64
mamba  1001 final     erand  both     30  0.400     0.891    0.382    0.135         0.243         -3.002        rulex               13.264     0.36
mamba  1001 final     erand  both     35  0.500     0.191    2.976    0.088         0.022         -0.528        rulex                0.200     0.82
mamba  1001 final     erand  both     43  0.600     0.049    4.124    0.038         0.011         -2.413        rulex                0.200     0.84
mamba  1001 final     erand  both     46  0.700     0.059    3.728    0.013         0.029         -6.325         rule                0.200     0.26
mamba  1001 final     erand  both     59  0.800     0.072    3.405    0.005         0.054         -8.375         rule                0.200     0.02
mamba  1001 final     erand  both     66  0.900     0.010    5.121    0.004         0.007          0.081   gcm_linear                0.200     0.00
mamba  1001 final     erand  both     67  0.950     0.009    5.104    0.000         0.005          0.017 gcm_circular                0.388     0.00
mamba  1001 final     erand  both     74  1.000     0.007    5.004    0.005         0.004          0.000      uniform                0.200     1.00
mamba  1001 final     erand  both      0  0.000     0.995    0.020    0.998         0.002         19.833        rulex               40.000     1.00
mamba  1001 final     erand  both      3  0.050     0.961    0.136    0.989         0.000         16.413        rulex               40.000     1.00
mamba  1001 final     erand  both      4  0.100     0.906    0.306    0.948         0.002         15.467        rulex               20.627     1.00
mamba  1001 final     erand  both     12  0.200     0.811    0.594    0.762         0.013          9.940        rulex               16.541     0.98
mamba  1001 final     erand  both     18  0.300     0.633    1.116    0.537         0.023          6.256        rulex                6.840     0.96
mamba  1001 final     erand  both     24  0.400     0.455    1.692    0.222         0.027          1.591        rulex                1.819     0.90
mamba  1001 final     erand  both     39  0.500     0.171    2.875    0.083         0.027         -1.513        rulex                0.752     0.78
mamba  1001 final     erand  both     45  0.600     0.006    6.058    0.180         0.000          3.916  gcm_hamming                0.311     1.00
mamba  1001 final     erand  both     55  0.700     0.008    5.941    0.094         0.002          2.545  gcm_hamming                0.388     1.00
mamba  1001 final     erand  both     58  0.800     0.008    5.500    0.034         0.004          0.917  gcm_hamming                0.388     1.00
mamba  1001 final     erand  both     73  0.900     0.000    5.340    0.016         0.000          0.185   gcm_linear                0.200     1.00
mamba  1001 final     erand  both     73  0.950     0.003    5.165    0.016         0.002          0.075  gcm_hamming                0.311     1.00
mamba  1001 final     erand  both     74  1.000     0.007    5.004    0.005         0.004          0.000      uniform                0.200     1.00
mamba  1001 final      topk    in     57  0.000     0.995    0.020    0.998         0.002         19.833        rulex               40.000     1.00
mamba  1001 final      topk    in     57  0.250     0.994    0.024    1.000         0.000         20.858        rulex               40.000     1.00
mamba  1001 final      topk    in     57  0.500     0.989    0.042    1.000         0.000         22.272        rulex               40.000     1.00
mamba  1001 final      topk    in     57  0.750     0.872    0.492    0.991         0.005         23.716        rulex               16.541     1.00
mamba  1001 final      topk    in     57  1.000     0.006   18.183    0.099         0.000         11.209  gcm_hamming                0.249     1.00
mamba  1001 final      topk   out     47  0.000     0.995    0.020    0.998         0.002         19.833        rulex               40.000     1.00
mamba  1001 final      topk   out     47  0.250     0.995    0.025    0.998         0.002         15.601        rulex               40.000     1.00
mamba  1001 final      topk   out     47  0.500     0.990    0.067    1.000         0.000         11.369        rulex               40.000     1.00
mamba  1001 final      topk   out     47  0.750     0.955    0.749    0.998         0.002          7.137        rulex               32.076     1.00
mamba  1001 final      topk   out     47  1.000     0.004    5.349    0.332         0.002          2.905  gcm_hamming                0.388     1.00
mamba  1001 final      topk  both     57  0.000     0.995    0.020    0.998         0.002         19.833        rulex               40.000     1.00
mamba  1001 final      topk  both     57  0.250     0.994    0.028    1.000         0.000         16.062        rulex               40.000     1.00
mamba  1001 final      topk  both     57  0.500     0.985    0.102    1.000         0.000         11.944        rulex               40.000     1.00
mamba  1001 final      topk  both     57  0.750     0.768    1.438    0.989         0.004          6.937        rulex               10.637     1.00
mamba  1001 final      topk  both     57  1.000     0.008    5.187    0.011         0.005          0.175   gcm_linear                0.388     1.00
mamba  1001 final     randk    in     17  0.000     0.995    0.020    0.998         0.002         19.833        rulex               40.000     1.00
mamba  1001 final     randk    in     17  0.250     0.996    0.017    0.998         0.002         18.792        rulex               40.000     1.00
mamba  1001 final     randk    in     17  0.500     0.997    0.014    0.996         0.004         17.559        rulex               40.000     0.98
mamba  1001 final     randk    in     17  0.750     0.997    0.012    0.995         0.005         16.096        rulex               40.000     0.98
mamba  1001 final     randk    in     17  1.000     0.997    0.010    0.982         0.018         14.376        rulex               40.000     0.98
mamba  1001 final     randk    in     17  0.000     0.995    0.020    0.998         0.002         19.833        rulex               40.000     1.00
mamba  1001 final     randk    in     17  0.250     0.996    0.017    0.998         0.002         18.792        rulex               40.000     1.00
mamba  1001 final     randk    in     17  0.500     0.997    0.014    0.996         0.004         17.559        rulex               40.000     0.98
mamba  1001 final     randk    in     17  0.750     0.997    0.012    0.995         0.005         16.096        rulex               40.000     0.98
mamba  1001 final     randk    in     17  1.000     0.997    0.010    0.982         0.018         14.376        rulex               40.000     0.98
mamba  1001 final     randk    in     17  0.000     0.995    0.020    0.998         0.002         19.833        rulex               40.000     1.00
mamba  1001 final     randk    in     17  0.250     0.996    0.017    0.998         0.002         18.792        rulex               40.000     1.00
mamba  1001 final     randk    in     17  0.500     0.997    0.014    0.996         0.004         17.559        rulex               40.000     0.98
mamba  1001 final     randk    in     17  0.750     0.997    0.012    0.995         0.005         16.096        rulex               40.000     0.98
mamba  1001 final     randk    in     17  1.000     0.997    0.010    0.982         0.018         14.376        rulex               40.000     0.98
mamba  1001 final     randk   out     27  0.000     0.995    0.020    0.998         0.002         19.833        rulex               40.000     1.00
mamba  1001 final     randk   out     27  0.250     0.996    0.018    0.998         0.002         19.107        rulex               40.000     1.00
mamba  1001 final     randk   out     27  0.500     0.996    0.016    0.998         0.002         18.381        rulex               40.000     1.00
mamba  1001 final     randk   out     27  0.750     0.996    0.014    0.998         0.002         17.655        rulex               40.000     1.00
mamba  1001 final     randk   out     27  1.000     0.996    0.013    0.998         0.002         16.928        rulex               40.000     1.00
mamba  1001 final     randk   out     27  0.000     0.995    0.020    0.998         0.002         19.833        rulex               40.000     1.00
mamba  1001 final     randk   out     27  0.250     0.996    0.018    0.998         0.002         19.107        rulex               40.000     1.00
mamba  1001 final     randk   out     27  0.500     0.996    0.016    0.998         0.002         18.381        rulex               40.000     1.00
mamba  1001 final     randk   out     27  0.750     0.996    0.014    0.998         0.002         17.655        rulex               40.000     1.00
mamba  1001 final     randk   out     27  1.000     0.996    0.013    0.998         0.002         16.928        rulex               40.000     1.00
mamba  1001 final     randk   out     27  0.000     0.995    0.020    0.998         0.002         19.833        rulex               40.000     1.00
mamba  1001 final     randk   out     27  0.250     0.996    0.018    0.998         0.002         19.107        rulex               40.000     1.00
mamba  1001 final     randk   out     27  0.500     0.996    0.016    0.998         0.002         18.381        rulex               40.000     1.00
mamba  1001 final     randk   out     27  0.750     0.996    0.014    0.998         0.002         17.655        rulex               40.000     1.00
mamba  1001 final     randk   out     27  1.000     0.996    0.013    0.998         0.002         16.928        rulex               40.000     1.00
mamba  1001 final     randk  both     17  0.000     0.995    0.020    0.998         0.002         19.833        rulex               40.000     1.00
mamba  1001 final     randk  both     17  0.250     0.996    0.016    0.998         0.002         18.368        rulex               40.000     1.00
mamba  1001 final     randk  both     17  0.500     0.997    0.012    0.996         0.004         16.715        rulex               40.000     0.98
mamba  1001 final     randk  both     17  0.750     0.998    0.010    0.991         0.007         14.842        rulex               40.000     0.98
mamba  1001 final     randk  both     17  1.000     0.998    0.008    0.969         0.031         12.728        rulex               40.000     0.96
mamba  1001 final     randk  both     17  0.000     0.995    0.020    0.998         0.002         19.833        rulex               40.000     1.00
mamba  1001 final     randk  both     17  0.250     0.996    0.016    0.998         0.002         18.368        rulex               40.000     1.00
mamba  1001 final     randk  both     17  0.500     0.997    0.012    0.996         0.004         16.715        rulex               40.000     0.98
mamba  1001 final     randk  both     17  0.750     0.998    0.010    0.991         0.007         14.842        rulex               40.000     0.98
mamba  1001 final     randk  both     17  1.000     0.998    0.008    0.969         0.031         12.728        rulex               40.000     0.96
mamba  1001 final     randk  both     17  0.000     0.995    0.020    0.998         0.002         19.833        rulex               40.000     1.00
mamba  1001 final     randk  both     17  0.250     0.996    0.016    0.998         0.002         18.368        rulex               40.000     1.00
mamba  1001 final     randk  both     17  0.500     0.997    0.012    0.996         0.004         16.715        rulex               40.000     0.98
mamba  1001 final     randk  both     17  0.750     0.998    0.010    0.991         0.007         14.842        rulex               40.000     0.98
mamba  1001 final     randk  both     17  1.000     0.998    0.008    0.969         0.031         12.728        rulex               40.000     0.96
mamba  1001 final  residual    in     17  0.000     0.995    0.020    0.998         0.002         19.833        rulex               40.000     1.00
mamba  1001 final  residual    in     17  0.250     0.996    0.017    0.998         0.002         18.792        rulex               40.000     1.00
mamba  1001 final  residual    in     17  0.500     0.997    0.014    0.996         0.004         17.559        rulex               40.000     0.98
mamba  1001 final  residual    in     17  0.750     0.997    0.012    0.995         0.005         16.096        rulex               40.000     0.98
mamba  1001 final  residual    in     17  1.000     0.997    0.010    0.982         0.018         14.376        rulex               40.000     0.98
mamba  1001 final  residual   out     27  0.000     0.995    0.020    0.998         0.002         19.833        rulex               40.000     1.00
mamba  1001 final  residual   out     27  0.250     0.996    0.018    0.998         0.002         19.107        rulex               40.000     1.00
mamba  1001 final  residual   out     27  0.500     0.996    0.016    0.998         0.002         18.381        rulex               40.000     1.00
mamba  1001 final  residual   out     27  0.750     0.996    0.014    0.998         0.002         17.655        rulex               40.000     1.00
mamba  1001 final  residual   out     27  1.000     0.996    0.013    0.998         0.002         16.928        rulex               40.000     1.00
mamba  1001 final  residual  both     17  0.000     0.995    0.020    0.998         0.002         19.833        rulex               40.000     1.00
mamba  1001 final  residual  both     17  0.250     0.996    0.016    0.998         0.002         18.368        rulex               40.000     1.00
mamba  1001 final  residual  both     17  0.500     0.997    0.012    0.996         0.004         16.715        rulex               40.000     0.98
mamba  1001 final  residual  both     17  0.750     0.998    0.010    0.991         0.007         14.842        rulex               40.000     0.98
mamba  1001 final  residual  both     17  1.000     0.998    0.008    0.969         0.031         12.728        rulex               40.000     0.96
mamba  1001 final   neurons units      0  0.000     0.995    0.020    0.998         0.002         19.833        rulex               40.000     1.00
mamba  1001 final   neurons units      1  0.001     0.995    0.021    0.998         0.002         19.701        rulex               40.000     1.00
mamba  1001 final   neurons units      2  0.001     0.995    0.020    0.998         0.002         19.625        rulex               40.000     1.00
mamba  1001 final   neurons units      4  0.003     0.996    0.020    0.998         0.002         19.495        rulex               40.000     1.00
mamba  1001 final   neurons units      8  0.005     0.996    0.018    0.998         0.002         19.249        rulex               40.000     1.00
mamba  1001 final   neurons units     16  0.010     0.996    0.016    0.998         0.002         18.807        rulex               40.000     1.00
mamba  1001 final   neurons units     32  0.021     0.997    0.013    0.996         0.004         17.966        rulex               40.000     0.98
mamba  1001 final   neurons units     64  0.042     0.997    0.010    0.993         0.007         16.682        rulex               40.000     0.98
mamba  1001 final   neurons units    128  0.083     0.998    0.007    0.978         0.022         14.562        rulex               40.000     0.98
mamba  1001 final   neurons units    256  0.167     0.999    0.005    0.928         0.065         12.119        rulex               40.000     0.94
mamba  1001 final   neurons units    512  0.333     0.998    0.008    0.827         0.139          9.612        rulex               40.000     0.86
mamba  1001 final randunits units      0  0.000     0.995    0.020    0.998         0.002         19.833        rulex               40.000     1.00
mamba  1001 final randunits units      1  0.001     0.995    0.020    0.998         0.002         19.827        rulex               40.000     1.00
mamba  1001 final randunits units      2  0.001     0.995    0.020    0.998         0.002         19.801        rulex               40.000     1.00
mamba  1001 final randunits units      4  0.003     0.995    0.020    0.998         0.002         19.828        rulex               40.000     1.00
mamba  1001 final randunits units      8  0.005     0.995    0.020    0.998         0.002         19.819        rulex               40.000     1.00
mamba  1001 final randunits units     16  0.010     0.995    0.020    0.998         0.002         19.550        rulex               40.000     1.00
mamba  1001 final randunits units     32  0.021     0.995    0.021    0.998         0.002         19.709        rulex               40.000     1.00
mamba  1001 final randunits units     64  0.042     0.994    0.023    0.998         0.002         19.686        rulex               40.000     1.00
mamba  1001 final randunits units    128  0.083     0.994    0.023    0.998         0.002         19.315        rulex               40.000     1.00
mamba  1001 final randunits units    256  0.167     0.993    0.027    0.996         0.000         18.348        rulex               40.000     1.00
mamba  1001 final randunits units    512  0.333     0.983    0.061    0.982         0.009         17.210        rulex               40.000     0.98
mamba  1001 final randunits units      0  0.000     0.995    0.020    0.998         0.002         19.833        rulex               40.000     1.00
mamba  1001 final randunits units      1  0.001     0.995    0.020    0.998         0.002         19.794        rulex               40.000     1.00
mamba  1001 final randunits units      2  0.001     0.995    0.020    0.998         0.002         19.768        rulex               40.000     1.00
mamba  1001 final randunits units      4  0.003     0.995    0.020    0.998         0.002         19.766        rulex               40.000     1.00
mamba  1001 final randunits units      8  0.005     0.995    0.021    0.998         0.002         19.886        rulex               40.000     1.00
mamba  1001 final randunits units     16  0.010     0.995    0.021    1.000         0.000         20.018        rulex               40.000     1.00
mamba  1001 final randunits units     32  0.021     0.995    0.020    0.998         0.002         19.626        rulex               40.000     1.00
mamba  1001 final randunits units     64  0.042     0.995    0.023    0.998         0.002         19.637        rulex               40.000     1.00
mamba  1001 final randunits units    128  0.083     0.994    0.023    0.996         0.004         19.440        rulex               40.000     1.00
mamba  1001 final randunits units    256  0.167     0.991    0.036    1.000         0.000         19.496        rulex               40.000     1.00
mamba  1001 final randunits units    512  0.333     0.982    0.057    0.982         0.007         16.803        rulex               40.000     0.98
mamba  1001 final randunits units      0  0.000     0.995    0.020    0.998         0.002         19.833        rulex               40.000     1.00
mamba  1001 final randunits units      1  0.001     0.995    0.020    0.998         0.002         19.840        rulex               40.000     1.00
mamba  1001 final randunits units      2  0.001     0.995    0.020    0.998         0.002         19.831        rulex               40.000     1.00
mamba  1001 final randunits units      4  0.003     0.995    0.020    0.998         0.002         19.824        rulex               40.000     1.00
mamba  1001 final randunits units      8  0.005     0.995    0.020    0.998         0.002         19.817        rulex               40.000     1.00
mamba  1001 final randunits units     16  0.010     0.995    0.020    0.998         0.002         19.698        rulex               40.000     1.00
mamba  1001 final randunits units     32  0.021     0.995    0.021    0.998         0.002         19.688        rulex               40.000     1.00
mamba  1001 final randunits units     64  0.042     0.995    0.023    0.998         0.002         19.635        rulex               40.000     1.00
mamba  1001 final randunits units    128  0.083     0.995    0.023    0.998         0.002         19.130        rulex               40.000     1.00
mamba  1001 final randunits units    256  0.167     0.993    0.026    0.998         0.002         18.205        rulex               40.000     1.00
mamba  1001 final randunits units    512  0.333     0.981    0.066    0.987         0.009         16.820        rulex               40.000     0.98
mamba  1002 final      none     -      0  0.000     0.995    0.018    1.000         0.000         20.146        rulex               40.000     1.00
mamba  1002 final   lowpass    in      0  0.000     0.007   14.324    0.005         0.000          0.113      uniform                0.200     1.00
mamba  1002 final   lowpass    in      1  1.000     0.001   18.008    0.007         0.000          0.278      uniform                0.200     1.00
mamba  1002 final   lowpass    in      2  2.000     0.006   18.075    0.005         0.005          0.878      uniform                0.200     0.50
mamba  1002 final   lowpass    in      3  3.000     0.008   18.196    0.013         0.005          1.799      uniform                0.200     1.00
mamba  1002 final   lowpass    in      4  4.000     0.004   18.154    0.018         0.011          2.502      uniform                0.200     1.00
mamba  1002 final   lowpass    in      6  6.000     0.007   18.315    0.025         0.005          3.817      uniform                0.200     1.00
mamba  1002 final   lowpass    in      8  8.000     0.036    5.426    0.018         0.014         -5.284         rule                0.388     0.58
mamba  1002 final   lowpass    in     12 12.000     0.037    5.501    0.022         0.011         -4.686        rulex                0.388     0.74
mamba  1002 final   lowpass    in     16 16.000     0.039    5.601    0.025         0.011         -3.946        rulex                0.388     0.78
mamba  1002 final   lowpass    in     24 24.000     0.036    5.946    0.063         0.005         -1.636        rulex                0.603     1.00
mamba  1002 final   lowpass    in     32 32.000     0.144    3.695    0.079         0.023         -3.912        rulex                0.200     0.80
mamba  1002 final   lowpass    in     48 48.000     0.476    1.671    0.355         0.034          3.577        rulex                4.398     0.92
mamba  1002 final   lowpass    in     74 74.000     0.995    0.018    1.000         0.000         20.146        rulex               40.000     1.00
mamba  1002 final   lowpass   out      0  0.000     0.007    5.004    0.004         0.004          0.000      uniform                0.200     0.50
mamba  1002 final   lowpass   out      1  1.000     0.007    5.019    0.013         0.005          0.142      uniform                0.200     1.00
mamba  1002 final   lowpass   out      2  2.000     0.006    5.038    0.014         0.002          0.306      uniform                0.200     1.00
mamba  1002 final   lowpass   out      3  3.000     0.006    5.060    0.020         0.005          0.481      uniform                0.200     1.00
mamba  1002 final   lowpass   out      4  4.000     0.006    5.072    0.023         0.004          0.606      uniform                0.200     1.00
mamba  1002 final   lowpass   out      6  6.000     0.005    5.114    0.047         0.007          0.928      uniform                0.200     1.00
mamba  1002 final   lowpass   out      8  8.000     0.029    4.340    0.123         0.002          1.888        rulex                0.200     1.00
mamba  1002 final   lowpass   out     12 12.000     0.021    4.400    0.157         0.000          2.401        rulex                0.200     1.00
mamba  1002 final   lowpass   out     16 16.000     0.021    4.463    0.222         0.002          2.960        rulex                0.200     1.00
mamba  1002 final   lowpass   out     24 24.000     0.020    4.603    0.369         0.002          4.151  gcm_hamming                0.200     1.00
mamba  1002 final   lowpass   out     32 32.000     0.081    3.535    0.616         0.004          6.370        rulex                0.200     1.00
mamba  1002 final   lowpass   out     48 48.000     0.427    1.681    0.879         0.000         10.422        rulex                3.527     1.00
mamba  1002 final   lowpass   out     74 74.000     0.995    0.018    1.000         0.000         20.146        rulex               40.000     1.00
mamba  1002 final   lowpass  both      0  0.000     0.007    5.004    0.004         0.004          0.000      uniform                0.200     0.50
mamba  1002 final   lowpass  both      1  1.000     0.007    5.031    0.002         0.011          0.020      uniform                0.200     0.00
mamba  1002 final   lowpass  both      2  2.000     0.007    5.049    0.002         0.005          0.028   gcm_linear                0.603     0.00
mamba  1002 final   lowpass  both      3  3.000     0.006    5.030    0.007         0.004         -0.005  gcm_hamming                0.200     1.00
mamba  1002 final   lowpass  both      4  4.000     0.005    5.045    0.009         0.000         -0.006      uniform                0.200     1.00
mamba  1002 final   lowpass  both      6  6.000     0.006    5.071    0.013         0.004          0.002      uniform                0.200     1.00
mamba  1002 final   lowpass  both      8  8.000     0.057    3.453    0.005         0.065         -7.602         rule                0.311     0.00
mamba  1002 final   lowpass  both     12 12.000     0.061    3.502    0.007         0.043         -7.498         rule                0.311     0.06
mamba  1002 final   lowpass  both     16 16.000     0.058    3.556    0.009         0.032         -7.279         rule                0.311     0.14
mamba  1002 final   lowpass  both     24 24.000     0.050    3.675    0.013         0.034         -6.687         rule                0.200     0.22
mamba  1002 final   lowpass  both     32 32.000     0.270    2.146    0.022         0.171        -10.257        rulex                0.200     0.10
mamba  1002 final   lowpass  both     48 48.000     0.700    0.730    0.088         0.328         -6.582        rulex                6.840     0.22
mamba  1002 final   lowpass  both     74 74.000     0.995    0.018    1.000         0.000         20.146        rulex               40.000     1.00
mamba  1002 final      etop    in      0  0.000     0.995    0.018    1.000         0.000         20.146        rulex               40.000     1.00
mamba  1002 final      etop    in      1  0.050     0.988    0.045    0.995         0.000         18.767        rulex               40.000     1.00
mamba  1002 final      etop    in      2  0.100     0.952    0.145    0.975         0.004         17.158        rulex               32.076     1.00
mamba  1002 final      etop    in      4  0.200     0.750    0.782    0.766         0.013         12.939        rulex                8.530     0.98
mamba  1002 final      etop    in      5  0.300     0.638    1.242    0.733         0.007         12.587        rulex                5.485     1.00
mamba  1002 final      etop    in      7  0.400     0.244    3.590    0.616         0.004         13.181        rulex                2.828     1.00
mamba  1002 final      etop    in     10  0.500     0.017   11.306    0.566         0.000         20.922  gcm_hamming                0.311     1.00
mamba  1002 final      etop    in     13  0.600     0.005   19.075    0.614         0.000         28.929  gcm_hamming                0.752     1.00
mamba  1002 final      etop    in     26  0.700     0.006   18.904    0.458         0.000         24.672  gcm_hamming                0.603     1.00
mamba  1002 final      etop    in     41  0.800     0.004   18.670    0.209         0.000         18.052  gcm_hamming                0.603     1.00
mamba  1002 final      etop    in     57  0.900     0.006   18.392    0.052         0.004          9.044  gcm_hamming                0.200     1.00
mamba  1002 final      etop    in     65  0.950     0.006   18.181    0.022         0.005          3.957      uniform                0.200     1.00
mamba  1002 final      etop    in     74  1.000     0.007   14.324    0.005         0.000          0.113      uniform                0.200     1.00
mamba  1002 final      etop   out      0  0.000     0.995    0.018    1.000         0.000         20.146        rulex               40.000     1.00
mamba  1002 final      etop   out      1  0.050     0.988    0.041    1.000         0.000         18.604        rulex               40.000     1.00
mamba  1002 final      etop   out      2  0.100     0.974    0.093    0.998         0.000         17.290        rulex               40.000     1.00
mamba  1002 final      etop   out      3  0.200     0.933    0.238    0.989         0.000         16.000        rulex               25.722     1.00
mamba  1002 final      etop   out      4  0.300     0.813    0.614    0.984         0.000         14.633        rulex               13.264     1.00
mamba  1002 final      etop   out      5  0.400     0.561    1.365    0.966         0.000         13.377        rulex                4.398     1.00
mamba  1002 final      etop   out      7  0.500     0.125    3.249    0.903         0.000         12.016        rulex                2.268     1.00
mamba  1002 final      etop   out      8  0.600     0.029    4.409    0.856         0.000         10.862  gcm_hamming                0.200     1.00
mamba  1002 final      etop   out     11  0.700     0.006    6.016    0.768         0.000          8.948  gcm_hamming                0.311     1.00
mamba  1002 final      etop   out     24  0.800     0.004    5.873    0.652         0.000          6.673  gcm_hamming                0.603     1.00
mamba  1002 final      etop   out     48  0.900     0.004    5.422    0.404         0.002          3.235  gcm_hamming                0.200     1.00
mamba  1002 final      etop   out     61  0.950     0.005    5.192    0.162         0.000          1.583  gcm_hamming                0.200     1.00
mamba  1002 final      etop   out     74  1.000     0.007    5.004    0.004         0.004          0.000      uniform                0.200     0.50
mamba  1002 final      etop  both      0  0.000     0.995    0.018    1.000         0.000         20.146        rulex               40.000     1.00
mamba  1002 final      etop  both      1  0.050     0.954    0.147    0.991         0.000         17.608        rulex               32.076     1.00
mamba  1002 final      etop  both      2  0.100     0.946    0.181    0.950         0.004         13.721        rulex               25.722     1.00
mamba  1002 final      etop  both      4  0.200     0.674    1.011    0.697         0.013          8.855        rulex                5.485     0.98
mamba  1002 final      etop  both      5  0.300     0.781    0.636    0.454         0.117          3.311        rulex                8.530     0.80
mamba  1002 final      etop  both      7  0.400     0.337    2.282    0.272         0.040          2.198        rulex                3.527     0.88
mamba  1002 final      etop  both     10  0.500     0.021    6.977    0.195         0.007          5.211  gcm_hamming                0.484     1.00
mamba  1002 final      etop  both     13  0.600     0.006    8.952    0.196         0.002          6.955  gcm_hamming                0.484     1.00
mamba  1002 final      etop  both     26  0.700     0.005    6.150    0.088         0.000          2.603  gcm_hamming                0.249     1.00
mamba  1002 final      etop  both     41  0.800     0.007    5.764    0.040         0.005          1.175  gcm_hamming                0.311     1.00
mamba  1002 final      etop  both     57  0.900     0.008    5.338    0.011         0.007          0.187  gcm_hamming                0.200     1.00
mamba  1002 final      etop  both     65  0.950     0.007    5.146    0.007         0.014          0.046      uniform                0.200     0.00
mamba  1002 final      etop  both     74  1.000     0.007    5.004    0.004         0.004          0.000      uniform                0.200     0.50
mamba  1002 final   ebottom    in      0  0.000     0.995    0.018    1.000         0.000         20.146        rulex               40.000     1.00
mamba  1002 final   ebottom    in     10  0.050     0.996    0.013    0.998         0.002         18.102        rulex               40.000     1.00
mamba  1002 final   ebottom    in     18  0.100     0.997    0.009    0.993         0.004         15.949        rulex               40.000     0.98
mamba  1002 final   ebottom    in     34  0.200     0.999    0.005    0.895         0.094         10.323        rulex               40.000     0.90
mamba  1002 final   ebottom    in     49  0.300     0.999    0.003    0.551         0.429          2.832        rulex               40.000     0.56
mamba  1002 final   ebottom    in     62  0.400     0.999    0.003    0.279         0.712         -4.842        rulex               40.000     0.28
mamba  1002 final   ebottom    in     65  0.500     0.999    0.006    0.139         0.820         -9.634        rulex               40.000     0.14
mamba  1002 final   ebottom    in     68  0.600     0.994    0.022    0.049         0.892        -14.590        rulex               40.000     0.06
mamba  1002 final   ebottom    in     70  0.700     0.757    0.671    0.022         0.566        -14.835        rulex                6.840     0.04
mamba  1002 final   ebottom    in     71  0.800     0.574    1.308    0.013         0.389        -13.386        rulex                6.840     0.02
mamba  1002 final   ebottom    in     73  0.900     0.050    5.376    0.016         0.045         -8.681         rule                0.200     0.20
mamba  1002 final   ebottom    in     74  0.950     0.007   14.324    0.005         0.000          0.113      uniform                0.200     1.00
mamba  1002 final   ebottom    in     74  1.000     0.007   14.324    0.005         0.000          0.113      uniform                0.200     1.00
mamba  1002 final   ebottom   out      0  0.000     0.995    0.018    1.000         0.000         20.146        rulex               40.000     1.00
mamba  1002 final   ebottom   out     14  0.050     0.996    0.015    1.000         0.000         18.441        rulex               40.000     1.00
mamba  1002 final   ebottom   out     27  0.100     0.997    0.011    1.000         0.000         16.769        rulex               40.000     1.00
mamba  1002 final   ebottom   out     51  0.200     0.998    0.009    0.984         0.011         13.323        rulex               40.000     0.98
mamba  1002 final   ebottom   out     64  0.300     0.998    0.010    0.930         0.038         10.667        rulex               40.000     0.96
mamba  1002 final   ebottom   out     67  0.400     0.990    0.040    0.796         0.070          8.130        rulex               40.000     0.92
mamba  1002 final   ebottom   out     68  0.500     0.980    0.083    0.732         0.058          7.385        rulex               40.000     0.92
mamba  1002 final   ebottom   out     70  0.600     0.862    0.610    0.468         0.036          5.513        rulex               13.264     0.92
mamba  1002 final   ebottom   out     71  0.700     0.641    1.431    0.267         0.027          4.146        rulex               10.637     0.92
mamba  1002 final   ebottom   out     72  0.800     0.238    2.569    0.090         0.018          2.856        rulex                4.398     0.84
mamba  1002 final   ebottom   out     73  0.900     0.048    3.773    0.023         0.002          1.542 gcm_circular                4.398     1.00
mamba  1002 final   ebottom   out     74  0.950     0.007    5.004    0.004         0.004          0.000      uniform                0.200     0.50
mamba  1002 final   ebottom   out     74  1.000     0.007    5.004    0.004         0.004          0.000      uniform                0.200     0.50
mamba  1002 final   ebottom  both      0  0.000     0.995    0.018    1.000         0.000         20.146        rulex               40.000     1.00
mamba  1002 final   ebottom  both     10  0.050     0.997    0.011    0.996         0.002         16.402        rulex               40.000     1.00
mamba  1002 final   ebottom  both     18  0.100     0.999    0.005    0.959         0.036         12.624        rulex               40.000     0.96
mamba  1002 final   ebottom  both     34  0.200     1.000    0.002    0.564         0.382          3.800        rulex               40.000     0.60
mamba  1002 final   ebottom  both     49  0.300     1.000    0.001    0.207         0.741         -4.894        rulex               40.000     0.22
mamba  1002 final   ebottom  both     62  0.400     0.999    0.007    0.072         0.840         -9.298        rulex               40.000     0.08
mamba  1002 final   ebottom  both     65  0.500     0.999    0.010    0.013         0.928        -12.139         rule               40.000     0.02
mamba  1002 final   ebottom  both     68  0.600     0.997    0.110    0.000         0.980        -14.508         rule               40.000     0.00
mamba  1002 final   ebottom  both     70  0.700     0.380    1.899    0.007         0.267        -10.848         rule                5.485     0.02
mamba  1002 final   ebottom  both     71  0.800     0.082    3.397    0.005         0.072         -7.113 gcm_circular               10.637     0.00
mamba  1002 final   ebottom  both     73  0.900     0.006    5.288    0.013         0.004          0.095      uniform                0.200     1.00
mamba  1002 final   ebottom  both     74  0.950     0.007    5.004    0.004         0.004          0.000      uniform                0.200     0.50
mamba  1002 final   ebottom  both     74  1.000     0.007    5.004    0.004         0.004          0.000      uniform                0.200     0.50
mamba  1002 final     erand    in      0  0.000     0.995    0.018    1.000         0.000         20.146        rulex               40.000     1.00
mamba  1002 final     erand    in      3  0.050     0.995    0.020    1.000         0.000         18.500        rulex               40.000     1.00
mamba  1002 final     erand    in      8  0.100     0.988    0.043    0.980         0.007         15.754        rulex               40.000     0.98
mamba  1002 final     erand    in     14  0.200     0.977    0.075    0.883         0.036         11.777        rulex               40.000     0.96
mamba  1002 final     erand    in     20  0.300     0.925    0.229    0.714         0.065          8.306        rulex               32.076     0.92
mamba  1002 final     erand    in     26  0.400     0.822    0.571    0.429         0.106          3.435        rulex               10.637     0.80
mamba  1002 final     erand    in     35  0.500     0.523    1.635    0.200         0.059          0.219        rulex                2.268     0.78
mamba  1002 final     erand    in     39  0.600     0.235    3.315    0.090         0.031         -2.096        rulex                0.603     0.76
mamba  1002 final     erand    in     46  0.700     0.109    4.534    0.081         0.022         -2.192        rulex                1.459     0.82
mamba  1002 final     erand    in     54  0.800     0.068    4.868    0.036         0.009         -5.160        rulex                0.200     0.86
mamba  1002 final     erand    in     61  0.900     0.012   13.644    0.072         0.004          6.780  gcm_hamming                0.484     1.00
mamba  1002 final     erand    in     69  0.950     0.014   12.114    0.018         0.007          1.235  gcm_hamming                0.311     0.88
mamba  1002 final     erand    in     74  1.000     0.007   14.324    0.005         0.000          0.113      uniform                0.200     1.00
mamba  1002 final     erand    in      0  0.000     0.995    0.018    1.000         0.000         20.146        rulex               40.000     1.00
mamba  1002 final     erand    in      7  0.050     0.996    0.016    1.000         0.000         17.247        rulex               40.000     1.00
mamba  1002 final     erand    in     11  0.100     0.996    0.014    0.980         0.014         14.921        rulex               40.000     0.98
mamba  1002 final     erand    in     16  0.200     0.931    0.197    0.750         0.074          9.163        rulex               20.627     0.92
mamba  1002 final     erand    in     20  0.300     0.893    0.320    0.555         0.108          5.581        rulex               16.541     0.84
mamba  1002 final     erand    in     24  0.400     0.784    0.633    0.380         0.108          2.527        rulex                8.530     0.78
mamba  1002 final     erand    in     33  0.500     0.717    0.826    0.204         0.157         -2.116        rulex                6.840     0.56
mamba  1002 final     erand    in     43  0.600     0.400    2.100    0.081         0.086         -5.548        rulex                5.485     0.48
mamba  1002 final     erand    in     54  0.700     0.413    1.983    0.041         0.151         -8.802        rulex                5.485     0.20
mamba  1002 final     erand    in     61  0.800     0.121    3.817    0.040         0.054         -9.096        rulex                0.200     0.42
mamba  1002 final     erand    in     65  0.900     0.013    9.669    0.018         0.005         -3.130  gcm_hamming                0.200     1.00
mamba  1002 final     erand    in     67  0.950     0.007   18.178    0.020         0.009          3.675      uniform                0.200     1.00
mamba  1002 final     erand    in     74  1.000     0.007   14.324    0.005         0.000          0.113      uniform                0.200     1.00
mamba  1002 final     erand    in      0  0.000     0.995    0.018    1.000         0.000         20.146        rulex               40.000     1.00
mamba  1002 final     erand    in      5  0.050     0.992    0.028    0.984         0.009         16.672        rulex               40.000     0.98
mamba  1002 final     erand    in      7  0.100     0.987    0.042    0.969         0.014         15.058        rulex               40.000     0.98
mamba  1002 final     erand    in     16  0.200     0.969    0.100    0.768         0.068          9.273        rulex               40.000     0.92
mamba  1002 final     erand    in     23  0.300     0.967    0.106    0.564         0.157          5.009        rulex               40.000     0.78
mamba  1002 final     erand    in     27  0.400     0.835    0.473    0.368         0.135          2.110        rulex               13.264     0.74
mamba  1002 final     erand    in     33  0.500     0.729    0.790    0.207         0.159         -1.955        rulex                6.840     0.56
mamba  1002 final     erand    in     44  0.600     0.284    2.507    0.074         0.058         -6.114        rulex                0.200     0.56
mamba  1002 final     erand    in     48  0.700     0.086    4.482    0.095         0.009         -4.178        rulex                0.200     0.98
mamba  1002 final     erand    in     52  0.800     0.055    5.737    0.103         0.007         -1.385        rulex                0.249     1.00
mamba  1002 final     erand    in     59  0.900     0.006   18.494    0.072         0.002         10.269  gcm_hamming                0.603     1.00
mamba  1002 final     erand    in     67  0.950     0.006   18.296    0.022         0.002          3.855      uniform                0.200     1.00
mamba  1002 final     erand    in     74  1.000     0.007   14.324    0.005         0.000          0.113      uniform                0.200     1.00
mamba  1002 final     erand   out      0  0.000     0.995    0.018    1.000         0.000         20.146        rulex               40.000     1.00
mamba  1002 final     erand   out      3  0.050     0.993    0.024    1.000         0.000         19.047        rulex               40.000     1.00
mamba  1002 final     erand   out      8  0.100     0.986    0.048    0.996         0.000         17.260        rulex               40.000     1.00
mamba  1002 final     erand   out     14  0.200     0.971    0.107    0.993         0.000         15.938        rulex               40.000     1.00
mamba  1002 final     erand   out     19  0.300     0.912    0.302    0.978         0.000         13.823        rulex               25.722     1.00
mamba  1002 final     erand   out     22  0.400     0.832    0.593    0.957         0.000         12.233        rulex               13.264     1.00
mamba  1002 final     erand   out     35  0.500     0.485    1.588    0.836         0.000          8.938        rulex                2.828     1.00
mamba  1002 final     erand   out     36  0.600     0.183    2.730    0.793         0.000          8.192        rulex                1.170     1.00
mamba  1002 final     erand   out     46  0.700     0.075    3.670    0.586         0.002          5.682        rulex                0.938     1.00
mamba  1002 final     erand   out     54  0.800     0.053    3.982    0.440         0.002          4.092        rulex                0.200     1.00
mamba  1002 final     erand   out     58  0.900     0.010    5.135    0.265         0.000          2.345  gcm_hamming                0.388     1.00
mamba  1002 final     erand   out     66  0.950     0.009    5.004    0.128         0.000          1.290  gcm_hamming                0.388     1.00
mamba  1002 final     erand   out     74  1.000     0.007    5.004    0.004         0.004          0.000      uniform                0.200     0.50
mamba  1002 final     erand   out      0  0.000     0.995    0.018    1.000         0.000         20.146        rulex               40.000     1.00
mamba  1002 final     erand   out      7  0.050     0.993    0.024    1.000         0.000         18.405        rulex               40.000     1.00
mamba  1002 final     erand   out     11  0.100     0.994    0.025    1.000         0.000         17.668        rulex               40.000     1.00
mamba  1002 final     erand   out     15  0.200     0.971    0.090    0.998         0.000         15.922        rulex               40.000     1.00
mamba  1002 final     erand   out     18  0.300     0.941    0.199    0.991         0.000         14.087        rulex               32.076     1.00
mamba  1002 final     erand   out     23  0.400     0.880    0.401    0.966         0.000         12.166        rulex               16.541     1.00
mamba  1002 final     erand   out     25  0.500     0.641    1.128    0.901         0.000         10.457        rulex                5.485     1.00
mamba  1002 final     erand   out     43  0.600     0.327    2.035    0.695         0.000          6.858        rulex                4.398     1.00
mamba  1002 final     erand   out     57  0.700     0.413    1.826    0.508         0.009          5.023        rulex                5.485     1.00
mamba  1002 final     erand   out     62  0.800     0.049    3.728    0.247         0.000          2.749        rulex                0.200     1.00
mamba  1002 final     erand   out     65  0.900     0.012    4.769    0.142         0.004          1.701  gcm_hamming                0.752     1.00
mamba  1002 final     erand   out     67  0.950     0.006    5.126    0.086         0.002          1.034  gcm_hamming                0.484     1.00
mamba  1002 final     erand   out     74  1.000     0.007    5.004    0.004         0.004          0.000      uniform                0.200     0.50
mamba  1002 final     erand   out      0  0.000     0.995    0.018    1.000         0.000         20.146        rulex               40.000     1.00
mamba  1002 final     erand   out      5  0.050     0.989    0.038    1.000         0.000         18.289        rulex               40.000     1.00
mamba  1002 final     erand   out      6  0.100     0.989    0.038    1.000         0.000         18.142        rulex               40.000     1.00
mamba  1002 final     erand   out     16  0.200     0.960    0.146    0.986         0.000         14.861        rulex               40.000     1.00
mamba  1002 final     erand   out     23  0.300     0.951    0.175    0.975         0.002         13.406        rulex               40.000     1.00
mamba  1002 final     erand   out     27  0.400     0.845    0.508    0.933         0.000         11.473        rulex               13.264     1.00
mamba  1002 final     erand   out     30  0.500     0.681    0.997    0.890         0.002         10.038        rulex                6.840     1.00
mamba  1002 final     erand   out     44  0.600     0.238    2.303    0.674         0.002          6.557        rulex                0.200     1.00
mamba  1002 final     erand   out     48  0.700     0.082    3.410    0.564         0.000          4.832        rulex                0.200     1.00
mamba  1002 final     erand   out     50  0.800     0.036    4.186    0.461         0.000          3.970        rulex                0.249     1.00
mamba  1002 final     erand   out     54  0.900     0.010    5.210    0.350         0.000          2.961  gcm_hamming                0.603     1.00
mamba  1002 final     erand   out     63  0.950     0.004    5.206    0.153         0.000          1.583  gcm_hamming                0.249     1.00
mamba  1002 final     erand   out     74  1.000     0.007    5.004    0.004         0.004          0.000      uniform                0.200     0.50
mamba  1002 final     erand  both      0  0.000     0.995    0.018    1.000         0.000         20.146        rulex               40.000     1.00
mamba  1002 final     erand  both      3  0.050     0.995    0.017    1.000         0.000         16.876        rulex               40.000     1.00
mamba  1002 final     erand  both      8  0.100     0.971    0.100    0.944         0.011         12.654        rulex               40.000     0.98
mamba  1002 final     erand  both     14  0.200     0.946    0.167    0.708         0.077          7.052        rulex               40.000     0.90
mamba  1002 final     erand  both     20  0.300     0.830    0.532    0.456         0.083          4.177        rulex               16.541     0.84
mamba  1002 final     erand  both     26  0.400     0.226    2.686    0.200         0.016          2.263        rulex                0.200     0.94
mamba  1002 final     erand  both     35  0.500     0.148    3.009    0.108         0.023         -0.980        rulex                0.200     0.84
mamba  1002 final     erand  both     39  0.600     0.051    4.192    0.059         0.011         -1.568        rulex                0.200     0.94
mamba  1002 final     erand  both     46  0.700     0.006    5.747    0.061         0.000          2.306  gcm_hamming                0.200     1.00
mamba  1002 final     erand  both     54  0.800     0.008    5.471    0.020         0.004          1.037  gcm_hamming                0.200     1.00
mamba  1002 final     erand  both     61  0.900     0.007    5.957    0.011         0.000          0.692      uniform                0.200     1.00
mamba  1002 final     erand  both     69  0.950     0.006    5.015    0.002         0.000          0.011      uniform                0.200     1.00
mamba  1002 final     erand  both     74  1.000     0.007    5.004    0.004         0.004          0.000      uniform                0.200     0.50
mamba  1002 final     erand  both      0  0.000     0.995    0.018    1.000         0.000         20.146        rulex               40.000     1.00
mamba  1002 final     erand  both      7  0.050     0.993    0.025    0.996         0.000         16.460        rulex               40.000     1.00
mamba  1002 final     erand  both     11  0.100     0.996    0.015    0.962         0.031         12.616        rulex               40.000     0.96
mamba  1002 final     erand  both     16  0.200     0.912    0.246    0.497         0.135          4.088        rulex               13.264     0.78
mamba  1002 final     erand  both     20  0.300     0.932    0.214    0.214         0.303         -1.752        rulex               16.541     0.42
mamba  1002 final     erand  both     24  0.400     0.374    1.801    0.115         0.063         -1.750        rulex                1.819     0.64
mamba  1002 final     erand  both     33  0.500     0.156    2.955    0.103         0.020         -1.010        rulex                0.200     0.86
mamba  1002 final     erand  both     43  0.600     0.038    4.328    0.079         0.011         -1.242        rulex                0.200     1.00
mamba  1002 final     erand  both     54  0.700     0.005    5.761    0.050         0.004          1.949      uniform                0.200     1.00
mamba  1002 final     erand  both     61  0.800     0.007    5.485    0.043         0.005          0.857      uniform                0.200     1.00
mamba  1002 final     erand  both     65  0.900     0.008    5.325    0.005         0.005          0.058      uniform                0.200     0.50
mamba  1002 final     erand  both     67  0.950     0.006    5.188    0.011         0.007          0.111      uniform                0.200     1.00
mamba  1002 final     erand  both     74  1.000     0.007    5.004    0.004         0.004          0.000      uniform                0.200     0.50
mamba  1002 final     erand  both      0  0.000     0.995    0.018    1.000         0.000         20.146        rulex               40.000     1.00
mamba  1002 final     erand  both      5  0.050     0.996    0.014    0.980         0.013         13.501        rulex               40.000     0.98
mamba  1002 final     erand  both      7  0.100     0.995    0.021    0.951         0.031         11.898        rulex               40.000     0.96
mamba  1002 final     erand  both     16  0.200     0.906    0.288    0.591         0.086          5.719        rulex               16.541     0.88
mamba  1002 final     erand  both     23  0.300     0.699    0.904    0.398         0.067          3.285        rulex                6.840     0.86
mamba  1002 final     erand  both     27  0.400     0.338    2.041    0.211         0.040          0.340        rulex                2.828     0.86
mamba  1002 final     erand  both     33  0.500     0.106    3.266    0.124         0.027         -1.944        rulex                0.200     0.86
mamba  1002 final     erand  both     44  0.600     0.079    3.362    0.038         0.036         -6.593        rulex                0.200     0.52
mamba  1002 final     erand  both     48  0.700     0.042    4.099    0.038         0.013         -3.164        rulex                0.200     0.84
mamba  1002 final     erand  both     52  0.800     0.007    5.446    0.016         0.002          0.909      uniform                0.388     1.00
mamba  1002 final     erand  both     59  0.900     0.008    6.685    0.009         0.000          0.671  gcm_hamming                0.388     1.00
mamba  1002 final     erand  both     67  0.950     0.005    5.745    0.007         0.007          0.255      uniform                0.200     0.50
mamba  1002 final     erand  both     74  1.000     0.007    5.004    0.004         0.004          0.000      uniform                0.200     0.50
mamba  1002 final      topk    in     57  0.000     0.995    0.018    1.000         0.000         20.146        rulex               40.000     1.00
mamba  1002 final      topk    in     57  0.250     0.993    0.022    1.000         0.000         20.835        rulex               40.000     1.00
mamba  1002 final      topk    in     57  0.500     0.989    0.038    1.000         0.000         21.698        rulex               40.000     1.00
mamba  1002 final      topk    in     57  0.750     0.903    0.359    0.998         0.000         22.351        rulex               20.627     1.00
mamba  1002 final      topk    in     57  1.000     0.006   18.392    0.052         0.004          9.044  gcm_hamming                0.200     1.00
mamba  1002 final      topk   out     48  0.000     0.995    0.018    1.000         0.000         20.146        rulex               40.000     1.00
mamba  1002 final      topk   out     48  0.250     0.994    0.024    1.000         0.000         15.918        rulex               40.000     1.00
mamba  1002 final      topk   out     48  0.500     0.990    0.072    1.000         0.000         11.690        rulex               40.000     1.00
mamba  1002 final      topk   out     48  0.750     0.939    0.777    1.000         0.000          7.463        rulex               25.722     1.00
mamba  1002 final      topk   out     48  1.000     0.004    5.422    0.404         0.002          3.235  gcm_hamming                0.200     1.00
mamba  1002 final      topk  both     57  0.000     0.995    0.018    1.000         0.000         20.146        rulex               40.000     1.00
mamba  1002 final      topk  both     57  0.250     0.992    0.028    1.000         0.000         16.147        rulex               40.000     1.00
mamba  1002 final      topk  both     57  0.500     0.984    0.101    1.000         0.000         11.866        rulex               40.000     1.00
mamba  1002 final      topk  both     57  0.750     0.799    1.335    0.998         0.000          6.924        rulex               13.264     1.00
mamba  1002 final      topk  both     57  1.000     0.007    5.208    0.011         0.005          0.159      uniform                0.200     1.00
mamba  1002 final     randk    in     17  0.000     0.995    0.018    1.000         0.000         20.146        rulex               40.000     1.00
mamba  1002 final     randk    in     17  0.250     0.996    0.015    1.000         0.000         19.440        rulex               40.000     1.00
mamba  1002 final     randk    in     17  0.500     0.996    0.013    0.998         0.002         18.585        rulex               40.000     1.00
mamba  1002 final     randk    in     17  0.750     0.997    0.011    0.998         0.002         17.532        rulex               40.000     1.00
mamba  1002 final     randk    in     17  1.000     0.997    0.010    0.993         0.004         16.264        rulex               40.000     0.98
mamba  1002 final     randk    in     17  0.000     0.995    0.018    1.000         0.000         20.146        rulex               40.000     1.00
mamba  1002 final     randk    in     17  0.250     0.996    0.015    1.000         0.000         19.440        rulex               40.000     1.00
mamba  1002 final     randk    in     17  0.500     0.996    0.013    0.998         0.002         18.585        rulex               40.000     1.00
mamba  1002 final     randk    in     17  0.750     0.997    0.011    0.998         0.002         17.532        rulex               40.000     1.00
mamba  1002 final     randk    in     17  1.000     0.997    0.010    0.993         0.004         16.264        rulex               40.000     0.98
mamba  1002 final     randk    in     17  0.000     0.995    0.018    1.000         0.000         20.146        rulex               40.000     1.00
mamba  1002 final     randk    in     17  0.250     0.996    0.015    1.000         0.000         19.440        rulex               40.000     1.00
mamba  1002 final     randk    in     17  0.500     0.996    0.013    0.998         0.002         18.585        rulex               40.000     1.00
mamba  1002 final     randk    in     17  0.750     0.997    0.011    0.998         0.002         17.532        rulex               40.000     1.00
mamba  1002 final     randk    in     17  1.000     0.997    0.010    0.993         0.004         16.264        rulex               40.000     0.98
mamba  1002 final     randk   out     26  0.000     0.995    0.018    1.000         0.000         20.146        rulex               40.000     1.00
mamba  1002 final     randk   out     26  0.250     0.995    0.015    1.000         0.000         19.338        rulex               40.000     1.00
mamba  1002 final     randk   out     26  0.500     0.996    0.014    1.000         0.000         18.529        rulex               40.000     1.00
mamba  1002 final     randk   out     26  0.750     0.997    0.012    1.000         0.000         17.720        rulex               40.000     1.00
mamba  1002 final     randk   out     26  1.000     0.997    0.012    1.000         0.000         16.912        rulex               40.000     1.00
mamba  1002 final     randk   out     26  0.000     0.995    0.018    1.000         0.000         20.146        rulex               40.000     1.00
mamba  1002 final     randk   out     26  0.250     0.995    0.015    1.000         0.000         19.338        rulex               40.000     1.00
mamba  1002 final     randk   out     26  0.500     0.996    0.014    1.000         0.000         18.529        rulex               40.000     1.00
mamba  1002 final     randk   out     26  0.750     0.997    0.012    1.000         0.000         17.720        rulex               40.000     1.00
mamba  1002 final     randk   out     26  1.000     0.997    0.012    1.000         0.000         16.912        rulex               40.000     1.00
mamba  1002 final     randk   out     26  0.000     0.995    0.018    1.000         0.000         20.146        rulex               40.000     1.00
mamba  1002 final     randk   out     26  0.250     0.995    0.015    1.000         0.000         19.338        rulex               40.000     1.00
mamba  1002 final     randk   out     26  0.500     0.996    0.014    1.000         0.000         18.529        rulex               40.000     1.00
mamba  1002 final     randk   out     26  0.750     0.997    0.012    1.000         0.000         17.720        rulex               40.000     1.00
mamba  1002 final     randk   out     26  1.000     0.997    0.012    1.000         0.000         16.912        rulex               40.000     1.00
mamba  1002 final     randk  both     17  0.000     0.995    0.018    1.000         0.000         20.146        rulex               40.000     1.00
mamba  1002 final     randk  both     17  0.250     0.996    0.014    1.000         0.000         18.916        rulex               40.000     1.00
mamba  1002 final     randk  both     17  0.500     0.997    0.011    0.998         0.002         17.538        rulex               40.000     1.00
mamba  1002 final     randk  both     17  0.750     0.998    0.008    0.998         0.002         15.970        rulex               40.000     1.00
mamba  1002 final     randk  both     17  1.000     0.998    0.007    0.984         0.011         14.202        rulex               40.000     0.98
mamba  1002 final     randk  both     17  0.000     0.995    0.018    1.000         0.000         20.146        rulex               40.000     1.00
mamba  1002 final     randk  both     17  0.250     0.996    0.014    1.000         0.000         18.916        rulex               40.000     1.00
mamba  1002 final     randk  both     17  0.500     0.997    0.011    0.998         0.002         17.538        rulex               40.000     1.00
mamba  1002 final     randk  both     17  0.750     0.998    0.008    0.998         0.002         15.970        rulex               40.000     1.00
mamba  1002 final     randk  both     17  1.000     0.998    0.007    0.984         0.011         14.202        rulex               40.000     0.98
mamba  1002 final     randk  both     17  0.000     0.995    0.018    1.000         0.000         20.146        rulex               40.000     1.00
mamba  1002 final     randk  both     17  0.250     0.996    0.014    1.000         0.000         18.916        rulex               40.000     1.00
mamba  1002 final     randk  both     17  0.500     0.997    0.011    0.998         0.002         17.538        rulex               40.000     1.00
mamba  1002 final     randk  both     17  0.750     0.998    0.008    0.998         0.002         15.970        rulex               40.000     1.00
mamba  1002 final     randk  both     17  1.000     0.998    0.007    0.984         0.011         14.202        rulex               40.000     0.98
mamba  1002 final  residual    in     17  0.000     0.995    0.018    1.000         0.000         20.146        rulex               40.000     1.00
mamba  1002 final  residual    in     17  0.250     0.996    0.015    1.000         0.000         19.440        rulex               40.000     1.00
mamba  1002 final  residual    in     17  0.500     0.996    0.013    0.998         0.002         18.585        rulex               40.000     1.00
mamba  1002 final  residual    in     17  0.750     0.997    0.011    0.998         0.002         17.532        rulex               40.000     1.00
mamba  1002 final  residual    in     17  1.000     0.997    0.010    0.993         0.004         16.264        rulex               40.000     0.98
mamba  1002 final  residual   out     26  0.000     0.995    0.018    1.000         0.000         20.146        rulex               40.000     1.00
mamba  1002 final  residual   out     26  0.250     0.995    0.015    1.000         0.000         19.338        rulex               40.000     1.00
mamba  1002 final  residual   out     26  0.500     0.996    0.014    1.000         0.000         18.529        rulex               40.000     1.00
mamba  1002 final  residual   out     26  0.750     0.997    0.012    1.000         0.000         17.720        rulex               40.000     1.00
mamba  1002 final  residual   out     26  1.000     0.997    0.012    1.000         0.000         16.912        rulex               40.000     1.00
mamba  1002 final  residual  both     17  0.000     0.995    0.018    1.000         0.000         20.146        rulex               40.000     1.00
mamba  1002 final  residual  both     17  0.250     0.996    0.014    1.000         0.000         18.916        rulex               40.000     1.00
mamba  1002 final  residual  both     17  0.500     0.997    0.011    0.998         0.002         17.538        rulex               40.000     1.00
mamba  1002 final  residual  both     17  0.750     0.998    0.008    0.998         0.002         15.970        rulex               40.000     1.00
mamba  1002 final  residual  both     17  1.000     0.998    0.007    0.984         0.011         14.202        rulex               40.000     0.98
mamba  1002 final   neurons units      0  0.000     0.995    0.018    1.000         0.000         20.146        rulex               40.000     1.00
mamba  1002 final   neurons units      1  0.001     0.995    0.018    1.000         0.000         20.092        rulex               40.000     1.00
mamba  1002 final   neurons units      2  0.001     0.995    0.018    1.000         0.000         20.043        rulex               40.000     1.00
mamba  1002 final   neurons units      4  0.003     0.995    0.018    1.000         0.000         19.946        rulex               40.000     1.00
mamba  1002 final   neurons units      8  0.005     0.995    0.017    1.000         0.000         19.788        rulex               40.000     1.00
mamba  1002 final   neurons units     16  0.010     0.995    0.017    1.000         0.000         19.539        rulex               40.000     1.00
mamba  1002 final   neurons units     32  0.021     0.995    0.017    1.000         0.000         19.048        rulex               40.000     1.00
mamba  1002 final   neurons units     64  0.042     0.996    0.016    0.998         0.002         18.189        rulex               40.000     1.00
mamba  1002 final   neurons units    128  0.083     0.997    0.014    0.996         0.004         16.495        rulex               40.000     0.98
mamba  1002 final   neurons units    256  0.167     0.997    0.012    0.966         0.016         13.670        rulex               40.000     0.98
mamba  1002 final   neurons units    512  0.333     0.995    0.019    0.809         0.124          8.301        rulex               40.000     0.86
mamba  1002 final randunits units      0  0.000     0.995    0.018    1.000         0.000         20.146        rulex               40.000     1.00
mamba  1002 final randunits units      1  0.001     0.995    0.018    1.000         0.000         20.119        rulex               40.000     1.00
mamba  1002 final randunits units      2  0.001     0.995    0.018    1.000         0.000         20.121        rulex               40.000     1.00
mamba  1002 final randunits units      4  0.003     0.995    0.018    1.000         0.000         20.114        rulex               40.000     1.00
mamba  1002 final randunits units      8  0.005     0.995    0.019    1.000         0.000         20.253        rulex               40.000     1.00
mamba  1002 final randunits units     16  0.010     0.995    0.017    1.000         0.000         19.989        rulex               40.000     1.00
mamba  1002 final randunits units     32  0.021     0.994    0.020    1.000         0.000         20.055        rulex               40.000     1.00
mamba  1002 final randunits units     64  0.042     0.994    0.021    1.000         0.000         20.007        rulex               40.000     1.00
mamba  1002 final randunits units    128  0.083     0.993    0.025    1.000         0.000         19.530        rulex               40.000     1.00
mamba  1002 final randunits units    256  0.167     0.990    0.039    0.993         0.002         19.392        rulex               40.000     1.00
mamba  1002 final randunits units    512  0.333     0.973    0.088    0.980         0.007         17.798        rulex               40.000     0.98
mamba  1002 final randunits units      0  0.000     0.995    0.018    1.000         0.000         20.146        rulex               40.000     1.00
mamba  1002 final randunits units      1  0.001     0.995    0.018    1.000         0.000         20.123        rulex               40.000     1.00
mamba  1002 final randunits units      2  0.001     0.995    0.018    1.000         0.000         20.125        rulex               40.000     1.00
mamba  1002 final randunits units      4  0.003     0.995    0.018    1.000         0.000         20.092        rulex               40.000     1.00
mamba  1002 final randunits units      8  0.005     0.994    0.018    1.000         0.000         20.164        rulex               40.000     1.00
mamba  1002 final randunits units     16  0.010     0.995    0.018    1.000         0.000         20.016        rulex               40.000     1.00
mamba  1002 final randunits units     32  0.021     0.995    0.018    1.000         0.000         19.875        rulex               40.000     1.00
mamba  1002 final randunits units     64  0.042     0.994    0.021    1.000         0.000         20.034        rulex               40.000     1.00
mamba  1002 final randunits units    128  0.083     0.993    0.023    1.000         0.000         19.588        rulex               40.000     1.00
mamba  1002 final randunits units    256  0.167     0.992    0.030    0.996         0.004         19.092        rulex               40.000     1.00
mamba  1002 final randunits units    512  0.333     0.981    0.062    0.991         0.000         17.384        rulex               40.000     1.00
mamba  1002 final randunits units      0  0.000     0.995    0.018    1.000         0.000         20.146        rulex               40.000     1.00
mamba  1002 final randunits units      1  0.001     0.995    0.018    1.000         0.000         20.153        rulex               40.000     1.00
mamba  1002 final randunits units      2  0.001     0.995    0.018    1.000         0.000         20.130        rulex               40.000     1.00
mamba  1002 final randunits units      4  0.003     0.995    0.018    1.000         0.000         20.126        rulex               40.000     1.00
mamba  1002 final randunits units      8  0.005     0.995    0.018    1.000         0.000         20.133        rulex               40.000     1.00
mamba  1002 final randunits units     16  0.010     0.995    0.018    1.000         0.000         20.028        rulex               40.000     1.00
mamba  1002 final randunits units     32  0.021     0.994    0.021    1.000         0.000         20.129        rulex               40.000     1.00
mamba  1002 final randunits units     64  0.042     0.994    0.021    1.000         0.000         19.977        rulex               40.000     1.00
mamba  1002 final randunits units    128  0.083     0.993    0.025    1.000         0.000         19.681        rulex               40.000     1.00
mamba  1002 final randunits units    256  0.167     0.990    0.036    1.000         0.000         19.415        rulex               40.000     1.00
mamba  1002 final randunits units    512  0.333     0.976    0.078    0.995         0.000         17.358        rulex               40.000     1.00
mamba  1000 final      none     -      0  0.000     0.995    0.018    0.995         0.004         13.357        rulex               40.000     1.00
mamba  1000 final   lowpass    in      0  0.000     0.007   14.108    0.007         0.005          0.407      uniform                0.200     1.00
mamba  1000 final   lowpass    in      1  1.000     0.006   14.430    0.002         0.000          0.421   gcm_linear                1.459     1.00
mamba  1000 final   lowpass    in      2  2.000     0.006   14.395    0.005         0.005          1.159  gcm_hamming                0.200     0.50
mamba  1000 final   lowpass    in      3  3.000     0.035    5.460    0.014         0.040         -3.761         rule                0.938     0.18
mamba  1000 final   lowpass    in      4  4.000     0.036    5.478    0.018         0.041         -3.617         rule                1.170     0.22
mamba  1000 final   lowpass    in      6  6.000     0.035    5.596    0.022         0.047         -3.059         rule                1.170     0.24
mamba  1000 final   lowpass    in      8  8.000     0.035    5.747    0.027         0.038         -2.500         rule                0.752     0.38
mamba  1000 final   lowpass    in     12 12.000     0.035    6.133    0.052         0.027         -0.812        rulex                0.938     0.72
mamba  1000 final   lowpass    in     16 16.000     0.030    6.544    0.070         0.025          1.178        rulex                0.752     0.82
mamba  1000 final   lowpass    in     24 24.000     0.102    4.061    0.083         0.013         -2.366        rulex                0.311     0.92
mamba  1000 final   lowpass    in     32 32.000     0.289    2.530    0.090         0.036         -2.219        rulex                1.170     0.72
mamba  1000 final   lowpass    in     48 48.000     0.780    0.604    0.366         0.105          1.982        rulex                8.530     0.78
mamba  1000 final   lowpass    in     74 74.000     0.995    0.018    0.995         0.004         13.357        rulex               40.000     1.00
mamba  1000 final   lowpass   out      0  0.000     0.007    5.004    0.007         0.009          0.000      uniform                0.200     0.00
mamba  1000 final   lowpass   out      1  1.000     0.005    5.014    0.013         0.011          0.036      uniform                0.200     1.00
mamba  1000 final   lowpass   out      2  2.000     0.007    5.020    0.009         0.002          0.090  gcm_hamming                0.200     1.00
mamba  1000 final   lowpass   out      3  3.000     0.020    4.663    0.041         0.011          0.678        rulex                0.200     1.00
mamba  1000 final   lowpass   out      4  4.000     0.021    4.671    0.022         0.005          0.723        rulex                0.200     1.00
mamba  1000 final   lowpass   out      6  6.000     0.016    4.685    0.043         0.005          0.843        rulex                0.603     1.00
mamba  1000 final   lowpass   out      8  8.000     0.019    4.702    0.041         0.004          0.961        rulex                0.249     1.00
mamba  1000 final   lowpass   out     12 12.000     0.019    4.739    0.076         0.004          1.223        rulex                0.311     1.00
mamba  1000 final   lowpass   out     16 16.000     0.017    4.779    0.106         0.000          1.417        rulex                0.200     1.00
mamba  1000 final   lowpass   out     24 24.000     0.069    3.758    0.250         0.002          2.670        rulex                0.200     1.00
mamba  1000 final   lowpass   out     32 32.000     0.243    2.567    0.407         0.009          3.766        rulex                1.170     1.00
mamba  1000 final   lowpass   out     48 48.000     0.798    0.655    0.894         0.009          7.610        rulex               10.637     0.98
mamba  1000 final   lowpass   out     74 74.000     0.995    0.018    0.995         0.004         13.357        rulex               40.000     1.00
mamba  1000 final   lowpass  both      0  0.000     0.007    5.004    0.007         0.009          0.000      uniform                0.200     0.00
mamba  1000 final   lowpass  both      1  1.000     0.017    4.948    0.002         0.027         -0.062   gcm_linear                3.527     0.00
mamba  1000 final   lowpass  both      2  2.000     0.010    4.973    0.007         0.009         -0.051   gcm_linear                1.819     0.00
mamba  1000 final   lowpass  both      3  3.000     0.074    3.453    0.004         0.081         -4.821         rule                0.200     0.00
mamba  1000 final   lowpass  both      4  4.000     0.079    3.461    0.007         0.086         -4.808         rule                0.200     0.00
mamba  1000 final   lowpass  both      6  6.000     0.079    3.472    0.005         0.083         -4.751         rule                0.603     0.00
mamba  1000 final   lowpass  both      8  8.000     0.076    3.491    0.005         0.081         -4.674         rule                0.603     0.00
mamba  1000 final   lowpass  both     12 12.000     0.048    3.569    0.005         0.049         -4.451         rule                0.938     0.00
mamba  1000 final   lowpass  both     16 16.000     0.050    3.652    0.013         0.056         -4.153         rule                0.752     0.10
mamba  1000 final   lowpass  both     24 24.000     0.230    2.411    0.009         0.204         -7.662         rule                0.200     0.02
mamba  1000 final   lowpass  both     32 32.000     0.634    1.314    0.007         0.483         -8.947         rule                4.398     0.02
mamba  1000 final   lowpass  both     48 48.000     0.951    0.217    0.068         0.625         -5.228        rulex               20.627     0.10
mamba  1000 final   lowpass  both     74 74.000     0.995    0.018    0.995         0.004         13.357        rulex               40.000     1.00
mamba  1000 final      etop    in      0  0.000     0.995    0.018    0.995         0.004         13.357        rulex               40.000     1.00
mamba  1000 final      etop    in      1  0.050     0.980    0.068    0.991         0.005         13.205        rulex               40.000     0.98
mamba  1000 final      etop    in      2  0.100     0.940    0.194    0.968         0.009         13.136        rulex               25.722     0.98
mamba  1000 final      etop    in      4  0.200     0.677    0.946    0.912         0.000         13.726        rulex                5.485     1.00
mamba  1000 final      etop    in      6  0.300     0.384    2.230    0.813         0.002         14.573        rulex                3.527     1.00
mamba  1000 final      etop    in      8  0.400     0.129    4.841    0.834         0.000         18.463        rulex                1.819     1.00
mamba  1000 final      etop    in     10  0.500     0.027    9.141    0.820         0.000         22.758  gcm_hamming                0.388     1.00
mamba  1000 final      etop    in     17  0.600     0.004   15.320    0.811         0.000         26.398  gcm_hamming                0.603     1.00
mamba  1000 final      etop    in     30  0.700     0.005   15.046    0.627         0.000         23.127  gcm_hamming                0.388     1.00
mamba  1000 final      etop    in     44  0.800     0.007   14.791    0.366         0.000         18.003  gcm_hamming                0.311     1.00
mamba  1000 final      etop    in     59  0.900     0.006   14.527    0.105         0.000          9.635  gcm_hamming                0.200     1.00
mamba  1000 final      etop    in     66  0.950     0.006   14.411    0.031         0.005          4.603  gcm_hamming                0.200     1.00
mamba  1000 final      etop    in     74  1.000     0.007   14.108    0.007         0.005          0.407      uniform                0.200     1.00
mamba  1000 final      etop   out      0  0.000     0.995    0.018    0.995         0.004         13.357        rulex               40.000     1.00
mamba  1000 final      etop   out      1  0.050     0.982    0.069    0.993         0.002         12.741        rulex               40.000     1.00
mamba  1000 final      etop   out      1  0.100     0.982    0.069    0.993         0.002         12.741        rulex               40.000     1.00
mamba  1000 final      etop   out      3  0.200     0.928    0.297    0.975         0.004         10.432        rulex               20.627     1.00
mamba  1000 final      etop   out      4  0.300     0.844    0.625    0.968         0.004          9.509        rulex               13.264     1.00
mamba  1000 final      etop   out      5  0.400     0.644    1.233    0.924         0.005          8.438        rulex                6.840     1.00
mamba  1000 final      etop   out      6  0.500     0.463    1.878    0.838         0.011          7.384        rulex                4.398     1.00
mamba  1000 final      etop   out      7  0.600     0.234    2.766    0.764         0.007          6.632        rulex                1.459     1.00
mamba  1000 final      etop   out      8  0.700     0.076    3.746    0.634         0.007          5.695        rulex                0.603     1.00
mamba  1000 final      etop   out     10  0.800     0.007    4.962    0.398         0.002          4.348  gcm_hamming                0.249     1.00
mamba  1000 final      etop   out     23  0.900     0.003    5.438    0.180         0.002          2.515  gcm_hamming                0.200     1.00
mamba  1000 final      etop   out     46  0.950     0.005    5.227    0.085         0.002          1.259      uniform                0.200     1.00
mamba  1000 final      etop   out     74  1.000     0.007    5.004    0.007         0.009          0.000      uniform                0.200     0.00
mamba  1000 final      etop  both      0  0.000     0.995    0.018    0.995         0.004         13.357        rulex               40.000     1.00
mamba  1000 final      etop  both      1  0.050     0.991    0.037    0.971         0.013         10.368        rulex               40.000     0.98
mamba  1000 final      etop  both      2  0.100     0.964    0.127    0.939         0.018         10.376        rulex               40.000     0.98
mamba  1000 final      etop  both      4  0.200     0.709    0.882    0.771         0.009          8.306        rulex                6.840     0.98
mamba  1000 final      etop  both      6  0.300     0.558    1.340    0.530         0.016          5.224        rulex                5.485     0.98
mamba  1000 final      etop  both      8  0.400     0.218    3.080    0.436         0.007          6.295        rulex                2.268     1.00
mamba  1000 final      etop  both     10  0.500     0.046    5.776    0.351         0.000          7.574        rulex                0.484     1.00
mamba  1000 final      etop  both     17  0.600     0.007    8.412    0.314         0.000          7.910  gcm_hamming                0.484     1.00
mamba  1000 final      etop  both     30  0.700     0.008    7.474    0.135         0.005          4.934  gcm_hamming                0.484     1.00
mamba  1000 final      etop  both     44  0.800     0.007    6.369    0.049         0.004          2.096   gcm_linear                0.200     1.00
mamba  1000 final      etop  both     59  0.900     0.009    5.418    0.018         0.005          0.340      uniform                0.249     1.00
mamba  1000 final      etop  both     66  0.950     0.008    5.164    0.007         0.005         -0.007      uniform                0.200     1.00
mamba  1000 final      etop  both     74  1.000     0.007    5.004    0.007         0.009          0.000      uniform                0.200     0.00
mamba  1000 final   ebottom    in      0  0.000     0.995    0.018    0.995         0.004         13.357        rulex               40.000     1.00
mamba  1000 final   ebottom    in      9  0.050     0.997    0.012    0.980         0.016         10.837        rulex               40.000     0.98
mamba  1000 final   ebottom    in     16  0.100     0.998    0.008    0.935         0.054          8.388        rulex               40.000     0.94
mamba  1000 final   ebottom    in     31  0.200     0.999    0.004    0.593         0.384          2.028        rulex               40.000     0.60
mamba  1000 final   ebottom    in     45  0.300     0.999    0.002    0.200         0.782         -4.666        rulex               40.000     0.20
mamba  1000 final   ebottom    in     58  0.400     1.000    0.001    0.047         0.953        -10.948        rulex               40.000     0.04
mamba  1000 final   ebottom    in     65  0.500     1.000    0.001    0.011         0.986        -14.269        rulex               40.000     0.02
mamba  1000 final   ebottom    in     67  0.600     1.000    0.008    0.004         0.980        -14.298         rule               40.000     0.02
mamba  1000 final   ebottom    in     69  0.700     0.876    0.363    0.004         0.739        -13.409         rule               20.627     0.00
mamba  1000 final   ebottom    in     71  0.800     0.473    1.456    0.007         0.386        -11.521         rule                8.530     0.02
mamba  1000 final   ebottom    in     73  0.900     0.046    4.365    0.009         0.038         -7.518         rule                0.200     0.08
mamba  1000 final   ebottom    in     74  0.950     0.007   14.108    0.007         0.005          0.407      uniform                0.200     1.00
mamba  1000 final   ebottom    in     74  1.000     0.007   14.108    0.007         0.005          0.407      uniform                0.200     1.00
mamba  1000 final   ebottom   out      0  0.000     0.995    0.018    0.995         0.004         13.357        rulex               40.000     1.00
mamba  1000 final   ebottom   out     29  0.050     0.997    0.013    0.993         0.005         12.042        rulex               40.000     0.98
mamba  1000 final   ebottom   out     52  0.100     0.997    0.010    0.986         0.013         10.762        rulex               40.000     0.98
mamba  1000 final   ebottom   out     65  0.200     0.996    0.016    0.939         0.043          8.422        rulex               40.000     0.96
mamba  1000 final   ebottom   out     67  0.300     0.975    0.122    0.836         0.045          6.725        rulex               40.000     0.94
mamba  1000 final   ebottom   out     68  0.400     0.926    0.361    0.726         0.041          5.974        rulex               25.722     0.94
mamba  1000 final   ebottom   out     69  0.500     0.884    0.543    0.589         0.041          4.920        rulex               16.541     0.94
mamba  1000 final   ebottom   out     70  0.600     0.809    0.893    0.450         0.058          3.848        rulex               13.264     0.88
mamba  1000 final   ebottom   out     71  0.700     0.545    1.743    0.220         0.038          2.925        rulex                5.485     0.86
mamba  1000 final   ebottom   out     72  0.800     0.149    2.773    0.058         0.022          1.769        rulex                0.938     0.74
mamba  1000 final   ebottom   out     74  0.900     0.007    5.004    0.007         0.009          0.000      uniform                0.200     0.00
mamba  1000 final   ebottom   out     74  0.950     0.007    5.004    0.007         0.009          0.000      uniform                0.200     0.00
mamba  1000 final   ebottom   out     74  1.000     0.007    5.004    0.007         0.009          0.000      uniform                0.200     0.00
mamba  1000 final   ebottom  both      0  0.000     0.995    0.018    0.995         0.004         13.357        rulex               40.000     1.00
mamba  1000 final   ebottom  both      9  0.050     0.998    0.009    0.971         0.023          9.527        rulex               40.000     0.98
mamba  1000 final   ebottom  both     16  0.100     0.999    0.005    0.858         0.126          5.854        rulex               40.000     0.88
mamba  1000 final   ebottom  both     31  0.200     1.000    0.003    0.290         0.636         -1.664        rulex               40.000     0.32
mamba  1000 final   ebottom  both     45  0.300     0.997    0.044    0.056         0.856         -6.313        rulex               40.000     0.06
mamba  1000 final   ebottom  both     58  0.400     0.986    0.205    0.009         0.892         -9.363        rulex               40.000     0.02
mamba  1000 final   ebottom  both     65  0.500     0.989    0.252    0.002         0.969        -10.961         rule               40.000     0.00
mamba  1000 final   ebottom  both     67  0.600     0.990    0.376    0.002         0.968        -10.995         rule               40.000     0.00
mamba  1000 final   ebottom  both     69  0.700     0.919    0.956    0.002         0.906        -10.195         rule               20.627     0.00
mamba  1000 final   ebottom  both     71  0.800     0.352    2.125    0.009         0.350         -9.962         rule                5.485     0.02
mamba  1000 final   ebottom  both     73  0.900     0.007    5.004    0.007         0.009          0.000      uniform                0.200     0.00
mamba  1000 final   ebottom  both     74  0.950     0.007    5.004    0.007         0.009          0.000      uniform                0.200     0.00
mamba  1000 final   ebottom  both     74  1.000     0.007    5.004    0.007         0.009          0.000      uniform                0.200     0.00
mamba  1000 final     erand    in      0  0.000     0.995    0.018    0.995         0.004         13.357        rulex               40.000     1.00
mamba  1000 final     erand    in      1  0.050     0.989    0.040    0.991         0.005         13.130        rulex               40.000     0.98
mamba  1000 final     erand    in      5  0.100     0.972    0.098    0.959         0.016         11.270        rulex               40.000     0.98
mamba  1000 final     erand    in      8  0.200     0.900    0.303    0.897         0.011         10.550        rulex               32.076     0.98
mamba  1000 final     erand    in     12  0.300     0.761    0.748    0.748         0.027          9.767        rulex                8.530     0.96
mamba  1000 final     erand    in     20  0.400     0.558    1.409    0.476         0.018          6.439        rulex                5.485     0.96
mamba  1000 final     erand    in     28  0.500     0.404    2.033    0.314         0.027          3.665        rulex                2.828     0.92
mamba  1000 final     erand    in     37  0.600     0.266    2.529    0.157         0.040         -0.692        rulex                0.200     0.80
mamba  1000 final     erand    in     47  0.700     0.077    4.243    0.076         0.018         -2.316        rulex                0.200     0.86
mamba  1000 final     erand    in     59  0.800     0.080    3.991    0.040         0.040         -6.203        rulex                0.200     0.50
mamba  1000 final     erand    in     66  0.900     0.005   14.533    0.056         0.002          6.754  gcm_hamming                0.200     1.00
mamba  1000 final     erand    in     68  0.950     0.005   14.495    0.049         0.004          5.826  gcm_hamming                0.200     1.00
mamba  1000 final     erand    in     74  1.000     0.007   14.108    0.007         0.005          0.407      uniform                0.200     1.00
mamba  1000 final     erand    in      0  0.000     0.995    0.018    0.995         0.004         13.357        rulex               40.000     1.00
mamba  1000 final     erand    in      7  0.050     0.997    0.012    0.978         0.018         10.486        rulex               40.000     0.98
mamba  1000 final     erand    in     14  0.100     0.998    0.008    0.926         0.063          7.746        rulex               40.000     0.94
mamba  1000 final     erand    in     24  0.200     0.995    0.026    0.631         0.297          2.933        rulex               40.000     0.68
mamba  1000 final     erand    in     29  0.300     0.987    0.051    0.407         0.409          0.467        rulex               40.000     0.50
mamba  1000 final     erand    in     38  0.400     0.990    0.046    0.205         0.604         -3.737        rulex               40.000     0.26
mamba  1000 final     erand    in     47  0.500     0.981    0.088    0.083         0.703         -7.334        rulex               32.076     0.10
mamba  1000 final     erand    in     52  0.600     0.943    0.221    0.045         0.692         -8.796        rulex               20.627     0.06
mamba  1000 final     erand    in     57  0.700     0.458    1.619    0.032         0.259         -8.232        rulex                0.200     0.10
mamba  1000 final     erand    in     61  0.800     0.167    3.132    0.025         0.092         -7.310        rulex                1.459     0.20
mamba  1000 final     erand    in     71  0.900     0.043    4.839    0.018         0.034         -6.204         rule                0.200     0.28
mamba  1000 final     erand    in     72  0.950     0.010   14.229    0.009         0.004          0.941 gcm_circular                0.200     1.00
mamba  1000 final     erand    in     74  1.000     0.007   14.108    0.007         0.005          0.407      uniform                0.200     1.00
mamba  1000 final     erand    in      0  0.000     0.995    0.018    0.995         0.004         13.357        rulex               40.000     1.00
mamba  1000 final     erand    in      6  0.050     0.996    0.016    0.977         0.020         10.741        rulex               40.000     0.98
mamba  1000 final     erand    in      9  0.100     0.994    0.023    0.948         0.032          9.172        rulex               40.000     0.96
mamba  1000 final     erand    in     13  0.200     0.988    0.052    0.858         0.070          7.689        rulex               40.000     0.92
mamba  1000 final     erand    in     22  0.300     0.986    0.063    0.550         0.216          2.650        rulex               40.000     0.72
mamba  1000 final     erand    in     30  0.400     0.872    0.361    0.245         0.234         -0.897        rulex               10.637     0.52
mamba  1000 final     erand    in     33  0.500     0.641    1.048    0.182         0.123         -1.520        rulex               10.637     0.60
mamba  1000 final     erand    in     38  0.600     0.474    1.619    0.135         0.074         -2.696        rulex                8.530     0.64
mamba  1000 final     erand    in     46  0.700     0.171    3.005    0.083         0.041         -4.263        rulex                5.485     0.68
mamba  1000 final     erand    in     53  0.800     0.040    4.848    0.054         0.014         -2.714        rulex                0.200     0.90
mamba  1000 final     erand    in     67  0.900     0.047    4.479    0.018         0.034         -6.166         rule                0.200     0.28
mamba  1000 final     erand    in     74  0.950     0.007   14.108    0.007         0.005          0.407      uniform                0.200     1.00
mamba  1000 final     erand    in     74  1.000     0.007   14.108    0.007         0.005          0.407      uniform                0.200     1.00
mamba  1000 final     erand   out      0  0.000     0.995    0.018    0.995         0.004         13.357        rulex               40.000     1.00
mamba  1000 final     erand   out      1  0.050     0.990    0.040    0.991         0.005         12.606        rulex               40.000     0.98
mamba  1000 final     erand   out      2  0.100     0.988    0.049    0.989         0.005         12.104        rulex               40.000     0.98
mamba  1000 final     erand   out      8  0.200     0.918    0.316    0.957         0.007          9.846        rulex               32.076     0.98
mamba  1000 final     erand   out     11  0.300     0.918    0.313    0.957         0.007          9.713        rulex               32.076     0.98
mamba  1000 final     erand   out     12  0.400     0.758    0.854    0.946         0.004          9.096        rulex               10.637     1.00
mamba  1000 final     erand   out     19  0.500     0.544    1.497    0.856         0.000          7.701        rulex                5.485     1.00
mamba  1000 final     erand   out     28  0.600     0.348    2.207    0.723         0.007          5.819        rulex                2.828     1.00
mamba  1000 final     erand   out     44  0.700     0.240    2.457    0.427         0.007          4.244        rulex                0.200     1.00
mamba  1000 final     erand   out     51  0.800     0.057    3.503    0.276         0.005          3.077        rulex                0.200     1.00
mamba  1000 final     erand   out     66  0.900     0.005    5.081    0.040         0.002          0.437      uniform                0.200     1.00
mamba  1000 final     erand   out     66  0.950     0.005    5.081    0.040         0.002          0.437      uniform                0.200     1.00
mamba  1000 final     erand   out     74  1.000     0.007    5.004    0.007         0.009          0.000      uniform                0.200     0.00
mamba  1000 final     erand   out      0  0.000     0.995    0.018    0.995         0.004         13.357        rulex               40.000     1.00
mamba  1000 final     erand   out     19  0.050     0.996    0.019    0.989         0.009         11.801        rulex               40.000     0.98
mamba  1000 final     erand   out     24  0.100     0.989    0.049    0.977         0.009         10.463        rulex               40.000     0.98
mamba  1000 final     erand   out     29  0.200     0.977    0.103    0.964         0.007          9.234        rulex               40.000     0.98
mamba  1000 final     erand   out     35  0.300     0.975    0.116    0.926         0.013          8.498        rulex               40.000     0.98
mamba  1000 final     erand   out     48  0.400     0.959    0.210    0.841         0.016          7.039        rulex               32.076     0.98
mamba  1000 final     erand   out     52  0.500     0.901    0.499    0.663         0.038          5.213        rulex               16.541     0.94
mamba  1000 final     erand   out     56  0.600     0.774    1.039    0.514         0.032          4.282        rulex                8.530     0.94
mamba  1000 final     erand   out     57  0.700     0.403    2.080    0.382         0.020          3.665        rulex                1.459     0.96
mamba  1000 final     erand   out     61  0.800     0.137    3.070    0.211         0.011          2.481        rulex                1.170     0.98
mamba  1000 final     erand   out     71  0.900     0.034    4.070    0.031         0.005          1.066        rulex                0.200     0.98
mamba  1000 final     erand   out     72  0.950     0.008    5.021    0.020         0.000          0.128      uniform                0.200     1.00
mamba  1000 final     erand   out     74  1.000     0.007    5.004    0.007         0.009          0.000      uniform                0.200     0.00
mamba  1000 final     erand   out      0  0.000     0.995    0.018    0.995         0.004         13.357        rulex               40.000     1.00
mamba  1000 final     erand   out      6  0.050     0.995    0.020    0.991         0.007         12.476        rulex               40.000     0.98
mamba  1000 final     erand   out      9  0.100     0.990    0.039    0.989         0.007         11.301        rulex               40.000     0.98
mamba  1000 final     erand   out     12  0.200     0.977    0.094    0.969         0.007         10.288        rulex               40.000     0.98
mamba  1000 final     erand   out     22  0.300     0.968    0.136    0.928         0.018          8.923        rulex               40.000     0.98
mamba  1000 final     erand   out     30  0.400     0.899    0.414    0.825         0.007          7.374        rulex               16.541     0.98
mamba  1000 final     erand   out     33  0.500     0.628    1.262    0.665         0.011          5.638        rulex                8.530     0.98
mamba  1000 final     erand   out     35  0.600     0.403    2.004    0.528         0.005          4.654        rulex                5.485     1.00
mamba  1000 final     erand   out     39  0.700     0.128    3.024    0.292         0.005          3.336        rulex                4.398     1.00
mamba  1000 final     erand   out     53  0.800     0.035    4.156    0.128         0.002          2.098        rulex                0.200     1.00
mamba  1000 final     erand   out     66  0.900     0.032    4.046    0.061         0.002          1.449        rulex                0.200     1.00
mamba  1000 final     erand   out     74  0.950     0.007    5.004    0.007         0.009          0.000      uniform                0.200     0.00
mamba  1000 final     erand   out     74  1.000     0.007    5.004    0.007         0.009          0.000      uniform                0.200     0.00
mamba  1000 final     erand  both      0  0.000     0.995    0.018    0.995         0.004         13.357        rulex               40.000     1.00
mamba  1000 final     erand  both      1  0.050     0.972    0.101    0.987         0.007         12.188        rulex               40.000     0.98
mamba  1000 final     erand  both      5  0.100     0.939    0.213    0.928         0.011         10.709        rulex               25.722     0.98
mamba  1000 final     erand  both      8  0.200     0.590    1.319    0.773         0.005          9.581        rulex               10.637     1.00
mamba  1000 final     erand  both     12  0.300     0.136    3.649    0.634         0.000         10.221        rulex                2.268     1.00
mamba  1000 final     erand  both     20  0.400     0.192    3.032    0.314         0.011          4.775        rulex                2.828     1.00
mamba  1000 final     erand  both     28  0.500     0.036    4.535    0.187         0.005          3.885        rulex                0.200     1.00
mamba  1000 final     erand  both     37  0.600     0.040    4.212    0.065         0.018         -0.036        rulex                0.200     0.90
mamba  1000 final     erand  both     47  0.700     0.049    3.816    0.023         0.027         -3.439         rule                0.200     0.46
mamba  1000 final     erand  both     59  0.800     0.052    3.555    0.016         0.052         -4.802         rule                0.200     0.18
mamba  1000 final     erand  both     66  0.900     0.009    5.538    0.013         0.004          0.282      uniform                0.200     1.00
mamba  1000 final     erand  both     68  0.950     0.007    5.439    0.007         0.002          0.171  gcm_hamming                0.200     1.00
mamba  1000 final     erand  both     74  1.000     0.007    5.004    0.007         0.009          0.000      uniform                0.200     0.00
mamba  1000 final     erand  both      0  0.000     0.995    0.018    0.995         0.004         13.357        rulex               40.000     1.00
mamba  1000 final     erand  both      7  0.050     0.994    0.027    0.962         0.025          9.440        rulex               40.000     0.98
mamba  1000 final     erand  both     14  0.100     0.984    0.077    0.886         0.050          7.016        rulex               40.000     0.94
mamba  1000 final     erand  both     24  0.200     0.919    0.294    0.614         0.151          3.940        rulex               16.541     0.80
mamba  1000 final     erand  both     29  0.300     0.384    2.111    0.458         0.034          4.192        rulex                3.527     0.94
mamba  1000 final     erand  both     38  0.400     0.263    2.549    0.276         0.032          2.107        rulex                3.527     0.92
mamba  1000 final     erand  both     47  0.500     0.110    3.217    0.121         0.025         -0.354        rulex                4.398     0.86
mamba  1000 final     erand  both     52  0.600     0.120    2.988    0.063         0.061         -2.336        rulex                4.398     0.50
mamba  1000 final     erand  both     57  0.700     0.005    5.413    0.036         0.000          1.013   gcm_linear                0.200     1.00
mamba  1000 final     erand  both     61  0.800     0.006    5.339    0.014         0.000          0.634   gcm_linear                0.200     1.00
mamba  1000 final     erand  both     71  0.900     0.006    5.205    0.011         0.002          0.213      uniform                0.200     1.00
mamba  1000 final     erand  both     72  0.950     0.005    5.048    0.013         0.004          0.023      uniform                0.200     1.00
mamba  1000 final     erand  both     74  1.000     0.007    5.004    0.007         0.009          0.000      uniform                0.200     0.00
mamba  1000 final     erand  both      0  0.000     0.995    0.018    0.995         0.004         13.357        rulex               40.000     1.00
mamba  1000 final     erand  both      6  0.050     0.990    0.041    0.950         0.029          9.251        rulex               40.000     0.96
mamba  1000 final     erand  both      9  0.100     0.985    0.066    0.888         0.047          8.085        rulex               40.000     0.94
mamba  1000 final     erand  both     13  0.200     0.911    0.330    0.759         0.045          6.623        rulex               16.541     0.94
mamba  1000 final     erand  both     22  0.300     0.692    0.983    0.351         0.076          2.656        rulex                8.530     0.82
mamba  1000 final     erand  both     30  0.400     0.133    3.211    0.173         0.020          1.808        rulex                2.268     0.94
mamba  1000 final     erand  both     33  0.500     0.175    2.783    0.090         0.029         -1.722        rulex                2.828     0.78
mamba  1000 final     erand  both     38  0.600     0.040    3.965    0.054         0.014         -1.613        rulex                0.200     0.90
mamba  1000 final     erand  both     46  0.700     0.004    5.535    0.072         0.002          2.024      uniform                1.459     1.00
mamba  1000 final     erand  both     53  0.800     0.005    5.282    0.023         0.005          0.864  gcm_hamming                0.200     1.00
mamba  1000 final     erand  both     67  0.900     0.004    5.164    0.004         0.002          0.165  gcm_hamming                0.200     1.00
mamba  1000 final     erand  both     74  0.950     0.005    5.010    0.005         0.004         -0.001  gcm_hamming                0.200     1.00
mamba  1000 final     erand  both     74  1.000     0.007    5.004    0.007         0.009          0.000      uniform                0.200     0.00
mamba  1000 final      topk    in     59  0.000     0.995    0.018    0.995         0.004         13.357        rulex               40.000     1.00
mamba  1000 final      topk    in     59  0.250     0.993    0.025    0.998         0.000         14.498        rulex               40.000     1.00
mamba  1000 final      topk    in     59  0.500     0.984    0.056    0.998         0.000         16.382        rulex               40.000     1.00
mamba  1000 final      topk    in     59  0.750     0.825    0.640    0.996         0.000         19.712        rulex               13.264     1.00
mamba  1000 final      topk    in     59  1.000     0.006   14.527    0.105         0.000          9.635  gcm_hamming                0.200     1.00
mamba  1000 final      topk   out     23  0.000     0.995    0.018    0.995         0.004         13.357        rulex               40.000     1.00
mamba  1000 final      topk   out     23  0.250     0.993    0.035    0.996         0.002         10.647        rulex               40.000     1.00
mamba  1000 final      topk   out     23  0.500     0.986    0.157    0.996         0.002          7.936        rulex               40.000     1.00
mamba  1000 final      topk   out     23  0.750     0.883    1.321    0.991         0.002          5.226        rulex               16.541     1.00
mamba  1000 final      topk   out     23  1.000     0.003    5.438    0.180         0.002          2.515  gcm_hamming                0.200     1.00
mamba  1000 final      topk  both     59  0.000     0.995    0.018    0.995         0.004         13.357        rulex               40.000     1.00
mamba  1000 final      topk  both     59  0.250     0.992    0.040    0.998         0.000         11.035        rulex               40.000     1.00
mamba  1000 final      topk  both     59  0.500     0.977    0.206    0.998         0.000          8.505        rulex               40.000     1.00
mamba  1000 final      topk  both     59  0.750     0.738    1.947    0.991         0.000          5.340        rulex                8.530     1.00
mamba  1000 final      topk  both     59  1.000     0.009    5.091    0.011         0.005          0.076      uniform                0.311     1.00
mamba  1000 final     randk    in     15  0.000     0.995    0.018    0.995         0.004         13.357        rulex               40.000     1.00
mamba  1000 final     randk    in     15  0.250     0.996    0.014    0.987         0.009         12.360        rulex               40.000     0.98
mamba  1000 final     randk    in     15  0.500     0.997    0.011    0.982         0.014         11.261        rulex               40.000     0.98
mamba  1000 final     randk    in     15  0.750     0.998    0.010    0.966         0.029         10.054        rulex               40.000     0.96
mamba  1000 final     randk    in     15  1.000     0.998    0.009    0.944         0.045          8.738        rulex               40.000     0.96
mamba  1000 final     randk    in     15  0.000     0.995    0.018    0.995         0.004         13.357        rulex               40.000     1.00
mamba  1000 final     randk    in     15  0.250     0.996    0.014    0.987         0.009         12.360        rulex               40.000     0.98
mamba  1000 final     randk    in     15  0.500     0.997    0.011    0.982         0.014         11.261        rulex               40.000     0.98
mamba  1000 final     randk    in     15  0.750     0.998    0.010    0.966         0.029         10.054        rulex               40.000     0.96
mamba  1000 final     randk    in     15  1.000     0.998    0.009    0.944         0.045          8.738        rulex               40.000     0.96
mamba  1000 final     randk    in     15  0.000     0.995    0.018    0.995         0.004         13.357        rulex               40.000     1.00
mamba  1000 final     randk    in     15  0.250     0.996    0.014    0.987         0.009         12.360        rulex               40.000     0.98
mamba  1000 final     randk    in     15  0.500     0.997    0.011    0.982         0.014         11.261        rulex               40.000     0.98
mamba  1000 final     randk    in     15  0.750     0.998    0.010    0.966         0.029         10.054        rulex               40.000     0.96
mamba  1000 final     randk    in     15  1.000     0.998    0.009    0.944         0.045          8.738        rulex               40.000     0.96
mamba  1000 final     randk   out     23  0.000     0.995    0.018    0.995         0.004         13.357        rulex               40.000     1.00
mamba  1000 final     randk   out     23  0.250     0.996    0.016    0.995         0.004         13.085        rulex               40.000     1.00
mamba  1000 final     randk   out     23  0.500     0.996    0.015    0.995         0.004         12.813        rulex               40.000     1.00
mamba  1000 final     randk   out     23  0.750     0.996    0.014    0.993         0.005         12.541        rulex               40.000     0.98
mamba  1000 final     randk   out     23  1.000     0.997    0.014    0.995         0.004         12.268        rulex               40.000     0.98
mamba  1000 final     randk   out     23  0.000     0.995    0.018    0.995         0.004         13.357        rulex               40.000     1.00
mamba  1000 final     randk   out     23  0.250     0.995    0.016    0.995         0.004         13.078        rulex               40.000     1.00
mamba  1000 final     randk   out     23  0.500     0.996    0.015    0.993         0.005         12.798        rulex               40.000     0.98
mamba  1000 final     randk   out     23  0.750     0.996    0.014    0.993         0.005         12.519        rulex               40.000     0.98
mamba  1000 final     randk   out     23  1.000     0.997    0.014    0.993         0.005         12.240        rulex               40.000     0.98
mamba  1000 final     randk   out     23  0.000     0.995    0.018    0.995         0.004         13.357        rulex               40.000     1.00
mamba  1000 final     randk   out     23  0.250     0.996    0.016    0.995         0.004         13.076        rulex               40.000     1.00
mamba  1000 final     randk   out     23  0.500     0.996    0.015    0.995         0.004         12.795        rulex               40.000     1.00
mamba  1000 final     randk   out     23  0.750     0.996    0.014    0.993         0.005         12.514        rulex               40.000     0.98
mamba  1000 final     randk   out     23  1.000     0.996    0.014    0.991         0.007         12.233        rulex               40.000     0.98
mamba  1000 final     randk  both     15  0.000     0.995    0.018    0.995         0.004         13.357        rulex               40.000     1.00
mamba  1000 final     randk  both     15  0.250     0.996    0.013    0.987         0.009         12.197        rulex               40.000     0.98
mamba  1000 final     randk  both     15  0.500     0.998    0.010    0.978         0.018         10.934        rulex               40.000     0.98
mamba  1000 final     randk  both     15  0.750     0.998    0.008    0.968         0.027          9.566        rulex               40.000     0.98
mamba  1000 final     randk  both     15  1.000     0.998    0.007    0.941         0.047          8.092        rulex               40.000     0.96
mamba  1000 final     randk  both     15  0.000     0.995    0.018    0.995         0.004         13.357        rulex               40.000     1.00
mamba  1000 final     randk  both     15  0.250     0.996    0.013    0.987         0.009         12.197        rulex               40.000     0.98
mamba  1000 final     randk  both     15  0.500     0.998    0.010    0.978         0.018         10.934        rulex               40.000     0.98
mamba  1000 final     randk  both     15  0.750     0.998    0.008    0.968         0.027          9.566        rulex               40.000     0.98
mamba  1000 final     randk  both     15  1.000     0.998    0.007    0.941         0.047          8.092        rulex               40.000     0.96
mamba  1000 final     randk  both     15  0.000     0.995    0.018    0.995         0.004         13.357        rulex               40.000     1.00
mamba  1000 final     randk  both     15  0.250     0.996    0.013    0.987         0.009         12.197        rulex               40.000     0.98
mamba  1000 final     randk  both     15  0.500     0.998    0.010    0.978         0.018         10.934        rulex               40.000     0.98
mamba  1000 final     randk  both     15  0.750     0.998    0.008    0.968         0.027          9.566        rulex               40.000     0.98
mamba  1000 final     randk  both     15  1.000     0.998    0.007    0.941         0.047          8.092        rulex               40.000     0.96
mamba  1000 final  residual    in     15  0.000     0.995    0.018    0.995         0.004         13.357        rulex               40.000     1.00
mamba  1000 final  residual    in     15  0.250     0.996    0.014    0.987         0.009         12.360        rulex               40.000     0.98
mamba  1000 final  residual    in     15  0.500     0.997    0.011    0.982         0.014         11.261        rulex               40.000     0.98
mamba  1000 final  residual    in     15  0.750     0.998    0.010    0.966         0.029         10.054        rulex               40.000     0.96
mamba  1000 final  residual    in     15  1.000     0.998    0.009    0.944         0.045          8.738        rulex               40.000     0.96
mamba  1000 final  residual   out     51  0.000     0.995    0.018    0.995         0.004         13.357        rulex               40.000     1.00
mamba  1000 final  residual   out     51  0.250     0.996    0.015    0.995         0.004         12.728        rulex               40.000     1.00
mamba  1000 final  residual   out     51  0.500     0.996    0.012    0.991         0.007         12.100        rulex               40.000     0.98
mamba  1000 final  residual   out     51  0.750     0.997    0.011    0.993         0.005         11.471        rulex               40.000     0.98
mamba  1000 final  residual   out     51  1.000     0.997    0.011    0.986         0.013         10.842        rulex               40.000     0.98
mamba  1000 final  residual  both     15  0.000     0.995    0.018    0.995         0.004         13.357        rulex               40.000     1.00
mamba  1000 final  residual  both     15  0.250     0.996    0.013    0.987         0.009         12.197        rulex               40.000     0.98
mamba  1000 final  residual  both     15  0.500     0.998    0.010    0.978         0.018         10.934        rulex               40.000     0.98
mamba  1000 final  residual  both     15  0.750     0.998    0.008    0.968         0.027          9.566        rulex               40.000     0.98
mamba  1000 final  residual  both     15  1.000     0.998    0.007    0.941         0.047          8.092        rulex               40.000     0.96
mamba  1000 final   neurons units      0  0.000     0.995    0.018    0.995         0.004         13.357        rulex               40.000     1.00
mamba  1000 final   neurons units      1  0.001     0.995    0.017    0.995         0.004         13.318        rulex               40.000     1.00
mamba  1000 final   neurons units      2  0.001     0.995    0.017    0.995         0.004         13.293        rulex               40.000     1.00
mamba  1000 final   neurons units      4  0.003     0.995    0.017    0.995         0.004         13.232        rulex               40.000     1.00
mamba  1000 final   neurons units      8  0.005     0.995    0.017    0.995         0.004         13.145        rulex               40.000     1.00
mamba  1000 final   neurons units     16  0.010     0.995    0.017    0.995         0.004         13.061        rulex               40.000     1.00
mamba  1000 final   neurons units     32  0.021     0.995    0.017    0.991         0.007         12.776        rulex               40.000     0.98
mamba  1000 final   neurons units     64  0.042     0.995    0.017    0.989         0.009         12.441        rulex               40.000     0.98
mamba  1000 final   neurons units    128  0.083     0.996    0.018    0.987         0.009         11.748        rulex               40.000     0.98
mamba  1000 final   neurons units    256  0.167     0.994    0.026    0.953         0.031         10.398        rulex               40.000     0.96
mamba  1000 final   neurons units    512  0.333     0.983    0.062    0.859         0.059          7.727        rulex               40.000     0.94
mamba  1000 final randunits units      0  0.000     0.995    0.018    0.995         0.004         13.357        rulex               40.000     1.00
mamba  1000 final randunits units      1  0.001     0.995    0.018    0.995         0.004         13.355        rulex               40.000     1.00
mamba  1000 final randunits units      2  0.001     0.995    0.018    0.995         0.004         13.391        rulex               40.000     1.00
mamba  1000 final randunits units      4  0.003     0.995    0.018    0.995         0.004         13.384        rulex               40.000     1.00
mamba  1000 final randunits units      8  0.005     0.995    0.018    0.995         0.004         13.339        rulex               40.000     1.00
mamba  1000 final randunits units     16  0.010     0.995    0.018    0.993         0.005         13.337        rulex               40.000     0.98
mamba  1000 final randunits units     32  0.021     0.994    0.019    0.993         0.005         13.257        rulex               40.000     0.98
mamba  1000 final randunits units     64  0.042     0.994    0.020    0.989         0.007         13.120        rulex               40.000     0.98
mamba  1000 final randunits units    128  0.083     0.993    0.024    0.991         0.007         13.322        rulex               40.000     0.98
mamba  1000 final randunits units    256  0.167     0.990    0.033    0.991         0.007         13.045        rulex               40.000     0.98
mamba  1000 final randunits units    512  0.333     0.971    0.095    0.973         0.009         13.220        rulex               40.000     0.98
mamba  1000 final randunits units      0  0.000     0.995    0.018    0.995         0.004         13.357        rulex               40.000     1.00
mamba  1000 final randunits units      1  0.001     0.995    0.018    0.995         0.004         13.347        rulex               40.000     1.00
mamba  1000 final randunits units      2  0.001     0.995    0.017    0.995         0.004         13.353        rulex               40.000     1.00
mamba  1000 final randunits units      4  0.003     0.995    0.018    0.995         0.004         13.382        rulex               40.000     1.00
mamba  1000 final randunits units      8  0.005     0.995    0.018    0.995         0.004         13.423        rulex               40.000     1.00
mamba  1000 final randunits units     16  0.010     0.995    0.018    0.993         0.005         13.227        rulex               40.000     0.98
mamba  1000 final randunits units     32  0.021     0.994    0.020    0.989         0.009         13.416        rulex               40.000     0.98
mamba  1000 final randunits units     64  0.042     0.993    0.022    0.996         0.002         13.307        rulex               40.000     1.00
mamba  1000 final randunits units    128  0.083     0.992    0.026    0.989         0.009         13.218        rulex               40.000     0.98
mamba  1000 final randunits units    256  0.167     0.991    0.032    0.989         0.007         12.940        rulex               40.000     0.98
mamba  1000 final randunits units    512  0.333     0.979    0.074    0.975         0.009         12.241        rulex               40.000     0.98
mamba  1000 final randunits units      0  0.000     0.995    0.018    0.995         0.004         13.357        rulex               40.000     1.00
mamba  1000 final randunits units      1  0.001     0.995    0.018    0.995         0.004         13.358        rulex               40.000     1.00
mamba  1000 final randunits units      2  0.001     0.995    0.017    0.995         0.004         13.355        rulex               40.000     1.00
mamba  1000 final randunits units      4  0.003     0.995    0.018    0.995         0.004         13.332        rulex               40.000     1.00
mamba  1000 final randunits units      8  0.005     0.995    0.018    0.993         0.005         13.369        rulex               40.000     0.98
mamba  1000 final randunits units     16  0.010     0.995    0.018    0.995         0.004         13.292        rulex               40.000     1.00
mamba  1000 final randunits units     32  0.021     0.995    0.018    0.996         0.002         13.282        rulex               40.000     1.00
mamba  1000 final randunits units     64  0.042     0.994    0.022    0.995         0.004         13.420        rulex               40.000     1.00
mamba  1000 final randunits units    128  0.083     0.993    0.024    0.993         0.004         13.315        rulex               40.000     1.00
mamba  1000 final randunits units    256  0.167     0.990    0.035    0.984         0.013         12.583        rulex               40.000     0.98
mamba  1000 final randunits units    512  0.333     0.973    0.087    0.980         0.009         12.639        rulex               40.000     0.98
mamba  1001 final      none     -      0  0.000     0.996    0.015    0.998         0.002         13.288        rulex               40.000     1.00
mamba  1001 final   lowpass    in      0  0.000     0.006   14.918    0.011         0.009          0.124  gcm_hamming                0.200     1.00
mamba  1001 final   lowpass    in      1  1.000     0.006   13.910    0.007         0.004          0.573 gcm_circular                0.603     1.00
mamba  1001 final   lowpass    in      2  2.000     0.006   14.316    0.014         0.004          1.853      uniform                0.752     1.00
mamba  1001 final   lowpass    in      3  3.000     0.007   14.071    0.013         0.002          2.360  gcm_hamming                0.200     1.00
mamba  1001 final   lowpass    in      4  4.000     0.008   14.209    0.016         0.007          3.113      uniform                0.200     1.00
mamba  1001 final   lowpass    in      6  6.000     0.033    4.858    0.016         0.025         -4.775         rule                0.752     0.34
mamba  1001 final   lowpass    in      8  8.000     0.036    4.858    0.025         0.029         -4.532        rulex                0.752     0.46
mamba  1001 final   lowpass    in     12 12.000     0.164    3.107    0.036         0.081         -6.486        rulex                5.485     0.30
mamba  1001 final   lowpass    in     16 16.000     0.330    2.299    0.045         0.153         -5.646        rulex               10.637     0.22
mamba  1001 final   lowpass    in     24 24.000     0.500    1.630    0.063         0.171         -5.046        rulex               13.264     0.26
mamba  1001 final   lowpass    in     32 32.000     0.621    1.224    0.148         0.135         -2.356        rulex               16.541     0.52
mamba  1001 final   lowpass    in     48 48.000     0.948    0.195    0.497         0.160          2.464        rulex               25.722     0.76
mamba  1001 final   lowpass    in     74 74.000     0.996    0.015    0.998         0.002         13.288        rulex               40.000     1.00
mamba  1001 final   lowpass   out      0  0.000     0.007    5.004    0.005         0.004          0.000      uniform                0.200     1.00
mamba  1001 final   lowpass   out      1  1.000     0.008    5.013    0.004         0.007          0.066      uniform                0.200     0.00
mamba  1001 final   lowpass   out      2  2.000     0.005    5.021    0.005         0.000          0.120      uniform                0.200     1.00
mamba  1001 final   lowpass   out      3  3.000     0.005    5.031    0.014         0.007          0.171      uniform                0.200     1.00
mamba  1001 final   lowpass   out      4  4.000     0.006    5.039    0.020         0.005          0.222      uniform                0.311     1.00
mamba  1001 final   lowpass   out      6  6.000     0.030    4.196    0.059         0.009          0.858        rulex                0.200     1.00
mamba  1001 final   lowpass   out      8  8.000     0.030    4.217    0.065         0.004          1.004        rulex                0.200     1.00
mamba  1001 final   lowpass   out     12 12.000     0.121    3.271    0.187         0.014          2.029        rulex                3.527     0.98
mamba  1001 final   lowpass   out     16 16.000     0.250    2.820    0.303         0.016          2.899        rulex                4.398     0.96
mamba  1001 final   lowpass   out     24 24.000     0.465    2.002    0.548         0.013          4.323        rulex                5.485     0.98
mamba  1001 final   lowpass   out     32 32.000     0.571    1.708    0.685         0.011          5.137        rulex                6.840     0.98
mamba  1001 final   lowpass   out     48 48.000     0.907    0.425    0.930         0.014          7.547        rulex               20.627     0.98
mamba  1001 final   lowpass   out     74 74.000     0.996    0.015    0.998         0.002         13.288        rulex               40.000     1.00
mamba  1001 final   lowpass  both      0  0.000     0.007    5.004    0.005         0.004          0.000      uniform                0.200     1.00
mamba  1001 final   lowpass  both      1  1.000     0.007    4.977    0.000         0.011         -0.035 gcm_circular                2.268     0.00
mamba  1001 final   lowpass  both      2  2.000     0.005    5.005    0.009         0.002         -0.013      uniform                0.938     1.00
mamba  1001 final   lowpass  both      3  3.000     0.009    4.988    0.013         0.004         -0.043         rule                0.484     1.00
mamba  1001 final   lowpass  both      4  4.000     0.007    4.996    0.004         0.011         -0.030      uniform                0.200     0.00
mamba  1001 final   lowpass  both      6  6.000     0.033    3.552    0.009         0.032         -6.128         rule                0.311     0.10
mamba  1001 final   lowpass  both      8  8.000     0.040    3.501    0.004         0.047         -6.152         rule                0.200     0.00
mamba  1001 final   lowpass  both     12 12.000     0.437    1.970    0.007         0.438         -9.049         rule                6.840     0.00
mamba  1001 final   lowpass  both     16 16.000     0.740    1.169    0.005         0.710         -9.537         rule               20.627     0.00
mamba  1001 final   lowpass  both     24 24.000     0.927    0.596    0.004         0.870        -10.362         rule               25.722     0.00
mamba  1001 final   lowpass  both     32 32.000     0.964    0.349    0.013         0.883         -9.195        rulex               40.000     0.02
mamba  1001 final   lowpass  both     48 48.000     0.996    0.041    0.114         0.753         -5.255        rulex               40.000     0.14
mamba  1001 final   lowpass  both     74 74.000     0.996    0.015    0.998         0.002         13.288        rulex               40.000     1.00
mamba  1001 final      etop    in      0  0.000     0.996    0.015    0.998         0.002         13.288        rulex               40.000     1.00
mamba  1001 final      etop    in      1  0.050     0.987    0.046    0.991         0.004         12.894        rulex               40.000     1.00
mamba  1001 final      etop    in      2  0.100     0.975    0.093    0.986         0.004         12.566        rulex               40.000     1.00
mamba  1001 final      etop    in      4  0.200     0.914    0.288    0.926         0.009         12.090        rulex               20.627     0.98
mamba  1001 final      etop    in      6  0.300     0.635    1.172    0.841         0.000         12.997        rulex                8.530     1.00
mamba  1001 final      etop    in      8  0.400     0.348    2.647    0.800         0.000         14.535        rulex                2.828     1.00
mamba  1001 final      etop    in     11  0.500     0.046    7.154    0.753         0.000         18.826        rulex                0.249     1.00
mamba  1001 final      etop    in     15  0.600     0.005   15.073    0.762         0.000         25.813  gcm_hamming                0.752     1.00
mamba  1001 final      etop    in     28  0.700     0.005   14.848    0.605         0.000         22.550  gcm_hamming                0.752     1.00
mamba  1001 final      etop    in     42  0.800     0.006   14.626    0.353         0.000         17.612  gcm_hamming                0.484     1.00
mamba  1001 final      etop    in     57  0.900     0.007   14.381    0.088         0.002          9.777  gcm_hamming                0.484     1.00
mamba  1001 final      etop    in     65  0.950     0.005   14.243    0.032         0.004          4.624  gcm_hamming                0.249     1.00
mamba  1001 final      etop    in     74  1.000     0.006   14.918    0.011         0.009          0.124  gcm_hamming                0.200     1.00
mamba  1001 final      etop   out      0  0.000     0.996    0.015    0.998         0.002         13.288        rulex               40.000     1.00
mamba  1001 final      etop   out      1  0.050     0.990    0.044    0.998         0.002         12.128        rulex               40.000     1.00
mamba  1001 final      etop   out      1  0.100     0.990    0.044    0.998         0.002         12.128        rulex               40.000     1.00
mamba  1001 final      etop   out      3  0.200     0.929    0.266    0.991         0.004         10.543        rulex               25.722     1.00
mamba  1001 final      etop   out      4  0.300     0.835    0.537    0.973         0.002          9.669        rulex               16.541     1.00
mamba  1001 final      etop   out      5  0.400     0.777    0.816    0.973         0.000          8.894        rulex               13.264     1.00
mamba  1001 final      etop   out      6  0.500     0.590    1.463    0.950         0.000          8.191        rulex                8.530     1.00
mamba  1001 final      etop   out      8  0.600     0.225    2.905    0.814         0.000          6.881        rulex                2.268     1.00
mamba  1001 final      etop   out      9  0.700     0.091    3.679    0.699         0.000          6.054        rulex                1.459     1.00
mamba  1001 final      etop   out     12  0.800     0.008    5.025    0.468         0.000          4.568  gcm_hamming                0.200     1.00
mamba  1001 final      etop   out     23  0.900     0.004    5.430    0.290         0.000          2.790  gcm_hamming                0.752     1.00
mamba  1001 final      etop   out     47  0.950     0.006    5.211    0.126         0.000          1.358  gcm_hamming                0.484     1.00
mamba  1001 final      etop   out     74  1.000     0.007    5.004    0.005         0.004          0.000      uniform                0.200     1.00
mamba  1001 final      etop  both      0  0.000     0.996    0.015    0.998         0.002         13.288        rulex               40.000     1.00
mamba  1001 final      etop  both      1  0.050     0.994    0.024    0.978         0.020          9.953        rulex               40.000     0.98
mamba  1001 final      etop  both      2  0.100     0.987    0.053    0.966         0.018          9.693        rulex               40.000     0.98
mamba  1001 final      etop  both      4  0.200     0.856    0.467    0.829         0.025          7.600        rulex               16.541     0.98
mamba  1001 final      etop  both      6  0.300     0.829    0.554    0.600         0.059          4.473        rulex               16.541     0.92
mamba  1001 final      etop  both      8  0.400     0.549    1.497    0.449         0.034          4.165        rulex                4.398     0.94
mamba  1001 final      etop  both     11  0.500     0.077    4.770    0.297         0.004          5.836        rulex                0.311     1.00
mamba  1001 final      etop  both     15  0.600     0.005    8.275    0.209         0.000          6.877  gcm_hamming                0.603     1.00
mamba  1001 final      etop  both     28  0.700     0.006    7.394    0.101         0.002          4.220  gcm_hamming                0.603     1.00
mamba  1001 final      etop  both     42  0.800     0.007    6.231    0.038         0.000          1.767  gcm_hamming                0.200     1.00
mamba  1001 final      etop  both     57  0.900     0.007    5.366    0.013         0.005          0.288  gcm_hamming                0.200     1.00
mamba  1001 final      etop  both     65  0.950     0.005    5.165    0.011         0.009          0.123      uniform                0.200     1.00
mamba  1001 final      etop  both     74  1.000     0.007    5.004    0.005         0.004          0.000      uniform                0.200     1.00
mamba  1001 final   ebottom    in      0  0.000     0.996    0.015    0.998         0.002         13.288        rulex               40.000     1.00
mamba  1001 final   ebottom    in     10  0.050     0.998    0.009    0.986         0.013         10.757        rulex               40.000     0.98
mamba  1001 final   ebottom    in     18  0.100     0.998    0.006    0.948         0.049          8.139        rulex               40.000     0.96
mamba  1001 final   ebottom    in     33  0.200     0.999    0.003    0.600         0.391          2.354        rulex               40.000     0.60
mamba  1001 final   ebottom    in     47  0.300     1.000    0.001    0.238         0.759         -3.616        rulex               40.000     0.24
mamba  1001 final   ebottom    in     60  0.400     1.000    0.001    0.074         0.921         -9.346        rulex               40.000     0.08
mamba  1001 final   ebottom    in     64  0.500     1.000    0.001    0.025         0.969        -11.797        rulex               40.000     0.02
mamba  1001 final   ebottom    in     67  0.600     0.998    0.018    0.013         0.968        -12.345         rule               40.000     0.02
mamba  1001 final   ebottom    in     69  0.700     0.837    0.458    0.009         0.676        -11.883        rulex               10.637     0.02
mamba  1001 final   ebottom    in     71  0.800     0.546    1.396    0.011         0.422        -10.575         rule                5.485     0.02
mamba  1001 final   ebottom    in     73  0.900     0.049    4.131    0.005         0.043         -7.281         rule                0.200     0.02
mamba  1001 final   ebottom    in     74  0.950     0.006   14.918    0.011         0.009          0.124  gcm_hamming                0.200     1.00
mamba  1001 final   ebottom    in     74  1.000     0.006   14.918    0.011         0.009          0.124  gcm_hamming                0.200     1.00
mamba  1001 final   ebottom   out      0  0.000     0.996    0.015    0.998         0.002         13.288        rulex               40.000     1.00
mamba  1001 final   ebottom   out     28  0.050     0.997    0.011    0.995         0.005         11.882        rulex               40.000     0.98
mamba  1001 final   ebottom   out     52  0.100     0.998    0.009    0.991         0.009         10.447        rulex               40.000     0.98
mamba  1001 final   ebottom   out     63  0.200     0.998    0.012    0.953         0.034          8.247        rulex               40.000     0.96
mamba  1001 final   ebottom   out     66  0.300     0.992    0.044    0.867         0.059          6.407        rulex               40.000     0.94
mamba  1001 final   ebottom   out     67  0.400     0.987    0.088    0.829         0.050          5.814        rulex               40.000     0.94
mamba  1001 final   ebottom   out     69  0.500     0.872    0.610    0.587         0.049          4.394        rulex               13.264     0.92
mamba  1001 final   ebottom   out     70  0.600     0.702    1.264    0.468         0.038          3.619        rulex               10.637     0.92
mamba  1001 final   ebottom   out     71  0.700     0.591    1.822    0.281         0.023          2.745        rulex                6.840     0.92
mamba  1001 final   ebottom   out     72  0.800     0.185    2.798    0.081         0.020          1.754        rulex                0.200     0.82
mamba  1001 final   ebottom   out     74  0.900     0.007    5.004    0.005         0.004          0.000      uniform                0.200     1.00
mamba  1001 final   ebottom   out     74  0.950     0.007    5.004    0.005         0.004          0.000      uniform                0.200     1.00
mamba  1001 final   ebottom   out     74  1.000     0.007    5.004    0.005         0.004          0.000      uniform                0.200     1.00
mamba  1001 final   ebottom  both      0  0.000     0.996    0.015    0.998         0.002         13.288        rulex               40.000     1.00
mamba  1001 final   ebottom  both     10  0.050     0.999    0.006    0.980         0.018          9.358        rulex               40.000     0.98
mamba  1001 final   ebottom  both     18  0.100     0.999    0.003    0.807         0.177          5.334        rulex               40.000     0.82
mamba  1001 final   ebottom  both     33  0.200     1.000    0.002    0.299         0.623         -1.655        rulex               40.000     0.32
mamba  1001 final   ebottom  both     47  0.300     1.000    0.008    0.083         0.867         -6.413        rulex               40.000     0.08
mamba  1001 final   ebottom  both     60  0.400     1.000    0.014    0.016         0.964         -9.780        rulex               40.000     0.02
mamba  1001 final   ebottom  both     64  0.500     0.986    0.288    0.002         0.950         -9.178         rule               40.000     0.00
mamba  1001 final   ebottom  both     67  0.600     0.955    0.794    0.000         0.912         -9.216         rule               32.076     0.00
mamba  1001 final   ebottom  both     69  0.700     0.977    0.889    0.000         0.959         -9.530         rule               40.000     0.00
mamba  1001 final   ebottom  both     71  0.800     0.100    3.330    0.005         0.101         -6.081         rule                0.200     0.00
mamba  1001 final   ebottom  both     73  0.900     0.007    5.004    0.005         0.004          0.000      uniform                0.200     1.00
mamba  1001 final   ebottom  both     74  0.950     0.007    5.004    0.005         0.004          0.000      uniform                0.200     1.00
mamba  1001 final   ebottom  both     74  1.000     0.007    5.004    0.005         0.004          0.000      uniform                0.200     1.00
mamba  1001 final     erand    in      0  0.000     0.996    0.015    0.998         0.002         13.288        rulex               40.000     1.00
mamba  1001 final     erand    in      8  0.050     0.997    0.009    0.984         0.014         10.781        rulex               40.000     0.98
mamba  1001 final     erand    in     13  0.100     0.995    0.017    0.942         0.052          8.785        rulex               40.000     0.94
mamba  1001 final     erand    in     19  0.200     0.987    0.050    0.768         0.126          6.152        rulex               40.000     0.86
mamba  1001 final     erand    in     21  0.300     0.959    0.144    0.672         0.106          5.261        rulex               25.722     0.86
mamba  1001 final     erand    in     35  0.400     0.848    0.437    0.314         0.148          0.340        rulex               20.627     0.68
mamba  1001 final     erand    in     38  0.500     0.778    0.698    0.229         0.112         -0.439        rulex               13.264     0.68
mamba  1001 final     erand    in     49  0.600     0.808    0.615    0.114         0.301         -4.961        rulex               13.264     0.28
mamba  1001 final     erand    in     56  0.700     0.769    0.727    0.065         0.393         -6.123        rulex               13.264     0.14
mamba  1001 final     erand    in     62  0.800     0.339    2.197    0.041         0.178         -6.044        rulex                1.459     0.18
mamba  1001 final     erand    in     67  0.900     0.040    5.951    0.023         0.027         -2.206        rulex                0.200     0.46
mamba  1001 final     erand    in     72  0.950     0.017    8.214    0.014         0.013         -1.426   gcm_linear                0.200     0.56
mamba  1001 final     erand    in     74  1.000     0.006   14.918    0.011         0.009          0.124  gcm_hamming                0.200     1.00
mamba  1001 final     erand    in      0  0.000     0.996    0.015    0.998         0.002         13.288        rulex               40.000     1.00
mamba  1001 final     erand    in      5  0.050     0.997    0.011    0.991         0.009         11.196        rulex               40.000     0.98
mamba  1001 final     erand    in     13  0.100     0.995    0.017    0.908         0.068          8.236        rulex               40.000     0.92
mamba  1001 final     erand    in     16  0.200     0.989    0.046    0.807         0.110          6.423        rulex               40.000     0.88
mamba  1001 final     erand    in     18  0.300     0.919    0.274    0.618         0.079          5.729        rulex               16.541     0.88
mamba  1001 final     erand    in     26  0.400     0.924    0.250    0.425         0.157          2.328        rulex               16.541     0.74
mamba  1001 final     erand    in     32  0.500     0.700    0.888    0.202         0.103         -0.128        rulex                8.530     0.66
mamba  1001 final     erand    in     38  0.600     0.229    2.686    0.105         0.018         -1.280        rulex                1.170     0.86
mamba  1001 final     erand    in     43  0.700     0.076    4.341    0.117         0.004          0.258        rulex                0.200     1.00
mamba  1001 final     erand    in     54  0.800     0.088    3.918    0.049         0.020         -3.995        rulex                0.311     0.74
mamba  1001 final     erand    in     66  0.900     0.005   14.302    0.040         0.004          5.897      uniform                0.311     1.00
mamba  1001 final     erand    in     67  0.950     0.005   14.237    0.050         0.000          5.285  gcm_hamming                0.200     1.00
mamba  1001 final     erand    in     74  1.000     0.006   14.918    0.011         0.009          0.124  gcm_hamming                0.200     1.00
mamba  1001 final     erand    in      0  0.000     0.996    0.015    0.998         0.002         13.288        rulex               40.000     1.00
mamba  1001 final     erand    in      6  0.050     0.997    0.011    0.987         0.013         10.991        rulex               40.000     0.98
mamba  1001 final     erand    in      9  0.100     0.994    0.022    0.957         0.038          9.619        rulex               40.000     0.96
mamba  1001 final     erand    in     15  0.200     0.986    0.053    0.804         0.094          6.864        rulex               40.000     0.90
mamba  1001 final     erand    in     20  0.300     0.979    0.079    0.685         0.139          4.883        rulex               40.000     0.84
mamba  1001 final     erand    in     27  0.400     0.859    0.434    0.422         0.112          2.367        rulex               10.637     0.80
mamba  1001 final     erand    in     35  0.500     0.869    0.411    0.259         0.189         -1.015        rulex               10.637     0.58
mamba  1001 final     erand    in     48  0.600     0.716    0.870    0.119         0.236         -4.444        rulex                8.530     0.34
mamba  1001 final     erand    in     51  0.700     0.536    1.485    0.072         0.177         -4.813        rulex                4.398     0.28
mamba  1001 final     erand    in     57  0.800     0.211    2.834    0.061         0.067         -5.059        rulex                2.268     0.48
mamba  1001 final     erand    in     70  0.900     0.102    3.652    0.016         0.054         -6.882         rule                0.200     0.20
mamba  1001 final     erand    in     73  0.950     0.013    7.477    0.013         0.013         -3.199         rule                0.200     0.50
mamba  1001 final     erand    in     74  1.000     0.006   14.918    0.011         0.009          0.124  gcm_hamming                0.200     1.00
mamba  1001 final     erand   out      0  0.000     0.996    0.015    0.998         0.002         13.288        rulex               40.000     1.00
mamba  1001 final     erand   out     13  0.050     0.992    0.031    0.995         0.004         11.998        rulex               40.000     1.00
mamba  1001 final     erand   out     13  0.100     0.992    0.031    0.995         0.004         11.998        rulex               40.000     1.00
mamba  1001 final     erand   out     19  0.200     0.973    0.125    0.995         0.002         10.436        rulex               40.000     1.00
mamba  1001 final     erand   out     21  0.300     0.942    0.254    0.987         0.000          9.544        rulex               25.722     1.00
mamba  1001 final     erand   out     35  0.400     0.822    0.666    0.915         0.005          7.642        rulex               16.541     1.00
mamba  1001 final     erand   out     38  0.500     0.688    1.187    0.858         0.000          6.624        rulex               10.637     1.00
mamba  1001 final     erand   out     55  0.600     0.562    1.737    0.710         0.009          4.683        rulex                6.840     1.00
mamba  1001 final     erand   out     57  0.700     0.315    2.544    0.560         0.009          3.925        rulex                3.527     1.00
mamba  1001 final     erand   out     63  0.800     0.080    3.930    0.173         0.009          2.046        rulex                0.938     1.00
mamba  1001 final     erand   out     66  0.900     0.052    4.220    0.121         0.007          1.506        rulex                0.200     1.00
mamba  1001 final     erand   out     72  0.950     0.011    4.939    0.029         0.004          0.413         rule                0.200     1.00
mamba  1001 final     erand   out     74  1.000     0.007    5.004    0.005         0.004          0.000      uniform                0.200     1.00
mamba  1001 final     erand   out      0  0.000     0.996    0.015    0.998         0.002         13.288        rulex               40.000     1.00
mamba  1001 final     erand   out      9  0.050     0.996    0.015    0.995         0.005         12.406        rulex               40.000     0.98
mamba  1001 final     erand   out     13  0.100     0.994    0.030    0.995         0.004         11.254        rulex               40.000     1.00
mamba  1001 final     erand   out     16  0.200     0.980    0.091    0.986         0.002          9.957        rulex               40.000     1.00
mamba  1001 final     erand   out     17  0.300     0.960    0.186    0.975         0.000          9.083        rulex               40.000     1.00
mamba  1001 final     erand   out     18  0.400     0.903    0.433    0.950         0.005          8.366        rulex               20.627     1.00
mamba  1001 final     erand   out     29  0.500     0.740    1.006    0.841         0.005          6.685        rulex               10.637     1.00
mamba  1001 final     erand   out     35  0.600     0.409    1.986    0.622         0.009          4.924        rulex                2.828     1.00
mamba  1001 final     erand   out     38  0.700     0.156    2.815    0.486         0.002          4.221        rulex                0.938     1.00
mamba  1001 final     erand   out     43  0.800     0.036    3.912    0.303         0.002          2.846        rulex                0.200     1.00
mamba  1001 final     erand   out     62  0.900     0.028    4.063    0.117         0.004          1.275        rulex                0.200     1.00
mamba  1001 final     erand   out     66  0.950     0.004    5.066    0.056         0.002          0.426  gcm_hamming                0.311     1.00
mamba  1001 final     erand   out     74  1.000     0.007    5.004    0.005         0.004          0.000      uniform                0.200     1.00
mamba  1001 final     erand   out      0  0.000     0.996    0.015    0.998         0.002         13.288        rulex               40.000     1.00
mamba  1001 final     erand   out      9  0.050     0.990    0.035    0.993         0.002         11.988        rulex               40.000     1.00
mamba  1001 final     erand   out      9  0.100     0.990    0.035    0.993         0.002         11.988        rulex               40.000     1.00
mamba  1001 final     erand   out     15  0.200     0.977    0.102    0.977         0.004         10.138        rulex               40.000     1.00
mamba  1001 final     erand   out     19  0.300     0.962    0.175    0.968         0.004          9.145        rulex               40.000     1.00
mamba  1001 final     erand   out     27  0.400     0.795    0.787    0.894         0.004          7.458        rulex               10.637     1.00
mamba  1001 final     erand   out     28  0.500     0.763    0.917    0.859         0.005          6.984        rulex                8.530     1.00
mamba  1001 final     erand   out     48  0.600     0.562    1.651    0.665         0.007          4.746        rulex                5.485     1.00
mamba  1001 final     erand   out     51  0.700     0.364    2.383    0.550         0.009          3.914        rulex                2.828     1.00
mamba  1001 final     erand   out     56  0.800     0.124    3.381    0.290         0.016          2.482        rulex                1.459     1.00
mamba  1001 final     erand   out     73  0.900     0.013    4.698    0.013         0.014          0.431   gcm_linear                0.200     0.00
mamba  1001 final     erand   out     73  0.950     0.013    4.698    0.013         0.014          0.431   gcm_linear                0.200     0.00
mamba  1001 final     erand   out     74  1.000     0.007    5.004    0.005         0.004          0.000      uniform                0.200     1.00
mamba  1001 final     erand  both      0  0.000     0.996    0.015    0.998         0.002         13.288        rulex               40.000     1.00
mamba  1001 final     erand  both      8  0.050     0.997    0.012    0.971         0.027          9.980        rulex               40.000     0.98
mamba  1001 final     erand  both     13  0.100     0.992    0.035    0.886         0.072          7.535        rulex               40.000     0.92
mamba  1001 final     erand  both     19  0.200     0.934    0.255    0.577         0.115          3.845        rulex               25.722     0.84
mamba  1001 final     erand  both     21  0.300     0.566    1.392    0.440         0.031          4.362        rulex                8.530     0.94
mamba  1001 final     erand  both     35  0.400     0.405    1.977    0.182         0.056          0.581        rulex                2.268     0.78
mamba  1001 final     erand  both     38  0.500     0.138    3.178    0.175         0.011          1.243        rulex                1.170     0.98
mamba  1001 final     erand  both     49  0.600     0.118    3.149    0.052         0.027         -1.144        rulex                0.200     0.68
mamba  1001 final     erand  both     56  0.700     0.158    3.003    0.020         0.058         -3.055        rulex                0.200     0.24
mamba  1001 final     erand  both     62  0.800     0.009    5.346    0.038         0.007          0.741  gcm_hamming                0.200     1.00
mamba  1001 final     erand  both     67  0.900     0.004    5.192    0.009         0.009          0.181  gcm_hamming                0.200     0.50
mamba  1001 final     erand  both     72  0.950     0.004    5.047    0.009         0.005          0.025      uniform                0.200     1.00
mamba  1001 final     erand  both     74  1.000     0.007    5.004    0.005         0.004          0.000      uniform                0.200     1.00
mamba  1001 final     erand  both      0  0.000     0.996    0.015    0.998         0.002         13.288        rulex               40.000     1.00
mamba  1001 final     erand  both      5  0.050     0.997    0.012    0.971         0.027          9.967        rulex               40.000     0.98
mamba  1001 final     erand  both     13  0.100     0.985    0.065    0.834         0.076          6.522        rulex               40.000     0.92
mamba  1001 final     erand  both     16  0.200     0.951    0.196    0.640         0.095          4.603        rulex               25.722     0.88
mamba  1001 final     erand  both     18  0.300     0.881    0.493    0.382         0.114          1.697        rulex               16.541     0.78
mamba  1001 final     erand  both     26  0.400     0.607    1.270    0.249         0.059          0.503        rulex                6.840     0.80
mamba  1001 final     erand  both     32  0.500     0.532    1.411    0.040         0.153         -4.205        rulex                8.530     0.20
mamba  1001 final     erand  both     38  0.600     0.040    3.928    0.059         0.007         -1.443        rulex                0.200     1.00
mamba  1001 final     erand  both     43  0.700     0.049    3.627    0.018         0.023         -4.550         rule                0.200     0.42
mamba  1001 final     erand  both     54  0.800     0.065    3.317    0.005         0.040         -6.676         rule                0.200     0.02
mamba  1001 final     erand  both     66  0.900     0.006    5.390    0.011         0.007          0.170      uniform                0.200     1.00
mamba  1001 final     erand  both     67  0.950     0.007    5.384    0.011         0.002          0.168      uniform                0.200     1.00
mamba  1001 final     erand  both     74  1.000     0.007    5.004    0.005         0.004          0.000      uniform                0.200     1.00
mamba  1001 final     erand  both      0  0.000     0.996    0.015    0.998         0.002         13.288        rulex               40.000     1.00
mamba  1001 final     erand  both      6  0.050     0.995    0.020    0.984         0.011         10.368        rulex               40.000     0.98
mamba  1001 final     erand  both      9  0.100     0.974    0.108    0.932         0.018          8.877        rulex               40.000     0.98
mamba  1001 final     erand  both     15  0.200     0.743    0.767    0.699         0.016          6.947        rulex               10.637     0.98
mamba  1001 final     erand  both     20  0.300     0.587    1.366    0.470         0.023          4.225        rulex                6.840     0.96
mamba  1001 final     erand  both     27  0.400     0.263    2.479    0.232         0.009          2.205        rulex                2.828     0.98
mamba  1001 final     erand  both     35  0.500     0.037    4.272    0.162         0.002          2.261        rulex                0.484     1.00
mamba  1001 final     erand  both     48  0.600     0.054    3.876    0.083         0.013         -1.453        rulex                0.249     0.96
mamba  1001 final     erand  both     51  0.700     0.010    5.367    0.088         0.000          1.806  gcm_hamming                0.249     1.00
mamba  1001 final     erand  both     57  0.800     0.010    5.418    0.040         0.005          1.044  gcm_hamming                0.249     1.00
mamba  1001 final     erand  both     70  0.900     0.006    5.086    0.022         0.005          0.124  gcm_hamming                0.200     1.00
mamba  1001 final     erand  both     73  0.950     0.004    5.048    0.009         0.005         -0.000      uniform                0.200     1.00
mamba  1001 final     erand  both     74  1.000     0.007    5.004    0.005         0.004          0.000      uniform                0.200     1.00
mamba  1001 final      topk    in     57  0.000     0.996    0.015    0.998         0.002         13.288        rulex               40.000     1.00
mamba  1001 final      topk    in     57  0.250     0.994    0.021    1.000         0.000         14.500        rulex               40.000     1.00
mamba  1001 final      topk    in     57  0.500     0.985    0.053    1.000         0.000         16.639        rulex               40.000     1.00
mamba  1001 final      topk    in     57  0.750     0.805    0.752    1.000         0.000         20.561        rulex               13.264     1.00
mamba  1001 final      topk    in     57  1.000     0.007   14.381    0.088         0.002          9.777  gcm_hamming                0.484     1.00
mamba  1001 final      topk   out     23  0.000     0.996    0.015    0.998         0.002         13.288        rulex               40.000     1.00
mamba  1001 final      topk   out     23  0.250     0.994    0.029    0.998         0.002         10.663        rulex               40.000     1.00
mamba  1001 final      topk   out     23  0.500     0.989    0.137    0.998         0.002          8.039        rulex               40.000     1.00
mamba  1001 final      topk   out     23  0.750     0.900    1.287    0.993         0.000          5.415        rulex               20.627     1.00
mamba  1001 final      topk   out     23  1.000     0.004    5.430    0.290         0.000          2.790  gcm_hamming                0.752     1.00
mamba  1001 final      topk  both     57  0.000     0.996    0.015    0.998         0.002         13.288        rulex               40.000     1.00
mamba  1001 final      topk  both     57  0.250     0.993    0.033    1.000         0.000         11.076        rulex               40.000     1.00
mamba  1001 final      topk  both     57  0.500     0.981    0.188    1.000         0.000          8.703        rulex               40.000     1.00
mamba  1001 final      topk  both     57  0.750     0.718    2.033    0.996         0.000          5.608        rulex                8.530     1.00
mamba  1001 final      topk  both     57  1.000     0.008    5.115    0.007         0.005          0.095  gcm_hamming                0.200     1.00
mamba  1001 final     randk    in     17  0.000     0.996    0.015    0.998         0.002         13.288        rulex               40.000     1.00
mamba  1001 final     randk    in     17  0.250     0.997    0.011    0.995         0.005         12.191        rulex               40.000     0.98
mamba  1001 final     randk    in     17  0.500     0.998    0.008    0.987         0.013         11.026        rulex               40.000     0.98
mamba  1001 final     randk    in     17  0.750     0.998    0.007    0.977         0.022          9.792        rulex               40.000     0.98
mamba  1001 final     randk    in     17  1.000     0.999    0.006    0.960         0.038          8.488        rulex               40.000     0.96
mamba  1001 final     randk    in     17  0.000     0.996    0.015    0.998         0.002         13.288        rulex               40.000     1.00
mamba  1001 final     randk    in     17  0.250     0.997    0.011    0.995         0.005         12.191        rulex               40.000     0.98
mamba  1001 final     randk    in     17  0.500     0.998    0.008    0.987         0.013         11.026        rulex               40.000     0.98
mamba  1001 final     randk    in     17  0.750     0.998    0.007    0.977         0.022          9.792        rulex               40.000     0.98
mamba  1001 final     randk    in     17  1.000     0.999    0.006    0.960         0.038          8.488        rulex               40.000     0.96
mamba  1001 final     randk    in     17  0.000     0.996    0.015    0.998         0.002         13.288        rulex               40.000     1.00
mamba  1001 final     randk    in     17  0.250     0.997    0.011    0.995         0.005         12.191        rulex               40.000     0.98
mamba  1001 final     randk    in     17  0.500     0.998    0.008    0.987         0.013         11.026        rulex               40.000     0.98
mamba  1001 final     randk    in     17  0.750     0.998    0.007    0.977         0.022          9.792        rulex               40.000     0.98
mamba  1001 final     randk    in     17  1.000     0.999    0.006    0.960         0.038          8.488        rulex               40.000     0.96
mamba  1001 final     randk   out     23  0.000     0.996    0.015    0.998         0.002         13.288        rulex               40.000     1.00
mamba  1001 final     randk   out     23  0.250     0.996    0.013    0.996         0.004         12.963        rulex               40.000     1.00
mamba  1001 final     randk   out     23  0.500     0.997    0.013    0.995         0.005         12.638        rulex               40.000     0.98
mamba  1001 final     randk   out     23  0.750     0.997    0.012    0.995         0.005         12.313        rulex               40.000     0.98
mamba  1001 final     randk   out     23  1.000     0.997    0.012    0.993         0.007         11.988        rulex               40.000     0.98
mamba  1001 final     randk   out     23  0.000     0.996    0.015    0.998         0.002         13.288        rulex               40.000     1.00
mamba  1001 final     randk   out     23  0.250     0.996    0.014    0.996         0.004         12.975        rulex               40.000     1.00
mamba  1001 final     randk   out     23  0.500     0.997    0.013    0.996         0.004         12.663        rulex               40.000     0.98
mamba  1001 final     randk   out     23  0.750     0.997    0.012    0.996         0.004         12.350        rulex               40.000     0.98
mamba  1001 final     randk   out     23  1.000     0.997    0.012    0.995         0.005         12.038        rulex               40.000     0.98
mamba  1001 final     randk   out     23  0.000     0.996    0.015    0.998         0.002         13.288        rulex               40.000     1.00
mamba  1001 final     randk   out     23  0.250     0.997    0.014    0.998         0.002         12.977        rulex               40.000     1.00
mamba  1001 final     randk   out     23  0.500     0.997    0.013    0.995         0.005         12.667        rulex               40.000     0.98
mamba  1001 final     randk   out     23  0.750     0.997    0.012    0.995         0.005         12.357        rulex               40.000     0.98
mamba  1001 final     randk   out     23  1.000     0.997    0.012    0.995         0.005         12.046        rulex               40.000     0.98
mamba  1001 final     randk  both     17  0.000     0.996    0.015    0.998         0.002         13.288        rulex               40.000     1.00
mamba  1001 final     randk  both     17  0.250     0.997    0.010    0.995         0.005         11.986        rulex               40.000     0.98
mamba  1001 final     randk  both     17  0.500     0.998    0.007    0.987         0.013         10.615        rulex               40.000     0.98
mamba  1001 final     randk  both     17  0.750     0.998    0.006    0.971         0.027          9.177        rulex               40.000     0.98
mamba  1001 final     randk  both     17  1.000     0.999    0.005    0.933         0.061          7.675        rulex               40.000     0.94
mamba  1001 final     randk  both     17  0.000     0.996    0.015    0.998         0.002         13.288        rulex               40.000     1.00
mamba  1001 final     randk  both     17  0.250     0.997    0.010    0.995         0.005         11.986        rulex               40.000     0.98
mamba  1001 final     randk  both     17  0.500     0.998    0.007    0.987         0.013         10.615        rulex               40.000     0.98
mamba  1001 final     randk  both     17  0.750     0.998    0.006    0.971         0.027          9.177        rulex               40.000     0.98
mamba  1001 final     randk  both     17  1.000     0.999    0.005    0.933         0.061          7.675        rulex               40.000     0.94
mamba  1001 final     randk  both     17  0.000     0.996    0.015    0.998         0.002         13.288        rulex               40.000     1.00
mamba  1001 final     randk  both     17  0.250     0.997    0.010    0.995         0.005         11.986        rulex               40.000     0.98
mamba  1001 final     randk  both     17  0.500     0.998    0.007    0.987         0.013         10.615        rulex               40.000     0.98
mamba  1001 final     randk  both     17  0.750     0.998    0.006    0.971         0.027          9.177        rulex               40.000     0.98
mamba  1001 final     randk  both     17  1.000     0.999    0.005    0.933         0.061          7.675        rulex               40.000     0.94
mamba  1001 final  residual    in     17  0.000     0.996    0.015    0.998         0.002         13.288        rulex               40.000     1.00
mamba  1001 final  residual    in     17  0.250     0.997    0.011    0.995         0.005         12.191        rulex               40.000     0.98
mamba  1001 final  residual    in     17  0.500     0.998    0.008    0.987         0.013         11.026        rulex               40.000     0.98
mamba  1001 final  residual    in     17  0.750     0.998    0.007    0.977         0.022          9.792        rulex               40.000     0.98
mamba  1001 final  residual    in     17  1.000     0.999    0.006    0.960         0.038          8.488        rulex               40.000     0.96
mamba  1001 final  residual   out     51  0.000     0.996    0.015    0.998         0.002         13.288        rulex               40.000     1.00
mamba  1001 final  residual   out     51  0.250     0.997    0.012    0.995         0.005         12.590        rulex               40.000     0.98
mamba  1001 final  residual   out     51  0.500     0.997    0.010    0.995         0.005         11.893        rulex               40.000     0.98
mamba  1001 final  residual   out     51  0.750     0.997    0.009    0.995         0.005         11.195        rulex               40.000     0.98
mamba  1001 final  residual   out     51  1.000     0.998    0.009    0.993         0.007         10.498        rulex               40.000     0.98
mamba  1001 final  residual  both     17  0.000     0.996    0.015    0.998         0.002         13.288        rulex               40.000     1.00
mamba  1001 final  residual  both     17  0.250     0.997    0.010    0.995         0.005         11.986        rulex               40.000     0.98
mamba  1001 final  residual  both     17  0.500     0.998    0.007    0.987         0.013         10.615        rulex               40.000     0.98
mamba  1001 final  residual  both     17  0.750     0.998    0.006    0.971         0.027          9.177        rulex               40.000     0.98
mamba  1001 final  residual  both     17  1.000     0.999    0.005    0.933         0.061          7.675        rulex               40.000     0.94
mamba  1001 final   neurons units      0  0.000     0.996    0.015    0.998         0.002         13.288        rulex               40.000     1.00
mamba  1001 final   neurons units      1  0.001     0.996    0.014    0.998         0.002         13.256        rulex               40.000     1.00
mamba  1001 final   neurons units      2  0.001     0.996    0.014    0.998         0.002         13.223        rulex               40.000     1.00
mamba  1001 final   neurons units      4  0.003     0.996    0.014    0.998         0.002         13.165        rulex               40.000     1.00
mamba  1001 final   neurons units      8  0.005     0.996    0.014    0.998         0.002         13.062        rulex               40.000     1.00
mamba  1001 final   neurons units     16  0.010     0.997    0.014    0.998         0.002         12.873        rulex               40.000     1.00
mamba  1001 final   neurons units     32  0.021     0.997    0.013    0.998         0.002         12.574        rulex               40.000     1.00
mamba  1001 final   neurons units     64  0.042     0.996    0.013    0.996         0.004         12.022        rulex               40.000     1.00
mamba  1001 final   neurons units    128  0.083     0.997    0.012    0.993         0.007         11.029        rulex               40.000     0.98
mamba  1001 final   neurons units    256  0.167     0.997    0.013    0.971         0.029          8.996        rulex               40.000     0.98
mamba  1001 final   neurons units    512  0.333     0.990    0.040    0.741         0.178          4.303        rulex               40.000     0.80
mamba  1001 final randunits units      0  0.000     0.996    0.015    0.998         0.002         13.288        rulex               40.000     1.00
mamba  1001 final randunits units      1  0.001     0.996    0.015    0.998         0.002         13.283        rulex               40.000     1.00
mamba  1001 final randunits units      2  0.001     0.996    0.015    0.998         0.002         13.258        rulex               40.000     1.00
mamba  1001 final randunits units      4  0.003     0.996    0.014    0.998         0.002         13.228        rulex               40.000     1.00
mamba  1001 final randunits units      8  0.005     0.996    0.015    0.998         0.002         13.370        rulex               40.000     1.00
mamba  1001 final randunits units     16  0.010     0.996    0.015    0.996         0.004         13.211        rulex               40.000     1.00
mamba  1001 final randunits units     32  0.021     0.996    0.015    0.998         0.002         13.248        rulex               40.000     1.00
mamba  1001 final randunits units     64  0.042     0.995    0.017    0.996         0.004         13.147        rulex               40.000     1.00
mamba  1001 final randunits units    128  0.083     0.996    0.017    0.996         0.004         12.995        rulex               40.000     1.00
mamba  1001 final randunits units    256  0.167     0.992    0.028    0.998         0.002         13.339        rulex               40.000     1.00
mamba  1001 final randunits units    512  0.333     0.990    0.040    0.993         0.005         11.637        rulex               40.000     0.98
mamba  1001 final randunits units      0  0.000     0.996    0.015    0.998         0.002         13.288        rulex               40.000     1.00
mamba  1001 final randunits units      1  0.001     0.996    0.015    0.998         0.002         13.273        rulex               40.000     1.00
mamba  1001 final randunits units      2  0.001     0.996    0.015    0.998         0.002         13.280        rulex               40.000     1.00
mamba  1001 final randunits units      4  0.003     0.996    0.015    0.998         0.002         13.301        rulex               40.000     1.00
mamba  1001 final randunits units      8  0.005     0.996    0.015    0.998         0.002         13.359        rulex               40.000     1.00
mamba  1001 final randunits units     16  0.010     0.996    0.015    0.998         0.002         13.315        rulex               40.000     1.00
mamba  1001 final randunits units     32  0.021     0.996    0.015    0.998         0.002         13.266        rulex               40.000     1.00
mamba  1001 final randunits units     64  0.042     0.996    0.017    0.996         0.004         13.358        rulex               40.000     1.00
mamba  1001 final randunits units    128  0.083     0.995    0.018    0.995         0.005         13.172        rulex               40.000     0.98
mamba  1001 final randunits units    256  0.167     0.995    0.022    0.995         0.005         13.009        rulex               40.000     0.98
mamba  1001 final randunits units    512  0.333     0.991    0.040    0.991         0.009         12.211        rulex               40.000     0.98
mamba  1001 final randunits units      0  0.000     0.996    0.015    0.998         0.002         13.288        rulex               40.000     1.00
mamba  1001 final randunits units      1  0.001     0.996    0.015    0.998         0.002         13.311        rulex               40.000     1.00
mamba  1001 final randunits units      2  0.001     0.996    0.014    0.998         0.002         13.275        rulex               40.000     1.00
mamba  1001 final randunits units      4  0.003     0.996    0.015    0.998         0.002         13.279        rulex               40.000     1.00
mamba  1001 final randunits units      8  0.005     0.996    0.015    0.998         0.002         13.311        rulex               40.000     1.00
mamba  1001 final randunits units     16  0.010     0.996    0.015    0.996         0.004         13.279        rulex               40.000     1.00
mamba  1001 final randunits units     32  0.021     0.996    0.015    0.998         0.002         13.284        rulex               40.000     1.00
mamba  1001 final randunits units     64  0.042     0.996    0.017    0.996         0.004         13.330        rulex               40.000     1.00
mamba  1001 final randunits units    128  0.083     0.996    0.017    0.996         0.004         13.021        rulex               40.000     1.00
mamba  1001 final randunits units    256  0.167     0.993    0.028    0.998         0.002         13.573        rulex               40.000     1.00
mamba  1001 final randunits units    512  0.333     0.980    0.066    0.987         0.005         13.445        rulex               40.000     0.98
mamba  1002 final      none     -      0  0.000     0.993    0.035    0.998         0.000         16.992        rulex               40.000     1.00
mamba  1002 final   lowpass    in      0  0.000     0.007   16.624    0.004         0.009          0.118      uniform                0.200     0.00
mamba  1002 final   lowpass    in      1  1.000     0.008   16.582    0.004         0.013          0.798   gcm_linear                2.268     0.00
mamba  1002 final   lowpass    in      2  2.000     0.011   16.704    0.016         0.016          1.601   gcm_linear                2.268     0.50
mamba  1002 final   lowpass    in      3  3.000     0.009   16.352    0.018         0.007          2.526   gcm_linear                1.819     1.00
mamba  1002 final   lowpass    in      4  4.000     0.008   16.367    0.022         0.007          2.963   gcm_linear                1.459     1.00
mamba  1002 final   lowpass    in      6  6.000     0.007   16.258    0.029         0.005          4.618      uniform                0.484     1.00
mamba  1002 final   lowpass    in      8  8.000     0.057    3.976    0.029         0.038         -9.436        rulex                0.388     0.42
mamba  1002 final   lowpass    in     12 12.000     0.142    2.852    0.029         0.070        -10.932        rulex                0.200     0.28
mamba  1002 final   lowpass    in     16 16.000     0.137    2.883    0.038         0.047        -10.283        rulex                0.200     0.44
mamba  1002 final   lowpass    in     24 24.000     0.132    2.961    0.043         0.038         -8.564        rulex                0.200     0.54
mamba  1002 final   lowpass    in     32 32.000     0.128    3.076    0.070         0.025         -5.749        rulex                0.200     0.76
mamba  1002 final   lowpass    in     48 48.000     0.258    2.206    0.202         0.018          0.632        rulex                0.752     0.94
mamba  1002 final   lowpass    in     74 74.000     0.993    0.035    0.998         0.000         16.992        rulex               40.000     1.00
mamba  1002 final   lowpass   out      0  0.000     0.007    5.004    0.004         0.004          0.000      uniform                0.200     0.50
mamba  1002 final   lowpass   out      1  1.000     0.006    5.013    0.011         0.000          0.105      uniform                0.200     1.00
mamba  1002 final   lowpass   out      2  2.000     0.007    5.019    0.020         0.007          0.205      uniform                0.200     1.00
mamba  1002 final   lowpass   out      3  3.000     0.005    5.030    0.025         0.002          0.332      uniform                0.200     1.00
mamba  1002 final   lowpass   out      4  4.000     0.007    5.038    0.023         0.002          0.436      uniform                0.200     1.00
mamba  1002 final   lowpass   out      6  6.000     0.005    5.062    0.043         0.002          0.746      uniform                0.200     1.00
mamba  1002 final   lowpass   out      8  8.000     0.053    3.583    0.123         0.000          2.595        rulex                0.200     1.00
mamba  1002 final   lowpass   out     12 12.000     0.157    2.519    0.276         0.005          3.922        rulex                0.200     1.00
mamba  1002 final   lowpass   out     16 16.000     0.158    2.549    0.321         0.002          4.336        rulex                0.200     1.00
mamba  1002 final   lowpass   out     24 24.000     0.143    2.611    0.485         0.002          5.348        rulex                0.200     1.00
mamba  1002 final   lowpass   out     32 32.000     0.125    2.680    0.645         0.002          6.265        rulex                0.200     1.00
mamba  1002 final   lowpass   out     48 48.000     0.249    1.921    0.894         0.000          9.379        rulex                1.170     1.00
mamba  1002 final   lowpass   out     74 74.000     0.993    0.035    0.998         0.000         16.992        rulex               40.000     1.00
mamba  1002 final   lowpass  both      0  0.000     0.007    5.004    0.004         0.004          0.000      uniform                0.200     0.50
mamba  1002 final   lowpass  both      1  1.000     0.015    4.906    0.002         0.027         -0.102   gcm_linear                5.485     0.00
mamba  1002 final   lowpass  both      2  2.000     0.013    4.919    0.009         0.013         -0.095   gcm_linear                2.828     0.00
mamba  1002 final   lowpass  both      3  3.000     0.011    4.954    0.011         0.004         -0.052   gcm_linear                2.828     1.00
mamba  1002 final   lowpass  both      4  4.000     0.010    4.964    0.004         0.011         -0.062 gcm_circular                1.819     0.00
mamba  1002 final   lowpass  both      6  6.000     0.012    4.912    0.011         0.013         -0.098 gcm_circular                1.170     0.00
mamba  1002 final   lowpass  both      8  8.000     0.088    3.059    0.014         0.090        -10.785         rule                0.249     0.08
mamba  1002 final   lowpass  both     12 12.000     0.262    2.024    0.022         0.243        -13.232        rulex                0.938     0.06
mamba  1002 final   lowpass  both     16 16.000     0.260    2.042    0.009         0.222        -12.994         rule                0.752     0.02
mamba  1002 final   lowpass  both     24 24.000     0.236    2.087    0.016         0.169        -12.208         rule                0.200     0.06
mamba  1002 final   lowpass  both     32 32.000     0.221    2.142    0.023         0.146        -10.891        rulex                0.200     0.12
mamba  1002 final   lowpass  both     48 48.000     0.374    1.465    0.079         0.123         -6.573        rulex                2.828     0.40
mamba  1002 final   lowpass  both     74 74.000     0.993    0.035    0.998         0.000         16.992        rulex               40.000     1.00
mamba  1002 final      etop    in      0  0.000     0.993    0.035    0.998         0.000         16.992        rulex               40.000     1.00
mamba  1002 final      etop    in      1  0.050     0.944    0.195    0.969         0.004         14.102        rulex               40.000     1.00
mamba  1002 final      etop    in      2  0.100     0.636    0.919    0.822         0.002         12.117        rulex               16.541     1.00
mamba  1002 final      etop    in      3  0.200     0.458    1.681    0.661         0.002         11.642        rulex                5.485     1.00
mamba  1002 final      etop    in      4  0.300     0.214    3.039    0.564         0.000         11.640        rulex                0.200     1.00
mamba  1002 final      etop    in      6  0.400     0.027    7.343    0.526         0.000         15.781  gcm_hamming                0.752     1.00
mamba  1002 final      etop    in      7  0.500     0.005   17.044    0.676         0.000         26.650  gcm_hamming                0.752     1.00
mamba  1002 final      etop    in     17  0.600     0.005   16.918    0.542         0.000         24.858  gcm_hamming                0.603     1.00
mamba  1002 final      etop    in     29  0.700     0.005   16.857    0.377         0.000         21.687  gcm_hamming                0.311     1.00
mamba  1002 final      etop    in     42  0.800     0.006   16.687    0.222         0.000         17.412  gcm_hamming                0.311     1.00
mamba  1002 final      etop    in     57  0.900     0.006   16.625    0.092         0.004          9.395      uniform                0.200     1.00
mamba  1002 final      etop    in     65  0.950     0.007   16.531    0.034         0.002          4.627      uniform                0.603     1.00
mamba  1002 final      etop    in     74  1.000     0.007   16.624    0.004         0.009          0.118      uniform                0.200     0.00
mamba  1002 final      etop   out      0  0.000     0.993    0.035    0.998         0.000         16.992        rulex               40.000     1.00
mamba  1002 final      etop   out      1  0.050     0.946    0.216    0.998         0.000         15.260        rulex               40.000     1.00
mamba  1002 final      etop   out      1  0.100     0.946    0.216    0.998         0.000         15.260        rulex               40.000     1.00
mamba  1002 final      etop   out      2  0.200     0.655    0.888    0.986         0.000         13.682        rulex               16.541     1.00
mamba  1002 final      etop   out      3  0.300     0.444    1.596    0.975         0.000         12.279        rulex                5.485     1.00
mamba  1002 final      etop   out      4  0.400     0.178    2.600    0.932         0.000         11.045        rulex                0.603     1.00
mamba  1002 final      etop   out      5  0.500     0.099    3.233    0.901         0.002          9.599        rulex                0.388     1.00
mamba  1002 final      etop   out      6  0.600     0.009    4.552    0.825         0.002          8.623  gcm_hamming                0.752     1.00
mamba  1002 final      etop   out      7  0.700     0.001    5.746    0.791         0.002          7.843  gcm_hamming                0.752     1.00
mamba  1002 final      etop   out     20  0.800     0.001    5.562    0.679         0.002          5.966  gcm_hamming                0.603     1.00
mamba  1002 final      etop   out     45  0.900     0.006    5.273    0.431         0.000          2.970  gcm_hamming                0.484     1.00
mamba  1002 final      etop   out     59  0.950     0.006    5.133    0.214         0.000          1.445  gcm_hamming                0.388     1.00
mamba  1002 final      etop   out     74  1.000     0.007    5.004    0.004         0.004          0.000      uniform                0.200     0.50
mamba  1002 final      etop  both      0  0.000     0.993    0.035    0.998         0.000         16.992        rulex               40.000     1.00
mamba  1002 final      etop  both      1  0.050     0.971    0.121    0.951         0.016         10.953        rulex               40.000     0.98
mamba  1002 final      etop  both      2  0.100     0.714    0.705    0.775         0.016          9.094        rulex               20.627     0.98
mamba  1002 final      etop  both      3  0.200     0.582    1.222    0.532         0.013          6.058        rulex                5.485     0.98
mamba  1002 final      etop  both      4  0.300     0.276    2.126    0.382         0.007          3.599        rulex                0.752     1.00
mamba  1002 final      etop  both      6  0.400     0.035    4.831    0.267         0.005          4.654  gcm_hamming                0.752     1.00
mamba  1002 final      etop  both      7  0.500     0.008    8.183    0.303         0.000          7.620  gcm_hamming                0.752     1.00
mamba  1002 final      etop  both     17  0.600     0.006    6.867    0.182         0.004          4.678  gcm_hamming                0.484     1.00
mamba  1002 final      etop  both     29  0.700     0.007    5.897    0.110         0.000          2.383  gcm_hamming                0.388     1.00
mamba  1002 final      etop  both     42  0.800     0.006    5.611    0.074         0.004          1.359  gcm_hamming                0.200     1.00
mamba  1002 final      etop  both     57  0.900     0.007    5.279    0.020         0.004          0.353  gcm_hamming                0.200     1.00
mamba  1002 final      etop  both     65  0.950     0.007    5.127    0.007         0.002          0.106  gcm_hamming                0.200     1.00
mamba  1002 final      etop  both     74  1.000     0.007    5.004    0.004         0.004          0.000      uniform                0.200     0.50
mamba  1002 final   ebottom    in      0  0.000     0.993    0.035    0.998         0.000         16.992        rulex               40.000     1.00
mamba  1002 final   ebottom    in     10  0.050     0.995    0.023    0.991         0.005         14.646        rulex               40.000     0.98
mamba  1002 final   ebottom    in     18  0.100     0.997    0.017    0.950         0.041         11.906        rulex               40.000     0.96
mamba  1002 final   ebottom    in     33  0.200     0.999    0.006    0.677         0.295          5.009        rulex               40.000     0.70
mamba  1002 final   ebottom    in     46  0.300     0.999    0.004    0.312         0.629         -2.355        rulex               40.000     0.34
mamba  1002 final   ebottom    in     58  0.400     0.999    0.003    0.092         0.879         -9.439        rulex               40.000     0.10
mamba  1002 final   ebottom    in     68  0.500     0.999    0.006    0.020         0.969        -15.080        rulex               40.000     0.02
mamba  1002 final   ebottom    in     69  0.600     0.995    0.028    0.009         0.966        -15.396         rule               40.000     0.02
mamba  1002 final   ebottom    in     71  0.700     0.652    0.981    0.009         0.494        -14.095         rule               10.637     0.02
mamba  1002 final   ebottom    in     72  0.800     0.274    2.237    0.014         0.173        -12.624         rule                2.828     0.06
mamba  1002 final   ebottom    in     73  0.900     0.059    4.020    0.016         0.036         -9.867        rulex                0.200     0.26
mamba  1002 final   ebottom    in     74  0.950     0.007   16.624    0.004         0.009          0.118      uniform                0.200     0.00
mamba  1002 final   ebottom    in     74  1.000     0.007   16.624    0.004         0.009          0.118      uniform                0.200     0.00
mamba  1002 final   ebottom   out      0  0.000     0.993    0.035    0.998         0.000         16.992        rulex               40.000     1.00
mamba  1002 final   ebottom   out     16  0.050     0.994    0.030    0.995         0.002         15.450        rulex               40.000     1.00
mamba  1002 final   ebottom   out     30  0.100     0.995    0.027    0.989         0.002         13.930        rulex               40.000     1.00
mamba  1002 final   ebottom   out     55  0.200     0.996    0.021    0.937         0.023         10.915        rulex               40.000     0.98
mamba  1002 final   ebottom   out     68  0.300     0.994    0.033    0.798         0.063          8.368        rulex               40.000     0.92
mamba  1002 final   ebottom   out     69  0.400     0.985    0.095    0.714         0.047          7.393        rulex               40.000     0.94
mamba  1002 final   ebottom   out     70  0.500     0.955    0.320    0.526         0.040          5.947        rulex               25.722     0.92
mamba  1002 final   ebottom   out     71  0.600     0.786    1.072    0.319         0.036          4.713        rulex               13.264     0.90
mamba  1002 final   ebottom   out     72  0.700     0.401    2.198    0.112         0.023          3.309        rulex                4.398     0.84
mamba  1002 final   ebottom   out     73  0.800     0.068    3.513    0.036         0.002          1.732        rulex                0.200     1.00
mamba  1002 final   ebottom   out     74  0.900     0.007    5.004    0.004         0.004          0.000      uniform                0.200     0.50
mamba  1002 final   ebottom   out     74  0.950     0.007    5.004    0.004         0.004          0.000      uniform                0.200     0.50
mamba  1002 final   ebottom   out     74  1.000     0.007    5.004    0.004         0.004          0.000      uniform                0.200     0.50
mamba  1002 final   ebottom  both      0  0.000     0.993    0.035    0.998         0.000         16.992        rulex               40.000     1.00
mamba  1002 final   ebottom  both     10  0.050     0.996    0.020    0.982         0.011         13.127        rulex               40.000     0.98
mamba  1002 final   ebottom  both     18  0.100     0.998    0.013    0.885         0.085          8.950        rulex               40.000     0.92
mamba  1002 final   ebottom  both     33  0.200     0.999    0.003    0.310         0.564         -0.391        rulex               40.000     0.36
mamba  1002 final   ebottom  both     46  0.300     1.000    0.005    0.070         0.784         -7.416        rulex               40.000     0.08
mamba  1002 final   ebottom  both     58  0.400     0.999    0.029    0.013         0.910        -10.547         rule               40.000     0.02
mamba  1002 final   ebottom  both     68  0.500     0.999    0.117    0.002         0.977        -13.143         rule               40.000     0.00
mamba  1002 final   ebottom  both     69  0.600     0.977    0.609    0.000         0.944        -13.034         rule               40.000     0.00
mamba  1002 final   ebottom  both     71  0.700     0.689    1.507    0.002         0.685        -13.283         rule                8.530     0.00
mamba  1002 final   ebottom  both     72  0.800     0.084    3.128    0.011         0.088         -8.744         rule                0.200     0.06
mamba  1002 final   ebottom  both     73  0.900     0.007    5.004    0.004         0.004          0.000      uniform                0.200     0.50
mamba  1002 final   ebottom  both     74  0.950     0.007    5.004    0.004         0.004          0.000      uniform                0.200     0.50
mamba  1002 final   ebottom  both     74  1.000     0.007    5.004    0.004         0.004          0.000      uniform                0.200     0.50
mamba  1002 final     erand    in      0  0.000     0.993    0.035    0.998         0.000         16.992        rulex               40.000     1.00
mamba  1002 final     erand    in      1  0.050     0.989    0.047    0.984         0.004         15.620        rulex               40.000     1.00
mamba  1002 final     erand    in      3  0.100     0.930    0.241    0.879         0.013         12.373        rulex               32.076     0.98
mamba  1002 final     erand    in      5  0.200     0.805    0.627    0.732         0.016         10.781        rulex               13.264     0.98
mamba  1002 final     erand    in     14  0.300     0.833    0.534    0.550         0.054          6.341        rulex               13.264     0.92
mamba  1002 final     erand    in     19  0.400     0.579    1.324    0.341         0.027          4.359        rulex                3.527     0.94
mamba  1002 final     erand    in     32  0.500     0.639    1.116    0.171         0.123         -2.020        rulex                4.398     0.58
mamba  1002 final     erand    in     37  0.600     0.201    2.722    0.086         0.018         -3.600        rulex                0.200     0.84
mamba  1002 final     erand    in     48  0.700     0.042    4.394    0.079         0.011         -3.025        rulex                0.311     1.00
mamba  1002 final     erand    in     51  0.800     0.005   16.671    0.162         0.000         15.637  gcm_hamming                0.200     1.00
mamba  1002 final     erand    in     61  0.900     0.007   16.669    0.070         0.000          9.115  gcm_hamming                0.249     1.00
mamba  1002 final     erand    in     67  0.950     0.007   16.588    0.031         0.005          4.463      uniform                0.200     1.00
mamba  1002 final     erand    in     74  1.000     0.007   16.624    0.004         0.009          0.118      uniform                0.200     0.00
mamba  1002 final     erand    in      0  0.000     0.993    0.035    0.998         0.000         16.992        rulex               40.000     1.00
mamba  1002 final     erand    in      7  0.050     0.954    0.169    0.899         0.023         11.518        rulex               40.000     0.98
mamba  1002 final     erand    in      7  0.100     0.954    0.169    0.899         0.023         11.518        rulex               40.000     0.98
mamba  1002 final     erand    in     10  0.200     0.657    0.841    0.654         0.016          8.573        rulex               16.541     0.98
mamba  1002 final     erand    in     16  0.300     0.502    1.481    0.411         0.005          6.357        rulex                5.485     1.00
mamba  1002 final     erand    in     24  0.400     0.525    1.371    0.250         0.023          2.536        rulex                5.485     0.92
mamba  1002 final     erand    in     38  0.500     0.561    1.229    0.103         0.079         -3.654        rulex                5.485     0.56
mamba  1002 final     erand    in     44  0.600     0.617    1.132    0.065         0.180         -5.625        rulex                6.840     0.26
mamba  1002 final     erand    in     56  0.700     0.239    2.470    0.032         0.101         -8.513        rulex                0.200     0.24
mamba  1002 final     erand    in     60  0.800     0.045    4.315    0.023         0.022         -6.437        rulex                0.200     0.52
mamba  1002 final     erand    in     70  0.900     0.046    4.348    0.018         0.023         -7.578         rule                0.200     0.40
mamba  1002 final     erand    in     72  0.950     0.007   16.550    0.013         0.007          1.059  gcm_hamming                0.200     1.00
mamba  1002 final     erand    in     74  1.000     0.007   16.624    0.004         0.009          0.118      uniform                0.200     0.00
mamba  1002 final     erand    in      0  0.000     0.993    0.035    0.998         0.000         16.992        rulex               40.000     1.00
mamba  1002 final     erand    in      2  0.050     0.985    0.063    0.977         0.009         14.858        rulex               40.000     0.98
mamba  1002 final     erand    in      5  0.100     0.987    0.053    0.962         0.014         13.438        rulex               40.000     0.98
mamba  1002 final     erand    in      7  0.200     0.926    0.262    0.777         0.027         10.001        rulex               20.627     0.96
mamba  1002 final     erand    in     12  0.300     0.420    1.663    0.400         0.011          6.522        rulex                4.398     0.98
mamba  1002 final     erand    in     20  0.400     0.430    1.572    0.263         0.027          2.716        rulex                4.398     0.92
mamba  1002 final     erand    in     27  0.500     0.177    2.895    0.160         0.009          0.195        rulex                0.200     0.98
mamba  1002 final     erand    in     35  0.600     0.044    4.472    0.115         0.005         -0.897        rulex                0.200     1.00
mamba  1002 final     erand    in     43  0.700     0.047    4.251    0.074         0.005         -4.180        rulex                0.200     1.00
mamba  1002 final     erand    in     56  0.800     0.052    4.022    0.027         0.016         -7.382        rulex                0.249     0.66
mamba  1002 final     erand    in     68  0.900     0.006   16.749    0.014         0.002          3.230      uniform                0.200     1.00
mamba  1002 final     erand    in     68  0.950     0.006   16.749    0.014         0.002          3.230      uniform                0.200     1.00
mamba  1002 final     erand    in     74  1.000     0.007   16.624    0.004         0.009          0.118      uniform                0.200     0.00
mamba  1002 final     erand   out      0  0.000     0.993    0.035    0.998         0.000         16.992        rulex               40.000     1.00
mamba  1002 final     erand   out      1  0.050     0.985    0.069    0.998         0.000         16.211        rulex               40.000     1.00
mamba  1002 final     erand   out      3  0.100     0.904    0.377    0.993         0.000         14.336        rulex               25.722     1.00
mamba  1002 final     erand   out      3  0.200     0.904    0.377    0.993         0.000         14.336        rulex               25.722     1.00
mamba  1002 final     erand   out      5  0.300     0.752    0.890    0.980         0.000         12.932        rulex               10.637     1.00
mamba  1002 final     erand   out     19  0.400     0.497    1.687    0.939         0.000          9.965        rulex                2.828     1.00
mamba  1002 final     erand   out     23  0.500     0.515    1.649    0.917         0.000          9.460        rulex                2.828     1.00
mamba  1002 final     erand   out     34  0.600     0.145    2.801    0.791         0.000          6.918        rulex                0.388     1.00
mamba  1002 final     erand   out     48  0.700     0.028    4.000    0.479         0.000          3.763  gcm_hamming                0.200     1.00
mamba  1002 final     erand   out     48  0.800     0.028    4.000    0.479         0.000          3.763  gcm_hamming                0.200     1.00
mamba  1002 final     erand   out     51  0.900     0.004    5.238    0.391         0.000          2.575  gcm_hamming                0.484     1.00
mamba  1002 final     erand   out     62  0.950     0.007    5.127    0.187         0.002          1.414  gcm_hamming                0.200     1.00
mamba  1002 final     erand   out     74  1.000     0.007    5.004    0.004         0.004          0.000      uniform                0.200     0.50
mamba  1002 final     erand   out      0  0.000     0.993    0.035    0.998         0.000         16.992        rulex               40.000     1.00
mamba  1002 final     erand   out      7  0.050     0.951    0.201    0.998         0.000         14.528        rulex               40.000     1.00
mamba  1002 final     erand   out      7  0.100     0.951    0.201    0.998         0.000         14.528        rulex               40.000     1.00
mamba  1002 final     erand   out     10  0.200     0.674    0.835    0.982         0.000         12.667        rulex               16.541     1.00
mamba  1002 final     erand   out     12  0.300     0.674    0.832    0.977         0.000         12.444        rulex               16.541     1.00
mamba  1002 final     erand   out     16  0.400     0.472    1.498    0.948         0.002         10.729        rulex                5.485     1.00
mamba  1002 final     erand   out     39  0.500     0.555    1.324    0.849         0.002          7.990        rulex                6.840     1.00
mamba  1002 final     erand   out     42  0.600     0.491    1.738    0.764         0.002          6.815        rulex                5.485     1.00
mamba  1002 final     erand   out     56  0.700     0.175    2.780    0.508         0.005          4.477        rulex                0.200     1.00
mamba  1002 final     erand   out     60  0.800     0.032    3.946    0.281         0.005          2.678        rulex                0.200     1.00
mamba  1002 final     erand   out     72  0.900     0.006    5.025    0.025         0.002          0.201      uniform                0.200     1.00
mamba  1002 final     erand   out     72  0.950     0.006    5.025    0.025         0.002          0.201      uniform                0.200     1.00
mamba  1002 final     erand   out     74  1.000     0.007    5.004    0.004         0.004          0.000      uniform                0.200     0.50
mamba  1002 final     erand   out      0  0.000     0.993    0.035    0.998         0.000         16.992        rulex               40.000     1.00
mamba  1002 final     erand   out      2  0.050     0.985    0.067    0.993         0.002         15.436        rulex               40.000     1.00
mamba  1002 final     erand   out      2  0.100     0.985    0.067    0.993         0.002         15.436        rulex               40.000     1.00
mamba  1002 final     erand   out      7  0.200     0.901    0.382    0.993         0.000         13.244        rulex               20.627     1.00
mamba  1002 final     erand   out      8  0.300     0.631    1.131    0.973         0.002         12.268        rulex                6.840     1.00
mamba  1002 final     erand   out     12  0.400     0.348    1.892    0.948         0.002         11.146        rulex                3.527     1.00
mamba  1002 final     erand   out     25  0.500     0.379    1.775    0.915         0.002          9.631        rulex                4.398     1.00
mamba  1002 final     erand   out     27  0.600     0.116    2.935    0.856         0.000          8.097        rulex                0.200     1.00
mamba  1002 final     erand   out     35  0.700     0.026    4.078    0.710         0.000          6.110  gcm_hamming                0.603     1.00
mamba  1002 final     erand   out     53  0.800     0.030    3.906    0.476         0.000          4.007        rulex                0.311     1.00
mamba  1002 final     erand   out     68  0.900     0.009    5.063    0.050         0.004          0.639      uniform                0.200     1.00
mamba  1002 final     erand   out     68  0.950     0.009    5.063    0.050         0.004          0.639      uniform                0.200     1.00
mamba  1002 final     erand   out     74  1.000     0.007    5.004    0.004         0.004          0.000      uniform                0.200     0.50
mamba  1002 final     erand  both      0  0.000     0.993    0.035    0.998         0.000         16.992        rulex               40.000     1.00
mamba  1002 final     erand  both      1  0.050     0.991    0.040    0.975         0.004         14.222        rulex               40.000     1.00
mamba  1002 final     erand  both      3  0.100     0.946    0.198    0.777         0.025          9.824        rulex               40.000     0.96
mamba  1002 final     erand  both      5  0.200     0.858    0.483    0.535         0.041          6.538        rulex               16.541     0.92
mamba  1002 final     erand  both     14  0.300     0.341    1.873    0.295         0.018          3.578        rulex                6.840     0.96
mamba  1002 final     erand  both     19  0.400     0.222    2.632    0.151         0.014          1.380        rulex                1.459     0.94
mamba  1002 final     erand  both     32  0.500     0.269    2.389    0.054         0.034         -2.948        rulex                1.819     0.62
mamba  1002 final     erand  both     37  0.600     0.053    3.763    0.029         0.011         -2.530        rulex                0.200     0.78
mamba  1002 final     erand  both     48  0.700     0.072    3.354    0.011         0.036         -7.098         rule                0.200     0.18
mamba  1002 final     erand  both     51  0.800     0.007    6.306    0.022         0.002          1.803      uniform                0.388     1.00
mamba  1002 final     erand  both     61  0.900     0.006    5.036    0.005         0.005          0.064      uniform                0.249     0.50
mamba  1002 final     erand  both     67  0.950     0.007    5.042    0.005         0.009          0.047      uniform                0.311     0.00
mamba  1002 final     erand  both     74  1.000     0.007    5.004    0.004         0.004          0.000      uniform                0.200     0.50
mamba  1002 final     erand  both      0  0.000     0.993    0.035    0.998         0.000         16.992        rulex               40.000     1.00
mamba  1002 final     erand  both      7  0.050     0.960    0.152    0.852         0.034         10.171        rulex               40.000     0.96
mamba  1002 final     erand  both      7  0.100     0.934    0.272    0.759         0.031          8.556        rulex               25.722     0.96
mamba  1002 final     erand  both     10  0.200     0.510    1.408    0.470         0.014          6.592        rulex                5.485     0.98
mamba  1002 final     erand  both     16  0.300     0.664    0.991    0.159         0.099         -0.610        rulex                8.530     0.62
mamba  1002 final     erand  both     24  0.400     0.647    1.170    0.112         0.148         -1.426        rulex                6.840     0.44
mamba  1002 final     erand  both     38  0.500     0.244    2.434    0.034         0.074         -3.082        rulex                0.200     0.30
mamba  1002 final     erand  both     44  0.600     0.293    2.159    0.016         0.117         -6.347        rulex                0.200     0.10
mamba  1002 final     erand  both     56  0.700     0.062    3.508    0.014         0.029         -5.605         rule                0.200     0.30
mamba  1002 final     erand  both     60  0.800     0.008    5.189    0.022         0.002          0.372  gcm_hamming                0.603     1.00
mamba  1002 final     erand  both     70  0.900     0.008    5.078    0.013         0.002          0.143   gcm_linear                0.388     1.00
mamba  1002 final     erand  both     72  0.950     0.006    5.084    0.013         0.005          0.031   gcm_linear                0.200     1.00
mamba  1002 final     erand  both     74  1.000     0.007    5.004    0.004         0.004          0.000      uniform                0.200     0.50
mamba  1002 final     erand  both      0  0.000     0.993    0.035    0.998         0.000         16.992        rulex               40.000     1.00
mamba  1002 final     erand  both      2  0.050     0.937    0.242    0.964         0.004         14.221        rulex               25.722     1.00
mamba  1002 final     erand  both      5  0.100     0.946    0.219    0.928         0.009         12.807        rulex               25.722     0.98
mamba  1002 final     erand  both      7  0.200     0.719    0.829    0.602         0.018          7.005        rulex                8.530     0.98
mamba  1002 final     erand  both     12  0.300     0.172    2.623    0.238         0.005          3.141        rulex                0.200     1.00
mamba  1002 final     erand  both     20  0.400     0.185    2.498    0.146         0.007          0.183        rulex                0.200     0.98
mamba  1002 final     erand  both     27  0.500     0.048    4.026    0.090         0.005          0.210        rulex                0.200     1.00
mamba  1002 final     erand  both     35  0.600     0.007    5.647    0.114         0.002          3.386  gcm_hamming                0.200     1.00
mamba  1002 final     erand  both     43  0.700     0.008    5.425    0.038         0.004          1.723      uniform                0.200     1.00
mamba  1002 final     erand  both     56  0.800     0.009    5.124    0.025         0.005          0.335  gcm_hamming                0.200     1.00
mamba  1002 final     erand  both     68  0.900     0.007    5.011    0.009         0.009          0.006      uniform                0.200     0.50
mamba  1002 final     erand  both     68  0.950     0.007    5.011    0.009         0.009          0.006      uniform                0.200     0.50
mamba  1002 final     erand  both     74  1.000     0.007    5.004    0.004         0.004          0.000      uniform                0.200     0.50
mamba  1002 final      topk    in     57  0.000     0.993    0.035    0.998         0.000         16.992        rulex               40.000     1.00
mamba  1002 final      topk    in     57  0.250     0.991    0.043    0.998         0.000         17.775        rulex               40.000     1.00
mamba  1002 final      topk    in     57  0.500     0.982    0.071    0.996         0.000         18.793        rulex               40.000     1.00
mamba  1002 final      topk    in     57  0.750     0.858    0.576    0.984         0.002         19.709        rulex               16.541     1.00
mamba  1002 final      topk    in     57  1.000     0.006   16.625    0.092         0.004          9.395      uniform                0.200     1.00
mamba  1002 final      topk   out     45  0.000     0.993    0.035    0.998         0.000         16.992        rulex               40.000     1.00
mamba  1002 final      topk   out     45  0.250     0.991    0.052    0.998         0.000         13.486        rulex               40.000     1.00
mamba  1002 final      topk   out     45  0.500     0.985    0.169    0.996         0.000          9.981        rulex               40.000     1.00
mamba  1002 final      topk   out     45  0.750     0.934    1.233    0.991         0.002          6.475        rulex               25.722     1.00
mamba  1002 final      topk   out     45  1.000     0.006    5.273    0.431         0.000          2.970  gcm_hamming                0.484     1.00
mamba  1002 final      topk  both     57  0.000     0.993    0.035    0.998         0.000         16.992        rulex               40.000     1.00
mamba  1002 final      topk  both     57  0.250     0.989    0.057    0.998         0.000         13.739        rulex               40.000     1.00
mamba  1002 final      topk  both     57  0.500     0.978    0.217    0.998         0.000         10.195        rulex               40.000     1.00
mamba  1002 final      topk  both     57  0.750     0.774    1.793    0.986         0.002          5.984        rulex               10.637     1.00
mamba  1002 final      topk  both     57  1.000     0.007    5.149    0.009         0.000          0.220  gcm_hamming                0.388     1.00
mamba  1002 final     randk    in     17  0.000     0.993    0.035    0.998         0.000         16.992        rulex               40.000     1.00
mamba  1002 final     randk    in     17  0.250     0.995    0.030    0.995         0.002         16.124        rulex               40.000     1.00
mamba  1002 final     randk    in     17  0.500     0.995    0.025    0.991         0.005         15.075        rulex               40.000     0.98
mamba  1002 final     randk    in     17  0.750     0.996    0.020    0.984         0.011         13.803        rulex               40.000     0.98
mamba  1002 final     randk    in     17  1.000     0.997    0.017    0.960         0.034         12.263        rulex               40.000     0.96
mamba  1002 final     randk    in     17  0.000     0.993    0.035    0.998         0.000         16.992        rulex               40.000     1.00
mamba  1002 final     randk    in     17  0.250     0.995    0.030    0.995         0.002         16.124        rulex               40.000     1.00
mamba  1002 final     randk    in     17  0.500     0.995    0.025    0.991         0.005         15.075        rulex               40.000     0.98
mamba  1002 final     randk    in     17  0.750     0.996    0.020    0.984         0.011         13.803        rulex               40.000     0.98
mamba  1002 final     randk    in     17  1.000     0.997    0.017    0.960         0.034         12.263        rulex               40.000     0.96
mamba  1002 final     randk    in     17  0.000     0.993    0.035    0.998         0.000         16.992        rulex               40.000     1.00
mamba  1002 final     randk    in     17  0.250     0.995    0.030    0.995         0.002         16.124        rulex               40.000     1.00
mamba  1002 final     randk    in     17  0.500     0.995    0.025    0.991         0.005         15.075        rulex               40.000     0.98
mamba  1002 final     randk    in     17  0.750     0.996    0.020    0.984         0.011         13.803        rulex               40.000     0.98
mamba  1002 final     randk    in     17  1.000     0.997    0.017    0.960         0.034         12.263        rulex               40.000     0.96
mamba  1002 final     randk   out     29  0.000     0.993    0.035    0.998         0.000         16.992        rulex               40.000     1.00
mamba  1002 final     randk   out     29  0.250     0.994    0.032    0.995         0.002         16.249        rulex               40.000     1.00
mamba  1002 final     randk   out     29  0.500     0.994    0.030    0.995         0.002         15.507        rulex               40.000     1.00
mamba  1002 final     randk   out     29  0.750     0.995    0.028    0.993         0.002         14.764        rulex               40.000     1.00
mamba  1002 final     randk   out     29  1.000     0.995    0.027    0.989         0.002         14.022        rulex               40.000     1.00
mamba  1002 final     randk   out     29  0.000     0.993    0.035    0.998         0.000         16.992        rulex               40.000     1.00
mamba  1002 final     randk   out     29  0.250     0.994    0.032    0.995         0.002         16.249        rulex               40.000     1.00
mamba  1002 final     randk   out     29  0.500     0.994    0.030    0.995         0.002         15.507        rulex               40.000     1.00
mamba  1002 final     randk   out     29  0.750     0.995    0.028    0.993         0.002         14.764        rulex               40.000     1.00
mamba  1002 final     randk   out     29  1.000     0.995    0.027    0.989         0.002         14.022        rulex               40.000     1.00
mamba  1002 final     randk   out     29  0.000     0.993    0.035    0.998         0.000         16.992        rulex               40.000     1.00
mamba  1002 final     randk   out     29  0.250     0.994    0.032    0.995         0.002         16.249        rulex               40.000     1.00
mamba  1002 final     randk   out     29  0.500     0.994    0.030    0.995         0.002         15.507        rulex               40.000     1.00
mamba  1002 final     randk   out     29  0.750     0.995    0.028    0.993         0.002         14.764        rulex               40.000     1.00
mamba  1002 final     randk   out     29  1.000     0.995    0.027    0.989         0.002         14.022        rulex               40.000     1.00
mamba  1002 final     randk  both     17  0.000     0.993    0.035    0.998         0.000         16.992        rulex               40.000     1.00
mamba  1002 final     randk  both     17  0.250     0.995    0.028    0.995         0.002         15.714        rulex               40.000     1.00
mamba  1002 final     randk  both     17  0.500     0.996    0.022    0.987         0.007         14.259        rulex               40.000     0.98
mamba  1002 final     randk  both     17  0.750     0.997    0.018    0.977         0.014         12.591        rulex               40.000     0.98
mamba  1002 final     randk  both     17  1.000     0.998    0.014    0.930         0.056         10.668        rulex               40.000     0.94
mamba  1002 final     randk  both     17  0.000     0.993    0.035    0.998         0.000         16.992        rulex               40.000     1.00
mamba  1002 final     randk  both     17  0.250     0.995    0.028    0.995         0.002         15.714        rulex               40.000     1.00
mamba  1002 final     randk  both     17  0.500     0.996    0.022    0.987         0.007         14.259        rulex               40.000     0.98
mamba  1002 final     randk  both     17  0.750     0.997    0.018    0.977         0.014         12.591        rulex               40.000     0.98
mamba  1002 final     randk  both     17  1.000     0.998    0.014    0.930         0.056         10.668        rulex               40.000     0.94
mamba  1002 final     randk  both     17  0.000     0.993    0.035    0.998         0.000         16.992        rulex               40.000     1.00
mamba  1002 final     randk  both     17  0.250     0.995    0.028    0.995         0.002         15.714        rulex               40.000     1.00
mamba  1002 final     randk  both     17  0.500     0.996    0.022    0.987         0.007         14.259        rulex               40.000     0.98
mamba  1002 final     randk  both     17  0.750     0.997    0.018    0.977         0.014         12.591        rulex               40.000     0.98
mamba  1002 final     randk  both     17  1.000     0.998    0.014    0.930         0.056         10.668        rulex               40.000     0.94
mamba  1002 final  residual    in     17  0.000     0.993    0.035    0.998         0.000         16.992        rulex               40.000     1.00
mamba  1002 final  residual    in     17  0.250     0.995    0.030    0.995         0.002         16.124        rulex               40.000     1.00
mamba  1002 final  residual    in     17  0.500     0.995    0.025    0.991         0.005         15.075        rulex               40.000     0.98
mamba  1002 final  residual    in     17  0.750     0.996    0.020    0.984         0.011         13.803        rulex               40.000     0.98
mamba  1002 final  residual    in     17  1.000     0.997    0.017    0.960         0.034         12.263        rulex               40.000     0.96
mamba  1002 final  residual   out     29  0.000     0.993    0.035    0.998         0.000         16.992        rulex               40.000     1.00
mamba  1002 final  residual   out     29  0.250     0.994    0.032    0.995         0.002         16.249        rulex               40.000     1.00
mamba  1002 final  residual   out     29  0.500     0.994    0.030    0.995         0.002         15.507        rulex               40.000     1.00
mamba  1002 final  residual   out     29  0.750     0.995    0.028    0.993         0.002         14.764        rulex               40.000     1.00
mamba  1002 final  residual   out     29  1.000     0.995    0.027    0.989         0.002         14.022        rulex               40.000     1.00
mamba  1002 final  residual  both     17  0.000     0.993    0.035    0.998         0.000         16.992        rulex               40.000     1.00
mamba  1002 final  residual  both     17  0.250     0.995    0.028    0.995         0.002         15.714        rulex               40.000     1.00
mamba  1002 final  residual  both     17  0.500     0.996    0.022    0.987         0.007         14.259        rulex               40.000     0.98
mamba  1002 final  residual  both     17  0.750     0.997    0.018    0.977         0.014         12.591        rulex               40.000     0.98
mamba  1002 final  residual  both     17  1.000     0.998    0.014    0.930         0.056         10.668        rulex               40.000     0.94
mamba  1002 final   neurons units      0  0.000     0.993    0.035    0.998         0.000         16.992        rulex               40.000     1.00
mamba  1002 final   neurons units      1  0.001     0.993    0.035    0.998         0.000         16.948        rulex               40.000     1.00
mamba  1002 final   neurons units      2  0.001     0.993    0.035    0.998         0.000         16.901        rulex               40.000     1.00
mamba  1002 final   neurons units      4  0.003     0.993    0.035    0.995         0.002         16.825        rulex               40.000     1.00
mamba  1002 final   neurons units      8  0.005     0.993    0.035    0.996         0.002         16.678        rulex               40.000     1.00
mamba  1002 final   neurons units     16  0.010     0.993    0.034    0.996         0.002         16.419        rulex               40.000     1.00
mamba  1002 final   neurons units     32  0.021     0.993    0.034    0.995         0.002         15.974        rulex               40.000     1.00
mamba  1002 final   neurons units     64  0.042     0.994    0.034    0.991         0.002         15.145        rulex               40.000     1.00
mamba  1002 final   neurons units    128  0.083     0.994    0.033    0.984         0.007         13.559        rulex               40.000     0.98
mamba  1002 final   neurons units    256  0.167     0.994    0.033    0.928         0.040         10.605        rulex               40.000     0.96
mamba  1002 final   neurons units    512  0.333     0.992    0.047    0.652         0.162          5.793        rulex               40.000     0.80
mamba  1002 final randunits units      0  0.000     0.993    0.035    0.998         0.000         16.992        rulex               40.000     1.00
mamba  1002 final randunits units      1  0.001     0.993    0.036    0.998         0.000         16.986        rulex               40.000     1.00
mamba  1002 final randunits units      2  0.001     0.993    0.035    0.998         0.000         16.974        rulex               40.000     1.00
mamba  1002 final randunits units      4  0.003     0.993    0.036    0.998         0.000         16.930        rulex               40.000     1.00
mamba  1002 final randunits units      8  0.005     0.993    0.036    0.998         0.000         17.049        rulex               40.000     1.00
mamba  1002 final randunits units     16  0.010     0.992    0.035    0.996         0.000         16.881        rulex               40.000     1.00
mamba  1002 final randunits units     32  0.021     0.993    0.035    0.998         0.000         16.770        rulex               40.000     1.00
mamba  1002 final randunits units     64  0.042     0.993    0.037    0.995         0.002         16.839        rulex               40.000     1.00
mamba  1002 final randunits units    128  0.083     0.991    0.039    0.993         0.002         16.549        rulex               40.000     1.00
mamba  1002 final randunits units    256  0.167     0.988    0.050    0.995         0.000         16.373        rulex               40.000     1.00
mamba  1002 final randunits units    512  0.333     0.984    0.067    0.984         0.000         15.284        rulex               40.000     1.00
mamba  1002 final randunits units      0  0.000     0.993    0.035    0.998         0.000         16.992        rulex               40.000     1.00
mamba  1002 final randunits units      1  0.001     0.993    0.035    0.998         0.000         16.965        rulex               40.000     1.00
mamba  1002 final randunits units      2  0.001     0.993    0.035    0.998         0.000         16.955        rulex               40.000     1.00
mamba  1002 final randunits units      4  0.003     0.993    0.036    0.998         0.000         17.036        rulex               40.000     1.00
mamba  1002 final randunits units      8  0.005     0.993    0.036    0.998         0.000         17.011        rulex               40.000     1.00
mamba  1002 final randunits units     16  0.010     0.992    0.037    0.998         0.000         16.949        rulex               40.000     1.00
mamba  1002 final randunits units     32  0.021     0.992    0.037    0.998         0.000         16.910        rulex               40.000     1.00
mamba  1002 final randunits units     64  0.042     0.993    0.034    0.996         0.000         16.741        rulex               40.000     1.00
mamba  1002 final randunits units    128  0.083     0.992    0.039    0.998         0.000         16.570        rulex               40.000     1.00
mamba  1002 final randunits units    256  0.167     0.991    0.040    0.989         0.005         16.307        rulex               40.000     0.98
mamba  1002 final randunits units    512  0.333     0.985    0.063    0.978         0.005         14.881        rulex               40.000     0.98
mamba  1002 final randunits units      0  0.000     0.993    0.035    0.998         0.000         16.992        rulex               40.000     1.00
mamba  1002 final randunits units      1  0.001     0.993    0.035    0.998         0.000         17.006        rulex               40.000     1.00
mamba  1002 final randunits units      2  0.001     0.993    0.036    0.998         0.000         16.989        rulex               40.000     1.00
mamba  1002 final randunits units      4  0.003     0.992    0.036    0.998         0.000         17.036        rulex               40.000     1.00
mamba  1002 final randunits units      8  0.005     0.993    0.036    0.998         0.000         16.918        rulex               40.000     1.00
mamba  1002 final randunits units     16  0.010     0.993    0.035    0.998         0.000         16.892        rulex               40.000     1.00
mamba  1002 final randunits units     32  0.021     0.992    0.036    0.998         0.000         17.027        rulex               40.000     1.00
mamba  1002 final randunits units     64  0.042     0.992    0.037    0.998         0.000         16.861        rulex               40.000     1.00
mamba  1002 final randunits units    128  0.083     0.993    0.034    0.996         0.000         16.458        rulex               40.000     1.00
mamba  1002 final randunits units    256  0.167     0.990    0.046    0.995         0.002         16.458        rulex               40.000     1.00
mamba  1002 final randunits units    512  0.333     0.986    0.059    0.971         0.009         14.283        rulex               40.000     0.98
mamba  1000 final      none     -      0  0.000     1.000    0.000      NaN           NaN            NaN         rule               40.000     0.00
mamba  1000 final   lowpass    in      0  0.000     0.006   17.667      NaN           NaN            NaN  gcm_hamming                0.200     0.00
mamba  1000 final   lowpass    in      1  1.000     0.008   19.538      NaN           NaN            NaN  gcm_hamming                0.200     0.00
mamba  1000 final   lowpass    in      2  2.000     0.007   20.390      NaN           NaN            NaN      uniform                0.200     0.00
mamba  1000 final   lowpass    in      3  3.000     0.011   20.657      NaN           NaN            NaN         rule                1.170     0.00
mamba  1000 final   lowpass    in      4  4.000     0.008   21.306      NaN           NaN            NaN      uniform                1.819     0.00
mamba  1000 final   lowpass    in      6  6.000     0.008   21.722      NaN           NaN            NaN      uniform                0.200     0.00
mamba  1000 final   lowpass    in      8  8.000     0.006   21.790      NaN           NaN            NaN      uniform                0.603     0.00
mamba  1000 final   lowpass    in     12 12.000     0.006   22.520      NaN           NaN            NaN      uniform                0.603     0.00
mamba  1000 final   lowpass    in     16 16.000     0.008   21.178      NaN           NaN            NaN      uniform                0.603     0.00
mamba  1000 final   lowpass    in     24 24.000     0.007   21.602      NaN           NaN            NaN      uniform                0.484     0.00
mamba  1000 final   lowpass    in     32 32.000     0.056    4.817      NaN           NaN            NaN         rule                0.200     0.00
mamba  1000 final   lowpass    in     48 48.000     0.270    2.616      NaN           NaN            NaN         rule                2.828     0.00
mamba  1000 final   lowpass    in     74 74.000     1.000    0.000      NaN           NaN            NaN         rule               40.000     0.00
mamba  1000 final   lowpass   out      0  0.000     0.007    5.004      NaN           NaN            NaN      uniform                0.200     0.00
mamba  1000 final   lowpass   out      1  1.000     0.007    5.015      NaN           NaN            NaN      uniform                0.200     0.00
mamba  1000 final   lowpass   out      2  2.000     0.008    5.014      NaN           NaN            NaN      uniform                0.200     0.00
mamba  1000 final   lowpass   out      3  3.000     0.009    5.002      NaN           NaN            NaN  gcm_hamming                0.200     0.00
mamba  1000 final   lowpass   out      4  4.000     0.006    5.009      NaN           NaN            NaN      uniform                0.200     0.00
mamba  1000 final   lowpass   out      6  6.000     0.007    5.018      NaN           NaN            NaN      uniform                0.200     0.00
mamba  1000 final   lowpass   out      8  8.000     0.005    5.021      NaN           NaN            NaN  gcm_hamming                0.200     0.00
mamba  1000 final   lowpass   out     12 12.000     0.018    4.985      NaN           NaN            NaN         rule                0.200     0.00
mamba  1000 final   lowpass   out     16 16.000     0.026    5.005      NaN           NaN            NaN         rule                0.752     0.00
mamba  1000 final   lowpass   out     24 24.000     0.017    5.040      NaN           NaN            NaN  gcm_hamming                0.200     0.00
mamba  1000 final   lowpass   out     32 32.000     0.094    3.555      NaN           NaN            NaN         rule                1.459     0.00
mamba  1000 final   lowpass   out     48 48.000     0.283    2.182      NaN           NaN            NaN         rule                3.527     0.00
mamba  1000 final   lowpass   out     74 74.000     1.000    0.000      NaN           NaN            NaN         rule               40.000     0.00
mamba  1000 final   lowpass  both      0  0.000     0.007    5.004      NaN           NaN            NaN      uniform                0.200     0.00
mamba  1000 final   lowpass  both      1  1.000     0.016    4.831      NaN           NaN            NaN gcm_circular                5.485     0.00
mamba  1000 final   lowpass  both      2  2.000     0.013    4.844      NaN           NaN            NaN gcm_circular                4.398     0.00
mamba  1000 final   lowpass  both      3  3.000     0.013    4.876      NaN           NaN            NaN gcm_circular                4.398     0.00
mamba  1000 final   lowpass  both      4  4.000     0.012    4.903      NaN           NaN            NaN gcm_circular                2.828     0.00
mamba  1000 final   lowpass  both      6  6.000     0.014    4.919      NaN           NaN            NaN gcm_circular                2.828     0.00
mamba  1000 final   lowpass  both      8  8.000     0.012    4.936      NaN           NaN            NaN gcm_circular                2.268     0.00
mamba  1000 final   lowpass  both     12 12.000     0.014    4.970      NaN           NaN            NaN gcm_circular                2.268     0.00
mamba  1000 final   lowpass  both     16 16.000     0.021    4.720      NaN           NaN            NaN gcm_circular                1.819     0.00
mamba  1000 final   lowpass  both     24 24.000     0.018    4.834      NaN           NaN            NaN gcm_circular                1.459     0.00
mamba  1000 final   lowpass  both     32 32.000     0.070    3.234      NaN           NaN            NaN         rule                0.200     0.00
mamba  1000 final   lowpass  both     48 48.000     0.410    1.614      NaN           NaN            NaN         rule                4.398     0.00
mamba  1000 final   lowpass  both     74 74.000     1.000    0.000      NaN           NaN            NaN         rule               40.000     0.00
mamba  1000 final      etop    in      0  0.000     1.000    0.000      NaN           NaN            NaN         rule               40.000     0.00
mamba  1000 final      etop    in      1  0.050     0.902    0.262      NaN           NaN            NaN         rule               20.627     0.00
mamba  1000 final      etop    in      1  0.100     0.902    0.262      NaN           NaN            NaN         rule               20.627     0.00
mamba  1000 final      etop    in      2  0.200     0.929    0.212      NaN           NaN            NaN         rule               25.722     0.00
mamba  1000 final      etop    in      3  0.300     0.687    0.870      NaN           NaN            NaN         rule                5.485     0.00
mamba  1000 final      etop    in      4  0.400     0.289    2.559      NaN           NaN            NaN         rule                5.485     0.00
mamba  1000 final      etop    in      5  0.500     0.068    4.564      NaN           NaN            NaN         rule                0.484     0.00
mamba  1000 final      etop    in      6  0.600     0.012   15.968      NaN           NaN            NaN         rule                0.200     0.00
mamba  1000 final      etop    in      9  0.700     0.006   22.335      NaN           NaN            NaN      uniform                0.388     0.00
mamba  1000 final      etop    in     23  0.800     0.006   22.681      NaN           NaN            NaN      uniform                0.603     0.00
mamba  1000 final      etop    in     47  0.900     0.005   22.157      NaN           NaN            NaN      uniform                0.200     0.00
mamba  1000 final      etop    in     60  0.950     0.007   22.155      NaN           NaN            NaN      uniform                0.200     0.00
mamba  1000 final      etop    in     74  1.000     0.006   17.667      NaN           NaN            NaN  gcm_hamming                0.200     0.00
mamba  1000 final      etop   out      0  0.000     1.000    0.000      NaN           NaN            NaN         rule               40.000     0.00
mamba  1000 final      etop   out      1  0.050     0.953    0.173      NaN           NaN            NaN         rule               32.076     0.00
mamba  1000 final      etop   out      1  0.100     0.953    0.173      NaN           NaN            NaN         rule               32.076     0.00
mamba  1000 final      etop   out      2  0.200     0.940    0.242      NaN           NaN            NaN         rule               25.722     0.00
mamba  1000 final      etop   out      2  0.300     0.940    0.242      NaN           NaN            NaN         rule               25.722     0.00
mamba  1000 final      etop   out      3  0.400     0.759    0.830      NaN           NaN            NaN         rule                6.840     0.00
mamba  1000 final      etop   out      4  0.500     0.324    2.092      NaN           NaN            NaN         rule                1.819     0.00
mamba  1000 final      etop   out      5  0.600     0.105    3.510      NaN           NaN            NaN         rule                0.603     0.00
mamba  1000 final      etop   out      6  0.700     0.026    4.999      NaN           NaN            NaN         rule                0.752     0.00
mamba  1000 final      etop   out     12  0.800     0.015    5.216      NaN           NaN            NaN  gcm_hamming                0.200     0.00
mamba  1000 final      etop   out     38  0.900     0.009    5.157      NaN           NaN            NaN      uniform                0.200     0.00
mamba  1000 final      etop   out     55  0.950     0.021    5.076      NaN           NaN            NaN         rule                0.200     0.00
mamba  1000 final      etop   out     74  1.000     0.007    5.004      NaN           NaN            NaN      uniform                0.200     0.00
mamba  1000 final      etop  both      0  0.000     1.000    0.000      NaN           NaN            NaN         rule               40.000     0.00
mamba  1000 final      etop  both      1  0.050     0.962    0.143      NaN           NaN            NaN         rule               32.076     0.00
mamba  1000 final      etop  both      1  0.100     0.962    0.143      NaN           NaN            NaN         rule               32.076     0.00
mamba  1000 final      etop  both      2  0.200     0.969    0.126      NaN           NaN            NaN         rule               32.076     0.00
mamba  1000 final      etop  both      3  0.300     0.774    0.611      NaN           NaN            NaN         rule                6.840     0.00
mamba  1000 final      etop  both      4  0.400     0.053    3.967      NaN           NaN            NaN gcm_circular                6.840     0.00
mamba  1000 final      etop  both      5  0.500     0.013    5.769      NaN           NaN            NaN         rule                0.200     0.00
mamba  1000 final      etop  both      6  0.600     0.024    7.316      NaN           NaN            NaN         rule                0.200     0.00
mamba  1000 final      etop  both      9  0.700     0.012    5.653      NaN           NaN            NaN  gcm_hamming                0.752     0.00
mamba  1000 final      etop  both     23  0.800     0.007    5.437      NaN           NaN            NaN gcm_circular                0.200     0.00
mamba  1000 final      etop  both     47  0.900     0.006    5.234      NaN           NaN            NaN      uniform                0.249     0.00
mamba  1000 final      etop  both     60  0.950     0.007    5.107      NaN           NaN            NaN      uniform                0.484     0.00
mamba  1000 final      etop  both     74  1.000     0.007    5.004      NaN           NaN            NaN      uniform                0.200     0.00
mamba  1000 final   ebottom    in      0  0.000     1.000    0.000      NaN           NaN            NaN         rule               40.000     0.00
mamba  1000 final   ebottom    in     15  0.050     1.000    0.000      NaN           NaN            NaN         rule               40.000     0.00
mamba  1000 final   ebottom    in     28  0.100     1.000    0.000      NaN           NaN            NaN         rule               40.000     0.00
mamba  1000 final   ebottom    in     52  0.200     1.000    0.000      NaN           NaN            NaN         rule               40.000     0.00
mamba  1000 final   ebottom    in     66  0.300     1.000    0.000      NaN           NaN            NaN         rule               40.000     0.00
mamba  1000 final   ebottom    in     69  0.400     1.000    0.002      NaN           NaN            NaN         rule               40.000     0.00
mamba  1000 final   ebottom    in     70  0.500     0.959    0.136      NaN           NaN            NaN         rule               40.000     0.00
mamba  1000 final   ebottom    in     71  0.600     0.622    0.969      NaN           NaN            NaN         rule                2.828     0.00
mamba  1000 final   ebottom    in     72  0.700     0.337    2.153      NaN           NaN            NaN         rule                3.527     0.00
mamba  1000 final   ebottom    in     73  0.800     0.071    4.544      NaN           NaN            NaN         rule                0.200     0.00
mamba  1000 final   ebottom    in     74  0.900     0.006   17.667      NaN           NaN            NaN  gcm_hamming                0.200     0.00
mamba  1000 final   ebottom    in     74  0.950     0.006   17.667      NaN           NaN            NaN  gcm_hamming                0.200     0.00
mamba  1000 final   ebottom    in     74  1.000     0.006   17.667      NaN           NaN            NaN  gcm_hamming                0.200     0.00
mamba  1000 final   ebottom   out      0  0.000     1.000    0.000      NaN           NaN            NaN         rule               40.000     0.00
mamba  1000 final   ebottom   out     20  0.050     1.000    0.000      NaN           NaN            NaN         rule               40.000     0.00
mamba  1000 final   ebottom   out     37  0.100     1.000    0.000      NaN           NaN            NaN         rule               40.000     0.00
mamba  1000 final   ebottom   out     63  0.200     1.000    0.000      NaN           NaN            NaN         rule               40.000     0.00
mamba  1000 final   ebottom   out     69  0.300     0.999    0.006      NaN           NaN            NaN         rule               40.000     0.00
mamba  1000 final   ebottom   out     70  0.400     0.993    0.070      NaN           NaN            NaN         rule               40.000     0.00
mamba  1000 final   ebottom   out     71  0.500     0.936    0.455      NaN           NaN            NaN         rule               40.000     0.00
mamba  1000 final   ebottom   out     72  0.600     0.601    1.590      NaN           NaN            NaN         rule                6.840     0.00
mamba  1000 final   ebottom   out     73  0.700     0.089    3.206      NaN           NaN            NaN         rule                0.200     0.00
mamba  1000 final   ebottom   out     73  0.800     0.089    3.206      NaN           NaN            NaN         rule                0.200     0.00
mamba  1000 final   ebottom   out     74  0.900     0.007    5.004      NaN           NaN            NaN      uniform                0.200     0.00
mamba  1000 final   ebottom   out     74  0.950     0.007    5.004      NaN           NaN            NaN      uniform                0.200     0.00
mamba  1000 final   ebottom   out     74  1.000     0.007    5.004      NaN           NaN            NaN      uniform                0.200     0.00
mamba  1000 final   ebottom  both      0  0.000     1.000    0.000      NaN           NaN            NaN         rule               40.000     0.00
mamba  1000 final   ebottom  both     15  0.050     1.000    0.000      NaN           NaN            NaN         rule               40.000     0.00
mamba  1000 final   ebottom  both     28  0.100     1.000    0.000      NaN           NaN            NaN         rule               40.000     0.00
mamba  1000 final   ebottom  both     52  0.200     1.000    0.000      NaN           NaN            NaN         rule               40.000     0.00
mamba  1000 final   ebottom  both     66  0.300     1.000    0.003      NaN           NaN            NaN         rule               40.000     0.00
mamba  1000 final   ebottom  both     69  0.400     0.959    0.306      NaN           NaN            NaN         rule               40.000     0.00
mamba  1000 final   ebottom  both     70  0.500     0.514    1.535      NaN           NaN            NaN         rule                8.530     0.00
mamba  1000 final   ebottom  both     71  0.600     0.781    1.228      NaN           NaN            NaN         rule               13.264     0.00
mamba  1000 final   ebottom  both     72  0.700     0.117    3.005      NaN           NaN            NaN         rule                0.200     0.00
mamba  1000 final   ebottom  both     73  0.800     0.131    2.841      NaN           NaN            NaN         rule                0.752     0.00
mamba  1000 final   ebottom  both     74  0.900     0.007    5.004      NaN           NaN            NaN      uniform                0.200     0.00
mamba  1000 final   ebottom  both     74  0.950     0.007    5.004      NaN           NaN            NaN      uniform                0.200     0.00
mamba  1000 final   ebottom  both     74  1.000     0.007    5.004      NaN           NaN            NaN      uniform                0.200     0.00
mamba  1000 final     erand    in      0  0.000     1.000    0.000      NaN           NaN            NaN         rule               40.000     0.00
mamba  1000 final     erand    in     11  0.050     1.000    0.000      NaN           NaN            NaN         rule               40.000     0.00
mamba  1000 final     erand    in     19  0.100     0.999    0.006      NaN           NaN            NaN         rule               40.000     0.00
mamba  1000 final     erand    in     21  0.200     0.999    0.006      NaN           NaN            NaN         rule               40.000     0.00
mamba  1000 final     erand    in     28  0.300     0.826    0.504      NaN           NaN            NaN         rule               13.264     0.00
mamba  1000 final     erand    in     34  0.400     0.829    0.496      NaN           NaN            NaN         rule               13.264     0.00
mamba  1000 final     erand    in     40  0.500     0.568    1.249      NaN           NaN            NaN         rule                6.840     0.00
mamba  1000 final     erand    in     44  0.600     0.324    2.289      NaN           NaN            NaN         rule                6.840     0.00
mamba  1000 final     erand    in     52  0.700     0.073    4.309      NaN           NaN            NaN         rule                0.200     0.00
mamba  1000 final     erand    in     55  0.800     0.072    4.283      NaN           NaN            NaN         rule                0.200     0.00
mamba  1000 final     erand    in     71  0.900     0.058    4.359      NaN           NaN            NaN         rule                0.200     0.00
mamba  1000 final     erand    in     73  0.950     0.004   19.220      NaN           NaN            NaN      uniform                0.200     0.00
mamba  1000 final     erand    in     74  1.000     0.006   17.667      NaN           NaN            NaN  gcm_hamming                0.200     0.00
mamba  1000 final     erand    in      0  0.000     1.000    0.000      NaN           NaN            NaN         rule               40.000     0.00
mamba  1000 final     erand    in     11  0.050     1.000    0.000      NaN           NaN            NaN         rule               40.000     0.00
mamba  1000 final     erand    in     16  0.100     0.999    0.006      NaN           NaN            NaN         rule               40.000     0.00
mamba  1000 final     erand    in     25  0.200     0.999    0.006      NaN           NaN            NaN         rule               40.000     0.00
mamba  1000 final     erand    in     28  0.300     0.955    0.146      NaN           NaN            NaN         rule               40.000     0.00
mamba  1000 final     erand    in     49  0.400     0.646    0.967      NaN           NaN            NaN         rule               40.000     0.00
mamba  1000 final     erand    in     49  0.500     0.646    0.967      NaN           NaN            NaN         rule               40.000     0.00
mamba  1000 final     erand    in     52  0.600     0.174    3.247      NaN           NaN            NaN         rule                1.170     0.00
mamba  1000 final     erand    in     58  0.700     0.072    4.277      NaN           NaN            NaN         rule                0.200     0.00
mamba  1000 final     erand    in     60  0.800     0.073    4.255      NaN           NaN            NaN         rule                0.200     0.00
mamba  1000 final     erand    in     68  0.900     0.006   21.180      NaN           NaN            NaN      uniform                0.200     0.00
mamba  1000 final     erand    in     68  0.950     0.006   21.180      NaN           NaN            NaN      uniform                0.200     0.00
mamba  1000 final     erand    in     74  1.000     0.006   17.667      NaN           NaN            NaN  gcm_hamming                0.200     0.00
mamba  1000 final     erand    in      0  0.000     1.000    0.000      NaN           NaN            NaN         rule               40.000     0.00
mamba  1000 final     erand    in     11  0.050     1.000    0.000      NaN           NaN            NaN         rule               40.000     0.00
mamba  1000 final     erand    in     22  0.100     1.000    0.000      NaN           NaN            NaN         rule               40.000     0.00
mamba  1000 final     erand    in     27  0.200     0.999    0.005      NaN           NaN            NaN         rule               40.000     0.00
mamba  1000 final     erand    in     34  0.300     0.985    0.054      NaN           NaN            NaN         rule               40.000     0.00
mamba  1000 final     erand    in     39  0.400     0.715    0.774      NaN           NaN            NaN         rule                8.530     0.00
mamba  1000 final     erand    in     39  0.500     0.715    0.774      NaN           NaN            NaN         rule                8.530     0.00
mamba  1000 final     erand    in     52  0.600     0.338    2.213      NaN           NaN            NaN         rule                6.840     0.00
mamba  1000 final     erand    in     55  0.700     0.077    4.322      NaN           NaN            NaN         rule                0.200     0.00
mamba  1000 final     erand    in     60  0.800     0.076    4.268      NaN           NaN            NaN         rule                0.200     0.00
mamba  1000 final     erand    in     70  0.900     0.013   13.511      NaN           NaN            NaN         rule                0.200     0.00
mamba  1000 final     erand    in     70  0.950     0.013   13.511      NaN           NaN            NaN         rule                0.200     0.00
mamba  1000 final     erand    in     74  1.000     0.006   17.667      NaN           NaN            NaN  gcm_hamming                0.200     0.00
mamba  1000 final     erand   out      0  0.000     1.000    0.000      NaN           NaN            NaN         rule               40.000     0.00
mamba  1000 final     erand   out     14  0.050     1.000    0.000      NaN           NaN            NaN         rule               40.000     0.00
mamba  1000 final     erand   out     19  0.100     0.999    0.006      NaN           NaN            NaN         rule               40.000     0.00
mamba  1000 final     erand   out     25  0.200     0.999    0.005      NaN           NaN            NaN         rule               40.000     0.00
mamba  1000 final     erand   out     28  0.300     0.920    0.375      NaN           NaN            NaN         rule               20.627     0.00
mamba  1000 final     erand   out     36  0.400     0.923    0.376      NaN           NaN            NaN         rule               20.627     0.00
mamba  1000 final     erand   out     41  0.500     0.700    0.959      NaN           NaN            NaN         rule                8.530     0.00
mamba  1000 final     erand   out     44  0.600     0.404    1.909      NaN           NaN            NaN         rule                6.840     0.00
mamba  1000 final     erand   out     52  0.700     0.074    3.491      NaN           NaN            NaN         rule                0.200     0.00
mamba  1000 final     erand   out     55  0.800     0.073    3.507      NaN           NaN            NaN         rule                0.200     0.00
mamba  1000 final     erand   out     73  0.900     0.008    5.011      NaN           NaN            NaN      uniform                0.200     0.00
mamba  1000 final     erand   out     73  0.950     0.008    5.011      NaN           NaN            NaN      uniform                0.200     0.00
mamba  1000 final     erand   out     74  1.000     0.007    5.004      NaN           NaN            NaN      uniform                0.200     0.00
mamba  1000 final     erand   out      0  0.000     1.000    0.000      NaN           NaN            NaN         rule               40.000     0.00
mamba  1000 final     erand   out     15  0.050     1.000    0.000      NaN           NaN            NaN         rule               40.000     0.00
mamba  1000 final     erand   out     16  0.100     0.999    0.006      NaN           NaN            NaN         rule               40.000     0.00
mamba  1000 final     erand   out     27  0.200     1.000    0.005      NaN           NaN            NaN         rule               40.000     0.00
mamba  1000 final     erand   out     28  0.300     0.988    0.089      NaN           NaN            NaN         rule               40.000     0.00
mamba  1000 final     erand   out     49  0.400     0.844    0.611      NaN           NaN            NaN         rule               40.000     0.00
mamba  1000 final     erand   out     52  0.500     0.221    2.283      NaN           NaN            NaN         rule                1.819     0.00
mamba  1000 final     erand   out     52  0.600     0.221    2.283      NaN           NaN            NaN         rule                1.819     0.00
mamba  1000 final     erand   out     58  0.700     0.088    3.267      NaN           NaN            NaN         rule                0.938     0.00
mamba  1000 final     erand   out     61  0.800     0.059    3.425      NaN           NaN            NaN         rule                0.938     0.00
mamba  1000 final     erand   out     68  0.900     0.005    5.033      NaN           NaN            NaN      uniform                0.938     0.00
mamba  1000 final     erand   out     68  0.950     0.005    5.033      NaN           NaN            NaN      uniform                0.938     0.00
mamba  1000 final     erand   out     74  1.000     0.007    5.004      NaN           NaN            NaN      uniform                0.200     0.00
mamba  1000 final     erand   out      0  0.000     1.000    0.000      NaN           NaN            NaN         rule               40.000     0.00
mamba  1000 final     erand   out     15  0.050     1.000    0.000      NaN           NaN            NaN         rule               40.000     0.00
mamba  1000 final     erand   out     27  0.100     0.999    0.005      NaN           NaN            NaN         rule               40.000     0.00
mamba  1000 final     erand   out     28  0.200     0.999    0.005      NaN           NaN            NaN         rule               40.000     0.00
mamba  1000 final     erand   out     34  0.300     0.994    0.042      NaN           NaN            NaN         rule               40.000     0.00
mamba  1000 final     erand   out     39  0.400     0.819    0.694      NaN           NaN            NaN         rule               13.264     0.00
mamba  1000 final     erand   out     39  0.500     0.819    0.694      NaN           NaN            NaN         rule               13.264     0.00
mamba  1000 final     erand   out     52  0.600     0.415    1.888      NaN           NaN            NaN         rule                6.840     0.00
mamba  1000 final     erand   out     55  0.700     0.083    3.296      NaN           NaN            NaN         rule                0.484     0.00
mamba  1000 final     erand   out     65  0.800     0.113    3.227      NaN           NaN            NaN         rule                0.200     0.00
mamba  1000 final     erand   out     70  0.900     0.010    4.820      NaN           NaN            NaN   gcm_linear                0.200     0.00
mamba  1000 final     erand   out     70  0.950     0.010    4.820      NaN           NaN            NaN   gcm_linear                0.200     0.00
mamba  1000 final     erand   out     74  1.000     0.007    5.004      NaN           NaN            NaN      uniform                0.200     0.00
mamba  1000 final     erand  both      0  0.000     1.000    0.000      NaN           NaN            NaN         rule               40.000     0.00
mamba  1000 final     erand  both     11  0.050     1.000    0.002      NaN           NaN            NaN         rule               40.000     0.00
mamba  1000 final     erand  both     19  0.100     0.958    0.137      NaN           NaN            NaN         rule               40.000     0.00
mamba  1000 final     erand  both     21  0.200     0.719    0.777      NaN           NaN            NaN         rule               40.000     0.00
mamba  1000 final     erand  both     28  0.300     0.074    3.959      NaN           NaN            NaN         rule                0.200     0.00
mamba  1000 final     erand  both     34  0.400     0.077    3.875      NaN           NaN            NaN         rule                0.200     0.00
mamba  1000 final     erand  both     40  0.500     0.011    5.707      NaN           NaN            NaN         rule                0.200     0.00
mamba  1000 final     erand  both     44  0.600     0.002    5.341      NaN           NaN            NaN      uniform                0.200     0.00
mamba  1000 final     erand  both     52  0.700     0.007    5.211      NaN           NaN            NaN      uniform                0.200     0.00
mamba  1000 final     erand  both     55  0.800     0.008    5.366      NaN           NaN            NaN      uniform                0.200     0.00
mamba  1000 final     erand  both     71  0.900     0.012    5.058      NaN           NaN            NaN         rule                0.200     0.00
mamba  1000 final     erand  both     73  0.950     0.006    5.073      NaN           NaN            NaN      uniform                0.200     0.00
mamba  1000 final     erand  both     74  1.000     0.007    5.004      NaN           NaN            NaN      uniform                0.200     0.00
mamba  1000 final     erand  both      0  0.000     1.000    0.000      NaN           NaN            NaN         rule               40.000     0.00
mamba  1000 final     erand  both     11  0.050     0.955    0.172      NaN           NaN            NaN         rule               32.076     0.00
mamba  1000 final     erand  both     16  0.100     0.874    0.419      NaN           NaN            NaN         rule               13.264     0.00
mamba  1000 final     erand  both     25  0.200     0.860    0.478      NaN           NaN            NaN         rule               13.264     0.00
mamba  1000 final     erand  both     28  0.300     0.143    2.978      NaN           NaN            NaN         rule                0.200     0.00
mamba  1000 final     erand  both     49  0.400     0.158    2.675      NaN           NaN            NaN         rule                0.200     0.00
mamba  1000 final     erand  both     49  0.500     0.144    2.426      NaN           NaN            NaN         rule                0.200     0.00
mamba  1000 final     erand  both     52  0.600     0.174    2.282      NaN           NaN            NaN         rule                0.200     0.00
mamba  1000 final     erand  both     58  0.700     0.006    5.465      NaN           NaN            NaN  gcm_hamming                0.200     0.00
mamba  1000 final     erand  both     60  0.800     0.007    5.396      NaN           NaN            NaN  gcm_hamming                0.200     0.00
mamba  1000 final     erand  both     68  0.900     0.007    5.101      NaN           NaN            NaN  gcm_hamming                0.200     0.00
mamba  1000 final     erand  both     68  0.950     0.006    5.094      NaN           NaN            NaN  gcm_hamming                0.200     0.00
mamba  1000 final     erand  both     74  1.000     0.007    5.004      NaN           NaN            NaN      uniform                0.200     0.00
mamba  1000 final     erand  both      0  0.000     1.000    0.000      NaN           NaN            NaN         rule               40.000     0.00
mamba  1000 final     erand  both     11  0.050     0.999    0.013      NaN           NaN            NaN         rule               40.000     0.00
mamba  1000 final     erand  both     22  0.100     0.999    0.011      NaN           NaN            NaN         rule               40.000     0.00
mamba  1000 final     erand  both     27  0.200     0.983    0.106      NaN           NaN            NaN         rule               40.000     0.00
mamba  1000 final     erand  both     34  0.300     0.775    0.637      NaN           NaN            NaN         rule               10.637     0.00
mamba  1000 final     erand  both     39  0.400     0.062    3.946      NaN           NaN            NaN         rule                0.200     0.00
mamba  1000 final     erand  both     39  0.500     0.062    3.946      NaN           NaN            NaN         rule                0.200     0.00
mamba  1000 final     erand  both     52  0.600     0.006    5.745      NaN           NaN            NaN      uniform                0.200     0.00
mamba  1000 final     erand  both     55  0.700     0.006    5.366      NaN           NaN            NaN      uniform                0.249     0.00
mamba  1000 final     erand  both     60  0.800     0.006    5.354      NaN           NaN            NaN      uniform                0.200     0.00
mamba  1000 final     erand  both     70  0.900     0.002    5.365      NaN           NaN            NaN  gcm_hamming                0.200     0.00
mamba  1000 final     erand  both     70  0.950     0.007    5.166      NaN           NaN            NaN      uniform                0.200     0.00
mamba  1000 final     erand  both     74  1.000     0.007    5.004      NaN           NaN            NaN      uniform                0.200     0.00
mamba  1000 final      topk    in     47  0.000     1.000    0.000      NaN           NaN            NaN         rule               40.000     0.00
mamba  1000 final      topk    in     47  0.250     1.000    0.001      NaN           NaN            NaN         rule               40.000     0.00
mamba  1000 final      topk    in     47  0.500     1.000    0.001      NaN           NaN            NaN         rule               40.000     0.00
mamba  1000 final      topk    in     47  0.750     0.992    0.026      NaN           NaN            NaN         rule               40.000     0.00
mamba  1000 final      topk    in     47  1.000     0.005   22.157      NaN           NaN            NaN      uniform                0.200     0.00
mamba  1000 final      topk   out     38  0.000     1.000    0.000      NaN           NaN            NaN         rule               40.000     0.00
mamba  1000 final      topk   out     38  0.250     1.000    0.002      NaN           NaN            NaN         rule               40.000     0.00
mamba  1000 final      topk   out     38  0.500     1.000    0.022      NaN           NaN            NaN         rule               40.000     0.00
mamba  1000 final      topk   out     38  0.750     0.990    0.516      NaN           NaN            NaN         rule               40.000     0.00
mamba  1000 final      topk   out     38  1.000     0.009    5.157      NaN           NaN            NaN      uniform                0.200     0.00
mamba  1000 final      topk  both     47  0.000     1.000    0.000      NaN           NaN            NaN         rule               40.000     0.00
mamba  1000 final      topk  both     47  0.250     1.000    0.002      NaN           NaN            NaN         rule               40.000     0.00
mamba  1000 final      topk  both     47  0.500     0.999    0.029      NaN           NaN            NaN         rule               40.000     0.00
mamba  1000 final      topk  both     47  0.750     0.961    0.761      NaN           NaN            NaN         rule               40.000     0.00
mamba  1000 final      topk  both     47  1.000     0.006    5.151      NaN           NaN            NaN      uniform                0.200     0.00
mamba  1000 final     randk    in     27  0.000     1.000    0.000      NaN           NaN            NaN         rule               40.000     0.00
mamba  1000 final     randk    in     27  0.250     1.000    0.000      NaN           NaN            NaN         rule               40.000     0.00
mamba  1000 final     randk    in     27  0.500     1.000    0.000      NaN           NaN            NaN         rule               40.000     0.00
mamba  1000 final     randk    in     27  0.750     1.000    0.000      NaN           NaN            NaN         rule               40.000     0.00
mamba  1000 final     randk    in     27  1.000     1.000    0.000      NaN           NaN            NaN         rule               40.000     0.00
mamba  1000 final     randk    in     27  0.000     1.000    0.000      NaN           NaN            NaN         rule               40.000     0.00
mamba  1000 final     randk    in     27  0.250     1.000    0.000      NaN           NaN            NaN         rule               40.000     0.00
mamba  1000 final     randk    in     27  0.500     1.000    0.000      NaN           NaN            NaN         rule               40.000     0.00
mamba  1000 final     randk    in     27  0.750     1.000    0.000      NaN           NaN            NaN         rule               40.000     0.00
mamba  1000 final     randk    in     27  1.000     1.000    0.000      NaN           NaN            NaN         rule               40.000     0.00
mamba  1000 final     randk    in     27  0.000     1.000    0.000      NaN           NaN            NaN         rule               40.000     0.00
mamba  1000 final     randk    in     27  0.250     1.000    0.000      NaN           NaN            NaN         rule               40.000     0.00
mamba  1000 final     randk    in     27  0.500     1.000    0.000      NaN           NaN            NaN         rule               40.000     0.00
mamba  1000 final     randk    in     27  0.750     1.000    0.000      NaN           NaN            NaN         rule               40.000     0.00
mamba  1000 final     randk    in     27  1.000     1.000    0.000      NaN           NaN            NaN         rule               40.000     0.00
mamba  1000 final     randk   out     36  0.000     1.000    0.000      NaN           NaN            NaN         rule               40.000     0.00
mamba  1000 final     randk   out     36  0.250     1.000    0.000      NaN           NaN            NaN         rule               40.000     0.00
mamba  1000 final     randk   out     36  0.500     1.000    0.000      NaN           NaN            NaN         rule               40.000     0.00
mamba  1000 final     randk   out     36  0.750     1.000    0.000      NaN           NaN            NaN         rule               40.000     0.00
mamba  1000 final     randk   out     36  1.000     1.000    0.000      NaN           NaN            NaN         rule               40.000     0.00
mamba  1000 final     randk   out     36  0.000     1.000    0.000      NaN           NaN            NaN         rule               40.000     0.00
mamba  1000 final     randk   out     36  0.250     1.000    0.000      NaN           NaN            NaN         rule               40.000     0.00
mamba  1000 final     randk   out     36  0.500     1.000    0.000      NaN           NaN            NaN         rule               40.000     0.00
mamba  1000 final     randk   out     36  0.750     1.000    0.000      NaN           NaN            NaN         rule               40.000     0.00
mamba  1000 final     randk   out     36  1.000     1.000    0.000      NaN           NaN            NaN         rule               40.000     0.00
mamba  1000 final     randk   out     36  0.000     1.000    0.000      NaN           NaN            NaN         rule               40.000     0.00
mamba  1000 final     randk   out     36  0.250     1.000    0.000      NaN           NaN            NaN         rule               40.000     0.00
mamba  1000 final     randk   out     36  0.500     1.000    0.000      NaN           NaN            NaN         rule               40.000     0.00
mamba  1000 final     randk   out     36  0.750     1.000    0.000      NaN           NaN            NaN         rule               40.000     0.00
mamba  1000 final     randk   out     36  1.000     1.000    0.000      NaN           NaN            NaN         rule               40.000     0.00
mamba  1000 final     randk  both     27  0.000     1.000    0.000      NaN           NaN            NaN         rule               40.000     0.00
mamba  1000 final     randk  both     27  0.250     1.000    0.000      NaN           NaN            NaN         rule               40.000     0.00
mamba  1000 final     randk  both     27  0.500     1.000    0.000      NaN           NaN            NaN         rule               40.000     0.00
mamba  1000 final     randk  both     27  0.750     1.000    0.000      NaN           NaN            NaN         rule               40.000     0.00
mamba  1000 final     randk  both     27  1.000     1.000    0.000      NaN           NaN            NaN         rule               40.000     0.00
mamba  1000 final     randk  both     27  0.000     1.000    0.000      NaN           NaN            NaN         rule               40.000     0.00
mamba  1000 final     randk  both     27  0.250     1.000    0.000      NaN           NaN            NaN         rule               40.000     0.00
mamba  1000 final     randk  both     27  0.500     1.000    0.000      NaN           NaN            NaN         rule               40.000     0.00
mamba  1000 final     randk  both     27  0.750     1.000    0.000      NaN           NaN            NaN         rule               40.000     0.00
mamba  1000 final     randk  both     27  1.000     1.000    0.000      NaN           NaN            NaN         rule               40.000     0.00
mamba  1000 final     randk  both     27  0.000     1.000    0.000      NaN           NaN            NaN         rule               40.000     0.00
mamba  1000 final     randk  both     27  0.250     1.000    0.000      NaN           NaN            NaN         rule               40.000     0.00
mamba  1000 final     randk  both     27  0.500     1.000    0.000      NaN           NaN            NaN         rule               40.000     0.00
mamba  1000 final     randk  both     27  0.750     1.000    0.000      NaN           NaN            NaN         rule               40.000     0.00
mamba  1000 final     randk  both     27  1.000     1.000    0.000      NaN           NaN            NaN         rule               40.000     0.00
mamba  1000 final  residual    in     27  0.000     1.000    0.000      NaN           NaN            NaN         rule               40.000     0.00
mamba  1000 final  residual    in     27  0.250     1.000    0.000      NaN           NaN            NaN         rule               40.000     0.00
mamba  1000 final  residual    in     27  0.500     1.000    0.000      NaN           NaN            NaN         rule               40.000     0.00
mamba  1000 final  residual    in     27  0.750     1.000    0.000      NaN           NaN            NaN         rule               40.000     0.00
mamba  1000 final  residual    in     27  1.000     1.000    0.000      NaN           NaN            NaN         rule               40.000     0.00
mamba  1000 final  residual   out     36  0.000     1.000    0.000      NaN           NaN            NaN         rule               40.000     0.00
mamba  1000 final  residual   out     36  0.250     1.000    0.000      NaN           NaN            NaN         rule               40.000     0.00
mamba  1000 final  residual   out     36  0.500     1.000    0.000      NaN           NaN            NaN         rule               40.000     0.00
mamba  1000 final  residual   out     36  0.750     1.000    0.000      NaN           NaN            NaN         rule               40.000     0.00
mamba  1000 final  residual   out     36  1.000     1.000    0.000      NaN           NaN            NaN         rule               40.000     0.00
mamba  1000 final  residual  both     27  0.000     1.000    0.000      NaN           NaN            NaN         rule               40.000     0.00
mamba  1000 final  residual  both     27  0.250     1.000    0.000      NaN           NaN            NaN         rule               40.000     0.00
mamba  1000 final  residual  both     27  0.500     1.000    0.000      NaN           NaN            NaN         rule               40.000     0.00
mamba  1000 final  residual  both     27  0.750     1.000    0.000      NaN           NaN            NaN         rule               40.000     0.00
mamba  1000 final  residual  both     27  1.000     1.000    0.000      NaN           NaN            NaN         rule               40.000     0.00
mamba  1001 final      none     -      0  0.000     1.000    0.002      NaN           NaN            NaN         rule               40.000     0.00
mamba  1001 final   lowpass    in      0  0.000     0.007   16.956      NaN           NaN            NaN      uniform                0.200     0.00
mamba  1001 final   lowpass    in      1  1.000     0.006   17.534      NaN           NaN            NaN   gcm_linear                1.170     0.00
mamba  1001 final   lowpass    in      2  2.000     0.005   18.953      NaN           NaN            NaN   gcm_linear                0.938     0.00
mamba  1001 final   lowpass    in      3  3.000     0.008   19.474      NaN           NaN            NaN   gcm_linear                1.459     0.00
mamba  1001 final   lowpass    in      4  4.000     0.011   19.414      NaN           NaN            NaN gcm_circular                1.459     0.00
mamba  1001 final   lowpass    in      6  6.000     0.009   19.512      NaN           NaN            NaN      uniform                0.752     0.00
mamba  1001 final   lowpass    in      8  8.000     0.007   19.680      NaN           NaN            NaN   gcm_linear                0.752     0.00
mamba  1001 final   lowpass    in     12 12.000     0.031    6.640      NaN           NaN            NaN         rule                0.200     0.00
mamba  1001 final   lowpass    in     16 16.000     0.032    6.810      NaN           NaN            NaN         rule                0.603     0.00
mamba  1001 final   lowpass    in     24 24.000     0.034    7.046      NaN           NaN            NaN         rule                0.752     0.00
mamba  1001 final   lowpass    in     32 32.000     0.165    3.686      NaN           NaN            NaN         rule                2.268     0.00
mamba  1001 final   lowpass    in     48 48.000     0.829    0.466      NaN           NaN            NaN         rule               13.264     0.00
mamba  1001 final   lowpass    in     74 74.000     1.000    0.002      NaN           NaN            NaN         rule               40.000     0.00
mamba  1001 final   lowpass   out      0  0.000     0.007    5.004      NaN           NaN            NaN      uniform                0.200     0.00
mamba  1001 final   lowpass   out      1  1.000     0.008    5.003      NaN           NaN            NaN gcm_circular                1.170     0.00
mamba  1001 final   lowpass   out      2  2.000     0.009    5.006      NaN           NaN            NaN         rule                1.170     0.00
mamba  1001 final   lowpass   out      3  3.000     0.009    5.010      NaN           NaN            NaN      uniform                1.170     0.00
mamba  1001 final   lowpass   out      4  4.000     0.009    5.015      NaN           NaN            NaN gcm_circular                1.459     0.00
mamba  1001 final   lowpass   out      6  6.000     0.008    5.031      NaN           NaN            NaN      uniform                0.938     0.00
mamba  1001 final   lowpass   out      8  8.000     0.007    5.029      NaN           NaN            NaN      uniform                0.752     0.00
mamba  1001 final   lowpass   out     12 12.000     0.040    4.293      NaN           NaN            NaN         rule                0.938     0.00
mamba  1001 final   lowpass   out     16 16.000     0.040    4.298      NaN           NaN            NaN         rule                0.938     0.00
mamba  1001 final   lowpass   out     24 24.000     0.028    4.320      NaN           NaN            NaN         rule                1.170     0.00
mamba  1001 final   lowpass   out     32 32.000     0.186    2.967      NaN           NaN            NaN         rule                2.268     0.00
mamba  1001 final   lowpass   out     48 48.000     0.924    0.294      NaN           NaN            NaN         rule               20.627     0.00
mamba  1001 final   lowpass   out     74 74.000     1.000    0.002      NaN           NaN            NaN         rule               40.000     0.00
mamba  1001 final   lowpass  both      0  0.000     0.007    5.004      NaN           NaN            NaN      uniform                0.200     0.00
mamba  1001 final   lowpass  both      1  1.000     0.006    5.007      NaN           NaN            NaN   gcm_linear                0.938     0.00
mamba  1001 final   lowpass  both      2  2.000     0.006    4.997      NaN           NaN            NaN      uniform                0.200     0.00
mamba  1001 final   lowpass  both      3  3.000     0.008    5.008      NaN           NaN            NaN      uniform                0.200     0.00
mamba  1001 final   lowpass  both      4  4.000     0.006    5.025      NaN           NaN            NaN   gcm_linear                0.484     0.00
mamba  1001 final   lowpass  both      6  6.000     0.009    5.033      NaN           NaN            NaN   gcm_linear                0.938     0.00
mamba  1001 final   lowpass  both      8  8.000     0.007    5.045      NaN           NaN            NaN      uniform                0.752     0.00
mamba  1001 final   lowpass  both     12 12.000     0.048    3.583      NaN           NaN            NaN         rule                0.388     0.00
mamba  1001 final   lowpass  both     16 16.000     0.045    3.641      NaN           NaN            NaN         rule                0.938     0.00
mamba  1001 final   lowpass  both     24 24.000     0.046    3.684      NaN           NaN            NaN         rule                0.938     0.00
mamba  1001 final   lowpass  both     32 32.000     0.336    1.951      NaN           NaN            NaN         rule                4.398     0.00
mamba  1001 final   lowpass  both     48 48.000     0.963    0.138      NaN           NaN            NaN         rule               32.076     0.00
mamba  1001 final   lowpass  both     74 74.000     1.000    0.002      NaN           NaN            NaN         rule               40.000     0.00
mamba  1001 final      etop    in      0  0.000     1.000    0.002      NaN           NaN            NaN         rule               40.000     0.00
mamba  1001 final      etop    in      1  0.050     0.991    0.034      NaN           NaN            NaN         rule               40.000     0.00
mamba  1001 final      etop    in      1  0.100     0.991    0.034      NaN           NaN            NaN         rule               40.000     0.00
mamba  1001 final      etop    in      3  0.200     0.900    0.281      NaN           NaN            NaN         rule               16.541     0.00
mamba  1001 final      etop    in      4  0.300     0.745    0.769      NaN           NaN            NaN         rule               10.637     0.00
mamba  1001 final      etop    in      5  0.400     0.357    2.510      NaN           NaN            NaN         rule                3.527     0.00
mamba  1001 final      etop    in      6  0.500     0.122    4.909      NaN           NaN            NaN         rule                0.938     0.00
mamba  1001 final      etop    in      7  0.600     0.042    8.519      NaN           NaN            NaN         rule                0.603     0.00
mamba  1001 final      etop    in     10  0.700     0.006   20.193      NaN           NaN            NaN      uniform                0.388     0.00
mamba  1001 final      etop    in     23  0.800     0.006   20.236      NaN           NaN            NaN      uniform                0.388     0.00
mamba  1001 final      etop    in     47  0.900     0.006   20.047      NaN           NaN            NaN      uniform                0.200     0.00
mamba  1001 final      etop    in     60  0.950     0.006   19.925      NaN           NaN            NaN      uniform                0.388     0.00
mamba  1001 final      etop    in     74  1.000     0.007   16.956      NaN           NaN            NaN      uniform                0.200     0.00
mamba  1001 final      etop   out      0  0.000     1.000    0.002      NaN           NaN            NaN         rule               40.000     0.00
mamba  1001 final      etop   out      1  0.050     0.999    0.005      NaN           NaN            NaN         rule               40.000     0.00
mamba  1001 final      etop   out      1  0.100     0.999    0.005      NaN           NaN            NaN         rule               40.000     0.00
mamba  1001 final      etop   out      2  0.200     0.994    0.037      NaN           NaN            NaN         rule               40.000     0.00
mamba  1001 final      etop   out      3  0.300     0.963    0.189      NaN           NaN            NaN         rule               40.000     0.00
mamba  1001 final      etop   out      4  0.400     0.787    0.765      NaN           NaN            NaN         rule               10.637     0.00
mamba  1001 final      etop   out      5  0.500     0.492    1.724      NaN           NaN            NaN         rule                4.398     0.00
mamba  1001 final      etop   out      6  0.600     0.193    3.119      NaN           NaN            NaN         rule                1.819     0.00
mamba  1001 final      etop   out      8  0.700     0.031    4.880      NaN           NaN            NaN         rule                0.200     0.00
mamba  1001 final      etop   out     19  0.800     0.012    5.206      NaN           NaN            NaN         rule                0.752     0.00
mamba  1001 final      etop   out     42  0.900     0.009    5.151      NaN           NaN            NaN      uniform                0.200     0.00
mamba  1001 final      etop   out     57  0.950     0.010    5.084      NaN           NaN            NaN         rule                0.752     0.00
mamba  1001 final      etop   out     74  1.000     0.007    5.004      NaN           NaN            NaN      uniform                0.200     0.00
mamba  1001 final      etop  both      0  0.000     1.000    0.002      NaN           NaN            NaN         rule               40.000     0.00
mamba  1001 final      etop  both      1  0.050     0.892    0.287      NaN           NaN            NaN         rule               16.541     0.00
mamba  1001 final      etop  both      1  0.100     0.892    0.287      NaN           NaN            NaN         rule               16.541     0.00
mamba  1001 final      etop  both      3  0.200     0.760    0.749      NaN           NaN            NaN         rule               10.637     0.00
mamba  1001 final      etop  both      4  0.300     0.846    0.479      NaN           NaN            NaN         rule               13.264     0.00
mamba  1001 final      etop  both      5  0.400     0.146    3.455      NaN           NaN            NaN         rule                1.170     0.00
mamba  1001 final      etop  both      6  0.500     0.184    3.079      NaN           NaN            NaN         rule                1.819     0.00
mamba  1001 final      etop  both      7  0.600     0.073    4.197      NaN           NaN            NaN         rule                0.938     0.00
mamba  1001 final      etop  both     10  0.700     0.011    5.539      NaN           NaN            NaN         rule                0.200     0.00
mamba  1001 final      etop  both     23  0.800     0.006    5.389      NaN           NaN            NaN      uniform                0.484     0.00
mamba  1001 final      etop  both     47  0.900     0.007    5.220      NaN           NaN            NaN      uniform                0.249     0.00
mamba  1001 final      etop  both     60  0.950     0.007    5.110      NaN           NaN            NaN      uniform                0.249     0.00
mamba  1001 final      etop  both     74  1.000     0.007    5.004      NaN           NaN            NaN      uniform                0.200     0.00
mamba  1001 final   ebottom    in      0  0.000     1.000    0.002      NaN           NaN            NaN         rule               40.000     0.00
mamba  1001 final   ebottom    in     15  0.050     1.000    0.002      NaN           NaN            NaN         rule               40.000     0.00
mamba  1001 final   ebottom    in     28  0.100     1.000    0.002      NaN           NaN            NaN         rule               40.000     0.00
mamba  1001 final   ebottom    in     52  0.200     1.000    0.002      NaN           NaN            NaN         rule               40.000     0.00
mamba  1001 final   ebottom    in     65  0.300     1.000    0.001      NaN           NaN            NaN         rule               40.000     0.00
mamba  1001 final   ebottom    in     68  0.400     1.000    0.003      NaN           NaN            NaN         rule               40.000     0.00
mamba  1001 final   ebottom    in     69  0.500     0.998    0.010      NaN           NaN            NaN         rule               40.000     0.00
mamba  1001 final   ebottom    in     70  0.600     0.898    0.296      NaN           NaN            NaN         rule               20.627     0.00
mamba  1001 final   ebottom    in     71  0.700     0.567    1.194      NaN           NaN            NaN         rule               16.541     0.00
mamba  1001 final   ebottom    in     72  0.800     0.164    3.022      NaN           NaN            NaN         rule                4.398     0.00
mamba  1001 final   ebottom    in     74  0.900     0.007   16.956      NaN           NaN            NaN      uniform                0.200     0.00
mamba  1001 final   ebottom    in     74  0.950     0.007   16.956      NaN           NaN            NaN      uniform                0.200     0.00
mamba  1001 final   ebottom    in     74  1.000     0.007   16.956      NaN           NaN            NaN      uniform                0.200     0.00
mamba  1001 final   ebottom   out      0  0.000     1.000    0.002      NaN           NaN            NaN         rule               40.000     0.00
mamba  1001 final   ebottom   out     18  0.050     1.000    0.002      NaN           NaN            NaN         rule               40.000     0.00
mamba  1001 final   ebottom   out     33  0.100     1.000    0.001      NaN           NaN            NaN         rule               40.000     0.00
mamba  1001 final   ebottom   out     56  0.200     1.000    0.001      NaN           NaN            NaN         rule               40.000     0.00
mamba  1001 final   ebottom   out     67  0.300     1.000    0.001      NaN           NaN            NaN         rule               40.000     0.00
mamba  1001 final   ebottom   out     69  0.400     0.995    0.064      NaN           NaN            NaN         rule               40.000     0.00
mamba  1001 final   ebottom   out     70  0.500     0.986    0.168      NaN           NaN            NaN         rule               40.000     0.00
mamba  1001 final   ebottom   out     71  0.600     0.803    0.922      NaN           NaN            NaN         rule               25.722     0.00
mamba  1001 final   ebottom   out     72  0.700     0.390    2.185      NaN           NaN            NaN         rule                5.485     0.00
mamba  1001 final   ebottom   out     73  0.800     0.059    3.596      NaN           NaN            NaN gcm_circular                6.840     0.00
mamba  1001 final   ebottom   out     74  0.900     0.007    5.004      NaN           NaN            NaN      uniform                0.200     0.00
mamba  1001 final   ebottom   out     74  0.950     0.007    5.004      NaN           NaN            NaN      uniform                0.200     0.00
mamba  1001 final   ebottom   out     74  1.000     0.007    5.004      NaN           NaN            NaN      uniform                0.200     0.00
mamba  1001 final   ebottom  both      0  0.000     1.000    0.002      NaN           NaN            NaN         rule               40.000     0.00
mamba  1001 final   ebottom  both     15  0.050     1.000    0.001      NaN           NaN            NaN         rule               40.000     0.00
mamba  1001 final   ebottom  both     28  0.100     1.000    0.001      NaN           NaN            NaN         rule               40.000     0.00
mamba  1001 final   ebottom  both     52  0.200     1.000    0.001      NaN           NaN            NaN         rule               40.000     0.00
mamba  1001 final   ebottom  both     65  0.300     1.000    0.001      NaN           NaN            NaN         rule               40.000     0.00
mamba  1001 final   ebottom  both     68  0.400     0.999    0.031      NaN           NaN            NaN         rule               40.000     0.00
mamba  1001 final   ebottom  both     69  0.500     0.773    0.733      NaN           NaN            NaN         rule               40.000     0.00
mamba  1001 final   ebottom  both     70  0.600     0.945    0.447      NaN           NaN            NaN         rule               40.000     0.00
mamba  1001 final   ebottom  both     71  0.700     0.088    3.537      NaN           NaN            NaN gcm_circular               10.637     0.00
mamba  1001 final   ebottom  both     72  0.800     0.107    3.200      NaN           NaN            NaN gcm_circular               13.264     0.00
mamba  1001 final   ebottom  both     74  0.900     0.007    5.004      NaN           NaN            NaN      uniform                0.200     0.00
mamba  1001 final   ebottom  both     74  0.950     0.007    5.004      NaN           NaN            NaN      uniform                0.200     0.00
mamba  1001 final   ebottom  both     74  1.000     0.007    5.004      NaN           NaN            NaN      uniform                0.200     0.00
mamba  1001 final     erand    in      0  0.000     1.000    0.002      NaN           NaN            NaN         rule               40.000     0.00
mamba  1001 final     erand    in      4  0.050     0.998    0.010      NaN           NaN            NaN         rule               40.000     0.00
mamba  1001 final     erand    in      4  0.100     0.998    0.010      NaN           NaN            NaN         rule               40.000     0.00
mamba  1001 final     erand    in     19  0.200     0.991    0.034      NaN           NaN            NaN         rule               40.000     0.00
mamba  1001 final     erand    in     25  0.300     0.874    0.367      NaN           NaN            NaN         rule               13.264     0.00
mamba  1001 final     erand    in     26  0.400     0.825    0.495      NaN           NaN            NaN         rule               10.637     0.00
mamba  1001 final     erand    in     36  0.500     0.637    1.137      NaN           NaN            NaN         rule                4.398     0.00
mamba  1001 final     erand    in     47  0.600     0.647    1.096      NaN           NaN            NaN         rule                4.398     0.00
mamba  1001 final     erand    in     58  0.700     0.586    1.314      NaN           NaN            NaN         rule                3.527     0.00
mamba  1001 final     erand    in     66  0.800     0.197    3.129      NaN           NaN            NaN         rule                1.819     0.00
mamba  1001 final     erand    in     67  0.900     0.040    5.231      NaN           NaN            NaN         rule                0.200     0.00
mamba  1001 final     erand    in     69  0.950     0.008   19.323      NaN           NaN            NaN      uniform                0.200     0.00
mamba  1001 final     erand    in     74  1.000     0.007   16.956      NaN           NaN            NaN      uniform                0.200     0.00
mamba  1001 final     erand    in      0  0.000     1.000    0.002      NaN           NaN            NaN         rule               40.000     0.00
mamba  1001 final     erand    in      5  0.050     0.999    0.007      NaN           NaN            NaN         rule               40.000     0.00
mamba  1001 final     erand    in      5  0.100     0.999    0.007      NaN           NaN            NaN         rule               40.000     0.00
mamba  1001 final     erand    in      8  0.200     0.986    0.052      NaN           NaN            NaN         rule               40.000     0.00
mamba  1001 final     erand    in     16  0.300     0.886    0.319      NaN           NaN            NaN         rule               16.541     0.00
mamba  1001 final     erand    in     31  0.400     0.890    0.307      NaN           NaN            NaN         rule               16.541     0.00
mamba  1001 final     erand    in     43  0.500     0.832    0.470      NaN           NaN            NaN         rule               16.541     0.00
mamba  1001 final     erand    in     61  0.600     0.547    1.268      NaN           NaN            NaN         rule                8.530     0.00
mamba  1001 final     erand    in     63  0.700     0.327    2.326      NaN           NaN            NaN         rule                6.840     0.00
mamba  1001 final     erand    in     65  0.800     0.063    4.749      NaN           NaN            NaN         rule                0.200     0.00
mamba  1001 final     erand    in     73  0.900     0.006   17.848      NaN           NaN            NaN gcm_circular                0.388     0.00
mamba  1001 final     erand    in     73  0.950     0.006   17.848      NaN           NaN            NaN gcm_circular                0.388     0.00
mamba  1001 final     erand    in     74  1.000     0.007   16.956      NaN           NaN            NaN      uniform                0.200     0.00
mamba  1001 final     erand    in      0  0.000     1.000    0.002      NaN           NaN            NaN         rule               40.000     0.00
mamba  1001 final     erand    in      8  0.050     1.000    0.002      NaN           NaN            NaN         rule               40.000     0.00
mamba  1001 final     erand    in     12  0.100     1.000    0.002      NaN           NaN            NaN         rule               40.000     0.00
mamba  1001 final     erand    in     18  0.200     0.998    0.008      NaN           NaN            NaN         rule               40.000     0.00
mamba  1001 final     erand    in     26  0.300     0.987    0.046      NaN           NaN            NaN         rule               40.000     0.00
mamba  1001 final     erand    in     28  0.400     0.948    0.165      NaN           NaN            NaN         rule               20.627     0.00
mamba  1001 final     erand    in     45  0.500     0.931    0.225      NaN           NaN            NaN         rule               16.541     0.00
mamba  1001 final     erand    in     50  0.600     0.691    0.885      NaN           NaN            NaN         rule                5.485     0.00
mamba  1001 final     erand    in     58  0.700     0.249    2.602      NaN           NaN            NaN         rule                2.828     0.00
mamba  1001 final     erand    in     69  0.800     0.044    4.831      NaN           NaN            NaN         rule                0.200     0.00
mamba  1001 final     erand    in     72  0.900     0.043    4.847      NaN           NaN            NaN         rule                0.200     0.00
mamba  1001 final     erand    in     74  0.950     0.007   16.956      NaN           NaN            NaN      uniform                0.200     0.00
mamba  1001 final     erand    in     74  1.000     0.007   16.956      NaN           NaN            NaN      uniform                0.200     0.00
mamba  1001 final     erand   out      0  0.000     1.000    0.002      NaN           NaN            NaN         rule               40.000     0.00
mamba  1001 final     erand   out      4  0.050     0.999    0.006      NaN           NaN            NaN         rule               40.000     0.00
mamba  1001 final     erand   out      4  0.100     0.999    0.006      NaN           NaN            NaN         rule               40.000     0.00
mamba  1001 final     erand   out     19  0.200     0.996    0.027      NaN           NaN            NaN         rule               40.000     0.00
mamba  1001 final     erand   out     23  0.300     0.996    0.025      NaN           NaN            NaN         rule               40.000     0.00
mamba  1001 final     erand   out     26  0.400     0.917    0.339      NaN           NaN            NaN         rule               16.541     0.00
mamba  1001 final     erand   out     36  0.500     0.751    0.908      NaN           NaN            NaN         rule                6.840     0.00
mamba  1001 final     erand   out     48  0.600     0.778    0.885      NaN           NaN            NaN         rule                6.840     0.00
mamba  1001 final     erand   out     59  0.700     0.699    1.260      NaN           NaN            NaN         rule                5.485     0.00
mamba  1001 final     erand   out     66  0.800     0.229    2.639      NaN           NaN            NaN         rule                2.268     0.00
mamba  1001 final     erand   out     67  0.900     0.039    3.987      NaN           NaN            NaN         rule                0.200     0.00
mamba  1001 final     erand   out     69  0.950     0.005    5.017      NaN           NaN            NaN      uniform                0.200     0.00
mamba  1001 final     erand   out     74  1.000     0.007    5.004      NaN           NaN            NaN      uniform                0.200     0.00
mamba  1001 final     erand   out      0  0.000     1.000    0.002      NaN           NaN            NaN         rule               40.000     0.00
mamba  1001 final     erand   out      5  0.050     0.999    0.006      NaN           NaN            NaN         rule               40.000     0.00
mamba  1001 final     erand   out      5  0.100     0.999    0.006      NaN           NaN            NaN         rule               40.000     0.00
mamba  1001 final     erand   out      8  0.200     0.993    0.040      NaN           NaN            NaN         rule               40.000     0.00
mamba  1001 final     erand   out     16  0.300     0.941    0.251      NaN           NaN            NaN         rule               25.722     0.00
mamba  1001 final     erand   out     26  0.400     0.943    0.245      NaN           NaN            NaN         rule               25.722     0.00
mamba  1001 final     erand   out     42  0.500     0.909    0.390      NaN           NaN            NaN         rule               20.627     0.00
mamba  1001 final     erand   out     61  0.600     0.706    1.082      NaN           NaN            NaN         rule               10.637     0.00
mamba  1001 final     erand   out     63  0.700     0.468    1.895      NaN           NaN            NaN         rule                6.840     0.00
mamba  1001 final     erand   out     65  0.800     0.133    3.256      NaN           NaN            NaN         rule                0.200     0.00
mamba  1001 final     erand   out     72  0.900     0.065    3.555      NaN           NaN            NaN         rule                0.200     0.00
mamba  1001 final     erand   out     73  0.950     0.007    5.001      NaN           NaN            NaN      uniform                0.200     0.00
mamba  1001 final     erand   out     74  1.000     0.007    5.004      NaN           NaN            NaN      uniform                0.200     0.00
mamba  1001 final     erand   out      0  0.000     1.000    0.002      NaN           NaN            NaN         rule               40.000     0.00
mamba  1001 final     erand   out      8  0.050     1.000    0.002      NaN           NaN            NaN         rule               40.000     0.00
mamba  1001 final     erand   out     11  0.100     1.000    0.002      NaN           NaN            NaN         rule               40.000     0.00
mamba  1001 final     erand   out     18  0.200     0.999    0.007      NaN           NaN            NaN         rule               40.000     0.00
mamba  1001 final     erand   out     26  0.300     0.994    0.040      NaN           NaN            NaN         rule               40.000     0.00
mamba  1001 final     erand   out     27  0.400     0.965    0.192      NaN           NaN            NaN         rule               40.000     0.00
mamba  1001 final     erand   out     42  0.500     0.965    0.225      NaN           NaN            NaN         rule               40.000     0.00
mamba  1001 final     erand   out     50  0.600     0.766    0.929      NaN           NaN            NaN         rule                6.840     0.00
mamba  1001 final     erand   out     58  0.700     0.288    2.213      NaN           NaN            NaN         rule                2.828     0.00
mamba  1001 final     erand   out     69  0.800     0.065    3.612      NaN           NaN            NaN         rule                0.200     0.00
mamba  1001 final     erand   out     73  0.900     0.054    3.599      NaN           NaN            NaN         rule                0.200     0.00
mamba  1001 final     erand   out     74  0.950     0.007    5.004      NaN           NaN            NaN      uniform                0.200     0.00
mamba  1001 final     erand   out     74  1.000     0.007    5.004      NaN           NaN            NaN      uniform                0.200     0.00
mamba  1001 final     erand  both      0  0.000     1.000    0.002      NaN           NaN            NaN         rule               40.000     0.00
mamba  1001 final     erand  both      4  0.050     0.991    0.043      NaN           NaN            NaN         rule               40.000     0.00
mamba  1001 final     erand  both      4  0.100     0.991    0.043      NaN           NaN            NaN         rule               40.000     0.00
mamba  1001 final     erand  both     19  0.200     0.943    0.211      NaN           NaN            NaN         rule               20.627     0.00
mamba  1001 final     erand  both     25  0.300     0.961    0.150      NaN           NaN            NaN         rule               25.722     0.00
mamba  1001 final     erand  both     26  0.400     0.743    0.630      NaN           NaN            NaN         rule                8.530     0.00
mamba  1001 final     erand  both     36  0.500     0.161    3.004      NaN           NaN            NaN         rule                2.268     0.00
mamba  1001 final     erand  both     47  0.600     0.206    2.707      NaN           NaN            NaN         rule                2.828     0.00
mamba  1001 final     erand  both     58  0.700     0.011    5.351      NaN           NaN            NaN         rule                0.200     0.00
mamba  1001 final     erand  both     66  0.800     0.008    5.361      NaN           NaN            NaN      uniform                0.200     0.00
mamba  1001 final     erand  both     67  0.900     0.007    5.191      NaN           NaN            NaN      uniform                0.249     0.00
mamba  1001 final     erand  both     69  0.950     0.008    5.030      NaN           NaN            NaN      uniform                0.311     0.00
mamba  1001 final     erand  both     74  1.000     0.007    5.004      NaN           NaN            NaN      uniform                0.200     0.00
mamba  1001 final     erand  both      0  0.000     1.000    0.002      NaN           NaN            NaN         rule               40.000     0.00
mamba  1001 final     erand  both      5  0.050     0.996    0.019      NaN           NaN            NaN         rule               40.000     0.00
mamba  1001 final     erand  both      5  0.100     0.996    0.019      NaN           NaN            NaN         rule               40.000     0.00
mamba  1001 final     erand  both      8  0.200     0.498    1.284      NaN           NaN            NaN         rule                6.840     0.00
mamba  1001 final     erand  both     16  0.300     0.441    1.627      NaN           NaN            NaN         rule                6.840     0.00
mamba  1001 final     erand  both     31  0.400     0.480    1.493      NaN           NaN            NaN         rule                6.840     0.00
mamba  1001 final     erand  both     43  0.500     0.069    3.736      NaN           NaN            NaN         rule                0.484     0.00
mamba  1001 final     erand  both     61  0.600     0.062    3.627      NaN           NaN            NaN         rule                0.200     0.00
mamba  1001 final     erand  both     63  0.700     0.065    3.548      NaN           NaN            NaN         rule                0.752     0.00
mamba  1001 final     erand  both     65  0.800     0.003    5.176      NaN           NaN            NaN      uniform                0.200     0.00
mamba  1001 final     erand  both     73  0.900     0.014    5.010      NaN           NaN            NaN  gcm_hamming                0.200     0.00
mamba  1001 final     erand  both     73  0.950     0.012    4.888      NaN           NaN            NaN  gcm_hamming                0.200     0.00
mamba  1001 final     erand  both     74  1.000     0.007    5.004      NaN           NaN            NaN      uniform                0.200     0.00
mamba  1001 final     erand  both      0  0.000     1.000    0.002      NaN           NaN            NaN         rule               40.000     0.00
mamba  1001 final     erand  both      8  0.050     1.000    0.002      NaN           NaN            NaN         rule               40.000     0.00
mamba  1001 final     erand  both     12  0.100     1.000    0.003      NaN           NaN            NaN         rule               40.000     0.00
mamba  1001 final     erand  both     18  0.200     0.875    0.365      NaN           NaN            NaN         rule               20.627     0.00
mamba  1001 final     erand  both     26  0.300     0.824    0.622      NaN           NaN            NaN         rule               13.264     0.00
mamba  1001 final     erand  both     28  0.400     0.425    1.842      NaN           NaN            NaN         rule                8.530     0.00
mamba  1001 final     erand  both     45  0.500     0.324    2.240      NaN           NaN            NaN         rule                6.840     0.00
mamba  1001 final     erand  both     50  0.600     0.065    3.660      NaN           NaN            NaN         rule                0.938     0.00
mamba  1001 final     erand  both     58  0.700     0.058    3.368      NaN           NaN            NaN         rule                0.200     0.00
mamba  1001 final     erand  both     69  0.800     0.005    5.497      NaN           NaN            NaN      uniform                0.200     0.00
mamba  1001 final     erand  both     72  0.900     0.010    5.106      NaN           NaN            NaN         rule                0.200     0.00
mamba  1001 final     erand  both     74  0.950     0.007    5.251      NaN           NaN            NaN      uniform                0.200     0.00
mamba  1001 final     erand  both     74  1.000     0.007    5.004      NaN           NaN            NaN      uniform                0.200     0.00
mamba  1001 final      topk    in     47  0.000     1.000    0.002      NaN           NaN            NaN         rule               40.000     0.00
mamba  1001 final      topk    in     47  0.250     1.000    0.002      NaN           NaN            NaN         rule               40.000     0.00
mamba  1001 final      topk    in     47  0.500     0.999    0.003      NaN           NaN            NaN         rule               40.000     0.00
mamba  1001 final      topk    in     47  0.750     0.985    0.049      NaN           NaN            NaN         rule               40.000     0.00
mamba  1001 final      topk    in     47  1.000     0.006   20.047      NaN           NaN            NaN      uniform                0.200     0.00
mamba  1001 final      topk   out     42  0.000     1.000    0.002      NaN           NaN            NaN         rule               40.000     0.00
mamba  1001 final      topk   out     42  0.250     1.000    0.003      NaN           NaN            NaN         rule               40.000     0.00
mamba  1001 final      topk   out     42  0.500     1.000    0.021      NaN           NaN            NaN         rule               40.000     0.00
mamba  1001 final      topk   out     42  0.750     0.994    0.531      NaN           NaN            NaN         rule               40.000     0.00
mamba  1001 final      topk   out     42  1.000     0.009    5.151      NaN           NaN            NaN      uniform                0.200     0.00
mamba  1001 final      topk  both     47  0.000     1.000    0.002      NaN           NaN            NaN         rule               40.000     0.00
mamba  1001 final      topk  both     47  0.250     1.000    0.004      NaN           NaN            NaN         rule               40.000     0.00
mamba  1001 final      topk  both     47  0.500     0.998    0.031      NaN           NaN            NaN         rule               40.000     0.00
mamba  1001 final      topk  both     47  0.750     0.942    0.896      NaN           NaN            NaN         rule               25.722     0.00
mamba  1001 final      topk  both     47  1.000     0.007    5.181      NaN           NaN            NaN      uniform                0.249     0.00
mamba  1001 final     randk    in     27  0.000     1.000    0.002      NaN           NaN            NaN         rule               40.000     0.00
mamba  1001 final     randk    in     27  0.250     1.000    0.002      NaN           NaN            NaN         rule               40.000     0.00
mamba  1001 final     randk    in     27  0.500     1.000    0.002      NaN           NaN            NaN         rule               40.000     0.00
mamba  1001 final     randk    in     27  0.750     1.000    0.002      NaN           NaN            NaN         rule               40.000     0.00
mamba  1001 final     randk    in     27  1.000     1.000    0.002      NaN           NaN            NaN         rule               40.000     0.00
mamba  1001 final     randk    in     27  0.000     1.000    0.002      NaN           NaN            NaN         rule               40.000     0.00
mamba  1001 final     randk    in     27  0.250     1.000    0.002      NaN           NaN            NaN         rule               40.000     0.00
mamba  1001 final     randk    in     27  0.500     1.000    0.002      NaN           NaN            NaN         rule               40.000     0.00
mamba  1001 final     randk    in     27  0.750     1.000    0.002      NaN           NaN            NaN         rule               40.000     0.00
mamba  1001 final     randk    in     27  1.000     1.000    0.002      NaN           NaN            NaN         rule               40.000     0.00
mamba  1001 final     randk    in     27  0.000     1.000    0.002      NaN           NaN            NaN         rule               40.000     0.00
mamba  1001 final     randk    in     27  0.250     1.000    0.002      NaN           NaN            NaN         rule               40.000     0.00
mamba  1001 final     randk    in     27  0.500     1.000    0.002      NaN           NaN            NaN         rule               40.000     0.00
mamba  1001 final     randk    in     27  0.750     1.000    0.002      NaN           NaN            NaN         rule               40.000     0.00
mamba  1001 final     randk    in     27  1.000     1.000    0.002      NaN           NaN            NaN         rule               40.000     0.00
mamba  1001 final     randk   out     32  0.000     1.000    0.002      NaN           NaN            NaN         rule               40.000     0.00
mamba  1001 final     randk   out     32  0.250     1.000    0.002      NaN           NaN            NaN         rule               40.000     0.00
mamba  1001 final     randk   out     32  0.500     1.000    0.002      NaN           NaN            NaN         rule               40.000     0.00
mamba  1001 final     randk   out     32  0.750     1.000    0.002      NaN           NaN            NaN         rule               40.000     0.00
mamba  1001 final     randk   out     32  1.000     1.000    0.001      NaN           NaN            NaN         rule               40.000     0.00
mamba  1001 final     randk   out     32  0.000     1.000    0.002      NaN           NaN            NaN         rule               40.000     0.00
mamba  1001 final     randk   out     32  0.250     1.000    0.002      NaN           NaN            NaN         rule               40.000     0.00
mamba  1001 final     randk   out     32  0.500     1.000    0.002      NaN           NaN            NaN         rule               40.000     0.00
mamba  1001 final     randk   out     32  0.750     1.000    0.002      NaN           NaN            NaN         rule               40.000     0.00
mamba  1001 final     randk   out     32  1.000     1.000    0.001      NaN           NaN            NaN         rule               40.000     0.00
mamba  1001 final     randk   out     32  0.000     1.000    0.002      NaN           NaN            NaN         rule               40.000     0.00
mamba  1001 final     randk   out     32  0.250     1.000    0.002      NaN           NaN            NaN         rule               40.000     0.00
mamba  1001 final     randk   out     32  0.500     1.000    0.002      NaN           NaN            NaN         rule               40.000     0.00
mamba  1001 final     randk   out     32  0.750     1.000    0.002      NaN           NaN            NaN         rule               40.000     0.00
mamba  1001 final     randk   out     32  1.000     1.000    0.001      NaN           NaN            NaN         rule               40.000     0.00
mamba  1001 final     randk  both     27  0.000     1.000    0.002      NaN           NaN            NaN         rule               40.000     0.00
mamba  1001 final     randk  both     27  0.250     1.000    0.002      NaN           NaN            NaN         rule               40.000     0.00
mamba  1001 final     randk  both     27  0.500     1.000    0.002      NaN           NaN            NaN         rule               40.000     0.00
mamba  1001 final     randk  both     27  0.750     1.000    0.001      NaN           NaN            NaN         rule               40.000     0.00
mamba  1001 final     randk  both     27  1.000     1.000    0.001      NaN           NaN            NaN         rule               40.000     0.00
mamba  1001 final     randk  both     27  0.000     1.000    0.002      NaN           NaN            NaN         rule               40.000     0.00
mamba  1001 final     randk  both     27  0.250     1.000    0.002      NaN           NaN            NaN         rule               40.000     0.00
mamba  1001 final     randk  both     27  0.500     1.000    0.002      NaN           NaN            NaN         rule               40.000     0.00
mamba  1001 final     randk  both     27  0.750     1.000    0.001      NaN           NaN            NaN         rule               40.000     0.00
mamba  1001 final     randk  both     27  1.000     1.000    0.001      NaN           NaN            NaN         rule               40.000     0.00
mamba  1001 final     randk  both     27  0.000     1.000    0.002      NaN           NaN            NaN         rule               40.000     0.00
mamba  1001 final     randk  both     27  0.250     1.000    0.002      NaN           NaN            NaN         rule               40.000     0.00
mamba  1001 final     randk  both     27  0.500     1.000    0.002      NaN           NaN            NaN         rule               40.000     0.00
mamba  1001 final     randk  both     27  0.750     1.000    0.001      NaN           NaN            NaN         rule               40.000     0.00
mamba  1001 final     randk  both     27  1.000     1.000    0.001      NaN           NaN            NaN         rule               40.000     0.00
mamba  1001 final  residual    in     27  0.000     1.000    0.002      NaN           NaN            NaN         rule               40.000     0.00
mamba  1001 final  residual    in     27  0.250     1.000    0.002      NaN           NaN            NaN         rule               40.000     0.00
mamba  1001 final  residual    in     27  0.500     1.000    0.002      NaN           NaN            NaN         rule               40.000     0.00
mamba  1001 final  residual    in     27  0.750     1.000    0.002      NaN           NaN            NaN         rule               40.000     0.00
mamba  1001 final  residual    in     27  1.000     1.000    0.002      NaN           NaN            NaN         rule               40.000     0.00
mamba  1001 final  residual   out     32  0.000     1.000    0.002      NaN           NaN            NaN         rule               40.000     0.00
mamba  1001 final  residual   out     32  0.250     1.000    0.002      NaN           NaN            NaN         rule               40.000     0.00
mamba  1001 final  residual   out     32  0.500     1.000    0.002      NaN           NaN            NaN         rule               40.000     0.00
mamba  1001 final  residual   out     32  0.750     1.000    0.002      NaN           NaN            NaN         rule               40.000     0.00
mamba  1001 final  residual   out     32  1.000     1.000    0.001      NaN           NaN            NaN         rule               40.000     0.00
mamba  1001 final  residual  both     27  0.000     1.000    0.002      NaN           NaN            NaN         rule               40.000     0.00
mamba  1001 final  residual  both     27  0.250     1.000    0.002      NaN           NaN            NaN         rule               40.000     0.00
mamba  1001 final  residual  both     27  0.500     1.000    0.002      NaN           NaN            NaN         rule               40.000     0.00
mamba  1001 final  residual  both     27  0.750     1.000    0.001      NaN           NaN            NaN         rule               40.000     0.00
mamba  1001 final  residual  both     27  1.000     1.000    0.001      NaN           NaN            NaN         rule               40.000     0.00
mamba  1002 final      none     -      0  0.000     1.000    0.001      NaN           NaN            NaN         rule               40.000     0.00
mamba  1002 final   lowpass    in      0  0.000     0.006   16.679      NaN           NaN            NaN   gcm_linear                0.200     0.00
mamba  1002 final   lowpass    in      1  1.000     0.007   18.299      NaN           NaN            NaN gcm_circular                2.268     0.00
mamba  1002 final   lowpass    in      2  2.000     0.007   17.567      NaN           NaN            NaN   gcm_linear                1.819     0.00
mamba  1002 final   lowpass    in      3  3.000     0.007   17.248      NaN           NaN            NaN   gcm_linear                0.938     0.00
mamba  1002 final   lowpass    in      4  4.000     0.005   17.205      NaN           NaN            NaN   gcm_linear                0.938     0.00
mamba  1002 final   lowpass    in      6  6.000     0.007   17.502      NaN           NaN            NaN  gcm_hamming                0.200     0.00
mamba  1002 final   lowpass    in      8  8.000     0.006   17.538      NaN           NaN            NaN      uniform                0.484     0.00
mamba  1002 final   lowpass    in     12 12.000     0.480    1.650      NaN           NaN            NaN gcm_circular               32.076     0.00
mamba  1002 final   lowpass    in     16 16.000     0.478    1.657      NaN           NaN            NaN gcm_circular               32.076     0.00
mamba  1002 final   lowpass    in     24 24.000     0.640    1.038      NaN           NaN            NaN         rule               32.076     0.00
mamba  1002 final   lowpass    in     32 32.000     0.634    1.059      NaN           NaN            NaN         rule               25.722     0.00
mamba  1002 final   lowpass    in     48 48.000     0.997    0.012      NaN           NaN            NaN         rule               40.000     0.00
mamba  1002 final   lowpass    in     74 74.000     1.000    0.001      NaN           NaN            NaN         rule               40.000     0.00
mamba  1002 final   lowpass   out      0  0.000     0.007    5.004      NaN           NaN            NaN      uniform                0.200     0.00
mamba  1002 final   lowpass   out      1  1.000     0.008    5.004      NaN           NaN            NaN      uniform                0.752     0.00
mamba  1002 final   lowpass   out      2  2.000     0.011    4.997      NaN           NaN            NaN         rule                0.752     0.00
mamba  1002 final   lowpass   out      3  3.000     0.007    4.998      NaN           NaN            NaN      uniform                0.200     0.00
mamba  1002 final   lowpass   out      4  4.000     0.008    5.003      NaN           NaN            NaN      uniform                0.200     0.00
mamba  1002 final   lowpass   out      6  6.000     0.008    5.014      NaN           NaN            NaN  gcm_hamming                0.200     0.00
mamba  1002 final   lowpass   out      8  8.000     0.015    5.017      NaN           NaN            NaN         rule                0.484     0.00
mamba  1002 final   lowpass   out     12 12.000     0.702    1.426      NaN           NaN            NaN         rule               20.627     0.00
mamba  1002 final   lowpass   out     16 16.000     0.668    1.446      NaN           NaN            NaN         rule               20.627     0.00
mamba  1002 final   lowpass   out     24 24.000     0.830    0.890      NaN           NaN            NaN         rule               20.627     0.00
mamba  1002 final   lowpass   out     32 32.000     0.779    0.943      NaN           NaN            NaN         rule               16.541     0.00
mamba  1002 final   lowpass   out     48 48.000     0.999    0.012      NaN           NaN            NaN         rule               40.000     0.00
mamba  1002 final   lowpass   out     74 74.000     1.000    0.001      NaN           NaN            NaN         rule               40.000     0.00
mamba  1002 final   lowpass  both      0  0.000     0.007    5.004      NaN           NaN            NaN      uniform                0.200     0.00
mamba  1002 final   lowpass  both      1  1.000     0.009    4.989      NaN           NaN            NaN   gcm_linear                1.819     0.00
mamba  1002 final   lowpass  both      2  2.000     0.008    5.013      NaN           NaN            NaN gcm_circular                2.268     0.00
mamba  1002 final   lowpass  both      3  3.000     0.009    5.013      NaN           NaN            NaN      uniform                1.459     0.00
mamba  1002 final   lowpass  both      4  4.000     0.007    5.012      NaN           NaN            NaN      uniform                0.200     0.00
mamba  1002 final   lowpass  both      6  6.000     0.007    5.006      NaN           NaN            NaN      uniform                0.938     0.00
mamba  1002 final   lowpass  both      8  8.000     0.010    5.013      NaN           NaN            NaN         rule                0.938     0.00
mamba  1002 final   lowpass  both     12 12.000     0.949    0.542      NaN           NaN            NaN         rule               40.000     0.00
mamba  1002 final   lowpass  both     16 16.000     0.939    0.558      NaN           NaN            NaN         rule               40.000     0.00
mamba  1002 final   lowpass  both     24 24.000     0.992    0.252      NaN           NaN            NaN         rule               40.000     0.00
mamba  1002 final   lowpass  both     32 32.000     0.984    0.269      NaN           NaN            NaN         rule               40.000     0.00
mamba  1002 final   lowpass  both     48 48.000     1.000    0.003      NaN           NaN            NaN         rule               40.000     0.00
mamba  1002 final   lowpass  both     74 74.000     1.000    0.001      NaN           NaN            NaN         rule               40.000     0.00
mamba  1002 final      etop    in      0  0.000     1.000    0.001      NaN           NaN            NaN         rule               40.000     0.00
mamba  1002 final      etop    in      1  0.050     0.999    0.005      NaN           NaN            NaN         rule               40.000     0.00
mamba  1002 final      etop    in      2  0.100     0.997    0.011      NaN           NaN            NaN         rule               40.000     0.00
mamba  1002 final      etop    in      3  0.200     0.973    0.092      NaN           NaN            NaN         rule               40.000     0.00
mamba  1002 final      etop    in      4  0.300     0.930    0.206      NaN           NaN            NaN         rule               20.627     0.00
mamba  1002 final      etop    in      6  0.400     0.567    1.349      NaN           NaN            NaN         rule                5.485     0.00
mamba  1002 final      etop    in      7  0.500     0.346    2.457      NaN           NaN            NaN         rule                4.398     0.00
mamba  1002 final      etop    in      9  0.600     0.072    5.668      NaN           NaN            NaN         rule                0.200     0.00
mamba  1002 final      etop    in     11  0.700     0.012    9.725      NaN           NaN            NaN         rule                0.311     0.00
mamba  1002 final      etop    in     21  0.800     0.006   17.888      NaN           NaN            NaN  gcm_hamming                0.200     0.00
mamba  1002 final      etop    in     46  0.900     0.007   17.559      NaN           NaN            NaN      uniform                0.311     0.00
mamba  1002 final      etop    in     59  0.950     0.006   17.399      NaN           NaN            NaN  gcm_hamming                0.200     0.00
mamba  1002 final      etop    in     74  1.000     0.006   16.679      NaN           NaN            NaN   gcm_linear                0.200     0.00
mamba  1002 final      etop   out      0  0.000     1.000    0.001      NaN           NaN            NaN         rule               40.000     0.00
mamba  1002 final      etop   out      1  0.050     0.999    0.003      NaN           NaN            NaN         rule               40.000     0.00
mamba  1002 final      etop   out      1  0.100     0.999    0.003      NaN           NaN            NaN         rule               40.000     0.00
mamba  1002 final      etop   out      2  0.200     0.998    0.012      NaN           NaN            NaN         rule               40.000     0.00
mamba  1002 final      etop   out      3  0.300     0.986    0.074      NaN           NaN            NaN         rule               40.000     0.00
mamba  1002 final      etop   out      5  0.400     0.897    0.444      NaN           NaN            NaN         rule               16.541     0.00
mamba  1002 final      etop   out      6  0.500     0.628    1.223      NaN           NaN            NaN         rule                6.840     0.00
mamba  1002 final      etop   out      7  0.600     0.328    2.171      NaN           NaN            NaN         rule                4.398     0.00
mamba  1002 final      etop   out      9  0.700     0.115    3.822      NaN           NaN            NaN         rule                1.170     0.00
mamba  1002 final      etop   out     12  0.800     0.048    5.130      NaN           NaN            NaN         rule                0.200     0.00
mamba  1002 final      etop   out     37  0.900     0.014    5.101      NaN           NaN            NaN         rule                0.752     0.00
mamba  1002 final      etop   out     55  0.950     0.007    5.051      NaN           NaN            NaN      uniform                0.200     0.00
mamba  1002 final      etop   out     74  1.000     0.007    5.004      NaN           NaN            NaN      uniform                0.200     0.00
mamba  1002 final      etop  both      0  0.000     1.000    0.001      NaN           NaN            NaN         rule               40.000     0.00
mamba  1002 final      etop  both      1  0.050     1.000    0.002      NaN           NaN            NaN         rule               40.000     0.00
mamba  1002 final      etop  both      2  0.100     0.999    0.006      NaN           NaN            NaN         rule               40.000     0.00
mamba  1002 final      etop  both      3  0.200     0.987    0.054      NaN           NaN            NaN         rule               40.000     0.00
mamba  1002 final      etop  both      4  0.300     0.970    0.112      NaN           NaN            NaN         rule               40.000     0.00
mamba  1002 final      etop  both      6  0.400     0.388    1.942      NaN           NaN            NaN         rule                4.398     0.00
mamba  1002 final      etop  both      7  0.500     0.428    1.746      NaN           NaN            NaN         rule                4.398     0.00
mamba  1002 final      etop  both      9  0.600     0.082    4.413      NaN           NaN            NaN         rule                0.249     0.00
mamba  1002 final      etop  both     11  0.700     0.013    6.198      NaN           NaN            NaN         rule                0.311     0.00
mamba  1002 final      etop  both     21  0.800     0.006    5.451      NaN           NaN            NaN  gcm_hamming                0.200     0.00
mamba  1002 final      etop  both     46  0.900     0.008    5.246      NaN           NaN            NaN      uniform                0.484     0.00
mamba  1002 final      etop  both     59  0.950     0.006    5.121      NaN           NaN            NaN      uniform                0.200     0.00
mamba  1002 final      etop  both     74  1.000     0.007    5.004      NaN           NaN            NaN      uniform                0.200     0.00
mamba  1002 final   ebottom    in      0  0.000     1.000    0.001      NaN           NaN            NaN         rule               40.000     0.00
mamba  1002 final   ebottom    in     16  0.050     1.000    0.001      NaN           NaN            NaN         rule               40.000     0.00
mamba  1002 final   ebottom    in     29  0.100     1.000    0.000      NaN           NaN            NaN         rule               40.000     0.00
mamba  1002 final   ebottom    in     54  0.200     1.000    0.000      NaN           NaN            NaN         rule               40.000     0.00
mamba  1002 final   ebottom    in     64  0.300     1.000    0.000      NaN           NaN            NaN         rule               40.000     0.00
mamba  1002 final   ebottom    in     66  0.400     1.000    0.001      NaN           NaN            NaN         rule               40.000     0.00
mamba  1002 final   ebottom    in     68  0.500     0.995    0.018      NaN           NaN            NaN         rule               40.000     0.00
mamba  1002 final   ebottom    in     69  0.600     0.996    0.022      NaN           NaN            NaN         rule               40.000     0.00
mamba  1002 final   ebottom    in     71  0.700     0.636    1.020      NaN           NaN            NaN         rule                3.527     0.00
mamba  1002 final   ebottom    in     72  0.800     0.245    2.647      NaN           NaN            NaN         rule                0.200     0.00
mamba  1002 final   ebottom    in     73  0.900     0.050    4.842      NaN           NaN            NaN         rule                0.200     0.00
mamba  1002 final   ebottom    in     74  0.950     0.006   16.679      NaN           NaN            NaN   gcm_linear                0.200     0.00
mamba  1002 final   ebottom    in     74  1.000     0.006   16.679      NaN           NaN            NaN   gcm_linear                0.200     0.00
mamba  1002 final   ebottom   out      0  0.000     1.000    0.001      NaN           NaN            NaN         rule               40.000     0.00
mamba  1002 final   ebottom   out     20  0.050     1.000    0.001      NaN           NaN            NaN         rule               40.000     0.00
mamba  1002 final   ebottom   out     38  0.100     1.000    0.001      NaN           NaN            NaN         rule               40.000     0.00
mamba  1002 final   ebottom   out     63  0.200     1.000    0.001      NaN           NaN            NaN         rule               40.000     0.00
mamba  1002 final   ebottom   out     66  0.300     0.999    0.006      NaN           NaN            NaN         rule               40.000     0.00
mamba  1002 final   ebottom   out     68  0.400     0.997    0.034      NaN           NaN            NaN         rule               40.000     0.00
mamba  1002 final   ebottom   out     69  0.500     0.994    0.111      NaN           NaN            NaN         rule               40.000     0.00
mamba  1002 final   ebottom   out     70  0.600     0.984    0.291      NaN           NaN            NaN         rule               40.000     0.00
mamba  1002 final   ebottom   out     72  0.700     0.371    2.209      NaN           NaN            NaN         rule                0.200     0.00
mamba  1002 final   ebottom   out     73  0.800     0.063    3.511      NaN           NaN            NaN         rule                0.200     0.00
mamba  1002 final   ebottom   out     74  0.900     0.007    5.004      NaN           NaN            NaN      uniform                0.200     0.00
mamba  1002 final   ebottom   out     74  0.950     0.007    5.004      NaN           NaN            NaN      uniform                0.200     0.00
mamba  1002 final   ebottom   out     74  1.000     0.007    5.004      NaN           NaN            NaN      uniform                0.200     0.00
mamba  1002 final   ebottom  both      0  0.000     1.000    0.001      NaN           NaN            NaN         rule               40.000     0.00
mamba  1002 final   ebottom  both     16  0.050     1.000    0.001      NaN           NaN            NaN         rule               40.000     0.00
mamba  1002 final   ebottom  both     29  0.100     1.000    0.000      NaN           NaN            NaN         rule               40.000     0.00
mamba  1002 final   ebottom  both     54  0.200     1.000    0.000      NaN           NaN            NaN         rule               40.000     0.00
mamba  1002 final   ebottom  both     64  0.300     1.000    0.002      NaN           NaN            NaN         rule               40.000     0.00
mamba  1002 final   ebottom  both     66  0.400     1.000    0.008      NaN           NaN            NaN         rule               40.000     0.00
mamba  1002 final   ebottom  both     68  0.500     0.997    0.085      NaN           NaN            NaN         rule               40.000     0.00
mamba  1002 final   ebottom  both     69  0.600     0.860    0.584      NaN           NaN            NaN         rule               10.637     0.00
mamba  1002 final   ebottom  both     71  0.700     0.627    1.538      NaN           NaN            NaN         rule                2.828     0.00
mamba  1002 final   ebottom  both     72  0.800     0.117    3.106      NaN           NaN            NaN         rule                0.938     0.00
mamba  1002 final   ebottom  both     73  0.900     0.007    5.004      NaN           NaN            NaN      uniform                0.200     0.00
mamba  1002 final   ebottom  both     74  0.950     0.007    5.004      NaN           NaN            NaN      uniform                0.200     0.00
mamba  1002 final   ebottom  both     74  1.000     0.007    5.004      NaN           NaN            NaN      uniform                0.200     0.00
mamba  1002 final     erand    in      0  0.000     1.000    0.001      NaN           NaN            NaN         rule               40.000     0.00
mamba  1002 final     erand    in     13  0.050     1.000    0.001      NaN           NaN            NaN         rule               40.000     0.00
mamba  1002 final     erand    in     18  0.100     1.000    0.001      NaN           NaN            NaN         rule               40.000     0.00
mamba  1002 final     erand    in     26  0.200     0.999    0.002      NaN           NaN            NaN         rule               40.000     0.00
mamba  1002 final     erand    in     35  0.300     0.999    0.005      NaN           NaN            NaN         rule               40.000     0.00
mamba  1002 final     erand    in     39  0.400     0.994    0.028      NaN           NaN            NaN         rule               40.000     0.00
mamba  1002 final     erand    in     46  0.500     0.995    0.029      NaN           NaN            NaN         rule               40.000     0.00
mamba  1002 final     erand    in     53  0.600     0.845    0.451      NaN           NaN            NaN         rule               20.627     0.00
mamba  1002 final     erand    in     60  0.700     0.582    1.259      NaN           NaN            NaN         rule                3.527     0.00
mamba  1002 final     erand    in     68  0.800     0.203    3.079      NaN           NaN            NaN         rule                1.170     0.00
mamba  1002 final     erand    in     69  0.900     0.034    5.385      NaN           NaN            NaN         rule                0.200     0.00
mamba  1002 final     erand    in     70  0.950     0.008   17.228      NaN           NaN            NaN gcm_circular                0.249     0.00
mamba  1002 final     erand    in     74  1.000     0.006   16.679      NaN           NaN            NaN   gcm_linear                0.200     0.00
mamba  1002 final     erand    in      0  0.000     1.000    0.001      NaN           NaN            NaN         rule               40.000     0.00
mamba  1002 final     erand    in      3  0.050     1.000    0.001      NaN           NaN            NaN         rule               40.000     0.00
mamba  1002 final     erand    in     11  0.100     1.000    0.001      NaN           NaN            NaN         rule               40.000     0.00
mamba  1002 final     erand    in     19  0.200     1.000    0.003      NaN           NaN            NaN         rule               40.000     0.00
mamba  1002 final     erand    in     27  0.300     0.996    0.021      NaN           NaN            NaN         rule               40.000     0.00
mamba  1002 final     erand    in     40  0.400     0.965    0.118      NaN           NaN            NaN         rule               32.076     0.00
mamba  1002 final     erand    in     42  0.500     0.852    0.429      NaN           NaN            NaN         rule               10.637     0.00
mamba  1002 final     erand    in     45  0.600     0.802    0.588      NaN           NaN            NaN         rule                8.530     0.00
mamba  1002 final     erand    in     53  0.700     0.193    3.060      NaN           NaN            NaN         rule                1.819     0.00
mamba  1002 final     erand    in     60  0.800     0.114    3.775      NaN           NaN            NaN         rule                1.819     0.00
mamba  1002 final     erand    in     63  0.900     0.016    8.860      NaN           NaN            NaN  gcm_hamming                0.200     0.00
mamba  1002 final     erand    in     67  0.950     0.007   17.174      NaN           NaN            NaN  gcm_hamming                0.200     0.00
mamba  1002 final     erand    in     74  1.000     0.006   16.679      NaN           NaN            NaN   gcm_linear                0.200     0.00
mamba  1002 final     erand    in      0  0.000     1.000    0.001      NaN           NaN            NaN         rule               40.000     0.00
mamba  1002 final     erand    in      8  0.050     1.000    0.002      NaN           NaN            NaN         rule               40.000     0.00
mamba  1002 final     erand    in      8  0.100     1.000    0.002      NaN           NaN            NaN         rule               40.000     0.00
mamba  1002 final     erand    in     17  0.200     0.999    0.008      NaN           NaN            NaN         rule               40.000     0.00
mamba  1002 final     erand    in     26  0.300     0.949    0.152      NaN           NaN            NaN         rule               40.000     0.00
mamba  1002 final     erand    in     31  0.400     0.950    0.148      NaN           NaN            NaN         rule               40.000     0.00
mamba  1002 final     erand    in     34  0.500     0.818    0.517      NaN           NaN            NaN         rule               10.637     0.00
mamba  1002 final     erand    in     40  0.600     0.461    1.826      NaN           NaN            NaN         rule                2.828     0.00
mamba  1002 final     erand    in     41  0.700     0.158    3.773      NaN           NaN            NaN         rule                1.459     0.00
mamba  1002 final     erand    in     51  0.800     0.087    4.758      NaN           NaN            NaN         rule                1.819     0.00
mamba  1002 final     erand    in     59  0.900     0.014    8.722      NaN           NaN            NaN         rule                0.200     0.00
mamba  1002 final     erand    in     63  0.950     0.005   17.446      NaN           NaN            NaN      uniform                0.200     0.00
mamba  1002 final     erand    in     74  1.000     0.006   16.679      NaN           NaN            NaN   gcm_linear                0.200     0.00
mamba  1002 final     erand   out      0  0.000     1.000    0.001      NaN           NaN            NaN         rule               40.000     0.00
mamba  1002 final     erand   out     16  0.050     1.000    0.001      NaN           NaN            NaN         rule               40.000     0.00
mamba  1002 final     erand   out     18  0.100     1.000    0.001      NaN           NaN            NaN         rule               40.000     0.00
mamba  1002 final     erand   out     28  0.200     1.000    0.002      NaN           NaN            NaN         rule               40.000     0.00
mamba  1002 final     erand   out     38  0.300     0.999    0.021      NaN           NaN            NaN         rule               40.000     0.00
mamba  1002 final     erand   out     39  0.400     0.997    0.043      NaN           NaN            NaN         rule               40.000     0.00
mamba  1002 final     erand   out     51  0.500     0.950    0.361      NaN           NaN            NaN         rule               25.722     0.00
mamba  1002 final     erand   out     58  0.600     0.947    0.453      NaN           NaN            NaN         rule               25.722     0.00
mamba  1002 final     erand   out     60  0.700     0.696    1.310      NaN           NaN            NaN         rule                4.398     0.00
mamba  1002 final     erand   out     68  0.800     0.287    2.479      NaN           NaN            NaN         rule                2.268     0.00
mamba  1002 final     erand   out     69  0.900     0.042    3.966      NaN           NaN            NaN         rule                0.200     0.00
mamba  1002 final     erand   out     70  0.950     0.005    5.002      NaN           NaN            NaN  gcm_hamming                0.200     0.00
mamba  1002 final     erand   out     74  1.000     0.007    5.004      NaN           NaN            NaN      uniform                0.200     0.00
mamba  1002 final     erand   out      0  0.000     1.000    0.001      NaN           NaN            NaN         rule               40.000     0.00
mamba  1002 final     erand   out      3  0.050     1.000    0.001      NaN           NaN            NaN         rule               40.000     0.00
mamba  1002 final     erand   out      8  0.100     1.000    0.001      NaN           NaN            NaN         rule               40.000     0.00
mamba  1002 final     erand   out     17  0.200     1.000    0.004      NaN           NaN            NaN         rule               40.000     0.00
mamba  1002 final     erand   out     27  0.300     0.996    0.032      NaN           NaN            NaN         rule               40.000     0.00
mamba  1002 final     erand   out     40  0.400     0.975    0.173      NaN           NaN            NaN         rule               40.000     0.00
mamba  1002 final     erand   out     42  0.500     0.878    0.551      NaN           NaN            NaN         rule               13.264     0.00
mamba  1002 final     erand   out     44  0.600     0.796    0.817      NaN           NaN            NaN         rule                8.530     0.00
mamba  1002 final     erand   out     53  0.700     0.201    2.666      NaN           NaN            NaN         rule                1.819     0.00
mamba  1002 final     erand   out     61  0.800     0.115    3.015      NaN           NaN            NaN         rule                1.459     0.00
mamba  1002 final     erand   out     63  0.900     0.007    4.501      NaN           NaN            NaN  gcm_hamming                0.200     0.00
mamba  1002 final     erand   out     67  0.950     0.003    5.022      NaN           NaN            NaN      uniform                0.200     0.00
mamba  1002 final     erand   out     74  1.000     0.007    5.004      NaN           NaN            NaN      uniform                0.200     0.00
mamba  1002 final     erand   out      0  0.000     1.000    0.001      NaN           NaN            NaN         rule               40.000     0.00
mamba  1002 final     erand   out      8  0.050     1.000    0.002      NaN           NaN            NaN         rule               40.000     0.00
mamba  1002 final     erand   out      9  0.100     1.000    0.002      NaN           NaN            NaN         rule               40.000     0.00
mamba  1002 final     erand   out     17  0.200     0.998    0.013      NaN           NaN            NaN         rule               40.000     0.00
mamba  1002 final     erand   out     25  0.300     0.999    0.013      NaN           NaN            NaN         rule               40.000     0.00
mamba  1002 final     erand   out     26  0.400     0.977    0.141      NaN           NaN            NaN         rule               40.000     0.00
mamba  1002 final     erand   out     32  0.500     0.913    0.446      NaN           NaN            NaN         rule               16.541     0.00
mamba  1002 final     erand   out     36  0.600     0.792    0.895      NaN           NaN            NaN         rule                8.530     0.00
mamba  1002 final     erand   out     41  0.700     0.199    2.862      NaN           NaN            NaN         rule                1.819     0.00
mamba  1002 final     erand   out     43  0.800     0.128    3.402      NaN           NaN            NaN         rule                2.268     0.00
mamba  1002 final     erand   out     56  0.900     0.010    4.619      NaN           NaN            NaN gcm_circular                0.938     0.00
mamba  1002 final     erand   out     60  0.950     0.006    5.011      NaN           NaN            NaN      uniform                0.388     0.00
mamba  1002 final     erand   out     74  1.000     0.007    5.004      NaN           NaN            NaN      uniform                0.200     0.00
mamba  1002 final     erand  both      0  0.000     1.000    0.001      NaN           NaN            NaN         rule               40.000     0.00
mamba  1002 final     erand  both     13  0.050     1.000    0.001      NaN           NaN            NaN         rule               40.000     0.00
mamba  1002 final     erand  both     18  0.100     1.000    0.004      NaN           NaN            NaN         rule               40.000     0.00
mamba  1002 final     erand  both     26  0.200     0.991    0.051      NaN           NaN            NaN         rule               40.000     0.00
mamba  1002 final     erand  both     35  0.300     0.909    0.323      NaN           NaN            NaN         rule               16.541     0.00
mamba  1002 final     erand  both     39  0.400     0.845    0.444      NaN           NaN            NaN         rule               13.264     0.00
mamba  1002 final     erand  both     46  0.500     0.665    1.232      NaN           NaN            NaN         rule                4.398     0.00
mamba  1002 final     erand  both     53  0.600     0.193    2.706      NaN           NaN            NaN         rule                0.200     0.00
mamba  1002 final     erand  both     60  0.700     0.062    3.945      NaN           NaN            NaN         rule                0.200     0.00
mamba  1002 final     erand  both     68  0.800     0.018    5.405      NaN           NaN            NaN         rule                0.200     0.00
mamba  1002 final     erand  both     69  0.900     0.009    5.164      NaN           NaN            NaN         rule                0.200     0.00
mamba  1002 final     erand  both     70  0.950     0.006    5.032      NaN           NaN            NaN      uniform                0.311     0.00
mamba  1002 final     erand  both     74  1.000     0.007    5.004      NaN           NaN            NaN      uniform                0.200     0.00
mamba  1002 final     erand  both      0  0.000     1.000    0.001      NaN           NaN            NaN         rule               40.000     0.00
mamba  1002 final     erand  both      3  0.050     1.000    0.001      NaN           NaN            NaN         rule               40.000     0.00
mamba  1002 final     erand  both     11  0.100     1.000    0.001      NaN           NaN            NaN         rule               40.000     0.00
mamba  1002 final     erand  both     19  0.200     0.968    0.131      NaN           NaN            NaN         rule               32.076     0.00
mamba  1002 final     erand  both     27  0.300     0.811    0.560      NaN           NaN            NaN         rule                8.530     0.00
mamba  1002 final     erand  both     40  0.400     0.445    1.831      NaN           NaN            NaN         rule                4.398     0.00
mamba  1002 final     erand  both     42  0.500     0.146    3.281      NaN           NaN            NaN         rule                3.527     0.00
mamba  1002 final     erand  both     45  0.600     0.070    3.729      NaN           NaN            NaN gcm_circular                3.527     0.00
mamba  1002 final     erand  both     53  0.700     0.019    5.038      NaN           NaN            NaN gcm_circular                0.752     0.00
mamba  1002 final     erand  both     60  0.800     0.006    5.448      NaN           NaN            NaN gcm_circular                0.200     0.00
mamba  1002 final     erand  both     63  0.900     0.001    4.993      NaN           NaN            NaN   gcm_linear                0.200     0.00
mamba  1002 final     erand  both     67  0.950     0.006    5.037      NaN           NaN            NaN  gcm_hamming                0.200     0.00
mamba  1002 final     erand  both     74  1.000     0.007    5.004      NaN           NaN            NaN      uniform                0.200     0.00
mamba  1002 final     erand  both      0  0.000     1.000    0.001      NaN           NaN            NaN         rule               40.000     0.00
mamba  1002 final     erand  both      8  0.050     1.000    0.001      NaN           NaN            NaN         rule               40.000     0.00
mamba  1002 final     erand  both      8  0.100     1.000    0.002      NaN           NaN            NaN         rule               40.000     0.00
mamba  1002 final     erand  both     17  0.200     0.902    0.350      NaN           NaN            NaN         rule               16.541     0.00
mamba  1002 final     erand  both     26  0.300     0.928    0.247      NaN           NaN            NaN         rule               20.627     0.00
mamba  1002 final     erand  both     31  0.400     0.777    0.752      NaN           NaN            NaN         rule                8.530     0.00
mamba  1002 final     erand  both     34  0.500     0.598    1.209      NaN           NaN            NaN         rule                5.485     0.00
mamba  1002 final     erand  both     40  0.600     0.169    2.920      NaN           NaN            NaN         rule                0.200     0.00
mamba  1002 final     erand  both     41  0.700     0.013    4.996      NaN           NaN            NaN   gcm_linear                0.603     0.00
mamba  1002 final     erand  both     51  0.800     0.006    5.322      NaN           NaN            NaN   gcm_linear                0.200     0.00
mamba  1002 final     erand  both     59  0.900     0.005    5.150      NaN           NaN            NaN  gcm_hamming                0.388     0.00
mamba  1002 final     erand  both     63  0.950     0.007    5.728      NaN           NaN            NaN   gcm_linear                0.484     0.00
mamba  1002 final     erand  both     74  1.000     0.007    5.004      NaN           NaN            NaN      uniform                0.200     0.00
mamba  1002 final      topk    in     46  0.000     1.000    0.001      NaN           NaN            NaN         rule               40.000     0.00
mamba  1002 final      topk    in     46  0.250     1.000    0.001      NaN           NaN            NaN         rule               40.000     0.00
mamba  1002 final      topk    in     46  0.500     0.999    0.002      NaN           NaN            NaN         rule               40.000     0.00
mamba  1002 final      topk    in     46  0.750     0.989    0.035      NaN           NaN            NaN         rule               40.000     0.00
mamba  1002 final      topk    in     46  1.000     0.007   17.559      NaN           NaN            NaN      uniform                0.311     0.00
mamba  1002 final      topk   out     37  0.000     1.000    0.001      NaN           NaN            NaN         rule               40.000     0.00
mamba  1002 final      topk   out     37  0.250     1.000    0.001      NaN           NaN            NaN         rule               40.000     0.00
mamba  1002 final      topk   out     37  0.500     1.000    0.013      NaN           NaN            NaN         rule               40.000     0.00
mamba  1002 final      topk   out     37  0.750     0.997    0.455      NaN           NaN            NaN         rule               40.000     0.00
mamba  1002 final      topk   out     37  1.000     0.014    5.101      NaN           NaN            NaN         rule                0.752     0.00
mamba  1002 final      topk  both     46  0.000     1.000    0.001      NaN           NaN            NaN         rule               40.000     0.00
mamba  1002 final      topk  both     46  0.250     1.000    0.002      NaN           NaN            NaN         rule               40.000     0.00
mamba  1002 final      topk  both     46  0.500     0.999    0.020      NaN           NaN            NaN         rule               40.000     0.00
mamba  1002 final      topk  both     46  0.750     0.960    0.852      NaN           NaN            NaN         rule               40.000     0.00
mamba  1002 final      topk  both     46  1.000     0.006    5.186      NaN           NaN            NaN   gcm_linear                0.311     0.00
mamba  1002 final     randk    in     28  0.000     1.000    0.001      NaN           NaN            NaN         rule               40.000     0.00
mamba  1002 final     randk    in     28  0.250     1.000    0.001      NaN           NaN            NaN         rule               40.000     0.00
mamba  1002 final     randk    in     28  0.500     1.000    0.001      NaN           NaN            NaN         rule               40.000     0.00
mamba  1002 final     randk    in     28  0.750     1.000    0.000      NaN           NaN            NaN         rule               40.000     0.00
mamba  1002 final     randk    in     28  1.000     1.000    0.000      NaN           NaN            NaN         rule               40.000     0.00
mamba  1002 final     randk    in     28  0.000     1.000    0.001      NaN           NaN            NaN         rule               40.000     0.00
mamba  1002 final     randk    in     28  0.250     1.000    0.001      NaN           NaN            NaN         rule               40.000     0.00
mamba  1002 final     randk    in     28  0.500     1.000    0.001      NaN           NaN            NaN         rule               40.000     0.00
mamba  1002 final     randk    in     28  0.750     1.000    0.000      NaN           NaN            NaN         rule               40.000     0.00
mamba  1002 final     randk    in     28  1.000     1.000    0.000      NaN           NaN            NaN         rule               40.000     0.00
mamba  1002 final     randk    in     28  0.000     1.000    0.001      NaN           NaN            NaN         rule               40.000     0.00
mamba  1002 final     randk    in     28  0.250     1.000    0.001      NaN           NaN            NaN         rule               40.000     0.00
mamba  1002 final     randk    in     28  0.500     1.000    0.001      NaN           NaN            NaN         rule               40.000     0.00
mamba  1002 final     randk    in     28  0.750     1.000    0.000      NaN           NaN            NaN         rule               40.000     0.00
mamba  1002 final     randk    in     28  1.000     1.000    0.000      NaN           NaN            NaN         rule               40.000     0.00
mamba  1002 final     randk   out     37  0.000     1.000    0.001      NaN           NaN            NaN         rule               40.000     0.00
mamba  1002 final     randk   out     37  0.250     1.000    0.001      NaN           NaN            NaN         rule               40.000     0.00
mamba  1002 final     randk   out     37  0.500     1.000    0.001      NaN           NaN            NaN         rule               40.000     0.00
mamba  1002 final     randk   out     37  0.750     1.000    0.001      NaN           NaN            NaN         rule               40.000     0.00
mamba  1002 final     randk   out     37  1.000     1.000    0.001      NaN           NaN            NaN         rule               40.000     0.00
mamba  1002 final     randk   out     37  0.000     1.000    0.001      NaN           NaN            NaN         rule               40.000     0.00
mamba  1002 final     randk   out     37  0.250     1.000    0.001      NaN           NaN            NaN         rule               40.000     0.00
mamba  1002 final     randk   out     37  0.500     1.000    0.001      NaN           NaN            NaN         rule               40.000     0.00
mamba  1002 final     randk   out     37  0.750     1.000    0.001      NaN           NaN            NaN         rule               40.000     0.00
mamba  1002 final     randk   out     37  1.000     1.000    0.001      NaN           NaN            NaN         rule               40.000     0.00
mamba  1002 final     randk   out     37  0.000     1.000    0.001      NaN           NaN            NaN         rule               40.000     0.00
mamba  1002 final     randk   out     37  0.250     1.000    0.001      NaN           NaN            NaN         rule               40.000     0.00
mamba  1002 final     randk   out     37  0.500     1.000    0.001      NaN           NaN            NaN         rule               40.000     0.00
mamba  1002 final     randk   out     37  0.750     1.000    0.001      NaN           NaN            NaN         rule               40.000     0.00
mamba  1002 final     randk   out     37  1.000     1.000    0.001      NaN           NaN            NaN         rule               40.000     0.00
mamba  1002 final     randk  both     28  0.000     1.000    0.001      NaN           NaN            NaN         rule               40.000     0.00
mamba  1002 final     randk  both     28  0.250     1.000    0.001      NaN           NaN            NaN         rule               40.000     0.00
mamba  1002 final     randk  both     28  0.500     1.000    0.001      NaN           NaN            NaN         rule               40.000     0.00
mamba  1002 final     randk  both     28  0.750     1.000    0.000      NaN           NaN            NaN         rule               40.000     0.00
mamba  1002 final     randk  both     28  1.000     1.000    0.000      NaN           NaN            NaN         rule               40.000     0.00
mamba  1002 final     randk  both     28  0.000     1.000    0.001      NaN           NaN            NaN         rule               40.000     0.00
mamba  1002 final     randk  both     28  0.250     1.000    0.001      NaN           NaN            NaN         rule               40.000     0.00
mamba  1002 final     randk  both     28  0.500     1.000    0.001      NaN           NaN            NaN         rule               40.000     0.00
mamba  1002 final     randk  both     28  0.750     1.000    0.000      NaN           NaN            NaN         rule               40.000     0.00
mamba  1002 final     randk  both     28  1.000     1.000    0.000      NaN           NaN            NaN         rule               40.000     0.00
mamba  1002 final     randk  both     28  0.000     1.000    0.001      NaN           NaN            NaN         rule               40.000     0.00
mamba  1002 final     randk  both     28  0.250     1.000    0.001      NaN           NaN            NaN         rule               40.000     0.00
mamba  1002 final     randk  both     28  0.500     1.000    0.001      NaN           NaN            NaN         rule               40.000     0.00
mamba  1002 final     randk  both     28  0.750     1.000    0.000      NaN           NaN            NaN         rule               40.000     0.00
mamba  1002 final     randk  both     28  1.000     1.000    0.000      NaN           NaN            NaN         rule               40.000     0.00
mamba  1002 final  residual    in     28  0.000     1.000    0.001      NaN           NaN            NaN         rule               40.000     0.00
mamba  1002 final  residual    in     28  0.250     1.000    0.001      NaN           NaN            NaN         rule               40.000     0.00
mamba  1002 final  residual    in     28  0.500     1.000    0.001      NaN           NaN            NaN         rule               40.000     0.00
mamba  1002 final  residual    in     28  0.750     1.000    0.000      NaN           NaN            NaN         rule               40.000     0.00
mamba  1002 final  residual    in     28  1.000     1.000    0.000      NaN           NaN            NaN         rule               40.000     0.00
mamba  1002 final  residual   out     37  0.000     1.000    0.001      NaN           NaN            NaN         rule               40.000     0.00
mamba  1002 final  residual   out     37  0.250     1.000    0.001      NaN           NaN            NaN         rule               40.000     0.00
mamba  1002 final  residual   out     37  0.500     1.000    0.001      NaN           NaN            NaN         rule               40.000     0.00
mamba  1002 final  residual   out     37  0.750     1.000    0.001      NaN           NaN            NaN         rule               40.000     0.00
mamba  1002 final  residual   out     37  1.000     1.000    0.001      NaN           NaN            NaN         rule               40.000     0.00
mamba  1002 final  residual  both     28  0.000     1.000    0.001      NaN           NaN            NaN         rule               40.000     0.00
mamba  1002 final  residual  both     28  0.250     1.000    0.001      NaN           NaN            NaN         rule               40.000     0.00
mamba  1002 final  residual  both     28  0.500     1.000    0.001      NaN           NaN            NaN         rule               40.000     0.00
mamba  1002 final  residual  both     28  0.750     1.000    0.000      NaN           NaN            NaN         rule               40.000     0.00
mamba  1002 final  residual  both     28  1.000     1.000    0.000      NaN           NaN            NaN         rule               40.000     0.00
mamba  1000 final      none     -      0  0.000     1.000    0.000      NaN           NaN            NaN         rule               40.000     0.00
mamba  1000 final   lowpass    in      0  0.000     0.005   22.686      NaN           NaN            NaN  gcm_hamming                0.200     0.00
mamba  1000 final   lowpass    in      1  1.000     0.057    3.794      NaN           NaN            NaN gcm_circular               20.627     0.00
mamba  1000 final   lowpass    in      2  2.000     0.057    3.781      NaN           NaN            NaN gcm_circular               20.627     0.00
mamba  1000 final   lowpass    in      3  3.000     0.058    3.778      NaN           NaN            NaN gcm_circular               20.627     0.00
mamba  1000 final   lowpass    in      4  4.000     0.057    3.776      NaN           NaN            NaN gcm_circular               20.627     0.00
mamba  1000 final   lowpass    in      6  6.000     0.060    3.773      NaN           NaN            NaN gcm_circular               20.627     0.00
mamba  1000 final   lowpass    in      8  8.000     0.060    3.772      NaN           NaN            NaN gcm_circular               20.627     0.00
mamba  1000 final   lowpass    in     12 12.000     0.059    3.773      NaN           NaN            NaN gcm_circular               20.627     0.00
mamba  1000 final   lowpass    in     16 16.000     0.058    3.771      NaN           NaN            NaN gcm_circular               20.627     0.00
mamba  1000 final   lowpass    in     24 24.000     0.233    2.612      NaN           NaN            NaN gcm_circular               20.627     0.00
mamba  1000 final   lowpass    in     32 32.000     0.235    2.624      NaN           NaN            NaN gcm_circular               20.627     0.00
mamba  1000 final   lowpass    in     48 48.000     0.571    1.209      NaN           NaN            NaN         rule               20.627     0.00
mamba  1000 final   lowpass    in     74 74.000     1.000    0.000      NaN           NaN            NaN         rule               40.000     0.00
mamba  1000 final   lowpass   out      0  0.000     0.007    5.004      NaN           NaN            NaN      uniform                0.200     0.00
mamba  1000 final   lowpass   out      1  1.000     0.076    3.552      NaN           NaN            NaN gcm_circular               25.722     0.00
mamba  1000 final   lowpass   out      2  2.000     0.079    3.553      NaN           NaN            NaN gcm_circular               25.722     0.00
mamba  1000 final   lowpass   out      3  3.000     0.075    3.541      NaN           NaN            NaN gcm_circular               25.722     0.00
mamba  1000 final   lowpass   out      4  4.000     0.073    3.545      NaN           NaN            NaN gcm_circular               25.722     0.00
mamba  1000 final   lowpass   out      6  6.000     0.061    3.550      NaN           NaN            NaN gcm_circular               20.627     0.00
mamba  1000 final   lowpass   out      8  8.000     0.065    3.554      NaN           NaN            NaN gcm_circular               20.627     0.00
mamba  1000 final   lowpass   out     12 12.000     0.072    3.528      NaN           NaN            NaN gcm_circular               20.627     0.00
mamba  1000 final   lowpass   out     16 16.000     0.074    3.530      NaN           NaN            NaN gcm_circular               20.627     0.00
mamba  1000 final   lowpass   out     24 24.000     0.196    2.554      NaN           NaN            NaN gcm_circular               20.627     0.00
mamba  1000 final   lowpass   out     32 32.000     0.201    2.565      NaN           NaN            NaN gcm_circular               20.627     0.00
mamba  1000 final   lowpass   out     48 48.000     0.565    1.375      NaN           NaN            NaN         rule               20.627     0.00
mamba  1000 final   lowpass   out     74 74.000     1.000    0.000      NaN           NaN            NaN         rule               40.000     0.00
mamba  1000 final   lowpass  both      0  0.000     0.007    5.004      NaN           NaN            NaN      uniform                0.200     0.00
mamba  1000 final   lowpass  both      1  1.000     0.124    3.049      NaN           NaN            NaN gcm_circular               40.000     0.00
mamba  1000 final   lowpass  both      2  2.000     0.146    3.034      NaN           NaN            NaN gcm_circular               40.000     0.00
mamba  1000 final   lowpass  both      3  3.000     0.129    3.042      NaN           NaN            NaN gcm_circular               40.000     0.00
mamba  1000 final   lowpass  both      4  4.000     0.132    3.039      NaN           NaN            NaN gcm_circular               40.000     0.00
mamba  1000 final   lowpass  both      6  6.000     0.104    3.041      NaN           NaN            NaN gcm_circular               40.000     0.00
mamba  1000 final   lowpass  both      8  8.000     0.114    3.040      NaN           NaN            NaN gcm_circular               32.076     0.00
mamba  1000 final   lowpass  both     12 12.000     0.097    3.049      NaN           NaN            NaN gcm_circular               32.076     0.00
mamba  1000 final   lowpass  both     16 16.000     0.092    3.059      NaN           NaN            NaN gcm_circular               32.076     0.00
mamba  1000 final   lowpass  both     24 24.000     0.259    1.957      NaN           NaN            NaN gcm_circular               25.722     0.00
mamba  1000 final   lowpass  both     32 32.000     0.268    1.985      NaN           NaN            NaN gcm_circular               25.722     0.00
mamba  1000 final   lowpass  both     48 48.000     0.688    0.870      NaN           NaN            NaN         rule               25.722     0.00
mamba  1000 final   lowpass  both     74 74.000     1.000    0.000      NaN           NaN            NaN         rule               40.000     0.00
mamba  1000 final      etop    in      0  0.000     1.000    0.000      NaN           NaN            NaN         rule               40.000     0.00
mamba  1000 final      etop    in      1  0.050     0.989    0.053      NaN           NaN            NaN         rule               40.000     0.00
mamba  1000 final      etop    in      1  0.100     0.989    0.053      NaN           NaN            NaN         rule               40.000     0.00
mamba  1000 final      etop    in      2  0.200     0.970    0.143      NaN           NaN            NaN         rule               40.000     0.00
mamba  1000 final      etop    in      3  0.300     0.798    0.603      NaN           NaN            NaN         rule               13.264     0.00
mamba  1000 final      etop    in      4  0.400     0.418    1.692      NaN           NaN            NaN         rule                5.485     0.00
mamba  1000 final      etop    in      5  0.500     0.201    3.342      NaN           NaN            NaN         rule                2.268     0.00
mamba  1000 final      etop    in      6  0.600     0.039    5.977      NaN           NaN            NaN         rule                0.200     0.00
mamba  1000 final      etop    in      8  0.700     0.008   16.638      NaN           NaN            NaN      uniform                0.200     0.00
mamba  1000 final      etop    in     16  0.800     0.008   17.589      NaN           NaN            NaN gcm_circular                0.200     0.00
mamba  1000 final      etop    in     43  0.900     0.007   17.663      NaN           NaN            NaN  gcm_hamming                0.249     0.00
mamba  1000 final      etop    in     58  0.950     0.007   17.700      NaN           NaN            NaN  gcm_hamming                0.311     0.00
mamba  1000 final      etop    in     74  1.000     0.005   22.686      NaN           NaN            NaN  gcm_hamming                0.200     0.00
mamba  1000 final      etop   out      0  0.000     1.000    0.000      NaN           NaN            NaN         rule               40.000     0.00
mamba  1000 final      etop   out      1  0.050     0.999    0.024      NaN           NaN            NaN         rule               40.000     0.00
mamba  1000 final      etop   out      1  0.100     0.999    0.024      NaN           NaN            NaN         rule               40.000     0.00
mamba  1000 final      etop   out      2  0.200     0.993    0.131      NaN           NaN            NaN         rule               40.000     0.00
mamba  1000 final      etop   out      3  0.300     0.951    0.432      NaN           NaN            NaN         rule               40.000     0.00
mamba  1000 final      etop   out      3  0.400     0.951    0.432      NaN           NaN            NaN         rule               40.000     0.00
mamba  1000 final      etop   out      4  0.500     0.686    1.381      NaN           NaN            NaN         rule                6.840     0.00
mamba  1000 final      etop   out      5  0.600     0.203    2.713      NaN           NaN            NaN         rule                2.828     0.00
mamba  1000 final      etop   out      6  0.700     0.027    4.106      NaN           NaN            NaN gcm_circular                1.819     0.00
mamba  1000 final      etop   out      7  0.800     0.034    4.644      NaN           NaN            NaN         rule                0.938     0.00
mamba  1000 final      etop   out     27  0.900     0.023    5.108      NaN           NaN            NaN         rule                0.484     0.00
mamba  1000 final      etop   out     48  0.950     0.011    5.055      NaN           NaN            NaN         rule                0.388     0.00
mamba  1000 final      etop   out     74  1.000     0.007    5.004      NaN           NaN            NaN      uniform                0.200     0.00
mamba  1000 final      etop  both      0  0.000     1.000    0.000      NaN           NaN            NaN         rule               40.000     0.00
mamba  1000 final      etop  both      1  0.050     0.996    0.020      NaN           NaN            NaN         rule               40.000     0.00
mamba  1000 final      etop  both      1  0.100     0.996    0.020      NaN           NaN            NaN         rule               40.000     0.00
mamba  1000 final      etop  both      2  0.200     0.992    0.066      NaN           NaN            NaN         rule               40.000     0.00
mamba  1000 final      etop  both      3  0.300     0.624    1.143      NaN           NaN            NaN         rule                5.485     0.00
mamba  1000 final      etop  both      4  0.400     0.241    2.488      NaN           NaN            NaN         rule                4.398     0.00
mamba  1000 final      etop  both      5  0.500     0.033    4.507      NaN           NaN            NaN         rule                0.200     0.00
mamba  1000 final      etop  both      6  0.600     0.033    4.752      NaN           NaN            NaN   gcm_linear                0.200     0.00
mamba  1000 final      etop  both      8  0.700     0.010    7.259      NaN           NaN            NaN  gcm_hamming                0.200     0.00
mamba  1000 final      etop  both     16  0.800     0.004    6.560      NaN           NaN            NaN  gcm_hamming                0.484     0.00
mamba  1000 final      etop  both     43  0.900     0.007    5.177      NaN           NaN            NaN  gcm_hamming                0.388     0.00
mamba  1000 final      etop  both     58  0.950     0.008    5.096      NaN           NaN            NaN      uniform                0.200     0.00
mamba  1000 final      etop  both     74  1.000     0.007    5.004      NaN           NaN            NaN      uniform                0.200     0.00
mamba  1000 final   ebottom    in      0  0.000     1.000    0.000      NaN           NaN            NaN         rule               40.000     0.00
mamba  1000 final   ebottom    in     17  0.050     1.000    0.000      NaN           NaN            NaN         rule               40.000     0.00
mamba  1000 final   ebottom    in     32  0.100     1.000    0.000      NaN           NaN            NaN         rule               40.000     0.00
mamba  1000 final   ebottom    in     59  0.200     1.000    0.000      NaN           NaN            NaN         rule               40.000     0.00
mamba  1000 final   ebottom    in     67  0.300     1.000    0.000      NaN           NaN            NaN         rule               40.000     0.00
mamba  1000 final   ebottom    in     69  0.400     1.000    0.008      NaN           NaN            NaN         rule               40.000     0.00
mamba  1000 final   ebottom    in     70  0.500     0.998    0.050      NaN           NaN            NaN         rule               40.000     0.00
mamba  1000 final   ebottom    in     71  0.600     0.716    0.746      NaN           NaN            NaN         rule               40.000     0.00
mamba  1000 final   ebottom    in     72  0.700     0.290    2.039      NaN           NaN            NaN         rule                0.200     0.00
mamba  1000 final   ebottom    in     73  0.800     0.069    3.670      NaN           NaN            NaN         rule                0.200     0.00
mamba  1000 final   ebottom    in     74  0.900     0.005   22.686      NaN           NaN            NaN  gcm_hamming                0.200     0.00
mamba  1000 final   ebottom    in     74  0.950     0.005   22.686      NaN           NaN            NaN  gcm_hamming                0.200     0.00
mamba  1000 final   ebottom    in     74  1.000     0.005   22.686      NaN           NaN            NaN  gcm_hamming                0.200     0.00
mamba  1000 final   ebottom   out      0  0.000     1.000    0.000      NaN           NaN            NaN         rule               40.000     0.00
mamba  1000 final   ebottom   out     27  0.050     1.000    0.000      NaN           NaN            NaN         rule               40.000     0.00
mamba  1000 final   ebottom   out     48  0.100     1.000    0.000      NaN           NaN            NaN         rule               40.000     0.00
mamba  1000 final   ebottom   out     68  0.200     1.000    0.001      NaN           NaN            NaN         rule               40.000     0.00
mamba  1000 final   ebottom   out     69  0.300     1.000    0.010      NaN           NaN            NaN         rule               40.000     0.00
mamba  1000 final   ebottom   out     70  0.400     0.965    0.498      NaN           NaN            NaN         rule               40.000     0.00
mamba  1000 final   ebottom   out     71  0.500     0.955    0.704      NaN           NaN            NaN         rule               40.000     0.00
mamba  1000 final   ebottom   out     72  0.600     0.496    1.832      NaN           NaN            NaN         rule                2.828     0.00
mamba  1000 final   ebottom   out     72  0.700     0.496    1.832      NaN           NaN            NaN         rule                2.828     0.00
mamba  1000 final   ebottom   out     73  0.800     0.094    3.357      NaN           NaN            NaN         rule                0.200     0.00
mamba  1000 final   ebottom   out     74  0.900     0.007    5.004      NaN           NaN            NaN      uniform                0.200     0.00
mamba  1000 final   ebottom   out     74  0.950     0.007    5.004      NaN           NaN            NaN      uniform                0.200     0.00
mamba  1000 final   ebottom   out     74  1.000     0.007    5.004      NaN           NaN            NaN      uniform                0.200     0.00
mamba  1000 final   ebottom  both      0  0.000     1.000    0.000      NaN           NaN            NaN         rule               40.000     0.00
mamba  1000 final   ebottom  both     17  0.050     1.000    0.000      NaN           NaN            NaN         rule               40.000     0.00
mamba  1000 final   ebottom  both     32  0.100     1.000    0.000      NaN           NaN            NaN         rule               40.000     0.00
mamba  1000 final   ebottom  both     59  0.200     1.000    0.000      NaN           NaN            NaN         rule               40.000     0.00
mamba  1000 final   ebottom  both     67  0.300     1.000    0.006      NaN           NaN            NaN         rule               40.000     0.00
mamba  1000 final   ebottom  both     69  0.400     0.979    0.616      NaN           NaN            NaN         rule               40.000     0.00
mamba  1000 final   ebottom  both     70  0.500     0.396    1.717      NaN           NaN            NaN         rule                1.459     0.00
mamba  1000 final   ebottom  both     71  0.600     0.623    1.599      NaN           NaN            NaN         rule                4.398     0.00
mamba  1000 final   ebottom  both     72  0.700     0.666    1.423      NaN           NaN            NaN         rule                5.485     0.00
mamba  1000 final   ebottom  both     73  0.800     0.133    2.950      NaN           NaN            NaN         rule                0.200     0.00
mamba  1000 final   ebottom  both     74  0.900     0.007    5.004      NaN           NaN            NaN      uniform                0.200     0.00
mamba  1000 final   ebottom  both     74  0.950     0.007    5.004      NaN           NaN            NaN      uniform                0.200     0.00
mamba  1000 final   ebottom  both     74  1.000     0.007    5.004      NaN           NaN            NaN      uniform                0.200     0.00
mamba  1000 final     erand    in      0  0.000     1.000    0.000      NaN           NaN            NaN         rule               40.000     0.00
mamba  1000 final     erand    in      6  0.050     0.999    0.006      NaN           NaN            NaN         rule               40.000     0.00
mamba  1000 final     erand    in      6  0.100     0.999    0.006      NaN           NaN            NaN         rule               40.000     0.00
mamba  1000 final     erand    in     19  0.200     0.998    0.021      NaN           NaN            NaN         rule               40.000     0.00
mamba  1000 final     erand    in     28  0.300     0.874    0.439      NaN           NaN            NaN         rule               16.541     0.00
mamba  1000 final     erand    in     28  0.400     0.874    0.439      NaN           NaN            NaN         rule               16.541     0.00
mamba  1000 final     erand    in     42  0.500     0.825    0.571      NaN           NaN            NaN         rule               13.264     0.00
mamba  1000 final     erand    in     44  0.600     0.456    1.589      NaN           NaN            NaN         rule                6.840     0.00
mamba  1000 final     erand    in     45  0.700     0.312    2.025      NaN           NaN            NaN         rule                8.530     0.00
mamba  1000 final     erand    in     52  0.800     0.060    4.038      NaN           NaN            NaN         rule                0.200     0.00
mamba  1000 final     erand    in     72  0.900     0.056    4.002      NaN           NaN            NaN         rule                0.200     0.00
mamba  1000 final     erand    in     73  0.950     0.005   20.889      NaN           NaN            NaN  gcm_hamming                0.200     0.00
mamba  1000 final     erand    in     74  1.000     0.005   22.686      NaN           NaN            NaN  gcm_hamming                0.200     0.00
mamba  1000 final     erand    in      0  0.000     1.000    0.000      NaN           NaN            NaN         rule               40.000     0.00
mamba  1000 final     erand    in     14  0.050     1.000    0.000      NaN           NaN            NaN         rule               40.000     0.00
mamba  1000 final     erand    in     16  0.100     1.000    0.004      NaN           NaN            NaN         rule               40.000     0.00
mamba  1000 final     erand    in     23  0.200     0.999    0.013      NaN           NaN            NaN         rule               40.000     0.00
mamba  1000 final     erand    in     28  0.300     0.860    0.367      NaN           NaN            NaN         rule               40.000     0.00
mamba  1000 final     erand    in     46  0.400     0.865    0.363      NaN           NaN            NaN         rule               40.000     0.00
mamba  1000 final     erand    in     52  0.500     0.655    0.930      NaN           NaN            NaN         rule               25.722     0.00
mamba  1000 final     erand    in     52  0.600     0.655    0.930      NaN           NaN            NaN         rule               25.722     0.00
mamba  1000 final     erand    in     55  0.700     0.178    2.793      NaN           NaN            NaN         rule                0.200     0.00
mamba  1000 final     erand    in     58  0.800     0.049    4.388      NaN           NaN            NaN         rule                0.200     0.00
mamba  1000 final     erand    in     68  0.900     0.007   18.282      NaN           NaN            NaN  gcm_hamming                0.200     0.00
mamba  1000 final     erand    in     68  0.950     0.007   18.282      NaN           NaN            NaN  gcm_hamming                0.200     0.00
mamba  1000 final     erand    in     74  1.000     0.005   22.686      NaN           NaN            NaN  gcm_hamming                0.200     0.00
mamba  1000 final     erand    in      0  0.000     1.000    0.000      NaN           NaN            NaN         rule               40.000     0.00
mamba  1000 final     erand    in     14  0.050     1.000    0.000      NaN           NaN            NaN         rule               40.000     0.00
mamba  1000 final     erand    in     27  0.100     1.000    0.004      NaN           NaN            NaN         rule               40.000     0.00
mamba  1000 final     erand    in     30  0.200     1.000    0.004      NaN           NaN            NaN         rule               40.000     0.00
mamba  1000 final     erand    in     34  0.300     0.989    0.069      NaN           NaN            NaN         rule               40.000     0.00
mamba  1000 final     erand    in     39  0.400     0.832    0.494      NaN           NaN            NaN         rule               32.076     0.00
mamba  1000 final     erand    in     44  0.500     0.836    0.487      NaN           NaN            NaN         rule               32.076     0.00
mamba  1000 final     erand    in     55  0.600     0.597    1.130      NaN           NaN            NaN         rule               25.722     0.00
mamba  1000 final     erand    in     66  0.700     0.226    2.976      NaN           NaN            NaN         rule                2.268     0.00
mamba  1000 final     erand    in     67  0.800     0.097    3.687      NaN           NaN            NaN         rule                0.200     0.00
mamba  1000 final     erand    in     70  0.900     0.013    7.836      NaN           NaN            NaN  gcm_hamming                0.200     0.00
mamba  1000 final     erand    in     72  0.950     0.011   15.655      NaN           NaN            NaN   gcm_linear                0.200     0.00
mamba  1000 final     erand    in     74  1.000     0.005   22.686      NaN           NaN            NaN  gcm_hamming                0.200     0.00
mamba  1000 final     erand   out      0  0.000     1.000    0.000      NaN           NaN            NaN         rule               40.000     0.00
mamba  1000 final     erand   out      6  0.050     1.000    0.006      NaN           NaN            NaN         rule               40.000     0.00
mamba  1000 final     erand   out      6  0.100     1.000    0.006      NaN           NaN            NaN         rule               40.000     0.00
mamba  1000 final     erand   out     19  0.200     0.999    0.026      NaN           NaN            NaN         rule               40.000     0.00
mamba  1000 final     erand   out     28  0.300     0.973    0.377      NaN           NaN            NaN         rule               32.076     0.00
mamba  1000 final     erand   out     28  0.400     0.973    0.377      NaN           NaN            NaN         rule               32.076     0.00
mamba  1000 final     erand   out     42  0.500     0.964    0.540      NaN           NaN            NaN         rule               32.076     0.00
mamba  1000 final     erand   out     44  0.600     0.522    1.779      NaN           NaN            NaN         rule                8.530     0.00
mamba  1000 final     erand   out     46  0.700     0.389    2.254      NaN           NaN            NaN         rule                8.530     0.00
mamba  1000 final     erand   out     52  0.800     0.127    3.698      NaN           NaN            NaN         rule                0.200     0.00
mamba  1000 final     erand   out     73  0.900     0.007    5.008      NaN           NaN            NaN      uniform                0.249     0.00
mamba  1000 final     erand   out     73  0.950     0.007    5.008      NaN           NaN            NaN      uniform                0.249     0.00
mamba  1000 final     erand   out     74  1.000     0.007    5.004      NaN           NaN            NaN      uniform                0.200     0.00
mamba  1000 final     erand   out      0  0.000     1.000    0.000      NaN           NaN            NaN         rule               40.000     0.00
mamba  1000 final     erand   out     16  0.050     1.000    0.004      NaN           NaN            NaN         rule               40.000     0.00
mamba  1000 final     erand   out     16  0.100     1.000    0.004      NaN           NaN            NaN         rule               40.000     0.00
mamba  1000 final     erand   out     23  0.200     1.000    0.014      NaN           NaN            NaN         rule               40.000     0.00
mamba  1000 final     erand   out     28  0.300     0.949    0.301      NaN           NaN            NaN         rule               40.000     0.00
mamba  1000 final     erand   out     51  0.400     0.883    0.531      NaN           NaN            NaN         rule               40.000     0.00
mamba  1000 final     erand   out     52  0.500     0.765    0.939      NaN           NaN            NaN         rule               40.000     0.00
mamba  1000 final     erand   out     55  0.600     0.228    2.352      NaN           NaN            NaN         rule                0.200     0.00
mamba  1000 final     erand   out     58  0.700     0.078    3.566      NaN           NaN            NaN         rule                0.603     0.00
mamba  1000 final     erand   out     58  0.800     0.078    3.566      NaN           NaN            NaN         rule                0.603     0.00
mamba  1000 final     erand   out     68  0.900     0.007    5.013      NaN           NaN            NaN      uniform                0.603     0.00
mamba  1000 final     erand   out     68  0.950     0.007    5.013      NaN           NaN            NaN      uniform                0.603     0.00
mamba  1000 final     erand   out     74  1.000     0.007    5.004      NaN           NaN            NaN      uniform                0.200     0.00
mamba  1000 final     erand   out      0  0.000     1.000    0.000      NaN           NaN            NaN         rule               40.000     0.00
mamba  1000 final     erand   out     23  0.050     1.000    0.000      NaN           NaN            NaN         rule               40.000     0.00
mamba  1000 final     erand   out     27  0.100     1.000    0.004      NaN           NaN            NaN         rule               40.000     0.00
mamba  1000 final     erand   out     34  0.200     0.996    0.080      NaN           NaN            NaN         rule               40.000     0.00
mamba  1000 final     erand   out     34  0.300     0.996    0.080      NaN           NaN            NaN         rule               40.000     0.00
mamba  1000 final     erand   out     39  0.400     0.893    0.578      NaN           NaN            NaN         rule               32.076     0.00
mamba  1000 final     erand   out     43  0.500     0.877    0.601      NaN           NaN            NaN         rule               32.076     0.00
mamba  1000 final     erand   out     55  0.600     0.738    1.219      NaN           NaN            NaN         rule               32.076     0.00
mamba  1000 final     erand   out     66  0.700     0.275    2.536      NaN           NaN            NaN         rule                2.828     0.00
mamba  1000 final     erand   out     67  0.800     0.154    3.079      NaN           NaN            NaN         rule                0.200     0.00
mamba  1000 final     erand   out     70  0.900     0.014    4.537      NaN           NaN            NaN  gcm_hamming                0.388     0.00
mamba  1000 final     erand   out     70  0.950     0.014    4.537      NaN           NaN            NaN  gcm_hamming                0.388     0.00
mamba  1000 final     erand   out     74  1.000     0.007    5.004      NaN           NaN            NaN      uniform                0.200     0.00
mamba  1000 final     erand  both      0  0.000     1.000    0.000      NaN           NaN            NaN         rule               40.000     0.00
mamba  1000 final     erand  both      6  0.050     0.994    0.045      NaN           NaN            NaN         rule               40.000     0.00
mamba  1000 final     erand  both      6  0.100     0.994    0.045      NaN           NaN            NaN         rule               40.000     0.00
mamba  1000 final     erand  both     19  0.200     0.724    0.954      NaN           NaN            NaN         rule                6.840     0.00
mamba  1000 final     erand  both     28  0.300     0.114    3.309      NaN           NaN            NaN         rule                0.200     0.00
mamba  1000 final     erand  both     28  0.400     0.117    3.110      NaN           NaN            NaN         rule                0.200     0.00
mamba  1000 final     erand  both     42  0.500     0.017    4.807      NaN           NaN            NaN         rule                0.200     0.00
mamba  1000 final     erand  both     44  0.600     0.003    4.597      NaN           NaN            NaN      uniform                0.200     0.00
mamba  1000 final     erand  both     45  0.700     0.006    5.242      NaN           NaN            NaN gcm_circular                0.938     0.00
mamba  1000 final     erand  both     52  0.800     0.001    5.281      NaN           NaN            NaN  gcm_hamming                0.200     0.00
mamba  1000 final     erand  both     72  0.900     0.002    5.113      NaN           NaN            NaN   gcm_linear                0.311     0.00
mamba  1000 final     erand  both     73  0.950     0.005    5.048      NaN           NaN            NaN      uniform                0.200     0.00
mamba  1000 final     erand  both     74  1.000     0.007    5.004      NaN           NaN            NaN      uniform                0.200     0.00
mamba  1000 final     erand  both      0  0.000     1.000    0.000      NaN           NaN            NaN         rule               40.000     0.00
mamba  1000 final     erand  both     14  0.050     0.999    0.022      NaN           NaN            NaN         rule               40.000     0.00
mamba  1000 final     erand  both     16  0.100     0.998    0.055      NaN           NaN            NaN         rule               40.000     0.00
mamba  1000 final     erand  both     23  0.200     0.850    0.573      NaN           NaN            NaN         rule               40.000     0.00
mamba  1000 final     erand  both     28  0.300     0.851    0.536      NaN           NaN            NaN         rule               40.000     0.00
mamba  1000 final     erand  both     46  0.400     0.770    0.816      NaN           NaN            NaN         rule               40.000     0.00
mamba  1000 final     erand  both     52  0.500     0.857    0.606      NaN           NaN            NaN         rule               40.000     0.00
mamba  1000 final     erand  both     52  0.600     0.506    1.636      NaN           NaN            NaN         rule               20.627     0.00
mamba  1000 final     erand  both     55  0.700     0.099    3.266      NaN           NaN            NaN         rule                0.200     0.00
mamba  1000 final     erand  both     58  0.800     0.007    5.272      NaN           NaN            NaN  gcm_hamming                0.200     0.00
mamba  1000 final     erand  both     68  0.900     0.006    5.045      NaN           NaN            NaN      uniform                0.311     0.00
mamba  1000 final     erand  both     68  0.950     0.006    5.045      NaN           NaN            NaN      uniform                0.311     0.00
mamba  1000 final     erand  both     74  1.000     0.007    5.004      NaN           NaN            NaN      uniform                0.200     0.00
mamba  1000 final     erand  both      0  0.000     1.000    0.000      NaN           NaN            NaN         rule               40.000     0.00
mamba  1000 final     erand  both     14  0.050     1.000    0.005      NaN           NaN            NaN         rule               40.000     0.00
mamba  1000 final     erand  both     27  0.100     1.000    0.018      NaN           NaN            NaN         rule               40.000     0.00
mamba  1000 final     erand  both     30  0.200     0.999    0.039      NaN           NaN            NaN         rule               40.000     0.00
mamba  1000 final     erand  both     34  0.300     0.934    0.358      NaN           NaN            NaN         rule               32.076     0.00
mamba  1000 final     erand  both     39  0.400     0.101    3.175      NaN           NaN            NaN gcm_circular               16.541     0.00
mamba  1000 final     erand  both     44  0.500     0.116    3.013      NaN           NaN            NaN gcm_circular               20.627     0.00
mamba  1000 final     erand  both     55  0.600     0.110    2.960      NaN           NaN            NaN gcm_circular               20.627     0.00
mamba  1000 final     erand  both     66  0.700     0.017    4.862      NaN           NaN            NaN gcm_circular                0.200     0.00
mamba  1000 final     erand  both     67  0.800     0.002    5.394      NaN           NaN            NaN  gcm_hamming                0.388     0.00
mamba  1000 final     erand  both     70  0.900     0.013    5.087      NaN           NaN            NaN  gcm_hamming                0.200     0.00
mamba  1000 final     erand  both     72  0.950     0.002    5.079      NaN           NaN            NaN      uniform                0.200     0.00
mamba  1000 final     erand  both     74  1.000     0.007    5.004      NaN           NaN            NaN      uniform                0.200     0.00
mamba  1000 final      topk    in     43  0.000     1.000    0.000      NaN           NaN            NaN         rule               40.000     0.00
mamba  1000 final      topk    in     43  0.250     1.000    0.000      NaN           NaN            NaN         rule               40.000     0.00
mamba  1000 final      topk    in     43  0.500     1.000    0.001      NaN           NaN            NaN         rule               40.000     0.00
mamba  1000 final      topk    in     43  0.750     0.997    0.013      NaN           NaN            NaN         rule               40.000     0.00
mamba  1000 final      topk    in     43  1.000     0.007   17.663      NaN           NaN            NaN  gcm_hamming                0.249     0.00
mamba  1000 final      topk   out     27  0.000     1.000    0.000      NaN           NaN            NaN         rule               40.000     0.00
mamba  1000 final      topk   out     27  0.250     1.000    0.002      NaN           NaN            NaN         rule               40.000     0.00
mamba  1000 final      topk   out     27  0.500     1.000    0.030      NaN           NaN            NaN         rule               40.000     0.00
mamba  1000 final      topk   out     27  0.750     0.997    0.694      NaN           NaN            NaN         rule               40.000     0.00
mamba  1000 final      topk   out     27  1.000     0.023    5.108      NaN           NaN            NaN         rule                0.484     0.00
mamba  1000 final      topk  both     43  0.000     1.000    0.000      NaN           NaN            NaN         rule               40.000     0.00
mamba  1000 final      topk  both     43  0.250     1.000    0.002      NaN           NaN            NaN         rule               40.000     0.00
mamba  1000 final      topk  both     43  0.500     1.000    0.037      NaN           NaN            NaN         rule               40.000     0.00
mamba  1000 final      topk  both     43  0.750     0.983    0.982      NaN           NaN            NaN         rule               40.000     0.00
mamba  1000 final      topk  both     43  1.000     0.006    5.111      NaN           NaN            NaN      uniform                0.200     0.00
mamba  1000 final     randk    in     31  0.000     1.000    0.000      NaN           NaN            NaN         rule               40.000     0.00
mamba  1000 final     randk    in     31  0.250     1.000    0.000      NaN           NaN            NaN         rule               40.000     0.00
mamba  1000 final     randk    in     31  0.500     1.000    0.000      NaN           NaN            NaN         rule               40.000     0.00
mamba  1000 final     randk    in     31  0.750     1.000    0.000      NaN           NaN            NaN         rule               40.000     0.00
mamba  1000 final     randk    in     31  1.000     1.000    0.000      NaN           NaN            NaN         rule               40.000     0.00
mamba  1000 final     randk    in     31  0.000     1.000    0.000      NaN           NaN            NaN         rule               40.000     0.00
mamba  1000 final     randk    in     31  0.250     1.000    0.000      NaN           NaN            NaN         rule               40.000     0.00
mamba  1000 final     randk    in     31  0.500     1.000    0.000      NaN           NaN            NaN         rule               40.000     0.00
mamba  1000 final     randk    in     31  0.750     1.000    0.000      NaN           NaN            NaN         rule               40.000     0.00
mamba  1000 final     randk    in     31  1.000     1.000    0.000      NaN           NaN            NaN         rule               40.000     0.00
mamba  1000 final     randk    in     31  0.000     1.000    0.000      NaN           NaN            NaN         rule               40.000     0.00
mamba  1000 final     randk    in     31  0.250     1.000    0.000      NaN           NaN            NaN         rule               40.000     0.00
mamba  1000 final     randk    in     31  0.500     1.000    0.000      NaN           NaN            NaN         rule               40.000     0.00
mamba  1000 final     randk    in     31  0.750     1.000    0.000      NaN           NaN            NaN         rule               40.000     0.00
mamba  1000 final     randk    in     31  1.000     1.000    0.000      NaN           NaN            NaN         rule               40.000     0.00
mamba  1000 final     randk   out     27  0.000     1.000    0.000      NaN           NaN            NaN         rule               40.000     0.00
mamba  1000 final     randk   out     27  0.250     1.000    0.000      NaN           NaN            NaN         rule               40.000     0.00
mamba  1000 final     randk   out     27  0.500     1.000    0.000      NaN           NaN            NaN         rule               40.000     0.00
mamba  1000 final     randk   out     27  0.750     1.000    0.000      NaN           NaN            NaN         rule               40.000     0.00
mamba  1000 final     randk   out     27  1.000     1.000    0.000      NaN           NaN            NaN         rule               40.000     0.00
mamba  1000 final     randk   out     27  0.000     1.000    0.000      NaN           NaN            NaN         rule               40.000     0.00
mamba  1000 final     randk   out     27  0.250     1.000    0.000      NaN           NaN            NaN         rule               40.000     0.00
mamba  1000 final     randk   out     27  0.500     1.000    0.000      NaN           NaN            NaN         rule               40.000     0.00
mamba  1000 final     randk   out     27  0.750     1.000    0.000      NaN           NaN            NaN         rule               40.000     0.00
mamba  1000 final     randk   out     27  1.000     1.000    0.000      NaN           NaN            NaN         rule               40.000     0.00
mamba  1000 final     randk   out     27  0.000     1.000    0.000      NaN           NaN            NaN         rule               40.000     0.00
mamba  1000 final     randk   out     27  0.250     1.000    0.000      NaN           NaN            NaN         rule               40.000     0.00
mamba  1000 final     randk   out     27  0.500     1.000    0.000      NaN           NaN            NaN         rule               40.000     0.00
mamba  1000 final     randk   out     27  0.750     1.000    0.000      NaN           NaN            NaN         rule               40.000     0.00
mamba  1000 final     randk   out     27  1.000     1.000    0.000      NaN           NaN            NaN         rule               40.000     0.00
mamba  1000 final     randk  both     31  0.000     1.000    0.000      NaN           NaN            NaN         rule               40.000     0.00
mamba  1000 final     randk  both     31  0.250     1.000    0.000      NaN           NaN            NaN         rule               40.000     0.00
mamba  1000 final     randk  both     31  0.500     1.000    0.000      NaN           NaN            NaN         rule               40.000     0.00
mamba  1000 final     randk  both     31  0.750     1.000    0.000      NaN           NaN            NaN         rule               40.000     0.00
mamba  1000 final     randk  both     31  1.000     1.000    0.000      NaN           NaN            NaN         rule               40.000     0.00
mamba  1000 final     randk  both     31  0.000     1.000    0.000      NaN           NaN            NaN         rule               40.000     0.00
mamba  1000 final     randk  both     31  0.250     1.000    0.000      NaN           NaN            NaN         rule               40.000     0.00
mamba  1000 final     randk  both     31  0.500     1.000    0.000      NaN           NaN            NaN         rule               40.000     0.00
mamba  1000 final     randk  both     31  0.750     1.000    0.000      NaN           NaN            NaN         rule               40.000     0.00
mamba  1000 final     randk  both     31  1.000     1.000    0.000      NaN           NaN            NaN         rule               40.000     0.00
mamba  1000 final     randk  both     31  0.000     1.000    0.000      NaN           NaN            NaN         rule               40.000     0.00
mamba  1000 final     randk  both     31  0.250     1.000    0.000      NaN           NaN            NaN         rule               40.000     0.00
mamba  1000 final     randk  both     31  0.500     1.000    0.000      NaN           NaN            NaN         rule               40.000     0.00
mamba  1000 final     randk  both     31  0.750     1.000    0.000      NaN           NaN            NaN         rule               40.000     0.00
mamba  1000 final     randk  both     31  1.000     1.000    0.000      NaN           NaN            NaN         rule               40.000     0.00
mamba  1000 final  residual    in     31  0.000     1.000    0.000      NaN           NaN            NaN         rule               40.000     0.00
mamba  1000 final  residual    in     31  0.250     1.000    0.000      NaN           NaN            NaN         rule               40.000     0.00
mamba  1000 final  residual    in     31  0.500     1.000    0.000      NaN           NaN            NaN         rule               40.000     0.00
mamba  1000 final  residual    in     31  0.750     1.000    0.000      NaN           NaN            NaN         rule               40.000     0.00
mamba  1000 final  residual    in     31  1.000     1.000    0.000      NaN           NaN            NaN         rule               40.000     0.00
mamba  1000 final  residual   out     47  0.000     1.000    0.000      NaN           NaN            NaN         rule               40.000     0.00
mamba  1000 final  residual   out     47  0.250     1.000    0.000      NaN           NaN            NaN         rule               40.000     0.00
mamba  1000 final  residual   out     47  0.500     1.000    0.000      NaN           NaN            NaN         rule               40.000     0.00
mamba  1000 final  residual   out     47  0.750     1.000    0.000      NaN           NaN            NaN         rule               40.000     0.00
mamba  1000 final  residual   out     47  1.000     1.000    0.000      NaN           NaN            NaN         rule               40.000     0.00
mamba  1000 final  residual  both     31  0.000     1.000    0.000      NaN           NaN            NaN         rule               40.000     0.00
mamba  1000 final  residual  both     31  0.250     1.000    0.000      NaN           NaN            NaN         rule               40.000     0.00
mamba  1000 final  residual  both     31  0.500     1.000    0.000      NaN           NaN            NaN         rule               40.000     0.00
mamba  1000 final  residual  both     31  0.750     1.000    0.000      NaN           NaN            NaN         rule               40.000     0.00
mamba  1000 final  residual  both     31  1.000     1.000    0.000      NaN           NaN            NaN         rule               40.000     0.00
mamba  1001 final      none     -      0  0.000     1.000    0.001      NaN           NaN            NaN         rule               40.000     0.00
mamba  1001 final   lowpass    in      0  0.000     0.006   15.310      NaN           NaN            NaN  gcm_hamming                0.200     0.00
mamba  1001 final   lowpass    in      1  1.000     0.007   15.774      NaN           NaN            NaN  gcm_hamming                0.200     0.00
mamba  1001 final   lowpass    in      2  2.000     0.014    8.054      NaN           NaN            NaN         rule                0.200     0.00
mamba  1001 final   lowpass    in      3  3.000     0.015    8.080      NaN           NaN            NaN         rule                0.200     0.00
mamba  1001 final   lowpass    in      4  4.000     0.015    8.015      NaN           NaN            NaN         rule                0.200     0.00
mamba  1001 final   lowpass    in      6  6.000     0.015    8.053      NaN           NaN            NaN         rule                0.200     0.00
mamba  1001 final   lowpass    in      8  8.000     0.014    8.069      NaN           NaN            NaN         rule                0.200     0.00
mamba  1001 final   lowpass    in     12 12.000     0.032    6.447      NaN           NaN            NaN         rule                0.200     0.00
mamba  1001 final   lowpass    in     16 16.000     0.033    6.499      NaN           NaN            NaN         rule                0.200     0.00
mamba  1001 final   lowpass    in     24 24.000     0.033    6.718      NaN           NaN            NaN         rule                0.200     0.00
mamba  1001 final   lowpass    in     32 32.000     0.198    2.979      NaN           NaN            NaN         rule                3.527     0.00
mamba  1001 final   lowpass    in     48 48.000     0.849    0.464      NaN           NaN            NaN         rule                8.530     0.00
mamba  1001 final   lowpass    in     74 74.000     1.000    0.001      NaN           NaN            NaN         rule               40.000     0.00
mamba  1001 final   lowpass   out      0  0.000     0.007    5.004      NaN           NaN            NaN      uniform                0.200     0.00
mamba  1001 final   lowpass   out      1  1.000     0.006    5.006      NaN           NaN            NaN      uniform                0.200     0.00
mamba  1001 final   lowpass   out      2  2.000     0.014    4.487      NaN           NaN            NaN         rule                0.249     0.00
mamba  1001 final   lowpass   out      3  3.000     0.015    4.492      NaN           NaN            NaN         rule                0.200     0.00
mamba  1001 final   lowpass   out      4  4.000     0.015    4.497      NaN           NaN            NaN         rule                0.200     0.00
mamba  1001 final   lowpass   out      6  6.000     0.012    4.495      NaN           NaN            NaN   gcm_linear                0.200     0.00
mamba  1001 final   lowpass   out      8  8.000     0.012    4.494      NaN           NaN            NaN   gcm_linear                0.938     0.00
mamba  1001 final   lowpass   out     12 12.000     0.022    4.166      NaN           NaN            NaN         rule                0.200     0.00
mamba  1001 final   lowpass   out     16 16.000     0.025    4.168      NaN           NaN            NaN         rule                0.200     0.00
mamba  1001 final   lowpass   out     24 24.000     0.030    4.193      NaN           NaN            NaN         rule                0.200     0.00
mamba  1001 final   lowpass   out     32 32.000     0.204    2.665      NaN           NaN            NaN         rule                2.828     0.00
mamba  1001 final   lowpass   out     48 48.000     0.963    0.264      NaN           NaN            NaN         rule               40.000     0.00
mamba  1001 final   lowpass   out     74 74.000     1.000    0.001      NaN           NaN            NaN         rule               40.000     0.00
mamba  1001 final   lowpass  both      0  0.000     0.007    5.004      NaN           NaN            NaN      uniform                0.200     0.00
mamba  1001 final   lowpass  both      1  1.000     0.006    5.009      NaN           NaN            NaN gcm_circular                0.603     0.00
mamba  1001 final   lowpass  both      2  2.000     0.014    5.763      NaN           NaN            NaN         rule                0.200     0.00
mamba  1001 final   lowpass  both      3  3.000     0.014    5.773      NaN           NaN            NaN         rule                0.311     0.00
mamba  1001 final   lowpass  both      4  4.000     0.014    5.791      NaN           NaN            NaN         rule                0.200     0.00
mamba  1001 final   lowpass  both      6  6.000     0.014    5.586      NaN           NaN            NaN         rule                0.200     0.00
mamba  1001 final   lowpass  both      8  8.000     0.014    5.601      NaN           NaN            NaN         rule                0.200     0.00
mamba  1001 final   lowpass  both     12 12.000     0.026    4.443      NaN           NaN            NaN         rule                0.200     0.00
mamba  1001 final   lowpass  both     16 16.000     0.028    4.498      NaN           NaN            NaN         rule                0.200     0.00
mamba  1001 final   lowpass  both     24 24.000     0.027    4.640      NaN           NaN            NaN   gcm_linear                0.249     0.00
mamba  1001 final   lowpass  both     32 32.000     0.354    2.009      NaN           NaN            NaN         rule                5.485     0.00
mamba  1001 final   lowpass  both     48 48.000     0.985    0.119      NaN           NaN            NaN         rule               40.000     0.00
mamba  1001 final   lowpass  both     74 74.000     1.000    0.001      NaN           NaN            NaN         rule               40.000     0.00
mamba  1001 final      etop    in      0  0.000     1.000    0.001      NaN           NaN            NaN         rule               40.000     0.00
mamba  1001 final      etop    in      1  0.050     0.978    0.081      NaN           NaN            NaN         rule               40.000     0.00
mamba  1001 final      etop    in      1  0.100     0.978    0.081      NaN           NaN            NaN         rule               40.000     0.00
mamba  1001 final      etop    in      2  0.200     0.961    0.140      NaN           NaN            NaN         rule               32.076     0.00
mamba  1001 final      etop    in      3  0.300     0.796    0.622      NaN           NaN            NaN         rule                8.530     0.00
mamba  1001 final      etop    in      4  0.400     0.543    1.551      NaN           NaN            NaN         rule                3.527     0.00
mamba  1001 final      etop    in      5  0.500     0.238    3.331      NaN           NaN            NaN         rule                3.527     0.00
mamba  1001 final      etop    in      7  0.600     0.051    6.518      NaN           NaN            NaN         rule                0.200     0.00
mamba  1001 final      etop    in      9  0.700     0.012   14.079      NaN           NaN            NaN   gcm_linear                0.484     0.00
mamba  1001 final      etop    in     17  0.800     0.007   17.495      NaN           NaN            NaN  gcm_hamming                0.249     0.00
mamba  1001 final      etop    in     43  0.900     0.008   17.452      NaN           NaN            NaN      uniform                0.200     0.00
mamba  1001 final      etop    in     58  0.950     0.006   17.249      NaN           NaN            NaN      uniform                0.200     0.00
mamba  1001 final      etop    in     74  1.000     0.006   15.310      NaN           NaN            NaN  gcm_hamming                0.200     0.00
mamba  1001 final      etop   out      0  0.000     1.000    0.001      NaN           NaN            NaN         rule               40.000     0.00
mamba  1001 final      etop   out      1  0.050     0.999    0.012      NaN           NaN            NaN         rule               40.000     0.00
mamba  1001 final      etop   out      1  0.100     0.999    0.012      NaN           NaN            NaN         rule               40.000     0.00
mamba  1001 final      etop   out      2  0.200     0.992    0.082      NaN           NaN            NaN         rule               40.000     0.00
mamba  1001 final      etop   out      2  0.300     0.992    0.082      NaN           NaN            NaN         rule               40.000     0.00
mamba  1001 final      etop   out      3  0.400     0.888    0.519      NaN           NaN            NaN         rule               10.637     0.00
mamba  1001 final      etop   out      4  0.500     0.716    1.210      NaN           NaN            NaN         rule                5.485     0.00
mamba  1001 final      etop   out      5  0.600     0.331    2.220      NaN           NaN            NaN         rule                4.398     0.00
mamba  1001 final      etop   out      6  0.700     0.192    2.905      NaN           NaN            NaN         rule                1.819     0.00
mamba  1001 final      etop   out      9  0.800     0.045    4.813      NaN           NaN            NaN         rule                1.170     0.00
mamba  1001 final      etop   out     29  0.900     0.017    5.107      NaN           NaN            NaN         rule                0.603     0.00
mamba  1001 final      etop   out     50  0.950     0.010    5.063      NaN           NaN            NaN gcm_circular                0.938     0.00
mamba  1001 final      etop   out     74  1.000     0.007    5.004      NaN           NaN            NaN      uniform                0.200     0.00
mamba  1001 final      etop  both      0  0.000     1.000    0.001      NaN           NaN            NaN         rule               40.000     0.00
mamba  1001 final      etop  both      1  0.050     0.959    0.181      NaN           NaN            NaN         rule               32.076     0.00
mamba  1001 final      etop  both      1  0.100     0.959    0.181      NaN           NaN            NaN         rule               32.076     0.00
mamba  1001 final      etop  both      2  0.200     0.988    0.066      NaN           NaN            NaN         rule               40.000     0.00
mamba  1001 final      etop  both      3  0.300     0.874    0.409      NaN           NaN            NaN         rule               10.637     0.00
mamba  1001 final      etop  both      4  0.400     0.672    1.039      NaN           NaN            NaN         rule                5.485     0.00
mamba  1001 final      etop  both      5  0.500     0.322    2.214      NaN           NaN            NaN         rule                4.398     0.00
mamba  1001 final      etop  both      7  0.600     0.063    4.630      NaN           NaN            NaN         rule                0.200     0.00
mamba  1001 final      etop  both      9  0.700     0.012    7.251      NaN           NaN            NaN         rule                0.200     0.00
mamba  1001 final      etop  both     17  0.800     0.006    5.999      NaN           NaN            NaN      uniform                0.200     0.00
mamba  1001 final      etop  both     43  0.900     0.005    5.199      NaN           NaN            NaN   gcm_linear                0.200     0.00
mamba  1001 final      etop  both     58  0.950     0.007    5.096      NaN           NaN            NaN   gcm_linear                0.200     0.00
mamba  1001 final      etop  both     74  1.000     0.007    5.004      NaN           NaN            NaN      uniform                0.200     0.00
mamba  1001 final   ebottom    in      0  0.000     1.000    0.001      NaN           NaN            NaN         rule               40.000     0.00
mamba  1001 final   ebottom    in     17  0.050     1.000    0.002      NaN           NaN            NaN         rule               40.000     0.00
mamba  1001 final   ebottom    in     32  0.100     0.998    0.008      NaN           NaN            NaN         rule               40.000     0.00
mamba  1001 final   ebottom    in     58  0.200     1.000    0.001      NaN           NaN            NaN         rule               40.000     0.00
mamba  1001 final   ebottom    in     66  0.300     0.997    0.013      NaN           NaN            NaN         rule               40.000     0.00
mamba  1001 final   ebottom    in     68  0.400     0.993    0.029      NaN           NaN            NaN         rule               40.000     0.00
mamba  1001 final   ebottom    in     70  0.500     0.953    0.158      NaN           NaN            NaN         rule               40.000     0.00
mamba  1001 final   ebottom    in     71  0.600     0.698    0.899      NaN           NaN            NaN         rule                5.485     0.00
mamba  1001 final   ebottom    in     72  0.700     0.231    2.816      NaN           NaN            NaN         rule                2.268     0.00
mamba  1001 final   ebottom    in     73  0.800     0.057    5.363      NaN           NaN            NaN         rule                0.200     0.00
mamba  1001 final   ebottom    in     74  0.900     0.006   15.310      NaN           NaN            NaN  gcm_hamming                0.200     0.00
mamba  1001 final   ebottom    in     74  0.950     0.006   15.310      NaN           NaN            NaN  gcm_hamming                0.200     0.00
mamba  1001 final   ebottom    in     74  1.000     0.006   15.310      NaN           NaN            NaN  gcm_hamming                0.200     0.00
mamba  1001 final   ebottom   out      0  0.000     1.000    0.001      NaN           NaN            NaN         rule               40.000     0.00
mamba  1001 final   ebottom   out     25  0.050     1.000    0.001      NaN           NaN            NaN         rule               40.000     0.00
mamba  1001 final   ebottom   out     46  0.100     1.000    0.001      NaN           NaN            NaN         rule               40.000     0.00
mamba  1001 final   ebottom   out     66  0.200     1.000    0.001      NaN           NaN            NaN         rule               40.000     0.00
mamba  1001 final   ebottom   out     69  0.300     0.999    0.016      NaN           NaN            NaN         rule               40.000     0.00
mamba  1001 final   ebottom   out     70  0.400     0.996    0.068      NaN           NaN            NaN         rule               40.000     0.00
mamba  1001 final   ebottom   out     71  0.500     0.946    0.536      NaN           NaN            NaN         rule               20.627     0.00
mamba  1001 final   ebottom   out     72  0.600     0.459    1.937      NaN           NaN            NaN         rule                3.527     0.00
mamba  1001 final   ebottom   out     73  0.700     0.063    3.502      NaN           NaN            NaN gcm_circular                3.527     0.00
mamba  1001 final   ebottom   out     73  0.800     0.063    3.502      NaN           NaN            NaN gcm_circular                3.527     0.00
mamba  1001 final   ebottom   out     74  0.900     0.007    5.004      NaN           NaN            NaN      uniform                0.200     0.00
mamba  1001 final   ebottom   out     74  0.950     0.007    5.004      NaN           NaN            NaN      uniform                0.200     0.00
mamba  1001 final   ebottom   out     74  1.000     0.007    5.004      NaN           NaN            NaN      uniform                0.200     0.00
mamba  1001 final   ebottom  both      0  0.000     1.000    0.001      NaN           NaN            NaN         rule               40.000     0.00
mamba  1001 final   ebottom  both     17  0.050     1.000    0.001      NaN           NaN            NaN         rule               40.000     0.00
mamba  1001 final   ebottom  both     32  0.100     0.998    0.006      NaN           NaN            NaN         rule               40.000     0.00
mamba  1001 final   ebottom  both     58  0.200     1.000    0.001      NaN           NaN            NaN         rule               40.000     0.00
mamba  1001 final   ebottom  both     66  0.300     1.000    0.006      NaN           NaN            NaN         rule               40.000     0.00
mamba  1001 final   ebottom  both     68  0.400     1.000    0.023      NaN           NaN            NaN         rule               40.000     0.00
mamba  1001 final   ebottom  both     70  0.500     0.993    0.273      NaN           NaN            NaN         rule               40.000     0.00
mamba  1001 final   ebottom  both     71  0.600     0.710    1.512      NaN           NaN            NaN         rule                6.840     0.00
mamba  1001 final   ebottom  both     72  0.700     0.114    3.150      NaN           NaN            NaN gcm_circular                6.840     0.00
mamba  1001 final   ebottom  both     73  0.800     0.006    5.208      NaN           NaN            NaN  gcm_hamming                0.200     0.00
mamba  1001 final   ebottom  both     74  0.900     0.007    5.004      NaN           NaN            NaN      uniform                0.200     0.00
mamba  1001 final   ebottom  both     74  0.950     0.007    5.004      NaN           NaN            NaN      uniform                0.200     0.00
mamba  1001 final   ebottom  both     74  1.000     0.007    5.004      NaN           NaN            NaN      uniform                0.200     0.00
mamba  1001 final     erand    in      0  0.000     1.000    0.001      NaN           NaN            NaN         rule               40.000     0.00
mamba  1001 final     erand    in     10  0.050     1.000    0.002      NaN           NaN            NaN         rule               40.000     0.00
mamba  1001 final     erand    in     13  0.100     1.000    0.003      NaN           NaN            NaN         rule               40.000     0.00
mamba  1001 final     erand    in     19  0.200     0.999    0.004      NaN           NaN            NaN         rule               40.000     0.00
mamba  1001 final     erand    in     21  0.300     0.995    0.027      NaN           NaN            NaN         rule               40.000     0.00
mamba  1001 final     erand    in     35  0.400     0.895    0.322      NaN           NaN            NaN         rule               20.627     0.00
mamba  1001 final     erand    in     36  0.500     0.797    0.632      NaN           NaN            NaN         rule               10.637     0.00
mamba  1001 final     erand    in     56  0.600     0.575    1.066      NaN           NaN            NaN         rule                6.840     0.00
mamba  1001 final     erand    in     62  0.700     0.285    2.159      NaN           NaN            NaN         rule                2.268     0.00
mamba  1001 final     erand    in     67  0.800     0.062    3.975      NaN           NaN            NaN         rule                0.200     0.00
mamba  1001 final     erand    in     69  0.900     0.006   16.573      NaN           NaN            NaN      uniform                0.200     0.00
mamba  1001 final     erand    in     69  0.950     0.006   16.573      NaN           NaN            NaN      uniform                0.200     0.00
mamba  1001 final     erand    in     74  1.000     0.006   15.310      NaN           NaN            NaN  gcm_hamming                0.200     0.00
mamba  1001 final     erand    in      0  0.000     1.000    0.001      NaN           NaN            NaN         rule               40.000     0.00
mamba  1001 final     erand    in      5  0.050     0.996    0.017      NaN           NaN            NaN         rule               40.000     0.00
mamba  1001 final     erand    in      5  0.100     0.996    0.017      NaN           NaN            NaN         rule               40.000     0.00
mamba  1001 final     erand    in     15  0.200     0.997    0.016      NaN           NaN            NaN         rule               40.000     0.00
mamba  1001 final     erand    in     22  0.300     0.985    0.063      NaN           NaN            NaN         rule               40.000     0.00
mamba  1001 final     erand    in     32  0.400     0.877    0.362      NaN           NaN            NaN         rule               20.627     0.00
mamba  1001 final     erand    in     35  0.500     0.678    0.982      NaN           NaN            NaN         rule                6.840     0.00
mamba  1001 final     erand    in     51  0.600     0.668    0.998      NaN           NaN            NaN         rule                6.840     0.00
mamba  1001 final     erand    in     63  0.700     0.178    2.951      NaN           NaN            NaN         rule                0.200     0.00
mamba  1001 final     erand    in     65  0.800     0.019    8.220      NaN           NaN            NaN         rule                0.200     0.00
mamba  1001 final     erand    in     67  0.900     0.013    7.909      NaN           NaN            NaN         rule                0.388     0.00
mamba  1001 final     erand    in     72  0.950     0.014    7.856      NaN           NaN            NaN         rule                0.200     0.00
mamba  1001 final     erand    in     74  1.000     0.006   15.310      NaN           NaN            NaN  gcm_hamming                0.200     0.00
mamba  1001 final     erand    in      0  0.000     1.000    0.001      NaN           NaN            NaN         rule               40.000     0.00
mamba  1001 final     erand    in     11  0.050     0.999    0.004      NaN           NaN            NaN         rule               40.000     0.00
mamba  1001 final     erand    in     11  0.100     0.999    0.004      NaN           NaN            NaN         rule               40.000     0.00
mamba  1001 final     erand    in     19  0.200     0.993    0.033      NaN           NaN            NaN         rule               40.000     0.00
mamba  1001 final     erand    in     24  0.300     0.963    0.129      NaN           NaN            NaN         rule               40.000     0.00
mamba  1001 final     erand    in     26  0.400     0.566    1.124      NaN           NaN            NaN         rule                4.398     0.00
mamba  1001 final     erand    in     27  0.500     0.488    1.415      NaN           NaN            NaN         rule                3.527     0.00
mamba  1001 final     erand    in     41  0.600     0.338    1.869      NaN           NaN            NaN         rule                1.819     0.00
mamba  1001 final     erand    in     50  0.700     0.055    4.245      NaN           NaN            NaN gcm_circular                3.527     0.00
mamba  1001 final     erand    in     53  0.800     0.056    4.225      NaN           NaN            NaN gcm_circular                3.527     0.00
mamba  1001 final     erand    in     58  0.900     0.005   17.465      NaN           NaN            NaN      uniform                0.200     0.00
mamba  1001 final     erand    in     61  0.950     0.006   17.365      NaN           NaN            NaN      uniform                0.200     0.00
mamba  1001 final     erand    in     74  1.000     0.006   15.310      NaN           NaN            NaN  gcm_hamming                0.200     0.00
mamba  1001 final     erand   out      0  0.000     1.000    0.001      NaN           NaN            NaN         rule               40.000     0.00
mamba  1001 final     erand   out     10  0.050     1.000    0.002      NaN           NaN            NaN         rule               40.000     0.00
mamba  1001 final     erand   out     18  0.100     1.000    0.002      NaN           NaN            NaN         rule               40.000     0.00
mamba  1001 final     erand   out     21  0.200     0.996    0.027      NaN           NaN            NaN         rule               40.000     0.00
mamba  1001 final     erand   out     26  0.300     0.982    0.118      NaN           NaN            NaN         rule               40.000     0.00
mamba  1001 final     erand   out     36  0.400     0.891    0.661      NaN           NaN            NaN         rule               20.627     0.00
mamba  1001 final     erand   out     37  0.500     0.891    0.662      NaN           NaN            NaN         rule               20.627     0.00
mamba  1001 final     erand   out     62  0.600     0.385    1.993      NaN           NaN            NaN         rule                3.527     0.00
mamba  1001 final     erand   out     67  0.700     0.079    3.492      NaN           NaN            NaN         rule                1.170     0.00
mamba  1001 final     erand   out     67  0.800     0.079    3.492      NaN           NaN            NaN         rule                1.170     0.00
mamba  1001 final     erand   out     69  0.900     0.007    5.019      NaN           NaN            NaN      uniform                0.200     0.00
mamba  1001 final     erand   out     69  0.950     0.007    5.019      NaN           NaN            NaN      uniform                0.200     0.00
mamba  1001 final     erand   out     74  1.000     0.007    5.004      NaN           NaN            NaN      uniform                0.200     0.00
mamba  1001 final     erand   out      0  0.000     1.000    0.001      NaN           NaN            NaN         rule               40.000     0.00
mamba  1001 final     erand   out      5  0.050     0.999    0.017      NaN           NaN            NaN         rule               40.000     0.00
mamba  1001 final     erand   out      5  0.100     0.999    0.017      NaN           NaN            NaN         rule               40.000     0.00
mamba  1001 final     erand   out     11  0.200     0.999    0.016      NaN           NaN            NaN         rule               40.000     0.00
mamba  1001 final     erand   out     22  0.300     0.990    0.071      NaN           NaN            NaN         rule               40.000     0.00
mamba  1001 final     erand   out     32  0.400     0.938    0.301      NaN           NaN            NaN         rule               32.076     0.00
mamba  1001 final     erand   out     35  0.500     0.759    0.984      NaN           NaN            NaN         rule                8.530     0.00
mamba  1001 final     erand   out     59  0.600     0.851    0.918      NaN           NaN            NaN         rule               10.637     0.00
mamba  1001 final     erand   out     63  0.700     0.250    2.362      NaN           NaN            NaN         rule                0.752     0.00
mamba  1001 final     erand   out     65  0.800     0.073    3.655      NaN           NaN            NaN         rule                0.200     0.00
mamba  1001 final     erand   out     65  0.900     0.073    3.655      NaN           NaN            NaN         rule                0.200     0.00
mamba  1001 final     erand   out     67  0.950     0.003    4.571      NaN           NaN            NaN      uniform                0.200     0.00
mamba  1001 final     erand   out     74  1.000     0.007    5.004      NaN           NaN            NaN      uniform                0.200     0.00
mamba  1001 final     erand   out      0  0.000     1.000    0.001      NaN           NaN            NaN         rule               40.000     0.00
mamba  1001 final     erand   out     11  0.050     1.000    0.003      NaN           NaN            NaN         rule               40.000     0.00
mamba  1001 final     erand   out     11  0.100     1.000    0.003      NaN           NaN            NaN         rule               40.000     0.00
mamba  1001 final     erand   out     19  0.200     0.997    0.028      NaN           NaN            NaN         rule               40.000     0.00
mamba  1001 final     erand   out     24  0.300     0.981    0.115      NaN           NaN            NaN         rule               40.000     0.00
mamba  1001 final     erand   out     26  0.400     0.661    0.924      NaN           NaN            NaN         rule                5.485     0.00
mamba  1001 final     erand   out     27  0.500     0.556    1.242      NaN           NaN            NaN         rule                4.398     0.00
mamba  1001 final     erand   out     42  0.600     0.313    2.051      NaN           NaN            NaN         rule                2.268     0.00
mamba  1001 final     erand   out     50  0.700     0.070    3.575      NaN           NaN            NaN         rule                2.828     0.00
mamba  1001 final     erand   out     56  0.800     0.058    3.562      NaN           NaN            NaN         rule                2.828     0.00
mamba  1001 final     erand   out     58  0.900     0.013    5.055      NaN           NaN            NaN         rule                0.200     0.00
mamba  1001 final     erand   out     58  0.950     0.013    5.055      NaN           NaN            NaN         rule                0.200     0.00
mamba  1001 final     erand   out     74  1.000     0.007    5.004      NaN           NaN            NaN      uniform                0.200     0.00
mamba  1001 final     erand  both      0  0.000     1.000    0.001      NaN           NaN            NaN         rule               40.000     0.00
mamba  1001 final     erand  both     10  0.050     0.999    0.006      NaN           NaN            NaN         rule               40.000     0.00
mamba  1001 final     erand  both     13  0.100     1.000    0.006      NaN           NaN            NaN         rule               40.000     0.00
mamba  1001 final     erand  both     19  0.200     0.999    0.019      NaN           NaN            NaN         rule               40.000     0.00
mamba  1001 final     erand  both     21  0.300     0.303    2.081      NaN           NaN            NaN         rule                2.268     0.00
mamba  1001 final     erand  both     35  0.400     0.336    2.007      NaN           NaN            NaN         rule                2.828     0.00
mamba  1001 final     erand  both     36  0.500     0.081    3.506      NaN           NaN            NaN gcm_circular                3.527     0.00
mamba  1001 final     erand  both     56  0.600     0.079    3.437      NaN           NaN            NaN gcm_circular                4.398     0.00
mamba  1001 final     erand  both     62  0.700     0.009    5.301      NaN           NaN            NaN      uniform                0.200     0.00
mamba  1001 final     erand  both     67  0.800     0.008    5.209      NaN           NaN            NaN      uniform                0.200     0.00
mamba  1001 final     erand  both     69  0.900     0.006    5.030      NaN           NaN            NaN      uniform                0.200     0.00
mamba  1001 final     erand  both     69  0.950     0.006    5.030      NaN           NaN            NaN      uniform                0.200     0.00
mamba  1001 final     erand  both     74  1.000     0.007    5.004      NaN           NaN            NaN      uniform                0.200     0.00
mamba  1001 final     erand  both      0  0.000     1.000    0.001      NaN           NaN            NaN         rule               40.000     0.00
mamba  1001 final     erand  both      5  0.050     0.992    0.044      NaN           NaN            NaN         rule               40.000     0.00
mamba  1001 final     erand  both      5  0.100     0.959    0.219      NaN           NaN            NaN         rule               32.076     0.00
mamba  1001 final     erand  both     15  0.200     0.962    0.213      NaN           NaN            NaN         rule               40.000     0.00
mamba  1001 final     erand  both     22  0.300     0.777    0.718      NaN           NaN            NaN         rule               10.637     0.00
mamba  1001 final     erand  both     32  0.400     0.426    1.726      NaN           NaN            NaN         rule                2.828     0.00
mamba  1001 final     erand  both     35  0.500     0.139    3.019      NaN           NaN            NaN         rule                0.200     0.00
mamba  1001 final     erand  both     51  0.600     0.015    4.731      NaN           NaN            NaN         rule                0.200     0.00
mamba  1001 final     erand  both     63  0.700     0.017    4.751      NaN           NaN            NaN         rule                0.200     0.00
mamba  1001 final     erand  both     65  0.800     0.014    5.532      NaN           NaN            NaN         rule                0.200     0.00
mamba  1001 final     erand  both     67  0.900     0.014    5.478      NaN           NaN            NaN         rule                0.200     0.00
mamba  1001 final     erand  both     72  0.950     0.015    5.308      NaN           NaN            NaN         rule                0.200     0.00
mamba  1001 final     erand  both     74  1.000     0.007    5.004      NaN           NaN            NaN      uniform                0.200     0.00
mamba  1001 final     erand  both      0  0.000     1.000    0.001      NaN           NaN            NaN         rule               40.000     0.00
mamba  1001 final     erand  both     11  0.050     0.995    0.031      NaN           NaN            NaN         rule               40.000     0.00
mamba  1001 final     erand  both     11  0.100     0.995    0.031      NaN           NaN            NaN         rule               40.000     0.00
mamba  1001 final     erand  both     19  0.200     0.929    0.275      NaN           NaN            NaN         rule               16.541     0.00
mamba  1001 final     erand  both     24  0.300     0.575    1.161      NaN           NaN            NaN         rule                4.398     0.00
mamba  1001 final     erand  both     26  0.400     0.191    2.577      NaN           NaN            NaN         rule                2.828     0.00
mamba  1001 final     erand  both     27  0.500     0.193    2.563      NaN           NaN            NaN         rule                2.828     0.00
mamba  1001 final     erand  both     41  0.600     0.033    4.299      NaN           NaN            NaN         rule                0.200     0.00
mamba  1001 final     erand  both     50  0.700     0.005    5.486      NaN           NaN            NaN      uniform                0.200     0.00
mamba  1001 final     erand  both     53  0.800     0.008    5.305      NaN           NaN            NaN      uniform                0.200     0.00
mamba  1001 final     erand  both     58  0.900     0.006    6.712      NaN           NaN            NaN  gcm_hamming                0.200     0.00
mamba  1001 final     erand  both     61  0.950     0.005    5.555      NaN           NaN            NaN      uniform                0.388     0.00
mamba  1001 final     erand  both     74  1.000     0.007    5.004      NaN           NaN            NaN      uniform                0.200     0.00
mamba  1001 final      topk    in     43  0.000     1.000    0.001      NaN           NaN            NaN         rule               40.000     0.00
mamba  1001 final      topk    in     43  0.250     1.000    0.002      NaN           NaN            NaN         rule               40.000     0.00
mamba  1001 final      topk    in     43  0.500     0.999    0.005      NaN           NaN            NaN         rule               40.000     0.00
mamba  1001 final      topk    in     43  0.750     0.959    0.148      NaN           NaN            NaN         rule               40.000     0.00
mamba  1001 final      topk    in     43  1.000     0.008   17.452      NaN           NaN            NaN      uniform                0.200     0.00
mamba  1001 final      topk   out     29  0.000     1.000    0.001      NaN           NaN            NaN         rule               40.000     0.00
mamba  1001 final      topk   out     29  0.250     0.999    0.005      NaN           NaN            NaN         rule               40.000     0.00
mamba  1001 final      topk   out     29  0.500     0.999    0.043      NaN           NaN            NaN         rule               40.000     0.00
mamba  1001 final      topk   out     29  0.750     0.985    0.743      NaN           NaN            NaN         rule               40.000     0.00
mamba  1001 final      topk   out     29  1.000     0.017    5.107      NaN           NaN            NaN         rule                0.603     0.00
mamba  1001 final      topk  both     43  0.000     1.000    0.001      NaN           NaN            NaN         rule               40.000     0.00
mamba  1001 final      topk  both     43  0.250     1.000    0.005      NaN           NaN            NaN         rule               40.000     0.00
mamba  1001 final      topk  both     43  0.500     0.998    0.062      NaN           NaN            NaN         rule               40.000     0.00
mamba  1001 final      topk  both     43  0.750     0.881    1.266      NaN           NaN            NaN         rule               13.264     0.00
mamba  1001 final      topk  both     43  1.000     0.007    5.137      NaN           NaN            NaN   gcm_linear                0.249     0.00
mamba  1001 final     randk    in     31  0.000     1.000    0.001      NaN           NaN            NaN         rule               40.000     0.00
mamba  1001 final     randk    in     31  0.250     1.000    0.001      NaN           NaN            NaN         rule               40.000     0.00
mamba  1001 final     randk    in     31  0.500     1.000    0.001      NaN           NaN            NaN         rule               40.000     0.00
mamba  1001 final     randk    in     31  0.750     1.000    0.002      NaN           NaN            NaN         rule               40.000     0.00
mamba  1001 final     randk    in     31  1.000     0.998    0.007      NaN           NaN            NaN         rule               40.000     0.00
mamba  1001 final     randk    in     31  0.000     1.000    0.001      NaN           NaN            NaN         rule               40.000     0.00
mamba  1001 final     randk    in     31  0.250     1.000    0.001      NaN           NaN            NaN         rule               40.000     0.00
mamba  1001 final     randk    in     31  0.500     1.000    0.001      NaN           NaN            NaN         rule               40.000     0.00
mamba  1001 final     randk    in     31  0.750     1.000    0.002      NaN           NaN            NaN         rule               40.000     0.00
mamba  1001 final     randk    in     31  1.000     0.998    0.007      NaN           NaN            NaN         rule               40.000     0.00
mamba  1001 final     randk    in     31  0.000     1.000    0.001      NaN           NaN            NaN         rule               40.000     0.00
mamba  1001 final     randk    in     31  0.250     1.000    0.001      NaN           NaN            NaN         rule               40.000     0.00
mamba  1001 final     randk    in     31  0.500     1.000    0.001      NaN           NaN            NaN         rule               40.000     0.00
mamba  1001 final     randk    in     31  0.750     1.000    0.002      NaN           NaN            NaN         rule               40.000     0.00
mamba  1001 final     randk    in     31  1.000     0.998    0.007      NaN           NaN            NaN         rule               40.000     0.00
mamba  1001 final     randk   out     29  0.000     1.000    0.001      NaN           NaN            NaN         rule               40.000     0.00
mamba  1001 final     randk   out     29  0.250     1.000    0.001      NaN           NaN            NaN         rule               40.000     0.00
mamba  1001 final     randk   out     29  0.500     1.000    0.001      NaN           NaN            NaN         rule               40.000     0.00
mamba  1001 final     randk   out     29  0.750     1.000    0.001      NaN           NaN            NaN         rule               40.000     0.00
mamba  1001 final     randk   out     29  1.000     1.000    0.001      NaN           NaN            NaN         rule               40.000     0.00
mamba  1001 final     randk   out     29  0.000     1.000    0.001      NaN           NaN            NaN         rule               40.000     0.00
mamba  1001 final     randk   out     29  0.250     1.000    0.001      NaN           NaN            NaN         rule               40.000     0.00
mamba  1001 final     randk   out     29  0.500     1.000    0.001      NaN           NaN            NaN         rule               40.000     0.00
mamba  1001 final     randk   out     29  0.750     1.000    0.001      NaN           NaN            NaN         rule               40.000     0.00
mamba  1001 final     randk   out     29  1.000     1.000    0.001      NaN           NaN            NaN         rule               40.000     0.00
mamba  1001 final     randk   out     29  0.000     1.000    0.001      NaN           NaN            NaN         rule               40.000     0.00
mamba  1001 final     randk   out     29  0.250     1.000    0.001      NaN           NaN            NaN         rule               40.000     0.00
mamba  1001 final     randk   out     29  0.500     1.000    0.001      NaN           NaN            NaN         rule               40.000     0.00
mamba  1001 final     randk   out     29  0.750     1.000    0.001      NaN           NaN            NaN         rule               40.000     0.00
mamba  1001 final     randk   out     29  1.000     1.000    0.001      NaN           NaN            NaN         rule               40.000     0.00
mamba  1001 final     randk  both     31  0.000     1.000    0.001      NaN           NaN            NaN         rule               40.000     0.00
mamba  1001 final     randk  both     31  0.250     1.000    0.001      NaN           NaN            NaN         rule               40.000     0.00
mamba  1001 final     randk  both     31  0.500     1.000    0.001      NaN           NaN            NaN         rule               40.000     0.00
mamba  1001 final     randk  both     31  0.750     1.000    0.002      NaN           NaN            NaN         rule               40.000     0.00
mamba  1001 final     randk  both     31  1.000     0.998    0.005      NaN           NaN            NaN         rule               40.000     0.00
mamba  1001 final     randk  both     31  0.000     1.000    0.001      NaN           NaN            NaN         rule               40.000     0.00
mamba  1001 final     randk  both     31  0.250     1.000    0.001      NaN           NaN            NaN         rule               40.000     0.00
mamba  1001 final     randk  both     31  0.500     1.000    0.001      NaN           NaN            NaN         rule               40.000     0.00
mamba  1001 final     randk  both     31  0.750     1.000    0.002      NaN           NaN            NaN         rule               40.000     0.00
mamba  1001 final     randk  both     31  1.000     0.998    0.005      NaN           NaN            NaN         rule               40.000     0.00
mamba  1001 final     randk  both     31  0.000     1.000    0.001      NaN           NaN            NaN         rule               40.000     0.00
mamba  1001 final     randk  both     31  0.250     1.000    0.001      NaN           NaN            NaN         rule               40.000     0.00
mamba  1001 final     randk  both     31  0.500     1.000    0.001      NaN           NaN            NaN         rule               40.000     0.00
mamba  1001 final     randk  both     31  0.750     1.000    0.002      NaN           NaN            NaN         rule               40.000     0.00
mamba  1001 final     randk  both     31  1.000     0.998    0.005      NaN           NaN            NaN         rule               40.000     0.00
mamba  1001 final  residual    in     31  0.000     1.000    0.001      NaN           NaN            NaN         rule               40.000     0.00
mamba  1001 final  residual    in     31  0.250     1.000    0.001      NaN           NaN            NaN         rule               40.000     0.00
mamba  1001 final  residual    in     31  0.500     1.000    0.001      NaN           NaN            NaN         rule               40.000     0.00
mamba  1001 final  residual    in     31  0.750     1.000    0.002      NaN           NaN            NaN         rule               40.000     0.00
mamba  1001 final  residual    in     31  1.000     0.998    0.007      NaN           NaN            NaN         rule               40.000     0.00
mamba  1001 final  residual   out     45  0.000     1.000    0.001      NaN           NaN            NaN         rule               40.000     0.00
mamba  1001 final  residual   out     45  0.250     1.000    0.001      NaN           NaN            NaN         rule               40.000     0.00
mamba  1001 final  residual   out     45  0.500     1.000    0.001      NaN           NaN            NaN         rule               40.000     0.00
mamba  1001 final  residual   out     45  0.750     1.000    0.001      NaN           NaN            NaN         rule               40.000     0.00
mamba  1001 final  residual   out     45  1.000     1.000    0.001      NaN           NaN            NaN         rule               40.000     0.00
mamba  1001 final  residual  both     31  0.000     1.000    0.001      NaN           NaN            NaN         rule               40.000     0.00
mamba  1001 final  residual  both     31  0.250     1.000    0.001      NaN           NaN            NaN         rule               40.000     0.00
mamba  1001 final  residual  both     31  0.500     1.000    0.001      NaN           NaN            NaN         rule               40.000     0.00
mamba  1001 final  residual  both     31  0.750     1.000    0.002      NaN           NaN            NaN         rule               40.000     0.00
mamba  1001 final  residual  both     31  1.000     0.998    0.005      NaN           NaN            NaN         rule               40.000     0.00
mamba  1002 final      none     -      0  0.000     1.000    0.000      NaN           NaN            NaN         rule               40.000     0.00
mamba  1002 final   lowpass    in      0  0.000     0.006   13.868      NaN           NaN            NaN  gcm_hamming                0.200     0.00
mamba  1002 final   lowpass    in      1  1.000     0.006   14.796      NaN           NaN            NaN      uniform                0.200     0.00
mamba  1002 final   lowpass    in      2  2.000     0.004   15.168      NaN           NaN            NaN      uniform                0.200     0.00
mamba  1002 final   lowpass    in      3  3.000     0.005   15.273      NaN           NaN            NaN      uniform                0.200     0.00
mamba  1002 final   lowpass    in      4  4.000     0.005   15.233      NaN           NaN            NaN   gcm_linear                0.200     0.00
mamba  1002 final   lowpass    in      6  6.000     0.005   15.079      NaN           NaN            NaN   gcm_linear                0.752     0.00
mamba  1002 final   lowpass    in      8  8.000     0.007   14.996      NaN           NaN            NaN  gcm_hamming                0.484     0.00
mamba  1002 final   lowpass    in     12 12.000     0.264    2.321      NaN           NaN            NaN gcm_circular               10.637     0.00
mamba  1002 final   lowpass    in     16 16.000     0.262    2.332      NaN           NaN            NaN gcm_circular               10.637     0.00
mamba  1002 final   lowpass    in     24 24.000     0.837    0.832      NaN           NaN            NaN         rule               13.264     0.00
mamba  1002 final   lowpass    in     32 32.000     0.831    0.876      NaN           NaN            NaN         rule               13.264     0.00
mamba  1002 final   lowpass    in     48 48.000     1.000    0.001      NaN           NaN            NaN         rule               40.000     0.00
mamba  1002 final   lowpass    in     74 74.000     1.000    0.000      NaN           NaN            NaN         rule               40.000     0.00
mamba  1002 final   lowpass   out      0  0.000     0.008    5.004      NaN           NaN            NaN      uniform                0.200     0.00
mamba  1002 final   lowpass   out      1  1.000     0.010    5.004      NaN           NaN            NaN         rule                0.938     0.00
mamba  1002 final   lowpass   out      2  2.000     0.007    5.000      NaN           NaN            NaN gcm_circular                0.938     0.00
mamba  1002 final   lowpass   out      3  3.000     0.010    4.998      NaN           NaN            NaN gcm_circular                1.170     0.00
mamba  1002 final   lowpass   out      4  4.000     0.012    4.998      NaN           NaN            NaN gcm_circular                1.170     0.00
mamba  1002 final   lowpass   out      6  6.000     0.009    4.997      NaN           NaN            NaN      uniform                0.484     0.00
mamba  1002 final   lowpass   out      8  8.000     0.018    4.990      NaN           NaN            NaN         rule                0.200     0.00
mamba  1002 final   lowpass   out     12 12.000     0.455    2.831      NaN           NaN            NaN         rule               10.637     0.00
mamba  1002 final   lowpass   out     16 16.000     0.452    2.824      NaN           NaN            NaN         rule               10.637     0.00
mamba  1002 final   lowpass   out     24 24.000     0.960    1.289      NaN           NaN            NaN         rule               25.722     0.00
mamba  1002 final   lowpass   out     32 32.000     0.942    1.282      NaN           NaN            NaN         rule               20.627     0.00
mamba  1002 final   lowpass   out     48 48.000     1.000    0.001      NaN           NaN            NaN         rule               40.000     0.00
mamba  1002 final   lowpass   out     74 74.000     1.000    0.000      NaN           NaN            NaN         rule               40.000     0.00
mamba  1002 final   lowpass  both      0  0.000     0.007    5.004      NaN           NaN            NaN      uniform                0.200     0.00
mamba  1002 final   lowpass  both      1  1.000     0.021    4.922      NaN           NaN            NaN gcm_circular                4.398     0.00
mamba  1002 final   lowpass  both      2  2.000     0.017    4.920      NaN           NaN            NaN gcm_circular                4.398     0.00
mamba  1002 final   lowpass  both      3  3.000     0.021    4.913      NaN           NaN            NaN gcm_circular                2.828     0.00
mamba  1002 final   lowpass  both      4  4.000     0.019    4.911      NaN           NaN            NaN gcm_circular                3.527     0.00
mamba  1002 final   lowpass  both      6  6.000     0.019    4.888      NaN           NaN            NaN gcm_circular                2.828     0.00
mamba  1002 final   lowpass  both      8  8.000     0.024    4.880      NaN           NaN            NaN gcm_circular                2.268     0.00
mamba  1002 final   lowpass  both     12 12.000     0.524    1.946      NaN           NaN            NaN         rule               13.264     0.00
mamba  1002 final   lowpass  both     16 16.000     0.506    1.959      NaN           NaN            NaN         rule               13.264     0.00
mamba  1002 final   lowpass  both     24 24.000     0.973    0.644      NaN           NaN            NaN         rule               40.000     0.00
mamba  1002 final   lowpass  both     32 32.000     0.951    0.684      NaN           NaN            NaN         rule               25.722     0.00
mamba  1002 final   lowpass  both     48 48.000     1.000    0.000      NaN           NaN            NaN         rule               40.000     0.00
mamba  1002 final   lowpass  both     74 74.000     1.000    0.000      NaN           NaN            NaN         rule               40.000     0.00
mamba  1002 final      etop    in      0  0.000     1.000    0.000      NaN           NaN            NaN         rule               40.000     0.00
mamba  1002 final      etop    in      1  0.050     1.000    0.000      NaN           NaN            NaN         rule               40.000     0.00
mamba  1002 final      etop    in      2  0.100     0.999    0.019      NaN           NaN            NaN         rule               40.000     0.00
mamba  1002 final      etop    in      3  0.200     0.991    0.123      NaN           NaN            NaN         rule               40.000     0.00
mamba  1002 final      etop    in      4  0.300     0.991    0.097      NaN           NaN            NaN         rule               40.000     0.00
mamba  1002 final      etop    in      5  0.400     0.922    0.435      NaN           NaN            NaN         rule               13.264     0.00
mamba  1002 final      etop    in      6  0.500     0.845    0.731      NaN           NaN            NaN         rule                8.530     0.00
mamba  1002 final      etop    in      8  0.600     0.278    2.301      NaN           NaN            NaN         rule                1.459     0.00
mamba  1002 final      etop    in     10  0.700     0.030    5.137      NaN           NaN            NaN         rule                0.603     0.00
mamba  1002 final      etop    in     15  0.800     0.004   16.095      NaN           NaN            NaN      uniform                0.249     0.00
mamba  1002 final      etop    in     42  0.900     0.006   15.495      NaN           NaN            NaN      uniform                0.311     0.00
mamba  1002 final      etop    in     57  0.950     0.005   15.254      NaN           NaN            NaN  gcm_hamming                0.200     0.00
mamba  1002 final      etop    in     74  1.000     0.006   13.868      NaN           NaN            NaN  gcm_hamming                0.200     0.00
mamba  1002 final      etop   out      0  0.000     1.000    0.000      NaN           NaN            NaN         rule               40.000     0.00
mamba  1002 final      etop   out      1  0.050     1.000    0.000      NaN           NaN            NaN         rule               40.000     0.00
mamba  1002 final      etop   out      1  0.100     1.000    0.000      NaN           NaN            NaN         rule               40.000     0.00
mamba  1002 final      etop   out      2  0.200     1.000    0.001      NaN           NaN            NaN         rule               40.000     0.00
mamba  1002 final      etop   out      3  0.300     1.000    0.006      NaN           NaN            NaN         rule               40.000     0.00
mamba  1002 final      etop   out      4  0.400     0.999    0.157      NaN           NaN            NaN         rule               40.000     0.00
mamba  1002 final      etop   out      5  0.500     0.993    0.499      NaN           NaN            NaN         rule               40.000     0.00
mamba  1002 final      etop   out      6  0.600     0.940    1.387      NaN           NaN            NaN         rule               20.627     0.00
mamba  1002 final      etop   out      8  0.700     0.349    2.979      NaN           NaN            NaN         rule                2.828     0.00
mamba  1002 final      etop   out     10  0.800     0.036    4.386      NaN           NaN            NaN         rule                1.819     0.00
mamba  1002 final      etop   out     29  0.900     0.006    4.956      NaN           NaN            NaN      uniform                0.752     0.00
mamba  1002 final      etop   out     50  0.950     0.006    4.981      NaN           NaN            NaN gcm_circular                1.459     0.00
mamba  1002 final      etop   out     74  1.000     0.008    5.004      NaN           NaN            NaN      uniform                0.200     0.00
mamba  1002 final      etop  both      0  0.000     1.000    0.000      NaN           NaN            NaN         rule               40.000     0.00
mamba  1002 final      etop  both      1  0.050     1.000    0.000      NaN           NaN            NaN         rule               40.000     0.00
mamba  1002 final      etop  both      2  0.100     1.000    0.014      NaN           NaN            NaN         rule               40.000     0.00
mamba  1002 final      etop  both      3  0.200     0.998    0.098      NaN           NaN            NaN         rule               40.000     0.00
mamba  1002 final      etop  both      4  0.300     0.999    0.074      NaN           NaN            NaN         rule               40.000     0.00
mamba  1002 final      etop  both      5  0.400     0.964    0.357      NaN           NaN            NaN         rule               40.000     0.00
mamba  1002 final      etop  both      6  0.500     0.919    0.612      NaN           NaN            NaN         rule               13.264     0.00
mamba  1002 final      etop  both      8  0.600     0.384    1.926      NaN           NaN            NaN         rule                2.268     0.00
mamba  1002 final      etop  both     10  0.700     0.046    3.964      NaN           NaN            NaN         rule                0.249     0.00
mamba  1002 final      etop  both     15  0.800     0.008    5.906      NaN           NaN            NaN  gcm_hamming                0.200     0.00
mamba  1002 final      etop  both     42  0.900     0.010    5.073      NaN           NaN            NaN  gcm_hamming                0.200     0.00
mamba  1002 final      etop  both     57  0.950     0.007    5.019      NaN           NaN            NaN   gcm_linear                0.200     0.00
mamba  1002 final      etop  both     74  1.000     0.007    5.004      NaN           NaN            NaN      uniform                0.200     0.00
mamba  1002 final   ebottom    in      0  0.000     1.000    0.000      NaN           NaN            NaN         rule               40.000     0.00
mamba  1002 final   ebottom    in     18  0.050     1.000    0.000      NaN           NaN            NaN         rule               40.000     0.00
mamba  1002 final   ebottom    in     33  0.100     1.000    0.000      NaN           NaN            NaN         rule               40.000     0.00
mamba  1002 final   ebottom    in     60  0.200     1.000    0.000      NaN           NaN            NaN         rule               40.000     0.00
mamba  1002 final   ebottom    in     65  0.300     1.000    0.000      NaN           NaN            NaN         rule               40.000     0.00
mamba  1002 final   ebottom    in     67  0.400     1.000    0.000      NaN           NaN            NaN         rule               40.000     0.00
mamba  1002 final   ebottom    in     69  0.500     1.000    0.051      NaN           NaN            NaN         rule               40.000     0.00
mamba  1002 final   ebottom    in     70  0.600     0.987    0.247      NaN           NaN            NaN         rule               40.000     0.00
mamba  1002 final   ebottom    in     71  0.700     0.929    0.426      NaN           NaN            NaN         rule               13.264     0.00
mamba  1002 final   ebottom    in     72  0.800     0.502    1.599      NaN           NaN            NaN         rule                6.840     0.00
mamba  1002 final   ebottom    in     73  0.900     0.069    3.281      NaN           NaN            NaN         rule                0.200     0.00
mamba  1002 final   ebottom    in     74  0.950     0.006   13.868      NaN           NaN            NaN  gcm_hamming                0.200     0.00
mamba  1002 final   ebottom    in     74  1.000     0.006   13.868      NaN           NaN            NaN  gcm_hamming                0.200     0.00
mamba  1002 final   ebottom   out      0  0.000     1.000    0.000      NaN           NaN            NaN         rule               40.000     0.00
mamba  1002 final   ebottom   out     25  0.050     1.000    0.000      NaN           NaN            NaN         rule               40.000     0.00
mamba  1002 final   ebottom   out     46  0.100     1.000    0.000      NaN           NaN            NaN         rule               40.000     0.00
mamba  1002 final   ebottom   out     65  0.200     1.000    0.000      NaN           NaN            NaN         rule               40.000     0.00
mamba  1002 final   ebottom   out     67  0.300     1.000    0.000      NaN           NaN            NaN         rule               40.000     0.00
mamba  1002 final   ebottom   out     69  0.400     1.000    0.009      NaN           NaN            NaN         rule               40.000     0.00
mamba  1002 final   ebottom   out     70  0.500     1.000    0.364      NaN           NaN            NaN         rule               40.000     0.00
mamba  1002 final   ebottom   out     71  0.600     1.000    0.941      NaN           NaN            NaN         rule               40.000     0.00
mamba  1002 final   ebottom   out     72  0.700     0.932    1.996      NaN           NaN            NaN         rule               25.722     0.00
mamba  1002 final   ebottom   out     73  0.800     0.181    3.438      NaN           NaN            NaN         rule                0.200     0.00
mamba  1002 final   ebottom   out     74  0.900     0.008    5.004      NaN           NaN            NaN      uniform                0.200     0.00
mamba  1002 final   ebottom   out     74  0.950     0.008    5.004      NaN           NaN            NaN      uniform                0.200     0.00
mamba  1002 final   ebottom   out     74  1.000     0.008    5.004      NaN           NaN            NaN      uniform                0.200     0.00
mamba  1002 final   ebottom  both      0  0.000     1.000    0.000      NaN           NaN            NaN         rule               40.000     0.00
mamba  1002 final   ebottom  both     18  0.050     1.000    0.000      NaN           NaN            NaN         rule               40.000     0.00
mamba  1002 final   ebottom  both     33  0.100     1.000    0.000      NaN           NaN            NaN         rule               40.000     0.00
mamba  1002 final   ebottom  both     60  0.200     1.000    0.000      NaN           NaN            NaN         rule               40.000     0.00
mamba  1002 final   ebottom  both     65  0.300     1.000    0.000      NaN           NaN            NaN         rule               40.000     0.00
mamba  1002 final   ebottom  both     67  0.400     1.000    0.005      NaN           NaN            NaN         rule               40.000     0.00
mamba  1002 final   ebottom  both     69  0.500     1.000    0.229      NaN           NaN            NaN         rule               40.000     0.00
mamba  1002 final   ebottom  both     70  0.600     1.000    0.584      NaN           NaN            NaN         rule               40.000     0.00
mamba  1002 final   ebottom  both     71  0.700     0.973    1.493      NaN           NaN            NaN         rule               32.076     0.00
mamba  1002 final   ebottom  both     72  0.800     0.177    3.099      NaN           NaN            NaN         rule                0.200     0.00
mamba  1002 final   ebottom  both     73  0.900     0.007    5.004      NaN           NaN            NaN      uniform                0.200     0.00
mamba  1002 final   ebottom  both     74  0.950     0.007    5.004      NaN           NaN            NaN      uniform                0.200     0.00
mamba  1002 final   ebottom  both     74  1.000     0.007    5.004      NaN           NaN            NaN      uniform                0.200     0.00
mamba  1002 final     erand    in      0  0.000     1.000    0.000      NaN           NaN            NaN         rule               40.000     0.00
mamba  1002 final     erand    in     15  0.050     1.000    0.000      NaN           NaN            NaN         rule               40.000     0.00
mamba  1002 final     erand    in     26  0.100     1.000    0.000      NaN           NaN            NaN         rule               40.000     0.00
mamba  1002 final     erand    in     30  0.200     1.000    0.000      NaN           NaN            NaN         rule               40.000     0.00
mamba  1002 final     erand    in     38  0.300     0.995    0.039      NaN           NaN            NaN         rule               40.000     0.00
mamba  1002 final     erand    in     42  0.400     0.994    0.054      NaN           NaN            NaN         rule               40.000     0.00
mamba  1002 final     erand    in     51  0.500     1.000    0.010      NaN           NaN            NaN         rule               40.000     0.00
mamba  1002 final     erand    in     62  0.600     1.000    0.047      NaN           NaN            NaN         rule               40.000     0.00
mamba  1002 final     erand    in     66  0.700     0.957    0.532      NaN           NaN            NaN         rule               40.000     0.00
mamba  1002 final     erand    in     68  0.800     0.203    2.277      NaN           NaN            NaN         rule                0.200     0.00
mamba  1002 final     erand    in     69  0.900     0.062    3.582      NaN           NaN            NaN         rule                0.200     0.00
mamba  1002 final     erand    in     73  0.950     0.007   14.732      NaN           NaN            NaN  gcm_hamming                0.200     0.00
mamba  1002 final     erand    in     74  1.000     0.006   13.868      NaN           NaN            NaN  gcm_hamming                0.200     0.00
mamba  1002 final     erand    in      0  0.000     1.000    0.000      NaN           NaN            NaN         rule               40.000     0.00
mamba  1002 final     erand    in     15  0.050     1.000    0.000      NaN           NaN            NaN         rule               40.000     0.00
mamba  1002 final     erand    in     17  0.100     1.000    0.000      NaN           NaN            NaN         rule               40.000     0.00
mamba  1002 final     erand    in     27  0.200     1.000    0.001      NaN           NaN            NaN         rule               40.000     0.00
mamba  1002 final     erand    in     28  0.300     0.998    0.017      NaN           NaN            NaN         rule               40.000     0.00
mamba  1002 final     erand    in     40  0.400     0.993    0.108      NaN           NaN            NaN         rule               40.000     0.00
mamba  1002 final     erand    in     42  0.500     0.987    0.231      NaN           NaN            NaN         rule               40.000     0.00
mamba  1002 final     erand    in     45  0.600     0.982    0.295      NaN           NaN            NaN         rule               40.000     0.00
mamba  1002 final     erand    in     53  0.700     0.847    0.828      NaN           NaN            NaN         rule                8.530     0.00
mamba  1002 final     erand    in     61  0.800     0.173    2.465      NaN           NaN            NaN         rule                3.527     0.00
mamba  1002 final     erand    in     63  0.900     0.018    5.563      NaN           NaN            NaN   gcm_linear                0.249     0.00
mamba  1002 final     erand    in     67  0.950     0.007   15.219      NaN           NaN            NaN   gcm_linear                0.200     0.00
mamba  1002 final     erand    in     74  1.000     0.006   13.868      NaN           NaN            NaN  gcm_hamming                0.200     0.00
mamba  1002 final     erand    in      0  0.000     1.000    0.000      NaN           NaN            NaN         rule               40.000     0.00
mamba  1002 final     erand    in      8  0.050     1.000    0.000      NaN           NaN            NaN         rule               40.000     0.00
mamba  1002 final     erand    in      8  0.100     1.000    0.000      NaN           NaN            NaN         rule               40.000     0.00
mamba  1002 final     erand    in     13  0.200     1.000    0.002      NaN           NaN            NaN         rule               40.000     0.00
mamba  1002 final     erand    in     17  0.300     1.000    0.005      NaN           NaN            NaN         rule               40.000     0.00
mamba  1002 final     erand    in     26  0.400     0.985    0.189      NaN           NaN            NaN         rule               40.000     0.00
mamba  1002 final     erand    in     32  0.500     0.986    0.198      NaN           NaN            NaN         rule               40.000     0.00
mamba  1002 final     erand    in     36  0.600     0.875    0.626      NaN           NaN            NaN         rule                8.530     0.00
mamba  1002 final     erand    in     44  0.700     0.632    1.180      NaN           NaN            NaN         rule                3.527     0.00
mamba  1002 final     erand    in     55  0.800     0.251    2.359      NaN           NaN            NaN         rule                0.200     0.00
mamba  1002 final     erand    in     68  0.900     0.059    3.456      NaN           NaN            NaN         rule                0.200     0.00
mamba  1002 final     erand    in     74  0.950     0.006   13.868      NaN           NaN            NaN  gcm_hamming                0.200     0.00
mamba  1002 final     erand    in     74  1.000     0.006   13.868      NaN           NaN            NaN  gcm_hamming                0.200     0.00
mamba  1002 final     erand   out      0  0.000     1.000    0.000      NaN           NaN            NaN         rule               40.000     0.00
mamba  1002 final     erand   out     20  0.050     1.000    0.000      NaN           NaN            NaN         rule               40.000     0.00
mamba  1002 final     erand   out     26  0.100     1.000    0.000      NaN           NaN            NaN         rule               40.000     0.00
mamba  1002 final     erand   out     30  0.200     1.000    0.000      NaN           NaN            NaN         rule               40.000     0.00
mamba  1002 final     erand   out     39  0.300     1.000    0.004      NaN           NaN            NaN         rule               40.000     0.00
mamba  1002 final     erand   out     51  0.400     1.000    0.044      NaN           NaN            NaN         rule               40.000     0.00
mamba  1002 final     erand   out     57  0.500     1.000    0.044      NaN           NaN            NaN         rule               40.000     0.00
mamba  1002 final     erand   out     66  0.600     1.000    0.933      NaN           NaN            NaN         rule               40.000     0.00
mamba  1002 final     erand   out     68  0.700     0.318    2.492      NaN           NaN            NaN         rule                0.200     0.00
mamba  1002 final     erand   out     69  0.800     0.091    3.762      NaN           NaN            NaN         rule                0.200     0.00
mamba  1002 final     erand   out     69  0.900     0.091    3.762      NaN           NaN            NaN         rule                0.200     0.00
mamba  1002 final     erand   out     73  0.950     0.007    5.004      NaN           NaN            NaN      uniform                0.200     0.00
mamba  1002 final     erand   out     74  1.000     0.008    5.004      NaN           NaN            NaN      uniform                0.200     0.00
mamba  1002 final     erand   out      0  0.000     1.000    0.000      NaN           NaN            NaN         rule               40.000     0.00
mamba  1002 final     erand   out     17  0.050     1.000    0.000      NaN           NaN            NaN         rule               40.000     0.00
mamba  1002 final     erand   out     27  0.100     1.000    0.001      NaN           NaN            NaN         rule               40.000     0.00
mamba  1002 final     erand   out     27  0.200     1.000    0.001      NaN           NaN            NaN         rule               40.000     0.00
mamba  1002 final     erand   out     31  0.300     1.000    0.017      NaN           NaN            NaN         rule               40.000     0.00
mamba  1002 final     erand   out     42  0.400     0.998    0.243      NaN           NaN            NaN         rule               40.000     0.00
mamba  1002 final     erand   out     44  0.500     0.996    0.565      NaN           NaN            NaN         rule               40.000     0.00
mamba  1002 final     erand   out     49  0.600     0.998    0.564      NaN           NaN            NaN         rule               40.000     0.00
mamba  1002 final     erand   out     53  0.700     0.907    1.487      NaN           NaN            NaN         rule               13.264     0.00
mamba  1002 final     erand   out     61  0.800     0.199    2.876      NaN           NaN            NaN         rule                2.268     0.00
mamba  1002 final     erand   out     63  0.900     0.021    4.323      NaN           NaN            NaN  gcm_hamming                0.200     0.00
mamba  1002 final     erand   out     67  0.950     0.013    4.991      NaN           NaN            NaN  gcm_hamming                0.200     0.00
mamba  1002 final     erand   out     74  1.000     0.008    5.004      NaN           NaN            NaN      uniform                0.200     0.00
mamba  1002 final     erand   out      0  0.000     1.000    0.000      NaN           NaN            NaN         rule               40.000     0.00
mamba  1002 final     erand   out      8  0.050     1.000    0.000      NaN           NaN            NaN         rule               40.000     0.00
mamba  1002 final     erand   out      8  0.100     1.000    0.000      NaN           NaN            NaN         rule               40.000     0.00
mamba  1002 final     erand   out     13  0.200     1.000    0.004      NaN           NaN            NaN         rule               40.000     0.00
mamba  1002 final     erand   out     17  0.300     1.000    0.024      NaN           NaN            NaN         rule               40.000     0.00
mamba  1002 final     erand   out     26  0.400     0.986    0.336      NaN           NaN            NaN         rule               40.000     0.00
mamba  1002 final     erand   out     26  0.500     0.986    0.336      NaN           NaN            NaN         rule               40.000     0.00
mamba  1002 final     erand   out     36  0.600     0.871    1.116      NaN           NaN            NaN         rule                8.530     0.00
mamba  1002 final     erand   out     42  0.700     0.742    1.659      NaN           NaN            NaN         rule                4.398     0.00
mamba  1002 final     erand   out     55  0.800     0.365    2.834      NaN           NaN            NaN         rule                1.819     0.00
mamba  1002 final     erand   out     71  0.900     0.112    3.607      NaN           NaN            NaN         rule                0.200     0.00
mamba  1002 final     erand   out     74  0.950     0.008    5.004      NaN           NaN            NaN      uniform                0.200     0.00
mamba  1002 final     erand   out     74  1.000     0.008    5.004      NaN           NaN            NaN      uniform                0.200     0.00
mamba  1002 final     erand  both      0  0.000     1.000    0.000      NaN           NaN            NaN         rule               40.000     0.00
mamba  1002 final     erand  both     15  0.050     1.000    0.000      NaN           NaN            NaN         rule               40.000     0.00
mamba  1002 final     erand  both     26  0.100     1.000    0.000      NaN           NaN            NaN         rule               40.000     0.00
mamba  1002 final     erand  both     30  0.200     0.973    0.280      NaN           NaN            NaN         rule               32.076     0.00
mamba  1002 final     erand  both     38  0.300     0.927    0.475      NaN           NaN            NaN         rule               20.627     0.00
mamba  1002 final     erand  both     42  0.400     0.957    0.434      NaN           NaN            NaN         rule               25.722     0.00
mamba  1002 final     erand  both     51  0.500     0.552    1.786      NaN           NaN            NaN         rule                1.819     0.00
mamba  1002 final     erand  both     62  0.600     0.575    1.720      NaN           NaN            NaN         rule                2.268     0.00
mamba  1002 final     erand  both     66  0.700     0.004    5.092      NaN           NaN            NaN      uniform                0.200     0.00
mamba  1002 final     erand  both     68  0.800     0.012    5.073      NaN           NaN            NaN         rule                0.200     0.00
mamba  1002 final     erand  both     69  0.900     0.002    5.011      NaN           NaN            NaN      uniform                0.200     0.00
mamba  1002 final     erand  both     73  0.950     0.001    5.017      NaN           NaN            NaN      uniform                0.200     0.00
mamba  1002 final     erand  both     74  1.000     0.007    5.004      NaN           NaN            NaN      uniform                0.200     0.00
mamba  1002 final     erand  both      0  0.000     1.000    0.000      NaN           NaN            NaN         rule               40.000     0.00
mamba  1002 final     erand  both     15  0.050     1.000    0.000      NaN           NaN            NaN         rule               40.000     0.00
mamba  1002 final     erand  both     17  0.100     1.000    0.000      NaN           NaN            NaN         rule               40.000     0.00
mamba  1002 final     erand  both     27  0.200     0.998    0.048      NaN           NaN            NaN         rule               40.000     0.00
mamba  1002 final     erand  both     28  0.300     0.995    0.224      NaN           NaN            NaN         rule               40.000     0.00
mamba  1002 final     erand  both     40  0.400     0.985    0.637      NaN           NaN            NaN         rule               40.000     0.00
mamba  1002 final     erand  both     42  0.500     0.453    1.964      NaN           NaN            NaN         rule                4.398     0.00
mamba  1002 final     erand  both     45  0.600     0.002    5.144      NaN           NaN            NaN      uniform                0.200     0.00
mamba  1002 final     erand  both     53  0.700     0.012    5.127      NaN           NaN            NaN         rule                0.200     0.00
mamba  1002 final     erand  both     61  0.800     0.013    5.130      NaN           NaN            NaN   gcm_linear                0.388     0.00
mamba  1002 final     erand  both     63  0.900     0.007    5.273      NaN           NaN            NaN      uniform                0.388     0.00
mamba  1002 final     erand  both     67  0.950     0.005    5.274      NaN           NaN            NaN  gcm_hamming                0.200     0.00
mamba  1002 final     erand  both     74  1.000     0.007    5.004      NaN           NaN            NaN      uniform                0.200     0.00
mamba  1002 final     erand  both      0  0.000     1.000    0.000      NaN           NaN            NaN         rule               40.000     0.00
mamba  1002 final     erand  both      8  0.050     1.000    0.000      NaN           NaN            NaN         rule               40.000     0.00
mamba  1002 final     erand  both      8  0.100     1.000    0.000      NaN           NaN            NaN         rule               40.000     0.00
mamba  1002 final     erand  both     13  0.200     1.000    0.020      NaN           NaN            NaN         rule               40.000     0.00
mamba  1002 final     erand  both     17  0.300     0.803    0.935      NaN           NaN            NaN         rule               10.637     0.00
mamba  1002 final     erand  both     26  0.400     0.580    1.324      NaN           NaN            NaN         rule                5.485     0.00
mamba  1002 final     erand  both     32  0.500     0.238    2.570      NaN           NaN            NaN         rule                4.398     0.00
mamba  1002 final     erand  both     36  0.600     0.009    4.325      NaN           NaN            NaN gcm_circular                1.170     0.00
mamba  1002 final     erand  both     44  0.700     0.004    5.148      NaN           NaN            NaN      uniform                0.200     0.00
mamba  1002 final     erand  both     55  0.800     0.002    5.082      NaN           NaN            NaN      uniform                0.249     0.00
mamba  1002 final     erand  both     68  0.900     0.009    5.050      NaN           NaN            NaN         rule                0.200     0.00
mamba  1002 final     erand  both     74  0.950     0.007    5.320      NaN           NaN            NaN      uniform                0.311     0.00
mamba  1002 final     erand  both     74  1.000     0.007    5.004      NaN           NaN            NaN      uniform                0.200     0.00
mamba  1002 final      topk    in     42  0.000     1.000    0.000      NaN           NaN            NaN         rule               40.000     0.00
mamba  1002 final      topk    in     42  0.250     1.000    0.000      NaN           NaN            NaN         rule               40.000     0.00
mamba  1002 final      topk    in     42  0.500     1.000    0.000      NaN           NaN            NaN         rule               40.000     0.00
mamba  1002 final      topk    in     42  0.750     0.999    0.002      NaN           NaN            NaN         rule               40.000     0.00
mamba  1002 final      topk    in     42  1.000     0.006   15.495      NaN           NaN            NaN      uniform                0.311     0.00
mamba  1002 final      topk   out     29  0.000     1.000    0.000      NaN           NaN            NaN         rule               40.000     0.00
mamba  1002 final      topk   out     29  0.250     1.000    0.000      NaN           NaN            NaN         rule               40.000     0.00
mamba  1002 final      topk   out     29  0.500     1.000    0.004      NaN           NaN            NaN         rule               40.000     0.00
mamba  1002 final      topk   out     29  0.750     1.000    0.404      NaN           NaN            NaN         rule               40.000     0.00
mamba  1002 final      topk   out     29  1.000     0.006    4.956      NaN           NaN            NaN      uniform                0.752     0.00
mamba  1002 final      topk  both     42  0.000     1.000    0.000      NaN           NaN            NaN         rule               40.000     0.00
mamba  1002 final      topk  both     42  0.250     1.000    0.000      NaN           NaN            NaN         rule               40.000     0.00
mamba  1002 final      topk  both     42  0.500     1.000    0.005      NaN           NaN            NaN         rule               40.000     0.00
mamba  1002 final      topk  both     42  0.750     0.999    0.603      NaN           NaN            NaN         rule               40.000     0.00
mamba  1002 final      topk  both     42  1.000     0.007    5.042      NaN           NaN            NaN  gcm_hamming                0.249     0.00
mamba  1002 final     randk    in     32  0.000     1.000    0.000      NaN           NaN            NaN         rule               40.000     0.00
mamba  1002 final     randk    in     32  0.250     1.000    0.000      NaN           NaN            NaN         rule               40.000     0.00
mamba  1002 final     randk    in     32  0.500     1.000    0.000      NaN           NaN            NaN         rule               40.000     0.00
mamba  1002 final     randk    in     32  0.750     1.000    0.000      NaN           NaN            NaN         rule               40.000     0.00
mamba  1002 final     randk    in     32  1.000     1.000    0.000      NaN           NaN            NaN         rule               40.000     0.00
mamba  1002 final     randk    in     32  0.000     1.000    0.000      NaN           NaN            NaN         rule               40.000     0.00
mamba  1002 final     randk    in     32  0.250     1.000    0.000      NaN           NaN            NaN         rule               40.000     0.00
mamba  1002 final     randk    in     32  0.500     1.000    0.000      NaN           NaN            NaN         rule               40.000     0.00
mamba  1002 final     randk    in     32  0.750     1.000    0.000      NaN           NaN            NaN         rule               40.000     0.00
mamba  1002 final     randk    in     32  1.000     1.000    0.000      NaN           NaN            NaN         rule               40.000     0.00
mamba  1002 final     randk    in     32  0.000     1.000    0.000      NaN           NaN            NaN         rule               40.000     0.00
mamba  1002 final     randk    in     32  0.250     1.000    0.000      NaN           NaN            NaN         rule               40.000     0.00
mamba  1002 final     randk    in     32  0.500     1.000    0.000      NaN           NaN            NaN         rule               40.000     0.00
mamba  1002 final     randk    in     32  0.750     1.000    0.000      NaN           NaN            NaN         rule               40.000     0.00
mamba  1002 final     randk    in     32  1.000     1.000    0.000      NaN           NaN            NaN         rule               40.000     0.00
mamba  1002 final     randk   out     29  0.000     1.000    0.000      NaN           NaN            NaN         rule               40.000     0.00
mamba  1002 final     randk   out     29  0.250     1.000    0.000      NaN           NaN            NaN         rule               40.000     0.00
mamba  1002 final     randk   out     29  0.500     1.000    0.000      NaN           NaN            NaN         rule               40.000     0.00
mamba  1002 final     randk   out     29  0.750     1.000    0.000      NaN           NaN            NaN         rule               40.000     0.00
mamba  1002 final     randk   out     29  1.000     1.000    0.000      NaN           NaN            NaN         rule               40.000     0.00
mamba  1002 final     randk   out     29  0.000     1.000    0.000      NaN           NaN            NaN         rule               40.000     0.00
mamba  1002 final     randk   out     29  0.250     1.000    0.000      NaN           NaN            NaN         rule               40.000     0.00
mamba  1002 final     randk   out     29  0.500     1.000    0.000      NaN           NaN            NaN         rule               40.000     0.00
mamba  1002 final     randk   out     29  0.750     1.000    0.000      NaN           NaN            NaN         rule               40.000     0.00
mamba  1002 final     randk   out     29  1.000     1.000    0.000      NaN           NaN            NaN         rule               40.000     0.00
mamba  1002 final     randk   out     29  0.000     1.000    0.000      NaN           NaN            NaN         rule               40.000     0.00
mamba  1002 final     randk   out     29  0.250     1.000    0.000      NaN           NaN            NaN         rule               40.000     0.00
mamba  1002 final     randk   out     29  0.500     1.000    0.000      NaN           NaN            NaN         rule               40.000     0.00
mamba  1002 final     randk   out     29  0.750     1.000    0.000      NaN           NaN            NaN         rule               40.000     0.00
mamba  1002 final     randk   out     29  1.000     1.000    0.000      NaN           NaN            NaN         rule               40.000     0.00
mamba  1002 final     randk  both     32  0.000     1.000    0.000      NaN           NaN            NaN         rule               40.000     0.00
mamba  1002 final     randk  both     32  0.250     1.000    0.000      NaN           NaN            NaN         rule               40.000     0.00
mamba  1002 final     randk  both     32  0.500     1.000    0.000      NaN           NaN            NaN         rule               40.000     0.00
mamba  1002 final     randk  both     32  0.750     1.000    0.000      NaN           NaN            NaN         rule               40.000     0.00
mamba  1002 final     randk  both     32  1.000     1.000    0.000      NaN           NaN            NaN         rule               40.000     0.00
mamba  1002 final     randk  both     32  0.000     1.000    0.000      NaN           NaN            NaN         rule               40.000     0.00
mamba  1002 final     randk  both     32  0.250     1.000    0.000      NaN           NaN            NaN         rule               40.000     0.00
mamba  1002 final     randk  both     32  0.500     1.000    0.000      NaN           NaN            NaN         rule               40.000     0.00
mamba  1002 final     randk  both     32  0.750     1.000    0.000      NaN           NaN            NaN         rule               40.000     0.00
mamba  1002 final     randk  both     32  1.000     1.000    0.000      NaN           NaN            NaN         rule               40.000     0.00
mamba  1002 final     randk  both     32  0.000     1.000    0.000      NaN           NaN            NaN         rule               40.000     0.00
mamba  1002 final     randk  both     32  0.250     1.000    0.000      NaN           NaN            NaN         rule               40.000     0.00
mamba  1002 final     randk  both     32  0.500     1.000    0.000      NaN           NaN            NaN         rule               40.000     0.00
mamba  1002 final     randk  both     32  0.750     1.000    0.000      NaN           NaN            NaN         rule               40.000     0.00
mamba  1002 final     randk  both     32  1.000     1.000    0.000      NaN           NaN            NaN         rule               40.000     0.00
mamba  1002 final  residual    in     32  0.000     1.000    0.000      NaN           NaN            NaN         rule               40.000     0.00
mamba  1002 final  residual    in     32  0.250     1.000    0.000      NaN           NaN            NaN         rule               40.000     0.00
mamba  1002 final  residual    in     32  0.500     1.000    0.000      NaN           NaN            NaN         rule               40.000     0.00
mamba  1002 final  residual    in     32  0.750     1.000    0.000      NaN           NaN            NaN         rule               40.000     0.00
mamba  1002 final  residual    in     32  1.000     1.000    0.000      NaN           NaN            NaN         rule               40.000     0.00
mamba  1002 final  residual   out     45  0.000     1.000    0.000      NaN           NaN            NaN         rule               40.000     0.00
mamba  1002 final  residual   out     45  0.250     1.000    0.000      NaN           NaN            NaN         rule               40.000     0.00
mamba  1002 final  residual   out     45  0.500     1.000    0.000      NaN           NaN            NaN         rule               40.000     0.00
mamba  1002 final  residual   out     45  0.750     1.000    0.000      NaN           NaN            NaN         rule               40.000     0.00
mamba  1002 final  residual   out     45  1.000     1.000    0.000      NaN           NaN            NaN         rule               40.000     0.00
mamba  1002 final  residual  both     32  0.000     1.000    0.000      NaN           NaN            NaN         rule               40.000     0.00
mamba  1002 final  residual  both     32  0.250     1.000    0.000      NaN           NaN            NaN         rule               40.000     0.00
mamba  1002 final  residual  both     32  0.500     1.000    0.000      NaN           NaN            NaN         rule               40.000     0.00
mamba  1002 final  residual  both     32  0.750     1.000    0.000      NaN           NaN            NaN         rule               40.000     0.00
mamba  1002 final  residual  both     32  1.000     1.000    0.000      NaN           NaN            NaN         rule               40.000     0.00
