18 runs | device cuda | lesions ['lowpass', 'etop', 'ebottom', 'erand', 'topk', 'randk', 'residual', 'neurons', 'randunits'] | side in | steps ['final']
[run] kimi_div_rho0.02_wd0.1_tiersNone seed=1000
  [kimi s1000 step final] baseline: test 0.998 acc_exc 1.000 overreg 0.000 best=rulex
    basis dlog: top modes in : [45, 31, 5, 30, 66, 41]  (k90 = 55)
    basis dlog: top modes out: [45, 30, 66, 74, 5, 31]  (k90 = 38)
    unit sites: ['backbone.blocks.0.kda_ffns.0.W_down', 'backbone.blocks.0.kda_ffns.1.W_down', 'backbone.blocks.0.kda_ffns.2.W_down', 'backbone.blocks.0.full_ffn.W_down'] -> 1920 units, ranked by grad; top: d'=0.17 attr=9.1; share of positive attribution in top 32 = 0.13
    done in 54s, 148 rows so far
[run] kimi_div_rho0.02_wd0.1_tiersNone seed=1001
  [kimi s1001 step final] baseline: test 0.998 acc_exc 1.000 overreg 0.000 best=rulex
    basis dlog: top modes in : [12, 42, 13, 23, 4, 37]  (k90 = 49)
    basis dlog: top modes out: [12, 42, 23, 13, 4, 37]  (k90 = 40)
    unit sites: ['backbone.blocks.0.kda_ffns.0.W_down', 'backbone.blocks.0.kda_ffns.1.W_down', 'backbone.blocks.0.kda_ffns.2.W_down', 'backbone.blocks.0.full_ffn.W_down'] -> 1920 units, ranked by grad; top: d'=-0.17 attr=11.7; share of positive attribution in top 32 = 0.14
    done in 54s, 296 rows so far
[run] kimi_div_rho0.02_wd0.1_tiersNone seed=1002
  [kimi s1002 step final] baseline: test 0.998 acc_exc 1.000 overreg 0.000 best=rulex
    basis dlog: top modes in : [27, 25, 18, 74, 14, 28]  (k90 = 52)
    basis dlog: top modes out: [28, 18, 25, 27, 13, 41]  (k90 = 42)
    unit sites: ['backbone.blocks.0.kda_ffns.0.W_down', 'backbone.blocks.0.kda_ffns.1.W_down', 'backbone.blocks.0.kda_ffns.2.W_down', 'backbone.blocks.0.full_ffn.W_down'] -> 1920 units, ranked by grad; top: d'=0.08 attr=11.9; share of positive attribution in top 32 = 0.17
    done in 54s, 444 rows so far
[run] kimi_div_rho0_wd0.1_tiersNone seed=1000
  [kimi s1000 step final] baseline: test 1.000 acc_exc nan overreg nan best=rule
    basis dlog: top modes in : [14, 56, 31, 16, 66, 65]  (k90 = 55)
    basis dlog: top modes out: [14, 56, 31, 16, 74, 65]  (k90 = 53)
    [units] skipped: run has no exceptions (rho = 0)
    done in 38s, 548 rows so far
[run] kimi_div_rho0_wd0.1_tiersNone seed=1001
  [kimi s1001 step final] baseline: test 0.997 acc_exc nan overreg nan best=rule
    basis dlog: top modes in : [15, 42, 4, 14, 6, 74]  (k90 = 57)
    basis dlog: top modes out: [15, 42, 4, 14, 74, 6]  (k90 = 49)
    [units] skipped: run has no exceptions (rho = 0)
    done in 37s, 652 rows so far
[run] kimi_div_rho0_wd0.1_tiersNone seed=1002
  [kimi s1002 step final] baseline: test 0.998 acc_exc nan overreg nan best=rule
    basis dlog: top modes in : [40, 13, 49, 30, 52, 2]  (k90 = 61)
    basis dlog: top modes out: [30, 49, 40, 2, 1, 74]  (k90 = 53)
    [units] skipped: run has no exceptions (rho = 0)
    done in 37s, 756 rows so far
[run] mamba_div_rho0.02_wd0.1_tiersNone seed=1000
  [mamba s1000 step final] baseline: test 0.999 acc_exc 1.000 overreg 0.000 best=rulex
    basis dlog: top modes in : [33, 2, 55, 48, 3, 49]  (k90 = 51)
    basis dlog: top modes out: [2, 33, 55, 48, 3, 49]  (k90 = 41)
    unit sites: ['backbone.layers.0.mamba.out_proj', 'backbone.layers.1.mamba.out_proj'] -> 1536 units, ranked by grad; top: d'=0.05 attr=19.7; share of positive attribution in top 32 = 0.17
    done in 114s, 904 rows so far
[run] mamba_div_rho0.02_wd0.1_tiersNone seed=1001
  [mamba s1001 step final] baseline: test 0.996 acc_exc 0.995 overreg 0.005 best=rulex
    basis dlog: top modes in : [62, 58, 52, 63, 45, 26]  (k90 = 56)
    basis dlog: top modes out: [62, 52, 58, 45, 63, 31]  (k90 = 44)
    unit sites: ['backbone.layers.0.mamba.out_proj', 'backbone.layers.1.mamba.out_proj'] -> 1536 units, ranked by grad; top: d'=0.22 attr=21.3; share of positive attribution in top 32 = 0.18
    done in 113s, 1052 rows so far
[run] mamba_div_rho0.02_wd0.1_tiersNone seed=1002
  [mamba s1002 step final] baseline: test 0.998 acc_exc 1.000 overreg 0.000 best=rulex
    basis dlog: top modes in : [52, 56, 30, 45, 68, 65]  (k90 = 56)
    basis dlog: top modes out: [52, 56, 65, 45, 30, 68]  (k90 = 46)
    unit sites: ['backbone.layers.0.mamba.out_proj', 'backbone.layers.1.mamba.out_proj'] -> 1536 units, ranked by grad; top: d'=0.12 attr=16.2; share of positive attribution in top 32 = 0.19
    done in 112s, 1200 rows so far
[run] mamba_div_rho0_wd0.1_tiersNone seed=1000
  [mamba s1000 step final] baseline: test 1.000 acc_exc nan overreg nan best=rule
    basis dlog: top modes in : [63, 60, 31, 51, 39, 13]  (k90 = 48)
    basis dlog: top modes out: [60, 63, 31, 39, 13, 33]  (k90 = 40)
    [units] skipped: run has no exceptions (rho = 0)
    done in 81s, 1304 rows so far
[run] mamba_div_rho0_wd0.1_tiersNone seed=1001
  [mamba s1001 step final] baseline: test 1.000 acc_exc nan overreg nan best=rule
    basis dlog: top modes in : [30, 49, 66, 45, 74, 50]  (k90 = 48)
    basis dlog: top modes out: [30, 49, 66, 45, 74, 52]  (k90 = 37)
    [units] skipped: run has no exceptions (rho = 0)
    done in 80s, 1408 rows so far
[run] mamba_div_rho0_wd0.1_tiersNone seed=1002
  [mamba s1002 step final] baseline: test 1.000 acc_exc nan overreg nan best=rule
    basis dlog: top modes in : [65, 1, 34, 44, 27, 63]  (k90 = 46)
    basis dlog: top modes out: [34, 44, 65, 1, 27, 63]  (k90 = 38)
    [units] skipped: run has no exceptions (rho = 0)
    done in 81s, 1512 rows so far
[run] transformer_div_rho0.02_wd0.1_tiersNone seed=1000
  [transformer s1000 step final] baseline: test 0.998 acc_exc 0.995 overreg 0.005 best=rulex
    basis dlog: top modes in : [45, 51, 42, 27, 65, 68]  (k90 = 17)
    basis dlog: top modes out: [45, 51, 42, 65, 27, 74]  (k90 = 48)
    unit sites: ['backbone.layers.0.ffn.down_proj', 'backbone.layers.1.ffn.down_proj'] -> 1536 units, ranked by grad; top: d'=-0.03 attr=14.4; share of positive attribution in top 32 = 0.14
    done in 31s, 1660 rows so far
[run] transformer_div_rho0.02_wd0.1_tiersNone seed=1001
  [transformer s1001 step final] baseline: test 0.998 acc_exc 0.991 overreg 0.009 best=rulex
    basis dlog: top modes in : [35, 25, 29, 40, 46, 74]  (k90 = 25)
    basis dlog: top modes out: [35, 25, 40, 52, 29, 46]  (k90 = 49)
    unit sites: ['backbone.layers.0.ffn.down_proj', 'backbone.layers.1.ffn.down_proj'] -> 1536 units, ranked by grad; top: d'=0.02 attr=15.6; share of positive attribution in top 32 = 0.15
    done in 31s, 1808 rows so far
[run] transformer_div_rho0.02_wd0.1_tiersNone seed=1002
  [transformer s1002 step final] baseline: test 1.000 acc_exc 0.995 overreg 0.000 best=rulex
    basis dlog: top modes in : [50, 53, 61, 14, 54, 59]  (k90 = 23)
    basis dlog: top modes out: [50, 53, 61, 54, 14, 59]  (k90 = 50)
    unit sites: ['backbone.layers.0.ffn.down_proj', 'backbone.layers.1.ffn.down_proj'] -> 1536 units, ranked by grad; top: d'=-0.02 attr=15.9; share of positive attribution in top 32 = 0.15
    done in 32s, 1956 rows so far
[run] transformer_div_rho0_wd0.1_tiersNone seed=1000
  [transformer s1000 step final] baseline: test 0.998 acc_exc nan overreg nan best=rule
    basis dlog: top modes in : [1, 65, 42, 7, 70, 46]  (k90 = 17)
    basis dlog: top modes out: [42, 1, 65, 74, 46, 7]  (k90 = 45)
    [units] skipped: run has no exceptions (rho = 0)
    done in 22s, 2060 rows so far
[run] transformer_div_rho0_wd0.1_tiersNone seed=1001
  [transformer s1001 step final] baseline: test 0.996 acc_exc nan overreg nan best=rule
    basis dlog: top modes in : [2, 65, 3, 33, 58, 32]  (k90 = 17)
    basis dlog: top modes out: [2, 3, 65, 74, 58, 29]  (k90 = 45)
    [units] skipped: run has no exceptions (rho = 0)
    done in 22s, 2164 rows so far
[run] transformer_div_rho0_wd0.1_tiersNone seed=1002
  [transformer s1002 step final] baseline: test 0.995 acc_exc nan overreg nan best=rule
    basis dlog: top modes in : [53, 40, 52, 63, 49, 26]  (k90 = 19)
    basis dlog: top modes out: [40, 53, 74, 54, 52, 26]  (k90 = 49)
    [units] skipped: run has no exceptions (rho = 0)
    done in 21s, 2268 rows so far

saved exceptions_runs/paper/lesions/lesions_table_div.csv (2268 rows)
       arch  seed  step    lesion  side  param   dose  test_acc  test_ce  acc_exc  overreg_rate  exc_logit_gap  best_model  gcm_circular_lambda  rulex_m
       kimi  1000 final      none     -      0  0.000     0.998    0.011    1.000         0.000         17.339       rulex                0.200     1.00
       kimi  1000 final   lowpass    in      0  0.000     0.013   17.059    0.005         0.018         -0.273 gcm_hamming                1.819     0.00
       kimi  1000 final   lowpass    in      1  1.000     0.016   19.608    0.000         0.018          0.004 gcm_hamming                1.819     0.00
       kimi  1000 final   lowpass    in      2  2.000     0.018   19.134    0.018         0.014         -0.007 gcm_hamming                1.819     0.62
       kimi  1000 final   lowpass    in      3  3.000     0.015   19.346    0.014         0.014         -0.625  gcm_linear                2.268     0.50
       kimi  1000 final   lowpass    in      4  4.000     0.015   19.389    0.000         0.014         -0.740 gcm_hamming                1.819     0.00
       kimi  1000 final   lowpass    in      6  6.000     0.060    4.015    0.014         0.054         -9.677        rule                1.819     0.12
       kimi  1000 final   lowpass    in      8  8.000     0.058    4.120    0.032         0.050         -9.434       rulex                1.819     0.36
       kimi  1000 final   lowpass    in     12 12.000     0.061    4.199    0.014         0.045         -9.267        rule                1.459     0.16
       kimi  1000 final   lowpass    in     16 16.000     0.057    4.447    0.032         0.045         -8.926       rulex                1.459     0.38
       kimi  1000 final   lowpass    in     24 24.000     0.064    4.537    0.045         0.041         -7.020       rulex                1.819     0.54
       kimi  1000 final   lowpass    in     32 32.000     0.617    1.108    0.172         0.190         -4.338       rulex                0.200     0.48
       kimi  1000 final   lowpass    in     48 48.000     0.988    0.049    0.846         0.086          9.057       rulex                0.200     0.90
       kimi  1000 final   lowpass    in     74 74.000     0.998    0.011    1.000         0.000         17.339       rulex                0.200     1.00
       kimi  1000 final      etop    in      0  0.000     0.998    0.011    1.000         0.000         17.339       rulex                0.200     1.00
       kimi  1000 final      etop    in      1  0.050     0.995    0.025    1.000         0.000         16.493       rulex                0.200     1.00
       kimi  1000 final      etop    in      2  0.100     0.986    0.061    0.968         0.000         14.737       rulex                0.200     1.00
       kimi  1000 final      etop    in      3  0.200     0.956    0.147    0.937         0.005         14.351       rulex                0.200     1.00
       kimi  1000 final      etop    in      4  0.300     0.895    0.369    0.851         0.009         14.239       rulex                0.200     0.98
       kimi  1000 final      etop    in      6  0.400     0.596    1.510    0.778         0.000         13.621       rulex                0.200     1.00
       kimi  1000 final      etop    in      8  0.500     0.364    5.050    0.747         0.009         18.212       rulex                1.170     1.00
       kimi  1000 final      etop    in     13  0.600     0.214    8.242    0.606         0.009         16.673       rulex                1.459     1.00
       kimi  1000 final      etop    in     25  0.700     0.097   12.374    0.348         0.005         12.152       rulex                1.819     1.00
       kimi  1000 final      etop    in     39  0.800     0.037   16.189    0.095         0.009          6.459       rulex                1.819     1.00
       kimi  1000 final      etop    in     55  0.900     0.020   18.725    0.018         0.027          2.554 gcm_hamming                1.819     0.32
       kimi  1000 final      etop    in     64  0.950     0.014   19.235    0.005         0.014          0.463 gcm_hamming                1.819     0.06
       kimi  1000 final      etop    in     74  1.000     0.013   17.059    0.005         0.018         -0.273 gcm_hamming                1.819     0.00
       kimi  1000 final   ebottom    in      0  0.000     0.998    0.011    1.000         0.000         17.339       rulex                0.200     1.00
       kimi  1000 final   ebottom    in     11  0.050     0.998    0.007    1.000         0.000         16.116       rulex                0.200     1.00
       kimi  1000 final   ebottom    in     20  0.100     0.999    0.007    0.991         0.009         14.646       rulex                0.200     0.98
       kimi  1000 final   ebottom    in     36  0.200     0.999    0.006    0.900         0.077          9.914       rulex                0.200     0.92
       kimi  1000 final   ebottom    in     50  0.300     0.999    0.007    0.629         0.312          2.758       rulex                0.200     0.66
       kimi  1000 final   ebottom    in     62  0.400     0.999    0.007    0.276         0.674         -6.194       rulex                0.200     0.30
       kimi  1000 final   ebottom    in     67  0.500     0.998    0.009    0.104         0.842        -12.927       rulex                0.200     0.12
       kimi  1000 final   ebottom    in     69  0.600     0.961    0.121    0.023         0.842        -15.737       rulex                0.200     0.02
       kimi  1000 final   ebottom    in     71  0.700     0.667    0.899    0.000         0.507        -15.346        rule                0.200     0.00
       kimi  1000 final   ebottom    in     72  0.800     0.296    2.081    0.014         0.235        -14.526        rule                0.603     0.04
       kimi  1000 final   ebottom    in     73  0.900     0.077    3.543    0.009         0.054        -12.093        rule                1.819     0.08
       kimi  1000 final   ebottom    in     74  0.950     0.013   17.059    0.005         0.018         -0.273 gcm_hamming                1.819     0.00
       kimi  1000 final   ebottom    in     74  1.000     0.013   17.059    0.005         0.018         -0.273 gcm_hamming                1.819     0.00
       kimi  1000 final     erand    in      0  0.000     0.998    0.011    1.000         0.000         17.339       rulex                0.200     1.00
       kimi  1000 final     erand    in      8  0.050     0.998    0.008    1.000         0.000         16.329       rulex                0.200     1.00
       kimi  1000 final     erand    in     11  0.100     0.997    0.011    1.000         0.000         15.229       rulex                0.200     1.00
       kimi  1000 final     erand    in     16  0.200     0.976    0.087    0.891         0.050         11.304       rulex                0.200     0.94
       kimi  1000 final     erand    in     17  0.300     0.906    0.287    0.652         0.059          8.280       rulex                0.200     0.92
       kimi  1000 final     erand    in     23  0.400     0.885    0.356    0.548         0.086          5.140       rulex                0.200     0.86
       kimi  1000 final     erand    in     34  0.500     0.821    0.532    0.281         0.158         -1.338       rulex                0.200     0.64
       kimi  1000 final     erand    in     49  0.600     0.755    0.707    0.118         0.267         -8.936       rulex                0.200     0.30
       kimi  1000 final     erand    in     53  0.700     0.440    1.827    0.036         0.204        -10.982       rulex                0.484     0.14
       kimi  1000 final     erand    in     65  0.800     0.368    2.011    0.018         0.294        -14.129        rule                0.752     0.04
       kimi  1000 final     erand    in     69  0.900     0.056    4.532    0.014         0.032        -10.937        rule                1.819     0.26
       kimi  1000 final     erand    in     70  0.950     0.015   19.247    0.005         0.018          0.453 gcm_hamming                1.459     0.00
       kimi  1000 final     erand    in     74  1.000     0.013   17.059    0.005         0.018         -0.273 gcm_hamming                1.819     0.00
       kimi  1000 final     erand    in      0  0.000     0.998    0.011    1.000         0.000         17.339       rulex                0.200     1.00
       kimi  1000 final     erand    in      4  0.050     0.997    0.013    1.000         0.000         16.249       rulex                0.200     1.00
       kimi  1000 final     erand    in      5  0.100     0.997    0.019    1.000         0.000         15.749       rulex                0.200     1.00
       kimi  1000 final     erand    in     14  0.200     0.997    0.017    0.986         0.005         14.036       rulex                0.200     0.98
       kimi  1000 final     erand    in     29  0.300     0.990    0.043    0.733         0.131          7.684       rulex                0.200     0.84
       kimi  1000 final     erand    in     36  0.400     0.931    0.236    0.507         0.149          3.276       rulex                0.200     0.78
       kimi  1000 final     erand    in     38  0.500     0.552    1.312    0.253         0.045         -1.514       rulex                0.200     0.86
       kimi  1000 final     erand    in     44  0.600     0.494    1.464    0.154         0.050         -5.819       rulex                0.200     0.76
       kimi  1000 final     erand    in     48  0.700     0.241    3.248    0.195         0.063         -2.814       rulex                0.938     0.76
       kimi  1000 final     erand    in     51  0.800     0.046   12.532    0.072         0.014          1.091       rulex                1.819     0.98
       kimi  1000 final     erand    in     63  0.900     0.016   18.803    0.005         0.023          0.492 gcm_hamming                1.459     0.00
       kimi  1000 final     erand    in     68  0.950     0.016   18.905    0.005         0.018         -0.201 gcm_hamming                1.459     0.00
       kimi  1000 final     erand    in     74  1.000     0.013   17.059    0.005         0.018         -0.273 gcm_hamming                1.819     0.00
       kimi  1000 final     erand    in      0  0.000     0.998    0.011    1.000         0.000         17.339       rulex                0.200     1.00
       kimi  1000 final     erand    in      7  0.050     0.998    0.010    1.000         0.000         16.392       rulex                0.200     1.00
       kimi  1000 final     erand    in      9  0.100     0.997    0.010    0.995         0.005         15.446       rulex                0.200     0.98
       kimi  1000 final     erand    in     22  0.200     0.996    0.020    0.896         0.063         10.476       rulex                0.200     0.94
       kimi  1000 final     erand    in     26  0.300     0.995    0.026    0.801         0.100          8.447       rulex                0.200     0.88
       kimi  1000 final     erand    in     40  0.400     0.898    0.280    0.348         0.249         -1.249       rulex                0.200     0.58
       kimi  1000 final     erand    in     43  0.500     0.632    0.931    0.145         0.149         -5.908       rulex                0.200     0.50
       kimi  1000 final     erand    in     47  0.600     0.387    1.682    0.063         0.113        -12.063       rulex                0.603     0.36
       kimi  1000 final     erand    in     58  0.700     0.121    3.081    0.009         0.045        -14.572        rule                1.819     0.14
       kimi  1000 final     erand    in     60  0.800     0.022    5.668    0.023         0.023        -10.522        rule                1.459     0.50
       kimi  1000 final     erand    in     64  0.900     0.017   18.260    0.014         0.009          0.784 gcm_hamming                1.819     0.68
       kimi  1000 final     erand    in     68  0.950     0.015   18.684    0.005         0.014          0.031 gcm_hamming                2.268     0.06
       kimi  1000 final     erand    in     74  1.000     0.013   17.059    0.005         0.018         -0.273 gcm_hamming                1.819     0.00
       kimi  1000 final      topk    in     55  0.000     0.998    0.011    1.000         0.000         17.339       rulex                0.200     1.00
       kimi  1000 final      topk    in     55  0.250     0.998    0.012    1.000         0.000         17.612       rulex                0.200     1.00
       kimi  1000 final      topk    in     55  0.500     0.997    0.016    1.000         0.000         17.701       rulex                0.200     1.00
       kimi  1000 final      topk    in     55  0.750     0.990    0.041    0.982         0.014         16.519       rulex                0.200     0.98
       kimi  1000 final      topk    in     55  1.000     0.020   18.725    0.018         0.027          2.554 gcm_hamming                1.819     0.32
       kimi  1000 final     randk    in     19  0.000     0.998    0.011    1.000         0.000         17.339       rulex                0.200     1.00
       kimi  1000 final     randk    in     19  0.250     0.998    0.009    1.000         0.000         16.963       rulex                0.200     1.00
       kimi  1000 final     randk    in     19  0.500     0.998    0.008    1.000         0.000         16.450       rulex                0.200     1.00
       kimi  1000 final     randk    in     19  0.750     0.999    0.007    1.000         0.000         15.758       rulex                0.200     1.00
       kimi  1000 final     randk    in     19  1.000     0.999    0.006    0.991         0.009         14.846       rulex                0.200     0.98
       kimi  1000 final     randk    in     19  0.000     0.998    0.011    1.000         0.000         17.339       rulex                0.200     1.00
       kimi  1000 final     randk    in     19  0.250     0.998    0.009    1.000         0.000         16.963       rulex                0.200     1.00
       kimi  1000 final     randk    in     19  0.500     0.998    0.008    1.000         0.000         16.450       rulex                0.200     1.00
       kimi  1000 final     randk    in     19  0.750     0.999    0.007    1.000         0.000         15.758       rulex                0.200     1.00
       kimi  1000 final     randk    in     19  1.000     0.999    0.006    0.991         0.009         14.846       rulex                0.200     0.98
       kimi  1000 final     randk    in     19  0.000     0.998    0.011    1.000         0.000         17.339       rulex                0.200     1.00
       kimi  1000 final     randk    in     19  0.250     0.998    0.009    1.000         0.000         16.963       rulex                0.200     1.00
       kimi  1000 final     randk    in     19  0.500     0.998    0.008    1.000         0.000         16.450       rulex                0.200     1.00
       kimi  1000 final     randk    in     19  0.750     0.999    0.007    1.000         0.000         15.758       rulex                0.200     1.00
       kimi  1000 final     randk    in     19  1.000     0.999    0.006    0.991         0.009         14.846       rulex                0.200     0.98
       kimi  1000 final  residual    in     19  0.000     0.998    0.011    1.000         0.000         17.339       rulex                0.200     1.00
       kimi  1000 final  residual    in     19  0.250     0.998    0.009    1.000         0.000         16.963       rulex                0.200     1.00
       kimi  1000 final  residual    in     19  0.500     0.998    0.008    1.000         0.000         16.450       rulex                0.200     1.00
       kimi  1000 final  residual    in     19  0.750     0.999    0.007    1.000         0.000         15.758       rulex                0.200     1.00
       kimi  1000 final  residual    in     19  1.000     0.999    0.006    0.991         0.009         14.846       rulex                0.200     0.98
       kimi  1000 final   neurons units      0  0.000     0.998    0.011    1.000         0.000         17.339       rulex                0.200     1.00
       kimi  1000 final   neurons units      1  0.001     0.998    0.011    1.000         0.000         17.285       rulex                0.200     1.00
       kimi  1000 final   neurons units      2  0.001     0.998    0.011    1.000         0.000         17.238       rulex                0.200     1.00
       kimi  1000 final   neurons units      4  0.002     0.998    0.010    1.000         0.000         17.151       rulex                0.200     1.00
       kimi  1000 final   neurons units      8  0.004     0.998    0.010    1.000         0.000         17.000       rulex                0.200     1.00
       kimi  1000 final   neurons units     16  0.008     0.998    0.010    1.000         0.000         16.729       rulex                0.200     1.00
       kimi  1000 final   neurons units     32  0.017     0.998    0.010    1.000         0.000         16.272       rulex                0.200     1.00
       kimi  1000 final   neurons units     64  0.033     0.998    0.009    1.000         0.000         15.490       rulex                0.200     1.00
       kimi  1000 final   neurons units    128  0.067     0.998    0.009    0.995         0.000         14.264       rulex                0.200     1.00
       kimi  1000 final   neurons units    256  0.133     0.998    0.008    0.982         0.005         12.465       rulex                0.200     0.98
       kimi  1000 final   neurons units    512  0.267     0.998    0.008    0.937         0.054         10.079       rulex                0.200     0.94
       kimi  1000 final randunits units      0  0.000     0.998    0.011    1.000         0.000         17.339       rulex                0.200     1.00
       kimi  1000 final randunits units      1  0.001     0.998    0.011    1.000         0.000         17.333       rulex                0.200     1.00
       kimi  1000 final randunits units      2  0.001     0.998    0.011    1.000         0.000         17.333       rulex                0.200     1.00
       kimi  1000 final randunits units      4  0.002     0.998    0.011    1.000         0.000         17.304       rulex                0.200     1.00
       kimi  1000 final randunits units      8  0.004     0.998    0.011    1.000         0.000         17.366       rulex                0.200     1.00
       kimi  1000 final randunits units     16  0.008     0.998    0.011    1.000         0.000         17.247       rulex                0.200     1.00
       kimi  1000 final randunits units     32  0.017     0.998    0.011    1.000         0.000         17.239       rulex                0.200     1.00
       kimi  1000 final randunits units     64  0.033     0.998    0.011    1.000         0.000         17.134       rulex                0.200     1.00
       kimi  1000 final randunits units    128  0.067     0.997    0.011    1.000         0.000         16.987       rulex                0.200     1.00
       kimi  1000 final randunits units    256  0.133     0.998    0.013    1.000         0.000         16.771       rulex                0.200     1.00
       kimi  1000 final randunits units    512  0.267     0.997    0.013    1.000         0.000         15.884       rulex                0.200     1.00
       kimi  1000 final randunits units      0  0.000     0.998    0.011    1.000         0.000         17.339       rulex                0.200     1.00
       kimi  1000 final randunits units      1  0.001     0.998    0.011    1.000         0.000         17.316       rulex                0.200     1.00
       kimi  1000 final randunits units      2  0.001     0.998    0.011    1.000         0.000         17.329       rulex                0.200     1.00
       kimi  1000 final randunits units      4  0.002     0.998    0.011    1.000         0.000         17.324       rulex                0.200     1.00
       kimi  1000 final randunits units      8  0.004     0.998    0.011    1.000         0.000         17.355       rulex                0.200     1.00
       kimi  1000 final randunits units     16  0.008     0.998    0.011    1.000         0.000         17.302       rulex                0.200     1.00
       kimi  1000 final randunits units     32  0.017     0.998    0.011    1.000         0.000         17.210       rulex                0.200     1.00
       kimi  1000 final randunits units     64  0.033     0.998    0.010    1.000         0.000         17.147       rulex                0.200     1.00
       kimi  1000 final randunits units    128  0.067     0.998    0.011    1.000         0.000         17.136       rulex                0.200     1.00
       kimi  1000 final randunits units    256  0.133     0.997    0.012    1.000         0.000         16.927       rulex                0.200     1.00
       kimi  1000 final randunits units    512  0.267     0.996    0.018    0.995         0.000         16.052       rulex                0.200     1.00
       kimi  1000 final randunits units      0  0.000     0.998    0.011    1.000         0.000         17.339       rulex                0.200     1.00
       kimi  1000 final randunits units      1  0.001     0.998    0.011    1.000         0.000         17.345       rulex                0.200     1.00
       kimi  1000 final randunits units      2  0.001     0.998    0.011    1.000         0.000         17.336       rulex                0.200     1.00
       kimi  1000 final randunits units      4  0.002     0.998    0.011    1.000         0.000         17.329       rulex                0.200     1.00
       kimi  1000 final randunits units      8  0.004     0.998    0.011    1.000         0.000         17.325       rulex                0.200     1.00
       kimi  1000 final randunits units     16  0.008     0.998    0.011    1.000         0.000         17.298       rulex                0.200     1.00
       kimi  1000 final randunits units     32  0.017     0.998    0.011    1.000         0.000         17.253       rulex                0.200     1.00
       kimi  1000 final randunits units     64  0.033     0.998    0.011    1.000         0.000         17.243       rulex                0.200     1.00
       kimi  1000 final randunits units    128  0.067     0.998    0.011    1.000         0.000         16.927       rulex                0.200     1.00
       kimi  1000 final randunits units    256  0.133     0.997    0.012    1.000         0.000         16.613       rulex                0.200     1.00
       kimi  1000 final randunits units    512  0.267     0.997    0.013    1.000         0.000         15.921       rulex                0.200     1.00
       kimi  1001 final      none     -      0  0.000     0.998    0.008    1.000         0.000         20.093       rulex                0.200     1.00
       kimi  1001 final   lowpass    in      0  0.000     0.013   19.792    0.005         0.014         -0.188 gcm_hamming                0.752     0.00
       kimi  1001 final   lowpass    in      1  1.000     0.017   20.254    0.000         0.023         -0.544 gcm_hamming                1.170     0.00
       kimi  1001 final   lowpass    in      2  2.000     0.018   19.514    0.009         0.018         -0.474        rule                1.819     0.20
       kimi  1001 final   lowpass    in      3  3.000     0.020   19.615    0.032         0.027          0.359        rule                1.819     0.56
       kimi  1001 final   lowpass    in      4  4.000     0.066    3.623    0.005         0.041        -10.296        rule                1.819     0.00
       kimi  1001 final   lowpass    in      6  6.000     0.067    3.632    0.005         0.032        -10.242        rule                1.819     0.06
       kimi  1001 final   lowpass    in      8  8.000     0.068    3.614    0.014         0.032        -10.188        rule                1.819     0.26
       kimi  1001 final   lowpass    in     12 12.000     0.180    2.523    0.023         0.100        -13.620       rulex                1.170     0.16
       kimi  1001 final   lowpass    in     16 16.000     0.701    0.785    0.014         0.412        -14.000        rule                0.200     0.04
       kimi  1001 final   lowpass    in     24 24.000     0.921    0.239    0.086         0.602        -11.092       rulex                0.200     0.12
       kimi  1001 final   lowpass    in     32 32.000     0.920    0.242    0.136         0.502         -7.908       rulex                0.200     0.22
       kimi  1001 final   lowpass    in     48 48.000     0.998    0.008    0.919         0.054         11.820       rulex                0.200     0.94
       kimi  1001 final   lowpass    in     74 74.000     0.998    0.008    1.000         0.000         20.093       rulex                0.200     1.00
       kimi  1001 final      etop    in      0  0.000     0.998    0.008    1.000         0.000         20.093       rulex                0.200     1.00
       kimi  1001 final      etop    in      1  0.050     0.990    0.044    0.986         0.000         16.694       rulex                0.200     1.00
       kimi  1001 final      etop    in      1  0.100     0.990    0.044    0.986         0.000         16.694       rulex                0.200     1.00
       kimi  1001 final      etop    in      2  0.200     0.991    0.049    0.941         0.018         13.821       rulex                0.200     0.98
       kimi  1001 final      etop    in      3  0.300     0.951    0.184    0.742         0.063          9.481       rulex                0.200     0.92
       kimi  1001 final      etop    in      4  0.400     0.634    0.961    0.489         0.032          5.735       rulex                0.200     0.94
       kimi  1001 final      etop    in      5  0.500     0.250    2.487    0.339         0.014          3.947       rulex                1.170     0.98
       kimi  1001 final      etop    in      6  0.600     0.108    4.085    0.389         0.018          4.886       rulex                1.459     1.00
       kimi  1001 final      etop    in      9  0.700     0.059   13.744    0.321         0.005         13.850       rulex                1.819     1.00
       kimi  1001 final      etop    in     27  0.800     0.027   16.654    0.118         0.014          7.324       rulex                2.268     1.00
       kimi  1001 final      etop    in     49  0.900     0.017   19.019    0.018         0.018          1.260 gcm_hamming                1.819     0.50
       kimi  1001 final      etop    in     61  0.950     0.017   19.851    0.005         0.023          0.719 gcm_hamming                1.819     0.00
       kimi  1001 final      etop    in     74  1.000     0.013   19.792    0.005         0.014         -0.188 gcm_hamming                0.752     0.00
       kimi  1001 final   ebottom    in      0  0.000     0.998    0.008    1.000         0.000         20.093       rulex                0.200     1.00
       kimi  1001 final   ebottom    in     14  0.050     0.999    0.006    1.000         0.000         18.630       rulex                0.200     1.00
       kimi  1001 final   ebottom    in     26  0.100     0.999    0.005    1.000         0.000         16.576       rulex                0.200     1.00
       kimi  1001 final   ebottom    in     48  0.200     0.999    0.003    0.846         0.131          9.126       rulex                0.200     0.86
       kimi  1001 final   ebottom    in     66  0.300     1.000    0.001    0.471         0.525         -1.593       rulex                0.200     0.48
       kimi  1001 final   ebottom    in     69  0.400     0.999    0.005    0.072         0.882        -13.138       rulex                0.200     0.08
       kimi  1001 final   ebottom    in     70  0.500     0.992    0.059    0.036         0.873        -15.217       rulex                0.200     0.04
       kimi  1001 final   ebottom    in     71  0.600     0.907    0.361    0.041         0.715        -15.316       rulex                0.200     0.06
       kimi  1001 final   ebottom    in     72  0.700     0.333    1.862    0.018         0.276        -14.849        rule                0.752     0.04
       kimi  1001 final   ebottom    in     73  0.800     0.080    3.508    0.014         0.054        -11.680        rule                2.268     0.14
       kimi  1001 final   ebottom    in     74  0.900     0.013   19.792    0.005         0.014         -0.188 gcm_hamming                0.752     0.00
       kimi  1001 final   ebottom    in     74  0.950     0.013   19.792    0.005         0.014         -0.188 gcm_hamming                0.752     0.00
       kimi  1001 final   ebottom    in     74  1.000     0.013   19.792    0.005         0.014         -0.188 gcm_hamming                0.752     0.00
       kimi  1001 final     erand    in      0  0.000     0.998    0.008    1.000         0.000         20.093       rulex                0.200     1.00
       kimi  1001 final     erand    in      1  0.050     0.998    0.009    0.991         0.000         18.344       rulex                0.200     1.00
       kimi  1001 final     erand    in      6  0.100     0.998    0.009    0.986         0.005         17.347       rulex                0.200     0.98
       kimi  1001 final     erand    in      9  0.200     0.996    0.019    0.887         0.063         12.070       rulex                0.200     0.94
       kimi  1001 final     erand    in     28  0.300     0.998    0.014    0.584         0.244          3.710       rulex                0.200     0.70
       kimi  1001 final     erand    in     30  0.400     0.784    0.540    0.258         0.136         -2.309       rulex                0.200     0.66
       kimi  1001 final     erand    in     39  0.500     0.731    0.774    0.118         0.235         -8.671       rulex                0.200     0.34
       kimi  1001 final     erand    in     42  0.600     0.366    1.795    0.059         0.090        -10.481       rulex                0.752     0.40
       kimi  1001 final     erand    in     49  0.700     0.080    3.576    0.036         0.023        -10.246       rulex                1.819     0.64
       kimi  1001 final     erand    in     51  0.800     0.017   19.153    0.018         0.027          1.623 gcm_hamming                1.819     0.32
       kimi  1001 final     erand    in     52  0.900     0.019   19.212    0.014         0.018          1.439 gcm_hamming                1.819     0.38
       kimi  1001 final     erand    in     63  0.950     0.017   19.733    0.014         0.009          0.316 gcm_hamming                1.819     0.68
       kimi  1001 final     erand    in     74  1.000     0.013   19.792    0.005         0.014         -0.188 gcm_hamming                0.752     0.00
       kimi  1001 final     erand    in      0  0.000     0.998    0.008    1.000         0.000         20.093       rulex                0.200     1.00
       kimi  1001 final     erand    in     12  0.050     0.999    0.006    1.000         0.000         18.441       rulex                0.200     1.00
       kimi  1001 final     erand    in     23  0.100     0.999    0.005    0.995         0.005         16.473       rulex                0.200     0.98
       kimi  1001 final     erand    in     26  0.200     0.998    0.009    0.846         0.104          9.702       rulex                0.200     0.90
       kimi  1001 final     erand    in     31  0.300     0.998    0.011    0.566         0.299          3.206       rulex                0.200     0.66
       kimi  1001 final     erand    in     42  0.400     0.910    0.269    0.186         0.398         -5.538       rulex                0.200     0.32
       kimi  1001 final     erand    in     42  0.500     0.910    0.269    0.186         0.398         -5.538       rulex                0.200     0.32
       kimi  1001 final     erand    in     44  0.600     0.709    0.836    0.104         0.308         -8.223       rulex                0.200     0.26
       kimi  1001 final     erand    in     47  0.700     0.169    2.748    0.050         0.090         -8.799       rulex                1.459     0.34
       kimi  1001 final     erand    in     53  0.800     0.057    4.243    0.050         0.059         -6.164       rulex                1.459     0.44
       kimi  1001 final     erand    in     56  0.900     0.016   19.108    0.005         0.023          0.559 gcm_hamming                1.459     0.00
       kimi  1001 final     erand    in     64  0.950     0.017   19.622    0.000         0.014         -0.105 gcm_hamming                1.819     0.00
       kimi  1001 final     erand    in     74  1.000     0.013   19.792    0.005         0.014         -0.188 gcm_hamming                0.752     0.00
       kimi  1001 final     erand    in      0  0.000     0.998    0.008    1.000         0.000         20.093       rulex                0.200     1.00
       kimi  1001 final     erand    in      3  0.050     0.997    0.013    0.986         0.005         16.379       rulex                0.200     0.98
       kimi  1001 final     erand    in      3  0.100     0.997    0.013    0.986         0.005         16.379       rulex                0.200     0.98
       kimi  1001 final     erand    in      8  0.200     0.953    0.167    0.792         0.050         10.992       rulex                0.200     0.94
       kimi  1001 final     erand    in     12  0.300     0.805    0.512    0.561         0.050          6.543       rulex                0.200     0.92
       kimi  1001 final     erand    in     17  0.400     0.557    1.180    0.339         0.041          1.011       rulex                0.200     0.90
       kimi  1001 final     erand    in     30  0.500     0.538    1.211    0.154         0.104         -5.641       rulex                0.200     0.60
       kimi  1001 final     erand    in     36  0.600     0.306    2.019    0.077         0.081         -8.156       rulex                0.752     0.48
       kimi  1001 final     erand    in     38  0.700     0.072    3.885    0.068         0.036         -7.347       rulex                1.459     0.68
       kimi  1001 final     erand    in     51  0.800     0.062    3.891    0.036         0.050         -9.704       rulex                1.459     0.40
       kimi  1001 final     erand    in     72  0.900     0.017   20.276    0.000         0.027         -1.059 gcm_hamming                1.170     0.00
       kimi  1001 final     erand    in     72  0.950     0.017   20.276    0.000         0.027         -1.059 gcm_hamming                1.170     0.00
       kimi  1001 final     erand    in     74  1.000     0.013   19.792    0.005         0.014         -0.188 gcm_hamming                0.752     0.00
       kimi  1001 final      topk    in     49  0.000     0.998    0.008    1.000         0.000         20.093       rulex                0.200     1.00
       kimi  1001 final      topk    in     49  0.250     0.998    0.010    1.000         0.000         20.592       rulex                0.200     1.00
       kimi  1001 final      topk    in     49  0.500     0.997    0.013    0.995         0.000         20.929       rulex                0.200     1.00
       kimi  1001 final      topk    in     49  0.750     0.989    0.041    0.991         0.005         19.930       rulex                0.200     0.98
       kimi  1001 final      topk    in     49  1.000     0.017   19.019    0.018         0.018          1.260 gcm_hamming                1.819     0.50
       kimi  1001 final     randk    in     25  0.000     0.998    0.008    1.000         0.000         20.093       rulex                0.200     1.00
       kimi  1001 final     randk    in     25  0.250     0.999    0.007    1.000         0.000         19.565       rulex                0.200     1.00
       kimi  1001 final     randk    in     25  0.500     0.999    0.006    1.000         0.000         18.881       rulex                0.200     1.00
       kimi  1001 final     randk    in     25  0.750     0.999    0.006    1.000         0.000         17.989       rulex                0.200     1.00
       kimi  1001 final     randk    in     25  1.000     0.999    0.005    1.000         0.000         16.794       rulex                0.200     1.00
       kimi  1001 final     randk    in     25  0.000     0.998    0.008    1.000         0.000         20.093       rulex                0.200     1.00
       kimi  1001 final     randk    in     25  0.250     0.999    0.007    1.000         0.000         19.565       rulex                0.200     1.00
       kimi  1001 final     randk    in     25  0.500     0.999    0.006    1.000         0.000         18.881       rulex                0.200     1.00
       kimi  1001 final     randk    in     25  0.750     0.999    0.006    1.000         0.000         17.989       rulex                0.200     1.00
       kimi  1001 final     randk    in     25  1.000     0.999    0.005    1.000         0.000         16.794       rulex                0.200     1.00
       kimi  1001 final     randk    in     25  0.000     0.998    0.008    1.000         0.000         20.093       rulex                0.200     1.00
       kimi  1001 final     randk    in     25  0.250     0.999    0.007    1.000         0.000         19.565       rulex                0.200     1.00
       kimi  1001 final     randk    in     25  0.500     0.999    0.006    1.000         0.000         18.881       rulex                0.200     1.00
       kimi  1001 final     randk    in     25  0.750     0.999    0.006    1.000         0.000         17.989       rulex                0.200     1.00
       kimi  1001 final     randk    in     25  1.000     0.999    0.005    1.000         0.000         16.794       rulex                0.200     1.00
       kimi  1001 final  residual    in     25  0.000     0.998    0.008    1.000         0.000         20.093       rulex                0.200     1.00
       kimi  1001 final  residual    in     25  0.250     0.999    0.007    1.000         0.000         19.565       rulex                0.200     1.00
       kimi  1001 final  residual    in     25  0.500     0.999    0.006    1.000         0.000         18.881       rulex                0.200     1.00
       kimi  1001 final  residual    in     25  0.750     0.999    0.006    1.000         0.000         17.989       rulex                0.200     1.00
       kimi  1001 final  residual    in     25  1.000     0.999    0.005    1.000         0.000         16.794       rulex                0.200     1.00
       kimi  1001 final   neurons units      0  0.000     0.998    0.008    1.000         0.000         20.093       rulex                0.200     1.00
       kimi  1001 final   neurons units      1  0.001     0.998    0.008    1.000         0.000         20.033       rulex                0.200     1.00
       kimi  1001 final   neurons units      2  0.001     0.998    0.008    1.000         0.000         19.974       rulex                0.200     1.00
       kimi  1001 final   neurons units      4  0.002     0.998    0.008    1.000         0.000         19.885       rulex                0.200     1.00
       kimi  1001 final   neurons units      8  0.004     0.998    0.008    1.000         0.000         19.728       rulex                0.200     1.00
       kimi  1001 final   neurons units     16  0.008     0.999    0.008    1.000         0.000         19.434       rulex                0.200     1.00
       kimi  1001 final   neurons units     32  0.017     0.999    0.007    1.000         0.000         18.922       rulex                0.200     1.00
       kimi  1001 final   neurons units     64  0.033     0.999    0.007    1.000         0.000         18.034       rulex                0.200     1.00
       kimi  1001 final   neurons units    128  0.067     0.999    0.006    1.000         0.000         16.671       rulex                0.200     1.00
       kimi  1001 final   neurons units    256  0.133     0.999    0.005    0.995         0.005         14.651       rulex                0.200     0.98
       kimi  1001 final   neurons units    512  0.267     0.999    0.004    0.959         0.036         12.114       rulex                0.200     0.96
       kimi  1001 final randunits units      0  0.000     0.998    0.008    1.000         0.000         20.093       rulex                0.200     1.00
       kimi  1001 final randunits units      1  0.001     0.998    0.008    1.000         0.000         20.088       rulex                0.200     1.00
       kimi  1001 final randunits units      2  0.001     0.998    0.008    1.000         0.000         20.085       rulex                0.200     1.00
       kimi  1001 final randunits units      4  0.002     0.998    0.008    1.000         0.000         20.057       rulex                0.200     1.00
       kimi  1001 final randunits units      8  0.004     0.998    0.008    1.000         0.000         20.101       rulex                0.200     1.00
       kimi  1001 final randunits units     16  0.008     0.999    0.008    1.000         0.000         19.963       rulex                0.200     1.00
       kimi  1001 final randunits units     32  0.017     0.998    0.008    1.000         0.000         19.974       rulex                0.200     1.00
       kimi  1001 final randunits units     64  0.033     0.998    0.008    1.000         0.000         19.830       rulex                0.200     1.00
       kimi  1001 final randunits units    128  0.067     0.999    0.008    1.000         0.000         19.635       rulex                0.200     1.00
       kimi  1001 final randunits units    256  0.133     0.998    0.008    1.000         0.000         19.266       rulex                0.200     1.00
       kimi  1001 final randunits units    512  0.267     0.998    0.007    1.000         0.000         18.217       rulex                0.200     1.00
       kimi  1001 final randunits units      0  0.000     0.998    0.008    1.000         0.000         20.093       rulex                0.200     1.00
       kimi  1001 final randunits units      1  0.001     0.998    0.008    1.000         0.000         20.068       rulex                0.200     1.00
       kimi  1001 final randunits units      2  0.001     0.998    0.008    1.000         0.000         20.085       rulex                0.200     1.00
       kimi  1001 final randunits units      4  0.002     0.998    0.008    1.000         0.000         20.074       rulex                0.200     1.00
       kimi  1001 final randunits units      8  0.004     0.998    0.008    1.000         0.000         20.093       rulex                0.200     1.00
       kimi  1001 final randunits units     16  0.008     0.998    0.008    1.000         0.000         20.035       rulex                0.200     1.00
       kimi  1001 final randunits units     32  0.017     0.998    0.008    1.000         0.000         19.943       rulex                0.200     1.00
       kimi  1001 final randunits units     64  0.033     0.998    0.008    1.000         0.000         19.840       rulex                0.200     1.00
       kimi  1001 final randunits units    128  0.067     0.998    0.008    1.000         0.000         19.696       rulex                0.200     1.00
       kimi  1001 final randunits units    256  0.133     0.998    0.008    1.000         0.000         19.329       rulex                0.200     1.00
       kimi  1001 final randunits units    512  0.267     0.998    0.008    1.000         0.000         18.155       rulex                0.200     1.00
       kimi  1001 final randunits units      0  0.000     0.998    0.008    1.000         0.000         20.093       rulex                0.200     1.00
       kimi  1001 final randunits units      1  0.001     0.998    0.008    1.000         0.000         20.094       rulex                0.200     1.00
       kimi  1001 final randunits units      2  0.001     0.998    0.008    1.000         0.000         20.087       rulex                0.200     1.00
       kimi  1001 final randunits units      4  0.002     0.999    0.008    1.000         0.000         20.085       rulex                0.200     1.00
       kimi  1001 final randunits units      8  0.004     0.998    0.008    1.000         0.000         20.072       rulex                0.200     1.00
       kimi  1001 final randunits units     16  0.008     0.998    0.008    1.000         0.000         20.042       rulex                0.200     1.00
       kimi  1001 final randunits units     32  0.017     0.998    0.008    1.000         0.000         19.996       rulex                0.200     1.00
       kimi  1001 final randunits units     64  0.033     0.998    0.008    1.000         0.000         19.953       rulex                0.200     1.00
       kimi  1001 final randunits units    128  0.067     0.998    0.008    1.000         0.000         19.602       rulex                0.200     1.00
       kimi  1001 final randunits units    256  0.133     0.998    0.008    1.000         0.000         19.133       rulex                0.200     1.00
       kimi  1001 final randunits units    512  0.267     0.998    0.008    1.000         0.000         18.055       rulex                0.200     1.00
       kimi  1002 final      none     -      0  0.000     0.998    0.012    1.000         0.000         16.047       rulex                0.200     1.00
       kimi  1002 final   lowpass    in      0  0.000     0.013   19.615    0.009         0.014         -0.215 gcm_hamming                0.752     0.00
       kimi  1002 final   lowpass    in      1  1.000     0.016   16.069    0.005         0.009          0.320 gcm_hamming                1.170     0.20
       kimi  1002 final   lowpass    in      2  2.000     0.016   15.231    0.009         0.023         -0.134 gcm_hamming                1.459     0.12
       kimi  1002 final   lowpass    in      3  3.000     0.018   15.220    0.005         0.018         -0.443 gcm_hamming                1.459     0.00
       kimi  1002 final   lowpass    in      4  4.000     0.018   15.245    0.005         0.009         -0.128 gcm_hamming                1.459     0.20
       kimi  1002 final   lowpass    in      6  6.000     0.016   15.320    0.005         0.014          0.370 gcm_hamming                1.819     0.06
       kimi  1002 final   lowpass    in      8  8.000     0.017   15.494    0.009         0.005         -0.142 gcm_hamming                1.819     0.80
       kimi  1002 final   lowpass    in     12 12.000     0.022   14.923    0.005         0.014          0.436        rule                2.268     0.06
       kimi  1002 final   lowpass    in     16 16.000     0.040   10.381    0.032         0.027         -0.541       rulex                1.819     0.56
       kimi  1002 final   lowpass    in     24 24.000     0.229    2.877    0.059         0.127         -4.291       rulex                1.170     0.30
       kimi  1002 final   lowpass    in     32 32.000     0.990    0.039    0.457         0.493          0.752       rulex                0.200     0.48
       kimi  1002 final   lowpass    in     48 48.000     0.996    0.020    0.796         0.195          7.407       rulex                0.200     0.80
       kimi  1002 final   lowpass    in     74 74.000     0.998    0.012    1.000         0.000         16.047       rulex                0.200     1.00
       kimi  1002 final      etop    in      0  0.000     0.998    0.012    1.000         0.000         16.047       rulex                0.200     1.00
       kimi  1002 final      etop    in      1  0.050     0.783    0.536    0.900         0.000         11.214       rulex                0.200     1.00
       kimi  1002 final      etop    in      1  0.100     0.783    0.536    0.900         0.000         11.214       rulex                0.200     1.00
       kimi  1002 final      etop    in      2  0.200     0.366    2.051    0.498         0.036          6.579       rulex                0.603     0.94
       kimi  1002 final      etop    in      2  0.300     0.366    2.051    0.498         0.036          6.579       rulex                0.603     0.94
       kimi  1002 final      etop    in      3  0.400     0.104    4.237    0.376         0.018          5.219       rulex                1.459     1.00
       kimi  1002 final      etop    in      4  0.500     0.067    7.281    0.385         0.005          6.789       rulex                2.268     1.00
       kimi  1002 final      etop    in      7  0.600     0.064    8.090    0.362         0.005          7.519       rulex                1.819     1.00
       kimi  1002 final      etop    in     17  0.700     0.056    9.274    0.294         0.009          6.041       rulex                1.819     1.00
       kimi  1002 final      etop    in     33  0.800     0.040   11.625    0.109         0.023          2.336       rulex                1.819     0.96
       kimi  1002 final      etop    in     52  0.900     0.026   14.528    0.018         0.023          0.030        rule                1.819     0.40
       kimi  1002 final      etop    in     62  0.950     0.020   15.522    0.005         0.018         -0.194 gcm_hamming                2.268     0.00
       kimi  1002 final      etop    in     74  1.000     0.013   19.615    0.009         0.014         -0.215 gcm_hamming                0.752     0.00
       kimi  1002 final   ebottom    in      0  0.000     0.998    0.012    1.000         0.000         16.047       rulex                0.200     1.00
       kimi  1002 final   ebottom    in     13  0.050     0.999    0.009    1.000         0.000         14.794       rulex                0.200     1.00
       kimi  1002 final   ebottom    in     23  0.100     0.999    0.009    0.982         0.018         12.848       rulex                0.200     0.98
       kimi  1002 final   ebottom    in     42  0.200     0.996    0.018    0.729         0.267          5.307       rulex                0.200     0.74
       kimi  1002 final   ebottom    in     58  0.300     0.999    0.002    0.403         0.593         -2.461       rulex                0.200     0.40
       kimi  1002 final   ebottom    in     68  0.400     0.976    0.066    0.199         0.733         -6.392       rulex                0.200     0.22
       kimi  1002 final   ebottom    in     71  0.500     0.532    1.793    0.032         0.367         -7.612       rulex                0.200     0.08
       kimi  1002 final   ebottom    in     72  0.600     0.275    3.654    0.018         0.199         -7.253        rule                0.603     0.06
       kimi  1002 final   ebottom    in     73  0.700     0.048    7.147    0.009         0.036         -4.606        rule                1.459     0.08
       kimi  1002 final   ebottom    in     73  0.800     0.048    7.147    0.009         0.036         -4.606        rule                1.459     0.08
       kimi  1002 final   ebottom    in     74  0.900     0.013   19.615    0.009         0.014         -0.215 gcm_hamming                0.752     0.00
       kimi  1002 final   ebottom    in     74  0.950     0.013   19.615    0.009         0.014         -0.215 gcm_hamming                0.752     0.00
       kimi  1002 final   ebottom    in     74  1.000     0.013   19.615    0.009         0.014         -0.215 gcm_hamming                0.752     0.00
       kimi  1002 final     erand    in      0  0.000     0.998    0.012    1.000         0.000         16.047       rulex                0.200     1.00
       kimi  1002 final     erand    in      8  0.050     0.998    0.010    1.000         0.000         15.045       rulex                0.200     1.00
       kimi  1002 final     erand    in     17  0.100     0.999    0.009    0.991         0.009         13.375       rulex                0.200     0.98
       kimi  1002 final     erand    in     22  0.200     0.792    0.521    0.647         0.045          6.060       rulex                0.200     0.94
       kimi  1002 final     erand    in     22  0.300     0.792    0.521    0.647         0.045          6.060       rulex                0.200     0.94
       kimi  1002 final     erand    in     27  0.400     0.763    0.676    0.434         0.118          2.878       rulex                0.200     0.78
       kimi  1002 final     erand    in     40  0.500     0.556    1.532    0.195         0.176         -1.305       rulex                0.200     0.52
       kimi  1002 final     erand    in     54  0.600     0.436    2.118    0.054         0.190         -4.945       rulex                0.388     0.22
       kimi  1002 final     erand    in     59  0.700     0.180    3.519    0.032         0.081         -5.522       rulex                0.938     0.26
       kimi  1002 final     erand    in     69  0.800     0.198    3.272    0.036         0.113         -6.363       rulex                0.938     0.22
       kimi  1002 final     erand    in     71  0.900     0.038   10.239    0.023         0.023         -2.811        rule                1.819     0.50
       kimi  1002 final     erand    in     71  0.950     0.038   10.239    0.023         0.023         -2.811        rule                1.819     0.50
       kimi  1002 final     erand    in     74  1.000     0.013   19.615    0.009         0.014         -0.215 gcm_hamming                0.752     0.00
       kimi  1002 final     erand    in      0  0.000     0.998    0.012    1.000         0.000         16.047       rulex                0.200     1.00
       kimi  1002 final     erand    in      9  0.050     0.999    0.009    1.000         0.000         14.971       rulex                0.200     1.00
       kimi  1002 final     erand    in     14  0.100     0.998    0.010    0.991         0.009         14.085       rulex                0.200     0.98
       kimi  1002 final     erand    in     20  0.200     0.790    0.524    0.670         0.036          6.876       rulex                0.200     0.94
       kimi  1002 final     erand    in     20  0.300     0.790    0.524    0.670         0.036          6.876       rulex                0.200     0.94
       kimi  1002 final     erand    in     21  0.400     0.367    2.018    0.353         0.050          3.186       rulex                0.752     0.88
       kimi  1002 final     erand    in     25  0.500     0.368    2.015    0.303         0.063          2.440       rulex                0.603     0.84
       kimi  1002 final     erand    in     41  0.600     0.352    2.259    0.154         0.095         -1.258       rulex                0.752     0.62
       kimi  1002 final     erand    in     48  0.700     0.125    4.756    0.068         0.072         -2.942       rulex                1.459     0.48
       kimi  1002 final     erand    in     59  0.800     0.063    5.333    0.018         0.041         -4.545        rule                1.819     0.26
       kimi  1002 final     erand    in     69  0.900     0.018   15.228    0.005         0.018          0.193 gcm_hamming                1.819     0.00
       kimi  1002 final     erand    in     69  0.950     0.018   15.228    0.005         0.018          0.193 gcm_hamming                1.819     0.00
       kimi  1002 final     erand    in     74  1.000     0.013   19.615    0.009         0.014         -0.215 gcm_hamming                0.752     0.00
       kimi  1002 final     erand    in      0  0.000     0.998    0.012    1.000         0.000         16.047       rulex                0.200     1.00
       kimi  1002 final     erand    in      5  0.050     0.787    0.532    0.873         0.000         10.287       rulex                0.200     1.00
       kimi  1002 final     erand    in      5  0.100     0.787    0.532    0.873         0.000         10.287       rulex                0.200     1.00
       kimi  1002 final     erand    in      5  0.200     0.787    0.532    0.873         0.000         10.287       rulex                0.200     1.00
       kimi  1002 final     erand    in     19  0.300     0.790    0.523    0.656         0.032          6.964       rulex                0.200     0.96
       kimi  1002 final     erand    in     32  0.400     0.785    0.536    0.439         0.149          2.770       rulex                0.200     0.74
       kimi  1002 final     erand    in     45  0.500     0.266    3.276    0.081         0.109         -4.695       rulex                0.938     0.42
       kimi  1002 final     erand    in     45  0.600     0.266    3.276    0.081         0.109         -4.695       rulex                0.938     0.42
       kimi  1002 final     erand    in     57  0.700     0.127    4.190    0.014         0.063         -6.591        rule                1.819     0.14
       kimi  1002 final     erand    in     63  0.800     0.021    8.106    0.041         0.014         -1.186 gcm_hamming                1.819     0.94
       kimi  1002 final     erand    in     64  0.900     0.019   14.851    0.005         0.005          0.441 gcm_hamming                1.819     0.50
       kimi  1002 final     erand    in     65  0.950     0.018   14.756    0.009         0.018          0.580 gcm_hamming                1.819     0.20
       kimi  1002 final     erand    in     74  1.000     0.013   19.615    0.009         0.014         -0.215 gcm_hamming                0.752     0.00
       kimi  1002 final      topk    in     52  0.000     0.998    0.012    1.000         0.000         16.047       rulex                0.200     1.00
       kimi  1002 final      topk    in     52  0.250     0.998    0.013    1.000         0.000         16.151       rulex                0.200     1.00
       kimi  1002 final      topk    in     52  0.500     0.998    0.014    1.000         0.000         16.075       rulex                0.200     1.00
       kimi  1002 final      topk    in     52  0.750     0.996    0.022    0.991         0.009         14.593       rulex                0.200     0.98
       kimi  1002 final      topk    in     52  1.000     0.026   14.528    0.018         0.023          0.030        rule                1.819     0.40
       kimi  1002 final     randk    in     22  0.000     0.998    0.012    1.000         0.000         16.047       rulex                0.200     1.00
       kimi  1002 final     randk    in     22  0.250     0.998    0.010    1.000         0.000         15.665       rulex                0.200     1.00
       kimi  1002 final     randk    in     22  0.500     0.999    0.009    1.000         0.000         15.122       rulex                0.200     1.00
       kimi  1002 final     randk    in     22  0.750     0.999    0.009    0.995         0.005         14.311       rulex                0.200     0.98
       kimi  1002 final     randk    in     22  1.000     0.999    0.009    0.986         0.014         13.076       rulex                0.200     0.98
       kimi  1002 final     randk    in     22  0.000     0.998    0.012    1.000         0.000         16.047       rulex                0.200     1.00
       kimi  1002 final     randk    in     22  0.250     0.998    0.010    1.000         0.000         15.665       rulex                0.200     1.00
       kimi  1002 final     randk    in     22  0.500     0.999    0.009    1.000         0.000         15.122       rulex                0.200     1.00
       kimi  1002 final     randk    in     22  0.750     0.999    0.009    0.995         0.005         14.311       rulex                0.200     0.98
       kimi  1002 final     randk    in     22  1.000     0.999    0.009    0.986         0.014         13.076       rulex                0.200     0.98
       kimi  1002 final     randk    in     22  0.000     0.998    0.012    1.000         0.000         16.047       rulex                0.200     1.00
       kimi  1002 final     randk    in     22  0.250     0.998    0.010    1.000         0.000         15.665       rulex                0.200     1.00
       kimi  1002 final     randk    in     22  0.500     0.999    0.009    1.000         0.000         15.122       rulex                0.200     1.00
       kimi  1002 final     randk    in     22  0.750     0.999    0.009    0.995         0.005         14.311       rulex                0.200     0.98
       kimi  1002 final     randk    in     22  1.000     0.999    0.009    0.986         0.014         13.076       rulex                0.200     0.98
       kimi  1002 final  residual    in     22  0.000     0.998    0.012    1.000         0.000         16.047       rulex                0.200     1.00
       kimi  1002 final  residual    in     22  0.250     0.998    0.010    1.000         0.000         15.665       rulex                0.200     1.00
       kimi  1002 final  residual    in     22  0.500     0.999    0.009    1.000         0.000         15.122       rulex                0.200     1.00
       kimi  1002 final  residual    in     22  0.750     0.999    0.009    0.995         0.005         14.311       rulex                0.200     0.98
       kimi  1002 final  residual    in     22  1.000     0.999    0.009    0.986         0.014         13.076       rulex                0.200     0.98
       kimi  1002 final   neurons units      0  0.000     0.998    0.012    1.000         0.000         16.047       rulex                0.200     1.00
       kimi  1002 final   neurons units      1  0.001     0.998    0.012    1.000         0.000         15.986       rulex                0.200     1.00
       kimi  1002 final   neurons units      2  0.001     0.998    0.011    1.000         0.000         15.916       rulex                0.200     1.00
       kimi  1002 final   neurons units      4  0.002     0.998    0.011    1.000         0.000         15.811       rulex                0.200     1.00
       kimi  1002 final   neurons units      8  0.004     0.998    0.011    1.000         0.000         15.609       rulex                0.200     1.00
       kimi  1002 final   neurons units     16  0.008     0.999    0.011    1.000         0.000         15.273       rulex                0.200     1.00
       kimi  1002 final   neurons units     32  0.017     0.999    0.011    1.000         0.000         14.724       rulex                0.200     1.00
       kimi  1002 final   neurons units     64  0.033     0.999    0.010    1.000         0.000         13.840       rulex                0.200     1.00
       kimi  1002 final   neurons units    128  0.067     0.999    0.009    1.000         0.000         12.484       rulex                0.200     1.00
       kimi  1002 final   neurons units    256  0.133     0.999    0.008    0.991         0.009         10.464       rulex                0.200     0.98
       kimi  1002 final   neurons units    512  0.267     0.999    0.007    0.932         0.059          7.976       rulex                0.200     0.94
       kimi  1002 final randunits units      0  0.000     0.998    0.012    1.000         0.000         16.047       rulex                0.200     1.00
       kimi  1002 final randunits units      1  0.001     0.998    0.012    1.000         0.000         16.047       rulex                0.200     1.00
       kimi  1002 final randunits units      2  0.001     0.998    0.012    1.000         0.000         16.044       rulex                0.200     1.00
       kimi  1002 final randunits units      4  0.002     0.998    0.012    1.000         0.000         16.024       rulex                0.200     1.00
       kimi  1002 final randunits units      8  0.004     0.998    0.012    1.000         0.000         16.082       rulex                0.200     1.00
       kimi  1002 final randunits units     16  0.008     0.998    0.011    1.000         0.000         15.962       rulex                0.200     1.00
       kimi  1002 final randunits units     32  0.017     0.998    0.012    1.000         0.000         15.997       rulex                0.200     1.00
       kimi  1002 final randunits units     64  0.033     0.998    0.012    1.000         0.000         15.919       rulex                0.200     1.00
       kimi  1002 final randunits units    128  0.067     0.998    0.012    1.000         0.000         15.918       rulex                0.200     1.00
       kimi  1002 final randunits units    256  0.133     0.998    0.012    1.000         0.000         15.898       rulex                0.200     1.00
       kimi  1002 final randunits units    512  0.267     0.998    0.013    1.000         0.000         15.328       rulex                0.200     1.00
       kimi  1002 final randunits units      0  0.000     0.998    0.012    1.000         0.000         16.047       rulex                0.200     1.00
       kimi  1002 final randunits units      1  0.001     0.998    0.012    1.000         0.000         16.020       rulex                0.200     1.00
       kimi  1002 final randunits units      2  0.001     0.998    0.012    1.000         0.000         16.041       rulex                0.200     1.00
       kimi  1002 final randunits units      4  0.002     0.998    0.012    1.000         0.000         16.053       rulex                0.200     1.00
       kimi  1002 final randunits units      8  0.004     0.998    0.012    1.000         0.000         16.066       rulex                0.200     1.00
       kimi  1002 final randunits units     16  0.008     0.998    0.012    1.000         0.000         16.040       rulex                0.200     1.00
       kimi  1002 final randunits units     32  0.017     0.998    0.012    1.000         0.000         15.964       rulex                0.200     1.00
       kimi  1002 final randunits units     64  0.033     0.998    0.012    1.000         0.000         15.920       rulex                0.200     1.00
       kimi  1002 final randunits units    128  0.067     0.998    0.012    1.000         0.000         16.090       rulex                0.200     1.00
       kimi  1002 final randunits units    256  0.133     0.998    0.013    1.000         0.000         16.065       rulex                0.200     1.00
       kimi  1002 final randunits units    512  0.267     0.996    0.017    1.000         0.000         15.455       rulex                0.200     1.00
       kimi  1002 final randunits units      0  0.000     0.998    0.012    1.000         0.000         16.047       rulex                0.200     1.00
       kimi  1002 final randunits units      1  0.001     0.998    0.012    1.000         0.000         16.052       rulex                0.200     1.00
       kimi  1002 final randunits units      2  0.001     0.998    0.012    1.000         0.000         16.048       rulex                0.200     1.00
       kimi  1002 final randunits units      4  0.002     0.998    0.012    1.000         0.000         16.047       rulex                0.200     1.00
       kimi  1002 final randunits units      8  0.004     0.998    0.012    1.000         0.000         16.042       rulex                0.200     1.00
       kimi  1002 final randunits units     16  0.008     0.998    0.012    1.000         0.000         16.037       rulex                0.200     1.00
       kimi  1002 final randunits units     32  0.017     0.998    0.012    1.000         0.000         15.980       rulex                0.200     1.00
       kimi  1002 final randunits units     64  0.033     0.998    0.012    1.000         0.000         16.101       rulex                0.200     1.00
       kimi  1002 final randunits units    128  0.067     0.998    0.012    1.000         0.000         15.817       rulex                0.200     1.00
       kimi  1002 final randunits units    256  0.133     0.998    0.013    1.000         0.000         15.703       rulex                0.200     1.00
       kimi  1002 final randunits units    512  0.267     0.997    0.017    1.000         0.000         15.173       rulex                0.200     1.00
       kimi  1000 final      none     -      0  0.000     1.000    0.002      NaN           NaN            NaN        rule                0.200     0.00
       kimi  1000 final   lowpass    in      0  0.000     0.013   23.522      NaN           NaN            NaN gcm_hamming                0.752     0.00
       kimi  1000 final   lowpass    in      1  1.000     0.016   18.676      NaN           NaN            NaN gcm_hamming                1.459     0.00
       kimi  1000 final   lowpass    in      2  2.000     0.017   18.056      NaN           NaN            NaN gcm_hamming                1.459     0.00
       kimi  1000 final   lowpass    in      3  3.000     0.015   17.905      NaN           NaN            NaN gcm_hamming                1.459     0.00
       kimi  1000 final   lowpass    in      4  4.000     0.012   17.246      NaN           NaN            NaN gcm_hamming                1.459     0.00
       kimi  1000 final   lowpass    in      6  6.000     0.013   17.086      NaN           NaN            NaN gcm_hamming                1.459     0.00
       kimi  1000 final   lowpass    in      8  8.000     0.014   17.010      NaN           NaN            NaN gcm_hamming                1.819     0.00
       kimi  1000 final   lowpass    in     12 12.000     0.014   16.692      NaN           NaN            NaN gcm_hamming                1.819     0.00
       kimi  1000 final   lowpass    in     16 16.000     0.229    2.680      NaN           NaN            NaN        rule                0.938     0.00
       kimi  1000 final   lowpass    in     24 24.000     0.223    2.758      NaN           NaN            NaN        rule                1.170     0.00
       kimi  1000 final   lowpass    in     32 32.000     0.542    1.363      NaN           NaN            NaN        rule                0.200     0.00
       kimi  1000 final   lowpass    in     48 48.000     0.612    1.156      NaN           NaN            NaN        rule                0.200     0.00
       kimi  1000 final   lowpass    in     74 74.000     1.000    0.002      NaN           NaN            NaN        rule                0.200     0.00
       kimi  1000 final      etop    in      0  0.000     1.000    0.002      NaN           NaN            NaN        rule                0.200     0.00
       kimi  1000 final      etop    in      1  0.050     0.991    0.038      NaN           NaN            NaN        rule                0.200     0.00
       kimi  1000 final      etop    in      1  0.100     0.991    0.038      NaN           NaN            NaN        rule                0.200     0.00
       kimi  1000 final      etop    in      2  0.200     0.922    0.239      NaN           NaN            NaN        rule                0.200     0.00
       kimi  1000 final      etop    in      4  0.300     0.443    1.771      NaN           NaN            NaN        rule                0.603     0.00
       kimi  1000 final      etop    in      5  0.400     0.224    3.096      NaN           NaN            NaN        rule                1.819     0.00
       kimi  1000 final      etop    in      7  0.500     0.155    6.902      NaN           NaN            NaN        rule                2.268     0.00
       kimi  1000 final      etop    in     13  0.600     0.086    9.658      NaN           NaN            NaN        rule                2.268     0.00
       kimi  1000 final      etop    in     24  0.700     0.033   13.204      NaN           NaN            NaN gcm_hamming                2.268     0.00
       kimi  1000 final      etop    in     38  0.800     0.016   16.136      NaN           NaN            NaN gcm_hamming                2.268     0.00
       kimi  1000 final      etop    in     55  0.900     0.015   17.388      NaN           NaN            NaN gcm_hamming                2.268     0.00
       kimi  1000 final      etop    in     64  0.950     0.016   17.655      NaN           NaN            NaN gcm_hamming                1.819     0.00
       kimi  1000 final      etop    in     74  1.000     0.013   23.522      NaN           NaN            NaN gcm_hamming                0.752     0.00
       kimi  1000 final   ebottom    in      0  0.000     1.000    0.002      NaN           NaN            NaN        rule                0.200     0.00
       kimi  1000 final   ebottom    in     11  0.050     1.000    0.002      NaN           NaN            NaN        rule                0.200     0.00
       kimi  1000 final   ebottom    in     20  0.100     1.000    0.001      NaN           NaN            NaN        rule                0.200     0.00
       kimi  1000 final   ebottom    in     37  0.200     1.000    0.002      NaN           NaN            NaN        rule                0.200     0.00
       kimi  1000 final   ebottom    in     51  0.300     0.998    0.010      NaN           NaN            NaN        rule                0.200     0.00
       kimi  1000 final   ebottom    in     62  0.400     0.999    0.005      NaN           NaN            NaN        rule                0.200     0.00
       kimi  1000 final   ebottom    in     68  0.500     0.991    0.033      NaN           NaN            NaN        rule                0.200     0.00
       kimi  1000 final   ebottom    in     70  0.600     0.876    0.347      NaN           NaN            NaN        rule                0.200     0.00
       kimi  1000 final   ebottom    in     71  0.700     0.522    1.201      NaN           NaN            NaN        rule                0.200     0.00
       kimi  1000 final   ebottom    in     73  0.800     0.067    3.648      NaN           NaN            NaN        rule                1.819     0.00
       kimi  1000 final   ebottom    in     74  0.900     0.013   23.522      NaN           NaN            NaN gcm_hamming                0.752     0.00
       kimi  1000 final   ebottom    in     74  0.950     0.013   23.522      NaN           NaN            NaN gcm_hamming                0.752     0.00
       kimi  1000 final   ebottom    in     74  1.000     0.013   23.522      NaN           NaN            NaN gcm_hamming                0.752     0.00
       kimi  1000 final     erand    in      0  0.000     1.000    0.002      NaN           NaN            NaN        rule                0.200     0.00
       kimi  1000 final     erand    in      8  0.050     1.000    0.002      NaN           NaN            NaN        rule                0.200     0.00
       kimi  1000 final     erand    in     16  0.100     1.000    0.002      NaN           NaN            NaN        rule                0.200     0.00
       kimi  1000 final     erand    in     19  0.200     0.964    0.104      NaN           NaN            NaN        rule                0.200     0.00
       kimi  1000 final     erand    in     28  0.300     0.914    0.227      NaN           NaN            NaN        rule                0.200     0.00
       kimi  1000 final     erand    in     41  0.400     0.893    0.282      NaN           NaN            NaN        rule                0.200     0.00
       kimi  1000 final     erand    in     54  0.500     0.727    0.757      NaN           NaN            NaN        rule                0.200     0.00
       kimi  1000 final     erand    in     57  0.600     0.384    1.643      NaN           NaN            NaN        rule                0.388     0.00
       kimi  1000 final     erand    in     65  0.700     0.190    2.717      NaN           NaN            NaN        rule                1.170     0.00
       kimi  1000 final     erand    in     70  0.800     0.067    3.692      NaN           NaN            NaN        rule                1.819     0.00
       kimi  1000 final     erand    in     72  0.900     0.015   17.482      NaN           NaN            NaN gcm_hamming                1.819     0.00
       kimi  1000 final     erand    in     72  0.950     0.015   17.482      NaN           NaN            NaN gcm_hamming                1.819     0.00
       kimi  1000 final     erand    in     74  1.000     0.013   23.522      NaN           NaN            NaN gcm_hamming                0.752     0.00
       kimi  1000 final     erand    in      0  0.000     1.000    0.002      NaN           NaN            NaN        rule                0.200     0.00
       kimi  1000 final     erand    in      9  0.050     1.000    0.001      NaN           NaN            NaN        rule                0.200     0.00
       kimi  1000 final     erand    in     14  0.100     0.992    0.038      NaN           NaN            NaN        rule                0.200     0.00
       kimi  1000 final     erand    in     14  0.200     0.992    0.038      NaN           NaN            NaN        rule                0.200     0.00
       kimi  1000 final     erand    in     22  0.300     0.983    0.073      NaN           NaN            NaN        rule                0.200     0.00
       kimi  1000 final     erand    in     25  0.400     0.653    0.917      NaN           NaN            NaN        rule                0.200     0.00
       kimi  1000 final     erand    in     38  0.500     0.582    1.110      NaN           NaN            NaN        rule                0.200     0.00
       kimi  1000 final     erand    in     46  0.600     0.349    2.174      NaN           NaN            NaN        rule                0.938     0.00
       kimi  1000 final     erand    in     51  0.700     0.053    5.488      NaN           NaN            NaN        rule                2.828     0.00
       kimi  1000 final     erand    in     57  0.800     0.053    5.339      NaN           NaN            NaN        rule                2.268     0.00
       kimi  1000 final     erand    in     64  0.900     0.017   17.100      NaN           NaN            NaN gcm_hamming                2.268     0.00
       kimi  1000 final     erand    in     67  0.950     0.016   16.933      NaN           NaN            NaN gcm_hamming                1.819     0.00
       kimi  1000 final     erand    in     74  1.000     0.013   23.522      NaN           NaN            NaN gcm_hamming                0.752     0.00
       kimi  1000 final     erand    in      0  0.000     1.000    0.002      NaN           NaN            NaN        rule                0.200     0.00
       kimi  1000 final     erand    in      9  0.050     1.000    0.002      NaN           NaN            NaN        rule                0.200     0.00
       kimi  1000 final     erand    in     18  0.100     1.000    0.001      NaN           NaN            NaN        rule                0.200     0.00
       kimi  1000 final     erand    in     23  0.200     0.996    0.024      NaN           NaN            NaN        rule                0.200     0.00
       kimi  1000 final     erand    in     28  0.300     0.879    0.346      NaN           NaN            NaN        rule                0.200     0.00
       kimi  1000 final     erand    in     29  0.400     0.687    0.943      NaN           NaN            NaN        rule                0.200     0.00
       kimi  1000 final     erand    in     37  0.500     0.651    1.062      NaN           NaN            NaN        rule                0.200     0.00
       kimi  1000 final     erand    in     43  0.600     0.315    2.280      NaN           NaN            NaN        rule                0.938     0.00
       kimi  1000 final     erand    in     47  0.700     0.068    4.722      NaN           NaN            NaN        rule                2.828     0.00
       kimi  1000 final     erand    in     51  0.800     0.020    6.852      NaN           NaN            NaN gcm_hamming                2.268     0.00
       kimi  1000 final     erand    in     64  0.900     0.015   16.116      NaN           NaN            NaN gcm_hamming                1.819     0.00
       kimi  1000 final     erand    in     68  0.950     0.015   16.139      NaN           NaN            NaN gcm_hamming                1.819     0.00
       kimi  1000 final     erand    in     74  1.000     0.013   23.522      NaN           NaN            NaN gcm_hamming                0.752     0.00
       kimi  1000 final      topk    in     55  0.000     1.000    0.002      NaN           NaN            NaN        rule                0.200     0.00
       kimi  1000 final      topk    in     55  0.250     1.000    0.002      NaN           NaN            NaN        rule                0.200     0.00
       kimi  1000 final      topk    in     55  0.500     1.000    0.003      NaN           NaN            NaN        rule                0.200     0.00
       kimi  1000 final      topk    in     55  0.750     0.992    0.030      NaN           NaN            NaN        rule                0.200     0.00
       kimi  1000 final      topk    in     55  1.000     0.015   17.388      NaN           NaN            NaN gcm_hamming                2.268     0.00
       kimi  1000 final     randk    in     19  0.000     1.000    0.002      NaN           NaN            NaN        rule                0.200     0.00
       kimi  1000 final     randk    in     19  0.250     1.000    0.002      NaN           NaN            NaN        rule                0.200     0.00
       kimi  1000 final     randk    in     19  0.500     1.000    0.001      NaN           NaN            NaN        rule                0.200     0.00
       kimi  1000 final     randk    in     19  0.750     1.000    0.001      NaN           NaN            NaN        rule                0.200     0.00
       kimi  1000 final     randk    in     19  1.000     1.000    0.001      NaN           NaN            NaN        rule                0.200     0.00
       kimi  1000 final     randk    in     19  0.000     1.000    0.002      NaN           NaN            NaN        rule                0.200     0.00
       kimi  1000 final     randk    in     19  0.250     1.000    0.002      NaN           NaN            NaN        rule                0.200     0.00
       kimi  1000 final     randk    in     19  0.500     1.000    0.001      NaN           NaN            NaN        rule                0.200     0.00
       kimi  1000 final     randk    in     19  0.750     1.000    0.001      NaN           NaN            NaN        rule                0.200     0.00
       kimi  1000 final     randk    in     19  1.000     1.000    0.001      NaN           NaN            NaN        rule                0.200     0.00
       kimi  1000 final     randk    in     19  0.000     1.000    0.002      NaN           NaN            NaN        rule                0.200     0.00
       kimi  1000 final     randk    in     19  0.250     1.000    0.002      NaN           NaN            NaN        rule                0.200     0.00
       kimi  1000 final     randk    in     19  0.500     1.000    0.001      NaN           NaN            NaN        rule                0.200     0.00
       kimi  1000 final     randk    in     19  0.750     1.000    0.001      NaN           NaN            NaN        rule                0.200     0.00
       kimi  1000 final     randk    in     19  1.000     1.000    0.001      NaN           NaN            NaN        rule                0.200     0.00
       kimi  1000 final  residual    in     19  0.000     1.000    0.002      NaN           NaN            NaN        rule                0.200     0.00
       kimi  1000 final  residual    in     19  0.250     1.000    0.002      NaN           NaN            NaN        rule                0.200     0.00
       kimi  1000 final  residual    in     19  0.500     1.000    0.001      NaN           NaN            NaN        rule                0.200     0.00
       kimi  1000 final  residual    in     19  0.750     1.000    0.001      NaN           NaN            NaN        rule                0.200     0.00
       kimi  1000 final  residual    in     19  1.000     1.000    0.001      NaN           NaN            NaN        rule                0.200     0.00
       kimi  1001 final      none     -      0  0.000     0.997    0.016      NaN           NaN            NaN        rule                0.200     0.00
       kimi  1001 final   lowpass    in      0  0.000     0.013   23.144      NaN           NaN            NaN gcm_hamming                0.752     0.00
       kimi  1001 final   lowpass    in      1  1.000     0.014   19.444      NaN           NaN            NaN gcm_hamming                1.819     0.00
       kimi  1001 final   lowpass    in      2  2.000     0.018   18.170      NaN           NaN            NaN gcm_hamming                1.459     0.00
       kimi  1001 final   lowpass    in      3  3.000     0.017   18.406      NaN           NaN            NaN gcm_hamming                1.459     0.00
       kimi  1001 final   lowpass    in      4  4.000     0.060    4.615      NaN           NaN            NaN        rule                1.819     0.00
       kimi  1001 final   lowpass    in      6  6.000     0.087    4.254      NaN           NaN            NaN        rule                1.459     0.00
       kimi  1001 final   lowpass    in      8  8.000     0.088    4.250      NaN           NaN            NaN        rule                1.819     0.00
       kimi  1001 final   lowpass    in     12 12.000     0.105    4.038      NaN           NaN            NaN        rule                1.819     0.00
       kimi  1001 final   lowpass    in     16 16.000     0.507    1.571      NaN           NaN            NaN        rule                0.200     0.00
       kimi  1001 final   lowpass    in     24 24.000     0.516    1.565      NaN           NaN            NaN        rule                0.200     0.00
       kimi  1001 final   lowpass    in     32 32.000     0.554    1.403      NaN           NaN            NaN        rule                0.200     0.00
       kimi  1001 final   lowpass    in     48 48.000     0.962    0.121      NaN           NaN            NaN        rule                0.200     0.00
       kimi  1001 final   lowpass    in     74 74.000     0.997    0.016      NaN           NaN            NaN        rule                0.200     0.00
       kimi  1001 final      etop    in      0  0.000     0.997    0.016      NaN           NaN            NaN        rule                0.200     0.00
       kimi  1001 final      etop    in      1  0.050     0.922    0.217      NaN           NaN            NaN        rule                0.200     0.00
       kimi  1001 final      etop    in      2  0.100     0.898    0.298      NaN           NaN            NaN        rule                0.200     0.00
       kimi  1001 final      etop    in      3  0.200     0.816    0.544      NaN           NaN            NaN        rule                0.200     0.00
       kimi  1001 final      etop    in      4  0.300     0.720    0.919      NaN           NaN            NaN        rule                0.200     0.00
       kimi  1001 final      etop    in      7  0.400     0.570    1.873      NaN           NaN            NaN        rule                0.200     0.00
       kimi  1001 final      etop    in     13  0.500     0.378    3.901      NaN           NaN            NaN        rule                1.170     0.00
       kimi  1001 final      etop    in     21  0.600     0.184    8.266      NaN           NaN            NaN        rule                1.819     0.00
       kimi  1001 final      etop    in     31  0.700     0.075   12.401      NaN           NaN            NaN        rule                2.268     0.00
       kimi  1001 final      etop    in     43  0.800     0.026   16.726      NaN           NaN            NaN gcm_hamming                2.268     0.00
       kimi  1001 final      etop    in     57  0.900     0.018   18.853      NaN           NaN            NaN gcm_hamming                2.268     0.00
       kimi  1001 final      etop    in     65  0.950     0.015   19.044      NaN           NaN            NaN gcm_hamming                1.819     0.00
       kimi  1001 final      etop    in     74  1.000     0.013   23.144      NaN           NaN            NaN gcm_hamming                0.752     0.00
       kimi  1001 final   ebottom    in      0  0.000     0.997    0.016      NaN           NaN            NaN        rule                0.200     0.00
       kimi  1001 final   ebottom    in     10  0.050     0.997    0.017      NaN           NaN            NaN        rule                0.200     0.00
       kimi  1001 final   ebottom    in     18  0.100     0.996    0.017      NaN           NaN            NaN        rule                0.200     0.00
       kimi  1001 final   ebottom    in     32  0.200     0.997    0.018      NaN           NaN            NaN        rule                0.200     0.00
       kimi  1001 final   ebottom    in     44  0.300     0.991    0.035      NaN           NaN            NaN        rule                0.200     0.00
       kimi  1001 final   ebottom    in     54  0.400     0.976    0.078      NaN           NaN            NaN        rule                0.200     0.00
       kimi  1001 final   ebottom    in     62  0.500     0.951    0.163      NaN           NaN            NaN        rule                0.200     0.00
       kimi  1001 final   ebottom    in     68  0.600     0.949    0.152      NaN           NaN            NaN        rule                0.200     0.00
       kimi  1001 final   ebottom    in     71  0.700     0.476    1.493      NaN           NaN            NaN        rule                0.200     0.00
       kimi  1001 final   ebottom    in     72  0.800     0.281    2.414      NaN           NaN            NaN        rule                1.459     0.00
       kimi  1001 final   ebottom    in     73  0.900     0.066    4.325      NaN           NaN            NaN        rule                1.170     0.00
       kimi  1001 final   ebottom    in     74  0.950     0.013   23.144      NaN           NaN            NaN gcm_hamming                0.752     0.00
       kimi  1001 final   ebottom    in     74  1.000     0.013   23.144      NaN           NaN            NaN gcm_hamming                0.752     0.00
       kimi  1001 final     erand    in      0  0.000     0.997    0.016      NaN           NaN            NaN        rule                0.200     0.00
       kimi  1001 final     erand    in      7  0.050     0.997    0.016      NaN           NaN            NaN        rule                0.200     0.00
       kimi  1001 final     erand    in      9  0.100     0.979    0.077      NaN           NaN            NaN        rule                0.200     0.00
       kimi  1001 final     erand    in     15  0.200     0.946    0.165      NaN           NaN            NaN        rule                0.200     0.00
       kimi  1001 final     erand    in     23  0.300     0.875    0.372      NaN           NaN            NaN        rule                0.200     0.00
       kimi  1001 final     erand    in     30  0.400     0.542    1.501      NaN           NaN            NaN        rule                0.388     0.00
       kimi  1001 final     erand    in     31  0.500     0.281    3.645      NaN           NaN            NaN        rule                1.459     0.00
       kimi  1001 final     erand    in     39  0.600     0.164    4.792      NaN           NaN            NaN        rule                1.819     0.00
       kimi  1001 final     erand    in     50  0.700     0.090    5.677      NaN           NaN            NaN        rule                2.268     0.00
       kimi  1001 final     erand    in     59  0.800     0.044    5.984      NaN           NaN            NaN        rule                2.268     0.00
       kimi  1001 final     erand    in     69  0.900     0.050    4.875      NaN           NaN            NaN        rule                2.268     0.00
       kimi  1001 final     erand    in     72  0.950     0.016   19.351      NaN           NaN            NaN gcm_hamming                1.459     0.00
       kimi  1001 final     erand    in     74  1.000     0.013   23.144      NaN           NaN            NaN gcm_hamming                0.752     0.00
       kimi  1001 final     erand    in      0  0.000     0.997    0.016      NaN           NaN            NaN        rule                0.200     0.00
       kimi  1001 final     erand    in      3  0.050     0.995    0.021      NaN           NaN            NaN        rule                0.200     0.00
       kimi  1001 final     erand    in      9  0.100     0.995    0.023      NaN           NaN            NaN        rule                0.200     0.00
       kimi  1001 final     erand    in     14  0.200     0.966    0.113      NaN           NaN            NaN        rule                0.200     0.00
       kimi  1001 final     erand    in     24  0.300     0.949    0.166      NaN           NaN            NaN        rule                0.200     0.00
       kimi  1001 final     erand    in     31  0.400     0.692    0.945      NaN           NaN            NaN        rule                0.200     0.00
       kimi  1001 final     erand    in     39  0.500     0.575    1.415      NaN           NaN            NaN        rule                0.200     0.00
       kimi  1001 final     erand    in     44  0.600     0.161    3.844      NaN           NaN            NaN        rule                2.268     0.00
       kimi  1001 final     erand    in     51  0.700     0.072    5.624      NaN           NaN            NaN        rule                1.819     0.00
       kimi  1001 final     erand    in     62  0.800     0.057    5.417      NaN           NaN            NaN        rule                1.819     0.00
       kimi  1001 final     erand    in     70  0.900     0.016   18.071      NaN           NaN            NaN gcm_hamming                2.268     0.00
       kimi  1001 final     erand    in     70  0.950     0.016   18.071      NaN           NaN            NaN gcm_hamming                2.268     0.00
       kimi  1001 final     erand    in     74  1.000     0.013   23.144      NaN           NaN            NaN gcm_hamming                0.752     0.00
       kimi  1001 final     erand    in      0  0.000     0.997    0.016      NaN           NaN            NaN        rule                0.200     0.00
       kimi  1001 final     erand    in      8  0.050     0.997    0.016      NaN           NaN            NaN        rule                0.200     0.00
       kimi  1001 final     erand    in     13  0.100     0.997    0.016      NaN           NaN            NaN        rule                0.200     0.00
       kimi  1001 final     erand    in     26  0.200     0.995    0.022      NaN           NaN            NaN        rule                0.200     0.00
       kimi  1001 final     erand    in     30  0.300     0.946    0.160      NaN           NaN            NaN        rule                0.200     0.00
       kimi  1001 final     erand    in     36  0.400     0.733    0.809      NaN           NaN            NaN        rule                0.200     0.00
       kimi  1001 final     erand    in     38  0.500     0.354    2.353      NaN           NaN            NaN        rule                1.170     0.00
       kimi  1001 final     erand    in     47  0.600     0.241    2.831      NaN           NaN            NaN        rule                1.459     0.00
       kimi  1001 final     erand    in     56  0.700     0.174    3.116      NaN           NaN            NaN        rule                1.819     0.00
       kimi  1001 final     erand    in     64  0.800     0.117    4.187      NaN           NaN            NaN        rule                1.819     0.00
       kimi  1001 final     erand    in     71  0.900     0.015   18.711      NaN           NaN            NaN gcm_hamming                1.459     0.00
       kimi  1001 final     erand    in     71  0.950     0.015   18.711      NaN           NaN            NaN gcm_hamming                1.459     0.00
       kimi  1001 final     erand    in     74  1.000     0.013   23.144      NaN           NaN            NaN gcm_hamming                0.752     0.00
       kimi  1001 final      topk    in     57  0.000     0.997    0.016      NaN           NaN            NaN        rule                0.200     0.00
       kimi  1001 final      topk    in     57  0.250     0.997    0.017      NaN           NaN            NaN        rule                0.200     0.00
       kimi  1001 final      topk    in     57  0.500     0.995    0.022      NaN           NaN            NaN        rule                0.200     0.00
       kimi  1001 final      topk    in     57  0.750     0.963    0.119      NaN           NaN            NaN        rule                0.200     0.00
       kimi  1001 final      topk    in     57  1.000     0.018   18.853      NaN           NaN            NaN gcm_hamming                2.268     0.00
       kimi  1001 final     randk    in     17  0.000     0.997    0.016      NaN           NaN            NaN        rule                0.200     0.00
       kimi  1001 final     randk    in     17  0.250     0.997    0.015      NaN           NaN            NaN        rule                0.200     0.00
       kimi  1001 final     randk    in     17  0.500     0.997    0.015      NaN           NaN            NaN        rule                0.200     0.00
       kimi  1001 final     randk    in     17  0.750     0.997    0.016      NaN           NaN            NaN        rule                0.200     0.00
       kimi  1001 final     randk    in     17  1.000     0.996    0.017      NaN           NaN            NaN        rule                0.200     0.00
       kimi  1001 final     randk    in     17  0.000     0.997    0.016      NaN           NaN            NaN        rule                0.200     0.00
       kimi  1001 final     randk    in     17  0.250     0.997    0.015      NaN           NaN            NaN        rule                0.200     0.00
       kimi  1001 final     randk    in     17  0.500     0.997    0.015      NaN           NaN            NaN        rule                0.200     0.00
       kimi  1001 final     randk    in     17  0.750     0.997    0.016      NaN           NaN            NaN        rule                0.200     0.00
       kimi  1001 final     randk    in     17  1.000     0.996    0.017      NaN           NaN            NaN        rule                0.200     0.00
       kimi  1001 final     randk    in     17  0.000     0.997    0.016      NaN           NaN            NaN        rule                0.200     0.00
       kimi  1001 final     randk    in     17  0.250     0.997    0.015      NaN           NaN            NaN        rule                0.200     0.00
       kimi  1001 final     randk    in     17  0.500     0.997    0.015      NaN           NaN            NaN        rule                0.200     0.00
       kimi  1001 final     randk    in     17  0.750     0.997    0.016      NaN           NaN            NaN        rule                0.200     0.00
       kimi  1001 final     randk    in     17  1.000     0.996    0.017      NaN           NaN            NaN        rule                0.200     0.00
       kimi  1001 final  residual    in     17  0.000     0.997    0.016      NaN           NaN            NaN        rule                0.200     0.00
       kimi  1001 final  residual    in     17  0.250     0.997    0.015      NaN           NaN            NaN        rule                0.200     0.00
       kimi  1001 final  residual    in     17  0.500     0.997    0.015      NaN           NaN            NaN        rule                0.200     0.00
       kimi  1001 final  residual    in     17  0.750     0.997    0.016      NaN           NaN            NaN        rule                0.200     0.00
       kimi  1001 final  residual    in     17  1.000     0.996    0.017      NaN           NaN            NaN        rule                0.200     0.00
       kimi  1002 final      none     -      0  0.000     0.998    0.010      NaN           NaN            NaN        rule                0.200     0.00
       kimi  1002 final   lowpass    in      0  0.000     0.013   17.786      NaN           NaN            NaN gcm_hamming                2.268     0.00
       kimi  1002 final   lowpass    in      1  1.000     0.044    7.882      NaN           NaN            NaN        rule                0.938     0.00
       kimi  1002 final   lowpass    in      2  2.000     0.072    5.162      NaN           NaN            NaN        rule                1.459     0.00
       kimi  1002 final   lowpass    in      3  3.000     0.071    5.416      NaN           NaN            NaN        rule                1.170     0.00
       kimi  1002 final   lowpass    in      4  4.000     0.079    5.563      NaN           NaN            NaN        rule                1.459     0.00
       kimi  1002 final   lowpass    in      6  6.000     0.082    5.580      NaN           NaN            NaN        rule                1.819     0.00
       kimi  1002 final   lowpass    in      8  8.000     0.072    5.646      NaN           NaN            NaN        rule                1.170     0.00
       kimi  1002 final   lowpass    in     12 12.000     0.083    5.931      NaN           NaN            NaN        rule                1.170     0.00
       kimi  1002 final   lowpass    in     16 16.000     0.118    5.684      NaN           NaN            NaN        rule                1.459     0.00
       kimi  1002 final   lowpass    in     24 24.000     0.142    5.766      NaN           NaN            NaN        rule                1.459     0.00
       kimi  1002 final   lowpass    in     32 32.000     0.340    3.863      NaN           NaN            NaN        rule                0.752     0.00
       kimi  1002 final   lowpass    in     48 48.000     0.868    0.444      NaN           NaN            NaN        rule                0.200     0.00
       kimi  1002 final   lowpass    in     74 74.000     0.998    0.010      NaN           NaN            NaN        rule                0.200     0.00
       kimi  1002 final      etop    in      0  0.000     0.998    0.010      NaN           NaN            NaN        rule                0.200     0.00
       kimi  1002 final      etop    in      1  0.050     0.995    0.021      NaN           NaN            NaN        rule                0.200     0.00
       kimi  1002 final      etop    in      2  0.100     0.990    0.036      NaN           NaN            NaN        rule                0.200     0.00
       kimi  1002 final      etop    in      5  0.200     0.944    0.181      NaN           NaN            NaN        rule                0.200     0.00
       kimi  1002 final      etop    in      7  0.300     0.900    0.332      NaN           NaN            NaN        rule                0.200     0.00
       kimi  1002 final      etop    in     13  0.400     0.765    1.048      NaN           NaN            NaN        rule                0.200     0.00
       kimi  1002 final      etop    in     21  0.500     0.463    3.878      NaN           NaN            NaN        rule                0.388     0.00
       kimi  1002 final      etop    in     30  0.600     0.217    8.327      NaN           NaN            NaN        rule                1.170     0.00
       kimi  1002 final      etop    in     39  0.700     0.085   12.944      NaN           NaN            NaN        rule                1.459     0.00
       kimi  1002 final      etop    in     50  0.800     0.023   17.823      NaN           NaN            NaN gcm_hamming                1.819     0.00
       kimi  1002 final      etop    in     61  0.900     0.014   19.022      NaN           NaN            NaN gcm_hamming                2.268     0.00
       kimi  1002 final      etop    in     67  0.950     0.013   19.397      NaN           NaN            NaN gcm_hamming                1.459     0.00
       kimi  1002 final      etop    in     74  1.000     0.013   17.786      NaN           NaN            NaN gcm_hamming                2.268     0.00
       kimi  1002 final   ebottom    in      0  0.000     0.998    0.010      NaN           NaN            NaN        rule                0.200     0.00
       kimi  1002 final   ebottom    in      8  0.050     0.998    0.012      NaN           NaN            NaN        rule                0.200     0.00
       kimi  1002 final   ebottom    in     14  0.100     0.997    0.014      NaN           NaN            NaN        rule                0.200     0.00
       kimi  1002 final   ebottom    in     25  0.200     0.994    0.024      NaN           NaN            NaN        rule                0.200     0.00
       kimi  1002 final   ebottom    in     36  0.300     0.972    0.099      NaN           NaN            NaN        rule                0.200     0.00
       kimi  1002 final   ebottom    in     45  0.400     0.898    0.502      NaN           NaN            NaN        rule                0.200     0.00
       kimi  1002 final   ebottom    in     54  0.500     0.778    0.973      NaN           NaN            NaN        rule                0.200     0.00
       kimi  1002 final   ebottom    in     62  0.600     0.713    1.344      NaN           NaN            NaN        rule                0.200     0.00
       kimi  1002 final   ebottom    in     68  0.700     0.421    2.961      NaN           NaN            NaN        rule                0.200     0.00
       kimi  1002 final   ebottom    in     70  0.800     0.312    3.440      NaN           NaN            NaN        rule                0.388     0.00
       kimi  1002 final   ebottom    in     73  0.900     0.050    5.474      NaN           NaN            NaN        rule                1.170     0.00
       kimi  1002 final   ebottom    in     74  0.950     0.013   17.786      NaN           NaN            NaN gcm_hamming                2.268     0.00
       kimi  1002 final   ebottom    in     74  1.000     0.013   17.786      NaN           NaN            NaN gcm_hamming                2.268     0.00
       kimi  1002 final     erand    in      0  0.000     0.998    0.010      NaN           NaN            NaN        rule                0.200     0.00
       kimi  1002 final     erand    in      5  0.050     0.998    0.012      NaN           NaN            NaN        rule                0.200     0.00
       kimi  1002 final     erand    in      8  0.100     0.995    0.021      NaN           NaN            NaN        rule                0.200     0.00
       kimi  1002 final     erand    in     14  0.200     0.982    0.062      NaN           NaN            NaN        rule                0.200     0.00
       kimi  1002 final     erand    in     23  0.300     0.925    0.236      NaN           NaN            NaN        rule                0.200     0.00
       kimi  1002 final     erand    in     29  0.400     0.764    0.932      NaN           NaN            NaN        rule                0.200     0.00
       kimi  1002 final     erand    in     38  0.500     0.538    2.511      NaN           NaN            NaN        rule                0.200     0.00
       kimi  1002 final     erand    in     46  0.600     0.316    4.840      NaN           NaN            NaN        rule                0.752     0.00
       kimi  1002 final     erand    in     51  0.700     0.216    5.329      NaN           NaN            NaN        rule                1.170     0.00
       kimi  1002 final     erand    in     60  0.800     0.040    9.909      NaN           NaN            NaN        rule                1.819     0.00
       kimi  1002 final     erand    in     67  0.900     0.014   18.950      NaN           NaN            NaN gcm_hamming                1.459     0.00
       kimi  1002 final     erand    in     70  0.950     0.013   19.061      NaN           NaN            NaN gcm_hamming                1.819     0.00
       kimi  1002 final     erand    in     74  1.000     0.013   17.786      NaN           NaN            NaN gcm_hamming                2.268     0.00
       kimi  1002 final     erand    in      0  0.000     0.998    0.010      NaN           NaN            NaN        rule                0.200     0.00
       kimi  1002 final     erand    in      4  0.050     0.998    0.011      NaN           NaN            NaN        rule                0.200     0.00
       kimi  1002 final     erand    in      6  0.100     0.996    0.020      NaN           NaN            NaN        rule                0.200     0.00
       kimi  1002 final     erand    in     16  0.200     0.989    0.039      NaN           NaN            NaN        rule                0.200     0.00
       kimi  1002 final     erand    in     23  0.300     0.956    0.152      NaN           NaN            NaN        rule                0.200     0.00
       kimi  1002 final     erand    in     29  0.400     0.860    0.596      NaN           NaN            NaN        rule                0.200     0.00
       kimi  1002 final     erand    in     34  0.500     0.552    2.299      NaN           NaN            NaN        rule                0.200     0.00
       kimi  1002 final     erand    in     41  0.600     0.309    5.129      NaN           NaN            NaN        rule                1.170     0.00
       kimi  1002 final     erand    in     50  0.700     0.101   10.069      NaN           NaN            NaN        rule                1.819     0.00
       kimi  1002 final     erand    in     57  0.800     0.032   14.913      NaN           NaN            NaN        rule                1.819     0.00
       kimi  1002 final     erand    in     64  0.900     0.015   19.361      NaN           NaN            NaN gcm_hamming                1.819     0.00
       kimi  1002 final     erand    in     69  0.950     0.014   19.291      NaN           NaN            NaN gcm_hamming                1.819     0.00
       kimi  1002 final     erand    in     74  1.000     0.013   17.786      NaN           NaN            NaN gcm_hamming                2.268     0.00
       kimi  1002 final     erand    in      0  0.000     0.998    0.010      NaN           NaN            NaN        rule                0.200     0.00
       kimi  1002 final     erand    in      3  0.050     0.998    0.013      NaN           NaN            NaN        rule                0.200     0.00
       kimi  1002 final     erand    in      4  0.100     0.989    0.040      NaN           NaN            NaN        rule                0.200     0.00
       kimi  1002 final     erand    in     12  0.200     0.979    0.073      NaN           NaN            NaN        rule                0.200     0.00
       kimi  1002 final     erand    in     20  0.300     0.939    0.197      NaN           NaN            NaN        rule                0.200     0.00
       kimi  1002 final     erand    in     29  0.400     0.859    0.549      NaN           NaN            NaN        rule                0.200     0.00
       kimi  1002 final     erand    in     36  0.500     0.609    1.862      NaN           NaN            NaN        rule                0.200     0.00
       kimi  1002 final     erand    in     44  0.600     0.340    4.136      NaN           NaN            NaN        rule                1.170     0.00
       kimi  1002 final     erand    in     53  0.700     0.204    5.391      NaN           NaN            NaN        rule                1.459     0.00
       kimi  1002 final     erand    in     59  0.800     0.063    8.686      NaN           NaN            NaN        rule                2.268     0.00
       kimi  1002 final     erand    in     66  0.900     0.015   18.755      NaN           NaN            NaN gcm_hamming                1.819     0.00
       kimi  1002 final     erand    in     70  0.950     0.015   18.962      NaN           NaN            NaN gcm_hamming                1.459     0.00
       kimi  1002 final     erand    in     74  1.000     0.013   17.786      NaN           NaN            NaN gcm_hamming                2.268     0.00
       kimi  1002 final      topk    in     61  0.000     0.998    0.010      NaN           NaN            NaN        rule                0.200     0.00
       kimi  1002 final      topk    in     61  0.250     0.998    0.010      NaN           NaN            NaN        rule                0.200     0.00
       kimi  1002 final      topk    in     61  0.500     0.998    0.013      NaN           NaN            NaN        rule                0.200     0.00
       kimi  1002 final      topk    in     61  0.750     0.966    0.109      NaN           NaN            NaN        rule                0.200     0.00
       kimi  1002 final      topk    in     61  1.000     0.014   19.022      NaN           NaN            NaN gcm_hamming                2.268     0.00
       kimi  1002 final     randk    in     13  0.000     0.998    0.010      NaN           NaN            NaN        rule                0.200     0.00
       kimi  1002 final     randk    in     13  0.250     0.998    0.010      NaN           NaN            NaN        rule                0.200     0.00
       kimi  1002 final     randk    in     13  0.500     0.998    0.010      NaN           NaN            NaN        rule                0.200     0.00
       kimi  1002 final     randk    in     13  0.750     0.997    0.011      NaN           NaN            NaN        rule                0.200     0.00
       kimi  1002 final     randk    in     13  1.000     0.997    0.013      NaN           NaN            NaN        rule                0.200     0.00
       kimi  1002 final     randk    in     13  0.000     0.998    0.010      NaN           NaN            NaN        rule                0.200     0.00
       kimi  1002 final     randk    in     13  0.250     0.998    0.010      NaN           NaN            NaN        rule                0.200     0.00
       kimi  1002 final     randk    in     13  0.500     0.998    0.010      NaN           NaN            NaN        rule                0.200     0.00
       kimi  1002 final     randk    in     13  0.750     0.997    0.011      NaN           NaN            NaN        rule                0.200     0.00
       kimi  1002 final     randk    in     13  1.000     0.997    0.013      NaN           NaN            NaN        rule                0.200     0.00
       kimi  1002 final     randk    in     13  0.000     0.998    0.010      NaN           NaN            NaN        rule                0.200     0.00
       kimi  1002 final     randk    in     13  0.250     0.998    0.010      NaN           NaN            NaN        rule                0.200     0.00
       kimi  1002 final     randk    in     13  0.500     0.998    0.010      NaN           NaN            NaN        rule                0.200     0.00
       kimi  1002 final     randk    in     13  0.750     0.997    0.011      NaN           NaN            NaN        rule                0.200     0.00
       kimi  1002 final     randk    in     13  1.000     0.997    0.013      NaN           NaN            NaN        rule                0.200     0.00
       kimi  1002 final  residual    in     13  0.000     0.998    0.010      NaN           NaN            NaN        rule                0.200     0.00
       kimi  1002 final  residual    in     13  0.250     0.998    0.010      NaN           NaN            NaN        rule                0.200     0.00
       kimi  1002 final  residual    in     13  0.500     0.998    0.010      NaN           NaN            NaN        rule                0.200     0.00
       kimi  1002 final  residual    in     13  0.750     0.997    0.011      NaN           NaN            NaN        rule                0.200     0.00
       kimi  1002 final  residual    in     13  1.000     0.997    0.013      NaN           NaN            NaN        rule                0.200     0.00
      mamba  1000 final      none     -      0  0.000     0.999    0.008    1.000         0.000         23.133       rulex                0.200     1.00
      mamba  1000 final   lowpass    in      0  0.000     0.013   19.306    0.014         0.009          0.074 gcm_hamming                1.459     1.00
      mamba  1000 final   lowpass    in      1  1.000     0.015   17.944    0.014         0.009          0.055 gcm_hamming                1.459     0.68
      mamba  1000 final   lowpass    in      2  2.000     0.072    3.829    0.018         0.090        -12.290        rule                1.459     0.10
      mamba  1000 final   lowpass    in      3  3.000     0.166    2.888    0.041         0.140        -14.257       rulex                0.752     0.20
      mamba  1000 final   lowpass    in      4  4.000     0.163    2.896    0.041         0.149        -14.093       rulex                0.938     0.20
      mamba  1000 final   lowpass    in      6  6.000     0.165    2.902    0.041         0.167        -13.983       rulex                0.938     0.18
      mamba  1000 final   lowpass    in      8  8.000     0.164    2.910    0.041         0.154        -13.910       rulex                0.938     0.18
      mamba  1000 final   lowpass    in     12 12.000     0.174    2.895    0.036         0.136        -13.314       rulex                0.938     0.20
      mamba  1000 final   lowpass    in     16 16.000     0.205    2.776    0.041         0.113        -12.514       rulex                1.170     0.26
      mamba  1000 final   lowpass    in     24 24.000     0.214    2.750    0.036         0.109        -11.366       rulex                1.170     0.24
      mamba  1000 final   lowpass    in     32 32.000     0.211    2.801    0.054         0.100         -9.781       rulex                1.170     0.34
      mamba  1000 final   lowpass    in     48 48.000     0.927    0.285    0.290         0.335         -2.454       rulex                0.200     0.46
      mamba  1000 final   lowpass    in     74 74.000     0.999    0.008    1.000         0.000         23.133       rulex                0.200     1.00
      mamba  1000 final      etop    in      0  0.000     0.999    0.008    1.000         0.000         23.133       rulex                0.200     1.00
      mamba  1000 final      etop    in      1  0.050     0.985    0.062    0.995         0.000         20.414       rulex                0.200     1.00
      mamba  1000 final      etop    in      1  0.100     0.985    0.062    0.995         0.000         20.414       rulex                0.200     1.00
      mamba  1000 final      etop    in      2  0.200     0.962    0.136    0.873         0.023         15.555       rulex                0.200     0.98
      mamba  1000 final      etop    in      3  0.300     0.782    0.642    0.683         0.041         10.719       rulex                0.200     0.94
      mamba  1000 final      etop    in      5  0.400     0.215    3.168    0.394         0.005          7.441       rulex                1.459     1.00
      mamba  1000 final      etop    in      7  0.500     0.048   10.945    0.262         0.005         12.602       rulex                1.819     1.00
      mamba  1000 final      etop    in      9  0.600     0.026   13.998    0.176         0.009         11.506 gcm_hamming                1.459     1.00
      mamba  1000 final      etop    in     16  0.700     0.015   17.929    0.072         0.009          8.331 gcm_hamming                1.170     1.00
      mamba  1000 final      etop    in     31  0.800     0.013   18.182    0.036         0.009          4.816 gcm_hamming                1.819     1.00
      mamba  1000 final      etop    in     51  0.900     0.015   18.010    0.005         0.009          1.246 gcm_hamming                1.819     0.20
      mamba  1000 final      etop    in     62  0.950     0.015   17.908    0.005         0.014          0.729  gcm_linear                1.459     0.06
      mamba  1000 final      etop    in     74  1.000     0.013   19.306    0.014         0.009          0.074 gcm_hamming                1.459     1.00
      mamba  1000 final   ebottom    in      0  0.000     0.999    0.008    1.000         0.000         23.133       rulex                0.200     1.00
      mamba  1000 final   ebottom    in     13  0.050     0.999    0.005    1.000         0.000         21.737       rulex                0.200     1.00
      mamba  1000 final   ebottom    in     24  0.100     0.999    0.004    0.991         0.009         19.407       rulex                0.200     0.98
      mamba  1000 final   ebottom    in     44  0.200     0.998    0.005    0.846         0.131         10.438       rulex                0.200     0.86
      mamba  1000 final   ebottom    in     59  0.300     0.990    0.036    0.471         0.498         -1.411       rulex                0.200     0.48
      mamba  1000 final   ebottom    in     66  0.400     0.997    0.012    0.190         0.783        -11.031       rulex                0.200     0.20
      mamba  1000 final   ebottom    in     68  0.500     0.989    0.080    0.127         0.828        -13.879       rulex                0.200     0.14
      mamba  1000 final   ebottom    in     70  0.600     0.970    0.139    0.050         0.819        -16.858       rulex                0.200     0.06
      mamba  1000 final   ebottom    in     72  0.700     0.320    2.027    0.023         0.204        -15.240        rule                0.311     0.08
      mamba  1000 final   ebottom    in     73  0.800     0.059    4.353    0.009         0.045        -10.729        rule                1.170     0.08
      mamba  1000 final   ebottom    in     74  0.900     0.013   19.306    0.014         0.009          0.074 gcm_hamming                1.459     1.00
      mamba  1000 final   ebottom    in     74  0.950     0.013   19.306    0.014         0.009          0.074 gcm_hamming                1.459     1.00
      mamba  1000 final   ebottom    in     74  1.000     0.013   19.306    0.014         0.009          0.074 gcm_hamming                1.459     1.00
      mamba  1000 final     erand    in      0  0.000     0.999    0.008    1.000         0.000         23.133       rulex                0.200     1.00
      mamba  1000 final     erand    in      2  0.050     0.995    0.023    0.982         0.005         18.162       rulex                0.200     0.98
      mamba  1000 final     erand    in      4  0.100     0.995    0.023    0.977         0.009         17.711       rulex                0.200     0.98
      mamba  1000 final     erand    in     10  0.200     0.968    0.121    0.724         0.104          9.190       rulex                0.200     0.88
      mamba  1000 final     erand    in     15  0.300     0.962    0.136    0.552         0.163          5.363       rulex                0.200     0.78
      mamba  1000 final     erand    in     26  0.400     0.771    0.636    0.308         0.172         -0.971       rulex                0.200     0.64
      mamba  1000 final     erand    in     32  0.500     0.468    1.507    0.136         0.140         -5.995       rulex                0.311     0.50
      mamba  1000 final     erand    in     47  0.600     0.426    1.657    0.041         0.158        -10.132       rulex                0.484     0.20
      mamba  1000 final     erand    in     50  0.700     0.208    2.843    0.068         0.077         -6.373       rulex                1.459     0.46
      mamba  1000 final     erand    in     58  0.800     0.145    3.189    0.041         0.081         -7.092       rulex                1.459     0.32
      mamba  1000 final     erand    in     68  0.900     0.053    4.397    0.027         0.041         -6.401        rule                2.268     0.38
      mamba  1000 final     erand    in     74  0.950     0.013   19.306    0.014         0.009          0.074 gcm_hamming                1.459     1.00
      mamba  1000 final     erand    in     74  1.000     0.013   19.306    0.014         0.009          0.074 gcm_hamming                1.459     1.00
      mamba  1000 final     erand    in      0  0.000     0.999    0.008    1.000         0.000         23.133       rulex                0.200     1.00
      mamba  1000 final     erand    in     11  0.050     0.995    0.024    1.000         0.000         19.903       rulex                0.200     1.00
      mamba  1000 final     erand    in     11  0.100     0.995    0.024    1.000         0.000         19.903       rulex                0.200     1.00
      mamba  1000 final     erand    in     19  0.200     0.985    0.060    0.738         0.136          8.831       rulex                0.200     0.84
      mamba  1000 final     erand    in     22  0.300     0.775    0.623    0.385         0.136          2.718       rulex                0.200     0.74
      mamba  1000 final     erand    in     29  0.400     0.775    0.619    0.294         0.195         -0.379       rulex                0.200     0.60
      mamba  1000 final     erand    in     39  0.500     0.560    1.372    0.167         0.167         -4.285       rulex                0.200     0.50
      mamba  1000 final     erand    in     40  0.600     0.230    2.909    0.086         0.036         -6.386       rulex                1.170     0.72
      mamba  1000 final     erand    in     48  0.700     0.141    3.894    0.072         0.050         -5.407       rulex                1.459     0.60
      mamba  1000 final     erand    in     53  0.800     0.040    9.943    0.050         0.018         -0.601       rulex                1.459     0.82
      mamba  1000 final     erand    in     63  0.900     0.026   11.546    0.023         0.032         -1.784 gcm_hamming                1.459     0.36
      mamba  1000 final     erand    in     70  0.950     0.014   16.585    0.009         0.009         -0.574 gcm_hamming                1.459     0.50
      mamba  1000 final     erand    in     74  1.000     0.013   19.306    0.014         0.009          0.074 gcm_hamming                1.459     1.00
      mamba  1000 final     erand    in      0  0.000     0.999    0.008    1.000         0.000         23.133       rulex                0.200     1.00
      mamba  1000 final     erand    in      6  0.050     0.996    0.021    0.977         0.009         17.179       rulex                0.200     0.98
      mamba  1000 final     erand    in      6  0.100     0.996    0.021    0.977         0.009         17.179       rulex                0.200     0.98
      mamba  1000 final     erand    in     14  0.200     0.989    0.045    0.787         0.100         10.735       rulex                0.200     0.88
      mamba  1000 final     erand    in     20  0.300     0.830    0.504    0.389         0.158          2.292       rulex                0.200     0.72
      mamba  1000 final     erand    in     32  0.400     0.576    1.172    0.163         0.118         -4.616       rulex                0.200     0.58
      mamba  1000 final     erand    in     42  0.500     0.588    1.112    0.081         0.208         -8.303       rulex                0.200     0.28
      mamba  1000 final     erand    in     49  0.600     0.238    2.504    0.036         0.081         -9.353       rulex                0.938     0.30
      mamba  1000 final     erand    in     54  0.700     0.207    2.671    0.032         0.077        -11.031       rulex                1.170     0.28
      mamba  1000 final     erand    in     59  0.800     0.047    4.638    0.018         0.027         -9.777        rule                1.459     0.36
      mamba  1000 final     erand    in     64  0.900     0.024   11.463    0.005         0.027         -1.759 gcm_hamming                1.459     0.00
      mamba  1000 final     erand    in     70  0.950     0.019   12.004    0.005         0.023         -1.105 gcm_hamming                0.752     0.00
      mamba  1000 final     erand    in     74  1.000     0.013   19.306    0.014         0.009          0.074 gcm_hamming                1.459     1.00
      mamba  1000 final      topk    in     51  0.000     0.999    0.008    1.000         0.000         23.133       rulex                0.200     1.00
      mamba  1000 final      topk    in     51  0.250     0.998    0.009    1.000         0.000         23.200       rulex                0.200     1.00
      mamba  1000 final      topk    in     51  0.500     0.998    0.011    1.000         0.000         22.762       rulex                0.200     1.00
      mamba  1000 final      topk    in     51  0.750     0.976    0.080    0.941         0.027         17.846       rulex                0.200     0.98
      mamba  1000 final      topk    in     51  1.000     0.015   18.010    0.005         0.009          1.246 gcm_hamming                1.819     0.20
      mamba  1000 final     randk    in     23  0.000     0.999    0.008    1.000         0.000         23.133       rulex                0.200     1.00
      mamba  1000 final     randk    in     23  0.250     0.999    0.007    1.000         0.000         22.645       rulex                0.200     1.00
      mamba  1000 final     randk    in     23  0.500     0.999    0.005    1.000         0.000         21.967       rulex                0.200     1.00
      mamba  1000 final     randk    in     23  0.750     0.999    0.004    1.000         0.000         21.019       rulex                0.200     1.00
      mamba  1000 final     randk    in     23  1.000     0.999    0.004    0.995         0.005         19.684       rulex                0.200     0.98
      mamba  1000 final     randk    in     23  0.000     0.999    0.008    1.000         0.000         23.133       rulex                0.200     1.00
      mamba  1000 final     randk    in     23  0.250     0.999    0.007    1.000         0.000         22.645       rulex                0.200     1.00
      mamba  1000 final     randk    in     23  0.500     0.999    0.005    1.000         0.000         21.967       rulex                0.200     1.00
      mamba  1000 final     randk    in     23  0.750     0.999    0.004    1.000         0.000         21.019       rulex                0.200     1.00
      mamba  1000 final     randk    in     23  1.000     0.999    0.004    0.995         0.005         19.684       rulex                0.200     0.98
      mamba  1000 final     randk    in     23  0.000     0.999    0.008    1.000         0.000         23.133       rulex                0.200     1.00
      mamba  1000 final     randk    in     23  0.250     0.999    0.007    1.000         0.000         22.645       rulex                0.200     1.00
      mamba  1000 final     randk    in     23  0.500     0.999    0.005    1.000         0.000         21.967       rulex                0.200     1.00
      mamba  1000 final     randk    in     23  0.750     0.999    0.004    1.000         0.000         21.019       rulex                0.200     1.00
      mamba  1000 final     randk    in     23  1.000     0.999    0.004    0.995         0.005         19.684       rulex                0.200     0.98
      mamba  1000 final  residual    in     23  0.000     0.999    0.008    1.000         0.000         23.133       rulex                0.200     1.00
      mamba  1000 final  residual    in     23  0.250     0.999    0.007    1.000         0.000         22.645       rulex                0.200     1.00
      mamba  1000 final  residual    in     23  0.500     0.999    0.005    1.000         0.000         21.967       rulex                0.200     1.00
      mamba  1000 final  residual    in     23  0.750     0.999    0.004    1.000         0.000         21.019       rulex                0.200     1.00
      mamba  1000 final  residual    in     23  1.000     0.999    0.004    0.995         0.005         19.684       rulex                0.200     0.98
      mamba  1000 final   neurons units      0  0.000     0.999    0.008    1.000         0.000         23.133       rulex                0.200     1.00
      mamba  1000 final   neurons units      1  0.001     0.999    0.008    1.000         0.000         23.035       rulex                0.200     1.00
      mamba  1000 final   neurons units      2  0.001     0.999    0.008    1.000         0.000         22.942       rulex                0.200     1.00
      mamba  1000 final   neurons units      4  0.003     0.999    0.008    1.000         0.000         22.746       rulex                0.200     1.00
      mamba  1000 final   neurons units      8  0.005     0.999    0.008    1.000         0.000         22.429       rulex                0.200     1.00
      mamba  1000 final   neurons units     16  0.010     0.999    0.008    1.000         0.000         21.820       rulex                0.200     1.00
      mamba  1000 final   neurons units     32  0.021     0.999    0.008    1.000         0.000         20.792       rulex                0.200     1.00
      mamba  1000 final   neurons units     64  0.042     0.999    0.007    0.995         0.000         19.161       rulex                0.200     1.00
      mamba  1000 final   neurons units    128  0.083     0.999    0.006    0.986         0.005         16.282       rulex                0.200     0.98
      mamba  1000 final   neurons units    256  0.167     0.999    0.005    0.923         0.032         11.078       rulex                0.200     0.96
      mamba  1000 final   neurons units    512  0.333     0.999    0.005    0.557         0.204          3.899       rulex                0.200     0.74
      mamba  1000 final randunits units      0  0.000     0.999    0.008    1.000         0.000         23.133       rulex                0.200     1.00
      mamba  1000 final randunits units      1  0.001     0.999    0.008    1.000         0.000         23.121       rulex                0.200     1.00
      mamba  1000 final randunits units      2  0.001     0.999    0.008    1.000         0.000         23.113       rulex                0.200     1.00
      mamba  1000 final randunits units      4  0.003     0.999    0.008    1.000         0.000         23.050       rulex                0.200     1.00
      mamba  1000 final randunits units      8  0.005     0.998    0.009    1.000         0.000         23.249       rulex                0.200     1.00
      mamba  1000 final randunits units     16  0.010     0.998    0.009    1.000         0.000         22.931       rulex                0.200     1.00
      mamba  1000 final randunits units     32  0.021     0.999    0.008    1.000         0.000         22.871       rulex                0.200     1.00
      mamba  1000 final randunits units     64  0.042     0.999    0.008    1.000         0.000         22.795       rulex                0.200     1.00
      mamba  1000 final randunits units    128  0.083     0.998    0.010    1.000         0.000         22.608       rulex                0.200     1.00
      mamba  1000 final randunits units    256  0.167     0.997    0.013    0.991         0.000         21.217       rulex                0.200     1.00
      mamba  1000 final randunits units    512  0.333     0.993    0.031    0.982         0.000         19.618       rulex                0.200     1.00
      mamba  1000 final randunits units      0  0.000     0.999    0.008    1.000         0.000         23.133       rulex                0.200     1.00
      mamba  1000 final randunits units      1  0.001     0.999    0.008    1.000         0.000         23.086       rulex                0.200     1.00
      mamba  1000 final randunits units      2  0.001     0.999    0.008    1.000         0.000         23.114       rulex                0.200     1.00
      mamba  1000 final randunits units      4  0.003     0.999    0.008    1.000         0.000         23.066       rulex                0.200     1.00
      mamba  1000 final randunits units      8  0.005     0.998    0.009    1.000         0.000         23.139       rulex                0.200     1.00
      mamba  1000 final randunits units     16  0.010     0.998    0.008    1.000         0.000         23.026       rulex                0.200     1.00
      mamba  1000 final randunits units     32  0.021     0.998    0.009    1.000         0.000         22.901       rulex                0.200     1.00
      mamba  1000 final randunits units     64  0.042     0.998    0.007    1.000         0.000         22.806       rulex                0.200     1.00
      mamba  1000 final randunits units    128  0.083     0.998    0.007    1.000         0.000         22.432       rulex                0.200     1.00
      mamba  1000 final randunits units    256  0.167     0.996    0.015    0.995         0.000         21.955       rulex                0.200     1.00
      mamba  1000 final randunits units    512  0.333     0.995    0.022    1.000         0.000         18.850       rulex                0.200     1.00
      mamba  1000 final randunits units      0  0.000     0.999    0.008    1.000         0.000         23.133       rulex                0.200     1.00
      mamba  1000 final randunits units      1  0.001     0.999    0.008    1.000         0.000         23.143       rulex                0.200     1.00
      mamba  1000 final randunits units      2  0.001     0.999    0.008    1.000         0.000         23.122       rulex                0.200     1.00
      mamba  1000 final randunits units      4  0.003     0.998    0.008    1.000         0.000         23.097       rulex                0.200     1.00
      mamba  1000 final randunits units      8  0.005     0.999    0.008    1.000         0.000         23.088       rulex                0.200     1.00
      mamba  1000 final randunits units     16  0.010     0.998    0.009    1.000         0.000         23.047       rulex                0.200     1.00
      mamba  1000 final randunits units     32  0.021     0.998    0.009    1.000         0.000         23.090       rulex                0.200     1.00
      mamba  1000 final randunits units     64  0.042     0.998    0.009    1.000         0.000         22.820       rulex                0.200     1.00
      mamba  1000 final randunits units    128  0.083     0.998    0.010    1.000         0.000         22.107       rulex                0.200     1.00
      mamba  1000 final randunits units    256  0.167     0.998    0.010    1.000         0.000         21.398       rulex                0.200     1.00
      mamba  1000 final randunits units    512  0.333     0.996    0.018    0.995         0.005         18.595       rulex                0.200     0.98
      mamba  1001 final      none     -      0  0.000     0.996    0.012    0.995         0.005         18.854       rulex                0.200     0.98
      mamba  1001 final   lowpass    in      0  0.000     0.013   20.205    0.005         0.014         -0.523 gcm_hamming                0.752     0.00
      mamba  1001 final   lowpass    in      1  1.000     0.012   19.918    0.018         0.009         -1.178 gcm_hamming                0.752     1.00
      mamba  1001 final   lowpass    in      2  2.000     0.013   20.123    0.005         0.018          0.550 gcm_hamming                1.819     0.00
      mamba  1001 final   lowpass    in      3  3.000     0.014   20.266    0.005         0.018          2.149 gcm_hamming                1.819     0.00
      mamba  1001 final   lowpass    in      4  4.000     0.013   20.495    0.014         0.014          3.472 gcm_hamming                1.459     0.50
      mamba  1001 final   lowpass    in      6  6.000     0.014   20.583    0.032         0.009          5.609 gcm_hamming                1.170     1.00
      mamba  1001 final   lowpass    in      8  8.000     0.014   20.511    0.050         0.009          8.742 gcm_hamming                1.819     1.00
      mamba  1001 final   lowpass    in     12 12.000     0.014   20.589    0.063         0.005         11.550 gcm_hamming                1.459     1.00
      mamba  1001 final   lowpass    in     16 16.000     0.014   20.813    0.122         0.005         15.498 gcm_hamming                1.459     1.00
      mamba  1001 final   lowpass    in     24 24.000     0.014   20.879    0.217         0.005         21.580 gcm_hamming                1.459     1.00
      mamba  1001 final   lowpass    in     32 32.000     0.195    3.224    0.122         0.009         -1.425       rulex                0.938     0.96
      mamba  1001 final   lowpass    in     48 48.000     0.529    1.457    0.353         0.027          4.442       rulex                0.200     0.94
      mamba  1001 final   lowpass    in     74 74.000     0.996    0.012    0.995         0.005         18.854       rulex                0.200     0.98
      mamba  1001 final      etop    in      0  0.000     0.996    0.012    0.995         0.005         18.854       rulex                0.200     0.98
      mamba  1001 final      etop    in      1  0.050     0.985    0.056    0.982         0.005         17.020       rulex                0.200     0.98
      mamba  1001 final      etop    in      2  0.100     0.948    0.163    0.914         0.005         16.182       rulex                0.200     1.00
      mamba  1001 final      etop    in      3  0.200     0.894    0.335    0.837         0.005         15.245       rulex                0.200     1.00
      mamba  1001 final      etop    in      4  0.300     0.627    1.178    0.683         0.000         14.187       rulex                0.200     1.00
      mamba  1001 final      etop    in      5  0.400     0.244    3.073    0.579         0.000         14.239       rulex                1.170     1.00
      mamba  1001 final      etop    in      7  0.500     0.018   11.150    0.480         0.000         21.279 gcm_hamming                2.268     1.00
      mamba  1001 final      etop    in     11  0.600     0.013   20.958    0.611         0.000         32.110 gcm_hamming                2.268     1.00
      mamba  1001 final      etop    in     24  0.700     0.013   20.961    0.529         0.000         29.865 gcm_hamming                2.268     1.00
      mamba  1001 final      etop    in     39  0.800     0.012   20.811    0.335         0.000         25.211 gcm_hamming                1.819     1.00
      mamba  1001 final      etop    in     56  0.900     0.014   20.838    0.113         0.005         16.198 gcm_hamming                1.819     1.00
      mamba  1001 final      etop    in     65  0.950     0.014   20.760    0.036         0.005          6.414 gcm_hamming                1.819     1.00
      mamba  1001 final      etop    in     74  1.000     0.013   20.205    0.005         0.014         -0.523 gcm_hamming                0.752     0.00
      mamba  1001 final   ebottom    in      0  0.000     0.996    0.012    0.995         0.005         18.854       rulex                0.200     0.98
      mamba  1001 final   ebottom    in     10  0.050     0.998    0.008    0.991         0.009         16.594       rulex                0.200     0.98
      mamba  1001 final   ebottom    in     19  0.100     0.999    0.005    0.964         0.032         13.691       rulex                0.200     0.96
      mamba  1001 final   ebottom    in     36  0.200     0.999    0.004    0.751         0.231          6.123       rulex                0.200     0.76
      mamba  1001 final   ebottom    in     51  0.300     0.999    0.003    0.317         0.670         -2.558       rulex                0.200     0.32
      mamba  1001 final   ebottom    in     64  0.400     0.999    0.004    0.140         0.851        -10.342       rulex                0.200     0.14
      mamba  1001 final   ebottom    in     68  0.500     1.000    0.003    0.036         0.946        -14.719       rulex                0.200     0.04
      mamba  1001 final   ebottom    in     70  0.600     0.944    0.182    0.023         0.742        -15.366       rulex                0.200     0.04
      mamba  1001 final   ebottom    in     71  0.700     0.431    1.683    0.023         0.222        -14.598       rulex                0.200     0.08
      mamba  1001 final   ebottom    in     72  0.800     0.240    2.747    0.018         0.145        -13.139        rule                0.938     0.10
      mamba  1001 final   ebottom    in     73  0.900     0.056    4.807    0.009         0.041        -10.820        rule                1.459     0.10
      mamba  1001 final   ebottom    in     74  0.950     0.013   20.205    0.005         0.014         -0.523 gcm_hamming                0.752     0.00
      mamba  1001 final   ebottom    in     74  1.000     0.013   20.205    0.005         0.014         -0.523 gcm_hamming                0.752     0.00
      mamba  1001 final     erand    in      0  0.000     0.996    0.012    0.995         0.005         18.854       rulex                0.200     0.98
      mamba  1001 final     erand    in      8  0.050     0.998    0.010    0.986         0.014         16.125       rulex                0.200     0.98
      mamba  1001 final     erand    in     12  0.100     0.995    0.020    0.928         0.032         13.909       rulex                0.200     0.96
      mamba  1001 final     erand    in     14  0.200     0.979    0.071    0.760         0.050         10.305       rulex                0.200     0.94
      mamba  1001 final     erand    in     18  0.300     0.941    0.192    0.489         0.100          5.823       rulex                0.200     0.84
      mamba  1001 final     erand    in     25  0.400     0.338    2.079    0.253         0.014          0.708       rulex                0.752     0.96
      mamba  1001 final     erand    in     27  0.500     0.213    3.108    0.240         0.014          2.373       rulex                1.170     0.96
      mamba  1001 final     erand    in     35  0.600     0.222    2.992    0.158         0.023         -1.441       rulex                0.938     0.90
      mamba  1001 final     erand    in     46  0.700     0.056    4.788    0.109         0.014         -2.892       rulex                1.819     0.98
      mamba  1001 final     erand    in     53  0.800     0.013   20.709    0.231         0.005         20.819 gcm_hamming                1.819     1.00
      mamba  1001 final     erand    in     60  0.900     0.014   20.638    0.122         0.005         14.610 gcm_hamming                1.819     1.00
      mamba  1001 final     erand    in     67  0.950     0.014   20.725    0.050         0.018          7.606 gcm_hamming                1.459     0.92
      mamba  1001 final     erand    in     74  1.000     0.013   20.205    0.005         0.014         -0.523 gcm_hamming                0.752     0.00
      mamba  1001 final     erand    in      0  0.000     0.996    0.012    0.995         0.005         18.854       rulex                0.200     0.98
      mamba  1001 final     erand    in      8  0.050     0.997    0.010    0.986         0.014         16.326       rulex                0.200     0.98
      mamba  1001 final     erand    in     16  0.100     0.997    0.009    0.955         0.045         13.279       rulex                0.200     0.96
      mamba  1001 final     erand    in     32  0.200     0.999    0.004    0.747         0.222          6.250       rulex                0.200     0.78
      mamba  1001 final     erand    in     36  0.300     0.993    0.022    0.448         0.344          1.490       rulex                0.200     0.56
      mamba  1001 final     erand    in     40  0.400     0.993    0.029    0.262         0.448         -2.899       rulex                0.200     0.36
      mamba  1001 final     erand    in     51  0.500     0.897    0.321    0.077         0.425        -10.306       rulex                0.200     0.16
      mamba  1001 final     erand    in     57  0.600     0.693    0.876    0.041         0.281        -11.340       rulex                0.200     0.12
      mamba  1001 final     erand    in     59  0.700     0.252    2.581    0.045         0.077        -11.007       rulex                0.752     0.36
      mamba  1001 final     erand    in     62  0.800     0.057    4.865    0.023         0.027         -9.220        rule                1.819     0.44
      mamba  1001 final     erand    in     73  0.900     0.014   21.291    0.000         0.027         -0.032 gcm_hamming                1.170     0.00
      mamba  1001 final     erand    in     73  0.950     0.014   21.291    0.000         0.027         -0.032 gcm_hamming                1.170     0.00
      mamba  1001 final     erand    in     74  1.000     0.013   20.205    0.005         0.014         -0.523 gcm_hamming                0.752     0.00
      mamba  1001 final     erand    in      0  0.000     0.996    0.012    0.995         0.005         18.854       rulex                0.200     0.98
      mamba  1001 final     erand    in      8  0.050     0.997    0.009    0.995         0.005         16.508       rulex                0.200     0.98
      mamba  1001 final     erand    in     16  0.100     0.998    0.006    0.964         0.036         13.504       rulex                0.200     0.96
      mamba  1001 final     erand    in     32  0.200     0.999    0.004    0.719         0.249          5.929       rulex                0.200     0.74
      mamba  1001 final     erand    in     44  0.300     0.997    0.012    0.308         0.538         -3.108       rulex                0.200     0.36
      mamba  1001 final     erand    in     46  0.400     0.994    0.025    0.213         0.548         -5.174       rulex                0.200     0.28
      mamba  1001 final     erand    in     48  0.500     0.984    0.064    0.145         0.611         -8.034       rulex                0.200     0.20
      mamba  1001 final     erand    in     53  0.600     0.756    0.646    0.072         0.290        -10.578       rulex                0.200     0.20
      mamba  1001 final     erand    in     58  0.700     0.418    1.799    0.027         0.145        -11.952       rulex                0.311     0.16
      mamba  1001 final     erand    in     62  0.800     0.096    3.844    0.027         0.054        -11.995       rulex                1.819     0.30
      mamba  1001 final     erand    in     69  0.900     0.014   20.704    0.023         0.014          5.489 gcm_hamming                1.459     0.72
      mamba  1001 final     erand    in     69  0.950     0.014   20.704    0.023         0.014          5.489 gcm_hamming                1.459     0.72
      mamba  1001 final     erand    in     74  1.000     0.013   20.205    0.005         0.014         -0.523 gcm_hamming                0.752     0.00
      mamba  1001 final      topk    in     56  0.000     0.996    0.012    0.995         0.005         18.854       rulex                0.200     0.98
      mamba  1001 final      topk    in     56  0.250     0.996    0.015    0.995         0.005         19.779       rulex                0.200     0.98
      mamba  1001 final      topk    in     56  0.500     0.994    0.024    0.995         0.005         21.129       rulex                0.200     0.98
      mamba  1001 final      topk    in     56  0.750     0.960    0.150    0.995         0.000         23.216       rulex                0.200     1.00
      mamba  1001 final      topk    in     56  1.000     0.014   20.838    0.113         0.005         16.198 gcm_hamming                1.819     1.00
      mamba  1001 final     randk    in     18  0.000     0.996    0.012    0.995         0.005         18.854       rulex                0.200     0.98
      mamba  1001 final     randk    in     18  0.250     0.997    0.010    0.995         0.005         17.929       rulex                0.200     0.98
      mamba  1001 final     randk    in     18  0.500     0.998    0.008    0.991         0.009         16.838       rulex                0.200     0.98
      mamba  1001 final     randk    in     18  0.750     0.998    0.006    0.986         0.014         15.551       rulex                0.200     0.98
      mamba  1001 final     randk    in     18  1.000     0.999    0.005    0.968         0.032         14.036       rulex                0.200     0.96
      mamba  1001 final     randk    in     18  0.000     0.996    0.012    0.995         0.005         18.854       rulex                0.200     0.98
      mamba  1001 final     randk    in     18  0.250     0.997    0.010    0.995         0.005         17.929       rulex                0.200     0.98
      mamba  1001 final     randk    in     18  0.500     0.998    0.008    0.991         0.009         16.838       rulex                0.200     0.98
      mamba  1001 final     randk    in     18  0.750     0.998    0.006    0.986         0.014         15.551       rulex                0.200     0.98
      mamba  1001 final     randk    in     18  1.000     0.999    0.005    0.968         0.032         14.036       rulex                0.200     0.96
      mamba  1001 final     randk    in     18  0.000     0.996    0.012    0.995         0.005         18.854       rulex                0.200     0.98
      mamba  1001 final     randk    in     18  0.250     0.997    0.010    0.995         0.005         17.929       rulex                0.200     0.98
      mamba  1001 final     randk    in     18  0.500     0.998    0.008    0.991         0.009         16.838       rulex                0.200     0.98
      mamba  1001 final     randk    in     18  0.750     0.998    0.006    0.986         0.014         15.551       rulex                0.200     0.98
      mamba  1001 final     randk    in     18  1.000     0.999    0.005    0.968         0.032         14.036       rulex                0.200     0.96
      mamba  1001 final  residual    in     18  0.000     0.996    0.012    0.995         0.005         18.854       rulex                0.200     0.98
      mamba  1001 final  residual    in     18  0.250     0.997    0.010    0.995         0.005         17.929       rulex                0.200     0.98
      mamba  1001 final  residual    in     18  0.500     0.998    0.008    0.991         0.009         16.838       rulex                0.200     0.98
      mamba  1001 final  residual    in     18  0.750     0.998    0.006    0.986         0.014         15.551       rulex                0.200     0.98
      mamba  1001 final  residual    in     18  1.000     0.999    0.005    0.968         0.032         14.036       rulex                0.200     0.96
      mamba  1001 final   neurons units      0  0.000     0.996    0.012    0.995         0.005         18.854       rulex                0.200     0.98
      mamba  1001 final   neurons units      1  0.001     0.997    0.012    0.995         0.005         18.733       rulex                0.200     0.98
      mamba  1001 final   neurons units      2  0.001     0.997    0.012    0.995         0.005         18.632       rulex                0.200     0.98
      mamba  1001 final   neurons units      4  0.003     0.997    0.012    0.995         0.005         18.504       rulex                0.200     0.98
      mamba  1001 final   neurons units      8  0.005     0.997    0.012    0.995         0.005         18.301       rulex                0.200     0.98
      mamba  1001 final   neurons units     16  0.010     0.997    0.013    0.995         0.005         17.912       rulex                0.200     0.98
      mamba  1001 final   neurons units     32  0.021     0.997    0.012    0.995         0.005         17.313       rulex                0.200     0.98
      mamba  1001 final   neurons units     64  0.042     0.997    0.011    0.995         0.005         16.305       rulex                0.200     0.98
      mamba  1001 final   neurons units    128  0.083     0.997    0.011    0.986         0.005         14.375       rulex                0.200     0.98
      mamba  1001 final   neurons units    256  0.167     0.997    0.014    0.937         0.036         11.110       rulex                0.200     0.96
      mamba  1001 final   neurons units    512  0.333     0.993    0.037    0.751         0.136          6.306       rulex                0.200     0.84
      mamba  1001 final randunits units      0  0.000     0.996    0.012    0.995         0.005         18.854       rulex                0.200     0.98
      mamba  1001 final randunits units      1  0.001     0.996    0.012    0.995         0.005         18.844       rulex                0.200     0.98
      mamba  1001 final randunits units      2  0.001     0.996    0.012    0.995         0.005         18.825       rulex                0.200     0.98
      mamba  1001 final randunits units      4  0.003     0.996    0.013    0.995         0.005         18.775       rulex                0.200     0.98
      mamba  1001 final randunits units      8  0.005     0.997    0.013    0.995         0.005         18.897       rulex                0.200     0.98
      mamba  1001 final randunits units     16  0.010     0.996    0.013    0.995         0.005         18.715       rulex                0.200     0.98
      mamba  1001 final randunits units     32  0.021     0.997    0.013    0.995         0.005         18.773       rulex                0.200     0.98
      mamba  1001 final randunits units     64  0.042     0.997    0.012    0.995         0.005         18.656       rulex                0.200     0.98
      mamba  1001 final randunits units    128  0.083     0.996    0.015    0.991         0.009         18.231       rulex                0.200     0.98
      mamba  1001 final randunits units    256  0.167     0.995    0.022    0.991         0.009         18.213       rulex                0.200     0.98
      mamba  1001 final randunits units    512  0.333     0.989    0.032    0.982         0.014         16.938       rulex                0.200     0.98
      mamba  1001 final randunits units      0  0.000     0.996    0.012    0.995         0.005         18.854       rulex                0.200     0.98
      mamba  1001 final randunits units      1  0.001     0.996    0.013    0.995         0.005         18.825       rulex                0.200     0.98
      mamba  1001 final randunits units      2  0.001     0.996    0.012    0.995         0.005         18.844       rulex                0.200     0.98
      mamba  1001 final randunits units      4  0.003     0.997    0.013    0.995         0.005         18.836       rulex                0.200     0.98
      mamba  1001 final randunits units      8  0.005     0.997    0.013    0.995         0.005         18.895       rulex                0.200     0.98
      mamba  1001 final randunits units     16  0.010     0.996    0.013    0.995         0.005         18.882       rulex                0.200     0.98
      mamba  1001 final randunits units     32  0.021     0.996    0.014    0.995         0.005         18.671       rulex                0.200     0.98
      mamba  1001 final randunits units     64  0.042     0.997    0.013    0.991         0.005         18.639       rulex                0.200     0.98
      mamba  1001 final randunits units    128  0.083     0.996    0.017    0.995         0.005         18.459       rulex                0.200     0.98
      mamba  1001 final randunits units    256  0.167     0.996    0.015    0.986         0.014         17.737       rulex                0.200     0.98
      mamba  1001 final randunits units    512  0.333     0.990    0.039    0.986         0.009         16.330       rulex                0.200     0.98
      mamba  1001 final randunits units      0  0.000     0.996    0.012    0.995         0.005         18.854       rulex                0.200     0.98
      mamba  1001 final randunits units      1  0.001     0.996    0.012    0.995         0.005         18.856       rulex                0.200     0.98
      mamba  1001 final randunits units      2  0.001     0.996    0.012    0.995         0.005         18.840       rulex                0.200     0.98
      mamba  1001 final randunits units      4  0.003     0.996    0.013    0.995         0.005         18.864       rulex                0.200     0.98
      mamba  1001 final randunits units      8  0.005     0.997    0.012    0.995         0.005         18.817       rulex                0.200     0.98
      mamba  1001 final randunits units     16  0.010     0.996    0.013    0.995         0.005         18.683       rulex                0.200     0.98
      mamba  1001 final randunits units     32  0.021     0.997    0.011    0.995         0.005         18.812       rulex                0.200     0.98
      mamba  1001 final randunits units     64  0.042     0.997    0.014    0.995         0.005         18.943       rulex                0.200     0.98
      mamba  1001 final randunits units    128  0.083     0.996    0.019    0.991         0.009         18.340       rulex                0.200     0.98
      mamba  1001 final randunits units    256  0.167     0.994    0.021    0.995         0.005         18.189       rulex                0.200     0.98
      mamba  1001 final randunits units    512  0.333     0.988    0.043    0.973         0.009         17.200       rulex                0.200     0.98
      mamba  1002 final      none     -      0  0.000     0.998    0.009    1.000         0.000         20.253       rulex                0.200     1.00
      mamba  1002 final   lowpass    in      0  0.000     0.013   27.268    0.009         0.014         -2.134 gcm_hamming                0.752     0.00
      mamba  1002 final   lowpass    in      1  1.000     0.014   21.910    0.005         0.009          0.318 gcm_hamming                1.459     0.20
      mamba  1002 final   lowpass    in      2  2.000     0.013   22.272    0.009         0.005          1.551 gcm_hamming                1.170     1.00
      mamba  1002 final   lowpass    in      3  3.000     0.016   22.125    0.027         0.009          3.056 gcm_hamming                1.459     0.94
      mamba  1002 final   lowpass    in      4  4.000     0.017   22.054    0.027         0.009          4.254 gcm_hamming                1.459     0.94
      mamba  1002 final   lowpass    in      6  6.000     0.013   22.026    0.023         0.009          5.955 gcm_hamming                1.170     1.00
      mamba  1002 final   lowpass    in      8  8.000     0.014   22.079    0.032         0.005          7.737 gcm_hamming                1.459     1.00
      mamba  1002 final   lowpass    in     12 12.000     0.013   22.121    0.063         0.005         13.053 gcm_hamming                1.459     1.00
      mamba  1002 final   lowpass    in     16 16.000     0.015   22.272    0.090         0.005         15.348 gcm_hamming                1.170     1.00
      mamba  1002 final   lowpass    in     24 24.000     0.013   22.320    0.190         0.000         22.716 gcm_hamming                1.819     1.00
      mamba  1002 final   lowpass    in     32 32.000     0.054    5.009    0.118         0.005         -3.659       rulex                2.268     1.00
      mamba  1002 final   lowpass    in     48 48.000     0.146    3.359    0.122         0.005          0.668       rulex                1.819     1.00
      mamba  1002 final   lowpass    in     74 74.000     0.998    0.009    1.000         0.000         20.253       rulex                0.200     1.00
      mamba  1002 final      etop    in      0  0.000     0.998    0.009    1.000         0.000         20.253       rulex                0.200     1.00
      mamba  1002 final      etop    in      1  0.050     0.939    0.177    0.950         0.005         17.707       rulex                0.200     1.00
      mamba  1002 final      etop    in      1  0.100     0.939    0.177    0.950         0.005         17.707       rulex                0.200     1.00
      mamba  1002 final      etop    in      2  0.200     0.626    1.024    0.738         0.005         14.040       rulex                0.200     1.00
      mamba  1002 final      etop    in      3  0.300     0.593    1.237    0.647         0.000         13.298       rulex                0.200     1.00
      mamba  1002 final      etop    in      5  0.400     0.047    6.306    0.434         0.000         15.272       rulex                2.268     1.00
      mamba  1002 final      etop    in      6  0.500     0.015   22.134    0.579         0.000         34.849 gcm_hamming                2.268     1.00
      mamba  1002 final      etop    in     12  0.600     0.014   22.233    0.516         0.000         33.379 gcm_hamming                2.268     1.00
      mamba  1002 final      etop    in     26  0.700     0.014   22.491    0.430         0.000         30.474 gcm_hamming                2.268     1.00
      mamba  1002 final      etop    in     41  0.800     0.015   22.209    0.303         0.000         25.880 gcm_hamming                1.819     1.00
      mamba  1002 final      etop    in     56  0.900     0.014   22.212    0.077         0.005         15.796 gcm_hamming                1.819     1.00
      mamba  1002 final      etop    in     65  0.950     0.015   22.295    0.027         0.009          6.160 gcm_hamming                1.459     0.94
      mamba  1002 final      etop    in     74  1.000     0.013   27.268    0.009         0.014         -2.134 gcm_hamming                0.752     0.00
      mamba  1002 final   ebottom    in      0  0.000     0.998    0.009    1.000         0.000         20.253       rulex                0.200     1.00
      mamba  1002 final   ebottom    in     10  0.050     0.998    0.007    1.000         0.000         17.959       rulex                0.200     1.00
      mamba  1002 final   ebottom    in     19  0.100     0.999    0.004    0.977         0.018         15.258       rulex                0.200     0.98
      mamba  1002 final   ebottom    in     34  0.200     1.000    0.002    0.783         0.186          7.832       rulex                0.200     0.80
      mamba  1002 final   ebottom    in     49  0.300     1.000    0.001    0.389         0.579         -1.914       rulex                0.200     0.40
      mamba  1002 final   ebottom    in     63  0.400     1.000    0.001    0.136         0.855        -11.170       rulex                0.200     0.14
      mamba  1002 final   ebottom    in     69  0.500     1.000    0.004    0.045         0.932        -16.869       rulex                0.200     0.04
      mamba  1002 final   ebottom    in     70  0.600     0.979    0.077    0.050         0.846        -17.390       rulex                0.200     0.06
      mamba  1002 final   ebottom    in     72  0.700     0.230    2.261    0.023         0.140        -15.162       rulex                0.938     0.12
      mamba  1002 final   ebottom    in     73  0.800     0.065    4.194    0.023         0.063        -12.149        rule                1.170     0.20
      mamba  1002 final   ebottom    in     74  0.900     0.013   27.268    0.009         0.014         -2.134 gcm_hamming                0.752     0.00
      mamba  1002 final   ebottom    in     74  0.950     0.013   27.268    0.009         0.014         -2.134 gcm_hamming                0.752     0.00
      mamba  1002 final   ebottom    in     74  1.000     0.013   27.268    0.009         0.014         -2.134 gcm_hamming                0.752     0.00
      mamba  1002 final     erand    in      0  0.000     0.998    0.009    1.000         0.000         20.253       rulex                0.200     1.00
      mamba  1002 final     erand    in      7  0.050     0.998    0.007    1.000         0.000         17.972       rulex                0.200     1.00
      mamba  1002 final     erand    in     15  0.100     0.999    0.005    0.964         0.027         14.821       rulex                0.200     0.98
      mamba  1002 final     erand    in     31  0.200     0.999    0.003    0.783         0.190          7.397       rulex                0.200     0.80
      mamba  1002 final     erand    in     35  0.300     0.998    0.010    0.466         0.357          1.609       rulex                0.200     0.56
      mamba  1002 final     erand    in     46  0.400     0.967    0.119    0.190         0.371         -5.799       rulex                0.200     0.34
      mamba  1002 final     erand    in     49  0.500     0.968    0.114    0.163         0.434         -7.479       rulex                0.200     0.28
      mamba  1002 final     erand    in     53  0.600     0.732    0.770    0.109         0.195         -9.660       rulex                0.200     0.36
      mamba  1002 final     erand    in     54  0.700     0.265    2.583    0.077         0.063         -8.746       rulex                0.752     0.56
      mamba  1002 final     erand    in     58  0.800     0.055    4.759    0.036         0.027         -7.872       rulex                1.819     0.58
      mamba  1002 final     erand    in     67  0.900     0.014   22.260    0.023         0.005          6.795 gcm_hamming                1.459     1.00
      mamba  1002 final     erand    in     67  0.950     0.014   22.260    0.023         0.005          6.795 gcm_hamming                1.459     1.00
      mamba  1002 final     erand    in     74  1.000     0.013   27.268    0.009         0.014         -2.134 gcm_hamming                0.752     0.00
      mamba  1002 final     erand    in      0  0.000     0.998    0.009    1.000         0.000         20.253       rulex                0.200     1.00
      mamba  1002 final     erand    in      5  0.050     0.988    0.044    0.959         0.000         16.786       rulex                0.200     1.00
      mamba  1002 final     erand    in      5  0.100     0.988    0.044    0.959         0.000         16.786       rulex                0.200     1.00
      mamba  1002 final     erand    in     17  0.200     0.993    0.030    0.819         0.054         11.601       rulex                0.200     0.94
      mamba  1002 final     erand    in     22  0.300     0.932    0.213    0.448         0.072          4.005       rulex                0.200     0.86
      mamba  1002 final     erand    in     25  0.400     0.766    0.698    0.204         0.081         -1.576       rulex                0.200     0.72
      mamba  1002 final     erand    in     36  0.500     0.222    2.543    0.086         0.018         -6.146       rulex                1.170     0.84
      mamba  1002 final     erand    in     41  0.600     0.224    2.497    0.063         0.032         -8.249       rulex                1.170     0.68
      mamba  1002 final     erand    in     46  0.700     0.064    4.334    0.063         0.014         -8.351       rulex                1.459     0.90
      mamba  1002 final     erand    in     59  0.800     0.014   22.099    0.109         0.009         17.521 gcm_hamming                1.819     1.00
      mamba  1002 final     erand    in     61  0.900     0.014   22.039    0.077         0.005         15.582 gcm_hamming                2.268     1.00
      mamba  1002 final     erand    in     68  0.950     0.015   22.056    0.023         0.005          6.274 gcm_hamming                1.459     1.00
      mamba  1002 final     erand    in     74  1.000     0.013   27.268    0.009         0.014         -2.134 gcm_hamming                0.752     0.00
      mamba  1002 final     erand    in      0  0.000     0.998    0.009    1.000         0.000         20.253       rulex                0.200     1.00
      mamba  1002 final     erand    in      8  0.050     0.999    0.007    1.000         0.000         18.057       rulex                0.200     1.00
      mamba  1002 final     erand    in     16  0.100     0.999    0.005    0.977         0.023         15.279       rulex                0.200     0.98
      mamba  1002 final     erand    in     23  0.200     0.980    0.064    0.656         0.090          6.901       rulex                0.200     0.88
      mamba  1002 final     erand    in     33  0.300     0.984    0.057    0.448         0.231          1.297       rulex                0.200     0.66
      mamba  1002 final     erand    in     44  0.400     0.683    0.804    0.104         0.118         -5.592       rulex                0.200     0.46
      mamba  1002 final     erand    in     45  0.500     0.679    0.816    0.086         0.118         -6.333       rulex                0.200     0.42
      mamba  1002 final     erand    in     49  0.600     0.543    1.177    0.086         0.122         -8.538       rulex                0.200     0.42
      mamba  1002 final     erand    in     54  0.700     0.159    3.056    0.023         0.023        -10.753       rulex                1.459     0.50
      mamba  1002 final     erand    in     58  0.800     0.065    4.408    0.045         0.023         -9.614       rulex                1.819     0.70
      mamba  1002 final     erand    in     60  0.900     0.012   22.373    0.122         0.005         15.737 gcm_hamming                1.819     1.00
      mamba  1002 final     erand    in     67  0.950     0.015   22.310    0.023         0.005          9.185 gcm_hamming                1.819     1.00
      mamba  1002 final     erand    in     74  1.000     0.013   27.268    0.009         0.014         -2.134 gcm_hamming                0.752     0.00
      mamba  1002 final      topk    in     56  0.000     0.998    0.009    1.000         0.000         20.253       rulex                0.200     1.00
      mamba  1002 final      topk    in     56  0.250     0.997    0.010    1.000         0.000         21.091       rulex                0.200     1.00
      mamba  1002 final      topk    in     56  0.500     0.996    0.015    1.000         0.000         22.277       rulex                0.200     1.00
      mamba  1002 final      topk    in     56  0.750     0.973    0.095    1.000         0.000         23.994       rulex                0.200     1.00
      mamba  1002 final      topk    in     56  1.000     0.014   22.212    0.077         0.005         15.796 gcm_hamming                1.819     1.00
      mamba  1002 final     randk    in     18  0.000     0.998    0.009    1.000         0.000         20.253       rulex                0.200     1.00
      mamba  1002 final     randk    in     18  0.250     0.998    0.008    1.000         0.000         19.396       rulex                0.200     1.00
      mamba  1002 final     randk    in     18  0.500     0.998    0.007    1.000         0.000         18.361       rulex                0.200     1.00
      mamba  1002 final     randk    in     18  0.750     0.999    0.006    0.995         0.005         17.112       rulex                0.200     0.98
      mamba  1002 final     randk    in     18  1.000     0.999    0.005    0.982         0.018         15.611       rulex                0.200     0.98
      mamba  1002 final     randk    in     18  0.000     0.998    0.009    1.000         0.000         20.253       rulex                0.200     1.00
      mamba  1002 final     randk    in     18  0.250     0.998    0.008    1.000         0.000         19.396       rulex                0.200     1.00
      mamba  1002 final     randk    in     18  0.500     0.998    0.007    1.000         0.000         18.361       rulex                0.200     1.00
      mamba  1002 final     randk    in     18  0.750     0.999    0.006    0.995         0.005         17.112       rulex                0.200     0.98
      mamba  1002 final     randk    in     18  1.000     0.999    0.005    0.982         0.018         15.611       rulex                0.200     0.98
      mamba  1002 final     randk    in     18  0.000     0.998    0.009    1.000         0.000         20.253       rulex                0.200     1.00
      mamba  1002 final     randk    in     18  0.250     0.998    0.008    1.000         0.000         19.396       rulex                0.200     1.00
      mamba  1002 final     randk    in     18  0.500     0.998    0.007    1.000         0.000         18.361       rulex                0.200     1.00
      mamba  1002 final     randk    in     18  0.750     0.999    0.006    0.995         0.005         17.112       rulex                0.200     0.98
      mamba  1002 final     randk    in     18  1.000     0.999    0.005    0.982         0.018         15.611       rulex                0.200     0.98
      mamba  1002 final  residual    in     18  0.000     0.998    0.009    1.000         0.000         20.253       rulex                0.200     1.00
      mamba  1002 final  residual    in     18  0.250     0.998    0.008    1.000         0.000         19.396       rulex                0.200     1.00
      mamba  1002 final  residual    in     18  0.500     0.998    0.007    1.000         0.000         18.361       rulex                0.200     1.00
      mamba  1002 final  residual    in     18  0.750     0.999    0.006    0.995         0.005         17.112       rulex                0.200     0.98
      mamba  1002 final  residual    in     18  1.000     0.999    0.005    0.982         0.018         15.611       rulex                0.200     0.98
      mamba  1002 final   neurons units      0  0.000     0.998    0.009    1.000         0.000         20.253       rulex                0.200     1.00
      mamba  1002 final   neurons units      1  0.001     0.998    0.009    1.000         0.000         20.169       rulex                0.200     1.00
      mamba  1002 final   neurons units      2  0.001     0.998    0.009    1.000         0.000         20.088       rulex                0.200     1.00
      mamba  1002 final   neurons units      4  0.003     0.998    0.009    1.000         0.000         19.927       rulex                0.200     1.00
      mamba  1002 final   neurons units      8  0.005     0.998    0.009    1.000         0.000         19.605       rulex                0.200     1.00
      mamba  1002 final   neurons units     16  0.010     0.998    0.008    1.000         0.000         19.056       rulex                0.200     1.00
      mamba  1002 final   neurons units     32  0.021     0.998    0.007    1.000         0.000         18.139       rulex                0.200     1.00
      mamba  1002 final   neurons units     64  0.042     0.998    0.007    1.000         0.000         16.577       rulex                0.200     1.00
      mamba  1002 final   neurons units    128  0.083     0.999    0.006    0.959         0.014         14.001       rulex                0.200     0.98
      mamba  1002 final   neurons units    256  0.167     0.999    0.006    0.869         0.072          9.675       rulex                0.200     0.92
      mamba  1002 final   neurons units    512  0.333     0.997    0.013    0.557         0.294          3.828       rulex                0.200     0.66
      mamba  1002 final randunits units      0  0.000     0.998    0.009    1.000         0.000         20.253       rulex                0.200     1.00
      mamba  1002 final randunits units      1  0.001     0.998    0.009    1.000         0.000         20.244       rulex                0.200     1.00
      mamba  1002 final randunits units      2  0.001     0.998    0.009    1.000         0.000         20.228       rulex                0.200     1.00
      mamba  1002 final randunits units      4  0.003     0.998    0.009    1.000         0.000         20.192       rulex                0.200     1.00
      mamba  1002 final randunits units      8  0.005     0.998    0.009    1.000         0.000         20.317       rulex                0.200     1.00
      mamba  1002 final randunits units     16  0.010     0.997    0.009    1.000         0.000         19.975       rulex                0.200     1.00
      mamba  1002 final randunits units     32  0.021     0.998    0.009    1.000         0.000         20.016       rulex                0.200     1.00
      mamba  1002 final randunits units     64  0.042     0.997    0.011    1.000         0.000         19.845       rulex                0.200     1.00
      mamba  1002 final randunits units    128  0.083     0.997    0.011    1.000         0.000         19.594       rulex                0.200     1.00
      mamba  1002 final randunits units    256  0.167     0.996    0.017    0.995         0.000         19.354       rulex                0.200     1.00
      mamba  1002 final randunits units    512  0.333     0.991    0.027    0.982         0.000         17.186       rulex                0.200     1.00
      mamba  1002 final randunits units      0  0.000     0.998    0.009    1.000         0.000         20.253       rulex                0.200     1.00
      mamba  1002 final randunits units      1  0.001     0.998    0.009    1.000         0.000         20.207       rulex                0.200     1.00
      mamba  1002 final randunits units      2  0.001     0.998    0.009    1.000         0.000         20.271       rulex                0.200     1.00
      mamba  1002 final randunits units      4  0.003     0.998    0.009    1.000         0.000         20.217       rulex                0.200     1.00
      mamba  1002 final randunits units      8  0.005     0.998    0.010    1.000         0.000         20.291       rulex                0.200     1.00
      mamba  1002 final randunits units     16  0.010     0.998    0.009    1.000         0.000         20.157       rulex                0.200     1.00
      mamba  1002 final randunits units     32  0.021     0.998    0.010    1.000         0.000         20.097       rulex                0.200     1.00
      mamba  1002 final randunits units     64  0.042     0.997    0.011    1.000         0.000         19.875       rulex                0.200     1.00
      mamba  1002 final randunits units    128  0.083     0.997    0.010    1.000         0.000         19.841       rulex                0.200     1.00
      mamba  1002 final randunits units    256  0.167     0.997    0.015    0.995         0.000         19.163       rulex                0.200     1.00
      mamba  1002 final randunits units    512  0.333     0.991    0.032    0.968         0.005         16.557       rulex                0.200     0.98
      mamba  1002 final randunits units      0  0.000     0.998    0.009    1.000         0.000         20.253       rulex                0.200     1.00
      mamba  1002 final randunits units      1  0.001     0.998    0.009    1.000         0.000         20.259       rulex                0.200     1.00
      mamba  1002 final randunits units      2  0.001     0.998    0.009    1.000         0.000         20.258       rulex                0.200     1.00
      mamba  1002 final randunits units      4  0.003     0.998    0.009    1.000         0.000         20.248       rulex                0.200     1.00
      mamba  1002 final randunits units      8  0.005     0.998    0.009    1.000         0.000         20.233       rulex                0.200     1.00
      mamba  1002 final randunits units     16  0.010     0.998    0.009    1.000         0.000         20.164       rulex                0.200     1.00
      mamba  1002 final randunits units     32  0.021     0.997    0.010    1.000         0.000         20.143       rulex                0.200     1.00
      mamba  1002 final randunits units     64  0.042     0.998    0.010    1.000         0.000         20.325       rulex                0.200     1.00
      mamba  1002 final randunits units    128  0.083     0.998    0.011    1.000         0.000         19.762       rulex                0.200     1.00
      mamba  1002 final randunits units    256  0.167     0.996    0.018    1.000         0.000         19.220       rulex                0.200     1.00
      mamba  1002 final randunits units    512  0.333     0.991    0.032    0.968         0.009         16.799       rulex                0.200     0.98
      mamba  1000 final      none     -      0  0.000     1.000    0.001      NaN           NaN            NaN        rule                0.200     0.00
      mamba  1000 final   lowpass    in      0  0.000     0.013   23.152      NaN           NaN            NaN gcm_hamming                0.752     0.00
      mamba  1000 final   lowpass    in      1  1.000     0.016   21.213      NaN           NaN            NaN gcm_hamming                0.938     0.00
      mamba  1000 final   lowpass    in      2  2.000     0.015   20.312      NaN           NaN            NaN gcm_hamming                0.938     0.00
      mamba  1000 final   lowpass    in      3  3.000     0.017   19.893      NaN           NaN            NaN gcm_hamming                0.938     0.00
      mamba  1000 final   lowpass    in      4  4.000     0.016   19.507      NaN           NaN            NaN gcm_hamming                0.938     0.00
      mamba  1000 final   lowpass    in      6  6.000     0.018   18.925      NaN           NaN            NaN gcm_hamming                1.170     0.00
      mamba  1000 final   lowpass    in      8  8.000     0.021   12.606      NaN           NaN            NaN gcm_hamming                1.170     0.00
      mamba  1000 final   lowpass    in     12 12.000     0.021   12.735      NaN           NaN            NaN gcm_hamming                1.170     0.00
      mamba  1000 final   lowpass    in     16 16.000     0.070    4.569      NaN           NaN            NaN        rule                1.459     0.00
      mamba  1000 final   lowpass    in     24 24.000     0.069    4.796      NaN           NaN            NaN        rule                1.459     0.00
      mamba  1000 final   lowpass    in     32 32.000     0.255    2.487      NaN           NaN            NaN        rule                1.170     0.00
      mamba  1000 final   lowpass    in     48 48.000     0.877    0.395      NaN           NaN            NaN        rule                0.200     0.00
      mamba  1000 final   lowpass    in     74 74.000     1.000    0.001      NaN           NaN            NaN        rule                0.200     0.00
      mamba  1000 final      etop    in      0  0.000     1.000    0.001      NaN           NaN            NaN        rule                0.200     0.00
      mamba  1000 final      etop    in      1  0.050     0.998    0.007      NaN           NaN            NaN        rule                0.200     0.00
      mamba  1000 final      etop    in      2  0.100     0.985    0.059      NaN           NaN            NaN        rule                0.200     0.00
      mamba  1000 final      etop    in      3  0.200     0.898    0.291      NaN           NaN            NaN        rule                0.200     0.00
      mamba  1000 final      etop    in      4  0.300     0.639    1.015      NaN           NaN            NaN        rule                0.200     0.00
      mamba  1000 final      etop    in      5  0.400     0.330    2.364      NaN           NaN            NaN        rule                0.752     0.00
      mamba  1000 final      etop    in      6  0.500     0.175    3.719      NaN           NaN            NaN        rule                1.819     0.00
      mamba  1000 final      etop    in      8  0.600     0.027    9.193      NaN           NaN            NaN        rule                1.819     0.00
      mamba  1000 final      etop    in     10  0.700     0.015   18.561      NaN           NaN            NaN gcm_hamming                1.819     0.00
      mamba  1000 final      etop    in     26  0.800     0.015   18.389      NaN           NaN            NaN gcm_hamming                1.819     0.00
      mamba  1000 final      etop    in     48  0.900     0.016   18.433      NaN           NaN            NaN gcm_hamming                1.819     0.00
      mamba  1000 final      etop    in     61  0.950     0.017   18.667      NaN           NaN            NaN gcm_hamming                1.459     0.00
      mamba  1000 final      etop    in     74  1.000     0.013   23.152      NaN           NaN            NaN gcm_hamming                0.752     0.00
      mamba  1000 final   ebottom    in      0  0.000     1.000    0.001      NaN           NaN            NaN        rule                0.200     0.00
      mamba  1000 final   ebottom    in     14  0.050     1.000    0.000      NaN           NaN            NaN        rule                0.200     0.00
      mamba  1000 final   ebottom    in     27  0.100     1.000    0.000      NaN           NaN            NaN        rule                0.200     0.00
      mamba  1000 final   ebottom    in     49  0.200     1.000    0.000      NaN           NaN            NaN        rule                0.200     0.00
      mamba  1000 final   ebottom    in     65  0.300     1.000    0.000      NaN           NaN            NaN        rule                0.200     0.00
      mamba  1000 final   ebottom    in     67  0.400     1.000    0.001      NaN           NaN            NaN        rule                0.200     0.00
      mamba  1000 final   ebottom    in     69  0.500     0.997    0.016      NaN           NaN            NaN        rule                0.200     0.00
      mamba  1000 final   ebottom    in     70  0.600     0.874    0.375      NaN           NaN            NaN        rule                0.200     0.00
      mamba  1000 final   ebottom    in     71  0.700     0.611    1.078      NaN           NaN            NaN        rule                0.200     0.00
      mamba  1000 final   ebottom    in     72  0.800     0.270    2.360      NaN           NaN            NaN        rule                0.752     0.00
      mamba  1000 final   ebottom    in     73  0.900     0.066    4.102      NaN           NaN            NaN        rule                1.459     0.00
      mamba  1000 final   ebottom    in     74  0.950     0.013   23.152      NaN           NaN            NaN gcm_hamming                0.752     0.00
      mamba  1000 final   ebottom    in     74  1.000     0.013   23.152      NaN           NaN            NaN gcm_hamming                0.752     0.00
      mamba  1000 final     erand    in      0  0.000     1.000    0.001      NaN           NaN            NaN        rule                0.200     0.00
      mamba  1000 final     erand    in      8  0.050     1.000    0.004      NaN           NaN            NaN        rule                0.200     0.00
      mamba  1000 final     erand    in      8  0.100     1.000    0.004      NaN           NaN            NaN        rule                0.200     0.00
      mamba  1000 final     erand    in     14  0.200     0.950    0.139      NaN           NaN            NaN        rule                0.200     0.00
      mamba  1000 final     erand    in     17  0.300     0.908    0.275      NaN           NaN            NaN        rule                0.200     0.00
      mamba  1000 final     erand    in     25  0.400     0.825    0.487      NaN           NaN            NaN        rule                0.200     0.00
      mamba  1000 final     erand    in     33  0.500     0.455    1.585      NaN           NaN            NaN        rule                0.388     0.00
      mamba  1000 final     erand    in     41  0.600     0.429    1.691      NaN           NaN            NaN        rule                0.311     0.00
      mamba  1000 final     erand    in     49  0.700     0.294    2.416      NaN           NaN            NaN        rule                0.603     0.00
      mamba  1000 final     erand    in     54  0.800     0.059    4.914      NaN           NaN            NaN        rule                1.459     0.00
      mamba  1000 final     erand    in     66  0.900     0.016   18.460      NaN           NaN            NaN gcm_hamming                1.459     0.00
      mamba  1000 final     erand    in     66  0.950     0.016   18.460      NaN           NaN            NaN gcm_hamming                1.459     0.00
      mamba  1000 final     erand    in     74  1.000     0.013   23.152      NaN           NaN            NaN gcm_hamming                0.752     0.00
      mamba  1000 final     erand    in      0  0.000     1.000    0.001      NaN           NaN            NaN        rule                0.200     0.00
      mamba  1000 final     erand    in     12  0.050     1.000    0.001      NaN           NaN            NaN        rule                0.200     0.00
      mamba  1000 final     erand    in     22  0.100     1.000    0.001      NaN           NaN            NaN        rule                0.200     0.00
      mamba  1000 final     erand    in     25  0.200     0.999    0.005      NaN           NaN            NaN        rule                0.200     0.00
      mamba  1000 final     erand    in     27  0.300     0.982    0.060      NaN           NaN            NaN        rule                0.200     0.00
      mamba  1000 final     erand    in     39  0.400     0.914    0.260      NaN           NaN            NaN        rule                0.200     0.00
      mamba  1000 final     erand    in     41  0.500     0.785    0.642      NaN           NaN            NaN        rule                0.200     0.00
      mamba  1000 final     erand    in     51  0.600     0.377    1.992      NaN           NaN            NaN        rule                0.484     0.00
      mamba  1000 final     erand    in     57  0.700     0.378    1.996      NaN           NaN            NaN        rule                0.388     0.00
      mamba  1000 final     erand    in     61  0.800     0.116    3.788      NaN           NaN            NaN        rule                1.170     0.00
      mamba  1000 final     erand    in     63  0.900     0.023    9.042      NaN           NaN            NaN gcm_hamming                1.459     0.00
      mamba  1000 final     erand    in     73  0.950     0.013   22.007      NaN           NaN            NaN gcm_hamming                0.752     0.00
      mamba  1000 final     erand    in     74  1.000     0.013   23.152      NaN           NaN            NaN gcm_hamming                0.752     0.00
      mamba  1000 final     erand    in      0  0.000     1.000    0.001      NaN           NaN            NaN        rule                0.200     0.00
      mamba  1000 final     erand    in      3  0.050     0.999    0.004      NaN           NaN            NaN        rule                0.200     0.00
      mamba  1000 final     erand    in      8  0.100     1.000    0.003      NaN           NaN            NaN        rule                0.200     0.00
      mamba  1000 final     erand    in     23  0.200     0.999    0.004      NaN           NaN            NaN        rule                0.200     0.00
      mamba  1000 final     erand    in     30  0.300     0.982    0.066      NaN           NaN            NaN        rule                0.200     0.00
      mamba  1000 final     erand    in     37  0.400     0.868    0.402      NaN           NaN            NaN        rule                0.200     0.00
      mamba  1000 final     erand    in     45  0.500     0.871    0.383      NaN           NaN            NaN        rule                0.200     0.00
      mamba  1000 final     erand    in     48  0.600     0.733    0.833      NaN           NaN            NaN        rule                0.200     0.00
      mamba  1000 final     erand    in     54  0.700     0.103    4.238      NaN           NaN            NaN        rule                1.459     0.00
      mamba  1000 final     erand    in     56  0.800     0.102    4.227      NaN           NaN            NaN        rule                1.459     0.00
      mamba  1000 final     erand    in     70  0.900     0.053    4.680      NaN           NaN            NaN        rule                1.459     0.00
      mamba  1000 final     erand    in     74  0.950     0.013   23.152      NaN           NaN            NaN gcm_hamming                0.752     0.00
      mamba  1000 final     erand    in     74  1.000     0.013   23.152      NaN           NaN            NaN gcm_hamming                0.752     0.00
      mamba  1000 final      topk    in     48  0.000     1.000    0.001      NaN           NaN            NaN        rule                0.200     0.00
      mamba  1000 final      topk    in     48  0.250     1.000    0.001      NaN           NaN            NaN        rule                0.200     0.00
      mamba  1000 final      topk    in     48  0.500     0.999    0.002      NaN           NaN            NaN        rule                0.200     0.00
      mamba  1000 final      topk    in     48  0.750     0.990    0.032      NaN           NaN            NaN        rule                0.200     0.00
      mamba  1000 final      topk    in     48  1.000     0.016   18.433      NaN           NaN            NaN gcm_hamming                1.819     0.00
      mamba  1000 final     randk    in     26  0.000     1.000    0.001      NaN           NaN            NaN        rule                0.200     0.00
      mamba  1000 final     randk    in     26  0.250     1.000    0.000      NaN           NaN            NaN        rule                0.200     0.00
      mamba  1000 final     randk    in     26  0.500     1.000    0.000      NaN           NaN            NaN        rule                0.200     0.00
      mamba  1000 final     randk    in     26  0.750     1.000    0.000      NaN           NaN            NaN        rule                0.200     0.00
      mamba  1000 final     randk    in     26  1.000     1.000    0.000      NaN           NaN            NaN        rule                0.200     0.00
      mamba  1000 final     randk    in     26  0.000     1.000    0.001      NaN           NaN            NaN        rule                0.200     0.00
      mamba  1000 final     randk    in     26  0.250     1.000    0.000      NaN           NaN            NaN        rule                0.200     0.00
      mamba  1000 final     randk    in     26  0.500     1.000    0.000      NaN           NaN            NaN        rule                0.200     0.00
      mamba  1000 final     randk    in     26  0.750     1.000    0.000      NaN           NaN            NaN        rule                0.200     0.00
      mamba  1000 final     randk    in     26  1.000     1.000    0.000      NaN           NaN            NaN        rule                0.200     0.00
      mamba  1000 final     randk    in     26  0.000     1.000    0.001      NaN           NaN            NaN        rule                0.200     0.00
      mamba  1000 final     randk    in     26  0.250     1.000    0.000      NaN           NaN            NaN        rule                0.200     0.00
      mamba  1000 final     randk    in     26  0.500     1.000    0.000      NaN           NaN            NaN        rule                0.200     0.00
      mamba  1000 final     randk    in     26  0.750     1.000    0.000      NaN           NaN            NaN        rule                0.200     0.00
      mamba  1000 final     randk    in     26  1.000     1.000    0.000      NaN           NaN            NaN        rule                0.200     0.00
      mamba  1000 final  residual    in     26  0.000     1.000    0.001      NaN           NaN            NaN        rule                0.200     0.00
      mamba  1000 final  residual    in     26  0.250     1.000    0.000      NaN           NaN            NaN        rule                0.200     0.00
      mamba  1000 final  residual    in     26  0.500     1.000    0.000      NaN           NaN            NaN        rule                0.200     0.00
      mamba  1000 final  residual    in     26  0.750     1.000    0.000      NaN           NaN            NaN        rule                0.200     0.00
      mamba  1000 final  residual    in     26  1.000     1.000    0.000      NaN           NaN            NaN        rule                0.200     0.00
      mamba  1001 final      none     -      0  0.000     1.000    0.001      NaN           NaN            NaN        rule                0.200     0.00
      mamba  1001 final   lowpass    in      0  0.000     0.013   25.370      NaN           NaN            NaN gcm_hamming                0.752     0.00
      mamba  1001 final   lowpass    in      1  1.000     0.013   24.892      NaN           NaN            NaN gcm_hamming                0.752     0.00
      mamba  1001 final   lowpass    in      2  2.000     0.014   24.663      NaN           NaN            NaN        rule                0.938     0.00
      mamba  1001 final   lowpass    in      3  3.000     0.014   25.155      NaN           NaN            NaN        rule                1.170     0.00
      mamba  1001 final   lowpass    in      4  4.000     0.015   25.334      NaN           NaN            NaN        rule                0.938     0.00
      mamba  1001 final   lowpass    in      6  6.000     0.017   25.748      NaN           NaN            NaN        rule                1.459     0.00
      mamba  1001 final   lowpass    in      8  8.000     0.015   25.851      NaN           NaN            NaN        rule                1.819     0.00
      mamba  1001 final   lowpass    in     12 12.000     0.016   25.731      NaN           NaN            NaN gcm_hamming                1.819     0.00
      mamba  1001 final   lowpass    in     16 16.000     0.017   25.899      NaN           NaN            NaN gcm_hamming                2.268     0.00
      mamba  1001 final   lowpass    in     24 24.000     0.015   25.989      NaN           NaN            NaN gcm_hamming                1.819     0.00
      mamba  1001 final   lowpass    in     32 32.000     0.072    4.242      NaN           NaN            NaN        rule                1.170     0.00
      mamba  1001 final   lowpass    in     48 48.000     0.178    2.909      NaN           NaN            NaN        rule                0.938     0.00
      mamba  1001 final   lowpass    in     74 74.000     1.000    0.001      NaN           NaN            NaN        rule                0.200     0.00
      mamba  1001 final      etop    in      0  0.000     1.000    0.001      NaN           NaN            NaN        rule                0.200     0.00
      mamba  1001 final      etop    in      1  0.050     0.656    0.838      NaN           NaN            NaN        rule                0.200     0.00
      mamba  1001 final      etop    in      1  0.100     0.656    0.838      NaN           NaN            NaN        rule                0.200     0.00
      mamba  1001 final      etop    in      2  0.200     0.285    2.224      NaN           NaN            NaN        rule                0.752     0.00
      mamba  1001 final      etop    in      2  0.300     0.285    2.224      NaN           NaN            NaN        rule                0.752     0.00
      mamba  1001 final      etop    in      3  0.400     0.119    3.430      NaN           NaN            NaN        rule                1.170     0.00
      mamba  1001 final      etop    in      4  0.500     0.019    6.595      NaN           NaN            NaN gcm_hamming                1.819     0.00
      mamba  1001 final      etop    in      4  0.600     0.019    6.595      NaN           NaN            NaN gcm_hamming                1.819     0.00
      mamba  1001 final      etop    in      8  0.700     0.015   26.213      NaN           NaN            NaN gcm_hamming                2.268     0.00
      mamba  1001 final      etop    in     25  0.800     0.014   26.141      NaN           NaN            NaN gcm_hamming                1.819     0.00
      mamba  1001 final      etop    in     48  0.900     0.016   25.987      NaN           NaN            NaN gcm_hamming                1.819     0.00
      mamba  1001 final      etop    in     60  0.950     0.015   25.542      NaN           NaN            NaN gcm_hamming                1.819     0.00
      mamba  1001 final      etop    in     74  1.000     0.013   25.370      NaN           NaN            NaN gcm_hamming                0.752     0.00
      mamba  1001 final   ebottom    in      0  0.000     1.000    0.001      NaN           NaN            NaN        rule                0.200     0.00
      mamba  1001 final   ebottom    in     15  0.050     1.000    0.000      NaN           NaN            NaN        rule                0.200     0.00
      mamba  1001 final   ebottom    in     27  0.100     1.000    0.000      NaN           NaN            NaN        rule                0.200     0.00
      mamba  1001 final   ebottom    in     50  0.200     1.000    0.000      NaN           NaN            NaN        rule                0.200     0.00
      mamba  1001 final   ebottom    in     67  0.300     1.000    0.000      NaN           NaN            NaN        rule                0.200     0.00
      mamba  1001 final   ebottom    in     71  0.400     0.910    0.296      NaN           NaN            NaN        rule                0.200     0.00
      mamba  1001 final   ebottom    in     71  0.500     0.910    0.296      NaN           NaN            NaN        rule                0.200     0.00
      mamba  1001 final   ebottom    in     72  0.600     0.387    1.794      NaN           NaN            NaN        rule                0.200     0.00
      mamba  1001 final   ebottom    in     73  0.700     0.071    4.188      NaN           NaN            NaN        rule                1.170     0.00
      mamba  1001 final   ebottom    in     73  0.800     0.071    4.188      NaN           NaN            NaN        rule                1.170     0.00
      mamba  1001 final   ebottom    in     74  0.900     0.013   25.370      NaN           NaN            NaN gcm_hamming                0.752     0.00
      mamba  1001 final   ebottom    in     74  0.950     0.013   25.370      NaN           NaN            NaN gcm_hamming                0.752     0.00
      mamba  1001 final   ebottom    in     74  1.000     0.013   25.370      NaN           NaN            NaN gcm_hamming                0.752     0.00
      mamba  1001 final     erand    in      0  0.000     1.000    0.001      NaN           NaN            NaN        rule                0.200     0.00
      mamba  1001 final     erand    in     11  0.050     1.000    0.001      NaN           NaN            NaN        rule                0.200     0.00
      mamba  1001 final     erand    in     20  0.100     1.000    0.001      NaN           NaN            NaN        rule                0.200     0.00
      mamba  1001 final     erand    in     31  0.200     0.999    0.005      NaN           NaN            NaN        rule                0.200     0.00
      mamba  1001 final     erand    in     51  0.300     1.000    0.004      NaN           NaN            NaN        rule                0.200     0.00
      mamba  1001 final     erand    in     53  0.400     0.906    0.317      NaN           NaN            NaN        rule                0.200     0.00
      mamba  1001 final     erand    in     60  0.500     0.377    1.786      NaN           NaN            NaN        rule                0.200     0.00
      mamba  1001 final     erand    in     60  0.600     0.377    1.786      NaN           NaN            NaN        rule                0.200     0.00
      mamba  1001 final     erand    in     67  0.700     0.080    3.928      NaN           NaN            NaN        rule                1.459     0.00
      mamba  1001 final     erand    in     67  0.800     0.080    3.928      NaN           NaN            NaN        rule                1.459     0.00
      mamba  1001 final     erand    in     70  0.900     0.017   25.288      NaN           NaN            NaN        rule                1.459     0.00
      mamba  1001 final     erand    in     70  0.950     0.017   25.288      NaN           NaN            NaN        rule                1.459     0.00
      mamba  1001 final     erand    in     74  1.000     0.013   25.370      NaN           NaN            NaN gcm_hamming                0.752     0.00
      mamba  1001 final     erand    in      0  0.000     1.000    0.001      NaN           NaN            NaN        rule                0.200     0.00
      mamba  1001 final     erand    in      5  0.050     0.659    0.832      NaN           NaN            NaN        rule                0.200     0.00
      mamba  1001 final     erand    in      5  0.100     0.659    0.832      NaN           NaN            NaN        rule                0.200     0.00
      mamba  1001 final     erand    in      6  0.200     0.656    0.831      NaN           NaN            NaN        rule                0.200     0.00
      mamba  1001 final     erand    in     27  0.300     0.665    0.811      NaN           NaN            NaN        rule                0.200     0.00
      mamba  1001 final     erand    in     36  0.400     0.359    1.851      NaN           NaN            NaN        rule                0.484     0.00
      mamba  1001 final     erand    in     40  0.500     0.142    3.135      NaN           NaN            NaN        rule                1.459     0.00
      mamba  1001 final     erand    in     40  0.600     0.142    3.135      NaN           NaN            NaN        rule                1.459     0.00
      mamba  1001 final     erand    in     46  0.700     0.020    6.144      NaN           NaN            NaN gcm_hamming                1.819     0.00
      mamba  1001 final     erand    in     46  0.800     0.020    6.144      NaN           NaN            NaN gcm_hamming                1.819     0.00
      mamba  1001 final     erand    in     56  0.900     0.016   25.792      NaN           NaN            NaN gcm_hamming                1.819     0.00
      mamba  1001 final     erand    in     64  0.950     0.015   25.322      NaN           NaN            NaN        rule                1.819     0.00
      mamba  1001 final     erand    in     74  1.000     0.013   25.370      NaN           NaN            NaN gcm_hamming                0.752     0.00
      mamba  1001 final     erand    in      0  0.000     1.000    0.001      NaN           NaN            NaN        rule                0.200     0.00
      mamba  1001 final     erand    in     12  0.050     1.000    0.000      NaN           NaN            NaN        rule                0.200     0.00
      mamba  1001 final     erand    in     23  0.100     1.000    0.000      NaN           NaN            NaN        rule                0.200     0.00
      mamba  1001 final     erand    in     32  0.200     0.741    0.608      NaN           NaN            NaN        rule                0.200     0.00
      mamba  1001 final     erand    in     32  0.300     0.741    0.608      NaN           NaN            NaN        rule                0.200     0.00
      mamba  1001 final     erand    in     40  0.400     0.355    1.916      NaN           NaN            NaN        rule                0.388     0.00
      mamba  1001 final     erand    in     41  0.500     0.355    1.915      NaN           NaN            NaN        rule                0.388     0.00
      mamba  1001 final     erand    in     58  0.600     0.134    3.273      NaN           NaN            NaN        rule                1.459     0.00
      mamba  1001 final     erand    in     58  0.700     0.134    3.273      NaN           NaN            NaN        rule                1.459     0.00
      mamba  1001 final     erand    in     60  0.800     0.019    6.049      NaN           NaN            NaN gcm_hamming                1.819     0.00
      mamba  1001 final     erand    in     62  0.900     0.020    6.051      NaN           NaN            NaN gcm_hamming                2.268     0.00
      mamba  1001 final     erand    in     64  0.950     0.016   25.644      NaN           NaN            NaN        rule                1.819     0.00
      mamba  1001 final     erand    in     74  1.000     0.013   25.370      NaN           NaN            NaN gcm_hamming                0.752     0.00
      mamba  1001 final      topk    in     48  0.000     1.000    0.001      NaN           NaN            NaN        rule                0.200     0.00
      mamba  1001 final      topk    in     48  0.250     1.000    0.001      NaN           NaN            NaN        rule                0.200     0.00
      mamba  1001 final      topk    in     48  0.500     1.000    0.002      NaN           NaN            NaN        rule                0.200     0.00
      mamba  1001 final      topk    in     48  0.750     0.991    0.032      NaN           NaN            NaN        rule                0.200     0.00
      mamba  1001 final      topk    in     48  1.000     0.016   25.987      NaN           NaN            NaN gcm_hamming                1.819     0.00
      mamba  1001 final     randk    in     26  0.000     1.000    0.001      NaN           NaN            NaN        rule                0.200     0.00
      mamba  1001 final     randk    in     26  0.250     1.000    0.001      NaN           NaN            NaN        rule                0.200     0.00
      mamba  1001 final     randk    in     26  0.500     1.000    0.001      NaN           NaN            NaN        rule                0.200     0.00
      mamba  1001 final     randk    in     26  0.750     1.000    0.000      NaN           NaN            NaN        rule                0.200     0.00
      mamba  1001 final     randk    in     26  1.000     1.000    0.000      NaN           NaN            NaN        rule                0.200     0.00
      mamba  1001 final     randk    in     26  0.000     1.000    0.001      NaN           NaN            NaN        rule                0.200     0.00
      mamba  1001 final     randk    in     26  0.250     1.000    0.001      NaN           NaN            NaN        rule                0.200     0.00
      mamba  1001 final     randk    in     26  0.500     1.000    0.001      NaN           NaN            NaN        rule                0.200     0.00
      mamba  1001 final     randk    in     26  0.750     1.000    0.000      NaN           NaN            NaN        rule                0.200     0.00
      mamba  1001 final     randk    in     26  1.000     1.000    0.000      NaN           NaN            NaN        rule                0.200     0.00
      mamba  1001 final     randk    in     26  0.000     1.000    0.001      NaN           NaN            NaN        rule                0.200     0.00
      mamba  1001 final     randk    in     26  0.250     1.000    0.001      NaN           NaN            NaN        rule                0.200     0.00
      mamba  1001 final     randk    in     26  0.500     1.000    0.001      NaN           NaN            NaN        rule                0.200     0.00
      mamba  1001 final     randk    in     26  0.750     1.000    0.000      NaN           NaN            NaN        rule                0.200     0.00
      mamba  1001 final     randk    in     26  1.000     1.000    0.000      NaN           NaN            NaN        rule                0.200     0.00
      mamba  1001 final  residual    in     26  0.000     1.000    0.001      NaN           NaN            NaN        rule                0.200     0.00
      mamba  1001 final  residual    in     26  0.250     1.000    0.001      NaN           NaN            NaN        rule                0.200     0.00
      mamba  1001 final  residual    in     26  0.500     1.000    0.001      NaN           NaN            NaN        rule                0.200     0.00
      mamba  1001 final  residual    in     26  0.750     1.000    0.000      NaN           NaN            NaN        rule                0.200     0.00
      mamba  1001 final  residual    in     26  1.000     1.000    0.000      NaN           NaN            NaN        rule                0.200     0.00
      mamba  1002 final      none     -      0  0.000     1.000    0.000      NaN           NaN            NaN        rule                0.200     0.00
      mamba  1002 final   lowpass    in      0  0.000     0.013   18.920      NaN           NaN            NaN gcm_hamming                0.752     0.00
      mamba  1002 final   lowpass    in      1  1.000     0.068    4.891      NaN           NaN            NaN        rule                1.170     0.00
      mamba  1002 final   lowpass    in      2  2.000     0.068    4.865      NaN           NaN            NaN        rule                1.170     0.00
      mamba  1002 final   lowpass    in      3  3.000     0.067    4.869      NaN           NaN            NaN        rule                1.170     0.00
      mamba  1002 final   lowpass    in      4  4.000     0.068    4.872      NaN           NaN            NaN        rule                1.170     0.00
      mamba  1002 final   lowpass    in      6  6.000     0.067    4.885      NaN           NaN            NaN        rule                1.170     0.00
      mamba  1002 final   lowpass    in      8  8.000     0.067    4.893      NaN           NaN            NaN        rule                1.170     0.00
      mamba  1002 final   lowpass    in     12 12.000     0.126    4.123      NaN           NaN            NaN        rule                1.459     0.00
      mamba  1002 final   lowpass    in     16 16.000     0.123    4.150      NaN           NaN            NaN        rule                1.819     0.00
      mamba  1002 final   lowpass    in     24 24.000     0.122    4.174      NaN           NaN            NaN        rule                1.819     0.00
      mamba  1002 final   lowpass    in     32 32.000     0.364    2.125      NaN           NaN            NaN        rule                0.388     0.00
      mamba  1002 final   lowpass    in     48 48.000     0.959    0.116      NaN           NaN            NaN        rule                0.200     0.00
      mamba  1002 final   lowpass    in     74 74.000     1.000    0.000      NaN           NaN            NaN        rule                0.200     0.00
      mamba  1002 final      etop    in      0  0.000     1.000    0.000      NaN           NaN            NaN        rule                0.200     0.00
      mamba  1002 final      etop    in      1  0.050     0.981    0.059      NaN           NaN            NaN        rule                0.200     0.00
      mamba  1002 final      etop    in      1  0.100     0.981    0.059      NaN           NaN            NaN        rule                0.200     0.00
      mamba  1002 final      etop    in      2  0.200     0.900    0.275      NaN           NaN            NaN        rule                0.200     0.00
      mamba  1002 final      etop    in      3  0.300     0.733    0.805      NaN           NaN            NaN        rule                0.200     0.00
      mamba  1002 final      etop    in      4  0.400     0.251    2.751      NaN           NaN            NaN        rule                0.752     0.00
      mamba  1002 final      etop    in      5  0.500     0.071    5.276      NaN           NaN            NaN        rule                1.459     0.00
      mamba  1002 final      etop    in      6  0.600     0.038    7.222      NaN           NaN            NaN        rule                1.459     0.00
      mamba  1002 final      etop    in      8  0.700     0.014   20.476      NaN           NaN            NaN gcm_hamming                2.268     0.00
      mamba  1002 final      etop    in     21  0.800     0.016   20.276      NaN           NaN            NaN gcm_hamming                1.819     0.00
      mamba  1002 final      etop    in     46  0.900     0.016   20.150      NaN           NaN            NaN gcm_hamming                1.819     0.00
      mamba  1002 final      etop    in     59  0.950     0.017   19.934      NaN           NaN            NaN gcm_hamming                1.459     0.00
      mamba  1002 final      etop    in     74  1.000     0.013   18.920      NaN           NaN            NaN gcm_hamming                0.752     0.00
      mamba  1002 final   ebottom    in      0  0.000     1.000    0.000      NaN           NaN            NaN        rule                0.200     0.00
      mamba  1002 final   ebottom    in     16  0.050     1.000    0.000      NaN           NaN            NaN        rule                0.200     0.00
      mamba  1002 final   ebottom    in     29  0.100     1.000    0.000      NaN           NaN            NaN        rule                0.200     0.00
      mamba  1002 final   ebottom    in     54  0.200     1.000    0.000      NaN           NaN            NaN        rule                0.200     0.00
      mamba  1002 final   ebottom    in     67  0.300     1.000    0.000      NaN           NaN            NaN        rule                0.200     0.00
      mamba  1002 final   ebottom    in     69  0.400     0.999    0.005      NaN           NaN            NaN        rule                0.200     0.00
      mamba  1002 final   ebottom    in     70  0.500     0.988    0.044      NaN           NaN            NaN        rule                0.200     0.00
      mamba  1002 final   ebottom    in     71  0.600     0.539    1.261      NaN           NaN            NaN        rule                0.200     0.00
      mamba  1002 final   ebottom    in     72  0.700     0.272    2.409      NaN           NaN            NaN        rule                0.752     0.00
      mamba  1002 final   ebottom    in     73  0.800     0.071    4.571      NaN           NaN            NaN        rule                1.459     0.00
      mamba  1002 final   ebottom    in     74  0.900     0.013   18.920      NaN           NaN            NaN gcm_hamming                0.752     0.00
      mamba  1002 final   ebottom    in     74  0.950     0.013   18.920      NaN           NaN            NaN gcm_hamming                0.752     0.00
      mamba  1002 final   ebottom    in     74  1.000     0.013   18.920      NaN           NaN            NaN gcm_hamming                0.752     0.00
      mamba  1002 final     erand    in      0  0.000     1.000    0.000      NaN           NaN            NaN        rule                0.200     0.00
      mamba  1002 final     erand    in      4  0.050     0.992    0.034      NaN           NaN            NaN        rule                0.200     0.00
      mamba  1002 final     erand    in      4  0.100     0.992    0.034      NaN           NaN            NaN        rule                0.200     0.00
      mamba  1002 final     erand    in      6  0.200     0.940    0.178      NaN           NaN            NaN        rule                0.200     0.00
      mamba  1002 final     erand    in     14  0.300     0.857    0.394      NaN           NaN            NaN        rule                0.200     0.00
      mamba  1002 final     erand    in     22  0.400     0.556    1.321      NaN           NaN            NaN        rule                0.200     0.00
      mamba  1002 final     erand    in     30  0.500     0.453    1.711      NaN           NaN            NaN        rule                0.200     0.00
      mamba  1002 final     erand    in     41  0.600     0.458    1.673      NaN           NaN            NaN        rule                0.249     0.00
      mamba  1002 final     erand    in     55  0.700     0.067    4.636      NaN           NaN            NaN        rule                1.459     0.00
      mamba  1002 final     erand    in     57  0.800     0.016   19.993      NaN           NaN            NaN gcm_hamming                1.459     0.00
      mamba  1002 final     erand    in     57  0.900     0.016   19.993      NaN           NaN            NaN gcm_hamming                1.459     0.00
      mamba  1002 final     erand    in     63  0.950     0.017   19.911      NaN           NaN            NaN gcm_hamming                1.819     0.00
      mamba  1002 final     erand    in     74  1.000     0.013   18.920      NaN           NaN            NaN gcm_hamming                0.752     0.00
      mamba  1002 final     erand    in      0  0.000     1.000    0.000      NaN           NaN            NaN        rule                0.200     0.00
      mamba  1002 final     erand    in      8  0.050     0.993    0.033      NaN           NaN            NaN        rule                0.200     0.00
      mamba  1002 final     erand    in      8  0.100     0.993    0.033      NaN           NaN            NaN        rule                0.200     0.00
      mamba  1002 final     erand    in     18  0.200     0.940    0.185      NaN           NaN            NaN        rule                0.200     0.00
      mamba  1002 final     erand    in     18  0.300     0.940    0.185      NaN           NaN            NaN        rule                0.200     0.00
      mamba  1002 final     erand    in     20  0.400     0.638    1.013      NaN           NaN            NaN        rule                0.200     0.00
      mamba  1002 final     erand    in     42  0.500     0.452    1.557      NaN           NaN            NaN        rule                0.200     0.00
      mamba  1002 final     erand    in     44  0.600     0.393    1.937      NaN           NaN            NaN        rule                0.311     0.00
      mamba  1002 final     erand    in     55  0.700     0.122    3.952      NaN           NaN            NaN        rule                1.459     0.00
      mamba  1002 final     erand    in     62  0.800     0.062    4.425      NaN           NaN            NaN        rule                1.170     0.00
      mamba  1002 final     erand    in     66  0.900     0.016   20.298      NaN           NaN            NaN gcm_hamming                1.170     0.00
      mamba  1002 final     erand    in     66  0.950     0.016   20.298      NaN           NaN            NaN gcm_hamming                1.170     0.00
      mamba  1002 final     erand    in     74  1.000     0.013   18.920      NaN           NaN            NaN gcm_hamming                0.752     0.00
      mamba  1002 final     erand    in      0  0.000     1.000    0.000      NaN           NaN            NaN        rule                0.200     0.00
      mamba  1002 final     erand    in      5  0.050     0.997    0.012      NaN           NaN            NaN        rule                0.200     0.00
      mamba  1002 final     erand    in      5  0.100     0.997    0.012      NaN           NaN            NaN        rule                0.200     0.00
      mamba  1002 final     erand    in     18  0.200     0.625    0.931      NaN           NaN            NaN        rule                0.200     0.00
      mamba  1002 final     erand    in     18  0.300     0.625    0.931      NaN           NaN            NaN        rule                0.200     0.00
      mamba  1002 final     erand    in     36  0.400     0.640    0.898      NaN           NaN            NaN        rule                0.200     0.00
      mamba  1002 final     erand    in     48  0.500     0.642    0.890      NaN           NaN            NaN        rule                0.200     0.00
      mamba  1002 final     erand    in     51  0.600     0.396    1.909      NaN           NaN            NaN        rule                0.311     0.00
      mamba  1002 final     erand    in     54  0.700     0.272    2.580      NaN           NaN            NaN        rule                0.603     0.00
      mamba  1002 final     erand    in     66  0.800     0.062    4.402      NaN           NaN            NaN        rule                1.170     0.00
      mamba  1002 final     erand    in     73  0.900     0.014   19.411      NaN           NaN            NaN gcm_hamming                0.752     0.00
      mamba  1002 final     erand    in     73  0.950     0.014   19.411      NaN           NaN            NaN gcm_hamming                0.752     0.00
      mamba  1002 final     erand    in     74  1.000     0.013   18.920      NaN           NaN            NaN gcm_hamming                0.752     0.00
      mamba  1002 final      topk    in     46  0.000     1.000    0.000      NaN           NaN            NaN        rule                0.200     0.00
      mamba  1002 final      topk    in     46  0.250     1.000    0.001      NaN           NaN            NaN        rule                0.200     0.00
      mamba  1002 final      topk    in     46  0.500     1.000    0.002      NaN           NaN            NaN        rule                0.200     0.00
      mamba  1002 final      topk    in     46  0.750     0.980    0.061      NaN           NaN            NaN        rule                0.200     0.00
      mamba  1002 final      topk    in     46  1.000     0.016   20.150      NaN           NaN            NaN gcm_hamming                1.819     0.00
      mamba  1002 final     randk    in     28  0.000     1.000    0.000      NaN           NaN            NaN        rule                0.200     0.00
      mamba  1002 final     randk    in     28  0.250     1.000    0.000      NaN           NaN            NaN        rule                0.200     0.00
      mamba  1002 final     randk    in     28  0.500     1.000    0.000      NaN           NaN            NaN        rule                0.200     0.00
      mamba  1002 final     randk    in     28  0.750     1.000    0.000      NaN           NaN            NaN        rule                0.200     0.00
      mamba  1002 final     randk    in     28  1.000     1.000    0.000      NaN           NaN            NaN        rule                0.200     0.00
      mamba  1002 final     randk    in     28  0.000     1.000    0.000      NaN           NaN            NaN        rule                0.200     0.00
      mamba  1002 final     randk    in     28  0.250     1.000    0.000      NaN           NaN            NaN        rule                0.200     0.00
      mamba  1002 final     randk    in     28  0.500     1.000    0.000      NaN           NaN            NaN        rule                0.200     0.00
      mamba  1002 final     randk    in     28  0.750     1.000    0.000      NaN           NaN            NaN        rule                0.200     0.00
      mamba  1002 final     randk    in     28  1.000     1.000    0.000      NaN           NaN            NaN        rule                0.200     0.00
      mamba  1002 final     randk    in     28  0.000     1.000    0.000      NaN           NaN            NaN        rule                0.200     0.00
      mamba  1002 final     randk    in     28  0.250     1.000    0.000      NaN           NaN            NaN        rule                0.200     0.00
      mamba  1002 final     randk    in     28  0.500     1.000    0.000      NaN           NaN            NaN        rule                0.200     0.00
      mamba  1002 final     randk    in     28  0.750     1.000    0.000      NaN           NaN            NaN        rule                0.200     0.00
      mamba  1002 final     randk    in     28  1.000     1.000    0.000      NaN           NaN            NaN        rule                0.200     0.00
      mamba  1002 final  residual    in     28  0.000     1.000    0.000      NaN           NaN            NaN        rule                0.200     0.00
      mamba  1002 final  residual    in     28  0.250     1.000    0.000      NaN           NaN            NaN        rule                0.200     0.00
      mamba  1002 final  residual    in     28  0.500     1.000    0.000      NaN           NaN            NaN        rule                0.200     0.00
      mamba  1002 final  residual    in     28  0.750     1.000    0.000      NaN           NaN            NaN        rule                0.200     0.00
      mamba  1002 final  residual    in     28  1.000     1.000    0.000      NaN           NaN            NaN        rule                0.200     0.00
transformer  1000 final      none     -      0  0.000     0.998    0.012    0.995         0.005          9.766       rulex                0.200     0.98
transformer  1000 final   lowpass    in      0  0.000     0.007   13.457    0.000         0.005          0.012     uniform                0.200     0.00
transformer  1000 final   lowpass    in      1  1.000     0.006   13.967    0.000         0.005          0.077     uniform                0.200     0.00
transformer  1000 final   lowpass    in      2  2.000     0.010   14.584    0.005         0.005          0.063        rule                1.170     0.50
transformer  1000 final   lowpass    in      3  3.000     0.009   14.477    0.005         0.014          0.079        rule                0.752     0.00
transformer  1000 final   lowpass    in      4  4.000     0.010   14.648    0.005         0.009          0.152        rule                0.484     0.00
transformer  1000 final   lowpass    in      6  6.000     0.010   15.492    0.005         0.005          0.403        rule                0.249     0.50
transformer  1000 final   lowpass    in      8  8.000     0.010   16.339    0.005         0.014          0.397        rule                0.200     0.00
transformer  1000 final   lowpass    in     12 12.000     0.011   11.785    0.000         0.009          0.315 gcm_hamming                0.388     0.00
transformer  1000 final   lowpass    in     16 16.000     0.012   13.099    0.000         0.014          0.618 gcm_hamming                0.603     0.00
transformer  1000 final   lowpass    in     24 24.000     0.012   13.174    0.000         0.014          0.677 gcm_hamming                0.752     0.00
transformer  1000 final   lowpass    in     32 32.000     0.031    9.481    0.005         0.023         -2.303 gcm_hamming                1.459     0.00
transformer  1000 final   lowpass    in     48 48.000     0.446    2.109    0.140         0.095         -1.885       rulex                0.388     0.60
transformer  1000 final   lowpass    in     74 74.000     0.998    0.012    0.995         0.005          9.766       rulex                0.200     0.98
transformer  1000 final      etop    in      0  0.000     0.998    0.012    0.995         0.005          9.766       rulex                0.200     0.98
transformer  1000 final      etop    in      1  0.050     0.921    0.224    0.882         0.005          7.136       rulex                0.200     1.00
transformer  1000 final      etop    in      1  0.100     0.921    0.224    0.882         0.005          7.136       rulex                0.200     1.00
transformer  1000 final      etop    in      2  0.200     0.786    0.648    0.552         0.041          4.384       rulex                0.200     0.94
transformer  1000 final      etop    in      3  0.300     0.452    2.072    0.362         0.018          3.613       rulex                0.484     0.96
transformer  1000 final      etop    in      5  0.400     0.099    6.516    0.113         0.005          3.195       rulex                1.459     1.00
transformer  1000 final      etop    in      6  0.500     0.053    8.452    0.068         0.014          2.632       rulex                2.268     0.92
transformer  1000 final      etop    in      7  0.600     0.039    9.663    0.041         0.014          1.980       rulex                1.819     0.84
transformer  1000 final      etop    in     10  0.700     0.019   10.948    0.018         0.009          0.964        rule                0.752     0.80
transformer  1000 final      etop    in     13  0.800     0.014   12.357    0.014         0.018          1.153        rule                0.200     0.38
transformer  1000 final      etop    in     17  0.900     0.012   16.017    0.009         0.014          1.299        rule                0.938     0.00
transformer  1000 final      etop    in     42  0.950     0.011   16.334    0.005         0.009          0.524        rule                0.484     0.00
transformer  1000 final      etop    in     74  1.000     0.007   13.457    0.000         0.005          0.012     uniform                0.200     0.00
transformer  1000 final   ebottom    in      0  0.000     0.998    0.012    0.995         0.005          9.766       rulex                0.200     0.98
transformer  1000 final   ebottom    in     33  0.050     0.998    0.010    0.995         0.005          8.881       rulex                0.200     0.98
transformer  1000 final   ebottom    in     58  0.100     0.998    0.011    0.964         0.032          7.245       rulex                0.200     0.96
transformer  1000 final   ebottom    in     62  0.200     0.996    0.021    0.787         0.145          3.867       rulex                0.200     0.84
transformer  1000 final   ebottom    in     65  0.300     0.966    0.108    0.466         0.321          0.326       rulex                0.200     0.60
transformer  1000 final   ebottom    in     68  0.400     0.891    0.361    0.208         0.425         -3.205       rulex                0.200     0.32
transformer  1000 final   ebottom    in     69  0.500     0.876    0.421    0.090         0.566         -5.362       rulex                0.200     0.14
transformer  1000 final   ebottom    in     70  0.600     0.607    1.317    0.045         0.317         -6.566       rulex                0.200     0.12
transformer  1000 final   ebottom    in     72  0.700     0.145    4.048    0.032         0.072         -7.190       rulex                1.459     0.28
transformer  1000 final   ebottom    in     73  0.800     0.033    7.056    0.018         0.027         -4.865 gcm_hamming                1.819     0.36
transformer  1000 final   ebottom    in     74  0.900     0.007   13.457    0.000         0.005          0.012     uniform                0.200     0.00
transformer  1000 final   ebottom    in     74  0.950     0.007   13.457    0.000         0.005          0.012     uniform                0.200     0.00
transformer  1000 final   ebottom    in     74  1.000     0.007   13.457    0.000         0.005          0.012     uniform                0.200     0.00
transformer  1000 final     erand    in      0  0.000     0.998    0.012    0.995         0.005          9.766       rulex                0.200     0.98
transformer  1000 final     erand    in     16  0.050     0.996    0.015    0.973         0.018          8.396       rulex                0.200     0.98
transformer  1000 final     erand    in     22  0.100     0.951    0.148    0.851         0.027          6.466       rulex                0.200     0.96
transformer  1000 final     erand    in     29  0.200     0.892    0.321    0.661         0.041          4.492       rulex                0.200     0.94
transformer  1000 final     erand    in     30  0.300     0.628    1.278    0.407         0.036          2.760       rulex                0.200     0.92
transformer  1000 final     erand    in     35  0.400     0.522    1.740    0.176         0.090         -0.461       rulex                0.200     0.66
transformer  1000 final     erand    in     50  0.500     0.450    2.029    0.090         0.136         -3.551       rulex                0.249     0.40
transformer  1000 final     erand    in     53  0.600     0.177    4.242    0.063         0.059         -3.299       rulex                1.170     0.52
transformer  1000 final     erand    in     57  0.700     0.054    7.161    0.023         0.018         -3.316        rule                2.268     0.56
transformer  1000 final     erand    in     61  0.800     0.052    7.190    0.018         0.023         -3.608        rule                2.268     0.44
transformer  1000 final     erand    in     66  0.900     0.010   13.001    0.009         0.005         -0.172        rule                0.200     1.00
transformer  1000 final     erand    in     66  0.950     0.010   13.001    0.009         0.005         -0.172        rule                0.200     1.00
transformer  1000 final     erand    in     74  1.000     0.007   13.457    0.000         0.005          0.012     uniform                0.200     0.00
transformer  1000 final     erand    in      0  0.000     0.998    0.012    0.995         0.005          9.766       rulex                0.200     0.98
transformer  1000 final     erand    in     13  0.050     0.996    0.018    0.986         0.009          8.390       rulex                0.200     0.98
transformer  1000 final     erand    in     18  0.100     0.980    0.073    0.796         0.081          4.822       rulex                0.200     0.90
transformer  1000 final     erand    in     20  0.200     0.836    0.474    0.548         0.100          3.224       rulex                0.200     0.84
transformer  1000 final     erand    in     30  0.300     0.755    0.716    0.412         0.149          1.954       rulex                0.200     0.74
transformer  1000 final     erand    in     36  0.400     0.325    2.913    0.158         0.050         -0.898       rulex                1.170     0.76
transformer  1000 final     erand    in     39  0.500     0.308    3.023    0.113         0.063         -2.233       rulex                1.170     0.64
transformer  1000 final     erand    in     43  0.600     0.261    3.310    0.059         0.077         -3.666       rulex                0.938     0.44
transformer  1000 final     erand    in     44  0.700     0.082    6.674    0.041         0.027         -2.699       rulex                1.819     0.62
transformer  1000 final     erand    in     59  0.800     0.034    8.273    0.023         0.023         -3.273        rule                1.170     0.50
transformer  1000 final     erand    in     61  0.900     0.014   12.948    0.005         0.014          0.516        rule                0.938     0.06
transformer  1000 final     erand    in     66  0.950     0.012   14.636    0.000         0.009          0.204        rule                0.603     0.00
transformer  1000 final     erand    in     74  1.000     0.007   13.457    0.000         0.005          0.012     uniform                0.200     0.00
transformer  1000 final     erand    in      0  0.000     0.998    0.012    0.995         0.005          9.766       rulex                0.200     0.98
transformer  1000 final     erand    in      5  0.050     0.930    0.203    0.855         0.027          6.804       rulex                0.200     0.96
transformer  1000 final     erand    in      5  0.100     0.930    0.203    0.855         0.027          6.804       rulex                0.200     0.96
transformer  1000 final     erand    in     24  0.200     0.924    0.221    0.756         0.045          5.012       rulex                0.200     0.94
transformer  1000 final     erand    in     36  0.300     0.814    0.546    0.480         0.104          2.503       rulex                0.200     0.82
transformer  1000 final     erand    in     48  0.400     0.743    0.754    0.240         0.127         -0.568       rulex                0.200     0.66
transformer  1000 final     erand    in     51  0.500     0.337    2.516    0.095         0.059         -3.380       rulex                0.752     0.62
transformer  1000 final     erand    in     56  0.600     0.264    2.969    0.054         0.068         -4.753       rulex                0.938     0.44
transformer  1000 final     erand    in     60  0.700     0.054    7.535    0.014         0.036         -3.456        rule                1.819     0.22
transformer  1000 final     erand    in     64  0.800     0.037    7.714    0.032         0.027         -3.765        rule                1.170     0.56
transformer  1000 final     erand    in     73  0.900     0.032    7.731    0.018         0.023         -4.147 gcm_hamming                1.819     0.42
transformer  1000 final     erand    in     74  0.950     0.007   13.457    0.000         0.005          0.012     uniform                0.200     0.00
transformer  1000 final     erand    in     74  1.000     0.007   13.457    0.000         0.005          0.012     uniform                0.200     0.00
transformer  1000 final      topk    in     17  0.000     0.998    0.012    0.995         0.005          9.766       rulex                0.200     0.98
transformer  1000 final      topk    in     17  0.250     0.996    0.019    0.995         0.005          9.668       rulex                0.200     0.98
transformer  1000 final      topk    in     17  0.500     0.985    0.055    0.973         0.014          9.450       rulex                0.200     0.98
transformer  1000 final      topk    in     17  0.750     0.717    0.957    0.774         0.009          8.809       rulex                0.200     0.98
transformer  1000 final      topk    in     17  1.000     0.012   16.017    0.009         0.014          1.299        rule                0.938     0.00
transformer  1000 final     randk    in     17  0.000     0.998    0.012    0.995         0.005          9.766       rulex                0.200     0.98
transformer  1000 final     randk    in     17  0.250     0.998    0.012    0.995         0.005          9.639       rulex                0.200     0.98
transformer  1000 final     randk    in     17  0.500     0.997    0.012    0.995         0.005          9.503       rulex                0.200     0.98
transformer  1000 final     randk    in     17  0.750     0.998    0.011    0.991         0.009          9.359       rulex                0.200     0.98
transformer  1000 final     randk    in     17  1.000     0.997    0.011    0.991         0.009          9.207       rulex                0.200     0.98
transformer  1000 final     randk    in     17  0.000     0.998    0.012    0.995         0.005          9.766       rulex                0.200     0.98
transformer  1000 final     randk    in     17  0.250     0.998    0.012    0.995         0.005          9.662       rulex                0.200     0.98
transformer  1000 final     randk    in     17  0.500     0.998    0.011    1.000         0.000          9.552       rulex                0.200     1.00
transformer  1000 final     randk    in     17  0.750     0.998    0.011    1.000         0.000          9.434       rulex                0.200     1.00
transformer  1000 final     randk    in     17  1.000     0.998    0.011    1.000         0.000          9.310       rulex                0.200     1.00
transformer  1000 final     randk    in     17  0.000     0.998    0.012    0.995         0.005          9.766       rulex                0.200     0.98
transformer  1000 final     randk    in     17  0.250     0.998    0.012    0.995         0.005          9.646       rulex                0.200     0.98
transformer  1000 final     randk    in     17  0.500     0.998    0.011    0.995         0.005          9.519       rulex                0.200     0.98
transformer  1000 final     randk    in     17  0.750     0.998    0.011    1.000         0.000          9.385       rulex                0.200     1.00
transformer  1000 final     randk    in     17  1.000     0.998    0.011    0.991         0.000          9.244       rulex                0.200     1.00
transformer  1000 final  residual    in     57  0.000     0.998    0.012    0.995         0.005          9.766       rulex                0.200     0.98
transformer  1000 final  residual    in     57  0.250     0.998    0.011    0.995         0.005          9.384       rulex                0.200     0.98
transformer  1000 final  residual    in     57  0.500     0.998    0.010    0.995         0.005          8.976       rulex                0.200     0.98
transformer  1000 final  residual    in     57  0.750     0.998    0.010    0.991         0.009          8.548       rulex                0.200     0.98
transformer  1000 final  residual    in     57  1.000     0.998    0.010    0.982         0.009          8.102       rulex                0.200     0.98
transformer  1000 final   neurons units      0  0.000     0.998    0.012    0.995         0.005          9.766       rulex                0.200     0.98
transformer  1000 final   neurons units      1  0.001     0.998    0.012    0.995         0.005          9.696       rulex                0.200     0.98
transformer  1000 final   neurons units      2  0.001     0.998    0.012    0.995         0.005          9.633       rulex                0.200     0.98
transformer  1000 final   neurons units      4  0.003     0.998    0.012    0.995         0.005          9.516       rulex                0.200     0.98
transformer  1000 final   neurons units      8  0.005     0.998    0.012    0.995         0.005          9.279       rulex                0.200     0.98
transformer  1000 final   neurons units     16  0.010     0.998    0.011    0.995         0.005          8.872       rulex                0.200     0.98
transformer  1000 final   neurons units     32  0.021     0.998    0.010    0.982         0.018          8.078       rulex                0.200     0.98
transformer  1000 final   neurons units     64  0.042     0.998    0.009    0.932         0.063          6.617       rulex                0.200     0.94
transformer  1000 final   neurons units    128  0.083     0.999    0.008    0.805         0.186          4.166       rulex                0.200     0.82
transformer  1000 final   neurons units    256  0.167     0.999    0.007    0.507         0.471          0.276       rulex                0.200     0.52
transformer  1000 final   neurons units    512  0.333     0.998    0.011    0.249         0.692         -3.407       rulex                0.200     0.26
transformer  1000 final randunits units      0  0.000     0.998    0.012    0.995         0.005          9.766       rulex                0.200     0.98
transformer  1000 final randunits units      1  0.001     0.997    0.012    0.995         0.005          9.756       rulex                0.200     0.98
transformer  1000 final randunits units      2  0.001     0.998    0.012    0.995         0.005          9.751       rulex                0.200     0.98
transformer  1000 final randunits units      4  0.003     0.997    0.012    0.995         0.005          9.704       rulex                0.200     0.98
transformer  1000 final randunits units      8  0.005     0.997    0.013    0.995         0.005          9.853       rulex                0.200     0.98
transformer  1000 final randunits units     16  0.010     0.997    0.013    0.995         0.005          9.610       rulex                0.200     0.98
transformer  1000 final randunits units     32  0.021     0.997    0.013    0.995         0.005          9.646       rulex                0.200     0.98
transformer  1000 final randunits units     64  0.042     0.997    0.014    0.991         0.009          9.547       rulex                0.200     0.98
transformer  1000 final randunits units    128  0.083     0.996    0.018    1.000         0.000          9.421       rulex                0.200     1.00
transformer  1000 final randunits units    256  0.167     0.994    0.027    0.977         0.005          9.484       rulex                0.200     0.98
transformer  1000 final randunits units    512  0.333     0.984    0.063    0.986         0.000          8.915       rulex                0.200     1.00
transformer  1000 final randunits units      0  0.000     0.998    0.012    0.995         0.005          9.766       rulex                0.200     0.98
transformer  1000 final randunits units      1  0.001     0.998    0.012    0.995         0.005          9.722       rulex                0.200     0.98
transformer  1000 final randunits units      2  0.001     0.998    0.012    0.995         0.005          9.751       rulex                0.200     0.98
transformer  1000 final randunits units      4  0.003     0.997    0.012    0.995         0.005          9.759       rulex                0.200     0.98
transformer  1000 final randunits units      8  0.005     0.997    0.013    0.995         0.005          9.786       rulex                0.200     0.98
transformer  1000 final randunits units     16  0.010     0.997    0.012    0.995         0.005          9.722       rulex                0.200     0.98
transformer  1000 final randunits units     32  0.021     0.998    0.013    0.995         0.005          9.650       rulex                0.200     0.98
transformer  1000 final randunits units     64  0.042     0.997    0.015    0.991         0.009          9.583       rulex                0.200     0.98
transformer  1000 final randunits units    128  0.083     0.996    0.017    0.991         0.009          9.587       rulex                0.200     0.98
transformer  1000 final randunits units    256  0.167     0.995    0.026    0.995         0.000          9.584       rulex                0.200     1.00
transformer  1000 final randunits units    512  0.333     0.979    0.081    0.950         0.027          8.260       rulex                0.200     0.98
transformer  1000 final randunits units      0  0.000     0.998    0.012    0.995         0.005          9.766       rulex                0.200     0.98
transformer  1000 final randunits units      1  0.001     0.998    0.012    0.995         0.005          9.779       rulex                0.200     0.98
transformer  1000 final randunits units      2  0.001     0.997    0.012    0.995         0.005          9.768       rulex                0.200     0.98
transformer  1000 final randunits units      4  0.003     0.997    0.012    0.995         0.005          9.767       rulex                0.200     0.98
transformer  1000 final randunits units      8  0.005     0.997    0.012    0.995         0.005          9.759       rulex                0.200     0.98
transformer  1000 final randunits units     16  0.010     0.997    0.012    0.995         0.005          9.698       rulex                0.200     0.98
transformer  1000 final randunits units     32  0.021     0.997    0.014    0.995         0.005          9.744       rulex                0.200     0.98
transformer  1000 final randunits units     64  0.042     0.997    0.014    0.995         0.005          9.756       rulex                0.200     0.98
transformer  1000 final randunits units    128  0.083     0.997    0.018    0.986         0.014          9.442       rulex                0.200     0.98
transformer  1000 final randunits units    256  0.167     0.994    0.027    0.986         0.005          9.349       rulex                0.200     0.98
transformer  1000 final randunits units    512  0.333     0.985    0.062    0.964         0.023          8.090       rulex                0.200     0.98
transformer  1001 final      none     -      0  0.000     0.998    0.007    0.991         0.009          9.976       rulex                0.200     0.98
transformer  1001 final   lowpass    in      0  0.000     0.014   17.599    0.005         0.009          0.412        rule                1.819     0.20
transformer  1001 final   lowpass    in      1  1.000     0.015   16.856    0.000         0.014          0.221        rule                1.459     0.00
transformer  1001 final   lowpass    in      2  2.000     0.017   15.908    0.005         0.009          0.063        rule                1.459     0.20
transformer  1001 final   lowpass    in      3  3.000     0.015   15.615    0.000         0.009          0.023        rule                1.459     0.00
transformer  1001 final   lowpass    in      4  4.000     0.015   15.694    0.000         0.009          0.123        rule                1.459     0.00
transformer  1001 final   lowpass    in      6  6.000     0.014   15.689    0.014         0.009          0.615        rule                1.170     0.68
transformer  1001 final   lowpass    in      8  8.000     0.013   15.415    0.005         0.009          0.629        rule                1.459     0.00
transformer  1001 final   lowpass    in     12 12.000     0.014   15.390    0.005         0.014          0.657        rule                0.938     0.06
transformer  1001 final   lowpass    in     16 16.000     0.011   11.663    0.014         0.009          1.123        rule                0.200     1.00
transformer  1001 final   lowpass    in     24 24.000     0.012   11.270    0.014         0.014          1.064        rule                0.311     0.50
transformer  1001 final   lowpass    in     32 32.000     0.119    4.176    0.045         0.045         -4.458       rulex                1.170     0.50
transformer  1001 final   lowpass    in     48 48.000     0.909    0.272    0.624         0.041          4.144       rulex                0.200     0.94
transformer  1001 final   lowpass    in     74 74.000     0.998    0.007    0.991         0.009          9.976       rulex                0.200     0.98
transformer  1001 final      etop    in      0  0.000     0.998    0.007    0.991         0.009          9.976       rulex                0.200     0.98
transformer  1001 final      etop    in      1  0.050     0.989    0.046    0.896         0.027          6.467       rulex                0.200     0.96
transformer  1001 final      etop    in      1  0.100     0.989    0.046    0.896         0.027          6.467       rulex                0.200     0.96
transformer  1001 final      etop    in      2  0.200     0.961    0.136    0.629         0.095          3.585       rulex                0.200     0.86
transformer  1001 final      etop    in      4  0.300     0.548    1.453    0.158         0.059         -1.219       rulex                0.200     0.74
transformer  1001 final      etop    in      5  0.400     0.229    3.316    0.068         0.045         -2.923       rulex                1.170     0.60
transformer  1001 final      etop    in      6  0.500     0.095    5.285    0.059         0.009         -1.362       rulex                1.459     0.92
transformer  1001 final      etop    in      7  0.600     0.044    8.157    0.032         0.005          0.210       rulex                1.170     1.00
transformer  1001 final      etop    in      8  0.700     0.015   11.426    0.027         0.009          1.719 gcm_hamming                0.752     0.94
transformer  1001 final      etop    in     10  0.800     0.014   10.734    0.032         0.009          1.468 gcm_hamming                0.603     1.00
transformer  1001 final      etop    in     25  0.900     0.013   15.122    0.023         0.014          0.957 gcm_hamming                0.938     1.00
transformer  1001 final      etop    in     48  0.950     0.014   15.221    0.009         0.009          0.284        rule                0.752     0.50
transformer  1001 final      etop    in     74  1.000     0.014   17.599    0.005         0.009          0.412        rule                1.819     0.20
transformer  1001 final   ebottom    in      0  0.000     0.998    0.007    0.991         0.009          9.976       rulex                0.200     0.98
transformer  1001 final   ebottom    in     27  0.050     0.998    0.006    0.991         0.009          9.207       rulex                0.200     0.98
transformer  1001 final   ebottom    in     50  0.100     0.999    0.005    0.977         0.023          8.378       rulex                0.200     0.98
transformer  1001 final   ebottom    in     65  0.200     0.999    0.005    0.837         0.145          3.808       rulex                0.200     0.86
transformer  1001 final   ebottom    in     67  0.300     0.851    0.409    0.367         0.208          0.198       rulex                0.200     0.64
transformer  1001 final   ebottom    in     68  0.400     0.842    0.441    0.226         0.312         -1.979       rulex                0.200     0.42
transformer  1001 final   ebottom    in     69  0.500     0.882    0.374    0.190         0.285         -3.133       rulex                0.200     0.40
transformer  1001 final   ebottom    in     70  0.600     0.649    0.999    0.077         0.181         -4.580       rulex                0.200     0.30
transformer  1001 final   ebottom    in     71  0.700     0.374    2.119    0.050         0.136         -6.053       rulex                0.311     0.26
transformer  1001 final   ebottom    in     73  0.800     0.038    6.383    0.014         0.036         -4.931        rule                1.459     0.18
transformer  1001 final   ebottom    in     74  0.900     0.014   17.599    0.005         0.009          0.412        rule                1.819     0.20
transformer  1001 final   ebottom    in     74  0.950     0.014   17.599    0.005         0.009          0.412        rule                1.819     0.20
transformer  1001 final   ebottom    in     74  1.000     0.014   17.599    0.005         0.009          0.412        rule                1.819     0.20
transformer  1001 final     erand    in      0  0.000     0.998    0.007    0.991         0.009          9.976       rulex                0.200     0.98
transformer  1001 final     erand    in     13  0.050     0.994    0.024    0.919         0.041          6.746       rulex                0.200     0.96
transformer  1001 final     erand    in     13  0.100     0.994    0.024    0.919         0.041          6.746       rulex                0.200     0.96
transformer  1001 final     erand    in     23  0.200     0.949    0.171    0.715         0.045          4.804       rulex                0.200     0.94
transformer  1001 final     erand    in     29  0.300     0.777    0.631    0.294         0.095          0.720       rulex                0.200     0.76
transformer  1001 final     erand    in     39  0.400     0.709    0.821    0.181         0.158         -1.569       rulex                0.200     0.54
transformer  1001 final     erand    in     43  0.500     0.429    2.067    0.072         0.090         -3.372       rulex                0.200     0.44
transformer  1001 final     erand    in     46  0.600     0.261    3.041    0.059         0.050         -3.995       rulex                0.752     0.54
transformer  1001 final     erand    in     55  0.700     0.159    3.669    0.045         0.050         -4.923       rulex                1.170     0.48
transformer  1001 final     erand    in     69  0.800     0.034    6.658    0.009         0.032         -4.580        rule                2.268     0.12
transformer  1001 final     erand    in     71  0.900     0.013   15.445    0.000         0.014         -0.283        rule                1.819     0.00
transformer  1001 final     erand    in     71  0.950     0.013   15.445    0.000         0.014         -0.283        rule                1.819     0.00
transformer  1001 final     erand    in     74  1.000     0.014   17.599    0.005         0.009          0.412        rule                1.819     0.20
transformer  1001 final     erand    in      0  0.000     0.998    0.007    0.991         0.009          9.976       rulex                0.200     0.98
transformer  1001 final     erand    in     12  0.050     0.995    0.021    0.937         0.023          6.698       rulex                0.200     0.98
transformer  1001 final     erand    in     12  0.100     0.995    0.021    0.937         0.023          6.698       rulex                0.200     0.98
transformer  1001 final     erand    in     21  0.200     0.982    0.074    0.593         0.149          2.522       rulex                0.200     0.80
transformer  1001 final     erand    in     29  0.300     0.922    0.250    0.321         0.172         -0.342       rulex                0.200     0.66
transformer  1001 final     erand    in     30  0.400     0.646    1.061    0.090         0.104         -3.060       rulex                0.200     0.46
transformer  1001 final     erand    in     48  0.500     0.272    2.785    0.050         0.054         -3.345       rulex                0.752     0.48
transformer  1001 final     erand    in     53  0.600     0.235    3.278    0.036         0.072         -4.836       rulex                0.752     0.32
transformer  1001 final     erand    in     59  0.700     0.120    4.782    0.045         0.032         -4.414       rulex                1.170     0.60
transformer  1001 final     erand    in     63  0.800     0.017   10.840    0.000         0.009         -1.306        rule                0.603     0.00
transformer  1001 final     erand    in     64  0.900     0.017   11.054    0.000         0.014         -1.486        rule                0.938     0.00
transformer  1001 final     erand    in     66  0.950     0.014   14.965    0.009         0.014         -0.363        rule                1.459     0.32
transformer  1001 final     erand    in     74  1.000     0.014   17.599    0.005         0.009          0.412        rule                1.819     0.20
transformer  1001 final     erand    in      0  0.000     0.998    0.007    0.991         0.009          9.976       rulex                0.200     0.98
transformer  1001 final     erand    in      4  0.050     0.996    0.018    0.910         0.063          6.349       rulex                0.200     0.94
transformer  1001 final     erand    in      6  0.100     0.996    0.018    0.905         0.068          6.269       rulex                0.200     0.92
transformer  1001 final     erand    in     13  0.200     0.979    0.076    0.652         0.136          3.349       rulex                0.200     0.82
transformer  1001 final     erand    in     23  0.300     0.861    0.423    0.380         0.140          1.275       rulex                0.200     0.74
transformer  1001 final     erand    in     26  0.400     0.620    1.258    0.140         0.127         -1.414       rulex                0.200     0.52
transformer  1001 final     erand    in     31  0.500     0.346    2.862    0.050         0.090         -3.518       rulex                0.938     0.36
transformer  1001 final     erand    in     44  0.600     0.197    4.321    0.018         0.068         -4.958       rulex                1.170     0.20
transformer  1001 final     erand    in     54  0.700     0.185    4.372    0.014         0.077         -5.761        rule                1.170     0.12
transformer  1001 final     erand    in     63  0.800     0.055    7.539    0.005         0.054         -3.990        rule                1.819     0.00
transformer  1001 final     erand    in     64  0.900     0.017   11.052    0.000         0.014         -1.521        rule                0.938     0.00
transformer  1001 final     erand    in     73  0.950     0.015   16.857    0.005         0.009          0.324        rule                1.819     0.20
transformer  1001 final     erand    in     74  1.000     0.014   17.599    0.005         0.009          0.412        rule                1.819     0.20
transformer  1001 final      topk    in     25  0.000     0.998    0.007    0.991         0.009          9.976       rulex                0.200     0.98
transformer  1001 final      topk    in     25  0.250     0.998    0.009    0.991         0.009          9.986       rulex                0.200     0.98
transformer  1001 final      topk    in     25  0.500     0.995    0.020    0.982         0.009          9.912       rulex                0.200     0.98
transformer  1001 final      topk    in     25  0.750     0.903    0.310    0.860         0.005          9.212       rulex                0.200     1.00
transformer  1001 final      topk    in     25  1.000     0.013   15.122    0.023         0.014          0.957 gcm_hamming                0.938     1.00
transformer  1001 final     randk    in     25  0.000     0.998    0.007    0.991         0.009          9.976       rulex                0.200     0.98
transformer  1001 final     randk    in     25  0.250     0.998    0.006    0.991         0.009          9.802       rulex                0.200     0.98
transformer  1001 final     randk    in     25  0.500     0.998    0.006    0.991         0.009          9.614       rulex                0.200     0.98
transformer  1001 final     randk    in     25  0.750     0.998    0.006    0.991         0.009          9.414       rulex                0.200     0.98
transformer  1001 final     randk    in     25  1.000     0.999    0.006    0.991         0.009          9.202       rulex                0.200     0.98
transformer  1001 final     randk    in     25  0.000     0.998    0.007    0.991         0.009          9.976       rulex                0.200     0.98
transformer  1001 final     randk    in     25  0.250     0.999    0.006    0.991         0.009          9.798       rulex                0.200     0.98
transformer  1001 final     randk    in     25  0.500     0.999    0.006    0.991         0.009          9.606       rulex                0.200     0.98
transformer  1001 final     randk    in     25  0.750     0.999    0.006    0.991         0.009          9.402       rulex                0.200     0.98
transformer  1001 final     randk    in     25  1.000     0.999    0.006    0.991         0.009          9.185       rulex                0.200     0.98
transformer  1001 final     randk    in     25  0.000     0.998    0.007    0.991         0.009          9.976       rulex                0.200     0.98
transformer  1001 final     randk    in     25  0.250     0.998    0.006    0.991         0.009          9.813       rulex                0.200     0.98
transformer  1001 final     randk    in     25  0.500     0.998    0.006    0.991         0.009          9.636       rulex                0.200     0.98
transformer  1001 final     randk    in     25  0.750     0.999    0.006    0.991         0.009          9.446       rulex                0.200     0.98
transformer  1001 final     randk    in     25  1.000     0.999    0.006    0.991         0.009          9.243       rulex                0.200     0.98
transformer  1001 final  residual    in     49  0.000     0.998    0.007    0.991         0.009          9.976       rulex                0.200     0.98
transformer  1001 final  residual    in     49  0.250     0.999    0.006    0.991         0.009          9.638       rulex                0.200     0.98
transformer  1001 final  residual    in     49  0.500     0.999    0.006    0.991         0.009          9.265       rulex                0.200     0.98
transformer  1001 final  residual    in     49  0.750     0.999    0.005    0.991         0.009          8.862       rulex                0.200     0.98
transformer  1001 final  residual    in     49  1.000     0.999    0.005    0.982         0.018          8.433       rulex                0.200     0.98
transformer  1001 final   neurons units      0  0.000     0.998    0.007    0.991         0.009          9.976       rulex                0.200     0.98
transformer  1001 final   neurons units      1  0.001     0.998    0.007    0.991         0.009          9.895       rulex                0.200     0.98
transformer  1001 final   neurons units      2  0.001     0.998    0.006    0.991         0.009          9.822       rulex                0.200     0.98
transformer  1001 final   neurons units      4  0.003     0.998    0.006    0.991         0.009          9.685       rulex                0.200     0.98
transformer  1001 final   neurons units      8  0.005     0.999    0.006    0.991         0.009          9.432       rulex                0.200     0.98
transformer  1001 final   neurons units     16  0.010     0.999    0.005    0.991         0.009          8.990       rulex                0.200     0.98
transformer  1001 final   neurons units     32  0.021     0.999    0.005    0.986         0.014          8.212       rulex                0.200     0.98
transformer  1001 final   neurons units     64  0.042     0.999    0.005    0.959         0.041          6.796       rulex                0.200     0.96
transformer  1001 final   neurons units    128  0.083     0.999    0.003    0.878         0.122          4.392       rulex                0.200     0.88
transformer  1001 final   neurons units    256  0.167     1.000    0.002    0.548         0.434          0.547       rulex                0.200     0.56
transformer  1001 final   neurons units    512  0.333     1.000    0.004    0.208         0.765         -3.537       rulex                0.200     0.22
transformer  1001 final randunits units      0  0.000     0.998    0.007    0.991         0.009          9.976       rulex                0.200     0.98
transformer  1001 final randunits units      1  0.001     0.998    0.007    0.991         0.009          9.965       rulex                0.200     0.98
transformer  1001 final randunits units      2  0.001     0.998    0.007    0.991         0.009          9.961       rulex                0.200     0.98
transformer  1001 final randunits units      4  0.003     0.998    0.006    0.991         0.009          9.916       rulex                0.200     0.98
transformer  1001 final randunits units      8  0.005     0.998    0.007    0.991         0.009         10.076       rulex                0.200     0.98
transformer  1001 final randunits units     16  0.010     0.999    0.007    0.991         0.009          9.837       rulex                0.200     0.98
transformer  1001 final randunits units     32  0.021     0.999    0.007    0.991         0.009          9.852       rulex                0.200     0.98
transformer  1001 final randunits units     64  0.042     0.998    0.008    0.995         0.005          9.788       rulex                0.200     0.98
transformer  1001 final randunits units    128  0.083     0.998    0.010    0.991         0.009          9.710       rulex                0.200     0.98
transformer  1001 final randunits units    256  0.167     0.997    0.015    0.991         0.005          9.890       rulex                0.200     0.98
transformer  1001 final randunits units    512  0.333     0.989    0.046    0.982         0.009          9.368       rulex                0.200     0.98
transformer  1001 final randunits units      0  0.000     0.998    0.007    0.991         0.009          9.976       rulex                0.200     0.98
transformer  1001 final randunits units      1  0.001     0.998    0.007    0.991         0.009          9.933       rulex                0.200     0.98
transformer  1001 final randunits units      2  0.001     0.998    0.007    0.991         0.009          9.962       rulex                0.200     0.98
transformer  1001 final randunits units      4  0.003     0.998    0.007    0.995         0.005          9.967       rulex                0.200     0.98
transformer  1001 final randunits units      8  0.005     0.998    0.007    0.991         0.009         10.026       rulex                0.200     0.98
transformer  1001 final randunits units     16  0.010     0.998    0.007    0.991         0.009          9.938       rulex                0.200     0.98
transformer  1001 final randunits units     32  0.021     0.998    0.007    0.995         0.005          9.867       rulex                0.200     0.98
transformer  1001 final randunits units     64  0.042     0.998    0.008    0.991         0.009          9.837       rulex                0.200     0.98
transformer  1001 final randunits units    128  0.083     0.998    0.008    0.995         0.005          9.813       rulex                0.200     0.98
transformer  1001 final randunits units    256  0.167     0.996    0.017    1.000         0.000         10.025       rulex                0.200     1.00
transformer  1001 final randunits units    512  0.333     0.991    0.039    0.986         0.005          8.935       rulex                0.200     0.98
transformer  1001 final randunits units      0  0.000     0.998    0.007    0.991         0.009          9.976       rulex                0.200     0.98
transformer  1001 final randunits units      1  0.001     0.998    0.007    0.991         0.009          9.990       rulex                0.200     0.98
transformer  1001 final randunits units      2  0.001     0.999    0.007    0.991         0.009          9.978       rulex                0.200     0.98
transformer  1001 final randunits units      4  0.003     0.998    0.007    0.991         0.009          9.976       rulex                0.200     0.98
transformer  1001 final randunits units      8  0.005     0.998    0.007    0.991         0.009          9.966       rulex                0.200     0.98
transformer  1001 final randunits units     16  0.010     0.998    0.007    0.991         0.009          9.923       rulex                0.200     0.98
transformer  1001 final randunits units     32  0.021     0.998    0.008    0.991         0.009         10.000       rulex                0.200     0.98
transformer  1001 final randunits units     64  0.042     0.998    0.008    0.991         0.009         10.012       rulex                0.200     0.98
transformer  1001 final randunits units    128  0.083     0.998    0.010    1.000         0.000          9.715       rulex                0.200     1.00
transformer  1001 final randunits units    256  0.167     0.997    0.014    0.991         0.009          9.688       rulex                0.200     0.98
transformer  1001 final randunits units    512  0.333     0.991    0.038    0.977         0.009          8.596       rulex                0.200     0.98
transformer  1002 final      none     -      0  0.000     1.000    0.003    0.995         0.000          8.763       rulex                0.200     1.00
transformer  1002 final   lowpass    in      0  0.000     0.006   12.398    0.005         0.005         -0.046  gcm_linear                0.249     0.50
transformer  1002 final   lowpass    in      1  1.000     0.007   12.739    0.000         0.000         -0.115  gcm_linear                1.170     0.00
transformer  1002 final   lowpass    in      2  2.000     0.008   12.419    0.005         0.000          0.455  gcm_linear                1.819     1.00
transformer  1002 final   lowpass    in      3  3.000     0.009   12.443    0.005         0.000          0.465  gcm_linear                1.459     1.00
transformer  1002 final   lowpass    in      4  4.000     0.009   12.466    0.005         0.000          0.467  gcm_linear                1.459     1.00
transformer  1002 final   lowpass    in      6  6.000     0.009   12.486    0.005         0.000          0.447  gcm_linear                1.819     1.00
transformer  1002 final   lowpass    in      8  8.000     0.010   12.483    0.005         0.000          0.428  gcm_linear                1.819     1.00
transformer  1002 final   lowpass    in     12 12.000     0.011   12.533    0.009         0.005          0.630  gcm_linear                2.268     1.00
transformer  1002 final   lowpass    in     16 16.000     0.021   11.227    0.009         0.009         -0.986 gcm_hamming                2.268     0.50
transformer  1002 final   lowpass    in     24 24.000     0.020   12.292    0.009         0.009         -0.462 gcm_hamming                1.819     0.50
transformer  1002 final   lowpass    in     32 32.000     0.020   12.333    0.018         0.009         -0.309 gcm_hamming                1.819     0.80
transformer  1002 final   lowpass    in     48 48.000     0.020   12.428    0.009         0.005         -0.123 gcm_hamming                1.819     0.80
transformer  1002 final   lowpass    in     74 74.000     1.000    0.003    0.995         0.000          8.763       rulex                0.200     1.00
transformer  1002 final      etop    in      0  0.000     1.000    0.003    0.995         0.000          8.763       rulex                0.200     1.00
transformer  1002 final      etop    in      1  0.050     0.920    0.212    0.710         0.054          5.160       rulex                0.200     0.92
transformer  1002 final      etop    in      1  0.100     0.920    0.212    0.710         0.054          5.160       rulex                0.200     0.92
transformer  1002 final      etop    in      2  0.200     0.804    0.549    0.421         0.090          2.022       rulex                0.200     0.82
transformer  1002 final      etop    in      3  0.300     0.622    1.229    0.199         0.100          0.113       rulex                0.200     0.66
transformer  1002 final      etop    in      4  0.400     0.336    3.126    0.109         0.045         -1.105       rulex                0.603     0.72
transformer  1002 final      etop    in      5  0.500     0.128    5.720    0.050         0.023         -0.247       rulex                1.819     0.70
transformer  1002 final      etop    in      6  0.600     0.049    8.843    0.041         0.009          0.143       rulex                1.819     0.90
transformer  1002 final      etop    in      7  0.700     0.018   13.300    0.005         0.005          1.460 gcm_hamming                1.819     0.50
transformer  1002 final      etop    in      9  0.800     0.013   13.576    0.009         0.005          1.377 gcm_hamming                1.170     1.00
transformer  1002 final      etop    in     23  0.900     0.014   15.079    0.005         0.005          1.219 gcm_hamming                0.752     0.50
transformer  1002 final      etop    in     47  0.950     0.013   14.940    0.009         0.014          0.118 gcm_hamming                0.484     0.00
transformer  1002 final      etop    in     74  1.000     0.006   12.398    0.005         0.005         -0.046  gcm_linear                0.249     0.50
transformer  1002 final   ebottom    in      0  0.000     1.000    0.003    0.995         0.000          8.763       rulex                0.200     1.00
transformer  1002 final   ebottom    in     28  0.050     1.000    0.003    0.995         0.000          8.076       rulex                0.200     1.00
transformer  1002 final   ebottom    in     52  0.100     1.000    0.003    0.991         0.005          7.158       rulex                0.200     0.98
transformer  1002 final   ebottom    in     66  0.200     1.000    0.005    0.769         0.204          3.110       rulex                0.200     0.80
transformer  1002 final   ebottom    in     68  0.300     0.899    0.297    0.303         0.294         -0.694       rulex                0.200     0.50
transformer  1002 final   ebottom    in     69  0.400     0.826    0.523    0.145         0.308         -2.980       rulex                0.200     0.32
transformer  1002 final   ebottom    in     70  0.500     0.512    1.720    0.072         0.204         -4.259       rulex                0.200     0.26
transformer  1002 final   ebottom    in     71  0.600     0.273    2.987    0.023         0.122         -6.033       rulex                0.752     0.14
transformer  1002 final   ebottom    in     72  0.700     0.092    5.387    0.018         0.045         -5.657        rule                1.459     0.26
transformer  1002 final   ebottom    in     73  0.800     0.028    8.246    0.005         0.014         -3.608 gcm_hamming                1.819     0.06
transformer  1002 final   ebottom    in     74  0.900     0.006   12.398    0.005         0.005         -0.046  gcm_linear                0.249     0.50
transformer  1002 final   ebottom    in     74  0.950     0.006   12.398    0.005         0.005         -0.046  gcm_linear                0.249     0.50
transformer  1002 final   ebottom    in     74  1.000     0.006   12.398    0.005         0.005         -0.046  gcm_linear                0.249     0.50
transformer  1002 final     erand    in      0  0.000     1.000    0.003    0.995         0.000          8.763       rulex                0.200     1.00
transformer  1002 final     erand    in     16  0.050     1.000    0.003    0.991         0.005          7.575       rulex                0.200     0.98
transformer  1002 final     erand    in     19  0.100     0.926    0.201    0.611         0.122          3.768       rulex                0.200     0.84
transformer  1002 final     erand    in     23  0.200     0.886    0.322    0.507         0.104          2.148       rulex                0.200     0.84
transformer  1002 final     erand    in     26  0.300     0.475    2.051    0.127         0.072         -0.715       rulex                0.200     0.64
transformer  1002 final     erand    in     34  0.400     0.384    2.573    0.068         0.086         -2.614       rulex                0.388     0.44
transformer  1002 final     erand    in     37  0.500     0.384    2.566    0.077         0.081         -2.728       rulex                0.388     0.48
transformer  1002 final     erand    in     46  0.600     0.126    5.281    0.032         0.041         -3.540       rulex                2.268     0.44
transformer  1002 final     erand    in     48  0.700     0.047    8.092    0.009         0.023         -3.892        rule                2.268     0.20
transformer  1002 final     erand    in     61  0.800     0.022   11.152    0.009         0.009         -0.959 gcm_hamming                2.268     0.50
transformer  1002 final     erand    in     72  0.900     0.008   12.715    0.005         0.009         -0.368  gcm_linear                0.752     0.00
transformer  1002 final     erand    in     72  0.950     0.008   12.715    0.005         0.009         -0.368  gcm_linear                0.752     0.00
transformer  1002 final     erand    in     74  1.000     0.006   12.398    0.005         0.005         -0.046  gcm_linear                0.249     0.50
transformer  1002 final     erand    in      0  0.000     1.000    0.003    0.995         0.000          8.763       rulex                0.200     1.00
transformer  1002 final     erand    in     10  0.050     0.997    0.014    0.878         0.081          5.563       rulex                0.200     0.92
transformer  1002 final     erand    in     10  0.100     0.997    0.014    0.878         0.081          5.563       rulex                0.200     0.92
transformer  1002 final     erand    in     14  0.200     0.949    0.169    0.597         0.113          2.577       rulex                0.200     0.84
transformer  1002 final     erand    in     16  0.300     0.634    1.119    0.258         0.113         -0.312       rulex                0.200     0.70
transformer  1002 final     erand    in     34  0.400     0.402    2.388    0.100         0.063         -2.885       rulex                0.249     0.62
transformer  1002 final     erand    in     41  0.500     0.404    2.365    0.072         0.072         -3.332       rulex                0.249     0.50
transformer  1002 final     erand    in     55  0.600     0.200    3.979    0.041         0.059         -4.394       rulex                0.938     0.40
transformer  1002 final     erand    in     60  0.700     0.027    9.272    0.009         0.018         -2.352 gcm_hamming                1.819     0.20
transformer  1002 final     erand    in     64  0.800     0.028    9.230    0.014         0.014         -2.435 gcm_hamming                1.819     0.50
transformer  1002 final     erand    in     67  0.900     0.008   13.745    0.000         0.000          1.265  gcm_linear                1.459     0.00
transformer  1002 final     erand    in     71  0.950     0.009   13.817    0.005         0.000         -0.415  gcm_linear                1.819     1.00
transformer  1002 final     erand    in     74  1.000     0.006   12.398    0.005         0.005         -0.046  gcm_linear                0.249     0.50
transformer  1002 final     erand    in      0  0.000     1.000    0.003    0.995         0.000          8.763       rulex                0.200     1.00
transformer  1002 final     erand    in      2  0.050     0.996    0.023    0.878         0.050          5.645       rulex                0.200     0.94
transformer  1002 final     erand    in      2  0.100     0.996    0.023    0.878         0.050          5.645       rulex                0.200     0.94
transformer  1002 final     erand    in     27  0.200     0.873    0.368    0.385         0.172          0.807       rulex                0.200     0.70
transformer  1002 final     erand    in     28  0.300     0.644    1.184    0.199         0.145         -1.293       rulex                0.200     0.58
transformer  1002 final     erand    in     32  0.400     0.646    1.178    0.190         0.149         -1.453       rulex                0.200     0.56
transformer  1002 final     erand    in     42  0.500     0.288    3.357    0.023         0.077         -4.202       rulex                0.938     0.22
transformer  1002 final     erand    in     42  0.600     0.288    3.357    0.023         0.077         -4.202       rulex                0.938     0.22
transformer  1002 final     erand    in     50  0.700     0.129    5.374    0.023         0.050         -3.946       rulex                1.459     0.30
transformer  1002 final     erand    in     61  0.800     0.029    9.701    0.009         0.009         -1.392 gcm_hamming                2.268     0.50
transformer  1002 final     erand    in     67  0.900     0.020   10.866    0.005         0.014         -0.436 gcm_hamming                2.268     0.06
transformer  1002 final     erand    in     68  0.950     0.011   13.981    0.009         0.009          0.060 gcm_hamming                1.170     0.50
transformer  1002 final     erand    in     74  1.000     0.006   12.398    0.005         0.005         -0.046  gcm_linear                0.249     0.50
transformer  1002 final      topk    in     23  0.000     1.000    0.003    0.995         0.000          8.763       rulex                0.200     1.00
transformer  1002 final      topk    in     23  0.250     0.999    0.005    0.995         0.000          8.616       rulex                0.200     1.00
transformer  1002 final      topk    in     23  0.500     0.996    0.016    0.964         0.023          8.311       rulex                0.200     0.98
transformer  1002 final      topk    in     23  0.750     0.883    0.378    0.760         0.041          7.683       rulex                0.200     0.94
transformer  1002 final      topk    in     23  1.000     0.014   15.079    0.005         0.005          1.219 gcm_hamming                0.752     0.50
transformer  1002 final     randk    in     23  0.000     1.000    0.003    0.995         0.000          8.763       rulex                0.200     1.00
transformer  1002 final     randk    in     23  0.250     1.000    0.003    0.995         0.000          8.594       rulex                0.200     1.00
transformer  1002 final     randk    in     23  0.500     1.000    0.003    0.995         0.000          8.414       rulex                0.200     1.00
transformer  1002 final     randk    in     23  0.750     1.000    0.003    0.995         0.000          8.226       rulex                0.200     1.00
transformer  1002 final     randk    in     23  1.000     1.000    0.003    0.995         0.000          8.030       rulex                0.200     1.00
transformer  1002 final     randk    in     23  0.000     1.000    0.003    0.995         0.000          8.763       rulex                0.200     1.00
transformer  1002 final     randk    in     23  0.250     1.000    0.003    0.995         0.000          8.598       rulex                0.200     1.00
transformer  1002 final     randk    in     23  0.500     1.000    0.003    0.995         0.000          8.422       rulex                0.200     1.00
transformer  1002 final     randk    in     23  0.750     1.000    0.003    0.995         0.000          8.238       rulex                0.200     1.00
transformer  1002 final     randk    in     23  1.000     1.000    0.003    0.995         0.000          8.044       rulex                0.200     1.00
transformer  1002 final     randk    in     23  0.000     1.000    0.003    0.995         0.000          8.763       rulex                0.200     1.00
transformer  1002 final     randk    in     23  0.250     1.000    0.003    0.995         0.000          8.592       rulex                0.200     1.00
transformer  1002 final     randk    in     23  0.500     1.000    0.003    0.995         0.000          8.411       rulex                0.200     1.00
transformer  1002 final     randk    in     23  0.750     1.000    0.003    0.995         0.000          8.221       rulex                0.200     1.00
transformer  1002 final     randk    in     23  1.000     1.000    0.003    0.995         0.000          8.024       rulex                0.200     1.00
transformer  1002 final  residual    in     51  0.000     1.000    0.003    0.995         0.000          8.763       rulex                0.200     1.00
transformer  1002 final  residual    in     51  0.250     1.000    0.003    0.995         0.000          8.406       rulex                0.200     1.00
transformer  1002 final  residual    in     51  0.500     1.000    0.003    0.995         0.000          8.021       rulex                0.200     1.00
transformer  1002 final  residual    in     51  0.750     1.000    0.003    0.995         0.000          7.614       rulex                0.200     1.00
transformer  1002 final  residual    in     51  1.000     1.000    0.003    0.991         0.005          7.190       rulex                0.200     0.98
transformer  1002 final   neurons units      0  0.000     1.000    0.003    0.995         0.000          8.763       rulex                0.200     1.00
transformer  1002 final   neurons units      1  0.001     1.000    0.003    0.995         0.000          8.687       rulex                0.200     1.00
transformer  1002 final   neurons units      2  0.001     1.000    0.003    0.995         0.000          8.613       rulex                0.200     1.00
transformer  1002 final   neurons units      4  0.003     1.000    0.003    0.995         0.000          8.500       rulex                0.200     1.00
transformer  1002 final   neurons units      8  0.005     1.000    0.003    0.995         0.000          8.285       rulex                0.200     1.00
transformer  1002 final   neurons units     16  0.010     1.000    0.003    0.991         0.005          7.873       rulex                0.200     0.98
transformer  1002 final   neurons units     32  0.021     1.000    0.003    0.973         0.023          7.126       rulex                0.200     0.98
transformer  1002 final   neurons units     64  0.042     1.000    0.003    0.914         0.081          5.777       rulex                0.200     0.92
transformer  1002 final   neurons units    128  0.083     1.000    0.002    0.778         0.204          3.542       rulex                0.200     0.80
transformer  1002 final   neurons units    256  0.167     1.000    0.002    0.534         0.448          0.046       rulex                0.200     0.54
transformer  1002 final   neurons units    512  0.333     1.000    0.004    0.281         0.692         -3.023       rulex                0.200     0.28
transformer  1002 final randunits units      0  0.000     1.000    0.003    0.995         0.000          8.763       rulex                0.200     1.00
transformer  1002 final randunits units      1  0.001     1.000    0.003    0.995         0.000          8.753       rulex                0.200     1.00
transformer  1002 final randunits units      2  0.001     1.000    0.003    0.995         0.000          8.751       rulex                0.200     1.00
transformer  1002 final randunits units      4  0.003     1.000    0.003    0.995         0.000          8.705       rulex                0.200     1.00
transformer  1002 final randunits units      8  0.005     1.000    0.003    0.995         0.000          8.845       rulex                0.200     1.00
transformer  1002 final randunits units     16  0.010     1.000    0.003    0.995         0.000          8.640       rulex                0.200     1.00
transformer  1002 final randunits units     32  0.021     1.000    0.004    0.995         0.000          8.657       rulex                0.200     1.00
transformer  1002 final randunits units     64  0.042     0.999    0.004    0.995         0.000          8.566       rulex                0.200     1.00
transformer  1002 final randunits units    128  0.083     0.999    0.005    0.991         0.000          8.433       rulex                0.200     1.00
transformer  1002 final randunits units    256  0.167     0.999    0.010    0.986         0.009          8.625       rulex                0.200     0.98
transformer  1002 final randunits units    512  0.333     0.996    0.029    0.973         0.014          8.120       rulex                0.200     0.98
transformer  1002 final randunits units      0  0.000     1.000    0.003    0.995         0.000          8.763       rulex                0.200     1.00
transformer  1002 final randunits units      1  0.001     1.000    0.003    0.995         0.000          8.721       rulex                0.200     1.00
transformer  1002 final randunits units      2  0.001     1.000    0.003    0.995         0.000          8.745       rulex                0.200     1.00
transformer  1002 final randunits units      4  0.003     1.000    0.003    0.995         0.000          8.755       rulex                0.200     1.00
transformer  1002 final randunits units      8  0.005     1.000    0.003    0.995         0.000          8.804       rulex                0.200     1.00
transformer  1002 final randunits units     16  0.010     1.000    0.003    0.995         0.000          8.722       rulex                0.200     1.00
transformer  1002 final randunits units     32  0.021     1.000    0.003    0.995         0.000          8.650       rulex                0.200     1.00
transformer  1002 final randunits units     64  0.042     0.999    0.004    0.991         0.005          8.627       rulex                0.200     0.98
transformer  1002 final randunits units    128  0.083     0.999    0.005    0.991         0.005          8.575       rulex                0.200     0.98
transformer  1002 final randunits units    256  0.167     0.998    0.010    0.982         0.014          8.739       rulex                0.200     0.98
transformer  1002 final randunits units    512  0.333     0.994    0.030    0.982         0.009          7.733       rulex                0.200     0.98
transformer  1002 final randunits units      0  0.000     1.000    0.003    0.995         0.000          8.763       rulex                0.200     1.00
transformer  1002 final randunits units      1  0.001     1.000    0.003    0.995         0.000          8.773       rulex                0.200     1.00
transformer  1002 final randunits units      2  0.001     1.000    0.003    0.995         0.000          8.758       rulex                0.200     1.00
transformer  1002 final randunits units      4  0.003     1.000    0.003    0.995         0.000          8.766       rulex                0.200     1.00
transformer  1002 final randunits units      8  0.005     1.000    0.003    0.995         0.000          8.748       rulex                0.200     1.00
transformer  1002 final randunits units     16  0.010     1.000    0.003    0.995         0.000          8.710       rulex                0.200     1.00
transformer  1002 final randunits units     32  0.021     0.999    0.004    0.995         0.000          8.784       rulex                0.200     1.00
transformer  1002 final randunits units     64  0.042     1.000    0.004    0.995         0.000          8.778       rulex                0.200     1.00
transformer  1002 final randunits units    128  0.083     1.000    0.005    0.995         0.000          8.523       rulex                0.200     1.00
transformer  1002 final randunits units    256  0.167     0.998    0.011    0.986         0.009          8.361       rulex                0.200     0.98
transformer  1002 final randunits units    512  0.333     0.994    0.031    0.941         0.036          7.397       rulex                0.200     0.96
transformer  1000 final      none     -      0  0.000     0.998    0.012      NaN           NaN            NaN        rule                0.200     0.00
transformer  1000 final   lowpass    in      0  0.000     0.013   12.586      NaN           NaN            NaN  gcm_linear                1.819     0.00
transformer  1000 final   lowpass    in      1  1.000     0.025    9.386      NaN           NaN            NaN        rule                1.459     0.00
transformer  1000 final   lowpass    in      2  2.000     0.025    9.349      NaN           NaN            NaN        rule                1.459     0.00
transformer  1000 final   lowpass    in      3  3.000     0.025    9.362      NaN           NaN            NaN        rule                1.459     0.00
transformer  1000 final   lowpass    in      4  4.000     0.024    9.335      NaN           NaN            NaN        rule                1.459     0.00
transformer  1000 final   lowpass    in      6  6.000     0.024    9.297      NaN           NaN            NaN        rule                1.459     0.00
transformer  1000 final   lowpass    in      8  8.000     0.025    9.629      NaN           NaN            NaN        rule                1.459     0.00
transformer  1000 final   lowpass    in     12 12.000     0.034    9.303      NaN           NaN            NaN        rule                1.819     0.00
transformer  1000 final   lowpass    in     16 16.000     0.035    9.303      NaN           NaN            NaN        rule                1.459     0.00
transformer  1000 final   lowpass    in     24 24.000     0.058    8.606      NaN           NaN            NaN        rule                1.819     0.00
transformer  1000 final   lowpass    in     32 32.000     0.059    8.617      NaN           NaN            NaN        rule                1.819     0.00
transformer  1000 final   lowpass    in     48 48.000     0.320    3.426      NaN           NaN            NaN        rule                0.311     0.00
transformer  1000 final   lowpass    in     74 74.000     0.998    0.012      NaN           NaN            NaN        rule                0.200     0.00
transformer  1000 final      etop    in      0  0.000     0.998    0.012      NaN           NaN            NaN        rule                0.200     0.00
transformer  1000 final      etop    in      1  0.050     0.862    0.386      NaN           NaN            NaN        rule                0.200     0.00
transformer  1000 final      etop    in      1  0.100     0.862    0.386      NaN           NaN            NaN        rule                0.200     0.00
transformer  1000 final      etop    in      2  0.200     0.503    2.261      NaN           NaN            NaN        rule                0.200     0.00
transformer  1000 final      etop    in      3  0.300     0.170    4.751      NaN           NaN            NaN        rule                1.819     0.00
transformer  1000 final      etop    in      4  0.400     0.111    6.414      NaN           NaN            NaN        rule                1.459     0.00
transformer  1000 final      etop    in      5  0.500     0.075    7.580      NaN           NaN            NaN        rule                1.819     0.00
transformer  1000 final      etop    in      7  0.600     0.025   10.876      NaN           NaN            NaN        rule                1.819     0.00
transformer  1000 final      etop    in      8  0.700     0.024    9.666      NaN           NaN            NaN        rule                1.459     0.00
transformer  1000 final      etop    in     11  0.800     0.016   11.323      NaN           NaN            NaN        rule                0.938     0.00
transformer  1000 final      etop    in     17  0.900     0.014   15.555      NaN           NaN            NaN        rule                1.459     0.00
transformer  1000 final      etop    in     42  0.950     0.014   15.750      NaN           NaN            NaN        rule                0.938     0.00
transformer  1000 final      etop    in     74  1.000     0.013   12.586      NaN           NaN            NaN  gcm_linear                1.819     0.00
transformer  1000 final   ebottom    in      0  0.000     0.998    0.012      NaN           NaN            NaN        rule                0.200     0.00
transformer  1000 final   ebottom    in     33  0.050     0.998    0.010      NaN           NaN            NaN        rule                0.200     0.00
transformer  1000 final   ebottom    in     58  0.100     0.999    0.008      NaN           NaN            NaN        rule                0.200     0.00
transformer  1000 final   ebottom    in     64  0.200     0.998    0.015      NaN           NaN            NaN        rule                0.200     0.00
transformer  1000 final   ebottom    in     67  0.300     0.913    0.283      NaN           NaN            NaN        rule                0.200     0.00
transformer  1000 final   ebottom    in     68  0.400     0.553    1.716      NaN           NaN            NaN        rule                0.200     0.00
transformer  1000 final   ebottom    in     70  0.500     0.236    4.612      NaN           NaN            NaN        rule                0.603     0.00
transformer  1000 final   ebottom    in     71  0.600     0.198    5.079      NaN           NaN            NaN        rule                0.752     0.00
transformer  1000 final   ebottom    in     72  0.700     0.083    7.009      NaN           NaN            NaN        rule                1.459     0.00
transformer  1000 final   ebottom    in     73  0.800     0.025    9.386      NaN           NaN            NaN        rule                1.459     0.00
transformer  1000 final   ebottom    in     74  0.900     0.013   12.586      NaN           NaN            NaN  gcm_linear                1.819     0.00
transformer  1000 final   ebottom    in     74  0.950     0.013   12.586      NaN           NaN            NaN  gcm_linear                1.819     0.00
transformer  1000 final   ebottom    in     74  1.000     0.013   12.586      NaN           NaN            NaN  gcm_linear                1.819     0.00
transformer  1000 final     erand    in      0  0.000     0.998    0.012      NaN           NaN            NaN        rule                0.200     0.00
transformer  1000 final     erand    in      6  0.050     0.862    0.385      NaN           NaN            NaN        rule                0.200     0.00
transformer  1000 final     erand    in      6  0.100     0.862    0.385      NaN           NaN            NaN        rule                0.200     0.00
transformer  1000 final     erand    in     13  0.200     0.654    1.235      NaN           NaN            NaN        rule                0.200     0.00
transformer  1000 final     erand    in     23  0.300     0.374    3.322      NaN           NaN            NaN        rule                0.311     0.00
transformer  1000 final     erand    in     28  0.400     0.223    4.703      NaN           NaN            NaN        rule                0.603     0.00
transformer  1000 final     erand    in     30  0.500     0.076    8.101      NaN           NaN            NaN        rule                1.819     0.00
transformer  1000 final     erand    in     41  0.600     0.052    8.511      NaN           NaN            NaN        rule                1.819     0.00
transformer  1000 final     erand    in     47  0.700     0.046    9.027      NaN           NaN            NaN        rule                1.819     0.00
transformer  1000 final     erand    in     57  0.800     0.019   11.834      NaN           NaN            NaN        rule                1.819     0.00
transformer  1000 final     erand    in     59  0.900     0.014   12.811      NaN           NaN            NaN        rule                2.828     0.00
transformer  1000 final     erand    in     62  0.950     0.016   12.770      NaN           NaN            NaN        rule                0.388     0.00
transformer  1000 final     erand    in     74  1.000     0.013   12.586      NaN           NaN            NaN  gcm_linear                1.819     0.00
transformer  1000 final     erand    in      0  0.000     0.998    0.012      NaN           NaN            NaN        rule                0.200     0.00
transformer  1000 final     erand    in     17  0.050     0.998    0.012      NaN           NaN            NaN        rule                0.200     0.00
transformer  1000 final     erand    in     18  0.100     0.915    0.254      NaN           NaN            NaN        rule                0.200     0.00
transformer  1000 final     erand    in     27  0.200     0.912    0.260      NaN           NaN            NaN        rule                0.200     0.00
transformer  1000 final     erand    in     32  0.300     0.508    1.951      NaN           NaN            NaN        rule                0.200     0.00
transformer  1000 final     erand    in     42  0.400     0.445    2.451      NaN           NaN            NaN        rule                0.200     0.00
transformer  1000 final     erand    in     44  0.500     0.173    5.369      NaN           NaN            NaN        rule                1.170     0.00
transformer  1000 final     erand    in     45  0.600     0.119    6.504      NaN           NaN            NaN        rule                1.459     0.00
transformer  1000 final     erand    in     52  0.700     0.035    9.387      NaN           NaN            NaN        rule                1.170     0.00
transformer  1000 final     erand    in     55  0.800     0.014   10.569      NaN           NaN            NaN        rule                1.459     0.00
transformer  1000 final     erand    in     55  0.900     0.014   10.569      NaN           NaN            NaN        rule                1.459     0.00
transformer  1000 final     erand    in     71  0.950     0.011   10.416      NaN           NaN            NaN        rule                0.200     0.00
transformer  1000 final     erand    in     74  1.000     0.013   12.586      NaN           NaN            NaN  gcm_linear                1.819     0.00
transformer  1000 final     erand    in      0  0.000     0.998    0.012      NaN           NaN            NaN        rule                0.200     0.00
transformer  1000 final     erand    in      8  0.050     0.988    0.041      NaN           NaN            NaN        rule                0.200     0.00
transformer  1000 final     erand    in      9  0.100     0.865    0.409      NaN           NaN            NaN        rule                0.200     0.00
transformer  1000 final     erand    in     10  0.200     0.712    0.951      NaN           NaN            NaN        rule                0.200     0.00
transformer  1000 final     erand    in     16  0.300     0.618    1.407      NaN           NaN            NaN        rule                0.200     0.00
transformer  1000 final     erand    in     36  0.400     0.324    3.341      NaN           NaN            NaN        rule                0.311     0.00
transformer  1000 final     erand    in     39  0.500     0.225    4.489      NaN           NaN            NaN        rule                0.752     0.00
transformer  1000 final     erand    in     51  0.600     0.093    7.079      NaN           NaN            NaN        rule                1.459     0.00
transformer  1000 final     erand    in     51  0.700     0.093    7.079      NaN           NaN            NaN        rule                1.459     0.00
transformer  1000 final     erand    in     64  0.800     0.041    8.656      NaN           NaN            NaN        rule                1.459     0.00
transformer  1000 final     erand    in     66  0.900     0.011   10.372      NaN           NaN            NaN        rule                1.459     0.00
transformer  1000 final     erand    in     67  0.950     0.011   11.021      NaN           NaN            NaN        rule                1.170     0.00
transformer  1000 final     erand    in     74  1.000     0.013   12.586      NaN           NaN            NaN  gcm_linear                1.819     0.00
transformer  1000 final      topk    in     17  0.000     0.998    0.012      NaN           NaN            NaN        rule                0.200     0.00
transformer  1000 final      topk    in     17  0.250     0.997    0.016      NaN           NaN            NaN        rule                0.200     0.00
transformer  1000 final      topk    in     17  0.500     0.991    0.037      NaN           NaN            NaN        rule                0.200     0.00
transformer  1000 final      topk    in     17  0.750     0.793    0.699      NaN           NaN            NaN        rule                0.200     0.00
transformer  1000 final      topk    in     17  1.000     0.014   15.555      NaN           NaN            NaN        rule                1.459     0.00
transformer  1000 final     randk    in     17  0.000     0.998    0.012      NaN           NaN            NaN        rule                0.200     0.00
transformer  1000 final     randk    in     17  0.250     0.998    0.011      NaN           NaN            NaN        rule                0.200     0.00
transformer  1000 final     randk    in     17  0.500     0.998    0.011      NaN           NaN            NaN        rule                0.200     0.00
transformer  1000 final     randk    in     17  0.750     0.998    0.011      NaN           NaN            NaN        rule                0.200     0.00
transformer  1000 final     randk    in     17  1.000     0.998    0.011      NaN           NaN            NaN        rule                0.200     0.00
transformer  1000 final     randk    in     17  0.000     0.998    0.012      NaN           NaN            NaN        rule                0.200     0.00
transformer  1000 final     randk    in     17  0.250     0.998    0.011      NaN           NaN            NaN        rule                0.200     0.00
transformer  1000 final     randk    in     17  0.500     0.998    0.011      NaN           NaN            NaN        rule                0.200     0.00
transformer  1000 final     randk    in     17  0.750     0.998    0.011      NaN           NaN            NaN        rule                0.200     0.00
transformer  1000 final     randk    in     17  1.000     0.998    0.010      NaN           NaN            NaN        rule                0.200     0.00
transformer  1000 final     randk    in     17  0.000     0.998    0.012      NaN           NaN            NaN        rule                0.200     0.00
transformer  1000 final     randk    in     17  0.250     0.998    0.011      NaN           NaN            NaN        rule                0.200     0.00
transformer  1000 final     randk    in     17  0.500     0.998    0.011      NaN           NaN            NaN        rule                0.200     0.00
transformer  1000 final     randk    in     17  0.750     0.998    0.011      NaN           NaN            NaN        rule                0.200     0.00
transformer  1000 final     randk    in     17  1.000     0.998    0.011      NaN           NaN            NaN        rule                0.200     0.00
transformer  1000 final  residual    in     57  0.000     0.998    0.012      NaN           NaN            NaN        rule                0.200     0.00
transformer  1000 final  residual    in     57  0.250     0.998    0.010      NaN           NaN            NaN        rule                0.200     0.00
transformer  1000 final  residual    in     57  0.500     0.999    0.009      NaN           NaN            NaN        rule                0.200     0.00
transformer  1000 final  residual    in     57  0.750     0.999    0.009      NaN           NaN            NaN        rule                0.200     0.00
transformer  1000 final  residual    in     57  1.000     0.999    0.009      NaN           NaN            NaN        rule                0.200     0.00
transformer  1001 final      none     -      0  0.000     0.996    0.013      NaN           NaN            NaN        rule                0.200     0.00
transformer  1001 final   lowpass    in      0  0.000     0.007   30.769      NaN           NaN            NaN     uniform                0.200     0.00
transformer  1001 final   lowpass    in      1  1.000     0.007   32.417      NaN           NaN            NaN     uniform                0.200     0.00
transformer  1001 final   lowpass    in      2  2.000     0.024    9.594      NaN           NaN            NaN gcm_hamming                0.603     0.00
transformer  1001 final   lowpass    in      3  3.000     0.078    6.346      NaN           NaN            NaN        rule                1.459     0.00
transformer  1001 final   lowpass    in      4  4.000     0.078    6.351      NaN           NaN            NaN        rule                1.459     0.00
transformer  1001 final   lowpass    in      6  6.000     0.078    6.344      NaN           NaN            NaN        rule                1.459     0.00
transformer  1001 final   lowpass    in      8  8.000     0.078    6.345      NaN           NaN            NaN        rule                1.459     0.00
transformer  1001 final   lowpass    in     12 12.000     0.095    5.780      NaN           NaN            NaN        rule                1.819     0.00
transformer  1001 final   lowpass    in     16 16.000     0.096    5.769      NaN           NaN            NaN        rule                1.819     0.00
transformer  1001 final   lowpass    in     24 24.000     0.095    5.779      NaN           NaN            NaN        rule                1.819     0.00
transformer  1001 final   lowpass    in     32 32.000     0.156    5.296      NaN           NaN            NaN        rule                0.938     0.00
transformer  1001 final   lowpass    in     48 48.000     0.270    3.750      NaN           NaN            NaN        rule                0.388     0.00
transformer  1001 final   lowpass    in     74 74.000     0.996    0.013      NaN           NaN            NaN        rule                0.200     0.00
transformer  1001 final      etop    in      0  0.000     0.996    0.013      NaN           NaN            NaN        rule                0.200     0.00
transformer  1001 final      etop    in      1  0.050     0.857    0.377      NaN           NaN            NaN        rule                0.200     0.00
transformer  1001 final      etop    in      1  0.100     0.857    0.377      NaN           NaN            NaN        rule                0.200     0.00
transformer  1001 final      etop    in      2  0.200     0.603    1.310      NaN           NaN            NaN        rule                0.200     0.00
transformer  1001 final      etop    in      4  0.300     0.157    5.116      NaN           NaN            NaN        rule                1.170     0.00
transformer  1001 final      etop    in      5  0.400     0.104    7.237      NaN           NaN            NaN        rule                1.170     0.00
transformer  1001 final      etop    in      6  0.500     0.082    7.798      NaN           NaN            NaN        rule                0.752     0.00
transformer  1001 final      etop    in      8  0.600     0.021   11.742      NaN           NaN            NaN        rule                0.603     0.00
transformer  1001 final      etop    in      9  0.700     0.025    9.960      NaN           NaN            NaN        rule                0.603     0.00
transformer  1001 final      etop    in     12  0.800     0.021    8.724      NaN           NaN            NaN        rule                1.459     0.00
transformer  1001 final      etop    in     17  0.900     0.011   16.429      NaN           NaN            NaN gcm_hamming                0.200     0.00
transformer  1001 final      etop    in     42  0.950     0.010   17.847      NaN           NaN            NaN gcm_hamming                0.200     0.00
transformer  1001 final      etop    in     74  1.000     0.007   30.769      NaN           NaN            NaN     uniform                0.200     0.00
transformer  1001 final   ebottom    in      0  0.000     0.996    0.013      NaN           NaN            NaN        rule                0.200     0.00
transformer  1001 final   ebottom    in     33  0.050     0.996    0.011      NaN           NaN            NaN        rule                0.200     0.00
transformer  1001 final   ebottom    in     58  0.100     0.997    0.010      NaN           NaN            NaN        rule                0.200     0.00
transformer  1001 final   ebottom    in     63  0.200     0.991    0.030      NaN           NaN            NaN        rule                0.200     0.00
transformer  1001 final   ebottom    in     66  0.300     0.952    0.179      NaN           NaN            NaN        rule                0.200     0.00
transformer  1001 final   ebottom    in     67  0.400     0.794    0.721      NaN           NaN            NaN        rule                0.200     0.00
transformer  1001 final   ebottom    in     69  0.500     0.405    2.704      NaN           NaN            NaN        rule                0.200     0.00
transformer  1001 final   ebottom    in     70  0.600     0.358    3.139      NaN           NaN            NaN        rule                0.311     0.00
transformer  1001 final   ebottom    in     71  0.700     0.242    4.202      NaN           NaN            NaN        rule                0.603     0.00
transformer  1001 final   ebottom    in     73  0.800     0.024    9.611      NaN           NaN            NaN gcm_hamming                0.603     0.00
transformer  1001 final   ebottom    in     74  0.900     0.007   30.769      NaN           NaN            NaN     uniform                0.200     0.00
transformer  1001 final   ebottom    in     74  0.950     0.007   30.769      NaN           NaN            NaN     uniform                0.200     0.00
transformer  1001 final   ebottom    in     74  1.000     0.007   30.769      NaN           NaN            NaN     uniform                0.200     0.00
transformer  1001 final     erand    in      0  0.000     0.996    0.013      NaN           NaN            NaN        rule                0.200     0.00
transformer  1001 final     erand    in     10  0.050     0.855    0.376      NaN           NaN            NaN        rule                0.200     0.00
transformer  1001 final     erand    in     10  0.100     0.855    0.376      NaN           NaN            NaN        rule                0.200     0.00
transformer  1001 final     erand    in     23  0.200     0.499    1.982      NaN           NaN            NaN        rule                0.200     0.00
transformer  1001 final     erand    in     27  0.300     0.321    3.190      NaN           NaN            NaN        rule                0.249     0.00
transformer  1001 final     erand    in     32  0.400     0.129    6.159      NaN           NaN            NaN        rule                0.938     0.00
transformer  1001 final     erand    in     37  0.500     0.112    6.797      NaN           NaN            NaN        rule                1.170     0.00
transformer  1001 final     erand    in     43  0.600     0.091    7.904      NaN           NaN            NaN        rule                1.170     0.00
transformer  1001 final     erand    in     44  0.700     0.059    9.109      NaN           NaN            NaN        rule                1.459     0.00
transformer  1001 final     erand    in     50  0.800     0.022   10.572      NaN           NaN            NaN        rule                1.170     0.00
transformer  1001 final     erand    in     57  0.900     0.012   11.694      NaN           NaN            NaN gcm_hamming                0.249     0.00
transformer  1001 final     erand    in     57  0.950     0.012   11.694      NaN           NaN            NaN gcm_hamming                0.249     0.00
transformer  1001 final     erand    in     74  1.000     0.007   30.769      NaN           NaN            NaN     uniform                0.200     0.00
transformer  1001 final     erand    in      0  0.000     0.996    0.013      NaN           NaN            NaN        rule                0.200     0.00
transformer  1001 final     erand    in      6  0.050     0.968    0.102      NaN           NaN            NaN        rule                0.200     0.00
transformer  1001 final     erand    in     12  0.100     0.887    0.352      NaN           NaN            NaN        rule                0.200     0.00
transformer  1001 final     erand    in     18  0.200     0.674    1.077      NaN           NaN            NaN        rule                0.200     0.00
transformer  1001 final     erand    in     22  0.300     0.356    3.049      NaN           NaN            NaN        rule                0.311     0.00
transformer  1001 final     erand    in     31  0.400     0.356    3.051      NaN           NaN            NaN        rule                0.388     0.00
transformer  1001 final     erand    in     39  0.500     0.227    4.810      NaN           NaN            NaN        rule                0.603     0.00
transformer  1001 final     erand    in     42  0.600     0.201    5.423      NaN           NaN            NaN        rule                0.484     0.00
transformer  1001 final     erand    in     50  0.700     0.016   14.064      NaN           NaN            NaN        rule                0.484     0.00
transformer  1001 final     erand    in     51  0.800     0.016   13.448      NaN           NaN            NaN        rule                0.752     0.00
transformer  1001 final     erand    in     59  0.900     0.014   12.894      NaN           NaN            NaN        rule                0.938     0.00
transformer  1001 final     erand    in     73  0.950     0.007   31.942      NaN           NaN            NaN     uniform                0.200     0.00
transformer  1001 final     erand    in     74  1.000     0.007   30.769      NaN           NaN            NaN     uniform                0.200     0.00
transformer  1001 final     erand    in      0  0.000     0.996    0.013      NaN           NaN            NaN        rule                0.200     0.00
transformer  1001 final     erand    in      1  0.050     0.966    0.103      NaN           NaN            NaN        rule                0.200     0.00
transformer  1001 final     erand    in      8  0.100     0.965    0.109      NaN           NaN            NaN        rule                0.200     0.00
transformer  1001 final     erand    in     14  0.200     0.772    0.744      NaN           NaN            NaN        rule                0.200     0.00
transformer  1001 final     erand    in     20  0.300     0.393    2.789      NaN           NaN            NaN        rule                0.200     0.00
transformer  1001 final     erand    in     31  0.400     0.361    3.167      NaN           NaN            NaN        rule                0.388     0.00
transformer  1001 final     erand    in     38  0.500     0.287    3.876      NaN           NaN            NaN        rule                0.484     0.00
transformer  1001 final     erand    in     46  0.600     0.168    5.612      NaN           NaN            NaN        rule                0.752     0.00
transformer  1001 final     erand    in     49  0.700     0.075    8.062      NaN           NaN            NaN        rule                1.170     0.00
transformer  1001 final     erand    in     51  0.800     0.026   10.386      NaN           NaN            NaN        rule                1.459     0.00
transformer  1001 final     erand    in     64  0.900     0.014   12.866      NaN           NaN            NaN        rule                0.938     0.00
transformer  1001 final     erand    in     69  0.950     0.007   31.740      NaN           NaN            NaN     uniform                0.200     0.00
transformer  1001 final     erand    in     74  1.000     0.007   30.769      NaN           NaN            NaN     uniform                0.200     0.00
transformer  1001 final      topk    in     17  0.000     0.996    0.013      NaN           NaN            NaN        rule                0.200     0.00
transformer  1001 final      topk    in     17  0.250     0.996    0.015      NaN           NaN            NaN        rule                0.200     0.00
transformer  1001 final      topk    in     17  0.500     0.992    0.030      NaN           NaN            NaN        rule                0.200     0.00
transformer  1001 final      topk    in     17  0.750     0.804    0.653      NaN           NaN            NaN        rule                0.200     0.00
transformer  1001 final      topk    in     17  1.000     0.011   16.429      NaN           NaN            NaN gcm_hamming                0.200     0.00
transformer  1001 final     randk    in     17  0.000     0.996    0.013      NaN           NaN            NaN        rule                0.200     0.00
transformer  1001 final     randk    in     17  0.250     0.996    0.012      NaN           NaN            NaN        rule                0.200     0.00
transformer  1001 final     randk    in     17  0.500     0.997    0.012      NaN           NaN            NaN        rule                0.200     0.00
transformer  1001 final     randk    in     17  0.750     0.996    0.012      NaN           NaN            NaN        rule                0.200     0.00
transformer  1001 final     randk    in     17  1.000     0.996    0.012      NaN           NaN            NaN        rule                0.200     0.00
transformer  1001 final     randk    in     17  0.000     0.996    0.013      NaN           NaN            NaN        rule                0.200     0.00
transformer  1001 final     randk    in     17  0.250     0.996    0.012      NaN           NaN            NaN        rule                0.200     0.00
transformer  1001 final     randk    in     17  0.500     0.997    0.012      NaN           NaN            NaN        rule                0.200     0.00
transformer  1001 final     randk    in     17  0.750     0.997    0.012      NaN           NaN            NaN        rule                0.200     0.00
transformer  1001 final     randk    in     17  1.000     0.996    0.012      NaN           NaN            NaN        rule                0.200     0.00
transformer  1001 final     randk    in     17  0.000     0.996    0.013      NaN           NaN            NaN        rule                0.200     0.00
transformer  1001 final     randk    in     17  0.250     0.996    0.012      NaN           NaN            NaN        rule                0.200     0.00
transformer  1001 final     randk    in     17  0.500     0.997    0.012      NaN           NaN            NaN        rule                0.200     0.00
transformer  1001 final     randk    in     17  0.750     0.996    0.012      NaN           NaN            NaN        rule                0.200     0.00
transformer  1001 final     randk    in     17  1.000     0.996    0.012      NaN           NaN            NaN        rule                0.200     0.00
transformer  1001 final  residual    in     57  0.000     0.996    0.013      NaN           NaN            NaN        rule                0.200     0.00
transformer  1001 final  residual    in     57  0.250     0.997    0.012      NaN           NaN            NaN        rule                0.200     0.00
transformer  1001 final  residual    in     57  0.500     0.997    0.011      NaN           NaN            NaN        rule                0.200     0.00
transformer  1001 final  residual    in     57  0.750     0.997    0.010      NaN           NaN            NaN        rule                0.200     0.00
transformer  1001 final  residual    in     57  1.000     0.997    0.010      NaN           NaN            NaN        rule                0.200     0.00
transformer  1002 final      none     -      0  0.000     0.995    0.019      NaN           NaN            NaN        rule                0.200     0.00
transformer  1002 final   lowpass    in      0  0.000     0.007   30.698      NaN           NaN            NaN     uniform                0.200     0.00
transformer  1002 final   lowpass    in      1  1.000     0.011   17.338      NaN           NaN            NaN gcm_hamming                0.200     0.00
transformer  1002 final   lowpass    in      2  2.000     0.011   16.447      NaN           NaN            NaN gcm_hamming                0.200     0.00
transformer  1002 final   lowpass    in      3  3.000     0.011   16.245      NaN           NaN            NaN gcm_hamming                0.200     0.00
transformer  1002 final   lowpass    in      4  4.000     0.011   16.059      NaN           NaN            NaN gcm_hamming                0.200     0.00
transformer  1002 final   lowpass    in      6  6.000     0.014   11.698      NaN           NaN            NaN gcm_hamming                0.249     0.00
transformer  1002 final   lowpass    in      8  8.000     0.014   11.611      NaN           NaN            NaN gcm_hamming                0.311     0.00
transformer  1002 final   lowpass    in     12 12.000     0.014   11.460      NaN           NaN            NaN gcm_hamming                0.249     0.00
transformer  1002 final   lowpass    in     16 16.000     0.015   11.204      NaN           NaN            NaN gcm_hamming                0.388     0.00
transformer  1002 final   lowpass    in     24 24.000     0.015   10.880      NaN           NaN            NaN gcm_hamming                1.170     0.00
transformer  1002 final   lowpass    in     32 32.000     0.013   11.914      NaN           NaN            NaN gcm_hamming                1.819     0.00
transformer  1002 final   lowpass    in     48 48.000     0.040    9.123      NaN           NaN            NaN gcm_hamming                1.819     0.00
transformer  1002 final   lowpass    in     74 74.000     0.995    0.019      NaN           NaN            NaN        rule                0.200     0.00
transformer  1002 final      etop    in      0  0.000     0.995    0.019      NaN           NaN            NaN        rule                0.200     0.00
transformer  1002 final      etop    in      1  0.050     0.768    0.690      NaN           NaN            NaN        rule                0.200     0.00
transformer  1002 final      etop    in      1  0.100     0.768    0.690      NaN           NaN            NaN        rule                0.200     0.00
transformer  1002 final      etop    in      2  0.200     0.280    2.920      NaN           NaN            NaN        rule                1.459     0.00
transformer  1002 final      etop    in      3  0.300     0.189    4.131      NaN           NaN            NaN        rule                1.819     0.00
transformer  1002 final      etop    in      4  0.400     0.127    5.418      NaN           NaN            NaN        rule                2.268     0.00
transformer  1002 final      etop    in      6  0.500     0.074    6.957      NaN           NaN            NaN        rule                2.268     0.00
transformer  1002 final      etop    in      7  0.600     0.044    7.748      NaN           NaN            NaN gcm_hamming                1.819     0.00
transformer  1002 final      etop    in      9  0.700     0.033    8.165      NaN           NaN            NaN gcm_hamming                1.819     0.00
transformer  1002 final      etop    in     13  0.800     0.018   10.038      NaN           NaN            NaN gcm_hamming                0.938     0.00
transformer  1002 final      etop    in     19  0.900     0.012   15.380      NaN           NaN            NaN gcm_hamming                0.311     0.00
transformer  1002 final      etop    in     42  0.950     0.009   17.615      NaN           NaN            NaN gcm_hamming                0.200     0.00
transformer  1002 final      etop    in     74  1.000     0.007   30.698      NaN           NaN            NaN     uniform                0.200     0.00
transformer  1002 final   ebottom    in      0  0.000     0.995    0.019      NaN           NaN            NaN        rule                0.200     0.00
transformer  1002 final   ebottom    in     33  0.050     0.995    0.017      NaN           NaN            NaN        rule                0.200     0.00
transformer  1002 final   ebottom    in     56  0.100     0.995    0.019      NaN           NaN            NaN        rule                0.200     0.00
transformer  1002 final   ebottom    in     62  0.200     0.989    0.040      NaN           NaN            NaN        rule                0.200     0.00
transformer  1002 final   ebottom    in     66  0.300     0.931    0.201      NaN           NaN            NaN        rule                0.200     0.00
transformer  1002 final   ebottom    in     68  0.400     0.510    2.139      NaN           NaN            NaN        rule                0.200     0.00
transformer  1002 final   ebottom    in     69  0.500     0.343    3.382      NaN           NaN            NaN        rule                0.388     0.00
transformer  1002 final   ebottom    in     71  0.600     0.161    5.990      NaN           NaN            NaN        rule                0.752     0.00
transformer  1002 final   ebottom    in     72  0.700     0.090    6.637      NaN           NaN            NaN        rule                1.170     0.00
transformer  1002 final   ebottom    in     73  0.800     0.015    9.750      NaN           NaN            NaN        rule                0.938     0.00
transformer  1002 final   ebottom    in     74  0.900     0.007   30.698      NaN           NaN            NaN     uniform                0.200     0.00
transformer  1002 final   ebottom    in     74  0.950     0.007   30.698      NaN           NaN            NaN     uniform                0.200     0.00
transformer  1002 final   ebottom    in     74  1.000     0.007   30.698      NaN           NaN            NaN     uniform                0.200     0.00
transformer  1002 final     erand    in      0  0.000     0.995    0.019      NaN           NaN            NaN        rule                0.200     0.00
transformer  1002 final     erand    in     12  0.050     0.937    0.180      NaN           NaN            NaN        rule                0.200     0.00
transformer  1002 final     erand    in     12  0.100     0.937    0.180      NaN           NaN            NaN        rule                0.200     0.00
transformer  1002 final     erand    in     15  0.200     0.754    0.858      NaN           NaN            NaN        rule                0.200     0.00
transformer  1002 final     erand    in     23  0.300     0.442    2.548      NaN           NaN            NaN        rule                0.200     0.00
transformer  1002 final     erand    in     26  0.400     0.203    4.937      NaN           NaN            NaN        rule                0.752     0.00
transformer  1002 final     erand    in     29  0.500     0.048    8.855      NaN           NaN            NaN        rule                0.938     0.00
transformer  1002 final     erand    in     31  0.600     0.048    8.869      NaN           NaN            NaN        rule                0.938     0.00
transformer  1002 final     erand    in     46  0.700     0.027    8.279      NaN           NaN            NaN        rule                1.170     0.00
transformer  1002 final     erand    in     59  0.800     0.023    9.194      NaN           NaN            NaN        rule                1.170     0.00
transformer  1002 final     erand    in     60  0.900     0.018    8.984      NaN           NaN            NaN gcm_hamming                0.752     0.00
transformer  1002 final     erand    in     61  0.950     0.014   10.723      NaN           NaN            NaN gcm_hamming                0.311     0.00
transformer  1002 final     erand    in     74  1.000     0.007   30.698      NaN           NaN            NaN     uniform                0.200     0.00
transformer  1002 final     erand    in      0  0.000     0.995    0.019      NaN           NaN            NaN        rule                0.200     0.00
transformer  1002 final     erand    in      5  0.050     0.993    0.027      NaN           NaN            NaN        rule                0.200     0.00
transformer  1002 final     erand    in     16  0.100     0.986    0.044      NaN           NaN            NaN        rule                0.200     0.00
transformer  1002 final     erand    in     30  0.200     0.554    1.620      NaN           NaN            NaN        rule                0.200     0.00
transformer  1002 final     erand    in     34  0.300     0.520    1.871      NaN           NaN            NaN        rule                0.200     0.00
transformer  1002 final     erand    in     40  0.400     0.351    3.148      NaN           NaN            NaN        rule                0.603     0.00
transformer  1002 final     erand    in     48  0.500     0.156    5.738      NaN           NaN            NaN        rule                1.459     0.00
transformer  1002 final     erand    in     57  0.600     0.079    7.857      NaN           NaN            NaN        rule                1.170     0.00
transformer  1002 final     erand    in     59  0.700     0.048    8.932      NaN           NaN            NaN        rule                1.170     0.00
transformer  1002 final     erand    in     62  0.800     0.029    9.055      NaN           NaN            NaN        rule                1.170     0.00
transformer  1002 final     erand    in     67  0.900     0.012   12.581      NaN           NaN            NaN gcm_hamming                0.200     0.00
transformer  1002 final     erand    in     67  0.950     0.012   12.581      NaN           NaN            NaN gcm_hamming                0.200     0.00
transformer  1002 final     erand    in     74  1.000     0.007   30.698      NaN           NaN            NaN     uniform                0.200     0.00
transformer  1002 final     erand    in      0  0.000     0.995    0.019      NaN           NaN            NaN        rule                0.200     0.00
transformer  1002 final     erand    in      4  0.050     0.712    0.827      NaN           NaN            NaN        rule                0.200     0.00
transformer  1002 final     erand    in      4  0.100     0.712    0.827      NaN           NaN            NaN        rule                0.200     0.00
transformer  1002 final     erand    in     27  0.200     0.674    0.977      NaN           NaN            NaN        rule                0.200     0.00
transformer  1002 final     erand    in     32  0.300     0.511    1.814      NaN           NaN            NaN        rule                0.249     0.00
transformer  1002 final     erand    in     42  0.400     0.164    4.639      NaN           NaN            NaN        rule                1.819     0.00
transformer  1002 final     erand    in     44  0.500     0.091    5.947      NaN           NaN            NaN        rule                2.268     0.00
transformer  1002 final     erand    in     48  0.600     0.059    7.271      NaN           NaN            NaN        rule                1.819     0.00
transformer  1002 final     erand    in     53  0.700     0.047    8.347      NaN           NaN            NaN        rule                1.819     0.00
transformer  1002 final     erand    in     56  0.800     0.031    8.306      NaN           NaN            NaN gcm_hamming                1.819     0.00
transformer  1002 final     erand    in     64  0.900     0.013   11.594      NaN           NaN            NaN gcm_hamming                0.200     0.00
transformer  1002 final     erand    in     65  0.950     0.011   15.086      NaN           NaN            NaN gcm_hamming                0.200     0.00
transformer  1002 final     erand    in     74  1.000     0.007   30.698      NaN           NaN            NaN     uniform                0.200     0.00
transformer  1002 final      topk    in     19  0.000     0.995    0.019      NaN           NaN            NaN        rule                0.200     0.00
transformer  1002 final      topk    in     19  0.250     0.993    0.023      NaN           NaN            NaN        rule                0.200     0.00
transformer  1002 final      topk    in     19  0.500     0.987    0.045      NaN           NaN            NaN        rule                0.200     0.00
transformer  1002 final      topk    in     19  0.750     0.789    0.739      NaN           NaN            NaN        rule                0.200     0.00
transformer  1002 final      topk    in     19  1.000     0.012   15.380      NaN           NaN            NaN gcm_hamming                0.311     0.00
transformer  1002 final     randk    in     19  0.000     0.995    0.019      NaN           NaN            NaN        rule                0.200     0.00
transformer  1002 final     randk    in     19  0.250     0.995    0.018      NaN           NaN            NaN        rule                0.200     0.00
transformer  1002 final     randk    in     19  0.500     0.995    0.018      NaN           NaN            NaN        rule                0.200     0.00
transformer  1002 final     randk    in     19  0.750     0.995    0.018      NaN           NaN            NaN        rule                0.200     0.00
transformer  1002 final     randk    in     19  1.000     0.995    0.018      NaN           NaN            NaN        rule                0.200     0.00
transformer  1002 final     randk    in     19  0.000     0.995    0.019      NaN           NaN            NaN        rule                0.200     0.00
transformer  1002 final     randk    in     19  0.250     0.995    0.018      NaN           NaN            NaN        rule                0.200     0.00
transformer  1002 final     randk    in     19  0.500     0.995    0.018      NaN           NaN            NaN        rule                0.200     0.00
transformer  1002 final     randk    in     19  0.750     0.995    0.017      NaN           NaN            NaN        rule                0.200     0.00
transformer  1002 final     randk    in     19  1.000     0.995    0.017      NaN           NaN            NaN        rule                0.200     0.00
transformer  1002 final     randk    in     19  0.000     0.995    0.019      NaN           NaN            NaN        rule                0.200     0.00
transformer  1002 final     randk    in     19  0.250     0.995    0.018      NaN           NaN            NaN        rule                0.200     0.00
transformer  1002 final     randk    in     19  0.500     0.995    0.018      NaN           NaN            NaN        rule                0.200     0.00
transformer  1002 final     randk    in     19  0.750     0.995    0.018      NaN           NaN            NaN        rule                0.200     0.00
transformer  1002 final     randk    in     19  1.000     0.995    0.018      NaN           NaN            NaN        rule                0.200     0.00
transformer  1002 final  residual    in     55  0.000     0.995    0.019      NaN           NaN            NaN        rule                0.200     0.00
transformer  1002 final  residual    in     55  0.250     0.995    0.017      NaN           NaN            NaN        rule                0.200     0.00
transformer  1002 final  residual    in     55  0.500     0.995    0.016      NaN           NaN            NaN        rule                0.200     0.00
transformer  1002 final  residual    in     55  0.750     0.995    0.016      NaN           NaN            NaN        rule                0.200     0.00
transformer  1002 final  residual    in     55  1.000     0.995    0.016      NaN           NaN            NaN        rule                0.200     0.00
