18 runs | device cuda | lesions ['lowpass', 'etop', 'ebottom', 'erand', 'topk', 'randk', 'residual', 'neurons', 'randunits'] | side all | steps ['final']
[run] transformer_add_rho0.02_wd0.1_tiersNone seed=1000
  [transformer s1000 step final] baseline: test 0.989 acc_exc 0.973 overreg 0.018 best=rulex
    basis natural: top modes in : [50, 12, 14, 29, 47, 46]  (k90 = 34)
    basis natural: top modes out: [50, 14, 29, 12, 47, 46]  (k90 = 47)
    unit sites: ['backbone.layers.0.ffn.down_proj', 'backbone.layers.1.ffn.down_proj'] -> 1536 units, ranked by grad; top: d'=-0.11 attr=9.0; share of positive attribution in top 32 = 0.11
    done in 95s, 354 rows so far
[run] transformer_add_rho0.02_wd0.1_tiersNone seed=1001
  [transformer s1001 step final] baseline: test 0.991 acc_exc 0.973 overreg 0.018 best=rulex
    basis natural: top modes in : [14, 22, 43, 38, 27, 59]  (k90 = 30)
    basis natural: top modes out: [14, 27, 22, 43, 59, 31]  (k90 = 47)
    unit sites: ['backbone.layers.0.ffn.down_proj', 'backbone.layers.1.ffn.down_proj'] -> 1536 units, ranked by grad; top: d'=-0.07 attr=12.3; share of positive attribution in top 32 = 0.13
    done in 99s, 708 rows so far
[run] transformer_add_rho0.02_wd0.1_tiersNone seed=1002
  [transformer s1002 step final] baseline: test 0.987 acc_exc 0.941 overreg 0.054 best=rulex
    basis natural: top modes in : [26, 72, 16, 53, 38, 57]  (k90 = 26)
    basis natural: top modes out: [57, 72, 26, 38, 16, 69]  (k90 = 52)
    unit sites: ['backbone.layers.0.ffn.down_proj', 'backbone.layers.1.ffn.down_proj'] -> 1536 units, ranked by grad; top: d'=-0.17 attr=8.1; share of positive attribution in top 32 = 0.15
    done in 96s, 1062 rows so far
[run] transformer_add_rho0.02_wd0.3_tiersNone seed=1000
  [transformer s1000 step final] baseline: test 0.989 acc_exc 0.905 overreg 0.090 best=rulex
    basis natural: top modes in : [14, 13, 50, 12, 47, 5]  (k90 = 26)
    basis natural: top modes out: [50, 14, 12, 13, 47, 29]  (k90 = 45)
    unit sites: ['backbone.layers.0.ffn.down_proj', 'backbone.layers.1.ffn.down_proj'] -> 1536 units, ranked by grad; top: d'=-0.08 attr=8.5; share of positive attribution in top 32 = 0.16
    done in 94s, 1416 rows so far
[run] transformer_add_rho0.02_wd0.3_tiersNone seed=1001
  [transformer s1001 step final] baseline: test 0.989 acc_exc 0.950 overreg 0.050 best=rulex
    basis natural: top modes in : [14, 43, 22, 27, 59, 38]  (k90 = 25)
    basis natural: top modes out: [27, 14, 31, 43, 22, 38]  (k90 = 40)
    unit sites: ['backbone.layers.0.ffn.down_proj', 'backbone.layers.1.ffn.down_proj'] -> 1536 units, ranked by grad; top: d'=-0.20 attr=9.6; share of positive attribution in top 32 = 0.14
    done in 100s, 1770 rows so far
[run] transformer_add_rho0.02_wd0.3_tiersNone seed=1002
  [transformer s1002 step final] baseline: test 0.988 acc_exc 0.892 overreg 0.108 best=rulex
    basis natural: top modes in : [26, 16, 72, 53, 38, 57]  (k90 = 25)
    basis natural: top modes out: [57, 26, 72, 16, 38, 10]  (k90 = 49)
    unit sites: ['backbone.layers.0.ffn.down_proj', 'backbone.layers.1.ffn.down_proj'] -> 1536 units, ranked by grad; top: d'=0.13 attr=8.2; share of positive attribution in top 32 = 0.16
    done in 94s, 2124 rows so far
[run] transformer_add_rho0.05_wd0.1_tiersNone seed=1000
  [transformer s1000 step final] baseline: test 0.992 acc_exc 0.998 overreg 0.002 best=rulex
    basis natural: top modes in : [44, 29, 69, 47, 24, 14]  (k90 = 41)
    basis natural: top modes out: [47, 44, 29, 69, 63, 14]  (k90 = 55)
    unit sites: ['backbone.layers.0.ffn.down_proj', 'backbone.layers.1.ffn.down_proj'] -> 1536 units, ranked by grad; top: d'=0.03 attr=20.8; share of positive attribution in top 32 = 0.13
    done in 99s, 2478 rows so far
[run] transformer_add_rho0.05_wd0.1_tiersNone seed=1001
  [transformer s1001 step final] baseline: test 0.981 acc_exc 0.991 overreg 0.004 best=rulex
    basis natural: top modes in : [59, 40, 9, 30, 32, 14]  (k90 = 36)
    basis natural: top modes out: [9, 59, 32, 14, 30, 40]  (k90 = 53)
    unit sites: ['backbone.layers.0.ffn.down_proj', 'backbone.layers.1.ffn.down_proj'] -> 1536 units, ranked by grad; top: d'=0.02 attr=19.6; share of positive attribution in top 32 = 0.11
    done in 99s, 2832 rows so far
[run] transformer_add_rho0.05_wd0.1_tiersNone seed=1002
  [transformer s1002 step final] baseline: test 0.981 acc_exc 0.995 overreg 0.002 best=rulex
    basis natural: top modes in : [26, 16, 53, 72, 71, 57]  (k90 = 34)
    basis natural: top modes out: [26, 16, 57, 72, 71, 64]  (k90 = 54)
    unit sites: ['backbone.layers.0.ffn.down_proj', 'backbone.layers.1.ffn.down_proj'] -> 1536 units, ranked by grad; top: d'=0.02 attr=18.5; share of positive attribution in top 32 = 0.11
    done in 100s, 3186 rows so far
[run] transformer_add_rho0.05_wd0.3_tiersNone seed=1000
  [transformer s1000 step final] baseline: test 0.983 acc_exc 0.982 overreg 0.018 best=rulex
    basis natural: top modes in : [49, 47, 29, 44, 14, 63]  (k90 = 36)
    basis natural: top modes out: [63, 29, 49, 47, 44, 46]  (k90 = 50)
    unit sites: ['backbone.layers.0.ffn.down_proj', 'backbone.layers.1.ffn.down_proj'] -> 1536 units, ranked by grad; top: d'=0.02 attr=17.2; share of positive attribution in top 32 = 0.14
    done in 98s, 3540 rows so far
[run] transformer_add_rho0.05_wd0.3_tiersNone seed=1001
  [transformer s1001 step final] baseline: test 0.981 acc_exc 0.971 overreg 0.027 best=rulex
    basis natural: top modes in : [59, 9, 40, 30, 32, 14]  (k90 = 31)
    basis natural: top modes out: [32, 14, 30, 59, 9, 40]  (k90 = 50)
    unit sites: ['backbone.layers.0.ffn.down_proj', 'backbone.layers.1.ffn.down_proj'] -> 1536 units, ranked by grad; top: d'=-0.10 attr=17.5; share of positive attribution in top 32 = 0.12
    done in 98s, 3894 rows so far
[run] transformer_add_rho0.05_wd0.3_tiersNone seed=1002
  [transformer s1002 step final] baseline: test 0.980 acc_exc 0.969 overreg 0.031 best=rulex
    basis natural: top modes in : [16, 26, 53, 72, 71, 57]  (k90 = 31)
    basis natural: top modes out: [26, 57, 16, 72, 64, 71]  (k90 = 51)
    unit sites: ['backbone.layers.0.ffn.down_proj', 'backbone.layers.1.ffn.down_proj'] -> 1536 units, ranked by grad; top: d'=0.08 attr=15.8; share of positive attribution in top 32 = 0.13
    done in 98s, 4248 rows so far
[run] transformer_add_rho0_wd0.1_tiersNone seed=1000
  [transformer s1000 step final] baseline: test 1.000 acc_exc nan overreg nan best=rule
    basis natural: top modes in : [29, 35, 22, 26, 5, 1]  (k90 = 33)
    basis natural: top modes out: [29, 26, 22, 35, 5, 1]  (k90 = 35)
    [units] skipped: run has no exceptions (rho = 0)
    done in 80s, 4558 rows so far
[run] transformer_add_rho0_wd0.1_tiersNone seed=1001
  [transformer s1001 step final] baseline: test 0.996 acc_exc nan overreg nan best=rule
    basis natural: top modes in : [12, 29, 68, 8, 57, 14]  (k90 = 32)
    basis natural: top modes out: [12, 8, 57, 29, 68, 14]  (k90 = 46)
    [units] skipped: run has no exceptions (rho = 0)
    done in 78s, 4868 rows so far
[run] transformer_add_rho0_wd0.1_tiersNone seed=1002
  [transformer s1002 step final] baseline: test 1.000 acc_exc nan overreg nan best=rule
    basis natural: top modes in : [59, 53, 50, 74, 73, 26]  (k90 = 31)
    basis natural: top modes out: [59, 53, 50, 74, 73, 26]  (k90 = 38)
    [units] skipped: run has no exceptions (rho = 0)
    done in 80s, 5178 rows so far
[run] transformer_add_rho0_wd0.3_tiersNone seed=1000
  [transformer s1000 step final] baseline: test 1.000 acc_exc nan overreg nan best=rule
    basis natural: top modes in : [29, 26, 57, 48, 22, 58]  (k90 = 26)
    basis natural: top modes out: [29, 26, 57, 48, 58, 22]  (k90 = 27)
    [units] skipped: run has no exceptions (rho = 0)
    done in 80s, 5488 rows so far
[run] transformer_add_rho0_wd0.3_tiersNone seed=1001
  [transformer s1001 step final] baseline: test 0.997 acc_exc nan overreg nan best=rule
    basis natural: top modes in : [68, 12, 29, 14, 8, 57]  (k90 = 29)
    basis natural: top modes out: [12, 8, 68, 57, 29, 14]  (k90 = 42)
    [units] skipped: run has no exceptions (rho = 0)
    done in 80s, 5798 rows so far
[run] transformer_add_rho0_wd0.3_tiersNone seed=1002
  [transformer s1002 step final] baseline: test 1.000 acc_exc nan overreg nan best=rule
    basis natural: top modes in : [59, 53, 74, 50, 73, 26]  (k90 = 27)
    basis natural: top modes out: [59, 50, 53, 74, 73, 26]  (k90 = 33)
    [units] skipped: run has no exceptions (rho = 0)
    done in 80s, 6108 rows so far

saved exceptions_runs/paper/lesions/lesions_table_transformer.csv (6108 rows)
       arch  seed  step    lesion  side  param   dose  test_acc  test_ce  acc_exc  overreg_rate  exc_logit_gap   best_model  gcm_circular_lambda  rulex_m
transformer  1000 final      none     -      0  0.000     0.989    0.062    0.973         0.018          9.181        rulex               40.000     0.98
transformer  1000 final   lowpass    in      0  0.000     0.006   16.961    0.014         0.000          0.242  gcm_hamming                0.200     1.00
transformer  1000 final   lowpass    in      1  1.000     0.006   17.218    0.009         0.005          0.023  gcm_hamming                0.200     1.00
transformer  1000 final   lowpass    in      2  2.000     0.008   16.997    0.005         0.005          0.459      uniform                0.200     0.50
transformer  1000 final   lowpass    in      3  3.000     0.008   16.034    0.005         0.000          0.515  gcm_hamming                0.200     1.00
transformer  1000 final   lowpass    in      4  4.000     0.008   16.290    0.005         0.000          0.640  gcm_hamming                0.200     1.00
transformer  1000 final   lowpass    in      6  6.000     0.007   13.879    0.005         0.000          1.711      uniform                0.200     1.00
transformer  1000 final   lowpass    in      8  8.000     0.006   13.901    0.005         0.000          1.765      uniform                0.200     1.00
transformer  1000 final   lowpass    in     12 12.000     0.022    6.773    0.018         0.014         -3.688         rule                0.484     0.62
transformer  1000 final   lowpass    in     16 16.000     0.235    2.848    0.027         0.068         -5.992 gcm_circular                8.530     0.28
transformer  1000 final   lowpass    in     24 24.000     0.253    2.718    0.032         0.054         -5.433 gcm_circular                8.530     0.36
transformer  1000 final   lowpass    in     32 32.000     0.497    1.654    0.081         0.117         -4.433        rulex               13.264     0.40
transformer  1000 final   lowpass    in     48 48.000     0.860    0.403    0.414         0.167          2.053        rulex               25.722     0.72
transformer  1000 final   lowpass    in     74 74.000     0.989    0.062    0.973         0.018          9.181        rulex               40.000     0.98
transformer  1000 final   lowpass   out      0  0.000     0.007    5.004    0.000         0.009          0.000      uniform                0.200     0.00
transformer  1000 final   lowpass   out      1  1.000     0.007    5.020    0.018         0.000          0.212      uniform                0.200     1.00
transformer  1000 final   lowpass   out      2  2.000     0.006    5.034    0.027         0.009          0.427      uniform                0.200     1.00
transformer  1000 final   lowpass   out      3  3.000     0.006    5.048    0.041         0.005          0.638      uniform                0.200     1.00
transformer  1000 final   lowpass   out      4  4.000     0.007    5.062    0.050         0.005          0.790  gcm_hamming                0.249     1.00
transformer  1000 final   lowpass   out      6  6.000     0.007    5.097    0.063         0.005          1.213  gcm_hamming                0.200     1.00
transformer  1000 final   lowpass   out      8  8.000     0.006    5.122    0.113         0.000          1.509  gcm_hamming                0.200     1.00
transformer  1000 final   lowpass   out     12 12.000     0.034    4.044    0.171         0.005          1.547        rulex                0.200     1.00
transformer  1000 final   lowpass   out     16 16.000     0.365    2.130    0.189         0.009          1.449        rulex               10.637     0.96
transformer  1000 final   lowpass   out     24 24.000     0.315    2.228    0.315         0.009          2.789        rulex               10.637     0.98
transformer  1000 final   lowpass   out     32 32.000     0.622    1.287    0.590         0.018          3.919        rulex               13.264     0.98
transformer  1000 final   lowpass   out     48 48.000     0.905    0.321    0.860         0.036          5.897        rulex               32.076     0.96
transformer  1000 final   lowpass   out     74 74.000     0.989    0.062    0.973         0.018          9.181        rulex               40.000     0.98
transformer  1000 final   lowpass  both      0  0.000     0.007    5.004    0.000         0.009          0.000      uniform                0.200     0.00
transformer  1000 final   lowpass  both      1  1.000     0.005    5.043    0.005         0.009          0.016      uniform                0.200     0.00
transformer  1000 final   lowpass  both      2  2.000     0.005    5.071    0.009         0.014          0.045      uniform                0.200     0.00
transformer  1000 final   lowpass  both      3  3.000     0.006    5.056    0.000         0.000          0.035      uniform                0.200     0.00
transformer  1000 final   lowpass  both      4  4.000     0.006    5.060    0.009         0.005          0.034      uniform                0.603     1.00
transformer  1000 final   lowpass  both      6  6.000     0.006    5.252    0.014         0.005          0.091      uniform                0.200     1.00
transformer  1000 final   lowpass  both      8  8.000     0.007    5.258    0.005         0.009          0.137      uniform                0.200     0.00
transformer  1000 final   lowpass  both     12 12.000     0.022    4.872    0.000         0.014         -6.013         rule                0.249     0.00
transformer  1000 final   lowpass  both     16 16.000     0.437    1.727    0.000         0.266        -10.735         rule               10.637     0.00
transformer  1000 final   lowpass  both     24 24.000     0.461    1.603    0.005         0.234        -10.160         rule               13.264     0.02
transformer  1000 final   lowpass  both     32 32.000     0.734    0.871    0.009         0.459         -9.898         rule               20.627     0.02
transformer  1000 final   lowpass  both     48 48.000     0.948    0.185    0.162         0.532         -3.493        rulex               40.000     0.24
transformer  1000 final   lowpass  both     74 74.000     0.989    0.062    0.973         0.018          9.181        rulex               40.000     0.98
transformer  1000 final      etop    in      0  0.000     0.989    0.062    0.973         0.018          9.181        rulex               40.000     0.98
transformer  1000 final      etop    in      1  0.050     0.836    0.486    0.820         0.054          7.113        rulex               25.722     0.94
transformer  1000 final      etop    in      1  0.100     0.836    0.486    0.820         0.054          7.113        rulex               25.722     0.94
transformer  1000 final      etop    in      3  0.200     0.655    1.265    0.468         0.050          3.191        rulex                8.530     0.90
transformer  1000 final      etop    in      4  0.300     0.545    1.823    0.392         0.077          1.821        rulex                6.840     0.84
transformer  1000 final      etop    in      5  0.400     0.357    2.861    0.180         0.050          0.109        rulex                1.819     0.80
transformer  1000 final      etop    in      6  0.500     0.220    4.344    0.126         0.032         -0.192        rulex                1.459     0.82
transformer  1000 final      etop    in      8  0.600     0.034   10.100    0.086         0.005          2.014        rulex                0.200     1.00
transformer  1000 final      etop    in      9  0.700     0.015   15.877    0.063         0.005          6.029  gcm_hamming                0.200     1.00
transformer  1000 final      etop    in     14  0.800     0.007   15.675    0.032         0.000          5.628  gcm_hamming                0.311     1.00
transformer  1000 final      etop    in     34  0.900     0.005   15.916    0.005         0.000          2.246  gcm_hamming                0.200     1.00
transformer  1000 final      etop    in     52  0.950     0.007   16.007    0.009         0.000          1.113      uniform                0.603     1.00
transformer  1000 final      etop    in     74  1.000     0.006   16.961    0.014         0.000          0.242  gcm_hamming                0.200     1.00
transformer  1000 final      etop   out      0  0.000     0.989    0.062    0.973         0.018          9.181        rulex               40.000     0.98
transformer  1000 final      etop   out      1  0.050     0.943    0.215    0.968         0.014         10.129        rulex               40.000     0.98
transformer  1000 final      etop   out      1  0.100     0.943    0.215    0.968         0.014         10.129        rulex               40.000     0.98
transformer  1000 final      etop   out      2  0.200     0.905    0.371    0.986         0.005         10.714        rulex               25.722     1.00
transformer  1000 final      etop   out      4  0.300     0.640    1.301    0.982         0.000         11.570        rulex                8.530     1.00
transformer  1000 final      etop   out      5  0.400     0.341    2.280    0.959         0.000         11.755        rulex                1.819     1.00
transformer  1000 final      etop   out      6  0.500     0.172    3.197    0.964         0.000         11.860        rulex                0.938     1.00
transformer  1000 final      etop   out      8  0.600     0.009    5.197    0.964         0.000         12.074  gcm_hamming                0.484     1.00
transformer  1000 final      etop   out      9  0.700     0.001    6.049    0.977         0.000         11.969  gcm_hamming                0.938     1.00
transformer  1000 final      etop   out     24  0.800     0.001    5.743    0.941         0.000          8.462  gcm_hamming                0.752     1.00
transformer  1000 final      etop   out     47  0.900     0.003    5.373    0.734         0.000          4.226  gcm_hamming                0.603     1.00
transformer  1000 final      etop   out     60  0.950     0.005    5.187    0.441         0.000          2.103  gcm_hamming                0.484     1.00
transformer  1000 final      etop   out     74  1.000     0.007    5.004    0.000         0.009          0.000      uniform                0.200     0.00
transformer  1000 final      etop  both      0  0.000     0.989    0.062    0.973         0.018          9.181        rulex               40.000     0.98
transformer  1000 final      etop  both      1  0.050     0.956    0.152    0.842         0.063          5.533        rulex               40.000     0.94
transformer  1000 final      etop  both      1  0.100     0.956    0.152    0.842         0.063          5.533        rulex               40.000     0.94
transformer  1000 final      etop  both      3  0.200     0.806    0.602    0.374         0.144          1.029        rulex               13.264     0.72
transformer  1000 final      etop  both      4  0.300     0.778    0.741    0.279         0.194         -1.356        rulex               10.637     0.60
transformer  1000 final      etop  both      5  0.400     0.510    1.456    0.104         0.122         -3.134        rulex                2.828     0.46
transformer  1000 final      etop  both      6  0.500     0.332    2.266    0.095         0.063         -3.450        rulex                2.268     0.60
transformer  1000 final      etop  both      8  0.600     0.029    4.780    0.131         0.005         -0.928  gcm_hamming                0.388     1.00
transformer  1000 final      etop  both      9  0.700     0.007    5.875    0.135         0.005          2.798  gcm_hamming                0.603     1.00
transformer  1000 final      etop  both     14  0.800     0.007    5.632    0.054         0.005          1.495  gcm_hamming                0.752     1.00
transformer  1000 final      etop  both     34  0.900     0.005    5.287    0.027         0.000          0.448  gcm_hamming                0.603     1.00
transformer  1000 final      etop  both     52  0.950     0.006    5.132    0.018         0.000          0.165      uniform                0.200     1.00
transformer  1000 final      etop  both     74  1.000     0.007    5.004    0.000         0.009          0.000      uniform                0.200     0.00
transformer  1000 final   ebottom    in      0  0.000     0.989    0.062    0.973         0.018          9.181        rulex               40.000     0.98
transformer  1000 final   ebottom    in     23  0.050     0.991    0.048    0.941         0.045          7.776        rulex               40.000     0.96
transformer  1000 final   ebottom    in     41  0.100     0.993    0.034    0.901         0.095          6.357        rulex               40.000     0.90
transformer  1000 final   ebottom    in     61  0.200     0.995    0.023    0.730         0.252          3.311        rulex               40.000     0.74
transformer  1000 final   ebottom    in     66  0.300     0.985    0.059    0.459         0.378         -0.055        rulex               40.000     0.54
transformer  1000 final   ebottom    in     67  0.400     0.955    0.151    0.252         0.477         -2.238        rulex               32.076     0.34
transformer  1000 final   ebottom    in     69  0.500     0.742    0.793    0.095         0.302         -5.351        rulex                6.840     0.24
transformer  1000 final   ebottom    in     70  0.600     0.574    1.394    0.077         0.221         -6.881        rulex                5.485     0.26
transformer  1000 final   ebottom    in     71  0.700     0.275    2.621    0.036         0.077         -7.370        rulex                2.828     0.32
transformer  1000 final   ebottom    in     72  0.800     0.077    4.508    0.027         0.018         -6.739        rulex                2.268     0.62
transformer  1000 final   ebottom    in     74  0.900     0.006   16.961    0.014         0.000          0.242  gcm_hamming                0.200     1.00
transformer  1000 final   ebottom    in     74  0.950     0.006   16.961    0.014         0.000          0.242  gcm_hamming                0.200     1.00
transformer  1000 final   ebottom    in     74  1.000     0.006   16.961    0.014         0.000          0.242  gcm_hamming                0.200     1.00
transformer  1000 final   ebottom   out      0  0.000     0.989    0.062    0.973         0.018          9.181        rulex               40.000     0.98
transformer  1000 final   ebottom   out     15  0.050     0.991    0.046    0.937         0.054          6.915        rulex               40.000     0.94
transformer  1000 final   ebottom   out     28  0.100     0.993    0.034    0.847         0.135          4.799        rulex               40.000     0.86
transformer  1000 final   ebottom   out     51  0.200     0.996    0.016    0.473         0.441          0.520        rulex               40.000     0.52
transformer  1000 final   ebottom   out     66  0.300     0.997    0.015    0.194         0.676         -2.893        rulex               40.000     0.22
transformer  1000 final   ebottom   out     67  0.400     0.993    0.048    0.158         0.577         -2.682        rulex               40.000     0.22
transformer  1000 final   ebottom   out     69  0.500     0.973    0.216    0.086         0.495         -2.574        rulex               40.000     0.14
transformer  1000 final   ebottom   out     70  0.600     0.942    0.498    0.068         0.351         -2.389        rulex               20.627     0.16
transformer  1000 final   ebottom   out     71  0.700     0.661    1.361    0.018         0.203         -1.903        rulex               10.637     0.08
transformer  1000 final   ebottom   out     73  0.800     0.059    3.591    0.009         0.023         -0.948 gcm_circular                6.840     0.24
transformer  1000 final   ebottom   out     74  0.900     0.007    5.004    0.000         0.009          0.000      uniform                0.200     0.00
transformer  1000 final   ebottom   out     74  0.950     0.007    5.004    0.000         0.009          0.000      uniform                0.200     0.00
transformer  1000 final   ebottom   out     74  1.000     0.007    5.004    0.000         0.009          0.000      uniform                0.200     0.00
transformer  1000 final   ebottom  both      0  0.000     0.989    0.062    0.973         0.018          9.181        rulex               40.000     0.98
transformer  1000 final   ebottom  both     23  0.050     0.993    0.034    0.896         0.095          5.539        rulex               40.000     0.90
transformer  1000 final   ebottom  both     41  0.100     0.997    0.017    0.626         0.365          2.100        rulex               40.000     0.64
transformer  1000 final   ebottom  both     61  0.200     0.999    0.006    0.144         0.802         -4.585        rulex               40.000     0.16
transformer  1000 final   ebottom  both     66  0.300     0.997    0.018    0.014         0.932        -10.296         rule               40.000     0.02
transformer  1000 final   ebottom  both     67  0.400     0.967    0.151    0.018         0.847         -9.794        rulex               40.000     0.02
transformer  1000 final   ebottom  both     69  0.500     0.913    0.330    0.000         0.874        -13.199         rule               20.627     0.00
transformer  1000 final   ebottom  both     70  0.600     0.797    0.679    0.000         0.775        -13.434         rule               10.637     0.00
transformer  1000 final   ebottom  both     71  0.700     0.203    2.516    0.005         0.176         -8.496         rule                3.527     0.00
transformer  1000 final   ebottom  both     72  0.800     0.034    3.949    0.005         0.036         -5.013 gcm_circular                2.828     0.00
transformer  1000 final   ebottom  both     74  0.900     0.007    5.004    0.000         0.009          0.000      uniform                0.200     0.00
transformer  1000 final   ebottom  both     74  0.950     0.007    5.004    0.000         0.009          0.000      uniform                0.200     0.00
transformer  1000 final   ebottom  both     74  1.000     0.007    5.004    0.000         0.009          0.000      uniform                0.200     0.00
transformer  1000 final     erand    in      0  0.000     0.989    0.062    0.973         0.018          9.181        rulex               40.000     0.98
transformer  1000 final     erand    in     12  0.050     0.991    0.052    0.955         0.041          8.015        rulex               40.000     0.96
transformer  1000 final     erand    in     13  0.100     0.974    0.097    0.856         0.086          6.028        rulex               40.000     0.90
transformer  1000 final     erand    in     14  0.200     0.962    0.136    0.716         0.126          4.490        rulex               25.722     0.86
transformer  1000 final     erand    in     19  0.300     0.732    0.833    0.392         0.144          1.432        rulex               16.541     0.74
transformer  1000 final     erand    in     20  0.400     0.588    1.396    0.207         0.135         -0.340        rulex               16.541     0.60
transformer  1000 final     erand    in     42  0.500     0.592    1.405    0.122         0.189         -3.038        rulex               13.264     0.40
transformer  1000 final     erand    in     47  0.600     0.438    2.157    0.045         0.185         -4.419        rulex                6.840     0.20
transformer  1000 final     erand    in     51  0.700     0.107    5.177    0.023         0.027         -4.963        rulex                0.200     0.44
transformer  1000 final     erand    in     55  0.800     0.028    7.985    0.018         0.009         -2.985         rule                0.200     0.80
transformer  1000 final     erand    in     69  0.900     0.018    7.151    0.009         0.000         -3.817         rule                0.200     1.00
transformer  1000 final     erand    in     72  0.950     0.006   16.827    0.014         0.000          0.936  gcm_hamming                0.200     1.00
transformer  1000 final     erand    in     74  1.000     0.006   16.961    0.014         0.000          0.242  gcm_hamming                0.200     1.00
transformer  1000 final     erand    in      0  0.000     0.989    0.062    0.973         0.018          9.181        rulex               40.000     0.98
transformer  1000 final     erand    in      1  0.050     0.981    0.083    0.869         0.063          6.679        rulex               40.000     0.94
transformer  1000 final     erand    in      9  0.100     0.983    0.076    0.856         0.081          6.121        rulex               40.000     0.92
transformer  1000 final     erand    in     14  0.200     0.775    0.740    0.396         0.108          1.614        rulex               10.637     0.78
transformer  1000 final     erand    in     16  0.300     0.607    1.484    0.302         0.135          0.343        rulex                6.840     0.70
transformer  1000 final     erand    in     19  0.400     0.608    1.471    0.275         0.167         -0.059        rulex                6.840     0.62
transformer  1000 final     erand    in     29  0.500     0.274    3.414    0.104         0.068         -2.473        rulex                2.268     0.60
transformer  1000 final     erand    in     37  0.600     0.274    3.337    0.063         0.077         -3.526        rulex                1.819     0.44
transformer  1000 final     erand    in     42  0.700     0.105    4.721    0.041         0.023         -4.708        rulex                0.200     0.66
transformer  1000 final     erand    in     57  0.800     0.093    4.477    0.023         0.045         -5.777        rulex                0.200     0.30
transformer  1000 final     erand    in     66  0.900     0.007   15.591    0.014         0.005          1.535      uniform                0.200     1.00
transformer  1000 final     erand    in     66  0.950     0.007   15.591    0.014         0.005          1.535      uniform                0.200     1.00
transformer  1000 final     erand    in     74  1.000     0.006   16.961    0.014         0.000          0.242  gcm_hamming                0.200     1.00
transformer  1000 final     erand    in      0  0.000     0.989    0.062    0.973         0.018          9.181        rulex               40.000     0.98
transformer  1000 final     erand    in      3  0.050     0.984    0.077    0.932         0.036          7.380        rulex               40.000     0.96
transformer  1000 final     erand    in      8  0.100     0.964    0.138    0.757         0.095          4.691        rulex               32.076     0.88
transformer  1000 final     erand    in      9  0.200     0.875    0.409    0.518         0.126          2.793        rulex               16.541     0.80
transformer  1000 final     erand    in     23  0.300     0.883    0.375    0.455         0.185          1.361        rulex               16.541     0.72
transformer  1000 final     erand    in     27  0.400     0.561    1.718    0.203         0.135         -1.078        rulex                8.530     0.60
transformer  1000 final     erand    in     28  0.500     0.372    2.741    0.135         0.072         -1.699        rulex                2.828     0.66
transformer  1000 final     erand    in     32  0.600     0.223    3.720    0.059         0.050         -3.440        rulex                1.459     0.54
transformer  1000 final     erand    in     52  0.700     0.248    3.170    0.050         0.059         -5.394        rulex                1.819     0.46
transformer  1000 final     erand    in     57  0.800     0.033    6.519    0.018         0.000         -4.171         rule                0.200     1.00
transformer  1000 final     erand    in     64  0.900     0.028    6.364    0.018         0.014         -4.478         rule                0.200     0.62
transformer  1000 final     erand    in     73  0.950     0.005   16.593    0.009         0.000          0.678   gcm_linear                0.200     1.00
transformer  1000 final     erand    in     74  1.000     0.006   16.961    0.014         0.000          0.242  gcm_hamming                0.200     1.00
transformer  1000 final     erand   out      0  0.000     0.989    0.062    0.973         0.018          9.181        rulex               40.000     0.98
transformer  1000 final     erand   out     12  0.050     0.992    0.046    0.923         0.068          6.960        rulex               40.000     0.94
transformer  1000 final     erand   out     13  0.100     0.986    0.071    0.932         0.036          7.064        rulex               40.000     0.96
transformer  1000 final     erand   out     16  0.200     0.975    0.121    0.905         0.032          6.852        rulex               40.000     0.96
transformer  1000 final     erand   out     19  0.300     0.857    0.495    0.932         0.005          7.438        rulex               25.722     1.00
transformer  1000 final     erand   out     21  0.400     0.705    0.950    0.878         0.000          7.476        rulex               16.541     1.00
transformer  1000 final     erand   out     42  0.500     0.777    0.781    0.599         0.041          3.388        rulex               20.627     0.94
transformer  1000 final     erand   out     47  0.600     0.648    1.347    0.491         0.032          3.020        rulex               13.264     0.94
transformer  1000 final     erand   out     51  0.700     0.126    3.140    0.455         0.005          3.014        rulex                0.752     1.00
transformer  1000 final     erand   out     55  0.800     0.035    4.044    0.383         0.005          2.527        rulex                0.752     1.00
transformer  1000 final     erand   out     72  0.900     0.007    5.030    0.018         0.000          0.314  gcm_hamming                0.200     1.00
transformer  1000 final     erand   out     72  0.950     0.007    5.030    0.018         0.000          0.314  gcm_hamming                0.200     1.00
transformer  1000 final     erand   out     74  1.000     0.007    5.004    0.000         0.009          0.000      uniform                0.200     0.00
transformer  1000 final     erand   out      0  0.000     0.989    0.062    0.973         0.018          9.181        rulex               40.000     0.98
transformer  1000 final     erand   out      1  0.050     0.982    0.093    0.968         0.014          9.366        rulex               40.000     0.98
transformer  1000 final     erand   out      7  0.100     0.985    0.080    0.950         0.032          8.239        rulex               40.000     0.96
transformer  1000 final     erand   out     12  0.200     0.964    0.171    0.910         0.018          7.902        rulex               40.000     0.98
transformer  1000 final     erand   out     15  0.300     0.902    0.417    0.914         0.005          8.149        rulex               20.627     1.00
transformer  1000 final     erand   out     16  0.400     0.724    1.058    0.910         0.005          9.097        rulex                8.530     1.00
transformer  1000 final     erand   out     26  0.500     0.555    1.583    0.847         0.005          7.418        rulex                4.398     1.00
transformer  1000 final     erand   out     31  0.600     0.295    2.480    0.797         0.000          6.910        rulex                2.828     1.00
transformer  1000 final     erand   out     42  0.700     0.098    3.492    0.734         0.000          5.522        rulex                0.484     1.00
transformer  1000 final     erand   out     57  0.800     0.111    3.300    0.432         0.000          2.562        rulex                0.200     1.00
transformer  1000 final     erand   out     66  0.900     0.007    5.105    0.275         0.005          1.518  gcm_hamming                0.752     1.00
transformer  1000 final     erand   out     66  0.950     0.007    5.105    0.275         0.005          1.518  gcm_hamming                0.752     1.00
transformer  1000 final     erand   out     74  1.000     0.007    5.004    0.000         0.009          0.000      uniform                0.200     0.00
transformer  1000 final     erand   out      0  0.000     0.989    0.062    0.973         0.018          9.181        rulex               40.000     0.98
transformer  1000 final     erand   out      3  0.050     0.986    0.074    0.977         0.009          8.659        rulex               40.000     0.98
transformer  1000 final     erand   out      8  0.100     0.974    0.130    0.973         0.014          8.447        rulex               40.000     0.98
transformer  1000 final     erand   out      9  0.200     0.932    0.300    0.973         0.000          8.551        rulex               25.722     1.00
transformer  1000 final     erand   out     22  0.300     0.946    0.246    0.887         0.014          6.225        rulex               25.722     0.98
transformer  1000 final     erand   out     27  0.400     0.755    0.854    0.833         0.000          6.517        rulex               13.264     1.00
transformer  1000 final     erand   out     28  0.500     0.511    1.636    0.865         0.000          7.102        rulex                4.398     1.00
transformer  1000 final     erand   out     31  0.600     0.259    2.599    0.824         0.000          7.171        rulex                1.819     1.00
transformer  1000 final     erand   out     51  0.700     0.343    2.338    0.541         0.005          3.367        rulex                2.268     1.00
transformer  1000 final     erand   out     57  0.800     0.023    4.285    0.518         0.000          2.887  gcm_hamming                0.484     1.00
transformer  1000 final     erand   out     66  0.900     0.033    4.157    0.225         0.005          1.344        rulex                0.249     1.00
transformer  1000 final     erand   out     73  0.950     0.007    5.018    0.014         0.000          0.154      uniform                0.484     1.00
transformer  1000 final     erand   out     74  1.000     0.007    5.004    0.000         0.009          0.000      uniform                0.200     0.00
transformer  1000 final     erand  both      0  0.000     0.989    0.062    0.973         0.018          9.181        rulex               40.000     0.98
transformer  1000 final     erand  both     12  0.050     0.978    0.103    0.968         0.018          8.436        rulex               40.000     0.98
transformer  1000 final     erand  both     13  0.100     0.916    0.274    0.847         0.036          6.866        rulex               16.541     0.96
transformer  1000 final     erand  both     14  0.200     0.914    0.296    0.541         0.135          2.323        rulex               16.541     0.80
transformer  1000 final     erand  both     19  0.300     0.476    1.938    0.347         0.090          1.582        rulex                5.485     0.80
transformer  1000 final     erand  both     20  0.400     0.311    2.736    0.198         0.068         -0.424        rulex                5.485     0.76
transformer  1000 final     erand  both     42  0.500     0.137    3.722    0.086         0.027         -1.431        rulex                0.752     0.78
transformer  1000 final     erand  both     47  0.600     0.052    4.901    0.054         0.036         -1.200        rulex                0.938     0.62
transformer  1000 final     erand  both     51  0.700     0.010    6.126    0.045         0.000          0.852         rule                0.200     1.00
transformer  1000 final     erand  both     55  0.800     0.007    5.381    0.009         0.005          0.320      uniform                0.200     1.00
transformer  1000 final     erand  both     69  0.900     0.006    5.208    0.009         0.005          0.175      uniform                0.200     1.00
transformer  1000 final     erand  both     72  0.950     0.008    5.023    0.009         0.014         -0.012      uniform                0.200     0.00
transformer  1000 final     erand  both     74  1.000     0.007    5.004    0.000         0.009          0.000      uniform                0.200     0.00
transformer  1000 final     erand  both      0  0.000     0.989    0.062    0.973         0.018          9.181        rulex               40.000     0.98
transformer  1000 final     erand  both      1  0.050     0.985    0.068    0.820         0.108          4.885        rulex               40.000     0.88
transformer  1000 final     erand  both      9  0.100     0.977    0.098    0.680         0.158          3.594        rulex               40.000     0.82
transformer  1000 final     erand  both     14  0.200     0.443    2.112    0.329         0.068          2.222        rulex                3.527     0.84
transformer  1000 final     erand  both     16  0.300     0.528    1.647    0.126         0.180         -2.330        rulex                4.398     0.42
transformer  1000 final     erand  both     19  0.400     0.118    4.151    0.221         0.009          1.854        rulex                0.200     1.00
transformer  1000 final     erand  both     29  0.500     0.141    3.863    0.050         0.027         -2.751        rulex                0.200     0.66
transformer  1000 final     erand  both     37  0.600     0.043    4.687    0.072         0.009         -0.847        rulex                0.484     1.00
transformer  1000 final     erand  both     42  0.700     0.046    4.687    0.009         0.018         -3.585         rule                0.752     0.26
transformer  1000 final     erand  both     57  0.800     0.009    5.407    0.014         0.009          0.410      uniform                0.200     1.00
transformer  1000 final     erand  both     66  0.900     0.006    7.035    0.018         0.005          0.095      uniform                0.200     1.00
transformer  1000 final     erand  both     66  0.950     0.007    5.004    0.000         0.009          0.000      uniform                0.200     0.00
transformer  1000 final     erand  both     74  1.000     0.007    5.004    0.000         0.009          0.000      uniform                0.200     0.00
transformer  1000 final     erand  both      0  0.000     0.989    0.062    0.973         0.018          9.181        rulex               40.000     0.98
transformer  1000 final     erand  both      3  0.050     0.965    0.153    0.932         0.018          8.200        rulex               32.076     0.98
transformer  1000 final     erand  both      8  0.100     0.981    0.080    0.680         0.207          2.943        rulex               40.000     0.76
transformer  1000 final     erand  both      9  0.200     0.708    0.796    0.374         0.126          1.049        rulex               13.264     0.74
transformer  1000 final     erand  both     23  0.300     0.481    1.584    0.284         0.068          1.215        rulex                6.840     0.82
transformer  1000 final     erand  both     27  0.400     0.550    1.308    0.068         0.167         -3.288        rulex                8.530     0.28
transformer  1000 final     erand  both     28  0.500     0.123    3.820    0.090         0.023         -0.467        rulex                2.828     0.82
transformer  1000 final     erand  both     32  0.600     0.037    4.756    0.090         0.014         -0.709        rulex                0.311     1.00
transformer  1000 final     erand  both     52  0.700     0.035    4.323    0.041         0.018         -2.321         rule                0.200     0.76
transformer  1000 final     erand  both     57  0.800     0.007    5.471    0.000         0.000          0.131   gcm_linear                0.200     0.00
transformer  1000 final     erand  both     64  0.900     0.006    5.063    0.005         0.009          0.035      uniform                0.249     0.00
transformer  1000 final     erand  both     73  0.950     0.005    5.067    0.005         0.000         -0.039  gcm_hamming                0.200     1.00
transformer  1000 final     erand  both     74  1.000     0.007    5.004    0.000         0.009          0.000      uniform                0.200     0.00
transformer  1000 final      topk    in     34  0.000     0.989    0.062    0.973         0.018          9.181        rulex               40.000     0.98
transformer  1000 final      topk    in     34  0.250     0.986    0.070    0.973         0.014          9.671        rulex               40.000     0.98
transformer  1000 final      topk    in     34  0.500     0.974    0.112    0.977         0.014         10.340        rulex               40.000     0.98
transformer  1000 final      topk    in     34  0.750     0.782    0.785    0.887         0.005         11.013        rulex               10.637     1.00
transformer  1000 final      topk    in     34  1.000     0.005   15.916    0.005         0.000          2.246  gcm_hamming                0.200     1.00
transformer  1000 final      topk   out     47  0.000     0.989    0.062    0.973         0.018          9.181        rulex               40.000     0.98
transformer  1000 final      topk   out     47  0.250     0.986    0.078    0.991         0.009          7.942        rulex               40.000     0.98
transformer  1000 final      topk   out     47  0.500     0.978    0.199    0.995         0.005          6.703        rulex               40.000     0.98
transformer  1000 final      topk   out     47  0.750     0.888    1.276    1.000         0.000          5.464        rulex               20.627     1.00
transformer  1000 final      topk   out     47  1.000     0.003    5.373    0.734         0.000          4.226  gcm_hamming                0.603     1.00
transformer  1000 final      topk  both     34  0.000     0.989    0.062    0.973         0.018          9.181        rulex               40.000     0.98
transformer  1000 final      topk  both     34  0.250     0.980    0.101    0.986         0.009          8.875        rulex               40.000     0.98
transformer  1000 final      topk  both     34  0.500     0.931    0.404    0.991         0.000          8.350        rulex               25.722     1.00
transformer  1000 final      topk  both     34  0.750     0.432    2.439    0.955         0.000          7.005        rulex                4.398     1.00
transformer  1000 final      topk  both     34  1.000     0.005    5.442    0.027         0.009          0.670  gcm_hamming                0.311     1.00
transformer  1000 final     randk    in     34  0.000     0.989    0.062    0.973         0.018          9.181        rulex               40.000     0.98
transformer  1000 final     randk    in     34  0.250     0.991    0.055    0.968         0.023          8.672        rulex               40.000     0.98
transformer  1000 final     randk    in     34  0.500     0.991    0.049    0.959         0.036          8.113        rulex               40.000     0.96
transformer  1000 final     randk    in     34  0.750     0.991    0.044    0.950         0.045          7.507        rulex               40.000     0.96
transformer  1000 final     randk    in     34  1.000     0.992    0.041    0.928         0.068          6.856        rulex               40.000     0.94
transformer  1000 final     randk    in     34  0.000     0.989    0.062    0.973         0.018          9.181        rulex               40.000     0.98
transformer  1000 final     randk    in     34  0.250     0.990    0.055    0.968         0.023          8.670        rulex               40.000     0.98
transformer  1000 final     randk    in     34  0.500     0.991    0.049    0.959         0.036          8.107        rulex               40.000     0.96
transformer  1000 final     randk    in     34  0.750     0.992    0.045    0.941         0.050          7.496        rulex               40.000     0.94
transformer  1000 final     randk    in     34  1.000     0.992    0.041    0.923         0.072          6.838        rulex               40.000     0.92
transformer  1000 final     randk    in     34  0.000     0.989    0.062    0.973         0.018          9.181        rulex               40.000     0.98
transformer  1000 final     randk    in     34  0.250     0.990    0.055    0.968         0.023          8.670        rulex               40.000     0.98
transformer  1000 final     randk    in     34  0.500     0.992    0.048    0.968         0.027          8.108        rulex               40.000     0.98
transformer  1000 final     randk    in     34  0.750     0.992    0.043    0.950         0.045          7.497        rulex               40.000     0.96
transformer  1000 final     randk    in     34  1.000     0.992    0.039    0.928         0.068          6.837        rulex               40.000     0.94
transformer  1000 final     randk   out     27  0.000     0.989    0.062    0.973         0.018          9.181        rulex               40.000     0.98
transformer  1000 final     randk   out     27  0.250     0.991    0.053    0.964         0.027          8.124        rulex               40.000     0.98
transformer  1000 final     randk   out     27  0.500     0.992    0.045    0.946         0.045          7.068        rulex               40.000     0.96
transformer  1000 final     randk   out     27  0.750     0.993    0.039    0.901         0.090          6.012        rulex               40.000     0.90
transformer  1000 final     randk   out     27  1.000     0.993    0.035    0.860         0.117          4.955        rulex               40.000     0.88
transformer  1000 final     randk   out     27  0.000     0.989    0.062    0.973         0.018          9.181        rulex               40.000     0.98
transformer  1000 final     randk   out     27  0.250     0.991    0.053    0.964         0.027          8.124        rulex               40.000     0.98
transformer  1000 final     randk   out     27  0.500     0.992    0.045    0.946         0.045          7.068        rulex               40.000     0.96
transformer  1000 final     randk   out     27  0.750     0.993    0.039    0.901         0.090          6.012        rulex               40.000     0.90
transformer  1000 final     randk   out     27  1.000     0.993    0.035    0.860         0.117          4.955        rulex               40.000     0.88
transformer  1000 final     randk   out     27  0.000     0.989    0.062    0.973         0.018          9.181        rulex               40.000     0.98
transformer  1000 final     randk   out     27  0.250     0.991    0.053    0.964         0.027          8.124        rulex               40.000     0.98
transformer  1000 final     randk   out     27  0.500     0.992    0.045    0.946         0.045          7.068        rulex               40.000     0.96
transformer  1000 final     randk   out     27  0.750     0.993    0.039    0.901         0.090          6.012        rulex               40.000     0.90
transformer  1000 final     randk   out     27  1.000     0.993    0.035    0.860         0.117          4.955        rulex               40.000     0.88
transformer  1000 final     randk  both     34  0.000     0.989    0.062    0.973         0.018          9.181        rulex               40.000     0.98
transformer  1000 final     randk  both     34  0.250     0.992    0.044    0.937         0.054          7.286        rulex               40.000     0.94
transformer  1000 final     randk  both     34  0.500     0.994    0.031    0.892         0.095          5.353        rulex               40.000     0.90
transformer  1000 final     randk  both     34  0.750     0.995    0.022    0.770         0.216          3.394        rulex               40.000     0.78
transformer  1000 final     randk  both     34  1.000     0.996    0.016    0.586         0.378          1.422        rulex               40.000     0.60
transformer  1000 final     randk  both     34  0.000     0.989    0.062    0.973         0.018          9.181        rulex               40.000     0.98
transformer  1000 final     randk  both     34  0.250     0.992    0.044    0.946         0.045          7.292        rulex               40.000     0.96
transformer  1000 final     randk  both     34  0.500     0.994    0.032    0.883         0.095          5.364        rulex               40.000     0.90
transformer  1000 final     randk  both     34  0.750     0.995    0.022    0.797         0.198          3.409        rulex               40.000     0.80
transformer  1000 final     randk  both     34  1.000     0.997    0.017    0.577         0.387          1.439        rulex               40.000     0.60
transformer  1000 final     randk  both     34  0.000     0.989    0.062    0.973         0.018          9.181        rulex               40.000     0.98
transformer  1000 final     randk  both     34  0.250     0.992    0.044    0.950         0.041          7.281        rulex               40.000     0.96
transformer  1000 final     randk  both     34  0.500     0.993    0.031    0.883         0.099          5.341        rulex               40.000     0.90
transformer  1000 final     randk  both     34  0.750     0.996    0.021    0.779         0.216          3.374        rulex               40.000     0.78
transformer  1000 final     randk  both     34  1.000     0.996    0.015    0.577         0.383          1.390        rulex               40.000     0.60
transformer  1000 final  residual    in     40  0.000     0.989    0.062    0.973         0.018          9.181        rulex               40.000     0.98
transformer  1000 final  residual    in     40  0.250     0.991    0.053    0.968         0.027          8.584        rulex               40.000     0.98
transformer  1000 final  residual    in     40  0.500     0.991    0.046    0.955         0.041          7.925        rulex               40.000     0.96
transformer  1000 final  residual    in     40  0.750     0.992    0.040    0.941         0.050          7.206        rulex               40.000     0.94
transformer  1000 final  residual    in     40  1.000     0.993    0.036    0.910         0.086          6.432        rulex               40.000     0.92
transformer  1000 final  residual   out     27  0.000     0.989    0.062    0.973         0.018          9.181        rulex               40.000     0.98
transformer  1000 final  residual   out     27  0.250     0.991    0.053    0.964         0.027          8.124        rulex               40.000     0.98
transformer  1000 final  residual   out     27  0.500     0.992    0.045    0.946         0.045          7.068        rulex               40.000     0.96
transformer  1000 final  residual   out     27  0.750     0.993    0.039    0.901         0.090          6.012        rulex               40.000     0.90
transformer  1000 final  residual   out     27  1.000     0.993    0.035    0.860         0.117          4.955        rulex               40.000     0.88
transformer  1000 final  residual  both     40  0.000     0.989    0.062    0.973         0.018          9.181        rulex               40.000     0.98
transformer  1000 final  residual  both     40  0.250     0.992    0.041    0.937         0.054          6.960        rulex               40.000     0.94
transformer  1000 final  residual  both     40  0.500     0.995    0.027    0.860         0.122          4.693        rulex               40.000     0.88
transformer  1000 final  residual  both     40  0.750     0.996    0.017    0.689         0.306          2.397        rulex               40.000     0.70
transformer  1000 final  residual  both     40  1.000     0.997    0.012    0.455         0.482          0.092        rulex               40.000     0.48
transformer  1000 final   neurons units      0  0.000     0.989    0.062    0.973         0.018          9.181        rulex               40.000     0.98
transformer  1000 final   neurons units      1  0.001     0.989    0.061    0.973         0.018          9.138        rulex               40.000     0.98
transformer  1000 final   neurons units      2  0.001     0.990    0.061    0.973         0.018          9.096        rulex               40.000     0.98
transformer  1000 final   neurons units      4  0.003     0.990    0.060    0.973         0.018          9.020        rulex               40.000     0.98
transformer  1000 final   neurons units      8  0.005     0.990    0.059    0.973         0.018          8.889        rulex               40.000     0.98
transformer  1000 final   neurons units     16  0.010     0.990    0.058    0.968         0.023          8.648        rulex               40.000     0.98
transformer  1000 final   neurons units     32  0.021     0.990    0.056    0.968         0.023          8.202        rulex               40.000     0.98
transformer  1000 final   neurons units     64  0.042     0.990    0.051    0.941         0.050          7.398        rulex               40.000     0.94
transformer  1000 final   neurons units    128  0.083     0.992    0.044    0.892         0.090          6.033        rulex               40.000     0.90
transformer  1000 final   neurons units    256  0.167     0.992    0.035    0.784         0.189          3.900        rulex               40.000     0.80
transformer  1000 final   neurons units    512  0.333     0.993    0.033    0.568         0.383          1.080        rulex               40.000     0.60
transformer  1000 final randunits units      0  0.000     0.989    0.062    0.973         0.018          9.181        rulex               40.000     0.98
transformer  1000 final randunits units      1  0.001     0.990    0.062    0.973         0.018          9.172        rulex               40.000     0.98
transformer  1000 final randunits units      2  0.001     0.989    0.062    0.973         0.018          9.167        rulex               40.000     0.98
transformer  1000 final randunits units      4  0.003     0.990    0.061    0.977         0.014          9.139        rulex               40.000     0.98
transformer  1000 final randunits units      8  0.005     0.990    0.063    0.973         0.018          9.238        rulex               40.000     0.98
transformer  1000 final randunits units     16  0.010     0.989    0.062    0.973         0.018          9.089        rulex               40.000     0.98
transformer  1000 final randunits units     32  0.021     0.989    0.062    0.977         0.018          9.067        rulex               40.000     0.98
transformer  1000 final randunits units     64  0.042     0.989    0.062    0.977         0.018          8.997        rulex               40.000     0.98
transformer  1000 final randunits units    128  0.083     0.988    0.066    0.982         0.014          8.913        rulex               40.000     0.98
transformer  1000 final randunits units    256  0.167     0.986    0.074    0.968         0.018          8.751        rulex               40.000     0.98
transformer  1000 final randunits units    512  0.333     0.979    0.095    0.968         0.018          8.330        rulex               40.000     0.98
transformer  1000 final randunits units      0  0.000     0.989    0.062    0.973         0.018          9.181        rulex               40.000     0.98
transformer  1000 final randunits units      1  0.001     0.989    0.061    0.977         0.014          9.157        rulex               40.000     0.98
transformer  1000 final randunits units      2  0.001     0.990    0.062    0.973         0.018          9.168        rulex               40.000     0.98
transformer  1000 final randunits units      4  0.003     0.990    0.062    0.977         0.014          9.178        rulex               40.000     0.98
transformer  1000 final randunits units      8  0.005     0.989    0.062    0.977         0.014          9.198        rulex               40.000     0.98
transformer  1000 final randunits units     16  0.010     0.989    0.062    0.977         0.014          9.132        rulex               40.000     0.98
transformer  1000 final randunits units     32  0.021     0.989    0.062    0.977         0.018          9.076        rulex               40.000     0.98
transformer  1000 final randunits units     64  0.042     0.988    0.063    0.973         0.018          9.015        rulex               40.000     0.98
transformer  1000 final randunits units    128  0.083     0.988    0.065    0.977         0.018          8.913        rulex               40.000     0.98
transformer  1000 final randunits units    256  0.167     0.985    0.073    0.973         0.018          8.864        rulex               40.000     0.98
transformer  1000 final randunits units    512  0.333     0.977    0.102    0.950         0.032          7.884        rulex               40.000     0.96
transformer  1000 final randunits units      0  0.000     0.989    0.062    0.973         0.018          9.181        rulex               40.000     0.98
transformer  1000 final randunits units      1  0.001     0.989    0.062    0.973         0.018          9.186        rulex               40.000     0.98
transformer  1000 final randunits units      2  0.001     0.989    0.062    0.973         0.018          9.180        rulex               40.000     0.98
transformer  1000 final randunits units      4  0.003     0.989    0.062    0.977         0.014          9.179        rulex               40.000     0.98
transformer  1000 final randunits units      8  0.005     0.990    0.062    0.977         0.014          9.166        rulex               40.000     0.98
transformer  1000 final randunits units     16  0.010     0.989    0.061    0.977         0.014          9.128        rulex               40.000     0.98
transformer  1000 final randunits units     32  0.021     0.989    0.063    0.977         0.018          9.153        rulex               40.000     0.98
transformer  1000 final randunits units     64  0.042     0.988    0.065    0.968         0.023          9.103        rulex               40.000     0.98
transformer  1000 final randunits units    128  0.083     0.988    0.063    0.973         0.018          8.888        rulex               40.000     0.98
transformer  1000 final randunits units    256  0.167     0.985    0.075    0.977         0.023          8.727        rulex               40.000     0.98
transformer  1000 final randunits units    512  0.333     0.979    0.093    0.955         0.023          7.791        rulex               40.000     0.98
transformer  1001 final      none     -      0  0.000     0.991    0.056    0.973         0.018          8.737        rulex               40.000     0.98
transformer  1001 final   lowpass    in      0  0.000     0.007   19.590    0.000         0.005         -0.382      uniform                0.200     0.00
transformer  1001 final   lowpass    in      1  1.000     0.007   17.537    0.000         0.009         -0.069      uniform                0.484     0.00
transformer  1001 final   lowpass    in      2  2.000     0.008   17.084    0.000         0.009         -0.244  gcm_hamming                0.200     0.00
transformer  1001 final   lowpass    in      3  3.000     0.006   16.707    0.000         0.005          0.349  gcm_hamming                0.200     0.00
transformer  1001 final   lowpass    in      4  4.000     0.006   13.812    0.005         0.009          1.049   gcm_linear                0.484     0.00
transformer  1001 final   lowpass    in      6  6.000     0.009   10.247    0.009         0.000          1.595      uniform                0.200     1.00
transformer  1001 final   lowpass    in      8  8.000     0.010   10.325    0.014         0.000          1.636         rule                0.200     1.00
transformer  1001 final   lowpass    in     12 12.000     0.009   10.786    0.009         0.005          1.682      uniform                0.484     1.00
transformer  1001 final   lowpass    in     16 16.000     0.019    9.156    0.036         0.023         -1.108         rule                0.200     0.70
transformer  1001 final   lowpass    in     24 24.000     0.102    5.078    0.041         0.054         -3.338        rulex                0.200     0.42
transformer  1001 final   lowpass    in     32 32.000     0.603    1.315    0.140         0.167         -2.078        rulex                6.840     0.46
transformer  1001 final   lowpass    in     48 48.000     0.924    0.258    0.644         0.176          2.824        rulex               20.627     0.78
transformer  1001 final   lowpass    in     74 74.000     0.991    0.056    0.973         0.018          8.737        rulex               40.000     0.98
transformer  1001 final   lowpass   out      0  0.000     0.008    5.004    0.000         0.005          0.000      uniform                0.200     0.00
transformer  1001 final   lowpass   out      1  1.000     0.007    5.013    0.005         0.005          0.131      uniform                0.200     0.50
transformer  1001 final   lowpass   out      2  2.000     0.007    5.026    0.009         0.000          0.282      uniform                0.200     1.00
transformer  1001 final   lowpass   out      3  3.000     0.007    5.038    0.068         0.000          0.440  gcm_hamming                0.200     1.00
transformer  1001 final   lowpass   out      4  4.000     0.007    5.053    0.054         0.000          0.700      uniform                0.249     1.00
transformer  1001 final   lowpass   out      6  6.000     0.008    5.022    0.135         0.000          1.251  gcm_hamming                0.311     1.00
transformer  1001 final   lowpass   out      8  8.000     0.008    5.042    0.189         0.000          1.633  gcm_hamming                0.388     1.00
transformer  1001 final   lowpass   out     12 12.000     0.006    5.093    0.302         0.000          2.373  gcm_hamming                0.388     1.00
transformer  1001 final   lowpass   out     16 16.000     0.052    3.785    0.212         0.000          2.292        rulex                0.200     1.00
transformer  1001 final   lowpass   out     24 24.000     0.205    2.650    0.392         0.009          2.939        rulex                0.200     1.00
transformer  1001 final   lowpass   out     32 32.000     0.854    0.573    0.590         0.054          3.207        rulex               13.264     0.92
transformer  1001 final   lowpass   out     48 48.000     0.986    0.071    0.851         0.090          4.786        rulex               40.000     0.90
transformer  1001 final   lowpass   out     74 74.000     0.991    0.056    0.973         0.018          8.737        rulex               40.000     0.98
transformer  1001 final   lowpass  both      0  0.000     0.007    5.004    0.000         0.005          0.000      uniform                0.200     0.00
transformer  1001 final   lowpass  both      1  1.000     0.005    5.017    0.000         0.000          0.005  gcm_hamming                0.200     0.00
transformer  1001 final   lowpass  both      2  2.000     0.004    5.046    0.005         0.005          0.009  gcm_hamming                0.200     0.50
transformer  1001 final   lowpass  both      3  3.000     0.006    5.044    0.005         0.005          0.007      uniform                0.200     0.50
transformer  1001 final   lowpass  both      4  4.000     0.008    5.113    0.009         0.000          0.073      uniform                0.484     1.00
transformer  1001 final   lowpass  both      6  6.000     0.008    6.053    0.005         0.005         -0.349      uniform                0.200     0.50
transformer  1001 final   lowpass  both      8  8.000     0.009    6.069    0.005         0.009         -0.323         rule                0.311     0.00
transformer  1001 final   lowpass  both     12 12.000     0.010    5.959    0.018         0.005         -0.257  gcm_hamming                0.200     1.00
transformer  1001 final   lowpass  both     16 16.000     0.027    5.973    0.018         0.018         -2.981         rule                0.200     0.50
transformer  1001 final   lowpass  both     24 24.000     0.164    3.216    0.009         0.095         -7.197         rule                0.200     0.06
transformer  1001 final   lowpass  both     32 32.000     0.855    0.533    0.032         0.590         -8.393        rulex               13.264     0.06
transformer  1001 final   lowpass  both     48 48.000     0.979    0.092    0.239         0.527         -2.519        rulex               40.000     0.32
transformer  1001 final   lowpass  both     74 74.000     0.991    0.056    0.973         0.018          8.737        rulex               40.000     0.98
transformer  1001 final      etop    in      0  0.000     0.991    0.056    0.973         0.018          8.737        rulex               40.000     0.98
transformer  1001 final      etop    in      1  0.050     0.858    0.453    0.770         0.041          6.034        rulex               13.264     0.96
transformer  1001 final      etop    in      1  0.100     0.858    0.453    0.770         0.041          6.034        rulex               13.264     0.96
transformer  1001 final      etop    in      3  0.200     0.606    1.653    0.315         0.099          2.072        rulex                6.840     0.76
transformer  1001 final      etop    in      4  0.300     0.379    3.093    0.180         0.077          0.471        rulex                5.485     0.70
transformer  1001 final      etop    in      5  0.400     0.203    5.118    0.122         0.018         -0.171        rulex                1.170     0.90
transformer  1001 final      etop    in      6  0.500     0.132    6.656    0.117         0.018          0.338        rulex                1.819     0.90
transformer  1001 final      etop    in      7  0.600     0.065    9.074    0.063         0.018          0.583        rulex                0.484     0.84
transformer  1001 final      etop    in      9  0.700     0.021   14.498    0.059         0.005          4.985  gcm_hamming                0.388     1.00
transformer  1001 final      etop    in     12  0.800     0.009   15.506    0.050         0.005          4.618  gcm_hamming                0.484     1.00
transformer  1001 final      etop    in     30  0.900     0.006   15.947    0.014         0.009          2.301  gcm_hamming                0.249     1.00
transformer  1001 final      etop    in     50  0.950     0.007   16.002    0.018         0.005          0.688  gcm_hamming                0.311     1.00
transformer  1001 final      etop    in     74  1.000     0.007   19.590    0.000         0.005         -0.382      uniform                0.200     0.00
transformer  1001 final      etop   out      0  0.000     0.991    0.056    0.973         0.018          8.737        rulex               40.000     0.98
transformer  1001 final      etop   out      1  0.050     0.978    0.114    0.968         0.014          9.439        rulex               40.000     0.98
transformer  1001 final      etop   out      2  0.100     0.903    0.359    0.964         0.000         10.101        rulex               16.541     1.00
transformer  1001 final      etop   out      3  0.200     0.799    0.722    0.973         0.000         10.709        rulex                8.530     1.00
transformer  1001 final      etop   out      4  0.300     0.546    1.464    0.955         0.000         11.165        rulex                4.398     1.00
transformer  1001 final      etop   out      5  0.400     0.375    2.177    0.950         0.000         11.371        rulex                3.527     1.00
transformer  1001 final      etop   out      6  0.500     0.155    3.269    0.950         0.000         11.663        rulex                2.268     1.00
transformer  1001 final      etop   out      8  0.600     0.007    5.482    0.982         0.000         12.497  gcm_hamming                0.603     1.00
transformer  1001 final      etop   out     11  0.700     0.002    5.821    0.982         0.000         11.676  gcm_hamming                0.752     1.00
transformer  1001 final      etop   out     25  0.800     0.003    5.669    0.937         0.000          8.430  gcm_hamming                0.603     1.00
transformer  1001 final      etop   out     47  0.900     0.003    5.348    0.802         0.000          4.257  gcm_hamming                0.484     1.00
transformer  1001 final      etop   out     60  0.950     0.005    5.176    0.495         0.000          2.093  gcm_hamming                0.311     1.00
transformer  1001 final      etop   out     74  1.000     0.008    5.004    0.000         0.005          0.000      uniform                0.200     0.00
transformer  1001 final      etop  both      0  0.000     0.991    0.056    0.973         0.018          8.737        rulex               40.000     0.98
transformer  1001 final      etop  both      1  0.050     0.984    0.075    0.820         0.104          4.831        rulex               40.000     0.88
transformer  1001 final      etop  both      1  0.100     0.905    0.323    0.797         0.032          5.993        rulex               16.541     0.96
transformer  1001 final      etop  both      3  0.200     0.495    1.715    0.365         0.063          2.497        rulex                4.398     0.86
transformer  1001 final      etop  both      4  0.300     0.256    2.505    0.293         0.005          1.323        rulex                1.819     1.00
transformer  1001 final      etop  both      5  0.400     0.200    2.969    0.212         0.014          0.207        rulex                1.819     0.96
transformer  1001 final      etop  both      6  0.500     0.067    4.329    0.185         0.009          1.296        rulex                2.828     1.00
transformer  1001 final      etop  both      7  0.600     0.015    5.104    0.239         0.000          2.769  gcm_hamming                0.388     1.00
transformer  1001 final      etop  both      9  0.700     0.007    5.876    0.144         0.000          2.722  gcm_hamming                0.603     1.00
transformer  1001 final      etop  both     12  0.800     0.006    5.691    0.059         0.000          1.639  gcm_hamming                0.484     1.00
transformer  1001 final      etop  both     30  0.900     0.007    5.276    0.018         0.000          0.369  gcm_hamming                0.200     1.00
transformer  1001 final      etop  both     50  0.950     0.005    5.144    0.005         0.005          0.018      uniform                0.388     0.50
transformer  1001 final      etop  both     74  1.000     0.007    5.004    0.000         0.005          0.000      uniform                0.200     0.00
transformer  1001 final   ebottom    in      0  0.000     0.991    0.056    0.973         0.018          8.737        rulex               40.000     0.98
transformer  1001 final   ebottom    in     25  0.050     0.991    0.044    0.959         0.032          7.463        rulex               40.000     0.96
transformer  1001 final   ebottom    in     45  0.100     0.994    0.031    0.914         0.077          5.975        rulex               40.000     0.92
transformer  1001 final   ebottom    in     63  0.200     0.996    0.016    0.662         0.315          2.378        rulex               40.000     0.68
transformer  1001 final   ebottom    in     66  0.300     0.989    0.040    0.482         0.450         -0.021        rulex               40.000     0.52
transformer  1001 final   ebottom    in     68  0.400     0.889    0.345    0.198         0.455         -2.905        rulex               13.264     0.30
transformer  1001 final   ebottom    in     69  0.500     0.710    0.901    0.086         0.324         -5.047        rulex                6.840     0.20
transformer  1001 final   ebottom    in     70  0.600     0.548    1.717    0.045         0.284         -5.936        rulex                5.485     0.14
transformer  1001 final   ebottom    in     71  0.700     0.244    3.447    0.032         0.108         -6.109        rulex                3.527     0.22
transformer  1001 final   ebottom    in     72  0.800     0.058    6.333    0.005         0.032         -4.613         rule                0.200     0.04
transformer  1001 final   ebottom    in     74  0.900     0.007   19.590    0.000         0.005         -0.382      uniform                0.200     0.00
transformer  1001 final   ebottom    in     74  0.950     0.007   19.590    0.000         0.005         -0.382      uniform                0.200     0.00
transformer  1001 final   ebottom    in     74  1.000     0.007   19.590    0.000         0.005         -0.382      uniform                0.200     0.00
transformer  1001 final   ebottom   out      0  0.000     0.991    0.056    0.973         0.018          8.737        rulex               40.000     0.98
transformer  1001 final   ebottom   out     15  0.050     0.992    0.040    0.950         0.041          6.505        rulex               40.000     0.96
transformer  1001 final   ebottom   out     28  0.100     0.995    0.026    0.883         0.099          4.343        rulex               40.000     0.90
transformer  1001 final   ebottom   out     50  0.200     0.997    0.011    0.468         0.482          0.099        rulex               40.000     0.50
transformer  1001 final   ebottom   out     64  0.300     0.998    0.008    0.194         0.725         -3.250        rulex               40.000     0.22
transformer  1001 final   ebottom   out     67  0.400     0.998    0.016    0.122         0.698         -3.426        rulex               40.000     0.14
transformer  1001 final   ebottom   out     69  0.500     0.989    0.131    0.081         0.509         -2.634        rulex               40.000     0.14
transformer  1001 final   ebottom   out     70  0.600     0.940    0.499    0.045         0.333         -2.428        rulex               20.627     0.12
transformer  1001 final   ebottom   out     71  0.700     0.808    1.213    0.032         0.167         -1.971        rulex               10.637     0.16
transformer  1001 final   ebottom   out     72  0.800     0.280    2.421    0.014         0.081         -1.363         rule                8.530     0.14
transformer  1001 final   ebottom   out     73  0.900     0.059    3.682    0.005         0.014         -0.702         rule                0.200     0.18
transformer  1001 final   ebottom   out     74  0.950     0.008    5.004    0.000         0.005          0.000      uniform                0.200     0.00
transformer  1001 final   ebottom   out     74  1.000     0.008    5.004    0.000         0.005          0.000      uniform                0.200     0.00
transformer  1001 final   ebottom  both      0  0.000     0.991    0.056    0.973         0.018          8.737        rulex               40.000     0.98
transformer  1001 final   ebottom  both     25  0.050     0.993    0.030    0.905         0.086          5.261        rulex               40.000     0.92
transformer  1001 final   ebottom  both     45  0.100     0.997    0.012    0.631         0.351          1.727        rulex               40.000     0.64
transformer  1001 final   ebottom  both     63  0.200     0.999    0.004    0.099         0.869         -5.296        rulex               40.000     0.10
transformer  1001 final   ebottom  both     66  0.300     0.996    0.020    0.014         0.910         -9.446         rule               40.000     0.02
transformer  1001 final   ebottom  both     68  0.400     0.960    0.168    0.000         0.847        -11.438         rule               25.722     0.00
transformer  1001 final   ebottom  both     69  0.500     0.772    0.865    0.014         0.590         -9.805         rule               10.637     0.02
transformer  1001 final   ebottom  both     70  0.600     0.456    1.880    0.005         0.351         -8.849         rule                5.485     0.00
transformer  1001 final   ebottom  both     71  0.700     0.152    3.208    0.000         0.113         -7.256         rule                0.200     0.00
transformer  1001 final   ebottom  both     72  0.800     0.025    4.982    0.009         0.018         -3.307         rule                0.200     0.20
transformer  1001 final   ebottom  both     74  0.900     0.007    7.633    0.009         0.005          0.231      uniform                0.249     1.00
transformer  1001 final   ebottom  both     74  0.950     0.007    5.004    0.000         0.005          0.000      uniform                0.200     0.00
transformer  1001 final   ebottom  both     74  1.000     0.007    5.004    0.000         0.005          0.000      uniform                0.200     0.00
transformer  1001 final     erand    in      0  0.000     0.991    0.056    0.973         0.018          8.737        rulex               40.000     0.98
transformer  1001 final     erand    in     13  0.050     0.992    0.042    0.964         0.027          7.379        rulex               40.000     0.98
transformer  1001 final     erand    in     17  0.100     0.984    0.065    0.838         0.095          5.056        rulex               40.000     0.90
transformer  1001 final     erand    in     19  0.200     0.930    0.209    0.734         0.117          3.661        rulex               16.541     0.86
transformer  1001 final     erand    in     22  0.300     0.796    0.657    0.464         0.180          1.678        rulex               10.637     0.72
transformer  1001 final     erand    in     36  0.400     0.596    1.388    0.225         0.180         -0.966        rulex                6.840     0.56
transformer  1001 final     erand    in     40  0.500     0.489    2.024    0.131         0.171         -2.101        rulex                5.485     0.44
transformer  1001 final     erand    in     48  0.600     0.288    3.445    0.059         0.077         -3.856        rulex                1.459     0.44
transformer  1001 final     erand    in     64  0.700     0.054    6.527    0.005         0.009         -4.720         rule                0.200     0.30
transformer  1001 final     erand    in     69  0.800     0.052    6.660    0.018         0.018         -4.742         rule                0.200     0.50
transformer  1001 final     erand    in     72  0.900     0.011    9.819    0.009         0.014         -1.555         rule                0.200     0.00
transformer  1001 final     erand    in     73  0.950     0.005   16.672    0.005         0.005         -0.106   gcm_linear                0.200     0.50
transformer  1001 final     erand    in     74  1.000     0.007   19.590    0.000         0.005         -0.382      uniform                0.200     0.00
transformer  1001 final     erand    in      0  0.000     0.991    0.056    0.973         0.018          8.737        rulex               40.000     0.98
transformer  1001 final     erand    in      9  0.050     0.980    0.086    0.824         0.099          4.892        rulex               40.000     0.90
transformer  1001 final     erand    in      9  0.100     0.980    0.086    0.824         0.099          4.892        rulex               40.000     0.90
transformer  1001 final     erand    in     10  0.200     0.923    0.269    0.595         0.149          2.936        rulex               20.627     0.80
transformer  1001 final     erand    in     14  0.300     0.655    1.298    0.288         0.153          0.233        rulex                6.840     0.66
transformer  1001 final     erand    in     16  0.400     0.509    2.050    0.185         0.176         -0.725        rulex                5.485     0.52
transformer  1001 final     erand    in     20  0.500     0.279    4.224    0.113         0.086         -1.318        rulex                2.828     0.58
transformer  1001 final     erand    in     28  0.600     0.147    6.468    0.045         0.054         -1.800        rulex                2.268     0.46
transformer  1001 final     erand    in     49  0.700     0.121    5.728    0.018         0.036         -4.490         rule                2.828     0.32
transformer  1001 final     erand    in     51  0.800     0.030    8.695    0.027         0.009         -1.838         rule                1.459     0.94
transformer  1001 final     erand    in     65  0.900     0.010   15.284    0.009         0.014          0.422  gcm_hamming                0.200     0.00
transformer  1001 final     erand    in     65  0.950     0.010   15.284    0.009         0.014          0.422  gcm_hamming                0.200     0.00
transformer  1001 final     erand    in     74  1.000     0.007   19.590    0.000         0.005         -0.382      uniform                0.200     0.00
transformer  1001 final     erand    in      0  0.000     0.991    0.056    0.973         0.018          8.737        rulex               40.000     0.98
transformer  1001 final     erand    in      5  0.050     0.934    0.213    0.838         0.059          6.219        rulex               20.627     0.94
transformer  1001 final     erand    in      6  0.100     0.934    0.212    0.833         0.059          6.135        rulex               20.627     0.94
transformer  1001 final     erand    in     21  0.200     0.743    0.821    0.559         0.095          2.830        rulex                5.485     0.86
transformer  1001 final     erand    in     27  0.300     0.681    1.047    0.320         0.135          0.820        rulex                5.485     0.70
transformer  1001 final     erand    in     28  0.400     0.402    2.879    0.171         0.113         -0.838        rulex                2.828     0.60
transformer  1001 final     erand    in     47  0.500     0.308    3.798    0.095         0.126         -1.793        rulex                2.268     0.42
transformer  1001 final     erand    in     50  0.600     0.158    6.151    0.063         0.054         -1.791        rulex                0.200     0.54
transformer  1001 final     erand    in     52  0.700     0.112    6.699    0.036         0.009         -1.972        rulex                0.200     0.84
transformer  1001 final     erand    in     55  0.800     0.038   10.457    0.018         0.014          0.326         rule                0.388     0.60
transformer  1001 final     erand    in     68  0.900     0.010   15.182    0.014         0.005          0.525  gcm_hamming                0.200     1.00
transformer  1001 final     erand    in     68  0.950     0.010   15.182    0.014         0.005          0.525  gcm_hamming                0.200     1.00
transformer  1001 final     erand    in     74  1.000     0.007   19.590    0.000         0.005         -0.382      uniform                0.200     0.00
transformer  1001 final     erand   out      0  0.000     0.991    0.056    0.973         0.018          8.737        rulex               40.000     0.98
transformer  1001 final     erand   out     11  0.050     0.992    0.041    0.964         0.027          6.674        rulex               40.000     0.98
transformer  1001 final     erand   out     17  0.100     0.990    0.056    0.919         0.050          5.907        rulex               40.000     0.94
transformer  1001 final     erand   out     19  0.200     0.976    0.116    0.919         0.041          6.021        rulex               40.000     0.96
transformer  1001 final     erand   out     22  0.300     0.934    0.305    0.919         0.023          6.318        rulex               25.722     0.98
transformer  1001 final     erand   out     36  0.400     0.793    0.748    0.752         0.027          4.547        rulex               13.264     0.96
transformer  1001 final     erand   out     40  0.500     0.740    0.876    0.613         0.036          3.672        rulex               10.637     0.94
transformer  1001 final     erand   out     48  0.600     0.515    1.599    0.486         0.027          2.537        rulex                3.527     0.96
transformer  1001 final     erand   out     63  0.700     0.645    1.474    0.099         0.081         -0.352        rulex                4.398     0.56
transformer  1001 final     erand   out     65  0.800     0.202    2.638    0.122         0.009         -0.019        rulex                0.200     0.96
transformer  1001 final     erand   out     72  0.900     0.047    3.886    0.009         0.014         -0.312         rule                0.200     0.36
transformer  1001 final     erand   out     73  0.950     0.007    5.016    0.014         0.005          0.187      uniform                0.200     1.00
transformer  1001 final     erand   out     74  1.000     0.008    5.004    0.000         0.005          0.000      uniform                0.200     0.00
transformer  1001 final     erand   out      0  0.000     0.991    0.056    0.973         0.018          8.737        rulex               40.000     0.98
transformer  1001 final     erand   out      9  0.050     0.984    0.079    0.968         0.014          7.665        rulex               40.000     0.98
transformer  1001 final     erand   out      9  0.100     0.984    0.079    0.968         0.014          7.665        rulex               40.000     0.98
transformer  1001 final     erand   out     10  0.200     0.975    0.131    0.982         0.000          7.871        rulex               40.000     1.00
transformer  1001 final     erand   out     14  0.300     0.901    0.424    0.959         0.000          7.915        rulex               16.541     1.00
transformer  1001 final     erand   out     17  0.400     0.795    0.797    0.932         0.000          7.961        rulex               10.637     1.00
transformer  1001 final     erand   out     20  0.500     0.492    1.774    0.932         0.000          8.258        rulex                4.398     1.00
transformer  1001 final     erand   out     28  0.600     0.228    2.801    0.905         0.000          7.580        rulex                2.828     1.00
transformer  1001 final     erand   out     49  0.700     0.182    2.895    0.635         0.000          3.690        rulex                3.527     1.00
transformer  1001 final     erand   out     51  0.800     0.048    3.988    0.644         0.000          3.823        rulex                0.603     1.00
transformer  1001 final     erand   out     65  0.900     0.007    5.096    0.311         0.000          1.668  gcm_hamming                0.484     1.00
transformer  1001 final     erand   out     65  0.950     0.007    5.096    0.311         0.000          1.668  gcm_hamming                0.484     1.00
transformer  1001 final     erand   out     74  1.000     0.008    5.004    0.000         0.005          0.000      uniform                0.200     0.00
transformer  1001 final     erand   out      0  0.000     0.991    0.056    0.973         0.018          8.737        rulex               40.000     0.98
transformer  1001 final     erand   out      5  0.050     0.978    0.109    0.968         0.018          8.691        rulex               40.000     0.98
transformer  1001 final     erand   out      5  0.100     0.978    0.109    0.968         0.018          8.691        rulex               40.000     0.98
transformer  1001 final     erand   out     21  0.200     0.924    0.286    0.919         0.023          6.532        rulex               16.541     0.98
transformer  1001 final     erand   out     27  0.300     0.871    0.481    0.851         0.014          5.915        rulex               10.637     0.98
transformer  1001 final     erand   out     28  0.400     0.734    0.995    0.883         0.005          6.617        rulex                6.840     1.00
transformer  1001 final     erand   out     38  0.500     0.773    0.920    0.761         0.014          4.625        rulex                8.530     0.98
transformer  1001 final     erand   out     47  0.600     0.674    1.382    0.698         0.018          3.408        rulex                6.840     0.98
transformer  1001 final     erand   out     50  0.700     0.236    2.535    0.649         0.005          3.461        rulex                1.170     1.00
transformer  1001 final     erand   out     55  0.800     0.043    3.949    0.595         0.000          3.198        rulex                0.249     1.00
transformer  1001 final     erand   out     68  0.900     0.007    5.066    0.225         0.000          1.024  gcm_hamming                0.200     1.00
transformer  1001 final     erand   out     68  0.950     0.007    5.066    0.225         0.000          1.024  gcm_hamming                0.200     1.00
transformer  1001 final     erand   out     74  1.000     0.008    5.004    0.000         0.005          0.000      uniform                0.200     0.00
transformer  1001 final     erand  both      0  0.000     0.991    0.056    0.973         0.018          8.737        rulex               40.000     0.98
transformer  1001 final     erand  both     13  0.050     0.986    0.075    0.973         0.014          7.932        rulex               40.000     0.98
transformer  1001 final     erand  both     17  0.100     0.860    0.503    0.887         0.023          7.223        rulex               16.541     0.98
transformer  1001 final     erand  both     19  0.200     0.598    1.270    0.779         0.014          6.434        rulex                5.485     0.98
transformer  1001 final     erand  both     22  0.300     0.388    2.397    0.410         0.041          3.252        rulex                4.398     0.92
transformer  1001 final     erand  both     36  0.400     0.086    4.706    0.302         0.000          3.141        rulex                1.170     1.00
transformer  1001 final     erand  both     40  0.500     0.083    4.763    0.131         0.005          0.522        rulex                1.170     1.00
transformer  1001 final     erand  both     48  0.600     0.066    4.788    0.045         0.023         -1.790        rulex                0.200     0.70
transformer  1001 final     erand  both     64  0.700     0.007    5.683    0.027         0.005          0.572      uniform                0.200     1.00
transformer  1001 final     erand  both     69  0.800     0.007    5.410    0.018         0.005          0.239      uniform                0.388     1.00
transformer  1001 final     erand  both     72  0.900     0.006    5.109    0.009         0.000          0.029      uniform                0.388     1.00
transformer  1001 final     erand  both     73  0.950     0.007    5.004    0.000         0.005          0.000      uniform                0.200     0.00
transformer  1001 final     erand  both     74  1.000     0.007    5.004    0.000         0.005          0.000      uniform                0.200     0.00
transformer  1001 final     erand  both      0  0.000     0.991    0.056    0.973         0.018          8.737        rulex               40.000     0.98
transformer  1001 final     erand  both      9  0.050     0.980    0.082    0.739         0.144          3.333        rulex               40.000     0.84
transformer  1001 final     erand  both      9  0.100     0.918    0.278    0.734         0.068          4.335        rulex               32.076     0.92
transformer  1001 final     erand  both     10  0.200     0.788    0.705    0.378         0.167          1.340        rulex               10.637     0.70
transformer  1001 final     erand  both     14  0.300     0.298    3.297    0.167         0.045          0.656        rulex                2.828     0.80
transformer  1001 final     erand  both     16  0.400     0.374    2.942    0.068         0.113         -2.647        rulex                3.527     0.38
transformer  1001 final     erand  both     20  0.500     0.202    4.554    0.050         0.059         -2.175        rulex                2.828     0.46
transformer  1001 final     erand  both     28  0.600     0.085    6.064    0.032         0.032         -1.621        rulex                0.200     0.50
transformer  1001 final     erand  both     49  0.700     0.012    6.052    0.018         0.009          0.829  gcm_hamming                0.484     1.00
transformer  1001 final     erand  both     51  0.800     0.012    6.581    0.009         0.009          0.194 gcm_circular                0.752     0.50
transformer  1001 final     erand  both     65  0.900     0.007    5.834    0.009         0.005          0.114  gcm_hamming                0.200     1.00
transformer  1001 final     erand  both     65  0.950     0.007    5.004    0.000         0.005          0.000      uniform                0.200     0.00
transformer  1001 final     erand  both     74  1.000     0.007    5.004    0.000         0.005          0.000      uniform                0.200     0.00
transformer  1001 final     erand  both      0  0.000     0.991    0.056    0.973         0.018          8.737        rulex               40.000     0.98
transformer  1001 final     erand  both      5  0.050     0.984    0.067    0.788         0.158          4.221        rulex               40.000     0.84
transformer  1001 final     erand  both      6  0.100     0.984    0.066    0.784         0.158          4.140        rulex               40.000     0.84
transformer  1001 final     erand  both     21  0.200     0.783    0.646    0.509         0.140          2.040        rulex                6.840     0.78
transformer  1001 final     erand  both     27  0.300     0.807    0.634    0.257         0.252         -0.773        rulex                8.530     0.50
transformer  1001 final     erand  both     28  0.400     0.419    2.664    0.099         0.189         -1.489        rulex                3.527     0.34
transformer  1001 final     erand  both     47  0.500     0.241    4.023    0.063         0.117         -3.405        rulex                0.200     0.34
transformer  1001 final     erand  both     50  0.600     0.027    7.038    0.131         0.009          2.196        rulex                0.200     1.00
transformer  1001 final     erand  both     52  0.700     0.005    6.075    0.108         0.000          2.298  gcm_hamming                0.311     1.00
transformer  1001 final     erand  both     55  0.800     0.007    5.966    0.045         0.000          1.081  gcm_hamming                0.249     1.00
transformer  1001 final     erand  both     68  0.900     0.007    5.265    0.000         0.009          0.143      uniform                0.200     0.00
transformer  1001 final     erand  both     68  0.950     0.006    5.151    0.018         0.009          0.075  gcm_hamming                0.603     1.00
transformer  1001 final     erand  both     74  1.000     0.007    5.004    0.000         0.005          0.000      uniform                0.200     0.00
transformer  1001 final      topk    in     30  0.000     0.991    0.056    0.973         0.018          8.737        rulex               40.000     0.98
transformer  1001 final      topk    in     30  0.250     0.989    0.061    0.986         0.009          9.325        rulex               40.000     0.98
transformer  1001 final      topk    in     30  0.500     0.982    0.088    0.986         0.005         10.111        rulex               40.000     0.98
transformer  1001 final      topk    in     30  0.750     0.810    0.692    0.923         0.005         10.764        rulex               10.637     1.00
transformer  1001 final      topk    in     30  1.000     0.006   15.947    0.014         0.009          2.301  gcm_hamming                0.249     1.00
transformer  1001 final      topk   out     47  0.000     0.991    0.056    0.973         0.018          8.737        rulex               40.000     0.98
transformer  1001 final      topk   out     47  0.250     0.989    0.067    0.982         0.014          7.617        rulex               40.000     0.98
transformer  1001 final      topk   out     47  0.500     0.983    0.167    0.995         0.000          6.497        rulex               40.000     1.00
transformer  1001 final      topk   out     47  0.750     0.913    1.184    0.995         0.000          5.377        rulex               20.627     1.00
transformer  1001 final      topk   out     47  1.000     0.003    5.348    0.802         0.000          4.257  gcm_hamming                0.484     1.00
transformer  1001 final      topk  both     30  0.000     0.991    0.056    0.973         0.018          8.737        rulex               40.000     0.98
transformer  1001 final      topk  both     30  0.250     0.985    0.088    0.995         0.000          8.846        rulex               40.000     1.00
transformer  1001 final      topk  both     30  0.500     0.947    0.347    0.995         0.000          8.706        rulex               32.076     1.00
transformer  1001 final      topk  both     30  0.750     0.450    2.368    0.977         0.000          7.562        rulex                4.398     1.00
transformer  1001 final      topk  both     30  1.000     0.006    5.524    0.018         0.000          0.613  gcm_hamming                0.388     1.00
transformer  1001 final     randk    in     30  0.000     0.991    0.056    0.973         0.018          8.737        rulex               40.000     0.98
transformer  1001 final     randk    in     30  0.250     0.991    0.051    0.968         0.023          8.325        rulex               40.000     0.98
transformer  1001 final     randk    in     30  0.500     0.991    0.046    0.968         0.023          7.873        rulex               40.000     0.98
transformer  1001 final     randk    in     30  0.750     0.992    0.042    0.959         0.032          7.383        rulex               40.000     0.96
transformer  1001 final     randk    in     30  1.000     0.992    0.039    0.941         0.050          6.853        rulex               40.000     0.94
transformer  1001 final     randk    in     30  0.000     0.991    0.056    0.973         0.018          8.737        rulex               40.000     0.98
transformer  1001 final     randk    in     30  0.250     0.991    0.050    0.968         0.023          8.350        rulex               40.000     0.98
transformer  1001 final     randk    in     30  0.500     0.991    0.046    0.968         0.023          7.928        rulex               40.000     0.98
transformer  1001 final     randk    in     30  0.750     0.992    0.041    0.964         0.027          7.469        rulex               40.000     0.98
transformer  1001 final     randk    in     30  1.000     0.992    0.038    0.950         0.041          6.972        rulex               40.000     0.96
transformer  1001 final     randk    in     30  0.000     0.991    0.056    0.973         0.018          8.737        rulex               40.000     0.98
transformer  1001 final     randk    in     30  0.250     0.991    0.051    0.968         0.023          8.352        rulex               40.000     0.98
transformer  1001 final     randk    in     30  0.500     0.991    0.046    0.968         0.023          7.934        rulex               40.000     0.98
transformer  1001 final     randk    in     30  0.750     0.992    0.042    0.964         0.027          7.484        rulex               40.000     0.98
transformer  1001 final     randk    in     30  1.000     0.992    0.039    0.959         0.032          7.001        rulex               40.000     0.96
transformer  1001 final     randk   out     27  0.000     0.991    0.056    0.973         0.018          8.737        rulex               40.000     0.98
transformer  1001 final     randk   out     27  0.250     0.991    0.046    0.968         0.023          7.673        rulex               40.000     0.98
transformer  1001 final     randk   out     27  0.500     0.992    0.038    0.959         0.032          6.609        rulex               40.000     0.96
transformer  1001 final     randk   out     27  0.750     0.993    0.032    0.923         0.068          5.545        rulex               40.000     0.94
transformer  1001 final     randk   out     27  1.000     0.995    0.026    0.887         0.099          4.480        rulex               40.000     0.90
transformer  1001 final     randk   out     27  0.000     0.991    0.056    0.973         0.018          8.737        rulex               40.000     0.98
transformer  1001 final     randk   out     27  0.250     0.991    0.046    0.968         0.023          7.673        rulex               40.000     0.98
transformer  1001 final     randk   out     27  0.500     0.992    0.038    0.959         0.032          6.609        rulex               40.000     0.96
transformer  1001 final     randk   out     27  0.750     0.993    0.032    0.923         0.068          5.545        rulex               40.000     0.94
transformer  1001 final     randk   out     27  1.000     0.995    0.026    0.887         0.099          4.480        rulex               40.000     0.90
transformer  1001 final     randk   out     27  0.000     0.991    0.056    0.973         0.018          8.737        rulex               40.000     0.98
transformer  1001 final     randk   out     27  0.250     0.991    0.046    0.968         0.023          7.673        rulex               40.000     0.98
transformer  1001 final     randk   out     27  0.500     0.992    0.038    0.959         0.032          6.609        rulex               40.000     0.96
transformer  1001 final     randk   out     27  0.750     0.993    0.032    0.923         0.068          5.545        rulex               40.000     0.94
transformer  1001 final     randk   out     27  1.000     0.995    0.026    0.887         0.099          4.480        rulex               40.000     0.90
transformer  1001 final     randk  both     30  0.000     0.991    0.056    0.973         0.018          8.737        rulex               40.000     0.98
transformer  1001 final     randk  both     30  0.250     0.992    0.040    0.968         0.023          7.050        rulex               40.000     0.98
transformer  1001 final     randk  both     30  0.500     0.994    0.028    0.923         0.068          5.336        rulex               40.000     0.94
transformer  1001 final     randk  both     30  0.750     0.996    0.020    0.802         0.189          3.603        rulex               40.000     0.80
transformer  1001 final     randk  both     30  1.000     0.997    0.014    0.649         0.324          1.859        rulex               40.000     0.66
transformer  1001 final     randk  both     30  0.000     0.991    0.056    0.973         0.018          8.737        rulex               40.000     0.98
transformer  1001 final     randk  both     30  0.250     0.992    0.040    0.968         0.023          7.072        rulex               40.000     0.98
transformer  1001 final     randk  both     30  0.500     0.995    0.028    0.932         0.054          5.382        rulex               40.000     0.94
transformer  1001 final     randk  both     30  0.750     0.996    0.019    0.820         0.158          3.672        rulex               40.000     0.84
transformer  1001 final     randk  both     30  1.000     0.997    0.013    0.640         0.320          1.948        rulex               40.000     0.66
transformer  1001 final     randk  both     30  0.000     0.991    0.056    0.973         0.018          8.737        rulex               40.000     0.98
transformer  1001 final     randk  both     30  0.250     0.992    0.041    0.968         0.023          7.072        rulex               40.000     0.98
transformer  1001 final     randk  both     30  0.500     0.994    0.029    0.928         0.063          5.382        rulex               40.000     0.94
transformer  1001 final     randk  both     30  0.750     0.996    0.021    0.802         0.185          3.676        rulex               40.000     0.82
transformer  1001 final     randk  both     30  1.000     0.996    0.015    0.635         0.342          1.961        rulex               40.000     0.64
transformer  1001 final  residual    in     44  0.000     0.991    0.056    0.973         0.018          8.737        rulex               40.000     0.98
transformer  1001 final  residual    in     44  0.250     0.991    0.048    0.968         0.023          8.155        rulex               40.000     0.98
transformer  1001 final  residual    in     44  0.500     0.992    0.042    0.968         0.023          7.510        rulex               40.000     0.98
transformer  1001 final  residual    in     44  0.750     0.992    0.036    0.941         0.050          6.807        rulex               40.000     0.94
transformer  1001 final  residual    in     44  1.000     0.993    0.032    0.923         0.068          6.047        rulex               40.000     0.94
transformer  1001 final  residual   out     27  0.000     0.991    0.056    0.973         0.018          8.737        rulex               40.000     0.98
transformer  1001 final  residual   out     27  0.250     0.991    0.046    0.968         0.023          7.673        rulex               40.000     0.98
transformer  1001 final  residual   out     27  0.500     0.992    0.038    0.959         0.032          6.609        rulex               40.000     0.96
transformer  1001 final  residual   out     27  0.750     0.993    0.032    0.923         0.068          5.545        rulex               40.000     0.94
transformer  1001 final  residual   out     27  1.000     0.995    0.026    0.887         0.099          4.480        rulex               40.000     0.90
transformer  1001 final  residual  both     44  0.000     0.991    0.056    0.973         0.018          8.737        rulex               40.000     0.98
transformer  1001 final  residual  both     44  0.250     0.993    0.034    0.955         0.036          6.310        rulex               40.000     0.96
transformer  1001 final  residual  both     44  0.500     0.996    0.020    0.838         0.153          3.844        rulex               40.000     0.84
transformer  1001 final  residual  both     44  0.750     0.997    0.011    0.590         0.387          1.359        rulex               40.000     0.60
transformer  1001 final  residual  both     44  1.000     0.999    0.006    0.405         0.572         -1.127        rulex               40.000     0.42
transformer  1001 final   neurons units      0  0.000     0.991    0.056    0.973         0.018          8.737        rulex               40.000     0.98
transformer  1001 final   neurons units      1  0.001     0.991    0.055    0.973         0.018          8.675        rulex               40.000     0.98
transformer  1001 final   neurons units      2  0.001     0.991    0.054    0.973         0.018          8.625        rulex               40.000     0.98
transformer  1001 final   neurons units      4  0.003     0.991    0.053    0.968         0.023          8.528        rulex               40.000     0.98
transformer  1001 final   neurons units      8  0.005     0.991    0.052    0.968         0.023          8.357        rulex               40.000     0.98
transformer  1001 final   neurons units     16  0.010     0.991    0.050    0.968         0.023          8.063        rulex               40.000     0.98
transformer  1001 final   neurons units     32  0.021     0.991    0.046    0.959         0.032          7.551        rulex               40.000     0.96
transformer  1001 final   neurons units     64  0.042     0.992    0.041    0.941         0.050          6.671        rulex               40.000     0.94
transformer  1001 final   neurons units    128  0.083     0.993    0.033    0.892         0.099          5.198        rulex               40.000     0.90
transformer  1001 final   neurons units    256  0.167     0.995    0.025    0.730         0.239          2.847        rulex               40.000     0.76
transformer  1001 final   neurons units    512  0.333     0.995    0.023    0.401         0.532         -0.312        rulex               40.000     0.42
transformer  1001 final randunits units      0  0.000     0.991    0.056    0.973         0.018          8.737        rulex               40.000     0.98
transformer  1001 final randunits units      1  0.001     0.991    0.055    0.973         0.018          8.728        rulex               40.000     0.98
transformer  1001 final randunits units      2  0.001     0.990    0.056    0.968         0.023          8.726        rulex               40.000     0.98
transformer  1001 final randunits units      4  0.003     0.991    0.055    0.973         0.018          8.694        rulex               40.000     0.98
transformer  1001 final randunits units      8  0.005     0.991    0.057    0.977         0.018          8.774        rulex               40.000     0.98
transformer  1001 final randunits units     16  0.010     0.990    0.054    0.973         0.018          8.611        rulex               40.000     0.98
transformer  1001 final randunits units     32  0.021     0.990    0.055    0.973         0.018          8.590        rulex               40.000     0.98
transformer  1001 final randunits units     64  0.042     0.991    0.055    0.973         0.018          8.460        rulex               40.000     0.98
transformer  1001 final randunits units    128  0.083     0.989    0.056    0.982         0.014          8.289        rulex               40.000     0.98
transformer  1001 final randunits units    256  0.167     0.989    0.060    0.977         0.014          8.013        rulex               40.000     0.98
transformer  1001 final randunits units    512  0.333     0.980    0.084    0.950         0.036          7.148        rulex               40.000     0.96
transformer  1001 final randunits units      0  0.000     0.991    0.056    0.973         0.018          8.737        rulex               40.000     0.98
transformer  1001 final randunits units      1  0.001     0.991    0.055    0.973         0.018          8.711        rulex               40.000     0.98
transformer  1001 final randunits units      2  0.001     0.991    0.055    0.973         0.018          8.723        rulex               40.000     0.98
transformer  1001 final randunits units      4  0.003     0.991    0.055    0.977         0.018          8.729        rulex               40.000     0.98
transformer  1001 final randunits units      8  0.005     0.990    0.056    0.973         0.018          8.742        rulex               40.000     0.98
transformer  1001 final randunits units     16  0.010     0.990    0.055    0.968         0.023          8.672        rulex               40.000     0.98
transformer  1001 final randunits units     32  0.021     0.990    0.055    0.973         0.018          8.588        rulex               40.000     0.98
transformer  1001 final randunits units     64  0.042     0.990    0.055    0.968         0.027          8.518        rulex               40.000     0.98
transformer  1001 final randunits units    128  0.083     0.990    0.055    0.973         0.018          8.318        rulex               40.000     0.98
transformer  1001 final randunits units    256  0.167     0.989    0.059    0.973         0.014          8.094        rulex               40.000     0.98
transformer  1001 final randunits units    512  0.333     0.983    0.079    0.932         0.036          6.786        rulex               40.000     0.96
transformer  1001 final randunits units      0  0.000     0.991    0.056    0.973         0.018          8.737        rulex               40.000     0.98
transformer  1001 final randunits units      1  0.001     0.991    0.056    0.973         0.018          8.741        rulex               40.000     0.98
transformer  1001 final randunits units      2  0.001     0.991    0.056    0.973         0.018          8.733        rulex               40.000     0.98
transformer  1001 final randunits units      4  0.003     0.991    0.055    0.973         0.018          8.723        rulex               40.000     0.98
transformer  1001 final randunits units      8  0.005     0.990    0.056    0.968         0.023          8.708        rulex               40.000     0.98
transformer  1001 final randunits units     16  0.010     0.990    0.055    0.977         0.018          8.671        rulex               40.000     0.98
transformer  1001 final randunits units     32  0.021     0.990    0.056    0.973         0.018          8.668        rulex               40.000     0.98
transformer  1001 final randunits units     64  0.042     0.990    0.057    0.968         0.023          8.607        rulex               40.000     0.98
transformer  1001 final randunits units    128  0.083     0.990    0.054    0.973         0.023          8.310        rulex               40.000     0.98
transformer  1001 final randunits units    256  0.167     0.988    0.057    0.973         0.018          7.880        rulex               40.000     0.98
transformer  1001 final randunits units    512  0.333     0.986    0.069    0.941         0.027          6.708        rulex               40.000     0.98
transformer  1002 final      none     -      0  0.000     0.987    0.056    0.941         0.054          5.553        rulex               40.000     0.94
transformer  1002 final   lowpass    in      0  0.000     0.007   10.370    0.005         0.000          0.066      uniform                0.200     1.00
transformer  1002 final   lowpass    in      1  1.000     0.006   10.294    0.005         0.005          0.097      uniform                0.200     0.50
transformer  1002 final   lowpass    in      2  2.000     0.007   10.476    0.005         0.005          0.167      uniform                0.752     0.50
transformer  1002 final   lowpass    in      3  3.000     0.008   10.519    0.000         0.005          0.192      uniform                0.200     0.00
transformer  1002 final   lowpass    in      4  4.000     0.008   10.553    0.000         0.005          0.306      uniform                0.752     0.00
transformer  1002 final   lowpass    in      6  6.000     0.018    8.586    0.014         0.014         -1.298         rule                0.484     0.50
transformer  1002 final   lowpass    in      8  8.000     0.019    8.605    0.014         0.014         -1.264         rule                0.484     0.50
transformer  1002 final   lowpass    in     12 12.000     0.018    8.797    0.023         0.009         -1.057         rule                0.388     0.88
transformer  1002 final   lowpass    in     16 16.000     0.072    6.299    0.023         0.041         -1.474         rule                0.752     0.34
transformer  1002 final   lowpass    in     24 24.000     0.074    6.420    0.027         0.032         -1.071        rulex                0.938     0.46
transformer  1002 final   lowpass    in     32 32.000     0.232    4.290    0.090         0.122         -1.312        rulex                2.268     0.42
transformer  1002 final   lowpass    in     48 48.000     0.568    1.873    0.230         0.216         -0.025        rulex                3.527     0.52
transformer  1002 final   lowpass    in     74 74.000     0.987    0.056    0.941         0.054          5.553        rulex               40.000     0.94
transformer  1002 final   lowpass   out      0  0.000     0.007    5.004    0.005         0.000          0.000      uniform                0.200     1.00
transformer  1002 final   lowpass   out      1  1.000     0.009    4.986    0.009         0.005          0.144 gcm_circular                1.459     1.00
transformer  1002 final   lowpass   out      2  2.000     0.010    4.946    0.023         0.009          0.256 gcm_circular                1.819     1.00
transformer  1002 final   lowpass   out      3  3.000     0.010    4.942    0.036         0.005          0.420 gcm_circular                1.459     1.00
transformer  1002 final   lowpass   out      4  4.000     0.013    4.878    0.077         0.005          0.539         rule                1.459     1.00
transformer  1002 final   lowpass   out      6  6.000     0.042    4.549    0.108         0.009          0.810        rulex                1.819     1.00
transformer  1002 final   lowpass   out      8  8.000     0.042    4.538    0.117         0.014          1.088        rulex                2.268     1.00
transformer  1002 final   lowpass   out     12 12.000     0.135    3.875    0.230         0.005          1.501        rulex                2.828     1.00
transformer  1002 final   lowpass   out     16 16.000     0.398    2.910    0.369         0.027          1.799        rulex                5.485     0.94
transformer  1002 final   lowpass   out     24 24.000     0.602    2.127    0.577         0.036          2.709        rulex                8.530     0.94
transformer  1002 final   lowpass   out     32 32.000     0.831    1.200    0.784         0.045          3.384        rulex               16.541     0.94
transformer  1002 final   lowpass   out     48 48.000     0.974    0.191    0.923         0.059          4.026        rulex               40.000     0.94
transformer  1002 final   lowpass   out     74 74.000     0.987    0.056    0.941         0.054          5.553        rulex               40.000     0.94
transformer  1002 final   lowpass  both      0  0.000     0.007    5.004    0.005         0.000          0.000      uniform                0.200     1.00
transformer  1002 final   lowpass  both      1  1.000     0.010    5.002    0.009         0.005         -0.005 gcm_circular                1.819     1.00
transformer  1002 final   lowpass  both      2  2.000     0.007    5.014    0.000         0.005          0.002   gcm_linear                1.459     0.00
transformer  1002 final   lowpass  both      3  3.000     0.007    5.023    0.005         0.014          0.009  gcm_hamming                0.200     0.00
transformer  1002 final   lowpass  both      4  4.000     0.008    5.055    0.009         0.009          0.001  gcm_hamming                0.200     0.50
transformer  1002 final   lowpass  both      6  6.000     0.021    4.577    0.000         0.018         -1.962         rule                0.200     0.00
transformer  1002 final   lowpass  both      8  8.000     0.021    4.577    0.014         0.009         -1.927         rule                0.200     0.68
transformer  1002 final   lowpass  both     12 12.000     0.022    4.641    0.009         0.018         -1.888         rule                0.311     0.20
transformer  1002 final   lowpass  both     16 16.000     0.108    3.480    0.027         0.095         -3.280         rule                0.938     0.18
transformer  1002 final   lowpass  both     24 24.000     0.091    3.672    0.023         0.054         -2.871         rule                0.938     0.26
transformer  1002 final   lowpass  both     32 32.000     0.280    2.459    0.018         0.185         -3.464         rule                2.828     0.08
transformer  1002 final   lowpass  both     48 48.000     0.657    1.107    0.131         0.293         -2.289        rulex                4.398     0.30
transformer  1002 final   lowpass  both     74 74.000     0.987    0.056    0.941         0.054          5.553        rulex               40.000     0.94
transformer  1002 final      etop    in      0  0.000     0.987    0.056    0.941         0.054          5.553        rulex               40.000     0.94
transformer  1002 final      etop    in      1  0.050     0.790    0.711    0.694         0.086          3.827        rulex               25.722     0.90
transformer  1002 final      etop    in      1  0.100     0.790    0.711    0.694         0.086          3.827        rulex               25.722     0.90
transformer  1002 final      etop    in      2  0.200     0.655    1.307    0.536         0.113          2.704        rulex               10.637     0.82
transformer  1002 final      etop    in      3  0.300     0.464    2.446    0.315         0.104          1.431        rulex                6.840     0.76
transformer  1002 final      etop    in      4  0.400     0.282    4.015    0.176         0.059          0.500        rulex                0.938     0.76
transformer  1002 final      etop    in      5  0.500     0.149    5.409    0.108         0.027         -0.169        rulex                0.484     0.82
transformer  1002 final      etop    in      6  0.600     0.080    6.840    0.081         0.009          0.433        rulex                0.200     0.98
transformer  1002 final      etop    in      7  0.700     0.035    9.431    0.045         0.009          0.858        rulex                0.200     0.96
transformer  1002 final      etop    in     11  0.800     0.009   11.988    0.014         0.000          2.369      uniform                0.484     1.00
transformer  1002 final      etop    in     26  0.900     0.007   11.576    0.005         0.000          1.710      uniform                0.603     1.00
transformer  1002 final      etop    in     47  0.950     0.007   11.386    0.005         0.000          1.058      uniform                0.752     1.00
transformer  1002 final      etop    in     74  1.000     0.007   10.370    0.005         0.000          0.066      uniform                0.200     1.00
transformer  1002 final      etop   out      0  0.000     0.987    0.056    0.941         0.054          5.553        rulex               40.000     0.94
transformer  1002 final      etop   out      1  0.050     0.986    0.067    0.950         0.045          5.795        rulex               40.000     0.96
transformer  1002 final      etop   out      2  0.100     0.983    0.082    0.955         0.041          6.187        rulex               40.000     0.96
transformer  1002 final      etop   out      4  0.200     0.973    0.138    0.973         0.023          6.719        rulex               40.000     0.98
transformer  1002 final      etop   out      7  0.300     0.939    0.302    0.977         0.014          6.810        rulex               25.722     0.98
transformer  1002 final      etop   out     10  0.400     0.854    0.623    0.977         0.005          6.925        rulex               13.264     1.00
transformer  1002 final      etop   out     14  0.500     0.695    1.205    0.977         0.005          6.782        rulex                6.840     1.00
transformer  1002 final      etop   out     20  0.600     0.403    2.296    0.955         0.000          6.406        rulex                3.527     1.00
transformer  1002 final      etop   out     26  0.700     0.164    3.380    0.946         0.000          5.932        rulex                2.268     1.00
transformer  1002 final      etop   out     35  0.800     0.031    4.525    0.887         0.000          5.000        rulex                1.170     1.00
transformer  1002 final      etop   out     52  0.900     0.013    4.963    0.739         0.000          2.850  gcm_hamming                0.200     1.00
transformer  1002 final      etop   out     62  0.950     0.006    5.004    0.423         0.005          1.398        rulex                0.200     1.00
transformer  1002 final      etop   out     74  1.000     0.007    5.004    0.005         0.000          0.000      uniform                0.200     1.00
transformer  1002 final      etop  both      0  0.000     0.987    0.056    0.941         0.054          5.553        rulex               40.000     0.94
transformer  1002 final      etop  both      1  0.050     0.764    0.840    0.694         0.054          4.411        rulex               16.541     0.92
transformer  1002 final      etop  both      1  0.100     0.737    0.990    0.748         0.036          5.181        rulex               16.541     0.96
transformer  1002 final      etop  both      2  0.200     0.625    1.378    0.631         0.054          3.548        rulex                6.840     0.92
transformer  1002 final      etop  both      3  0.300     0.278    3.412    0.482         0.018          3.867        rulex                3.527     0.98
transformer  1002 final      etop  both      4  0.400     0.063    5.725    0.297         0.000          4.366        rulex                0.200     1.00
transformer  1002 final      etop  both      5  0.500     0.021    5.914    0.158         0.000          2.925        rulex                0.200     1.00
transformer  1002 final      etop  both      6  0.600     0.005    5.917    0.099         0.000          2.404  gcm_hamming                0.200     1.00
transformer  1002 final      etop  both      7  0.700     0.007    5.781    0.063         0.005          1.382      uniform                0.200     1.00
transformer  1002 final      etop  both     11  0.800     0.007    5.519    0.027         0.000          0.655      uniform                0.200     1.00
transformer  1002 final      etop  both     26  0.900     0.008    5.235    0.009         0.000          0.228      uniform                0.200     1.00
transformer  1002 final      etop  both     47  0.950     0.007    5.125    0.014         0.000          0.123      uniform                0.200     1.00
transformer  1002 final      etop  both     74  1.000     0.007    5.004    0.005         0.000          0.000      uniform                0.200     1.00
transformer  1002 final   ebottom    in      0  0.000     0.987    0.056    0.941         0.054          5.553        rulex               40.000     0.94
transformer  1002 final   ebottom    in     28  0.050     0.988    0.046    0.928         0.072          4.784        rulex               40.000     0.92
transformer  1002 final   ebottom    in     49  0.100     0.991    0.033    0.865         0.135          3.764        rulex               40.000     0.86
transformer  1002 final   ebottom    in     64  0.200     0.994    0.019    0.730         0.270          2.050        rulex               40.000     0.72
transformer  1002 final   ebottom    in     68  0.300     0.983    0.066    0.423         0.523         -0.643        rulex               40.000     0.44
transformer  1002 final   ebottom    in     69  0.400     0.952    0.166    0.311         0.554         -1.490        rulex               25.722     0.36
transformer  1002 final   ebottom    in     70  0.500     0.810    0.601    0.167         0.482         -2.596        rulex               10.637     0.26
transformer  1002 final   ebottom    in     71  0.600     0.461    1.717    0.081         0.297         -2.766        rulex                4.398     0.20
transformer  1002 final   ebottom    in     72  0.700     0.205    3.159    0.045         0.149         -2.957        rulex                3.527     0.22
transformer  1002 final   ebottom    in     73  0.800     0.047    5.940    0.014         0.027         -1.750         rule                0.200     0.26
transformer  1002 final   ebottom    in     74  0.900     0.007   10.370    0.005         0.000          0.066      uniform                0.200     1.00
transformer  1002 final   ebottom    in     74  0.950     0.007   10.370    0.005         0.000          0.066      uniform                0.200     1.00
transformer  1002 final   ebottom    in     74  1.000     0.007   10.370    0.005         0.000          0.066      uniform                0.200     1.00
transformer  1002 final   ebottom   out      0  0.000     0.987    0.056    0.941         0.054          5.553        rulex               40.000     0.94
transformer  1002 final   ebottom   out     13  0.050     0.990    0.041    0.901         0.099          4.021        rulex               40.000     0.90
transformer  1002 final   ebottom   out     23  0.100     0.991    0.031    0.784         0.216          2.569        rulex               40.000     0.78
transformer  1002 final   ebottom   out     40  0.200     0.994    0.019    0.536         0.464          0.396        rulex               40.000     0.54
transformer  1002 final   ebottom   out     49  0.300     0.995    0.018    0.414         0.563         -0.489        rulex               40.000     0.42
transformer  1002 final   ebottom   out     55  0.400     0.996    0.024    0.347         0.622         -0.925        rulex               40.000     0.36
transformer  1002 final   ebottom   out     61  0.500     0.996    0.070    0.243         0.635         -1.270        rulex               40.000     0.28
transformer  1002 final   ebottom   out     65  0.600     0.992    0.214    0.194         0.599         -1.469        rulex               40.000     0.24
transformer  1002 final   ebottom   out     68  0.700     0.960    0.812    0.108         0.419         -1.064        rulex               25.722     0.20
transformer  1002 final   ebottom   out     71  0.800     0.539    2.413    0.032         0.153         -0.765        rulex                5.485     0.16
transformer  1002 final   ebottom   out     73  0.900     0.045    4.088    0.018         0.018         -0.242         rule                0.200     0.50
transformer  1002 final   ebottom   out     74  0.950     0.007    5.004    0.005         0.000          0.000      uniform                0.200     1.00
transformer  1002 final   ebottom   out     74  1.000     0.007    5.004    0.005         0.000          0.000      uniform                0.200     1.00
transformer  1002 final   ebottom  both      0  0.000     0.987    0.056    0.941         0.054          5.553        rulex               40.000     0.94
transformer  1002 final   ebottom  both     28  0.050     0.991    0.033    0.842         0.158          3.274        rulex               40.000     0.84
transformer  1002 final   ebottom  both     49  0.100     0.995    0.016    0.608         0.392          0.882        rulex               40.000     0.60
transformer  1002 final   ebottom  both     64  0.200     0.999    0.007    0.198         0.797         -2.516        rulex               40.000     0.20
transformer  1002 final   ebottom  both     68  0.300     0.984    0.089    0.050         0.833         -4.558        rulex               40.000     0.06
transformer  1002 final   ebottom  both     69  0.400     0.938    0.302    0.032         0.721         -4.732        rulex               20.627     0.04
transformer  1002 final   ebottom  both     70  0.500     0.738    0.973    0.005         0.545         -4.996         rule                6.840     0.00
transformer  1002 final   ebottom  both     71  0.600     0.279    2.483    0.018         0.149         -3.475         rule                2.828     0.10
transformer  1002 final   ebottom  both     72  0.700     0.118    3.302    0.009         0.081         -3.281         rule                2.268     0.06
transformer  1002 final   ebottom  both     73  0.800     0.044    4.145    0.000         0.041         -2.614         rule                0.200     0.00
transformer  1002 final   ebottom  both     74  0.900     0.007    5.513    0.005         0.032          0.094      uniform                0.200     0.00
transformer  1002 final   ebottom  both     74  0.950     0.007    5.004    0.005         0.000          0.000      uniform                0.200     1.00
transformer  1002 final   ebottom  both     74  1.000     0.007    5.004    0.005         0.000          0.000      uniform                0.200     1.00
transformer  1002 final     erand    in      0  0.000     0.987    0.056    0.941         0.054          5.553        rulex               40.000     0.94
transformer  1002 final     erand    in     12  0.050     0.793    0.697    0.667         0.095          3.410        rulex               20.627     0.88
transformer  1002 final     erand    in     12  0.100     0.793    0.697    0.667         0.095          3.410        rulex               20.627     0.88
transformer  1002 final     erand    in     16  0.200     0.774    0.752    0.590         0.135          2.489        rulex               20.627     0.82
transformer  1002 final     erand    in     26  0.300     0.640    1.403    0.324         0.216          0.465        rulex               13.264     0.60
transformer  1002 final     erand    in     29  0.400     0.561    1.837    0.297         0.198          0.152        rulex                8.530     0.60
transformer  1002 final     erand    in     46  0.500     0.678    1.011    0.266         0.243         -0.972        rulex               10.637     0.52
transformer  1002 final     erand    in     52  0.600     0.229    2.765    0.068         0.081         -1.921        rulex                0.200     0.46
transformer  1002 final     erand    in     56  0.700     0.156    3.678    0.054         0.045         -1.739        rulex                0.200     0.54
transformer  1002 final     erand    in     65  0.800     0.041    6.028    0.027         0.018         -1.745        rulex                0.200     0.64
transformer  1002 final     erand    in     73  0.900     0.007   11.360    0.000         0.000          0.102      uniform                0.200     0.00
transformer  1002 final     erand    in     73  0.950     0.007   11.360    0.000         0.000          0.102      uniform                0.200     0.00
transformer  1002 final     erand    in     74  1.000     0.007   10.370    0.005         0.000          0.066      uniform                0.200     1.00
transformer  1002 final     erand    in      0  0.000     0.987    0.056    0.941         0.054          5.553        rulex               40.000     0.94
transformer  1002 final     erand    in     14  0.050     0.989    0.042    0.905         0.095          4.620        rulex               40.000     0.90
transformer  1002 final     erand    in     28  0.100     0.962    0.121    0.685         0.243          2.337        rulex               32.076     0.74
transformer  1002 final     erand    in     30  0.200     0.921    0.242    0.586         0.261          1.754        rulex               20.627     0.70
transformer  1002 final     erand    in     37  0.300     0.914    0.255    0.446         0.387          0.241        rulex               20.627     0.54
transformer  1002 final     erand    in     57  0.400     0.620    1.525    0.167         0.378         -1.884        rulex                6.840     0.30
transformer  1002 final     erand    in     57  0.500     0.620    1.525    0.167         0.378         -1.884        rulex                6.840     0.30
transformer  1002 final     erand    in     64  0.600     0.405    1.990    0.068         0.162         -3.131        rulex                3.527     0.28
transformer  1002 final     erand    in     67  0.700     0.145    3.670    0.027         0.059         -3.123        rulex                0.200     0.30
transformer  1002 final     erand    in     67  0.800     0.145    3.670    0.027         0.059         -3.123        rulex                0.200     0.30
transformer  1002 final     erand    in     68  0.900     0.033    6.068    0.009         0.023         -2.776         rule                0.200     0.20
transformer  1002 final     erand    in     74  0.950     0.007   10.370    0.005         0.000          0.066      uniform                0.200     1.00
transformer  1002 final     erand    in     74  1.000     0.007   10.370    0.005         0.000          0.066      uniform                0.200     1.00
transformer  1002 final     erand    in      0  0.000     0.987    0.056    0.941         0.054          5.553        rulex               40.000     0.94
transformer  1002 final     erand    in      4  0.050     0.983    0.071    0.901         0.095          4.691        rulex               40.000     0.90
transformer  1002 final     erand    in     12  0.100     0.984    0.065    0.869         0.117          4.297        rulex               40.000     0.88
transformer  1002 final     erand    in     22  0.200     0.989    0.044    0.730         0.248          1.956        rulex               40.000     0.74
transformer  1002 final     erand    in     28  0.300     0.968    0.120    0.500         0.401          0.564        rulex               40.000     0.56
transformer  1002 final     erand    in     29  0.400     0.823    0.561    0.234         0.356         -0.828        rulex               13.264     0.40
transformer  1002 final     erand    in     42  0.500     0.524    1.581    0.126         0.212         -1.516        rulex                5.485     0.38
transformer  1002 final     erand    in     53  0.600     0.157    3.845    0.041         0.045         -1.864        rulex                4.398     0.48
transformer  1002 final     erand    in     53  0.700     0.157    3.845    0.041         0.045         -1.864        rulex                4.398     0.48
transformer  1002 final     erand    in     55  0.800     0.036    6.632    0.036         0.018         -0.820        rulex                0.484     0.74
transformer  1002 final     erand    in     70  0.900     0.006   10.935    0.000         0.000         -0.081      uniform                0.311     0.00
transformer  1002 final     erand    in     70  0.950     0.006   10.935    0.000         0.000         -0.081      uniform                0.311     0.00
transformer  1002 final     erand    in     74  1.000     0.007   10.370    0.005         0.000          0.066      uniform                0.200     1.00
transformer  1002 final     erand   out      0  0.000     0.987    0.056    0.941         0.054          5.553        rulex               40.000     0.94
transformer  1002 final     erand   out      7  0.050     0.988    0.050    0.923         0.077          4.739        rulex               40.000     0.92
transformer  1002 final     erand   out     11  0.100     0.988    0.047    0.910         0.090          4.357        rulex               40.000     0.90
transformer  1002 final     erand   out     16  0.200     0.986    0.059    0.910         0.090          4.043        rulex               40.000     0.90
transformer  1002 final     erand   out     24  0.300     0.984    0.083    0.860         0.135          3.127        rulex               40.000     0.86
transformer  1002 final     erand   out     29  0.400     0.971    0.207    0.856         0.131          3.339        rulex               40.000     0.86
transformer  1002 final     erand   out     37  0.500     0.967    0.311    0.779         0.153          2.459        rulex               40.000     0.84
transformer  1002 final     erand   out     49  0.600     0.951    0.533    0.586         0.198          1.084        rulex               32.076     0.74
transformer  1002 final     erand   out     54  0.700     0.694    1.536    0.523         0.108          1.167        rulex                6.840     0.84
transformer  1002 final     erand   out     61  0.800     0.609    2.356    0.378         0.104          0.659        rulex                5.485     0.78
transformer  1002 final     erand   out     66  0.900     0.152    3.859    0.216         0.018          0.396        rulex                0.200     0.96
transformer  1002 final     erand   out     73  0.950     0.008    4.985    0.014         0.000          0.090      uniform                0.249     1.00
transformer  1002 final     erand   out     74  1.000     0.007    5.004    0.005         0.000          0.000      uniform                0.200     1.00
transformer  1002 final     erand   out      0  0.000     0.987    0.056    0.941         0.054          5.553        rulex               40.000     0.94
transformer  1002 final     erand   out      8  0.050     0.988    0.047    0.928         0.072          4.544        rulex               40.000     0.92
transformer  1002 final     erand   out     15  0.100     0.990    0.040    0.887         0.113          3.726        rulex               40.000     0.88
transformer  1002 final     erand   out     26  0.200     0.991    0.034    0.806         0.194          2.572        rulex               40.000     0.80
transformer  1002 final     erand   out     30  0.300     0.987    0.065    0.869         0.122          3.112        rulex               40.000     0.88
transformer  1002 final     erand   out     35  0.400     0.981    0.137    0.847         0.131          2.749        rulex               40.000     0.86
transformer  1002 final     erand   out     44  0.500     0.976    0.247    0.734         0.180          1.760        rulex               40.000     0.80
transformer  1002 final     erand   out     54  0.600     0.960    0.544    0.505         0.261          0.619        rulex               32.076     0.66
transformer  1002 final     erand   out     59  0.700     0.900    1.154    0.306         0.216          0.295        rulex               16.541     0.58
transformer  1002 final     erand   out     65  0.800     0.574    2.225    0.171         0.108         -0.160        rulex                6.840     0.62
transformer  1002 final     erand   out     69  0.900     0.180    3.632    0.131         0.032          0.148        rulex                2.268     0.82
transformer  1002 final     erand   out     74  0.950     0.007    5.004    0.005         0.000          0.000      uniform                0.200     1.00
transformer  1002 final     erand   out     74  1.000     0.007    5.004    0.005         0.000          0.000      uniform                0.200     1.00
transformer  1002 final     erand   out      0  0.000     0.987    0.056    0.941         0.054          5.553        rulex               40.000     0.94
transformer  1002 final     erand   out      4  0.050     0.986    0.062    0.932         0.063          5.533        rulex               40.000     0.94
transformer  1002 final     erand   out      8  0.100     0.985    0.061    0.923         0.077          5.105        rulex               40.000     0.92
transformer  1002 final     erand   out     17  0.200     0.986    0.062    0.892         0.104          4.121        rulex               40.000     0.90
transformer  1002 final     erand   out     22  0.300     0.984    0.084    0.892         0.108          3.538        rulex               40.000     0.90
transformer  1002 final     erand   out     25  0.400     0.971    0.209    0.901         0.081          3.680        rulex               40.000     0.92
transformer  1002 final     erand   out     31  0.500     0.952    0.408    0.887         0.072          3.215        rulex               32.076     0.92
transformer  1002 final     erand   out     42  0.600     0.865    1.027    0.775         0.059          2.404        rulex               13.264     0.94
transformer  1002 final     erand   out     50  0.700     0.793    1.470    0.617         0.095          1.455        rulex               10.637     0.86
transformer  1002 final     erand   out     55  0.800     0.435    2.846    0.541         0.027          1.581        rulex                3.527     0.96
transformer  1002 final     erand   out     69  0.900     0.265    3.536    0.108         0.027          0.009        rulex                2.828     0.82
transformer  1002 final     erand   out     70  0.950     0.079    4.427    0.122         0.032          0.400        rulex                0.249     0.84
transformer  1002 final     erand   out     74  1.000     0.007    5.004    0.005         0.000          0.000      uniform                0.200     1.00
transformer  1002 final     erand  both      0  0.000     0.987    0.056    0.941         0.054          5.553        rulex               40.000     0.94
transformer  1002 final     erand  both     12  0.050     0.778    0.776    0.685         0.077          3.808        rulex               16.541     0.90
transformer  1002 final     erand  both     12  0.100     0.788    0.719    0.685         0.068          3.337        rulex               16.541     0.92
transformer  1002 final     erand  both     16  0.200     0.737    0.900    0.595         0.113          2.327        rulex               10.637     0.84
transformer  1002 final     erand  both     26  0.300     0.501    2.090    0.423         0.104          1.956        rulex                5.485     0.80
transformer  1002 final     erand  both     29  0.400     0.370    2.755    0.297         0.104          0.983        rulex                3.527     0.74
transformer  1002 final     erand  both     46  0.500     0.277    2.923    0.311         0.068          1.073        rulex                2.828     0.84
transformer  1002 final     erand  both     52  0.600     0.118    3.576    0.072         0.081         -0.382        rulex                0.200     0.46
transformer  1002 final     erand  both     56  0.700     0.099    3.679    0.050         0.081         -1.935        rulex                0.200     0.36
transformer  1002 final     erand  both     65  0.800     0.004    5.398    0.009         0.000          0.442      uniform                0.311     1.00
transformer  1002 final     erand  both     73  0.900     0.007    5.465    0.005         0.005         -0.192  gcm_hamming                0.200     0.50
transformer  1002 final     erand  both     73  0.950     0.008    5.163    0.009         0.009         -0.024      uniform                0.200     0.50
transformer  1002 final     erand  both     74  1.000     0.007    5.004    0.005         0.000          0.000      uniform                0.200     1.00
transformer  1002 final     erand  both      0  0.000     0.987    0.056    0.941         0.054          5.553        rulex               40.000     0.94
transformer  1002 final     erand  both     14  0.050     0.989    0.045    0.914         0.086          4.596        rulex               40.000     0.92
transformer  1002 final     erand  both     28  0.100     0.927    0.242    0.725         0.153          3.060        rulex               20.627     0.82
transformer  1002 final     erand  both     30  0.200     0.776    0.770    0.725         0.104          3.331        rulex               10.637     0.88
transformer  1002 final     erand  both     37  0.300     0.800    0.674    0.568         0.203          1.380        rulex               10.637     0.74
transformer  1002 final     erand  both     57  0.400     0.544    1.719    0.158         0.320         -1.658        rulex                6.840     0.32
transformer  1002 final     erand  both     57  0.500     0.431    2.276    0.207         0.239         -0.557        rulex                5.485     0.46
transformer  1002 final     erand  both     64  0.600     0.090    3.833    0.099         0.027         -0.663        rulex                1.170     0.82
transformer  1002 final     erand  both     67  0.700     0.039    4.144    0.018         0.032         -2.286         rule                0.200     0.32
transformer  1002 final     erand  both     67  0.800     0.039    4.042    0.018         0.018         -2.404         rule                0.200     0.50
transformer  1002 final     erand  both     68  0.900     0.006    5.101    0.005         0.009          0.021      uniform                0.200     0.00
transformer  1002 final     erand  both     74  0.950     0.007    5.160    0.009         0.023         -0.061      uniform                0.200     0.00
transformer  1002 final     erand  both     74  1.000     0.007    5.004    0.005         0.000          0.000      uniform                0.200     1.00
transformer  1002 final     erand  both      0  0.000     0.987    0.056    0.941         0.054          5.553        rulex               40.000     0.94
transformer  1002 final     erand  both      4  0.050     0.982    0.074    0.878         0.108          4.290        rulex               40.000     0.90
transformer  1002 final     erand  both     12  0.100     0.978    0.094    0.883         0.104          4.471        rulex               40.000     0.90
transformer  1002 final     erand  both     22  0.200     0.971    0.126    0.779         0.171          2.218        rulex               40.000     0.82
transformer  1002 final     erand  both     28  0.300     0.877    0.516    0.572         0.230          1.377        rulex               16.541     0.72
transformer  1002 final     erand  both     29  0.400     0.679    1.171    0.176         0.329         -1.117        rulex                6.840     0.34
transformer  1002 final     erand  both     42  0.500     0.241    2.995    0.135         0.041          0.066        rulex                2.828     0.78
transformer  1002 final     erand  both     53  0.600     0.027    5.088    0.054         0.009          0.932        rulex                0.200     1.00
transformer  1002 final     erand  both     53  0.700     0.014    5.143    0.068         0.005          0.676         rule                0.200     1.00
transformer  1002 final     erand  both     55  0.800     0.004    5.550    0.032         0.000          0.448      uniform                0.484     1.00
transformer  1002 final     erand  both     70  0.900     0.008    5.342    0.009         0.005         -0.079      uniform                0.200     1.00
transformer  1002 final     erand  both     70  0.950     0.007    5.122    0.005         0.014         -0.052      uniform                0.311     0.00
transformer  1002 final     erand  both     74  1.000     0.007    5.004    0.005         0.000          0.000      uniform                0.200     1.00
transformer  1002 final      topk    in     26  0.000     0.987    0.056    0.941         0.054          5.553        rulex               40.000     0.94
transformer  1002 final      topk    in     26  0.250     0.985    0.067    0.950         0.045          6.127        rulex               40.000     0.96
transformer  1002 final      topk    in     26  0.500     0.978    0.105    0.968         0.027          6.949        rulex               40.000     0.98
transformer  1002 final      topk    in     26  0.750     0.576    1.955    0.752         0.009          6.943        rulex                5.485     1.00
transformer  1002 final      topk    in     26  1.000     0.007   11.576    0.005         0.000          1.710      uniform                0.603     1.00
transformer  1002 final      topk   out     52  0.000     0.987    0.056    0.941         0.054          5.553        rulex               40.000     0.94
transformer  1002 final      topk   out     52  0.250     0.986    0.061    0.955         0.041          4.877        rulex               40.000     0.96
transformer  1002 final      topk   out     52  0.500     0.983    0.134    0.977         0.018          4.201        rulex               40.000     0.98
transformer  1002 final      topk   out     52  0.750     0.945    1.141    0.991         0.005          3.526        rulex               25.722     1.00
transformer  1002 final      topk   out     52  1.000     0.013    4.963    0.739         0.000          2.850  gcm_hamming                0.200     1.00
transformer  1002 final      topk  both     26  0.000     0.987    0.056    0.941         0.054          5.553        rulex               40.000     0.94
transformer  1002 final      topk  both     26  0.250     0.983    0.081    0.986         0.009          6.091        rulex               40.000     0.98
transformer  1002 final      topk  both     26  0.500     0.960    0.240    0.991         0.005          6.448        rulex               32.076     0.98
transformer  1002 final      topk  both     26  0.750     0.359    2.766    0.865         0.000          5.394        rulex                3.527     1.00
transformer  1002 final      topk  both     26  1.000     0.009    5.851    0.018         0.000          0.421      uniform                0.200     1.00
transformer  1002 final     randk    in     26  0.000     0.987    0.056    0.941         0.054          5.553        rulex               40.000     0.94
transformer  1002 final     randk    in     26  0.250     0.988    0.052    0.928         0.068          5.333        rulex               40.000     0.94
transformer  1002 final     randk    in     26  0.500     0.988    0.048    0.928         0.072          5.095        rulex               40.000     0.92
transformer  1002 final     randk    in     26  0.750     0.989    0.045    0.923         0.077          4.839        rulex               40.000     0.92
transformer  1002 final     randk    in     26  1.000     0.989    0.042    0.905         0.095          4.565        rulex               40.000     0.90
transformer  1002 final     randk    in     26  0.000     0.987    0.056    0.941         0.054          5.553        rulex               40.000     0.94
transformer  1002 final     randk    in     26  0.250     0.987    0.053    0.937         0.059          5.378        rulex               40.000     0.94
transformer  1002 final     randk    in     26  0.500     0.988    0.050    0.928         0.068          5.186        rulex               40.000     0.94
transformer  1002 final     randk    in     26  0.750     0.988    0.047    0.919         0.081          4.978        rulex               40.000     0.92
transformer  1002 final     randk    in     26  1.000     0.989    0.045    0.914         0.086          4.754        rulex               40.000     0.92
transformer  1002 final     randk    in     26  0.000     0.987    0.056    0.941         0.054          5.553        rulex               40.000     0.94
transformer  1002 final     randk    in     26  0.250     0.987    0.052    0.928         0.068          5.337        rulex               40.000     0.94
transformer  1002 final     randk    in     26  0.500     0.988    0.048    0.932         0.068          5.104        rulex               40.000     0.94
transformer  1002 final     randk    in     26  0.750     0.989    0.045    0.928         0.072          4.853        rulex               40.000     0.92
transformer  1002 final     randk    in     26  1.000     0.989    0.043    0.914         0.086          4.585        rulex               40.000     0.92
transformer  1002 final     randk   out     22  0.000     0.987    0.056    0.941         0.054          5.553        rulex               40.000     0.94
transformer  1002 final     randk   out     22  0.250     0.988    0.048    0.932         0.068          4.840        rulex               40.000     0.94
transformer  1002 final     randk   out     22  0.500     0.989    0.042    0.905         0.095          4.127        rulex               40.000     0.90
transformer  1002 final     randk   out     22  0.750     0.991    0.037    0.865         0.135          3.415        rulex               40.000     0.86
transformer  1002 final     randk   out     22  1.000     0.991    0.032    0.788         0.212          2.702        rulex               40.000     0.78
transformer  1002 final     randk   out     22  0.000     0.987    0.056    0.941         0.054          5.553        rulex               40.000     0.94
transformer  1002 final     randk   out     22  0.250     0.988    0.048    0.932         0.068          4.840        rulex               40.000     0.94
transformer  1002 final     randk   out     22  0.500     0.989    0.042    0.905         0.095          4.127        rulex               40.000     0.90
transformer  1002 final     randk   out     22  0.750     0.991    0.037    0.865         0.135          3.415        rulex               40.000     0.86
transformer  1002 final     randk   out     22  1.000     0.991    0.032    0.788         0.212          2.702        rulex               40.000     0.78
transformer  1002 final     randk   out     22  0.000     0.987    0.056    0.941         0.054          5.553        rulex               40.000     0.94
transformer  1002 final     randk   out     22  0.250     0.988    0.048    0.932         0.068          4.840        rulex               40.000     0.94
transformer  1002 final     randk   out     22  0.500     0.989    0.042    0.905         0.095          4.127        rulex               40.000     0.90
transformer  1002 final     randk   out     22  0.750     0.991    0.037    0.865         0.135          3.415        rulex               40.000     0.86
transformer  1002 final     randk   out     22  1.000     0.991    0.032    0.788         0.212          2.702        rulex               40.000     0.78
transformer  1002 final     randk  both     26  0.000     0.987    0.056    0.941         0.054          5.553        rulex               40.000     0.94
transformer  1002 final     randk  both     26  0.250     0.989    0.044    0.919         0.077          4.494        rulex               40.000     0.92
transformer  1002 final     randk  both     26  0.500     0.991    0.034    0.869         0.131          3.427        rulex               40.000     0.86
transformer  1002 final     randk  both     26  0.750     0.992    0.026    0.775         0.225          2.355        rulex               40.000     0.78
transformer  1002 final     randk  both     26  1.000     0.994    0.020    0.653         0.347          1.284        rulex               40.000     0.66
transformer  1002 final     randk  both     26  0.000     0.987    0.056    0.941         0.054          5.553        rulex               40.000     0.94
transformer  1002 final     randk  both     26  0.250     0.988    0.045    0.914         0.081          4.585        rulex               40.000     0.92
transformer  1002 final     randk  both     26  0.500     0.990    0.036    0.869         0.126          3.612        rulex               40.000     0.88
transformer  1002 final     randk  both     26  0.750     0.991    0.029    0.811         0.185          2.637        rulex               40.000     0.82
transformer  1002 final     randk  both     26  1.000     0.993    0.024    0.703         0.293          1.665        rulex               40.000     0.70
transformer  1002 final     randk  both     26  0.000     0.987    0.056    0.941         0.054          5.553        rulex               40.000     0.94
transformer  1002 final     randk  both     26  0.250     0.988    0.044    0.919         0.077          4.558        rulex               40.000     0.92
transformer  1002 final     randk  both     26  0.500     0.990    0.035    0.865         0.131          3.560        rulex               40.000     0.86
transformer  1002 final     randk  both     26  0.750     0.992    0.028    0.811         0.185          2.564        rulex               40.000     0.82
transformer  1002 final     randk  both     26  1.000     0.993    0.023    0.703         0.293          1.575        rulex               40.000     0.70
transformer  1002 final  residual    in     48  0.000     0.987    0.056    0.941         0.054          5.553        rulex               40.000     0.94
transformer  1002 final  residual    in     48  0.250     0.988    0.049    0.932         0.068          5.172        rulex               40.000     0.94
transformer  1002 final  residual    in     48  0.500     0.989    0.043    0.919         0.081          4.754        rulex               40.000     0.92
transformer  1002 final  residual    in     48  0.750     0.990    0.038    0.905         0.095          4.300        rulex               40.000     0.90
transformer  1002 final  residual    in     48  1.000     0.991    0.034    0.874         0.126          3.812        rulex               40.000     0.88
transformer  1002 final  residual   out     22  0.000     0.987    0.056    0.941         0.054          5.553        rulex               40.000     0.94
transformer  1002 final  residual   out     22  0.250     0.988    0.048    0.932         0.068          4.840        rulex               40.000     0.94
transformer  1002 final  residual   out     22  0.500     0.989    0.042    0.905         0.095          4.127        rulex               40.000     0.90
transformer  1002 final  residual   out     22  0.750     0.991    0.037    0.865         0.135          3.415        rulex               40.000     0.86
transformer  1002 final  residual   out     22  1.000     0.991    0.032    0.788         0.212          2.702        rulex               40.000     0.78
transformer  1002 final  residual  both     48  0.000     0.987    0.056    0.941         0.054          5.553        rulex               40.000     0.94
transformer  1002 final  residual  both     48  0.250     0.991    0.036    0.869         0.126          3.706        rulex               40.000     0.88
transformer  1002 final  residual  both     48  0.500     0.994    0.021    0.739         0.261          1.865        rulex               40.000     0.74
transformer  1002 final  residual  both     48  0.750     0.996    0.013    0.495         0.505          0.046        rulex               40.000     0.50
transformer  1002 final  residual  both     48  1.000     0.998    0.009    0.275         0.721         -1.736        rulex               40.000     0.28
transformer  1002 final   neurons units      0  0.000     0.987    0.056    0.941         0.054          5.553        rulex               40.000     0.94
transformer  1002 final   neurons units      1  0.001     0.987    0.056    0.941         0.054          5.513        rulex               40.000     0.94
transformer  1002 final   neurons units      2  0.001     0.987    0.055    0.932         0.063          5.462        rulex               40.000     0.94
transformer  1002 final   neurons units      4  0.003     0.988    0.054    0.932         0.063          5.391        rulex               40.000     0.94
transformer  1002 final   neurons units      8  0.005     0.988    0.053    0.932         0.063          5.278        rulex               40.000     0.94
transformer  1002 final   neurons units     16  0.010     0.988    0.051    0.919         0.077          5.074        rulex               40.000     0.92
transformer  1002 final   neurons units     32  0.021     0.988    0.048    0.901         0.095          4.699        rulex               40.000     0.90
transformer  1002 final   neurons units     64  0.042     0.989    0.044    0.874         0.122          4.054        rulex               40.000     0.88
transformer  1002 final   neurons units    128  0.083     0.990    0.038    0.806         0.189          2.994        rulex               40.000     0.80
transformer  1002 final   neurons units    256  0.167     0.993    0.029    0.635         0.356          1.325        rulex               40.000     0.64
transformer  1002 final   neurons units    512  0.333     0.994    0.024    0.383         0.595         -0.945        rulex               40.000     0.40
transformer  1002 final randunits units      0  0.000     0.987    0.056    0.941         0.054          5.553        rulex               40.000     0.94
transformer  1002 final randunits units      1  0.001     0.987    0.055    0.941         0.054          5.547        rulex               40.000     0.94
transformer  1002 final randunits units      2  0.001     0.987    0.056    0.941         0.054          5.546        rulex               40.000     0.94
transformer  1002 final randunits units      4  0.003     0.987    0.056    0.941         0.054          5.524        rulex               40.000     0.94
transformer  1002 final randunits units      8  0.005     0.987    0.056    0.941         0.054          5.581        rulex               40.000     0.94
transformer  1002 final randunits units     16  0.010     0.987    0.055    0.937         0.059          5.501        rulex               40.000     0.94
transformer  1002 final randunits units     32  0.021     0.987    0.055    0.937         0.059          5.503        rulex               40.000     0.94
transformer  1002 final randunits units     64  0.042     0.987    0.056    0.941         0.059          5.530        rulex               40.000     0.94
transformer  1002 final randunits units    128  0.083     0.987    0.057    0.950         0.050          5.528        rulex               40.000     0.94
transformer  1002 final randunits units    256  0.167     0.985    0.066    0.941         0.054          5.708        rulex               40.000     0.94
transformer  1002 final randunits units    512  0.333     0.978    0.094    0.946         0.041          5.553        rulex               40.000     0.96
transformer  1002 final randunits units      0  0.000     0.987    0.056    0.941         0.054          5.553        rulex               40.000     0.94
transformer  1002 final randunits units      1  0.001     0.987    0.055    0.941         0.054          5.532        rulex               40.000     0.94
transformer  1002 final randunits units      2  0.001     0.987    0.055    0.941         0.054          5.543        rulex               40.000     0.94
transformer  1002 final randunits units      4  0.003     0.987    0.056    0.941         0.054          5.546        rulex               40.000     0.94
transformer  1002 final randunits units      8  0.005     0.987    0.056    0.946         0.050          5.600        rulex               40.000     0.94
transformer  1002 final randunits units     16  0.010     0.987    0.055    0.941         0.054          5.542        rulex               40.000     0.94
transformer  1002 final randunits units     32  0.021     0.987    0.056    0.937         0.059          5.526        rulex               40.000     0.94
transformer  1002 final randunits units     64  0.042     0.987    0.056    0.941         0.054          5.579        rulex               40.000     0.94
transformer  1002 final randunits units    128  0.083     0.987    0.058    0.946         0.050          5.641        rulex               40.000     0.94
transformer  1002 final randunits units    256  0.167     0.985    0.067    0.950         0.050          5.838        rulex               40.000     0.94
transformer  1002 final randunits units    512  0.333     0.979    0.090    0.941         0.059          5.427        rulex               40.000     0.94
transformer  1002 final randunits units      0  0.000     0.987    0.056    0.941         0.054          5.553        rulex               40.000     0.94
transformer  1002 final randunits units      1  0.001     0.987    0.056    0.941         0.054          5.561        rulex               40.000     0.94
transformer  1002 final randunits units      2  0.001     0.987    0.056    0.941         0.054          5.562        rulex               40.000     0.94
transformer  1002 final randunits units      4  0.003     0.987    0.056    0.941         0.054          5.560        rulex               40.000     0.94
transformer  1002 final randunits units      8  0.005     0.987    0.056    0.932         0.063          5.551        rulex               40.000     0.94
transformer  1002 final randunits units     16  0.010     0.987    0.055    0.932         0.063          5.520        rulex               40.000     0.94
transformer  1002 final randunits units     32  0.021     0.987    0.056    0.937         0.059          5.590        rulex               40.000     0.94
transformer  1002 final randunits units     64  0.042     0.986    0.059    0.937         0.059          5.624        rulex               40.000     0.94
transformer  1002 final randunits units    128  0.083     0.986    0.060    0.964         0.036          5.539        rulex               40.000     0.96
transformer  1002 final randunits units    256  0.167     0.985    0.065    0.928         0.068          5.664        rulex               40.000     0.94
transformer  1002 final randunits units    512  0.333     0.982    0.083    0.950         0.045          5.320        rulex               40.000     0.96
transformer  1000 final      none     -      0  0.000     0.989    0.050    0.905         0.090          5.162        rulex               40.000     0.90
transformer  1000 final   lowpass    in      0  0.000     0.007   10.237    0.018         0.005          0.241   gcm_linear                0.200     1.00
transformer  1000 final   lowpass    in      1  1.000     0.007   10.324    0.023         0.005          0.129      uniform                0.752     1.00
transformer  1000 final   lowpass    in      2  2.000     0.009   10.541    0.018         0.014          0.309   gcm_linear                1.819     1.00
transformer  1000 final   lowpass    in      3  3.000     0.008   10.842    0.018         0.014          0.383 gcm_circular                1.459     1.00
transformer  1000 final   lowpass    in      4  4.000     0.007   10.920    0.014         0.000          0.552 gcm_circular                1.170     1.00
transformer  1000 final   lowpass    in      6  6.000     0.029    4.885    0.023         0.009         -2.659         rule                0.752     0.88
transformer  1000 final   lowpass    in      8  8.000     0.029    4.877    0.014         0.014         -2.615         rule                0.603     0.50
transformer  1000 final   lowpass    in     12 12.000     0.138    3.127    0.027         0.059         -3.767        rulex                0.200     0.30
transformer  1000 final   lowpass    in     16 16.000     0.618    1.020    0.059         0.284         -3.246        rulex               40.000     0.16
transformer  1000 final   lowpass    in     24 24.000     0.617    1.030    0.068         0.257         -2.831        rulex               40.000     0.20
transformer  1000 final   lowpass    in     32 32.000     0.872    0.392    0.189         0.410         -1.572        rulex               40.000     0.32
transformer  1000 final   lowpass    in     48 48.000     0.983    0.071    0.707         0.257          2.055        rulex               40.000     0.74
transformer  1000 final   lowpass    in     74 74.000     0.989    0.050    0.905         0.090          5.162        rulex               40.000     0.90
transformer  1000 final   lowpass   out      0  0.000     0.007    5.004    0.000         0.009          0.000      uniform                0.200     0.00
transformer  1000 final   lowpass   out      1  1.000     0.027    4.741    0.027         0.005          0.066 gcm_circular                6.840     1.00
transformer  1000 final   lowpass   out      2  2.000     0.031    4.651    0.054         0.023          0.143 gcm_circular                6.840     0.78
transformer  1000 final   lowpass   out      3  3.000     0.040    4.561    0.072         0.009          0.242 gcm_circular                6.840     1.00
transformer  1000 final   lowpass   out      4  4.000     0.038    4.565    0.086         0.018          0.331 gcm_circular                6.840     0.96
transformer  1000 final   lowpass   out      6  6.000     0.131    3.896    0.086         0.045          0.264 gcm_circular                6.840     0.68
transformer  1000 final   lowpass   out      8  8.000     0.147    3.831    0.099         0.041          0.466 gcm_circular                6.840     0.72
transformer  1000 final   lowpass   out     12 12.000     0.406    2.827    0.171         0.077          0.470        rulex                8.530     0.70
transformer  1000 final   lowpass   out     16 16.000     0.792    1.260    0.248         0.167          0.195        rulex               40.000     0.60
transformer  1000 final   lowpass   out     24 24.000     0.813    1.076    0.338         0.158          0.959        rulex               40.000     0.68
transformer  1000 final   lowpass   out     32 32.000     0.949    0.481    0.626         0.167          1.719        rulex               40.000     0.78
transformer  1000 final   lowpass   out     48 48.000     0.989    0.065    0.833         0.153          2.786        rulex               40.000     0.84
transformer  1000 final   lowpass   out     74 74.000     0.989    0.050    0.905         0.090          5.162        rulex               40.000     0.90
transformer  1000 final   lowpass  both      0  0.000     0.007    5.004    0.000         0.009          0.000      uniform                0.200     0.00
transformer  1000 final   lowpass  both      1  1.000     0.007    4.998    0.005         0.009         -0.044   gcm_linear                1.819     0.00
transformer  1000 final   lowpass  both      2  2.000     0.009    4.998    0.009         0.009         -0.076   gcm_linear                2.268     0.50
transformer  1000 final   lowpass  both      3  3.000     0.008    5.049    0.000         0.005         -0.063 gcm_circular                1.819     0.00
transformer  1000 final   lowpass  both      4  4.000     0.009    5.048    0.005         0.000         -0.040 gcm_circular                1.459     1.00
transformer  1000 final   lowpass  both      6  6.000     0.029    3.905    0.018         0.027         -3.759         rule                0.200     0.32
transformer  1000 final   lowpass  both      8  8.000     0.034    3.872    0.014         0.036         -3.765         rule                0.200     0.18
transformer  1000 final   lowpass  both     12 12.000     0.281    2.473    0.000         0.270         -5.806         rule                0.752     0.00
transformer  1000 final   lowpass  both     16 16.000     0.892    0.848    0.000         0.811         -6.951         rule               40.000     0.00
transformer  1000 final   lowpass  both     24 24.000     0.881    0.722    0.005         0.824         -6.954         rule               40.000     0.00
transformer  1000 final   lowpass  both     32 32.000     0.982    0.228    0.005         0.914         -6.275         rule               40.000     0.02
transformer  1000 final   lowpass  both     48 48.000     0.995    0.036    0.329         0.649         -1.291        rulex               40.000     0.34
transformer  1000 final   lowpass  both     74 74.000     0.989    0.050    0.905         0.090          5.162        rulex               40.000     0.90
transformer  1000 final      etop    in      0  0.000     0.989    0.050    0.905         0.090          5.162        rulex               40.000     0.90
transformer  1000 final      etop    in      1  0.050     0.980    0.088    0.802         0.158          3.376        rulex               40.000     0.84
transformer  1000 final      etop    in      1  0.100     0.980    0.088    0.802         0.158          3.376        rulex               40.000     0.84
transformer  1000 final      etop    in      2  0.200     0.915    0.282    0.613         0.203          2.070        rulex               16.541     0.76
transformer  1000 final      etop    in      3  0.300     0.763    0.746    0.374         0.194          0.660        rulex                6.840     0.66
transformer  1000 final      etop    in      4  0.400     0.481    1.821    0.221         0.167         -0.313        rulex                2.828     0.58
transformer  1000 final      etop    in      5  0.500     0.265    3.188    0.149         0.104         -0.681        rulex                1.170     0.60
transformer  1000 final      etop    in      6  0.600     0.117    4.014    0.095         0.041         -0.805        rulex                1.459     0.72
transformer  1000 final      etop    in      7  0.700     0.038    5.777    0.077         0.014         -0.341        rulex                0.200     0.98
transformer  1000 final      etop    in      8  0.800     0.008   10.659    0.050         0.005          2.695  gcm_hamming                0.388     1.00
transformer  1000 final      etop    in     26  0.900     0.006   10.935    0.032         0.009          1.622  gcm_hamming                0.200     1.00
transformer  1000 final      etop    in     47  0.950     0.006   11.089    0.014         0.000          1.300  gcm_hamming                0.200     1.00
transformer  1000 final      etop    in     74  1.000     0.007   10.237    0.018         0.005          0.241   gcm_linear                0.200     1.00
transformer  1000 final      etop   out      0  0.000     0.989    0.050    0.905         0.090          5.162        rulex               40.000     0.90
transformer  1000 final      etop   out      1  0.050     0.985    0.077    0.923         0.072          5.467        rulex               40.000     0.92
transformer  1000 final      etop   out      2  0.100     0.981    0.111    0.941         0.054          5.605        rulex               40.000     0.94
transformer  1000 final      etop   out      3  0.200     0.962    0.229    0.964         0.032          5.919        rulex               40.000     0.96
transformer  1000 final      etop   out      4  0.300     0.937    0.397    0.977         0.018          6.281        rulex               25.722     0.98
transformer  1000 final      etop   out      6  0.400     0.814    1.068    0.968         0.018          6.700        rulex               16.541     0.98
transformer  1000 final      etop   out      7  0.500     0.708    1.560    0.977         0.009          6.795        rulex               10.637     1.00
transformer  1000 final      etop   out     10  0.600     0.520    2.318    0.977         0.009          6.857        rulex                5.485     1.00
transformer  1000 final      etop   out     19  0.700     0.323    3.144    0.950         0.009          5.770        rulex                3.527     1.00
transformer  1000 final      etop   out     30  0.800     0.104    4.143    0.914         0.009          4.503        rulex                1.819     1.00
transformer  1000 final      etop   out     45  0.900     0.022    4.880    0.802         0.000          2.816  gcm_hamming                1.170     1.00
transformer  1000 final      etop   out     56  0.950     0.008    5.080    0.572         0.000          1.716  gcm_hamming                0.249     1.00
transformer  1000 final      etop   out     74  1.000     0.007    5.004    0.000         0.009          0.000      uniform                0.200     0.00
transformer  1000 final      etop  both      0  0.000     0.989    0.050    0.905         0.090          5.162        rulex               40.000     0.90
transformer  1000 final      etop  both      1  0.050     0.967    0.172    0.851         0.090          4.054        rulex               40.000     0.90
transformer  1000 final      etop  both      1  0.100     0.980    0.117    0.833         0.140          3.051        rulex               40.000     0.86
transformer  1000 final      etop  both      2  0.200     0.797    0.791    0.761         0.099          3.419        rulex                8.530     0.88
transformer  1000 final      etop  both      3  0.300     0.807    0.746    0.432         0.243          0.353        rulex                8.530     0.64
transformer  1000 final      etop  both      4  0.400     0.422    2.086    0.369         0.122          0.667        rulex                2.828     0.76
transformer  1000 final      etop  both      5  0.500     0.134    3.521    0.275         0.050          1.066        rulex                0.752     0.88
transformer  1000 final      etop  both      6  0.600     0.018    5.095    0.221         0.000          2.170        rulex                0.200     1.00
transformer  1000 final      etop  both      7  0.700     0.008    5.364    0.104         0.000          1.486  gcm_hamming                0.200     1.00
transformer  1000 final      etop  both      8  0.800     0.008    5.363    0.054         0.005          1.007  gcm_hamming                0.200     1.00
transformer  1000 final      etop  both     26  0.900     0.007    5.195    0.027         0.014          0.398  gcm_hamming                0.484     1.00
transformer  1000 final      etop  both     47  0.950     0.008    5.102    0.009         0.000          0.141      uniform                0.200     1.00
transformer  1000 final      etop  both     74  1.000     0.007    5.004    0.000         0.009          0.000      uniform                0.200     0.00
transformer  1000 final   ebottom    in      0  0.000     0.989    0.050    0.905         0.090          5.162        rulex               40.000     0.90
transformer  1000 final   ebottom    in     28  0.050     0.990    0.041    0.878         0.117          4.397        rulex               40.000     0.88
transformer  1000 final   ebottom    in     49  0.100     0.992    0.033    0.851         0.144          3.570        rulex               40.000     0.86
transformer  1000 final   ebottom    in     67  0.200     0.996    0.022    0.505         0.491         -0.044        rulex               40.000     0.50
transformer  1000 final   ebottom    in     68  0.300     0.985    0.070    0.324         0.617         -1.662        rulex               40.000     0.34
transformer  1000 final   ebottom    in     69  0.400     0.894    0.317    0.149         0.563         -3.063        rulex               32.076     0.20
transformer  1000 final   ebottom    in     70  0.500     0.593    1.034    0.045         0.302         -4.172        rulex               16.541     0.12
transformer  1000 final   ebottom    in     71  0.600     0.450    1.614    0.050         0.261         -4.836        rulex                8.530     0.16
transformer  1000 final   ebottom    in     72  0.700     0.160    3.122    0.014         0.131         -4.606 gcm_circular                8.530     0.06
transformer  1000 final   ebottom    in     73  0.800     0.030    5.487    0.032         0.027         -3.063         rule                0.200     0.56
transformer  1000 final   ebottom    in     74  0.900     0.007   10.237    0.018         0.005          0.241   gcm_linear                0.200     1.00
transformer  1000 final   ebottom    in     74  0.950     0.007   10.237    0.018         0.005          0.241   gcm_linear                0.200     1.00
transformer  1000 final   ebottom    in     74  1.000     0.007   10.237    0.018         0.005          0.241   gcm_linear                0.200     1.00
transformer  1000 final   ebottom   out      0  0.000     0.989    0.050    0.905         0.090          5.162        rulex               40.000     0.90
transformer  1000 final   ebottom   out     19  0.050     0.992    0.034    0.847         0.149          3.348        rulex               40.000     0.86
transformer  1000 final   ebottom   out     30  0.100     0.993    0.027    0.757         0.239          2.192        rulex               40.000     0.76
transformer  1000 final   ebottom   out     45  0.200     0.995    0.021    0.563         0.423          0.544        rulex               40.000     0.58
transformer  1000 final   ebottom   out     56  0.300     0.997    0.026    0.378         0.595         -0.700        rulex               40.000     0.38
transformer  1000 final   ebottom   out     65  0.400     0.997    0.047    0.198         0.671         -1.788        rulex               40.000     0.22
transformer  1000 final   ebottom   out     68  0.500     0.987    0.231    0.158         0.554         -1.538        rulex               40.000     0.22
transformer  1000 final   ebottom   out     69  0.600     0.950    0.616    0.122         0.392         -1.399        rulex               32.076     0.24
transformer  1000 final   ebottom   out     71  0.700     0.640    2.017    0.045         0.113         -0.757        rulex                6.840     0.28
transformer  1000 final   ebottom   out     72  0.800     0.275    2.958    0.023         0.027         -0.444        rulex                5.485     0.46
transformer  1000 final   ebottom   out     73  0.900     0.050    3.937    0.005         0.005         -0.306 gcm_circular                5.485     0.50
transformer  1000 final   ebottom   out     74  0.950     0.007    5.004    0.000         0.009          0.000      uniform                0.200     0.00
transformer  1000 final   ebottom   out     74  1.000     0.007    5.004    0.000         0.009          0.000      uniform                0.200     0.00
transformer  1000 final   ebottom  both      0  0.000     0.989    0.050    0.905         0.090          5.162        rulex               40.000     0.90
transformer  1000 final   ebottom  both     28  0.050     0.993    0.027    0.793         0.203          2.602        rulex               40.000     0.80
transformer  1000 final   ebottom  both     49  0.100     0.996    0.016    0.617         0.374          0.706        rulex               40.000     0.62
transformer  1000 final   ebottom  both     67  0.200     0.999    0.019    0.099         0.878         -3.494        rulex               40.000     0.10
transformer  1000 final   ebottom  both     68  0.300     0.984    0.134    0.036         0.833         -4.906        rulex               40.000     0.04
transformer  1000 final   ebottom  both     69  0.400     0.857    0.550    0.018         0.613         -6.005        rulex               25.722     0.02
transformer  1000 final   ebottom  both     70  0.500     0.590    1.164    0.005         0.423         -6.618         rule               16.541     0.00
transformer  1000 final   ebottom  both     71  0.600     0.541    1.647    0.000         0.396         -6.470         rule                8.530     0.00
transformer  1000 final   ebottom  both     72  0.700     0.058    3.985    0.014         0.027         -2.340         rule                0.200     0.30
transformer  1000 final   ebottom  both     73  0.800     0.031    3.958    0.014         0.032         -4.040         rule                0.200     0.22
transformer  1000 final   ebottom  both     74  0.900     0.007    6.519    0.005         0.005         -0.068      uniform                0.200     0.50
transformer  1000 final   ebottom  both     74  0.950     0.007    5.004    0.000         0.009          0.000      uniform                0.200     0.00
transformer  1000 final   ebottom  both     74  1.000     0.007    5.004    0.000         0.009          0.000      uniform                0.200     0.00
transformer  1000 final     erand    in      0  0.000     0.989    0.050    0.905         0.090          5.162        rulex               40.000     0.90
transformer  1000 final     erand    in     15  0.050     0.990    0.041    0.896         0.099          4.350        rulex               40.000     0.90
transformer  1000 final     erand    in     16  0.100     0.990    0.041    0.779         0.207          2.707        rulex               40.000     0.78
transformer  1000 final     erand    in     19  0.200     0.926    0.228    0.550         0.266          0.919        rulex               40.000     0.68
transformer  1000 final     erand    in     20  0.300     0.797    0.594    0.288         0.284         -0.402        rulex               25.722     0.50
transformer  1000 final     erand    in     35  0.400     0.810    0.561    0.239         0.351         -1.271        rulex               25.722     0.40
transformer  1000 final     erand    in     43  0.500     0.692    0.989    0.104         0.342         -2.676        rulex               16.541     0.24
transformer  1000 final     erand    in     49  0.600     0.372    2.478    0.059         0.198         -2.763        rulex                0.938     0.22
transformer  1000 final     erand    in     51  0.700     0.151    3.821    0.027         0.068         -2.851        rulex                0.752     0.26
transformer  1000 final     erand    in     55  0.800     0.044    5.634    0.027         0.036         -1.905         rule                0.200     0.40
transformer  1000 final     erand    in     72  0.900     0.008   10.892    0.014         0.009          0.336   gcm_linear                0.311     1.00
transformer  1000 final     erand    in     72  0.950     0.008   10.892    0.014         0.009          0.336   gcm_linear                0.311     1.00
transformer  1000 final     erand    in     74  1.000     0.007   10.237    0.018         0.005          0.241   gcm_linear                0.200     1.00
transformer  1000 final     erand    in      0  0.000     0.989    0.050    0.905         0.090          5.162        rulex               40.000     0.90
transformer  1000 final     erand    in      1  0.050     0.983    0.074    0.806         0.158          3.535        rulex               40.000     0.84
transformer  1000 final     erand    in      1  0.100     0.983    0.074    0.806         0.158          3.535        rulex               40.000     0.84
transformer  1000 final     erand    in     12  0.200     0.942    0.210    0.617         0.261          1.658        rulex               32.076     0.70
transformer  1000 final     erand    in     14  0.300     0.694    0.892    0.266         0.248          0.115        rulex               10.637     0.52
transformer  1000 final     erand    in     16  0.400     0.592    1.305    0.185         0.203         -0.859        rulex                8.530     0.48
transformer  1000 final     erand    in     26  0.500     0.307    2.687    0.113         0.153         -1.414        rulex                0.200     0.42
transformer  1000 final     erand    in     34  0.600     0.304    2.664    0.090         0.167         -1.799        rulex                0.200     0.34
transformer  1000 final     erand    in     38  0.700     0.156    3.630    0.095         0.063         -2.295        rulex                0.200     0.60
transformer  1000 final     erand    in     42  0.800     0.040    5.256    0.045         0.023         -1.962        rulex                0.603     0.74
transformer  1000 final     erand    in     65  0.900     0.029    4.909    0.023         0.009         -3.330         rule                0.200     0.88
transformer  1000 final     erand    in     66  0.950     0.005   10.511    0.014         0.009          0.634      uniform                0.200     1.00
transformer  1000 final     erand    in     74  1.000     0.007   10.237    0.018         0.005          0.241   gcm_linear                0.200     1.00
transformer  1000 final     erand    in      0  0.000     0.989    0.050    0.905         0.090          5.162        rulex               40.000     0.90
transformer  1000 final     erand    in      3  0.050     0.972    0.111    0.788         0.140          3.493        rulex               40.000     0.84
transformer  1000 final     erand    in      3  0.100     0.972    0.111    0.788         0.140          3.493        rulex               40.000     0.84
transformer  1000 final     erand    in      8  0.200     0.967    0.145    0.595         0.306          1.569        rulex               32.076     0.66
transformer  1000 final     erand    in     22  0.300     0.914    0.313    0.374         0.383         -0.248        rulex               16.541     0.50
transformer  1000 final     erand    in     27  0.400     0.561    1.291    0.162         0.185         -1.610        rulex                8.530     0.46
transformer  1000 final     erand    in     28  0.500     0.253    2.626    0.077         0.090         -1.797        rulex                1.819     0.46
transformer  1000 final     erand    in     31  0.600     0.123    3.912    0.077         0.050         -1.819        rulex                0.200     0.62
transformer  1000 final     erand    in     32  0.700     0.123    3.850    0.072         0.045         -2.136        rulex                0.200     0.62
transformer  1000 final     erand    in     57  0.800     0.032    4.913    0.036         0.018         -2.983         rule                0.200     0.74
transformer  1000 final     erand    in     65  0.900     0.027    4.890    0.023         0.009         -3.396         rule                0.200     0.88
transformer  1000 final     erand    in     73  0.950     0.007   10.078    0.027         0.018          0.208   gcm_linear                0.200     1.00
transformer  1000 final     erand    in     74  1.000     0.007   10.237    0.018         0.005          0.241   gcm_linear                0.200     1.00
transformer  1000 final     erand   out      0  0.000     0.989    0.050    0.905         0.090          5.162        rulex               40.000     0.90
transformer  1000 final     erand   out      6  0.050     0.990    0.047    0.878         0.117          4.560        rulex               40.000     0.88
transformer  1000 final     erand   out     13  0.100     0.991    0.043    0.865         0.131          3.896        rulex               40.000     0.86
transformer  1000 final     erand   out     19  0.200     0.980    0.131    0.896         0.086          3.897        rulex               40.000     0.92
transformer  1000 final     erand   out     20  0.300     0.965    0.253    0.901         0.072          4.176        rulex               40.000     0.92
transformer  1000 final     erand   out     31  0.400     0.968    0.295    0.833         0.090          2.987        rulex               40.000     0.90
transformer  1000 final     erand   out     43  0.500     0.935    0.726    0.640         0.104          1.800        rulex               32.076     0.86
transformer  1000 final     erand   out     49  0.600     0.781    1.591    0.586         0.054          1.631        rulex                8.530     0.92
transformer  1000 final     erand   out     51  0.700     0.493    2.599    0.577         0.018          1.848        rulex                4.398     0.98
transformer  1000 final     erand   out     55  0.800     0.262    3.438    0.509         0.009          1.663        rulex                2.268     1.00
transformer  1000 final     erand   out     71  0.900     0.056    3.985    0.054         0.009          0.050        rulex                0.200     0.94
transformer  1000 final     erand   out     72  0.950     0.008    4.964    0.054         0.005          0.188  gcm_hamming                0.311     1.00
transformer  1000 final     erand   out     74  1.000     0.007    5.004    0.000         0.009          0.000      uniform                0.200     0.00
transformer  1000 final     erand   out      0  0.000     0.989    0.050    0.905         0.090          5.162        rulex               40.000     0.90
transformer  1000 final     erand   out      1  0.050     0.986    0.067    0.923         0.072          5.441        rulex               40.000     0.92
transformer  1000 final     erand   out      6  0.100     0.987    0.061    0.896         0.099          4.790        rulex               40.000     0.90
transformer  1000 final     erand   out     13  0.200     0.984    0.098    0.892         0.104          4.337        rulex               40.000     0.90
transformer  1000 final     erand   out     16  0.300     0.949    0.373    0.919         0.059          4.691        rulex               32.076     0.94
transformer  1000 final     erand   out     20  0.400     0.950    0.403    0.896         0.072          4.281        rulex               32.076     0.92
transformer  1000 final     erand   out     26  0.500     0.896    0.856    0.914         0.036          4.178        rulex               20.627     0.96
transformer  1000 final     erand   out     38  0.600     0.827    1.381    0.860         0.032          3.379        rulex               13.264     0.96
transformer  1000 final     erand   out     42  0.700     0.604    2.394    0.878         0.023          3.338        rulex                8.530     0.98
transformer  1000 final     erand   out     55  0.800     0.445    3.068    0.631         0.032          1.912        rulex                5.485     0.96
transformer  1000 final     erand   out     66  0.900     0.100    4.511    0.351         0.018          0.848        rulex                2.268     1.00
transformer  1000 final     erand   out     68  0.950     0.114    4.502    0.293         0.027          0.654        rulex                2.268     0.96
transformer  1000 final     erand   out     74  1.000     0.007    5.004    0.000         0.009          0.000      uniform                0.200     0.00
transformer  1000 final     erand   out      0  0.000     0.989    0.050    0.905         0.090          5.162        rulex               40.000     0.90
transformer  1000 final     erand   out      3  0.050     0.986    0.072    0.923         0.072          5.234        rulex               40.000     0.92
transformer  1000 final     erand   out      5  0.100     0.986    0.070    0.923         0.072          5.007        rulex               40.000     0.92
transformer  1000 final     erand   out     10  0.200     0.981    0.114    0.923         0.059          4.925        rulex               40.000     0.94
transformer  1000 final     erand   out     22  0.300     0.976    0.186    0.901         0.068          4.078        rulex               40.000     0.92
transformer  1000 final     erand   out     27  0.400     0.934    0.490    0.919         0.032          4.003        rulex               32.076     0.96
transformer  1000 final     erand   out     28  0.500     0.886    0.816    0.941         0.027          4.141        rulex               16.541     0.98
transformer  1000 final     erand   out     33  0.600     0.813    1.384    0.896         0.027          3.822        rulex               13.264     0.98
transformer  1000 final     erand   out     47  0.700     0.718    1.970    0.712         0.023          2.290        rulex               10.637     0.98
transformer  1000 final     erand   out     57  0.800     0.322    3.363    0.536         0.014          1.523        rulex                5.485     0.98
transformer  1000 final     erand   out     67  0.900     0.110    3.989    0.140         0.014          0.533        rulex                1.819     0.96
transformer  1000 final     erand   out     73  0.950     0.006    5.008    0.009         0.005          0.108      uniform                0.388     1.00
transformer  1000 final     erand   out     74  1.000     0.007    5.004    0.000         0.009          0.000      uniform                0.200     0.00
transformer  1000 final     erand  both      0  0.000     0.989    0.050    0.905         0.090          5.162        rulex               40.000     0.90
transformer  1000 final     erand  both     15  0.050     0.989    0.055    0.892         0.104          4.351        rulex               40.000     0.90
transformer  1000 final     erand  both     16  0.100     0.987    0.065    0.788         0.203          2.884        rulex               40.000     0.80
transformer  1000 final     erand  both     19  0.200     0.925    0.288    0.410         0.342          0.052        rulex               32.076     0.54
transformer  1000 final     erand  both     20  0.300     0.637    1.250    0.243         0.212         -0.067        rulex               16.541     0.54
transformer  1000 final     erand  both     35  0.400     0.661    1.270    0.144         0.311         -1.117        rulex               16.541     0.32
transformer  1000 final     erand  both     43  0.500     0.186    3.597    0.171         0.072          0.172        rulex                2.828     0.72
transformer  1000 final     erand  both     49  0.600     0.097    4.057    0.054         0.041         -1.226        rulex                0.603     0.58
transformer  1000 final     erand  both     51  0.700     0.013    5.431    0.041         0.005          0.813         rule                0.200     1.00
transformer  1000 final     erand  both     55  0.800     0.007    5.241    0.009         0.005          0.331      uniform                0.249     1.00
transformer  1000 final     erand  both     72  0.900     0.008    5.053    0.009         0.005         -0.024  gcm_hamming                0.200     1.00
transformer  1000 final     erand  both     72  0.950     0.008    5.053    0.009         0.005         -0.024  gcm_hamming                0.200     1.00
transformer  1000 final     erand  both     74  1.000     0.007    5.004    0.000         0.009          0.000      uniform                0.200     0.00
transformer  1000 final     erand  both      0  0.000     0.989    0.050    0.905         0.090          5.162        rulex               40.000     0.90
transformer  1000 final     erand  both      1  0.050     0.984    0.073    0.748         0.216          2.545        rulex               40.000     0.78
transformer  1000 final     erand  both      1  0.100     0.977    0.135    0.734         0.203          2.682        rulex               40.000     0.78
transformer  1000 final     erand  both     12  0.200     0.916    0.362    0.595         0.239          1.063        rulex               20.627     0.72
transformer  1000 final     erand  both     14  0.300     0.557    1.675    0.365         0.113          1.280        rulex                6.840     0.76
transformer  1000 final     erand  both     16  0.400     0.305    2.681    0.189         0.095          0.281        rulex                4.398     0.68
transformer  1000 final     erand  both     26  0.500     0.084    4.039    0.099         0.018          0.491        rulex                0.200     0.90
transformer  1000 final     erand  both     34  0.600     0.084    3.966    0.068         0.041         -0.309        rulex                0.200     0.64
transformer  1000 final     erand  both     38  0.700     0.086    3.916    0.023         0.063         -2.078         rule                0.938     0.22
transformer  1000 final     erand  both     42  0.800     0.010    5.400    0.023         0.018          0.311  gcm_hamming                0.249     1.00
transformer  1000 final     erand  both     65  0.900     0.009    5.079    0.009         0.005          0.117      uniform                0.249     1.00
transformer  1000 final     erand  both     66  0.950     0.007    5.004    0.000         0.009          0.000      uniform                0.200     0.00
transformer  1000 final     erand  both     74  1.000     0.007    5.004    0.000         0.009          0.000      uniform                0.200     0.00
transformer  1000 final     erand  both      0  0.000     0.989    0.050    0.905         0.090          5.162        rulex               40.000     0.90
transformer  1000 final     erand  both      3  0.050     0.959    0.178    0.860         0.095          4.233        rulex               25.722     0.90
transformer  1000 final     erand  both      3  0.100     0.965    0.159    0.829         0.117          3.683        rulex               40.000     0.88
transformer  1000 final     erand  both      8  0.200     0.968    0.177    0.518         0.356          0.717        rulex               32.076     0.60
transformer  1000 final     erand  both     22  0.300     0.922    0.391    0.266         0.514         -1.427        rulex               20.627     0.34
transformer  1000 final     erand  both     27  0.400     0.528    1.363    0.122         0.248         -2.486        rulex               10.637     0.32
transformer  1000 final     erand  both     28  0.500     0.142    3.392    0.149         0.077         -0.035        rulex                1.459     0.68
transformer  1000 final     erand  both     31  0.600     0.030    5.409    0.158         0.018          1.710        rulex                0.484     1.00
transformer  1000 final     erand  both     32  0.700     0.015    5.408    0.144         0.009          1.614  gcm_hamming                0.249     1.00
transformer  1000 final     erand  both     57  0.800     0.006    5.281    0.032         0.005          0.504      uniform                0.388     1.00
transformer  1000 final     erand  both     65  0.900     0.005    5.076    0.014         0.005          0.131      uniform                0.200     1.00
transformer  1000 final     erand  both     73  0.950     0.006    5.162    0.000         0.005         -0.011      uniform                0.200     0.00
transformer  1000 final     erand  both     74  1.000     0.007    5.004    0.000         0.009          0.000      uniform                0.200     0.00
transformer  1000 final      topk    in     26  0.000     0.989    0.050    0.905         0.090          5.162        rulex               40.000     0.90
transformer  1000 final      topk    in     26  0.250     0.988    0.057    0.910         0.086          5.607        rulex               40.000     0.92
transformer  1000 final      topk    in     26  0.500     0.986    0.077    0.937         0.059          6.355        rulex               40.000     0.94
transformer  1000 final      topk    in     26  0.750     0.889    0.420    0.892         0.054          7.388        rulex               20.627     0.94
transformer  1000 final      topk    in     26  1.000     0.006   10.935    0.032         0.009          1.622  gcm_hamming                0.200     1.00
transformer  1000 final      topk   out     45  0.000     0.989    0.050    0.905         0.090          5.162        rulex               40.000     0.90
transformer  1000 final      topk   out     45  0.250     0.988    0.065    0.937         0.059          4.575        rulex               40.000     0.94
transformer  1000 final      topk   out     45  0.500     0.984    0.197    0.959         0.036          3.989        rulex               40.000     0.96
transformer  1000 final      topk   out     45  0.750     0.958    1.361    0.973         0.018          3.403        rulex               40.000     0.98
transformer  1000 final      topk   out     45  1.000     0.022    4.880    0.802         0.000          2.816  gcm_hamming                1.170     1.00
transformer  1000 final      topk  both     26  0.000     0.989    0.050    0.905         0.090          5.162        rulex               40.000     0.90
transformer  1000 final      topk  both     26  0.250     0.985    0.078    0.959         0.036          5.455        rulex               40.000     0.96
transformer  1000 final      topk  both     26  0.500     0.975    0.246    0.977         0.018          5.690        rulex               40.000     0.98
transformer  1000 final      topk  both     26  0.750     0.694    1.850    0.959         0.009          5.419        rulex                8.530     1.00
transformer  1000 final      topk  both     26  1.000     0.007    5.509    0.027         0.009          0.731      uniform                0.200     1.00
transformer  1000 final     randk    in     26  0.000     0.989    0.050    0.905         0.090          5.162        rulex               40.000     0.90
transformer  1000 final     randk    in     26  0.250     0.990    0.048    0.905         0.090          4.989        rulex               40.000     0.90
transformer  1000 final     randk    in     26  0.500     0.990    0.045    0.905         0.090          4.809        rulex               40.000     0.90
transformer  1000 final     randk    in     26  0.750     0.991    0.043    0.896         0.099          4.620        rulex               40.000     0.90
transformer  1000 final     randk    in     26  1.000     0.991    0.041    0.892         0.104          4.424        rulex               40.000     0.90
transformer  1000 final     randk    in     26  0.000     0.989    0.050    0.905         0.090          5.162        rulex               40.000     0.90
transformer  1000 final     randk    in     26  0.250     0.989    0.048    0.905         0.090          4.958        rulex               40.000     0.90
transformer  1000 final     randk    in     26  0.500     0.990    0.045    0.901         0.095          4.746        rulex               40.000     0.90
transformer  1000 final     randk    in     26  0.750     0.990    0.043    0.896         0.099          4.525        rulex               40.000     0.90
transformer  1000 final     randk    in     26  1.000     0.991    0.041    0.887         0.108          4.297        rulex               40.000     0.90
transformer  1000 final     randk    in     26  0.000     0.989    0.050    0.905         0.090          5.162        rulex               40.000     0.90
transformer  1000 final     randk    in     26  0.250     0.990    0.048    0.905         0.090          4.994        rulex               40.000     0.90
transformer  1000 final     randk    in     26  0.500     0.990    0.046    0.905         0.090          4.817        rulex               40.000     0.90
transformer  1000 final     randk    in     26  0.750     0.991    0.044    0.910         0.086          4.633        rulex               40.000     0.92
transformer  1000 final     randk    in     26  1.000     0.991    0.042    0.901         0.095          4.440        rulex               40.000     0.90
transformer  1000 final     randk   out     29  0.000     0.989    0.050    0.905         0.090          5.162        rulex               40.000     0.90
transformer  1000 final     randk   out     29  0.250     0.990    0.043    0.887         0.108          4.457        rulex               40.000     0.90
transformer  1000 final     randk   out     29  0.500     0.991    0.037    0.856         0.140          3.753        rulex               40.000     0.86
transformer  1000 final     randk   out     29  0.750     0.992    0.032    0.820         0.176          3.049        rulex               40.000     0.82
transformer  1000 final     randk   out     29  1.000     0.993    0.028    0.775         0.221          2.345        rulex               40.000     0.78
transformer  1000 final     randk   out     29  0.000     0.989    0.050    0.905         0.090          5.162        rulex               40.000     0.90
transformer  1000 final     randk   out     29  0.250     0.990    0.043    0.887         0.108          4.457        rulex               40.000     0.90
transformer  1000 final     randk   out     29  0.500     0.991    0.037    0.856         0.140          3.753        rulex               40.000     0.86
transformer  1000 final     randk   out     29  0.750     0.992    0.032    0.820         0.176          3.049        rulex               40.000     0.82
transformer  1000 final     randk   out     29  1.000     0.993    0.028    0.775         0.221          2.345        rulex               40.000     0.78
transformer  1000 final     randk   out     29  0.000     0.989    0.050    0.905         0.090          5.162        rulex               40.000     0.90
transformer  1000 final     randk   out     29  0.250     0.990    0.043    0.887         0.108          4.457        rulex               40.000     0.90
transformer  1000 final     randk   out     29  0.500     0.991    0.037    0.856         0.140          3.753        rulex               40.000     0.86
transformer  1000 final     randk   out     29  0.750     0.992    0.032    0.820         0.176          3.049        rulex               40.000     0.82
transformer  1000 final     randk   out     29  1.000     0.993    0.028    0.775         0.221          2.345        rulex               40.000     0.78
transformer  1000 final     randk  both     26  0.000     0.989    0.050    0.905         0.090          5.162        rulex               40.000     0.90
transformer  1000 final     randk  both     26  0.250     0.990    0.042    0.887         0.108          4.318        rulex               40.000     0.90
transformer  1000 final     randk  both     26  0.500     0.992    0.034    0.851         0.144          3.473        rulex               40.000     0.86
transformer  1000 final     randk  both     26  0.750     0.993    0.029    0.815         0.180          2.629        rulex               40.000     0.82
transformer  1000 final     randk  both     26  1.000     0.995    0.025    0.730         0.266          1.788        rulex               40.000     0.74
transformer  1000 final     randk  both     26  0.000     0.989    0.050    0.905         0.090          5.162        rulex               40.000     0.90
transformer  1000 final     randk  both     26  0.250     0.990    0.041    0.887         0.108          4.291        rulex               40.000     0.90
transformer  1000 final     randk  both     26  0.500     0.992    0.033    0.851         0.144          3.421        rulex               40.000     0.86
transformer  1000 final     randk  both     26  0.750     0.993    0.027    0.797         0.198          2.555        rulex               40.000     0.80
transformer  1000 final     randk  both     26  1.000     0.994    0.023    0.734         0.261          1.694        rulex               40.000     0.74
transformer  1000 final     randk  both     26  0.000     0.989    0.050    0.905         0.090          5.162        rulex               40.000     0.90
transformer  1000 final     randk  both     26  0.250     0.990    0.042    0.887         0.108          4.331        rulex               40.000     0.90
transformer  1000 final     randk  both     26  0.500     0.992    0.035    0.860         0.135          3.498        rulex               40.000     0.86
transformer  1000 final     randk  both     26  0.750     0.993    0.029    0.775         0.221          2.667        rulex               40.000     0.78
transformer  1000 final     randk  both     26  1.000     0.994    0.025    0.730         0.266          1.838        rulex               40.000     0.74
transformer  1000 final  residual    in     48  0.000     0.989    0.050    0.905         0.090          5.162        rulex               40.000     0.90
transformer  1000 final  residual    in     48  0.250     0.990    0.045    0.905         0.090          4.808        rulex               40.000     0.90
transformer  1000 final  residual    in     48  0.500     0.991    0.041    0.901         0.095          4.431        rulex               40.000     0.90
transformer  1000 final  residual    in     48  0.750     0.992    0.037    0.887         0.108          4.033        rulex               40.000     0.90
transformer  1000 final  residual    in     48  1.000     0.992    0.033    0.869         0.126          3.616        rulex               40.000     0.88
transformer  1000 final  residual   out     29  0.000     0.989    0.050    0.905         0.090          5.162        rulex               40.000     0.90
transformer  1000 final  residual   out     29  0.250     0.990    0.043    0.887         0.108          4.457        rulex               40.000     0.90
transformer  1000 final  residual   out     29  0.500     0.991    0.037    0.856         0.140          3.753        rulex               40.000     0.86
transformer  1000 final  residual   out     29  0.750     0.992    0.032    0.820         0.176          3.049        rulex               40.000     0.82
transformer  1000 final  residual   out     29  1.000     0.993    0.028    0.775         0.221          2.345        rulex               40.000     0.78
transformer  1000 final  residual  both     48  0.000     0.989    0.050    0.905         0.090          5.162        rulex               40.000     0.90
transformer  1000 final  residual  both     48  0.250     0.992    0.035    0.856         0.140          3.581        rulex               40.000     0.86
transformer  1000 final  residual  both     48  0.500     0.994    0.023    0.761         0.234          2.006        rulex               40.000     0.76
transformer  1000 final  residual  both     48  0.750     0.996    0.017    0.577         0.414          0.447        rulex               40.000     0.58
transformer  1000 final  residual  both     48  1.000     0.998    0.014    0.320         0.667         -1.084        rulex               40.000     0.32
transformer  1000 final   neurons units      0  0.000     0.989    0.050    0.905         0.090          5.162        rulex               40.000     0.90
transformer  1000 final   neurons units      1  0.001     0.989    0.050    0.905         0.090          5.120        rulex               40.000     0.90
transformer  1000 final   neurons units      2  0.001     0.989    0.050    0.905         0.090          5.087        rulex               40.000     0.90
transformer  1000 final   neurons units      4  0.003     0.989    0.049    0.901         0.095          5.019        rulex               40.000     0.90
transformer  1000 final   neurons units      8  0.005     0.989    0.048    0.905         0.090          4.903        rulex               40.000     0.90
transformer  1000 final   neurons units     16  0.010     0.990    0.045    0.901         0.095          4.699        rulex               40.000     0.90
transformer  1000 final   neurons units     32  0.021     0.990    0.042    0.869         0.126          4.327        rulex               40.000     0.88
transformer  1000 final   neurons units     64  0.042     0.991    0.037    0.856         0.140          3.701        rulex               40.000     0.86
transformer  1000 final   neurons units    128  0.083     0.992    0.031    0.779         0.221          2.669        rulex               40.000     0.78
transformer  1000 final   neurons units    256  0.167     0.994    0.025    0.649         0.342          1.077        rulex               40.000     0.66
transformer  1000 final   neurons units    512  0.333     0.995    0.031    0.405         0.550         -1.074        rulex               40.000     0.42
transformer  1000 final randunits units      0  0.000     0.989    0.050    0.905         0.090          5.162        rulex               40.000     0.90
transformer  1000 final randunits units      1  0.001     0.989    0.050    0.910         0.086          5.156        rulex               40.000     0.92
transformer  1000 final randunits units      2  0.001     0.989    0.050    0.905         0.090          5.155        rulex               40.000     0.90
transformer  1000 final randunits units      4  0.003     0.989    0.050    0.901         0.095          5.135        rulex               40.000     0.90
transformer  1000 final randunits units      8  0.005     0.989    0.050    0.905         0.090          5.188        rulex               40.000     0.90
transformer  1000 final randunits units     16  0.010     0.989    0.050    0.910         0.086          5.086        rulex               40.000     0.92
transformer  1000 final randunits units     32  0.021     0.989    0.050    0.910         0.086          5.104        rulex               40.000     0.92
transformer  1000 final randunits units     64  0.042     0.989    0.050    0.892         0.104          5.066        rulex               40.000     0.90
transformer  1000 final randunits units    128  0.083     0.989    0.052    0.896         0.099          4.974        rulex               40.000     0.90
transformer  1000 final randunits units    256  0.167     0.988    0.056    0.896         0.099          4.836        rulex               40.000     0.90
transformer  1000 final randunits units    512  0.333     0.984    0.088    0.851         0.126          4.114        rulex               40.000     0.88
transformer  1000 final randunits units      0  0.000     0.989    0.050    0.905         0.090          5.162        rulex               40.000     0.90
transformer  1000 final randunits units      1  0.001     0.989    0.050    0.910         0.086          5.139        rulex               40.000     0.92
transformer  1000 final randunits units      2  0.001     0.989    0.050    0.905         0.090          5.154        rulex               40.000     0.90
transformer  1000 final randunits units      4  0.003     0.989    0.050    0.910         0.086          5.152        rulex               40.000     0.92
transformer  1000 final randunits units      8  0.005     0.989    0.051    0.905         0.090          5.176        rulex               40.000     0.90
transformer  1000 final randunits units     16  0.010     0.989    0.050    0.914         0.081          5.146        rulex               40.000     0.92
transformer  1000 final randunits units     32  0.021     0.989    0.050    0.896         0.099          5.094        rulex               40.000     0.90
transformer  1000 final randunits units     64  0.042     0.989    0.052    0.905         0.090          5.115        rulex               40.000     0.90
transformer  1000 final randunits units    128  0.083     0.988    0.054    0.905         0.090          5.054        rulex               40.000     0.90
transformer  1000 final randunits units    256  0.167     0.988    0.058    0.905         0.090          4.945        rulex               40.000     0.90
transformer  1000 final randunits units    512  0.333     0.984    0.085    0.869         0.122          4.048        rulex               40.000     0.88
transformer  1000 final randunits units      0  0.000     0.989    0.050    0.905         0.090          5.162        rulex               40.000     0.90
transformer  1000 final randunits units      1  0.001     0.989    0.050    0.910         0.086          5.166        rulex               40.000     0.92
transformer  1000 final randunits units      2  0.001     0.989    0.050    0.905         0.090          5.162        rulex               40.000     0.90
transformer  1000 final randunits units      4  0.003     0.989    0.050    0.910         0.086          5.161        rulex               40.000     0.92
transformer  1000 final randunits units      8  0.005     0.989    0.050    0.905         0.090          5.154        rulex               40.000     0.90
transformer  1000 final randunits units     16  0.010     0.989    0.050    0.905         0.090          5.128        rulex               40.000     0.90
transformer  1000 final randunits units     32  0.021     0.989    0.050    0.905         0.090          5.135        rulex               40.000     0.90
transformer  1000 final randunits units     64  0.042     0.989    0.051    0.901         0.095          5.145        rulex               40.000     0.90
transformer  1000 final randunits units    128  0.083     0.989    0.051    0.905         0.090          4.939        rulex               40.000     0.90
transformer  1000 final randunits units    256  0.167     0.989    0.057    0.896         0.099          4.819        rulex               40.000     0.90
transformer  1000 final randunits units    512  0.333     0.984    0.081    0.865         0.117          4.132        rulex               40.000     0.88
transformer  1001 final      none     -      0  0.000     0.989    0.061    0.950         0.050          6.753        rulex               40.000     0.94
transformer  1001 final   lowpass    in      0  0.000     0.008   10.327    0.009         0.000          0.167      uniform                0.200     1.00
transformer  1001 final   lowpass    in      1  1.000     0.005   10.420    0.018         0.018          0.178 gcm_circular                0.752     0.50
transformer  1001 final   lowpass    in      2  2.000     0.008   10.373    0.005         0.005          0.786 gcm_circular                0.938     0.50
transformer  1001 final   lowpass    in      3  3.000     0.007   10.628    0.009         0.005          1.191 gcm_circular                1.819     1.00
transformer  1001 final   lowpass    in      4  4.000     0.007    9.493    0.036         0.009          1.350   gcm_linear                0.752     1.00
transformer  1001 final   lowpass    in      6  6.000     0.013    6.887    0.032         0.014          0.035  gcm_hamming                0.603     1.00
transformer  1001 final   lowpass    in      8  8.000     0.013    6.905    0.018         0.018          0.008 gcm_circular                0.603     0.50
transformer  1001 final   lowpass    in     12 12.000     0.015    6.947    0.027         0.005         -0.026 gcm_circular                0.484     1.00
transformer  1001 final   lowpass    in     16 16.000     0.042    5.792    0.027         0.018         -1.781        rulex                0.200     0.64
transformer  1001 final   lowpass    in     24 24.000     0.158    3.423    0.041         0.041         -2.511        rulex                0.200     0.50
transformer  1001 final   lowpass    in     32 32.000     0.756    0.793    0.221         0.225         -1.246        rulex               10.637     0.50
transformer  1001 final   lowpass    in     48 48.000     0.975    0.120    0.707         0.225          2.511        rulex               40.000     0.76
transformer  1001 final   lowpass    in     74 74.000     0.989    0.061    0.950         0.050          6.753        rulex               40.000     0.94
transformer  1001 final   lowpass   out      0  0.000     0.007    5.004    0.000         0.005          0.000      uniform                0.200     0.00
transformer  1001 final   lowpass   out      1  1.000     0.006    5.008    0.018         0.005          0.114      uniform                0.200     1.00
transformer  1001 final   lowpass   out      2  2.000     0.008    5.017    0.041         0.009          0.234      uniform                0.484     1.00
transformer  1001 final   lowpass   out      3  3.000     0.009    5.024    0.054         0.014          0.342      uniform                0.752     1.00
transformer  1001 final   lowpass   out      4  4.000     0.008    5.029    0.059         0.009          0.478      uniform                0.200     1.00
transformer  1001 final   lowpass   out      6  6.000     0.019    4.854    0.117         0.000          0.823        rulex                1.459     1.00
transformer  1001 final   lowpass   out      8  8.000     0.032    4.750    0.153         0.014          1.091        rulex                1.459     1.00
transformer  1001 final   lowpass   out     12 12.000     0.025    4.757    0.266         0.000          1.564        rulex                1.170     1.00
transformer  1001 final   lowpass   out     16 16.000     0.179    3.412    0.180         0.014          1.530        rulex                1.459     0.96
transformer  1001 final   lowpass   out     24 24.000     0.421    2.333    0.329         0.014          1.857        rulex                3.527     0.96
transformer  1001 final   lowpass   out     32 32.000     0.962    0.339    0.617         0.113          2.106        rulex               32.076     0.84
transformer  1001 final   lowpass   out     48 48.000     0.991    0.054    0.824         0.144          3.462        rulex               40.000     0.86
transformer  1001 final   lowpass   out     74 74.000     0.989    0.061    0.950         0.050          6.753        rulex               40.000     0.94
transformer  1001 final   lowpass  both      0  0.000     0.007    5.004    0.000         0.005          0.000      uniform                0.200     0.00
transformer  1001 final   lowpass  both      1  1.000     0.005    5.013    0.009         0.023          0.013   gcm_linear                0.484     0.00
transformer  1001 final   lowpass  both      2  2.000     0.010    5.029    0.014         0.005          0.048 gcm_circular                0.752     1.00
transformer  1001 final   lowpass  both      3  3.000     0.007    5.026    0.009         0.009          0.030      uniform                0.200     0.50
transformer  1001 final   lowpass  both      4  4.000     0.010    5.038    0.005         0.009          0.024         rule                0.200     0.00
transformer  1001 final   lowpass  both      6  6.000     0.016    5.198    0.005         0.014         -1.280         rule                0.200     0.06
transformer  1001 final   lowpass  both      8  8.000     0.016    5.174    0.023         0.014         -1.308         rule                0.200     0.72
transformer  1001 final   lowpass  both     12 12.000     0.017    5.092    0.014         0.014         -1.281         rule                0.200     0.50
transformer  1001 final   lowpass  both     16 16.000     0.072    3.843    0.005         0.045         -3.305         rule                0.200     0.02
transformer  1001 final   lowpass  both     24 24.000     0.239    2.488    0.005         0.149         -5.074         rule                0.200     0.02
transformer  1001 final   lowpass  both     32 32.000     0.924    0.431    0.023         0.689         -6.188        rulex               20.627     0.04
transformer  1001 final   lowpass  both     48 48.000     0.989    0.074    0.311         0.550         -1.401        rulex               40.000     0.36
transformer  1001 final   lowpass  both     74 74.000     0.989    0.061    0.950         0.050          6.753        rulex               40.000     0.94
transformer  1001 final      etop    in      0  0.000     0.989    0.061    0.950         0.050          6.753        rulex               40.000     0.94
transformer  1001 final      etop    in      1  0.050     0.866    0.409    0.784         0.050          4.888        rulex               13.264     0.94
transformer  1001 final      etop    in      1  0.100     0.866    0.409    0.784         0.050          4.888        rulex               13.264     0.94
transformer  1001 final      etop    in      2  0.200     0.801    0.652    0.622         0.086          3.092        rulex               13.264     0.88
transformer  1001 final      etop    in      3  0.300     0.631    1.342    0.450         0.095          1.781        rulex                6.840     0.82
transformer  1001 final      etop    in      4  0.400     0.396    2.478    0.243         0.077          0.497        rulex                2.268     0.76
transformer  1001 final      etop    in      5  0.500     0.299    3.315    0.167         0.050          0.144        rulex                2.268     0.78
transformer  1001 final      etop    in      6  0.600     0.173    4.492    0.095         0.050         -0.148        rulex                1.170     0.66
transformer  1001 final      etop    in      8  0.700     0.055    7.515    0.045         0.014          1.021        rulex                0.200     0.84
transformer  1001 final      etop    in     10  0.800     0.012   11.968    0.032         0.005          2.538  gcm_hamming                0.200     1.00
transformer  1001 final      etop    in     25  0.900     0.006   11.899    0.014         0.000          1.314  gcm_hamming                0.388     1.00
transformer  1001 final      etop    in     47  0.950     0.006   11.731    0.018         0.000          0.686  gcm_hamming                0.388     1.00
transformer  1001 final      etop    in     74  1.000     0.008   10.327    0.009         0.000          0.167      uniform                0.200     1.00
transformer  1001 final      etop   out      0  0.000     0.989    0.061    0.950         0.050          6.753        rulex               40.000     0.94
transformer  1001 final      etop   out      1  0.050     0.982    0.111    0.950         0.041          7.109        rulex               40.000     0.96
transformer  1001 final      etop   out      2  0.100     0.957    0.248    0.977         0.014          7.564        rulex               32.076     0.98
transformer  1001 final      etop   out      3  0.200     0.940    0.387    0.982         0.009          7.596        rulex               25.722     0.98
transformer  1001 final      etop   out      4  0.300     0.867    0.720    0.986         0.000          7.736        rulex               16.541     1.00
transformer  1001 final      etop   out      5  0.400     0.740    1.262    1.000         0.000          8.215        rulex                8.530     1.00
transformer  1001 final      etop   out      6  0.500     0.560    1.954    0.995         0.000          8.477        rulex                5.485     1.00
transformer  1001 final      etop   out      8  0.600     0.183    3.455    0.986         0.000          8.394        rulex                2.268     1.00
transformer  1001 final      etop   out     11  0.700     0.069    4.149    0.982         0.000          7.922        rulex                1.170     1.00
transformer  1001 final      etop   out     21  0.800     0.009    4.948    0.977         0.000          6.432  gcm_hamming                0.752     1.00
transformer  1001 final      etop   out     40  0.900     0.002    5.188    0.847         0.000          3.894  gcm_hamming                0.938     1.00
transformer  1001 final      etop   out     56  0.950     0.005    5.112    0.599         0.000          1.970  gcm_hamming                0.752     1.00
transformer  1001 final      etop   out     74  1.000     0.007    5.004    0.000         0.005          0.000      uniform                0.200     0.00
transformer  1001 final      etop  both      0  0.000     0.989    0.061    0.950         0.050          6.753        rulex               40.000     0.94
transformer  1001 final      etop  both      1  0.050     0.684    0.999    0.766         0.023          5.666        rulex                5.485     0.98
transformer  1001 final      etop  both      1  0.100     0.912    0.348    0.797         0.054          4.570        rulex               16.541     0.94
transformer  1001 final      etop  both      2  0.200     0.695    1.149    0.761         0.036          4.267        rulex                8.530     0.96
transformer  1001 final      etop  both      3  0.300     0.450    2.079    0.572         0.023          3.492        rulex                2.828     0.96
transformer  1001 final      etop  both      4  0.400     0.540    1.640    0.324         0.099          0.268        rulex                4.398     0.76
transformer  1001 final      etop  both      5  0.500     0.101    3.795    0.324         0.009          2.004        rulex                1.819     1.00
transformer  1001 final      etop  both      6  0.600     0.032    4.345    0.207         0.014          1.286        rulex                1.819     1.00
transformer  1001 final      etop  both      8  0.700     0.005    5.602    0.162         0.000          2.257  gcm_hamming                0.484     1.00
transformer  1001 final      etop  both     10  0.800     0.008    5.327    0.041         0.005          0.993  gcm_hamming                0.603     1.00
transformer  1001 final      etop  both     25  0.900     0.006    5.210    0.009         0.000          0.293      uniform                0.603     1.00
transformer  1001 final      etop  both     47  0.950     0.006    5.105    0.018         0.005          0.042  gcm_hamming                0.200     1.00
transformer  1001 final      etop  both     74  1.000     0.007    5.004    0.000         0.005          0.000      uniform                0.200     0.00
transformer  1001 final   ebottom    in      0  0.000     0.989    0.061    0.950         0.050          6.753        rulex               40.000     0.94
transformer  1001 final   ebottom    in     28  0.050     0.990    0.051    0.928         0.072          5.875        rulex               40.000     0.92
transformer  1001 final   ebottom    in     50  0.100     0.992    0.041    0.896         0.104          4.871        rulex               40.000     0.90
transformer  1001 final   ebottom    in     65  0.200     0.994    0.025    0.707         0.288          1.931        rulex               40.000     0.72
transformer  1001 final   ebottom    in     67  0.300     0.987    0.059    0.523         0.437          0.320        rulex               40.000     0.54
transformer  1001 final   ebottom    in     69  0.400     0.929    0.258    0.257         0.604         -2.219        rulex               20.627     0.30
transformer  1001 final   ebottom    in     70  0.500     0.667    1.003    0.131         0.365         -3.504        rulex                8.530     0.26
transformer  1001 final   ebottom    in     71  0.600     0.333    2.242    0.041         0.207         -4.304        rulex                4.398     0.16
transformer  1001 final   ebottom    in     72  0.700     0.090    4.422    0.014         0.090         -4.149         rule                1.819     0.08
transformer  1001 final   ebottom    in     73  0.800     0.013    7.497    0.009         0.018         -2.233   gcm_linear                0.200     0.00
transformer  1001 final   ebottom    in     74  0.900     0.008   10.327    0.009         0.000          0.167      uniform                0.200     1.00
transformer  1001 final   ebottom    in     74  0.950     0.008   10.327    0.009         0.000          0.167      uniform                0.200     1.00
transformer  1001 final   ebottom    in     74  1.000     0.008   10.327    0.009         0.000          0.167      uniform                0.200     1.00
transformer  1001 final   ebottom   out      0  0.000     0.989    0.061    0.950         0.050          6.753        rulex               40.000     0.94
transformer  1001 final   ebottom   out     19  0.050     0.991    0.042    0.892         0.108          4.670        rulex               40.000     0.90
transformer  1001 final   ebottom   out     35  0.100     0.993    0.028    0.779         0.212          2.746        rulex               40.000     0.78
transformer  1001 final   ebottom   out     54  0.200     0.996    0.016    0.473         0.495          0.176        rulex               40.000     0.48
transformer  1001 final   ebottom   out     64  0.300     0.997    0.018    0.257         0.617         -1.376        rulex               40.000     0.30
transformer  1001 final   ebottom   out     67  0.400     0.996    0.044    0.194         0.559         -1.558        rulex               40.000     0.26
transformer  1001 final   ebottom   out     69  0.500     0.988    0.239    0.113         0.437         -1.462        rulex               40.000     0.20
transformer  1001 final   ebottom   out     70  0.600     0.955    0.704    0.108         0.275         -0.984        rulex               32.076     0.28
transformer  1001 final   ebottom   out     71  0.700     0.790    1.550    0.027         0.158         -0.843        rulex               10.637     0.14
transformer  1001 final   ebottom   out     72  0.800     0.294    2.600    0.009         0.059         -0.811         rule                8.530     0.12
transformer  1001 final   ebottom   out     73  0.900     0.055    3.818    0.018         0.018         -0.356         rule                0.200     0.50
transformer  1001 final   ebottom   out     74  0.950     0.007    5.004    0.000         0.005          0.000      uniform                0.200     0.00
transformer  1001 final   ebottom   out     74  1.000     0.007    5.004    0.000         0.005          0.000      uniform                0.200     0.00
transformer  1001 final   ebottom  both      0  0.000     0.989    0.061    0.950         0.050          6.753        rulex               40.000     0.94
transformer  1001 final   ebottom  both     28  0.050     0.993    0.033    0.838         0.162          3.806        rulex               40.000     0.84
transformer  1001 final   ebottom  both     50  0.100     0.996    0.015    0.604         0.392          0.947        rulex               40.000     0.60
transformer  1001 final   ebottom  both     65  0.200     0.999    0.010    0.149         0.811         -3.835        rulex               40.000     0.16
transformer  1001 final   ebottom  both     67  0.300     0.988    0.090    0.036         0.779         -5.008        rulex               40.000     0.04
transformer  1001 final   ebottom  both     69  0.400     0.942    0.367    0.005         0.788         -6.657         rule               25.722     0.02
transformer  1001 final   ebottom  both     70  0.500     0.823    0.861    0.005         0.743         -7.678         rule               13.264     0.00
transformer  1001 final   ebottom  both     71  0.600     0.157    3.036    0.009         0.135         -4.028         rule                2.828     0.04
transformer  1001 final   ebottom  both     72  0.700     0.028    4.300    0.005         0.014         -2.448         rule                0.200     0.06
transformer  1001 final   ebottom  both     73  0.800     0.016    5.478    0.009         0.018         -2.753   gcm_linear                0.200     0.20
transformer  1001 final   ebottom  both     74  0.900     0.006    5.093    0.005         0.009         -0.069   gcm_linear                0.200     0.00
transformer  1001 final   ebottom  both     74  0.950     0.007    5.004    0.000         0.005          0.000      uniform                0.200     0.00
transformer  1001 final   ebottom  both     74  1.000     0.007    5.004    0.000         0.005          0.000      uniform                0.200     0.00
transformer  1001 final     erand    in      0  0.000     0.989    0.061    0.950         0.050          6.753        rulex               40.000     0.94
transformer  1001 final     erand    in     15  0.050     0.991    0.044    0.910         0.090          4.889        rulex               40.000     0.90
transformer  1001 final     erand    in     17  0.100     0.989    0.054    0.869         0.126          4.206        rulex               40.000     0.88
transformer  1001 final     erand    in     19  0.200     0.984    0.072    0.770         0.203          3.199        rulex               40.000     0.80
transformer  1001 final     erand    in     22  0.300     0.911    0.293    0.536         0.302          1.257        rulex               20.627     0.64
transformer  1001 final     erand    in     36  0.400     0.734    0.794    0.225         0.311         -0.790        rulex                8.530     0.42
transformer  1001 final     erand    in     40  0.500     0.606    1.289    0.153         0.261         -1.604        rulex                8.530     0.36
transformer  1001 final     erand    in     48  0.600     0.348    2.538    0.054         0.198         -2.726        rulex                1.819     0.20
transformer  1001 final     erand    in     64  0.700     0.090    4.390    0.023         0.054         -4.008         rule                0.200     0.26
transformer  1001 final     erand    in     72  0.800     0.015    7.396    0.023         0.009         -2.103         rule                0.200     0.88
transformer  1001 final     erand    in     72  0.900     0.015    7.396    0.023         0.009         -2.103         rule                0.200     0.88
transformer  1001 final     erand    in     73  0.950     0.006   10.348    0.014         0.005          0.286  gcm_hamming                0.200     1.00
transformer  1001 final     erand    in     74  1.000     0.008   10.327    0.009         0.000          0.167      uniform                0.200     1.00
transformer  1001 final     erand    in      0  0.000     0.989    0.061    0.950         0.050          6.753        rulex               40.000     0.94
transformer  1001 final     erand    in      9  0.050     0.984    0.083    0.806         0.158          3.746        rulex               40.000     0.84
transformer  1001 final     erand    in      9  0.100     0.984    0.083    0.806         0.158          3.746        rulex               40.000     0.84
transformer  1001 final     erand    in     10  0.200     0.933    0.250    0.613         0.212          2.131        rulex               32.076     0.74
transformer  1001 final     erand    in     14  0.300     0.679    1.116    0.392         0.158          0.820        rulex                6.840     0.72
transformer  1001 final     erand    in     16  0.400     0.563    1.567    0.261         0.180         -0.031        rulex                5.485     0.60
transformer  1001 final     erand    in     20  0.500     0.343    3.019    0.117         0.090         -0.915        rulex                2.268     0.56
transformer  1001 final     erand    in     28  0.600     0.186    4.558    0.063         0.072         -1.367        rulex                1.819     0.46
transformer  1001 final     erand    in     43  0.700     0.193    4.255    0.054         0.117         -2.802        rulex                2.268     0.30
transformer  1001 final     erand    in     51  0.800     0.023    6.378    0.036         0.014         -1.374        rulex                1.459     0.90
transformer  1001 final     erand    in     65  0.900     0.011   11.209    0.000         0.014          0.086   gcm_linear                0.200     0.00
transformer  1001 final     erand    in     65  0.950     0.011   11.209    0.000         0.014          0.086   gcm_linear                0.200     0.00
transformer  1001 final     erand    in     74  1.000     0.008   10.327    0.009         0.000          0.167      uniform                0.200     1.00
transformer  1001 final     erand    in      0  0.000     0.989    0.061    0.950         0.050          6.753        rulex               40.000     0.94
transformer  1001 final     erand    in      5  0.050     0.961    0.155    0.820         0.104          4.628        rulex               40.000     0.88
transformer  1001 final     erand    in      5  0.100     0.961    0.155    0.820         0.104          4.628        rulex               40.000     0.88
transformer  1001 final     erand    in     21  0.200     0.806    0.565    0.608         0.126          2.584        rulex                6.840     0.82
transformer  1001 final     erand    in     27  0.300     0.807    0.570    0.486         0.212          1.059        rulex                6.840     0.70
transformer  1001 final     erand    in     28  0.400     0.520    1.729    0.288         0.131          0.130        rulex                3.527     0.70
transformer  1001 final     erand    in     47  0.500     0.473    2.003    0.212         0.171         -0.493        rulex                3.527     0.56
transformer  1001 final     erand    in     50  0.600     0.262    3.367    0.095         0.108         -1.399        rulex                1.459     0.46
transformer  1001 final     erand    in     52  0.700     0.192    4.079    0.054         0.090         -1.851        rulex                1.459     0.36
transformer  1001 final     erand    in     55  0.800     0.077    6.320    0.027         0.032         -0.532        rulex                0.938     0.46
transformer  1001 final     erand    in     68  0.900     0.010   11.269    0.005         0.014         -0.194  gcm_hamming                0.200     0.00
transformer  1001 final     erand    in     68  0.950     0.010   11.269    0.005         0.014         -0.194  gcm_hamming                0.200     0.00
transformer  1001 final     erand    in     74  1.000     0.008   10.327    0.009         0.000          0.167      uniform                0.200     1.00
transformer  1001 final     erand   out      0  0.000     0.989    0.061    0.950         0.050          6.753        rulex               40.000     0.94
transformer  1001 final     erand   out      9  0.050     0.991    0.051    0.937         0.063          5.606        rulex               40.000     0.94
transformer  1001 final     erand   out     17  0.100     0.989    0.069    0.932         0.063          4.667        rulex               40.000     0.94
transformer  1001 final     erand   out     19  0.200     0.988    0.087    0.901         0.077          4.462        rulex               40.000     0.92
transformer  1001 final     erand   out     22  0.300     0.972    0.228    0.901         0.045          4.514        rulex               40.000     0.96
transformer  1001 final     erand   out     36  0.400     0.924    0.539    0.847         0.059          3.162        rulex               25.722     0.94
transformer  1001 final     erand   out     40  0.500     0.847    0.844    0.721         0.036          2.780        rulex               16.541     0.96
transformer  1001 final     erand   out     48  0.600     0.715    1.478    0.514         0.041          1.728        rulex                6.840     0.92
transformer  1001 final     erand   out     61  0.700     0.692    1.659    0.185         0.099          0.077        rulex                5.485     0.66
transformer  1001 final     erand   out     64  0.800     0.325    2.752    0.135         0.027          0.301        rulex                1.459     0.84
transformer  1001 final     erand   out     72  0.900     0.046    4.068    0.027         0.014         -0.132         rule                0.200     0.74
transformer  1001 final     erand   out     73  0.950     0.007    5.009    0.014         0.009          0.129      uniform                0.249     1.00
transformer  1001 final     erand   out     74  1.000     0.007    5.004    0.000         0.005          0.000      uniform                0.200     0.00
transformer  1001 final     erand   out      0  0.000     0.989    0.061    0.950         0.050          6.753        rulex               40.000     0.94
transformer  1001 final     erand   out      7  0.050     0.990    0.053    0.932         0.068          5.721        rulex               40.000     0.94
transformer  1001 final     erand   out      9  0.100     0.987    0.081    0.937         0.059          6.098        rulex               40.000     0.94
transformer  1001 final     erand   out     10  0.200     0.984    0.112    0.950         0.045          5.932        rulex               40.000     0.96
transformer  1001 final     erand   out     14  0.300     0.960    0.294    0.959         0.032          5.951        rulex               32.076     0.96
transformer  1001 final     erand   out     20  0.400     0.825    1.010    0.950         0.005          5.775        rulex               10.637     1.00
transformer  1001 final     erand   out     26  0.500     0.840    0.978    0.923         0.014          5.055        rulex               13.264     0.98
transformer  1001 final     erand   out     34  0.600     0.681    1.644    0.923         0.000          4.488        rulex                6.840     1.00
transformer  1001 final     erand   out     49  0.700     0.486    2.366    0.748         0.014          2.833        rulex                5.485     0.98
transformer  1001 final     erand   out     52  0.800     0.222    3.401    0.698         0.009          2.646        rulex                2.268     1.00
transformer  1001 final     erand   out     65  0.900     0.021    4.868    0.347         0.005          1.123        rulex                0.200     1.00
transformer  1001 final     erand   out     65  0.950     0.021    4.868    0.347         0.005          1.123        rulex                0.200     1.00
transformer  1001 final     erand   out     74  1.000     0.007    5.004    0.000         0.005          0.000      uniform                0.200     0.00
transformer  1001 final     erand   out      0  0.000     0.989    0.061    0.950         0.050          6.753        rulex               40.000     0.94
transformer  1001 final     erand   out      5  0.050     0.983    0.106    0.941         0.050          6.592        rulex               40.000     0.94
transformer  1001 final     erand   out      5  0.100     0.983    0.106    0.941         0.050          6.592        rulex               40.000     0.94
transformer  1001 final     erand   out     21  0.200     0.962    0.231    0.901         0.063          5.158        rulex               40.000     0.94
transformer  1001 final     erand   out     26  0.300     0.965    0.227    0.869         0.072          4.520        rulex               40.000     0.92
transformer  1001 final     erand   out     28  0.400     0.896    0.663    0.914         0.023          4.902        rulex               16.541     0.98
transformer  1001 final     erand   out     40  0.500     0.887    0.742    0.806         0.041          3.360        rulex               13.264     0.96
transformer  1001 final     erand   out     47  0.600     0.846    1.178    0.757         0.027          2.663        rulex               10.637     0.96
transformer  1001 final     erand   out     50  0.700     0.515    2.137    0.694         0.005          2.560        rulex                4.398     1.00
transformer  1001 final     erand   out     55  0.800     0.123    3.784    0.707         0.000          2.477        rulex                0.938     1.00
transformer  1001 final     erand   out     65  0.900     0.041    4.051    0.333         0.005          1.137        rulex                0.200     1.00
transformer  1001 final     erand   out     68  0.950     0.010    5.005    0.176         0.005          0.731  gcm_hamming                0.200     1.00
transformer  1001 final     erand   out     74  1.000     0.007    5.004    0.000         0.005          0.000      uniform                0.200     0.00
transformer  1001 final     erand  both      0  0.000     0.989    0.061    0.950         0.050          6.753        rulex               40.000     0.94
transformer  1001 final     erand  both     15  0.050     0.988    0.067    0.928         0.068          5.296        rulex               40.000     0.94
transformer  1001 final     erand  both     17  0.100     0.960    0.238    0.923         0.041          5.551        rulex               32.076     0.96
transformer  1001 final     erand  both     19  0.200     0.881    0.521    0.869         0.063          5.087        rulex               16.541     0.94
transformer  1001 final     erand  both     22  0.300     0.649    1.363    0.649         0.099          2.880        rulex                8.530     0.86
transformer  1001 final     erand  both     36  0.400     0.241    3.323    0.315         0.041          2.210        rulex                2.828     0.90
transformer  1001 final     erand  both     40  0.500     0.183    3.650    0.108         0.054          0.345        rulex                2.828     0.68
transformer  1001 final     erand  both     48  0.600     0.139    3.930    0.050         0.059         -1.102        rulex                0.752     0.46
transformer  1001 final     erand  both     64  0.700     0.014    5.273    0.032         0.000          0.272  gcm_hamming                0.249     1.00
transformer  1001 final     erand  both     72  0.800     0.006    5.235    0.009         0.000          0.159  gcm_hamming                0.200     1.00
transformer  1001 final     erand  both     72  0.900     0.008    5.079    0.005         0.014          0.029      uniform                0.200     0.00
transformer  1001 final     erand  both     73  0.950     0.007    5.004    0.000         0.005          0.000      uniform                0.200     0.00
transformer  1001 final     erand  both     74  1.000     0.007    5.004    0.000         0.005          0.000      uniform                0.200     0.00
transformer  1001 final     erand  both      0  0.000     0.989    0.061    0.950         0.050          6.753        rulex               40.000     0.94
transformer  1001 final     erand  both      9  0.050     0.980    0.104    0.752         0.189          3.052        rulex               40.000     0.80
transformer  1001 final     erand  both      9  0.100     0.931    0.281    0.752         0.126          3.703        rulex               32.076     0.86
transformer  1001 final     erand  both     10  0.200     0.804    0.742    0.495         0.153          1.905        rulex               13.264     0.76
transformer  1001 final     erand  both     14  0.300     0.379    2.590    0.243         0.072          0.559        rulex                3.527     0.78
transformer  1001 final     erand  both     16  0.400     0.182    3.946    0.230         0.036          1.172        rulex                2.268     0.88
transformer  1001 final     erand  both     20  0.500     0.214    3.767    0.068         0.086         -1.013        rulex                2.828     0.44
transformer  1001 final     erand  both     28  0.600     0.084    5.147    0.045         0.045         -0.630        rulex                0.938     0.50
transformer  1001 final     erand  both     43  0.700     0.040    6.026    0.036         0.009          0.651        rulex                1.459     0.92
transformer  1001 final     erand  both     51  0.800     0.009    5.536    0.009         0.014          0.132 gcm_circular                0.938     0.00
transformer  1001 final     erand  both     65  0.900     0.007    5.323    0.005         0.000         -0.002      uniform                0.200     1.00
transformer  1001 final     erand  both     65  0.950     0.007    5.004    0.000         0.005          0.000      uniform                0.200     0.00
transformer  1001 final     erand  both     74  1.000     0.007    5.004    0.000         0.005          0.000      uniform                0.200     0.00
transformer  1001 final     erand  both      0  0.000     0.989    0.061    0.950         0.050          6.753        rulex               40.000     0.94
transformer  1001 final     erand  both      5  0.050     0.989    0.065    0.757         0.203          2.985        rulex               40.000     0.78
transformer  1001 final     erand  both      5  0.100     0.989    0.065    0.757         0.203          2.985        rulex               40.000     0.78
transformer  1001 final     erand  both     21  0.200     0.863    0.467    0.559         0.189          1.673        rulex               10.637     0.74
transformer  1001 final     erand  both     27  0.300     0.918    0.419    0.342         0.392         -0.466        rulex               16.541     0.46
transformer  1001 final     erand  both     28  0.400     0.491    1.993    0.221         0.203         -0.439        rulex                4.398     0.52
transformer  1001 final     erand  both     47  0.500     0.319    2.945    0.095         0.158         -1.686        rulex                0.938     0.38
transformer  1001 final     erand  both     50  0.600     0.043    5.255    0.122         0.027          1.509        rulex                0.200     0.94
transformer  1001 final     erand  both     52  0.700     0.008    5.479    0.162         0.000          1.786      uniform                0.200     1.00
transformer  1001 final     erand  both     55  0.800     0.006    5.295    0.086         0.005          0.874      uniform                0.200     1.00
transformer  1001 final     erand  both     68  0.900     0.007    5.260    0.009         0.009          0.187  gcm_hamming                0.311     0.50
transformer  1001 final     erand  both     68  0.950     0.007    5.137    0.009         0.005          0.104      uniform                0.388     1.00
transformer  1001 final     erand  both     74  1.000     0.007    5.004    0.000         0.005          0.000      uniform                0.200     0.00
transformer  1001 final      topk    in     25  0.000     0.989    0.061    0.950         0.050          6.753        rulex               40.000     0.94
transformer  1001 final      topk    in     25  0.250     0.989    0.068    0.950         0.050          7.306        rulex               40.000     0.94
transformer  1001 final      topk    in     25  0.500     0.984    0.093    0.959         0.036          8.107        rulex               40.000     0.96
transformer  1001 final      topk    in     25  0.750     0.825    0.635    0.910         0.023          8.674        rulex               13.264     0.98
transformer  1001 final      topk    in     25  1.000     0.006   11.899    0.014         0.000          1.314  gcm_hamming                0.388     1.00
transformer  1001 final      topk   out     40  0.000     0.989    0.061    0.950         0.050          6.753        rulex               40.000     0.94
transformer  1001 final      topk   out     40  0.250     0.988    0.079    0.955         0.045          6.038        rulex               40.000     0.96
transformer  1001 final      topk   out     40  0.500     0.984    0.232    0.982         0.018          5.323        rulex               40.000     0.98
transformer  1001 final      topk   out     40  0.750     0.937    1.484    1.000         0.000          4.608        rulex               25.722     1.00
transformer  1001 final      topk   out     40  1.000     0.002    5.188    0.847         0.000          3.894  gcm_hamming                0.938     1.00
transformer  1001 final      topk  both     25  0.000     0.989    0.061    0.950         0.050          6.753        rulex               40.000     0.94
transformer  1001 final      topk  both     25  0.250     0.986    0.096    0.973         0.027          6.937        rulex               40.000     0.98
transformer  1001 final      topk  both     25  0.500     0.966    0.374    0.995         0.005          6.934        rulex               40.000     1.00
transformer  1001 final      topk  both     25  0.750     0.521    2.463    0.995         0.000          5.979        rulex                5.485     1.00
transformer  1001 final      topk  both     25  1.000     0.008    5.376    0.032         0.000          0.595 gcm_circular                0.603     1.00
transformer  1001 final     randk    in     25  0.000     0.989    0.061    0.950         0.050          6.753        rulex               40.000     0.94
transformer  1001 final     randk    in     25  0.250     0.990    0.058    0.950         0.050          6.558        rulex               40.000     0.94
transformer  1001 final     randk    in     25  0.500     0.990    0.056    0.946         0.054          6.346        rulex               40.000     0.94
transformer  1001 final     randk    in     25  0.750     0.990    0.053    0.946         0.054          6.118        rulex               40.000     0.94
transformer  1001 final     randk    in     25  1.000     0.990    0.051    0.932         0.068          5.875        rulex               40.000     0.94
transformer  1001 final     randk    in     25  0.000     0.989    0.061    0.950         0.050          6.753        rulex               40.000     0.94
transformer  1001 final     randk    in     25  0.250     0.990    0.058    0.950         0.050          6.561        rulex               40.000     0.94
transformer  1001 final     randk    in     25  0.500     0.990    0.056    0.946         0.054          6.352        rulex               40.000     0.94
transformer  1001 final     randk    in     25  0.750     0.990    0.053    0.941         0.059          6.126        rulex               40.000     0.94
transformer  1001 final     randk    in     25  1.000     0.990    0.051    0.932         0.068          5.884        rulex               40.000     0.94
transformer  1001 final     randk    in     25  0.000     0.989    0.061    0.950         0.050          6.753        rulex               40.000     0.94
transformer  1001 final     randk    in     25  0.250     0.990    0.058    0.950         0.050          6.551        rulex               40.000     0.94
transformer  1001 final     randk    in     25  0.500     0.990    0.056    0.950         0.050          6.334        rulex               40.000     0.94
transformer  1001 final     randk    in     25  0.750     0.990    0.053    0.946         0.054          6.101        rulex               40.000     0.94
transformer  1001 final     randk    in     25  1.000     0.990    0.051    0.941         0.059          5.852        rulex               40.000     0.94
transformer  1001 final     randk   out     34  0.000     0.989    0.061    0.950         0.050          6.753        rulex               40.000     0.94
transformer  1001 final     randk   out     34  0.250     0.990    0.051    0.941         0.059          5.779        rulex               40.000     0.94
transformer  1001 final     randk   out     34  0.500     0.991    0.042    0.892         0.108          4.806        rulex               40.000     0.90
transformer  1001 final     randk   out     34  0.750     0.993    0.035    0.847         0.153          3.832        rulex               40.000     0.84
transformer  1001 final     randk   out     34  1.000     0.993    0.028    0.793         0.203          2.859        rulex               40.000     0.80
transformer  1001 final     randk   out     34  0.000     0.989    0.061    0.950         0.050          6.753        rulex               40.000     0.94
transformer  1001 final     randk   out     34  0.250     0.990    0.051    0.941         0.059          5.779        rulex               40.000     0.94
transformer  1001 final     randk   out     34  0.500     0.991    0.042    0.892         0.108          4.806        rulex               40.000     0.90
transformer  1001 final     randk   out     34  0.750     0.993    0.035    0.847         0.153          3.832        rulex               40.000     0.84
transformer  1001 final     randk   out     34  1.000     0.993    0.028    0.793         0.203          2.859        rulex               40.000     0.80
transformer  1001 final     randk   out     34  0.000     0.989    0.061    0.950         0.050          6.753        rulex               40.000     0.94
transformer  1001 final     randk   out     34  0.250     0.990    0.051    0.941         0.059          5.779        rulex               40.000     0.94
transformer  1001 final     randk   out     34  0.500     0.991    0.042    0.892         0.108          4.806        rulex               40.000     0.90
transformer  1001 final     randk   out     34  0.750     0.993    0.035    0.847         0.153          3.832        rulex               40.000     0.84
transformer  1001 final     randk   out     34  1.000     0.993    0.028    0.793         0.203          2.859        rulex               40.000     0.80
transformer  1001 final     randk  both     25  0.000     0.989    0.061    0.950         0.050          6.753        rulex               40.000     0.94
transformer  1001 final     randk  both     25  0.250     0.991    0.051    0.937         0.063          5.831        rulex               40.000     0.94
transformer  1001 final     randk  both     25  0.500     0.991    0.043    0.901         0.099          4.893        rulex               40.000     0.90
transformer  1001 final     randk  both     25  0.750     0.992    0.035    0.851         0.149          3.943        rulex               40.000     0.86
transformer  1001 final     randk  both     25  1.000     0.994    0.029    0.797         0.198          2.984        rulex               40.000     0.80
transformer  1001 final     randk  both     25  0.000     0.989    0.061    0.950         0.050          6.753        rulex               40.000     0.94
transformer  1001 final     randk  both     25  0.250     0.990    0.051    0.941         0.059          5.823        rulex               40.000     0.94
transformer  1001 final     randk  both     25  0.500     0.991    0.042    0.896         0.104          4.880        rulex               40.000     0.90
transformer  1001 final     randk  both     25  0.750     0.993    0.034    0.851         0.144          3.927        rulex               40.000     0.86
transformer  1001 final     randk  both     25  1.000     0.994    0.027    0.779         0.216          2.966        rulex               40.000     0.78
transformer  1001 final     randk  both     25  0.000     0.989    0.061    0.950         0.050          6.753        rulex               40.000     0.94
transformer  1001 final     randk  both     25  0.250     0.990    0.051    0.946         0.054          5.800        rulex               40.000     0.94
transformer  1001 final     randk  both     25  0.500     0.991    0.042    0.905         0.095          4.836        rulex               40.000     0.90
transformer  1001 final     randk  both     25  0.750     0.993    0.034    0.869         0.131          3.863        rulex               40.000     0.86
transformer  1001 final     randk  both     25  1.000     0.993    0.028    0.784         0.212          2.885        rulex               40.000     0.78
transformer  1001 final  residual    in     49  0.000     0.989    0.061    0.950         0.050          6.753        rulex               40.000     0.94
transformer  1001 final  residual    in     49  0.250     0.990    0.056    0.950         0.050          6.362        rulex               40.000     0.94
transformer  1001 final  residual    in     49  0.500     0.990    0.051    0.941         0.059          5.930        rulex               40.000     0.94
transformer  1001 final  residual    in     49  0.750     0.991    0.046    0.914         0.086          5.457        rulex               40.000     0.92
transformer  1001 final  residual    in     49  1.000     0.992    0.042    0.901         0.099          4.950        rulex               40.000     0.90
transformer  1001 final  residual   out     34  0.000     0.989    0.061    0.950         0.050          6.753        rulex               40.000     0.94
transformer  1001 final  residual   out     34  0.250     0.990    0.051    0.941         0.059          5.779        rulex               40.000     0.94
transformer  1001 final  residual   out     34  0.500     0.991    0.042    0.892         0.108          4.806        rulex               40.000     0.90
transformer  1001 final  residual   out     34  0.750     0.993    0.035    0.847         0.153          3.832        rulex               40.000     0.84
transformer  1001 final  residual   out     34  1.000     0.993    0.028    0.793         0.203          2.859        rulex               40.000     0.80
transformer  1001 final  residual  both     49  0.000     0.989    0.061    0.950         0.050          6.753        rulex               40.000     0.94
transformer  1001 final  residual  both     49  0.250     0.991    0.042    0.901         0.099          4.910        rulex               40.000     0.90
transformer  1001 final  residual  both     49  0.500     0.994    0.027    0.802         0.198          3.039        rulex               40.000     0.80
transformer  1001 final  residual  both     49  0.750     0.996    0.016    0.644         0.351          1.152        rulex               40.000     0.64
transformer  1001 final  residual  both     49  1.000     0.998    0.010    0.419         0.563         -0.733        rulex               40.000     0.42
transformer  1001 final   neurons units      0  0.000     0.989    0.061    0.950         0.050          6.753        rulex               40.000     0.94
transformer  1001 final   neurons units      1  0.001     0.989    0.061    0.950         0.050          6.707        rulex               40.000     0.94
transformer  1001 final   neurons units      2  0.001     0.989    0.060    0.950         0.050          6.661        rulex               40.000     0.94
transformer  1001 final   neurons units      4  0.003     0.990    0.059    0.950         0.050          6.582        rulex               40.000     0.94
transformer  1001 final   neurons units      8  0.005     0.990    0.058    0.950         0.050          6.463        rulex               40.000     0.94
transformer  1001 final   neurons units     16  0.010     0.990    0.056    0.946         0.054          6.220        rulex               40.000     0.94
transformer  1001 final   neurons units     32  0.021     0.991    0.052    0.932         0.068          5.751        rulex               40.000     0.94
transformer  1001 final   neurons units     64  0.042     0.992    0.046    0.905         0.095          4.962        rulex               40.000     0.90
transformer  1001 final   neurons units    128  0.083     0.993    0.036    0.820         0.171          3.618        rulex               40.000     0.82
transformer  1001 final   neurons units    256  0.167     0.994    0.028    0.658         0.333          1.610        rulex               40.000     0.66
transformer  1001 final   neurons units    512  0.333     0.996    0.025    0.392         0.577         -1.042        rulex               40.000     0.40
transformer  1001 final randunits units      0  0.000     0.989    0.061    0.950         0.050          6.753        rulex               40.000     0.94
transformer  1001 final randunits units      1  0.001     0.989    0.061    0.950         0.050          6.746        rulex               40.000     0.94
transformer  1001 final randunits units      2  0.001     0.989    0.061    0.950         0.050          6.743        rulex               40.000     0.94
transformer  1001 final randunits units      4  0.003     0.990    0.061    0.950         0.050          6.716        rulex               40.000     0.94
transformer  1001 final randunits units      8  0.005     0.989    0.062    0.950         0.050          6.766        rulex               40.000     0.94
transformer  1001 final randunits units     16  0.010     0.990    0.061    0.941         0.059          6.639        rulex               40.000     0.94
transformer  1001 final randunits units     32  0.021     0.989    0.061    0.950         0.050          6.644        rulex               40.000     0.94
transformer  1001 final randunits units     64  0.042     0.989    0.061    0.950         0.050          6.533        rulex               40.000     0.94
transformer  1001 final randunits units    128  0.083     0.989    0.060    0.946         0.054          6.369        rulex               40.000     0.94
transformer  1001 final randunits units    256  0.167     0.989    0.063    0.946         0.050          6.088        rulex               40.000     0.94
transformer  1001 final randunits units    512  0.333     0.986    0.078    0.901         0.090          5.228        rulex               40.000     0.90
transformer  1001 final randunits units      0  0.000     0.989    0.061    0.950         0.050          6.753        rulex               40.000     0.94
transformer  1001 final randunits units      1  0.001     0.989    0.061    0.950         0.050          6.727        rulex               40.000     0.94
transformer  1001 final randunits units      2  0.001     0.989    0.061    0.950         0.050          6.742        rulex               40.000     0.94
transformer  1001 final randunits units      4  0.003     0.990    0.061    0.950         0.050          6.736        rulex               40.000     0.94
transformer  1001 final randunits units      8  0.005     0.989    0.061    0.950         0.050          6.751        rulex               40.000     0.94
transformer  1001 final randunits units     16  0.010     0.989    0.061    0.950         0.050          6.709        rulex               40.000     0.94
transformer  1001 final randunits units     32  0.021     0.990    0.060    0.950         0.050          6.622        rulex               40.000     0.94
transformer  1001 final randunits units     64  0.042     0.989    0.061    0.950         0.050          6.566        rulex               40.000     0.94
transformer  1001 final randunits units    128  0.083     0.988    0.060    0.946         0.054          6.408        rulex               40.000     0.94
transformer  1001 final randunits units    256  0.167     0.989    0.062    0.941         0.059          6.080        rulex               40.000     0.94
transformer  1001 final randunits units    512  0.333     0.986    0.077    0.919         0.081          4.849        rulex               40.000     0.92
transformer  1001 final randunits units      0  0.000     0.989    0.061    0.950         0.050          6.753        rulex               40.000     0.94
transformer  1001 final randunits units      1  0.001     0.989    0.061    0.950         0.050          6.758        rulex               40.000     0.94
transformer  1001 final randunits units      2  0.001     0.990    0.061    0.950         0.050          6.748        rulex               40.000     0.94
transformer  1001 final randunits units      4  0.003     0.989    0.061    0.950         0.050          6.748        rulex               40.000     0.94
transformer  1001 final randunits units      8  0.005     0.989    0.061    0.950         0.050          6.735        rulex               40.000     0.94
transformer  1001 final randunits units     16  0.010     0.989    0.061    0.950         0.050          6.698        rulex               40.000     0.94
transformer  1001 final randunits units     32  0.021     0.990    0.061    0.950         0.050          6.681        rulex               40.000     0.94
transformer  1001 final randunits units     64  0.042     0.989    0.061    0.950         0.050          6.636        rulex               40.000     0.94
transformer  1001 final randunits units    128  0.083     0.989    0.061    0.941         0.059          6.400        rulex               40.000     0.94
transformer  1001 final randunits units    256  0.167     0.989    0.061    0.919         0.077          5.864        rulex               40.000     0.92
transformer  1001 final randunits units    512  0.333     0.987    0.074    0.865         0.122          4.720        rulex               40.000     0.88
transformer  1002 final      none     -      0  0.000     0.988    0.047    0.892         0.108          3.721        rulex               40.000     0.90
transformer  1002 final   lowpass    in      0  0.000     0.007    9.708    0.014         0.018         -0.271   gcm_linear                0.200     0.00
transformer  1002 final   lowpass    in      1  1.000     0.007   10.028    0.014         0.018         -0.036   gcm_linear                1.819     0.00
transformer  1002 final   lowpass    in      2  2.000     0.006   10.136    0.005         0.023          0.023      uniform                0.752     0.00
transformer  1002 final   lowpass    in      3  3.000     0.006    9.855    0.005         0.009          0.160      uniform                0.200     0.00
transformer  1002 final   lowpass    in      4  4.000     0.007   10.007    0.005         0.009          0.249      uniform                0.200     0.00
transformer  1002 final   lowpass    in      6  6.000     0.016    6.791    0.018         0.009         -1.087   gcm_linear                0.752     0.80
transformer  1002 final   lowpass    in      8  8.000     0.017    6.793    0.018         0.005         -1.107   gcm_linear                0.603     1.00
transformer  1002 final   lowpass    in     12 12.000     0.018    6.892    0.023         0.000         -1.143   gcm_linear                0.603     1.00
transformer  1002 final   lowpass    in     16 16.000     0.087    4.910    0.018         0.041         -1.597         rule                1.170     0.28
transformer  1002 final   lowpass    in     24 24.000     0.087    5.029    0.032         0.045         -1.250        rulex                1.170     0.40
transformer  1002 final   lowpass    in     32 32.000     0.285    3.192    0.050         0.144         -1.633        rulex                2.828     0.24
transformer  1002 final   lowpass    in     48 48.000     0.494    2.064    0.189         0.198         -0.245        rulex                4.398     0.48
transformer  1002 final   lowpass    in     74 74.000     0.988    0.047    0.892         0.108          3.721        rulex               40.000     0.90
transformer  1002 final   lowpass   out      0  0.000     0.007    5.004    0.005         0.000          0.000      uniform                0.200     1.00
transformer  1002 final   lowpass   out      1  1.000     0.008    4.979    0.014         0.014          0.105 gcm_circular                1.819     0.50
transformer  1002 final   lowpass   out      2  2.000     0.010    4.968    0.014         0.005          0.201 gcm_circular                1.819     1.00
transformer  1002 final   lowpass   out      3  3.000     0.011    4.965    0.041         0.000          0.317 gcm_circular                1.459     1.00
transformer  1002 final   lowpass   out      4  4.000     0.017    4.866    0.059         0.000          0.410 gcm_circular                1.819     1.00
transformer  1002 final   lowpass   out      6  6.000     0.053    4.421    0.063         0.014          0.469        rulex                2.828     0.90
transformer  1002 final   lowpass   out      8  8.000     0.050    4.397    0.104         0.005          0.653        rulex                2.828     1.00
transformer  1002 final   lowpass   out     12 12.000     0.218    3.609    0.212         0.014          0.881        rulex                3.527     0.96
transformer  1002 final   lowpass   out     16 16.000     0.510    2.825    0.356         0.027          1.022        rulex                8.530     0.94
transformer  1002 final   lowpass   out     24 24.000     0.770    1.887    0.518         0.104          1.536        rulex               16.541     0.84
transformer  1002 final   lowpass   out     32 32.000     0.900    1.109    0.698         0.099          2.019        rulex               20.627     0.88
transformer  1002 final   lowpass   out     48 48.000     0.979    0.225    0.874         0.113          2.655        rulex               40.000     0.88
transformer  1002 final   lowpass   out     74 74.000     0.988    0.047    0.892         0.108          3.721        rulex               40.000     0.90
transformer  1002 final   lowpass  both      0  0.000     0.007    5.004    0.005         0.000          0.000      uniform                0.200     1.00
transformer  1002 final   lowpass  both      1  1.000     0.007    5.021    0.014         0.005          0.008      uniform                0.200     1.00
transformer  1002 final   lowpass  both      2  2.000     0.007    5.027    0.009         0.000          0.009      uniform                0.752     1.00
transformer  1002 final   lowpass  both      3  3.000     0.006    5.044    0.009         0.005          0.024 gcm_circular                0.938     1.00
transformer  1002 final   lowpass  both      4  4.000     0.007    5.056    0.009         0.014          0.016  gcm_hamming                0.484     0.00
transformer  1002 final   lowpass  both      6  6.000     0.018    5.063    0.005         0.027         -1.612         rule                0.200     0.00
transformer  1002 final   lowpass  both      8  8.000     0.017    5.036    0.005         0.027         -1.628   gcm_linear                0.200     0.00
transformer  1002 final   lowpass  both     12 12.000     0.018    5.132    0.023         0.018         -1.751   gcm_linear                0.200     0.60
transformer  1002 final   lowpass  both     16 16.000     0.126    3.470    0.018         0.104         -2.894         rule                1.819     0.12
transformer  1002 final   lowpass  both     24 24.000     0.109    3.516    0.009         0.081         -2.686         rule                1.459     0.06
transformer  1002 final   lowpass  both     32 32.000     0.345    2.229    0.009         0.239         -3.288         rule                4.398     0.02
transformer  1002 final   lowpass  both     48 48.000     0.576    1.433    0.113         0.279         -1.796        rulex                5.485     0.28
transformer  1002 final   lowpass  both     74 74.000     0.988    0.047    0.892         0.108          3.721        rulex               40.000     0.90
transformer  1002 final      etop    in      0  0.000     0.988    0.047    0.892         0.108          3.721        rulex               40.000     0.90
transformer  1002 final      etop    in      1  0.050     0.784    0.741    0.644         0.126          2.996        rulex               20.627     0.84
transformer  1002 final      etop    in      1  0.100     0.784    0.741    0.644         0.126          2.996        rulex               20.627     0.84
transformer  1002 final      etop    in      2  0.200     0.483    2.432    0.351         0.090          2.045        rulex                6.840     0.80
transformer  1002 final      etop    in      3  0.300     0.351    3.144    0.261         0.077          1.900        rulex                5.485     0.78
transformer  1002 final      etop    in      4  0.400     0.200    4.593    0.180         0.050          1.317        rulex                0.200     0.80
transformer  1002 final      etop    in      5  0.500     0.089    5.783    0.104         0.005          0.443        rulex                0.200     1.00
transformer  1002 final      etop    in      6  0.600     0.042    7.383    0.059         0.005          0.974        rulex                0.200     1.00
transformer  1002 final      etop    in      7  0.700     0.029    8.409    0.054         0.000          1.608        rulex                0.200     1.00
transformer  1002 final      etop    in     12  0.800     0.009    9.829    0.041         0.000          2.245  gcm_hamming                0.200     1.00
transformer  1002 final      etop    in     25  0.900     0.007   10.010    0.018         0.005          1.312  gcm_hamming                0.311     1.00
transformer  1002 final      etop    in     46  0.950     0.005   10.111    0.018         0.000          0.608  gcm_hamming                0.484     1.00
transformer  1002 final      etop    in     74  1.000     0.007    9.708    0.014         0.018         -0.271   gcm_linear                0.200     0.00
transformer  1002 final      etop   out      0  0.000     0.988    0.047    0.892         0.108          3.721        rulex               40.000     0.90
transformer  1002 final      etop   out      1  0.050     0.987    0.055    0.905         0.095          3.809        rulex               40.000     0.90
transformer  1002 final      etop   out      3  0.100     0.985    0.075    0.923         0.077          4.073        rulex               40.000     0.92
transformer  1002 final      etop   out      5  0.200     0.979    0.117    0.941         0.059          4.321        rulex               40.000     0.94
transformer  1002 final      etop   out      8  0.300     0.972    0.189    0.964         0.036          4.270        rulex               40.000     0.96
transformer  1002 final      etop   out     12  0.400     0.933    0.503    0.973         0.014          4.496        rulex               25.722     0.98
transformer  1002 final      etop   out     16  0.500     0.838    1.020    0.964         0.018          4.411        rulex               13.264     0.98
transformer  1002 final      etop   out     20  0.600     0.668    1.763    0.946         0.009          4.346        rulex                8.530     1.00
transformer  1002 final      etop   out     26  0.700     0.299    3.046    0.937         0.009          4.231        rulex                3.527     1.00
transformer  1002 final      etop   out     34  0.800     0.087    4.132    0.878         0.000          3.795        rulex                1.459     1.00
transformer  1002 final      etop   out     49  0.900     0.018    4.849    0.739         0.005          2.386        rulex                0.200     1.00
transformer  1002 final      etop   out     61  0.950     0.013    4.950    0.432         0.000          1.179        rulex                0.200     1.00
transformer  1002 final      etop   out     74  1.000     0.007    5.004    0.005         0.000          0.000      uniform                0.200     1.00
transformer  1002 final      etop  both      0  0.000     0.988    0.047    0.892         0.108          3.721        rulex               40.000     0.90
transformer  1002 final      etop  both      1  0.050     0.771    0.821    0.662         0.095          3.322        rulex               16.541     0.88
transformer  1002 final      etop  both      1  0.100     0.807    0.679    0.712         0.090          3.105        rulex               20.627     0.88
transformer  1002 final      etop  both      2  0.200     0.429    2.571    0.441         0.036          3.060        rulex                5.485     0.94
transformer  1002 final      etop  both      3  0.300     0.259    3.569    0.338         0.036          2.859        rulex                3.527     0.92
transformer  1002 final      etop  both      4  0.400     0.086    4.971    0.302         0.014          2.858        rulex                0.200     1.00
transformer  1002 final      etop  both      5  0.500     0.025    5.745    0.171         0.000          2.312        rulex                0.200     1.00
transformer  1002 final      etop  both      6  0.600     0.013    5.616    0.090         0.000          1.611  gcm_hamming                0.311     1.00
transformer  1002 final      etop  both      7  0.700     0.012    5.363    0.054         0.009          0.879  gcm_hamming                0.200     1.00
transformer  1002 final      etop  both     12  0.800     0.008    5.377    0.018         0.009          0.682      uniform                0.200     1.00
transformer  1002 final      etop  both     25  0.900     0.007    5.199    0.009         0.005          0.300  gcm_hamming                0.200     1.00
transformer  1002 final      etop  both     46  0.950     0.007    5.093    0.005         0.009          0.068   gcm_linear                0.200     0.00
transformer  1002 final      etop  both     74  1.000     0.007    5.004    0.005         0.000          0.000      uniform                0.200     1.00
transformer  1002 final   ebottom    in      0  0.000     0.988    0.047    0.892         0.108          3.721        rulex               40.000     0.90
transformer  1002 final   ebottom    in     29  0.050     0.990    0.037    0.851         0.149          2.949        rulex               40.000     0.86
transformer  1002 final   ebottom    in     50  0.100     0.992    0.026    0.779         0.221          2.023        rulex               40.000     0.78
transformer  1002 final   ebottom    in     63  0.200     0.996    0.014    0.477         0.523         -0.025        rulex               40.000     0.48
transformer  1002 final   ebottom    in     68  0.300     0.991    0.053    0.297         0.685         -1.302        rulex               40.000     0.30
transformer  1002 final   ebottom    in     69  0.400     0.972    0.136    0.207         0.739         -2.011        rulex               40.000     0.22
transformer  1002 final   ebottom    in     70  0.500     0.846    0.520    0.113         0.676         -2.692        rulex               13.264     0.14
transformer  1002 final   ebottom    in     71  0.600     0.491    1.624    0.086         0.284         -2.835        rulex                4.398     0.22
transformer  1002 final   ebottom    in     72  0.700     0.192    3.251    0.018         0.090         -2.539         rule                0.200     0.14
transformer  1002 final   ebottom    in     73  0.800     0.034    5.614    0.018         0.023         -1.464         rule                0.200     0.42
transformer  1002 final   ebottom    in     74  0.900     0.007    9.708    0.014         0.018         -0.271   gcm_linear                0.200     0.00
transformer  1002 final   ebottom    in     74  0.950     0.007    9.708    0.014         0.018         -0.271   gcm_linear                0.200     0.00
transformer  1002 final   ebottom    in     74  1.000     0.007    9.708    0.014         0.018         -0.271   gcm_linear                0.200     0.00
transformer  1002 final   ebottom   out      0  0.000     0.988    0.047    0.892         0.108          3.721        rulex               40.000     0.90
transformer  1002 final   ebottom   out     14  0.050     0.990    0.037    0.779         0.221          2.441        rulex               40.000     0.78
transformer  1002 final   ebottom   out     26  0.100     0.992    0.028    0.644         0.351          1.215        rulex               40.000     0.64
transformer  1002 final   ebottom   out     41  0.200     0.994    0.024    0.432         0.559         -0.148        rulex               40.000     0.44
transformer  1002 final   ebottom   out     49  0.300     0.995    0.029    0.378         0.604         -0.539        rulex               40.000     0.38
transformer  1002 final   ebottom   out     55  0.400     0.994    0.058    0.365         0.599         -0.648        rulex               40.000     0.38
transformer  1002 final   ebottom   out     59  0.500     0.994    0.136    0.275         0.649         -0.722        rulex               40.000     0.30
transformer  1002 final   ebottom   out     63  0.600     0.991    0.386    0.221         0.622         -0.716        rulex               40.000     0.26
transformer  1002 final   ebottom   out     67  0.700     0.962    1.280    0.194         0.405         -0.478        rulex               25.722     0.32
transformer  1002 final   ebottom   out     70  0.800     0.701    2.505    0.077         0.270         -0.404        rulex                8.530     0.22
transformer  1002 final   ebottom   out     72  0.900     0.204    3.676    0.036         0.068         -0.150        rulex                1.459     0.34
transformer  1002 final   ebottom   out     74  0.950     0.007    5.004    0.005         0.000          0.000      uniform                0.200     1.00
transformer  1002 final   ebottom   out     74  1.000     0.007    5.004    0.005         0.000          0.000      uniform                0.200     1.00
transformer  1002 final   ebottom  both      0  0.000     0.988    0.047    0.892         0.108          3.721        rulex               40.000     0.90
transformer  1002 final   ebottom  both     29  0.050     0.992    0.028    0.721         0.279          1.685        rulex               40.000     0.72
transformer  1002 final   ebottom  both     50  0.100     0.996    0.014    0.432         0.568         -0.382        rulex               40.000     0.44
transformer  1002 final   ebottom  both     63  0.200     0.999    0.010    0.117         0.874         -3.174        rulex               40.000     0.12
transformer  1002 final   ebottom  both     68  0.300     0.989    0.090    0.068         0.887         -4.037        rulex               40.000     0.08
transformer  1002 final   ebottom  both     69  0.400     0.963    0.308    0.027         0.869         -4.212        rulex               32.076     0.04
transformer  1002 final   ebottom  both     70  0.500     0.834    0.819    0.005         0.725         -4.582         rule               10.637     0.00
transformer  1002 final   ebottom  both     71  0.600     0.425    2.053    0.009         0.293         -3.874         rule                4.398     0.02
transformer  1002 final   ebottom  both     72  0.700     0.211    2.978    0.005         0.149         -3.703         rule                0.200     0.00
transformer  1002 final   ebottom  both     73  0.800     0.031    4.393    0.005         0.032         -1.709         rule                0.200     0.00
transformer  1002 final   ebottom  both     74  0.900     0.006    5.266    0.023         0.005         -0.047  gcm_hamming                0.200     1.00
transformer  1002 final   ebottom  both     74  0.950     0.007    5.004    0.005         0.000          0.000      uniform                0.200     1.00
transformer  1002 final   ebottom  both     74  1.000     0.007    5.004    0.005         0.000          0.000      uniform                0.200     1.00
transformer  1002 final     erand    in      0  0.000     0.988    0.047    0.892         0.108          3.721        rulex               40.000     0.90
transformer  1002 final     erand    in     12  0.050     0.790    0.710    0.631         0.131          2.625        rulex               20.627     0.82
transformer  1002 final     erand    in     12  0.100     0.790    0.710    0.631         0.131          2.625        rulex               20.627     0.82
transformer  1002 final     erand    in     16  0.200     0.749    0.865    0.527         0.158          2.047        rulex               20.627     0.78
transformer  1002 final     erand    in     26  0.300     0.584    1.622    0.306         0.189          0.710        rulex               10.637     0.62
transformer  1002 final     erand    in     29  0.400     0.595    1.532    0.266         0.221          0.221        rulex               10.637     0.54
transformer  1002 final     erand    in     52  0.500     0.241    2.499    0.077         0.081         -1.371        rulex                0.200     0.48
transformer  1002 final     erand    in     52  0.600     0.241    2.499    0.077         0.081         -1.371        rulex                0.200     0.48
transformer  1002 final     erand    in     56  0.700     0.160    3.309    0.068         0.063         -1.224        rulex                0.200     0.52
transformer  1002 final     erand    in     65  0.800     0.029    5.614    0.050         0.018         -0.986         rule                0.200     0.92
transformer  1002 final     erand    in     73  0.900     0.006    9.441    0.000         0.009         -0.091      uniform                0.200     0.00
transformer  1002 final     erand    in     73  0.950     0.006    9.441    0.000         0.009         -0.091      uniform                0.200     0.00
transformer  1002 final     erand    in     74  1.000     0.007    9.708    0.014         0.018         -0.271   gcm_linear                0.200     0.00
transformer  1002 final     erand    in      0  0.000     0.988    0.047    0.892         0.108          3.721        rulex               40.000     0.90
transformer  1002 final     erand    in     12  0.050     0.991    0.036    0.847         0.153          3.034        rulex               40.000     0.84
transformer  1002 final     erand    in     27  0.100     0.994    0.026    0.757         0.243          2.074        rulex               40.000     0.76
transformer  1002 final     erand    in     28  0.200     0.951    0.148    0.581         0.347          0.961        rulex               25.722     0.62
transformer  1002 final     erand    in     38  0.300     0.937    0.214    0.351         0.545         -0.798        rulex               25.722     0.40
transformer  1002 final     erand    in     57  0.400     0.661    1.255    0.189         0.374         -1.487        rulex                8.530     0.34
transformer  1002 final     erand    in     58  0.500     0.662    1.259    0.198         0.378         -1.511        rulex                8.530     0.34
transformer  1002 final     erand    in     64  0.600     0.405    1.981    0.086         0.203         -2.289        rulex                3.527     0.30
transformer  1002 final     erand    in     67  0.700     0.118    3.857    0.036         0.045         -1.903        rulex                0.200     0.44
transformer  1002 final     erand    in     68  0.800     0.020    5.937    0.018         0.014         -1.444  gcm_hamming                0.200     0.62
transformer  1002 final     erand    in     68  0.900     0.020    5.937    0.018         0.014         -1.444  gcm_hamming                0.200     0.62
transformer  1002 final     erand    in     74  0.950     0.007    9.708    0.014         0.018         -0.271   gcm_linear                0.200     0.00
transformer  1002 final     erand    in     74  1.000     0.007    9.708    0.014         0.018         -0.271   gcm_linear                0.200     0.00
transformer  1002 final     erand    in      0  0.000     0.988    0.047    0.892         0.108          3.721        rulex               40.000     0.90
transformer  1002 final     erand    in     12  0.050     0.992    0.035    0.838         0.162          2.801        rulex               40.000     0.84
transformer  1002 final     erand    in     19  0.100     0.993    0.027    0.725         0.270          1.686        rulex               40.000     0.72
transformer  1002 final     erand    in     24  0.200     0.979    0.089    0.477         0.464          0.152        rulex               40.000     0.50
transformer  1002 final     erand    in     29  0.300     0.851    0.498    0.270         0.383         -0.656        rulex               16.541     0.42
transformer  1002 final     erand    in     37  0.400     0.853    0.485    0.284         0.396         -0.895        rulex               16.541     0.42
transformer  1002 final     erand    in     42  0.500     0.515    1.599    0.122         0.180         -1.178        rulex                5.485     0.40
transformer  1002 final     erand    in     53  0.600     0.149    3.693    0.072         0.059         -1.120        rulex                4.398     0.56
transformer  1002 final     erand    in     53  0.700     0.149    3.693    0.072         0.059         -1.120        rulex                4.398     0.56
transformer  1002 final     erand    in     55  0.800     0.028    6.327    0.014         0.018         -0.321  gcm_hamming                0.200     0.38
transformer  1002 final     erand    in     70  0.900     0.006    9.947    0.005         0.014         -0.357      uniform                0.200     0.00
transformer  1002 final     erand    in     70  0.950     0.006    9.947    0.005         0.014         -0.357      uniform                0.200     0.00
transformer  1002 final     erand    in     74  1.000     0.007    9.708    0.014         0.018         -0.271   gcm_linear                0.200     0.00
transformer  1002 final     erand   out      0  0.000     0.988    0.047    0.892         0.108          3.721        rulex               40.000     0.90
transformer  1002 final     erand   out      7  0.050     0.989    0.045    0.869         0.131          3.198        rulex               40.000     0.86
transformer  1002 final     erand   out      9  0.100     0.987    0.049    0.874         0.126          3.156        rulex               40.000     0.88
transformer  1002 final     erand   out     16  0.200     0.987    0.065    0.869         0.131          2.867        rulex               40.000     0.86
transformer  1002 final     erand   out     24  0.300     0.986    0.105    0.829         0.167          2.305        rulex               40.000     0.84
transformer  1002 final     erand   out     28  0.400     0.980    0.214    0.833         0.144          2.331        rulex               40.000     0.86
transformer  1002 final     erand   out     37  0.500     0.975    0.403    0.770         0.185          1.725        rulex               40.000     0.80
transformer  1002 final     erand   out     47  0.600     0.960    0.765    0.635         0.248          1.018        rulex               32.076     0.72
transformer  1002 final     erand   out     54  0.700     0.790    1.672    0.545         0.167          0.833        rulex                8.530     0.76
transformer  1002 final     erand   out     61  0.800     0.743    2.454    0.342         0.162          0.419        rulex                8.530     0.68
transformer  1002 final     erand   out     66  0.900     0.153    4.113    0.207         0.032          0.417        rulex                1.170     0.90
transformer  1002 final     erand   out     71  0.950     0.072    4.377    0.063         0.045         -0.048        rulex                0.200     0.60
transformer  1002 final     erand   out     74  1.000     0.007    5.004    0.005         0.000          0.000      uniform                0.200     1.00
transformer  1002 final     erand   out      0  0.000     0.988    0.047    0.892         0.108          3.721        rulex               40.000     0.90
transformer  1002 final     erand   out      8  0.050     0.989    0.042    0.856         0.144          3.036        rulex               40.000     0.86
transformer  1002 final     erand   out     14  0.100     0.989    0.041    0.842         0.158          2.621        rulex               40.000     0.84
transformer  1002 final     erand   out     25  0.200     0.991    0.043    0.766         0.230          1.844        rulex               40.000     0.76
transformer  1002 final     erand   out     31  0.300     0.990    0.062    0.748         0.248          1.646        rulex               40.000     0.76
transformer  1002 final     erand   out     36  0.400     0.988    0.136    0.703         0.270          1.422        rulex               40.000     0.72
transformer  1002 final     erand   out     44  0.500     0.984    0.319    0.671         0.270          1.071        rulex               40.000     0.72
transformer  1002 final     erand   out     54  0.600     0.969    0.796    0.518         0.324          0.429        rulex               32.076     0.62
transformer  1002 final     erand   out     59  0.700     0.922    1.483    0.338         0.275          0.245        rulex               20.627     0.56
transformer  1002 final     erand   out     64  0.800     0.569    2.594    0.225         0.126          0.061        rulex                6.840     0.64
transformer  1002 final     erand   out     69  0.900     0.254    3.739    0.135         0.045          0.105        rulex                2.828     0.76
transformer  1002 final     erand   out     74  0.950     0.007    5.004    0.005         0.000          0.000      uniform                0.200     1.00
transformer  1002 final     erand   out     74  1.000     0.007    5.004    0.005         0.000          0.000      uniform                0.200     1.00
transformer  1002 final     erand   out      0  0.000     0.988    0.047    0.892         0.108          3.721        rulex               40.000     0.90
transformer  1002 final     erand   out      5  0.050     0.988    0.047    0.874         0.126          3.370        rulex               40.000     0.88
transformer  1002 final     erand   out      9  0.100     0.988    0.048    0.878         0.122          3.099        rulex               40.000     0.88
transformer  1002 final     erand   out     17  0.200     0.989    0.053    0.842         0.158          2.580        rulex               40.000     0.84
transformer  1002 final     erand   out     22  0.300     0.988    0.082    0.847         0.153          2.394        rulex               40.000     0.84
transformer  1002 final     erand   out     25  0.400     0.983    0.205    0.860         0.131          2.470        rulex               40.000     0.86
transformer  1002 final     erand   out     30  0.500     0.972    0.424    0.842         0.113          2.299        rulex               40.000     0.88
transformer  1002 final     erand   out     40  0.600     0.947    0.845    0.784         0.131          1.722        rulex               25.722     0.86
transformer  1002 final     erand   out     47  0.700     0.871    1.650    0.703         0.108          1.415        rulex               16.541     0.86
transformer  1002 final     erand   out     55  0.800     0.586    2.873    0.554         0.059          1.128        rulex                5.485     0.90
transformer  1002 final     erand   out     68  0.900     0.293    3.654    0.117         0.050          0.087        rulex                2.828     0.70
transformer  1002 final     erand   out     71  0.950     0.037    4.548    0.086         0.014          0.186        rulex                0.200     1.00
transformer  1002 final     erand   out     74  1.000     0.007    5.004    0.005         0.000          0.000      uniform                0.200     1.00
transformer  1002 final     erand  both      0  0.000     0.988    0.047    0.892         0.108          3.721        rulex               40.000     0.90
transformer  1002 final     erand  both     12  0.050     0.782    0.779    0.671         0.099          2.960        rulex               16.541     0.88
transformer  1002 final     erand  both     12  0.100     0.775    0.829    0.671         0.090          2.961        rulex               13.264     0.88
transformer  1002 final     erand  both     16  0.200     0.760    0.880    0.554         0.167          1.829        rulex               16.541     0.76
transformer  1002 final     erand  both     26  0.300     0.521    1.993    0.342         0.140          0.932        rulex                5.485     0.72
transformer  1002 final     erand  both     29  0.400     0.472    2.182    0.288         0.140          0.391        rulex                4.398     0.68
transformer  1002 final     erand  both     52  0.500     0.156    3.301    0.095         0.077         -0.317        rulex                0.200     0.56
transformer  1002 final     erand  both     52  0.600     0.142    3.409    0.086         0.072         -0.574        rulex                0.200     0.54
transformer  1002 final     erand  both     56  0.700     0.098    3.687    0.027         0.086         -1.441         rule                0.200     0.20
transformer  1002 final     erand  both     65  0.800     0.005    5.366    0.041         0.014          0.420  gcm_hamming                0.200     1.00
transformer  1002 final     erand  both     73  0.900     0.010    5.262    0.005         0.005         -0.059         rule                0.200     0.50
transformer  1002 final     erand  both     73  0.950     0.006    5.114    0.005         0.005         -0.035  gcm_hamming                0.200     0.50
transformer  1002 final     erand  both     74  1.000     0.007    5.004    0.005         0.000          0.000      uniform                0.200     1.00
transformer  1002 final     erand  both      0  0.000     0.988    0.047    0.892         0.108          3.721        rulex               40.000     0.90
transformer  1002 final     erand  both     12  0.050     0.990    0.043    0.860         0.140          3.091        rulex               40.000     0.86
transformer  1002 final     erand  both     27  0.100     0.990    0.042    0.793         0.207          2.272        rulex               40.000     0.80
transformer  1002 final     erand  both     28  0.200     0.876    0.452    0.716         0.180          2.025        rulex               16.541     0.80
transformer  1002 final     erand  both     38  0.300     0.840    0.689    0.468         0.333          0.296        rulex               13.264     0.58
transformer  1002 final     erand  both     57  0.400     0.627    1.537    0.140         0.387         -1.430        rulex                8.530     0.26
transformer  1002 final     erand  both     58  0.500     0.567    1.930    0.162         0.342         -0.911        rulex                6.840     0.32
transformer  1002 final     erand  both     64  0.600     0.141    3.705    0.086         0.077         -0.486        rulex                1.459     0.54
transformer  1002 final     erand  both     67  0.700     0.044    4.319    0.041         0.027         -1.234        rulex                0.200     0.64
transformer  1002 final     erand  both     68  0.800     0.024    5.030    0.005         0.027         -2.255   gcm_linear                0.388     0.00
transformer  1002 final     erand  both     68  0.900     0.009    5.061    0.014         0.005          0.067  gcm_hamming                0.200     1.00
transformer  1002 final     erand  both     74  0.950     0.007    5.060    0.005         0.005          0.002      uniform                0.200     0.50
transformer  1002 final     erand  both     74  1.000     0.007    5.004    0.005         0.000          0.000      uniform                0.200     1.00
transformer  1002 final     erand  both      0  0.000     0.988    0.047    0.892         0.108          3.721        rulex               40.000     0.90
transformer  1002 final     erand  both     12  0.050     0.991    0.037    0.824         0.176          2.512        rulex               40.000     0.82
transformer  1002 final     erand  both     19  0.100     0.992    0.038    0.712         0.284          1.672        rulex               40.000     0.72
transformer  1002 final     erand  both     24  0.200     0.958    0.246    0.608         0.315          0.948        rulex               32.076     0.66
transformer  1002 final     erand  both     29  0.300     0.832    0.716    0.225         0.414         -1.166        rulex               13.264     0.36
transformer  1002 final     erand  both     37  0.400     0.751    1.112    0.167         0.387         -1.148        rulex                8.530     0.30
transformer  1002 final     erand  both     42  0.500     0.316    2.784    0.140         0.108         -0.377        rulex                3.527     0.56
transformer  1002 final     erand  both     53  0.600     0.038    4.665    0.072         0.005          0.357        rulex                0.603     1.00
transformer  1002 final     erand  both     53  0.700     0.024    4.765    0.045         0.023          0.097        rulex                0.200     0.80
transformer  1002 final     erand  both     55  0.800     0.009    5.381    0.023         0.005          0.300      uniform                0.200     1.00
transformer  1002 final     erand  both     70  0.900     0.009    5.336    0.032         0.005          0.113      uniform                0.200     1.00
transformer  1002 final     erand  both     70  0.950     0.006    5.130    0.009         0.009          0.018      uniform                0.200     0.50
transformer  1002 final     erand  both     74  1.000     0.007    5.004    0.005         0.000          0.000      uniform                0.200     1.00
transformer  1002 final      topk    in     25  0.000     0.988    0.047    0.892         0.108          3.721        rulex               40.000     0.90
transformer  1002 final      topk    in     25  0.250     0.986    0.058    0.914         0.086          4.210        rulex               40.000     0.92
transformer  1002 final      topk    in     25  0.500     0.980    0.093    0.941         0.059          5.034        rulex               40.000     0.94
transformer  1002 final      topk    in     25  0.750     0.745    1.026    0.797         0.041          6.089        rulex                8.530     0.96
transformer  1002 final      topk    in     25  1.000     0.007   10.010    0.018         0.005          1.312  gcm_hamming                0.311     1.00
transformer  1002 final      topk   out     49  0.000     0.988    0.047    0.892         0.108          3.721        rulex               40.000     0.90
transformer  1002 final      topk   out     49  0.250     0.987    0.061    0.923         0.077          3.387        rulex               40.000     0.92
transformer  1002 final      topk   out     49  0.500     0.985    0.197    0.959         0.041          3.054        rulex               40.000     0.96
transformer  1002 final      topk   out     49  0.750     0.944    1.464    0.986         0.009          2.720        rulex               32.076     0.98
transformer  1002 final      topk   out     49  1.000     0.018    4.849    0.739         0.005          2.386        rulex                0.200     1.00
transformer  1002 final      topk  both     25  0.000     0.988    0.047    0.892         0.108          3.721        rulex               40.000     0.90
transformer  1002 final      topk  both     25  0.250     0.985    0.075    0.946         0.054          4.241        rulex               40.000     0.94
transformer  1002 final      topk  both     25  0.500     0.968    0.235    0.977         0.023          4.720        rulex               40.000     0.98
transformer  1002 final      topk  both     25  0.750     0.574    2.069    0.896         0.014          4.588        rulex                5.485     0.98
transformer  1002 final      topk  both     25  1.000     0.007    5.718    0.005         0.000          0.480      uniform                0.200     1.00
transformer  1002 final     randk    in     25  0.000     0.988    0.047    0.892         0.108          3.721        rulex               40.000     0.90
transformer  1002 final     randk    in     25  0.250     0.989    0.044    0.883         0.117          3.533        rulex               40.000     0.88
transformer  1002 final     randk    in     25  0.500     0.990    0.041    0.874         0.126          3.333        rulex               40.000     0.88
transformer  1002 final     randk    in     25  0.750     0.990    0.039    0.869         0.131          3.122        rulex               40.000     0.86
transformer  1002 final     randk    in     25  1.000     0.990    0.037    0.847         0.153          2.899        rulex               40.000     0.84
transformer  1002 final     randk    in     25  0.000     0.988    0.047    0.892         0.108          3.721        rulex               40.000     0.90
transformer  1002 final     randk    in     25  0.250     0.989    0.044    0.883         0.117          3.521        rulex               40.000     0.88
transformer  1002 final     randk    in     25  0.500     0.989    0.041    0.874         0.126          3.309        rulex               40.000     0.88
transformer  1002 final     randk    in     25  0.750     0.990    0.038    0.865         0.135          3.083        rulex               40.000     0.86
transformer  1002 final     randk    in     25  1.000     0.990    0.035    0.833         0.167          2.846        rulex               40.000     0.84
transformer  1002 final     randk    in     25  0.000     0.988    0.047    0.892         0.108          3.721        rulex               40.000     0.90
transformer  1002 final     randk    in     25  0.250     0.989    0.044    0.887         0.113          3.532        rulex               40.000     0.88
transformer  1002 final     randk    in     25  0.500     0.990    0.041    0.874         0.126          3.329        rulex               40.000     0.88
transformer  1002 final     randk    in     25  0.750     0.991    0.038    0.847         0.153          3.113        rulex               40.000     0.84
transformer  1002 final     randk    in     25  1.000     0.991    0.035    0.847         0.153          2.885        rulex               40.000     0.84
transformer  1002 final     randk   out     25  0.000     0.988    0.047    0.892         0.108          3.721        rulex               40.000     0.90
transformer  1002 final     randk   out     25  0.250     0.989    0.042    0.851         0.149          3.125        rulex               40.000     0.86
transformer  1002 final     randk   out     25  0.500     0.990    0.037    0.806         0.194          2.528        rulex               40.000     0.80
transformer  1002 final     randk   out     25  0.750     0.991    0.032    0.730         0.270          1.932        rulex               40.000     0.72
transformer  1002 final     randk   out     25  1.000     0.992    0.029    0.662         0.338          1.335        rulex               40.000     0.66
transformer  1002 final     randk   out     25  0.000     0.988    0.047    0.892         0.108          3.721        rulex               40.000     0.90
transformer  1002 final     randk   out     25  0.250     0.989    0.042    0.851         0.149          3.125        rulex               40.000     0.86
transformer  1002 final     randk   out     25  0.500     0.990    0.037    0.806         0.194          2.528        rulex               40.000     0.80
transformer  1002 final     randk   out     25  0.750     0.991    0.032    0.730         0.270          1.932        rulex               40.000     0.72
transformer  1002 final     randk   out     25  1.000     0.992    0.029    0.662         0.338          1.335        rulex               40.000     0.66
transformer  1002 final     randk   out     25  0.000     0.988    0.047    0.892         0.108          3.721        rulex               40.000     0.90
transformer  1002 final     randk   out     25  0.250     0.989    0.042    0.851         0.149          3.125        rulex               40.000     0.86
transformer  1002 final     randk   out     25  0.500     0.990    0.037    0.806         0.194          2.528        rulex               40.000     0.80
transformer  1002 final     randk   out     25  0.750     0.991    0.032    0.730         0.270          1.932        rulex               40.000     0.72
transformer  1002 final     randk   out     25  1.000     0.992    0.029    0.662         0.338          1.335        rulex               40.000     0.66
transformer  1002 final     randk  both     25  0.000     0.988    0.047    0.892         0.108          3.721        rulex               40.000     0.90
transformer  1002 final     randk  both     25  0.250     0.989    0.040    0.856         0.144          3.013        rulex               40.000     0.86
transformer  1002 final     randk  both     25  0.500     0.991    0.034    0.829         0.171          2.305        rulex               40.000     0.82
transformer  1002 final     randk  both     25  0.750     0.992    0.029    0.707         0.288          1.601        rulex               40.000     0.72
transformer  1002 final     randk  both     25  1.000     0.993    0.027    0.599         0.392          0.903        rulex               40.000     0.60
transformer  1002 final     randk  both     25  0.000     0.988    0.047    0.892         0.108          3.721        rulex               40.000     0.90
transformer  1002 final     randk  both     25  0.250     0.990    0.039    0.856         0.144          2.986        rulex               40.000     0.86
transformer  1002 final     randk  both     25  0.500     0.991    0.033    0.788         0.212          2.250        rulex               40.000     0.78
transformer  1002 final     randk  both     25  0.750     0.992    0.028    0.716         0.284          1.518        rulex               40.000     0.72
transformer  1002 final     randk  both     25  1.000     0.993    0.025    0.586         0.410          0.791        rulex               40.000     0.58
transformer  1002 final     randk  both     25  0.000     0.988    0.047    0.892         0.108          3.721        rulex               40.000     0.90
transformer  1002 final     randk  both     25  0.250     0.990    0.039    0.856         0.144          2.951        rulex               40.000     0.86
transformer  1002 final     randk  both     25  0.500     0.991    0.032    0.770         0.230          2.175        rulex               40.000     0.78
transformer  1002 final     randk  both     25  0.750     0.993    0.027    0.685         0.315          1.397        rulex               40.000     0.68
transformer  1002 final     randk  both     25  1.000     0.994    0.023    0.572         0.428          0.620        rulex               40.000     0.58
transformer  1002 final  residual    in     49  0.000     0.988    0.047    0.892         0.108          3.721        rulex               40.000     0.90
transformer  1002 final  residual    in     49  0.250     0.990    0.041    0.878         0.122          3.356        rulex               40.000     0.88
transformer  1002 final  residual    in     49  0.500     0.991    0.036    0.851         0.149          2.965        rulex               40.000     0.86
transformer  1002 final  residual    in     49  0.750     0.992    0.031    0.829         0.171          2.548        rulex               40.000     0.82
transformer  1002 final  residual    in     49  1.000     0.992    0.027    0.779         0.221          2.108        rulex               40.000     0.78
transformer  1002 final  residual   out     25  0.000     0.988    0.047    0.892         0.108          3.721        rulex               40.000     0.90
transformer  1002 final  residual   out     25  0.250     0.989    0.042    0.851         0.149          3.125        rulex               40.000     0.86
transformer  1002 final  residual   out     25  0.500     0.990    0.037    0.806         0.194          2.528        rulex               40.000     0.80
transformer  1002 final  residual   out     25  0.750     0.991    0.032    0.730         0.270          1.932        rulex               40.000     0.72
transformer  1002 final  residual   out     25  1.000     0.992    0.029    0.662         0.338          1.335        rulex               40.000     0.66
transformer  1002 final  residual  both     49  0.000     0.988    0.047    0.892         0.108          3.721        rulex               40.000     0.90
transformer  1002 final  residual  both     49  0.250     0.991    0.033    0.802         0.198          2.310        rulex               40.000     0.80
transformer  1002 final  residual  both     49  0.500     0.993    0.023    0.626         0.374          0.917        rulex               40.000     0.62
transformer  1002 final  residual  both     49  0.750     0.996    0.018    0.423         0.577         -0.446        rulex               40.000     0.42
transformer  1002 final  residual  both     49  1.000     0.997    0.018    0.203         0.784         -1.767        rulex               40.000     0.20
transformer  1002 final   neurons units      0  0.000     0.988    0.047    0.892         0.108          3.721        rulex               40.000     0.90
transformer  1002 final   neurons units      1  0.001     0.988    0.047    0.892         0.108          3.681        rulex               40.000     0.90
transformer  1002 final   neurons units      2  0.001     0.988    0.047    0.892         0.108          3.654        rulex               40.000     0.90
transformer  1002 final   neurons units      4  0.003     0.988    0.046    0.887         0.113          3.603        rulex               40.000     0.88
transformer  1002 final   neurons units      8  0.005     0.988    0.046    0.883         0.117          3.501        rulex               40.000     0.88
transformer  1002 final   neurons units     16  0.010     0.988    0.044    0.883         0.117          3.345        rulex               40.000     0.88
transformer  1002 final   neurons units     32  0.021     0.989    0.042    0.860         0.140          3.028        rulex               40.000     0.86
transformer  1002 final   neurons units     64  0.042     0.990    0.038    0.793         0.207          2.503        rulex               40.000     0.80
transformer  1002 final   neurons units    128  0.083     0.992    0.033    0.707         0.293          1.650        rulex               40.000     0.70
transformer  1002 final   neurons units    256  0.167     0.993    0.028    0.527         0.468          0.387        rulex               40.000     0.52
transformer  1002 final   neurons units    512  0.333     0.995    0.025    0.333         0.662         -1.269        rulex               40.000     0.34
transformer  1002 final randunits units      0  0.000     0.988    0.047    0.892         0.108          3.721        rulex               40.000     0.90
transformer  1002 final randunits units      1  0.001     0.988    0.047    0.892         0.108          3.717        rulex               40.000     0.90
transformer  1002 final randunits units      2  0.001     0.988    0.047    0.896         0.104          3.718        rulex               40.000     0.90
transformer  1002 final randunits units      4  0.003     0.988    0.047    0.896         0.104          3.696        rulex               40.000     0.90
transformer  1002 final randunits units      8  0.005     0.988    0.048    0.905         0.095          3.780        rulex               40.000     0.90
transformer  1002 final randunits units     16  0.010     0.988    0.048    0.901         0.099          3.702        rulex               40.000     0.90
transformer  1002 final randunits units     32  0.021     0.988    0.048    0.896         0.104          3.747        rulex               40.000     0.90
transformer  1002 final randunits units     64  0.042     0.988    0.049    0.910         0.090          3.743        rulex               40.000     0.90
transformer  1002 final randunits units    128  0.083     0.987    0.052    0.901         0.099          3.850        rulex               40.000     0.90
transformer  1002 final randunits units    256  0.167     0.986    0.061    0.892         0.108          4.184        rulex               40.000     0.90
transformer  1002 final randunits units    512  0.333     0.979    0.093    0.937         0.063          4.603        rulex               40.000     0.94
transformer  1002 final randunits units      0  0.000     0.988    0.047    0.892         0.108          3.721        rulex               40.000     0.90
transformer  1002 final randunits units      1  0.001     0.988    0.047    0.892         0.108          3.704        rulex               40.000     0.90
transformer  1002 final randunits units      2  0.001     0.988    0.047    0.901         0.099          3.715        rulex               40.000     0.90
transformer  1002 final randunits units      4  0.003     0.988    0.047    0.892         0.108          3.722        rulex               40.000     0.90
transformer  1002 final randunits units      8  0.005     0.988    0.048    0.901         0.099          3.755        rulex               40.000     0.90
transformer  1002 final randunits units     16  0.010     0.988    0.048    0.905         0.095          3.726        rulex               40.000     0.90
transformer  1002 final randunits units     32  0.021     0.988    0.049    0.892         0.108          3.763        rulex               40.000     0.90
transformer  1002 final randunits units     64  0.042     0.988    0.050    0.914         0.086          3.821        rulex               40.000     0.92
transformer  1002 final randunits units    128  0.083     0.987    0.053    0.905         0.095          3.976        rulex               40.000     0.90
transformer  1002 final randunits units    256  0.167     0.985    0.061    0.896         0.104          4.157        rulex               40.000     0.90
transformer  1002 final randunits units    512  0.333     0.980    0.097    0.919         0.077          4.411        rulex               40.000     0.92
transformer  1002 final randunits units      0  0.000     0.988    0.047    0.892         0.108          3.721        rulex               40.000     0.90
transformer  1002 final randunits units      1  0.001     0.988    0.047    0.896         0.104          3.729        rulex               40.000     0.90
transformer  1002 final randunits units      2  0.001     0.988    0.047    0.896         0.104          3.733        rulex               40.000     0.90
transformer  1002 final randunits units      4  0.003     0.988    0.048    0.892         0.108          3.733        rulex               40.000     0.90
transformer  1002 final randunits units      8  0.005     0.988    0.047    0.896         0.104          3.730        rulex               40.000     0.90
transformer  1002 final randunits units     16  0.010     0.988    0.047    0.896         0.104          3.730        rulex               40.000     0.90
transformer  1002 final randunits units     32  0.021     0.988    0.048    0.896         0.104          3.761        rulex               40.000     0.90
transformer  1002 final randunits units     64  0.042     0.988    0.050    0.905         0.095          3.882        rulex               40.000     0.90
transformer  1002 final randunits units    128  0.083     0.988    0.053    0.878         0.122          3.860        rulex               40.000     0.88
transformer  1002 final randunits units    256  0.167     0.986    0.061    0.914         0.086          4.143        rulex               40.000     0.92
transformer  1002 final randunits units    512  0.333     0.981    0.086    0.901         0.090          4.087        rulex               40.000     0.90
transformer  1000 final      none     -      0  0.000     0.992    0.029    0.998         0.002         10.308        rulex               40.000     1.00
transformer  1000 final   lowpass    in      0  0.000     0.006   17.626    0.018         0.007          0.499  gcm_hamming                0.200     1.00
transformer  1000 final   lowpass    in      1  1.000     0.007   16.268    0.011         0.005          1.100      uniform                0.752     1.00
transformer  1000 final   lowpass    in      2  2.000     0.007   16.185    0.009         0.002          1.086      uniform                0.311     1.00
transformer  1000 final   lowpass    in      3  3.000     0.007   15.605    0.007         0.005          1.108 gcm_circular                0.752     1.00
transformer  1000 final   lowpass    in      4  4.000     0.005   15.081    0.009         0.004          1.415 gcm_circular                0.938     1.00
transformer  1000 final   lowpass    in      6  6.000     0.007   13.765    0.013         0.005          1.569 gcm_circular                0.938     1.00
transformer  1000 final   lowpass    in      8  8.000     0.009   13.779    0.009         0.005          1.664 gcm_circular                1.459     1.00
transformer  1000 final   lowpass    in     12 12.000     0.007   13.737    0.011         0.004          1.752  gcm_hamming                1.170     1.00
transformer  1000 final   lowpass    in     16 16.000     0.031    6.036    0.036         0.014         -4.142        rulex                0.752     0.88
transformer  1000 final   lowpass    in     24 24.000     0.127    3.751    0.047         0.040         -4.574        rulex                0.484     0.54
transformer  1000 final   lowpass    in     32 32.000     0.294    2.305    0.056         0.058         -4.243        rulex                3.527     0.50
transformer  1000 final   lowpass    in     48 48.000     0.904    0.276    0.568         0.128          2.675        rulex               16.541     0.82
transformer  1000 final   lowpass    in     74 74.000     0.992    0.029    0.998         0.002         10.308        rulex               40.000     1.00
transformer  1000 final   lowpass   out      0  0.000     0.007    5.004    0.007         0.009          0.000      uniform                0.200     0.00
transformer  1000 final   lowpass   out      1  1.000     0.007    5.031    0.011         0.002          0.208      uniform                0.200     1.00
transformer  1000 final   lowpass   out      2  2.000     0.007    5.056    0.018         0.002          0.400  gcm_hamming                0.200     1.00
transformer  1000 final   lowpass   out      3  3.000     0.004    5.081    0.031         0.000          0.619  gcm_hamming                0.200     1.00
transformer  1000 final   lowpass   out      4  4.000     0.007    5.103    0.040         0.000          0.820  gcm_hamming                0.200     1.00
transformer  1000 final   lowpass   out      6  6.000     0.005    5.166    0.072         0.004          1.340  gcm_hamming                0.200     1.00
transformer  1000 final   lowpass   out      8  8.000     0.005    5.219    0.088         0.004          1.723  gcm_hamming                0.249     1.00
transformer  1000 final   lowpass   out     12 12.000     0.004    5.337    0.204         0.002          2.686  gcm_hamming                0.311     1.00
transformer  1000 final   lowpass   out     16 16.000     0.019    4.353    0.254         0.002          3.094  gcm_hamming                0.249     1.00
transformer  1000 final   lowpass   out     24 24.000     0.070    3.600    0.445         0.002          4.264        rulex                0.200     1.00
transformer  1000 final   lowpass   out     32 32.000     0.195    2.648    0.591         0.002          5.326        rulex                2.828     1.00
transformer  1000 final   lowpass   out     48 48.000     0.915    0.280    0.885         0.020          6.057        rulex               20.627     0.98
transformer  1000 final   lowpass   out     74 74.000     0.992    0.029    0.998         0.002         10.308        rulex               40.000     1.00
transformer  1000 final   lowpass  both      0  0.000     0.007    5.004    0.007         0.009          0.000      uniform                0.200     0.00
transformer  1000 final   lowpass  both      1  1.000     0.007    5.021    0.013         0.002          0.002   gcm_linear                0.200     1.00
transformer  1000 final   lowpass  both      2  2.000     0.004    5.059    0.009         0.009          0.034  gcm_hamming                0.200     0.50
transformer  1000 final   lowpass  both      3  3.000     0.006    5.040    0.005         0.007          0.008   gcm_linear                0.200     0.00
transformer  1000 final   lowpass  both      4  4.000     0.007    5.071    0.004         0.014          0.034      uniform                0.249     0.00
transformer  1000 final   lowpass  both      6  6.000     0.011    5.039    0.004         0.020         -0.120 gcm_circular                0.938     0.00
transformer  1000 final   lowpass  both      8  8.000     0.008    5.085    0.005         0.004         -0.087      uniform                0.484     1.00
transformer  1000 final   lowpass  both     12 12.000     0.008    5.199    0.007         0.013          0.073 gcm_circular                0.938     0.00
transformer  1000 final   lowpass  both     16 16.000     0.036    3.846    0.016         0.029         -6.719         rule                0.484     0.30
transformer  1000 final   lowpass  both     24 24.000     0.217    2.329    0.014         0.137         -8.468         rule                1.170     0.08
transformer  1000 final   lowpass  both     32 32.000     0.434    1.378    0.013         0.202         -9.041        rulex                5.485     0.06
transformer  1000 final   lowpass  both     48 48.000     0.973    0.100    0.151         0.587         -3.576        rulex               25.722     0.20
transformer  1000 final   lowpass  both     74 74.000     0.992    0.029    0.998         0.002         10.308        rulex               40.000     1.00
transformer  1000 final      etop    in      0  0.000     0.992    0.029    0.998         0.002         10.308        rulex               40.000     1.00
transformer  1000 final      etop    in      1  0.050     0.980    0.069    0.971         0.007          8.370        rulex               40.000     0.98
transformer  1000 final      etop    in      2  0.100     0.954    0.155    0.854         0.023          6.544        rulex               32.076     0.98
transformer  1000 final      etop    in      3  0.200     0.874    0.390    0.719         0.050          5.362        rulex               16.541     0.94
transformer  1000 final      etop    in      4  0.300     0.723    0.877    0.476         0.043          3.880        rulex                8.530     0.92
transformer  1000 final      etop    in      6  0.400     0.432    2.027    0.359         0.023          3.460        rulex                2.268     0.94
transformer  1000 final      etop    in      7  0.500     0.220    3.342    0.250         0.011          2.745        rulex                1.170     0.98
transformer  1000 final      etop    in      9  0.600     0.033    8.177    0.169         0.004          6.139  gcm_hamming                0.603     1.00
transformer  1000 final      etop    in     10  0.700     0.013   12.002    0.186         0.000         10.482  gcm_hamming                0.752     1.00
transformer  1000 final      etop    in     21  0.800     0.009   13.525    0.061         0.002          6.080  gcm_hamming                0.752     1.00
transformer  1000 final      etop    in     41  0.900     0.006   14.686    0.023         0.004          3.054  gcm_hamming                0.200     1.00
transformer  1000 final      etop    in     56  0.950     0.006   15.132    0.014         0.005          1.688  gcm_hamming                0.249     1.00
transformer  1000 final      etop    in     74  1.000     0.006   17.626    0.018         0.007          0.499  gcm_hamming                0.200     1.00
transformer  1000 final      etop   out      0  0.000     0.992    0.029    0.998         0.002         10.308        rulex               40.000     1.00
transformer  1000 final      etop   out      1  0.050     0.974    0.099    0.996         0.002         10.889        rulex               40.000     1.00
transformer  1000 final      etop   out      2  0.100     0.894    0.350    0.989         0.000         11.512        rulex               16.541     1.00
transformer  1000 final      etop   out      3  0.200     0.733    0.823    0.982         0.000         11.942        rulex                8.530     1.00
transformer  1000 final      etop   out      5  0.300     0.283    2.487    0.986         0.000         12.876        rulex                2.268     1.00
transformer  1000 final      etop   out      6  0.400     0.126    3.466    0.984         0.000         13.226        rulex                1.170     1.00
transformer  1000 final      etop   out      8  0.500     0.009    5.534    0.975         0.000         13.943  gcm_hamming                0.603     1.00
transformer  1000 final      etop   out     10  0.600     0.001    6.908    0.980         0.000         14.013  gcm_hamming                0.938     1.00
transformer  1000 final      etop   out     22  0.700     0.001    6.433    0.951         0.000         10.882  gcm_hamming                0.752     1.00
transformer  1000 final      etop   out     37  0.800     0.002    5.955    0.876         0.000          7.413  gcm_hamming                0.752     1.00
transformer  1000 final      etop   out     55  0.900     0.003    5.466    0.546         0.000          3.644  gcm_hamming                0.603     1.00
transformer  1000 final      etop   out     64  0.950     0.004    5.239    0.220         0.000          1.824  gcm_hamming                0.388     1.00
transformer  1000 final      etop   out     74  1.000     0.007    5.004    0.007         0.009          0.000      uniform                0.200     0.00
transformer  1000 final      etop  both      0  0.000     0.992    0.029    0.998         0.002         10.308        rulex               40.000     1.00
transformer  1000 final      etop  both      1  0.050     0.911    0.275    0.964         0.000          9.314        rulex               20.627     1.00
transformer  1000 final      etop  both      2  0.100     0.816    0.541    0.834         0.011          6.783        rulex               10.637     0.98
transformer  1000 final      etop  both      3  0.200     0.704    0.923    0.670         0.018          5.183        rulex                8.530     0.98
transformer  1000 final      etop  both      4  0.300     0.573    1.309    0.449         0.023          2.672        rulex                4.398     0.96
transformer  1000 final      etop  both      6  0.400     0.149    3.191    0.335         0.004          3.351        rulex                0.200     1.00
transformer  1000 final      etop  both      7  0.500     0.049    4.238    0.294         0.004          2.824  gcm_hamming                0.484     1.00
transformer  1000 final      etop  both      9  0.600     0.004    6.582    0.272         0.002          5.511  gcm_hamming                0.388     1.00
transformer  1000 final      etop  both     10  0.700     0.004    6.502    0.202         0.000          4.779  gcm_hamming                0.752     1.00
transformer  1000 final      etop  both     21  0.800     0.006    5.875    0.043         0.000          1.990  gcm_hamming                0.484     1.00
transformer  1000 final      etop  both     41  0.900     0.006    5.354    0.020         0.004          0.501  gcm_hamming                0.200     1.00
transformer  1000 final      etop  both     56  0.950     0.007    5.162    0.014         0.011          0.123  gcm_hamming                0.311     1.00
transformer  1000 final      etop  both     74  1.000     0.007    5.004    0.007         0.009          0.000      uniform                0.200     0.00
transformer  1000 final   ebottom    in      0  0.000     0.992    0.029    0.998         0.002         10.308        rulex               40.000     1.00
transformer  1000 final   ebottom    in     19  0.050     0.994    0.023    0.996         0.002          9.321        rulex               40.000     1.00
transformer  1000 final   ebottom    in     34  0.100     0.995    0.019    0.991         0.007          8.262        rulex               40.000     0.98
transformer  1000 final   ebottom    in     54  0.200     0.997    0.012    0.935         0.061          5.853        rulex               40.000     0.94
transformer  1000 final   ebottom    in     65  0.300     0.996    0.016    0.667         0.288          2.054        rulex               40.000     0.70
transformer  1000 final   ebottom    in     66  0.400     0.992    0.032    0.438         0.449         -0.392        rulex               40.000     0.50
transformer  1000 final   ebottom    in     68  0.500     0.923    0.226    0.137         0.530         -4.964        rulex               16.541     0.20
transformer  1000 final   ebottom    in     69  0.600     0.866    0.399    0.094         0.499         -6.689        rulex               13.264     0.16
transformer  1000 final   ebottom    in     71  0.700     0.401    1.827    0.025         0.186         -8.605        rulex                2.828     0.12
transformer  1000 final   ebottom    in     72  0.800     0.150    3.212    0.025         0.077         -8.009        rulex                2.268     0.22
transformer  1000 final   ebottom    in     73  0.900     0.024    6.372    0.022         0.014         -5.320        rulex                0.200     0.68
transformer  1000 final   ebottom    in     74  0.950     0.006   17.626    0.018         0.007          0.499  gcm_hamming                0.200     1.00
transformer  1000 final   ebottom    in     74  1.000     0.006   17.626    0.018         0.007          0.499  gcm_hamming                0.200     1.00
transformer  1000 final   ebottom   out      0  0.000     0.992    0.029    0.998         0.002         10.308        rulex               40.000     1.00
transformer  1000 final   ebottom   out     11  0.050     0.995    0.019    0.995         0.005          8.298        rulex               40.000     0.98
transformer  1000 final   ebottom   out     20  0.100     0.997    0.014    0.969         0.031          6.473        rulex               40.000     0.96
transformer  1000 final   ebottom   out     38  0.200     0.999    0.008    0.764         0.222          2.659        rulex               40.000     0.78
transformer  1000 final   ebottom   out     53  0.300     0.999    0.005    0.350         0.605         -0.813        rulex               40.000     0.36
transformer  1000 final   ebottom   out     65  0.400     0.999    0.004    0.119         0.818         -3.779        rulex               40.000     0.12
transformer  1000 final   ebottom   out     67  0.500     0.997    0.026    0.090         0.741         -3.300        rulex               40.000     0.10
transformer  1000 final   ebottom   out     69  0.600     0.972    0.257    0.061         0.548         -2.568        rulex               25.722     0.10
transformer  1000 final   ebottom   out     70  0.700     0.731    1.015    0.041         0.279         -2.083        rulex                6.840     0.12
transformer  1000 final   ebottom   out     72  0.800     0.280    2.650    0.013         0.058         -1.204        rulex                1.170     0.16
transformer  1000 final   ebottom   out     73  0.900     0.049    3.828    0.007         0.023         -0.581         rule                0.200     0.14
transformer  1000 final   ebottom   out     74  0.950     0.007    5.004    0.007         0.009          0.000      uniform                0.200     0.00
transformer  1000 final   ebottom   out     74  1.000     0.007    5.004    0.007         0.009          0.000      uniform                0.200     0.00
transformer  1000 final   ebottom  both      0  0.000     0.992    0.029    0.998         0.002         10.308        rulex               40.000     1.00
transformer  1000 final   ebottom  both     19  0.050     0.996    0.015    0.982         0.016          7.335        rulex               40.000     0.98
transformer  1000 final   ebottom  both     34  0.100     0.998    0.009    0.901         0.094          4.544        rulex               40.000     0.90
transformer  1000 final   ebottom  both     54  0.200     1.000    0.003    0.337         0.632         -1.196        rulex               40.000     0.34
transformer  1000 final   ebottom  both     65  0.300     1.000    0.003    0.041         0.915         -7.065        rulex               40.000     0.04
transformer  1000 final   ebottom  both     66  0.400     1.000    0.005    0.004         0.966        -11.027         rule               40.000     0.02
transformer  1000 final   ebottom  both     68  0.500     0.782    0.545    0.009         0.580        -11.213         rule                8.530     0.02
transformer  1000 final   ebottom  both     69  0.600     0.641    0.832    0.005         0.495        -11.774         rule                5.485     0.00
transformer  1000 final   ebottom  both     71  0.700     0.723    0.908    0.002         0.694        -13.142         rule                6.840     0.00
transformer  1000 final   ebottom  both     72  0.800     0.049    3.627    0.005         0.049         -5.798         rule                0.200     0.00
transformer  1000 final   ebottom  both     73  0.900     0.005    5.282    0.011         0.005          0.182  gcm_hamming                0.200     1.00
transformer  1000 final   ebottom  both     74  0.950     0.007    5.004    0.007         0.009          0.000      uniform                0.200     0.00
transformer  1000 final   ebottom  both     74  1.000     0.007    5.004    0.007         0.009          0.000      uniform                0.200     0.00
transformer  1000 final     erand    in      0  0.000     0.992    0.029    0.998         0.002         10.308        rulex               40.000     1.00
transformer  1000 final     erand    in      7  0.050     0.990    0.041    0.977         0.014          7.683        rulex               40.000     0.98
transformer  1000 final     erand    in      7  0.100     0.990    0.041    0.977         0.014          7.683        rulex               40.000     0.98
transformer  1000 final     erand    in     14  0.200     0.961    0.137    0.730         0.108          4.343        rulex               32.076     0.88
transformer  1000 final     erand    in     20  0.300     0.881    0.347    0.456         0.139          1.906        rulex               16.541     0.76
transformer  1000 final     erand    in     21  0.400     0.680    0.929    0.261         0.086          0.188        rulex                8.530     0.76
transformer  1000 final     erand    in     34  0.500     0.656    0.988    0.171         0.106         -1.766        rulex                8.530     0.62
transformer  1000 final     erand    in     43  0.600     0.339    2.202    0.068         0.070         -3.978        rulex                0.200     0.50
transformer  1000 final     erand    in     55  0.700     0.176    3.017    0.047         0.045         -5.969        rulex                0.200     0.52
transformer  1000 final     erand    in     60  0.800     0.126    3.572    0.036         0.031         -6.314        rulex                0.200     0.54
transformer  1000 final     erand    in     69  0.900     0.027    6.000    0.020         0.014         -4.932         rule                0.200     0.64
transformer  1000 final     erand    in     72  0.950     0.006   14.724    0.007         0.004          1.148  gcm_hamming                0.200     1.00
transformer  1000 final     erand    in     74  1.000     0.006   17.626    0.018         0.007          0.499  gcm_hamming                0.200     1.00
transformer  1000 final     erand    in      0  0.000     0.992    0.029    0.998         0.002         10.308        rulex               40.000     1.00
transformer  1000 final     erand    in      1  0.050     0.978    0.073    0.975         0.004          8.582        rulex               40.000     1.00
transformer  1000 final     erand    in      8  0.100     0.980    0.068    0.960         0.013          8.054        rulex               40.000     0.98
transformer  1000 final     erand    in     14  0.200     0.924    0.253    0.697         0.077          4.845        rulex               25.722     0.90
transformer  1000 final     erand    in     19  0.300     0.934    0.223    0.647         0.095          3.708        rulex               25.722     0.88
transformer  1000 final     erand    in     29  0.400     0.899    0.321    0.470         0.137          1.590        rulex               20.627     0.78
transformer  1000 final     erand    in     35  0.500     0.425    1.802    0.126         0.065         -2.240        rulex                0.200     0.66
transformer  1000 final     erand    in     40  0.600     0.324    2.290    0.056         0.056         -5.129        rulex                0.938     0.50
transformer  1000 final     erand    in     52  0.700     0.337    2.210    0.038         0.099         -6.620        rulex                1.459     0.28
transformer  1000 final     erand    in     62  0.800     0.098    3.756    0.031         0.036         -7.392        rulex                0.200     0.46
transformer  1000 final     erand    in     66  0.900     0.006   14.944    0.011         0.007          1.161  gcm_hamming                0.603     1.00
transformer  1000 final     erand    in     66  0.950     0.006   14.944    0.011         0.007          1.161  gcm_hamming                0.603     1.00
transformer  1000 final     erand    in     74  1.000     0.006   17.626    0.018         0.007          0.499  gcm_hamming                0.200     1.00
transformer  1000 final     erand    in      0  0.000     0.992    0.029    0.998         0.002         10.308        rulex               40.000     1.00
transformer  1000 final     erand    in      7  0.050     0.994    0.024    0.996         0.004          9.263        rulex               40.000     1.00
transformer  1000 final     erand    in      9  0.100     0.989    0.037    0.973         0.016          7.740        rulex               40.000     0.98
transformer  1000 final     erand    in     19  0.200     0.962    0.121    0.825         0.072          4.964        rulex               32.076     0.92
transformer  1000 final     erand    in     26  0.300     0.892    0.304    0.573         0.095          3.242        rulex               16.541     0.86
transformer  1000 final     erand    in     29  0.400     0.808    0.554    0.348         0.130          1.475        rulex                8.530     0.72
transformer  1000 final     erand    in     32  0.500     0.607    1.245    0.150         0.090         -1.891        rulex                6.840     0.62
transformer  1000 final     erand    in     47  0.600     0.629    1.154    0.101         0.160         -4.173        rulex                6.840     0.38
transformer  1000 final     erand    in     56  0.700     0.397    2.052    0.056         0.135         -6.269        rulex                3.527     0.28
transformer  1000 final     erand    in     62  0.800     0.028    5.988    0.014         0.018         -4.739         rule                0.603     0.40
transformer  1000 final     erand    in     70  0.900     0.025    6.219    0.023         0.014         -5.117        rulex                0.200     0.72
transformer  1000 final     erand    in     73  0.950     0.008   15.481    0.007         0.009          0.521  gcm_hamming                0.200     0.00
transformer  1000 final     erand    in     74  1.000     0.006   17.626    0.018         0.007          0.499  gcm_hamming                0.200     1.00
transformer  1000 final     erand   out      0  0.000     0.992    0.029    0.998         0.002         10.308        rulex               40.000     1.00
transformer  1000 final     erand   out      7  0.050     0.987    0.051    0.998         0.002          9.296        rulex               40.000     1.00
transformer  1000 final     erand   out      9  0.100     0.988    0.049    0.995         0.004          8.869        rulex               40.000     1.00
transformer  1000 final     erand   out     14  0.200     0.929    0.266    0.971         0.004          8.918        rulex               25.722     1.00
transformer  1000 final     erand   out     20  0.300     0.792    0.678    0.935         0.002          8.380        rulex               13.264     1.00
transformer  1000 final     erand   out     21  0.400     0.506    1.521    0.912         0.000          8.830        rulex                5.485     1.00
transformer  1000 final     erand   out     37  0.500     0.604    1.232    0.737         0.002          5.198        rulex                6.840     1.00
transformer  1000 final     erand   out     43  0.600     0.282    2.128    0.636         0.005          4.533        rulex                0.200     1.00
transformer  1000 final     erand   out     55  0.700     0.125    2.946    0.434         0.000          2.807        rulex                0.200     1.00
transformer  1000 final     erand   out     60  0.800     0.100    3.194    0.323         0.002          1.841        rulex                0.200     1.00
transformer  1000 final     erand   out     69  0.900     0.030    4.035    0.088         0.002          0.481        rulex                0.200     1.00
transformer  1000 final     erand   out     72  0.950     0.005    5.054    0.029         0.005          0.404  gcm_hamming                0.249     1.00
transformer  1000 final     erand   out     74  1.000     0.007    5.004    0.007         0.009          0.000      uniform                0.200     0.00
transformer  1000 final     erand   out      0  0.000     0.992    0.029    0.998         0.002         10.308        rulex               40.000     1.00
transformer  1000 final     erand   out      1  0.050     0.974    0.099    0.996         0.002         10.889        rulex               40.000     1.00
transformer  1000 final     erand   out      6  0.100     0.976    0.085    0.996         0.002          9.825        rulex               40.000     1.00
transformer  1000 final     erand   out     13  0.200     0.940    0.213    0.984         0.002          8.997        rulex               25.722     1.00
transformer  1000 final     erand   out     19  0.300     0.900    0.387    0.962         0.004          8.210        rulex               20.627     1.00
transformer  1000 final     erand   out     29  0.400     0.863    0.531    0.901         0.005          6.409        rulex               16.541     1.00
transformer  1000 final     erand   out     35  0.500     0.309    2.049    0.816         0.000          6.371        rulex                0.200     1.00
transformer  1000 final     erand   out     40  0.600     0.230    2.481    0.708         0.000          5.323        rulex                0.200     1.00
transformer  1000 final     erand   out     55  0.700     0.320    2.149    0.342         0.013          2.072        rulex                0.200     0.98
transformer  1000 final     erand   out     62  0.800     0.080    3.144    0.223         0.005          1.177        rulex                0.200     1.00
transformer  1000 final     erand   out     66  0.900     0.004    5.219    0.204         0.000          1.719  gcm_hamming                0.249     1.00
transformer  1000 final     erand   out     66  0.950     0.004    5.219    0.204         0.000          1.719  gcm_hamming                0.249     1.00
transformer  1000 final     erand   out     74  1.000     0.007    5.004    0.007         0.009          0.000      uniform                0.200     0.00
transformer  1000 final     erand   out      0  0.000     0.992    0.029    0.998         0.002         10.308        rulex               40.000     1.00
transformer  1000 final     erand   out      8  0.050     0.995    0.021    0.993         0.007          8.414        rulex               40.000     0.98
transformer  1000 final     erand   out      9  0.100     0.991    0.038    0.991         0.004          8.558        rulex               40.000     1.00
transformer  1000 final     erand   out     19  0.200     0.972    0.118    0.966         0.005          7.097        rulex               40.000     0.98
transformer  1000 final     erand   out     26  0.300     0.917    0.294    0.905         0.011          6.074        rulex               20.627     0.98
transformer  1000 final     erand   out     30  0.400     0.817    0.604    0.827         0.004          5.753        rulex               10.637     1.00
transformer  1000 final     erand   out     32  0.500     0.492    1.616    0.775         0.000          6.109        rulex                4.398     1.00
transformer  1000 final     erand   out     47  0.600     0.611    1.320    0.492         0.009          2.917        rulex                5.485     0.98
transformer  1000 final     erand   out     54  0.700     0.354    2.124    0.341         0.002          2.078        rulex                2.828     1.00
transformer  1000 final     erand   out     59  0.800     0.105    3.228    0.252         0.000          1.744        rulex                0.200     1.00
transformer  1000 final     erand   out     69  0.900     0.036    3.933    0.061         0.004          0.252        rulex                0.311     1.00
transformer  1000 final     erand   out     73  0.950     0.007    5.029    0.009         0.004          0.198      uniform                0.388     1.00
transformer  1000 final     erand   out     74  1.000     0.007    5.004    0.007         0.009          0.000      uniform                0.200     0.00
transformer  1000 final     erand  both      0  0.000     0.992    0.029    0.998         0.002         10.308        rulex               40.000     1.00
transformer  1000 final     erand  both      7  0.050     0.970    0.108    0.968         0.009          8.035        rulex               40.000     0.98
transformer  1000 final     erand  both      7  0.100     0.974    0.096    0.941         0.018          7.077        rulex               40.000     0.98
transformer  1000 final     erand  both     14  0.200     0.864    0.447    0.505         0.097          2.654        rulex               13.264     0.84
transformer  1000 final     erand  both     20  0.300     0.307    2.200    0.382         0.011          3.041        rulex                3.527     0.98
transformer  1000 final     erand  both     21  0.400     0.152    3.177    0.243         0.005          1.824        rulex                1.459     1.00
transformer  1000 final     erand  both     34  0.500     0.033    4.587    0.249         0.005          2.865  gcm_hamming                1.170     1.00
transformer  1000 final     erand  both     43  0.600     0.009    5.787    0.191         0.000          3.327  gcm_hamming                0.388     1.00
transformer  1000 final     erand  both     55  0.700     0.006    5.619    0.061         0.000          1.727  gcm_hamming                0.200     1.00
transformer  1000 final     erand  both     60  0.800     0.009    5.297    0.041         0.005          0.725  gcm_hamming                0.249     1.00
transformer  1000 final     erand  both     69  0.900     0.007    5.237    0.016         0.009          0.234      uniform                0.200     1.00
transformer  1000 final     erand  both     72  0.950     0.008    5.107    0.009         0.005          0.042  gcm_hamming                0.200     1.00
transformer  1000 final     erand  both     74  1.000     0.007    5.004    0.007         0.009          0.000      uniform                0.200     0.00
transformer  1000 final     erand  both      0  0.000     0.992    0.029    0.998         0.002         10.308        rulex               40.000     1.00
transformer  1000 final     erand  both      1  0.050     0.958    0.148    0.962         0.009          8.491        rulex               32.076     0.98
transformer  1000 final     erand  both      8  0.100     0.964    0.129    0.942         0.016          7.383        rulex               32.076     0.98
transformer  1000 final     erand  both     14  0.200     0.615    1.200    0.569         0.013          4.861        rulex                4.398     0.98
transformer  1000 final     erand  both     19  0.300     0.680    0.966    0.315         0.065          1.146        rulex                4.398     0.84
transformer  1000 final     erand  both     29  0.400     0.583    1.277    0.142         0.090         -1.533        rulex                4.398     0.62
transformer  1000 final     erand  both     35  0.500     0.166    3.155    0.094         0.047         -1.995        rulex                0.200     0.68
transformer  1000 final     erand  both     40  0.600     0.053    4.218    0.038         0.005         -2.450        rulex                0.484     0.96
transformer  1000 final     erand  both     52  0.700     0.068    3.912    0.013         0.027         -3.987         rule                0.200     0.28
transformer  1000 final     erand  both     62  0.800     0.008    5.350    0.020         0.004          0.558  gcm_hamming                0.200     1.00
transformer  1000 final     erand  both     66  0.900     0.006    5.777    0.007         0.005          0.205      uniform                0.200     1.00
transformer  1000 final     erand  both     66  0.950     0.007    5.004    0.007         0.009          0.000      uniform                0.200     0.00
transformer  1000 final     erand  both     74  1.000     0.007    5.004    0.007         0.009          0.000      uniform                0.200     0.00
transformer  1000 final     erand  both      0  0.000     0.992    0.029    0.998         0.002         10.308        rulex               40.000     1.00
transformer  1000 final     erand  both      7  0.050     0.984    0.067    0.993         0.004          8.463        rulex               40.000     1.00
transformer  1000 final     erand  both      9  0.100     0.959    0.138    0.955         0.011          7.204        rulex               32.076     0.98
transformer  1000 final     erand  both     19  0.200     0.711    0.792    0.728         0.022          4.868        rulex               10.637     0.98
transformer  1000 final     erand  both     26  0.300     0.675    0.836    0.332         0.106          0.873        rulex                8.530     0.76
transformer  1000 final     erand  both     29  0.400     0.266    2.332    0.258         0.020          1.433        rulex                3.527     0.94
transformer  1000 final     erand  both     32  0.500     0.024    4.896    0.220         0.000          3.014  gcm_hamming                0.388     1.00
transformer  1000 final     erand  both     47  0.600     0.023    4.476    0.099         0.002          0.577  gcm_hamming                0.200     1.00
transformer  1000 final     erand  both     56  0.700     0.006    5.786    0.085         0.002          1.988  gcm_hamming                0.388     1.00
transformer  1000 final     erand  both     62  0.800     0.006    5.556    0.022         0.004          0.590      uniform                0.484     1.00
transformer  1000 final     erand  both     70  0.900     0.010    5.400    0.023         0.009          0.328  gcm_hamming                0.311     1.00
transformer  1000 final     erand  both     73  0.950     0.009    5.064    0.009         0.004          0.013      uniform                0.311     1.00
transformer  1000 final     erand  both     74  1.000     0.007    5.004    0.007         0.009          0.000      uniform                0.200     0.00
transformer  1000 final      topk    in     41  0.000     0.992    0.029    0.998         0.002         10.308        rulex               40.000     1.00
transformer  1000 final      topk    in     41  0.250     0.990    0.037    0.998         0.002         10.578        rulex               40.000     1.00
transformer  1000 final      topk    in     41  0.500     0.982    0.061    0.998         0.002         11.033        rulex               40.000     1.00
transformer  1000 final      topk    in     41  0.750     0.901    0.340    0.980         0.000         11.490        rulex               20.627     1.00
transformer  1000 final      topk    in     41  1.000     0.006   14.686    0.023         0.004          3.054  gcm_hamming                0.200     1.00
transformer  1000 final      topk   out     55  0.000     0.992    0.029    0.998         0.002         10.308        rulex               40.000     1.00
transformer  1000 final      topk   out     55  0.250     0.989    0.056    0.998         0.002          8.642        rulex               40.000     1.00
transformer  1000 final      topk   out     55  0.500     0.977    0.217    0.998         0.002          6.976        rulex               40.000     1.00
transformer  1000 final      topk   out     55  0.750     0.846    1.432    0.998         0.000          5.310        rulex               16.541     1.00
transformer  1000 final      topk   out     55  1.000     0.003    5.466    0.546         0.000          3.644  gcm_hamming                0.603     1.00
transformer  1000 final      topk  both     41  0.000     0.992    0.029    0.998         0.002         10.308        rulex               40.000     1.00
transformer  1000 final      topk  both     41  0.250     0.981    0.083    0.998         0.002          9.571        rulex               40.000     1.00
transformer  1000 final      topk  both     41  0.500     0.924    0.417    1.000         0.000          8.758        rulex               25.722     1.00
transformer  1000 final      topk  both     41  0.750     0.437    2.376    0.993         0.000          7.381        rulex                4.398     1.00
transformer  1000 final      topk  both     41  1.000     0.005    5.643    0.025         0.002          0.891  gcm_hamming                0.200     1.00
transformer  1000 final     randk    in     33  0.000     0.992    0.029    0.998         0.002         10.308        rulex               40.000     1.00
transformer  1000 final     randk    in     33  0.250     0.993    0.025    0.998         0.002          9.889        rulex               40.000     1.00
transformer  1000 final     randk    in     33  0.500     0.994    0.022    0.996         0.002          9.422        rulex               40.000     1.00
transformer  1000 final     randk    in     33  0.750     0.995    0.020    0.995         0.004          8.907        rulex               40.000     1.00
transformer  1000 final     randk    in     33  1.000     0.995    0.019    0.989         0.009          8.344        rulex               40.000     0.98
transformer  1000 final     randk    in     33  0.000     0.992    0.029    0.998         0.002         10.308        rulex               40.000     1.00
transformer  1000 final     randk    in     33  0.250     0.993    0.025    0.998         0.002          9.889        rulex               40.000     1.00
transformer  1000 final     randk    in     33  0.500     0.994    0.022    0.996         0.002          9.422        rulex               40.000     1.00
transformer  1000 final     randk    in     33  0.750     0.995    0.020    0.995         0.004          8.907        rulex               40.000     1.00
transformer  1000 final     randk    in     33  1.000     0.995    0.019    0.989         0.009          8.344        rulex               40.000     0.98
transformer  1000 final     randk    in     33  0.000     0.992    0.029    0.998         0.002         10.308        rulex               40.000     1.00
transformer  1000 final     randk    in     33  0.250     0.993    0.025    0.998         0.002          9.889        rulex               40.000     1.00
transformer  1000 final     randk    in     33  0.500     0.994    0.022    0.996         0.002          9.422        rulex               40.000     1.00
transformer  1000 final     randk    in     33  0.750     0.995    0.020    0.995         0.004          8.907        rulex               40.000     1.00
transformer  1000 final     randk    in     33  1.000     0.995    0.019    0.989         0.009          8.344        rulex               40.000     0.98
transformer  1000 final     randk   out     19  0.000     0.992    0.029    0.998         0.002         10.308        rulex               40.000     1.00
transformer  1000 final     randk   out     19  0.250     0.994    0.023    0.998         0.002          9.397        rulex               40.000     1.00
transformer  1000 final     randk   out     19  0.500     0.995    0.019    0.998         0.002          8.486        rulex               40.000     1.00
transformer  1000 final     randk   out     19  0.750     0.996    0.016    0.989         0.011          7.575        rulex               40.000     0.98
transformer  1000 final     randk   out     19  1.000     0.997    0.015    0.978         0.022          6.664        rulex               40.000     0.98
transformer  1000 final     randk   out     19  0.000     0.992    0.029    0.998         0.002         10.308        rulex               40.000     1.00
transformer  1000 final     randk   out     19  0.250     0.994    0.023    0.998         0.002          9.397        rulex               40.000     1.00
transformer  1000 final     randk   out     19  0.500     0.995    0.019    0.998         0.002          8.486        rulex               40.000     1.00
transformer  1000 final     randk   out     19  0.750     0.996    0.016    0.989         0.011          7.575        rulex               40.000     0.98
transformer  1000 final     randk   out     19  1.000     0.997    0.015    0.978         0.022          6.664        rulex               40.000     0.98
transformer  1000 final     randk   out     19  0.000     0.992    0.029    0.998         0.002         10.308        rulex               40.000     1.00
transformer  1000 final     randk   out     19  0.250     0.994    0.023    0.998         0.002          9.397        rulex               40.000     1.00
transformer  1000 final     randk   out     19  0.500     0.995    0.019    0.998         0.002          8.486        rulex               40.000     1.00
transformer  1000 final     randk   out     19  0.750     0.996    0.016    0.989         0.011          7.575        rulex               40.000     0.98
transformer  1000 final     randk   out     19  1.000     0.997    0.015    0.978         0.022          6.664        rulex               40.000     0.98
transformer  1000 final     randk  both     33  0.000     0.992    0.029    0.998         0.002         10.308        rulex               40.000     1.00
transformer  1000 final     randk  both     33  0.250     0.996    0.017    0.998         0.002          8.255        rulex               40.000     1.00
transformer  1000 final     randk  both     33  0.500     0.998    0.010    0.968         0.031          6.175        rulex               40.000     0.96
transformer  1000 final     randk  both     33  0.750     0.999    0.007    0.897         0.095          4.077        rulex               40.000     0.90
transformer  1000 final     randk  both     33  1.000     0.999    0.006    0.679         0.306          1.973        rulex               40.000     0.68
transformer  1000 final     randk  both     33  0.000     0.992    0.029    0.998         0.002         10.308        rulex               40.000     1.00
transformer  1000 final     randk  both     33  0.250     0.996    0.017    0.998         0.002          8.255        rulex               40.000     1.00
transformer  1000 final     randk  both     33  0.500     0.998    0.010    0.968         0.031          6.175        rulex               40.000     0.96
transformer  1000 final     randk  both     33  0.750     0.999    0.007    0.897         0.095          4.077        rulex               40.000     0.90
transformer  1000 final     randk  both     33  1.000     0.999    0.006    0.679         0.306          1.973        rulex               40.000     0.68
transformer  1000 final     randk  both     33  0.000     0.992    0.029    0.998         0.002         10.308        rulex               40.000     1.00
transformer  1000 final     randk  both     33  0.250     0.996    0.017    0.998         0.002          8.255        rulex               40.000     1.00
transformer  1000 final     randk  both     33  0.500     0.998    0.010    0.968         0.031          6.175        rulex               40.000     0.96
transformer  1000 final     randk  both     33  0.750     0.999    0.007    0.897         0.095          4.077        rulex               40.000     0.90
transformer  1000 final     randk  both     33  1.000     0.999    0.006    0.679         0.306          1.973        rulex               40.000     0.68
transformer  1000 final  residual    in     33  0.000     0.992    0.029    0.998         0.002         10.308        rulex               40.000     1.00
transformer  1000 final  residual    in     33  0.250     0.993    0.025    0.998         0.002          9.889        rulex               40.000     1.00
transformer  1000 final  residual    in     33  0.500     0.994    0.022    0.996         0.002          9.422        rulex               40.000     1.00
transformer  1000 final  residual    in     33  0.750     0.995    0.020    0.995         0.004          8.907        rulex               40.000     1.00
transformer  1000 final  residual    in     33  1.000     0.995    0.019    0.989         0.009          8.344        rulex               40.000     0.98
transformer  1000 final  residual   out     19  0.000     0.992    0.029    0.998         0.002         10.308        rulex               40.000     1.00
transformer  1000 final  residual   out     19  0.250     0.994    0.023    0.998         0.002          9.397        rulex               40.000     1.00
transformer  1000 final  residual   out     19  0.500     0.995    0.019    0.998         0.002          8.486        rulex               40.000     1.00
transformer  1000 final  residual   out     19  0.750     0.996    0.016    0.989         0.011          7.575        rulex               40.000     0.98
transformer  1000 final  residual   out     19  1.000     0.997    0.015    0.978         0.022          6.664        rulex               40.000     0.98
transformer  1000 final  residual  both     33  0.000     0.992    0.029    0.998         0.002         10.308        rulex               40.000     1.00
transformer  1000 final  residual  both     33  0.250     0.996    0.017    0.998         0.002          8.255        rulex               40.000     1.00
transformer  1000 final  residual  both     33  0.500     0.998    0.010    0.968         0.031          6.175        rulex               40.000     0.96
transformer  1000 final  residual  both     33  0.750     0.999    0.007    0.897         0.095          4.077        rulex               40.000     0.90
transformer  1000 final  residual  both     33  1.000     0.999    0.006    0.679         0.306          1.973        rulex               40.000     0.68
transformer  1000 final   neurons units      0  0.000     0.992    0.029    0.998         0.002         10.308        rulex               40.000     1.00
transformer  1000 final   neurons units      1  0.001     0.992    0.028    0.998         0.002         10.267        rulex               40.000     1.00
transformer  1000 final   neurons units      2  0.001     0.993    0.028    0.998         0.002         10.227        rulex               40.000     1.00
transformer  1000 final   neurons units      4  0.003     0.992    0.028    0.998         0.002         10.151        rulex               40.000     1.00
transformer  1000 final   neurons units      8  0.005     0.993    0.028    0.998         0.002         10.008        rulex               40.000     1.00
transformer  1000 final   neurons units     16  0.010     0.993    0.027    0.998         0.002          9.737        rulex               40.000     1.00
transformer  1000 final   neurons units     32  0.021     0.993    0.026    0.996         0.004          9.246        rulex               40.000     1.00
transformer  1000 final   neurons units     64  0.042     0.994    0.024    0.991         0.009          8.362        rulex               40.000     0.98
transformer  1000 final   neurons units    128  0.083     0.994    0.022    0.971         0.025          6.816        rulex               40.000     0.98
transformer  1000 final   neurons units    256  0.167     0.995    0.022    0.863         0.121          4.214        rulex               40.000     0.88
transformer  1000 final   neurons units    512  0.333     0.995    0.023    0.627         0.330          1.380        rulex               40.000     0.66
transformer  1000 final randunits units      0  0.000     0.992    0.029    0.998         0.002         10.308        rulex               40.000     1.00
transformer  1000 final randunits units      1  0.001     0.992    0.028    0.998         0.002         10.302        rulex               40.000     1.00
transformer  1000 final randunits units      2  0.001     0.992    0.029    0.998         0.002         10.296        rulex               40.000     1.00
transformer  1000 final randunits units      4  0.003     0.992    0.029    0.998         0.002         10.266        rulex               40.000     1.00
transformer  1000 final randunits units      8  0.005     0.992    0.030    0.998         0.002         10.383        rulex               40.000     1.00
transformer  1000 final randunits units     16  0.010     0.992    0.029    0.998         0.002         10.214        rulex               40.000     1.00
transformer  1000 final randunits units     32  0.021     0.992    0.030    0.998         0.002         10.227        rulex               40.000     1.00
transformer  1000 final randunits units     64  0.042     0.991    0.031    0.998         0.002         10.184        rulex               40.000     1.00
transformer  1000 final randunits units    128  0.083     0.989    0.037    0.998         0.002         10.136        rulex               40.000     1.00
transformer  1000 final randunits units    256  0.167     0.983    0.059    0.998         0.002         10.177        rulex               40.000     1.00
transformer  1000 final randunits units    512  0.333     0.966    0.119    0.995         0.004          9.872        rulex               40.000     1.00
transformer  1000 final randunits units      0  0.000     0.992    0.029    0.998         0.002         10.308        rulex               40.000     1.00
transformer  1000 final randunits units      1  0.001     0.992    0.029    0.998         0.002         10.281        rulex               40.000     1.00
transformer  1000 final randunits units      2  0.001     0.992    0.029    0.998         0.002         10.297        rulex               40.000     1.00
transformer  1000 final randunits units      4  0.003     0.992    0.029    0.998         0.002         10.310        rulex               40.000     1.00
transformer  1000 final randunits units      8  0.005     0.992    0.029    0.998         0.002         10.324        rulex               40.000     1.00
transformer  1000 final randunits units     16  0.010     0.992    0.029    0.998         0.002         10.270        rulex               40.000     1.00
transformer  1000 final randunits units     32  0.021     0.992    0.030    0.998         0.002         10.233        rulex               40.000     1.00
transformer  1000 final randunits units     64  0.042     0.990    0.035    0.998         0.002         10.205        rulex               40.000     1.00
transformer  1000 final randunits units    128  0.083     0.989    0.040    0.998         0.002         10.185        rulex               40.000     1.00
transformer  1000 final randunits units    256  0.167     0.983    0.059    0.998         0.002         10.230        rulex               40.000     1.00
transformer  1000 final randunits units    512  0.333     0.966    0.119    0.996         0.002          9.470        rulex               40.000     1.00
transformer  1000 final randunits units      0  0.000     0.992    0.029    0.998         0.002         10.308        rulex               40.000     1.00
transformer  1000 final randunits units      1  0.001     0.992    0.029    0.998         0.002         10.317        rulex               40.000     1.00
transformer  1000 final randunits units      2  0.001     0.992    0.029    0.998         0.002         10.310        rulex               40.000     1.00
transformer  1000 final randunits units      4  0.003     0.992    0.029    0.998         0.002         10.315        rulex               40.000     1.00
transformer  1000 final randunits units      8  0.005     0.992    0.029    0.998         0.002         10.303        rulex               40.000     1.00
transformer  1000 final randunits units     16  0.010     0.992    0.030    0.998         0.002         10.263        rulex               40.000     1.00
transformer  1000 final randunits units     32  0.021     0.991    0.032    0.998         0.002         10.287        rulex               40.000     1.00
transformer  1000 final randunits units     64  0.042     0.991    0.033    0.998         0.002         10.304        rulex               40.000     1.00
transformer  1000 final randunits units    128  0.083     0.989    0.039    0.996         0.002         10.111        rulex               40.000     1.00
transformer  1000 final randunits units    256  0.167     0.982    0.060    0.995         0.004         10.124        rulex               40.000     1.00
transformer  1000 final randunits units    512  0.333     0.971    0.105    0.987         0.005          9.270        rulex               40.000     0.98
transformer  1001 final      none     -      0  0.000     0.981    0.083    0.991         0.004          9.370        rulex               40.000     1.00
transformer  1001 final   lowpass    in      0  0.000     0.007   16.511    0.004         0.005         -0.433      uniform                0.200     0.00
transformer  1001 final   lowpass    in      1  1.000     0.006   14.211    0.005         0.005         -0.143      uniform                0.200     0.50
transformer  1001 final   lowpass    in      2  2.000     0.006   13.525    0.007         0.005          0.043  gcm_hamming                0.200     1.00
transformer  1001 final   lowpass    in      3  3.000     0.015    7.899    0.009         0.009         -2.431         rule                1.170     0.50
transformer  1001 final   lowpass    in      4  4.000     0.015    7.837    0.013         0.013         -2.414         rule                1.170     0.50
transformer  1001 final   lowpass    in      6  6.000     0.018    7.251    0.005         0.013         -2.553         rule                1.170     0.14
transformer  1001 final   lowpass    in      8  8.000     0.017    7.225    0.009         0.013         -2.491         rule                1.170     0.36
transformer  1001 final   lowpass    in     12 12.000     0.043    5.890    0.018         0.020         -3.188        rulex                0.752     0.46
transformer  1001 final   lowpass    in     16 16.000     0.298    2.686    0.041         0.108         -4.568        rulex                5.485     0.26
transformer  1001 final   lowpass    in     24 24.000     0.311    2.572    0.058         0.079         -3.899        rulex                6.840     0.42
transformer  1001 final   lowpass    in     32 32.000     0.787    0.636    0.348         0.189         -0.011        rulex               20.627     0.64
transformer  1001 final   lowpass    in     48 48.000     0.914    0.270    0.746         0.090          4.466        rulex               40.000     0.90
transformer  1001 final   lowpass    in     74 74.000     0.981    0.083    0.991         0.004          9.370        rulex               40.000     1.00
transformer  1001 final   lowpass   out      0  0.000     0.007    5.004    0.005         0.004          0.000      uniform                0.200     1.00
transformer  1001 final   lowpass   out      1  1.000     0.005    5.021    0.013         0.005          0.176      uniform                0.249     1.00
transformer  1001 final   lowpass   out      2  2.000     0.007    5.039    0.029         0.005          0.375  gcm_hamming                0.200     1.00
transformer  1001 final   lowpass   out      3  3.000     0.033    4.193    0.040         0.009          0.209        rulex                0.249     0.94
transformer  1001 final   lowpass   out      4  4.000     0.032    4.213    0.049         0.005          0.362        rulex                0.200     1.00
transformer  1001 final   lowpass   out      6  6.000     0.031    4.239    0.085         0.009          0.872        rulex                0.200     1.00
transformer  1001 final   lowpass   out      8  8.000     0.026    4.281    0.081         0.004          1.224        rulex                0.200     1.00
transformer  1001 final   lowpass   out     12 12.000     0.110    3.200    0.097         0.009          1.109        rulex                0.200     0.96
transformer  1001 final   lowpass   out     16 16.000     0.641    1.434    0.191         0.094          0.783        rulex               10.637     0.68
transformer  1001 final   lowpass   out     24 24.000     0.568    1.508    0.414         0.031          2.435        rulex               10.637     0.94
transformer  1001 final   lowpass   out     32 32.000     0.940    0.290    0.668         0.094          3.125        rulex               25.722     0.88
transformer  1001 final   lowpass   out     48 48.000     0.982    0.089    0.877         0.081          4.945        rulex               40.000     0.92
transformer  1001 final   lowpass   out     74 74.000     0.981    0.083    0.991         0.004          9.370        rulex               40.000     1.00
transformer  1001 final   lowpass  both      0  0.000     0.007    5.004    0.005         0.004          0.000      uniform                0.200     1.00
transformer  1001 final   lowpass  both      1  1.000     0.005    5.046    0.011         0.004          0.021      uniform                0.200     1.00
transformer  1001 final   lowpass  both      2  2.000     0.007    5.053    0.009         0.005          0.021      uniform                0.200     1.00
transformer  1001 final   lowpass  both      3  3.000     0.014    5.923    0.007         0.016         -3.666         rule                0.200     0.16
transformer  1001 final   lowpass  both      4  4.000     0.014    5.816    0.013         0.016         -3.747         rule                0.200     0.38
transformer  1001 final   lowpass  both      6  6.000     0.017    5.220    0.007         0.011         -4.217         rule                0.484     0.32
transformer  1001 final   lowpass  both      8  8.000     0.018    5.151    0.005         0.018         -4.255         rule                0.200     0.02
transformer  1001 final   lowpass  both     12 12.000     0.058    3.756    0.005         0.047         -6.238         rule                0.200     0.00
transformer  1001 final   lowpass  both     16 16.000     0.573    1.370    0.005         0.486         -9.978         rule                8.530     0.00
transformer  1001 final   lowpass  both     24 24.000     0.573    1.335    0.007         0.450         -9.348         rule                8.530     0.02
transformer  1001 final   lowpass  both     32 32.000     0.966    0.160    0.045         0.778         -7.044        rulex               40.000     0.06
transformer  1001 final   lowpass  both     48 48.000     0.984    0.065    0.346         0.541         -1.053        rulex               40.000     0.40
transformer  1001 final   lowpass  both     74 74.000     0.981    0.083    0.991         0.004          9.370        rulex               40.000     1.00
transformer  1001 final      etop    in      0  0.000     0.981    0.083    0.991         0.004          9.370        rulex               40.000     1.00
transformer  1001 final      etop    in      1  0.050     0.915    0.284    0.890         0.025          7.200        rulex               40.000     0.98
transformer  1001 final      etop    in      2  0.100     0.830    0.534    0.712         0.050          5.254        rulex               20.627     0.94
transformer  1001 final      etop    in      3  0.200     0.544    1.759    0.404         0.045          3.287        rulex               13.264     0.90
transformer  1001 final      etop    in      4  0.300     0.410    2.650    0.303         0.040          2.702        rulex                8.530     0.90
transformer  1001 final      etop    in      5  0.400     0.286    3.420    0.222         0.034          2.223        rulex                5.485     0.88
transformer  1001 final      etop    in      6  0.500     0.133    5.730    0.137         0.014          2.786        rulex                1.459     0.94
transformer  1001 final      etop    in      8  0.600     0.040    8.627    0.081         0.005          3.377        rulex                0.752     1.00
transformer  1001 final      etop    in      9  0.700     0.019   12.436    0.070         0.007          6.493  gcm_hamming                0.752     1.00
transformer  1001 final      etop    in     15  0.800     0.007   13.089    0.045         0.005          5.584  gcm_hamming                0.603     1.00
transformer  1001 final      etop    in     36  0.900     0.006   13.354    0.025         0.004          3.020  gcm_hamming                0.249     1.00
transformer  1001 final      etop    in     53  0.950     0.007   13.617    0.013         0.002          1.891      uniform                0.249     1.00
transformer  1001 final      etop    in     74  1.000     0.007   16.511    0.004         0.005         -0.433      uniform                0.200     0.00
transformer  1001 final      etop   out      0  0.000     0.981    0.083    0.991         0.004          9.370        rulex               40.000     1.00
transformer  1001 final      etop   out      1  0.050     0.941    0.220    0.984         0.004         10.074        rulex               40.000     1.00
transformer  1001 final      etop   out      2  0.100     0.896    0.394    0.987         0.004         10.559        rulex               25.722     1.00
transformer  1001 final      etop   out      3  0.200     0.789    0.771    0.984         0.002         11.035        rulex               16.541     1.00
transformer  1001 final      etop   out      5  0.300     0.378    2.318    0.977         0.000         12.007        rulex                3.527     1.00
transformer  1001 final      etop   out      6  0.400     0.182    3.314    0.977         0.000         12.593        rulex                2.268     1.00
transformer  1001 final      etop   out      8  0.500     0.029    5.096    0.982         0.000         12.905  gcm_hamming                0.752     1.00
transformer  1001 final      etop   out     11  0.600     0.005    6.219    0.975         0.000         12.487  gcm_hamming                0.938     1.00
transformer  1001 final      etop   out     21  0.700     0.003    6.112    0.953         0.000          9.822  gcm_hamming                0.938     1.00
transformer  1001 final      etop   out     35  0.800     0.002    5.829    0.854         0.000          6.817  gcm_hamming                0.938     1.00
transformer  1001 final      etop   out     53  0.900     0.003    5.426    0.575         0.000          3.418  gcm_hamming                0.752     1.00
transformer  1001 final      etop   out     63  0.950     0.005    5.221    0.279         0.002          1.722  gcm_hamming                0.388     1.00
transformer  1001 final      etop   out     74  1.000     0.007    5.004    0.005         0.004          0.000      uniform                0.200     1.00
transformer  1001 final      etop  both      0  0.000     0.981    0.083    0.991         0.004          9.370        rulex               40.000     1.00
transformer  1001 final      etop  both      1  0.050     0.836    0.565    0.910         0.011          8.350        rulex               20.627     0.98
transformer  1001 final      etop  both      2  0.100     0.709    0.911    0.732         0.032          5.693        rulex               20.627     0.96
transformer  1001 final      etop  both      3  0.200     0.508    1.612    0.449         0.045          3.212        rulex               10.637     0.92
transformer  1001 final      etop  both      4  0.300     0.122    3.871    0.477         0.002          5.225        rulex                1.170     1.00
transformer  1001 final      etop  both      5  0.400     0.159    3.294    0.312         0.013          2.468        rulex                1.459     1.00
transformer  1001 final      etop  both      6  0.500     0.030    5.043    0.297         0.000          3.423  gcm_hamming                0.752     1.00
transformer  1001 final      etop  both      8  0.600     0.006    6.236    0.259         0.002          4.290  gcm_hamming                0.752     1.00
transformer  1001 final      etop  both      9  0.700     0.005    6.289    0.166         0.000          3.350  gcm_hamming                0.603     1.00
transformer  1001 final      etop  both     15  0.800     0.006    5.885    0.061         0.004          1.849  gcm_hamming                0.752     1.00
transformer  1001 final      etop  both     36  0.900     0.005    5.379    0.023         0.005          0.512  gcm_hamming                0.388     1.00
transformer  1001 final      etop  both     53  0.950     0.006    5.177    0.022         0.009          0.154  gcm_hamming                0.200     1.00
transformer  1001 final      etop  both     74  1.000     0.007    5.004    0.005         0.004          0.000      uniform                0.200     1.00
transformer  1001 final   ebottom    in      0  0.000     0.981    0.083    0.991         0.004          9.370        rulex               40.000     1.00
transformer  1001 final   ebottom    in     22  0.050     0.985    0.062    0.982         0.011          8.159        rulex               40.000     0.98
transformer  1001 final   ebottom    in     39  0.100     0.989    0.045    0.953         0.040          6.788        rulex               40.000     0.96
transformer  1001 final   ebottom    in     60  0.200     0.994    0.028    0.820         0.171          3.818        rulex               40.000     0.82
transformer  1001 final   ebottom    in     66  0.300     0.970    0.099    0.440         0.431         -0.041        rulex               40.000     0.50
transformer  1001 final   ebottom    in     67  0.400     0.936    0.205    0.252         0.521         -2.003        rulex               25.722     0.32
transformer  1001 final   ebottom    in     69  0.500     0.542    1.715    0.085         0.272         -4.362        rulex                8.530     0.24
transformer  1001 final   ebottom    in     70  0.600     0.253    3.473    0.047         0.130         -5.187        rulex                5.485     0.26
transformer  1001 final   ebottom    in     71  0.700     0.075    5.739    0.020         0.034         -4.397        rulex                1.459     0.34
transformer  1001 final   ebottom    in     72  0.800     0.018    9.256    0.013         0.013         -2.425         rule                0.484     0.50
transformer  1001 final   ebottom    in     73  0.900     0.007   11.323    0.013         0.004         -0.660  gcm_hamming                0.200     1.00
transformer  1001 final   ebottom    in     74  0.950     0.007   16.511    0.004         0.005         -0.433      uniform                0.200     0.00
transformer  1001 final   ebottom    in     74  1.000     0.007   16.511    0.004         0.005         -0.433      uniform                0.200     0.00
transformer  1001 final   ebottom   out      0  0.000     0.981    0.083    0.991         0.004          9.370        rulex               40.000     1.00
transformer  1001 final   ebottom   out     12  0.050     0.985    0.061    0.975         0.018          7.500        rulex               40.000     0.98
transformer  1001 final   ebottom   out     22  0.100     0.989    0.046    0.930         0.063          5.767        rulex               40.000     0.94
transformer  1001 final   ebottom   out     40  0.200     0.994    0.024    0.712         0.258          2.340        rulex               40.000     0.74
transformer  1001 final   ebottom   out     54  0.300     0.997    0.013    0.405         0.550         -0.669        rulex               40.000     0.42
transformer  1001 final   ebottom   out     64  0.400     0.998    0.010    0.155         0.759         -3.407        rulex               40.000     0.16
transformer  1001 final   ebottom   out     67  0.500     0.995    0.044    0.097         0.703         -3.389        rulex               40.000     0.12
transformer  1001 final   ebottom   out     69  0.600     0.964    0.303    0.079         0.490         -2.636        rulex               25.722     0.14
transformer  1001 final   ebottom   out     70  0.700     0.768    0.978    0.054         0.306         -2.191        rulex               10.637     0.14
transformer  1001 final   ebottom   out     72  0.800     0.285    2.674    0.022         0.058         -1.189        rulex                2.828     0.26
transformer  1001 final   ebottom   out     73  0.900     0.054    3.819    0.007         0.032         -0.704         rule                0.200     0.10
transformer  1001 final   ebottom   out     74  0.950     0.007    5.004    0.005         0.004          0.000      uniform                0.200     1.00
transformer  1001 final   ebottom   out     74  1.000     0.007    5.004    0.005         0.004          0.000      uniform                0.200     1.00
transformer  1001 final   ebottom  both      0  0.000     0.981    0.083    0.991         0.004          9.370        rulex               40.000     1.00
transformer  1001 final   ebottom  both     22  0.050     0.988    0.045    0.962         0.032          6.333        rulex               40.000     0.96
transformer  1001 final   ebottom  both     39  0.100     0.995    0.023    0.791         0.196          3.351        rulex               40.000     0.80
transformer  1001 final   ebottom  both     60  0.200     0.998    0.009    0.265         0.706         -2.365        rulex               40.000     0.28
transformer  1001 final   ebottom  both     66  0.300     0.991    0.041    0.047         0.876         -7.132        rulex               40.000     0.06
transformer  1001 final   ebottom  both     67  0.400     0.980    0.089    0.014         0.876         -9.664        rulex               40.000     0.02
transformer  1001 final   ebottom  both     69  0.500     0.756    0.713    0.014         0.625        -10.190        rulex               13.264     0.02
transformer  1001 final   ebottom  both     70  0.600     0.318    2.130    0.007         0.234         -7.213         rule                6.840     0.02
transformer  1001 final   ebottom  both     71  0.700     0.091    3.526    0.000         0.085         -4.878         rule                0.200     0.00
transformer  1001 final   ebottom  both     72  0.800     0.020    4.849    0.007         0.023         -2.066         rule                0.200     0.04
transformer  1001 final   ebottom  both     73  0.900     0.007    5.325    0.007         0.005          0.018  gcm_hamming                0.200     1.00
transformer  1001 final   ebottom  both     74  0.950     0.007    5.004    0.005         0.004          0.000      uniform                0.200     1.00
transformer  1001 final   ebottom  both     74  1.000     0.007    5.004    0.005         0.004          0.000      uniform                0.200     1.00
transformer  1001 final     erand    in      0  0.000     0.981    0.083    0.991         0.004          9.370        rulex               40.000     1.00
transformer  1001 final     erand    in     15  0.050     0.985    0.061    0.978         0.014          8.164        rulex               40.000     0.98
transformer  1001 final     erand    in     18  0.100     0.852    0.461    0.737         0.070          5.055        rulex               25.722     0.92
transformer  1001 final     erand    in     25  0.200     0.848    0.468    0.688         0.097          4.441        rulex               25.722     0.88
transformer  1001 final     erand    in     29  0.300     0.671    1.058    0.431         0.115          2.122        rulex               20.627     0.80
transformer  1001 final     erand    in     32  0.400     0.560    1.551    0.258         0.135         -0.242        rulex               10.637     0.66
transformer  1001 final     erand    in     37  0.500     0.411    2.197    0.151         0.099         -1.730        rulex                5.485     0.60
transformer  1001 final     erand    in     48  0.600     0.148    4.853    0.045         0.058         -3.211        rulex                0.200     0.44
transformer  1001 final     erand    in     50  0.700     0.051    7.642    0.031         0.013         -2.578        rulex                0.200     0.76
transformer  1001 final     erand    in     61  0.800     0.039    7.822    0.023         0.011         -3.399        rulex                0.200     0.76
transformer  1001 final     erand    in     67  0.900     0.013    9.166    0.011         0.013         -1.703         rule                0.200     0.00
transformer  1001 final     erand    in     72  0.950     0.006   14.063    0.005         0.005          0.103  gcm_hamming                0.200     0.50
transformer  1001 final     erand    in     74  1.000     0.007   16.511    0.004         0.005         -0.433      uniform                0.200     0.00
transformer  1001 final     erand    in      0  0.000     0.981    0.083    0.991         0.004          9.370        rulex               40.000     1.00
transformer  1001 final     erand    in      3  0.050     0.849    0.481    0.843         0.027          6.913        rulex               25.722     0.96
transformer  1001 final     erand    in      3  0.100     0.849    0.481    0.843         0.027          6.913        rulex               25.722     0.96
transformer  1001 final     erand    in      6  0.200     0.665    1.173    0.568         0.040          4.480        rulex                6.840     0.94
transformer  1001 final     erand    in     10  0.300     0.465    2.139    0.335         0.050          2.598        rulex                5.485     0.88
transformer  1001 final     erand    in     14  0.400     0.243    4.101    0.182         0.043          1.918        rulex                1.819     0.82
transformer  1001 final     erand    in     24  0.500     0.240    4.113    0.133         0.050          1.012        rulex                1.819     0.74
transformer  1001 final     erand    in     30  0.600     0.134    5.634    0.079         0.036          0.332        rulex                1.459     0.70
transformer  1001 final     erand    in     39  0.700     0.067    7.448    0.023         0.014         -0.005        rulex                1.170     0.64
transformer  1001 final     erand    in     50  0.800     0.019   10.461    0.016         0.004          0.908  gcm_hamming                0.752     1.00
transformer  1001 final     erand    in     64  0.900     0.012   10.505    0.018         0.000          0.370  gcm_hamming                0.311     1.00
transformer  1001 final     erand    in     70  0.950     0.008   13.777    0.011         0.004          0.282      uniform                0.388     1.00
transformer  1001 final     erand    in     74  1.000     0.007   16.511    0.004         0.005         -0.433      uniform                0.200     0.00
transformer  1001 final     erand    in      0  0.000     0.981    0.083    0.991         0.004          9.370        rulex               40.000     1.00
transformer  1001 final     erand    in      1  0.050     0.962    0.148    0.932         0.027          7.417        rulex               40.000     0.98
transformer  1001 final     erand    in      4  0.100     0.902    0.316    0.782         0.076          5.456        rulex               20.627     0.92
transformer  1001 final     erand    in     10  0.200     0.905    0.304    0.757         0.083          4.883        rulex               20.627     0.90
transformer  1001 final     erand    in     20  0.300     0.870    0.414    0.560         0.171          2.461        rulex               20.627     0.76
transformer  1001 final     erand    in     28  0.400     0.625    1.281    0.314         0.130          0.685        rulex                5.485     0.70
transformer  1001 final     erand    in     41  0.500     0.349    2.615    0.086         0.106         -2.309        rulex                5.485     0.44
transformer  1001 final     erand    in     48  0.600     0.345    2.501    0.074         0.114         -3.313        rulex                5.485     0.40
transformer  1001 final     erand    in     53  0.700     0.108    4.200    0.032         0.050         -4.580        rulex                3.527     0.38
transformer  1001 final     erand    in     61  0.800     0.025    8.381    0.020         0.005         -2.074        rulex                0.200     1.00
transformer  1001 final     erand    in     68  0.900     0.010   10.577    0.009         0.005         -0.027 gcm_circular                0.200     1.00
transformer  1001 final     erand    in     71  0.950     0.006   14.400    0.022         0.004         -0.060  gcm_hamming                0.200     1.00
transformer  1001 final     erand    in     74  1.000     0.007   16.511    0.004         0.005         -0.433      uniform                0.200     0.00
transformer  1001 final     erand   out      0  0.000     0.981    0.083    0.991         0.004          9.370        rulex               40.000     1.00
transformer  1001 final     erand   out      9  0.050     0.985    0.065    0.980         0.009          7.679        rulex               40.000     0.98
transformer  1001 final     erand   out     17  0.100     0.988    0.052    0.946         0.043          5.879        rulex               40.000     0.96
transformer  1001 final     erand   out     19  0.200     0.956    0.165    0.951         0.023          6.293        rulex               40.000     0.98
transformer  1001 final     erand   out     29  0.300     0.876    0.392    0.874         0.023          5.068        rulex               32.076     0.98
transformer  1001 final     erand   out     32  0.400     0.743    0.801    0.823         0.020          5.202        rulex               20.627     0.98
transformer  1001 final     erand   out     37  0.500     0.528    1.486    0.730         0.009          4.834        rulex               10.637     1.00
transformer  1001 final     erand   out     46  0.600     0.568    1.390    0.526         0.032          2.923        rulex               10.637     0.94
transformer  1001 final     erand   out     50  0.700     0.124    3.142    0.521         0.002          3.226        rulex                1.459     1.00
transformer  1001 final     erand   out     61  0.800     0.158    2.972    0.232         0.007          0.882        rulex                1.819     1.00
transformer  1001 final     erand   out     67  0.900     0.032    3.992    0.108         0.007          0.490        rulex                0.311     1.00
transformer  1001 final     erand   out     72  0.950     0.007    5.043    0.025         0.004          0.305  gcm_hamming                0.388     1.00
transformer  1001 final     erand   out     74  1.000     0.007    5.004    0.005         0.004          0.000      uniform                0.200     1.00
transformer  1001 final     erand   out      0  0.000     0.981    0.083    0.991         0.004          9.370        rulex               40.000     1.00
transformer  1001 final     erand   out      3  0.050     0.943    0.211    0.982         0.004          9.623        rulex               40.000     1.00
transformer  1001 final     erand   out      5  0.100     0.913    0.334    0.980         0.002          9.877        rulex               25.722     1.00
transformer  1001 final     erand   out      6  0.200     0.803    0.703    0.977         0.000         10.353        rulex               13.264     1.00
transformer  1001 final     erand   out     10  0.300     0.651    1.259    0.973         0.002         10.323        rulex               10.637     1.00
transformer  1001 final     erand   out     14  0.400     0.403    2.177    0.969         0.000         10.159        rulex                3.527     1.00
transformer  1001 final     erand   out     28  0.500     0.434    2.004    0.921         0.000          7.439        rulex                3.527     1.00
transformer  1001 final     erand   out     36  0.600     0.238    2.804    0.858         0.000          6.634        rulex                2.268     1.00
transformer  1001 final     erand   out     43  0.700     0.114    3.533    0.775         0.000          5.413        rulex                1.819     1.00
transformer  1001 final     erand   out     51  0.800     0.021    4.533    0.623         0.000          4.105  gcm_hamming                0.752     1.00
transformer  1001 final     erand   out     66  0.900     0.032    4.221    0.191         0.004          1.201        rulex                0.388     1.00
transformer  1001 final     erand   out     70  0.950     0.005    5.056    0.092         0.004          0.680  gcm_hamming                0.311     1.00
transformer  1001 final     erand   out     74  1.000     0.007    5.004    0.005         0.004          0.000      uniform                0.200     1.00
transformer  1001 final     erand   out      0  0.000     0.981    0.083    0.991         0.004          9.370        rulex               40.000     1.00
transformer  1001 final     erand   out      1  0.050     0.963    0.164    0.991         0.004          9.846        rulex               40.000     1.00
transformer  1001 final     erand   out      4  0.100     0.917    0.319    0.980         0.004         10.084        rulex               25.722     1.00
transformer  1001 final     erand   out     14  0.200     0.890    0.425    0.975         0.004          8.526        rulex               20.627     1.00
transformer  1001 final     erand   out     25  0.300     0.916    0.343    0.935         0.016          6.497        rulex               25.722     0.98
transformer  1001 final     erand   out     29  0.400     0.758    0.838    0.906         0.005          6.402        rulex                8.530     1.00
transformer  1001 final     erand   out     41  0.500     0.505    1.622    0.757         0.009          4.836        rulex                8.530     1.00
transformer  1001 final     erand   out     47  0.600     0.491    1.663    0.638         0.016          3.492        rulex                6.840     0.98
transformer  1001 final     erand   out     54  0.700     0.183    2.482    0.463         0.005          2.372        rulex                6.840     1.00
transformer  1001 final     erand   out     61  0.800     0.135    3.136    0.303         0.007          1.672        rulex                2.828     1.00
transformer  1001 final     erand   out     68  0.900     0.034    4.186    0.123         0.009          0.878        rulex                0.752     1.00
transformer  1001 final     erand   out     71  0.950     0.008    5.038    0.058         0.002          0.656  gcm_hamming                0.752     1.00
transformer  1001 final     erand   out     74  1.000     0.007    5.004    0.005         0.004          0.000      uniform                0.200     1.00
transformer  1001 final     erand  both      0  0.000     0.981    0.083    0.991         0.004          9.370        rulex               40.000     1.00
transformer  1001 final     erand  both     15  0.050     0.969    0.130    0.991         0.002          8.453        rulex               40.000     1.00
transformer  1001 final     erand  both     18  0.100     0.779    0.721    0.737         0.032          5.600        rulex               13.264     0.96
transformer  1001 final     erand  both     25  0.200     0.717    0.973    0.647         0.052          4.317        rulex               10.637     0.92
transformer  1001 final     erand  both     29  0.300     0.560    1.503    0.344         0.115          1.221        rulex               13.264     0.76
transformer  1001 final     erand  both     32  0.400     0.285    3.040    0.133         0.072         -0.468        rulex                8.530     0.66
transformer  1001 final     erand  both     37  0.500     0.131    3.959    0.088         0.040         -0.701        rulex                2.268     0.70
transformer  1001 final     erand  both     48  0.600     0.080    4.732    0.016         0.040         -3.591         rule                0.603     0.26
transformer  1001 final     erand  both     50  0.700     0.018    5.532    0.031         0.013         -1.824         rule                0.200     0.86
transformer  1001 final     erand  both     61  0.800     0.006    5.605    0.023         0.002          0.541  gcm_hamming                0.200     1.00
transformer  1001 final     erand  both     67  0.900     0.006    5.312    0.020         0.004          0.124      uniform                0.249     1.00
transformer  1001 final     erand  both     72  0.950     0.008    5.085    0.009         0.013          0.020      uniform                0.200     0.00
transformer  1001 final     erand  both     74  1.000     0.007    5.004    0.005         0.004          0.000      uniform                0.200     1.00
transformer  1001 final     erand  both      0  0.000     0.981    0.083    0.991         0.004          9.370        rulex               40.000     1.00
transformer  1001 final     erand  both      3  0.050     0.937    0.205    0.849         0.068          5.348        rulex               40.000     0.92
transformer  1001 final     erand  both      3  0.100     0.942    0.193    0.823         0.088          4.770        rulex               40.000     0.90
transformer  1001 final     erand  both      6  0.200     0.612    1.301    0.391         0.077          2.253        rulex                5.485     0.84
transformer  1001 final     erand  both     10  0.300     0.235    3.185    0.223         0.025          1.723        rulex                1.170     0.92
transformer  1001 final     erand  both     14  0.400     0.090    5.039    0.130         0.020          1.577        rulex                0.603     0.92
transformer  1001 final     erand  both     24  0.500     0.100    4.503    0.090         0.018         -0.117        rulex                0.311     0.88
transformer  1001 final     erand  both     30  0.600     0.048    5.261    0.052         0.013          0.002        rulex                0.311     0.92
transformer  1001 final     erand  both     39  0.700     0.016    6.335    0.034         0.004          1.320  gcm_hamming                0.311     1.00
transformer  1001 final     erand  both     50  0.800     0.012    5.466    0.013         0.013          0.207  gcm_hamming                0.200     0.50
transformer  1001 final     erand  both     64  0.900     0.005    5.294    0.007         0.009          0.142  gcm_hamming                0.200     0.00
transformer  1001 final     erand  both     70  0.950     0.007    5.004    0.005         0.004          0.000      uniform                0.200     1.00
transformer  1001 final     erand  both     74  1.000     0.007    5.004    0.005         0.004          0.000      uniform                0.200     1.00
transformer  1001 final     erand  both      0  0.000     0.981    0.083    0.991         0.004          9.370        rulex               40.000     1.00
transformer  1001 final     erand  both      1  0.050     0.969    0.121    0.883         0.061          5.763        rulex               40.000     0.94
transformer  1001 final     erand  both      4  0.100     0.911    0.283    0.632         0.168          2.908        rulex               20.627     0.80
transformer  1001 final     erand  both     10  0.200     0.865    0.452    0.550         0.146          2.443        rulex               13.264     0.80
transformer  1001 final     erand  both     20  0.300     0.477    1.681    0.281         0.070          1.260        rulex                6.840     0.80
transformer  1001 final     erand  both     28  0.400     0.247    3.194    0.157         0.034          0.526        rulex                1.170     0.84
transformer  1001 final     erand  both     41  0.500     0.113    4.023    0.097         0.023         -0.093        rulex                1.170     0.84
transformer  1001 final     erand  both     48  0.600     0.041    4.672    0.106         0.016          0.681        rulex                1.170     1.00
transformer  1001 final     erand  both     53  0.700     0.032    4.501    0.036         0.013         -1.250        rulex                0.752     0.84
transformer  1001 final     erand  both     61  0.800     0.014    5.651    0.009         0.007         -1.274  gcm_hamming                0.388     0.60
transformer  1001 final     erand  both     68  0.900     0.005    5.309    0.009         0.007          0.061  gcm_hamming                0.603     1.00
transformer  1001 final     erand  both     71  0.950     0.007    5.069    0.005         0.007         -0.029  gcm_hamming                0.200     0.00
transformer  1001 final     erand  both     74  1.000     0.007    5.004    0.005         0.004          0.000      uniform                0.200     1.00
transformer  1001 final      topk    in     36  0.000     0.981    0.083    0.991         0.004          9.370        rulex               40.000     1.00
transformer  1001 final      topk    in     36  0.250     0.976    0.103    0.991         0.002          9.731        rulex               40.000     1.00
transformer  1001 final      topk    in     36  0.500     0.947    0.200    0.980         0.002         10.113        rulex               32.076     1.00
transformer  1001 final      topk    in     36  0.750     0.672    1.255    0.885         0.005         10.247        rulex                8.530     1.00
transformer  1001 final      topk    in     36  1.000     0.006   13.354    0.025         0.004          3.020  gcm_hamming                0.249     1.00
transformer  1001 final      topk   out     53  0.000     0.981    0.083    0.991         0.004          9.370        rulex               40.000     1.00
transformer  1001 final      topk   out     53  0.250     0.977    0.115    0.993         0.002          7.882        rulex               40.000     1.00
transformer  1001 final      topk   out     53  0.500     0.960    0.300    0.993         0.002          6.394        rulex               40.000     1.00
transformer  1001 final      topk   out     53  0.750     0.822    1.537    0.996         0.000          4.906        rulex               16.541     1.00
transformer  1001 final      topk   out     53  1.000     0.003    5.426    0.575         0.000          3.418  gcm_hamming                0.752     1.00
transformer  1001 final      topk  both     36  0.000     0.981    0.083    0.991         0.004          9.370        rulex               40.000     1.00
transformer  1001 final      topk  both     36  0.250     0.961    0.172    0.991         0.002          8.952        rulex               40.000     1.00
transformer  1001 final      topk  both     36  0.500     0.833    0.731    0.991         0.000          8.297        rulex               16.541     1.00
transformer  1001 final      topk  both     36  0.750     0.240    3.150    0.933         0.002          6.866        rulex                2.828     1.00
transformer  1001 final      topk  both     36  1.000     0.007    5.739    0.040         0.004          1.062  gcm_hamming                0.388     1.00
transformer  1001 final     randk    in     36  0.000     0.981    0.083    0.991         0.004          9.370        rulex               40.000     1.00
transformer  1001 final     randk    in     36  0.250     0.984    0.070    0.989         0.005          8.868        rulex               40.000     0.98
transformer  1001 final     randk    in     36  0.500     0.985    0.060    0.986         0.009          8.312        rulex               40.000     0.98
transformer  1001 final     randk    in     36  0.750     0.987    0.053    0.984         0.011          7.703        rulex               40.000     0.98
transformer  1001 final     randk    in     36  1.000     0.988    0.047    0.973         0.020          7.044        rulex               40.000     0.98
transformer  1001 final     randk    in     36  0.000     0.981    0.083    0.991         0.004          9.370        rulex               40.000     1.00
transformer  1001 final     randk    in     36  0.250     0.984    0.070    0.989         0.005          8.867        rulex               40.000     0.98
transformer  1001 final     randk    in     36  0.500     0.986    0.060    0.987         0.007          8.308        rulex               40.000     0.98
transformer  1001 final     randk    in     36  0.750     0.987    0.053    0.984         0.013          7.694        rulex               40.000     0.98
transformer  1001 final     randk    in     36  1.000     0.988    0.048    0.966         0.027          7.029        rulex               40.000     0.98
transformer  1001 final     randk    in     36  0.000     0.981    0.083    0.991         0.004          9.370        rulex               40.000     1.00
transformer  1001 final     randk    in     36  0.250     0.984    0.070    0.989         0.005          8.867        rulex               40.000     0.98
transformer  1001 final     randk    in     36  0.500     0.986    0.060    0.986         0.009          8.308        rulex               40.000     0.98
transformer  1001 final     randk    in     36  0.750     0.987    0.052    0.984         0.011          7.698        rulex               40.000     0.98
transformer  1001 final     randk    in     36  1.000     0.989    0.047    0.973         0.020          7.037        rulex               40.000     0.98
transformer  1001 final     randk   out     21  0.000     0.981    0.083    0.991         0.004          9.370        rulex               40.000     1.00
transformer  1001 final     randk   out     21  0.250     0.984    0.071    0.987         0.007          8.516        rulex               40.000     0.98
transformer  1001 final     randk   out     21  0.500     0.985    0.061    0.982         0.011          7.661        rulex               40.000     0.98
transformer  1001 final     randk   out     21  0.750     0.987    0.054    0.971         0.023          6.807        rulex               40.000     0.98
transformer  1001 final     randk   out     21  1.000     0.989    0.048    0.941         0.049          5.952        rulex               40.000     0.96
transformer  1001 final     randk   out     21  0.000     0.981    0.083    0.991         0.004          9.370        rulex               40.000     1.00
transformer  1001 final     randk   out     21  0.250     0.984    0.071    0.987         0.007          8.516        rulex               40.000     0.98
transformer  1001 final     randk   out     21  0.500     0.985    0.061    0.982         0.011          7.661        rulex               40.000     0.98
transformer  1001 final     randk   out     21  0.750     0.987    0.054    0.971         0.023          6.807        rulex               40.000     0.98
transformer  1001 final     randk   out     21  1.000     0.989    0.048    0.941         0.049          5.952        rulex               40.000     0.96
transformer  1001 final     randk   out     21  0.000     0.981    0.083    0.991         0.004          9.370        rulex               40.000     1.00
transformer  1001 final     randk   out     21  0.250     0.984    0.071    0.987         0.007          8.516        rulex               40.000     0.98
transformer  1001 final     randk   out     21  0.500     0.985    0.061    0.982         0.011          7.661        rulex               40.000     0.98
transformer  1001 final     randk   out     21  0.750     0.987    0.054    0.971         0.023          6.807        rulex               40.000     0.98
transformer  1001 final     randk   out     21  1.000     0.989    0.048    0.941         0.049          5.952        rulex               40.000     0.96
transformer  1001 final     randk  both     36  0.000     0.981    0.083    0.991         0.004          9.370        rulex               40.000     1.00
transformer  1001 final     randk  both     36  0.250     0.987    0.051    0.980         0.014          7.304        rulex               40.000     0.98
transformer  1001 final     randk  both     36  0.500     0.993    0.031    0.930         0.067          5.211        rulex               40.000     0.94
transformer  1001 final     randk  both     36  0.750     0.995    0.020    0.787         0.200          3.108        rulex               40.000     0.80
transformer  1001 final     randk  both     36  1.000     0.997    0.014    0.587         0.395          1.011        rulex               40.000     0.60
transformer  1001 final     randk  both     36  0.000     0.981    0.083    0.991         0.004          9.370        rulex               40.000     1.00
transformer  1001 final     randk  both     36  0.250     0.988    0.051    0.980         0.014          7.308        rulex               40.000     0.98
transformer  1001 final     randk  both     36  0.500     0.993    0.031    0.933         0.063          5.218        rulex               40.000     0.94
transformer  1001 final     randk  both     36  0.750     0.996    0.020    0.786         0.202          3.117        rulex               40.000     0.80
transformer  1001 final     randk  both     36  1.000     0.997    0.014    0.582         0.395          1.021        rulex               40.000     0.60
transformer  1001 final     randk  both     36  0.000     0.981    0.083    0.991         0.004          9.370        rulex               40.000     1.00
transformer  1001 final     randk  both     36  0.250     0.987    0.051    0.980         0.014          7.305        rulex               40.000     0.98
transformer  1001 final     randk  both     36  0.500     0.993    0.031    0.932         0.065          5.214        rulex               40.000     0.94
transformer  1001 final     randk  both     36  0.750     0.995    0.020    0.784         0.202          3.113        rulex               40.000     0.80
transformer  1001 final     randk  both     36  1.000     0.997    0.015    0.596         0.382          1.019        rulex               40.000     0.60
transformer  1001 final  residual    in     38  0.000     0.981    0.083    0.991         0.004          9.370        rulex               40.000     1.00
transformer  1001 final  residual    in     38  0.250     0.984    0.070    0.989         0.005          8.838        rulex               40.000     0.98
transformer  1001 final  residual    in     38  0.500     0.986    0.059    0.986         0.009          8.246        rulex               40.000     0.98
transformer  1001 final  residual    in     38  0.750     0.987    0.051    0.984         0.011          7.597        rulex               40.000     0.98
transformer  1001 final  residual    in     38  1.000     0.989    0.046    0.960         0.032          6.893        rulex               40.000     0.96
transformer  1001 final  residual   out     21  0.000     0.981    0.083    0.991         0.004          9.370        rulex               40.000     1.00
transformer  1001 final  residual   out     21  0.250     0.984    0.071    0.987         0.007          8.516        rulex               40.000     0.98
transformer  1001 final  residual   out     21  0.500     0.985    0.061    0.982         0.011          7.661        rulex               40.000     0.98
transformer  1001 final  residual   out     21  0.750     0.987    0.054    0.971         0.023          6.807        rulex               40.000     0.98
transformer  1001 final  residual   out     21  1.000     0.989    0.048    0.941         0.049          5.952        rulex               40.000     0.96
transformer  1001 final  residual  both     38  0.000     0.981    0.083    0.991         0.004          9.370        rulex               40.000     1.00
transformer  1001 final  residual  both     38  0.250     0.988    0.050    0.980         0.014          7.194        rulex               40.000     0.98
transformer  1001 final  residual  both     38  0.500     0.993    0.029    0.924         0.072          4.990        rulex               40.000     0.92
transformer  1001 final  residual  both     38  0.750     0.996    0.018    0.751         0.236          2.776        rulex               40.000     0.76
transformer  1001 final  residual  both     38  1.000     0.997    0.013    0.544         0.440          0.572        rulex               40.000     0.56
transformer  1001 final   neurons units      0  0.000     0.981    0.083    0.991         0.004          9.370        rulex               40.000     1.00
transformer  1001 final   neurons units      1  0.001     0.982    0.082    0.989         0.005          9.333        rulex               40.000     0.98
transformer  1001 final   neurons units      2  0.001     0.982    0.082    0.989         0.005          9.297        rulex               40.000     0.98
transformer  1001 final   neurons units      4  0.003     0.982    0.082    0.989         0.005          9.227        rulex               40.000     0.98
transformer  1001 final   neurons units      8  0.005     0.982    0.082    0.989         0.005          9.099        rulex               40.000     0.98
transformer  1001 final   neurons units     16  0.010     0.983    0.078    0.986         0.007          8.860        rulex               40.000     0.98
transformer  1001 final   neurons units     32  0.021     0.983    0.075    0.987         0.007          8.427        rulex               40.000     0.98
transformer  1001 final   neurons units     64  0.042     0.984    0.070    0.978         0.014          7.656        rulex               40.000     0.98
transformer  1001 final   neurons units    128  0.083     0.987    0.061    0.942         0.047          6.286        rulex               40.000     0.96
transformer  1001 final   neurons units    256  0.167     0.987    0.052    0.829         0.148          3.926        rulex               40.000     0.84
transformer  1001 final   neurons units    512  0.333     0.987    0.053    0.528         0.402          0.681        rulex               40.000     0.56
transformer  1001 final randunits units      0  0.000     0.981    0.083    0.991         0.004          9.370        rulex               40.000     1.00
transformer  1001 final randunits units      1  0.001     0.981    0.083    0.991         0.004          9.360        rulex               40.000     1.00
transformer  1001 final randunits units      2  0.001     0.981    0.083    0.989         0.005          9.356        rulex               40.000     0.98
transformer  1001 final randunits units      4  0.003     0.982    0.083    0.989         0.005          9.328        rulex               40.000     0.98
transformer  1001 final randunits units      8  0.005     0.982    0.084    0.991         0.004          9.402        rulex               40.000     1.00
transformer  1001 final randunits units     16  0.010     0.982    0.083    0.991         0.004          9.261        rulex               40.000     1.00
transformer  1001 final randunits units     32  0.021     0.981    0.085    0.991         0.004          9.224        rulex               40.000     1.00
transformer  1001 final randunits units     64  0.042     0.981    0.086    0.989         0.005          9.086        rulex               40.000     0.98
transformer  1001 final randunits units    128  0.083     0.977    0.090    0.987         0.007          8.874        rulex               40.000     0.98
transformer  1001 final randunits units    256  0.167     0.974    0.108    0.984         0.011          8.552        rulex               40.000     0.98
transformer  1001 final randunits units    512  0.333     0.956    0.168    0.959         0.020          7.559        rulex               40.000     0.98
transformer  1001 final randunits units      0  0.000     0.981    0.083    0.991         0.004          9.370        rulex               40.000     1.00
transformer  1001 final randunits units      1  0.001     0.982    0.083    0.991         0.004          9.346        rulex               40.000     1.00
transformer  1001 final randunits units      2  0.001     0.981    0.083    0.991         0.004          9.354        rulex               40.000     1.00
transformer  1001 final randunits units      4  0.003     0.981    0.083    0.989         0.005          9.360        rulex               40.000     0.98
transformer  1001 final randunits units      8  0.005     0.982    0.084    0.993         0.002          9.373        rulex               40.000     1.00
transformer  1001 final randunits units     16  0.010     0.982    0.083    0.989         0.005          9.303        rulex               40.000     0.98
transformer  1001 final randunits units     32  0.021     0.982    0.084    0.989         0.005          9.223        rulex               40.000     0.98
transformer  1001 final randunits units     64  0.042     0.980    0.085    0.987         0.005          9.119        rulex               40.000     0.98
transformer  1001 final randunits units    128  0.083     0.980    0.089    0.987         0.007          8.899        rulex               40.000     0.98
transformer  1001 final randunits units    256  0.167     0.971    0.117    0.991         0.005          8.652        rulex               40.000     0.98
transformer  1001 final randunits units    512  0.333     0.955    0.166    0.950         0.011          7.229        rulex               40.000     0.98
transformer  1001 final randunits units      0  0.000     0.981    0.083    0.991         0.004          9.370        rulex               40.000     1.00
transformer  1001 final randunits units      1  0.001     0.981    0.083    0.991         0.004          9.375        rulex               40.000     1.00
transformer  1001 final randunits units      2  0.001     0.982    0.083    0.989         0.005          9.365        rulex               40.000     0.98
transformer  1001 final randunits units      4  0.003     0.982    0.084    0.989         0.005          9.360        rulex               40.000     0.98
transformer  1001 final randunits units      8  0.005     0.981    0.084    0.989         0.005          9.341        rulex               40.000     0.98
transformer  1001 final randunits units     16  0.010     0.982    0.084    0.991         0.004          9.293        rulex               40.000     1.00
transformer  1001 final randunits units     32  0.021     0.980    0.086    0.989         0.005          9.306        rulex               40.000     0.98
transformer  1001 final randunits units     64  0.042     0.980    0.086    0.993         0.002          9.206        rulex               40.000     1.00
transformer  1001 final randunits units    128  0.083     0.979    0.089    0.989         0.004          8.882        rulex               40.000     1.00
transformer  1001 final randunits units    256  0.167     0.974    0.107    0.986         0.004          8.491        rulex               40.000     1.00
transformer  1001 final randunits units    512  0.333     0.953    0.176    0.969         0.014          7.272        rulex               40.000     0.98
transformer  1002 final      none     -      0  0.000     0.981    0.093    0.995         0.002          8.738        rulex               40.000     1.00
transformer  1002 final   lowpass    in      0  0.000     0.006   11.817    0.002         0.005         -0.063   gcm_linear                0.200     0.00
transformer  1002 final   lowpass    in      1  1.000     0.006   13.233    0.007         0.007         -0.357 gcm_circular                1.459     0.50
transformer  1002 final   lowpass    in      2  2.000     0.008   13.378    0.011         0.004         -0.163 gcm_circular                1.819     1.00
transformer  1002 final   lowpass    in      3  3.000     0.007   13.246    0.002         0.004          0.097 gcm_circular                1.459     0.00
transformer  1002 final   lowpass    in      4  4.000     0.007   13.086    0.011         0.000         -0.080 gcm_circular                1.170     1.00
transformer  1002 final   lowpass    in      6  6.000     0.007   12.704    0.005         0.004          0.703      uniform                0.603     1.00
transformer  1002 final   lowpass    in      8  8.000     0.007   12.829    0.007         0.007          0.994  gcm_hamming                0.200     0.50
transformer  1002 final   lowpass    in     12 12.000     0.007   12.819    0.009         0.004          1.147  gcm_hamming                0.200     1.00
transformer  1002 final   lowpass    in     16 16.000     0.011    9.470    0.014         0.002         -0.178  gcm_hamming                0.603     1.00
transformer  1002 final   lowpass    in     24 24.000     0.018    9.547    0.018         0.007         -0.097  gcm_hamming                0.603     0.88
transformer  1002 final   lowpass    in     32 32.000     0.151    4.924    0.040         0.018         -1.146        rulex                0.200     0.70
transformer  1002 final   lowpass    in     48 48.000     0.165    4.774    0.083         0.018         -0.212        rulex                0.200     0.84
transformer  1002 final   lowpass    in     74 74.000     0.981    0.093    0.995         0.002          8.738        rulex               40.000     1.00
transformer  1002 final   lowpass   out      0  0.000     0.007    5.004    0.004         0.004          0.000      uniform                0.200     0.50
transformer  1002 final   lowpass   out      1  1.000     0.007    5.001    0.014         0.004          0.160      uniform                1.170     1.00
transformer  1002 final   lowpass   out      2  2.000     0.008    5.020    0.018         0.004          0.346      uniform                0.938     1.00
transformer  1002 final   lowpass   out      3  3.000     0.007    5.027    0.036         0.005          0.530      uniform                0.938     1.00
transformer  1002 final   lowpass   out      4  4.000     0.007    5.039    0.040         0.005          0.724  gcm_hamming                0.938     1.00
transformer  1002 final   lowpass   out      6  6.000     0.008    5.046    0.094         0.002          1.126  gcm_hamming                1.170     1.00
transformer  1002 final   lowpass   out      8  8.000     0.011    5.056    0.119         0.004          1.535  gcm_hamming                1.170     1.00
transformer  1002 final   lowpass   out     12 12.000     0.013    5.036    0.220         0.000          2.328  gcm_hamming                0.938     1.00
transformer  1002 final   lowpass   out     16 16.000     0.067    3.969    0.259         0.004          2.419        rulex                0.938     1.00
transformer  1002 final   lowpass   out     24 24.000     0.094    3.822    0.503         0.002          3.999        rulex                1.170     1.00
transformer  1002 final   lowpass   out     32 32.000     0.425    1.993    0.631         0.005          4.423        rulex                2.828     1.00
transformer  1002 final   lowpass   out     48 48.000     0.419    2.045    0.905         0.000          7.406        rulex                2.828     1.00
transformer  1002 final   lowpass   out     74 74.000     0.981    0.093    0.995         0.002          8.738        rulex               40.000     1.00
transformer  1002 final   lowpass  both      0  0.000     0.007    5.004    0.004         0.004          0.000      uniform                0.200     0.50
transformer  1002 final   lowpass  both      1  1.000     0.007    4.971    0.002         0.007         -0.036 gcm_circular                1.819     0.00
transformer  1002 final   lowpass  both      2  2.000     0.009    5.017    0.005         0.009         -0.026 gcm_circular                1.819     0.00
transformer  1002 final   lowpass  both      3  3.000     0.007    5.030    0.002         0.004         -0.033   gcm_linear                1.170     0.00
transformer  1002 final   lowpass  both      4  4.000     0.007    5.057    0.004         0.011         -0.003   gcm_linear                1.459     0.00
transformer  1002 final   lowpass  both      6  6.000     0.009    5.085    0.009         0.009         -0.065  gcm_hamming                0.200     0.50
transformer  1002 final   lowpass  both      8  8.000     0.009    5.116    0.005         0.009         -0.005  gcm_hamming                0.200     0.00
transformer  1002 final   lowpass  both     12 12.000     0.009    5.203    0.011         0.009          0.075 gcm_circular                0.603     1.00
transformer  1002 final   lowpass  both     16 16.000     0.013    6.210    0.005         0.007         -1.903         rule                0.388     0.00
transformer  1002 final   lowpass  both     24 24.000     0.025    5.217    0.014         0.016         -2.286         rule                0.603     0.44
transformer  1002 final   lowpass  both     32 32.000     0.261    2.506    0.029         0.124         -5.098        rulex                1.170     0.18
transformer  1002 final   lowpass  both     48 48.000     0.248    2.634    0.045         0.065         -3.729        rulex                0.938     0.40
transformer  1002 final   lowpass  both     74 74.000     0.981    0.093    0.995         0.002          8.738        rulex               40.000     1.00
transformer  1002 final      etop    in      0  0.000     0.981    0.093    0.995         0.002          8.738        rulex               40.000     1.00
transformer  1002 final      etop    in      1  0.050     0.941    0.216    0.923         0.029          6.521        rulex               25.722     0.96
transformer  1002 final      etop    in      1  0.100     0.941    0.216    0.923         0.029          6.521        rulex               25.722     0.96
transformer  1002 final      etop    in      3  0.200     0.444    2.069    0.321         0.070          2.435        rulex                6.840     0.82
transformer  1002 final      etop    in      4  0.300     0.264    3.048    0.148         0.054          0.555        rulex                4.398     0.74
transformer  1002 final      etop    in      5  0.400     0.237    3.477    0.164         0.041          0.615        rulex                4.398     0.82
transformer  1002 final      etop    in      6  0.500     0.151    4.743    0.123         0.031          0.732        rulex                1.459     0.82
transformer  1002 final      etop    in      7  0.600     0.081    6.035    0.103         0.013          0.908        rulex                1.819     0.94
transformer  1002 final      etop    in      9  0.700     0.014   12.812    0.047         0.000          4.217  gcm_hamming                0.200     1.00
transformer  1002 final      etop    in     13  0.800     0.007   13.077    0.043         0.000          4.581  gcm_hamming                0.484     1.00
transformer  1002 final      etop    in     34  0.900     0.007   13.235    0.025         0.005          2.499  gcm_hamming                0.200     1.00
transformer  1002 final      etop    in     52  0.950     0.007   13.126    0.009         0.007          1.370  gcm_hamming                0.200     1.00
transformer  1002 final      etop    in     74  1.000     0.006   11.817    0.002         0.005         -0.063   gcm_linear                0.200     0.00
transformer  1002 final      etop   out      0  0.000     0.981    0.093    0.995         0.002          8.738        rulex               40.000     1.00
transformer  1002 final      etop   out      1  0.050     0.960    0.176    0.995         0.002          9.420        rulex               40.000     1.00
transformer  1002 final      etop   out      2  0.100     0.896    0.387    0.978         0.002          9.932        rulex               20.627     1.00
transformer  1002 final      etop   out      3  0.200     0.843    0.601    0.980         0.002         10.290        rulex               16.541     1.00
transformer  1002 final      etop   out      5  0.300     0.521    1.748    0.980         0.000         11.299        rulex                4.398     1.00
transformer  1002 final      etop   out      7  0.400     0.190    3.465    0.969         0.000         12.226        rulex                2.828     1.00
transformer  1002 final      etop   out      9  0.500     0.036    5.055    0.978         0.000         12.364  gcm_hamming                1.170     1.00
transformer  1002 final      etop   out     13  0.600     0.020    5.350    0.975         0.000         11.290  gcm_hamming                1.170     1.00
transformer  1002 final      etop   out     24  0.700     0.009    5.533    0.957         0.000          8.938  gcm_hamming                1.170     1.00
transformer  1002 final      etop   out     37  0.800     0.006    5.501    0.881         0.000          6.345  gcm_hamming                1.170     1.00
transformer  1002 final      etop   out     54  0.900     0.005    5.343    0.620         0.000          3.243  gcm_hamming                0.938     1.00
transformer  1002 final      etop   out     64  0.950     0.005    5.167    0.240         0.000          1.548  gcm_hamming                0.752     1.00
transformer  1002 final      etop   out     74  1.000     0.007    5.004    0.004         0.004          0.000      uniform                0.200     0.50
transformer  1002 final      etop  both      0  0.000     0.981    0.093    0.995         0.002          8.738        rulex               40.000     1.00
transformer  1002 final      etop  both      1  0.050     0.964    0.140    0.886         0.076          5.473        rulex               40.000     0.92
transformer  1002 final      etop  both      1  0.100     0.888    0.378    0.890         0.023          6.341        rulex               20.627     0.98
transformer  1002 final      etop  both      3  0.200     0.442    1.878    0.384         0.076          2.451        rulex                6.840     0.84
transformer  1002 final      etop  both      4  0.300     0.181    3.283    0.299         0.023          2.869        rulex                2.828     0.96
transformer  1002 final      etop  both      5  0.400     0.078    4.058    0.303         0.004          2.747        rulex                2.268     1.00
transformer  1002 final      etop  both      6  0.500     0.006    6.156    0.375         0.000          5.035  gcm_hamming                0.603     1.00
transformer  1002 final      etop  both      7  0.600     0.004    6.199    0.272         0.002          4.035  gcm_hamming                0.603     1.00
transformer  1002 final      etop  both      9  0.700     0.009    6.011    0.097         0.004          2.229  gcm_hamming                0.603     1.00
transformer  1002 final      etop  both     13  0.800     0.007    5.727    0.040         0.000          1.337  gcm_hamming                0.603     1.00
transformer  1002 final      etop  both     34  0.900     0.007    5.319    0.018         0.004          0.404  gcm_hamming                0.249     1.00
transformer  1002 final      etop  both     52  0.950     0.008    5.139    0.016         0.002          0.104  gcm_hamming                0.311     1.00
transformer  1002 final      etop  both     74  1.000     0.007    5.004    0.004         0.004          0.000      uniform                0.200     0.50
transformer  1002 final   ebottom    in      0  0.000     0.981    0.093    0.995         0.002          8.738        rulex               40.000     1.00
transformer  1002 final   ebottom    in     23  0.050     0.983    0.073    0.984         0.013          7.763        rulex               40.000     0.98
transformer  1002 final   ebottom    in     41  0.100     0.986    0.057    0.971         0.027          6.696        rulex               40.000     0.98
transformer  1002 final   ebottom    in     62  0.200     0.990    0.039    0.820         0.173          3.898        rulex               40.000     0.82
transformer  1002 final   ebottom    in     66  0.300     0.970    0.107    0.555         0.377          0.815        rulex               40.000     0.60
transformer  1002 final   ebottom    in     68  0.400     0.799    0.658    0.223         0.391         -2.237        rulex               13.264     0.36
transformer  1002 final   ebottom    in     69  0.500     0.610    1.424    0.103         0.326         -3.554        rulex                8.530     0.24
transformer  1002 final   ebottom    in     70  0.600     0.311    3.190    0.043         0.148         -3.839        rulex                2.828     0.22
transformer  1002 final   ebottom    in     71  0.700     0.115    5.101    0.022         0.063         -3.555        rulex                2.268     0.22
transformer  1002 final   ebottom    in     72  0.800     0.026    7.934    0.009         0.016         -2.037         rule                0.249     0.24
transformer  1002 final   ebottom    in     74  0.900     0.006   11.817    0.002         0.005         -0.063   gcm_linear                0.200     0.00
transformer  1002 final   ebottom    in     74  0.950     0.006   11.817    0.002         0.005         -0.063   gcm_linear                0.200     0.00
transformer  1002 final   ebottom    in     74  1.000     0.006   11.817    0.002         0.005         -0.063   gcm_linear                0.200     0.00
transformer  1002 final   ebottom   out      0  0.000     0.981    0.093    0.995         0.002          8.738        rulex               40.000     1.00
transformer  1002 final   ebottom   out     11  0.050     0.984    0.070    0.975         0.022          7.009        rulex               40.000     0.98
transformer  1002 final   ebottom   out     21  0.100     0.988    0.052    0.935         0.061          5.304        rulex               40.000     0.94
transformer  1002 final   ebottom   out     38  0.200     0.994    0.027    0.699         0.279          2.224        rulex               40.000     0.72
transformer  1002 final   ebottom   out     51  0.300     0.996    0.017    0.423         0.546         -0.404        rulex               40.000     0.44
transformer  1002 final   ebottom   out     62  0.400     0.998    0.012    0.180         0.751         -2.814        rulex               40.000     0.20
transformer  1002 final   ebottom   out     66  0.500     0.997    0.024    0.095         0.793         -3.565        rulex               40.000     0.10
transformer  1002 final   ebottom   out     68  0.600     0.988    0.144    0.086         0.636         -2.912        rulex               40.000     0.12
transformer  1002 final   ebottom   out     70  0.700     0.807    1.000    0.049         0.326         -2.159        rulex               10.637     0.12
transformer  1002 final   ebottom   out     72  0.800     0.304    2.734    0.029         0.079         -1.194        rulex                1.459     0.26
transformer  1002 final   ebottom   out     73  0.900     0.053    3.824    0.007         0.029         -0.682         rule                0.311     0.12
transformer  1002 final   ebottom   out     74  0.950     0.007    5.004    0.004         0.004          0.000      uniform                0.200     0.50
transformer  1002 final   ebottom   out     74  1.000     0.007    5.004    0.004         0.004          0.000      uniform                0.200     0.50
transformer  1002 final   ebottom  both      0  0.000     0.981    0.093    0.995         0.002          8.738        rulex               40.000     1.00
transformer  1002 final   ebottom  both     23  0.050     0.987    0.054    0.957         0.040          6.070        rulex               40.000     0.96
transformer  1002 final   ebottom  both     41  0.100     0.993    0.029    0.811         0.186          3.390        rulex               40.000     0.82
transformer  1002 final   ebottom  both     62  0.200     0.997    0.013    0.301         0.672         -1.877        rulex               40.000     0.30
transformer  1002 final   ebottom  both     66  0.300     0.987    0.054    0.063         0.867         -5.922        rulex               40.000     0.06
transformer  1002 final   ebottom  both     68  0.400     0.872    0.421    0.016         0.724         -8.197        rulex               16.541     0.02
transformer  1002 final   ebottom  both     69  0.500     0.729    0.911    0.005         0.584         -8.537         rule               10.637     0.00
transformer  1002 final   ebottom  both     70  0.600     0.235    2.723    0.005         0.164         -5.588         rule                2.268     0.02
transformer  1002 final   ebottom  both     71  0.700     0.088    3.658    0.000         0.083         -4.177         rule                0.200     0.00
transformer  1002 final   ebottom  both     72  0.800     0.049    4.545    0.009         0.043         -4.233         rule                0.200     0.10
transformer  1002 final   ebottom  both     74  0.900     0.006    5.712    0.005         0.011          0.169  gcm_hamming                0.200     0.00
transformer  1002 final   ebottom  both     74  0.950     0.007    5.004    0.004         0.004          0.000      uniform                0.200     0.50
transformer  1002 final   ebottom  both     74  1.000     0.007    5.004    0.004         0.004          0.000      uniform                0.200     0.50
transformer  1002 final     erand    in      0  0.000     0.981    0.093    0.995         0.002          8.738        rulex               40.000     1.00
transformer  1002 final     erand    in     12  0.050     0.943    0.201    0.903         0.041          5.957        rulex               25.722     0.96
transformer  1002 final     erand    in     12  0.100     0.943    0.201    0.903         0.041          5.957        rulex               25.722     0.96
transformer  1002 final     erand    in     19  0.200     0.891    0.367    0.708         0.106          3.914        rulex               16.541     0.86
transformer  1002 final     erand    in     26  0.300     0.700    0.987    0.407         0.130          1.734        rulex               10.637     0.76
transformer  1002 final     erand    in     43  0.400     0.636    1.262    0.249         0.213         -0.629        rulex                8.530     0.54
transformer  1002 final     erand    in     52  0.500     0.364    2.320    0.081         0.117         -3.003        rulex                1.170     0.40
transformer  1002 final     erand    in     56  0.600     0.204    3.578    0.068         0.067         -3.089        rulex                0.200     0.50
transformer  1002 final     erand    in     58  0.700     0.066    5.639    0.036         0.040         -2.515        rulex                0.200     0.48
transformer  1002 final     erand    in     62  0.800     0.017    9.231    0.022         0.007         -0.553  gcm_hamming                0.388     0.94
transformer  1002 final     erand    in     65  0.900     0.007   12.748    0.013         0.007          1.423  gcm_hamming                0.200     1.00
transformer  1002 final     erand    in     65  0.950     0.007   12.748    0.013         0.007          1.423  gcm_hamming                0.200     1.00
transformer  1002 final     erand    in     74  1.000     0.006   11.817    0.002         0.005         -0.063   gcm_linear                0.200     0.00
transformer  1002 final     erand    in      0  0.000     0.981    0.093    0.995         0.002          8.738        rulex               40.000     1.00
transformer  1002 final     erand    in     12  0.050     0.979    0.085    0.957         0.032          6.635        rulex               40.000     0.96
transformer  1002 final     erand    in     13  0.100     0.977    0.093    0.933         0.050          6.109        rulex               40.000     0.94
transformer  1002 final     erand    in     15  0.200     0.908    0.308    0.744         0.112          4.153        rulex               16.541     0.86
transformer  1002 final     erand    in     27  0.300     0.855    0.473    0.515         0.213          1.796        rulex               13.264     0.70
transformer  1002 final     erand    in     37  0.400     0.688    1.077    0.305         0.204         -0.206        rulex                6.840     0.60
transformer  1002 final     erand    in     57  0.500     0.338    2.890    0.083         0.135         -3.140        rulex                3.527     0.38
transformer  1002 final     erand    in     59  0.600     0.327    2.916    0.068         0.126         -3.443        rulex                3.527     0.34
transformer  1002 final     erand    in     64  0.700     0.124    4.819    0.036         0.049         -3.879        rulex                1.170     0.42
transformer  1002 final     erand    in     67  0.800     0.036    7.067    0.014         0.014         -3.366         rule                0.200     0.50
transformer  1002 final     erand    in     68  0.900     0.010    9.297    0.014         0.013         -1.338  gcm_hamming                0.200     1.00
transformer  1002 final     erand    in     74  0.950     0.006   11.817    0.002         0.005         -0.063   gcm_linear                0.200     0.00
transformer  1002 final     erand    in     74  1.000     0.006   11.817    0.002         0.005         -0.063   gcm_linear                0.200     0.00
transformer  1002 final     erand    in      0  0.000     0.981    0.093    0.995         0.002          8.738        rulex               40.000     1.00
transformer  1002 final     erand    in     11  0.050     0.943    0.199    0.932         0.032          6.429        rulex               32.076     0.96
transformer  1002 final     erand    in     11  0.100     0.943    0.199    0.932         0.032          6.429        rulex               32.076     0.96
transformer  1002 final     erand    in     16  0.200     0.911    0.308    0.724         0.103          4.032        rulex               20.627     0.88
transformer  1002 final     erand    in     24  0.300     0.753    0.800    0.413         0.177          1.609        rulex                8.530     0.70
transformer  1002 final     erand    in     27  0.400     0.606    1.375    0.227         0.160          0.071        rulex                5.485     0.58
transformer  1002 final     erand    in     29  0.500     0.355    2.571    0.114         0.095         -1.324        rulex                3.527     0.54
transformer  1002 final     erand    in     38  0.600     0.180    4.217    0.049         0.045         -2.237        rulex                2.828     0.52
transformer  1002 final     erand    in     42  0.700     0.047    6.401    0.022         0.016         -1.757        rulex                0.752     0.60
transformer  1002 final     erand    in     53  0.800     0.009    9.334    0.009         0.007         -1.130  gcm_hamming                0.484     1.00
transformer  1002 final     erand    in     69  0.900     0.008    9.679    0.011         0.005         -1.417  gcm_hamming                0.200     1.00
transformer  1002 final     erand    in     70  0.950     0.007   13.505    0.007         0.009          0.358  gcm_hamming                0.200     0.00
transformer  1002 final     erand    in     74  1.000     0.006   11.817    0.002         0.005         -0.063   gcm_linear                0.200     0.00
transformer  1002 final     erand   out      0  0.000     0.981    0.093    0.995         0.002          8.738        rulex               40.000     1.00
transformer  1002 final     erand   out      8  0.050     0.984    0.074    0.980         0.016          7.344        rulex               40.000     0.98
transformer  1002 final     erand   out     12  0.100     0.970    0.137    0.971         0.016          7.443        rulex               40.000     0.98
transformer  1002 final     erand   out     19  0.200     0.961    0.182    0.951         0.029          6.339        rulex               40.000     0.96
transformer  1002 final     erand   out     26  0.300     0.897    0.418    0.906         0.020          5.660        rulex               25.722     0.98
transformer  1002 final     erand   out     34  0.400     0.906    0.388    0.805         0.040          4.162        rulex               25.722     0.96
transformer  1002 final     erand   out     43  0.500     0.881    0.560    0.649         0.076          2.747        rulex               20.627     0.90
transformer  1002 final     erand   out     52  0.600     0.619    1.280    0.501         0.061          1.862        rulex                3.527     0.90
transformer  1002 final     erand   out     56  0.700     0.392    1.982    0.407         0.040          1.676        rulex                1.459     0.92
transformer  1002 final     erand   out     62  0.800     0.091    3.765    0.324         0.014          1.735        rulex                0.603     1.00
transformer  1002 final     erand   out     65  0.900     0.012    5.015    0.305         0.000          1.723  gcm_hamming                0.603     1.00
transformer  1002 final     erand   out     67  0.950     0.013    5.013    0.209         0.005          1.362  gcm_hamming                0.388     1.00
transformer  1002 final     erand   out     74  1.000     0.007    5.004    0.004         0.004          0.000      uniform                0.200     0.50
transformer  1002 final     erand   out      0  0.000     0.981    0.093    0.995         0.002          8.738        rulex               40.000     1.00
transformer  1002 final     erand   out      9  0.050     0.984    0.073    0.980         0.016          7.137        rulex               40.000     0.98
transformer  1002 final     erand   out     12  0.100     0.979    0.093    0.977         0.018          6.840        rulex               40.000     0.98
transformer  1002 final     erand   out     15  0.200     0.963    0.163    0.971         0.018          6.642        rulex               40.000     0.98
transformer  1002 final     erand   out     24  0.300     0.954    0.218    0.923         0.050          5.272        rulex               32.076     0.94
transformer  1002 final     erand   out     32  0.400     0.897    0.454    0.841         0.052          4.282        rulex               20.627     0.94
transformer  1002 final     erand   out     45  0.500     0.916    0.418    0.604         0.160          1.810        rulex               20.627     0.80
transformer  1002 final     erand   out     57  0.600     0.781    1.040    0.305         0.164          0.421        rulex               10.637     0.66
transformer  1002 final     erand   out     63  0.700     0.812    1.064    0.169         0.232         -0.773        rulex               10.637     0.42
transformer  1002 final     erand   out     67  0.800     0.188    2.957    0.092         0.032         -0.005        rulex                0.200     0.76
transformer  1002 final     erand   out     68  0.900     0.045    4.007    0.146         0.007          0.602        rulex                0.388     1.00
transformer  1002 final     erand   out     74  0.950     0.007    5.004    0.004         0.004          0.000      uniform                0.200     0.50
transformer  1002 final     erand   out     74  1.000     0.007    5.004    0.004         0.004          0.000      uniform                0.200     0.50
transformer  1002 final     erand   out      0  0.000     0.981    0.093    0.995         0.002          8.738        rulex               40.000     1.00
transformer  1002 final     erand   out      7  0.050     0.983    0.075    0.986         0.011          7.342        rulex               40.000     0.98
transformer  1002 final     erand   out     11  0.100     0.975    0.113    0.975         0.016          7.069        rulex               40.000     0.98
transformer  1002 final     erand   out     16  0.200     0.952    0.204    0.960         0.018          6.601        rulex               32.076     0.98
transformer  1002 final     erand   out     24  0.300     0.888    0.447    0.901         0.027          5.619        rulex               20.627     0.98
transformer  1002 final     erand   out     27  0.400     0.808    0.720    0.841         0.022          5.250        rulex               10.637     0.98
transformer  1002 final     erand   out     31  0.500     0.444    1.954    0.827         0.005          5.441        rulex                6.840     1.00
transformer  1002 final     erand   out     39  0.600     0.448    1.930    0.677         0.004          3.859        rulex                6.840     1.00
transformer  1002 final     erand   out     45  0.700     0.177    2.944    0.589         0.002          3.459        rulex                3.527     1.00
transformer  1002 final     erand   out     53  0.800     0.057    4.033    0.546         0.000          2.969        rulex                0.752     1.00
transformer  1002 final     erand   out     67  0.900     0.046    3.978    0.121         0.005          0.491        rulex                0.200     1.00
transformer  1002 final     erand   out     70  0.950     0.009    5.033    0.090         0.004          0.703  gcm_hamming                0.603     1.00
transformer  1002 final     erand   out     74  1.000     0.007    5.004    0.004         0.004          0.000      uniform                0.200     0.50
transformer  1002 final     erand  both      0  0.000     0.981    0.093    0.995         0.002          8.738        rulex               40.000     1.00
transformer  1002 final     erand  both     12  0.050     0.927    0.271    0.861         0.049          5.429        rulex               25.722     0.94
transformer  1002 final     erand  both     12  0.100     0.927    0.271    0.861         0.049          5.429        rulex               25.722     0.94
transformer  1002 final     erand  both     19  0.200     0.694    1.067    0.607         0.054          4.124        rulex                8.530     0.92
transformer  1002 final     erand  both     26  0.300     0.470    1.971    0.270         0.072          1.178        rulex                5.485     0.80
transformer  1002 final     erand  both     43  0.400     0.359    2.303    0.121         0.110         -1.155        rulex                5.485     0.52
transformer  1002 final     erand  both     52  0.500     0.178    3.002    0.052         0.077         -2.452        rulex                0.200     0.40
transformer  1002 final     erand  both     56  0.600     0.167    3.103    0.023         0.110         -4.222        rulex                0.200     0.16
transformer  1002 final     erand  both     58  0.700     0.052    4.396    0.027         0.027         -2.579        rulex                0.200     0.50
transformer  1002 final     erand  both     62  0.800     0.005    5.825    0.013         0.004          0.512  gcm_hamming                0.200     1.00
transformer  1002 final     erand  both     65  0.900     0.006    5.326    0.004         0.009          0.094  gcm_hamming                0.388     0.00
transformer  1002 final     erand  both     65  0.950     0.007    5.164    0.004         0.004          0.007  gcm_hamming                0.484     0.50
transformer  1002 final     erand  both     74  1.000     0.007    5.004    0.004         0.004          0.000      uniform                0.200     0.50
transformer  1002 final     erand  both      0  0.000     0.981    0.093    0.995         0.002          8.738        rulex               40.000     1.00
transformer  1002 final     erand  both     12  0.050     0.957    0.169    0.977         0.014          7.271        rulex               32.076     0.98
transformer  1002 final     erand  both     13  0.100     0.879    0.448    0.946         0.009          7.378        rulex               20.627     0.98
transformer  1002 final     erand  both     15  0.200     0.507    1.794    0.809         0.005          6.936        rulex                4.398     1.00
transformer  1002 final     erand  both     27  0.300     0.364    2.419    0.537         0.016          4.255        rulex                2.828     0.98
transformer  1002 final     erand  both     37  0.400     0.200    3.198    0.286         0.014          2.035        rulex                1.459     0.98
transformer  1002 final     erand  both     57  0.500     0.046    4.685    0.146         0.014          0.909        rulex                0.938     1.00
transformer  1002 final     erand  both     59  0.600     0.043    4.430    0.090         0.023         -0.264        rulex                0.938     0.90
transformer  1002 final     erand  both     64  0.700     0.022    4.783    0.034         0.004         -1.419        rulex                0.200     1.00
transformer  1002 final     erand  both     67  0.800     0.017    5.144    0.005         0.014         -2.454  gcm_hamming                0.200     0.10
transformer  1002 final     erand  both     68  0.900     0.005    5.246    0.009         0.002          0.064   gcm_linear                0.388     1.00
transformer  1002 final     erand  both     74  0.950     0.007    5.070    0.007         0.007          0.008      uniform                0.200     0.50
transformer  1002 final     erand  both     74  1.000     0.007    5.004    0.004         0.004          0.000      uniform                0.200     0.50
transformer  1002 final     erand  both      0  0.000     0.981    0.093    0.995         0.002          8.738        rulex               40.000     1.00
transformer  1002 final     erand  both     11  0.050     0.883    0.389    0.903         0.023          6.558        rulex               16.541     0.98
transformer  1002 final     erand  both     11  0.100     0.884    0.386    0.901         0.031          6.332        rulex               16.541     0.96
transformer  1002 final     erand  both     16  0.200     0.708    1.016    0.723         0.029          4.972        rulex                8.530     0.96
transformer  1002 final     erand  both     24  0.300     0.328    2.570    0.447         0.022          3.506        rulex                3.527     0.96
transformer  1002 final     erand  both     27  0.400     0.336    2.419    0.191         0.068          0.088        rulex                4.398     0.74
transformer  1002 final     erand  both     29  0.500     0.313    2.480    0.058         0.124         -3.107        rulex                3.527     0.32
transformer  1002 final     erand  both     38  0.600     0.113    3.700    0.023         0.061         -3.354        rulex                3.527     0.26
transformer  1002 final     erand  both     42  0.700     0.009    5.846    0.016         0.002          0.723  gcm_hamming                0.388     1.00
transformer  1002 final     erand  both     53  0.800     0.006    5.414    0.018         0.009          0.171   gcm_linear                0.200     1.00
transformer  1002 final     erand  both     69  0.900     0.007    5.074    0.007         0.007          0.023  gcm_hamming                0.200     0.50
transformer  1002 final     erand  both     70  0.950     0.007    5.004    0.004         0.004          0.000      uniform                0.200     0.50
transformer  1002 final     erand  both     74  1.000     0.007    5.004    0.004         0.004          0.000      uniform                0.200     0.50
transformer  1002 final      topk    in     34  0.000     0.981    0.093    0.995         0.002          8.738        rulex               40.000     1.00
transformer  1002 final      topk    in     34  0.250     0.977    0.106    0.995         0.002          9.159        rulex               40.000     1.00
transformer  1002 final      topk    in     34  0.500     0.953    0.180    0.991         0.004          9.571        rulex               32.076     1.00
transformer  1002 final      topk    in     34  0.750     0.677    1.242    0.850         0.002          9.294        rulex                8.530     1.00
transformer  1002 final      topk    in     34  1.000     0.007   13.235    0.025         0.005          2.499  gcm_hamming                0.200     1.00
transformer  1002 final      topk   out     54  0.000     0.981    0.093    0.995         0.002          8.738        rulex               40.000     1.00
transformer  1002 final      topk   out     54  0.250     0.976    0.117    0.995         0.002          7.364        rulex               40.000     1.00
transformer  1002 final      topk   out     54  0.500     0.962    0.279    0.995         0.002          5.990        rulex               40.000     1.00
transformer  1002 final      topk   out     54  0.750     0.862    1.491    0.993         0.000          4.617        rulex               16.541     1.00
transformer  1002 final      topk   out     54  1.000     0.005    5.343    0.620         0.000          3.243  gcm_hamming                0.938     1.00
transformer  1002 final      topk  both     34  0.000     0.981    0.093    0.995         0.002          8.738        rulex               40.000     1.00
transformer  1002 final      topk  both     34  0.250     0.962    0.168    0.995         0.002          8.606        rulex               40.000     1.00
transformer  1002 final      topk  both     34  0.500     0.865    0.660    0.995         0.000          8.202        rulex               16.541     1.00
transformer  1002 final      topk  both     34  0.750     0.260    3.141    0.932         0.000          6.800        rulex                2.828     1.00
transformer  1002 final      topk  both     34  1.000     0.006    5.759    0.020         0.005          0.861  gcm_hamming                0.200     1.00
transformer  1002 final     randk    in     34  0.000     0.981    0.093    0.995         0.002          8.738        rulex               40.000     1.00
transformer  1002 final     randk    in     34  0.250     0.982    0.083    0.993         0.004          8.374        rulex               40.000     1.00
transformer  1002 final     randk    in     34  0.500     0.983    0.075    0.989         0.007          7.974        rulex               40.000     0.98
transformer  1002 final     randk    in     34  0.750     0.984    0.068    0.978         0.018          7.537        rulex               40.000     0.98
transformer  1002 final     randk    in     34  1.000     0.985    0.063    0.975         0.023          7.067        rulex               40.000     0.98
transformer  1002 final     randk    in     34  0.000     0.981    0.093    0.995         0.002          8.738        rulex               40.000     1.00
transformer  1002 final     randk    in     34  0.250     0.982    0.083    0.991         0.005          8.378        rulex               40.000     0.98
transformer  1002 final     randk    in     34  0.500     0.983    0.075    0.987         0.009          7.983        rulex               40.000     0.98
transformer  1002 final     randk    in     34  0.750     0.984    0.068    0.980         0.016          7.554        rulex               40.000     0.98
transformer  1002 final     randk    in     34  1.000     0.984    0.063    0.977         0.020          7.092        rulex               40.000     0.98
transformer  1002 final     randk    in     34  0.000     0.981    0.093    0.995         0.002          8.738        rulex               40.000     1.00
transformer  1002 final     randk    in     34  0.250     0.982    0.083    0.991         0.005          8.377        rulex               40.000     0.98
transformer  1002 final     randk    in     34  0.500     0.983    0.074    0.989         0.007          7.980        rulex               40.000     0.98
transformer  1002 final     randk    in     34  0.750     0.984    0.067    0.980         0.016          7.546        rulex               40.000     0.98
transformer  1002 final     randk    in     34  1.000     0.985    0.062    0.975         0.022          7.077        rulex               40.000     0.98
transformer  1002 final     randk   out     20  0.000     0.981    0.093    0.995         0.002          8.738        rulex               40.000     1.00
transformer  1002 final     randk   out     20  0.250     0.983    0.080    0.986         0.011          7.927        rulex               40.000     0.98
transformer  1002 final     randk   out     20  0.500     0.985    0.069    0.980         0.016          7.116        rulex               40.000     0.98
transformer  1002 final     randk   out     20  0.750     0.986    0.060    0.964         0.032          6.305        rulex               40.000     0.96
transformer  1002 final     randk   out     20  1.000     0.987    0.053    0.939         0.058          5.494        rulex               40.000     0.94
transformer  1002 final     randk   out     20  0.000     0.981    0.093    0.995         0.002          8.738        rulex               40.000     1.00
transformer  1002 final     randk   out     20  0.250     0.983    0.080    0.986         0.011          7.927        rulex               40.000     0.98
transformer  1002 final     randk   out     20  0.500     0.985    0.069    0.980         0.016          7.116        rulex               40.000     0.98
transformer  1002 final     randk   out     20  0.750     0.986    0.060    0.964         0.032          6.305        rulex               40.000     0.96
transformer  1002 final     randk   out     20  1.000     0.987    0.053    0.939         0.058          5.494        rulex               40.000     0.94
transformer  1002 final     randk   out     20  0.000     0.981    0.093    0.995         0.002          8.738        rulex               40.000     1.00
transformer  1002 final     randk   out     20  0.250     0.983    0.080    0.986         0.011          7.927        rulex               40.000     0.98
transformer  1002 final     randk   out     20  0.500     0.985    0.069    0.980         0.016          7.116        rulex               40.000     0.98
transformer  1002 final     randk   out     20  0.750     0.986    0.060    0.964         0.032          6.305        rulex               40.000     0.96
transformer  1002 final     randk   out     20  1.000     0.987    0.053    0.939         0.058          5.494        rulex               40.000     0.94
transformer  1002 final     randk  both     34  0.000     0.981    0.093    0.995         0.002          8.738        rulex               40.000     1.00
transformer  1002 final     randk  both     34  0.250     0.985    0.062    0.980         0.016          6.902        rulex               40.000     0.98
transformer  1002 final     randk  both     34  0.500     0.990    0.041    0.930         0.068          5.051        rulex               40.000     0.94
transformer  1002 final     randk  both     34  0.750     0.993    0.027    0.805         0.191          3.197        rulex               40.000     0.80
transformer  1002 final     randk  both     34  1.000     0.996    0.019    0.625         0.371          1.351        rulex               40.000     0.62
transformer  1002 final     randk  both     34  0.000     0.981    0.093    0.995         0.002          8.738        rulex               40.000     1.00
transformer  1002 final     randk  both     34  0.250     0.986    0.062    0.980         0.016          6.911        rulex               40.000     0.98
transformer  1002 final     randk  both     34  0.500     0.990    0.041    0.930         0.067          5.069        rulex               40.000     0.94
transformer  1002 final     randk  both     34  0.750     0.993    0.028    0.805         0.189          3.221        rulex               40.000     0.80
transformer  1002 final     randk  both     34  1.000     0.996    0.020    0.627         0.362          1.380        rulex               40.000     0.64
transformer  1002 final     randk  both     34  0.000     0.981    0.093    0.995         0.002          8.738        rulex               40.000     1.00
transformer  1002 final     randk  both     34  0.250     0.985    0.062    0.980         0.016          6.900        rulex               40.000     0.98
transformer  1002 final     randk  both     34  0.500     0.990    0.041    0.921         0.076          5.047        rulex               40.000     0.92
transformer  1002 final     randk  both     34  0.750     0.993    0.027    0.807         0.189          3.189        rulex               40.000     0.82
transformer  1002 final     randk  both     34  1.000     0.996    0.019    0.632         0.360          1.339        rulex               40.000     0.64
transformer  1002 final  residual    in     40  0.000     0.981    0.093    0.995         0.002          8.738        rulex               40.000     1.00
transformer  1002 final  residual    in     40  0.250     0.983    0.081    0.993         0.004          8.311        rulex               40.000     1.00
transformer  1002 final  residual    in     40  0.500     0.984    0.071    0.989         0.007          7.839        rulex               40.000     0.98
transformer  1002 final  residual    in     40  0.750     0.985    0.063    0.978         0.018          7.323        rulex               40.000     0.98
transformer  1002 final  residual    in     40  1.000     0.985    0.058    0.971         0.027          6.764        rulex               40.000     0.98
transformer  1002 final  residual   out     20  0.000     0.981    0.093    0.995         0.002          8.738        rulex               40.000     1.00
transformer  1002 final  residual   out     20  0.250     0.983    0.080    0.986         0.011          7.927        rulex               40.000     0.98
transformer  1002 final  residual   out     20  0.500     0.985    0.069    0.980         0.016          7.116        rulex               40.000     0.98
transformer  1002 final  residual   out     20  0.750     0.986    0.060    0.964         0.032          6.305        rulex               40.000     0.96
transformer  1002 final  residual   out     20  1.000     0.987    0.053    0.939         0.058          5.494        rulex               40.000     0.94
transformer  1002 final  residual  both     40  0.000     0.981    0.093    0.995         0.002          8.738        rulex               40.000     1.00
transformer  1002 final  residual  both     40  0.250     0.986    0.057    0.971         0.025          6.588        rulex               40.000     0.98
transformer  1002 final  residual  both     40  0.500     0.991    0.034    0.895         0.103          4.422        rulex               40.000     0.90
transformer  1002 final  residual  both     40  0.750     0.994    0.021    0.724         0.270          2.256        rulex               40.000     0.72
transformer  1002 final  residual  both     40  1.000     0.997    0.014    0.479         0.506          0.108        rulex               40.000     0.48
transformer  1002 final   neurons units      0  0.000     0.981    0.093    0.995         0.002          8.738        rulex               40.000     1.00
transformer  1002 final   neurons units      1  0.001     0.981    0.092    0.995         0.002          8.700        rulex               40.000     1.00
transformer  1002 final   neurons units      2  0.001     0.981    0.092    0.995         0.002          8.666        rulex               40.000     1.00
transformer  1002 final   neurons units      4  0.003     0.981    0.091    0.995         0.002          8.600        rulex               40.000     1.00
transformer  1002 final   neurons units      8  0.005     0.981    0.090    0.995         0.002          8.477        rulex               40.000     1.00
transformer  1002 final   neurons units     16  0.010     0.981    0.088    0.993         0.004          8.254        rulex               40.000     1.00
transformer  1002 final   neurons units     32  0.021     0.982    0.084    0.986         0.011          7.839        rulex               40.000     0.98
transformer  1002 final   neurons units     64  0.042     0.983    0.077    0.969         0.027          7.079        rulex               40.000     0.98
transformer  1002 final   neurons units    128  0.083     0.984    0.067    0.944         0.049          5.759        rulex               40.000     0.96
transformer  1002 final   neurons units    256  0.167     0.986    0.056    0.807         0.177          3.490        rulex               40.000     0.82
transformer  1002 final   neurons units    512  0.333     0.986    0.057    0.476         0.463          0.061        rulex               40.000     0.50
transformer  1002 final randunits units      0  0.000     0.981    0.093    0.995         0.002          8.738        rulex               40.000     1.00
transformer  1002 final randunits units      1  0.001     0.981    0.093    0.995         0.002          8.728        rulex               40.000     1.00
transformer  1002 final randunits units      2  0.001     0.981    0.092    0.995         0.002          8.724        rulex               40.000     1.00
transformer  1002 final randunits units      4  0.003     0.981    0.092    0.995         0.002          8.696        rulex               40.000     1.00
transformer  1002 final randunits units      8  0.005     0.980    0.095    0.993         0.004          8.756        rulex               40.000     1.00
transformer  1002 final randunits units     16  0.010     0.981    0.092    0.991         0.005          8.627        rulex               40.000     0.98
transformer  1002 final randunits units     32  0.021     0.980    0.093    0.991         0.005          8.578        rulex               40.000     0.98
transformer  1002 final randunits units     64  0.042     0.979    0.095    0.993         0.004          8.459        rulex               40.000     1.00
transformer  1002 final randunits units    128  0.083     0.977    0.099    0.991         0.005          8.198        rulex               40.000     0.98
transformer  1002 final randunits units    256  0.167     0.976    0.107    0.989         0.007          7.794        rulex               40.000     0.98
transformer  1002 final randunits units    512  0.333     0.955    0.168    0.944         0.032          6.750        rulex               40.000     0.96
transformer  1002 final randunits units      0  0.000     0.981    0.093    0.995         0.002          8.738        rulex               40.000     1.00
transformer  1002 final randunits units      1  0.001     0.981    0.093    0.995         0.002          8.714        rulex               40.000     1.00
transformer  1002 final randunits units      2  0.001     0.981    0.093    0.995         0.002          8.723        rulex               40.000     1.00
transformer  1002 final randunits units      4  0.003     0.981    0.093    0.995         0.002          8.724        rulex               40.000     1.00
transformer  1002 final randunits units      8  0.005     0.981    0.094    0.995         0.002          8.736        rulex               40.000     1.00
transformer  1002 final randunits units     16  0.010     0.980    0.092    0.995         0.002          8.667        rulex               40.000     1.00
transformer  1002 final randunits units     32  0.021     0.981    0.093    0.991         0.005          8.567        rulex               40.000     0.98
transformer  1002 final randunits units     64  0.042     0.980    0.095    0.993         0.004          8.472        rulex               40.000     1.00
transformer  1002 final randunits units    128  0.083     0.979    0.098    0.993         0.004          8.235        rulex               40.000     1.00
transformer  1002 final randunits units    256  0.167     0.975    0.109    0.987         0.005          7.886        rulex               40.000     0.98
transformer  1002 final randunits units    512  0.333     0.958    0.165    0.946         0.041          6.302        rulex               40.000     0.96
transformer  1002 final randunits units      0  0.000     0.981    0.093    0.995         0.002          8.738        rulex               40.000     1.00
transformer  1002 final randunits units      1  0.001     0.981    0.093    0.995         0.002          8.738        rulex               40.000     1.00
transformer  1002 final randunits units      2  0.001     0.981    0.093    0.995         0.002          8.731        rulex               40.000     1.00
transformer  1002 final randunits units      4  0.003     0.981    0.093    0.995         0.002          8.727        rulex               40.000     1.00
transformer  1002 final randunits units      8  0.005     0.981    0.093    0.995         0.002          8.703        rulex               40.000     1.00
transformer  1002 final randunits units     16  0.010     0.980    0.092    0.995         0.002          8.649        rulex               40.000     1.00
transformer  1002 final randunits units     32  0.021     0.980    0.094    0.991         0.005          8.648        rulex               40.000     0.98
transformer  1002 final randunits units     64  0.042     0.980    0.095    0.991         0.004          8.544        rulex               40.000     1.00
transformer  1002 final randunits units    128  0.083     0.978    0.097    0.987         0.009          8.213        rulex               40.000     0.98
transformer  1002 final randunits units    256  0.167     0.972    0.111    0.982         0.013          7.728        rulex               40.000     0.98
transformer  1002 final randunits units    512  0.333     0.958    0.162    0.930         0.045          6.218        rulex               40.000     0.96
transformer  1000 final      none     -      0  0.000     0.983    0.081    0.982         0.018          7.086        rulex               40.000     0.98
transformer  1000 final   lowpass    in      0  0.000     0.007    8.857    0.004         0.004         -0.188      uniform                0.200     0.50
transformer  1000 final   lowpass    in      1  1.000     0.007   10.498    0.004         0.002          0.023 gcm_circular                0.603     1.00
transformer  1000 final   lowpass    in      2  2.000     0.004    9.637    0.011         0.004          0.442      uniform                0.752     1.00
transformer  1000 final   lowpass    in      3  3.000     0.006    9.695    0.004         0.002          0.411      uniform                0.938     1.00
transformer  1000 final   lowpass    in      4  4.000     0.006    9.310    0.004         0.004          0.664      uniform                0.752     0.50
transformer  1000 final   lowpass    in      6  6.000     0.007    9.364    0.011         0.009          0.889  gcm_hamming                0.603     1.00
transformer  1000 final   lowpass    in      8  8.000     0.008    9.277    0.014         0.007          1.225  gcm_hamming                0.200     1.00
transformer  1000 final   lowpass    in     12 12.000     0.006    9.568    0.022         0.004          1.745  gcm_hamming                0.603     1.00
transformer  1000 final   lowpass    in     16 16.000     0.019    6.939    0.029         0.007          0.043  gcm_hamming                0.388     1.00
transformer  1000 final   lowpass    in     24 24.000     0.018    6.952    0.045         0.007          0.591  gcm_hamming                0.603     1.00
transformer  1000 final   lowpass    in     32 32.000     0.072    4.931    0.067         0.023          0.022        rulex                3.527     0.78
transformer  1000 final   lowpass    in     48 48.000     0.607    1.173    0.418         0.123          1.937        rulex               10.637     0.78
transformer  1000 final   lowpass    in     74 74.000     0.983    0.081    0.982         0.018          7.086        rulex               40.000     0.98
transformer  1000 final   lowpass   out      0  0.000     0.007    5.004    0.007         0.009          0.000      uniform                0.200     0.00
transformer  1000 final   lowpass   out      1  1.000     0.007    5.015    0.011         0.004          0.124      uniform                0.200     1.00
transformer  1000 final   lowpass   out      2  2.000     0.015    4.842    0.016         0.009          0.245         rule                0.200     0.76
transformer  1000 final   lowpass   out      3  3.000     0.035    4.681    0.056         0.013          0.407        rulex                2.268     0.94
transformer  1000 final   lowpass   out      4  4.000     0.030    4.689    0.032         0.011          0.524        rulex                1.819     0.94
transformer  1000 final   lowpass   out      6  6.000     0.044    4.520    0.081         0.005          0.748        rulex                1.819     1.00
transformer  1000 final   lowpass   out      8  8.000     0.038    4.537    0.141         0.009          0.971        rulex                1.819     1.00
transformer  1000 final   lowpass   out     12 12.000     0.029    4.577    0.213         0.000          1.483        rulex                1.819     1.00
transformer  1000 final   lowpass   out     16 16.000     0.201    3.514    0.294         0.013          1.850        rulex                3.527     0.98
transformer  1000 final   lowpass   out     24 24.000     0.271    3.185    0.571         0.007          2.775        rulex                4.398     1.00
transformer  1000 final   lowpass   out     32 32.000     0.470    2.282    0.695         0.005          3.537        rulex                6.840     1.00
transformer  1000 final   lowpass   out     48 48.000     0.905    0.473    0.928         0.014          5.016        rulex               25.722     0.98
transformer  1000 final   lowpass   out     74 74.000     0.983    0.081    0.982         0.018          7.086        rulex               40.000     0.98
transformer  1000 final   lowpass  both      0  0.000     0.007    5.004    0.007         0.009          0.000      uniform                0.200     0.00
transformer  1000 final   lowpass  both      1  1.000     0.007    5.011    0.005         0.004         -0.015      uniform                0.200     1.00
transformer  1000 final   lowpass  both      2  2.000     0.011    4.989    0.004         0.013         -0.069 gcm_circular                0.752     0.00
transformer  1000 final   lowpass  both      3  3.000     0.010    5.000    0.004         0.005         -0.096         rule                0.200     0.00
transformer  1000 final   lowpass  both      4  4.000     0.007    5.026    0.007         0.004         -0.073      uniform                0.200     1.00
transformer  1000 final   lowpass  both      6  6.000     0.007    5.068    0.007         0.016         -0.051      uniform                0.200     0.00
transformer  1000 final   lowpass  both      8  8.000     0.010    5.065    0.007         0.011          0.009         rule                0.200     0.00
transformer  1000 final   lowpass  both     12 12.000     0.009    5.143    0.000         0.018          0.093         rule                0.752     0.00
transformer  1000 final   lowpass  both     16 16.000     0.032    4.228    0.014         0.022         -2.005         rule                0.200     0.36
transformer  1000 final   lowpass  both     24 24.000     0.031    4.246    0.013         0.029         -1.625         rule                0.200     0.22
transformer  1000 final   lowpass  both     32 32.000     0.112    3.233    0.031         0.068         -2.610        rulex                4.398     0.28
transformer  1000 final   lowpass  both     48 48.000     0.659    0.977    0.256         0.232         -0.782        rulex               13.264     0.52
transformer  1000 final   lowpass  both     74 74.000     0.983    0.081    0.982         0.018          7.086        rulex               40.000     0.98
transformer  1000 final      etop    in      0  0.000     0.983    0.081    0.982         0.018          7.086        rulex               40.000     0.98
transformer  1000 final      etop    in      1  0.050     0.894    0.359    0.895         0.034          5.729        rulex               25.722     0.96
transformer  1000 final      etop    in      1  0.100     0.894    0.359    0.895         0.034          5.729        rulex               25.722     0.96
transformer  1000 final      etop    in      2  0.200     0.690    1.033    0.697         0.045          4.780        rulex                8.530     0.94
transformer  1000 final      etop    in      3  0.300     0.501    1.867    0.492         0.041          3.647        rulex                3.527     0.92
transformer  1000 final      etop    in      4  0.400     0.290    3.017    0.286         0.045          2.306        rulex                2.268     0.88
transformer  1000 final      etop    in      5  0.500     0.160    3.907    0.132         0.040          0.485        rulex                1.170     0.78
transformer  1000 final      etop    in      6  0.600     0.077    4.727    0.094         0.018         -0.482        rulex                0.388     0.90
transformer  1000 final      etop    in      8  0.700     0.007   10.102    0.105         0.002          5.875  gcm_hamming                0.484     1.00
transformer  1000 final      etop    in     15  0.800     0.006   10.161    0.077         0.000          4.811  gcm_hamming                0.603     1.00
transformer  1000 final      etop    in     36  0.900     0.006   10.216    0.025         0.000          2.633  gcm_hamming                0.603     1.00
transformer  1000 final      etop    in     52  0.950     0.006   10.393    0.016         0.007          1.356  gcm_hamming                0.752     1.00
transformer  1000 final      etop    in     74  1.000     0.007    8.857    0.004         0.004         -0.188      uniform                0.200     0.50
transformer  1000 final      etop   out      0  0.000     0.983    0.081    0.982         0.018          7.086        rulex               40.000     0.98
transformer  1000 final      etop   out      1  0.050     0.975    0.125    0.987         0.013          7.506        rulex               40.000     0.98
transformer  1000 final      etop   out      2  0.100     0.958    0.207    0.991         0.007          7.645        rulex               40.000     0.98
transformer  1000 final      etop   out      3  0.200     0.928    0.351    0.993         0.000          7.836        rulex               32.076     1.00
transformer  1000 final      etop   out      5  0.300     0.798    0.890    0.986         0.000          7.981        rulex               13.264     1.00
transformer  1000 final      etop   out      7  0.400     0.518    1.913    0.989         0.000          8.137        rulex                6.840     1.00
transformer  1000 final      etop   out      8  0.500     0.408    2.462    0.987         0.000          8.280        rulex                4.398     1.00
transformer  1000 final      etop   out     14  0.600     0.214    3.423    0.975         0.000          7.508        rulex                2.268     1.00
transformer  1000 final      etop   out     21  0.700     0.045    4.519    0.957         0.000          6.678  gcm_hamming                1.170     1.00
transformer  1000 final      etop   out     31  0.800     0.005    5.299    0.879         0.000          5.225  gcm_hamming                0.603     1.00
transformer  1000 final      etop   out     50  0.900     0.004    5.228    0.647         0.000          2.715  gcm_hamming                0.603     1.00
transformer  1000 final      etop   out     61  0.950     0.007    5.127    0.310         0.000          1.411  gcm_hamming                0.484     1.00
transformer  1000 final      etop   out     74  1.000     0.007    5.004    0.007         0.009          0.000      uniform                0.200     0.00
transformer  1000 final      etop  both      0  0.000     0.983    0.081    0.982         0.018          7.086        rulex               40.000     0.98
transformer  1000 final      etop  both      1  0.050     0.790    0.681    0.863         0.018          6.248        rulex               13.264     0.98
transformer  1000 final      etop  both      1  0.100     0.749    0.884    0.879         0.011          6.686        rulex               13.264     0.98
transformer  1000 final      etop  both      2  0.200     0.477    1.908    0.739         0.014          5.665        rulex                5.485     0.98
transformer  1000 final      etop  both      3  0.300     0.277    2.759    0.551         0.009          3.947        rulex                2.268     1.00
transformer  1000 final      etop  both      4  0.400     0.021    5.221    0.465         0.002          4.789  gcm_hamming                0.388     1.00
transformer  1000 final      etop  both      5  0.500     0.003    6.035    0.326         0.000          4.460  gcm_hamming                0.603     1.00
transformer  1000 final      etop  both      6  0.600     0.005    5.658    0.182         0.000          2.698  gcm_hamming                0.603     1.00
transformer  1000 final      etop  both      8  0.700     0.006    5.816    0.119         0.000          2.539  gcm_hamming                0.752     1.00
transformer  1000 final      etop  both     15  0.800     0.005    5.548    0.058         0.000          1.568  gcm_hamming                0.752     1.00
transformer  1000 final      etop  both     36  0.900     0.005    5.240    0.018         0.007          0.463  gcm_hamming                0.200     1.00
transformer  1000 final      etop  both     52  0.950     0.007    5.121    0.007         0.009          0.084  gcm_hamming                0.249     0.00
transformer  1000 final      etop  both     74  1.000     0.007    5.004    0.007         0.009          0.000      uniform                0.200     0.00
transformer  1000 final   ebottom    in      0  0.000     0.983    0.081    0.982         0.018          7.086        rulex               40.000     0.98
transformer  1000 final   ebottom    in     23  0.050     0.986    0.061    0.959         0.041          6.060        rulex               40.000     0.96
transformer  1000 final   ebottom    in     39  0.100     0.990    0.042    0.903         0.097          4.699        rulex               40.000     0.90
transformer  1000 final   ebottom    in     60  0.200     0.995    0.020    0.692         0.308          1.868        rulex               40.000     0.70
transformer  1000 final   ebottom    in     67  0.300     0.986    0.054    0.432         0.544         -0.506        rulex               40.000     0.44
transformer  1000 final   ebottom    in     69  0.400     0.916    0.292    0.193         0.620         -2.588        rulex               20.627     0.24
transformer  1000 final   ebottom    in     70  0.500     0.691    1.041    0.077         0.431         -3.322        rulex                5.485     0.16
transformer  1000 final   ebottom    in     71  0.600     0.307    2.591    0.040         0.155         -3.260        rulex                0.938     0.20
transformer  1000 final   ebottom    in     72  0.700     0.071    4.803    0.022         0.038         -2.464        rulex                0.200     0.34
transformer  1000 final   ebottom    in     73  0.800     0.012    7.515    0.014         0.007         -0.705   gcm_linear                0.200     1.00
transformer  1000 final   ebottom    in     74  0.900     0.007    8.857    0.004         0.004         -0.188      uniform                0.200     0.50
transformer  1000 final   ebottom    in     74  0.950     0.007    8.857    0.004         0.004         -0.188      uniform                0.200     0.50
transformer  1000 final   ebottom    in     74  1.000     0.007    8.857    0.004         0.004         -0.188      uniform                0.200     0.50
transformer  1000 final   ebottom   out      0  0.000     0.983    0.081    0.982         0.018          7.086        rulex               40.000     0.98
transformer  1000 final   ebottom   out     14  0.050     0.986    0.061    0.950         0.049          5.554        rulex               40.000     0.96
transformer  1000 final   ebottom   out     25  0.100     0.990    0.046    0.899         0.097          4.252        rulex               40.000     0.90
transformer  1000 final   ebottom   out     44  0.200     0.994    0.026    0.679         0.310          1.694        rulex               40.000     0.68
transformer  1000 final   ebottom   out     54  0.300     0.995    0.028    0.514         0.461          0.295        rulex               40.000     0.52
transformer  1000 final   ebottom   out     61  0.400     0.994    0.049    0.384         0.532         -0.503        rulex               40.000     0.42
transformer  1000 final   ebottom   out     67  0.500     0.981    0.211    0.222         0.510         -1.051        rulex               40.000     0.30
transformer  1000 final   ebottom   out     68  0.600     0.972    0.365    0.193         0.479         -1.006        rulex               32.076     0.28
transformer  1000 final   ebottom   out     70  0.700     0.886    1.183    0.103         0.286         -0.839        rulex               13.264     0.26
transformer  1000 final   ebottom   out     72  0.800     0.243    3.032    0.018         0.076         -0.559        rulex                3.527     0.18
transformer  1000 final   ebottom   out     73  0.900     0.046    3.989    0.007         0.007         -0.420         rule                0.200     0.50
transformer  1000 final   ebottom   out     74  0.950     0.007    5.004    0.007         0.009          0.000      uniform                0.200     0.00
transformer  1000 final   ebottom   out     74  1.000     0.007    5.004    0.007         0.009          0.000      uniform                0.200     0.00
transformer  1000 final   ebottom  both      0  0.000     0.983    0.081    0.982         0.018          7.086        rulex               40.000     0.98
transformer  1000 final   ebottom  both     23  0.050     0.989    0.045    0.905         0.095          4.559        rulex               40.000     0.90
transformer  1000 final   ebottom  both     39  0.100     0.994    0.022    0.715         0.283          2.019        rulex               40.000     0.72
transformer  1000 final   ebottom  both     60  0.200     0.999    0.007    0.193         0.804         -2.674        rulex               40.000     0.20
transformer  1000 final   ebottom  both     67  0.300     0.991    0.061    0.072         0.881         -4.553        rulex               40.000     0.08
transformer  1000 final   ebottom  both     69  0.400     0.891    0.492    0.034         0.685         -4.540        rulex               16.541     0.04
transformer  1000 final   ebottom  both     70  0.500     0.498    1.932    0.023         0.286         -3.069        rulex                2.828     0.08
transformer  1000 final   ebottom  both     71  0.600     0.260    2.717    0.016         0.171         -3.086        rulex                0.200     0.08
transformer  1000 final   ebottom  both     72  0.700     0.076    3.689    0.016         0.070         -2.501         rule                0.200     0.14
transformer  1000 final   ebottom  both     73  0.800     0.007    5.206    0.007         0.004          0.074      uniform                0.200     1.00
transformer  1000 final   ebottom  both     74  0.900     0.007    5.801    0.005         0.013         -0.038      uniform                0.200     0.00
transformer  1000 final   ebottom  both     74  0.950     0.007    5.004    0.007         0.009          0.000      uniform                0.200     0.00
transformer  1000 final   ebottom  both     74  1.000     0.007    5.004    0.007         0.009          0.000      uniform                0.200     0.00
transformer  1000 final     erand    in      0  0.000     0.983    0.081    0.982         0.018          7.086        rulex               40.000     0.98
transformer  1000 final     erand    in      3  0.050     0.981    0.089    0.962         0.038          6.365        rulex               40.000     0.96
transformer  1000 final     erand    in     13  0.100     0.973    0.105    0.881         0.095          4.408        rulex               40.000     0.90
transformer  1000 final     erand    in     14  0.200     0.951    0.183    0.787         0.160          3.437        rulex               32.076     0.84
transformer  1000 final     erand    in     20  0.300     0.749    0.801    0.449         0.187          1.535        rulex               10.637     0.70
transformer  1000 final     erand    in     24  0.400     0.746    0.808    0.398         0.222          0.912        rulex               10.637     0.64
transformer  1000 final     erand    in     43  0.500     0.302    2.752    0.099         0.135         -0.972        rulex                0.200     0.42
transformer  1000 final     erand    in     48  0.600     0.302    2.799    0.090         0.141         -1.367        rulex                0.200     0.38
transformer  1000 final     erand    in     55  0.700     0.080    4.584    0.041         0.050         -1.390        rulex                0.200     0.44
transformer  1000 final     erand    in     60  0.800     0.020    7.226    0.014         0.014         -0.269  gcm_hamming                0.200     0.50
transformer  1000 final     erand    in     70  0.900     0.013    7.314    0.016         0.013         -0.878  gcm_hamming                0.200     1.00
transformer  1000 final     erand    in     72  0.950     0.008    9.432    0.004         0.009         -0.187      uniform                0.200     0.00
transformer  1000 final     erand    in     74  1.000     0.007    8.857    0.004         0.004         -0.188      uniform                0.200     0.50
transformer  1000 final     erand    in      0  0.000     0.983    0.081    0.982         0.018          7.086        rulex               40.000     0.98
transformer  1000 final     erand    in      1  0.050     0.906    0.317    0.868         0.056          5.514        rulex               20.627     0.94
transformer  1000 final     erand    in      1  0.100     0.906    0.317    0.868         0.056          5.514        rulex               20.627     0.94
transformer  1000 final     erand    in     12  0.200     0.687    1.019    0.542         0.095          3.160        rulex                5.485     0.86
transformer  1000 final     erand    in     14  0.300     0.642    1.219    0.454         0.101          2.121        rulex                6.840     0.82
transformer  1000 final     erand    in     19  0.400     0.561    1.461    0.351         0.097          1.078        rulex                3.527     0.78
transformer  1000 final     erand    in     29  0.500     0.331    2.384    0.195         0.068          0.291        rulex                0.200     0.74
transformer  1000 final     erand    in     40  0.600     0.103    4.725    0.049         0.027         -0.429        rulex                0.200     0.66
transformer  1000 final     erand    in     45  0.700     0.102    4.724    0.045         0.029         -0.787        rulex                0.200     0.62
transformer  1000 final     erand    in     62  0.800     0.015    6.945    0.011         0.011         -0.700         rule                0.200     0.50
transformer  1000 final     erand    in     66  0.900     0.005    9.950    0.013         0.004          0.900 gcm_circular                0.311     1.00
transformer  1000 final     erand    in     66  0.950     0.005    9.950    0.013         0.004          0.900 gcm_circular                0.311     1.00
transformer  1000 final     erand    in     74  1.000     0.007    8.857    0.004         0.004         -0.188      uniform                0.200     0.50
transformer  1000 final     erand    in      0  0.000     0.983    0.081    0.982         0.018          7.086        rulex               40.000     0.98
transformer  1000 final     erand    in      6  0.050     0.981    0.086    0.964         0.036          6.268        rulex               40.000     0.96
transformer  1000 final     erand    in      9  0.100     0.972    0.114    0.888         0.086          4.771        rulex               40.000     0.92
transformer  1000 final     erand    in     25  0.200     0.977    0.094    0.780         0.191          3.128        rulex               40.000     0.80
transformer  1000 final     erand    in     28  0.300     0.939    0.210    0.587         0.305          1.551        rulex               20.627     0.66
transformer  1000 final     erand    in     31  0.400     0.633    1.195    0.321         0.222          0.369        rulex                5.485     0.60
transformer  1000 final     erand    in     32  0.500     0.273    3.333    0.123         0.086          0.021        rulex                1.459     0.58
transformer  1000 final     erand    in     49  0.600     0.265    3.310    0.074         0.119         -1.192        rulex                1.459     0.38
transformer  1000 final     erand    in     54  0.700     0.088    5.669    0.050         0.031         -1.037        rulex                0.249     0.64
transformer  1000 final     erand    in     57  0.800     0.020    7.107    0.025         0.013          0.200        rulex                0.200     0.80
transformer  1000 final     erand    in     73  0.900     0.008    9.504    0.013         0.007          0.185      uniform                0.200     1.00
transformer  1000 final     erand    in     73  0.950     0.008    9.504    0.013         0.007          0.185      uniform                0.200     1.00
transformer  1000 final     erand    in     74  1.000     0.007    8.857    0.004         0.004         -0.188      uniform                0.200     0.50
transformer  1000 final     erand   out      0  0.000     0.983    0.081    0.982         0.018          7.086        rulex               40.000     0.98
transformer  1000 final     erand   out      2  0.050     0.976    0.115    0.986         0.013          7.138        rulex               40.000     0.98
transformer  1000 final     erand   out      8  0.100     0.979    0.103    0.980         0.018          6.389        rulex               40.000     0.98
transformer  1000 final     erand   out     14  0.200     0.945    0.296    0.978         0.011          6.449        rulex               32.076     0.98
transformer  1000 final     erand   out     20  0.300     0.896    0.547    0.964         0.007          5.990        rulex               20.627     0.98
transformer  1000 final     erand   out     26  0.400     0.892    0.590    0.942         0.011          5.209        rulex               20.627     0.98
transformer  1000 final     erand   out     38  0.500     0.862    0.798    0.861         0.034          3.735        rulex               16.541     0.96
transformer  1000 final     erand   out     43  0.600     0.714    1.412    0.796         0.027          3.360        rulex                6.840     0.96
transformer  1000 final     erand   out     55  0.700     0.475    2.382    0.593         0.018          1.998        rulex                3.527     0.98
transformer  1000 final     erand   out     60  0.800     0.187    3.570    0.476         0.007          1.678        rulex                1.819     1.00
transformer  1000 final     erand   out     68  0.900     0.061    4.009    0.155         0.005          0.649        rulex                0.200     1.00
transformer  1000 final     erand   out     72  0.950     0.005    5.035    0.023         0.002          0.276      uniform                0.200     1.00
transformer  1000 final     erand   out     74  1.000     0.007    5.004    0.007         0.009          0.000      uniform                0.200     0.00
transformer  1000 final     erand   out      0  0.000     0.983    0.081    0.982         0.018          7.086        rulex               40.000     0.98
transformer  1000 final     erand   out      1  0.050     0.976    0.114    0.984         0.013          7.174        rulex               40.000     0.98
transformer  1000 final     erand   out      8  0.100     0.979    0.102    0.969         0.022          6.286        rulex               40.000     0.98
transformer  1000 final     erand   out     14  0.200     0.956    0.234    0.971         0.013          6.005        rulex               40.000     0.98
transformer  1000 final     erand   out     19  0.300     0.919    0.416    0.960         0.005          5.676        rulex               20.627     1.00
transformer  1000 final     erand   out     27  0.400     0.908    0.503    0.919         0.020          4.662        rulex               20.627     0.98
transformer  1000 final     erand   out     37  0.500     0.850    0.848    0.863         0.032          3.671        rulex               13.264     0.96
transformer  1000 final     erand   out     40  0.600     0.686    1.643    0.843         0.007          3.649        rulex                6.840     1.00
transformer  1000 final     erand   out     56  0.700     0.640    1.995    0.497         0.056          1.670        rulex                6.840     0.90
transformer  1000 final     erand   out     62  0.800     0.347    3.153    0.416         0.016          1.457        rulex                3.527     0.98
transformer  1000 final     erand   out     66  0.900     0.107    4.331    0.254         0.013          1.007        rulex                1.459     1.00
transformer  1000 final     erand   out     69  0.950     0.025    4.749    0.119         0.002          0.628        rulex                0.200     1.00
transformer  1000 final     erand   out     74  1.000     0.007    5.004    0.007         0.009          0.000      uniform                0.200     0.00
transformer  1000 final     erand   out      0  0.000     0.983    0.081    0.982         0.018          7.086        rulex               40.000     0.98
transformer  1000 final     erand   out      6  0.050     0.978    0.103    0.986         0.014          6.605        rulex               40.000     0.98
transformer  1000 final     erand   out      9  0.100     0.970    0.154    0.984         0.011          6.475        rulex               40.000     0.98
transformer  1000 final     erand   out     14  0.200     0.968    0.181    0.973         0.018          5.865        rulex               40.000     0.98
transformer  1000 final     erand   out     23  0.300     0.962    0.236    0.941         0.036          4.739        rulex               40.000     0.96
transformer  1000 final     erand   out     29  0.400     0.942    0.387    0.888         0.038          4.020        rulex               25.722     0.96
transformer  1000 final     erand   out     32  0.500     0.724    1.358    0.876         0.007          4.212        rulex                8.530     1.00
transformer  1000 final     erand   out     42  0.600     0.691    1.528    0.733         0.018          3.065        rulex                6.840     0.98
transformer  1000 final     erand   out     54  0.700     0.285    2.898    0.537         0.009          2.172        rulex                2.828     1.00
transformer  1000 final     erand   out     57  0.800     0.111    3.829    0.499         0.005          1.997        rulex                1.459     1.00
transformer  1000 final     erand   out     69  0.900     0.155    3.803    0.146         0.025          0.459        rulex                1.459     0.88
transformer  1000 final     erand   out     73  0.950     0.014    4.886    0.023         0.002          0.130         rule                0.200     1.00
transformer  1000 final     erand   out     74  1.000     0.007    5.004    0.007         0.009          0.000      uniform                0.200     0.00
transformer  1000 final     erand  both      0  0.000     0.983    0.081    0.982         0.018          7.086        rulex               40.000     0.98
transformer  1000 final     erand  both      3  0.050     0.975    0.116    0.969         0.031          6.269        rulex               40.000     0.96
transformer  1000 final     erand  both     13  0.100     0.966    0.141    0.847         0.110          3.949        rulex               40.000     0.88
transformer  1000 final     erand  both     14  0.200     0.842    0.575    0.760         0.086          3.319        rulex               13.264     0.90
transformer  1000 final     erand  both     20  0.300     0.604    1.343    0.395         0.139          1.276        rulex                5.485     0.74
transformer  1000 final     erand  both     24  0.400     0.504    1.804    0.350         0.105          1.242        rulex                5.485     0.78
transformer  1000 final     erand  both     43  0.500     0.093    4.300    0.151         0.029          1.158        rulex                0.200     0.88
transformer  1000 final     erand  both     48  0.600     0.083    4.435    0.115         0.032          0.888        rulex                0.200     0.82
transformer  1000 final     erand  both     55  0.700     0.005    5.537    0.052         0.000          1.083  gcm_hamming                0.249     1.00
transformer  1000 final     erand  both     60  0.800     0.005    5.384    0.023         0.009          0.311      uniform                0.200     1.00
transformer  1000 final     erand  both     70  0.900     0.006    5.175    0.014         0.007          0.090 gcm_circular                0.200     1.00
transformer  1000 final     erand  both     72  0.950     0.009    5.126    0.013         0.004          0.041 gcm_circular                0.388     1.00
transformer  1000 final     erand  both     74  1.000     0.007    5.004    0.007         0.009          0.000      uniform                0.200     0.00
transformer  1000 final     erand  both      0  0.000     0.983    0.081    0.982         0.018          7.086        rulex               40.000     0.98
transformer  1000 final     erand  both      1  0.050     0.918    0.290    0.841         0.059          4.746        rulex               20.627     0.94
transformer  1000 final     erand  both      1  0.100     0.920    0.293    0.796         0.085          3.954        rulex               20.627     0.90
transformer  1000 final     erand  both     12  0.200     0.702    0.970    0.368         0.182          0.678        rulex                5.485     0.66
transformer  1000 final     erand  both     14  0.300     0.326    2.335    0.227         0.063          0.806        rulex                1.170     0.80
transformer  1000 final     erand  both     19  0.400     0.337    2.212    0.135         0.079         -0.454        rulex                0.200     0.64
transformer  1000 final     erand  both     29  0.500     0.188    3.022    0.088         0.058         -0.840        rulex                0.200     0.62
transformer  1000 final     erand  both     40  0.600     0.041    4.848    0.038         0.027         -0.379        rulex                0.200     0.62
transformer  1000 final     erand  both     45  0.700     0.042    4.615    0.029         0.029         -0.922        rulex                0.200     0.50
transformer  1000 final     erand  both     62  0.800     0.007    5.318    0.009         0.000          0.081  gcm_hamming                0.249     1.00
transformer  1000 final     erand  both     66  0.900     0.007    5.358    0.013         0.009          0.027   gcm_linear                0.200     1.00
transformer  1000 final     erand  both     66  0.950     0.007    5.004    0.007         0.009          0.000      uniform                0.200     0.00
transformer  1000 final     erand  both     74  1.000     0.007    5.004    0.007         0.009          0.000      uniform                0.200     0.00
transformer  1000 final     erand  both      0  0.000     0.983    0.081    0.982         0.018          7.086        rulex               40.000     0.98
transformer  1000 final     erand  both      6  0.050     0.984    0.078    0.932         0.065          5.255        rulex               40.000     0.94
transformer  1000 final     erand  both      9  0.100     0.955    0.182    0.841         0.099          3.970        rulex               32.076     0.90
transformer  1000 final     erand  both     25  0.200     0.922    0.315    0.690         0.187          2.234        rulex               25.722     0.78
transformer  1000 final     erand  both     28  0.300     0.808    0.794    0.488         0.204          1.169        rulex               10.637     0.70
transformer  1000 final     erand  both     31  0.400     0.372    2.565    0.317         0.079          1.259        rulex                2.828     0.80
transformer  1000 final     erand  both     32  0.500     0.112    4.177    0.094         0.041          0.347        rulex                0.200     0.72
transformer  1000 final     erand  both     49  0.600     0.077    4.414    0.063         0.029         -0.192        rulex                0.603     0.72
transformer  1000 final     erand  both     54  0.700     0.015    5.743    0.036         0.009          1.094         rule                0.200     1.00
transformer  1000 final     erand  both     57  0.800     0.004    5.416    0.011         0.005          0.328  gcm_hamming                0.388     1.00
transformer  1000 final     erand  both     73  0.900     0.008    5.233    0.007         0.009          0.023  gcm_hamming                0.200     0.00
transformer  1000 final     erand  both     73  0.950     0.007    5.146    0.005         0.009         -0.005   gcm_linear                0.200     0.00
transformer  1000 final     erand  both     74  1.000     0.007    5.004    0.007         0.009          0.000      uniform                0.200     0.00
transformer  1000 final      topk    in     36  0.000     0.983    0.081    0.982         0.018          7.086        rulex               40.000     0.98
transformer  1000 final      topk    in     36  0.250     0.980    0.097    0.989         0.009          7.790        rulex               40.000     0.98
transformer  1000 final      topk    in     36  0.500     0.965    0.159    0.995         0.002          8.756        rulex               40.000     1.00
transformer  1000 final      topk    in     36  0.750     0.716    1.034    0.953         0.005          9.249        rulex               10.637     1.00
transformer  1000 final      topk    in     36  1.000     0.006   10.216    0.025         0.000          2.633  gcm_hamming                0.603     1.00
transformer  1000 final      topk   out     50  0.000     0.983    0.081    0.982         0.018          7.086        rulex               40.000     0.98
transformer  1000 final      topk   out     50  0.250     0.980    0.110    0.991         0.009          5.993        rulex               40.000     0.98
transformer  1000 final      topk   out     50  0.500     0.973    0.312    0.998         0.002          4.900        rulex               40.000     1.00
transformer  1000 final      topk   out     50  0.750     0.899    1.667    1.000         0.000          3.807        rulex               20.627     1.00
transformer  1000 final      topk   out     50  1.000     0.004    5.228    0.647         0.000          2.715  gcm_hamming                0.603     1.00
transformer  1000 final      topk  both     36  0.000     0.983    0.081    0.982         0.018          7.086        rulex               40.000     0.98
transformer  1000 final      topk  both     36  0.250     0.973    0.148    0.998         0.002          6.987        rulex               40.000     1.00
transformer  1000 final      topk  both     36  0.500     0.922    0.607    1.000         0.000          6.658        rulex               25.722     1.00
transformer  1000 final      topk  both     36  0.750     0.344    3.025    0.964         0.000          5.349        rulex                3.527     1.00
transformer  1000 final      topk  both     36  1.000     0.006    5.409    0.036         0.004          0.757  gcm_hamming                0.311     1.00
transformer  1000 final     randk    in     36  0.000     0.983    0.081    0.982         0.018          7.086        rulex               40.000     0.98
transformer  1000 final     randk    in     36  0.250     0.984    0.069    0.973         0.027          6.608        rulex               40.000     0.98
transformer  1000 final     randk    in     36  0.500     0.986    0.060    0.962         0.038          6.080        rulex               40.000     0.96
transformer  1000 final     randk    in     36  0.750     0.988    0.051    0.942         0.058          5.506        rulex               40.000     0.94
transformer  1000 final     randk    in     36  1.000     0.990    0.044    0.915         0.085          4.888        rulex               40.000     0.92
transformer  1000 final     randk    in     36  0.000     0.983    0.081    0.982         0.018          7.086        rulex               40.000     0.98
transformer  1000 final     randk    in     36  0.250     0.984    0.069    0.973         0.027          6.604        rulex               40.000     0.98
transformer  1000 final     randk    in     36  0.500     0.986    0.060    0.962         0.038          6.073        rulex               40.000     0.96
transformer  1000 final     randk    in     36  0.750     0.988    0.051    0.937         0.063          5.494        rulex               40.000     0.94
transformer  1000 final     randk    in     36  1.000     0.989    0.044    0.914         0.086          4.870        rulex               40.000     0.92
transformer  1000 final     randk    in     36  0.000     0.983    0.081    0.982         0.018          7.086        rulex               40.000     0.98
transformer  1000 final     randk    in     36  0.250     0.985    0.069    0.973         0.027          6.616        rulex               40.000     0.98
transformer  1000 final     randk    in     36  0.500     0.986    0.060    0.962         0.038          6.096        rulex               40.000     0.96
transformer  1000 final     randk    in     36  0.750     0.988    0.051    0.944         0.056          5.529        rulex               40.000     0.94
transformer  1000 final     randk    in     36  1.000     0.990    0.044    0.915         0.085          4.918        rulex               40.000     0.92
transformer  1000 final     randk   out     24  0.000     0.983    0.081    0.982         0.018          7.086        rulex               40.000     0.98
transformer  1000 final     randk   out     24  0.250     0.985    0.070    0.973         0.027          6.407        rulex               40.000     0.98
transformer  1000 final     randk   out     24  0.500     0.987    0.061    0.960         0.040          5.728        rulex               40.000     0.96
transformer  1000 final     randk   out     24  0.750     0.988    0.053    0.937         0.061          5.050        rulex               40.000     0.94
transformer  1000 final     randk   out     24  1.000     0.990    0.047    0.908         0.088          4.371        rulex               40.000     0.92
transformer  1000 final     randk   out     24  0.000     0.983    0.081    0.982         0.018          7.086        rulex               40.000     0.98
transformer  1000 final     randk   out     24  0.250     0.985    0.070    0.973         0.027          6.407        rulex               40.000     0.98
transformer  1000 final     randk   out     24  0.500     0.987    0.061    0.960         0.040          5.728        rulex               40.000     0.96
transformer  1000 final     randk   out     24  0.750     0.988    0.053    0.937         0.061          5.050        rulex               40.000     0.94
transformer  1000 final     randk   out     24  1.000     0.990    0.047    0.908         0.088          4.371        rulex               40.000     0.92
transformer  1000 final     randk   out     24  0.000     0.983    0.081    0.982         0.018          7.086        rulex               40.000     0.98
transformer  1000 final     randk   out     24  0.250     0.985    0.070    0.973         0.027          6.407        rulex               40.000     0.98
transformer  1000 final     randk   out     24  0.500     0.987    0.061    0.960         0.040          5.728        rulex               40.000     0.96
transformer  1000 final     randk   out     24  0.750     0.988    0.053    0.937         0.061          5.050        rulex               40.000     0.94
transformer  1000 final     randk   out     24  1.000     0.990    0.047    0.908         0.088          4.371        rulex               40.000     0.92
transformer  1000 final     randk  both     36  0.000     0.983    0.081    0.982         0.018          7.086        rulex               40.000     0.98
transformer  1000 final     randk  both     36  0.250     0.987    0.054    0.955         0.045          5.542        rulex               40.000     0.96
transformer  1000 final     randk  both     36  0.500     0.991    0.036    0.895         0.105          3.973        rulex               40.000     0.90
transformer  1000 final     randk  both     36  0.750     0.994    0.023    0.762         0.234          2.391        rulex               40.000     0.76
transformer  1000 final     randk  both     36  1.000     0.996    0.015    0.589         0.407          0.808        rulex               40.000     0.60
transformer  1000 final     randk  both     36  0.000     0.983    0.081    0.982         0.018          7.086        rulex               40.000     0.98
transformer  1000 final     randk  both     36  0.250     0.988    0.054    0.951         0.049          5.537        rulex               40.000     0.96
transformer  1000 final     randk  both     36  0.500     0.992    0.036    0.895         0.105          3.961        rulex               40.000     0.90
transformer  1000 final     randk  both     36  0.750     0.994    0.023    0.760         0.240          2.370        rulex               40.000     0.76
transformer  1000 final     randk  both     36  1.000     0.997    0.015    0.582         0.414          0.778        rulex               40.000     0.58
transformer  1000 final     randk  both     36  0.000     0.983    0.081    0.982         0.018          7.086        rulex               40.000     0.98
transformer  1000 final     randk  both     36  0.250     0.987    0.054    0.953         0.047          5.547        rulex               40.000     0.96
transformer  1000 final     randk  both     36  0.500     0.992    0.036    0.895         0.105          3.980        rulex               40.000     0.90
transformer  1000 final     randk  both     36  0.750     0.994    0.023    0.764         0.234          2.399        rulex               40.000     0.76
transformer  1000 final     randk  both     36  1.000     0.996    0.015    0.591         0.405          0.817        rulex               40.000     0.60
transformer  1000 final  residual    in     38  0.000     0.983    0.081    0.982         0.018          7.086        rulex               40.000     0.98
transformer  1000 final  residual    in     38  0.250     0.985    0.069    0.973         0.027          6.589        rulex               40.000     0.98
transformer  1000 final  residual    in     38  0.500     0.986    0.059    0.962         0.038          6.040        rulex               40.000     0.96
transformer  1000 final  residual    in     38  0.750     0.989    0.050    0.937         0.063          5.441        rulex               40.000     0.94
transformer  1000 final  residual    in     38  1.000     0.990    0.043    0.910         0.090          4.796        rulex               40.000     0.90
transformer  1000 final  residual   out     24  0.000     0.983    0.081    0.982         0.018          7.086        rulex               40.000     0.98
transformer  1000 final  residual   out     24  0.250     0.985    0.070    0.973         0.027          6.407        rulex               40.000     0.98
transformer  1000 final  residual   out     24  0.500     0.987    0.061    0.960         0.040          5.728        rulex               40.000     0.96
transformer  1000 final  residual   out     24  0.750     0.988    0.053    0.937         0.061          5.050        rulex               40.000     0.94
transformer  1000 final  residual   out     24  1.000     0.990    0.047    0.908         0.088          4.371        rulex               40.000     0.92
transformer  1000 final  residual  both     38  0.000     0.983    0.081    0.982         0.018          7.086        rulex               40.000     0.98
transformer  1000 final  residual  both     38  0.250     0.988    0.053    0.953         0.047          5.463        rulex               40.000     0.96
transformer  1000 final  residual  both     38  0.500     0.992    0.034    0.886         0.114          3.814        rulex               40.000     0.88
transformer  1000 final  residual  both     38  0.750     0.995    0.021    0.748         0.250          2.151        rulex               40.000     0.74
transformer  1000 final  residual  both     38  1.000     0.997    0.014    0.566         0.431          0.490        rulex               40.000     0.56
transformer  1000 final   neurons units      0  0.000     0.983    0.081    0.982         0.018          7.086        rulex               40.000     0.98
transformer  1000 final   neurons units      1  0.001     0.983    0.080    0.982         0.018          7.052        rulex               40.000     0.98
transformer  1000 final   neurons units      2  0.001     0.983    0.079    0.982         0.018          7.021        rulex               40.000     0.98
transformer  1000 final   neurons units      4  0.003     0.983    0.079    0.982         0.018          6.958        rulex               40.000     0.98
transformer  1000 final   neurons units      8  0.005     0.983    0.078    0.980         0.020          6.842        rulex               40.000     0.98
transformer  1000 final   neurons units     16  0.010     0.984    0.075    0.978         0.022          6.633        rulex               40.000     0.98
transformer  1000 final   neurons units     32  0.021     0.985    0.071    0.971         0.029          6.258        rulex               40.000     0.98
transformer  1000 final   neurons units     64  0.042     0.985    0.065    0.953         0.047          5.607        rulex               40.000     0.96
transformer  1000 final   neurons units    128  0.083     0.987    0.056    0.903         0.097          4.436        rulex               40.000     0.90
transformer  1000 final   neurons units    256  0.167     0.990    0.046    0.791         0.207          2.459        rulex               40.000     0.80
transformer  1000 final   neurons units    512  0.333     0.992    0.048    0.454         0.523         -0.245        rulex               40.000     0.46
transformer  1000 final randunits units      0  0.000     0.983    0.081    0.982         0.018          7.086        rulex               40.000     0.98
transformer  1000 final randunits units      1  0.001     0.983    0.081    0.984         0.016          7.079        rulex               40.000     0.98
transformer  1000 final randunits units      2  0.001     0.983    0.080    0.980         0.020          7.075        rulex               40.000     0.98
transformer  1000 final randunits units      4  0.003     0.982    0.080    0.980         0.020          7.053        rulex               40.000     0.98
transformer  1000 final randunits units      8  0.005     0.983    0.082    0.982         0.018          7.113        rulex               40.000     0.98
transformer  1000 final randunits units     16  0.010     0.982    0.081    0.982         0.018          7.021        rulex               40.000     0.98
transformer  1000 final randunits units     32  0.021     0.983    0.080    0.982         0.018          7.004        rulex               40.000     0.98
transformer  1000 final randunits units     64  0.042     0.983    0.082    0.982         0.016          6.929        rulex               40.000     0.98
transformer  1000 final randunits units    128  0.083     0.981    0.086    0.975         0.023          6.821        rulex               40.000     0.98
transformer  1000 final randunits units    256  0.167     0.979    0.101    0.980         0.020          6.708        rulex               40.000     0.98
transformer  1000 final randunits units    512  0.333     0.962    0.168    0.957         0.031          5.956        rulex               40.000     0.96
transformer  1000 final randunits units      0  0.000     0.983    0.081    0.982         0.018          7.086        rulex               40.000     0.98
transformer  1000 final randunits units      1  0.001     0.983    0.080    0.984         0.016          7.065        rulex               40.000     0.98
transformer  1000 final randunits units      2  0.001     0.983    0.081    0.984         0.016          7.077        rulex               40.000     0.98
transformer  1000 final randunits units      4  0.003     0.983    0.081    0.978         0.022          7.076        rulex               40.000     0.98
transformer  1000 final randunits units      8  0.005     0.983    0.082    0.986         0.014          7.105        rulex               40.000     0.98
transformer  1000 final randunits units     16  0.010     0.982    0.081    0.982         0.018          7.052        rulex               40.000     0.98
transformer  1000 final randunits units     32  0.021     0.983    0.081    0.977         0.023          7.008        rulex               40.000     0.98
transformer  1000 final randunits units     64  0.042     0.982    0.083    0.980         0.020          6.999        rulex               40.000     0.98
transformer  1000 final randunits units    128  0.083     0.980    0.086    0.977         0.023          6.904        rulex               40.000     0.98
transformer  1000 final randunits units    256  0.167     0.978    0.104    0.978         0.022          6.738        rulex               40.000     0.98
transformer  1000 final randunits units    512  0.333     0.967    0.157    0.939         0.045          5.618        rulex               40.000     0.96
transformer  1000 final randunits units      0  0.000     0.983    0.081    0.982         0.018          7.086        rulex               40.000     0.98
transformer  1000 final randunits units      1  0.001     0.982    0.081    0.982         0.018          7.093        rulex               40.000     0.98
transformer  1000 final randunits units      2  0.001     0.983    0.081    0.982         0.018          7.083        rulex               40.000     0.98
transformer  1000 final randunits units      4  0.003     0.982    0.080    0.984         0.016          7.079        rulex               40.000     0.98
transformer  1000 final randunits units      8  0.005     0.983    0.081    0.982         0.018          7.072        rulex               40.000     0.98
transformer  1000 final randunits units     16  0.010     0.982    0.081    0.980         0.020          7.037        rulex               40.000     0.98
transformer  1000 final randunits units     32  0.021     0.982    0.083    0.980         0.020          7.059        rulex               40.000     0.98
transformer  1000 final randunits units     64  0.042     0.982    0.084    0.986         0.014          7.036        rulex               40.000     0.98
transformer  1000 final randunits units    128  0.083     0.982    0.084    0.978         0.022          6.825        rulex               40.000     0.98
transformer  1000 final randunits units    256  0.167     0.979    0.103    0.977         0.022          6.622        rulex               40.000     0.98
transformer  1000 final randunits units    512  0.333     0.965    0.162    0.950         0.041          5.703        rulex               40.000     0.96
transformer  1001 final      none     -      0  0.000     0.981    0.088    0.971         0.027          6.689        rulex               40.000     0.98
transformer  1001 final   lowpass    in      0  0.000     0.007    9.166    0.005         0.011          0.017      uniform                0.200     0.00
transformer  1001 final   lowpass    in      1  1.000     0.009    8.673    0.014         0.004          0.287      uniform                1.170     1.00
transformer  1001 final   lowpass    in      2  2.000     0.008    9.231    0.014         0.009          0.523 gcm_circular                1.459     1.00
transformer  1001 final   lowpass    in      3  3.000     0.013    7.142    0.004         0.002         -1.763         rule                0.938     1.00
transformer  1001 final   lowpass    in      4  4.000     0.013    7.114    0.002         0.002         -1.794         rule                0.752     0.50
transformer  1001 final   lowpass    in      6  6.000     0.014    6.877    0.005         0.005         -1.852         rule                0.938     0.50
transformer  1001 final   lowpass    in      8  8.000     0.013    6.851    0.007         0.002         -1.849         rule                0.752     1.00
transformer  1001 final   lowpass    in     12 12.000     0.052    5.034    0.031         0.023         -1.873        rulex                0.603     0.58
transformer  1001 final   lowpass    in     16 16.000     0.398    1.972    0.074         0.166         -2.749        rulex                8.530     0.30
transformer  1001 final   lowpass    in     24 24.000     0.397    1.959    0.090         0.132         -2.359        rulex                8.530     0.40
transformer  1001 final   lowpass    in     32 32.000     0.869    0.417    0.423         0.292          0.224        rulex               32.076     0.60
transformer  1001 final   lowpass    in     48 48.000     0.955    0.166    0.791         0.141          3.261        rulex               40.000     0.84
transformer  1001 final   lowpass    in     74 74.000     0.981    0.088    0.971         0.027          6.689        rulex               40.000     0.98
transformer  1001 final   lowpass   out      0  0.000     0.007    5.004    0.005         0.004          0.000      uniform                0.200     1.00
transformer  1001 final   lowpass   out      1  1.000     0.009    4.993    0.018         0.005          0.130 gcm_circular                1.459     1.00
transformer  1001 final   lowpass   out      2  2.000     0.010    4.984    0.031         0.004          0.268 gcm_circular                1.459     1.00
transformer  1001 final   lowpass   out      3  3.000     0.044    4.253    0.027         0.011          0.215        rulex                1.819     0.80
transformer  1001 final   lowpass   out      4  4.000     0.041    4.262    0.032         0.011          0.319        rulex                1.459     0.84
transformer  1001 final   lowpass   out      6  6.000     0.063    4.080    0.065         0.016          0.626        rulex                2.268     0.88
transformer  1001 final   lowpass   out      8  8.000     0.060    4.079    0.130         0.013          0.872        rulex                2.268     1.00
transformer  1001 final   lowpass   out     12 12.000     0.172    3.204    0.137         0.022          1.087        rulex                2.828     0.88
transformer  1001 final   lowpass   out     16 16.000     0.649    1.711    0.250         0.077          0.955        rulex               13.264     0.76
transformer  1001 final   lowpass   out     24 24.000     0.704    1.450    0.472         0.068          1.933        rulex               16.541     0.88
transformer  1001 final   lowpass   out     32 32.000     0.962    0.317    0.697         0.133          2.423        rulex               40.000     0.84
transformer  1001 final   lowpass   out     48 48.000     0.981    0.103    0.885         0.094          3.728        rulex               40.000     0.90
transformer  1001 final   lowpass   out     74 74.000     0.981    0.088    0.971         0.027          6.689        rulex               40.000     0.98
transformer  1001 final   lowpass  both      0  0.000     0.007    5.004    0.005         0.004          0.000      uniform                0.200     1.00
transformer  1001 final   lowpass  both      1  1.000     0.006    5.040    0.004         0.009          0.014      uniform                0.200     0.00
transformer  1001 final   lowpass  both      2  2.000     0.008    5.031    0.005         0.005          0.020      uniform                0.200     0.50
transformer  1001 final   lowpass  both      3  3.000     0.014    5.511    0.007         0.016         -2.477         rule                0.200     0.16
transformer  1001 final   lowpass  both      4  4.000     0.014    5.456    0.007         0.014         -2.538         rule                0.311     0.20
transformer  1001 final   lowpass  both      6  6.000     0.016    5.265    0.014         0.014         -2.708         rule                0.484     0.50
transformer  1001 final   lowpass  both      8  8.000     0.015    5.202    0.007         0.009         -2.756         rule                0.200     0.40
transformer  1001 final   lowpass  both     12 12.000     0.071    3.293    0.007         0.070         -4.203         rule                0.200     0.02
transformer  1001 final   lowpass  both     16 16.000     0.654    1.349    0.002         0.589         -6.295         rule               13.264     0.00
transformer  1001 final   lowpass  both     24 24.000     0.666    1.147    0.004         0.573         -6.548         rule               13.264     0.00
transformer  1001 final   lowpass  both     32 32.000     0.979    0.187    0.047         0.818         -4.895        rulex               40.000     0.06
transformer  1001 final   lowpass  both     48 48.000     0.991    0.060    0.364         0.575         -0.823        rulex               40.000     0.38
transformer  1001 final   lowpass  both     74 74.000     0.981    0.088    0.971         0.027          6.689        rulex               40.000     0.98
transformer  1001 final      etop    in      0  0.000     0.981    0.088    0.971         0.027          6.689        rulex               40.000     0.98
transformer  1001 final      etop    in      1  0.050     0.949    0.196    0.876         0.076          4.979        rulex               40.000     0.92
transformer  1001 final      etop    in      1  0.100     0.949    0.196    0.876         0.076          4.979        rulex               40.000     0.92
transformer  1001 final      etop    in      2  0.200     0.815    0.626    0.627         0.117          3.146        rulex               16.541     0.84
transformer  1001 final      etop    in      3  0.300     0.584    1.432    0.346         0.105          1.786        rulex               16.541     0.78
transformer  1001 final      etop    in      4  0.400     0.425    2.291    0.254         0.072          1.406        rulex                8.530     0.78
transformer  1001 final      etop    in      6  0.500     0.139    4.554    0.108         0.023          0.773        rulex                0.938     0.84
transformer  1001 final      etop    in      7  0.600     0.092    4.906    0.079         0.029          0.010        rulex                1.170     0.76
transformer  1001 final      etop    in      8  0.700     0.041    6.281    0.059         0.007          0.556        rulex                0.249     1.00
transformer  1001 final      etop    in     11  0.800     0.006   10.112    0.052         0.000          3.651  gcm_hamming                0.484     1.00
transformer  1001 final      etop    in     31  0.900     0.007   10.266    0.014         0.000          2.199  gcm_hamming                0.200     1.00
transformer  1001 final      etop    in     50  0.950     0.007   10.209    0.011         0.004          1.079  gcm_hamming                0.200     1.00
transformer  1001 final      etop    in     74  1.000     0.007    9.166    0.005         0.011          0.017      uniform                0.200     0.00
transformer  1001 final      etop   out      0  0.000     0.981    0.088    0.971         0.027          6.689        rulex               40.000     0.98
transformer  1001 final      etop   out      1  0.050     0.974    0.124    0.978         0.022          6.862        rulex               40.000     0.98
transformer  1001 final      etop   out      2  0.100     0.961    0.196    0.982         0.014          7.051        rulex               40.000     0.98
transformer  1001 final      etop   out      4  0.200     0.907    0.472    0.984         0.005          7.300        rulex               20.627     1.00
transformer  1001 final      etop   out      5  0.300     0.854    0.738    0.986         0.004          7.477        rulex               16.541     1.00
transformer  1001 final      etop   out      7  0.400     0.620    1.666    0.986         0.004          7.907        rulex                6.840     1.00
transformer  1001 final      etop   out      9  0.500     0.323    2.813    0.978         0.002          8.090        rulex                3.527     1.00
transformer  1001 final      etop   out     13  0.600     0.166    3.682    0.971         0.000          7.711        rulex                2.268     1.00
transformer  1001 final      etop   out     21  0.700     0.062    4.399    0.951         0.000          6.639  gcm_hamming                1.459     1.00
transformer  1001 final      etop   out     33  0.800     0.012    5.043    0.886         0.000          4.910  gcm_hamming                1.170     1.00
transformer  1001 final      etop   out     50  0.900     0.005    5.206    0.625         0.000          2.685  gcm_hamming                0.752     1.00
transformer  1001 final      etop   out     61  0.950     0.005    5.116    0.348         0.000          1.395  gcm_hamming                0.388     1.00
transformer  1001 final      etop   out     74  1.000     0.007    5.004    0.005         0.004          0.000      uniform                0.200     1.00
transformer  1001 final      etop  both      0  0.000     0.981    0.088    0.971         0.027          6.689        rulex               40.000     0.98
transformer  1001 final      etop  both      1  0.050     0.907    0.348    0.890         0.038          5.477        rulex               32.076     0.96
transformer  1001 final      etop  both      1  0.100     0.798    0.698    0.872         0.018          6.030        rulex               10.637     0.98
transformer  1001 final      etop  both      2  0.200     0.474    2.084    0.656         0.014          4.911        rulex                4.398     0.98
transformer  1001 final      etop  both      3  0.300     0.262    2.851    0.514         0.011          3.959        rulex                3.527     1.00
transformer  1001 final      etop  both      4  0.400     0.125    3.865    0.414         0.013          3.481        rulex                2.268     1.00
transformer  1001 final      etop  both      6  0.500     0.008    5.852    0.259         0.000          3.683  gcm_hamming                0.484     1.00
transformer  1001 final      etop  both      7  0.600     0.004    5.632    0.186         0.002          2.525  gcm_hamming                0.603     1.00
transformer  1001 final      etop  both      8  0.700     0.004    5.619    0.108         0.000          1.816  gcm_hamming                0.603     1.00
transformer  1001 final      etop  both     11  0.800     0.006    5.530    0.067         0.005          1.232  gcm_hamming                0.311     1.00
transformer  1001 final      etop  both     31  0.900     0.005    5.239    0.013         0.004          0.369  gcm_hamming                0.249     1.00
transformer  1001 final      etop  both     50  0.950     0.006    5.115    0.014         0.002          0.130  gcm_hamming                0.311     1.00
transformer  1001 final      etop  both     74  1.000     0.007    5.004    0.005         0.004          0.000      uniform                0.200     1.00
transformer  1001 final   ebottom    in      0  0.000     0.981    0.088    0.971         0.027          6.689        rulex               40.000     0.98
transformer  1001 final   ebottom    in     25  0.050     0.985    0.067    0.957         0.041          5.790        rulex               40.000     0.96
transformer  1001 final   ebottom    in     44  0.100     0.988    0.048    0.924         0.074          4.692        rulex               40.000     0.92
transformer  1001 final   ebottom    in     64  0.200     0.994    0.025    0.750         0.245          2.343        rulex               40.000     0.76
transformer  1001 final   ebottom    in     67  0.300     0.989    0.051    0.366         0.589         -1.068        rulex               40.000     0.38
transformer  1001 final   ebottom    in     68  0.400     0.913    0.273    0.232         0.553         -2.146        rulex               20.627     0.30
transformer  1001 final   ebottom    in     69  0.500     0.695    0.888    0.124         0.420         -3.114        rulex               13.264     0.22
transformer  1001 final   ebottom    in     71  0.600     0.243    2.759    0.031         0.157         -3.898        rulex                3.527     0.14
transformer  1001 final   ebottom    in     72  0.700     0.065    4.794    0.020         0.047         -2.775         rule                0.200     0.24
transformer  1001 final   ebottom    in     73  0.800     0.014    7.383    0.020         0.007         -1.303         rule                0.200     0.92
transformer  1001 final   ebottom    in     74  0.900     0.007    9.166    0.005         0.011          0.017      uniform                0.200     0.00
transformer  1001 final   ebottom    in     74  0.950     0.007    9.166    0.005         0.011          0.017      uniform                0.200     0.00
transformer  1001 final   ebottom    in     74  1.000     0.007    9.166    0.005         0.011          0.017      uniform                0.200     0.00
transformer  1001 final   ebottom   out      0  0.000     0.981    0.088    0.971         0.027          6.689        rulex               40.000     0.98
transformer  1001 final   ebottom   out     14  0.050     0.985    0.065    0.944         0.052          5.180        rulex               40.000     0.94
transformer  1001 final   ebottom   out     25  0.100     0.988    0.049    0.881         0.114          3.905        rulex               40.000     0.88
transformer  1001 final   ebottom   out     42  0.200     0.993    0.030    0.685         0.305          1.606        rulex               40.000     0.70
transformer  1001 final   ebottom   out     54  0.300     0.995    0.027    0.449         0.506         -0.100        rulex               40.000     0.46
transformer  1001 final   ebottom   out     62  0.400     0.995    0.038    0.276         0.638         -1.194        rulex               40.000     0.30
transformer  1001 final   ebottom   out     66  0.500     0.991    0.116    0.231         0.589         -1.394        rulex               40.000     0.28
transformer  1001 final   ebottom   out     68  0.600     0.970    0.420    0.178         0.447         -1.164        rulex               32.076     0.28
transformer  1001 final   ebottom   out     70  0.700     0.722    1.573    0.088         0.205         -0.611        rulex               13.264     0.30
transformer  1001 final   ebottom   out     71  0.800     0.504    2.318    0.065         0.135         -0.561        rulex                2.828     0.32
transformer  1001 final   ebottom   out     73  0.900     0.041    4.100    0.013         0.020         -0.173         rule                0.200     0.34
transformer  1001 final   ebottom   out     74  0.950     0.007    5.004    0.005         0.004          0.000      uniform                0.200     1.00
transformer  1001 final   ebottom   out     74  1.000     0.007    5.004    0.005         0.004          0.000      uniform                0.200     1.00
transformer  1001 final   ebottom  both      0  0.000     0.981    0.088    0.971         0.027          6.689        rulex               40.000     0.98
transformer  1001 final   ebottom  both     25  0.050     0.988    0.048    0.912         0.085          4.306        rulex               40.000     0.92
transformer  1001 final   ebottom  both     44  0.100     0.994    0.024    0.737         0.259          2.027        rulex               40.000     0.74
transformer  1001 final   ebottom  both     64  0.200     0.999    0.009    0.258         0.735         -2.028        rulex               40.000     0.26
transformer  1001 final   ebottom  both     67  0.300     0.992    0.069    0.054         0.859         -4.969        rulex               40.000     0.06
transformer  1001 final   ebottom  both     68  0.400     0.899    0.411    0.016         0.706         -5.488        rulex               20.627     0.02
transformer  1001 final   ebottom  both     69  0.500     0.644    1.251    0.023         0.436         -4.637        rulex               10.637     0.04
transformer  1001 final   ebottom  both     71  0.600     0.214    2.793    0.004         0.155         -3.726         rule                2.828     0.00
transformer  1001 final   ebottom  both     72  0.700     0.020    4.632    0.014         0.009         -0.869         rule                0.249     0.70
transformer  1001 final   ebottom  both     73  0.800     0.009    5.327    0.011         0.007          0.149         rule                0.200     1.00
transformer  1001 final   ebottom  both     74  0.900     0.007    5.111    0.009         0.013         -0.015      uniform                0.200     0.00
transformer  1001 final   ebottom  both     74  0.950     0.007    5.004    0.005         0.004          0.000      uniform                0.200     1.00
transformer  1001 final   ebottom  both     74  1.000     0.007    5.004    0.005         0.004          0.000      uniform                0.200     1.00
transformer  1001 final     erand    in      0  0.000     0.981    0.088    0.971         0.027          6.689        rulex               40.000     0.98
transformer  1001 final     erand    in     17  0.050     0.985    0.064    0.955         0.043          5.536        rulex               40.000     0.96
transformer  1001 final     erand    in     18  0.100     0.883    0.351    0.741         0.128          3.525        rulex               25.722     0.86
transformer  1001 final     erand    in     29  0.200     0.668    1.025    0.395         0.133          1.628        rulex               20.627     0.74
transformer  1001 final     erand    in     31  0.300     0.679    0.990    0.332         0.171          0.647        rulex               16.541     0.66
transformer  1001 final     erand    in     32  0.400     0.558    1.447    0.258         0.153          0.114        rulex               13.264     0.62
transformer  1001 final     erand    in     37  0.500     0.412    1.998    0.150         0.121         -0.942        rulex                8.530     0.56
transformer  1001 final     erand    in     48  0.600     0.185    3.730    0.054         0.081         -2.139        rulex                0.938     0.40
transformer  1001 final     erand    in     48  0.700     0.185    3.730    0.054         0.081         -2.139        rulex                0.938     0.40
transformer  1001 final     erand    in     62  0.800     0.061    5.280    0.027         0.029         -2.754        rulex                0.200     0.48
transformer  1001 final     erand    in     68  0.900     0.013    6.998    0.009         0.011         -1.403         rule                0.200     0.00
transformer  1001 final     erand    in     72  0.950     0.006    9.372    0.009         0.020         -0.095      uniform                0.200     0.00
transformer  1001 final     erand    in     74  1.000     0.007    9.166    0.005         0.011          0.017      uniform                0.200     0.00
transformer  1001 final     erand    in      0  0.000     0.981    0.088    0.971         0.027          6.689        rulex               40.000     0.98
transformer  1001 final     erand    in      3  0.050     0.880    0.373    0.818         0.076          4.606        rulex               25.722     0.92
transformer  1001 final     erand    in      3  0.100     0.880    0.373    0.818         0.076          4.606        rulex               25.722     0.92
transformer  1001 final     erand    in      5  0.200     0.837    0.540    0.714         0.099          3.768        rulex               16.541     0.88
transformer  1001 final     erand    in     10  0.300     0.525    1.709    0.274         0.085          0.862        rulex                5.485     0.76
transformer  1001 final     erand    in     10  0.400     0.525    1.709    0.274         0.085          0.862        rulex                5.485     0.76
transformer  1001 final     erand    in     14  0.500     0.295    3.073    0.160         0.043          0.439        rulex                1.819     0.80
transformer  1001 final     erand    in     30  0.600     0.149    4.440    0.058         0.041         -0.602        rulex                0.938     0.58
transformer  1001 final     erand    in     39  0.700     0.080    5.546    0.023         0.034         -0.826        rulex                0.938     0.38
transformer  1001 final     erand    in     50  0.800     0.021    6.738    0.013         0.007         -0.603         rule                0.603     0.74
transformer  1001 final     erand    in     65  0.900     0.015    6.833    0.007         0.007         -1.313         rule                0.200     0.50
transformer  1001 final     erand    in     70  0.950     0.007    9.439    0.007         0.011          0.056      uniform                0.200     0.00
transformer  1001 final     erand    in     74  1.000     0.007    9.166    0.005         0.011          0.017      uniform                0.200     0.00
transformer  1001 final     erand    in      0  0.000     0.981    0.088    0.971         0.027          6.689        rulex               40.000     0.98
transformer  1001 final     erand    in      1  0.050     0.974    0.111    0.901         0.085          4.732        rulex               40.000     0.92
transformer  1001 final     erand    in      4  0.100     0.944    0.210    0.757         0.153          3.294        rulex               25.722     0.84
transformer  1001 final     erand    in     10  0.200     0.947    0.199    0.739         0.169          2.952        rulex               25.722     0.82
transformer  1001 final     erand    in     21  0.300     0.913    0.292    0.514         0.292          1.197        rulex               25.722     0.64
transformer  1001 final     erand    in     28  0.400     0.723    0.874    0.308         0.220          0.075        rulex                6.840     0.58
transformer  1001 final     erand    in     41  0.500     0.348    2.375    0.088         0.133         -1.560        rulex                6.840     0.40
transformer  1001 final     erand    in     49  0.600     0.189    2.911    0.038         0.088         -2.778        rulex                6.840     0.28
transformer  1001 final     erand    in     58  0.700     0.063    5.002    0.040         0.043         -2.145        rulex                1.819     0.48
transformer  1001 final     erand    in     66  0.800     0.059    5.086    0.031         0.041         -2.482        rulex                1.819     0.40
transformer  1001 final     erand    in     68  0.900     0.014    6.924    0.009         0.005         -1.367         rule                0.200     0.72
transformer  1001 final     erand    in     71  0.950     0.008    9.459    0.011         0.011          0.459      uniform                0.200     0.50
transformer  1001 final     erand    in     74  1.000     0.007    9.166    0.005         0.011          0.017      uniform                0.200     0.00
transformer  1001 final     erand   out      0  0.000     0.981    0.088    0.971         0.027          6.689        rulex               40.000     0.98
transformer  1001 final     erand   out      8  0.050     0.983    0.076    0.957         0.040          5.647        rulex               40.000     0.96
transformer  1001 final     erand   out     16  0.100     0.985    0.064    0.908         0.083          4.592        rulex               40.000     0.92
transformer  1001 final     erand   out     19  0.200     0.973    0.131    0.937         0.050          4.643        rulex               40.000     0.94
transformer  1001 final     erand   out     29  0.300     0.947    0.281    0.883         0.070          3.806        rulex               40.000     0.92
transformer  1001 final     erand   out     32  0.400     0.898    0.598    0.876         0.047          3.924        rulex               25.722     0.94
transformer  1001 final     erand   out     37  0.500     0.743    1.282    0.829         0.025          3.687        rulex               13.264     0.98
transformer  1001 final     erand   out     43  0.600     0.678    1.509    0.730         0.022          2.909        rulex               10.637     0.98
transformer  1001 final     erand   out     50  0.700     0.286    2.862    0.573         0.013          2.350        rulex                2.828     1.00
transformer  1001 final     erand   out     60  0.800     0.205    3.136    0.303         0.011          1.050        rulex                1.459     0.98
transformer  1001 final     erand   out     67  0.900     0.045    4.113    0.133         0.007          0.519        rulex                0.603     1.00
transformer  1001 final     erand   out     72  0.950     0.007    5.021    0.014         0.007          0.212  gcm_hamming                0.200     1.00
transformer  1001 final     erand   out     74  1.000     0.007    5.004    0.005         0.004          0.000      uniform                0.200     1.00
transformer  1001 final     erand   out      0  0.000     0.981    0.088    0.971         0.027          6.689        rulex               40.000     0.98
transformer  1001 final     erand   out      3  0.050     0.973    0.123    0.977         0.022          6.577        rulex               40.000     0.98
transformer  1001 final     erand   out      5  0.100     0.967    0.169    0.984         0.014          6.644        rulex               40.000     0.98
transformer  1001 final     erand   out      6  0.200     0.947    0.283    0.987         0.009          6.817        rulex               32.076     0.98
transformer  1001 final     erand   out     12  0.300     0.920    0.445    0.978         0.007          6.246        rulex               25.722     0.98
transformer  1001 final     erand   out     16  0.400     0.820    0.944    0.975         0.004          6.186        rulex               13.264     1.00
transformer  1001 final     erand   out     30  0.500     0.690    1.552    0.932         0.005          4.955        rulex                8.530     1.00
transformer  1001 final     erand   out     38  0.600     0.670    1.723    0.865         0.009          3.838        rulex                8.530     0.98
transformer  1001 final     erand   out     43  0.700     0.421    2.632    0.764         0.009          3.390        rulex                4.398     1.00
transformer  1001 final     erand   out     50  0.800     0.188    3.569    0.679         0.002          2.682        rulex                3.527     1.00
transformer  1001 final     erand   out     66  0.900     0.093    4.019    0.178         0.009          0.677        rulex                1.170     1.00
transformer  1001 final     erand   out     70  0.950     0.015    4.885    0.074         0.007          0.442        rulex                0.484     1.00
transformer  1001 final     erand   out     74  1.000     0.007    5.004    0.005         0.004          0.000      uniform                0.200     1.00
transformer  1001 final     erand   out      0  0.000     0.981    0.088    0.971         0.027          6.689        rulex               40.000     0.98
transformer  1001 final     erand   out      1  0.050     0.974    0.124    0.978         0.022          6.862        rulex               40.000     0.98
transformer  1001 final     erand   out      4  0.100     0.963    0.185    0.980         0.018          7.016        rulex               40.000     0.98
transformer  1001 final     erand   out     14  0.200     0.956    0.246    0.969         0.027          5.947        rulex               40.000     0.98
transformer  1001 final     erand   out     25  0.300     0.963    0.229    0.946         0.038          4.588        rulex               40.000     0.96
transformer  1001 final     erand   out     29  0.400     0.917    0.507    0.926         0.027          4.530        rulex               20.627     0.98
transformer  1001 final     erand   out     41  0.500     0.809    1.089    0.836         0.036          3.340        rulex               16.541     0.96
transformer  1001 final     erand   out     47  0.600     0.755    1.346    0.732         0.049          2.532        rulex               10.637     0.94
transformer  1001 final     erand   out     54  0.700     0.457    2.119    0.560         0.031          1.810        rulex                6.840     0.96
transformer  1001 final     erand   out     62  0.800     0.362    2.890    0.366         0.029          1.102        rulex                4.398     0.94
transformer  1001 final     erand   out     68  0.900     0.144    3.921    0.132         0.027          0.442        rulex                1.819     0.86
transformer  1001 final     erand   out     71  0.950     0.027    4.759    0.058         0.013          0.355        rulex                0.200     1.00
transformer  1001 final     erand   out     74  1.000     0.007    5.004    0.005         0.004          0.000      uniform                0.200     1.00
transformer  1001 final     erand  both      0  0.000     0.981    0.088    0.971         0.027          6.689        rulex               40.000     0.98
transformer  1001 final     erand  both     17  0.050     0.979    0.092    0.957         0.038          5.543        rulex               40.000     0.96
transformer  1001 final     erand  both     18  0.100     0.843    0.523    0.748         0.088          3.826        rulex               20.627     0.90
transformer  1001 final     erand  both     29  0.200     0.553    1.542    0.402         0.085          2.100        rulex               16.541     0.82
transformer  1001 final     erand  both     31  0.300     0.435    1.859    0.195         0.097          0.359        rulex               16.541     0.66
transformer  1001 final     erand  both     32  0.400     0.380    2.048    0.108         0.142         -1.358 gcm_circular               16.541     0.44
transformer  1001 final     erand  both     37  0.500     0.197    3.092    0.083         0.083         -0.961        rulex                5.485     0.50
transformer  1001 final     erand  both     48  0.600     0.119    3.789    0.022         0.063         -2.370        rulex                0.200     0.24
transformer  1001 final     erand  both     48  0.700     0.139    3.354    0.027         0.094         -2.793        rulex                0.603     0.20
transformer  1001 final     erand  both     62  0.800     0.004    5.408    0.023         0.004          0.576      uniform                0.200     1.00
transformer  1001 final     erand  both     68  0.900     0.011    5.187    0.009         0.005          0.132         rule                0.200     1.00
transformer  1001 final     erand  both     72  0.950     0.006    5.069    0.007         0.007         -0.009      uniform                0.200     0.50
transformer  1001 final     erand  both     74  1.000     0.007    5.004    0.005         0.004          0.000      uniform                0.200     1.00
transformer  1001 final     erand  both      0  0.000     0.981    0.088    0.971         0.027          6.689        rulex               40.000     0.98
transformer  1001 final     erand  both      3  0.050     0.939    0.205    0.791         0.133          3.447        rulex               40.000     0.86
transformer  1001 final     erand  both      3  0.100     0.940    0.205    0.732         0.177          2.912        rulex               32.076     0.80
transformer  1001 final     erand  both      5  0.200     0.864    0.509    0.575         0.180          1.943        rulex               16.541     0.76
transformer  1001 final     erand  both     10  0.300     0.291    2.591    0.193         0.052          0.498        rulex                2.828     0.80
transformer  1001 final     erand  both     10  0.400     0.284    2.575    0.169         0.054          0.123        rulex                2.268     0.76
transformer  1001 final     erand  both     14  0.500     0.114    3.877    0.097         0.027         -0.011        rulex                0.484     0.82
transformer  1001 final     erand  both     30  0.600     0.044    4.943    0.049         0.020          0.194        rulex                0.484     0.80
transformer  1001 final     erand  both     39  0.700     0.015    5.878    0.043         0.002          1.134  gcm_hamming                0.388     1.00
transformer  1001 final     erand  both     50  0.800     0.009    5.289    0.011         0.005          0.376   gcm_linear                0.200     1.00
transformer  1001 final     erand  both     65  0.900     0.008    5.128    0.018         0.007          0.123      uniform                0.200     1.00
transformer  1001 final     erand  both     70  0.950     0.007    5.004    0.005         0.004          0.000      uniform                0.200     1.00
transformer  1001 final     erand  both     74  1.000     0.007    5.004    0.005         0.004          0.000      uniform                0.200     1.00
transformer  1001 final     erand  both      0  0.000     0.981    0.088    0.971         0.027          6.689        rulex               40.000     0.98
transformer  1001 final     erand  both      1  0.050     0.978    0.092    0.832         0.142          3.581        rulex               40.000     0.86
transformer  1001 final     erand  both      4  0.100     0.945    0.209    0.602         0.254          1.747        rulex               25.722     0.70
transformer  1001 final     erand  both     10  0.200     0.924    0.356    0.600         0.225          1.849        rulex               20.627     0.72
transformer  1001 final     erand  both     21  0.300     0.795    0.845    0.387         0.218          0.844        rulex               13.264     0.64
transformer  1001 final     erand  both     28  0.400     0.302    2.726    0.245         0.059          1.142        rulex                1.819     0.82
transformer  1001 final     erand  both     41  0.500     0.204    3.188    0.090         0.081         -0.593        rulex                2.828     0.52
transformer  1001 final     erand  both     49  0.600     0.066    3.997    0.059         0.032         -0.605        rulex                2.828     0.68
transformer  1001 final     erand  both     58  0.700     0.024    4.661    0.018         0.014         -1.123        rulex                0.200     0.60
transformer  1001 final     erand  both     66  0.800     0.021    4.493    0.018         0.018         -1.452         rule                0.752     0.50
transformer  1001 final     erand  both     68  0.900     0.008    5.141    0.000         0.004          0.038      uniform                0.200     0.00
transformer  1001 final     erand  both     71  0.950     0.006    5.056    0.011         0.005         -0.013      uniform                0.200     1.00
transformer  1001 final     erand  both     74  1.000     0.007    5.004    0.005         0.004          0.000      uniform                0.200     1.00
transformer  1001 final      topk    in     31  0.000     0.981    0.088    0.971         0.027          6.689        rulex               40.000     0.98
transformer  1001 final      topk    in     31  0.250     0.977    0.106    0.980         0.018          7.299        rulex               40.000     0.98
transformer  1001 final      topk    in     31  0.500     0.963    0.167    0.987         0.011          8.191        rulex               40.000     0.98
transformer  1001 final      topk    in     31  0.750     0.739    0.989    0.921         0.004          8.806        rulex               10.637     1.00
transformer  1001 final      topk    in     31  1.000     0.007   10.266    0.014         0.000          2.199  gcm_hamming                0.200     1.00
transformer  1001 final      topk   out     50  0.000     0.981    0.088    0.971         0.027          6.689        rulex               40.000     0.98
transformer  1001 final      topk   out     50  0.250     0.977    0.117    0.984         0.014          5.688        rulex               40.000     0.98
transformer  1001 final      topk   out     50  0.500     0.968    0.323    0.991         0.009          4.687        rulex               40.000     0.98
transformer  1001 final      topk   out     50  0.750     0.898    1.707    0.995         0.004          3.686        rulex               25.722     1.00
transformer  1001 final      topk   out     50  1.000     0.005    5.206    0.625         0.000          2.685  gcm_hamming                0.752     1.00
transformer  1001 final      topk  both     31  0.000     0.981    0.088    0.971         0.027          6.689        rulex               40.000     0.98
transformer  1001 final      topk  both     31  0.250     0.970    0.157    0.989         0.009          6.794        rulex               40.000     0.98
transformer  1001 final      topk  both     31  0.500     0.918    0.580    0.993         0.005          6.735        rulex               25.722     1.00
transformer  1001 final      topk  both     31  0.750     0.356    2.973    0.946         0.000          5.740        rulex                4.398     1.00
transformer  1001 final      topk  both     31  1.000     0.006    5.537    0.016         0.005          0.656  gcm_hamming                0.603     1.00
transformer  1001 final     randk    in     31  0.000     0.981    0.088    0.971         0.027          6.689        rulex               40.000     0.98
transformer  1001 final     randk    in     31  0.250     0.982    0.079    0.969         0.029          6.390        rulex               40.000     0.98
transformer  1001 final     randk    in     31  0.500     0.984    0.072    0.964         0.036          6.065        rulex               40.000     0.96
transformer  1001 final     randk    in     31  0.750     0.985    0.065    0.955         0.045          5.715        rulex               40.000     0.96
transformer  1001 final     randk    in     31  1.000     0.986    0.059    0.942         0.058          5.340        rulex               40.000     0.94
transformer  1001 final     randk    in     31  0.000     0.981    0.088    0.971         0.027          6.689        rulex               40.000     0.98
transformer  1001 final     randk    in     31  0.250     0.983    0.079    0.971         0.029          6.380        rulex               40.000     0.98
transformer  1001 final     randk    in     31  0.500     0.984    0.071    0.966         0.034          6.045        rulex               40.000     0.96
transformer  1001 final     randk    in     31  0.750     0.985    0.064    0.957         0.043          5.684        rulex               40.000     0.96
transformer  1001 final     randk    in     31  1.000     0.986    0.058    0.950         0.050          5.300        rulex               40.000     0.94
transformer  1001 final     randk    in     31  0.000     0.981    0.088    0.971         0.027          6.689        rulex               40.000     0.98
transformer  1001 final     randk    in     31  0.250     0.982    0.079    0.971         0.029          6.389        rulex               40.000     0.98
transformer  1001 final     randk    in     31  0.500     0.984    0.071    0.968         0.032          6.062        rulex               40.000     0.96
transformer  1001 final     randk    in     31  0.750     0.985    0.064    0.953         0.047          5.711        rulex               40.000     0.96
transformer  1001 final     randk    in     31  1.000     0.986    0.058    0.946         0.052          5.335        rulex               40.000     0.94
transformer  1001 final     randk   out     24  0.000     0.981    0.088    0.971         0.027          6.689        rulex               40.000     0.98
transformer  1001 final     randk   out     24  0.250     0.983    0.076    0.964         0.034          6.018        rulex               40.000     0.96
transformer  1001 final     randk   out     24  0.500     0.985    0.066    0.950         0.047          5.346        rulex               40.000     0.96
transformer  1001 final     randk   out     24  0.750     0.986    0.058    0.915         0.079          4.675        rulex               40.000     0.92
transformer  1001 final     randk   out     24  1.000     0.987    0.050    0.885         0.108          4.004        rulex               40.000     0.90
transformer  1001 final     randk   out     24  0.000     0.981    0.088    0.971         0.027          6.689        rulex               40.000     0.98
transformer  1001 final     randk   out     24  0.250     0.983    0.076    0.964         0.034          6.018        rulex               40.000     0.96
transformer  1001 final     randk   out     24  0.500     0.985    0.066    0.950         0.047          5.346        rulex               40.000     0.96
transformer  1001 final     randk   out     24  0.750     0.986    0.058    0.915         0.079          4.675        rulex               40.000     0.92
transformer  1001 final     randk   out     24  1.000     0.987    0.050    0.885         0.108          4.004        rulex               40.000     0.90
transformer  1001 final     randk   out     24  0.000     0.981    0.088    0.971         0.027          6.689        rulex               40.000     0.98
transformer  1001 final     randk   out     24  0.250     0.983    0.076    0.964         0.034          6.018        rulex               40.000     0.96
transformer  1001 final     randk   out     24  0.500     0.985    0.066    0.950         0.047          5.346        rulex               40.000     0.96
transformer  1001 final     randk   out     24  0.750     0.986    0.058    0.915         0.079          4.675        rulex               40.000     0.92
transformer  1001 final     randk   out     24  1.000     0.987    0.050    0.885         0.108          4.004        rulex               40.000     0.90
transformer  1001 final     randk  both     31  0.000     0.981    0.088    0.971         0.027          6.689        rulex               40.000     0.98
transformer  1001 final     randk  both     31  0.250     0.984    0.064    0.953         0.043          5.440        rulex               40.000     0.96
transformer  1001 final     randk  both     31  0.500     0.988    0.046    0.910         0.088          4.178        rulex               40.000     0.92
transformer  1001 final     randk  both     31  0.750     0.992    0.033    0.831         0.166          2.910        rulex               40.000     0.84
transformer  1001 final     randk  both     31  1.000     0.994    0.024    0.694         0.295          1.643        rulex               40.000     0.70
transformer  1001 final     randk  both     31  0.000     0.981    0.088    0.971         0.027          6.689        rulex               40.000     0.98
transformer  1001 final     randk  both     31  0.250     0.985    0.064    0.955         0.041          5.440        rulex               40.000     0.96
transformer  1001 final     randk  both     31  0.500     0.988    0.046    0.912         0.086          4.178        rulex               40.000     0.92
transformer  1001 final     randk  both     31  0.750     0.991    0.033    0.822         0.173          2.909        rulex               40.000     0.82
transformer  1001 final     randk  both     31  1.000     0.994    0.025    0.688         0.306          1.641        rulex               40.000     0.70
transformer  1001 final     randk  both     31  0.000     0.981    0.088    0.971         0.027          6.689        rulex               40.000     0.98
transformer  1001 final     randk  both     31  0.250     0.985    0.065    0.950         0.049          5.463        rulex               40.000     0.96
transformer  1001 final     randk  both     31  0.500     0.988    0.047    0.912         0.086          4.225        rulex               40.000     0.92
transformer  1001 final     randk  both     31  0.750     0.991    0.034    0.832         0.164          2.982        rulex               40.000     0.84
transformer  1001 final     randk  both     31  1.000     0.994    0.025    0.706         0.281          1.741        rulex               40.000     0.72
transformer  1001 final  residual    in     43  0.000     0.981    0.088    0.971         0.027          6.689        rulex               40.000     0.98
transformer  1001 final  residual    in     43  0.250     0.983    0.076    0.971         0.029          6.263        rulex               40.000     0.98
transformer  1001 final  residual    in     43  0.500     0.985    0.065    0.960         0.040          5.795        rulex               40.000     0.96
transformer  1001 final  residual    in     43  0.750     0.986    0.056    0.946         0.052          5.288        rulex               40.000     0.94
transformer  1001 final  residual    in     43  1.000     0.988    0.048    0.928         0.070          4.744        rulex               40.000     0.92
transformer  1001 final  residual   out     24  0.000     0.981    0.088    0.971         0.027          6.689        rulex               40.000     0.98
transformer  1001 final  residual   out     24  0.250     0.983    0.076    0.964         0.034          6.018        rulex               40.000     0.96
transformer  1001 final  residual   out     24  0.500     0.985    0.066    0.950         0.047          5.346        rulex               40.000     0.96
transformer  1001 final  residual   out     24  0.750     0.986    0.058    0.915         0.079          4.675        rulex               40.000     0.92
transformer  1001 final  residual   out     24  1.000     0.987    0.050    0.885         0.108          4.004        rulex               40.000     0.90
transformer  1001 final  residual  both     43  0.000     0.981    0.088    0.971         0.027          6.689        rulex               40.000     0.98
transformer  1001 final  residual  both     43  0.250     0.986    0.056    0.941         0.056          4.966        rulex               40.000     0.94
transformer  1001 final  residual  both     43  0.500     0.991    0.035    0.849         0.148          3.228        rulex               40.000     0.86
transformer  1001 final  residual  both     43  0.750     0.995    0.021    0.676         0.314          1.492        rulex               40.000     0.68
transformer  1001 final  residual  both     43  1.000     0.997    0.014    0.443         0.542         -0.228        rulex               40.000     0.44
transformer  1001 final   neurons units      0  0.000     0.981    0.088    0.971         0.027          6.689        rulex               40.000     0.98
transformer  1001 final   neurons units      1  0.001     0.981    0.087    0.971         0.027          6.655        rulex               40.000     0.98
transformer  1001 final   neurons units      2  0.001     0.981    0.087    0.971         0.027          6.626        rulex               40.000     0.98
transformer  1001 final   neurons units      4  0.003     0.982    0.086    0.971         0.027          6.569        rulex               40.000     0.98
transformer  1001 final   neurons units      8  0.005     0.982    0.084    0.969         0.029          6.468        rulex               40.000     0.98
transformer  1001 final   neurons units     16  0.010     0.982    0.082    0.968         0.029          6.291        rulex               40.000     0.98
transformer  1001 final   neurons units     32  0.021     0.983    0.079    0.964         0.032          5.961        rulex               40.000     0.96
transformer  1001 final   neurons units     64  0.042     0.984    0.072    0.951         0.047          5.368        rulex               40.000     0.96
transformer  1001 final   neurons units    128  0.083     0.985    0.060    0.905         0.092          4.289        rulex               40.000     0.90
transformer  1001 final   neurons units    256  0.167     0.989    0.047    0.762         0.227          2.404        rulex               40.000     0.78
transformer  1001 final   neurons units    512  0.333     0.991    0.050    0.456         0.508         -0.234        rulex               40.000     0.48
transformer  1001 final randunits units      0  0.000     0.981    0.088    0.971         0.027          6.689        rulex               40.000     0.98
transformer  1001 final randunits units      1  0.001     0.981    0.088    0.971         0.027          6.682        rulex               40.000     0.98
transformer  1001 final randunits units      2  0.001     0.981    0.088    0.971         0.027          6.680        rulex               40.000     0.98
transformer  1001 final randunits units      4  0.003     0.981    0.088    0.973         0.025          6.659        rulex               40.000     0.98
transformer  1001 final randunits units      8  0.005     0.980    0.089    0.973         0.025          6.708        rulex               40.000     0.98
transformer  1001 final randunits units     16  0.010     0.981    0.088    0.969         0.029          6.609        rulex               40.000     0.98
transformer  1001 final randunits units     32  0.021     0.981    0.087    0.968         0.031          6.589        rulex               40.000     0.96
transformer  1001 final randunits units     64  0.042     0.981    0.088    0.968         0.029          6.507        rulex               40.000     0.98
transformer  1001 final randunits units    128  0.083     0.980    0.092    0.971         0.027          6.347        rulex               40.000     0.98
transformer  1001 final randunits units    256  0.167     0.976    0.104    0.960         0.034          6.141        rulex               40.000     0.96
transformer  1001 final randunits units    512  0.333     0.967    0.149    0.937         0.047          5.261        rulex               40.000     0.96
transformer  1001 final randunits units      0  0.000     0.981    0.088    0.971         0.027          6.689        rulex               40.000     0.98
transformer  1001 final randunits units      1  0.001     0.981    0.088    0.971         0.027          6.670        rulex               40.000     0.98
transformer  1001 final randunits units      2  0.001     0.981    0.088    0.973         0.025          6.679        rulex               40.000     0.98
transformer  1001 final randunits units      4  0.003     0.981    0.088    0.973         0.025          6.680        rulex               40.000     0.98
transformer  1001 final randunits units      8  0.005     0.981    0.089    0.973         0.025          6.695        rulex               40.000     0.98
transformer  1001 final randunits units     16  0.010     0.981    0.087    0.977         0.022          6.645        rulex               40.000     0.98
transformer  1001 final randunits units     32  0.021     0.981    0.089    0.975         0.023          6.603        rulex               40.000     0.98
transformer  1001 final randunits units     64  0.042     0.980    0.089    0.969         0.029          6.534        rulex               40.000     0.98
transformer  1001 final randunits units    128  0.083     0.980    0.092    0.969         0.029          6.421        rulex               40.000     0.98
transformer  1001 final randunits units    256  0.167     0.977    0.099    0.964         0.032          6.101        rulex               40.000     0.96
transformer  1001 final randunits units    512  0.333     0.966    0.153    0.924         0.056          4.988        rulex               40.000     0.94
transformer  1001 final randunits units      0  0.000     0.981    0.088    0.971         0.027          6.689        rulex               40.000     0.98
transformer  1001 final randunits units      1  0.001     0.981    0.088    0.971         0.027          6.696        rulex               40.000     0.98
transformer  1001 final randunits units      2  0.001     0.981    0.088    0.971         0.027          6.688        rulex               40.000     0.98
transformer  1001 final randunits units      4  0.003     0.981    0.088    0.973         0.025          6.676        rulex               40.000     0.98
transformer  1001 final randunits units      8  0.005     0.981    0.088    0.969         0.029          6.669        rulex               40.000     0.98
transformer  1001 final randunits units     16  0.010     0.981    0.088    0.973         0.025          6.635        rulex               40.000     0.98
transformer  1001 final randunits units     32  0.021     0.979    0.090    0.973         0.027          6.642        rulex               40.000     0.98
transformer  1001 final randunits units     64  0.042     0.981    0.088    0.977         0.023          6.585        rulex               40.000     0.98
transformer  1001 final randunits units    128  0.083     0.981    0.090    0.971         0.029          6.371        rulex               40.000     0.98
transformer  1001 final randunits units    256  0.167     0.976    0.106    0.964         0.032          6.131        rulex               40.000     0.96
transformer  1001 final randunits units    512  0.333     0.968    0.141    0.906         0.077          4.884        rulex               40.000     0.92
transformer  1002 final      none     -      0  0.000     0.980    0.091    0.969         0.031          6.410        rulex               40.000     0.96
transformer  1002 final   lowpass    in      0  0.000     0.006    8.639    0.002         0.005          0.276   gcm_linear                0.200     0.00
transformer  1002 final   lowpass    in      1  1.000     0.008    9.058    0.007         0.009          0.254   gcm_linear                0.200     0.00
transformer  1002 final   lowpass    in      2  2.000     0.006    9.245    0.009         0.005          0.416   gcm_linear                0.484     1.00
transformer  1002 final   lowpass    in      3  3.000     0.006    9.487    0.007         0.000          0.420   gcm_linear                0.200     1.00
transformer  1002 final   lowpass    in      4  4.000     0.007    9.687    0.014         0.002          0.374 gcm_circular                1.459     1.00
transformer  1002 final   lowpass    in      6  6.000     0.006    9.943    0.013         0.011          0.559   gcm_linear                1.170     1.00
transformer  1002 final   lowpass    in      8  8.000     0.006    9.873    0.013         0.009          0.663   gcm_linear                0.938     1.00
transformer  1002 final   lowpass    in     12 12.000     0.007    9.742    0.011         0.007          0.926   gcm_linear                0.938     1.00
transformer  1002 final   lowpass    in     16 16.000     0.024    6.491    0.016         0.013         -1.103         rule                0.388     0.62
transformer  1002 final   lowpass    in     24 24.000     0.031    6.781    0.020         0.016         -0.470         rule                0.249     0.58
transformer  1002 final   lowpass    in     32 32.000     0.234    3.202    0.059         0.088         -1.581        rulex                0.200     0.40
transformer  1002 final   lowpass    in     48 48.000     0.231    3.287    0.070         0.068         -0.724        rulex                0.200     0.50
transformer  1002 final   lowpass    in     74 74.000     0.980    0.091    0.969         0.031          6.410        rulex               40.000     0.96
transformer  1002 final   lowpass   out      0  0.000     0.007    5.004    0.004         0.004          0.000      uniform                0.200     0.50
transformer  1002 final   lowpass   out      1  1.000     0.012    4.951    0.031         0.013          0.115 gcm_circular                2.828     1.00
transformer  1002 final   lowpass   out      2  2.000     0.010    4.960    0.040         0.007          0.237 gcm_circular                2.268     1.00
transformer  1002 final   lowpass   out      3  3.000     0.013    4.915    0.038         0.007          0.344 gcm_circular                2.268     1.00
transformer  1002 final   lowpass   out      4  4.000     0.015    4.890    0.058         0.007          0.476 gcm_circular                2.268     1.00
transformer  1002 final   lowpass   out      6  6.000     0.025    4.827    0.068         0.002          0.745 gcm_circular                2.268     1.00
transformer  1002 final   lowpass   out      8  8.000     0.040    4.693    0.148         0.004          0.980        rulex                2.268     1.00
transformer  1002 final   lowpass   out     12 12.000     0.056    4.540    0.254         0.005          1.501        rulex                2.268     1.00
transformer  1002 final   lowpass   out     16 16.000     0.225    3.539    0.297         0.007          1.649        rulex                3.527     1.00
transformer  1002 final   lowpass   out     24 24.000     0.335    3.122    0.542         0.009          2.600        rulex                3.527     1.00
transformer  1002 final   lowpass   out     32 32.000     0.747    1.487    0.757         0.029          3.226        rulex               10.637     0.96
transformer  1002 final   lowpass   out     48 48.000     0.798    1.129    0.953         0.007          5.141        rulex               13.264     1.00
transformer  1002 final   lowpass   out     74 74.000     0.980    0.091    0.969         0.031          6.410        rulex               40.000     0.96
transformer  1002 final   lowpass  both      0  0.000     0.007    5.004    0.004         0.004          0.000      uniform                0.200     0.50
transformer  1002 final   lowpass  both      1  1.000     0.006    5.006    0.007         0.002          0.002      uniform                0.200     1.00
transformer  1002 final   lowpass  both      2  2.000     0.006    5.028    0.013         0.002         -0.001  gcm_hamming                0.200     1.00
transformer  1002 final   lowpass  both      3  3.000     0.007    5.030    0.009         0.007         -0.012      uniform                0.200     1.00
transformer  1002 final   lowpass  both      4  4.000     0.008    5.027    0.002         0.007         -0.008      uniform                0.938     0.00
transformer  1002 final   lowpass  both      6  6.000     0.011    5.010    0.007         0.011         -0.069         rule                0.603     0.00
transformer  1002 final   lowpass  both      8  8.000     0.009    5.047    0.013         0.004         -0.007      uniform                0.603     1.00
transformer  1002 final   lowpass  both     12 12.000     0.009    5.132    0.016         0.007          0.052         rule                0.752     1.00
transformer  1002 final   lowpass  both     16 16.000     0.026    4.305    0.016         0.029         -2.297         rule                0.200     0.26
transformer  1002 final   lowpass  both     24 24.000     0.034    4.234    0.023         0.029         -1.948         rule                0.311     0.42
transformer  1002 final   lowpass  both     32 32.000     0.317    2.139    0.020         0.187         -3.863        rulex                1.459     0.08
transformer  1002 final   lowpass  both     48 48.000     0.289    2.187    0.047         0.133         -3.153        rulex                0.938     0.26
transformer  1002 final   lowpass  both     74 74.000     0.980    0.091    0.969         0.031          6.410        rulex               40.000     0.96
transformer  1002 final      etop    in      0  0.000     0.980    0.091    0.969         0.031          6.410        rulex               40.000     0.96
transformer  1002 final      etop    in      1  0.050     0.949    0.192    0.874         0.085          4.610        rulex               32.076     0.92
transformer  1002 final      etop    in      1  0.100     0.949    0.192    0.874         0.085          4.610        rulex               32.076     0.92
transformer  1002 final      etop    in      2  0.200     0.791    0.661    0.645         0.088          3.119        rulex               10.637     0.88
transformer  1002 final      etop    in      4  0.300     0.272    2.600    0.150         0.045          0.542        rulex                4.398     0.78
transformer  1002 final      etop    in      5  0.400     0.254    2.854    0.144         0.050          0.417        rulex                4.398     0.76
transformer  1002 final      etop    in      6  0.500     0.161    3.841    0.114         0.032          0.210        rulex                2.268     0.80
transformer  1002 final      etop    in      7  0.600     0.080    5.001    0.068         0.014          0.105        rulex                0.603     0.88
transformer  1002 final      etop    in      8  0.700     0.035    6.462    0.049         0.002          0.592        rulex                0.484     1.00
transformer  1002 final      etop    in     12  0.800     0.007    9.994    0.031         0.000          2.944  gcm_hamming                0.603     1.00
transformer  1002 final      etop    in     31  0.900     0.007   10.192    0.029         0.002          1.714  gcm_hamming                0.200     1.00
transformer  1002 final      etop    in     51  0.950     0.007   10.139    0.013         0.004          0.858  gcm_hamming                0.200     1.00
transformer  1002 final      etop    in     74  1.000     0.006    8.639    0.002         0.005          0.276   gcm_linear                0.200     0.00
transformer  1002 final      etop   out      0  0.000     0.980    0.091    0.969         0.031          6.410        rulex               40.000     0.96
transformer  1002 final      etop   out      1  0.050     0.973    0.124    0.973         0.023          6.571        rulex               40.000     0.98
transformer  1002 final      etop   out      2  0.100     0.963    0.181    0.980         0.018          6.800        rulex               40.000     0.98
transformer  1002 final      etop   out      4  0.200     0.912    0.440    0.984         0.011          7.256        rulex               20.627     0.98
transformer  1002 final      etop   out      5  0.300     0.871    0.651    0.989         0.005          7.444        rulex               20.627     1.00
transformer  1002 final      etop   out      7  0.400     0.738    1.261    0.986         0.004          7.569        rulex               10.637     1.00
transformer  1002 final      etop   out      9  0.500     0.454    2.322    0.977         0.002          7.873        rulex                5.485     1.00
transformer  1002 final      etop   out     16  0.600     0.293    3.115    0.966         0.000          6.963        rulex                3.527     1.00
transformer  1002 final      etop   out     25  0.700     0.146    3.953    0.957         0.000          5.880        rulex                2.268     1.00
transformer  1002 final      etop   out     36  0.800     0.050    4.633    0.879         0.000          4.464  gcm_hamming                1.819     1.00
transformer  1002 final      etop   out     51  0.900     0.016    5.085    0.623         0.000          2.678  gcm_hamming                0.752     1.00
transformer  1002 final      etop   out     62  0.950     0.009    5.088    0.346         0.002          1.332  gcm_hamming                0.603     1.00
transformer  1002 final      etop   out     74  1.000     0.007    5.004    0.004         0.004          0.000      uniform                0.200     0.50
transformer  1002 final      etop  both      0  0.000     0.980    0.091    0.969         0.031          6.410        rulex               40.000     0.96
transformer  1002 final      etop  both      1  0.050     0.907    0.340    0.890         0.067          5.050        rulex               20.627     0.94
transformer  1002 final      etop  both      1  0.100     0.879    0.467    0.897         0.040          5.541        rulex               20.627     0.96
transformer  1002 final      etop  both      2  0.200     0.687    0.970    0.656         0.065          3.175        rulex                6.840     0.92
transformer  1002 final      etop  both      4  0.300     0.246    2.683    0.274         0.025          1.651        rulex                4.398     0.94
transformer  1002 final      etop  both      5  0.400     0.079    4.278    0.314         0.014          3.019        rulex                2.268     1.00
transformer  1002 final      etop  both      6  0.500     0.014    5.589    0.268         0.004          3.569  gcm_hamming                0.484     1.00
transformer  1002 final      etop  both      7  0.600     0.007    5.769    0.173         0.000          2.667  gcm_hamming                0.484     1.00
transformer  1002 final      etop  both      8  0.700     0.007    5.537    0.108         0.005          1.642  gcm_hamming                0.752     1.00
transformer  1002 final      etop  both     12  0.800     0.006    5.453    0.040         0.004          0.922  gcm_hamming                0.311     1.00
transformer  1002 final      etop  both     31  0.900     0.005    5.222    0.009         0.005          0.311      uniform                0.603     1.00
transformer  1002 final      etop  both     51  0.950     0.007    5.099    0.011         0.013          0.077      uniform                0.200     0.00
transformer  1002 final      etop  both     74  1.000     0.007    5.004    0.004         0.004          0.000      uniform                0.200     0.50
transformer  1002 final   ebottom    in      0  0.000     0.980    0.091    0.969         0.031          6.410        rulex               40.000     0.96
transformer  1002 final   ebottom    in     24  0.050     0.982    0.074    0.962         0.038          5.621        rulex               40.000     0.96
transformer  1002 final   ebottom    in     44  0.100     0.986    0.054    0.942         0.058          4.648        rulex               40.000     0.94
transformer  1002 final   ebottom    in     63  0.200     0.991    0.034    0.780         0.216          2.503        rulex               40.000     0.78
transformer  1002 final   ebottom    in     67  0.300     0.983    0.074    0.384         0.573         -1.022        rulex               40.000     0.40
transformer  1002 final   ebottom    in     68  0.400     0.945    0.190    0.236         0.614         -2.063        rulex               25.722     0.28
transformer  1002 final   ebottom    in     69  0.500     0.848    0.486    0.110         0.524         -3.157        rulex               16.541     0.18
transformer  1002 final   ebottom    in     70  0.600     0.655    1.106    0.068         0.407         -3.784        rulex                6.840     0.14
transformer  1002 final   ebottom    in     71  0.700     0.300    2.519    0.020         0.196         -3.874        rulex                4.398     0.08
transformer  1002 final   ebottom    in     73  0.800     0.019    6.554    0.007         0.011         -1.771         rule                0.200     0.32
transformer  1002 final   ebottom    in     74  0.900     0.006    8.639    0.002         0.005          0.276   gcm_linear                0.200     0.00
transformer  1002 final   ebottom    in     74  0.950     0.006    8.639    0.002         0.005          0.276   gcm_linear                0.200     0.00
transformer  1002 final   ebottom    in     74  1.000     0.006    8.639    0.002         0.005          0.276   gcm_linear                0.200     0.00
transformer  1002 final   ebottom   out      0  0.000     0.980    0.091    0.969         0.031          6.410        rulex               40.000     0.96
transformer  1002 final   ebottom   out     13  0.050     0.984    0.067    0.930         0.068          4.958        rulex               40.000     0.94
transformer  1002 final   ebottom   out     24  0.100     0.987    0.050    0.870         0.124          3.611        rulex               40.000     0.88
transformer  1002 final   ebottom   out     39  0.200     0.991    0.035    0.719         0.274          1.798        rulex               40.000     0.72
transformer  1002 final   ebottom   out     50  0.300     0.994    0.033    0.542         0.431          0.391        rulex               40.000     0.56
transformer  1002 final   ebottom   out     59  0.400     0.995    0.052    0.333         0.591         -0.682        rulex               40.000     0.36
transformer  1002 final   ebottom   out     66  0.500     0.987    0.184    0.223         0.587         -1.378        rulex               40.000     0.28
transformer  1002 final   ebottom   out     68  0.600     0.961    0.566    0.144         0.470         -1.206        rulex               25.722     0.24
transformer  1002 final   ebottom   out     70  0.700     0.738    1.664    0.068         0.254         -0.846        rulex                8.530     0.22
transformer  1002 final   ebottom   out     71  0.800     0.594    2.387    0.050         0.164         -0.616        rulex                5.485     0.24
transformer  1002 final   ebottom   out     73  0.900     0.044    4.108    0.014         0.018         -0.161         rule                0.200     0.42
transformer  1002 final   ebottom   out     74  0.950     0.007    5.004    0.004         0.004          0.000      uniform                0.200     0.50
transformer  1002 final   ebottom   out     74  1.000     0.007    5.004    0.004         0.004          0.000      uniform                0.200     0.50
transformer  1002 final   ebottom  both      0  0.000     0.980    0.091    0.969         0.031          6.410        rulex               40.000     0.96
transformer  1002 final   ebottom  both     24  0.050     0.986    0.054    0.912         0.086          4.185        rulex               40.000     0.92
transformer  1002 final   ebottom  both     44  0.100     0.993    0.028    0.741         0.256          1.964        rulex               40.000     0.74
transformer  1002 final   ebottom  both     63  0.200     0.997    0.017    0.314         0.672         -1.404        rulex               40.000     0.32
transformer  1002 final   ebottom  both     67  0.300     0.983    0.110    0.061         0.838         -4.305        rulex               40.000     0.06
transformer  1002 final   ebottom  both     68  0.400     0.916    0.420    0.038         0.705         -4.649        rulex               20.627     0.06
transformer  1002 final   ebottom  both     69  0.500     0.754    1.127    0.018         0.528         -4.648        rulex               13.264     0.04
transformer  1002 final   ebottom  both     70  0.600     0.323    2.527    0.027         0.193         -3.321        rulex                2.828     0.12
transformer  1002 final   ebottom  both     71  0.700     0.154    3.335    0.005         0.119         -2.621         rule                0.200     0.02
transformer  1002 final   ebottom  both     73  0.800     0.018    4.933    0.009         0.022         -2.522         rule                0.200     0.14
transformer  1002 final   ebottom  both     74  0.900     0.006    5.082    0.004         0.011          0.047      uniform                0.200     0.00
transformer  1002 final   ebottom  both     74  0.950     0.007    5.004    0.004         0.004          0.000      uniform                0.200     0.50
transformer  1002 final   ebottom  both     74  1.000     0.007    5.004    0.004         0.004          0.000      uniform                0.200     0.50
transformer  1002 final     erand    in      0  0.000     0.980    0.091    0.969         0.031          6.410        rulex               40.000     0.96
transformer  1002 final     erand    in     12  0.050     0.965    0.146    0.888         0.092          4.428        rulex               40.000     0.90
transformer  1002 final     erand    in     12  0.100     0.965    0.146    0.888         0.092          4.428        rulex               40.000     0.90
transformer  1002 final     erand    in     19  0.200     0.939    0.242    0.735         0.177          2.879        rulex               25.722     0.80
transformer  1002 final     erand    in     26  0.300     0.801    0.630    0.458         0.214          1.084        rulex               16.541     0.68
transformer  1002 final     erand    in     43  0.400     0.775    0.747    0.268         0.346         -0.807        rulex               13.264     0.44
transformer  1002 final     erand    in     52  0.500     0.432    1.813    0.076         0.186         -2.464        rulex                1.170     0.28
transformer  1002 final     erand    in     56  0.600     0.259    2.749    0.043         0.105         -2.646        rulex                0.200     0.28
transformer  1002 final     erand    in     58  0.700     0.091    4.288    0.031         0.063         -2.556        rulex                0.200     0.30
transformer  1002 final     erand    in     62  0.800     0.025    6.557    0.020         0.020         -1.171         rule                0.200     0.50
transformer  1002 final     erand    in     65  0.900     0.006    9.603    0.016         0.002          1.011  gcm_hamming                0.311     1.00
transformer  1002 final     erand    in     65  0.950     0.006    9.603    0.016         0.002          1.011  gcm_hamming                0.311     1.00
transformer  1002 final     erand    in     74  1.000     0.006    8.639    0.002         0.005          0.276   gcm_linear                0.200     0.00
transformer  1002 final     erand    in      0  0.000     0.980    0.091    0.969         0.031          6.410        rulex               40.000     0.96
transformer  1002 final     erand    in     12  0.050     0.983    0.074    0.917         0.081          4.685        rulex               40.000     0.92
transformer  1002 final     erand    in     13  0.100     0.984    0.069    0.901         0.095          4.288        rulex               40.000     0.90
transformer  1002 final     erand    in     15  0.200     0.964    0.143    0.726         0.209          2.751        rulex               32.076     0.78
transformer  1002 final     erand    in     25  0.300     0.949    0.212    0.539         0.351          1.100        rulex               25.722     0.60
transformer  1002 final     erand    in     36  0.400     0.867    0.452    0.326         0.391         -0.538        rulex               16.541     0.46
transformer  1002 final     erand    in     57  0.500     0.585    1.364    0.106         0.286         -2.698        rulex                6.840     0.26
transformer  1002 final     erand    in     59  0.600     0.594    1.314    0.092         0.305         -2.979        rulex                6.840     0.22
transformer  1002 final     erand    in     64  0.700     0.267    2.621    0.041         0.117         -3.624        rulex                2.828     0.26
transformer  1002 final     erand    in     67  0.800     0.085    4.328    0.013         0.050         -3.161         rule                0.200     0.16
transformer  1002 final     erand    in     68  0.900     0.017    6.435    0.016         0.014         -2.037         rule                0.200     0.56
transformer  1002 final     erand    in     74  0.950     0.006    8.639    0.002         0.005          0.276   gcm_linear                0.200     0.00
transformer  1002 final     erand    in     74  1.000     0.006    8.639    0.002         0.005          0.276   gcm_linear                0.200     0.00
transformer  1002 final     erand    in      0  0.000     0.980    0.091    0.969         0.031          6.410        rulex               40.000     0.96
transformer  1002 final     erand    in     11  0.050     0.974    0.103    0.901         0.077          4.549        rulex               40.000     0.92
transformer  1002 final     erand    in     11  0.100     0.974    0.103    0.901         0.077          4.549        rulex               40.000     0.92
transformer  1002 final     erand    in     16  0.200     0.964    0.150    0.751         0.173          2.790        rulex               32.076     0.82
transformer  1002 final     erand    in     24  0.300     0.899    0.352    0.458         0.326          0.761        rulex               16.541     0.58
transformer  1002 final     erand    in     27  0.400     0.772    0.731    0.290         0.283         -0.325        rulex                8.530     0.50
transformer  1002 final     erand    in     29  0.500     0.498    1.636    0.121         0.162         -1.195        rulex                5.485     0.42
transformer  1002 final     erand    in     35  0.600     0.342    2.336    0.074         0.137         -2.137        rulex                4.398     0.34
transformer  1002 final     erand    in     42  0.700     0.106    4.009    0.047         0.045         -1.760        rulex                1.819     0.52
transformer  1002 final     erand    in     53  0.800     0.020    6.206    0.022         0.014         -1.277  gcm_hamming                0.388     0.68
transformer  1002 final     erand    in     69  0.900     0.016    6.237    0.011         0.018         -2.019  gcm_hamming                0.200     0.28
transformer  1002 final     erand    in     70  0.950     0.006    9.481    0.009         0.009          0.488   gcm_linear                0.249     0.50
transformer  1002 final     erand    in     74  1.000     0.006    8.639    0.002         0.005          0.276   gcm_linear                0.200     0.00
transformer  1002 final     erand   out      0  0.000     0.980    0.091    0.969         0.031          6.410        rulex               40.000     0.96
transformer  1002 final     erand   out      7  0.050     0.980    0.083    0.955         0.045          5.662        rulex               40.000     0.96
transformer  1002 final     erand   out     12  0.100     0.976    0.113    0.955         0.040          5.326        rulex               40.000     0.96
transformer  1002 final     erand   out     19  0.200     0.972    0.154    0.937         0.050          4.654        rulex               40.000     0.94
transformer  1002 final     erand   out     25  0.300     0.972    0.172    0.899         0.079          3.865        rulex               40.000     0.92
transformer  1002 final     erand   out     32  0.400     0.952    0.340    0.874         0.070          3.334        rulex               32.076     0.92
transformer  1002 final     erand   out     43  0.500     0.928    0.603    0.737         0.108          2.087        rulex               25.722     0.88
transformer  1002 final     erand   out     52  0.600     0.795    1.248    0.573         0.101          1.349        rulex                8.530     0.86
transformer  1002 final     erand   out     56  0.700     0.604    1.979    0.505         0.065          1.265        rulex                4.398     0.88
transformer  1002 final     erand   out     62  0.800     0.275    3.486    0.411         0.036          1.166        rulex                2.828     0.94
transformer  1002 final     erand   out     65  0.900     0.079    4.520    0.339         0.018          1.084        rulex                1.170     1.00
transformer  1002 final     erand   out     69  0.950     0.067    4.620    0.151         0.023          0.629        rulex                0.603     0.94
transformer  1002 final     erand   out     74  1.000     0.007    5.004    0.004         0.004          0.000      uniform                0.200     0.50
transformer  1002 final     erand   out      0  0.000     0.980    0.091    0.969         0.031          6.410        rulex               40.000     0.96
transformer  1002 final     erand   out      8  0.050     0.982    0.076    0.951         0.049          5.421        rulex               40.000     0.96
transformer  1002 final     erand   out     12  0.100     0.981    0.087    0.937         0.061          5.027        rulex               40.000     0.94
transformer  1002 final     erand   out     16  0.200     0.967    0.180    0.957         0.038          4.972        rulex               40.000     0.96
transformer  1002 final     erand   out     24  0.300     0.971    0.181    0.923         0.070          4.015        rulex               40.000     0.92
transformer  1002 final     erand   out     32  0.400     0.953    0.360    0.876         0.081          3.341        rulex               32.076     0.92
transformer  1002 final     erand   out     45  0.500     0.942    0.507    0.714         0.168          1.833        rulex               25.722     0.80
transformer  1002 final     erand   out     56  0.600     0.922    0.770    0.409         0.250          0.537        rulex               20.627     0.62
transformer  1002 final     erand   out     60  0.700     0.783    1.544    0.276         0.169          0.308        rulex               10.637     0.62
transformer  1002 final     erand   out     67  0.800     0.263    3.127    0.130         0.045          0.178        rulex                1.819     0.76
transformer  1002 final     erand   out     68  0.900     0.117    3.938    0.148         0.016          0.408        rulex                1.170     0.94
transformer  1002 final     erand   out     74  0.950     0.007    5.004    0.004         0.004          0.000      uniform                0.200     0.50
transformer  1002 final     erand   out     74  1.000     0.007    5.004    0.004         0.004          0.000      uniform                0.200     0.50
transformer  1002 final     erand   out      0  0.000     0.980    0.091    0.969         0.031          6.410        rulex               40.000     0.96
transformer  1002 final     erand   out      6  0.050     0.981    0.082    0.964         0.036          5.636        rulex               40.000     0.96
transformer  1002 final     erand   out     11  0.100     0.977    0.109    0.960         0.038          5.348        rulex               40.000     0.96
transformer  1002 final     erand   out     16  0.200     0.969    0.167    0.957         0.038          5.040        rulex               40.000     0.96
transformer  1002 final     erand   out     24  0.300     0.947    0.330    0.939         0.038          4.413        rulex               32.076     0.96
transformer  1002 final     erand   out     27  0.400     0.914    0.553    0.926         0.038          4.228        rulex               20.627     0.96
transformer  1002 final     erand   out     31  0.500     0.726    1.418    0.906         0.016          4.186        rulex               13.264     0.98
transformer  1002 final     erand   out     39  0.600     0.693    1.592    0.807         0.031          3.146        rulex               10.637     0.96
transformer  1002 final     erand   out     45  0.700     0.438    2.545    0.728         0.020          2.750        rulex                5.485     0.98
transformer  1002 final     erand   out     53  0.800     0.229    3.509    0.607         0.005          2.131        rulex                2.828     1.00
transformer  1002 final     erand   out     67  0.900     0.090    3.989    0.160         0.013          0.505        rulex                0.752     0.98
transformer  1002 final     erand   out     70  0.950     0.016    4.931    0.086         0.002          0.474        rulex                0.200     1.00
transformer  1002 final     erand   out     74  1.000     0.007    5.004    0.004         0.004          0.000      uniform                0.200     0.50
transformer  1002 final     erand  both      0  0.000     0.980    0.091    0.969         0.031          6.410        rulex               40.000     0.96
transformer  1002 final     erand  both     12  0.050     0.967    0.144    0.843         0.130          3.738        rulex               40.000     0.86
transformer  1002 final     erand  both     12  0.100     0.958    0.199    0.877         0.086          4.186        rulex               32.076     0.92
transformer  1002 final     erand  both     19  0.200     0.827    0.716    0.741         0.079          3.343        rulex               13.264     0.90
transformer  1002 final     erand  both     26  0.300     0.609    1.446    0.378         0.117          1.097        rulex                8.530     0.76
transformer  1002 final     erand  both     43  0.400     0.511    1.820    0.200         0.191         -0.437        rulex                6.840     0.52
transformer  1002 final     erand  both     52  0.500     0.206    2.937    0.083         0.070         -1.039        rulex                0.200     0.54
transformer  1002 final     erand  both     56  0.600     0.203    2.781    0.018         0.121         -2.718        rulex                0.200     0.10
transformer  1002 final     erand  both     58  0.700     0.073    3.704    0.025         0.052         -2.319        rulex                0.200     0.30
transformer  1002 final     erand  both     62  0.800     0.008    5.179    0.011         0.004         -0.097  gcm_hamming                0.200     1.00
transformer  1002 final     erand  both     65  0.900     0.008    5.238    0.011         0.005          0.138      uniform                0.200     1.00
transformer  1002 final     erand  both     65  0.950     0.006    5.131    0.004         0.004          0.040      uniform                0.200     0.50
transformer  1002 final     erand  both     74  1.000     0.007    5.004    0.004         0.004          0.000      uniform                0.200     0.50
transformer  1002 final     erand  both      0  0.000     0.980    0.091    0.969         0.031          6.410        rulex               40.000     0.96
transformer  1002 final     erand  both     12  0.050     0.979    0.101    0.948         0.050          4.926        rulex               40.000     0.94
transformer  1002 final     erand  both     13  0.100     0.968    0.163    0.930         0.050          4.616        rulex               40.000     0.94
transformer  1002 final     erand  both     15  0.200     0.857    0.624    0.811         0.063          4.092        rulex               13.264     0.92
transformer  1002 final     erand  both     25  0.300     0.738    1.118    0.580         0.121          2.221        rulex                8.530     0.82
transformer  1002 final     erand  both     36  0.400     0.549    1.701    0.328         0.144          0.542        rulex                5.485     0.70
transformer  1002 final     erand  both     57  0.500     0.206    3.236    0.137         0.083          0.013        rulex                2.828     0.62
transformer  1002 final     erand  both     59  0.600     0.168    3.424    0.105         0.076         -0.510        rulex                2.828     0.58
transformer  1002 final     erand  both     64  0.700     0.034    4.312    0.018         0.018         -0.996         rule                0.200     0.50
transformer  1002 final     erand  both     67  0.800     0.033    4.237    0.018         0.031         -2.123         rule                0.200     0.32
transformer  1002 final     erand  both     68  0.900     0.006    5.141    0.004         0.002          0.058      uniform                0.200     1.00
transformer  1002 final     erand  both     74  0.950     0.008    5.050    0.007         0.005          0.031      uniform                0.200     1.00
transformer  1002 final     erand  both     74  1.000     0.007    5.004    0.004         0.004          0.000      uniform                0.200     0.50
transformer  1002 final     erand  both      0  0.000     0.980    0.091    0.969         0.031          6.410        rulex               40.000     0.96
transformer  1002 final     erand  both     11  0.050     0.960    0.168    0.899         0.067          4.519        rulex               40.000     0.94
transformer  1002 final     erand  both     11  0.100     0.960    0.169    0.894         0.072          4.364        rulex               40.000     0.92
transformer  1002 final     erand  both     16  0.200     0.885    0.514    0.737         0.099          3.193        rulex               16.541     0.88
transformer  1002 final     erand  both     24  0.300     0.615    1.515    0.539         0.090          2.338        rulex                6.840     0.86
transformer  1002 final     erand  both     27  0.400     0.507    1.913    0.265         0.135          0.229        rulex                5.485     0.66
transformer  1002 final     erand  both     29  0.500     0.388    2.212    0.077         0.184         -1.905        rulex                3.527     0.30
transformer  1002 final     erand  both     35  0.600     0.180    3.141    0.031         0.090         -2.065        rulex                3.527     0.24
transformer  1002 final     erand  both     42  0.700     0.015    5.035    0.043         0.005          0.263         rule                0.200     1.00
transformer  1002 final     erand  both     53  0.800     0.009    5.331    0.011         0.013          0.223      uniform                0.200     0.00
transformer  1002 final     erand  both     69  0.900     0.007    5.110    0.009         0.004          0.032      uniform                0.200     1.00
transformer  1002 final     erand  both     70  0.950     0.009    5.394    0.009         0.007         -0.031 gcm_circular                0.603     1.00
transformer  1002 final     erand  both     74  1.000     0.007    5.004    0.004         0.004          0.000      uniform                0.200     0.50
transformer  1002 final      topk    in     31  0.000     0.980    0.091    0.969         0.031          6.410        rulex               40.000     0.96
transformer  1002 final      topk    in     31  0.250     0.977    0.105    0.975         0.025          6.952        rulex               40.000     0.98
transformer  1002 final      topk    in     31  0.500     0.969    0.150    0.982         0.018          7.773        rulex               40.000     0.98
transformer  1002 final      topk    in     31  0.750     0.785    0.818    0.910         0.016          8.403        rulex               10.637     0.98
transformer  1002 final      topk    in     31  1.000     0.007   10.192    0.029         0.002          1.714  gcm_hamming                0.200     1.00
transformer  1002 final      topk   out     51  0.000     0.980    0.091    0.969         0.031          6.410        rulex               40.000     0.96
transformer  1002 final      topk   out     51  0.250     0.976    0.118    0.980         0.020          5.477        rulex               40.000     0.98
transformer  1002 final      topk   out     51  0.500     0.969    0.320    0.991         0.009          4.544        rulex               40.000     0.98
transformer  1002 final      topk   out     51  0.750     0.906    1.673    0.993         0.005          3.611        rulex               20.627     1.00
transformer  1002 final      topk   out     51  1.000     0.016    5.085    0.623         0.000          2.678  gcm_hamming                0.752     1.00
transformer  1002 final      topk  both     31  0.000     0.980    0.091    0.969         0.031          6.410        rulex               40.000     0.96
transformer  1002 final      topk  both     31  0.250     0.972    0.150    0.986         0.014          6.510        rulex               40.000     0.98
transformer  1002 final      topk  both     31  0.500     0.933    0.490    0.995         0.005          6.503        rulex               25.722     0.98
transformer  1002 final      topk  both     31  0.750     0.451    2.658    0.948         0.004          5.712        rulex                4.398     1.00
transformer  1002 final      topk  both     31  1.000     0.006    5.555    0.018         0.009          0.600  gcm_hamming                0.388     1.00
transformer  1002 final     randk    in     31  0.000     0.980    0.091    0.969         0.031          6.410        rulex               40.000     0.96
transformer  1002 final     randk    in     31  0.250     0.980    0.083    0.968         0.032          6.136        rulex               40.000     0.96
transformer  1002 final     randk    in     31  0.500     0.982    0.077    0.966         0.034          5.843        rulex               40.000     0.96
transformer  1002 final     randk    in     31  0.750     0.983    0.070    0.960         0.040          5.532        rulex               40.000     0.96
transformer  1002 final     randk    in     31  1.000     0.984    0.065    0.948         0.052          5.205        rulex               40.000     0.94
transformer  1002 final     randk    in     31  0.000     0.980    0.091    0.969         0.031          6.410        rulex               40.000     0.96
transformer  1002 final     randk    in     31  0.250     0.981    0.083    0.968         0.032          6.141        rulex               40.000     0.96
transformer  1002 final     randk    in     31  0.500     0.982    0.076    0.966         0.034          5.852        rulex               40.000     0.96
transformer  1002 final     randk    in     31  0.750     0.983    0.070    0.960         0.040          5.545        rulex               40.000     0.96
transformer  1002 final     randk    in     31  1.000     0.984    0.064    0.951         0.049          5.220        rulex               40.000     0.96
transformer  1002 final     randk    in     31  0.000     0.980    0.091    0.969         0.031          6.410        rulex               40.000     0.96
transformer  1002 final     randk    in     31  0.250     0.980    0.083    0.969         0.031          6.131        rulex               40.000     0.96
transformer  1002 final     randk    in     31  0.500     0.981    0.076    0.966         0.034          5.832        rulex               40.000     0.96
transformer  1002 final     randk    in     31  0.750     0.983    0.070    0.962         0.038          5.515        rulex               40.000     0.96
transformer  1002 final     randk    in     31  1.000     0.984    0.065    0.957         0.043          5.182        rulex               40.000     0.96
transformer  1002 final     randk   out     23  0.000     0.980    0.091    0.969         0.031          6.410        rulex               40.000     0.96
transformer  1002 final     randk   out     23  0.250     0.981    0.078    0.960         0.040          5.740        rulex               40.000     0.96
transformer  1002 final     randk   out     23  0.500     0.984    0.068    0.948         0.052          5.071        rulex               40.000     0.94
transformer  1002 final     randk   out     23  0.750     0.985    0.059    0.921         0.077          4.401        rulex               40.000     0.92
transformer  1002 final     randk   out     23  1.000     0.986    0.051    0.876         0.119          3.732        rulex               40.000     0.88
transformer  1002 final     randk   out     23  0.000     0.980    0.091    0.969         0.031          6.410        rulex               40.000     0.96
transformer  1002 final     randk   out     23  0.250     0.981    0.078    0.960         0.040          5.740        rulex               40.000     0.96
transformer  1002 final     randk   out     23  0.500     0.984    0.068    0.948         0.052          5.071        rulex               40.000     0.94
transformer  1002 final     randk   out     23  0.750     0.985    0.059    0.921         0.077          4.401        rulex               40.000     0.92
transformer  1002 final     randk   out     23  1.000     0.986    0.051    0.876         0.119          3.732        rulex               40.000     0.88
transformer  1002 final     randk   out     23  0.000     0.980    0.091    0.969         0.031          6.410        rulex               40.000     0.96
transformer  1002 final     randk   out     23  0.250     0.981    0.078    0.960         0.040          5.740        rulex               40.000     0.96
transformer  1002 final     randk   out     23  0.500     0.984    0.068    0.948         0.052          5.071        rulex               40.000     0.94
transformer  1002 final     randk   out     23  0.750     0.985    0.059    0.921         0.077          4.401        rulex               40.000     0.92
transformer  1002 final     randk   out     23  1.000     0.986    0.051    0.876         0.119          3.732        rulex               40.000     0.88
transformer  1002 final     randk  both     31  0.000     0.980    0.091    0.969         0.031          6.410        rulex               40.000     0.96
transformer  1002 final     randk  both     31  0.250     0.984    0.068    0.953         0.047          5.207        rulex               40.000     0.96
transformer  1002 final     randk  both     31  0.500     0.987    0.051    0.917         0.083          4.002        rulex               40.000     0.92
transformer  1002 final     randk  both     31  0.750     0.990    0.038    0.836         0.162          2.803        rulex               40.000     0.84
transformer  1002 final     randk  both     31  1.000     0.993    0.031    0.694         0.305          1.616        rulex               40.000     0.70
transformer  1002 final     randk  both     31  0.000     0.980    0.091    0.969         0.031          6.410        rulex               40.000     0.96
transformer  1002 final     randk  both     31  0.250     0.983    0.068    0.948         0.052          5.220        rulex               40.000     0.94
transformer  1002 final     randk  both     31  0.500     0.986    0.050    0.914         0.086          4.028        rulex               40.000     0.92
transformer  1002 final     randk  both     31  0.750     0.990    0.038    0.845         0.155          2.842        rulex               40.000     0.84
transformer  1002 final     randk  both     31  1.000     0.993    0.030    0.715         0.279          1.669        rulex               40.000     0.72
transformer  1002 final     randk  both     31  0.000     0.980    0.091    0.969         0.031          6.410        rulex               40.000     0.96
transformer  1002 final     randk  both     31  0.250     0.983    0.068    0.951         0.049          5.205        rulex               40.000     0.96
transformer  1002 final     randk  both     31  0.500     0.987    0.051    0.912         0.088          4.000        rulex               40.000     0.92
transformer  1002 final     randk  both     31  0.750     0.990    0.038    0.825         0.173          2.800        rulex               40.000     0.82
transformer  1002 final     randk  both     31  1.000     0.993    0.030    0.690         0.306          1.614        rulex               40.000     0.70
transformer  1002 final  residual    in     43  0.000     0.980    0.091    0.969         0.031          6.410        rulex               40.000     0.96
transformer  1002 final  residual    in     43  0.250     0.981    0.081    0.966         0.034          6.030        rulex               40.000     0.96
transformer  1002 final  residual    in     43  0.500     0.983    0.071    0.962         0.038          5.619        rulex               40.000     0.96
transformer  1002 final  residual    in     43  0.750     0.984    0.063    0.955         0.045          5.179        rulex               40.000     0.96
transformer  1002 final  residual    in     43  1.000     0.985    0.056    0.939         0.061          4.715        rulex               40.000     0.94
transformer  1002 final  residual   out     23  0.000     0.980    0.091    0.969         0.031          6.410        rulex               40.000     0.96
transformer  1002 final  residual   out     23  0.250     0.981    0.078    0.960         0.040          5.740        rulex               40.000     0.96
transformer  1002 final  residual   out     23  0.500     0.984    0.068    0.948         0.052          5.071        rulex               40.000     0.94
transformer  1002 final  residual   out     23  0.750     0.985    0.059    0.921         0.077          4.401        rulex               40.000     0.92
transformer  1002 final  residual   out     23  1.000     0.986    0.051    0.876         0.119          3.732        rulex               40.000     0.88
transformer  1002 final  residual  both     43  0.000     0.980    0.091    0.969         0.031          6.410        rulex               40.000     0.96
transformer  1002 final  residual  both     43  0.250     0.985    0.061    0.941         0.059          4.764        rulex               40.000     0.94
transformer  1002 final  residual  both     43  0.500     0.989    0.039    0.863         0.135          3.121        rulex               40.000     0.86
transformer  1002 final  residual  both     43  0.750     0.994    0.026    0.679         0.319          1.495        rulex               40.000     0.68
transformer  1002 final  residual  both     43  1.000     0.996    0.020    0.472         0.514         -0.100        rulex               40.000     0.48
transformer  1002 final   neurons units      0  0.000     0.980    0.091    0.969         0.031          6.410        rulex               40.000     0.96
transformer  1002 final   neurons units      1  0.001     0.980    0.090    0.971         0.029          6.378        rulex               40.000     0.98
transformer  1002 final   neurons units      2  0.001     0.979    0.090    0.971         0.029          6.349        rulex               40.000     0.98
transformer  1002 final   neurons units      4  0.003     0.979    0.089    0.969         0.031          6.292        rulex               40.000     0.96
transformer  1002 final   neurons units      8  0.005     0.980    0.087    0.968         0.032          6.184        rulex               40.000     0.96
transformer  1002 final   neurons units     16  0.010     0.980    0.084    0.966         0.034          5.981        rulex               40.000     0.96
transformer  1002 final   neurons units     32  0.021     0.981    0.080    0.957         0.043          5.620        rulex               40.000     0.96
transformer  1002 final   neurons units     64  0.042     0.982    0.072    0.939         0.061          5.008        rulex               40.000     0.94
transformer  1002 final   neurons units    128  0.083     0.985    0.062    0.897         0.097          3.945        rulex               40.000     0.90
transformer  1002 final   neurons units    256  0.167     0.989    0.049    0.741         0.252          2.121        rulex               40.000     0.74
transformer  1002 final   neurons units    512  0.333     0.990    0.055    0.402         0.566         -0.779        rulex               40.000     0.42
transformer  1002 final randunits units      0  0.000     0.980    0.091    0.969         0.031          6.410        rulex               40.000     0.96
transformer  1002 final randunits units      1  0.001     0.979    0.091    0.969         0.031          6.403        rulex               40.000     0.96
transformer  1002 final randunits units      2  0.001     0.979    0.091    0.969         0.031          6.401        rulex               40.000     0.96
transformer  1002 final randunits units      4  0.003     0.979    0.090    0.971         0.029          6.378        rulex               40.000     0.98
transformer  1002 final randunits units      8  0.005     0.979    0.091    0.969         0.031          6.430        rulex               40.000     0.96
transformer  1002 final randunits units     16  0.010     0.979    0.091    0.964         0.036          6.318        rulex               40.000     0.96
transformer  1002 final randunits units     32  0.021     0.980    0.090    0.969         0.031          6.317        rulex               40.000     0.96
transformer  1002 final randunits units     64  0.042     0.980    0.090    0.968         0.032          6.239        rulex               40.000     0.96
transformer  1002 final randunits units    128  0.083     0.979    0.091    0.969         0.031          6.097        rulex               40.000     0.96
transformer  1002 final randunits units    256  0.167     0.976    0.107    0.964         0.036          5.920        rulex               40.000     0.96
transformer  1002 final randunits units    512  0.333     0.964    0.169    0.919         0.065          4.860        rulex               40.000     0.94
transformer  1002 final randunits units      0  0.000     0.980    0.091    0.969         0.031          6.410        rulex               40.000     0.96
transformer  1002 final randunits units      1  0.001     0.980    0.090    0.969         0.031          6.390        rulex               40.000     0.96
transformer  1002 final randunits units      2  0.001     0.979    0.090    0.969         0.031          6.398        rulex               40.000     0.96
transformer  1002 final randunits units      4  0.003     0.979    0.091    0.969         0.031          6.402        rulex               40.000     0.96
transformer  1002 final randunits units      8  0.005     0.979    0.091    0.969         0.031          6.413        rulex               40.000     0.96
transformer  1002 final randunits units     16  0.010     0.979    0.091    0.968         0.032          6.372        rulex               40.000     0.96
transformer  1002 final randunits units     32  0.021     0.979    0.090    0.971         0.029          6.326        rulex               40.000     0.98
transformer  1002 final randunits units     64  0.042     0.979    0.093    0.966         0.034          6.278        rulex               40.000     0.96
transformer  1002 final randunits units    128  0.083     0.978    0.095    0.968         0.032          6.138        rulex               40.000     0.96
transformer  1002 final randunits units    256  0.167     0.975    0.110    0.969         0.031          5.969        rulex               40.000     0.96
transformer  1002 final randunits units    512  0.333     0.961    0.179    0.944         0.045          5.016        rulex               40.000     0.96
transformer  1002 final randunits units      0  0.000     0.980    0.091    0.969         0.031          6.410        rulex               40.000     0.96
transformer  1002 final randunits units      1  0.001     0.979    0.091    0.969         0.031          6.417        rulex               40.000     0.96
transformer  1002 final randunits units      2  0.001     0.980    0.091    0.971         0.029          6.410        rulex               40.000     0.98
transformer  1002 final randunits units      4  0.003     0.979    0.091    0.968         0.032          6.405        rulex               40.000     0.96
transformer  1002 final randunits units      8  0.005     0.979    0.091    0.968         0.032          6.394        rulex               40.000     0.96
transformer  1002 final randunits units     16  0.010     0.979    0.090    0.969         0.031          6.356        rulex               40.000     0.96
transformer  1002 final randunits units     32  0.021     0.979    0.093    0.968         0.032          6.356        rulex               40.000     0.96
transformer  1002 final randunits units     64  0.042     0.979    0.093    0.971         0.029          6.345        rulex               40.000     0.98
transformer  1002 final randunits units    128  0.083     0.979    0.094    0.964         0.034          6.133        rulex               40.000     0.96
transformer  1002 final randunits units    256  0.167     0.975    0.108    0.957         0.038          5.791        rulex               40.000     0.96
transformer  1002 final randunits units    512  0.333     0.965    0.164    0.932         0.054          4.787        rulex               40.000     0.94
transformer  1000 final      none     -      0  0.000     1.000    0.003      NaN           NaN            NaN         rule               40.000     0.00
transformer  1000 final   lowpass    in      0  0.000     0.006   22.393      NaN           NaN            NaN   gcm_linear                0.388     0.00
transformer  1000 final   lowpass    in      1  1.000     0.040    5.714      NaN           NaN            NaN gcm_circular               10.637     0.00
transformer  1000 final   lowpass    in      2  2.000     0.040    5.856      NaN           NaN            NaN gcm_circular               10.637     0.00
transformer  1000 final   lowpass    in      3  3.000     0.041    5.923      NaN           NaN            NaN gcm_circular               10.637     0.00
transformer  1000 final   lowpass    in      4  4.000     0.042    5.973      NaN           NaN            NaN gcm_circular               10.637     0.00
transformer  1000 final   lowpass    in      6  6.000     0.147    3.452      NaN           NaN            NaN gcm_circular                8.530     0.00
transformer  1000 final   lowpass    in      8  8.000     0.146    3.466      NaN           NaN            NaN gcm_circular                8.530     0.00
transformer  1000 final   lowpass    in     12 12.000     0.153    3.178      NaN           NaN            NaN gcm_circular                8.530     0.00
transformer  1000 final   lowpass    in     16 16.000     0.150    3.219      NaN           NaN            NaN gcm_circular                8.530     0.00
transformer  1000 final   lowpass    in     24 24.000     0.444    1.847      NaN           NaN            NaN         rule                6.840     0.00
transformer  1000 final   lowpass    in     32 32.000     0.951    0.173      NaN           NaN            NaN         rule               40.000     0.00
transformer  1000 final   lowpass    in     48 48.000     0.995    0.024      NaN           NaN            NaN         rule               40.000     0.00
transformer  1000 final   lowpass    in     74 74.000     1.000    0.003      NaN           NaN            NaN         rule               40.000     0.00
transformer  1000 final   lowpass   out      0  0.000     0.007    5.004      NaN           NaN            NaN      uniform                0.200     0.00
transformer  1000 final   lowpass   out      1  1.000     0.034    4.279      NaN           NaN            NaN gcm_circular                8.530     0.00
transformer  1000 final   lowpass   out      2  2.000     0.034    4.283      NaN           NaN            NaN gcm_circular                8.530     0.00
transformer  1000 final   lowpass   out      3  3.000     0.034    4.266      NaN           NaN            NaN gcm_circular                8.530     0.00
transformer  1000 final   lowpass   out      4  4.000     0.034    4.263      NaN           NaN            NaN gcm_circular                8.530     0.00
transformer  1000 final   lowpass   out      6  6.000     0.201    2.934      NaN           NaN            NaN gcm_circular                8.530     0.00
transformer  1000 final   lowpass   out      8  8.000     0.198    2.934      NaN           NaN            NaN gcm_circular                8.530     0.00
transformer  1000 final   lowpass   out     12 12.000     0.192    2.928      NaN           NaN            NaN gcm_circular                8.530     0.00
transformer  1000 final   lowpass   out     16 16.000     0.173    2.923      NaN           NaN            NaN gcm_circular                8.530     0.00
transformer  1000 final   lowpass   out     24 24.000     0.685    1.422      NaN           NaN            NaN         rule                8.530     0.00
transformer  1000 final   lowpass   out     32 32.000     0.997    0.041      NaN           NaN            NaN         rule               40.000     0.00
transformer  1000 final   lowpass   out     48 48.000     1.000    0.003      NaN           NaN            NaN         rule               40.000     0.00
transformer  1000 final   lowpass   out     74 74.000     1.000    0.003      NaN           NaN            NaN         rule               40.000     0.00
transformer  1000 final   lowpass  both      0  0.000     0.007    5.004      NaN           NaN            NaN      uniform                0.200     0.00
transformer  1000 final   lowpass  both      1  1.000     0.097    3.961      NaN           NaN            NaN gcm_circular               13.264     0.00
transformer  1000 final   lowpass  both      2  2.000     0.103    3.896      NaN           NaN            NaN gcm_circular               13.264     0.00
transformer  1000 final   lowpass  both      3  3.000     0.100    3.984      NaN           NaN            NaN gcm_circular               13.264     0.00
transformer  1000 final   lowpass  both      4  4.000     0.081    4.031      NaN           NaN            NaN gcm_circular               10.637     0.00
transformer  1000 final   lowpass  both      6  6.000     0.315    2.465      NaN           NaN            NaN gcm_circular               13.264     0.00
transformer  1000 final   lowpass  both      8  8.000     0.315    2.469      NaN           NaN            NaN gcm_circular               13.264     0.00
transformer  1000 final   lowpass  both     12 12.000     0.313    2.207      NaN           NaN            NaN gcm_circular               13.264     0.00
transformer  1000 final   lowpass  both     16 16.000     0.299    2.221      NaN           NaN            NaN gcm_circular               13.264     0.00
transformer  1000 final   lowpass  both     24 24.000     0.738    1.077      NaN           NaN            NaN         rule               13.264     0.00
transformer  1000 final   lowpass  both     32 32.000     0.979    0.097      NaN           NaN            NaN         rule               40.000     0.00
transformer  1000 final   lowpass  both     48 48.000     0.996    0.021      NaN           NaN            NaN         rule               40.000     0.00
transformer  1000 final   lowpass  both     74 74.000     1.000    0.003      NaN           NaN            NaN         rule               40.000     0.00
transformer  1000 final      etop    in      0  0.000     1.000    0.003      NaN           NaN            NaN         rule               40.000     0.00
transformer  1000 final      etop    in      1  0.050     0.636    1.301      NaN           NaN            NaN         rule                6.840     0.00
transformer  1000 final      etop    in      1  0.100     0.636    1.301      NaN           NaN            NaN         rule                6.840     0.00
transformer  1000 final      etop    in      2  0.200     0.498    2.282      NaN           NaN            NaN         rule                6.840     0.00
transformer  1000 final      etop    in      3  0.300     0.302    4.701      NaN           NaN            NaN         rule                4.398     0.00
transformer  1000 final      etop    in      4  0.400     0.168    7.724      NaN           NaN            NaN         rule                4.398     0.00
transformer  1000 final      etop    in      4  0.500     0.168    7.724      NaN           NaN            NaN         rule                4.398     0.00
transformer  1000 final      etop    in      5  0.600     0.085   13.335      NaN           NaN            NaN gcm_circular                6.840     0.00
transformer  1000 final      etop    in      7  0.700     0.040   20.213      NaN           NaN            NaN         rule                0.200     0.00
transformer  1000 final      etop    in     11  0.800     0.007   20.168      NaN           NaN            NaN  gcm_hamming                0.200     0.00
transformer  1000 final      etop    in     33  0.900     0.006   20.127      NaN           NaN            NaN  gcm_hamming                0.249     0.00
transformer  1000 final      etop    in     51  0.950     0.007   19.954      NaN           NaN            NaN  gcm_hamming                0.200     0.00
transformer  1000 final      etop    in     74  1.000     0.006   22.393      NaN           NaN            NaN   gcm_linear                0.388     0.00
transformer  1000 final      etop   out      0  0.000     1.000    0.003      NaN           NaN            NaN         rule               40.000     0.00
transformer  1000 final      etop   out      1  0.050     0.922    0.273      NaN           NaN            NaN         rule               20.627     0.00
transformer  1000 final      etop   out      1  0.100     0.922    0.273      NaN           NaN            NaN         rule               20.627     0.00
transformer  1000 final      etop   out      2  0.200     0.870    0.505      NaN           NaN            NaN         rule               13.264     0.00
transformer  1000 final      etop   out      2  0.300     0.870    0.505      NaN           NaN            NaN         rule               13.264     0.00
transformer  1000 final      etop   out      3  0.400     0.592    1.433      NaN           NaN            NaN         rule                8.530     0.00
transformer  1000 final      etop   out      4  0.500     0.266    2.828      NaN           NaN            NaN         rule                8.530     0.00
transformer  1000 final      etop   out      5  0.600     0.112    4.100      NaN           NaN            NaN gcm_circular                6.840     0.00
transformer  1000 final      etop   out      6  0.700     0.054    4.822      NaN           NaN            NaN         rule                0.938     0.00
transformer  1000 final      etop   out     14  0.800     0.014    5.104      NaN           NaN            NaN  gcm_hamming                0.484     0.00
transformer  1000 final      etop   out     35  0.900     0.007    5.176      NaN           NaN            NaN  gcm_hamming                0.752     0.00
transformer  1000 final      etop   out     53  0.950     0.004    5.096      NaN           NaN            NaN  gcm_hamming                0.938     0.00
transformer  1000 final      etop   out     74  1.000     0.007    5.004      NaN           NaN            NaN      uniform                0.200     0.00
transformer  1000 final      etop  both      0  0.000     1.000    0.003      NaN           NaN            NaN         rule               40.000     0.00
transformer  1000 final      etop  both      1  0.050     0.900    0.294      NaN           NaN            NaN         rule               16.541     0.00
transformer  1000 final      etop  both      1  0.100     0.900    0.294      NaN           NaN            NaN         rule               16.541     0.00
transformer  1000 final      etop  both      2  0.200     0.452    2.193      NaN           NaN            NaN         rule                6.840     0.00
transformer  1000 final      etop  both      3  0.300     0.217    5.395      NaN           NaN            NaN         rule                6.840     0.00
transformer  1000 final      etop  both      4  0.400     0.250    3.266      NaN           NaN            NaN gcm_circular                8.530     0.00
transformer  1000 final      etop  both      4  0.500     0.246    2.415      NaN           NaN            NaN gcm_circular                8.530     0.00
transformer  1000 final      etop  both      5  0.600     0.085    3.713      NaN           NaN            NaN gcm_circular                8.530     0.00
transformer  1000 final      etop  both      7  0.700     0.030    4.953      NaN           NaN            NaN         rule                0.200     0.00
transformer  1000 final      etop  both     11  0.800     0.007    5.314      NaN           NaN            NaN  gcm_hamming                0.200     0.00
transformer  1000 final      etop  both     33  0.900     0.007    5.162      NaN           NaN            NaN  gcm_hamming                0.311     0.00
transformer  1000 final      etop  both     51  0.950     0.006    5.073      NaN           NaN            NaN      uniform                0.200     0.00
transformer  1000 final      etop  both     74  1.000     0.007    5.004      NaN           NaN            NaN      uniform                0.200     0.00
transformer  1000 final   ebottom    in      0  0.000     1.000    0.003      NaN           NaN            NaN         rule               40.000     0.00
transformer  1000 final   ebottom    in     24  0.050     1.000    0.002      NaN           NaN            NaN         rule               40.000     0.00
transformer  1000 final   ebottom    in     42  0.100     1.000    0.002      NaN           NaN            NaN         rule               40.000     0.00
transformer  1000 final   ebottom    in     64  0.200     1.000    0.003      NaN           NaN            NaN         rule               40.000     0.00
transformer  1000 final   ebottom    in     68  0.300     0.987    0.052      NaN           NaN            NaN         rule               40.000     0.00
transformer  1000 final   ebottom    in     70  0.400     0.912    0.299      NaN           NaN            NaN         rule               16.541     0.00
transformer  1000 final   ebottom    in     71  0.500     0.666    1.047      NaN           NaN            NaN         rule                6.840     0.00
transformer  1000 final   ebottom    in     71  0.600     0.666    1.047      NaN           NaN            NaN         rule                6.840     0.00
transformer  1000 final   ebottom    in     72  0.700     0.248    2.897      NaN           NaN            NaN         rule                0.200     0.00
transformer  1000 final   ebottom    in     73  0.800     0.045    5.561      NaN           NaN            NaN         rule                0.200     0.00
transformer  1000 final   ebottom    in     74  0.900     0.006   22.393      NaN           NaN            NaN   gcm_linear                0.388     0.00
transformer  1000 final   ebottom    in     74  0.950     0.006   22.393      NaN           NaN            NaN   gcm_linear                0.388     0.00
transformer  1000 final   ebottom    in     74  1.000     0.006   22.393      NaN           NaN            NaN   gcm_linear                0.388     0.00
transformer  1000 final   ebottom   out      0  0.000     1.000    0.003      NaN           NaN            NaN         rule               40.000     0.00
transformer  1000 final   ebottom   out     22  0.050     1.000    0.002      NaN           NaN            NaN         rule               40.000     0.00
transformer  1000 final   ebottom   out     40  0.100     1.000    0.002      NaN           NaN            NaN         rule               40.000     0.00
transformer  1000 final   ebottom   out     61  0.200     1.000    0.002      NaN           NaN            NaN         rule               40.000     0.00
transformer  1000 final   ebottom   out     69  0.300     1.000    0.004      NaN           NaN            NaN         rule               40.000     0.00
transformer  1000 final   ebottom   out     70  0.400     0.999    0.060      NaN           NaN            NaN         rule               40.000     0.00
transformer  1000 final   ebottom   out     71  0.500     0.957    0.519      NaN           NaN            NaN         rule               25.722     0.00
transformer  1000 final   ebottom   out     72  0.600     0.497    1.881      NaN           NaN            NaN         rule                3.527     0.00
transformer  1000 final   ebottom   out     73  0.700     0.079    3.388      NaN           NaN            NaN         rule                0.200     0.00
transformer  1000 final   ebottom   out     73  0.800     0.079    3.388      NaN           NaN            NaN         rule                0.200     0.00
transformer  1000 final   ebottom   out     74  0.900     0.007    5.004      NaN           NaN            NaN      uniform                0.200     0.00
transformer  1000 final   ebottom   out     74  0.950     0.007    5.004      NaN           NaN            NaN      uniform                0.200     0.00
transformer  1000 final   ebottom   out     74  1.000     0.007    5.004      NaN           NaN            NaN      uniform                0.200     0.00
transformer  1000 final   ebottom  both      0  0.000     1.000    0.003      NaN           NaN            NaN         rule               40.000     0.00
transformer  1000 final   ebottom  both     24  0.050     1.000    0.002      NaN           NaN            NaN         rule               40.000     0.00
transformer  1000 final   ebottom  both     42  0.100     1.000    0.001      NaN           NaN            NaN         rule               40.000     0.00
transformer  1000 final   ebottom  both     64  0.200     1.000    0.002      NaN           NaN            NaN         rule               40.000     0.00
transformer  1000 final   ebottom  both     68  0.300     0.978    0.098      NaN           NaN            NaN         rule               40.000     0.00
transformer  1000 final   ebottom  both     70  0.400     0.957    0.203      NaN           NaN            NaN         rule               25.722     0.00
transformer  1000 final   ebottom  both     71  0.500     0.345    2.030      NaN           NaN            NaN         rule                2.828     0.00
transformer  1000 final   ebottom  both     71  0.600     0.074    3.559      NaN           NaN            NaN         rule                0.200     0.00
transformer  1000 final   ebottom  both     72  0.700     0.072    3.312      NaN           NaN            NaN         rule                0.200     0.00
transformer  1000 final   ebottom  both     73  0.800     0.053    3.318      NaN           NaN            NaN         rule                0.200     0.00
transformer  1000 final   ebottom  both     74  0.900     0.007    5.004      NaN           NaN            NaN      uniform                0.200     0.00
transformer  1000 final   ebottom  both     74  0.950     0.007    5.004      NaN           NaN            NaN      uniform                0.200     0.00
transformer  1000 final   ebottom  both     74  1.000     0.007    5.004      NaN           NaN            NaN      uniform                0.200     0.00
transformer  1000 final     erand    in      0  0.000     1.000    0.003      NaN           NaN            NaN         rule               40.000     0.00
transformer  1000 final     erand    in      6  0.050     1.000    0.005      NaN           NaN            NaN         rule               40.000     0.00
transformer  1000 final     erand    in     12  0.100     0.739    0.879      NaN           NaN            NaN         rule               10.637     0.00
transformer  1000 final     erand    in     12  0.200     0.739    0.879      NaN           NaN            NaN         rule               10.637     0.00
transformer  1000 final     erand    in     16  0.300     0.541    1.925      NaN           NaN            NaN         rule                6.840     0.00
transformer  1000 final     erand    in     27  0.400     0.545    1.899      NaN           NaN            NaN         rule                6.840     0.00
transformer  1000 final     erand    in     43  0.500     0.155    4.042      NaN           NaN            NaN         rule                0.938     0.00
transformer  1000 final     erand    in     46  0.600     0.150    3.098      NaN           NaN            NaN         rule                0.200     0.00
transformer  1000 final     erand    in     56  0.700     0.125    3.680      NaN           NaN            NaN         rule                0.200     0.00
transformer  1000 final     erand    in     64  0.800     0.040    7.393      NaN           NaN            NaN         rule                0.200     0.00
transformer  1000 final     erand    in     69  0.900     0.007   20.294      NaN           NaN            NaN  gcm_hamming                0.200     0.00
transformer  1000 final     erand    in     69  0.950     0.007   20.294      NaN           NaN            NaN  gcm_hamming                0.200     0.00
transformer  1000 final     erand    in     74  1.000     0.006   22.393      NaN           NaN            NaN   gcm_linear                0.388     0.00
transformer  1000 final     erand    in      0  0.000     1.000    0.003      NaN           NaN            NaN         rule               40.000     0.00
transformer  1000 final     erand    in      9  0.050     0.777    0.807      NaN           NaN            NaN         rule                8.530     0.00
transformer  1000 final     erand    in      9  0.100     0.777    0.807      NaN           NaN            NaN         rule                8.530     0.00
transformer  1000 final     erand    in     12  0.200     0.482    2.492      NaN           NaN            NaN         rule                5.485     0.00
transformer  1000 final     erand    in     15  0.300     0.485    2.457      NaN           NaN            NaN         rule                5.485     0.00
transformer  1000 final     erand    in     38  0.400     0.365    4.174      NaN           NaN            NaN         rule                6.840     0.00
transformer  1000 final     erand    in     41  0.500     0.365    4.164      NaN           NaN            NaN         rule                6.840     0.00
transformer  1000 final     erand    in     55  0.600     0.209    4.921      NaN           NaN            NaN         rule                3.527     0.00
transformer  1000 final     erand    in     57  0.700     0.078   10.111      NaN           NaN            NaN         rule                0.200     0.00
transformer  1000 final     erand    in     63  0.800     0.018   16.619      NaN           NaN            NaN         rule                0.200     0.00
transformer  1000 final     erand    in     63  0.900     0.018   16.619      NaN           NaN            NaN         rule                0.200     0.00
transformer  1000 final     erand    in     66  0.950     0.007   19.975      NaN           NaN            NaN  gcm_hamming                0.388     0.00
transformer  1000 final     erand    in     74  1.000     0.006   22.393      NaN           NaN            NaN   gcm_linear                0.388     0.00
transformer  1000 final     erand    in      0  0.000     1.000    0.003      NaN           NaN            NaN         rule               40.000     0.00
transformer  1000 final     erand    in     17  0.050     1.000    0.002      NaN           NaN            NaN         rule               40.000     0.00
transformer  1000 final     erand    in     21  0.100     0.784    0.794      NaN           NaN            NaN         rule                8.530     0.00
transformer  1000 final     erand    in     22  0.200     0.618    1.988      NaN           NaN            NaN         rule                4.398     0.00
transformer  1000 final     erand    in     25  0.300     0.625    1.914      NaN           NaN            NaN         rule                4.398     0.00
transformer  1000 final     erand    in     26  0.400     0.374    3.829      NaN           NaN            NaN         rule                5.485     0.00
transformer  1000 final     erand    in     31  0.500     0.160    7.818      NaN           NaN            NaN gcm_circular                5.485     0.00
transformer  1000 final     erand    in     34  0.600     0.160    7.802      NaN           NaN            NaN gcm_circular                5.485     0.00
transformer  1000 final     erand    in     46  0.700     0.186    6.596      NaN           NaN            NaN gcm_circular                6.840     0.00
transformer  1000 final     erand    in     53  0.800     0.088    9.081      NaN           NaN            NaN gcm_circular                8.530     0.00
transformer  1000 final     erand    in     66  0.900     0.018   16.464      NaN           NaN            NaN         rule                0.311     0.00
transformer  1000 final     erand    in     71  0.950     0.017   16.057      NaN           NaN            NaN         rule                0.200     0.00
transformer  1000 final     erand    in     74  1.000     0.006   22.393      NaN           NaN            NaN   gcm_linear                0.388     0.00
transformer  1000 final     erand   out      0  0.000     1.000    0.003      NaN           NaN            NaN         rule               40.000     0.00
transformer  1000 final     erand   out      6  0.050     1.000    0.005      NaN           NaN            NaN         rule               40.000     0.00
transformer  1000 final     erand   out     11  0.100     1.000    0.005      NaN           NaN            NaN         rule               40.000     0.00
transformer  1000 final     erand   out     12  0.200     0.988    0.108      NaN           NaN            NaN         rule               40.000     0.00
transformer  1000 final     erand   out     16  0.300     0.839    0.655      NaN           NaN            NaN         rule               13.264     0.00
transformer  1000 final     erand   out     28  0.400     0.855    0.650      NaN           NaN            NaN         rule               13.264     0.00
transformer  1000 final     erand   out     43  0.500     0.242    2.182      NaN           NaN            NaN         rule                1.170     0.00
transformer  1000 final     erand   out     43  0.600     0.242    2.182      NaN           NaN            NaN         rule                1.170     0.00
transformer  1000 final     erand   out     64  0.700     0.070    3.487      NaN           NaN            NaN         rule                0.200     0.00
transformer  1000 final     erand   out     64  0.800     0.070    3.487      NaN           NaN            NaN         rule                0.200     0.00
transformer  1000 final     erand   out     69  0.900     0.006    5.015      NaN           NaN            NaN      uniform                0.200     0.00
transformer  1000 final     erand   out     69  0.950     0.006    5.015      NaN           NaN            NaN      uniform                0.200     0.00
transformer  1000 final     erand   out     74  1.000     0.007    5.004      NaN           NaN            NaN      uniform                0.200     0.00
transformer  1000 final     erand   out      0  0.000     1.000    0.003      NaN           NaN            NaN         rule               40.000     0.00
transformer  1000 final     erand   out      9  0.050     0.992    0.065      NaN           NaN            NaN         rule               40.000     0.00
transformer  1000 final     erand   out      9  0.100     0.992    0.065      NaN           NaN            NaN         rule               40.000     0.00
transformer  1000 final     erand   out     12  0.200     0.896    0.476      NaN           NaN            NaN         rule               16.541     0.00
transformer  1000 final     erand   out     12  0.300     0.896    0.476      NaN           NaN            NaN         rule               16.541     0.00
transformer  1000 final     erand   out     27  0.400     0.910    0.461      NaN           NaN            NaN         rule               20.627     0.00
transformer  1000 final     erand   out     38  0.500     0.485    1.468      NaN           NaN            NaN         rule                8.530     0.00
transformer  1000 final     erand   out     52  0.600     0.521    1.452      NaN           NaN            NaN         rule                8.530     0.00
transformer  1000 final     erand   out     57  0.700     0.093    3.423      NaN           NaN            NaN         rule                0.752     0.00
transformer  1000 final     erand   out     57  0.800     0.093    3.423      NaN           NaN            NaN         rule                0.752     0.00
transformer  1000 final     erand   out     63  0.900     0.013    4.976      NaN           NaN            NaN         rule                0.200     0.00
transformer  1000 final     erand   out     63  0.950     0.013    4.976      NaN           NaN            NaN         rule                0.200     0.00
transformer  1000 final     erand   out     74  1.000     0.007    5.004      NaN           NaN            NaN      uniform                0.200     0.00
transformer  1000 final     erand   out      0  0.000     1.000    0.003      NaN           NaN            NaN         rule               40.000     0.00
transformer  1000 final     erand   out     11  0.050     1.000    0.003      NaN           NaN            NaN         rule               40.000     0.00
transformer  1000 final     erand   out     21  0.100     0.994    0.061      NaN           NaN            NaN         rule               40.000     0.00
transformer  1000 final     erand   out     21  0.200     0.994    0.061      NaN           NaN            NaN         rule               40.000     0.00
transformer  1000 final     erand   out     22  0.300     0.934    0.345      NaN           NaN            NaN         rule               20.627     0.00
transformer  1000 final     erand   out     26  0.400     0.698    1.200      NaN           NaN            NaN         rule               10.637     0.00
transformer  1000 final     erand   out     31  0.500     0.253    2.693      NaN           NaN            NaN         rule                6.840     0.00
transformer  1000 final     erand   out     31  0.600     0.253    2.693      NaN           NaN            NaN         rule                6.840     0.00
transformer  1000 final     erand   out     44  0.700     0.237    2.727      NaN           NaN            NaN         rule                6.840     0.00
transformer  1000 final     erand   out     53  0.800     0.057    4.230      NaN           NaN            NaN gcm_circular                8.530     0.00
transformer  1000 final     erand   out     64  0.900     0.071    4.199      NaN           NaN            NaN gcm_circular                8.530     0.00
transformer  1000 final     erand   out     66  0.950     0.013    4.966      NaN           NaN            NaN         rule                0.249     0.00
transformer  1000 final     erand   out     74  1.000     0.007    5.004      NaN           NaN            NaN      uniform                0.200     0.00
transformer  1000 final     erand  both      0  0.000     1.000    0.003      NaN           NaN            NaN         rule               40.000     0.00
transformer  1000 final     erand  both      6  0.050     1.000    0.005      NaN           NaN            NaN         rule               40.000     0.00
transformer  1000 final     erand  both     12  0.100     0.737    0.872      NaN           NaN            NaN         rule               10.637     0.00
transformer  1000 final     erand  both     12  0.200     0.576    1.654      NaN           NaN            NaN         rule                8.530     0.00
transformer  1000 final     erand  both     16  0.300     0.596    1.599      NaN           NaN            NaN         rule                8.530     0.00
transformer  1000 final     erand  both     27  0.400     0.416    3.058      NaN           NaN            NaN         rule                5.485     0.00
transformer  1000 final     erand  both     43  0.500     0.098    3.510      NaN           NaN            NaN         rule                0.200     0.00
transformer  1000 final     erand  both     46  0.600     0.089    3.582      NaN           NaN            NaN         rule                0.200     0.00
transformer  1000 final     erand  both     56  0.700     0.061    3.535      NaN           NaN            NaN         rule                0.200     0.00
transformer  1000 final     erand  both     64  0.800     0.010    5.685      NaN           NaN            NaN         rule                0.200     0.00
transformer  1000 final     erand  both     69  0.900     0.007    5.004      NaN           NaN            NaN      uniform                0.200     0.00
transformer  1000 final     erand  both     69  0.950     0.007    5.004      NaN           NaN            NaN      uniform                0.200     0.00
transformer  1000 final     erand  both     74  1.000     0.007    5.004      NaN           NaN            NaN      uniform                0.200     0.00
transformer  1000 final     erand  both      0  0.000     1.000    0.003      NaN           NaN            NaN         rule               40.000     0.00
transformer  1000 final     erand  both      9  0.050     0.631    1.569      NaN           NaN            NaN         rule                5.485     0.00
transformer  1000 final     erand  both      9  0.100     0.631    1.569      NaN           NaN            NaN         rule                5.485     0.00
transformer  1000 final     erand  both     12  0.200     0.226    5.424      NaN           NaN            NaN         rule                5.485     0.00
transformer  1000 final     erand  both     15  0.300     0.227    5.356      NaN           NaN            NaN         rule                5.485     0.00
transformer  1000 final     erand  both     38  0.400     0.103    6.151      NaN           NaN            NaN gcm_circular                6.840     0.00
transformer  1000 final     erand  both     41  0.500     0.105    6.144      NaN           NaN            NaN gcm_circular                6.840     0.00
transformer  1000 final     erand  both     55  0.600     0.032    7.108      NaN           NaN            NaN         rule                0.200     0.00
transformer  1000 final     erand  both     57  0.700     0.030    7.915      NaN           NaN            NaN         rule                0.200     0.00
transformer  1000 final     erand  both     63  0.800     0.032   13.549      NaN           NaN            NaN         rule                0.200     0.00
transformer  1000 final     erand  both     63  0.900     0.008    5.008      NaN           NaN            NaN      uniform                0.200     0.00
transformer  1000 final     erand  both     66  0.950     0.005    5.018      NaN           NaN            NaN   gcm_linear                0.311     0.00
transformer  1000 final     erand  both     74  1.000     0.007    5.004      NaN           NaN            NaN      uniform                0.200     0.00
transformer  1000 final     erand  both      0  0.000     1.000    0.003      NaN           NaN            NaN         rule               40.000     0.00
transformer  1000 final     erand  both     17  0.050     0.997    0.041      NaN           NaN            NaN         rule               40.000     0.00
transformer  1000 final     erand  both     21  0.100     0.641    1.527      NaN           NaN            NaN         rule                5.485     0.00
transformer  1000 final     erand  both     22  0.200     0.644    1.219      NaN           NaN            NaN         rule                6.840     0.00
transformer  1000 final     erand  both     25  0.300     0.726    0.981      NaN           NaN            NaN         rule                8.530     0.00
transformer  1000 final     erand  both     26  0.400     0.813    0.762      NaN           NaN            NaN         rule               13.264     0.00
transformer  1000 final     erand  both     31  0.500     0.311    3.834      NaN           NaN            NaN         rule                6.840     0.00
transformer  1000 final     erand  both     34  0.600     0.142    4.767      NaN           NaN            NaN         rule                1.459     0.00
transformer  1000 final     erand  both     46  0.700     0.007    5.479      NaN           NaN            NaN  gcm_hamming                0.388     0.00
transformer  1000 final     erand  both     53  0.800     0.009    5.038      NaN           NaN            NaN  gcm_hamming                0.200     0.00
transformer  1000 final     erand  both     66  0.900     0.010    5.046      NaN           NaN            NaN  gcm_hamming                0.200     0.00
transformer  1000 final     erand  both     71  0.950     0.009    5.043      NaN           NaN            NaN  gcm_hamming                0.200     0.00
transformer  1000 final     erand  both     74  1.000     0.007    5.004      NaN           NaN            NaN      uniform                0.200     0.00
transformer  1000 final      topk    in     33  0.000     1.000    0.003      NaN           NaN            NaN         rule               40.000     0.00
transformer  1000 final      topk    in     33  0.250     1.000    0.004      NaN           NaN            NaN         rule               40.000     0.00
transformer  1000 final      topk    in     33  0.500     0.998    0.011      NaN           NaN            NaN         rule               40.000     0.00
transformer  1000 final      topk    in     33  0.750     0.917    0.267      NaN           NaN            NaN         rule               20.627     0.00
transformer  1000 final      topk    in     33  1.000     0.006   20.127      NaN           NaN            NaN  gcm_hamming                0.249     0.00
transformer  1000 final      topk   out     35  0.000     1.000    0.003      NaN           NaN            NaN         rule               40.000     0.00
transformer  1000 final      topk   out     35  0.250     1.000    0.011      NaN           NaN            NaN         rule               40.000     0.00
transformer  1000 final      topk   out     35  0.500     0.999    0.085      NaN           NaN            NaN         rule               40.000     0.00
transformer  1000 final      topk   out     35  0.750     0.984    0.932      NaN           NaN            NaN         rule               40.000     0.00
transformer  1000 final      topk   out     35  1.000     0.007    5.176      NaN           NaN            NaN  gcm_hamming                0.752     0.00
transformer  1000 final      topk  both     33  0.000     1.000    0.003      NaN           NaN            NaN         rule               40.000     0.00
transformer  1000 final      topk  both     33  0.250     1.000    0.014      NaN           NaN            NaN         rule               40.000     0.00
transformer  1000 final      topk  both     33  0.500     0.996    0.128      NaN           NaN            NaN         rule               40.000     0.00
transformer  1000 final      topk  both     33  0.750     0.803    1.456      NaN           NaN            NaN         rule               13.264     0.00
transformer  1000 final      topk  both     33  1.000     0.006    5.171      NaN           NaN            NaN  gcm_hamming                0.388     0.00
transformer  1000 final     randk    in     33  0.000     1.000    0.003      NaN           NaN            NaN         rule               40.000     0.00
transformer  1000 final     randk    in     33  0.250     1.000    0.002      NaN           NaN            NaN         rule               40.000     0.00
transformer  1000 final     randk    in     33  0.500     1.000    0.002      NaN           NaN            NaN         rule               40.000     0.00
transformer  1000 final     randk    in     33  0.750     1.000    0.002      NaN           NaN            NaN         rule               40.000     0.00
transformer  1000 final     randk    in     33  1.000     1.000    0.002      NaN           NaN            NaN         rule               40.000     0.00
transformer  1000 final     randk    in     33  0.000     1.000    0.003      NaN           NaN            NaN         rule               40.000     0.00
transformer  1000 final     randk    in     33  0.250     1.000    0.002      NaN           NaN            NaN         rule               40.000     0.00
transformer  1000 final     randk    in     33  0.500     1.000    0.002      NaN           NaN            NaN         rule               40.000     0.00
transformer  1000 final     randk    in     33  0.750     1.000    0.002      NaN           NaN            NaN         rule               40.000     0.00
transformer  1000 final     randk    in     33  1.000     1.000    0.002      NaN           NaN            NaN         rule               40.000     0.00
transformer  1000 final     randk    in     33  0.000     1.000    0.003      NaN           NaN            NaN         rule               40.000     0.00
transformer  1000 final     randk    in     33  0.250     1.000    0.002      NaN           NaN            NaN         rule               40.000     0.00
transformer  1000 final     randk    in     33  0.500     1.000    0.002      NaN           NaN            NaN         rule               40.000     0.00
transformer  1000 final     randk    in     33  0.750     1.000    0.002      NaN           NaN            NaN         rule               40.000     0.00
transformer  1000 final     randk    in     33  1.000     1.000    0.002      NaN           NaN            NaN         rule               40.000     0.00
transformer  1000 final     randk   out     35  0.000     1.000    0.003      NaN           NaN            NaN         rule               40.000     0.00
transformer  1000 final     randk   out     35  0.250     1.000    0.003      NaN           NaN            NaN         rule               40.000     0.00
transformer  1000 final     randk   out     35  0.500     1.000    0.002      NaN           NaN            NaN         rule               40.000     0.00
transformer  1000 final     randk   out     35  0.750     1.000    0.002      NaN           NaN            NaN         rule               40.000     0.00
transformer  1000 final     randk   out     35  1.000     1.000    0.002      NaN           NaN            NaN         rule               40.000     0.00
transformer  1000 final     randk   out     35  0.000     1.000    0.003      NaN           NaN            NaN         rule               40.000     0.00
transformer  1000 final     randk   out     35  0.250     1.000    0.003      NaN           NaN            NaN         rule               40.000     0.00
transformer  1000 final     randk   out     35  0.500     1.000    0.002      NaN           NaN            NaN         rule               40.000     0.00
transformer  1000 final     randk   out     35  0.750     1.000    0.002      NaN           NaN            NaN         rule               40.000     0.00
transformer  1000 final     randk   out     35  1.000     1.000    0.002      NaN           NaN            NaN         rule               40.000     0.00
transformer  1000 final     randk   out     35  0.000     1.000    0.003      NaN           NaN            NaN         rule               40.000     0.00
transformer  1000 final     randk   out     35  0.250     1.000    0.003      NaN           NaN            NaN         rule               40.000     0.00
transformer  1000 final     randk   out     35  0.500     1.000    0.002      NaN           NaN            NaN         rule               40.000     0.00
transformer  1000 final     randk   out     35  0.750     1.000    0.002      NaN           NaN            NaN         rule               40.000     0.00
transformer  1000 final     randk   out     35  1.000     1.000    0.002      NaN           NaN            NaN         rule               40.000     0.00
transformer  1000 final     randk  both     33  0.000     1.000    0.003      NaN           NaN            NaN         rule               40.000     0.00
transformer  1000 final     randk  both     33  0.250     1.000    0.002      NaN           NaN            NaN         rule               40.000     0.00
transformer  1000 final     randk  both     33  0.500     1.000    0.002      NaN           NaN            NaN         rule               40.000     0.00
transformer  1000 final     randk  both     33  0.750     1.000    0.002      NaN           NaN            NaN         rule               40.000     0.00
transformer  1000 final     randk  both     33  1.000     1.000    0.002      NaN           NaN            NaN         rule               40.000     0.00
transformer  1000 final     randk  both     33  0.000     1.000    0.003      NaN           NaN            NaN         rule               40.000     0.00
transformer  1000 final     randk  both     33  0.250     1.000    0.002      NaN           NaN            NaN         rule               40.000     0.00
transformer  1000 final     randk  both     33  0.500     1.000    0.002      NaN           NaN            NaN         rule               40.000     0.00
transformer  1000 final     randk  both     33  0.750     1.000    0.002      NaN           NaN            NaN         rule               40.000     0.00
transformer  1000 final     randk  both     33  1.000     1.000    0.001      NaN           NaN            NaN         rule               40.000     0.00
transformer  1000 final     randk  both     33  0.000     1.000    0.003      NaN           NaN            NaN         rule               40.000     0.00
transformer  1000 final     randk  both     33  0.250     1.000    0.002      NaN           NaN            NaN         rule               40.000     0.00
transformer  1000 final     randk  both     33  0.500     1.000    0.002      NaN           NaN            NaN         rule               40.000     0.00
transformer  1000 final     randk  both     33  0.750     1.000    0.002      NaN           NaN            NaN         rule               40.000     0.00
transformer  1000 final     randk  both     33  1.000     1.000    0.002      NaN           NaN            NaN         rule               40.000     0.00
transformer  1000 final  residual    in     41  0.000     1.000    0.003      NaN           NaN            NaN         rule               40.000     0.00
transformer  1000 final  residual    in     41  0.250     1.000    0.002      NaN           NaN            NaN         rule               40.000     0.00
transformer  1000 final  residual    in     41  0.500     1.000    0.002      NaN           NaN            NaN         rule               40.000     0.00
transformer  1000 final  residual    in     41  0.750     1.000    0.002      NaN           NaN            NaN         rule               40.000     0.00
transformer  1000 final  residual    in     41  1.000     1.000    0.002      NaN           NaN            NaN         rule               40.000     0.00
transformer  1000 final  residual   out     39  0.000     1.000    0.003      NaN           NaN            NaN         rule               40.000     0.00
transformer  1000 final  residual   out     39  0.250     1.000    0.002      NaN           NaN            NaN         rule               40.000     0.00
transformer  1000 final  residual   out     39  0.500     1.000    0.002      NaN           NaN            NaN         rule               40.000     0.00
transformer  1000 final  residual   out     39  0.750     1.000    0.002      NaN           NaN            NaN         rule               40.000     0.00
transformer  1000 final  residual   out     39  1.000     1.000    0.002      NaN           NaN            NaN         rule               40.000     0.00
transformer  1000 final  residual  both     41  0.000     1.000    0.003      NaN           NaN            NaN         rule               40.000     0.00
transformer  1000 final  residual  both     41  0.250     1.000    0.002      NaN           NaN            NaN         rule               40.000     0.00
transformer  1000 final  residual  both     41  0.500     1.000    0.002      NaN           NaN            NaN         rule               40.000     0.00
transformer  1000 final  residual  both     41  0.750     1.000    0.001      NaN           NaN            NaN         rule               40.000     0.00
transformer  1000 final  residual  both     41  1.000     1.000    0.001      NaN           NaN            NaN         rule               40.000     0.00
transformer  1001 final      none     -      0  0.000     0.996    0.019      NaN           NaN            NaN         rule               40.000     0.00
transformer  1001 final   lowpass    in      0  0.000     0.007   12.873      NaN           NaN            NaN  gcm_hamming                0.200     0.00
transformer  1001 final   lowpass    in      1  1.000     0.007   14.200      NaN           NaN            NaN      uniform                1.459     0.00
transformer  1001 final   lowpass    in      2  2.000     0.009   14.186      NaN           NaN            NaN      uniform                1.170     0.00
transformer  1001 final   lowpass    in      3  3.000     0.008   14.157      NaN           NaN            NaN gcm_circular                1.459     0.00
transformer  1001 final   lowpass    in      4  4.000     0.007   14.403      NaN           NaN            NaN gcm_circular                1.459     0.00
transformer  1001 final   lowpass    in      6  6.000     0.007   14.228      NaN           NaN            NaN gcm_circular                1.170     0.00
transformer  1001 final   lowpass    in      8  8.000     0.025    6.616      NaN           NaN            NaN         rule                0.752     0.00
transformer  1001 final   lowpass    in     12 12.000     0.114    3.654      NaN           NaN            NaN         rule                0.200     0.00
transformer  1001 final   lowpass    in     16 16.000     0.325    2.469      NaN           NaN            NaN         rule                1.819     0.00
transformer  1001 final   lowpass    in     24 24.000     0.328    2.402      NaN           NaN            NaN         rule                1.459     0.00
transformer  1001 final   lowpass    in     32 32.000     0.718    0.967      NaN           NaN            NaN         rule               16.541     0.00
transformer  1001 final   lowpass    in     48 48.000     0.697    1.115      NaN           NaN            NaN         rule               16.541     0.00
transformer  1001 final   lowpass    in     74 74.000     0.996    0.019      NaN           NaN            NaN         rule               40.000     0.00
transformer  1001 final   lowpass   out      0  0.000     0.007    5.004      NaN           NaN            NaN      uniform                0.200     0.00
transformer  1001 final   lowpass   out      1  1.000     0.011    4.974      NaN           NaN            NaN gcm_circular                2.828     0.00
transformer  1001 final   lowpass   out      2  2.000     0.019    4.860      NaN           NaN            NaN gcm_circular                2.268     0.00
transformer  1001 final   lowpass   out      3  3.000     0.025    4.846      NaN           NaN            NaN gcm_circular                2.268     0.00
transformer  1001 final   lowpass   out      4  4.000     0.038    4.757      NaN           NaN            NaN gcm_circular                2.828     0.00
transformer  1001 final   lowpass   out      6  6.000     0.063    4.614      NaN           NaN            NaN         rule                2.828     0.00
transformer  1001 final   lowpass   out      8  8.000     0.272    3.374      NaN           NaN            NaN         rule                2.828     0.00
transformer  1001 final   lowpass   out     12 12.000     0.584    2.217      NaN           NaN            NaN         rule                5.485     0.00
transformer  1001 final   lowpass   out     16 16.000     0.840    1.344      NaN           NaN            NaN         rule               13.264     0.00
transformer  1001 final   lowpass   out     24 24.000     0.937    0.925      NaN           NaN            NaN         rule               40.000     0.00
transformer  1001 final   lowpass   out     32 32.000     0.985    0.296      NaN           NaN            NaN         rule               40.000     0.00
transformer  1001 final   lowpass   out     48 48.000     0.989    0.166      NaN           NaN            NaN         rule               40.000     0.00
transformer  1001 final   lowpass   out     74 74.000     0.996    0.019      NaN           NaN            NaN         rule               40.000     0.00
transformer  1001 final   lowpass  both      0  0.000     0.007    5.004      NaN           NaN            NaN      uniform                0.200     0.00
transformer  1001 final   lowpass  both      1  1.000     0.007    5.006      NaN           NaN            NaN      uniform                0.200     0.00
transformer  1001 final   lowpass  both      2  2.000     0.006    5.021      NaN           NaN            NaN   gcm_linear                0.200     0.00
transformer  1001 final   lowpass  both      3  3.000     0.006    5.022      NaN           NaN            NaN  gcm_hamming                0.200     0.00
transformer  1001 final   lowpass  both      4  4.000     0.006    5.040      NaN           NaN            NaN      uniform                0.200     0.00
transformer  1001 final   lowpass  both      6  6.000     0.007    5.068      NaN           NaN            NaN  gcm_hamming                0.200     0.00
transformer  1001 final   lowpass  both      8  8.000     0.031    5.513      NaN           NaN            NaN         rule                0.200     0.00
transformer  1001 final   lowpass  both     12 12.000     0.190    2.876      NaN           NaN            NaN         rule                0.200     0.00
transformer  1001 final   lowpass  both     16 16.000     0.498    1.522      NaN           NaN            NaN         rule                1.170     0.00
transformer  1001 final   lowpass  both     24 24.000     0.504    1.353      NaN           NaN            NaN         rule                0.938     0.00
transformer  1001 final   lowpass  both     32 32.000     0.964    0.302      NaN           NaN            NaN         rule               40.000     0.00
transformer  1001 final   lowpass  both     48 48.000     0.958    0.256      NaN           NaN            NaN         rule               40.000     0.00
transformer  1001 final   lowpass  both     74 74.000     0.996    0.019      NaN           NaN            NaN         rule               40.000     0.00
transformer  1001 final      etop    in      0  0.000     0.996    0.019      NaN           NaN            NaN         rule               40.000     0.00
transformer  1001 final      etop    in      1  0.050     0.937    0.217      NaN           NaN            NaN         rule               20.627     0.00
transformer  1001 final      etop    in      1  0.100     0.937    0.217      NaN           NaN            NaN         rule               20.627     0.00
transformer  1001 final      etop    in      2  0.200     0.742    0.903      NaN           NaN            NaN         rule                6.840     0.00
transformer  1001 final      etop    in      3  0.300     0.549    1.748      NaN           NaN            NaN         rule                4.398     0.00
transformer  1001 final      etop    in      4  0.400     0.283    3.777      NaN           NaN            NaN         rule                2.828     0.00
transformer  1001 final      etop    in      5  0.500     0.117    6.332      NaN           NaN            NaN         rule                2.268     0.00
transformer  1001 final      etop    in      6  0.600     0.042   10.097      NaN           NaN            NaN         rule                0.603     0.00
transformer  1001 final      etop    in      8  0.700     0.019   14.552      NaN           NaN            NaN         rule                0.200     0.00
transformer  1001 final      etop    in     14  0.800     0.007   14.286      NaN           NaN            NaN  gcm_hamming                0.200     0.00
transformer  1001 final      etop    in     32  0.900     0.005   14.263      NaN           NaN            NaN  gcm_hamming                0.388     0.00
transformer  1001 final      etop    in     51  0.950     0.006   14.192      NaN           NaN            NaN  gcm_hamming                0.200     0.00
transformer  1001 final      etop    in     74  1.000     0.007   12.873      NaN           NaN            NaN  gcm_hamming                0.200     0.00
transformer  1001 final      etop   out      0  0.000     0.996    0.019      NaN           NaN            NaN         rule               40.000     0.00
transformer  1001 final      etop   out      1  0.050     0.995    0.026      NaN           NaN            NaN         rule               40.000     0.00
transformer  1001 final      etop   out      2  0.100     0.995    0.051      NaN           NaN            NaN         rule               40.000     0.00
transformer  1001 final      etop   out      3  0.200     0.992    0.084      NaN           NaN            NaN         rule               40.000     0.00
transformer  1001 final      etop   out      4  0.300     0.989    0.164      NaN           NaN            NaN         rule               40.000     0.00
transformer  1001 final      etop   out      5  0.400     0.987    0.307      NaN           NaN            NaN         rule               40.000     0.00
transformer  1001 final      etop   out      7  0.500     0.962    0.932      NaN           NaN            NaN         rule               40.000     0.00
transformer  1001 final      etop   out     11  0.600     0.929    1.556      NaN           NaN            NaN         rule               16.541     0.00
transformer  1001 final      etop   out     19  0.700     0.759    2.639      NaN           NaN            NaN         rule                8.530     0.00
transformer  1001 final      etop   out     30  0.800     0.301    3.920      NaN           NaN            NaN         rule                3.527     0.00
transformer  1001 final      etop   out     46  0.900     0.042    4.767      NaN           NaN            NaN         rule                1.459     0.00
transformer  1001 final      etop   out     58  0.950     0.027    4.932      NaN           NaN            NaN         rule                0.200     0.00
transformer  1001 final      etop   out     74  1.000     0.007    5.004      NaN           NaN            NaN      uniform                0.200     0.00
transformer  1001 final      etop  both      0  0.000     0.996    0.019      NaN           NaN            NaN         rule               40.000     0.00
transformer  1001 final      etop  both      1  0.050     0.989    0.062      NaN           NaN            NaN         rule               40.000     0.00
transformer  1001 final      etop  both      1  0.100     0.965    0.180      NaN           NaN            NaN         rule               32.076     0.00
transformer  1001 final      etop  both      2  0.200     0.702    1.186      NaN           NaN            NaN         rule                8.530     0.00
transformer  1001 final      etop  both      3  0.300     0.479    2.291      NaN           NaN            NaN         rule                3.527     0.00
transformer  1001 final      etop  both      4  0.400     0.302    2.590      NaN           NaN            NaN         rule                3.527     0.00
transformer  1001 final      etop  both      5  0.500     0.044    5.185      NaN           NaN            NaN         rule                0.752     0.00
transformer  1001 final      etop  both      6  0.600     0.017    5.476      NaN           NaN            NaN         rule                0.311     0.00
transformer  1001 final      etop  both      8  0.700     0.012    5.327      NaN           NaN            NaN  gcm_hamming                0.200     0.00
transformer  1001 final      etop  both     14  0.800     0.008    5.286      NaN           NaN            NaN      uniform                0.200     0.00
transformer  1001 final      etop  both     32  0.900     0.007    5.127      NaN           NaN            NaN      uniform                0.200     0.00
transformer  1001 final      etop  both     51  0.950     0.007    5.066      NaN           NaN            NaN      uniform                0.200     0.00
transformer  1001 final      etop  both     74  1.000     0.007    5.004      NaN           NaN            NaN      uniform                0.200     0.00
transformer  1001 final   ebottom    in      0  0.000     0.996    0.019      NaN           NaN            NaN         rule               40.000     0.00
transformer  1001 final   ebottom    in     24  0.050     0.997    0.014      NaN           NaN            NaN         rule               40.000     0.00
transformer  1001 final   ebottom    in     43  0.100     0.998    0.009      NaN           NaN            NaN         rule               40.000     0.00
transformer  1001 final   ebottom    in     61  0.200     0.999    0.005      NaN           NaN            NaN         rule               40.000     0.00
transformer  1001 final   ebottom    in     67  0.300     0.993    0.037      NaN           NaN            NaN         rule               40.000     0.00
transformer  1001 final   ebottom    in     69  0.400     0.908    0.314      NaN           NaN            NaN         rule               16.541     0.00
transformer  1001 final   ebottom    in     70  0.500     0.774    0.757      NaN           NaN            NaN         rule                8.530     0.00
transformer  1001 final   ebottom    in     71  0.600     0.499    1.824      NaN           NaN            NaN         rule                5.485     0.00
transformer  1001 final   ebottom    in     72  0.700     0.151    3.835      NaN           NaN            NaN         rule                0.200     0.00
transformer  1001 final   ebottom    in     73  0.800     0.027    7.432      NaN           NaN            NaN         rule                0.200     0.00
transformer  1001 final   ebottom    in     74  0.900     0.007   12.873      NaN           NaN            NaN  gcm_hamming                0.200     0.00
transformer  1001 final   ebottom    in     74  0.950     0.007   12.873      NaN           NaN            NaN  gcm_hamming                0.200     0.00
transformer  1001 final   ebottom    in     74  1.000     0.007   12.873      NaN           NaN            NaN  gcm_hamming                0.200     0.00
transformer  1001 final   ebottom   out      0  0.000     0.996    0.019      NaN           NaN            NaN         rule               40.000     0.00
transformer  1001 final   ebottom   out     17  0.050     0.996    0.017      NaN           NaN            NaN         rule               40.000     0.00
transformer  1001 final   ebottom   out     29  0.100     0.996    0.016      NaN           NaN            NaN         rule               40.000     0.00
transformer  1001 final   ebottom   out     45  0.200     0.997    0.017      NaN           NaN            NaN         rule               40.000     0.00
transformer  1001 final   ebottom   out     56  0.300     0.997    0.018      NaN           NaN            NaN         rule               40.000     0.00
transformer  1001 final   ebottom   out     64  0.400     0.997    0.024      NaN           NaN            NaN         rule               40.000     0.00
transformer  1001 final   ebottom   out     68  0.500     0.997    0.056      NaN           NaN            NaN         rule               40.000     0.00
transformer  1001 final   ebottom   out     70  0.600     0.965    0.771      NaN           NaN            NaN         rule               32.076     0.00
transformer  1001 final   ebottom   out     71  0.700     0.776    1.661      NaN           NaN            NaN         rule                6.840     0.00
transformer  1001 final   ebottom   out     72  0.800     0.221    2.686      NaN           NaN            NaN         rule                0.200     0.00
transformer  1001 final   ebottom   out     73  0.900     0.062    3.865      NaN           NaN            NaN         rule                0.200     0.00
transformer  1001 final   ebottom   out     74  0.950     0.007    5.004      NaN           NaN            NaN      uniform                0.200     0.00
transformer  1001 final   ebottom   out     74  1.000     0.007    5.004      NaN           NaN            NaN      uniform                0.200     0.00
transformer  1001 final   ebottom  both      0  0.000     0.996    0.019      NaN           NaN            NaN         rule               40.000     0.00
transformer  1001 final   ebottom  both     24  0.050     0.997    0.012      NaN           NaN            NaN         rule               40.000     0.00
transformer  1001 final   ebottom  both     43  0.100     0.998    0.008      NaN           NaN            NaN         rule               40.000     0.00
transformer  1001 final   ebottom  both     61  0.200     0.999    0.006      NaN           NaN            NaN         rule               40.000     0.00
transformer  1001 final   ebottom  both     67  0.300     0.995    0.046      NaN           NaN            NaN         rule               40.000     0.00
transformer  1001 final   ebottom  both     69  0.400     0.927    0.384      NaN           NaN            NaN         rule               20.627     0.00
transformer  1001 final   ebottom  both     70  0.500     0.869    0.778      NaN           NaN            NaN         rule               13.264     0.00
transformer  1001 final   ebottom  both     71  0.600     0.247    2.770      NaN           NaN            NaN         rule                0.752     0.00
transformer  1001 final   ebottom  both     72  0.700     0.048    4.118      NaN           NaN            NaN         rule                0.200     0.00
transformer  1001 final   ebottom  both     73  0.800     0.036    5.694      NaN           NaN            NaN         rule                0.200     0.00
transformer  1001 final   ebottom  both     74  0.900     0.006    5.622      NaN           NaN            NaN  gcm_hamming                0.200     0.00
transformer  1001 final   ebottom  both     74  0.950     0.007    5.004      NaN           NaN            NaN      uniform                0.200     0.00
transformer  1001 final   ebottom  both     74  1.000     0.007    5.004      NaN           NaN            NaN      uniform                0.200     0.00
transformer  1001 final     erand    in      0  0.000     0.996    0.019      NaN           NaN            NaN         rule               40.000     0.00
transformer  1001 final     erand    in      3  0.050     0.872    0.367      NaN           NaN            NaN         rule               32.076     0.00
transformer  1001 final     erand    in      3  0.100     0.872    0.367      NaN           NaN            NaN         rule               32.076     0.00
transformer  1001 final     erand    in     25  0.200     0.868    0.365      NaN           NaN            NaN         rule               25.722     0.00
transformer  1001 final     erand    in     35  0.300     0.765    0.818      NaN           NaN            NaN         rule               10.637     0.00
transformer  1001 final     erand    in     43  0.400     0.587    1.485      NaN           NaN            NaN         rule                4.398     0.00
transformer  1001 final     erand    in     44  0.500     0.430    2.280      NaN           NaN            NaN         rule                2.268     0.00
transformer  1001 final     erand    in     51  0.600     0.167    4.002      NaN           NaN            NaN         rule                2.268     0.00
transformer  1001 final     erand    in     52  0.700     0.167    4.000      NaN           NaN            NaN         rule                2.268     0.00
transformer  1001 final     erand    in     56  0.800     0.047    7.748      NaN           NaN            NaN         rule                0.200     0.00
transformer  1001 final     erand    in     72  0.900     0.007   13.530      NaN           NaN            NaN      uniform                0.200     0.00
transformer  1001 final     erand    in     72  0.950     0.007   13.530      NaN           NaN            NaN      uniform                0.200     0.00
transformer  1001 final     erand    in     74  1.000     0.007   12.873      NaN           NaN            NaN  gcm_hamming                0.200     0.00
transformer  1001 final     erand    in      0  0.000     0.996    0.019      NaN           NaN            NaN         rule               40.000     0.00
transformer  1001 final     erand    in      7  0.050     0.876    0.353      NaN           NaN            NaN         rule               32.076     0.00
transformer  1001 final     erand    in      7  0.100     0.876    0.353      NaN           NaN            NaN         rule               32.076     0.00
transformer  1001 final     erand    in     12  0.200     0.680    1.033      NaN           NaN            NaN         rule               16.541     0.00
transformer  1001 final     erand    in     14  0.300     0.445    2.161      NaN           NaN            NaN         rule               10.637     0.00
transformer  1001 final     erand    in     26  0.400     0.445    2.167      NaN           NaN            NaN         rule               10.637     0.00
transformer  1001 final     erand    in     42  0.500     0.326    2.851      NaN           NaN            NaN         rule                4.398     0.00
transformer  1001 final     erand    in     42  0.600     0.326    2.851      NaN           NaN            NaN         rule                4.398     0.00
transformer  1001 final     erand    in     43  0.700     0.133    4.946      NaN           NaN            NaN         rule                1.170     0.00
transformer  1001 final     erand    in     58  0.800     0.046    7.127      NaN           NaN            NaN         rule                0.200     0.00
transformer  1001 final     erand    in     74  0.900     0.007   12.873      NaN           NaN            NaN  gcm_hamming                0.200     0.00
transformer  1001 final     erand    in     74  0.950     0.007   12.873      NaN           NaN            NaN  gcm_hamming                0.200     0.00
transformer  1001 final     erand    in     74  1.000     0.007   12.873      NaN           NaN            NaN  gcm_hamming                0.200     0.00
transformer  1001 final     erand    in      0  0.000     0.996    0.019      NaN           NaN            NaN         rule               40.000     0.00
transformer  1001 final     erand    in      7  0.050     0.891    0.318      NaN           NaN            NaN         rule               32.076     0.00
transformer  1001 final     erand    in      7  0.100     0.891    0.318      NaN           NaN            NaN         rule               32.076     0.00
transformer  1001 final     erand    in      8  0.200     0.626    1.302      NaN           NaN            NaN         rule                8.530     0.00
transformer  1001 final     erand    in     20  0.300     0.628    1.262      NaN           NaN            NaN         rule                8.530     0.00
transformer  1001 final     erand    in     24  0.400     0.403    2.216      NaN           NaN            NaN         rule                6.840     0.00
transformer  1001 final     erand    in     28  0.500     0.316    3.019      NaN           NaN            NaN         rule                4.398     0.00
transformer  1001 final     erand    in     31  0.600     0.103    5.103      NaN           NaN            NaN         rule                4.398     0.00
transformer  1001 final     erand    in     34  0.700     0.042    7.152      NaN           NaN            NaN         rule                0.200     0.00
transformer  1001 final     erand    in     48  0.800     0.014   14.006      NaN           NaN            NaN         rule                0.200     0.00
transformer  1001 final     erand    in     50  0.900     0.014   13.877      NaN           NaN            NaN         rule                0.200     0.00
transformer  1001 final     erand    in     62  0.950     0.008   14.399      NaN           NaN            NaN  gcm_hamming                0.200     0.00
transformer  1001 final     erand    in     74  1.000     0.007   12.873      NaN           NaN            NaN  gcm_hamming                0.200     0.00
transformer  1001 final     erand   out      0  0.000     0.996    0.019      NaN           NaN            NaN         rule               40.000     0.00
transformer  1001 final     erand   out      3  0.050     0.996    0.033      NaN           NaN            NaN         rule               40.000     0.00
transformer  1001 final     erand   out      4  0.100     0.995    0.033      NaN           NaN            NaN         rule               40.000     0.00
transformer  1001 final     erand   out     15  0.200     0.995    0.046      NaN           NaN            NaN         rule               40.000     0.00
transformer  1001 final     erand   out     33  0.300     0.995    0.057      NaN           NaN            NaN         rule               40.000     0.00
transformer  1001 final     erand   out     37  0.400     0.993    0.117      NaN           NaN            NaN         rule               40.000     0.00
transformer  1001 final     erand   out     43  0.500     0.985    0.407      NaN           NaN            NaN         rule               40.000     0.00
transformer  1001 final     erand   out     49  0.600     0.952    0.893      NaN           NaN            NaN         rule               40.000     0.00
transformer  1001 final     erand   out     51  0.700     0.842    1.750      NaN           NaN            NaN         rule               13.264     0.00
transformer  1001 final     erand   out     56  0.800     0.667    2.854      NaN           NaN            NaN         rule                6.840     0.00
transformer  1001 final     erand   out     68  0.900     0.196    3.816      NaN           NaN            NaN         rule                1.819     0.00
transformer  1001 final     erand   out     72  0.950     0.017    4.956      NaN           NaN            NaN         rule                0.200     0.00
transformer  1001 final     erand   out     74  1.000     0.007    5.004      NaN           NaN            NaN      uniform                0.200     0.00
transformer  1001 final     erand   out      0  0.000     0.996    0.019      NaN           NaN            NaN         rule               40.000     0.00
transformer  1001 final     erand   out      7  0.050     0.995    0.033      NaN           NaN            NaN         rule               40.000     0.00
transformer  1001 final     erand   out      7  0.100     0.995    0.033      NaN           NaN            NaN         rule               40.000     0.00
transformer  1001 final     erand   out     12  0.200     0.993    0.067      NaN           NaN            NaN         rule               40.000     0.00
transformer  1001 final     erand   out     15  0.300     0.990    0.138      NaN           NaN            NaN         rule               40.000     0.00
transformer  1001 final     erand   out     27  0.400     0.988    0.230      NaN           NaN            NaN         rule               40.000     0.00
transformer  1001 final     erand   out     39  0.500     0.987    0.337      NaN           NaN            NaN         rule               40.000     0.00
transformer  1001 final     erand   out     42  0.600     0.951    0.897      NaN           NaN            NaN         rule               32.076     0.00
transformer  1001 final     erand   out     47  0.700     0.880    1.778      NaN           NaN            NaN         rule               13.264     0.00
transformer  1001 final     erand   out     58  0.800     0.531    3.048      NaN           NaN            NaN         rule                5.485     0.00
transformer  1001 final     erand   out     70  0.900     0.064    3.973      NaN           NaN            NaN         rule                0.938     0.00
transformer  1001 final     erand   out     74  0.950     0.007    5.004      NaN           NaN            NaN      uniform                0.200     0.00
transformer  1001 final     erand   out     74  1.000     0.007    5.004      NaN           NaN            NaN      uniform                0.200     0.00
transformer  1001 final     erand   out      0  0.000     0.996    0.019      NaN           NaN            NaN         rule               40.000     0.00
transformer  1001 final     erand   out      7  0.050     0.995    0.030      NaN           NaN            NaN         rule               40.000     0.00
transformer  1001 final     erand   out      7  0.100     0.995    0.030      NaN           NaN            NaN         rule               40.000     0.00
transformer  1001 final     erand   out      8  0.200     0.995    0.052      NaN           NaN            NaN         rule               40.000     0.00
transformer  1001 final     erand   out     20  0.300     0.991    0.109      NaN           NaN            NaN         rule               40.000     0.00
transformer  1001 final     erand   out     24  0.400     0.982    0.246      NaN           NaN            NaN         rule               40.000     0.00
transformer  1001 final     erand   out     28  0.500     0.981    0.373      NaN           NaN            NaN         rule               40.000     0.00
transformer  1001 final     erand   out     33  0.600     0.962    0.866      NaN           NaN            NaN         rule               40.000     0.00
transformer  1001 final     erand   out     44  0.700     0.899    1.723      NaN           NaN            NaN         rule               16.541     0.00
transformer  1001 final     erand   out     50  0.800     0.723    3.097      NaN           NaN            NaN         rule                6.840     0.00
transformer  1001 final     erand   out     61  0.900     0.309    4.061      NaN           NaN            NaN         rule                3.527     0.00
transformer  1001 final     erand   out     66  0.950     0.078    4.590      NaN           NaN            NaN         rule                0.603     0.00
transformer  1001 final     erand   out     74  1.000     0.007    5.004      NaN           NaN            NaN      uniform                0.200     0.00
transformer  1001 final     erand  both      0  0.000     0.996    0.019      NaN           NaN            NaN         rule               40.000     0.00
transformer  1001 final     erand  both      3  0.050     0.860    0.423      NaN           NaN            NaN         rule               25.722     0.00
transformer  1001 final     erand  both      3  0.100     0.834    0.531      NaN           NaN            NaN         rule               20.627     0.00
transformer  1001 final     erand  both     25  0.200     0.758    0.798      NaN           NaN            NaN         rule               20.627     0.00
transformer  1001 final     erand  both     35  0.300     0.607    1.642      NaN           NaN            NaN         rule                5.485     0.00
transformer  1001 final     erand  both     43  0.400     0.353    2.920      NaN           NaN            NaN         rule                2.828     0.00
transformer  1001 final     erand  both     44  0.500     0.244    3.461      NaN           NaN            NaN         rule                1.819     0.00
transformer  1001 final     erand  both     51  0.600     0.056    5.340      NaN           NaN            NaN         rule                0.200     0.00
transformer  1001 final     erand  both     52  0.700     0.023    5.696      NaN           NaN            NaN         rule                0.200     0.00
transformer  1001 final     erand  both     56  0.800     0.005    5.262      NaN           NaN            NaN      uniform                0.200     0.00
transformer  1001 final     erand  both     72  0.900     0.008    5.029      NaN           NaN            NaN      uniform                0.200     0.00
transformer  1001 final     erand  both     72  0.950     0.008    5.029      NaN           NaN            NaN      uniform                0.200     0.00
transformer  1001 final     erand  both     74  1.000     0.007    5.004      NaN           NaN            NaN      uniform                0.200     0.00
transformer  1001 final     erand  both      0  0.000     0.996    0.019      NaN           NaN            NaN         rule               40.000     0.00
transformer  1001 final     erand  both      7  0.050     0.862    0.384      NaN           NaN            NaN         rule               32.076     0.00
transformer  1001 final     erand  both      7  0.100     0.842    0.442      NaN           NaN            NaN         rule               25.722     0.00
transformer  1001 final     erand  both     12  0.200     0.664    1.027      NaN           NaN            NaN         rule               16.541     0.00
transformer  1001 final     erand  both     14  0.300     0.404    2.251      NaN           NaN            NaN         rule               10.637     0.00
transformer  1001 final     erand  both     26  0.400     0.414    2.135      NaN           NaN            NaN         rule               10.637     0.00
transformer  1001 final     erand  both     42  0.500     0.466    1.872      NaN           NaN            NaN         rule                5.485     0.00
transformer  1001 final     erand  both     42  0.600     0.210    3.094      NaN           NaN            NaN         rule                2.268     0.00
transformer  1001 final     erand  both     43  0.700     0.063    4.057      NaN           NaN            NaN         rule                0.311     0.00
transformer  1001 final     erand  both     58  0.800     0.011    5.238      NaN           NaN            NaN  gcm_hamming                0.200     0.00
transformer  1001 final     erand  both     74  0.900     0.006    5.398      NaN           NaN            NaN   gcm_linear                0.200     0.00
transformer  1001 final     erand  both     74  0.950     0.007    5.004      NaN           NaN            NaN      uniform                0.200     0.00
transformer  1001 final     erand  both     74  1.000     0.007    5.004      NaN           NaN            NaN      uniform                0.200     0.00
transformer  1001 final     erand  both      0  0.000     0.996    0.019      NaN           NaN            NaN         rule               40.000     0.00
transformer  1001 final     erand  both      7  0.050     0.853    0.447      NaN           NaN            NaN         rule               25.722     0.00
transformer  1001 final     erand  both      7  0.100     0.853    0.450      NaN           NaN            NaN         rule               25.722     0.00
transformer  1001 final     erand  both      8  0.200     0.740    0.775      NaN           NaN            NaN         rule               10.637     0.00
transformer  1001 final     erand  both     20  0.300     0.663    1.036      NaN           NaN            NaN         rule                8.530     0.00
transformer  1001 final     erand  both     24  0.400     0.400    2.029      NaN           NaN            NaN         rule                6.840     0.00
transformer  1001 final     erand  both     28  0.500     0.236    3.241      NaN           NaN            NaN         rule                2.828     0.00
transformer  1001 final     erand  both     31  0.600     0.022    5.725      NaN           NaN            NaN         rule                1.170     0.00
transformer  1001 final     erand  both     34  0.700     0.016    5.927      NaN           NaN            NaN         rule                0.200     0.00
transformer  1001 final     erand  both     48  0.800     0.007    6.189      NaN           NaN            NaN      uniform                0.200     0.00
transformer  1001 final     erand  both     50  0.900     0.007    5.109      NaN           NaN            NaN      uniform                0.484     0.00
transformer  1001 final     erand  both     62  0.950     0.006    5.078      NaN           NaN            NaN   gcm_linear                0.484     0.00
transformer  1001 final     erand  both     74  1.000     0.007    5.004      NaN           NaN            NaN      uniform                0.200     0.00
transformer  1001 final      topk    in     32  0.000     0.996    0.019      NaN           NaN            NaN         rule               40.000     0.00
transformer  1001 final      topk    in     32  0.250     0.995    0.027      NaN           NaN            NaN         rule               40.000     0.00
transformer  1001 final      topk    in     32  0.500     0.988    0.060      NaN           NaN            NaN         rule               40.000     0.00
transformer  1001 final      topk    in     32  0.750     0.702    1.349      NaN           NaN            NaN         rule                6.840     0.00
transformer  1001 final      topk    in     32  1.000     0.005   14.263      NaN           NaN            NaN  gcm_hamming                0.388     0.00
transformer  1001 final      topk   out     46  0.000     0.996    0.019      NaN           NaN            NaN         rule               40.000     0.00
transformer  1001 final      topk   out     46  0.250     0.996    0.025      NaN           NaN            NaN         rule               40.000     0.00
transformer  1001 final      topk   out     46  0.500     0.995    0.094      NaN           NaN            NaN         rule               40.000     0.00
transformer  1001 final      topk   out     46  0.750     0.991    0.974      NaN           NaN            NaN         rule               40.000     0.00
transformer  1001 final      topk   out     46  1.000     0.042    4.767      NaN           NaN            NaN         rule                1.459     0.00
transformer  1001 final      topk  both     32  0.000     0.996    0.019      NaN           NaN            NaN         rule               40.000     0.00
transformer  1001 final      topk  both     32  0.250     0.994    0.034      NaN           NaN            NaN         rule               40.000     0.00
transformer  1001 final      topk  both     32  0.500     0.984    0.157      NaN           NaN            NaN         rule               40.000     0.00
transformer  1001 final      topk  both     32  0.750     0.612    1.995      NaN           NaN            NaN         rule                5.485     0.00
transformer  1001 final      topk  both     32  1.000     0.006    5.267      NaN           NaN            NaN      uniform                0.388     0.00
transformer  1001 final     randk    in     32  0.000     0.996    0.019      NaN           NaN            NaN         rule               40.000     0.00
transformer  1001 final     randk    in     32  0.250     0.997    0.016      NaN           NaN            NaN         rule               40.000     0.00
transformer  1001 final     randk    in     32  0.500     0.997    0.014      NaN           NaN            NaN         rule               40.000     0.00
transformer  1001 final     randk    in     32  0.750     0.997    0.012      NaN           NaN            NaN         rule               40.000     0.00
transformer  1001 final     randk    in     32  1.000     0.998    0.011      NaN           NaN            NaN         rule               40.000     0.00
transformer  1001 final     randk    in     32  0.000     0.996    0.019      NaN           NaN            NaN         rule               40.000     0.00
transformer  1001 final     randk    in     32  0.250     0.996    0.016      NaN           NaN            NaN         rule               40.000     0.00
transformer  1001 final     randk    in     32  0.500     0.997    0.014      NaN           NaN            NaN         rule               40.000     0.00
transformer  1001 final     randk    in     32  0.750     0.997    0.012      NaN           NaN            NaN         rule               40.000     0.00
transformer  1001 final     randk    in     32  1.000     0.998    0.011      NaN           NaN            NaN         rule               40.000     0.00
transformer  1001 final     randk    in     32  0.000     0.996    0.019      NaN           NaN            NaN         rule               40.000     0.00
transformer  1001 final     randk    in     32  0.250     0.996    0.016      NaN           NaN            NaN         rule               40.000     0.00
transformer  1001 final     randk    in     32  0.500     0.997    0.014      NaN           NaN            NaN         rule               40.000     0.00
transformer  1001 final     randk    in     32  0.750     0.997    0.012      NaN           NaN            NaN         rule               40.000     0.00
transformer  1001 final     randk    in     32  1.000     0.997    0.011      NaN           NaN            NaN         rule               40.000     0.00
transformer  1001 final     randk   out     28  0.000     0.996    0.019      NaN           NaN            NaN         rule               40.000     0.00
transformer  1001 final     randk   out     28  0.250     0.996    0.018      NaN           NaN            NaN         rule               40.000     0.00
transformer  1001 final     randk   out     28  0.500     0.996    0.017      NaN           NaN            NaN         rule               40.000     0.00
transformer  1001 final     randk   out     28  0.750     0.996    0.017      NaN           NaN            NaN         rule               40.000     0.00
transformer  1001 final     randk   out     28  1.000     0.996    0.016      NaN           NaN            NaN         rule               40.000     0.00
transformer  1001 final     randk   out     28  0.000     0.996    0.019      NaN           NaN            NaN         rule               40.000     0.00
transformer  1001 final     randk   out     28  0.250     0.996    0.018      NaN           NaN            NaN         rule               40.000     0.00
transformer  1001 final     randk   out     28  0.500     0.996    0.017      NaN           NaN            NaN         rule               40.000     0.00
transformer  1001 final     randk   out     28  0.750     0.996    0.017      NaN           NaN            NaN         rule               40.000     0.00
transformer  1001 final     randk   out     28  1.000     0.996    0.016      NaN           NaN            NaN         rule               40.000     0.00
transformer  1001 final     randk   out     28  0.000     0.996    0.019      NaN           NaN            NaN         rule               40.000     0.00
transformer  1001 final     randk   out     28  0.250     0.996    0.018      NaN           NaN            NaN         rule               40.000     0.00
transformer  1001 final     randk   out     28  0.500     0.996    0.017      NaN           NaN            NaN         rule               40.000     0.00
transformer  1001 final     randk   out     28  0.750     0.996    0.017      NaN           NaN            NaN         rule               40.000     0.00
transformer  1001 final     randk   out     28  1.000     0.996    0.016      NaN           NaN            NaN         rule               40.000     0.00
transformer  1001 final     randk  both     32  0.000     0.996    0.019      NaN           NaN            NaN         rule               40.000     0.00
transformer  1001 final     randk  both     32  0.250     0.997    0.015      NaN           NaN            NaN         rule               40.000     0.00
transformer  1001 final     randk  both     32  0.500     0.997    0.012      NaN           NaN            NaN         rule               40.000     0.00
transformer  1001 final     randk  both     32  0.750     0.998    0.010      NaN           NaN            NaN         rule               40.000     0.00
transformer  1001 final     randk  both     32  1.000     0.998    0.009      NaN           NaN            NaN         rule               40.000     0.00
transformer  1001 final     randk  both     32  0.000     0.996    0.019      NaN           NaN            NaN         rule               40.000     0.00
transformer  1001 final     randk  both     32  0.250     0.997    0.015      NaN           NaN            NaN         rule               40.000     0.00
transformer  1001 final     randk  both     32  0.500     0.997    0.013      NaN           NaN            NaN         rule               40.000     0.00
transformer  1001 final     randk  both     32  0.750     0.998    0.011      NaN           NaN            NaN         rule               40.000     0.00
transformer  1001 final     randk  both     32  1.000     0.998    0.010      NaN           NaN            NaN         rule               40.000     0.00
transformer  1001 final     randk  both     32  0.000     0.996    0.019      NaN           NaN            NaN         rule               40.000     0.00
transformer  1001 final     randk  both     32  0.250     0.997    0.015      NaN           NaN            NaN         rule               40.000     0.00
transformer  1001 final     randk  both     32  0.500     0.997    0.012      NaN           NaN            NaN         rule               40.000     0.00
transformer  1001 final     randk  both     32  0.750     0.997    0.010      NaN           NaN            NaN         rule               40.000     0.00
transformer  1001 final     randk  both     32  1.000     0.998    0.009      NaN           NaN            NaN         rule               40.000     0.00
transformer  1001 final  residual    in     42  0.000     0.996    0.019      NaN           NaN            NaN         rule               40.000     0.00
transformer  1001 final  residual    in     42  0.250     0.997    0.015      NaN           NaN            NaN         rule               40.000     0.00
transformer  1001 final  residual    in     42  0.500     0.997    0.013      NaN           NaN            NaN         rule               40.000     0.00
transformer  1001 final  residual    in     42  0.750     0.997    0.011      NaN           NaN            NaN         rule               40.000     0.00
transformer  1001 final  residual    in     42  1.000     0.998    0.010      NaN           NaN            NaN         rule               40.000     0.00
transformer  1001 final  residual   out     28  0.000     0.996    0.019      NaN           NaN            NaN         rule               40.000     0.00
transformer  1001 final  residual   out     28  0.250     0.996    0.018      NaN           NaN            NaN         rule               40.000     0.00
transformer  1001 final  residual   out     28  0.500     0.996    0.017      NaN           NaN            NaN         rule               40.000     0.00
transformer  1001 final  residual   out     28  0.750     0.996    0.017      NaN           NaN            NaN         rule               40.000     0.00
transformer  1001 final  residual   out     28  1.000     0.996    0.016      NaN           NaN            NaN         rule               40.000     0.00
transformer  1001 final  residual  both     42  0.000     0.996    0.019      NaN           NaN            NaN         rule               40.000     0.00
transformer  1001 final  residual  both     42  0.250     0.997    0.014      NaN           NaN            NaN         rule               40.000     0.00
transformer  1001 final  residual  both     42  0.500     0.997    0.011      NaN           NaN            NaN         rule               40.000     0.00
transformer  1001 final  residual  both     42  0.750     0.998    0.009      NaN           NaN            NaN         rule               40.000     0.00
transformer  1001 final  residual  both     42  1.000     0.998    0.008      NaN           NaN            NaN         rule               40.000     0.00
transformer  1002 final      none     -      0  0.000     1.000    0.002      NaN           NaN            NaN         rule               40.000     0.00
transformer  1002 final   lowpass    in      0  0.000     0.007   18.488      NaN           NaN            NaN   gcm_linear                0.200     0.00
transformer  1002 final   lowpass    in      1  1.000     0.017   15.773      NaN           NaN            NaN gcm_circular                4.398     0.00
transformer  1002 final   lowpass    in      2  2.000     0.013   16.031      NaN           NaN            NaN gcm_circular                3.527     0.00
transformer  1002 final   lowpass    in      3  3.000     0.014   16.310      NaN           NaN            NaN gcm_circular                3.527     0.00
transformer  1002 final   lowpass    in      4  4.000     0.012   16.423      NaN           NaN            NaN gcm_circular                2.828     0.00
transformer  1002 final   lowpass    in      6  6.000     0.013   16.680      NaN           NaN            NaN gcm_circular                2.828     0.00
transformer  1002 final   lowpass    in      8  8.000     0.014   16.765      NaN           NaN            NaN gcm_circular                3.527     0.00
transformer  1002 final   lowpass    in     12 12.000     0.012   16.872      NaN           NaN            NaN gcm_circular                3.527     0.00
transformer  1002 final   lowpass    in     16 16.000     0.013   16.902      NaN           NaN            NaN gcm_circular                3.527     0.00
transformer  1002 final   lowpass    in     24 24.000     0.012   16.996      NaN           NaN            NaN gcm_circular                2.828     0.00
transformer  1002 final   lowpass    in     32 32.000     0.080    9.275      NaN           NaN            NaN         rule                2.268     0.00
transformer  1002 final   lowpass    in     48 48.000     0.082    9.108      NaN           NaN            NaN         rule                1.819     0.00
transformer  1002 final   lowpass    in     74 74.000     1.000    0.002      NaN           NaN            NaN         rule               40.000     0.00
transformer  1002 final   lowpass   out      0  0.000     0.007    5.004      NaN           NaN            NaN      uniform                0.200     0.00
transformer  1002 final   lowpass   out      1  1.000     0.017    4.914      NaN           NaN            NaN gcm_circular                4.398     0.00
transformer  1002 final   lowpass   out      2  2.000     0.022    4.863      NaN           NaN            NaN gcm_circular                4.398     0.00
transformer  1002 final   lowpass   out      3  3.000     0.038    4.776      NaN           NaN            NaN gcm_circular                4.398     0.00
transformer  1002 final   lowpass   out      4  4.000     0.031    4.780      NaN           NaN            NaN gcm_circular                4.398     0.00
transformer  1002 final   lowpass   out      6  6.000     0.049    4.718      NaN           NaN            NaN gcm_circular                3.527     0.00
transformer  1002 final   lowpass   out      8  8.000     0.041    4.726      NaN           NaN            NaN gcm_circular                3.527     0.00
transformer  1002 final   lowpass   out     12 12.000     0.050    4.640      NaN           NaN            NaN gcm_circular                3.527     0.00
transformer  1002 final   lowpass   out     16 16.000     0.164    4.396      NaN           NaN            NaN         rule                4.398     0.00
transformer  1002 final   lowpass   out     24 24.000     0.384    3.856      NaN           NaN            NaN         rule                5.485     0.00
transformer  1002 final   lowpass   out     32 32.000     0.574    2.736      NaN           NaN            NaN         rule                6.840     0.00
transformer  1002 final   lowpass   out     48 48.000     0.637    2.323      NaN           NaN            NaN         rule                6.840     0.00
transformer  1002 final   lowpass   out     74 74.000     1.000    0.002      NaN           NaN            NaN         rule               40.000     0.00
transformer  1002 final   lowpass  both      0  0.000     0.007    5.004      NaN           NaN            NaN      uniform                0.200     0.00
transformer  1002 final   lowpass  both      1  1.000     0.019    4.744      NaN           NaN            NaN gcm_circular                5.485     0.00
transformer  1002 final   lowpass  both      2  2.000     0.020    4.828      NaN           NaN            NaN gcm_circular                3.527     0.00
transformer  1002 final   lowpass  both      3  3.000     0.018    4.877      NaN           NaN            NaN gcm_circular                3.527     0.00
transformer  1002 final   lowpass  both      4  4.000     0.015    4.859      NaN           NaN            NaN gcm_circular                3.527     0.00
transformer  1002 final   lowpass  both      6  6.000     0.015    4.873      NaN           NaN            NaN gcm_circular                3.527     0.00
transformer  1002 final   lowpass  both      8  8.000     0.015    4.868      NaN           NaN            NaN gcm_circular                3.527     0.00
transformer  1002 final   lowpass  both     12 12.000     0.014    4.893      NaN           NaN            NaN gcm_circular                3.527     0.00
transformer  1002 final   lowpass  both     16 16.000     0.015    4.914      NaN           NaN            NaN gcm_circular                3.527     0.00
transformer  1002 final   lowpass  both     24 24.000     0.011    5.124      NaN           NaN            NaN gcm_circular                2.828     0.00
transformer  1002 final   lowpass  both     32 32.000     0.068    3.599      NaN           NaN            NaN         rule                1.819     0.00
transformer  1002 final   lowpass  both     48 48.000     0.077    3.735      NaN           NaN            NaN         rule                1.170     0.00
transformer  1002 final   lowpass  both     74 74.000     1.000    0.002      NaN           NaN            NaN         rule               40.000     0.00
transformer  1002 final      etop    in      0  0.000     1.000    0.002      NaN           NaN            NaN         rule               40.000     0.00
transformer  1002 final      etop    in      1  0.050     0.583    1.698      NaN           NaN            NaN         rule               32.076     0.00
transformer  1002 final      etop    in      1  0.100     0.583    1.698      NaN           NaN            NaN         rule               32.076     0.00
transformer  1002 final      etop    in      2  0.200     0.375    3.348      NaN           NaN            NaN gcm_circular               16.541     0.00
transformer  1002 final      etop    in      3  0.300     0.313    4.527      NaN           NaN            NaN gcm_circular               16.541     0.00
transformer  1002 final      etop    in      4  0.400     0.192    6.465      NaN           NaN            NaN         rule                1.459     0.00
transformer  1002 final      etop    in      4  0.500     0.192    6.465      NaN           NaN            NaN         rule                1.459     0.00
transformer  1002 final      etop    in      5  0.600     0.076    9.390      NaN           NaN            NaN         rule                1.819     0.00
transformer  1002 final      etop    in      7  0.700     0.017   13.723      NaN           NaN            NaN gcm_circular                2.268     0.00
transformer  1002 final      etop    in     12  0.800     0.007   17.199      NaN           NaN            NaN      uniform                0.200     0.00
transformer  1002 final      etop    in     31  0.900     0.006   17.577      NaN           NaN            NaN      uniform                0.200     0.00
transformer  1002 final      etop    in     50  0.950     0.006   17.865      NaN           NaN            NaN      uniform                0.200     0.00
transformer  1002 final      etop    in     74  1.000     0.007   18.488      NaN           NaN            NaN   gcm_linear                0.200     0.00
transformer  1002 final      etop   out      0  0.000     1.000    0.002      NaN           NaN            NaN         rule               40.000     0.00
transformer  1002 final      etop   out      1  0.050     0.955    0.188      NaN           NaN            NaN         rule               40.000     0.00
transformer  1002 final      etop   out      1  0.100     0.955    0.188      NaN           NaN            NaN         rule               40.000     0.00
transformer  1002 final      etop   out      2  0.200     0.824    0.618      NaN           NaN            NaN         rule               32.076     0.00
transformer  1002 final      etop   out      3  0.300     0.817    0.759      NaN           NaN            NaN         rule               32.076     0.00
transformer  1002 final      etop   out      4  0.400     0.718    1.396      NaN           NaN            NaN         rule                8.530     0.00
transformer  1002 final      etop   out      5  0.500     0.595    2.290      NaN           NaN            NaN         rule                6.840     0.00
transformer  1002 final      etop   out      6  0.600     0.447    3.223      NaN           NaN            NaN         rule                5.485     0.00
transformer  1002 final      etop   out      9  0.700     0.370    3.594      NaN           NaN            NaN         rule                4.398     0.00
transformer  1002 final      etop   out     21  0.800     0.069    4.668      NaN           NaN            NaN         rule                0.938     0.00
transformer  1002 final      etop   out     38  0.900     0.005    5.096      NaN           NaN            NaN  gcm_hamming                0.484     0.00
transformer  1002 final      etop   out     54  0.950     0.004    5.069      NaN           NaN            NaN  gcm_hamming                0.752     0.00
transformer  1002 final      etop   out     74  1.000     0.007    5.004      NaN           NaN            NaN      uniform                0.200     0.00
transformer  1002 final      etop  both      0  0.000     1.000    0.002      NaN           NaN            NaN         rule               40.000     0.00
transformer  1002 final      etop  both      1  0.050     0.841    0.417      NaN           NaN            NaN         rule               40.000     0.00
transformer  1002 final      etop  both      1  0.100     0.841    0.417      NaN           NaN            NaN         rule               40.000     0.00
transformer  1002 final      etop  both      2  0.200     0.492    1.290      NaN           NaN            NaN         rule               20.627     0.00
transformer  1002 final      etop  both      3  0.300     0.469    1.488      NaN           NaN            NaN         rule               20.627     0.00
transformer  1002 final      etop  both      4  0.400     0.254    2.413      NaN           NaN            NaN         rule                1.819     0.00
transformer  1002 final      etop  both      4  0.500     0.111    3.644      NaN           NaN            NaN         rule                0.938     0.00
transformer  1002 final      etop  both      5  0.600     0.021    5.338      NaN           NaN            NaN gcm_circular                1.459     0.00
transformer  1002 final      etop  both      7  0.700     0.013    5.464      NaN           NaN            NaN         rule                1.819     0.00
transformer  1002 final      etop  both     12  0.800     0.006    5.310      NaN           NaN            NaN  gcm_hamming                0.484     0.00
transformer  1002 final      etop  both     31  0.900     0.006    5.148      NaN           NaN            NaN   gcm_linear                0.200     0.00
transformer  1002 final      etop  both     50  0.950     0.006    5.078      NaN           NaN            NaN      uniform                0.249     0.00
transformer  1002 final      etop  both     74  1.000     0.007    5.004      NaN           NaN            NaN      uniform                0.200     0.00
transformer  1002 final   ebottom    in      0  0.000     1.000    0.002      NaN           NaN            NaN         rule               40.000     0.00
transformer  1002 final   ebottom    in     25  0.050     1.000    0.001      NaN           NaN            NaN         rule               40.000     0.00
transformer  1002 final   ebottom    in     44  0.100     1.000    0.001      NaN           NaN            NaN         rule               40.000     0.00
transformer  1002 final   ebottom    in     63  0.200     1.000    0.001      NaN           NaN            NaN         rule               40.000     0.00
transformer  1002 final   ebottom    in     68  0.300     0.997    0.015      NaN           NaN            NaN         rule               40.000     0.00
transformer  1002 final   ebottom    in     70  0.400     0.853    0.401      NaN           NaN            NaN         rule               10.637     0.00
transformer  1002 final   ebottom    in     71  0.500     0.535    1.515      NaN           NaN            NaN         rule                4.398     0.00
transformer  1002 final   ebottom    in     71  0.600     0.535    1.515      NaN           NaN            NaN         rule                4.398     0.00
transformer  1002 final   ebottom    in     72  0.700     0.224    2.902      NaN           NaN            NaN         rule                0.200     0.00
transformer  1002 final   ebottom    in     73  0.800     0.033    6.305      NaN           NaN            NaN         rule                0.200     0.00
transformer  1002 final   ebottom    in     74  0.900     0.007   18.488      NaN           NaN            NaN   gcm_linear                0.200     0.00
transformer  1002 final   ebottom    in     74  0.950     0.007   18.488      NaN           NaN            NaN   gcm_linear                0.200     0.00
transformer  1002 final   ebottom    in     74  1.000     0.007   18.488      NaN           NaN            NaN   gcm_linear                0.200     0.00
transformer  1002 final   ebottom   out      0  0.000     1.000    0.002      NaN           NaN            NaN         rule               40.000     0.00
transformer  1002 final   ebottom   out     21  0.050     1.000    0.002      NaN           NaN            NaN         rule               40.000     0.00
transformer  1002 final   ebottom   out     37  0.100     1.000    0.001      NaN           NaN            NaN         rule               40.000     0.00
transformer  1002 final   ebottom   out     54  0.200     1.000    0.001      NaN           NaN            NaN         rule               40.000     0.00
transformer  1002 final   ebottom   out     66  0.300     1.000    0.002      NaN           NaN            NaN         rule               40.000     0.00
transformer  1002 final   ebottom   out     69  0.400     0.999    0.011      NaN           NaN            NaN         rule               40.000     0.00
transformer  1002 final   ebottom   out     70  0.500     0.991    0.173      NaN           NaN            NaN         rule               40.000     0.00
transformer  1002 final   ebottom   out     71  0.600     0.894    0.771      NaN           NaN            NaN         rule               13.264     0.00
transformer  1002 final   ebottom   out     72  0.700     0.576    1.895      NaN           NaN            NaN         rule                4.398     0.00
transformer  1002 final   ebottom   out     73  0.800     0.077    3.370      NaN           NaN            NaN         rule                0.200     0.00
transformer  1002 final   ebottom   out     74  0.900     0.007    5.004      NaN           NaN            NaN      uniform                0.200     0.00
transformer  1002 final   ebottom   out     74  0.950     0.007    5.004      NaN           NaN            NaN      uniform                0.200     0.00
transformer  1002 final   ebottom   out     74  1.000     0.007    5.004      NaN           NaN            NaN      uniform                0.200     0.00
transformer  1002 final   ebottom  both      0  0.000     1.000    0.002      NaN           NaN            NaN         rule               40.000     0.00
transformer  1002 final   ebottom  both     25  0.050     1.000    0.001      NaN           NaN            NaN         rule               40.000     0.00
transformer  1002 final   ebottom  both     44  0.100     1.000    0.001      NaN           NaN            NaN         rule               40.000     0.00
transformer  1002 final   ebottom  both     63  0.200     1.000    0.001      NaN           NaN            NaN         rule               40.000     0.00
transformer  1002 final   ebottom  both     68  0.300     0.998    0.018      NaN           NaN            NaN         rule               40.000     0.00
transformer  1002 final   ebottom  both     70  0.400     0.901    0.316      NaN           NaN            NaN         rule               13.264     0.00
transformer  1002 final   ebottom  both     71  0.500     0.825    0.777      NaN           NaN            NaN         rule               10.637     0.00
transformer  1002 final   ebottom  both     71  0.600     0.907    0.667      NaN           NaN            NaN         rule               16.541     0.00
transformer  1002 final   ebottom  both     72  0.700     0.589    1.881      NaN           NaN            NaN         rule                4.398     0.00
transformer  1002 final   ebottom  both     73  0.800     0.073    4.321      NaN           NaN            NaN         rule                0.200     0.00
transformer  1002 final   ebottom  both     74  0.900     0.007    5.004      NaN           NaN            NaN      uniform                0.200     0.00
transformer  1002 final   ebottom  both     74  0.950     0.007    5.004      NaN           NaN            NaN      uniform                0.200     0.00
transformer  1002 final   ebottom  both     74  1.000     0.007    5.004      NaN           NaN            NaN      uniform                0.200     0.00
transformer  1002 final     erand    in      0  0.000     1.000    0.002      NaN           NaN            NaN         rule               40.000     0.00
transformer  1002 final     erand    in      1  0.050     0.987    0.045      NaN           NaN            NaN         rule               40.000     0.00
transformer  1002 final     erand    in      1  0.100     0.987    0.045      NaN           NaN            NaN         rule               40.000     0.00
transformer  1002 final     erand    in     12  0.200     0.840    0.419      NaN           NaN            NaN         rule               10.637     0.00
transformer  1002 final     erand    in     19  0.300     0.545    1.289      NaN           NaN            NaN         rule                6.840     0.00
transformer  1002 final     erand    in     22  0.400     0.548    1.271      NaN           NaN            NaN         rule                6.840     0.00
transformer  1002 final     erand    in     23  0.500     0.252    2.699      NaN           NaN            NaN         rule                1.170     0.00
transformer  1002 final     erand    in     26  0.600     0.066    6.901      NaN           NaN            NaN         rule                0.200     0.00
transformer  1002 final     erand    in     37  0.700     0.055    6.084      NaN           NaN            NaN         rule                0.200     0.00
transformer  1002 final     erand    in     48  0.800     0.009   11.867      NaN           NaN            NaN   gcm_linear                0.388     0.00
transformer  1002 final     erand    in     52  0.900     0.009   11.793      NaN           NaN            NaN   gcm_linear                0.200     0.00
transformer  1002 final     erand    in     64  0.950     0.008   11.495      NaN           NaN            NaN   gcm_linear                0.200     0.00
transformer  1002 final     erand    in     74  1.000     0.007   18.488      NaN           NaN            NaN   gcm_linear                0.200     0.00
transformer  1002 final     erand    in      0  0.000     1.000    0.002      NaN           NaN            NaN         rule               40.000     0.00
transformer  1002 final     erand    in     10  0.050     0.590    1.623      NaN           NaN            NaN         rule               32.076     0.00
transformer  1002 final     erand    in     10  0.100     0.590    1.623      NaN           NaN            NaN         rule               32.076     0.00
transformer  1002 final     erand    in     15  0.200     0.591    1.614      NaN           NaN            NaN         rule               32.076     0.00
transformer  1002 final     erand    in     16  0.300     0.564    1.885      NaN           NaN            NaN         rule               16.541     0.00
transformer  1002 final     erand    in     37  0.400     0.542    2.024      NaN           NaN            NaN         rule               20.627     0.00
transformer  1002 final     erand    in     48  0.500     0.368    2.878      NaN           NaN            NaN         rule                4.398     0.00
transformer  1002 final     erand    in     52  0.600     0.426    2.059      NaN           NaN            NaN         rule                3.527     0.00
transformer  1002 final     erand    in     56  0.700     0.207    2.967      NaN           NaN            NaN         rule                4.398     0.00
transformer  1002 final     erand    in     57  0.800     0.046    4.609      NaN           NaN            NaN         rule                0.200     0.00
transformer  1002 final     erand    in     67  0.900     0.007   18.001      NaN           NaN            NaN      uniform                0.200     0.00
transformer  1002 final     erand    in     67  0.950     0.007   18.001      NaN           NaN            NaN      uniform                0.200     0.00
transformer  1002 final     erand    in     74  1.000     0.007   18.488      NaN           NaN            NaN   gcm_linear                0.200     0.00
transformer  1002 final     erand    in      0  0.000     1.000    0.002      NaN           NaN            NaN         rule               40.000     0.00
transformer  1002 final     erand    in     12  0.050     0.989    0.043      NaN           NaN            NaN         rule               40.000     0.00
transformer  1002 final     erand    in     12  0.100     0.989    0.043      NaN           NaN            NaN         rule               40.000     0.00
transformer  1002 final     erand    in     27  0.200     0.677    0.873      NaN           NaN            NaN         rule                8.530     0.00
transformer  1002 final     erand    in     27  0.300     0.677    0.873      NaN           NaN            NaN         rule                8.530     0.00
transformer  1002 final     erand    in     42  0.400     0.510    1.779      NaN           NaN            NaN         rule                6.840     0.00
transformer  1002 final     erand    in     47  0.500     0.498    1.839      NaN           NaN            NaN         rule                6.840     0.00
transformer  1002 final     erand    in     53  0.600     0.283    2.501      NaN           NaN            NaN         rule                8.530     0.00
transformer  1002 final     erand    in     64  0.700     0.059    7.390      NaN           NaN            NaN gcm_circular                3.527     0.00
transformer  1002 final     erand    in     64  0.800     0.059    7.390      NaN           NaN            NaN gcm_circular                3.527     0.00
transformer  1002 final     erand    in     68  0.900     0.006   17.835      NaN           NaN            NaN      uniform                0.200     0.00
transformer  1002 final     erand    in     68  0.950     0.006   17.835      NaN           NaN            NaN      uniform                0.200     0.00
transformer  1002 final     erand    in     74  1.000     0.007   18.488      NaN           NaN            NaN   gcm_linear                0.200     0.00
transformer  1002 final     erand   out      0  0.000     1.000    0.002      NaN           NaN            NaN         rule               40.000     0.00
transformer  1002 final     erand   out      1  0.050     0.999    0.012      NaN           NaN            NaN         rule               40.000     0.00
transformer  1002 final     erand   out      2  0.100     0.999    0.012      NaN           NaN            NaN         rule               40.000     0.00
transformer  1002 final     erand   out     12  0.200     0.989    0.089      NaN           NaN            NaN         rule               40.000     0.00
transformer  1002 final     erand   out     19  0.300     0.919    0.471      NaN           NaN            NaN         rule               20.627     0.00
transformer  1002 final     erand   out     23  0.400     0.768    1.111      NaN           NaN            NaN         rule                8.530     0.00
transformer  1002 final     erand   out     26  0.500     0.561    2.203      NaN           NaN            NaN         rule                4.398     0.00
transformer  1002 final     erand   out     26  0.600     0.561    2.203      NaN           NaN            NaN         rule                4.398     0.00
transformer  1002 final     erand   out     45  0.700     0.413    2.684      NaN           NaN            NaN         rule                3.527     0.00
transformer  1002 final     erand   out     48  0.800     0.170    4.296      NaN           NaN            NaN         rule                2.268     0.00
transformer  1002 final     erand   out     59  0.900     0.206    4.288      NaN           NaN            NaN         rule                2.268     0.00
transformer  1002 final     erand   out     67  0.950     0.057    4.685      NaN           NaN            NaN         rule                0.388     0.00
transformer  1002 final     erand   out     74  1.000     0.007    5.004      NaN           NaN            NaN      uniform                0.200     0.00
transformer  1002 final     erand   out      0  0.000     1.000    0.002      NaN           NaN            NaN         rule               40.000     0.00
transformer  1002 final     erand   out     10  0.050     0.956    0.204      NaN           NaN            NaN         rule               40.000     0.00
transformer  1002 final     erand   out     10  0.100     0.956    0.204      NaN           NaN            NaN         rule               40.000     0.00
transformer  1002 final     erand   out     11  0.200     0.956    0.204      NaN           NaN            NaN         rule               40.000     0.00
transformer  1002 final     erand   out     16  0.300     0.955    0.267      NaN           NaN            NaN         rule               40.000     0.00
transformer  1002 final     erand   out     28  0.400     0.943    0.329      NaN           NaN            NaN         rule               40.000     0.00
transformer  1002 final     erand   out     47  0.500     0.947    0.398      NaN           NaN            NaN         rule               40.000     0.00
transformer  1002 final     erand   out     48  0.600     0.823    1.076      NaN           NaN            NaN         rule               10.637     0.00
transformer  1002 final     erand   out     56  0.700     0.400    2.333      NaN           NaN            NaN         rule                6.840     0.00
transformer  1002 final     erand   out     57  0.800     0.162    3.359      NaN           NaN            NaN         rule                1.819     0.00
transformer  1002 final     erand   out     67  0.900     0.007    4.950      NaN           NaN            NaN      uniform                0.200     0.00
transformer  1002 final     erand   out     67  0.950     0.007    4.950      NaN           NaN            NaN      uniform                0.200     0.00
transformer  1002 final     erand   out     74  1.000     0.007    5.004      NaN           NaN            NaN      uniform                0.200     0.00
transformer  1002 final     erand   out      0  0.000     1.000    0.002      NaN           NaN            NaN         rule               40.000     0.00
transformer  1002 final     erand   out     11  0.050     1.000    0.002      NaN           NaN            NaN         rule               40.000     0.00
transformer  1002 final     erand   out     12  0.100     0.999    0.012      NaN           NaN            NaN         rule               40.000     0.00
transformer  1002 final     erand   out     20  0.200     1.000    0.013      NaN           NaN            NaN         rule               40.000     0.00
transformer  1002 final     erand   out     27  0.300     0.976    0.186      NaN           NaN            NaN         rule               40.000     0.00
transformer  1002 final     erand   out     41  0.400     0.979    0.210      NaN           NaN            NaN         rule               40.000     0.00
transformer  1002 final     erand   out     42  0.500     0.952    0.553      NaN           NaN            NaN         rule               32.076     0.00
transformer  1002 final     erand   out     53  0.600     0.795    1.309      NaN           NaN            NaN         rule               16.541     0.00
transformer  1002 final     erand   out     64  0.700     0.400    2.963      NaN           NaN            NaN         rule                4.398     0.00
transformer  1002 final     erand   out     65  0.800     0.373    3.028      NaN           NaN            NaN         rule                4.398     0.00
transformer  1002 final     erand   out     68  0.900     0.039    4.797      NaN           NaN            NaN         rule                0.603     0.00
transformer  1002 final     erand   out     68  0.950     0.039    4.797      NaN           NaN            NaN         rule                0.603     0.00
transformer  1002 final     erand   out     74  1.000     0.007    5.004      NaN           NaN            NaN      uniform                0.200     0.00
transformer  1002 final     erand  both      0  0.000     1.000    0.002      NaN           NaN            NaN         rule               40.000     0.00
transformer  1002 final     erand  both      1  0.050     0.953    0.177      NaN           NaN            NaN         rule               20.627     0.00
transformer  1002 final     erand  both      1  0.100     0.953    0.177      NaN           NaN            NaN         rule               20.627     0.00
transformer  1002 final     erand  both     12  0.200     0.686    0.834      NaN           NaN            NaN         rule                5.485     0.00
transformer  1002 final     erand  both     19  0.300     0.390    1.785      NaN           NaN            NaN         rule                3.527     0.00
transformer  1002 final     erand  both     22  0.400     0.213    3.026      NaN           NaN            NaN         rule                2.268     0.00
transformer  1002 final     erand  both     23  0.500     0.023    5.350      NaN           NaN            NaN         rule                0.484     0.00
transformer  1002 final     erand  both     26  0.600     0.025    5.804      NaN           NaN            NaN         rule                0.200     0.00
transformer  1002 final     erand  both     37  0.700     0.018    5.504      NaN           NaN            NaN         rule                0.200     0.00
transformer  1002 final     erand  both     48  0.800     0.012    5.970      NaN           NaN            NaN         rule                0.200     0.00
transformer  1002 final     erand  both     52  0.900     0.008    5.082      NaN           NaN            NaN      uniform                0.200     0.00
transformer  1002 final     erand  both     64  0.950     0.006    5.069      NaN           NaN            NaN      uniform                0.200     0.00
transformer  1002 final     erand  both     74  1.000     0.007    5.004      NaN           NaN            NaN      uniform                0.200     0.00
transformer  1002 final     erand  both      0  0.000     1.000    0.002      NaN           NaN            NaN         rule               40.000     0.00
transformer  1002 final     erand  both     10  0.050     0.491    2.379      NaN           NaN            NaN         rule               25.722     0.00
transformer  1002 final     erand  both     10  0.100     0.491    2.379      NaN           NaN            NaN         rule               25.722     0.00
transformer  1002 final     erand  both     15  0.200     0.483    2.418      NaN           NaN            NaN         rule               25.722     0.00
transformer  1002 final     erand  both     16  0.300     0.324    3.589      NaN           NaN            NaN gcm_circular               16.541     0.00
transformer  1002 final     erand  both     37  0.400     0.388    3.299      NaN           NaN            NaN gcm_circular               20.627     0.00
transformer  1002 final     erand  both     48  0.500     0.176    3.907      NaN           NaN            NaN         rule                2.268     0.00
transformer  1002 final     erand  both     52  0.600     0.184    3.908      NaN           NaN            NaN         rule                2.268     0.00
transformer  1002 final     erand  both     56  0.700     0.022    4.967      NaN           NaN            NaN  gcm_hamming                0.200     0.00
transformer  1002 final     erand  both     57  0.800     0.004    5.287      NaN           NaN            NaN  gcm_hamming                0.200     0.00
transformer  1002 final     erand  both     67  0.900     0.006    5.203      NaN           NaN            NaN      uniform                0.311     0.00
transformer  1002 final     erand  both     67  0.950     0.006    5.104      NaN           NaN            NaN      uniform                0.200     0.00
transformer  1002 final     erand  both     74  1.000     0.007    5.004      NaN           NaN            NaN      uniform                0.200     0.00
transformer  1002 final     erand  both      0  0.000     1.000    0.002      NaN           NaN            NaN         rule               40.000     0.00
transformer  1002 final     erand  both     12  0.050     0.989    0.044      NaN           NaN            NaN         rule               40.000     0.00
transformer  1002 final     erand  both     12  0.100     0.992    0.040      NaN           NaN            NaN         rule               40.000     0.00
transformer  1002 final     erand  both     27  0.200     0.846    0.430      NaN           NaN            NaN         rule               16.541     0.00
transformer  1002 final     erand  both     27  0.300     0.705    0.945      NaN           NaN            NaN         rule               10.637     0.00
transformer  1002 final     erand  both     42  0.400     0.340    2.552      NaN           NaN            NaN         rule                6.840     0.00
transformer  1002 final     erand  both     47  0.500     0.151    4.109      NaN           NaN            NaN         rule                1.459     0.00
transformer  1002 final     erand  both     53  0.600     0.031    5.157      NaN           NaN            NaN gcm_circular                2.828     0.00
transformer  1002 final     erand  both     64  0.700     0.012    5.607      NaN           NaN            NaN gcm_circular                1.170     0.00
transformer  1002 final     erand  both     64  0.800     0.006    5.443      NaN           NaN            NaN   gcm_linear                0.311     0.00
transformer  1002 final     erand  both     68  0.900     0.007    5.004      NaN           NaN            NaN      uniform                0.200     0.00
transformer  1002 final     erand  both     68  0.950     0.007    5.004      NaN           NaN            NaN      uniform                0.200     0.00
transformer  1002 final     erand  both     74  1.000     0.007    5.004      NaN           NaN            NaN      uniform                0.200     0.00
transformer  1002 final      topk    in     31  0.000     1.000    0.002      NaN           NaN            NaN         rule               40.000     0.00
transformer  1002 final      topk    in     31  0.250     1.000    0.003      NaN           NaN            NaN         rule               40.000     0.00
transformer  1002 final      topk    in     31  0.500     0.999    0.007      NaN           NaN            NaN         rule               40.000     0.00
transformer  1002 final      topk    in     31  0.750     0.946    0.179      NaN           NaN            NaN         rule               32.076     0.00
transformer  1002 final      topk    in     31  1.000     0.006   17.577      NaN           NaN            NaN      uniform                0.200     0.00
transformer  1002 final      topk   out     38  0.000     1.000    0.002      NaN           NaN            NaN         rule               40.000     0.00
transformer  1002 final      topk   out     38  0.250     1.000    0.008      NaN           NaN            NaN         rule               40.000     0.00
transformer  1002 final      topk   out     38  0.500     1.000    0.069      NaN           NaN            NaN         rule               40.000     0.00
transformer  1002 final      topk   out     38  0.750     0.993    0.877      NaN           NaN            NaN         rule               40.000     0.00
transformer  1002 final      topk   out     38  1.000     0.005    5.096      NaN           NaN            NaN  gcm_hamming                0.484     0.00
transformer  1002 final      topk  both     31  0.000     1.000    0.002      NaN           NaN            NaN         rule               40.000     0.00
transformer  1002 final      topk  both     31  0.250     1.000    0.010      NaN           NaN            NaN         rule               40.000     0.00
transformer  1002 final      topk  both     31  0.500     0.997    0.100      NaN           NaN            NaN         rule               40.000     0.00
transformer  1002 final      topk  both     31  0.750     0.856    1.329      NaN           NaN            NaN         rule               13.264     0.00
transformer  1002 final      topk  both     31  1.000     0.007    5.193      NaN           NaN            NaN      uniform                0.484     0.00
transformer  1002 final     randk    in     31  0.000     1.000    0.002      NaN           NaN            NaN         rule               40.000     0.00
transformer  1002 final     randk    in     31  0.250     1.000    0.002      NaN           NaN            NaN         rule               40.000     0.00
transformer  1002 final     randk    in     31  0.500     1.000    0.002      NaN           NaN            NaN         rule               40.000     0.00
transformer  1002 final     randk    in     31  0.750     1.000    0.001      NaN           NaN            NaN         rule               40.000     0.00
transformer  1002 final     randk    in     31  1.000     1.000    0.001      NaN           NaN            NaN         rule               40.000     0.00
transformer  1002 final     randk    in     31  0.000     1.000    0.002      NaN           NaN            NaN         rule               40.000     0.00
transformer  1002 final     randk    in     31  0.250     1.000    0.002      NaN           NaN            NaN         rule               40.000     0.00
transformer  1002 final     randk    in     31  0.500     1.000    0.002      NaN           NaN            NaN         rule               40.000     0.00
transformer  1002 final     randk    in     31  0.750     1.000    0.001      NaN           NaN            NaN         rule               40.000     0.00
transformer  1002 final     randk    in     31  1.000     1.000    0.001      NaN           NaN            NaN         rule               40.000     0.00
transformer  1002 final     randk    in     31  0.000     1.000    0.002      NaN           NaN            NaN         rule               40.000     0.00
transformer  1002 final     randk    in     31  0.250     1.000    0.002      NaN           NaN            NaN         rule               40.000     0.00
transformer  1002 final     randk    in     31  0.500     1.000    0.002      NaN           NaN            NaN         rule               40.000     0.00
transformer  1002 final     randk    in     31  0.750     1.000    0.002      NaN           NaN            NaN         rule               40.000     0.00
transformer  1002 final     randk    in     31  1.000     1.000    0.002      NaN           NaN            NaN         rule               40.000     0.00
transformer  1002 final     randk   out     36  0.000     1.000    0.002      NaN           NaN            NaN         rule               40.000     0.00
transformer  1002 final     randk   out     36  0.250     1.000    0.002      NaN           NaN            NaN         rule               40.000     0.00
transformer  1002 final     randk   out     36  0.500     1.000    0.001      NaN           NaN            NaN         rule               40.000     0.00
transformer  1002 final     randk   out     36  0.750     1.000    0.001      NaN           NaN            NaN         rule               40.000     0.00
transformer  1002 final     randk   out     36  1.000     1.000    0.001      NaN           NaN            NaN         rule               40.000     0.00
transformer  1002 final     randk   out     36  0.000     1.000    0.002      NaN           NaN            NaN         rule               40.000     0.00
transformer  1002 final     randk   out     36  0.250     1.000    0.002      NaN           NaN            NaN         rule               40.000     0.00
transformer  1002 final     randk   out     36  0.500     1.000    0.001      NaN           NaN            NaN         rule               40.000     0.00
transformer  1002 final     randk   out     36  0.750     1.000    0.001      NaN           NaN            NaN         rule               40.000     0.00
transformer  1002 final     randk   out     36  1.000     1.000    0.001      NaN           NaN            NaN         rule               40.000     0.00
transformer  1002 final     randk   out     36  0.000     1.000    0.002      NaN           NaN            NaN         rule               40.000     0.00
transformer  1002 final     randk   out     36  0.250     1.000    0.002      NaN           NaN            NaN         rule               40.000     0.00
transformer  1002 final     randk   out     36  0.500     1.000    0.001      NaN           NaN            NaN         rule               40.000     0.00
transformer  1002 final     randk   out     36  0.750     1.000    0.001      NaN           NaN            NaN         rule               40.000     0.00
transformer  1002 final     randk   out     36  1.000     1.000    0.001      NaN           NaN            NaN         rule               40.000     0.00
transformer  1002 final     randk  both     31  0.000     1.000    0.002      NaN           NaN            NaN         rule               40.000     0.00
transformer  1002 final     randk  both     31  0.250     1.000    0.002      NaN           NaN            NaN         rule               40.000     0.00
transformer  1002 final     randk  both     31  0.500     1.000    0.001      NaN           NaN            NaN         rule               40.000     0.00
transformer  1002 final     randk  both     31  0.750     1.000    0.001      NaN           NaN            NaN         rule               40.000     0.00
transformer  1002 final     randk  both     31  1.000     1.000    0.001      NaN           NaN            NaN         rule               40.000     0.00
transformer  1002 final     randk  both     31  0.000     1.000    0.002      NaN           NaN            NaN         rule               40.000     0.00
transformer  1002 final     randk  both     31  0.250     1.000    0.002      NaN           NaN            NaN         rule               40.000     0.00
transformer  1002 final     randk  both     31  0.500     1.000    0.001      NaN           NaN            NaN         rule               40.000     0.00
transformer  1002 final     randk  both     31  0.750     1.000    0.001      NaN           NaN            NaN         rule               40.000     0.00
transformer  1002 final     randk  both     31  1.000     1.000    0.001      NaN           NaN            NaN         rule               40.000     0.00
transformer  1002 final     randk  both     31  0.000     1.000    0.002      NaN           NaN            NaN         rule               40.000     0.00
transformer  1002 final     randk  both     31  0.250     1.000    0.002      NaN           NaN            NaN         rule               40.000     0.00
transformer  1002 final     randk  both     31  0.500     1.000    0.001      NaN           NaN            NaN         rule               40.000     0.00
transformer  1002 final     randk  both     31  0.750     1.000    0.001      NaN           NaN            NaN         rule               40.000     0.00
transformer  1002 final     randk  both     31  1.000     1.000    0.001      NaN           NaN            NaN         rule               40.000     0.00
transformer  1002 final  residual    in     43  0.000     1.000    0.002      NaN           NaN            NaN         rule               40.000     0.00
transformer  1002 final  residual    in     43  0.250     1.000    0.002      NaN           NaN            NaN         rule               40.000     0.00
transformer  1002 final  residual    in     43  0.500     1.000    0.001      NaN           NaN            NaN         rule               40.000     0.00
transformer  1002 final  residual    in     43  0.750     1.000    0.001      NaN           NaN            NaN         rule               40.000     0.00
transformer  1002 final  residual    in     43  1.000     1.000    0.001      NaN           NaN            NaN         rule               40.000     0.00
transformer  1002 final  residual   out     36  0.000     1.000    0.002      NaN           NaN            NaN         rule               40.000     0.00
transformer  1002 final  residual   out     36  0.250     1.000    0.002      NaN           NaN            NaN         rule               40.000     0.00
transformer  1002 final  residual   out     36  0.500     1.000    0.001      NaN           NaN            NaN         rule               40.000     0.00
transformer  1002 final  residual   out     36  0.750     1.000    0.001      NaN           NaN            NaN         rule               40.000     0.00
transformer  1002 final  residual   out     36  1.000     1.000    0.001      NaN           NaN            NaN         rule               40.000     0.00
transformer  1002 final  residual  both     43  0.000     1.000    0.002      NaN           NaN            NaN         rule               40.000     0.00
transformer  1002 final  residual  both     43  0.250     1.000    0.001      NaN           NaN            NaN         rule               40.000     0.00
transformer  1002 final  residual  both     43  0.500     1.000    0.001      NaN           NaN            NaN         rule               40.000     0.00
transformer  1002 final  residual  both     43  0.750     1.000    0.001      NaN           NaN            NaN         rule               40.000     0.00
transformer  1002 final  residual  both     43  1.000     1.000    0.001      NaN           NaN            NaN         rule               40.000     0.00
transformer  1000 final      none     -      0  0.000     1.000    0.004      NaN           NaN            NaN         rule               40.000     0.00
transformer  1000 final   lowpass    in      0  0.000     0.007   14.317      NaN           NaN            NaN      uniform                0.200     0.00
transformer  1000 final   lowpass    in      1  1.000     0.007   15.333      NaN           NaN            NaN      uniform                1.459     0.00
transformer  1000 final   lowpass    in      2  2.000     0.008   15.531      NaN           NaN            NaN gcm_circular                1.459     0.00
transformer  1000 final   lowpass    in      3  3.000     0.006   15.072      NaN           NaN            NaN      uniform                0.752     0.00
transformer  1000 final   lowpass    in      4  4.000     0.008   14.550      NaN           NaN            NaN   gcm_linear                0.752     0.00
transformer  1000 final   lowpass    in      6  6.000     0.007   14.189      NaN           NaN            NaN   gcm_linear                0.752     0.00
transformer  1000 final   lowpass    in      8  8.000     0.007   14.331      NaN           NaN            NaN gcm_circular                0.752     0.00
transformer  1000 final   lowpass    in     12 12.000     0.009   14.477      NaN           NaN            NaN gcm_circular                0.603     0.00
transformer  1000 final   lowpass    in     16 16.000     0.008   14.467      NaN           NaN            NaN gcm_circular                0.484     0.00
transformer  1000 final   lowpass    in     24 24.000     0.039    6.283      NaN           NaN            NaN         rule                0.200     0.00
transformer  1000 final   lowpass    in     32 32.000     0.650    1.159      NaN           NaN            NaN         rule                5.485     0.00
transformer  1000 final   lowpass    in     48 48.000     0.744    0.794      NaN           NaN            NaN         rule                8.530     0.00
transformer  1000 final   lowpass    in     74 74.000     1.000    0.004      NaN           NaN            NaN         rule               40.000     0.00
transformer  1000 final   lowpass   out      0  0.000     0.007    5.004      NaN           NaN            NaN      uniform                0.200     0.00
transformer  1000 final   lowpass   out      1  1.000     0.008    5.000      NaN           NaN            NaN      uniform                1.170     0.00
transformer  1000 final   lowpass   out      2  2.000     0.008    4.998      NaN           NaN            NaN gcm_circular                1.170     0.00
transformer  1000 final   lowpass   out      3  3.000     0.037    4.743      NaN           NaN            NaN         rule                1.459     0.00
transformer  1000 final   lowpass   out      4  4.000     0.102    4.479      NaN           NaN            NaN gcm_circular                4.398     0.00
transformer  1000 final   lowpass   out      6  6.000     0.094    4.473      NaN           NaN            NaN gcm_circular                4.398     0.00
transformer  1000 final   lowpass   out      8  8.000     0.137    4.221      NaN           NaN            NaN         rule                4.398     0.00
transformer  1000 final   lowpass   out     12 12.000     0.152    4.162      NaN           NaN            NaN         rule                4.398     0.00
transformer  1000 final   lowpass   out     16 16.000     0.120    4.165      NaN           NaN            NaN         rule                4.398     0.00
transformer  1000 final   lowpass   out     24 24.000     0.489    3.416      NaN           NaN            NaN         rule                4.398     0.00
transformer  1000 final   lowpass   out     32 32.000     0.956    0.749      NaN           NaN            NaN         rule               25.722     0.00
transformer  1000 final   lowpass   out     48 48.000     0.995    0.156      NaN           NaN            NaN         rule               40.000     0.00
transformer  1000 final   lowpass   out     74 74.000     1.000    0.004      NaN           NaN            NaN         rule               40.000     0.00
transformer  1000 final   lowpass  both      0  0.000     0.007    5.004      NaN           NaN            NaN      uniform                0.200     0.00
transformer  1000 final   lowpass  both      1  1.000     0.008    4.991      NaN           NaN            NaN gcm_circular                2.268     0.00
transformer  1000 final   lowpass  both      2  2.000     0.012    4.977      NaN           NaN            NaN gcm_circular                2.268     0.00
transformer  1000 final   lowpass  both      3  3.000     0.007    5.021      NaN           NaN            NaN   gcm_linear                0.938     0.00
transformer  1000 final   lowpass  both      4  4.000     0.009    5.020      NaN           NaN            NaN gcm_circular                1.170     0.00
transformer  1000 final   lowpass  both      6  6.000     0.008    5.023      NaN           NaN            NaN      uniform                0.200     0.00
transformer  1000 final   lowpass  both      8  8.000     0.008    5.091      NaN           NaN            NaN      uniform                0.938     0.00
transformer  1000 final   lowpass  both     12 12.000     0.008    5.143      NaN           NaN            NaN  gcm_hamming                0.200     0.00
transformer  1000 final   lowpass  both     16 16.000     0.007    5.154      NaN           NaN            NaN      uniform                0.200     0.00
transformer  1000 final   lowpass  both     24 24.000     0.047    3.882      NaN           NaN            NaN         rule                0.200     0.00
transformer  1000 final   lowpass  both     32 32.000     0.750    1.110      NaN           NaN            NaN         rule                8.530     0.00
transformer  1000 final   lowpass  both     48 48.000     0.908    0.480      NaN           NaN            NaN         rule               16.541     0.00
transformer  1000 final   lowpass  both     74 74.000     1.000    0.004      NaN           NaN            NaN         rule               40.000     0.00
transformer  1000 final      etop    in      0  0.000     1.000    0.004      NaN           NaN            NaN         rule               40.000     0.00
transformer  1000 final      etop    in      1  0.050     0.495    1.957      NaN           NaN            NaN         rule                5.485     0.00
transformer  1000 final      etop    in      1  0.100     0.495    1.957      NaN           NaN            NaN         rule                5.485     0.00
transformer  1000 final      etop    in      2  0.200     0.336    3.588      NaN           NaN            NaN         rule                4.398     0.00
transformer  1000 final      etop    in      2  0.300     0.336    3.588      NaN           NaN            NaN         rule                4.398     0.00
transformer  1000 final      etop    in      3  0.400     0.223    5.823      NaN           NaN            NaN         rule                2.828     0.00
transformer  1000 final      etop    in      4  0.500     0.115    9.891      NaN           NaN            NaN         rule                1.170     0.00
transformer  1000 final      etop    in      5  0.600     0.058   10.894      NaN           NaN            NaN         rule                0.200     0.00
transformer  1000 final      etop    in      6  0.700     0.029   12.660      NaN           NaN            NaN         rule                0.200     0.00
transformer  1000 final      etop    in      9  0.800     0.006   14.395      NaN           NaN            NaN  gcm_hamming                0.200     0.00
transformer  1000 final      etop    in     26  0.900     0.007   14.935      NaN           NaN            NaN  gcm_hamming                0.200     0.00
transformer  1000 final      etop    in     47  0.950     0.006   15.027      NaN           NaN            NaN      uniform                0.200     0.00
transformer  1000 final      etop    in     74  1.000     0.007   14.317      NaN           NaN            NaN      uniform                0.200     0.00
transformer  1000 final      etop   out      0  0.000     1.000    0.004      NaN           NaN            NaN         rule               40.000     0.00
transformer  1000 final      etop   out      1  0.050     0.991    0.058      NaN           NaN            NaN         rule               40.000     0.00
transformer  1000 final      etop   out      1  0.100     0.991    0.058      NaN           NaN            NaN         rule               40.000     0.00
transformer  1000 final      etop   out      2  0.200     0.984    0.140      NaN           NaN            NaN         rule               40.000     0.00
transformer  1000 final      etop   out      2  0.300     0.984    0.140      NaN           NaN            NaN         rule               40.000     0.00
transformer  1000 final      etop   out      3  0.400     0.970    0.325      NaN           NaN            NaN         rule               40.000     0.00
transformer  1000 final      etop   out      4  0.500     0.940    0.711      NaN           NaN            NaN         rule               20.627     0.00
transformer  1000 final      etop   out      6  0.600     0.846    1.570      NaN           NaN            NaN         rule               10.637     0.00
transformer  1000 final      etop   out      9  0.700     0.731    2.422      NaN           NaN            NaN         rule                6.840     0.00
transformer  1000 final      etop   out     15  0.800     0.318    3.799      NaN           NaN            NaN         rule                2.828     0.00
transformer  1000 final      etop   out     27  0.900     0.015    5.003      NaN           NaN            NaN         rule                1.459     0.00
transformer  1000 final      etop   out     48  0.950     0.009    5.031      NaN           NaN            NaN      uniform                0.200     0.00
transformer  1000 final      etop   out     74  1.000     0.007    5.004      NaN           NaN            NaN      uniform                0.200     0.00
transformer  1000 final      etop  both      0  0.000     1.000    0.004      NaN           NaN            NaN         rule               40.000     0.00
transformer  1000 final      etop  both      1  0.050     0.624    0.843      NaN           NaN            NaN         rule                6.840     0.00
transformer  1000 final      etop  both      1  0.100     0.624    0.843      NaN           NaN            NaN         rule                6.840     0.00
transformer  1000 final      etop  both      2  0.200     0.440    1.510      NaN           NaN            NaN         rule                4.398     0.00
transformer  1000 final      etop  both      2  0.300     0.440    1.510      NaN           NaN            NaN         rule                4.398     0.00
transformer  1000 final      etop  both      3  0.400     0.345    2.181      NaN           NaN            NaN         rule                3.527     0.00
transformer  1000 final      etop  both      4  0.500     0.143    3.578      NaN           NaN            NaN         rule                1.170     0.00
transformer  1000 final      etop  both      5  0.600     0.027    4.881      NaN           NaN            NaN         rule                0.200     0.00
transformer  1000 final      etop  both      6  0.700     0.013    5.452      NaN           NaN            NaN  gcm_hamming                0.200     0.00
transformer  1000 final      etop  both      9  0.800     0.006    5.340      NaN           NaN            NaN      uniform                0.249     0.00
transformer  1000 final      etop  both     26  0.900     0.007    5.137      NaN           NaN            NaN      uniform                0.249     0.00
transformer  1000 final      etop  both     47  0.950     0.007    5.064      NaN           NaN            NaN      uniform                0.200     0.00
transformer  1000 final      etop  both     74  1.000     0.007    5.004      NaN           NaN            NaN      uniform                0.200     0.00
transformer  1000 final   ebottom    in      0  0.000     1.000    0.004      NaN           NaN            NaN         rule               40.000     0.00
transformer  1000 final   ebottom    in     28  0.050     1.000    0.004      NaN           NaN            NaN         rule               40.000     0.00
transformer  1000 final   ebottom    in     49  0.100     1.000    0.003      NaN           NaN            NaN         rule               40.000     0.00
transformer  1000 final   ebottom    in     66  0.200     1.000    0.003      NaN           NaN            NaN         rule               40.000     0.00
transformer  1000 final   ebottom    in     69  0.300     0.988    0.046      NaN           NaN            NaN         rule               40.000     0.00
transformer  1000 final   ebottom    in     70  0.400     0.960    0.154      NaN           NaN            NaN         rule               40.000     0.00
transformer  1000 final   ebottom    in     71  0.500     0.743    0.855      NaN           NaN            NaN         rule               10.637     0.00
transformer  1000 final   ebottom    in     72  0.600     0.263    3.019      NaN           NaN            NaN         rule                1.459     0.00
transformer  1000 final   ebottom    in     73  0.700     0.048    6.136      NaN           NaN            NaN         rule                0.200     0.00
transformer  1000 final   ebottom    in     73  0.800     0.048    6.136      NaN           NaN            NaN         rule                0.200     0.00
transformer  1000 final   ebottom    in     74  0.900     0.007   14.317      NaN           NaN            NaN      uniform                0.200     0.00
transformer  1000 final   ebottom    in     74  0.950     0.007   14.317      NaN           NaN            NaN      uniform                0.200     0.00
transformer  1000 final   ebottom    in     74  1.000     0.007   14.317      NaN           NaN            NaN      uniform                0.200     0.00
transformer  1000 final   ebottom   out      0  0.000     1.000    0.004      NaN           NaN            NaN         rule               40.000     0.00
transformer  1000 final   ebottom   out     27  0.050     1.000    0.003      NaN           NaN            NaN         rule               40.000     0.00
transformer  1000 final   ebottom   out     48  0.100     1.000    0.003      NaN           NaN            NaN         rule               40.000     0.00
transformer  1000 final   ebottom   out     60  0.200     1.000    0.005      NaN           NaN            NaN         rule               40.000     0.00
transformer  1000 final   ebottom   out     66  0.300     1.000    0.013      NaN           NaN            NaN         rule               40.000     0.00
transformer  1000 final   ebottom   out     69  0.400     1.000    0.044      NaN           NaN            NaN         rule               40.000     0.00
transformer  1000 final   ebottom   out     71  0.500     0.970    0.785      NaN           NaN            NaN         rule               40.000     0.00
transformer  1000 final   ebottom   out     72  0.600     0.587    2.067      NaN           NaN            NaN         rule                4.398     0.00
transformer  1000 final   ebottom   out     73  0.700     0.092    3.521      NaN           NaN            NaN         rule                0.200     0.00
transformer  1000 final   ebottom   out     73  0.800     0.092    3.521      NaN           NaN            NaN         rule                0.200     0.00
transformer  1000 final   ebottom   out     74  0.900     0.007    5.004      NaN           NaN            NaN      uniform                0.200     0.00
transformer  1000 final   ebottom   out     74  0.950     0.007    5.004      NaN           NaN            NaN      uniform                0.200     0.00
transformer  1000 final   ebottom   out     74  1.000     0.007    5.004      NaN           NaN            NaN      uniform                0.200     0.00
transformer  1000 final   ebottom  both      0  0.000     1.000    0.004      NaN           NaN            NaN         rule               40.000     0.00
transformer  1000 final   ebottom  both     28  0.050     1.000    0.003      NaN           NaN            NaN         rule               40.000     0.00
transformer  1000 final   ebottom  both     49  0.100     1.000    0.002      NaN           NaN            NaN         rule               40.000     0.00
transformer  1000 final   ebottom  both     66  0.200     1.000    0.004      NaN           NaN            NaN         rule               40.000     0.00
transformer  1000 final   ebottom  both     69  0.300     0.991    0.094      NaN           NaN            NaN         rule               40.000     0.00
transformer  1000 final   ebottom  both     70  0.400     0.980    0.180      NaN           NaN            NaN         rule               40.000     0.00
transformer  1000 final   ebottom  both     71  0.500     0.895    0.947      NaN           NaN            NaN         rule               20.627     0.00
transformer  1000 final   ebottom  both     72  0.600     0.476    2.305      NaN           NaN            NaN         rule                3.527     0.00
transformer  1000 final   ebottom  both     73  0.700     0.059    4.028      NaN           NaN            NaN         rule                0.200     0.00
transformer  1000 final   ebottom  both     73  0.800     0.059    4.028      NaN           NaN            NaN         rule                0.200     0.00
transformer  1000 final   ebottom  both     74  0.900     0.007    5.004      NaN           NaN            NaN      uniform                0.200     0.00
transformer  1000 final   ebottom  both     74  0.950     0.007    5.004      NaN           NaN            NaN      uniform                0.200     0.00
transformer  1000 final   ebottom  both     74  1.000     0.007    5.004      NaN           NaN            NaN      uniform                0.200     0.00
transformer  1000 final     erand    in      0  0.000     1.000    0.004      NaN           NaN            NaN         rule               40.000     0.00
transformer  1000 final     erand    in     12  0.050     0.857    0.452      NaN           NaN            NaN         rule               16.541     0.00
transformer  1000 final     erand    in     12  0.100     0.857    0.452      NaN           NaN            NaN         rule               16.541     0.00
transformer  1000 final     erand    in     18  0.200     0.862    0.431      NaN           NaN            NaN         rule               16.541     0.00
transformer  1000 final     erand    in     27  0.300     0.799    0.639      NaN           NaN            NaN         rule               13.264     0.00
transformer  1000 final     erand    in     43  0.400     0.232    2.508      NaN           NaN            NaN         rule                1.819     0.00
transformer  1000 final     erand    in     43  0.500     0.232    2.508      NaN           NaN            NaN         rule                1.819     0.00
transformer  1000 final     erand    in     56  0.600     0.153    3.506      NaN           NaN            NaN         rule                1.459     0.00
transformer  1000 final     erand    in     56  0.700     0.153    3.506      NaN           NaN            NaN         rule                1.459     0.00
transformer  1000 final     erand    in     64  0.800     0.076    6.229      NaN           NaN            NaN         rule                0.200     0.00
transformer  1000 final     erand    in     74  0.900     0.007   14.317      NaN           NaN            NaN      uniform                0.200     0.00
transformer  1000 final     erand    in     74  0.950     0.007   14.317      NaN           NaN            NaN      uniform                0.200     0.00
transformer  1000 final     erand    in     74  1.000     0.007   14.317      NaN           NaN            NaN      uniform                0.200     0.00
transformer  1000 final     erand    in      0  0.000     1.000    0.004      NaN           NaN            NaN         rule               40.000     0.00
transformer  1000 final     erand    in      9  0.050     0.999    0.017      NaN           NaN            NaN         rule               40.000     0.00
transformer  1000 final     erand    in      9  0.100     0.999    0.017      NaN           NaN            NaN         rule               40.000     0.00
transformer  1000 final     erand    in     11  0.200     0.877    0.366      NaN           NaN            NaN         rule               40.000     0.00
transformer  1000 final     erand    in     12  0.300     0.377    3.060      NaN           NaN            NaN         rule                4.398     0.00
transformer  1000 final     erand    in     12  0.400     0.377    3.060      NaN           NaN            NaN         rule                4.398     0.00
transformer  1000 final     erand    in     37  0.500     0.311    2.170      NaN           NaN            NaN         rule                1.819     0.00
transformer  1000 final     erand    in     57  0.600     0.104    5.906      NaN           NaN            NaN         rule                0.200     0.00
transformer  1000 final     erand    in     57  0.700     0.104    5.906      NaN           NaN            NaN         rule                0.200     0.00
transformer  1000 final     erand    in     63  0.800     0.039    5.481      NaN           NaN            NaN         rule                0.388     0.00
transformer  1000 final     erand    in     74  0.900     0.007   14.317      NaN           NaN            NaN      uniform                0.200     0.00
transformer  1000 final     erand    in     74  0.950     0.007   14.317      NaN           NaN            NaN      uniform                0.200     0.00
transformer  1000 final     erand    in     74  1.000     0.007   14.317      NaN           NaN            NaN      uniform                0.200     0.00
transformer  1000 final     erand    in      0  0.000     1.000    0.004      NaN           NaN            NaN         rule               40.000     0.00
transformer  1000 final     erand    in     20  0.050     1.000    0.004      NaN           NaN            NaN         rule               40.000     0.00
transformer  1000 final     erand    in     21  0.100     0.998    0.017      NaN           NaN            NaN         rule               40.000     0.00
transformer  1000 final     erand    in     24  0.200     0.663    1.107      NaN           NaN            NaN         rule                5.485     0.00
transformer  1000 final     erand    in     26  0.300     0.800    0.536      NaN           NaN            NaN         rule                8.530     0.00
transformer  1000 final     erand    in     31  0.400     0.350    3.262      NaN           NaN            NaN         rule                4.398     0.00
transformer  1000 final     erand    in     31  0.500     0.350    3.262      NaN           NaN            NaN         rule                4.398     0.00
transformer  1000 final     erand    in     45  0.600     0.333    3.937      NaN           NaN            NaN         rule                4.398     0.00
transformer  1000 final     erand    in     53  0.700     0.034    5.431      NaN           NaN            NaN   gcm_linear                0.200     0.00
transformer  1000 final     erand    in     53  0.800     0.034    5.431      NaN           NaN            NaN   gcm_linear                0.200     0.00
transformer  1000 final     erand    in     59  0.900     0.007   12.823      NaN           NaN            NaN  gcm_hamming                0.200     0.00
transformer  1000 final     erand    in     66  0.950     0.007   12.014      NaN           NaN            NaN  gcm_hamming                0.311     0.00
transformer  1000 final     erand    in     74  1.000     0.007   14.317      NaN           NaN            NaN      uniform                0.200     0.00
transformer  1000 final     erand   out      0  0.000     1.000    0.004      NaN           NaN            NaN         rule               40.000     0.00
transformer  1000 final     erand   out      9  0.050     1.000    0.005      NaN           NaN            NaN         rule               40.000     0.00
transformer  1000 final     erand   out     12  0.100     0.996    0.050      NaN           NaN            NaN         rule               40.000     0.00
transformer  1000 final     erand   out     12  0.200     0.996    0.050      NaN           NaN            NaN         rule               40.000     0.00
transformer  1000 final     erand   out     27  0.300     0.994    0.134      NaN           NaN            NaN         rule               40.000     0.00
transformer  1000 final     erand   out     41  0.400     0.994    0.219      NaN           NaN            NaN         rule               40.000     0.00
transformer  1000 final     erand   out     43  0.500     0.829    1.114      NaN           NaN            NaN         rule                8.530     0.00
transformer  1000 final     erand   out     47  0.600     0.719    1.439      NaN           NaN            NaN         rule                5.485     0.00
transformer  1000 final     erand   out     56  0.700     0.640    2.330      NaN           NaN            NaN         rule                5.485     0.00
transformer  1000 final     erand   out     64  0.800     0.494    2.952      NaN           NaN            NaN         rule                3.527     0.00
transformer  1000 final     erand   out     74  0.900     0.007    5.004      NaN           NaN            NaN      uniform                0.200     0.00
transformer  1000 final     erand   out     74  0.950     0.007    5.004      NaN           NaN            NaN      uniform                0.200     0.00
transformer  1000 final     erand   out     74  1.000     0.007    5.004      NaN           NaN            NaN      uniform                0.200     0.00
transformer  1000 final     erand   out      0  0.000     1.000    0.004      NaN           NaN            NaN         rule               40.000     0.00
transformer  1000 final     erand   out      9  0.050     1.000    0.005      NaN           NaN            NaN         rule               40.000     0.00
transformer  1000 final     erand   out     11  0.100     0.996    0.056      NaN           NaN            NaN         rule               40.000     0.00
transformer  1000 final     erand   out     12  0.200     0.989    0.141      NaN           NaN            NaN         rule               40.000     0.00
transformer  1000 final     erand   out     12  0.300     0.989    0.141      NaN           NaN            NaN         rule               40.000     0.00
transformer  1000 final     erand   out     31  0.400     0.990    0.185      NaN           NaN            NaN         rule               40.000     0.00
transformer  1000 final     erand   out     45  0.500     0.963    0.560      NaN           NaN            NaN         rule               32.076     0.00
transformer  1000 final     erand   out     55  0.600     0.939    1.024      NaN           NaN            NaN         rule               20.627     0.00
transformer  1000 final     erand   out     57  0.700     0.806    2.166      NaN           NaN            NaN         rule                8.530     0.00
transformer  1000 final     erand   out     62  0.800     0.451    2.893      NaN           NaN            NaN         rule                3.527     0.00
transformer  1000 final     erand   out     74  0.900     0.007    5.004      NaN           NaN            NaN      uniform                0.200     0.00
transformer  1000 final     erand   out     74  0.950     0.007    5.004      NaN           NaN            NaN      uniform                0.200     0.00
transformer  1000 final     erand   out     74  1.000     0.007    5.004      NaN           NaN            NaN      uniform                0.200     0.00
transformer  1000 final     erand   out      0  0.000     1.000    0.004      NaN           NaN            NaN         rule               40.000     0.00
transformer  1000 final     erand   out     10  0.050     1.000    0.005      NaN           NaN            NaN         rule               40.000     0.00
transformer  1000 final     erand   out     21  0.100     1.000    0.007      NaN           NaN            NaN         rule               40.000     0.00
transformer  1000 final     erand   out     24  0.200     0.995    0.065      NaN           NaN            NaN         rule               40.000     0.00
transformer  1000 final     erand   out     30  0.300     0.994    0.093      NaN           NaN            NaN         rule               40.000     0.00
transformer  1000 final     erand   out     31  0.400     0.979    0.324      NaN           NaN            NaN         rule               40.000     0.00
transformer  1000 final     erand   out     39  0.500     0.978    0.427      NaN           NaN            NaN         rule               40.000     0.00
transformer  1000 final     erand   out     46  0.600     0.880    1.247      NaN           NaN            NaN         rule               20.627     0.00
transformer  1000 final     erand   out     53  0.700     0.634    2.810      NaN           NaN            NaN         rule                5.485     0.00
transformer  1000 final     erand   out     54  0.800     0.496    3.023      NaN           NaN            NaN         rule                5.485     0.00
transformer  1000 final     erand   out     59  0.900     0.217    4.278      NaN           NaN            NaN         rule                2.268     0.00
transformer  1000 final     erand   out     66  0.950     0.160    4.446      NaN           NaN            NaN         rule                0.938     0.00
transformer  1000 final     erand   out     74  1.000     0.007    5.004      NaN           NaN            NaN      uniform                0.200     0.00
transformer  1000 final     erand  both      0  0.000     1.000    0.004      NaN           NaN            NaN         rule               40.000     0.00
transformer  1000 final     erand  both     12  0.050     0.811    0.737      NaN           NaN            NaN         rule               10.637     0.00
transformer  1000 final     erand  both     12  0.100     0.811    0.737      NaN           NaN            NaN         rule               10.637     0.00
transformer  1000 final     erand  both     18  0.200     0.767    0.928      NaN           NaN            NaN         rule               10.637     0.00
transformer  1000 final     erand  both     27  0.300     0.757    0.943      NaN           NaN            NaN         rule               10.637     0.00
transformer  1000 final     erand  both     43  0.400     0.118    4.608      NaN           NaN            NaN         rule                0.938     0.00
transformer  1000 final     erand  both     43  0.500     0.122    4.605      NaN           NaN            NaN         rule                0.938     0.00
transformer  1000 final     erand  both     56  0.600     0.056    4.142      NaN           NaN            NaN         rule                0.200     0.00
transformer  1000 final     erand  both     56  0.700     0.055    4.092      NaN           NaN            NaN         rule                0.200     0.00
transformer  1000 final     erand  both     64  0.800     0.011    5.103      NaN           NaN            NaN         rule                0.311     0.00
transformer  1000 final     erand  both     74  0.900     0.007    5.113      NaN           NaN            NaN      uniform                0.200     0.00
transformer  1000 final     erand  both     74  0.950     0.006    5.027      NaN           NaN            NaN  gcm_hamming                0.200     0.00
transformer  1000 final     erand  both     74  1.000     0.007    5.004      NaN           NaN            NaN      uniform                0.200     0.00
transformer  1000 final     erand  both      0  0.000     1.000    0.004      NaN           NaN            NaN         rule               40.000     0.00
transformer  1000 final     erand  both      9  0.050     0.982    0.120      NaN           NaN            NaN         rule               40.000     0.00
transformer  1000 final     erand  both      9  0.100     0.982    0.120      NaN           NaN            NaN         rule               40.000     0.00
transformer  1000 final     erand  both     11  0.200     0.828    0.624      NaN           NaN            NaN         rule               32.076     0.00
transformer  1000 final     erand  both     12  0.300     0.336    3.608      NaN           NaN            NaN         rule                4.398     0.00
transformer  1000 final     erand  both     12  0.400     0.357    3.330      NaN           NaN            NaN         rule                4.398     0.00
transformer  1000 final     erand  both     37  0.500     0.310    2.334      NaN           NaN            NaN         rule                2.268     0.00
transformer  1000 final     erand  both     57  0.600     0.074    3.570      NaN           NaN            NaN         rule                0.200     0.00
transformer  1000 final     erand  both     57  0.700     0.011    5.078      NaN           NaN            NaN         rule                0.200     0.00
transformer  1000 final     erand  both     63  0.800     0.009    4.971      NaN           NaN            NaN  gcm_hamming                0.200     0.00
transformer  1000 final     erand  both     74  0.900     0.008    5.037      NaN           NaN            NaN      uniform                0.200     0.00
transformer  1000 final     erand  both     74  0.950     0.008    5.037      NaN           NaN            NaN      uniform                0.200     0.00
transformer  1000 final     erand  both     74  1.000     0.007    5.004      NaN           NaN            NaN      uniform                0.200     0.00
transformer  1000 final     erand  both      0  0.000     1.000    0.004      NaN           NaN            NaN         rule               40.000     0.00
transformer  1000 final     erand  both     20  0.050     1.000    0.004      NaN           NaN            NaN         rule               40.000     0.00
transformer  1000 final     erand  both     21  0.100     1.000    0.016      NaN           NaN            NaN         rule               40.000     0.00
transformer  1000 final     erand  both     24  0.200     0.517    1.876      NaN           NaN            NaN         rule                3.527     0.00
transformer  1000 final     erand  both     26  0.300     0.544    1.321      NaN           NaN            NaN         rule                4.398     0.00
transformer  1000 final     erand  both     31  0.400     0.192    4.676      NaN           NaN            NaN         rule                1.819     0.00
transformer  1000 final     erand  both     31  0.500     0.136    4.740      NaN           NaN            NaN         rule                1.459     0.00
transformer  1000 final     erand  both     45  0.600     0.026    6.524      NaN           NaN            NaN         rule                0.200     0.00
transformer  1000 final     erand  both     53  0.700     0.011    5.180      NaN           NaN            NaN         rule                0.388     0.00
transformer  1000 final     erand  both     53  0.800     0.011    5.180      NaN           NaN            NaN         rule                0.388     0.00
transformer  1000 final     erand  both     59  0.900     0.005    5.036      NaN           NaN            NaN      uniform                0.388     0.00
transformer  1000 final     erand  both     66  0.950     0.006    5.038      NaN           NaN            NaN      uniform                0.200     0.00
transformer  1000 final     erand  both     74  1.000     0.007    5.004      NaN           NaN            NaN      uniform                0.200     0.00
transformer  1000 final      topk    in     26  0.000     1.000    0.004      NaN           NaN            NaN         rule               40.000     0.00
transformer  1000 final      topk    in     26  0.250     0.999    0.005      NaN           NaN            NaN         rule               40.000     0.00
transformer  1000 final      topk    in     26  0.500     0.999    0.010      NaN           NaN            NaN         rule               40.000     0.00
transformer  1000 final      topk    in     26  0.750     0.934    0.205      NaN           NaN            NaN         rule               20.627     0.00
transformer  1000 final      topk    in     26  1.000     0.007   14.935      NaN           NaN            NaN  gcm_hamming                0.200     0.00
transformer  1000 final      topk   out     27  0.000     1.000    0.004      NaN           NaN            NaN         rule               40.000     0.00
transformer  1000 final      topk   out     27  0.250     1.000    0.018      NaN           NaN            NaN         rule               40.000     0.00
transformer  1000 final      topk   out     27  0.500     0.999    0.124      NaN           NaN            NaN         rule               40.000     0.00
transformer  1000 final      topk   out     27  0.750     0.984    1.090      NaN           NaN            NaN         rule               40.000     0.00
transformer  1000 final      topk   out     27  1.000     0.015    5.003      NaN           NaN            NaN         rule                1.459     0.00
transformer  1000 final      topk  both     26  0.000     1.000    0.004      NaN           NaN            NaN         rule               40.000     0.00
transformer  1000 final      topk  both     26  0.250     0.999    0.021      NaN           NaN            NaN         rule               40.000     0.00
transformer  1000 final      topk  both     26  0.500     0.996    0.157      NaN           NaN            NaN         rule               40.000     0.00
transformer  1000 final      topk  both     26  0.750     0.839    1.525      NaN           NaN            NaN         rule               10.637     0.00
transformer  1000 final      topk  both     26  1.000     0.006    5.139      NaN           NaN            NaN      uniform                0.311     0.00
transformer  1000 final     randk    in     26  0.000     1.000    0.004      NaN           NaN            NaN         rule               40.000     0.00
transformer  1000 final     randk    in     26  0.250     1.000    0.004      NaN           NaN            NaN         rule               40.000     0.00
transformer  1000 final     randk    in     26  0.500     1.000    0.004      NaN           NaN            NaN         rule               40.000     0.00
transformer  1000 final     randk    in     26  0.750     1.000    0.004      NaN           NaN            NaN         rule               40.000     0.00
transformer  1000 final     randk    in     26  1.000     1.000    0.004      NaN           NaN            NaN         rule               40.000     0.00
transformer  1000 final     randk    in     26  0.000     1.000    0.004      NaN           NaN            NaN         rule               40.000     0.00
transformer  1000 final     randk    in     26  0.250     1.000    0.004      NaN           NaN            NaN         rule               40.000     0.00
transformer  1000 final     randk    in     26  0.500     1.000    0.004      NaN           NaN            NaN         rule               40.000     0.00
transformer  1000 final     randk    in     26  0.750     1.000    0.004      NaN           NaN            NaN         rule               40.000     0.00
transformer  1000 final     randk    in     26  1.000     1.000    0.004      NaN           NaN            NaN         rule               40.000     0.00
transformer  1000 final     randk    in     26  0.000     1.000    0.004      NaN           NaN            NaN         rule               40.000     0.00
transformer  1000 final     randk    in     26  0.250     1.000    0.004      NaN           NaN            NaN         rule               40.000     0.00
transformer  1000 final     randk    in     26  0.500     1.000    0.004      NaN           NaN            NaN         rule               40.000     0.00
transformer  1000 final     randk    in     26  0.750     1.000    0.004      NaN           NaN            NaN         rule               40.000     0.00
transformer  1000 final     randk    in     26  1.000     1.000    0.004      NaN           NaN            NaN         rule               40.000     0.00
transformer  1000 final     randk   out     27  0.000     1.000    0.004      NaN           NaN            NaN         rule               40.000     0.00
transformer  1000 final     randk   out     27  0.250     1.000    0.004      NaN           NaN            NaN         rule               40.000     0.00
transformer  1000 final     randk   out     27  0.500     1.000    0.004      NaN           NaN            NaN         rule               40.000     0.00
transformer  1000 final     randk   out     27  0.750     1.000    0.004      NaN           NaN            NaN         rule               40.000     0.00
transformer  1000 final     randk   out     27  1.000     1.000    0.003      NaN           NaN            NaN         rule               40.000     0.00
transformer  1000 final     randk   out     27  0.000     1.000    0.004      NaN           NaN            NaN         rule               40.000     0.00
transformer  1000 final     randk   out     27  0.250     1.000    0.004      NaN           NaN            NaN         rule               40.000     0.00
transformer  1000 final     randk   out     27  0.500     1.000    0.004      NaN           NaN            NaN         rule               40.000     0.00
transformer  1000 final     randk   out     27  0.750     1.000    0.004      NaN           NaN            NaN         rule               40.000     0.00
transformer  1000 final     randk   out     27  1.000     1.000    0.003      NaN           NaN            NaN         rule               40.000     0.00
transformer  1000 final     randk   out     27  0.000     1.000    0.004      NaN           NaN            NaN         rule               40.000     0.00
transformer  1000 final     randk   out     27  0.250     1.000    0.004      NaN           NaN            NaN         rule               40.000     0.00
transformer  1000 final     randk   out     27  0.500     1.000    0.004      NaN           NaN            NaN         rule               40.000     0.00
transformer  1000 final     randk   out     27  0.750     1.000    0.004      NaN           NaN            NaN         rule               40.000     0.00
transformer  1000 final     randk   out     27  1.000     1.000    0.004      NaN           NaN            NaN         rule               40.000     0.00
transformer  1000 final     randk  both     26  0.000     1.000    0.004      NaN           NaN            NaN         rule               40.000     0.00
transformer  1000 final     randk  both     26  0.250     1.000    0.004      NaN           NaN            NaN         rule               40.000     0.00
transformer  1000 final     randk  both     26  0.500     1.000    0.003      NaN           NaN            NaN         rule               40.000     0.00
transformer  1000 final     randk  both     26  0.750     1.000    0.003      NaN           NaN            NaN         rule               40.000     0.00
transformer  1000 final     randk  both     26  1.000     1.000    0.003      NaN           NaN            NaN         rule               40.000     0.00
transformer  1000 final     randk  both     26  0.000     1.000    0.004      NaN           NaN            NaN         rule               40.000     0.00
transformer  1000 final     randk  both     26  0.250     1.000    0.004      NaN           NaN            NaN         rule               40.000     0.00
transformer  1000 final     randk  both     26  0.500     1.000    0.003      NaN           NaN            NaN         rule               40.000     0.00
transformer  1000 final     randk  both     26  0.750     1.000    0.003      NaN           NaN            NaN         rule               40.000     0.00
transformer  1000 final     randk  both     26  1.000     1.000    0.003      NaN           NaN            NaN         rule               40.000     0.00
transformer  1000 final     randk  both     26  0.000     1.000    0.004      NaN           NaN            NaN         rule               40.000     0.00
transformer  1000 final     randk  both     26  0.250     1.000    0.004      NaN           NaN            NaN         rule               40.000     0.00
transformer  1000 final     randk  both     26  0.500     1.000    0.003      NaN           NaN            NaN         rule               40.000     0.00
transformer  1000 final     randk  both     26  0.750     1.000    0.003      NaN           NaN            NaN         rule               40.000     0.00
transformer  1000 final     randk  both     26  1.000     1.000    0.003      NaN           NaN            NaN         rule               40.000     0.00
transformer  1000 final  residual    in     48  0.000     1.000    0.004      NaN           NaN            NaN         rule               40.000     0.00
transformer  1000 final  residual    in     48  0.250     1.000    0.004      NaN           NaN            NaN         rule               40.000     0.00
transformer  1000 final  residual    in     48  0.500     1.000    0.004      NaN           NaN            NaN         rule               40.000     0.00
transformer  1000 final  residual    in     48  0.750     1.000    0.003      NaN           NaN            NaN         rule               40.000     0.00
transformer  1000 final  residual    in     48  1.000     1.000    0.003      NaN           NaN            NaN         rule               40.000     0.00
transformer  1000 final  residual   out     47  0.000     1.000    0.004      NaN           NaN            NaN         rule               40.000     0.00
transformer  1000 final  residual   out     47  0.250     1.000    0.004      NaN           NaN            NaN         rule               40.000     0.00
transformer  1000 final  residual   out     47  0.500     1.000    0.003      NaN           NaN            NaN         rule               40.000     0.00
transformer  1000 final  residual   out     47  0.750     1.000    0.003      NaN           NaN            NaN         rule               40.000     0.00
transformer  1000 final  residual   out     47  1.000     1.000    0.003      NaN           NaN            NaN         rule               40.000     0.00
transformer  1000 final  residual  both     48  0.000     1.000    0.004      NaN           NaN            NaN         rule               40.000     0.00
transformer  1000 final  residual  both     48  0.250     1.000    0.003      NaN           NaN            NaN         rule               40.000     0.00
transformer  1000 final  residual  both     48  0.500     1.000    0.003      NaN           NaN            NaN         rule               40.000     0.00
transformer  1000 final  residual  both     48  0.750     1.000    0.002      NaN           NaN            NaN         rule               40.000     0.00
transformer  1000 final  residual  both     48  1.000     1.000    0.002      NaN           NaN            NaN         rule               40.000     0.00
transformer  1001 final      none     -      0  0.000     0.997    0.013      NaN           NaN            NaN         rule               40.000     0.00
transformer  1001 final   lowpass    in      0  0.000     0.006   12.862      NaN           NaN            NaN  gcm_hamming                0.200     0.00
transformer  1001 final   lowpass    in      1  1.000     0.007   12.374      NaN           NaN            NaN   gcm_linear                0.200     0.00
transformer  1001 final   lowpass    in      2  2.000     0.007   12.245      NaN           NaN            NaN   gcm_linear                0.938     0.00
transformer  1001 final   lowpass    in      3  3.000     0.007   12.127      NaN           NaN            NaN  gcm_hamming                0.388     0.00
transformer  1001 final   lowpass    in      4  4.000     0.007   12.145      NaN           NaN            NaN  gcm_hamming                0.200     0.00
transformer  1001 final   lowpass    in      6  6.000     0.006   11.892      NaN           NaN            NaN   gcm_linear                0.388     0.00
transformer  1001 final   lowpass    in      8  8.000     0.025    6.312      NaN           NaN            NaN         rule                0.938     0.00
transformer  1001 final   lowpass    in     12 12.000     0.108    3.531      NaN           NaN            NaN         rule                0.200     0.00
transformer  1001 final   lowpass    in     16 16.000     0.348    2.576      NaN           NaN            NaN         rule                2.828     0.00
transformer  1001 final   lowpass    in     24 24.000     0.354    2.512      NaN           NaN            NaN         rule                2.828     0.00
transformer  1001 final   lowpass    in     32 32.000     0.676    1.134      NaN           NaN            NaN         rule               40.000     0.00
transformer  1001 final   lowpass    in     48 48.000     0.651    1.372      NaN           NaN            NaN         rule               16.541     0.00
transformer  1001 final   lowpass    in     74 74.000     0.997    0.013      NaN           NaN            NaN         rule               40.000     0.00
transformer  1001 final   lowpass   out      0  0.000     0.007    5.004      NaN           NaN            NaN      uniform                0.200     0.00
transformer  1001 final   lowpass   out      1  1.000     0.009    4.981      NaN           NaN            NaN gcm_circular                2.268     0.00
transformer  1001 final   lowpass   out      2  2.000     0.027    4.826      NaN           NaN            NaN   gcm_linear                2.268     0.00
transformer  1001 final   lowpass   out      3  3.000     0.035    4.806      NaN           NaN            NaN   gcm_linear                2.828     0.00
transformer  1001 final   lowpass   out      4  4.000     0.061    4.690      NaN           NaN            NaN   gcm_linear                2.828     0.00
transformer  1001 final   lowpass   out      6  6.000     0.104    4.482      NaN           NaN            NaN         rule                2.828     0.00
transformer  1001 final   lowpass   out      8  8.000     0.322    3.414      NaN           NaN            NaN         rule                2.828     0.00
transformer  1001 final   lowpass   out     12 12.000     0.703    2.288      NaN           NaN            NaN         rule               10.637     0.00
transformer  1001 final   lowpass   out     16 16.000     0.892    1.455      NaN           NaN            NaN         rule               40.000     0.00
transformer  1001 final   lowpass   out     24 24.000     0.962    0.903      NaN           NaN            NaN         rule               40.000     0.00
transformer  1001 final   lowpass   out     32 32.000     0.988    0.351      NaN           NaN            NaN         rule               40.000     0.00
transformer  1001 final   lowpass   out     48 48.000     0.995    0.143      NaN           NaN            NaN         rule               40.000     0.00
transformer  1001 final   lowpass   out     74 74.000     0.997    0.013      NaN           NaN            NaN         rule               40.000     0.00
transformer  1001 final   lowpass  both      0  0.000     0.007    5.004      NaN           NaN            NaN      uniform                0.200     0.00
transformer  1001 final   lowpass  both      1  1.000     0.007    5.007      NaN           NaN            NaN gcm_circular                0.752     0.00
transformer  1001 final   lowpass  both      2  2.000     0.007    5.031      NaN           NaN            NaN      uniform                0.200     0.00
transformer  1001 final   lowpass  both      3  3.000     0.005    5.031      NaN           NaN            NaN   gcm_linear                0.200     0.00
transformer  1001 final   lowpass  both      4  4.000     0.005    5.036      NaN           NaN            NaN  gcm_hamming                0.200     0.00
transformer  1001 final   lowpass  both      6  6.000     0.006    5.055      NaN           NaN            NaN   gcm_linear                0.388     0.00
transformer  1001 final   lowpass  both      8  8.000     0.029    4.858      NaN           NaN            NaN         rule                0.484     0.00
transformer  1001 final   lowpass  both     12 12.000     0.173    2.841      NaN           NaN            NaN         rule                0.200     0.00
transformer  1001 final   lowpass  both     16 16.000     0.513    1.589      NaN           NaN            NaN         rule                1.170     0.00
transformer  1001 final   lowpass  both     24 24.000     0.520    1.371      NaN           NaN            NaN         rule                1.170     0.00
transformer  1001 final   lowpass  both     32 32.000     0.967    0.344      NaN           NaN            NaN         rule               40.000     0.00
transformer  1001 final   lowpass  both     48 48.000     0.954    0.282      NaN           NaN            NaN         rule               40.000     0.00
transformer  1001 final   lowpass  both     74 74.000     0.997    0.013      NaN           NaN            NaN         rule               40.000     0.00
transformer  1001 final      etop    in      0  0.000     0.997    0.013      NaN           NaN            NaN         rule               40.000     0.00
transformer  1001 final      etop    in      1  0.050     0.874    0.385      NaN           NaN            NaN         rule               13.264     0.00
transformer  1001 final      etop    in      1  0.100     0.874    0.385      NaN           NaN            NaN         rule               13.264     0.00
transformer  1001 final      etop    in      2  0.200     0.588    1.598      NaN           NaN            NaN         rule                8.530     0.00
transformer  1001 final      etop    in      3  0.300     0.409    2.532      NaN           NaN            NaN         rule                3.527     0.00
transformer  1001 final      etop    in      4  0.400     0.216    4.192      NaN           NaN            NaN         rule                1.819     0.00
transformer  1001 final      etop    in      5  0.500     0.090    7.042      NaN           NaN            NaN         rule                1.819     0.00
transformer  1001 final      etop    in      6  0.600     0.028   11.507      NaN           NaN            NaN         rule                0.249     0.00
transformer  1001 final      etop    in      8  0.700     0.028   10.576      NaN           NaN            NaN         rule                0.200     0.00
transformer  1001 final      etop    in     12  0.800     0.010   12.024      NaN           NaN            NaN  gcm_hamming                0.752     0.00
transformer  1001 final      etop    in     29  0.900     0.005   12.094      NaN           NaN            NaN gcm_circular                0.388     0.00
transformer  1001 final      etop    in     49  0.950     0.006   12.107      NaN           NaN            NaN  gcm_hamming                0.200     0.00
transformer  1001 final      etop    in     74  1.000     0.006   12.862      NaN           NaN            NaN  gcm_hamming                0.200     0.00
transformer  1001 final      etop   out      0  0.000     0.997    0.013      NaN           NaN            NaN         rule               40.000     0.00
transformer  1001 final      etop   out      1  0.050     0.996    0.018      NaN           NaN            NaN         rule               40.000     0.00
transformer  1001 final      etop   out      2  0.100     0.996    0.028      NaN           NaN            NaN         rule               40.000     0.00
transformer  1001 final      etop   out      3  0.200     0.996    0.046      NaN           NaN            NaN         rule               40.000     0.00
transformer  1001 final      etop   out      4  0.300     0.996    0.074      NaN           NaN            NaN         rule               40.000     0.00
transformer  1001 final      etop   out      6  0.400     0.990    0.323      NaN           NaN            NaN         rule               40.000     0.00
transformer  1001 final      etop   out      8  0.500     0.988    0.499      NaN           NaN            NaN         rule               40.000     0.00
transformer  1001 final      etop   out     13  0.600     0.979    1.119      NaN           NaN            NaN         rule               40.000     0.00
transformer  1001 final      etop   out     20  0.700     0.921    2.174      NaN           NaN            NaN         rule               16.541     0.00
transformer  1001 final      etop   out     29  0.800     0.476    3.629      NaN           NaN            NaN         rule                4.398     0.00
transformer  1001 final      etop   out     42  0.900     0.104    4.633      NaN           NaN            NaN         rule                1.819     0.00
transformer  1001 final      etop   out     56  0.950     0.029    4.883      NaN           NaN            NaN         rule                0.200     0.00
transformer  1001 final      etop   out     74  1.000     0.007    5.004      NaN           NaN            NaN      uniform                0.200     0.00
transformer  1001 final      etop  both      0  0.000     0.997    0.013      NaN           NaN            NaN         rule               40.000     0.00
transformer  1001 final      etop  both      1  0.050     0.790    0.659      NaN           NaN            NaN         rule               10.637     0.00
transformer  1001 final      etop  both      1  0.100     0.756    0.837      NaN           NaN            NaN         rule               10.637     0.00
transformer  1001 final      etop  both      2  0.200     0.613    1.183      NaN           NaN            NaN         rule               10.637     0.00
transformer  1001 final      etop  both      3  0.300     0.370    2.654      NaN           NaN            NaN         rule                3.527     0.00
transformer  1001 final      etop  both      4  0.400     0.157    4.346      NaN           NaN            NaN         rule                1.459     0.00
transformer  1001 final      etop  both      5  0.500     0.058    5.350      NaN           NaN            NaN         rule                1.170     0.00
transformer  1001 final      etop  both      6  0.600     0.025    5.558      NaN           NaN            NaN         rule                0.388     0.00
transformer  1001 final      etop  both      8  0.700     0.015    5.216      NaN           NaN            NaN         rule                0.484     0.00
transformer  1001 final      etop  both     12  0.800     0.006    5.239      NaN           NaN            NaN      uniform                0.200     0.00
transformer  1001 final      etop  both     29  0.900     0.008    5.106      NaN           NaN            NaN      uniform                0.200     0.00
transformer  1001 final      etop  both     49  0.950     0.007    5.059      NaN           NaN            NaN      uniform                0.200     0.00
transformer  1001 final      etop  both     74  1.000     0.007    5.004      NaN           NaN            NaN      uniform                0.200     0.00
transformer  1001 final   ebottom    in      0  0.000     0.997    0.013      NaN           NaN            NaN         rule               40.000     0.00
transformer  1001 final   ebottom    in     26  0.050     0.998    0.010      NaN           NaN            NaN         rule               40.000     0.00
transformer  1001 final   ebottom    in     46  0.100     0.998    0.006      NaN           NaN            NaN         rule               40.000     0.00
transformer  1001 final   ebottom    in     63  0.200     0.999    0.005      NaN           NaN            NaN         rule               40.000     0.00
transformer  1001 final   ebottom    in     67  0.300     0.995    0.027      NaN           NaN            NaN         rule               40.000     0.00
transformer  1001 final   ebottom    in     69  0.400     0.961    0.192      NaN           NaN            NaN         rule               40.000     0.00
transformer  1001 final   ebottom    in     70  0.500     0.728    0.890      NaN           NaN            NaN         rule               13.264     0.00
transformer  1001 final   ebottom    in     71  0.600     0.519    1.740      NaN           NaN            NaN         rule                5.485     0.00
transformer  1001 final   ebottom    in     72  0.700     0.153    3.626      NaN           NaN            NaN         rule                3.527     0.00
transformer  1001 final   ebottom    in     73  0.800     0.022    6.665      NaN           NaN            NaN  gcm_hamming                0.200     0.00
transformer  1001 final   ebottom    in     74  0.900     0.006   12.862      NaN           NaN            NaN  gcm_hamming                0.200     0.00
transformer  1001 final   ebottom    in     74  0.950     0.006   12.862      NaN           NaN            NaN  gcm_hamming                0.200     0.00
transformer  1001 final   ebottom    in     74  1.000     0.006   12.862      NaN           NaN            NaN  gcm_hamming                0.200     0.00
transformer  1001 final   ebottom   out      0  0.000     0.997    0.013      NaN           NaN            NaN         rule               40.000     0.00
transformer  1001 final   ebottom   out     19  0.050     0.997    0.012      NaN           NaN            NaN         rule               40.000     0.00
transformer  1001 final   ebottom   out     33  0.100     0.997    0.011      NaN           NaN            NaN         rule               40.000     0.00
transformer  1001 final   ebottom   out     46  0.200     0.997    0.012      NaN           NaN            NaN         rule               40.000     0.00
transformer  1001 final   ebottom   out     55  0.300     0.997    0.020      NaN           NaN            NaN         rule               40.000     0.00
transformer  1001 final   ebottom   out     62  0.400     0.998    0.045      NaN           NaN            NaN         rule               40.000     0.00
transformer  1001 final   ebottom   out     67  0.500     0.998    0.111      NaN           NaN            NaN         rule               40.000     0.00
transformer  1001 final   ebottom   out     69  0.600     0.990    0.515      NaN           NaN            NaN         rule               40.000     0.00
transformer  1001 final   ebottom   out     71  0.700     0.834    1.903      NaN           NaN            NaN         rule               13.264     0.00
transformer  1001 final   ebottom   out     72  0.800     0.234    2.940      NaN           NaN            NaN         rule                0.752     0.00
transformer  1001 final   ebottom   out     73  0.900     0.064    3.991      NaN           NaN            NaN         rule                0.200     0.00
transformer  1001 final   ebottom   out     74  0.950     0.007    5.004      NaN           NaN            NaN      uniform                0.200     0.00
transformer  1001 final   ebottom   out     74  1.000     0.007    5.004      NaN           NaN            NaN      uniform                0.200     0.00
transformer  1001 final   ebottom  both      0  0.000     0.997    0.013      NaN           NaN            NaN         rule               40.000     0.00
transformer  1001 final   ebottom  both     26  0.050     0.998    0.009      NaN           NaN            NaN         rule               40.000     0.00
transformer  1001 final   ebottom  both     46  0.100     0.999    0.005      NaN           NaN            NaN         rule               40.000     0.00
transformer  1001 final   ebottom  both     63  0.200     1.000    0.008      NaN           NaN            NaN         rule               40.000     0.00
transformer  1001 final   ebottom  both     67  0.300     0.996    0.059      NaN           NaN            NaN         rule               40.000     0.00
transformer  1001 final   ebottom  both     69  0.400     0.971    0.358      NaN           NaN            NaN         rule               40.000     0.00
transformer  1001 final   ebottom  both     70  0.500     0.779    1.115      NaN           NaN            NaN         rule               16.541     0.00
transformer  1001 final   ebottom  both     71  0.600     0.643    1.820      NaN           NaN            NaN         rule                6.840     0.00
transformer  1001 final   ebottom  both     72  0.700     0.262    2.965      NaN           NaN            NaN         rule                5.485     0.00
transformer  1001 final   ebottom  both     73  0.800     0.007    5.204      NaN           NaN            NaN   gcm_linear                0.200     0.00
transformer  1001 final   ebottom  both     74  0.900     0.007    5.242      NaN           NaN            NaN      uniform                0.200     0.00
transformer  1001 final   ebottom  both     74  0.950     0.007    5.004      NaN           NaN            NaN      uniform                0.200     0.00
transformer  1001 final   ebottom  both     74  1.000     0.007    5.004      NaN           NaN            NaN      uniform                0.200     0.00
transformer  1001 final     erand    in      0  0.000     0.997    0.013      NaN           NaN            NaN         rule               40.000     0.00
transformer  1001 final     erand    in      3  0.050     0.868    0.375      NaN           NaN            NaN         rule               32.076     0.00
transformer  1001 final     erand    in      3  0.100     0.868    0.375      NaN           NaN            NaN         rule               32.076     0.00
transformer  1001 final     erand    in     25  0.200     0.868    0.377      NaN           NaN            NaN         rule               32.076     0.00
transformer  1001 final     erand    in     35  0.300     0.657    1.316      NaN           NaN            NaN         rule                8.530     0.00
transformer  1001 final     erand    in     43  0.400     0.457    2.107      NaN           NaN            NaN         rule                2.828     0.00
transformer  1001 final     erand    in     43  0.500     0.457    2.107      NaN           NaN            NaN         rule                2.828     0.00
transformer  1001 final     erand    in     51  0.600     0.173    3.546      NaN           NaN            NaN         rule                2.268     0.00
transformer  1001 final     erand    in     56  0.700     0.055    7.188      NaN           NaN            NaN         rule                0.200     0.00
transformer  1001 final     erand    in     56  0.800     0.055    7.188      NaN           NaN            NaN         rule                0.200     0.00
transformer  1001 final     erand    in     72  0.900     0.005   12.406      NaN           NaN            NaN  gcm_hamming                0.200     0.00
transformer  1001 final     erand    in     72  0.950     0.005   12.406      NaN           NaN            NaN  gcm_hamming                0.200     0.00
transformer  1001 final     erand    in     74  1.000     0.006   12.862      NaN           NaN            NaN  gcm_hamming                0.200     0.00
transformer  1001 final     erand    in      0  0.000     0.997    0.013      NaN           NaN            NaN         rule               40.000     0.00
transformer  1001 final     erand    in      7  0.050     0.870    0.366      NaN           NaN            NaN         rule               32.076     0.00
transformer  1001 final     erand    in      7  0.100     0.870    0.366      NaN           NaN            NaN         rule               32.076     0.00
transformer  1001 final     erand    in     12  0.200     0.674    1.036      NaN           NaN            NaN         rule               16.541     0.00
transformer  1001 final     erand    in     14  0.300     0.369    2.516      NaN           NaN            NaN         rule                8.530     0.00
transformer  1001 final     erand    in     26  0.400     0.358    2.596      NaN           NaN            NaN         rule                8.530     0.00
transformer  1001 final     erand    in     42  0.500     0.226    3.494      NaN           NaN            NaN         rule                1.819     0.00
transformer  1001 final     erand    in     42  0.600     0.226    3.494      NaN           NaN            NaN         rule                1.819     0.00
transformer  1001 final     erand    in     43  0.700     0.086    5.480      NaN           NaN            NaN         rule                0.200     0.00
transformer  1001 final     erand    in     58  0.800     0.049    6.053      NaN           NaN            NaN         rule                0.200     0.00
transformer  1001 final     erand    in     74  0.900     0.006   12.862      NaN           NaN            NaN  gcm_hamming                0.200     0.00
transformer  1001 final     erand    in     74  0.950     0.006   12.862      NaN           NaN            NaN  gcm_hamming                0.200     0.00
transformer  1001 final     erand    in     74  1.000     0.006   12.862      NaN           NaN            NaN  gcm_hamming                0.200     0.00
transformer  1001 final     erand    in      0  0.000     0.997    0.013      NaN           NaN            NaN         rule               40.000     0.00
transformer  1001 final     erand    in      7  0.050     0.887    0.321      NaN           NaN            NaN         rule               32.076     0.00
transformer  1001 final     erand    in      7  0.100     0.887    0.321      NaN           NaN            NaN         rule               32.076     0.00
transformer  1001 final     erand    in      8  0.200     0.642    1.208      NaN           NaN            NaN         rule                8.530     0.00
transformer  1001 final     erand    in     21  0.300     0.646    1.187      NaN           NaN            NaN         rule                8.530     0.00
transformer  1001 final     erand    in     24  0.400     0.378    2.498      NaN           NaN            NaN         rule                6.840     0.00
transformer  1001 final     erand    in     28  0.500     0.221    4.002      NaN           NaN            NaN         rule                2.268     0.00
transformer  1001 final     erand    in     31  0.600     0.063    6.478      NaN           NaN            NaN         rule                2.268     0.00
transformer  1001 final     erand    in     34  0.700     0.047    7.195      NaN           NaN            NaN         rule                0.603     0.00
transformer  1001 final     erand    in     48  0.800     0.016   11.625      NaN           NaN            NaN         rule                0.752     0.00
transformer  1001 final     erand    in     49  0.900     0.016   11.622      NaN           NaN            NaN         rule                0.752     0.00
transformer  1001 final     erand    in     62  0.950     0.005   11.922      NaN           NaN            NaN   gcm_linear                0.938     0.00
transformer  1001 final     erand    in     74  1.000     0.006   12.862      NaN           NaN            NaN  gcm_hamming                0.200     0.00
transformer  1001 final     erand   out      0  0.000     0.997    0.013      NaN           NaN            NaN         rule               40.000     0.00
transformer  1001 final     erand   out      3  0.050     0.997    0.020      NaN           NaN            NaN         rule               40.000     0.00
transformer  1001 final     erand   out      3  0.100     0.997    0.020      NaN           NaN            NaN         rule               40.000     0.00
transformer  1001 final     erand   out     14  0.200     0.997    0.029      NaN           NaN            NaN         rule               40.000     0.00
transformer  1001 final     erand   out     31  0.300     0.997    0.042      NaN           NaN            NaN         rule               40.000     0.00
transformer  1001 final     erand   out     36  0.400     0.996    0.121      NaN           NaN            NaN         rule               40.000     0.00
transformer  1001 final     erand   out     43  0.500     0.992    0.426      NaN           NaN            NaN         rule               40.000     0.00
transformer  1001 final     erand   out     46  0.600     0.984    0.763      NaN           NaN            NaN         rule               40.000     0.00
transformer  1001 final     erand   out     51  0.700     0.942    1.509      NaN           NaN            NaN         rule               25.722     0.00
transformer  1001 final     erand   out     56  0.800     0.838    2.600      NaN           NaN            NaN         rule               13.264     0.00
transformer  1001 final     erand   out     67  0.900     0.324    3.744      NaN           NaN            NaN         rule                3.527     0.00
transformer  1001 final     erand   out     72  0.950     0.010    4.974      NaN           NaN            NaN         rule                0.200     0.00
transformer  1001 final     erand   out     74  1.000     0.007    5.004      NaN           NaN            NaN      uniform                0.200     0.00
transformer  1001 final     erand   out      0  0.000     0.997    0.013      NaN           NaN            NaN         rule               40.000     0.00
transformer  1001 final     erand   out      7  0.050     0.996    0.020      NaN           NaN            NaN         rule               40.000     0.00
transformer  1001 final     erand   out      7  0.100     0.996    0.020      NaN           NaN            NaN         rule               40.000     0.00
transformer  1001 final     erand   out     12  0.200     0.996    0.034      NaN           NaN            NaN         rule               40.000     0.00
transformer  1001 final     erand   out     15  0.300     0.996    0.077      NaN           NaN            NaN         rule               40.000     0.00
transformer  1001 final     erand   out     26  0.400     0.995    0.150      NaN           NaN            NaN         rule               40.000     0.00
transformer  1001 final     erand   out     36  0.500     0.995    0.321      NaN           NaN            NaN         rule               40.000     0.00
transformer  1001 final     erand   out     42  0.600     0.982    0.928      NaN           NaN            NaN         rule               40.000     0.00
transformer  1001 final     erand   out     43  0.700     0.949    1.704      NaN           NaN            NaN         rule               25.722     0.00
transformer  1001 final     erand   out     58  0.800     0.699    2.876      NaN           NaN            NaN         rule                8.530     0.00
transformer  1001 final     erand   out     69  0.900     0.164    3.824      NaN           NaN            NaN         rule                1.819     0.00
transformer  1001 final     erand   out     74  0.950     0.007    5.004      NaN           NaN            NaN      uniform                0.200     0.00
transformer  1001 final     erand   out     74  1.000     0.007    5.004      NaN           NaN            NaN      uniform                0.200     0.00
transformer  1001 final     erand   out      0  0.000     0.997    0.013      NaN           NaN            NaN         rule               40.000     0.00
transformer  1001 final     erand   out      7  0.050     0.997    0.018      NaN           NaN            NaN         rule               40.000     0.00
transformer  1001 final     erand   out      7  0.100     0.997    0.018      NaN           NaN            NaN         rule               40.000     0.00
transformer  1001 final     erand   out     10  0.200     0.996    0.028      NaN           NaN            NaN         rule               40.000     0.00
transformer  1001 final     erand   out     20  0.300     0.995    0.074      NaN           NaN            NaN         rule               40.000     0.00
transformer  1001 final     erand   out     24  0.400     0.994    0.175      NaN           NaN            NaN         rule               40.000     0.00
transformer  1001 final     erand   out     30  0.500     0.993    0.325      NaN           NaN            NaN         rule               40.000     0.00
transformer  1001 final     erand   out     34  0.600     0.989    0.918      NaN           NaN            NaN         rule               40.000     0.00
transformer  1001 final     erand   out     48  0.700     0.892    2.308      NaN           NaN            NaN         rule               10.637     0.00
transformer  1001 final     erand   out     51  0.800     0.849    2.739      NaN           NaN            NaN         rule                8.530     0.00
transformer  1001 final     erand   out     61  0.900     0.395    3.946      NaN           NaN            NaN         rule                4.398     0.00
transformer  1001 final     erand   out     67  0.950     0.059    4.727      NaN           NaN            NaN         rule                0.200     0.00
transformer  1001 final     erand   out     74  1.000     0.007    5.004      NaN           NaN            NaN      uniform                0.200     0.00
transformer  1001 final     erand  both      0  0.000     0.997    0.013      NaN           NaN            NaN         rule               40.000     0.00
transformer  1001 final     erand  both      3  0.050     0.860    0.421      NaN           NaN            NaN         rule               25.722     0.00
transformer  1001 final     erand  both      3  0.100     0.852    0.475      NaN           NaN            NaN         rule               25.722     0.00
transformer  1001 final     erand  both     25  0.200     0.788    0.686      NaN           NaN            NaN         rule               20.627     0.00
transformer  1001 final     erand  both     35  0.300     0.605    1.646      NaN           NaN            NaN         rule                6.840     0.00
transformer  1001 final     erand  both     43  0.400     0.359    2.795      NaN           NaN            NaN         rule                1.819     0.00
transformer  1001 final     erand  both     43  0.500     0.285    3.355      NaN           NaN            NaN         rule                2.268     0.00
transformer  1001 final     erand  both     51  0.600     0.071    5.027      NaN           NaN            NaN         rule                0.603     0.00
transformer  1001 final     erand  both     56  0.700     0.030    5.802      NaN           NaN            NaN         rule                0.200     0.00
transformer  1001 final     erand  both     56  0.800     0.007    5.183      NaN           NaN            NaN      uniform                0.200     0.00
transformer  1001 final     erand  both     72  0.900     0.006    5.031      NaN           NaN            NaN   gcm_linear                0.200     0.00
transformer  1001 final     erand  both     72  0.950     0.006    5.031      NaN           NaN            NaN   gcm_linear                0.200     0.00
transformer  1001 final     erand  both     74  1.000     0.007    5.004      NaN           NaN            NaN      uniform                0.200     0.00
transformer  1001 final     erand  both      0  0.000     0.997    0.013      NaN           NaN            NaN         rule               40.000     0.00
transformer  1001 final     erand  both      7  0.050     0.853    0.408      NaN           NaN            NaN         rule               25.722     0.00
transformer  1001 final     erand  both      7  0.100     0.830    0.484      NaN           NaN            NaN         rule               25.722     0.00
transformer  1001 final     erand  both     12  0.200     0.639    1.099      NaN           NaN            NaN         rule               16.541     0.00
transformer  1001 final     erand  both     14  0.300     0.337    2.527      NaN           NaN            NaN         rule                8.530     0.00
transformer  1001 final     erand  both     26  0.400     0.347    2.452      NaN           NaN            NaN         rule                8.530     0.00
transformer  1001 final     erand  both     42  0.500     0.285    2.512      NaN           NaN            NaN         rule                2.268     0.00
transformer  1001 final     erand  both     42  0.600     0.126    3.708      NaN           NaN            NaN         rule                1.170     0.00
transformer  1001 final     erand  both     43  0.700     0.058    3.996      NaN           NaN            NaN         rule                0.200     0.00
transformer  1001 final     erand  both     58  0.800     0.009    5.169      NaN           NaN            NaN      uniform                0.200     0.00
transformer  1001 final     erand  both     74  0.900     0.006    5.594      NaN           NaN            NaN  gcm_hamming                0.200     0.00
transformer  1001 final     erand  both     74  0.950     0.007    5.004      NaN           NaN            NaN      uniform                0.200     0.00
transformer  1001 final     erand  both     74  1.000     0.007    5.004      NaN           NaN            NaN      uniform                0.200     0.00
transformer  1001 final     erand  both      0  0.000     0.997    0.013      NaN           NaN            NaN         rule               40.000     0.00
transformer  1001 final     erand  both      7  0.050     0.861    0.419      NaN           NaN            NaN         rule               25.722     0.00
transformer  1001 final     erand  both      7  0.100     0.857    0.433      NaN           NaN            NaN         rule               25.722     0.00
transformer  1001 final     erand  both      8  0.200     0.744    0.788      NaN           NaN            NaN         rule               10.637     0.00
transformer  1001 final     erand  both     21  0.300     0.688    1.027      NaN           NaN            NaN         rule                8.530     0.00
transformer  1001 final     erand  both     24  0.400     0.390    2.169      NaN           NaN            NaN         rule                6.840     0.00
transformer  1001 final     erand  both     28  0.500     0.178    3.823      NaN           NaN            NaN         rule                1.819     0.00
transformer  1001 final     erand  both     31  0.600     0.025    5.884      NaN           NaN            NaN         rule                0.752     0.00
transformer  1001 final     erand  both     34  0.700     0.020    5.810      NaN           NaN            NaN  gcm_hamming                0.249     0.00
transformer  1001 final     erand  both     48  0.800     0.009    5.497      NaN           NaN            NaN      uniform                0.200     0.00
transformer  1001 final     erand  both     49  0.900     0.007    5.145      NaN           NaN            NaN      uniform                0.200     0.00
transformer  1001 final     erand  both     62  0.950     0.008    5.075      NaN           NaN            NaN  gcm_hamming                0.200     0.00
transformer  1001 final     erand  both     74  1.000     0.007    5.004      NaN           NaN            NaN      uniform                0.200     0.00
transformer  1001 final      topk    in     29  0.000     0.997    0.013      NaN           NaN            NaN         rule               40.000     0.00
transformer  1001 final      topk    in     29  0.250     0.996    0.020      NaN           NaN            NaN         rule               40.000     0.00
transformer  1001 final      topk    in     29  0.500     0.987    0.063      NaN           NaN            NaN         rule               40.000     0.00
transformer  1001 final      topk    in     29  0.750     0.550    2.272      NaN           NaN            NaN         rule                5.485     0.00
transformer  1001 final      topk    in     29  1.000     0.005   12.094      NaN           NaN            NaN gcm_circular                0.388     0.00
transformer  1001 final      topk   out     42  0.000     0.997    0.013      NaN           NaN            NaN         rule               40.000     0.00
transformer  1001 final      topk   out     42  0.250     0.997    0.021      NaN           NaN            NaN         rule               40.000     0.00
transformer  1001 final      topk   out     42  0.500     0.997    0.109      NaN           NaN            NaN         rule               40.000     0.00
transformer  1001 final      topk   out     42  0.750     0.995    1.125      NaN           NaN            NaN         rule               40.000     0.00
transformer  1001 final      topk   out     42  1.000     0.104    4.633      NaN           NaN            NaN         rule                1.819     0.00
transformer  1001 final      topk  both     29  0.000     0.997    0.013      NaN           NaN            NaN         rule               40.000     0.00
transformer  1001 final      topk  both     29  0.250     0.996    0.028      NaN           NaN            NaN         rule               40.000     0.00
transformer  1001 final      topk  both     29  0.500     0.984    0.170      NaN           NaN            NaN         rule               40.000     0.00
transformer  1001 final      topk  both     29  0.750     0.488    2.510      NaN           NaN            NaN         rule                4.398     0.00
transformer  1001 final      topk  both     29  1.000     0.006    5.238      NaN           NaN            NaN      uniform                0.200     0.00
transformer  1001 final     randk    in     29  0.000     0.997    0.013      NaN           NaN            NaN         rule               40.000     0.00
transformer  1001 final     randk    in     29  0.250     0.998    0.011      NaN           NaN            NaN         rule               40.000     0.00
transformer  1001 final     randk    in     29  0.500     0.998    0.010      NaN           NaN            NaN         rule               40.000     0.00
transformer  1001 final     randk    in     29  0.750     0.998    0.009      NaN           NaN            NaN         rule               40.000     0.00
transformer  1001 final     randk    in     29  1.000     0.998    0.008      NaN           NaN            NaN         rule               40.000     0.00
transformer  1001 final     randk    in     29  0.000     0.997    0.013      NaN           NaN            NaN         rule               40.000     0.00
transformer  1001 final     randk    in     29  0.250     0.998    0.011      NaN           NaN            NaN         rule               40.000     0.00
transformer  1001 final     randk    in     29  0.500     0.998    0.010      NaN           NaN            NaN         rule               40.000     0.00
transformer  1001 final     randk    in     29  0.750     0.998    0.009      NaN           NaN            NaN         rule               40.000     0.00
transformer  1001 final     randk    in     29  1.000     0.998    0.008      NaN           NaN            NaN         rule               40.000     0.00
transformer  1001 final     randk    in     29  0.000     0.997    0.013      NaN           NaN            NaN         rule               40.000     0.00
transformer  1001 final     randk    in     29  0.250     0.997    0.011      NaN           NaN            NaN         rule               40.000     0.00
transformer  1001 final     randk    in     29  0.500     0.998    0.010      NaN           NaN            NaN         rule               40.000     0.00
transformer  1001 final     randk    in     29  0.750     0.998    0.009      NaN           NaN            NaN         rule               40.000     0.00
transformer  1001 final     randk    in     29  1.000     0.998    0.009      NaN           NaN            NaN         rule               40.000     0.00
transformer  1001 final     randk   out     32  0.000     0.997    0.013      NaN           NaN            NaN         rule               40.000     0.00
transformer  1001 final     randk   out     32  0.250     0.997    0.012      NaN           NaN            NaN         rule               40.000     0.00
transformer  1001 final     randk   out     32  0.500     0.997    0.012      NaN           NaN            NaN         rule               40.000     0.00
transformer  1001 final     randk   out     32  0.750     0.997    0.011      NaN           NaN            NaN         rule               40.000     0.00
transformer  1001 final     randk   out     32  1.000     0.997    0.011      NaN           NaN            NaN         rule               40.000     0.00
transformer  1001 final     randk   out     32  0.000     0.997    0.013      NaN           NaN            NaN         rule               40.000     0.00
transformer  1001 final     randk   out     32  0.250     0.997    0.012      NaN           NaN            NaN         rule               40.000     0.00
transformer  1001 final     randk   out     32  0.500     0.997    0.012      NaN           NaN            NaN         rule               40.000     0.00
transformer  1001 final     randk   out     32  0.750     0.997    0.011      NaN           NaN            NaN         rule               40.000     0.00
transformer  1001 final     randk   out     32  1.000     0.997    0.011      NaN           NaN            NaN         rule               40.000     0.00
transformer  1001 final     randk   out     32  0.000     0.997    0.013      NaN           NaN            NaN         rule               40.000     0.00
transformer  1001 final     randk   out     32  0.250     0.997    0.012      NaN           NaN            NaN         rule               40.000     0.00
transformer  1001 final     randk   out     32  0.500     0.997    0.012      NaN           NaN            NaN         rule               40.000     0.00
transformer  1001 final     randk   out     32  0.750     0.997    0.011      NaN           NaN            NaN         rule               40.000     0.00
transformer  1001 final     randk   out     32  1.000     0.997    0.011      NaN           NaN            NaN         rule               40.000     0.00
transformer  1001 final     randk  both     29  0.000     0.997    0.013      NaN           NaN            NaN         rule               40.000     0.00
transformer  1001 final     randk  both     29  0.250     0.998    0.011      NaN           NaN            NaN         rule               40.000     0.00
transformer  1001 final     randk  both     29  0.500     0.998    0.009      NaN           NaN            NaN         rule               40.000     0.00
transformer  1001 final     randk  both     29  0.750     0.998    0.008      NaN           NaN            NaN         rule               40.000     0.00
transformer  1001 final     randk  both     29  1.000     0.998    0.008      NaN           NaN            NaN         rule               40.000     0.00
transformer  1001 final     randk  both     29  0.000     0.997    0.013      NaN           NaN            NaN         rule               40.000     0.00
transformer  1001 final     randk  both     29  0.250     0.998    0.011      NaN           NaN            NaN         rule               40.000     0.00
transformer  1001 final     randk  both     29  0.500     0.998    0.009      NaN           NaN            NaN         rule               40.000     0.00
transformer  1001 final     randk  both     29  0.750     0.998    0.008      NaN           NaN            NaN         rule               40.000     0.00
transformer  1001 final     randk  both     29  1.000     0.998    0.008      NaN           NaN            NaN         rule               40.000     0.00
transformer  1001 final     randk  both     29  0.000     0.997    0.013      NaN           NaN            NaN         rule               40.000     0.00
transformer  1001 final     randk  both     29  0.250     0.998    0.011      NaN           NaN            NaN         rule               40.000     0.00
transformer  1001 final     randk  both     29  0.500     0.998    0.010      NaN           NaN            NaN         rule               40.000     0.00
transformer  1001 final     randk  both     29  0.750     0.998    0.009      NaN           NaN            NaN         rule               40.000     0.00
transformer  1001 final     randk  both     29  1.000     0.998    0.009      NaN           NaN            NaN         rule               40.000     0.00
transformer  1001 final  residual    in     45  0.000     0.997    0.013      NaN           NaN            NaN         rule               40.000     0.00
transformer  1001 final  residual    in     45  0.250     0.998    0.010      NaN           NaN            NaN         rule               40.000     0.00
transformer  1001 final  residual    in     45  0.500     0.998    0.008      NaN           NaN            NaN         rule               40.000     0.00
transformer  1001 final  residual    in     45  0.750     0.998    0.007      NaN           NaN            NaN         rule               40.000     0.00
transformer  1001 final  residual    in     45  1.000     0.998    0.007      NaN           NaN            NaN         rule               40.000     0.00
transformer  1001 final  residual   out     32  0.000     0.997    0.013      NaN           NaN            NaN         rule               40.000     0.00
transformer  1001 final  residual   out     32  0.250     0.997    0.012      NaN           NaN            NaN         rule               40.000     0.00
transformer  1001 final  residual   out     32  0.500     0.997    0.012      NaN           NaN            NaN         rule               40.000     0.00
transformer  1001 final  residual   out     32  0.750     0.997    0.011      NaN           NaN            NaN         rule               40.000     0.00
transformer  1001 final  residual   out     32  1.000     0.997    0.011      NaN           NaN            NaN         rule               40.000     0.00
transformer  1001 final  residual  both     45  0.000     0.997    0.013      NaN           NaN            NaN         rule               40.000     0.00
transformer  1001 final  residual  both     45  0.250     0.998    0.010      NaN           NaN            NaN         rule               40.000     0.00
transformer  1001 final  residual  both     45  0.500     0.998    0.008      NaN           NaN            NaN         rule               40.000     0.00
transformer  1001 final  residual  both     45  0.750     0.999    0.007      NaN           NaN            NaN         rule               40.000     0.00
transformer  1001 final  residual  both     45  1.000     0.999    0.007      NaN           NaN            NaN         rule               40.000     0.00
transformer  1002 final      none     -      0  0.000     1.000    0.004      NaN           NaN            NaN         rule               40.000     0.00
transformer  1002 final   lowpass    in      0  0.000     0.007   11.198      NaN           NaN            NaN  gcm_hamming                0.200     0.00
transformer  1002 final   lowpass    in      1  1.000     0.014   12.780      NaN           NaN            NaN gcm_circular                3.527     0.00
transformer  1002 final   lowpass    in      2  2.000     0.015   12.496      NaN           NaN            NaN gcm_circular                3.527     0.00
transformer  1002 final   lowpass    in      3  3.000     0.012   12.690      NaN           NaN            NaN gcm_circular                2.828     0.00
transformer  1002 final   lowpass    in      4  4.000     0.012   12.731      NaN           NaN            NaN gcm_circular                2.828     0.00
transformer  1002 final   lowpass    in      6  6.000     0.012   12.904      NaN           NaN            NaN gcm_circular                2.828     0.00
transformer  1002 final   lowpass    in      8  8.000     0.011   12.965      NaN           NaN            NaN gcm_circular                2.268     0.00
transformer  1002 final   lowpass    in     12 12.000     0.011   12.958      NaN           NaN            NaN gcm_circular                2.268     0.00
transformer  1002 final   lowpass    in     16 16.000     0.011   12.825      NaN           NaN            NaN gcm_circular                2.268     0.00
transformer  1002 final   lowpass    in     24 24.000     0.008   12.911      NaN           NaN            NaN gcm_circular                2.268     0.00
transformer  1002 final   lowpass    in     32 32.000     0.127    5.935      NaN           NaN            NaN         rule                1.819     0.00
transformer  1002 final   lowpass    in     48 48.000     0.126    6.022      NaN           NaN            NaN         rule                1.819     0.00
transformer  1002 final   lowpass    in     74 74.000     1.000    0.004      NaN           NaN            NaN         rule               40.000     0.00
transformer  1002 final   lowpass   out      0  0.000     0.007    5.004      NaN           NaN            NaN      uniform                0.200     0.00
transformer  1002 final   lowpass   out      1  1.000     0.021    4.869      NaN           NaN            NaN gcm_circular                5.485     0.00
transformer  1002 final   lowpass   out      2  2.000     0.031    4.786      NaN           NaN            NaN gcm_circular                5.485     0.00
transformer  1002 final   lowpass   out      3  3.000     0.056    4.663      NaN           NaN            NaN gcm_circular                6.840     0.00
transformer  1002 final   lowpass   out      4  4.000     0.050    4.666      NaN           NaN            NaN gcm_circular                5.485     0.00
transformer  1002 final   lowpass   out      6  6.000     0.079    4.560      NaN           NaN            NaN gcm_circular                5.485     0.00
transformer  1002 final   lowpass   out      8  8.000     0.069    4.565      NaN           NaN            NaN gcm_circular                5.485     0.00
transformer  1002 final   lowpass   out     12 12.000     0.096    4.414      NaN           NaN            NaN gcm_circular                5.485     0.00
transformer  1002 final   lowpass   out     16 16.000     0.344    3.968      NaN           NaN            NaN         rule                6.840     0.00
transformer  1002 final   lowpass   out     24 24.000     0.678    3.064      NaN           NaN            NaN         rule               10.637     0.00
transformer  1002 final   lowpass   out     32 32.000     0.860    1.865      NaN           NaN            NaN         rule               16.541     0.00
transformer  1002 final   lowpass   out     48 48.000     0.880    1.379      NaN           NaN            NaN         rule               16.541     0.00
transformer  1002 final   lowpass   out     74 74.000     1.000    0.004      NaN           NaN            NaN         rule               40.000     0.00
transformer  1002 final   lowpass  both      0  0.000     0.007    5.004      NaN           NaN            NaN      uniform                0.200     0.00
transformer  1002 final   lowpass  both      1  1.000     0.022    4.655      NaN           NaN            NaN gcm_circular                6.840     0.00
transformer  1002 final   lowpass  both      2  2.000     0.019    4.702      NaN           NaN            NaN gcm_circular                4.398     0.00
transformer  1002 final   lowpass  both      3  3.000     0.017    4.782      NaN           NaN            NaN gcm_circular                3.527     0.00
transformer  1002 final   lowpass  both      4  4.000     0.016    4.781      NaN           NaN            NaN gcm_circular                3.527     0.00
transformer  1002 final   lowpass  both      6  6.000     0.014    4.816      NaN           NaN            NaN gcm_circular                3.527     0.00
transformer  1002 final   lowpass  both      8  8.000     0.015    4.851      NaN           NaN            NaN gcm_circular                3.527     0.00
transformer  1002 final   lowpass  both     12 12.000     0.012    4.890      NaN           NaN            NaN gcm_circular                3.527     0.00
transformer  1002 final   lowpass  both     16 16.000     0.013    4.957      NaN           NaN            NaN gcm_circular                3.527     0.00
transformer  1002 final   lowpass  both     24 24.000     0.012    5.232      NaN           NaN            NaN gcm_circular                2.828     0.00
transformer  1002 final   lowpass  both     32 32.000     0.169    2.972      NaN           NaN            NaN         rule                1.459     0.00
transformer  1002 final   lowpass  both     48 48.000     0.164    3.100      NaN           NaN            NaN         rule                1.459     0.00
transformer  1002 final   lowpass  both     74 74.000     1.000    0.004      NaN           NaN            NaN         rule               40.000     0.00
transformer  1002 final      etop    in      0  0.000     1.000    0.004      NaN           NaN            NaN         rule               40.000     0.00
transformer  1002 final      etop    in      1  0.050     0.622    1.174      NaN           NaN            NaN         rule               32.076     0.00
transformer  1002 final      etop    in      1  0.100     0.622    1.174      NaN           NaN            NaN         rule               32.076     0.00
transformer  1002 final      etop    in      2  0.200     0.442    2.230      NaN           NaN            NaN         rule               20.627     0.00
transformer  1002 final      etop    in      3  0.300     0.343    2.919      NaN           NaN            NaN         rule                4.398     0.00
transformer  1002 final      etop    in      4  0.400     0.235    4.239      NaN           NaN            NaN         rule                1.459     0.00
transformer  1002 final      etop    in      4  0.500     0.235    4.239      NaN           NaN            NaN         rule                1.459     0.00
transformer  1002 final      etop    in      5  0.600     0.119    6.206      NaN           NaN            NaN         rule                1.459     0.00
transformer  1002 final      etop    in      7  0.700     0.016   11.182      NaN           NaN            NaN gcm_circular                1.819     0.00
transformer  1002 final      etop    in     11  0.800     0.006   13.145      NaN           NaN            NaN  gcm_hamming                0.200     0.00
transformer  1002 final      etop    in     27  0.900     0.008   13.499      NaN           NaN            NaN  gcm_hamming                0.200     0.00
transformer  1002 final      etop    in     47  0.950     0.006   13.620      NaN           NaN            NaN  gcm_hamming                0.200     0.00
transformer  1002 final      etop    in     74  1.000     0.007   11.198      NaN           NaN            NaN  gcm_hamming                0.200     0.00
transformer  1002 final      etop   out      0  0.000     1.000    0.004      NaN           NaN            NaN         rule               40.000     0.00
transformer  1002 final      etop   out      1  0.050     0.978    0.120      NaN           NaN            NaN         rule               40.000     0.00
transformer  1002 final      etop   out      1  0.100     0.978    0.120      NaN           NaN            NaN         rule               40.000     0.00
transformer  1002 final      etop   out      2  0.200     0.976    0.158      NaN           NaN            NaN         rule               40.000     0.00
transformer  1002 final      etop   out      3  0.300     0.941    0.389      NaN           NaN            NaN         rule               40.000     0.00
transformer  1002 final      etop   out      4  0.400     0.910    0.735      NaN           NaN            NaN         rule               20.627     0.00
transformer  1002 final      etop   out      5  0.500     0.869    1.243      NaN           NaN            NaN         rule               16.541     0.00
transformer  1002 final      etop   out      6  0.600     0.806    1.832      NaN           NaN            NaN         rule               13.264     0.00
transformer  1002 final      etop   out     11  0.700     0.687    2.634      NaN           NaN            NaN         rule                8.530     0.00
transformer  1002 final      etop   out     20  0.800     0.361    3.841      NaN           NaN            NaN         rule                3.527     0.00
transformer  1002 final      etop   out     33  0.900     0.033    4.917      NaN           NaN            NaN         rule                1.819     0.00
transformer  1002 final      etop   out     49  0.950     0.018    5.030      NaN           NaN            NaN         rule                1.170     0.00
transformer  1002 final      etop   out     74  1.000     0.007    5.004      NaN           NaN            NaN      uniform                0.200     0.00
transformer  1002 final      etop  both      0  0.000     1.000    0.004      NaN           NaN            NaN         rule               40.000     0.00
transformer  1002 final      etop  both      1  0.050     0.813    0.480      NaN           NaN            NaN         rule               40.000     0.00
transformer  1002 final      etop  both      1  0.100     0.813    0.480      NaN           NaN            NaN         rule               40.000     0.00
transformer  1002 final      etop  both      2  0.200     0.478    1.416      NaN           NaN            NaN         rule               20.627     0.00
transformer  1002 final      etop  both      3  0.300     0.348    2.091      NaN           NaN            NaN         rule                2.828     0.00
transformer  1002 final      etop  both      4  0.400     0.298    2.246      NaN           NaN            NaN         rule                1.819     0.00
transformer  1002 final      etop  both      4  0.500     0.219    3.029      NaN           NaN            NaN         rule                1.170     0.00
transformer  1002 final      etop  both      5  0.600     0.080    4.411      NaN           NaN            NaN         rule                1.459     0.00
transformer  1002 final      etop  both      7  0.700     0.010    5.335      NaN           NaN            NaN gcm_circular                1.819     0.00
transformer  1002 final      etop  both     11  0.800     0.006    5.301      NaN           NaN            NaN  gcm_hamming                0.388     0.00
transformer  1002 final      etop  both     27  0.900     0.007    5.138      NaN           NaN            NaN  gcm_hamming                0.200     0.00
transformer  1002 final      etop  both     47  0.950     0.007    5.063      NaN           NaN            NaN  gcm_hamming                0.200     0.00
transformer  1002 final      etop  both     74  1.000     0.007    5.004      NaN           NaN            NaN      uniform                0.200     0.00
transformer  1002 final   ebottom    in      0  0.000     1.000    0.004      NaN           NaN            NaN         rule               40.000     0.00
transformer  1002 final   ebottom    in     28  0.050     1.000    0.003      NaN           NaN            NaN         rule               40.000     0.00
transformer  1002 final   ebottom    in     48  0.100     1.000    0.003      NaN           NaN            NaN         rule               40.000     0.00
transformer  1002 final   ebottom    in     64  0.200     1.000    0.003      NaN           NaN            NaN         rule               40.000     0.00
transformer  1002 final   ebottom    in     68  0.300     0.999    0.011      NaN           NaN            NaN         rule               40.000     0.00
transformer  1002 final   ebottom    in     70  0.400     0.847    0.428      NaN           NaN            NaN         rule               10.637     0.00
transformer  1002 final   ebottom    in     71  0.500     0.581    1.185      NaN           NaN            NaN         rule                6.840     0.00
transformer  1002 final   ebottom    in     71  0.600     0.581    1.185      NaN           NaN            NaN         rule                6.840     0.00
transformer  1002 final   ebottom    in     72  0.700     0.249    2.503      NaN           NaN            NaN         rule                0.938     0.00
transformer  1002 final   ebottom    in     73  0.800     0.044    5.129      NaN           NaN            NaN         rule                0.200     0.00
transformer  1002 final   ebottom    in     74  0.900     0.007   11.198      NaN           NaN            NaN  gcm_hamming                0.200     0.00
transformer  1002 final   ebottom    in     74  0.950     0.007   11.198      NaN           NaN            NaN  gcm_hamming                0.200     0.00
transformer  1002 final   ebottom    in     74  1.000     0.007   11.198      NaN           NaN            NaN  gcm_hamming                0.200     0.00
transformer  1002 final   ebottom   out      0  0.000     1.000    0.004      NaN           NaN            NaN         rule               40.000     0.00
transformer  1002 final   ebottom   out     26  0.050     1.000    0.003      NaN           NaN            NaN         rule               40.000     0.00
transformer  1002 final   ebottom   out     42  0.100     1.000    0.003      NaN           NaN            NaN         rule               40.000     0.00
transformer  1002 final   ebottom   out     55  0.200     1.000    0.004      NaN           NaN            NaN         rule               40.000     0.00
transformer  1002 final   ebottom   out     64  0.300     1.000    0.010      NaN           NaN            NaN         rule               40.000     0.00
transformer  1002 final   ebottom   out     69  0.400     1.000    0.064      NaN           NaN            NaN         rule               40.000     0.00
transformer  1002 final   ebottom   out     70  0.500     0.987    0.392      NaN           NaN            NaN         rule               40.000     0.00
transformer  1002 final   ebottom   out     71  0.600     0.852    1.132      NaN           NaN            NaN         rule               10.637     0.00
transformer  1002 final   ebottom   out     72  0.700     0.544    2.258      NaN           NaN            NaN         rule                6.840     0.00
transformer  1002 final   ebottom   out     73  0.800     0.085    3.466      NaN           NaN            NaN         rule                0.200     0.00
transformer  1002 final   ebottom   out     74  0.900     0.007    5.004      NaN           NaN            NaN      uniform                0.200     0.00
transformer  1002 final   ebottom   out     74  0.950     0.007    5.004      NaN           NaN            NaN      uniform                0.200     0.00
transformer  1002 final   ebottom   out     74  1.000     0.007    5.004      NaN           NaN            NaN      uniform                0.200     0.00
transformer  1002 final   ebottom  both      0  0.000     1.000    0.004      NaN           NaN            NaN         rule               40.000     0.00
transformer  1002 final   ebottom  both     28  0.050     1.000    0.002      NaN           NaN            NaN         rule               40.000     0.00
transformer  1002 final   ebottom  both     48  0.100     1.000    0.002      NaN           NaN            NaN         rule               40.000     0.00
transformer  1002 final   ebottom  both     64  0.200     1.000    0.005      NaN           NaN            NaN         rule               40.000     0.00
transformer  1002 final   ebottom  both     68  0.300     0.999    0.037      NaN           NaN            NaN         rule               40.000     0.00
transformer  1002 final   ebottom  both     70  0.400     0.884    0.481      NaN           NaN            NaN         rule               13.264     0.00
transformer  1002 final   ebottom  both     71  0.500     0.761    1.101      NaN           NaN            NaN         rule               10.637     0.00
transformer  1002 final   ebottom  both     71  0.600     0.409    2.178      NaN           NaN            NaN         rule                2.268     0.00
transformer  1002 final   ebottom  both     72  0.700     0.075    3.544      NaN           NaN            NaN         rule                0.200     0.00
transformer  1002 final   ebottom  both     73  0.800     0.066    3.584      NaN           NaN            NaN         rule                0.200     0.00
transformer  1002 final   ebottom  both     74  0.900     0.007    5.004      NaN           NaN            NaN      uniform                0.200     0.00
transformer  1002 final   ebottom  both     74  0.950     0.007    5.004      NaN           NaN            NaN      uniform                0.200     0.00
transformer  1002 final   ebottom  both     74  1.000     0.007    5.004      NaN           NaN            NaN      uniform                0.200     0.00
transformer  1002 final     erand    in      0  0.000     1.000    0.004      NaN           NaN            NaN         rule               40.000     0.00
transformer  1002 final     erand    in      1  0.050     0.993    0.037      NaN           NaN            NaN         rule               40.000     0.00
transformer  1002 final     erand    in      2  0.100     0.992    0.037      NaN           NaN            NaN         rule               40.000     0.00
transformer  1002 final     erand    in     12  0.200     0.895    0.289      NaN           NaN            NaN         rule               13.264     0.00
transformer  1002 final     erand    in     19  0.300     0.697    0.870      NaN           NaN            NaN         rule               10.637     0.00
transformer  1002 final     erand    in     23  0.400     0.434    1.860      NaN           NaN            NaN         rule                3.527     0.00
transformer  1002 final     erand    in     23  0.500     0.434    1.860      NaN           NaN            NaN         rule                3.527     0.00
transformer  1002 final     erand    in     26  0.600     0.132    4.582      NaN           NaN            NaN         rule                3.527     0.00
transformer  1002 final     erand    in     43  0.700     0.056    5.406      NaN           NaN            NaN         rule                0.200     0.00
transformer  1002 final     erand    in     48  0.800     0.007    9.774      NaN           NaN            NaN  gcm_hamming                0.200     0.00
transformer  1002 final     erand    in     48  0.900     0.007    9.774      NaN           NaN            NaN  gcm_hamming                0.200     0.00
transformer  1002 final     erand    in     63  0.950     0.009    9.546      NaN           NaN            NaN  gcm_hamming                0.200     0.00
transformer  1002 final     erand    in     74  1.000     0.007   11.198      NaN           NaN            NaN  gcm_hamming                0.200     0.00
transformer  1002 final     erand    in      0  0.000     1.000    0.004      NaN           NaN            NaN         rule               40.000     0.00
transformer  1002 final     erand    in     10  0.050     0.635    1.126      NaN           NaN            NaN         rule               32.076     0.00
transformer  1002 final     erand    in     10  0.100     0.635    1.126      NaN           NaN            NaN         rule               32.076     0.00
transformer  1002 final     erand    in     12  0.200     0.613    1.211      NaN           NaN            NaN         rule               32.076     0.00
transformer  1002 final     erand    in     16  0.300     0.588    1.418      NaN           NaN            NaN         rule               20.627     0.00
transformer  1002 final     erand    in     31  0.400     0.551    1.601      NaN           NaN            NaN         rule               20.627     0.00
transformer  1002 final     erand    in     48  0.500     0.382    2.365      NaN           NaN            NaN         rule                4.398     0.00
transformer  1002 final     erand    in     51  0.600     0.423    1.853      NaN           NaN            NaN         rule                4.398     0.00
transformer  1002 final     erand    in     56  0.700     0.195    2.999      NaN           NaN            NaN         rule                5.485     0.00
transformer  1002 final     erand    in     57  0.800     0.046    4.612      NaN           NaN            NaN         rule                0.388     0.00
transformer  1002 final     erand    in     67  0.900     0.006   13.396      NaN           NaN            NaN  gcm_hamming                0.200     0.00
transformer  1002 final     erand    in     67  0.950     0.006   13.396      NaN           NaN            NaN  gcm_hamming                0.200     0.00
transformer  1002 final     erand    in     74  1.000     0.007   11.198      NaN           NaN            NaN  gcm_hamming                0.200     0.00
transformer  1002 final     erand    in      0  0.000     1.000    0.004      NaN           NaN            NaN         rule               40.000     0.00
transformer  1002 final     erand    in     12  0.050     0.994    0.035      NaN           NaN            NaN         rule               40.000     0.00
transformer  1002 final     erand    in     12  0.100     0.994    0.035      NaN           NaN            NaN         rule               40.000     0.00
transformer  1002 final     erand    in     27  0.200     0.813    0.496      NaN           NaN            NaN         rule               13.264     0.00
transformer  1002 final     erand    in     31  0.300     0.698    0.764      NaN           NaN            NaN         rule               10.637     0.00
transformer  1002 final     erand    in     42  0.400     0.539    1.555      NaN           NaN            NaN         rule                6.840     0.00
transformer  1002 final     erand    in     47  0.500     0.533    1.609      NaN           NaN            NaN         rule                6.840     0.00
transformer  1002 final     erand    in     53  0.600     0.275    2.465      NaN           NaN            NaN         rule                6.840     0.00
transformer  1002 final     erand    in     64  0.700     0.063    5.776      NaN           NaN            NaN         rule                2.828     0.00
transformer  1002 final     erand    in     64  0.800     0.063    5.776      NaN           NaN            NaN         rule                2.828     0.00
transformer  1002 final     erand    in     68  0.900     0.008   13.156      NaN           NaN            NaN  gcm_hamming                0.200     0.00
transformer  1002 final     erand    in     68  0.950     0.008   13.156      NaN           NaN            NaN  gcm_hamming                0.200     0.00
transformer  1002 final     erand    in     74  1.000     0.007   11.198      NaN           NaN            NaN  gcm_hamming                0.200     0.00
transformer  1002 final     erand   out      0  0.000     1.000    0.004      NaN           NaN            NaN         rule               40.000     0.00
transformer  1002 final     erand   out      1  0.050     0.999    0.015      NaN           NaN            NaN         rule               40.000     0.00
transformer  1002 final     erand   out      6  0.100     0.999    0.016      NaN           NaN            NaN         rule               40.000     0.00
transformer  1002 final     erand   out     13  0.200     0.995    0.071      NaN           NaN            NaN         rule               40.000     0.00
transformer  1002 final     erand   out     19  0.300     0.970    0.311      NaN           NaN            NaN         rule               32.076     0.00
transformer  1002 final     erand   out     23  0.400     0.924    0.692      NaN           NaN            NaN         rule               16.541     0.00
transformer  1002 final     erand   out     26  0.500     0.857    1.352      NaN           NaN            NaN         rule               13.264     0.00
transformer  1002 final     erand   out     31  0.600     0.831    1.593      NaN           NaN            NaN         rule               10.637     0.00
transformer  1002 final     erand   out     46  0.700     0.695    2.250      NaN           NaN            NaN         rule                6.840     0.00
transformer  1002 final     erand   out     48  0.800     0.455    3.731      NaN           NaN            NaN         rule                4.398     0.00
transformer  1002 final     erand   out     62  0.900     0.381    4.012      NaN           NaN            NaN         rule                4.398     0.00
transformer  1002 final     erand   out     68  0.950     0.078    4.618      NaN           NaN            NaN         rule                1.459     0.00
transformer  1002 final     erand   out     74  1.000     0.007    5.004      NaN           NaN            NaN      uniform                0.200     0.00
transformer  1002 final     erand   out      0  0.000     1.000    0.004      NaN           NaN            NaN         rule               40.000     0.00
transformer  1002 final     erand   out     10  0.050     0.977    0.140      NaN           NaN            NaN         rule               40.000     0.00
transformer  1002 final     erand   out     10  0.100     0.977    0.140      NaN           NaN            NaN         rule               40.000     0.00
transformer  1002 final     erand   out     11  0.200     0.977    0.140      NaN           NaN            NaN         rule               40.000     0.00
transformer  1002 final     erand   out     16  0.300     0.972    0.232      NaN           NaN            NaN         rule               40.000     0.00
transformer  1002 final     erand   out     25  0.400     0.971    0.256      NaN           NaN            NaN         rule               40.000     0.00
transformer  1002 final     erand   out     40  0.500     0.956    0.472      NaN           NaN            NaN         rule               40.000     0.00
transformer  1002 final     erand   out     48  0.600     0.905    1.148      NaN           NaN            NaN         rule               16.541     0.00
transformer  1002 final     erand   out     56  0.700     0.525    2.486      NaN           NaN            NaN         rule                8.530     0.00
transformer  1002 final     erand   out     57  0.800     0.266    3.374      NaN           NaN            NaN         rule                2.828     0.00
transformer  1002 final     erand   out     67  0.900     0.019    4.878      NaN           NaN            NaN         rule                0.200     0.00
transformer  1002 final     erand   out     67  0.950     0.019    4.878      NaN           NaN            NaN         rule                0.200     0.00
transformer  1002 final     erand   out     74  1.000     0.007    5.004      NaN           NaN            NaN      uniform                0.200     0.00
transformer  1002 final     erand   out      0  0.000     1.000    0.004      NaN           NaN            NaN         rule               40.000     0.00
transformer  1002 final     erand   out     11  0.050     1.000    0.004      NaN           NaN            NaN         rule               40.000     0.00
transformer  1002 final     erand   out     12  0.100     0.999    0.016      NaN           NaN            NaN         rule               40.000     0.00
transformer  1002 final     erand   out     21  0.200     1.000    0.021      NaN           NaN            NaN         rule               40.000     0.00
transformer  1002 final     erand   out     27  0.300     0.990    0.125      NaN           NaN            NaN         rule               40.000     0.00
transformer  1002 final     erand   out     38  0.400     0.988    0.187      NaN           NaN            NaN         rule               40.000     0.00
transformer  1002 final     erand   out     42  0.500     0.974    0.561      NaN           NaN            NaN         rule               40.000     0.00
transformer  1002 final     erand   out     53  0.600     0.904    1.208      NaN           NaN            NaN         rule               25.722     0.00
transformer  1002 final     erand   out     64  0.700     0.623    2.812      NaN           NaN            NaN         rule                6.840     0.00
transformer  1002 final     erand   out     66  0.800     0.458    3.052      NaN           NaN            NaN         rule                3.527     0.00
transformer  1002 final     erand   out     68  0.900     0.059    4.688      NaN           NaN            NaN         rule                0.484     0.00
transformer  1002 final     erand   out     68  0.950     0.059    4.688      NaN           NaN            NaN         rule                0.484     0.00
transformer  1002 final     erand   out     74  1.000     0.007    5.004      NaN           NaN            NaN      uniform                0.200     0.00
transformer  1002 final     erand  both      0  0.000     1.000    0.004      NaN           NaN            NaN         rule               40.000     0.00
transformer  1002 final     erand  both      1  0.050     0.979    0.109      NaN           NaN            NaN         rule               40.000     0.00
transformer  1002 final     erand  both      2  0.100     0.979    0.109      NaN           NaN            NaN         rule               40.000     0.00
transformer  1002 final     erand  both     12  0.200     0.831    0.482      NaN           NaN            NaN         rule                8.530     0.00
transformer  1002 final     erand  both     19  0.300     0.669    1.138      NaN           NaN            NaN         rule                6.840     0.00
transformer  1002 final     erand  both     23  0.400     0.260    2.905      NaN           NaN            NaN         rule                4.398     0.00
transformer  1002 final     erand  both     23  0.500     0.133    4.265      NaN           NaN            NaN         rule                1.459     0.00
transformer  1002 final     erand  both     26  0.600     0.081    4.446      NaN           NaN            NaN         rule                2.268     0.00
transformer  1002 final     erand  both     43  0.700     0.028    5.024      NaN           NaN            NaN         rule                0.200     0.00
transformer  1002 final     erand  both     48  0.800     0.006    5.653      NaN           NaN            NaN  gcm_hamming                0.200     0.00
transformer  1002 final     erand  both     48  0.900     0.006    5.066      NaN           NaN            NaN  gcm_hamming                0.200     0.00
transformer  1002 final     erand  both     63  0.950     0.007    5.049      NaN           NaN            NaN   gcm_linear                0.200     0.00
transformer  1002 final     erand  both     74  1.000     0.007    5.004      NaN           NaN            NaN      uniform                0.200     0.00
transformer  1002 final     erand  both      0  0.000     1.000    0.004      NaN           NaN            NaN         rule               40.000     0.00
transformer  1002 final     erand  both     10  0.050     0.548    1.582      NaN           NaN            NaN         rule               25.722     0.00
transformer  1002 final     erand  both     10  0.100     0.548    1.582      NaN           NaN            NaN         rule               25.722     0.00
transformer  1002 final     erand  both     12  0.200     0.517    1.684      NaN           NaN            NaN         rule               25.722     0.00
transformer  1002 final     erand  both     16  0.300     0.420    2.522      NaN           NaN            NaN gcm_circular               20.627     0.00
transformer  1002 final     erand  both     31  0.400     0.424    2.495      NaN           NaN            NaN gcm_circular               20.627     0.00
transformer  1002 final     erand  both     48  0.500     0.214    3.511      NaN           NaN            NaN         rule                2.268     0.00
transformer  1002 final     erand  both     51  0.600     0.224    3.509      NaN           NaN            NaN         rule                2.268     0.00
transformer  1002 final     erand  both     56  0.700     0.038    4.748      NaN           NaN            NaN         rule                0.388     0.00
transformer  1002 final     erand  both     57  0.800     0.009    5.228      NaN           NaN            NaN  gcm_hamming                0.200     0.00
transformer  1002 final     erand  both     67  0.900     0.007    5.359      NaN           NaN            NaN      uniform                0.484     0.00
transformer  1002 final     erand  both     67  0.950     0.006    5.239      NaN           NaN            NaN      uniform                0.603     0.00
transformer  1002 final     erand  both     74  1.000     0.007    5.004      NaN           NaN            NaN      uniform                0.200     0.00
transformer  1002 final     erand  both      0  0.000     1.000    0.004      NaN           NaN            NaN         rule               40.000     0.00
transformer  1002 final     erand  both     12  0.050     0.993    0.037      NaN           NaN            NaN         rule               40.000     0.00
transformer  1002 final     erand  both     12  0.100     0.995    0.038      NaN           NaN            NaN         rule               40.000     0.00
transformer  1002 final     erand  both     27  0.200     0.909    0.324      NaN           NaN            NaN         rule               20.627     0.00
transformer  1002 final     erand  both     31  0.300     0.686    1.020      NaN           NaN            NaN         rule               10.637     0.00
transformer  1002 final     erand  both     42  0.400     0.398    2.259      NaN           NaN            NaN         rule                6.840     0.00
transformer  1002 final     erand  both     47  0.500     0.217    3.574      NaN           NaN            NaN         rule                2.268     0.00
transformer  1002 final     erand  both     53  0.600     0.047    4.783      NaN           NaN            NaN gcm_circular                3.527     0.00
transformer  1002 final     erand  both     64  0.700     0.018    5.440      NaN           NaN            NaN         rule                1.459     0.00
transformer  1002 final     erand  both     64  0.800     0.011    5.350      NaN           NaN            NaN gcm_circular                0.603     0.00
transformer  1002 final     erand  both     68  0.900     0.007    5.004      NaN           NaN            NaN      uniform                0.200     0.00
transformer  1002 final     erand  both     68  0.950     0.007    5.004      NaN           NaN            NaN      uniform                0.200     0.00
transformer  1002 final     erand  both     74  1.000     0.007    5.004      NaN           NaN            NaN      uniform                0.200     0.00
transformer  1002 final      topk    in     27  0.000     1.000    0.004      NaN           NaN            NaN         rule               40.000     0.00
transformer  1002 final      topk    in     27  0.250     1.000    0.005      NaN           NaN            NaN         rule               40.000     0.00
transformer  1002 final      topk    in     27  0.500     0.999    0.011      NaN           NaN            NaN         rule               40.000     0.00
transformer  1002 final      topk    in     27  0.750     0.902    0.313      NaN           NaN            NaN         rule               20.627     0.00
transformer  1002 final      topk    in     27  1.000     0.008   13.499      NaN           NaN            NaN  gcm_hamming                0.200     0.00
transformer  1002 final      topk   out     33  0.000     1.000    0.004      NaN           NaN            NaN         rule               40.000     0.00
transformer  1002 final      topk   out     33  0.250     1.000    0.017      NaN           NaN            NaN         rule               40.000     0.00
transformer  1002 final      topk   out     33  0.500     1.000    0.124      NaN           NaN            NaN         rule               40.000     0.00
transformer  1002 final      topk   out     33  0.750     0.989    1.126      NaN           NaN            NaN         rule               40.000     0.00
transformer  1002 final      topk   out     33  1.000     0.033    4.917      NaN           NaN            NaN         rule                1.819     0.00
transformer  1002 final      topk  both     27  0.000     1.000    0.004      NaN           NaN            NaN         rule               40.000     0.00
transformer  1002 final      topk  both     27  0.250     1.000    0.019      NaN           NaN            NaN         rule               40.000     0.00
transformer  1002 final      topk  both     27  0.500     0.997    0.158      NaN           NaN            NaN         rule               40.000     0.00
transformer  1002 final      topk  both     27  0.750     0.800    1.588      NaN           NaN            NaN         rule               10.637     0.00
transformer  1002 final      topk  both     27  1.000     0.006    5.209      NaN           NaN            NaN  gcm_hamming                0.388     0.00
transformer  1002 final     randk    in     27  0.000     1.000    0.004      NaN           NaN            NaN         rule               40.000     0.00
transformer  1002 final     randk    in     27  0.250     1.000    0.003      NaN           NaN            NaN         rule               40.000     0.00
transformer  1002 final     randk    in     27  0.500     1.000    0.003      NaN           NaN            NaN         rule               40.000     0.00
transformer  1002 final     randk    in     27  0.750     1.000    0.003      NaN           NaN            NaN         rule               40.000     0.00
transformer  1002 final     randk    in     27  1.000     1.000    0.003      NaN           NaN            NaN         rule               40.000     0.00
transformer  1002 final     randk    in     27  0.000     1.000    0.004      NaN           NaN            NaN         rule               40.000     0.00
transformer  1002 final     randk    in     27  0.250     1.000    0.003      NaN           NaN            NaN         rule               40.000     0.00
transformer  1002 final     randk    in     27  0.500     1.000    0.003      NaN           NaN            NaN         rule               40.000     0.00
transformer  1002 final     randk    in     27  0.750     1.000    0.003      NaN           NaN            NaN         rule               40.000     0.00
transformer  1002 final     randk    in     27  1.000     1.000    0.003      NaN           NaN            NaN         rule               40.000     0.00
transformer  1002 final     randk    in     27  0.000     1.000    0.004      NaN           NaN            NaN         rule               40.000     0.00
transformer  1002 final     randk    in     27  0.250     1.000    0.003      NaN           NaN            NaN         rule               40.000     0.00
transformer  1002 final     randk    in     27  0.500     1.000    0.003      NaN           NaN            NaN         rule               40.000     0.00
transformer  1002 final     randk    in     27  0.750     1.000    0.003      NaN           NaN            NaN         rule               40.000     0.00
transformer  1002 final     randk    in     27  1.000     1.000    0.003      NaN           NaN            NaN         rule               40.000     0.00
transformer  1002 final     randk   out     33  0.000     1.000    0.004      NaN           NaN            NaN         rule               40.000     0.00
transformer  1002 final     randk   out     33  0.250     1.000    0.003      NaN           NaN            NaN         rule               40.000     0.00
transformer  1002 final     randk   out     33  0.500     1.000    0.003      NaN           NaN            NaN         rule               40.000     0.00
transformer  1002 final     randk   out     33  0.750     1.000    0.003      NaN           NaN            NaN         rule               40.000     0.00
transformer  1002 final     randk   out     33  1.000     1.000    0.003      NaN           NaN            NaN         rule               40.000     0.00
transformer  1002 final     randk   out     33  0.000     1.000    0.004      NaN           NaN            NaN         rule               40.000     0.00
transformer  1002 final     randk   out     33  0.250     1.000    0.003      NaN           NaN            NaN         rule               40.000     0.00
transformer  1002 final     randk   out     33  0.500     1.000    0.003      NaN           NaN            NaN         rule               40.000     0.00
transformer  1002 final     randk   out     33  0.750     1.000    0.003      NaN           NaN            NaN         rule               40.000     0.00
transformer  1002 final     randk   out     33  1.000     1.000    0.003      NaN           NaN            NaN         rule               40.000     0.00
transformer  1002 final     randk   out     33  0.000     1.000    0.004      NaN           NaN            NaN         rule               40.000     0.00
transformer  1002 final     randk   out     33  0.250     1.000    0.003      NaN           NaN            NaN         rule               40.000     0.00
transformer  1002 final     randk   out     33  0.500     1.000    0.003      NaN           NaN            NaN         rule               40.000     0.00
transformer  1002 final     randk   out     33  0.750     1.000    0.003      NaN           NaN            NaN         rule               40.000     0.00
transformer  1002 final     randk   out     33  1.000     1.000    0.003      NaN           NaN            NaN         rule               40.000     0.00
transformer  1002 final     randk  both     27  0.000     1.000    0.004      NaN           NaN            NaN         rule               40.000     0.00
transformer  1002 final     randk  both     27  0.250     1.000    0.003      NaN           NaN            NaN         rule               40.000     0.00
transformer  1002 final     randk  both     27  0.500     1.000    0.003      NaN           NaN            NaN         rule               40.000     0.00
transformer  1002 final     randk  both     27  0.750     1.000    0.003      NaN           NaN            NaN         rule               40.000     0.00
transformer  1002 final     randk  both     27  1.000     1.000    0.002      NaN           NaN            NaN         rule               40.000     0.00
transformer  1002 final     randk  both     27  0.000     1.000    0.004      NaN           NaN            NaN         rule               40.000     0.00
transformer  1002 final     randk  both     27  0.250     1.000    0.003      NaN           NaN            NaN         rule               40.000     0.00
transformer  1002 final     randk  both     27  0.500     1.000    0.003      NaN           NaN            NaN         rule               40.000     0.00
transformer  1002 final     randk  both     27  0.750     1.000    0.002      NaN           NaN            NaN         rule               40.000     0.00
transformer  1002 final     randk  both     27  1.000     1.000    0.002      NaN           NaN            NaN         rule               40.000     0.00
transformer  1002 final     randk  both     27  0.000     1.000    0.004      NaN           NaN            NaN         rule               40.000     0.00
transformer  1002 final     randk  both     27  0.250     1.000    0.003      NaN           NaN            NaN         rule               40.000     0.00
transformer  1002 final     randk  both     27  0.500     1.000    0.003      NaN           NaN            NaN         rule               40.000     0.00
transformer  1002 final     randk  both     27  0.750     1.000    0.003      NaN           NaN            NaN         rule               40.000     0.00
transformer  1002 final     randk  both     27  1.000     1.000    0.003      NaN           NaN            NaN         rule               40.000     0.00
transformer  1002 final  residual    in     47  0.000     1.000    0.004      NaN           NaN            NaN         rule               40.000     0.00
transformer  1002 final  residual    in     47  0.250     1.000    0.003      NaN           NaN            NaN         rule               40.000     0.00
transformer  1002 final  residual    in     47  0.500     1.000    0.003      NaN           NaN            NaN         rule               40.000     0.00
transformer  1002 final  residual    in     47  0.750     1.000    0.003      NaN           NaN            NaN         rule               40.000     0.00
transformer  1002 final  residual    in     47  1.000     1.000    0.003      NaN           NaN            NaN         rule               40.000     0.00
transformer  1002 final  residual   out     41  0.000     1.000    0.004      NaN           NaN            NaN         rule               40.000     0.00
transformer  1002 final  residual   out     41  0.250     1.000    0.003      NaN           NaN            NaN         rule               40.000     0.00
transformer  1002 final  residual   out     41  0.500     1.000    0.003      NaN           NaN            NaN         rule               40.000     0.00
transformer  1002 final  residual   out     41  0.750     1.000    0.003      NaN           NaN            NaN         rule               40.000     0.00
transformer  1002 final  residual   out     41  1.000     1.000    0.003      NaN           NaN            NaN         rule               40.000     0.00
transformer  1002 final  residual  both     47  0.000     1.000    0.004      NaN           NaN            NaN         rule               40.000     0.00
transformer  1002 final  residual  both     47  0.250     1.000    0.003      NaN           NaN            NaN         rule               40.000     0.00
transformer  1002 final  residual  both     47  0.500     1.000    0.002      NaN           NaN            NaN         rule               40.000     0.00
transformer  1002 final  residual  both     47  0.750     1.000    0.002      NaN           NaN            NaN         rule               40.000     0.00
transformer  1002 final  residual  both     47  1.000     1.000    0.002      NaN           NaN            NaN         rule               40.000     0.00
